Affymetrix ID,Gene Symbol,RefSeq,P value (Middle/Young),Ratio (Middle/Young),P value (Old/Young),Ratio (Old/Young),P value (Senescent/Young),Ratio (Senescent/Young)
7960919,MFAP5,NM_003480,1.06E-03,2.7,1.92E-04,3.71,1.91E-09,83.25
7953200,CCND2,NM_001759,4.91E-03,1.53,2.02E-09,8.29,1.45E-11,37.04
7934979,ANKRD1,NM_014391,1.24E-03,4.73,6.79E-05,10.51,3.73E-06,34.55
7981084,SERPINA9,NM_175739,5.60E-04,1.95,2.53E-07,4.89,4.28E-10,22.72
8112198,ACTBL2,NM_001017992,4.05E-02,1.31,7.15E-05,2.12,1.54E-10,16.71
7905503,LCE2C,NM_178429,2.58E-01,1.26,2.14E-05,4.12,5.16E-08,16.62
8126853,C6orf138,NM_001013732,5.03E-02,1.27,2.08E-07,3.39,7.29E-11,15.53
8092726,CLDN1,NM_021101,1.55E-09,3.98,2.31E-11,8.31,7.87E-12,13.39
7961514,MGP,NM_000900,1.37E-02,0.75,1.35E-01,0.84,4.92E-11,13.29
8056343,COBLL1,NM_014900,2.90E-02,1.53,3.99E-04,2.45,3.23E-08,13.01
8092541,LIPH,NM_139248,2.29E-02,1.42,1.05E-03,1.85,2.32E-09,12.43
8116921,EDN1,NM_001955,1.28E-08,2.63,8.58E-11,4.93,1.94E-12,11.72
8180352,,---,1.88E-03,1.22,6.15E-02,1.12,3.91E-14,11.45
8124307,CMAH,NR_002174,1.43E-02,1.49,3.65E-04,2.07,5.62E-09,11.07
8025402,ANGPTL4,NM_139314,1.67E-01,1.22,6.99E-05,2.35,5.13E-09,10.57
8116780,DSP,NM_004415,1.33E-09,3.63,6.02E-11,6.05,9.52E-12,10.53
8135763,WNT16,NM_057168,2.11E-02,1.69,2.38E-04,2.98,3.80E-07,10.5
7938741,KCNC1,S56770,3.10E-01,1.1,7.67E-01,1.03,6.72E-11,10.26
8114970,C5orf46,NM_206966,8.25E-02,1.19,1.80E-03,1.47,1.28E-10,8.79
8108744,PCDHB14,NM_018934,1.06E-05,3.06,2.44E-07,5.57,6.58E-08,8.71
8154135,SLC1A1,NM_004170,5.23E-06,2.93,1.10E-07,5.22,1.96E-08,8.66
8081407,ZPLD1,NM_175056,7.35E-01,1.03,2.50E-02,1.26,7.51E-11,8.58
7962212,PKP2,NM_004572,9.80E-01,1,1.79E-01,1.13,5.64E-11,7.45
7939052,FIBIN,NM_203371,6.09E-01,1.14,7.04E-03,2.39,2.77E-05,7.16
8145766,MST131,ENST00000423322,4.08E-08,1.78,3.89E-10,2.53,2.27E-13,7.04
8057004,PDE11A,NM_001077197,3.21E-01,1.07,2.95E-02,1.2,2.17E-11,7.02
8037267,PSG2,NM_031246,7.48E-03,1.59,4.13E-03,1.73,1.15E-07,6.82
7970763,FLT1,NM_002019,5.37E-09,4.81,2.87E-09,5.89,4.18E-09,6.81
7905505,LCE2B,NM_014357,2.24E-01,1.2,2.52E-04,2.22,1.37E-07,6.69
7908072,LAMC2,NM_005562,4.25E-01,1.16,1.27E-03,2.19,1.39E-06,6.32
8157487,PAPPA,NM_002581,6.91E-01,1.09,4.12E-03,2.13,6.14E-06,6.2
7989985,ITGA11,NM_001004439,5.40E-01,0.8,1.21E-01,1.88,1.03E-03,6.19
8056837,GPR155,NM_001033045,6.44E-04,1.77,7.88E-06,2.7,4.32E-08,6.11
7934997,PPP1R3C,NM_005398,2.70E-02,1.44,6.24E-05,2.52,2.14E-07,6.09
8122860,MYCT1,NM_025107,1.57E-01,1.4,8.77E-03,2.11,2.14E-05,6.05
8112668,GCNT4,NM_016591,1.12E-02,2.68,4.76E-03,3.38,7.30E-04,5.88
8111255,CDH10,NM_006727,9.47E-01,1.01,9.35E-01,1.01,7.69E-10,5.82
8105084,C7,NM_000587,7.16E-03,1.76,8.61E-06,3.94,2.25E-06,5.75
8113666,SEMA6A,NM_020796,2.09E-07,1.93,2.98E-10,3.49,2.57E-11,5.59
8155754,MAMDC2,NM_153267,3.80E-06,2.36,1.14E-07,3.58,1.54E-08,5.52
8140971,SAMD9L,NM_152703,2.92E-07,2.4,7.52E-09,3.66,1.27E-09,5.45
8131803,IL6,NM_000600,6.21E-03,1.58,4.88E-07,4.17,2.78E-07,5.37
8111387,ADAMTS12,NM_030955,6.60E-02,1.49,4.92E-04,2.69,1.40E-05,5.17
7942941,CCDC81,NM_001156474,9.33E-04,2.01,3.94E-05,2.95,1.94E-06,5.15
7970793,SLC46A3,NM_181785,4.84E-05,1.76,1.81E-06,2.32,4.75E-09,5.03
7938035,TRIM22,NM_006074,1.34E-05,2.4,1.34E-07,4.26,1.59E-07,4.93
7896709,,---,7.46E-01,1.07,2.08E-01,1.31,1.60E-05,4.91
7922343,TNFSF4,NM_003326,1.70E-04,2.29,7.54E-07,4.67,1.85E-06,4.87
8083978,NAALADL2,NM_207015,1.83E-04,1.61,1.61E-06,2.31,5.26E-09,4.82
8131600,TSPAN13,NM_014399,2.22E-01,1.13,1.72E-04,1.74,1.37E-08,4.74
8023401,CCDC68,NM_025214,3.12E-01,1.45,1.76E-01,1.71,3.11E-03,4.68
7966026,NUAK1,NM_014840,7.88E-01,1.05,1.37E-03,2.08,4.91E-06,4.67
8108713,PCDHB8,NM_019120,9.33E-03,1.42,8.56E-04,1.7,8.08E-08,4.66
8059376,SERPINE2,NM_001136529,3.62E-01,1.17,1.58E-04,2.6,4.87E-06,4.66
7909789,TGFB2,NM_001135599,6.59E-01,0.9,3.95E-02,1.82,1.86E-04,4.63
7926545,PLXDC2,NM_032812,2.67E-02,0.63,9.80E-01,1.01,1.39E-05,4.61
7905507,LCE2A,NM_178428,3.98E-03,1.73,3.40E-05,2.89,3.54E-06,4.44
7918064,COL11A1,NM_001854,2.35E-02,1.26,8.07E-06,2.02,8.34E-09,4.43
8067955,CXADR,NM_001338,1.01E-02,0.69,8.53E-01,1.03,3.42E-07,4.43
8123864,TFAP2A,NM_003220,2.00E-10,4.7,1.18E-10,5.65,2.86E-09,4.35
8075483,PIK3IP1,NM_052880,4.08E-03,1.5,1.14E-04,1.98,1.74E-07,4.29
7938746,MRGPRX4,NM_054032,1.09E-01,1.15,5.94E-01,1.05,4.68E-09,4.28
8108737,PCDHB13,NM_018933,1.19E-05,2.48,6.62E-07,3.62,6.05E-07,4.27
7922976,PTGS2,NM_000963,7.32E-03,2,1.84E-01,1.38,1.08E-04,4.26
8107909,SLC22A4,NM_003059,1.35E-03,1.54,1.85E-05,2.13,6.75E-08,4.23
8083779,SERPINI1,NM_001122752,1.59E-01,1.12,8.10E-02,1.16,1.62E-09,4.22
8015210,KRTAP2-4,NM_033184,1.21E-03,1.84,5.96E-05,2.54,2.93E-06,4.13
8019576,KRTAP2-4,NM_033184,1.21E-03,1.84,5.96E-05,2.54,2.93E-06,4.13
7926127,CUGBP2,NM_001025077,7.22E-02,1.2,3.59E-03,1.44,2.98E-08,4.11
7968417,FRY,NM_023037,1.47E-02,1.77,3.93E-04,2.83,7.31E-05,4.1
7943562,ELMOD1,NM_018712,5.97E-02,0.9,1.91E-03,1.25,3.70E-11,4.07
8015208,KRTAP2-1,NM_001123387,2.43E-03,1.76,8.05E-05,2.53,4.29E-06,4.07
8015206,KRTAP2-1,NM_001123387,2.20E-03,1.77,7.93E-05,2.52,4.07E-06,4.07
8139488,IGFBP3,NM_001013398,2.02E-02,2.02,1.83E-02,2.15,8.72E-04,3.98
8101366,SCD5,NM_001037582,2.49E-03,1.72,5.52E-04,2.03,3.38E-06,3.95
7960947,A2M,NM_000014,4.07E-02,1.32,4.70E-01,1.1,6.29E-07,3.94
8112615,ENC1,NM_003633,1.12E-02,1.31,1.12E-05,2,3.15E-08,3.85
8095021,SPATA18,NM_145263,1.73E-04,1.46,3.70E-09,3.13,2.05E-09,3.83
8033257,C3,NM_000064,6.62E-01,0.95,1.34E-01,1.24,1.13E-06,3.83
8031573,RFPL4A,NM_001145014,5.87E-01,0.95,3.79E-01,1.09,3.53E-08,3.82
8109426,GALNT10,AK090581,2.31E-04,1.65,1.06E-05,2.1,7.33E-08,3.79
8118890,SCUBE3,NM_152753,1.06E-05,2.17,7.97E-07,2.91,2.71E-07,3.74
8063497,CASS4,NM_020356,2.33E-07,2.48,1.10E-08,3.59,2.78E-08,3.74
8011415,P2RX5,NM_002561,1.06E-02,1.16,2.43E-05,1.43,5.08E-11,3.72
7906919,RGS4,NM_001102445,5.19E-02,1.95,4.58E-02,2.09,4.07E-03,3.71
8097098,USP53,NM_019050,1.09E-02,1.54,4.15E-04,2.1,6.30E-06,3.71
8097628,HHIP,NM_022475,7.33E-03,2.04,1.83E-01,1.4,3.32E-04,3.7
8166469,SAT1,NR_027783,1.25E-03,1.34,1.71E-06,1.9,2.34E-09,3.7
8031570,RFPL4A,NM_001145014,3.70E-01,0.94,3.50E-01,1.07,1.47E-09,3.7
7989037,CCPG1,NM_004748,1.11E-05,1.51,2.06E-08,2.22,2.63E-10,3.68
8068083,C21orf7,NM_020152,2.38E-02,1.5,2.07E-05,3.07,1.49E-05,3.66
8141206,BAIAP2L1,NM_018842,2.42E-05,1.69,2.95E-07,2.37,1.14E-08,3.64
8037231,PSG3,NM_021016,2.62E-04,2.1,2.07E-03,1.84,8.08E-06,3.63
8108720,PCDHB9,NM_019119,5.29E-05,1.61,7.58E-07,2.17,9.77E-09,3.63
8092169,TNFSF10,NM_003810,9.13E-01,1.02,1.31E-01,1.36,5.44E-05,3.62
7899075,EXTL1,NM_004455,5.86E-03,1.45,7.27E-05,2.02,5.30E-07,3.6
8124448,HIST1H4H,NM_003543,6.63E-01,0.94,3.06E-01,1.17,5.93E-06,3.59
8056877,CHRNA1,NM_001039523,4.26E-02,1.3,3.32E-06,2.71,8.48E-07,3.57
8108683,PCDHB2,NM_018936,1.90E-01,1.17,4.99E-02,1.3,6.42E-07,3.53
8108716,PCDHB16,NM_020957,4.19E-05,1.74,2.22E-07,2.68,5.42E-08,3.51
7893480,,---,1.41E-01,1.13,6.75E-01,0.96,1.40E-08,3.5
7930980,PPAPDC1A,NM_001030059,1.70E-03,1.26,4.86E-06,1.61,3.87E-10,3.5
8152297,ANGPT1,NM_001146,5.69E-05,1.9,3.98E-06,2.46,4.06E-07,3.49
8150509,PLAT,NM_000930,4.73E-03,1.51,1.26E-05,2.49,1.69E-06,3.45
7954631,FAR2,NM_018099,1.04E-04,2.01,2.34E-04,1.97,2.30E-06,3.43
7987145,FMN1,NM_001103184,6.44E-06,2.97,2.11E-05,2.81,1.15E-05,3.41
8145736,NRG1,NM_013958,2.13E-05,1.36,4.24E-08,1.82,4.48E-11,3.38
7899615,SERINC2,NM_178865,6.03E-04,1.42,2.72E-06,1.95,1.35E-08,3.37
7923578,FMOD,NM_002023,5.69E-02,1.23,4.25E-03,1.45,2.86E-07,3.37
8123936,NEDD9,NM_001142393,6.49E-04,1.96,5.27E-05,2.62,1.69E-05,3.36
8180241,,---,4.73E-03,1.31,5.03E-05,1.67,2.05E-08,3.34
7999553,CPPED1,NM_018340,4.02E-10,1.78,1.59E-10,1.95,5.46E-13,3.33
7903144,SLC44A3,NM_001114106,5.39E-01,1.09,1.47E-02,1.51,7.64E-06,3.33
8154367,TYRP1,NM_000550,4.79E-01,0.95,2.81E-02,1.21,6.86E-09,3.32
8117106,RNF144B,NM_182757,1.26E-02,1.59,8.70E-04,2.1,3.62E-05,3.31
7948332,LPXN,NM_004811,1.05E-04,1.91,1.36E-05,2.37,1.49E-06,3.31
8107673,GRAMD3,NM_023927,1.10E-05,1.66,5.97E-06,1.77,6.86E-09,3.31
8015214,KRTAP2-4,NM_033184,2.46E-03,1.58,6.87E-05,2.15,2.65E-06,3.29
8019574,KRTAP2-4,NM_033184,2.46E-03,1.58,6.87E-05,2.15,2.65E-06,3.29
8100547,,---,1.32E-03,1.6,8.19E-05,2.01,1.31E-06,3.29
8025601,ICAM1,NM_000201,6.07E-01,1.13,7.76E-03,2.26,1.32E-03,3.29
7927964,SRGN,NM_002727,1.23E-06,3.12,8.96E-07,3.5,5.39E-06,3.25
8095110,KIT,NM_000222,1.54E-05,2.73,2.36E-04,2.22,1.96E-05,3.22
8108905,KCTD16,NM_020768,1.10E-01,1.37,7.03E-03,1.89,1.85E-04,3.22
8037272,PSG5,NM_002781,8.44E-07,2.34,1.18E-05,2.02,1.92E-07,3.2
8060897,PLCB4,NM_000933,3.69E-10,1.88,3.82E-10,1.96,2.30E-12,3.19
8008819,YPEL2,NM_001005404,4.43E-02,1.19,1.29E-05,1.78,2.62E-08,3.19
8021376,NEDD4L,NM_001144967,9.07E-03,1.37,1.54E-03,1.55,5.69E-07,3.18
7922337,TNFSF18,NM_005092,7.27E-02,1.21,2.97E-06,2.29,2.86E-07,3.18
7962183,AK3L1,NM_001005353,5.87E-01,1.11,9.15E-02,1.44,2.32E-04,3.16
8015268,KRT34,NM_021013,2.41E-06,2.11,1.84E-05,1.92,1.73E-07,3.13
8100541,IGFBP7,NM_001553,5.28E-04,1.65,1.04E-05,2.28,1.17E-06,3.13
7902127,SGIP1,NM_032291,1.16E-02,1.44,1.96E-04,2,5.13E-06,3.12
8149574,CSGALNACT1,NM_018371,3.19E-02,1.98,3.47E-01,1.34,5.48E-03,3.11
7978260,DHRS1,NM_001136050,1.78E-01,1.23,3.91E-03,1.74,2.97E-05,3.11
7921916,RGS5,NM_003617,1.71E-04,1.56,2.05E-05,1.81,8.12E-08,3.09
7969861,ITGBL1,NM_004791,9.03E-01,1.02,9.72E-03,1.53,9.78E-06,3.09
7913694,FUCA1,NM_000147,7.22E-01,1.04,2.16E-01,1.15,5.92E-07,3.08
8081386,NFKBIZ,NM_031419,2.08E-03,1.39,9.11E-05,1.68,1.20E-07,3.06
8156743,FOXE1,NM_004473,3.77E-04,1.62,3.20E-05,1.98,6.90E-07,3.05
8092230,ZMAT3,NM_022470,1.54E-08,1.88,4.85E-10,2.5,1.78E-10,3.05
8135943,,---,9.37E-01,0.98,9.95E-01,1,4.25E-03,3.05
8126855,C6orf138,NM_001013732,4.74E-01,1.06,2.84E-05,1.81,1.30E-07,3.04
8075635,TIMP3,NM_000362,2.27E-01,1.19,5.32E-04,2,2.17E-05,3.04
8173299,EDA2R,NM_021783,4.37E-06,1.7,7.59E-08,2.3,1.07E-08,3.02
7989365,RORA,NM_134260,2.10E-02,1.33,6.44E-03,1.46,1.65E-06,3.02
7986350,ARRDC4,NM_183376,8.28E-01,0.97,6.57E-03,1.56,8.98E-06,3.02
8093425,IDUA,NM_000203,1.74E-02,1.2,2.91E-06,1.78,7.77E-09,3.02
8171172,MXRA5,NM_015419,1.50E-03,1.73,7.21E-06,2.92,1.61E-05,3.02
8045835,GALNT5,NM_014568,1.34E-06,2.15,7.32E-08,2.91,1.82E-07,3
8149749,TNFRSF10D,NM_003840,1.51E-05,1.72,1.93E-06,2.04,6.81E-08,2.97
8031931,,---,9.47E-01,1.01,2.34E-01,1.23,6.52E-05,2.97
8066214,TGM2,NM_004613,4.68E-08,1.34,1.48E-10,1.68,9.71E-14,2.93
8168749,SRPX2,NM_014467,7.01E-01,0.96,4.26E-04,1.76,3.12E-06,2.92
7924071,KCNH1,NM_172362,2.95E-01,1.16,9.71E-05,2.26,2.09E-05,2.92
7974902,RHOJ,NM_020663,2.34E-01,1.19,1.02E-02,1.58,3.50E-05,2.92
8004408,FGF11,NM_004112,3.23E-01,0.89,4.21E-02,1.32,4.67E-06,2.91
8103226,TMEM154,NM_152680,5.71E-02,1.22,9.55E-04,1.55,6.41E-07,2.89
7946334,NLRP10,NM_176821,5.05E-03,1.79,2.16E-04,2.57,2.18E-04,2.87
7945245,NTM,NM_016522,2.22E-02,1.3,4.38E-05,1.94,1.29E-06,2.87
8151890,TP53INP1,NM_033285,7.25E-04,1.5,4.47E-07,2.56,4.33E-07,2.86
8154245,PDCD1LG2,NM_025239,2.95E-05,1.77,2.19E-05,1.87,3.52E-07,2.86
7969472,FLJ35379,ENST00000318245,1.23E-03,1.38,1.17E-03,1.41,7.64E-08,2.84
7939383,PRR5L,NM_024841,1.54E-01,1.16,7.29E-03,1.39,9.77E-07,2.84
7933509,ERCC6,NM_000124,1.61E-03,1.46,1.69E-05,2,8.70E-07,2.82
8172035,DYNLT3,NM_006520,1.45E-01,1.14,5.01E-04,1.55,3.59E-07,2.81
8090162,ITGB5,NM_002213,7.16E-04,1.16,1.37E-08,1.61,6.64E-12,2.8
8090823,SLCO2A1,NM_005630,1.49E-04,0.63,5.39E-04,0.66,2.79E-07,2.79
8028084,APLP1,NM_001024807,6.32E-01,1.04,5.04E-03,1.38,4.79E-07,2.79
7964872,PTPRB,NM_001109754,1.02E-01,1.46,1.07E-01,1.48,1.65E-03,2.78
8156919,MURC,NM_001018116,3.14E-02,1.23,1.04E-04,1.69,3.90E-07,2.78
8108724,PCDHB10,NM_018930,2.40E-03,1.36,6.54E-06,1.92,2.00E-07,2.77
8109490,SGCD,NM_000337,4.68E-02,1.62,1.40E-03,2.63,2.15E-03,2.77
7914127,IFI6,NM_002038,5.52E-01,1.05,3.52E-04,1.54,2.41E-07,2.77
8115490,ADAM19,NM_033274,5.54E-04,1.37,4.61E-07,2.02,2.70E-08,2.76
8103389,CTSO,NM_001334,6.47E-02,1.22,6.15E-03,1.41,1.45E-06,2.76
7962375,PRICKLE1,NM_153026,9.99E-03,2.04,5.91E-03,2.31,3.44E-03,2.76
8163202,SVEP1,NM_153366,7.76E-01,1.06,2.17E-01,1.33,1.39E-03,2.76
8122724,ULBP1,NM_025218,7.21E-03,1.16,3.63E-07,1.61,2.61E-10,2.75
7896337,,---,5.88E-03,1.59,3.34E-03,1.72,5.81E-05,2.73
8058390,RAPH1,NM_213589,1.08E-03,1.28,2.47E-04,1.37,4.97E-09,2.73
8163672,PAPPA,NM_002581,1.55E-01,0.89,4.05E-02,1.21,1.24E-07,2.73
8037240,PSG1,NM_006905,1.59E-03,1.69,5.51E-03,1.59,3.00E-05,2.72
7990054,UACA,NM_018003,5.65E-02,1.36,2.65E-03,1.81,1.04E-04,2.71
7988426,SLC30A4,NM_013309,1.97E-04,1.38,2.52E-06,1.71,1.01E-08,2.71
8122396,AIG1,NM_016108,5.17E-05,1.42,1.93E-06,1.69,5.74E-09,2.71
8175871,L1CAM,NM_000425,5.25E-01,1.03,4.11E-04,1.3,1.27E-09,2.7
7902512,DNAJB4,NM_007034,2.71E-02,1.34,3.98E-04,1.82,1.14E-05,2.69
8108912,SH3RF2,NM_152550,4.47E-01,1.09,4.87E-02,1.31,1.07E-05,2.69
8108475,C5orf53,NM_001007189,5.43E-04,1.51,2.62E-05,1.86,7.04E-07,2.68
8144279,CLN8,NM_018941,1.63E-04,1.51,4.78E-05,1.66,1.68E-07,2.68
7975390,SMOC1,NM_001034852,1.88E-02,1.75,2.41E-02,1.76,1.75E-03,2.67
7947512,PAMR1,NM_015430,1.00E-07,1.73,6.82E-09,2.1,9.80E-10,2.67
7932826,KIAA1462,NM_020848,1.40E-06,1.7,1.42E-06,1.76,1.26E-08,2.66
8015179,KRTAP1-5,NM_031957,8.81E-06,2.28,1.23E-06,2.91,9.93E-06,2.65
8019588,KRTAP1-5,NM_031957,8.81E-06,2.28,1.23E-06,2.91,9.93E-06,2.65
7933312,ANXA8L1,NM_001098845,3.51E-01,1.07,2.64E-01,1.09,1.01E-07,2.64
7953943,GABARAPL1,NM_031412,5.33E-02,1.4,2.25E-03,1.91,2.42E-04,2.63
8009502,KCNJ2,NM_000891,7.24E-01,0.95,1.61E-01,1.25,1.03E-04,2.62
8043367,PLGLB2,NM_002665,4.41E-02,1.42,5.41E-03,1.76,2.45E-04,2.61
8053602,PLGLB2,NM_002665,4.41E-02,1.42,5.41E-03,1.76,2.45E-04,2.61
8035648,TM6SF2,NM_001001524,5.14E-03,1.22,5.62E-05,1.45,8.08E-09,2.61
7950391,PGM2L1,NM_173582,4.33E-02,1.3,3.55E-02,1.34,1.61E-05,2.61
8084219,KLHL24,NM_017644,6.78E-01,0.94,7.35E-03,1.61,8.76E-05,2.61
7981514,AHNAK2,NM_138420,1.65E-02,1.2,5.72E-04,1.39,4.94E-08,2.6
7953284,NTF3,NM_002527,2.25E-04,2.03,2.46E-04,2.12,7.78E-05,2.6
7974882,SYT16,NM_031914,5.55E-01,1.09,1.63E-01,1.26,1.48E-04,2.6
8089596,WDR52,ENST00000393845,6.20E-01,1.04,9.65E-03,1.26,9.14E-08,2.59
7939314,EHF,NM_012153,1.34E-01,1.09,4.07E-03,1.23,5.48E-09,2.59
8096733,SGMS2,NM_001136258,1.53E-01,1.15,2.75E-03,1.44,1.58E-06,2.58
8168817,DRP2,NM_001939,4.86E-03,1.25,7.62E-05,1.5,3.47E-08,2.58
8047401,,---,1.65E-02,1.31,4.20E-05,1.91,2.82E-06,2.58
7963721,CALCOCO1,NM_020898,4.57E-02,1.23,3.59E-04,1.62,1.78E-06,2.58
8160452,CDKN2B,NM_078487,4.97E-01,1.08,2.23E-03,1.53,5.88E-06,2.58
7936968,ADAM12,NM_003474,4.64E-02,0.72,3.85E-01,1.15,1.73E-04,2.57
8101992,SLC39A8,NM_022154,6.86E-01,1.02,1.44E-01,1.08,1.17E-09,2.56
7976806,,---,5.08E-01,1.08,1.03E-01,1.25,2.36E-05,2.56
7993807,TMEM159,NM_020422,2.16E-01,1.19,1.56E-02,1.5,7.62E-05,2.55
7895831,,---,8.69E-04,1.48,2.89E-03,1.43,1.54E-06,2.55
8108478,C5orf32,NM_032412,1.02E-05,1.5,7.08E-07,1.75,8.41E-09,2.55
8100382,CHIC2,NM_012110,7.17E-03,1.29,8.85E-05,1.63,4.04E-07,2.55
8113097,C5orf36,NM_001145678,9.50E-01,0.99,1.14E-02,1.43,1.42E-05,2.55
8101126,CXCL10,NM_001565,7.76E-01,0.96,3.54E-03,1.71,1.11E-04,2.54
8037251,PSG7,NM_002783,3.83E-07,1.95,4.40E-06,1.76,7.38E-08,2.54
8044931,,---,5.42E-01,1.1,5.83E-01,1.09,1.81E-04,2.53
8056151,PLA2R1,NM_007366,5.08E-02,1.15,3.46E-03,1.28,4.71E-08,2.53
8037283,PSG4,NM_002780,4.46E-08,2.13,4.65E-07,1.92,3.29E-08,2.52
7923516,CYB5R1,NM_016243,7.11E-05,1.35,4.64E-06,1.52,2.96E-09,2.52
8155169,RECK,NM_021111,2.22E-04,1.62,2.08E-05,1.96,2.67E-06,2.51
8072626,TIMP3,NM_000362,1.58E-05,1.25,1.55E-09,1.75,1.79E-11,2.51
7992828,IL32,NM_001012631,2.16E-03,1.54,1.61E-06,2.8,1.61E-05,2.5
8112994,,---,6.54E-01,1.07,4.19E-01,0.88,1.45E-04,2.5
7943998,NNMT,NM_006169,3.15E-01,1.3,1.82E-01,1.46,1.01E-02,2.5
8094789,LIMCH1,NM_014988,1.17E-01,1.21,2.03E-01,1.18,2.30E-05,2.5
7997582,WFDC1,NM_021197,7.90E-01,0.93,3.32E-01,1.34,1.51E-02,2.5
7919637,HIST2H2BE,NM_003528,2.38E-01,1.19,2.76E-02,1.46,1.50E-04,2.49
7969544,NDFIP2,NM_019080,4.52E-03,1.32,1.59E-04,1.58,5.14E-07,2.49
7905428,TUFT1,NM_020127,3.30E-01,1.2,6.34E-02,1.48,1.14E-03,2.49
8124492,HIST1H2BK,NM_080593,3.08E-01,1.1,1.33E-03,1.5,2.32E-06,2.48
8069880,TIAM1,NM_003253,3.63E-02,1.42,2.79E-04,2.24,2.57E-04,2.48
8167603,CLCN5,NM_001127899,1.72E-01,1.07,4.46E-02,1.12,2.27E-09,2.47
8119088,CDKN1A,NM_078467,1.65E-03,1.51,2.94E-06,2.44,7.74E-06,2.47
8098204,CPE,NM_001873,8.25E-04,0.76,3.19E-02,0.85,5.23E-08,2.47
8172280,SLC9A7,NM_032591,7.32E-03,1.4,1.26E-04,1.87,1.11E-05,2.47
8065948,FER1L4,NR_024377,1.07E-01,1.15,7.81E-03,1.31,6.15E-07,2.47
7972487,DOCK9,NM_015296,1.62E-07,2.22,2.34E-06,1.94,3.00E-07,2.46
7950933,NOX4,NR_026571,1.72E-05,1.36,9.22E-08,1.71,9.63E-10,2.46
8160786,KIAA1161,NM_020702,1.35E-01,1.08,1.38E-03,1.24,2.32E-09,2.45
8042637,DYSF,NM_001130978,2.39E-01,1.09,1.60E-02,1.23,1.36E-07,2.45
7922773,NCF2,NM_000433,4.35E-04,1.45,8.77E-06,1.83,4.69E-07,2.45
8030251,TRPM4,NM_017636,7.48E-04,1.34,5.43E-06,1.71,7.53E-08,2.44
8059244,CHPF,NM_024536,2.39E-03,1.37,2.89E-05,1.77,1.02E-06,2.44
7958202,CHST11,NM_018413,1.46E-05,1.87,4.40E-06,2.12,2.43E-06,2.44
8126086,TMEM217,NM_145316,2.63E-02,1.25,2.29E-04,1.63,2.25E-06,2.43
8014115,MYO1D,NM_015194,1.48E-01,0.88,1.16E-01,0.86,8.17E-07,2.43
8102200,DKK2,NM_014421,3.77E-01,1.07,1.52E-02,1.25,3.36E-07,2.43
8096744,CYP2U1,NM_183075,8.13E-05,1.36,4.50E-05,1.41,7.16E-09,2.43
7946323,OR5P2,NM_153444,7.57E-02,1.21,7.68E-03,1.39,6.07E-06,2.43
8116835,GCNT2,NM_145649,2.90E-03,1.44,5.91E-04,1.63,7.13E-06,2.42
7970329,GAS6,NM_000820,4.57E-03,1.59,5.94E-04,1.94,1.39E-04,2.41
8095868,UNQ3028,AY358789,1.26E-03,1.83,5.74E-04,2.04,2.59E-04,2.41
8157671,OR1J4,NM_001004452,2.38E-01,0.84,2.55E-01,1.19,1.59E-04,2.41
8085138,OXTR,NM_000916,6.31E-02,1.61,1.93E-02,1.95,8.01E-03,2.41
8166747,SYTL5,NM_138780,1.04E-01,0.74,8.02E-01,1.05,1.21E-03,2.41
7974117,C14orf28,NM_001017923,4.06E-02,1.19,1.56E-04,1.56,5.94E-07,2.39
7994981,ORAI3,NM_152288,1.32E-01,1.2,2.57E-03,1.58,3.01E-05,2.39
7917875,F3,NM_001993,6.97E-03,1.52,2.52E-04,2.02,1.09E-04,2.38
8152133,RRM2B,NM_015713,2.04E-03,1.24,9.82E-07,1.71,1.64E-08,2.38
8158250,CERCAM,NM_016174,1.37E-02,1.22,5.08E-06,1.77,2.05E-07,2.38
8135480,DNAJB9,NM_012328,1.42E-02,1.35,2.57E-04,1.78,1.81E-05,2.38
8176076,DNASE1L1,NM_001009932,1.02E-03,1.29,1.24E-06,1.77,4.45E-08,2.38
8029744,QPCTL,NM_017659,1.75E-01,1.09,7.34E-03,1.22,2.45E-08,2.37
8126798,GPR116,NM_015234,7.05E-01,0.98,3.31E-01,1.06,3.12E-08,2.37
8151952,NIPAL2,NM_024759,1.89E-03,1.24,5.16E-06,1.58,1.83E-08,2.37
7998604,HAGH,NM_005326,6.99E-03,1.22,7.71E-02,1.14,6.87E-08,2.36
8126093,,---,8.93E-02,1.22,8.43E-04,1.67,2.44E-05,2.36
8173310,OPHN1,NM_002547,3.89E-03,1.55,4.85E-03,1.58,8.19E-05,2.36
7893608,,---,1.02E-03,1.35,4.27E-04,1.43,2.49E-07,2.36
7898663,PINK1,NM_032409,5.37E-03,1.22,2.44E-05,1.51,3.71E-08,2.36
8140478,PION,NM_017439,1.21E-02,1.53,4.89E-04,2.06,3.04E-04,2.35
7916986,NEGR1,NM_173808,3.77E-06,1.46,1.92E-07,1.7,3.30E-09,2.35
8088636,,---,2.02E-01,1.14,1.24E-01,1.19,1.16E-05,2.35
8103415,C4orf18,NM_001128424,7.61E-01,1.05,1.15E-02,1.58,3.36E-04,2.35
7901054,PLK3,NM_004073,1.60E-03,1.29,7.34E-07,1.88,9.13E-08,2.35
8095834,SHROOM3,NM_020859,1.36E-04,1.69,4.21E-05,1.9,7.53E-06,2.35
8078461,FBXL2,NM_012157,1.65E-04,1.23,1.35E-05,1.34,3.58E-10,2.34
7974335,,---,6.70E-02,1.48,8.08E-03,1.93,3.16E-03,2.34
8114287,SPOCK1,NM_004598,3.23E-01,0.92,5.13E-06,1.89,8.54E-07,2.34
7935553,LOXL4,NM_032211,4.49E-01,1.09,2.60E-04,1.84,3.85E-05,2.33
7904226,SLC22A15,NM_018420,9.72E-01,1,8.51E-01,1.01,5.33E-08,2.33
7946326,OR5P3,NM_153445,1.68E-02,1.29,2.51E-03,1.46,5.90E-06,2.33
8179238,MICA,NM_000247,9.15E-07,1.4,8.72E-08,1.56,2.09E-10,2.33
7921713,F11R,NM_016946,1.07E-02,1.19,1.34E-04,1.39,3.00E-08,2.32
7963567,KRT8,NM_002273,4.06E-02,0.73,8.60E-01,0.97,2.39E-04,2.31
8121861,NCOA7,NM_181782,1.07E-01,1.15,1.07E-04,1.64,1.90E-06,2.31
8003850,CYB5D2,NM_144611,3.10E-01,1.11,1.41E-02,1.35,1.12E-05,2.31
8041508,QPCT,NM_012413,1.04E-01,1.16,2.94E-05,1.78,2.22E-06,2.31
8117045,RBM24,NM_001143942,9.86E-05,1.46,1.26E-05,1.66,2.12E-07,2.3
8021623,SERPINB7,NM_003784,1.15E-03,2.32,8.11E-03,1.96,4.30E-03,2.3
8147469,PGCP,NM_016134,1.69E-01,1.27,9.98E-03,1.71,1.13E-03,2.3
7909503,SERTAD4,NM_019605,2.20E-01,1.18,1.08E-03,1.77,1.20E-04,2.3
8157800,,---,4.86E-01,1.19,5.70E-02,1.74,1.50E-02,2.3
8049532,LRRFIP1,NM_001137550,8.83E-05,1.57,4.58E-05,1.68,1.29E-06,2.29
8024792,EBI3,NM_005755,9.68E-02,1.21,1.70E-03,1.57,2.41E-05,2.29
8132250,BMPER,NM_133468,3.29E-01,1.19,3.29E-02,1.55,1.45E-03,2.29
8083034,CLSTN2,NM_022131,4.02E-01,1.05,8.03E-01,1.02,3.12E-08,2.29
7909510,HHAT,NM_018194,2.71E-02,1.17,8.29E-05,1.48,1.21E-07,2.28
8146921,RDH10,NM_172037,4.63E-02,1.55,5.48E-03,2.03,4.24E-03,2.28
7986789,ATP10A,NM_024490,1.33E-05,1.47,3.27E-06,1.61,2.70E-08,2.28
7945663,CTSD,ENST00000340134,5.33E-01,1.08,3.80E-02,1.37,1.41E-04,2.28
8122720,ULBP2,NM_025217,1.57E-01,1.1,9.16E-02,1.14,2.14E-07,2.28
8104107,TRIML2,NM_173553,3.21E-02,1.19,2.43E-04,1.47,4.49E-07,2.28
7919340,GJA5,NM_005266,4.97E-01,1.04,4.15E-01,1.05,6.78E-08,2.28
8015187,KRTAP1-1,NM_030967,3.26E-05,1.98,5.03E-06,2.42,3.07E-05,2.27
7901969,ROR1,NM_005012,4.33E-02,1.58,1.98E-02,1.78,5.21E-03,2.27
7902660,WDR63,NM_145172,1.61E-01,1.21,1.00E-03,1.8,1.67E-04,2.27
8127549,SLC17A5,NM_012434,2.89E-07,1.49,9.20E-09,1.78,6.01E-10,2.27
8049187,EFHD1,NM_025202,3.60E-02,1.18,3.09E-02,1.2,5.24E-07,2.26
8052004,C2orf61,AK097491,3.24E-03,1.27,7.55E-05,1.5,1.84E-07,2.26
8023598,RNF152,NM_173557,1.79E-01,1.1,2.62E-02,1.2,2.82E-07,2.26
8131944,NFE2L3,NM_004289,5.67E-06,1.59,5.00E-07,1.87,9.50E-08,2.26
8056257,FAP,NM_004460,7.69E-05,1.45,7.43E-07,1.89,1.79E-07,2.26
8061247,RIN2,NM_018993,6.31E-04,1.36,1.05E-05,1.68,2.98E-07,2.25
8113103,C5orf36,NM_001145678,2.90E-01,1.11,4.12E-03,1.42,9.99E-06,2.25
7965110,,---,1.15E-02,1.48,1.70E-03,1.76,2.47E-04,2.25
8166442,FAM3C,NM_014888,6.38E-03,1.28,1.70E-03,1.38,1.08E-06,2.24
7959102,HSPB8,NM_014365,1.61E-02,1.53,2.07E-03,1.88,7.54E-04,2.24
7953211,C12orf5,NM_020375,3.43E-04,1.52,2.67E-05,1.81,3.82E-06,2.24
7988970,KIAA1370,NM_019600,1.87E-02,1.23,6.61E-05,1.62,1.30E-06,2.24
8142540,FAM3C,NM_014888,5.35E-03,1.31,2.62E-03,1.38,2.29E-06,2.23
7948330,OR5B21,NM_001005218,3.92E-03,1.24,1.23E-04,1.43,1.03E-07,2.22
8056968,LOC375295,BC013588,2.48E-05,1.25,3.31E-05,1.26,1.82E-10,2.22
7950425,CHRDL2,NM_015424,2.40E-01,1.1,1.51E-01,1.13,1.28E-06,2.22
8107234,MAN2A1,NM_002372,2.97E-06,1.52,2.25E-08,2.03,2.13E-08,2.21
8122038,TMEM200A,NM_052913,3.29E-03,1.47,1.47E-04,1.85,3.96E-05,2.21
7971369,KCTD4,NM_198404,4.09E-02,1.25,3.56E-04,1.68,2.18E-05,2.21
8041197,YPEL5,NM_001127401,6.67E-02,1.31,5.68E-03,1.61,3.14E-04,2.21
7974689,DACT1,NM_016651,2.00E-02,0.89,4.77E-02,1.11,3.71E-09,2.2
7995697,LPCAT2,NM_017839,4.39E-02,1.12,2.16E-04,1.34,2.54E-08,2.2
8136341,BPGM,NM_199186,1.08E-01,1.15,5.26E-04,1.51,3.87E-06,2.2
7908459,CFH,NM_000186,9.81E-03,1.78,1.46E-04,3.01,4.40E-03,2.2
8160441,CDKN2A,NM_058197,1.40E-02,1.61,4.09E-02,1.5,1.85E-03,2.2
8007228,ATP6V0A1,NM_001130020,1.32E-02,1.21,3.90E-04,1.4,3.09E-07,2.2
8112971,HAPLN1,NM_001884,6.73E-04,0.78,8.83E-03,0.83,5.97E-08,2.2
8020508,RIOK3,NM_003831,1.23E-04,1.26,5.49E-06,1.42,2.56E-09,2.19
8109333,GPX3,NM_002084,6.76E-02,1.13,2.56E-02,1.19,2.24E-07,2.19
8043500,,---,8.01E-02,1.3,2.08E-01,1.22,4.72E-04,2.18
8112980,EDIL3,NM_005711,2.31E-04,1.25,1.83E-06,1.48,3.31E-09,2.18
7927146,CSGALNACT2,NM_018590,3.32E-01,1.09,1.92E-03,1.46,8.92E-06,2.18
8121838,TPD52L1,NM_001003395,8.03E-03,1.91,1.34E-02,1.88,7.74E-03,2.18
8169233,,---,7.86E-01,1.05,1.68E-01,1.32,3.13E-03,2.18
8168674,,---,7.74E-01,1.04,2.35E-01,1.18,2.25E-04,2.18
8150537,SLC20A2,NM_006749,2.17E-03,1.47,4.77E-04,1.66,2.86E-05,2.18
8119067,KCTD20,NM_173562,2.86E-02,1.52,2.01E-02,1.62,2.34E-03,2.18
7917850,ARHGAP29,NM_004815,6.91E-04,1.64,1.19E-03,1.64,7.04E-05,2.18
8015230,KRTAP4-11,NM_033059,1.04E-04,1.74,1.25E-06,2.52,2.28E-05,2.17
8005171,TRPV2,NM_016113,1.99E-01,1.18,4.79E-03,1.56,1.70E-04,2.17
8017850,WIPI1,NM_017983,2.55E-02,1.33,3.55E-04,1.79,7.52E-05,2.17
8143221,ATP6V0A4,NM_020632,1.65E-02,1.18,1.40E-02,1.2,1.09E-07,2.17
7902957,EPHX4,NM_173567,9.43E-04,1.44,2.91E-05,1.79,5.36E-06,2.17
7969574,KRT18,NM_000224,8.63E-01,1.03,1.86E-01,1.28,1.93E-03,2.17
7934154,,---,9.24E-01,0.98,9.28E-01,1.02,3.67E-03,2.17
7931081,PLEKHA1,NM_021622,1.50E-01,1.11,1.05E-02,1.26,9.38E-07,2.17
8131631,HDAC9,NM_178423,2.28E-03,1.46,3.25E-05,1.95,2.36E-05,2.17
7909332,CD55,NM_001114752,1.76E-03,1.44,6.92E-03,1.37,1.30E-05,2.17
7953291,CD9,NM_001769,3.85E-03,1.17,7.50E-05,1.32,5.41E-09,2.17
7983512,SQRDL,NM_021199,1.10E-01,1.28,4.53E-03,1.69,6.24E-04,2.16
8113981,P4HA2,NM_004199,5.79E-02,1.29,1.09E-03,1.73,1.65E-04,2.16
8140468,PION,NM_017439,8.89E-03,1.27,1.53E-04,1.55,2.04E-06,2.16
8089259,,---,8.68E-03,1.51,3.55E-03,1.67,3.94E-04,2.16
8126303,TREM1,NM_018643,4.72E-01,1.06,5.64E-01,1.05,2.52E-06,2.15
8015218,KRTAP4-8,NM_031960,2.60E-04,1.73,3.91E-06,2.5,6.73E-05,2.15
7930304,GSTO1,NM_004832,3.56E-06,1.45,3.16E-06,1.49,8.84E-09,2.15
8153550,NRBP2,NM_178564,1.95E-01,1.09,9.37E-05,1.5,5.58E-07,2.13
8005847,TNFAIP1,NM_021137,4.60E-03,1.3,2.26E-04,1.52,2.47E-06,2.13
8009277,RGS9,NM_003835,3.51E-01,0.97,1.27E-05,1.32,6.56E-10,2.13
7958960,TPCN1,NM_001143819,1.94E-01,1.17,6.69E-03,1.5,1.42E-04,2.13
8174937,ODZ1,NM_014253,5.97E-02,1.11,2.56E-05,1.43,3.60E-08,2.13
8078350,TGFBR2,NM_001024847,5.63E-03,1.23,1.42E-04,1.43,2.71E-07,2.12
7918284,TAF13,NM_005645,1.23E-03,1.36,9.19E-05,1.56,1.58E-06,2.12
8011343,SPATA22,NM_032598,8.87E-01,1.01,5.10E-01,1.04,7.75E-08,2.12
8015223,KRTAP4-12,NM_031854,7.21E-05,1.74,1.30E-06,2.44,2.27E-05,2.12
8019565,KRTAP4-12,NM_031854,7.21E-05,1.74,1.30E-06,2.44,2.27E-05,2.12
8101616,C4orf36,NM_144645,1.70E-02,1.16,2.43E-04,1.33,4.80E-08,2.12
8022176,LAMA1,NM_005559,2.63E-05,1.67,6.74E-06,1.88,3.78E-06,2.12
8150089,TMEM66,NM_016127,1.98E-02,1.1,9.03E-07,1.41,4.97E-10,2.12
8148917,MFSD3,NM_138431,6.25E-02,1.13,2.21E-04,1.38,1.66E-07,2.11
7922095,BRP44,NR_026550,7.10E-06,1.25,1.77E-06,1.31,7.56E-11,2.11
7918426,SLC16A4,NM_004696,1.35E-02,1.59,2.93E-04,2.37,2.14E-03,2.11
7986293,MCTP2,NM_018349,1.27E-02,1.38,1.89E-03,1.59,1.04E-04,2.11
7946321,,---,3.04E-01,1.1,2.61E-02,1.27,1.38E-05,2.1
8120602,OGFRL1,NM_024576,1.51E-05,1.46,7.44E-05,1.41,8.42E-08,2.1
8148385,TG,NM_003235,7.30E-03,1.1,2.47E-05,1.24,9.92E-11,2.1
8139207,INHBA,NM_002192,2.19E-03,1.44,2.44E-03,1.47,2.48E-05,2.1
8118100,MICA,NM_000247,4.64E-06,1.3,2.92E-07,1.44,3.82E-10,2.1
7950524,MAP6,NM_207577,9.99E-02,1.12,9.16E-02,1.14,6.45E-07,2.1
8016390,COPZ2,NM_016429,4.31E-03,1.34,3.03E-05,1.78,7.74E-06,2.1
8171921,DMD,NM_000109,7.21E-03,1.23,2.07E-03,1.31,5.54E-07,2.1
8144267,CLN8,NM_018941,7.04E-06,1.31,6.04E-07,1.44,8.48E-10,2.1
8106210,RGNEF,NM_001080479,2.87E-07,1.56,1.05E-09,2.19,7.44E-09,2.09
8135218,LRRC17,NM_005824,4.86E-04,1.24,1.03E-07,1.73,1.25E-08,2.09
7989785,IGDCC4,NM_020962,2.80E-03,1.3,5.80E-06,1.77,1.31E-06,2.09
8091283,PLOD2,NM_182943,1.18E-02,1.25,1.59E-04,1.54,2.71E-06,2.09
8025421,2-Mar,NM_016496,3.07E-03,1.15,7.43E-07,1.47,2.04E-09,2.09
8042503,MXD1,NM_002357,1.29E-03,1.26,5.26E-07,1.77,1.10E-07,2.09
8117054,CAP2,NM_006366,9.66E-05,1.46,8.60E-06,1.68,7.60E-07,2.08
8047606,NBEAL1,NM_001099273,7.65E-03,1.32,2.57E-03,1.43,1.50E-05,2.07
7930454,PDCD4,NM_145341,4.92E-02,1.19,4.61E-05,1.7,5.93E-06,2.07
8058450,GPR1,NM_005279,2.00E-02,1.24,3.36E-03,1.37,6.89E-06,2.07
8034940,NOTCH3,NM_000435,6.79E-05,1.65,8.55E-05,1.69,1.05E-05,2.07
7934442,SYNPO2L,NM_001114133,1.60E-03,1.28,2.69E-03,1.28,3.28E-07,2.07
8037322,ETHE1,NM_014297,4.39E-05,1.25,3.58E-07,1.46,8.83E-10,2.07
7956524,PIP4K2C,NM_024779,1.46E-01,1.1,1.90E-03,1.3,4.67E-07,2.07
8107133,PAM,NM_000919,2.35E-01,1.16,1.90E-02,1.42,2.97E-04,2.07
7955533,FLJ33996,ENST00000423909,1.63E-04,1.64,2.84E-04,1.64,2.42E-05,2.07
8028991,CYP2S1,NM_030622,1.13E-02,0.71,4.61E-01,0.91,2.18E-04,2.07
8170704,ABCD1,NM_000033,5.59E-02,1.2,1.01E-02,1.32,1.35E-05,2.07
8065920,FER1L4,NR_024377,2.40E-01,1.08,2.56E-03,1.27,2.70E-07,2.06
7902043,DNAJC6,NM_014787,2.47E-01,1.08,3.32E-04,1.39,4.77E-07,2.06
7972750,COL4A1,NM_001845,1.52E-01,1.34,1.18E-02,1.84,8.70E-03,2.06
8077490,LMCD1,NM_014583,6.05E-01,1.11,1.56E-01,1.39,1.15E-02,2.05
8028332,KCNK6,NM_004823,2.34E-01,1.13,1.67E-02,1.33,4.43E-05,2.05
7922756,NMNAT2,NM_015039,1.65E-04,1.4,5.84E-05,1.49,5.14E-07,2.05
8026991,PGPEP1,NM_017712,1.73E-02,1.16,4.78E-05,1.43,1.22E-07,2.05
8054771,SLC35F5,NM_025181,6.58E-04,1.25,6.10E-06,1.49,3.72E-08,2.05
8048870,WDR69,NM_178821,3.23E-01,1.1,1.85E-01,1.15,2.44E-05,2.05
8095139,SRD5A3,NM_024592,1.84E-01,1.17,8.30E-03,1.44,1.34E-04,2.04
8177788,HLA-E,NM_005516,3.74E-04,1.29,1.98E-06,1.62,9.15E-08,2.04
8179103,HLA-E,NM_005516,3.74E-04,1.29,1.98E-06,1.62,9.15E-08,2.04
8154725,KRT18,NM_000224,9.73E-01,0.99,2.50E-01,1.23,2.86E-03,2.04
8155898,PCSK5,NM_006200,2.13E-01,0.89,2.39E-01,1.12,1.52E-05,2.04
7965335,DUSP6,NM_001946,4.26E-02,1.27,7.88E-05,1.95,1.18E-04,2.04
7912898,ATP13A2,NM_022089,8.82E-02,1.1,1.31E-04,1.35,5.87E-08,2.04
7908917,BTG2,NM_006763,1.04E-03,1.35,2.14E-07,2.2,2.14E-06,2.04
7892544,,---,6.60E-01,1.07,5.15E-01,1.12,2.93E-03,2.04
8090803,RAB6B,NM_016577,1.62E-01,1.09,8.43E-02,1.13,3.36E-07,2.03
8100378,RPL21P44,NR_027153,2.73E-01,1.09,4.18E-01,1.07,6.15E-06,2.03
8090193,HEG1,NM_020733,8.32E-01,0.96,7.24E-01,1.08,9.84E-03,2.03
8117890,HLA-E,NM_005516,4.06E-04,1.29,1.91E-06,1.61,9.51E-08,2.03
8047381,CFLAR,NM_003879,3.57E-03,1.35,7.95E-05,1.67,1.15E-05,2.03
8081645,C3orf52,NM_024616,2.06E-03,1.46,1.99E-03,1.5,4.97E-05,2.02
8045533,,---,4.79E-01,1.15,6.12E-01,1.11,8.99E-03,2.02
8146687,ADHFE1,NM_144650,2.84E-02,1.3,3.80E-02,1.3,1.05E-04,2.02
7981346,RAGE,NM_014226,1.18E-03,1.5,7.38E-04,1.58,4.95E-05,2.02
7976496,SERPINA3,NM_001085,5.19E-01,1.05,5.53E-03,1.34,9.31E-06,2.02
7923596,ETNK2,NM_018208,2.42E-03,1.51,3.75E-03,1.51,1.50E-04,2.01
8062023,MAP1LC3A,NM_032514,8.50E-02,1.22,1.19E-02,1.41,1.54E-04,2.01
7933872,EGR2,NM_000399,5.52E-01,0.96,6.07E-07,1.93,1.03E-06,2.01
8015412,JUP,NM_002230,8.00E-02,0.84,2.28E-01,1.13,2.86E-05,2.01
8011093,SLC43A2,NM_152346,7.35E-01,1.01,2.38E-03,1.17,3.95E-09,2
8010243,SYNGR2,NM_004710,2.97E-03,1.21,3.28E-07,1.72,7.67E-08,2
8078014,SLC6A6,NM_003043,5.03E-01,1.04,1.83E-02,0.86,1.06E-07,2
8088180,WNT5A,NM_003392,4.92E-02,1.27,4.49E-04,1.74,1.78E-04,2
7955637,KRT18,NM_199187,7.56E-01,0.96,3.75E-01,1.14,1.13E-03,2
8046488,CDCA7,NM_031942,1.20E-06,0.78,2.05E-11,0.5,1.55E-16,0.12
8003583,KIF22,NM_007317,1.64E-06,0.81,1.31E-10,0.6,1.27E-14,0.28
8127031,MCM3,NM_002388,9.85E-07,0.76,3.57E-11,0.49,2.04E-14,0.22
7994620,KIF22,NM_007317,4.57E-06,0.82,2.77E-10,0.6,2.59E-14,0.29
8055426,MCM6,NM_005915,2.10E-04,0.84,4.31E-10,0.53,6.60E-14,0.23
7957850,GAS2L3,NM_174942,1.17E-03,0.86,2.07E-08,0.61,6.11E-14,0.19
7924096,NEK2,NM_002497,3.75E-03,0.89,7.83E-08,0.67,1.36E-13,0.24
8024900,UHRF1,NM_001048201,6.36E-05,0.81,2.57E-08,0.63,1.18E-13,0.23
8071212,CDC45L,NM_003504,2.34E-04,0.81,4.50E-09,0.53,2.63E-13,0.19
7996211,GINS3,NM_001126129,6.83E-06,0.78,2.00E-09,0.56,3.36E-13,0.26
8062571,FAM83D,NM_030919,2.12E-02,0.92,5.42E-08,0.67,3.89E-13,0.29
8013671,SPAG5,NM_006461,2.23E-02,0.9,5.38E-08,0.59,4.52E-13,0.2
7921033,IQGAP3,NM_178229,5.11E-02,0.93,1.14E-06,0.72,5.01E-13,0.27
8040712,CENPA,NM_001809,1.69E-03,0.86,7.63E-08,0.63,3.36E-13,0.22
7964271,PRIM1,NM_000946,4.45E-04,0.78,4.18E-09,0.43,1.11E-12,0.15
8019842,TYMS,NM_001071,1.00E-01,0.94,2.76E-07,0.69,5.93E-13,0.28
8097857,MND1,NM_032117,1.24E-03,0.81,2.15E-08,0.51,1.14E-12,0.17
7974920,SYNE2,NM_182914,2.49E-01,0.95,3.11E-08,0.56,4.42E-12,0.25
8072687,MCM5,NM_006739,1.77E-04,0.8,3.48E-09,0.52,8.16E-13,0.22
8099524,LDB2,NM_001130834,4.58E-01,1.02,7.29E-02,0.94,1.01E-12,0.32
7900699,CDC20,NM_001255,8.82E-04,0.86,3.07E-07,0.68,6.35E-13,0.27
8173732,TAF9B,NM_015975,4.95E-03,0.86,5.45E-08,0.57,7.11E-13,0.19
8176263,TAF9B,NM_015975,4.95E-03,0.86,5.45E-08,0.57,7.11E-13,0.19
8136869,CASP2,NM_032982,7.79E-03,0.93,1.60E-09,0.67,5.19E-12,0.49
7919642,HIST2H2AB,NM_175065,2.95E-03,0.82,6.11E-08,0.51,1.61E-12,0.15
8108301,KIF20A,NM_005733,1.95E-04,0.79,2.17E-07,0.61,6.52E-13,0.19
7937020,MKI67,NM_002417,2.76E-02,0.89,2.53E-07,0.59,1.90E-12,0.19
7983206,TUBGCP4,NM_014444,9.35E-05,0.87,1.15E-09,0.64,2.49E-12,0.43
8012403,AURKB,NM_004217,2.84E-05,0.77,5.92E-08,0.6,2.45E-12,0.25
8026051,RNASEH2A,NM_006397,2.42E-04,0.85,2.12E-08,0.65,2.44E-12,0.35
8047288,SGOL2,NM_152524,1.06E-02,0.89,1.24E-06,0.7,5.54E-12,0.31
8007071,CDC6,NM_001254,1.19E-03,0.81,9.45E-08,0.54,1.59E-11,0.23
8032491,LMNB2,NM_032737,3.27E-03,0.89,1.33E-07,0.7,9.33E-12,0.4
8013243,SHMT1,NM_004169,2.73E-06,0.75,3.24E-09,0.56,7.93E-12,0.34
8124534,HIST1H4L,NM_003546,5.03E-02,0.91,2.85E-07,0.61,5.71E-12,0.24
8001197,NETO2,NM_018092,1.39E-05,0.73,1.28E-07,0.59,2.47E-12,0.22
8005839,TMEM97,NM_014573,1.24E-03,0.84,3.14E-08,0.58,8.16E-12,0.29
8014233,SLFN11,NM_001104587,6.70E-05,0.77,7.30E-05,0.75,3.54E-12,0.23
8131709,SP4,NM_003112,1.23E-05,0.84,1.74E-08,0.7,1.95E-11,0.49
8163807,PHF19,NM_015651,1.65E-05,0.78,4.27E-09,0.57,9.93E-12,0.34
7923426,UBE2T,NM_014176,1.60E-03,0.83,1.20E-07,0.58,8.28E-12,0.25
7936777,NSMCE4A,NM_017615,6.45E-04,0.89,3.58E-08,0.72,1.61E-11,0.49
7936516,HSPA12A,NM_025015,5.08E-02,0.95,9.63E-05,0.86,4.74E-12,0.45
8144047,PAXIP1,NM_007349,7.75E-05,0.82,2.52E-08,0.63,9.65E-12,0.36
8179228,TCF19,NM_007109,1.35E-01,0.93,3.02E-07,0.63,4.43E-11,0.33
8118086,TCF19,NM_007109,1.07E-01,0.93,2.96E-07,0.63,4.12E-11,0.32
8177947,TCF19,NM_007109,1.07E-01,0.93,2.96E-07,0.63,4.12E-11,0.32
7978846,POLE2,NM_002692,6.16E-03,0.8,6.76E-07,0.5,2.44E-11,0.15
7989657,UNQ353,AY358648,4.26E-03,0.85,3.19E-07,0.6,5.28E-11,0.29
8124380,HIST1H1A,NM_005325,1.22E-03,0.78,1.12E-07,0.49,2.25E-11,0.19
7895665,,---,3.99E-02,0.93,1.68E-06,0.74,1.23E-11,0.38
8063043,UBE2C,NM_181802,1.03E-03,0.82,3.84E-07,0.61,1.57E-11,0.26
7922846,FAM129A,NM_052966,8.01E-05,0.77,3.15E-05,0.74,1.36E-11,0.27
8124166,MBOAT1,NM_001080480,8.26E-01,0.99,1.12E-04,0.71,5.47E-11,0.23
8073062,APOBEC3B,NM_004900,4.22E-03,0.8,6.51E-07,0.54,1.25E-11,0.16
7955736,ESPL1,NM_012291,2.54E-04,0.79,1.15E-07,0.58,3.23E-11,0.28
7991080,BNC1,NM_001717,5.92E-09,0.38,2.77E-09,0.33,2.81E-11,0.16
8064976,DNAJC9,NM_015190,3.35E-02,0.92,2.49E-07,0.67,1.50E-10,0.42
7982204,HMGN2,NM_005517,2.62E-02,0.91,4.16E-08,0.62,3.72E-11,0.38
7985873,C15orf42,NM_152259,2.58E-02,0.86,4.08E-06,0.61,4.62E-11,0.22
8141395,MCM7,NM_005916,2.75E-03,0.83,3.45E-07,0.58,2.89E-11,0.25
8180255,,---,1.31E-01,0.9,7.38E-06,0.6,3.97E-11,0.18
8180321,,---,1.31E-01,0.9,7.38E-06,0.6,3.97E-11,0.18
8051030,SLC5A6,NM_021095,3.52E-06,0.79,4.93E-08,0.69,3.51E-11,0.45
7967736,POLE,NM_006231,2.58E-04,0.82,7.47E-08,0.61,5.52E-11,0.36
8034122,SPC24,NM_182513,1.74E-04,0.75,3.57E-07,0.56,1.30E-11,0.2
8062766,MYBL2,NM_002466,1.82E-02,0.85,9.86E-06,0.63,4.85E-11,0.21
7952179,H2AFX,NM_002105,9.15E-03,0.9,4.24E-07,0.69,6.90E-11,0.41
8020779,DSG2,NM_001943,6.27E-08,0.35,2.55E-09,0.22,1.30E-07,0.3
8124416,HIST1H3D,NM_003530,9.92E-03,0.84,3.80E-07,0.54,5.89E-11,0.23
8112260,DEPDC1B,NM_018369,1.17E-01,0.91,3.02E-06,0.61,9.62E-11,0.24
8034772,ASF1B,NM_018154,1.14E-03,0.78,3.41E-07,0.54,2.90E-11,0.21
8008310,EME1,NM_152463,3.42E-05,0.75,1.27E-07,0.59,2.93E-11,0.3
8124527,HIST1H1B,NM_005322,2.06E-02,0.78,8.23E-06,0.47,3.35E-11,0.08
7954029,CDKN1B,NM_004064,3.22E-05,0.79,2.84E-08,0.6,1.99E-10,0.42
7924603,LBR,NM_002296,1.69E-01,0.93,6.92E-06,0.65,7.85E-11,0.26
8124518,HIST1H2AJ,NM_021066,2.89E-05,0.55,2.15E-08,0.28,4.35E-11,0.09
8104234,TRIP13,NM_004237,8.56E-02,0.92,2.59E-06,0.66,6.74E-11,0.31
8098423,NEIL3,NM_018248,1.56E-02,0.83,1.59E-06,0.55,5.21E-11,0.19
7963157,RACGAP1,NM_013277,7.72E-02,0.92,9.44E-06,0.71,4.99E-11,0.32
7951826,BUD13,NM_032725,3.27E-04,0.85,3.83E-08,0.66,5.87E-11,0.44
7926319,SUV39H2,NM_024670,3.43E-01,0.96,5.86E-05,0.76,1.49E-10,0.37
8000409,HMGN2,NM_005517,3.38E-02,0.91,6.72E-08,0.62,6.37E-11,0.37
7950899,RAB38,NM_022337,9.14E-01,1,3.64E-03,0.84,1.12E-10,0.34
7982663,BUB1B,NM_001211,4.78E-03,0.79,5.28E-06,0.57,5.04E-11,0.17
7953844,DDX12,NM_004400,9.19E-04,0.79,8.48E-07,0.59,5.95E-11,0.26
7910416,URB2,NM_014777,6.04E-03,0.9,3.42E-06,0.76,8.42E-11,0.44
7948229,SLC43A3,NM_017611,3.38E-04,0.86,5.07E-07,0.73,7.50E-11,0.46
8003503,FANCA,NM_000135,4.02E-03,0.82,1.55E-06,0.59,7.64E-11,0.24
7975045,MTHFD1,NM_005956,2.41E-04,0.83,9.36E-07,0.71,3.55E-11,0.39
8082350,MCM2,NM_004526,1.13E-05,0.69,3.06E-08,0.5,4.96E-11,0.26
8140151,RFC2,NM_181471,5.29E-02,0.92,6.19E-07,0.66,2.76E-10,0.4
7926259,MCM10,NM_182751,7.57E-03,0.8,3.69E-06,0.55,1.22E-10,0.19
8075785,FOXRED2,NM_024955,1.01E-05,0.73,8.55E-09,0.52,4.45E-11,0.32
7904465,HIST2H2BA,NR_027337,2.24E-02,0.91,7.59E-07,0.71,9.97E-11,0.43
7991406,PRC1,NM_003981,1.03E-01,0.91,1.50E-05,0.66,8.43E-11,0.25
7947189,CCDC34,NM_030771,1.95E-02,0.9,5.16E-07,0.67,9.95E-11,0.38
8018849,TK1,NM_003258,9.35E-03,0.85,4.86E-06,0.64,4.21E-11,0.25
8068478,CHAF1B,NM_005441,2.03E-03,0.78,7.48E-07,0.53,9.66E-11,0.21
8117408,HIST1H2AE,NM_021052,2.96E-02,0.84,8.88E-06,0.57,1.19E-10,0.18
7945071,FOXRED1,NM_017547,1.90E-04,0.84,6.09E-08,0.67,1.73E-10,0.47
8117594,HIST1H2BM,NM_003521,8.16E-02,0.86,1.26E-05,0.54,9.02E-11,0.14
7903565,GPSM2,NM_013296,3.48E-02,0.87,2.67E-05,0.67,2.00E-10,0.27
8141950,RELN,NM_005045,4.25E-06,0.54,8.53E-09,0.31,3.60E-11,0.12
8103728,HMGB2,NM_001130688,9.95E-03,0.78,5.21E-06,0.5,1.16E-10,0.13
8129120,FAM162B,NM_001085480,1.25E-03,0.88,1.35E-05,0.79,6.71E-11,0.46
7948192,SSRP1,NM_003146,4.28E-03,0.84,3.13E-06,0.64,1.18E-10,0.29
7896287,,---,1.38E-03,0.87,2.42E-06,0.73,7.02E-11,0.41
7933164,HNRNPF,NM_004966,6.29E-04,0.87,2.08E-06,0.77,1.43E-10,0.49
7961031,DDX12,NM_004400,1.72E-03,0.8,1.74E-06,0.61,2.18E-10,0.29
8059838,HJURP,NM_018410,3.87E-02,0.89,7.55E-05,0.73,2.91E-10,0.33
8012958,UBE2S,NM_014501,6.05E-02,0.92,4.82E-06,0.73,2.23E-10,0.42
8158714,EXOSC2,NM_014285,3.36E-04,0.82,6.95E-07,0.67,2.00E-10,0.4
8097773,MAB21L2,NM_006439,1.60E-06,0.38,2.26E-08,0.22,1.82E-10,0.07
7901010,KIF2C,NM_006845,9.53E-02,0.88,3.71E-05,0.62,2.15E-10,0.2
8007673,DBF4B,BC033660,1.50E-04,0.79,1.30E-05,0.72,1.64E-10,0.36
7936706,C10orf119,NM_024834,4.75E-03,0.89,2.02E-06,0.73,8.27E-10,0.49
8043602,NCAPH,NM_015341,8.57E-03,0.8,5.47E-06,0.55,1.95E-10,0.18
8114425,CDC25C,NM_001790,1.81E-01,0.91,2.55E-05,0.64,5.02E-10,0.26
7954655,DDX11,NM_030653,6.09E-04,0.79,1.47E-06,0.61,2.53E-10,0.3
8143144,PTN,NM_002825,1.01E-01,0.88,2.61E-04,0.68,2.14E-10,0.2
8112327,CKS1B,NM_001826,2.03E-01,0.94,2.37E-06,0.67,1.23E-09,0.41
7940147,FAM111B,NM_198947,5.18E-02,0.82,7.99E-06,0.49,4.87E-10,0.14
7898549,MRTO4,NM_016183,9.13E-03,0.89,2.05E-07,0.65,1.34E-09,0.47
7916316,TMEM48,NM_018087,2.74E-02,0.88,2.68E-06,0.63,3.78E-10,0.31
7933707,ZWINT,NM_032997,2.46E-03,0.81,6.16E-07,0.58,3.85E-10,0.31
8107706,LMNB1,NM_005573,2.84E-02,0.81,9.84E-06,0.52,4.40E-10,0.16
7968658,EXOSC8,NM_181503,9.85E-04,0.8,4.36E-07,0.59,1.08E-09,0.36
7968563,RFC3,NM_002915,9.91E-02,0.88,6.42E-06,0.57,9.05E-10,0.25
7951752,USP28,NM_020886,4.18E-04,0.82,4.69E-06,0.71,2.07E-10,0.39
7962760,SENP1,NM_014554,3.14E-03,0.87,6.74E-07,0.67,3.09E-10,0.42
7905088,HIST2H2AC,NM_003517,9.76E-02,0.9,2.35E-06,0.6,1.27E-09,0.33
8124397,HIST1H1C,NM_005319,1.43E-02,0.86,1.64E-07,0.54,1.06E-09,0.34
8124524,HIST1H2AK,NM_003510,2.65E-01,0.9,1.11E-05,0.51,1.51E-09,0.18
8097356,PLK4,NM_014264,1.47E-01,0.87,3.82E-05,0.54,4.73E-10,0.14
7913869,STMN1,NM_203401,2.23E-01,0.96,4.42E-05,0.8,5.83E-10,0.5
7926896,CKS1B,NM_001826,2.31E-01,0.94,2.86E-06,0.67,1.93E-09,0.42
8007569,C17orf53,AK291924,1.59E-03,0.84,2.48E-06,0.68,3.72E-10,0.38
7901192,RAD54L,NM_003579,6.61E-02,0.89,3.84E-06,0.62,1.37E-09,0.33
7938366,WEE1,BX641032,3.01E-01,0.93,1.65E-04,0.67,6.86E-10,0.23
7894845,,---,3.75E-01,0.96,3.74E-05,0.76,7.66E-10,0.43
8117225,GMNN,NM_015895,2.11E-02,0.84,1.04E-05,0.6,9.49E-10,0.26
8144036,XRCC2,NM_005431,4.84E-02,0.83,1.17E-05,0.52,9.60E-10,0.18
7966878,CIT,NM_007174,2.09E-01,0.91,2.78E-05,0.61,6.36E-10,0.23
7971661,,---,3.06E-02,0.85,7.32E-06,0.59,1.37E-09,0.27
8033912,DNMT1,NM_001130823,4.02E-02,0.9,3.64E-05,0.74,4.08E-10,0.38
7927202,ZNF22,NM_006963,2.35E-03,0.83,2.10E-06,0.65,8.67E-10,0.38
7953351,NCAPD2,NM_014865,3.21E-03,0.82,7.58E-06,0.65,3.17E-10,0.3
7961767,KIAA0528,AK295862,3.67E-03,0.88,8.06E-07,0.7,7.43E-10,0.47
7983969,CCNB2,NM_004701,6.20E-02,0.86,1.85E-05,0.58,5.77E-10,0.2
8171297,MID1,NM_000381,3.65E-03,0.86,1.06E-06,0.66,7.28E-10,0.41
8162514,FANCC,NM_000136,5.59E-05,0.78,1.09E-06,0.67,4.86E-10,0.41
8102643,CCNA2,NM_001237,1.04E-01,0.9,1.67E-05,0.65,7.90E-10,0.3
8180309,,---,4.22E-09,0.43,3.47E-08,0.48,9.17E-10,0.32
7900167,CDCA8,NM_018101,7.67E-03,0.82,4.55E-05,0.66,3.80E-10,0.25
8001133,SHCBP1,NM_024745,3.88E-01,0.94,1.83E-04,0.68,1.20E-09,0.26
8079237,KIF15,NM_020242,3.10E-02,0.78,4.91E-05,0.52,5.95E-10,0.12
8066200,KIAA0406,BC013755,1.39E-05,0.78,3.42E-07,0.68,3.50E-10,0.46
8046804,NUP35,NM_138285,1.09E-01,0.92,4.76E-05,0.74,1.61E-09,0.41
7901091,TOE1,NM_025077,3.57E-04,0.79,1.89E-06,0.65,9.80E-10,0.39
8090448,RUVBL1,NM_003707,1.34E-02,0.9,2.48E-05,0.78,5.71E-10,0.47
7996593,CTCF,NM_006565,1.10E-04,0.8,6.42E-06,0.72,3.55E-10,0.41
7916727,ITGB3BP,NM_014288,1.65E-02,0.85,1.08E-06,0.58,2.78E-09,0.35
8025429,HNRNPM,NM_005968,2.06E-02,0.91,1.41E-05,0.77,6.06E-10,0.48
8124413,HIST1H4D,NM_003539,2.61E-02,0.8,2.65E-06,0.46,2.19E-09,0.19
7899134,CCDC21,NM_022778,5.38E-02,0.91,1.31E-05,0.72,9.88E-10,0.42
8038624,C19orf48,NM_199249,1.63E-04,0.78,7.02E-06,0.69,1.41E-09,0.41
8044473,POLR1B,NM_019014,4.42E-03,0.89,7.33E-06,0.76,7.66E-10,0.49
7976160,TDP1,NM_018319,7.70E-03,0.88,3.31E-06,0.72,2.84E-09,0.49
8179564,KIFC1,NM_002263,1.92E-02,0.81,8.45E-06,0.54,1.02E-09,0.2
8076393,CENPM,NM_024053,1.33E-03,0.84,6.25E-07,0.66,1.29E-09,0.45
7901788,NFIA,NM_001134673,8.33E-07,0.62,1.79E-08,0.49,4.40E-10,0.33
7965156,LIN7A,NM_004664,1.46E-06,1.89,3.85E-03,1.32,8.08E-08,0.37
8145418,CDCA2,NM_152562,2.22E-02,0.83,9.75E-06,0.57,1.42E-09,0.25
8145555,SCARA3,NM_016240,9.46E-02,0.93,1.62E-05,0.76,5.38E-10,0.45
8028916,SNRPA,NM_004596,4.70E-04,0.85,1.80E-06,0.73,4.17E-10,0.47
8147000,ZFHX4,NM_024721,3.70E-02,0.86,2.92E-06,0.56,2.49E-09,0.29
8083887,CLDN11,NM_005602,2.82E-01,0.95,6.11E-03,0.84,5.64E-10,0.35
8117608,HIST1H2AL,NM_003511,1.31E-02,0.8,7.93E-06,0.55,9.52E-10,0.22
8084206,B3GNT5,NM_032047,9.00E-06,0.63,1.34E-07,0.48,9.78E-08,0.43
8002762,RFWD3,NM_018124,1.51E-01,0.93,1.86E-05,0.7,2.32E-09,0.4
8102560,MAD2L1,NM_002358,3.71E-02,0.84,1.32E-05,0.57,2.00E-09,0.24
7899462,RCC1,NM_001048194,7.29E-05,0.76,6.16E-07,0.62,5.59E-10,0.37
8019857,NDC80,NM_006101,1.81E-02,0.81,4.12E-05,0.59,1.08E-09,0.21
7982792,RAD51,NM_002875,2.41E-01,0.93,1.01E-04,0.69,1.01E-08,0.37
7974404,CDKN3,NM_005192,2.74E-02,0.8,2.61E-05,0.54,8.82E-10,0.16
8105828,CCNB1,NM_031966,5.07E-02,0.86,6.41E-05,0.64,1.06E-09,0.25
7939158,QSER1,NM_001076786,1.25E-01,0.94,1.65E-04,0.8,3.17E-09,0.49
7948900,SNORD30,NR_002561,2.73E-03,0.78,8.02E-06,0.6,2.30E-09,0.3
7953130,C12orf32,NR_027363,3.13E-04,0.84,1.81E-06,0.73,2.96E-10,0.46
8040070,SOX11,NM_003108,5.56E-01,0.98,3.88E-06,0.71,5.51E-09,0.49
7901497,ZYG11A,NM_001004339,4.76E-03,0.84,1.23E-05,0.69,3.36E-09,0.41
7959025,RNFT2,NM_001109903,3.77E-06,0.72,8.08E-08,0.61,3.47E-10,0.4
7986446,ALDH1A3,NM_000693,5.92E-08,0.6,7.59E-08,0.59,1.24E-09,0.43
8051622,SFRS7,NM_001031684,8.36E-02,0.91,1.33E-04,0.75,2.22E-09,0.4
8039491,UBE2S,NM_014501,2.40E-02,0.89,9.71E-06,0.71,1.09E-09,0.42
8125919,FKBP5,NM_001145775,3.22E-02,0.79,2.73E-05,0.51,6.49E-10,0.13
7995574,HNRNPA1,NM_002136,7.58E-02,0.93,2.57E-05,0.78,1.05E-09,0.5
8003204,GINS2,NM_016095,1.08E-01,0.88,1.36E-05,0.58,3.12E-09,0.27
8035236,HAUS8,NM_033417,2.30E-02,0.87,3.03E-05,0.7,1.60E-08,0.44
7995976,CPNE2,NM_152727,9.77E-03,0.86,4.93E-06,0.67,7.67E-10,0.37
8004804,PFAS,NM_012393,8.32E-04,0.8,3.24E-06,0.65,1.63E-09,0.38
8057803,TMEFF2,NM_016192,6.84E-03,1.3,1.18E-01,0.86,2.38E-08,0.29
8093539,WHSC1,NM_133330,1.59E-01,0.91,7.27E-05,0.67,2.97E-09,0.31
8036777,FBL,NM_001436,2.19E-03,0.87,4.86E-06,0.74,1.11E-09,0.48
8061471,GINS1,NM_021067,8.81E-02,0.86,1.02E-04,0.6,2.62E-09,0.21
7919612,HIST2H3D,NM_001123375,8.72E-02,0.87,1.18E-05,0.58,2.43E-09,0.26
8003844,GSG2,NM_031965,2.09E-02,0.86,3.65E-05,0.68,2.16E-09,0.34
8071332,RANBP1,NM_002882,1.57E-01,0.93,8.64E-06,0.69,2.16E-09,0.41
8117377,HIST1H1E,NM_005321,1.48E-01,0.92,1.02E-04,0.72,1.37E-09,0.34
7947110,E2F8,NM_024680,1.23E-03,0.68,8.19E-07,0.41,3.96E-09,0.2
8117583,HIST1H2AI,NM_003509,9.53E-03,0.77,3.48E-06,0.48,2.44E-09,0.2
8138735,HOXA5,NM_019102,9.28E-07,0.47,9.11E-08,0.37,2.23E-09,0.21
7955613,KRT7,NM_005556,2.07E-08,0.27,6.24E-08,0.29,2.16E-07,0.29
7932584,PRTFDC1,NM_020200,1.16E-01,0.93,1.20E-05,0.73,2.91E-09,0.47
8081241,C3orf26,BC006512,3.32E-02,0.87,5.16E-06,0.63,5.53E-09,0.38
8060286,DTYMK,NM_012145,1.34E-02,0.87,1.03E-05,0.7,2.07E-09,0.41
8077262,DTYMK,NM_012145,1.34E-02,0.87,1.03E-05,0.7,2.07E-09,0.41
7906930,NUF2,NM_145697,2.26E-01,0.88,2.30E-04,0.58,3.22E-09,0.16
8124430,HIST1H1D,NM_005320,1.31E-03,0.72,1.37E-07,0.4,1.42E-08,0.29
8107307,CAMK4,NM_001744,1.92E-04,0.79,8.15E-07,0.65,9.43E-09,0.48
7969171,DLEU1,NR_002605,1.30E-03,0.82,2.80E-05,0.72,9.94E-10,0.39
7929334,CEP55,NM_018131,1.57E-01,0.9,1.29E-04,0.65,2.05E-09,0.25
7942832,C11orf82,NM_145018,2.68E-01,0.9,2.79E-04,0.6,3.58E-09,0.18
7964145,TIMELESS,NM_003920,6.95E-03,0.8,1.59E-05,0.6,1.56E-09,0.27
8112570,MRPS27,NM_015084,1.35E-03,0.86,3.04E-06,0.74,7.86E-10,0.49
7918300,PSRC1,NM_001032290,4.26E-03,0.85,1.90E-05,0.72,5.87E-09,0.46
8118669,KIFC1,NM_002263,1.94E-02,0.8,1.86E-05,0.55,3.10E-09,0.22
8016139,KIF18B,NM_001080443,3.18E-03,0.77,8.43E-06,0.57,1.78E-09,0.26
7971077,POSTN,NM_006475,3.45E-08,0.39,4.17E-02,0.83,3.34E-07,0.4
8138741,HOXA6,NM_024014,9.55E-08,0.42,3.02E-08,0.36,8.46E-09,0.28
7930008,NOLC1,NM_004741,3.29E-02,0.91,1.08E-03,0.83,4.29E-09,0.49
8040578,CENPO,NM_024322,1.63E-01,0.91,5.93E-05,0.67,3.81E-09,0.33
8156126,RMI1,NM_024945,1.54E-01,0.9,2.30E-05,0.62,1.32E-08,0.34
8109639,PTTG1,NM_004219,4.31E-01,0.95,1.81E-04,0.68,3.51E-09,0.29
8125125,LSM2,NM_021177,3.56E-03,0.85,1.05E-06,0.65,4.03E-09,0.45
8178641,LSM2,NM_021177,3.56E-03,0.85,1.05E-06,0.65,4.03E-09,0.45
8179839,LSM2,NM_021177,3.56E-03,0.85,1.05E-06,0.65,4.03E-09,0.45
7913852,C1orf135,BC000209,3.65E-02,0.86,2.61E-04,0.71,1.57E-08,0.36
8005957,SNORD4B,NR_000009,9.52E-03,0.85,6.01E-05,0.71,3.08E-09,0.37
8085628,ANKRD28,NM_015199,5.11E-01,0.97,1.15E-04,0.75,3.18E-09,0.42
7980636,EML5,NM_183387,1.49E-06,2.44,1.11E-01,1.21,4.18E-06,0.38
7994109,PLK1,NM_005030,1.40E-02,0.82,1.23E-04,0.66,1.57E-09,0.26
8117368,HIST1H4C,NM_003542,1.04E-01,0.89,3.73E-05,0.62,1.30E-08,0.33
8115410,GEMIN5,NM_015465,1.03E-03,0.85,7.86E-06,0.74,2.52E-09,0.5
8000013,ERI2,NM_001142725,2.49E-03,0.84,2.52E-06,0.66,5.35E-09,0.44
8173208,SPIN4,NM_001012968,1.32E-01,0.92,1.54E-04,0.75,6.12E-09,0.43
7982889,NUSAP1,NM_016359,3.06E-02,0.8,8.78E-05,0.57,2.09E-09,0.18
8004167,FAM64A,ENST00000308855,2.68E-01,0.91,2.90E-04,0.64,6.58E-09,0.24
8124540,HIST1H2AM,NM_003514,7.17E-03,0.74,3.39E-06,0.44,5.35E-09,0.19
8124388,HIST1H3B,NM_003537,7.35E-02,0.83,5.69E-05,0.54,2.65E-09,0.17
8124440,HIST1H3G,NM_003534,8.61E-03,0.75,1.15E-05,0.5,4.46E-09,0.2
8069933,C21orf45,NM_018944,1.71E-02,0.84,3.89E-06,0.59,1.79E-08,0.38
7909708,CENPF,NM_016343,1.49E-01,0.87,2.14E-04,0.59,3.65E-09,0.19
7919589,HIST2H3D,NM_001123375,6.11E-02,0.87,1.15E-05,0.6,6.96E-09,0.32
7957737,TMPO,NM_001032283,4.55E-02,0.81,5.60E-05,0.54,5.31E-09,0.19
8022747,B4GALT6,NM_004775,2.22E-08,0.31,1.12E-08,0.26,2.10E-07,0.32
7948908,SNORD26,NR_002564,7.56E-03,0.77,1.14E-05,0.53,1.05E-08,0.25
7970513,SKA3,NM_145061,8.49E-02,0.83,2.81E-04,0.58,3.96E-09,0.17
8040440,GEN1,NM_182625,9.41E-02,0.91,8.14E-06,0.66,4.50E-08,0.46
8070046,C21orf66,NR_027873,7.68E-03,0.87,5.74E-05,0.76,5.69E-09,0.47
8038347,TEAD2,NM_003598,2.96E-04,0.79,4.19E-06,0.67,2.14E-09,0.4
7983843,TCF12,NM_207036,5.84E-04,0.81,4.66E-06,0.69,1.33E-09,0.42
7955195,TROAP,NM_005480,8.51E-03,0.77,1.21E-04,0.61,2.52E-09,0.22
7985213,CHRNA5,NM_000745,9.72E-04,0.7,1.52E-05,0.54,1.18E-08,0.26
8054580,BUB1,NM_004336,9.37E-02,0.85,2.00E-04,0.6,4.98E-09,0.2
7977841,HAUS4,NM_017815,2.39E-04,0.78,1.69E-06,0.65,2.32E-09,0.41
8101945,H2AFZ,NM_002106,9.54E-02,0.91,7.19E-06,0.67,8.06E-09,0.44
7986068,BLM,NM_000057,8.61E-02,0.82,1.27E-04,0.52,9.33E-09,0.16
8145570,ESCO2,NM_001017420,7.31E-02,0.82,1.70E-04,0.57,9.32E-09,0.19
8015642,PSMC3IP,NM_016556,1.83E-01,0.93,2.50E-04,0.74,1.21E-08,0.42
8121911,C6orf173,NM_001012507,1.59E-01,0.87,8.96E-05,0.57,9.08E-09,0.22
8117339,HIST1H3C,NM_003531,5.46E-03,0.8,3.88E-06,0.56,1.41E-08,0.34
8083709,SMC4,NM_005496,8.49E-02,0.84,1.33E-04,0.59,4.99E-09,0.21
7945040,HYLS1,NM_145014,3.26E-03,0.79,7.76E-06,0.61,8.78E-09,0.35
8117589,HIST1H3H,NM_003536,5.40E-03,0.79,1.22E-06,0.51,1.75E-08,0.33
7983306,WDR76,NM_024908,9.75E-02,0.85,8.83E-05,0.56,7.54E-09,0.21
7989146,MNS1,NM_018365,1.14E-02,0.75,1.24E-05,0.48,8.67E-09,0.19
8143663,EZH2,NM_004456,1.13E-01,0.83,1.33E-04,0.53,8.30E-09,0.16
7935730,CWF19L1,NM_018294,2.10E-02,0.88,1.35E-05,0.7,2.15E-08,0.48
7984569,LRRC49,NM_017691,8.06E-03,0.86,1.62E-04,0.76,4.00E-09,0.42
7955019,ARID2,NM_152641,1.21E-01,0.93,1.29E-04,0.76,8.48E-09,0.47
8175177,MBNL3,NM_018388,6.66E-07,0.6,1.38E-07,0.53,5.79E-08,0.47
7902913,CDC7,NM_003503,1.12E-02,0.77,5.90E-06,0.49,1.40E-08,0.25
7907222,PRRX1,NM_006902,2.79E-01,1.06,1.37E-01,0.91,1.07E-08,0.41
8156341,CENPP,NM_001012267,5.41E-03,0.82,2.88E-06,0.6,1.19E-08,0.39
8065710,E2F1,NM_005225,2.55E-02,0.89,7.85E-06,0.69,2.88E-08,0.5
8060675,CDC25B,NM_021873,1.79E-04,0.71,2.58E-06,0.57,3.67E-09,0.32
8117922,PRR3,NM_025263,2.83E-05,0.76,7.45E-06,0.71,1.61E-09,0.44
7893709,,---,7.03E-04,0.84,6.84E-06,0.73,2.83E-09,0.48
7974366,PTGER2,NM_000956,1.97E-03,0.65,3.35E-05,0.47,2.23E-09,0.13
8117140,CDKAL1,NM_017774,2.30E-01,0.94,1.57E-04,0.74,1.25E-08,0.43
8077731,FANCD2,NM_033084,6.20E-02,0.8,1.33E-04,0.54,7.80E-09,0.17
7896184,,---,2.55E-01,0.94,5.19E-04,0.79,7.45E-09,0.45
8138489,CDCA7L,NM_018719,1.71E-02,0.85,3.93E-05,0.67,9.99E-09,0.38
7990873,MEX3B,NM_032246,3.51E-03,0.84,1.45E-04,0.76,5.97E-09,0.44
7932985,NRP1,NM_003873,8.71E-04,0.75,1.81E-04,0.69,3.08E-09,0.31
8124813,MDC1,NM_014641,6.88E-03,0.86,1.06E-05,0.69,1.54E-08,0.47
8178404,MDC1,NM_014641,6.88E-03,0.86,1.06E-05,0.69,1.54E-08,0.47
8021101,HAUS1,NR_026978,1.21E-02,0.87,2.18E-05,0.71,1.28E-08,0.47
7959052,RFC5,NM_181578,9.65E-02,0.87,4.22E-05,0.59,2.29E-08,0.3
7938364,WEE1,BX641032,8.85E-01,0.99,8.12E-04,0.67,7.00E-08,0.32
8118963,FANCE,NM_021922,9.52E-02,0.9,6.70E-05,0.68,2.72E-08,0.4
8144378,AGPAT5,NM_018361,4.90E-02,0.85,7.71E-05,0.63,2.50E-08,0.33
8115196,ZNF300,NM_052860,6.12E-02,0.83,1.06E-04,0.58,5.65E-09,0.21
7927710,CDC2,NM_001786,4.31E-02,0.8,3.23E-05,0.51,1.40E-08,0.21
8056572,SPC25,NM_020675,5.46E-02,0.78,2.05E-04,0.52,1.02E-08,0.15
8016147,KIF18B,NM_001080443,3.70E-02,0.83,7.00E-05,0.6,1.32E-08,0.27
8010260,BIRC5,NM_001168,1.54E-02,0.84,3.71E-05,0.66,7.47E-09,0.36
7909568,DTL,NM_016448,2.30E-01,0.89,5.14E-04,0.62,1.89E-08,0.23
7982757,CASC5,NM_170589,4.70E-01,0.93,1.12E-03,0.63,1.89E-08,0.2
8152668,ATAD2,NM_014109,1.68E-01,0.88,2.08E-04,0.62,2.72E-08,0.27
7960340,FOXM1,NM_202002,1.04E-02,0.74,9.72E-05,0.54,4.78E-09,0.17
8008982,TBX4,NM_018488,5.03E-09,0.35,1.79E-08,0.37,1.64E-07,0.4
7901123,NASP,NM_172164,6.15E-02,0.85,2.14E-04,0.65,1.48E-08,0.29
7904572,,---,1.20E-06,0.39,7.19E-08,0.27,6.49E-07,0.3
7905085,HIST2H3A,NM_001005464,1.05E-01,0.87,5.32E-05,0.59,2.75E-08,0.3
7919614,HIST2H3A,NM_001005464,1.05E-01,0.87,5.32E-05,0.59,2.75E-08,0.3
7957008,CPSF6,NM_007007,2.50E-03,0.84,5.72E-05,0.74,1.22E-08,0.47
7893921,,---,2.23E-03,0.84,9.67E-05,0.76,6.80E-09,0.46
7958031,C12orf48,AK302724,4.47E-02,0.82,7.23E-05,0.57,3.52E-08,0.26
7949364,CDCA5,NM_080668,2.00E-02,0.8,7.97E-05,0.6,1.51E-08,0.27
7902425,ST6GALNAC3,NM_152996,1.22E-07,0.53,8.46E-07,0.56,3.35E-08,0.42
8006479,LIG3,NM_013975,3.41E-02,0.9,2.55E-05,0.72,1.97E-08,0.49
8170468,HMGB3,NM_005342,6.92E-02,0.87,5.45E-05,0.63,3.09E-08,0.35
7924733,PARP1,NM_001618,5.50E-02,0.87,1.82E-04,0.69,1.71E-08,0.36
8094301,SLIT2,NM_004787,3.38E-02,1.39,4.11E-01,0.88,5.42E-08,0.14
7987636,OIP5,NM_007280,6.81E-02,0.84,7.97E-04,0.66,3.13E-08,0.28
7895521,,---,4.68E-01,0.96,2.47E-05,0.67,6.87E-08,0.45
7948896,SNORD22,NR_000008,3.55E-03,0.76,8.36E-06,0.55,5.63E-08,0.34
8150599,PRKDC,NM_006904,4.79E-01,0.96,2.48E-04,0.76,7.13E-08,0.5
7940561,FEN1,NM_004111,5.89E-02,0.87,4.84E-05,0.66,1.99E-07,0.45
7989647,KIAA0101,NM_014736,1.36E-01,0.85,7.48E-04,0.6,1.44E-08,0.19
7929258,KIF11,NM_004523,1.82E-01,0.86,4.65E-04,0.57,1.96E-08,0.18
7932109,SEPHS1,NM_012247,4.74E-02,0.89,4.54E-05,0.71,4.59E-08,0.47
8102362,TIFA,NM_052864,3.45E-01,0.94,8.98E-02,0.88,5.07E-08,0.38
8117330,HIST1H3A,NM_003529,5.31E-02,0.78,4.12E-05,0.46,2.77E-08,0.18
8094901,GABRB1,NM_000812,4.92E-05,1.89,6.30E-02,1.25,1.06E-06,0.33
8006237,LOC400590,ENST00000433145,1.54E-04,0.75,3.83E-07,0.57,2.32E-08,0.44
8151074,PDE7A,NM_002603,1.66E-02,0.87,1.14E-04,0.74,1.55E-08,0.45
7896059,,---,1.72E-03,0.8,4.24E-06,0.63,8.58E-09,0.41
8059071,NHEJ1,NM_024782,5.74E-04,0.81,1.75E-05,0.71,8.98E-09,0.46
8103932,MLF1IP,NM_024629,2.64E-01,0.89,2.65E-04,0.58,4.32E-08,0.24
8152522,ENPP2,NM_006209,1.46E-03,0.77,1.23E-06,0.55,8.19E-09,0.34
8058695,BARD1,NM_000465,9.62E-01,1,2.42E-03,0.73,1.06E-07,0.36
8124531,HIST1H3I,NM_003533,1.42E-01,0.87,6.54E-04,0.64,1.43E-08,0.23
7956949,NUP107,NM_020401,2.22E-01,0.91,1.19E-04,0.65,6.90E-08,0.36
8171381,FANCB,NM_001018113,5.42E-01,0.94,7.83E-04,0.62,4.28E-08,0.24
7979307,DLGAP5,NM_014750,1.75E-01,0.86,2.35E-03,0.65,1.83E-08,0.19
7992594,CCNF,NM_001761,1.50E-02,0.78,3.17E-04,0.62,1.78E-08,0.25
8085754,SGOL1,NM_001012410,1.44E-01,0.82,9.03E-04,0.55,2.77E-08,0.14
8030641,POLD1,NM_002691,1.01E-02,0.83,1.88E-05,0.64,2.91E-08,0.4
7945014,CHEK1,NM_001274,1.05E-01,0.89,1.06E-04,0.68,7.00E-08,0.41
8087839,WDR51A,NM_015426,7.88E-02,0.88,2.03E-04,0.7,2.03E-08,0.37
7993776,LOC81691,NM_030941,1.36E-01,0.91,6.66E-06,0.63,4.79E-08,0.44
7924119,INTS7,NM_015434,1.28E-01,0.9,3.39E-04,0.72,3.70E-08,0.41
7927669,TFAM,NM_003201,5.37E-02,0.86,3.36E-05,0.63,7.30E-08,0.39
8035628,NR2C2AP,NM_176880,2.14E-03,0.77,6.36E-06,0.58,2.70E-08,0.36
8005953,SNORD4A,NR_000010,8.25E-03,0.8,4.23E-05,0.63,2.34E-08,0.34
8124510,HIST1H2BL,NM_003519,7.75E-02,0.84,6.04E-05,0.55,8.33E-08,0.28
7953218,RAD51AP1,NM_001130862,1.53E-01,0.84,4.04E-04,0.55,5.61E-08,0.19
7923086,ASPM,NM_018136,3.04E-01,0.88,1.06E-03,0.59,3.38E-08,0.19
7916167,ORC1L,NM_004153,2.01E-02,0.76,4.26E-05,0.5,3.44E-08,0.22
8004144,MIS12,NM_024039,1.14E-02,0.85,1.78E-04,0.73,4.14E-08,0.45
7964522,CDK4,NM_000075,8.25E-02,0.91,3.49E-04,0.76,2.88E-08,0.46
7969243,CKAP2,NM_018204,7.08E-01,0.98,2.03E-03,0.76,4.38E-08,0.39
8106923,NR2F1,NM_005654,2.02E-05,0.66,5.57E-06,0.61,6.05E-09,0.35
7974198,PPIL5,NM_152329,7.13E-02,0.88,1.36E-04,0.69,3.30E-08,0.39
8175420,RBMX,NM_002139,8.72E-03,0.83,5.34E-05,0.68,1.79E-08,0.39
7894964,,---,6.72E-03,0.84,2.17E-05,0.68,4.39E-08,0.46
8120043,RUNX2,NM_001024630,2.36E-03,0.82,9.12E-04,0.78,8.42E-09,0.42
7903188,PTBP2,NM_021190,3.42E-02,0.89,3.80E-04,0.77,4.73E-08,0.49
7989975,CLN6,NM_017882,4.25E-02,0.87,2.16E-05,0.64,5.12E-08,0.41
7937915,RRM1,NM_001033,1.91E-01,0.91,1.00E-04,0.67,5.77E-08,0.4
8042737,ALMS1,NM_015120,4.82E-02,0.89,2.16E-04,0.74,4.39E-08,0.47
7954006,BCL2L14,ENST00000396369,1.34E-02,0.87,2.01E-05,0.7,2.57E-08,0.48
8091972,MECOM,NM_001105078,8.42E-01,1.01,6.37E-01,1.03,5.47E-08,0.49
8136448,CHRM2,NM_001006630,6.53E-01,0.97,2.76E-03,0.79,3.00E-08,0.42
8102371,C4orf21,NM_001099776,2.99E-01,0.91,3.55E-04,0.64,1.87E-07,0.34
7960702,CDCA3,NM_031299,3.48E-02,0.79,2.32E-04,0.59,2.86E-08,0.23
8174576,AMOT,NM_133265,3.73E-04,0.78,5.96E-06,0.66,2.80E-08,0.47
7952830,NCAPD3,NM_015261,4.46E-02,0.83,8.35E-05,0.6,4.55E-08,0.3
7943297,CEP57,NM_014679,2.44E-02,0.88,8.04E-05,0.74,3.03E-08,0.48
8124437,HIST1H3F,NM_021018,1.99E-01,0.87,1.37E-04,0.54,7.22E-08,0.23
8124537,HIST1H3J,NM_003535,8.70E-02,0.76,1.42E-04,0.41,5.83E-08,0.12
7904452,FAM72D,AB096683,1.05E-02,0.75,1.29E-04,0.56,3.65E-08,0.24
8073766,RIBC2,NM_015653,2.30E-05,0.64,2.20E-07,0.47,3.66E-07,0.45
8162601,ZNF367,NM_153695,3.68E-01,0.93,9.14E-04,0.7,3.83E-07,0.4
7943369,TMEM133,NM_032021,5.86E-02,1.16,6.76E-03,0.78,1.00E-06,0.46
7961022,PZP,ENST00000381997,7.69E-03,0.86,1.77E-05,0.7,2.83E-08,0.48
7929438,HELLS,NM_018063,4.17E-01,0.91,7.98E-04,0.58,1.73E-07,0.23
7948476,PRPF19,NM_014502,1.49E-03,0.81,1.92E-05,0.69,3.07E-08,0.47
8014974,TOP2A,NM_001067,2.59E-01,0.89,1.18E-03,0.64,5.08E-08,0.24
8103431,C4orf46,NM_001008393,6.50E-02,0.88,1.71E-04,0.69,1.37E-07,0.43
8087513,TRAIP,NM_005879,3.83E-02,0.87,1.22E-04,0.69,2.72E-07,0.47
8089875,POLQ,NM_199420,6.62E-01,0.95,2.53E-03,0.65,1.58E-07,0.26
8105302,FST,NM_006350,1.83E-02,1.24,1.10E-03,0.7,1.07E-06,0.43
8149955,PBK,NM_018492,1.28E-01,0.83,4.00E-04,0.54,6.77E-08,0.2
8003903,ARRB2,NM_004313,2.33E-03,0.79,2.81E-06,0.59,6.86E-08,0.43
8021924,THOC1,NM_005131,3.23E-03,0.81,1.43E-04,0.72,5.72E-08,0.45
8135378,PRKAR2B,NM_002736,1.16E-01,0.88,6.22E-05,0.62,1.12E-07,0.37
7909146,FAM72D,AB096683,1.35E-02,0.75,2.15E-04,0.57,4.94E-08,0.24
7956648,XRCC6BP1,NM_033276,1.16E-01,0.91,1.01E-04,0.71,1.53E-07,0.48
7933855,RTKN2,NM_145307,3.01E-02,0.85,6.05E-03,0.79,6.23E-08,0.39
8093500,TACC3,NM_006342,3.58E-02,0.83,1.85E-03,0.72,3.16E-08,0.31
8092640,RFC4,NM_002916,2.81E-02,0.79,2.96E-04,0.6,6.43E-08,0.26
8091780,B3GALNT1,NM_001038628,1.50E-02,0.81,1.92E-05,0.57,2.84E-07,0.39
8120654,KCNQ5,NM_001160133,2.88E-01,1.11,1.77E-02,0.76,1.91E-07,0.31
7905826,CKS1B,NR_024163,2.97E-02,0.86,2.74E-05,0.66,3.02E-07,0.48
8060813,MCM8,NM_032485,2.09E-01,0.89,1.33E-04,0.59,1.18E-07,0.31
8117426,HIST1H2BH,NM_003524,1.30E-01,0.84,7.38E-04,0.6,5.60E-08,0.22
7915926,STIL,NM_001048166,4.04E-01,0.93,3.35E-04,0.63,2.03E-07,0.33
8112376,CENPK,NM_022145,1.33E-01,0.86,3.70E-03,0.7,1.94E-07,0.31
8156982,SMC2,NM_001042551,2.57E-02,0.8,3.67E-05,0.56,1.42E-07,0.33
8051814,ZFP36L2,NM_006887,1.50E-01,0.93,8.11E-02,0.9,2.93E-08,0.47
8058373,WDR12,NM_018256,1.15E-01,0.91,8.37E-04,0.76,7.38E-08,0.45
7907183,C1orf112,BC091516,5.30E-01,0.94,7.76E-04,0.63,4.22E-07,0.32
8034806,DDX39,NM_005804,2.81E-02,0.86,5.48E-04,0.73,5.21E-08,0.41
8092654,RPL39L,NM_052969,4.96E-01,0.94,2.46E-03,0.7,1.96E-07,0.33
8027348,ZNF730,AK131472,1.26E-01,0.81,9.94E-04,0.55,8.40E-08,0.17
8104825,BXDC2,NM_018321,1.01E-01,0.91,1.55E-03,0.79,7.66E-08,0.48
8039928,FAM72D,AB096683,1.41E-02,0.75,2.02E-04,0.57,6.70E-08,0.25
8102800,SLC7A11,NM_014331,7.10E-02,0.86,6.35E-04,0.69,4.68E-07,0.42
7961710,ABCC9,NM_005691,7.39E-02,0.79,1.80E-02,0.71,2.38E-08,0.17
7893955,,---,1.78E-02,0.77,9.85E-03,0.73,2.72E-07,0.31
7962146,FAM60A,NM_001135811,9.31E-03,0.77,9.03E-06,0.52,4.13E-07,0.37
8117429,HIST1H2BI,NM_003525,3.18E-02,0.73,1.09E-04,0.46,1.29E-07,0.19
7938629,PDE3B,NM_000922,4.68E-07,0.46,2.31E-07,0.41,7.37E-07,0.41
7901363,CDKN2C,NM_001262,1.51E-02,0.8,3.13E-05,0.57,8.84E-08,0.34
8066074,DSN1,NM_001145316,4.29E-02,0.86,6.57E-05,0.65,2.93E-07,0.44
7910997,EXO1,NM_130398,1.15E-01,0.8,5.35E-04,0.51,1.01E-07,0.17
7935403,ARHGAP19,NM_032900,1.47E-01,0.87,4.57E-04,0.64,1.13E-07,0.31
7989915,TIPIN,NM_017858,6.47E-01,0.96,6.38E-04,0.68,1.85E-06,0.45
8156750,ANP32B,NM_006401,3.28E-03,0.81,3.93E-05,0.68,7.22E-08,0.45
8007651,DBF4B,NM_145663,3.48E-02,0.87,2.07E-04,0.72,1.11E-07,0.46
7984330,ZWILCH,NR_003105,2.44E-01,0.91,1.86E-03,0.72,2.03E-07,0.38
7997381,CENPN,NM_001100624,2.43E-01,0.92,1.75E-03,0.74,1.50E-07,0.4
7957649,SNRPF,NM_003095,5.81E-02,0.88,2.04E-04,0.72,5.01E-08,0.43
7893966,,---,1.44E-01,0.91,1.13E-03,0.75,5.20E-08,0.41
8146945,GDAP1,NM_018972,7.07E-05,0.74,3.04E-06,0.64,9.59E-08,0.5
8054702,CKAP2L,NM_152515,2.28E-01,0.86,4.70E-03,0.64,8.69E-08,0.19
8143629,OR2A9P,NR_002157,3.61E-06,0.44,1.46E-06,0.39,1.21E-05,0.42
8167347,SUV39H1,NM_003173,1.36E-03,0.77,3.18E-05,0.64,1.94E-07,0.44
8081786,QTRTD1,NM_024638,2.94E-02,0.87,1.94E-03,0.79,4.69E-08,0.44
7997336,VAT1L,NM_020927,1.22E-05,0.71,3.45E-04,0.78,1.97E-08,0.48
7943349,FLJ32810,NM_152432,3.83E-01,1.07,3.48E-02,0.83,1.13E-06,0.46
8146357,MCM4,NM_005914,3.79E-02,0.8,4.54E-04,0.61,1.14E-07,0.28
7975167,GPHN,NM_020806,7.90E-05,0.71,8.96E-05,0.7,4.16E-08,0.43
7924476,TAF1A,NM_005681,6.80E-01,0.97,7.39E-03,0.8,3.48E-07,0.46
8124385,HIST1H4B,NM_003544,2.22E-01,0.84,3.95E-04,0.5,1.89E-07,0.19
8172876,SMC1A,NM_006306,2.32E-01,0.91,5.01E-04,0.68,2.29E-07,0.38
7896250,,---,5.18E-02,0.86,7.91E-04,0.71,1.67E-07,0.4
7919645,SV2A,NM_014849,6.35E-02,0.89,1.87E-02,0.85,4.00E-08,0.43
8166525,POLA1,NM_016937,1.41E-01,0.84,3.04E-04,0.55,3.13E-07,0.26
8140814,SLC25A40,NM_018843,4.17E-01,0.95,3.04E-04,0.7,4.79E-07,0.46
7972840,TUBGCP3,NM_006322,6.86E-01,0.97,4.52E-04,0.71,4.29E-07,0.45
8144153,NCAPG2,NM_017760,5.02E-01,0.92,8.05E-04,0.57,2.70E-07,0.24
7948904,SNORD28,NR_002562,3.63E-02,0.76,2.81E-04,0.53,2.10E-07,0.23
7893840,,---,2.65E-02,0.87,2.24E-03,0.79,5.93E-08,0.46
7950641,KCTD14,NM_023930,1.39E-03,0.63,1.13E-05,0.42,3.99E-07,0.27
7972180,RNF219,NM_024546,3.40E-01,0.93,8.51E-03,0.78,3.00E-07,0.41
7948898,SNORD31,NR_002560,6.47E-03,0.74,3.10E-05,0.53,2.08E-07,0.32
8160346,PTPLAD2,NM_001010915,7.07E-05,0.69,1.42E-04,0.69,2.13E-08,0.37
8058201,,---,5.24E-05,0.59,1.49E-06,0.45,7.24E-06,0.46
7903777,GSTM5,NM_000851,1.51E-05,0.43,5.70E-06,0.37,1.27E-07,0.2
8154163,RCL1,NM_005772,2.41E-02,0.84,9.44E-04,0.73,2.08E-07,0.43
8124391,HIST1H2AB,NM_003513,1.75E-01,0.79,4.83E-04,0.43,2.57E-07,0.13
8123920,ELOVL2,NM_017770,2.44E-01,0.8,1.04E-01,0.7,1.20E-07,0.08
7896111,,---,6.15E-01,0.97,2.40E-03,0.79,2.01E-07,0.49
8061579,TPX2,NM_012112,2.24E-01,0.88,6.48E-03,0.7,1.38E-07,0.26
7968484,BRCA2,NM_000059,3.59E-01,0.89,2.59E-03,0.61,2.39E-07,0.22
8138745,HOXA7,NM_006896,3.01E-04,0.68,7.72E-06,0.54,3.05E-07,0.39
7959408,KNTC1,NM_014708,1.18E-01,0.82,3.72E-04,0.54,3.04E-07,0.24
7904314,TTF2,NM_003594,1.78E-01,0.87,3.93E-04,0.61,2.39E-07,0.31
8117580,HIST1H2AI,NM_003509,1.59E-02,0.7,5.31E-05,0.44,3.34E-07,0.22
7994769,CORO1A,NM_007074,4.11E-02,0.87,1.69E-04,0.71,1.38E-07,0.45
8109484,KIF4B,NM_001099293,1.99E-02,0.81,1.48E-04,0.63,1.16E-07,0.35
7907466,DARS2,NM_018122,6.54E-02,0.86,2.98E-03,0.75,8.43E-08,0.38
8130374,FBXO5,NM_012177,2.81E-01,0.86,2.37E-03,0.58,2.06E-07,0.19
8130185,ZBTB2,NM_020861,3.14E-01,0.94,1.12E-01,0.9,1.45E-07,0.49
8174717,UPF3B,NM_080632,1.05E-02,0.83,3.37E-04,0.72,1.42E-07,0.44
8117395,HIST1H2BF,NM_003522,1.68E-01,0.81,9.19E-04,0.52,1.55E-07,0.16
8112902,DHFR,NM_000791,4.23E-02,0.83,3.83E-04,0.66,9.56E-08,0.34
7895148,,---,5.10E-02,0.81,1.64E-03,0.65,1.10E-07,0.27
8136983,OR2A20P,NR_002158,4.52E-06,0.44,1.75E-06,0.39,2.38E-05,0.44
7919591,FAM72D,AB096683,2.00E-02,0.73,5.48E-04,0.56,2.49E-07,0.24
7979281,WDHD1,NM_007086,2.28E-01,0.86,5.53E-04,0.56,4.46E-07,0.25
8160771,KIF24,NM_194313,3.60E-02,0.79,1.17E-04,0.55,3.50E-07,0.3
8040843,CAD,NM_004341,1.94E-03,0.81,2.38E-04,0.74,8.65E-08,0.48
7985829,FANCI,NM_001113378,2.00E-01,0.86,1.31E-03,0.6,2.78E-07,0.24
7969576,MIR17HG,NR_027350,7.25E-02,0.79,3.08E-03,0.62,1.04E-06,0.27
8086880,CDC25A,NM_001789,6.28E-02,0.83,1.17E-03,0.66,3.55E-07,0.33
8072229,NEFH,NM_021076,5.63E-04,0.72,1.09E-04,0.65,6.39E-07,0.45
8160935,FANCG,NM_004629,6.14E-03,0.76,4.07E-04,0.65,2.12E-07,0.36
7998886,PKMYT1,NM_182687,1.67E-02,0.79,5.39E-04,0.66,2.04E-07,0.34
8163063,CTNNAL1,NM_003798,3.14E-01,0.94,1.22E-03,0.77,2.99E-07,0.5
8014248,SLFN13,NM_144682,2.26E-05,0.62,9.18E-06,0.57,1.16E-06,0.46
8117435,BTN3A2,NM_007047,4.02E-02,0.83,2.81E-02,0.8,6.13E-08,0.31
8077370,SETMAR,NM_006515,2.59E-01,0.92,8.46E-04,0.72,3.83E-07,0.44
8111629,NUP155,NM_153485,1.56E-01,0.89,8.92E-04,0.7,5.55E-07,0.42
8155214,MELK,NM_014791,3.07E-01,0.87,6.41E-03,0.62,3.24E-07,0.2
8112803,LHFPL2,NM_005779,3.91E-04,0.76,1.68E-03,0.78,6.71E-08,0.46
8057689,OSGEPL1,NM_022353,1.87E-02,0.8,6.05E-05,0.59,5.15E-07,0.39
8079198,ZNF660,NM_173658,4.85E-03,0.8,1.28E-03,0.75,8.77E-08,0.42
7941214,POLA2,NM_002689,2.94E-02,0.82,1.13E-04,0.61,4.80E-07,0.39
7933194,CXCL12,NM_000609,1.19E-02,0.66,7.03E-06,0.32,1.33E-07,0.16
8134339,PEG10,NM_015068,1.37E-03,0.79,1.18E-04,0.71,4.77E-08,0.44
8024885,TNFAIP8L1,NM_152362,1.26E-01,0.9,3.92E-02,0.85,1.24E-07,0.43
8077728,LOC442075,AK092352,1.67E-02,0.83,2.55E-04,0.69,6.70E-07,0.47
8022640,DHFR,NM_000791,4.04E-02,0.82,5.31E-04,0.65,1.34E-07,0.33
8147079,LRRCC1,NM_033402,1.20E-01,0.83,1.90E-03,0.63,2.60E-07,0.26
8117543,HIST1H2AH,NM_080596,1.82E-02,0.77,9.26E-05,0.55,5.64E-07,0.33
8052382,FANCL,NM_001114636,1.90E-01,0.89,7.89E-04,0.67,4.92E-07,0.38
8115144,ARSI,NM_001012301,4.21E-04,0.71,1.23E-05,0.58,2.21E-07,0.41
8100495,PPAT,NM_002703,1.94E-01,0.9,7.40E-03,0.77,3.47E-07,0.41
8009476,MAP2K6,NM_002758,1.37E-05,0.54,1.29E-06,0.43,9.00E-08,0.3
8055377,ZRANB3,NM_032143,4.88E-02,0.86,1.04E-03,0.73,4.41E-07,0.45
8124394,HIST1H2BB,NM_021062,1.74E-01,0.75,3.57E-04,0.35,4.40E-07,0.1
7952641,RICS,NM_001142685,5.53E-04,0.74,1.19E-05,0.61,3.02E-07,0.45
7925062,SIPA1L2,NM_020808,3.20E-05,0.53,4.59E-06,0.44,4.68E-07,0.32
8050240,ODC1,NM_002539,4.60E-02,0.83,3.09E-04,0.64,5.77E-07,0.39
7924712,LIN9,NM_173083,5.37E-02,0.77,1.13E-03,0.57,4.76E-07,0.24
8178399,NRM,NM_007243,3.98E-03,0.73,2.83E-04,0.63,1.39E-07,0.32
8179683,NRM,NM_007243,3.98E-03,0.73,2.83E-04,0.63,1.39E-07,0.32
7914878,LOC100289612,AY605064,1.97E-01,0.82,3.19E-03,0.57,4.67E-07,0.19
7958895,OAS3,NM_006187,3.76E-03,0.8,1.92E-04,0.7,1.66E-07,0.45
8172204,MAOB,NM_000898,3.91E-07,0.49,3.72E-07,0.46,2.56E-06,0.49
8173506,ERCC6L,NM_017669,2.35E-01,0.83,7.35E-03,0.6,4.23E-07,0.18
8080847,C3orf14,AF236158,4.67E-03,0.79,1.07E-04,0.66,2.10E-07,0.42
8090772,TOPBP1,NM_007027,1.95E-01,0.89,2.17E-03,0.7,6.17E-07,0.37
8139632,FIGNL1,NM_001042762,1.52E-01,0.86,1.70E-03,0.66,1.16E-06,0.35
8062395,NNAT,NM_005386,3.19E-06,0.41,1.61E-05,0.45,7.83E-07,0.3
8158380,PKN3,NM_013355,2.44E-02,0.85,4.36E-04,0.73,1.58E-07,0.45
7896368,,---,5.69E-02,0.87,9.48E-03,0.8,2.95E-07,0.44
8022488,ABHD3,NM_138340,8.74E-02,0.86,1.80E-03,0.71,6.44E-07,0.41
8151824,RAD54B,NM_012415,6.23E-01,0.95,2.05E-03,0.63,1.14E-06,0.31
7970624,CENPJ,NM_018451,2.40E-01,0.88,1.12E-03,0.62,1.48E-06,0.33
8117614,HIST1H2BO,NM_003527,4.18E-03,0.75,1.18E-04,0.62,5.60E-07,0.39
8025697,ILF3,NM_012218,6.17E-02,0.88,1.08E-03,0.76,3.08E-07,0.48
8117334,HIST1H4A,NM_003538,2.34E-02,0.74,1.90E-05,0.44,1.49E-06,0.3
7974653,KIAA0586,NM_014749,6.94E-02,0.89,5.70E-04,0.74,3.90E-07,0.49
7923189,KIF14,NM_014875,3.78E-01,0.88,7.19E-03,0.61,5.59E-07,0.19
8073858,GTSE1,NM_016426,6.33E-02,0.82,1.67E-03,0.66,3.38E-07,0.31
8166049,PRPS2,NM_001039091,7.60E-03,0.82,6.04E-05,0.66,7.22E-07,0.49
8059708,SNORA75,NR_002921,1.46E-02,0.8,1.36E-02,0.79,1.58E-06,0.45
8131519,PHF14,NM_014660,1.30E-01,0.9,2.27E-03,0.76,4.89E-07,0.46
8102468,PRSS12,NM_003619,7.46E-03,0.8,1.48E-02,0.81,8.47E-08,0.39
7991777,C4orf46,NM_001008393,9.72E-02,0.82,6.16E-04,0.59,7.54E-07,0.3
8090469,GATA2,NM_032638,2.73E-03,0.77,1.92E-06,0.52,1.91E-06,0.48
7946957,SAAL1,NM_138421,3.76E-02,0.82,8.27E-04,0.67,4.87E-07,0.37
8120838,TTK,NM_003318,1.55E-01,0.78,4.13E-03,0.55,4.22E-07,0.15
8155930,GCNT1,NM_001490,4.39E-04,0.65,5.02E-05,0.55,1.71E-07,0.31
8020468,RBBP8,NM_002894,1.11E-01,0.86,3.21E-04,0.63,1.09E-06,0.39
7943126,KIAA1731,NM_033395,1.07E-01,0.86,1.40E-03,0.68,4.70E-07,0.36
7930148,SFXN2,NM_178858,2.14E-02,0.8,2.93E-04,0.64,1.57E-06,0.42
8050507,WDR35,NM_001006657,6.04E-03,0.81,1.03E-03,0.75,3.25E-07,0.47
8050537,MATN3,NM_002381,2.68E-01,0.92,7.67E-03,0.79,5.78E-07,0.45
7948906,SNORD27,NR_002563,7.47E-02,0.77,9.90E-04,0.53,1.07E-06,0.23
8157534,CEP110,NM_007018,1.83E-01,0.86,1.37E-03,0.62,5.92E-07,0.29
8098379,WDR17,NM_170710,1.52E-04,0.69,3.93E-06,0.55,1.85E-06,0.49
8017262,BRIP1,NM_032043,4.39E-01,1.08,2.34E-02,0.78,1.43E-05,0.47
8133233,AUTS2,NM_015570,1.51E-04,0.67,3.58E-05,0.61,4.85E-07,0.43
8174556,TRPC5,NM_012471,3.71E-05,0.49,4.58E-05,0.48,3.94E-07,0.26
8158446,NUP188,NM_015354,3.33E-02,0.87,8.13E-04,0.76,3.19E-07,0.49
8132318,ANLN,NM_018685,1.00E+00,1,2.08E-02,0.75,9.20E-07,0.34
8075493,PATZ1,NM_014323,2.86E-02,0.84,6.33E-04,0.72,2.87E-07,0.44
8101788,UNC5C,NM_003728,4.18E-07,0.3,9.52E-07,0.3,2.60E-06,0.3
8006187,ATAD5,NM_024857,4.84E-01,0.9,1.99E-03,0.55,2.45E-06,0.24
8063458,DOK5,NM_018431,5.27E-03,0.48,1.76E-05,0.21,2.13E-06,0.11
8076094,DMC1,NM_007068,8.55E-05,0.66,1.32E-05,0.58,1.20E-06,0.47
7930422,SMC3,NM_005445,2.71E-01,0.91,2.80E-03,0.73,9.34E-07,0.42
8124806,NRM,NM_007243,6.84E-03,0.75,5.79E-04,0.65,2.70E-07,0.34
7901993,CACHD1,NM_020925,3.04E-04,0.68,3.72E-05,0.6,1.23E-06,0.45
7938890,PRMT3,NM_005788,2.43E-02,0.82,5.75E-04,0.68,5.22E-07,0.41
8067270,APCDD1L,NM_153360,1.22E-06,0.52,2.36E-06,0.52,1.26E-06,0.46
8151917,MTERFD1,NM_015942,5.75E-02,0.86,3.47E-03,0.76,6.40E-07,0.45
8021768,TSHZ1,NM_005786,6.18E-05,0.7,9.85E-06,0.63,1.63E-07,0.46
8045688,TNFAIP6,NM_007115,2.92E-03,0.62,8.82E-02,0.78,1.95E-07,0.2
7892648,,---,5.58E-01,0.95,3.37E-02,0.8,2.00E-06,0.42
7996081,GPR56,NM_201524,1.57E-05,0.63,1.02E-06,0.53,1.22E-06,0.49
8139482,SNORA5A,NR_002919,1.18E-02,0.81,1.13E-02,0.8,9.73E-07,0.46
8097262,SPATA5,NM_145207,2.19E-01,0.9,1.22E-03,0.69,4.74E-06,0.46
7934026,DNA2,NM_001080449,1.03E-01,0.8,1.13E-03,0.56,1.74E-06,0.26
8110147,C5orf25,NM_198567,9.08E-02,0.89,9.41E-03,0.81,7.31E-07,0.49
7989195,,---,7.98E-04,0.78,7.01E-05,0.7,2.31E-07,0.49
8070129,DONSON,NM_017613,2.01E-01,0.89,5.31E-03,0.74,1.35E-06,0.41
7957890,UTP20,NM_014503,4.50E-01,0.93,9.84E-03,0.74,9.90E-07,0.36
7930181,AS3MT,NM_020682,1.36E-01,0.83,3.04E-04,0.53,1.57E-06,0.3
8168794,CENPI,NM_006733,6.93E-01,0.95,1.25E-02,0.69,1.88E-06,0.3
7971653,DLEU2,NR_002612,9.14E-01,0.98,4.42E-03,0.52,4.27E-06,0.19
7893160,,---,9.89E-02,0.87,2.08E-03,0.73,7.55E-07,0.43
8014063,EVI2B,NM_006495,7.70E-02,1.28,3.44E-02,0.72,6.27E-06,0.32
8021187,SKA1,NM_001039535,9.49E-02,0.75,2.06E-03,0.51,5.80E-07,0.16
8051583,CYP1B1,NM_000104,1.47E-06,0.13,4.19E-05,0.21,2.76E-06,0.1
8144786,SLC7A2,NM_003046,5.19E-01,0.93,4.11E-01,1.1,2.55E-06,0.36
7917976,SASS6,NM_194292,1.93E-01,0.85,3.23E-03,0.63,1.34E-06,0.28
8091757,TRIM59,NM_173084,5.64E-01,0.94,2.38E-02,0.75,2.01E-06,0.36
8046186,KLHL23,NM_144711,2.25E-02,0.82,1.54E-04,0.64,3.83E-06,0.48
8146967,CRISPLD1,NM_031461,1.43E-05,0.48,4.96E-06,0.42,1.22E-05,0.41
8068022,MIR155HG,NR_001458,7.49E-01,1.03,9.13E-01,1.01,1.96E-06,0.38
8111960,C5orf34,BC036867,3.37E-01,0.89,3.26E-03,0.64,4.29E-06,0.34
7943282,KDM4D,NM_018039,3.12E-02,0.84,4.44E-03,0.76,7.87E-07,0.44
8168146,KIF4A,NM_012310,7.10E-02,0.75,4.55E-03,0.58,6.75E-07,0.19
7941694,RBM14,NM_006328,9.93E-04,0.75,3.95E-04,0.7,1.36E-06,0.49
8097973,GUCY1B3,NM_000857,8.62E-04,0.65,6.93E-06,0.45,1.91E-06,0.36
7928107,H2AFY2,NM_018649,4.47E-02,0.84,3.85E-05,0.59,1.96E-06,0.45
8168589,ZNF711,NM_021998,4.38E-01,0.93,1.39E-02,0.75,4.54E-06,0.42
7919715,ANP32E,NM_030920,2.12E-01,0.88,3.96E-03,0.7,2.32E-06,0.39
7951046,MRE11A,NM_005591,1.95E-01,0.89,2.37E-03,0.71,9.21E-06,0.48
8091260,SLC9A9,NM_173653,2.28E-05,0.63,8.33E-06,0.58,1.08E-06,0.48
8148198,WDYHV1,NM_018024,3.44E-01,0.93,5.05E-03,0.77,2.81E-06,0.49
8096808,CCDC109B,NM_017918,1.98E-02,0.82,5.81E-05,0.62,1.20E-06,0.45
7994362,CCDC101,NM_138414,1.71E-02,0.81,3.11E-04,0.66,1.16E-06,0.44
8091099,LOC729687,XM_001725257,2.64E-02,0.83,2.70E-04,0.67,3.54E-06,0.49
7952914,CCDC77,NM_032358,8.56E-02,0.85,4.91E-04,0.65,3.24E-06,0.43
8162117,GOLM1,NM_016548,4.54E-03,0.79,3.31E-04,0.69,1.20E-06,0.48
8150962,TOX,NM_014729,5.17E-02,0.72,1.39E-03,0.52,6.81E-07,0.19
7899484,,---,3.31E-01,0.9,8.49E-03,0.71,4.75E-06,0.39
8092067,RPL22L1,NM_001099645,2.21E-01,0.89,1.15E-01,0.85,4.67E-07,0.34
7990086,THAP10,NM_020147,6.02E-02,0.86,5.17E-04,0.69,2.17E-06,0.48
8009366,NOL11,NM_015462,8.87E-02,0.88,1.79E-03,0.74,1.49E-06,0.47
7894860,,---,5.57E-02,0.85,3.49E-03,0.74,1.12E-06,0.43
8129763,FAM54A,NM_001099286,3.96E-01,0.89,5.33E-03,0.61,3.49E-06,0.27
7896452,,---,9.41E-02,0.74,9.06E-03,0.57,4.83E-06,0.21
7893225,,---,2.52E-01,0.89,3.14E-03,0.69,1.27E-05,0.45
8097792,SNORD73A,NR_000007,4.11E-01,0.94,3.84E-03,0.77,9.42E-07,0.47
7895044,,---,4.12E-02,0.8,1.32E-03,0.65,3.16E-06,0.39
8149399,LONRF1,NM_152271,2.10E-02,0.84,1.83E-04,0.69,8.69E-07,0.49
8132305,EEPD1,NM_030636,2.20E-01,0.9,1.32E-02,0.77,4.83E-06,0.46
7926821,MASTL,NM_032844,3.11E-01,0.91,4.61E-03,0.72,8.92E-06,0.45
8097657,SMAD1,NM_005900,1.27E-04,0.66,1.04E-04,0.64,1.21E-06,0.45
7982294,OTUD7A,NM_130901,2.19E-01,0.83,4.37E-03,0.57,2.09E-06,0.22
8160238,PSIP1,NM_033222,6.61E-02,0.8,7.30E-04,0.59,1.90E-06,0.33
7982358,ARHGAP11A,NM_014783,4.99E-01,0.89,1.40E-02,0.6,1.78E-06,0.18
7956878,IRAK3,NM_007199,1.33E-04,0.53,4.50E-06,0.38,3.77E-06,0.33
8084100,USP13,NM_003940,8.56E-01,0.98,5.23E-02,0.8,2.47E-06,0.39
8124406,HIST1H2BC,NM_003526,3.27E-01,0.92,2.63E-03,0.72,4.55E-06,0.47
8147548,POP1,NM_001145860,2.07E-01,0.9,2.14E-02,0.8,1.70E-06,0.45
8002303,NQO1,NM_000903,8.55E-01,0.98,6.81E-04,0.65,1.81E-06,0.4
7982290,,---,9.96E-01,1,1.37E-02,0.64,1.83E-05,0.31
7961702,KCNJ8,NM_004982,1.77E-01,1.14,5.58E-01,0.94,7.47E-06,0.44
8151871,CCNE2,NM_057749,2.36E-01,0.82,4.05E-03,0.55,2.38E-06,0.2
8138721,HOXA3,NM_153631,4.99E-04,0.66,4.08E-05,0.55,5.73E-06,0.45
8180256,,---,1.98E-02,0.8,1.66E-03,0.7,1.12E-05,0.49
8041867,MSH2,NM_000251,1.44E-01,0.81,1.95E-03,0.57,2.20E-06,0.26
8064844,PCNA,NM_002592,2.90E-01,0.9,5.15E-03,0.7,1.91E-06,0.37
8056728,,---,1.04E-01,0.87,7.33E-04,0.69,6.44E-06,0.5
8099612,GPR125,NM_145290,9.18E-03,0.77,2.27E-04,0.63,2.13E-06,0.43
8041582,SGK493,NM_138370,8.19E-02,0.84,4.31E-04,0.62,2.69E-06,0.4
7972579,TMTC4,NM_032813,6.56E-03,0.74,1.61E-04,0.59,3.46E-06,0.41
8024843,CHAF1A,NM_005483,7.43E-02,0.85,2.43E-04,0.62,5.02E-06,0.45
7947248,KIF18A,NM_031217,1.87E-01,0.81,3.34E-03,0.55,1.53E-06,0.2
8044375,BCL2L11,NM_138621,3.44E-05,0.6,3.57E-05,0.58,1.20E-06,0.43
8121277,AIM1,NM_001624,1.41E-04,0.61,2.19E-04,0.61,9.45E-07,0.37
8161919,TLE1,NM_005077,5.81E-03,0.79,9.29E-04,0.72,9.60E-07,0.47
7901867,USP1,NM_003368,4.01E-01,0.9,6.70E-03,0.65,7.27E-06,0.33
8069505,C21orf15,BX648100,3.25E-02,0.78,1.99E-03,0.65,1.54E-06,0.34
8166202,GRPR,NM_005314,1.29E-02,1.62,5.77E-01,0.9,2.87E-05,0.28
7962557,,---,1.62E-01,1.14,2.78E-01,0.9,9.78E-06,0.46
7947991,NUP160,NM_015231,4.66E-01,0.94,3.34E-02,0.82,4.03E-06,0.48
8066136,RBL1,NM_002895,5.39E-01,0.9,9.33E-03,0.58,3.03E-06,0.2
8089372,KIAA1524,NM_020890,4.29E-01,0.88,9.95E-03,0.61,3.29E-06,0.23
7971866,DIAPH3,NM_001042517,9.96E-01,1,2.04E-02,0.76,6.94E-06,0.43
7896329,,---,4.03E-01,0.94,7.65E-02,0.86,3.87E-06,0.49
7957551,SOCS2,NM_003877,1.48E-02,1.36,1.07E-01,0.82,1.28E-04,0.49
8148158,WDR67,NM_145647,3.31E-01,0.91,4.12E-03,0.71,3.37E-06,0.42
7904463,,---,3.21E-02,0.82,8.34E-05,0.6,8.62E-06,0.49
7895606,,---,3.99E-01,0.93,1.40E-02,0.77,1.26E-06,0.41
7952335,SNORD14E,NR_003125,6.12E-01,0.96,3.11E-02,0.8,6.96E-06,0.46
8170992,SNORA56,NR_002984,2.38E-01,0.9,6.55E-02,0.83,6.31E-06,0.45
8138718,HOXA2,NM_006735,1.38E-03,0.58,1.40E-04,0.46,1.63E-06,0.25
8090988,CEP70,NM_024491,1.86E-01,0.9,3.17E-03,0.75,2.00E-06,0.47
7893439,,---,9.02E-02,0.87,2.06E-02,0.81,2.40E-06,0.47
7893523,,---,1.75E-02,0.8,1.01E-04,0.6,4.31E-06,0.46
8056323,FIGN,NM_018086,6.94E-02,0.87,4.21E-03,0.78,1.73E-06,0.5
7938834,NAV2,NM_182964,6.30E-01,0.96,6.81E-02,0.85,3.88E-06,0.48
8162283,ROR2,NM_004560,3.27E-04,0.39,4.41E-05,0.28,9.33E-06,0.19
8109712,HMMR,NM_001142556,1.12E-01,0.75,8.30E-03,0.57,1.12E-06,0.16
8022338,GPR125,NM_145290,4.29E-03,0.7,1.75E-04,0.56,1.38E-06,0.34
8111677,LIFR,NM_002310,1.87E-04,0.62,1.18E-06,0.42,1.49E-05,0.47
7892633,,---,4.49E-02,0.82,4.18E-02,0.81,3.00E-06,0.43
8102751,SCLT1,NM_144643,5.80E-01,0.95,4.52E-02,0.81,3.61E-06,0.42
7892771,,---,1.51E-01,0.9,1.27E-02,0.81,9.96E-07,0.47
7968761,NARG1L,NM_024561,1.87E-01,0.87,1.38E-02,0.74,1.46E-06,0.36
7894449,,---,1.94E-01,0.87,4.36E-03,0.69,2.21E-06,0.37
7969613,GPC6,NM_005708,3.14E-03,0.73,8.22E-04,0.67,1.41E-06,0.41
8131967,,---,8.47E-04,0.68,2.40E-05,0.54,6.03E-06,0.45
7965760,DEPDC4,NM_152317,1.21E-01,0.88,7.19E-03,0.76,3.09E-06,0.47
7987315,ACTC1,NM_005159,4.09E-04,0.34,5.03E-06,0.16,2.05E-05,0.17
8127534,C6orf150,NM_138441,7.45E-01,0.96,1.40E-01,0.83,4.95E-06,0.36
7942527,POLD3,NM_006591,1.25E-01,0.83,7.65E-04,0.58,8.86E-06,0.36
8094719,N4BP2,NM_018177,1.85E-01,0.89,6.50E-02,0.84,1.11E-05,0.49
7957715,NEDD1,NM_001135175,5.38E-01,0.95,4.98E-02,0.82,9.99E-06,0.48
7969374,C13orf34,NM_024808,2.35E-01,0.83,5.66E-03,0.58,2.68E-06,0.23
8156290,CKS2,NM_001827,3.49E-01,0.89,3.50E-02,0.74,1.97E-06,0.31
8128383,COQ3,NM_017421,6.82E-01,0.95,3.67E-03,0.65,1.75E-05,0.4
7902565,LPHN2,NM_012302,4.80E-04,0.56,8.49E-06,0.38,1.62E-05,0.37
7894054,,---,2.90E-01,0.85,3.41E-02,0.69,1.02E-03,0.48
8078248,HMGB1,NM_002128,3.01E-01,0.91,5.05E-03,0.72,3.26E-06,0.41
8008784,PRR11,NM_018304,2.26E-01,0.86,1.50E-02,0.7,1.77E-06,0.3
8015769,BRCA1,NR_027676,1.33E-01,0.77,2.77E-03,0.51,3.19E-06,0.2
7894583,,---,5.09E-02,0.84,4.57E-03,0.74,1.77E-06,0.44
7894116,,---,6.35E-03,0.75,6.52E-03,0.74,7.52E-06,0.46
7895247,,---,4.16E-01,0.92,3.16E-03,0.67,2.24E-05,0.44
8134869,PCOLCE,NM_002593,4.88E-02,0.86,4.91E-01,0.95,1.59E-06,0.48
7948910,SNORD25,NR_002565,1.04E-01,0.75,1.66E-02,0.61,8.43E-06,0.23
7991425,,---,5.12E-01,0.94,3.68E-02,0.8,5.68E-06,0.43
8138527,MGC87042,BC066301,4.26E-02,0.69,2.42E-03,0.51,2.05E-06,0.19
7938293,SNORA45,NR_002977,1.93E-01,0.88,1.68E-02,0.76,6.10E-06,0.44
8115164,,---,4.37E-01,0.93,4.54E-02,0.82,3.05E-06,0.44
8112709,C5orf37,NM_001099271,3.43E-01,0.92,4.15E-03,0.73,7.45E-06,0.48
7894877,,---,9.68E-01,0.99,5.81E-02,0.74,3.47E-05,0.35
8045697,RIF1,NM_018151,5.15E-01,0.94,1.07E-02,0.75,9.69E-06,0.47
7901931,EFCAB7,NM_032437,1.67E-02,0.79,1.68E-03,0.7,1.16E-06,0.41
7961026,OVOS,BX647938,5.43E-03,0.78,3.26E-05,0.61,2.68E-06,0.49
8102076,CENPE,NM_001813,4.11E-01,0.87,2.21E-02,0.63,4.54E-06,0.21
7971373,,---,3.37E-01,1.14,9.85E-02,0.78,4.16E-05,0.37
7894226,,---,1.07E-02,0.8,5.69E-04,0.69,2.25E-06,0.48
8122440,LTV1,NM_032860,7.53E-01,0.98,1.58E-02,0.79,4.61E-06,0.48
7974533,PELI2,NM_021255,1.09E-01,0.83,1.35E-03,0.62,5.81E-06,0.37
8169073,TMSB15B,NM_194324,1.59E-01,0.84,1.91E-03,0.62,3.68E-06,0.33
7984540,KIF23,NM_138555,7.22E-01,0.95,3.58E-02,0.71,7.10E-06,0.3
8048749,KCNE4,NM_080671,1.84E-04,0.63,1.43E-05,0.52,6.50E-06,0.45
8171561,SCML2,NM_006089,5.86E-01,1.05,5.20E-02,0.8,2.55E-05,0.47
8077899,PPARG,NM_138712,3.11E-02,1.26,2.48E-01,1.13,4.32E-05,0.49
7965486,CCDC41,NM_016122,9.95E-01,1,3.00E-02,0.78,2.12E-05,0.48
7940153,FAM111A,NM_022074,3.10E-01,0.91,1.70E-02,0.76,6.55E-06,0.43
8081362,CEP97,NM_024548,3.12E-01,0.91,1.04E-02,0.75,1.10E-05,0.47
7976336,UBR7,NM_175748,1.45E-01,0.87,2.92E-02,0.79,1.08E-05,0.46
8027345,ZNF492,NM_020855,1.59E-01,0.87,1.92E-03,0.68,2.59E-05,0.48
8144226,,---,2.50E-01,0.88,2.98E-02,0.75,3.16E-05,0.43
7893575,,---,2.91E-01,0.85,4.70E-02,0.7,2.17E-05,0.3
8154823,ANKRD18B,ENST00000290943,9.75E-01,0.99,5.98E-02,0.7,7.62E-06,0.24
8029465,BCL3,NM_005178,3.85E-04,0.7,5.96E-04,0.7,1.27E-06,0.46
8152477,RAD21,NM_006265,1.90E-01,0.89,2.52E-03,0.72,7.39E-06,0.49
7909730,KCNK2,NM_001017425,6.46E-02,1.42,1.11E-01,0.73,9.72E-05,0.31
7895241,,---,4.82E-03,0.77,8.94E-04,0.71,1.94E-06,0.47
7967386,MPHOSPH9,NM_022782,2.46E-01,0.87,3.89E-03,0.65,7.61E-06,0.36
7893365,,---,9.50E-01,1.01,1.29E-01,0.81,4.55E-05,0.41
8139212,GLI3,NM_000168,5.31E-03,0.72,9.24E-05,0.55,2.31E-06,0.37
8105842,CENPH,NM_022909,1.06E-01,0.75,1.24E-03,0.47,6.10E-06,0.22
7944913,CCDC15,NM_025004,6.98E-01,0.94,8.71E-03,0.61,1.33E-05,0.29
8035838,ZNF724P,AK301230,4.29E-01,0.87,2.94E-02,0.65,5.59E-06,0.22
7895901,,---,2.52E-01,0.89,2.13E-02,0.76,1.46E-05,0.45
7929078,KIF20B,NM_016195,4.79E-01,0.88,1.64E-02,0.59,6.79E-06,0.2
7903214,LPPR4,NM_014839,5.70E-04,2.14,4.37E-01,1.15,1.07E-03,0.43
7914851,CLSPN,NM_022111,7.33E-01,0.94,1.22E-02,0.59,1.41E-05,0.24
7893484,,---,8.69E-02,0.79,2.98E-02,0.72,1.19E-05,0.34
8059413,DOCK10,NM_014689,7.63E-01,1.04,2.44E-01,0.86,8.06E-06,0.36
8101143,NUP54,NM_017426,3.52E-01,0.92,1.35E-02,0.78,7.01E-06,0.48
7896319,,---,2.26E-01,0.9,6.17E-03,0.74,3.64E-06,0.44
7905079,HIST2H2AA3,NM_003516,1.89E-01,0.86,1.40E-03,0.63,1.56E-05,0.42
7919619,HIST2H2AA3,NM_003516,1.89E-01,0.86,1.40E-03,0.63,1.56E-05,0.42
7894081,,---,2.64E-02,0.78,1.23E-04,0.55,8.99E-06,0.42
7893074,,---,5.45E-02,0.85,1.40E-03,0.71,6.10E-06,0.5
7976621,VRK1,NM_003384,1.73E-01,0.8,1.14E-02,0.61,1.19E-05,0.27
7894436,,---,2.18E-02,0.81,2.97E-03,0.73,4.21E-06,0.47
8022803,FAM59A,AK297430,5.90E-04,0.68,6.37E-04,0.66,3.58E-06,0.45
7915955,SPATA6,NM_019073,7.33E-05,0.58,5.96E-05,0.55,3.92E-06,0.42
7980496,C14orf145,NM_152446,3.13E-01,0.85,1.86E-02,0.64,1.10E-05,0.26
8160033,SNRPE,NM_003094,1.08E-01,0.87,2.93E-03,0.72,8.32E-06,0.49
7896638,,---,3.08E-01,0.87,2.20E-02,0.69,8.25E-05,0.4
8060835,,---,2.43E-01,0.79,1.35E-03,0.43,5.33E-05,0.25
7895190,,---,3.80E-01,0.92,1.89E-02,0.76,1.49E-05,0.46
8083594,PTX3,NM_002852,7.60E-01,1.04,2.81E-03,1.7,8.98E-04,0.5
7896173,,---,1.28E-01,0.82,4.57E-02,0.75,5.98E-06,0.33
7904131,DCLRE1B,NM_022836,1.51E-01,0.85,1.25E-03,0.62,2.56E-05,0.43
8117422,HIST1H4F,NM_003540,3.27E-01,0.82,6.83E-03,0.51,1.05E-05,0.19
7940600,INCENP,NM_001040694,2.98E-01,0.91,2.65E-02,0.8,1.06E-05,0.49
7971565,LPAR6,NM_005767,1.51E-02,0.81,7.69E-02,0.86,3.72E-06,0.49
7893356,,---,5.58E-01,0.95,8.31E-03,0.74,1.39E-05,0.47
7913571,HNRNPR,NM_001102398,3.33E-01,0.92,6.89E-03,0.75,1.34E-05,0.49
7893258,,---,3.83E-01,0.93,1.35E-02,0.77,9.98E-06,0.47
8128329,C6orf167,NM_198468,5.32E-01,0.91,5.35E-03,0.59,2.31E-05,0.31
7978776,C14orf106,NM_018353,3.60E-01,0.86,1.06E-02,0.6,1.97E-05,0.28
8067167,AURKA,NM_198433,7.69E-01,0.97,2.33E-02,0.79,1.89E-05,0.5
7895975,,---,4.28E-03,0.69,1.77E-02,0.73,8.31E-06,0.39
7909011,MDM4,NM_002393,4.42E-02,0.81,6.07E-03,0.72,5.27E-06,0.42
7988537,CEP152,NM_014985,5.10E-01,0.9,5.98E-03,0.57,2.35E-05,0.29
8081503,DZIP3,NM_014648,8.29E-01,0.98,5.09E-02,0.83,1.10E-05,0.49
8117537,HIST1H4I,NM_003495,1.44E-01,0.79,1.27E-03,0.52,2.20E-05,0.31
8146130,GINS4,NM_032336,3.32E-01,0.88,5.96E-02,0.75,7.30E-06,0.32
8107646,PRDM6,NM_001136239,6.74E-06,0.33,9.86E-06,0.32,3.48E-04,0.42
8073775,FBLN1,NM_006486,6.56E-01,0.96,4.50E-01,1.08,1.74E-05,0.47
7892978,,---,7.69E-02,0.83,5.96E-02,0.81,4.77E-06,0.41
7896327,,---,2.52E-01,0.86,8.84E-04,0.57,3.56E-04,0.49
8023766,RTTN,NM_173630,5.23E-02,0.82,6.60E-04,0.63,2.58E-05,0.47
7915612,PTCH2,ENST00000438067,9.33E-02,0.75,3.97E-03,0.55,4.07E-06,0.22
8094278,NCAPG,NM_022346,4.81E-01,0.87,5.18E-02,0.65,1.21E-05,0.21
7899187,HMGN2,NM_005517,1.66E-01,0.87,1.85E-03,0.68,7.50E-06,0.45
8040223,RRM2,NM_001034,4.27E-01,0.88,1.80E-02,0.62,9.44E-06,0.24
8117389,HIST1H2BE,NM_003523,1.19E-01,0.83,1.16E-03,0.61,3.26E-05,0.43
7954777,ALG10,NM_032834,4.32E-01,0.91,3.74E-02,0.75,2.18E-05,0.39
7907657,RALGPS2,NM_152663,5.07E-01,0.94,5.30E-03,0.71,1.76E-05,0.46
8058940,USP37,NM_020935,1.09E-01,0.85,5.16E-03,0.7,1.95E-05,0.46
8152582,DSCC1,NM_024094,1.03E-01,0.77,5.28E-03,0.59,2.83E-05,0.32
7896005,,---,1.57E-02,0.79,2.01E-03,0.71,5.99E-06,0.47
8005951,SNORD42B,NR_000013,3.05E-02,0.77,5.34E-03,0.68,4.12E-05,0.45
7895507,,---,2.68E-01,0.87,3.20E-02,0.73,2.17E-05,0.38
7892562,,---,4.65E-02,0.81,1.50E-02,0.75,1.74E-05,0.46
8151768,RUNX1T1,NM_175634,7.55E-01,0.96,1.19E-01,0.82,1.30E-05,0.38
7895014,,---,5.39E-01,0.94,2.17E-02,0.74,4.48E-05,0.46
7892832,,---,6.25E-01,0.94,2.23E-03,0.58,1.77E-04,0.43
7895684,,---,6.29E-01,0.94,8.92E-03,0.65,2.09E-05,0.35
7892990,,---,1.48E-01,0.87,7.69E-03,0.73,2.02E-05,0.47
8102389,C4orf21,BC044799,4.22E-01,0.87,1.41E-02,0.59,6.12E-05,0.29
8147049,FABP5,NM_001444,1.57E-01,0.83,2.10E-02,0.7,1.29E-05,0.34
8124144,DEK,NM_003472,5.27E-01,0.92,2.13E-02,0.71,1.91E-05,0.37
8163839,C5,NM_001735,3.91E-01,0.91,6.79E-03,0.7,4.16E-05,0.47
7948420,FABP5,NM_001444,1.79E-01,0.83,2.07E-02,0.69,1.50E-05,0.34
7924069,,---,4.69E-02,0.76,1.85E-02,0.69,6.04E-06,0.32
8180299,,---,5.63E-02,0.73,1.60E-03,0.52,1.02E-05,0.27
8021286,C18orf54,NM_173529,2.15E-01,0.82,1.29E-02,0.63,3.26E-05,0.32
7895410,,---,9.05E-01,1.01,3.22E-03,0.68,5.93E-05,0.49
7984524,PAQR5,NM_001104554,9.79E-02,0.76,4.08E-03,0.55,8.37E-06,0.25
7977674,SUPT16H,NM_007192,2.08E-01,0.87,7.01E-03,0.7,1.68E-05,0.43
8041961,CHAC2,NM_001008708,3.50E-01,0.91,8.13E-03,0.72,6.11E-05,0.49
7932082,CCDC3,NM_031455,5.02E-04,0.37,2.13E-04,0.31,1.54E-02,0.49
8124423,HIST1H2BG,NM_003518,3.33E-02,0.75,1.83E-03,0.6,3.24E-05,0.4
7894963,,---,4.86E-01,0.92,8.95E-02,0.8,2.09E-04,0.49
8148124,MTBP,NM_022045,2.69E-01,0.82,1.26E-02,0.58,4.38E-05,0.28
8050427,FAM49A,NM_030797,9.63E-04,0.55,3.83E-04,0.49,9.79E-05,0.39
7965322,KITLG,NM_000899,4.43E-01,1.14,2.20E-01,0.8,7.88E-05,0.32
7982287,ARHGAP11B,NM_001039841,6.21E-01,0.91,9.78E-02,0.7,5.94E-05,0.26
8015349,KRT19,NM_002276,6.86E-05,0.46,7.40E-04,0.54,2.18E-04,0.45
7965565,USP44,NM_032147,7.64E-02,0.78,6.97E-02,0.76,5.12E-06,0.31
7955890,HNRNPA1,NM_031157,2.36E-01,0.86,4.05E-02,0.75,1.47E-05,0.37
8095187,CEP135,NM_025009,6.04E-01,0.94,4.43E-02,0.74,6.80E-05,0.41
7896102,,---,9.22E-01,1.01,2.92E-01,0.85,6.59E-04,0.46
8120165,CENPQ,NM_018132,2.03E-01,0.83,1.30E-02,0.65,6.58E-05,0.37
7908988,SNRPE,NM_003094,1.77E-01,0.88,6.45E-03,0.73,2.37E-05,0.5
7892644,,---,4.00E-01,0.89,1.02E-02,0.66,1.94E-05,0.36
7893823,,---,1.92E-01,0.83,3.11E-02,0.7,3.00E-05,0.34
7893315,,---,2.18E-01,0.86,1.84E-02,0.7,1.27E-04,0.45
8035855,ZNF681,NM_138286,4.22E-02,0.75,5.95E-03,0.64,1.69E-05,0.36
7983594,DUT,NM_001025248,1.16E-01,0.83,1.69E-03,0.63,2.18E-05,0.42
8116530,SNORD96A,NR_002592,9.99E-02,0.84,2.56E-02,0.77,3.14E-05,0.48
7894712,,---,2.22E-02,0.77,1.17E-03,0.63,8.78E-06,0.41
7894539,,---,3.84E-01,0.91,1.24E-01,0.83,3.83E-05,0.46
7893110,,---,1.26E-01,0.83,1.12E-02,0.69,1.39E-05,0.37
7894701,,---,8.38E-01,0.97,4.06E-02,0.71,7.74E-04,0.47
8034097,LOC147727,NR_024333,9.71E-02,0.82,4.71E-03,0.66,1.34E-05,0.39
7894167,,---,5.99E-01,0.93,1.32E-01,0.8,1.62E-04,0.44
8027254,ZNF90,NM_007138,1.74E-02,0.72,4.72E-03,0.65,4.95E-05,0.42
7951734,ZW10,NM_004724,2.49E-01,0.89,1.62E-02,0.76,3.15E-05,0.49
7895789,,---,6.71E-01,0.94,9.04E-03,0.63,7.25E-05,0.38
8098556,CCDC111,NM_152683,1.47E-01,0.83,1.22E-02,0.69,3.03E-05,0.4
8041542,GALM,NM_138801,1.45E-02,0.78,1.28E-03,0.67,6.41E-06,0.45
8095080,PDGFRA,NM_006206,9.87E-05,0.58,5.14E-04,0.62,1.17E-05,0.44
7916898,DEPDC1,NM_001114120,4.18E-01,0.86,7.74E-02,0.69,2.57E-05,0.24
7968015,TNFRSF19,NM_148957,1.36E-02,0.7,4.74E-02,0.75,5.43E-06,0.32
7952673,FLJ45950,AK127847,1.27E-01,0.83,3.31E-03,0.64,2.90E-05,0.41
7894936,,---,1.87E-01,1.21,7.69E-01,0.96,6.72E-04,0.47
8142697,POT1,NR_003102,8.71E-02,0.85,3.87E-03,0.71,1.87E-05,0.49
7993664,CP110,NM_014711,4.17E-01,0.9,2.60E-02,0.72,4.07E-05,0.4
7972674,C13orf27,NM_138779,1.67E-01,0.83,9.17E-03,0.66,6.49E-05,0.41
7904158,OLFML3,NM_020190,2.88E-01,0.9,4.54E-01,0.93,1.67E-05,0.48
8056102,CD302,NM_014880,8.96E-01,0.99,2.09E-01,0.86,3.93E-05,0.45
8088436,C3orf67,BC050317,6.50E-02,0.83,9.07E-03,0.74,1.14E-05,0.46
8057506,FRZB,NM_001463,4.64E-04,0.65,4.50E-05,0.54,2.26E-05,0.48
8035808,ZNF100,NM_173531,1.96E-01,0.86,2.90E-02,0.75,7.50E-05,0.46
7964347,TMEM194A,NM_001130963,5.61E-01,0.94,1.04E-02,0.71,1.04E-04,0.49
7896523,,---,2.99E-02,0.72,3.06E-02,0.7,1.75E-05,0.33
8083471,SGEF,NM_015595,1.64E-02,0.67,3.61E-04,0.48,1.04E-04,0.38
8121130,,---,2.19E-01,0.85,1.50E-02,0.69,6.93E-05,0.42
7895976,,---,1.48E-01,0.83,2.46E-02,0.72,2.11E-05,0.38
7974341,GNG2,NM_053064,3.18E-02,0.74,1.68E-02,0.7,7.79E-06,0.34
8134036,STEAP2,NM_152999,9.48E-03,0.71,2.06E-04,0.53,1.67E-04,0.49
8013015,CENPV,NM_181716,9.79E-01,1,1.73E-01,0.79,2.19E-04,0.39
7894440,,---,5.76E-01,0.94,2.70E-02,0.74,1.66E-04,0.49
8083737,,---,3.52E-01,0.84,6.32E-03,0.53,9.29E-05,0.29
7954789,ALG10B,NM_001013620,5.52E-01,0.92,7.41E-02,0.76,8.84E-05,0.4
8005547,SNORD3A,NR_006880,1.42E-02,0.75,4.61E-03,0.68,2.51E-05,0.45
8005553,SNORD3A,NR_006880,1.42E-02,0.75,4.61E-03,0.68,2.51E-05,0.45
8013323,SNORD3A,NR_006880,1.42E-02,0.75,4.61E-03,0.68,2.51E-05,0.45
8013325,SNORD3A,NR_006880,1.42E-02,0.75,4.61E-03,0.68,2.51E-05,0.45
8013329,SNORD3A,NR_006880,1.42E-02,0.75,4.61E-03,0.68,2.51E-05,0.45
8140668,SEMA3A,NM_006080,3.75E-01,0.9,4.77E-02,0.76,3.18E-05,0.41
7895855,,---,9.68E-01,0.99,2.51E-01,0.85,2.68E-04,0.47
7989501,CA12,NM_001218,4.80E-01,0.93,4.93E-02,0.78,1.47E-04,0.5
7954527,ARNTL2,NM_020183,5.86E-01,0.94,9.11E-02,0.8,7.01E-05,0.44
7893950,,---,3.23E-01,0.86,1.99E-03,0.55,1.95E-04,0.41
7894108,,---,1.00E-01,0.83,9.50E-03,0.7,6.95E-05,0.47
8174189,TMSB15A,NM_021992,5.75E-01,0.89,1.98E-02,0.57,6.30E-05,0.25
7897378,PER3,NM_016831,9.04E-01,0.98,1.97E-02,0.7,6.23E-05,0.41
7963142,FAIM2,NM_012306,1.42E-03,0.66,2.28E-02,0.75,8.19E-05,0.5
8106931,ANKRD32,NM_032290,4.02E-01,0.87,1.63E-02,0.61,1.50E-04,0.34
7895429,,---,8.47E-01,0.98,4.92E-01,0.91,5.33E-05,0.39
8120411,PRIM2,NM_000947,5.67E-01,0.94,4.10E-02,0.77,6.41E-05,0.46
7894461,,---,4.15E-01,0.87,8.40E-02,0.71,1.24E-04,0.32
8057554,CACYBP,NM_014412,6.64E-01,0.95,3.13E-02,0.74,1.03E-04,0.46
8060997,SPTLC3,NM_018327,3.05E-03,0.42,3.25E-04,0.29,1.68E-04,0.22
8118259,MSH5,NM_025259,4.23E-02,0.78,1.38E-03,0.62,1.02E-04,0.48
8162533,PTCH1,NM_001083603,1.33E-02,0.71,3.74E-03,0.63,1.89E-04,0.47
8122150,EYA4,NM_004100,4.30E-03,0.47,2.22E-03,0.41,1.62E-05,0.17
7893380,,---,4.24E-02,0.75,2.74E-02,0.71,5.57E-05,0.4
7982712,C15orf23,NM_033286,3.92E-01,0.91,4.11E-02,0.76,6.01E-05,0.45
7916018,,---,5.48E-01,0.93,7.47E-02,0.78,4.20E-04,0.5
8019885,SMCHD1,NM_015295,6.03E-01,0.94,6.30E-02,0.78,9.45E-05,0.46
8103706,AADAT,NM_016228,1.28E-01,0.85,6.92E-03,0.71,5.08E-05,0.49
7895005,,---,5.04E-01,0.91,8.78E-02,0.76,8.86E-05,0.38
8122142,SNORD101,NR_002434,2.63E-01,0.88,1.20E-02,0.72,3.94E-05,0.45
7903049,CCDC18,NM_206886,5.23E-01,0.9,4.00E-02,0.68,8.83E-05,0.35
8043036,DHFR,AK293146,1.81E-01,0.8,3.06E-02,0.66,4.74E-05,0.31
7895260,,---,3.20E-01,0.89,5.07E-02,0.77,6.68E-05,0.45
7892570,,---,2.70E-01,0.85,8.85E-02,0.76,3.06E-04,0.44
7894075,,---,8.23E-01,0.97,1.05E-01,0.78,2.54E-04,0.45
8122222,PDE7B,NM_018945,7.15E-01,1.08,1.35E-02,0.55,1.82E-04,0.29
7992795,THOC6,NM_024339,8.50E-03,0.63,9.71E-04,0.5,8.90E-05,0.36
7892980,,---,5.87E-01,0.9,3.62E-01,0.83,1.07E-04,0.29
7922416,SNORD75,NR_003941,8.42E-01,1.02,3.28E-01,0.89,2.08E-04,0.5
7997839,CDT1,NM_030928,2.52E-02,0.72,7.02E-03,0.65,5.69E-05,0.4
7894329,,---,9.88E-01,1,6.17E-02,0.78,2.04E-04,0.5
7965855,NUP37,NM_024057,6.54E-01,0.95,5.93E-02,0.77,1.26E-04,0.46
7895959,,---,3.00E-01,0.86,7.41E-02,0.75,6.29E-04,0.47
7984353,SMAD6,NR_027654,2.17E-01,0.88,1.22E-03,0.64,7.82E-05,0.49
7895624,,---,7.18E-02,0.7,2.83E-01,0.8,4.98E-04,0.36
8117598,HIST1H4J,NM_021968,5.94E-01,0.89,2.37E-02,0.56,1.36E-04,0.26
8066260,SNORA71C,NR_003017,1.45E-01,0.84,7.33E-02,0.79,3.66E-05,0.43
7979963,DPF3,NM_012074,2.86E-01,0.86,1.34E-01,0.8,8.32E-05,0.4
7895150,,---,5.03E-01,0.87,3.86E-02,0.6,3.33E-04,0.29
8102792,PCDH18,NM_019035,6.54E-02,0.71,5.21E-02,0.68,2.19E-05,0.26
7894196,,---,7.02E-03,0.62,3.54E-02,0.69,2.13E-05,0.3
8045816,GPD2,NM_001083112,9.87E-01,1,2.44E-02,0.69,1.18E-04,0.41
8117458,BTN3A1,NM_001145009,2.95E-01,0.87,6.27E-01,0.93,4.29E-05,0.39
7901052,SNORD38B,NR_001457,5.89E-01,0.93,2.82E-01,0.86,2.67E-04,0.46
8124521,HIST1H4K,NM_003541,5.43E-01,0.86,2.51E-02,0.53,1.47E-04,0.22
7895490,,---,1.17E-01,0.84,2.98E-02,0.76,7.56E-05,0.49
8171879,LOC389842,XM_372200,9.00E-02,0.81,1.63E-03,0.61,2.29E-04,0.5
8035789,ZNF826,NM_001039884,9.95E-04,0.54,5.63E-04,0.49,7.26E-04,0.46
7906954,PBX1,NM_002585,2.05E-03,0.58,1.96E-03,0.55,3.66E-05,0.34
7895630,,---,2.50E-01,0.8,2.91E-02,0.61,6.96E-05,0.26
8118322,SNORD52,NR_002742,5.14E-01,0.9,1.13E-01,0.75,1.25E-04,0.35
8119161,PIM1,NM_002648,7.49E-03,0.62,1.42E-02,0.64,2.14E-04,0.4
7894801,,---,1.65E-01,0.82,2.04E-02,0.68,8.36E-05,0.4
8138912,LSM5,NR_024466,9.59E-02,0.8,7.54E-03,0.65,1.41E-04,0.44
7904106,MAGI3,NM_152900,1.73E-01,0.86,2.90E-02,0.76,9.81E-05,0.5
8117600,HIST1H2BN,NM_003520,1.42E-01,0.8,9.07E-03,0.62,2.09E-04,0.41
8089714,LSAMP,NM_002338,1.77E-01,0.8,1.80E-02,0.64,3.56E-04,0.41
7894587,,---,5.38E-03,0.6,1.89E-03,0.53,1.50E-04,0.37
7895788,,---,8.50E-01,1.03,5.42E-02,0.69,1.28E-03,0.44
7895371,,---,8.14E-01,1.04,1.72E-01,0.77,1.11E-03,0.43
7893204,,---,2.74E-01,0.84,1.05E-01,0.75,1.83E-03,0.48
7895367,,---,3.13E-02,0.66,1.76E-03,0.48,7.44E-04,0.4
7925672,ZNF670,NM_033213,7.41E-01,0.95,3.65E-01,0.86,7.25E-04,0.43
7892961,,---,6.52E-01,0.9,4.17E-01,0.82,2.13E-04,0.25
7895902,,---,1.28E-01,0.77,4.58E-02,0.69,1.57E-04,0.36
7893472,,---,1.18E-01,0.8,1.13E-02,0.66,4.61E-04,0.47
7950810,SYTL2,NM_206927,8.72E-03,0.63,8.15E-04,0.49,6.89E-05,0.35
8114470,LRRTM2,NM_015564,3.37E-03,0.64,2.05E-02,0.71,4.48E-05,0.41
8073680,,---,1.03E-02,0.68,1.75E-01,0.82,1.32E-04,0.43
7893669,,---,2.19E-01,0.77,1.66E-01,0.73,3.25E-04,0.31
7894422,,---,2.82E-01,0.86,8.26E-02,0.76,4.43E-04,0.47
7919560,,---,6.19E-02,0.76,2.48E-02,0.7,2.20E-04,0.44
7995354,ORC6L,NM_014321,4.91E-01,0.87,6.82E-02,0.67,2.55E-04,0.31
7892526,,---,1.39E-01,0.76,2.75E-02,0.63,1.51E-03,0.44
8092055,SLC7A14,NM_020949,5.29E-01,0.92,3.46E-01,0.87,3.60E-04,0.47
7892552,,---,2.61E-01,1.19,8.97E-02,0.74,1.96E-03,0.49
7916853,DIRAS3,NM_004675,1.75E-04,0.36,2.34E-03,0.46,1.17E-03,0.38
8018864,SOCS3,NM_003955,8.36E-03,0.7,2.41E-03,0.63,6.94E-05,0.45
7896021,,---,6.48E-02,0.78,1.56E-02,0.7,1.02E-04,0.44
7915592,RNU5F,M77840,6.36E-02,0.5,3.71E-02,0.43,1.18E-04,0.1
7919556,,---,6.41E-02,0.77,2.71E-02,0.71,2.48E-04,0.46
8162039,C9orf64,NM_032307,8.74E-03,0.64,7.33E-03,0.62,1.61E-04,0.4
7894660,,---,4.64E-01,0.86,3.88E-02,0.61,4.58E-04,0.32
8151816,GEM,NM_005261,2.60E-02,0.6,1.13E-02,0.52,9.48E-05,0.25
8160284,HAUS6,NM_017645,8.15E-01,0.96,3.56E-02,0.68,7.54E-04,0.44
7894760,,---,7.77E-01,0.96,3.00E-01,0.86,7.60E-04,0.49
7896597,,---,4.38E-01,0.87,1.14E-02,0.58,7.76E-04,0.4
8052554,FAM161A,NM_032180,6.28E-02,0.77,2.87E-02,0.71,2.57E-04,0.45
7973036,PARP2,NM_005484,1.87E-01,0.83,1.75E-02,0.68,7.22E-04,0.49
7892952,,---,2.75E-01,0.87,2.50E-02,0.72,3.70E-04,0.49
7895471,,---,3.35E-01,0.86,7.18E-02,0.72,8.34E-04,0.44
7919984,SELENBP1,NM_003944,9.85E-02,0.82,1.07E-01,0.82,1.07E-04,0.48
8054437,ANAPC1,NM_022662,1.62E-01,0.83,1.59E-02,0.69,3.53E-04,0.49
7893657,,---,4.56E-01,0.89,2.52E-01,0.82,4.84E-04,0.42
7894124,,---,4.10E-02,0.73,1.27E-02,0.65,1.90E-04,0.42
7922391,CENPL,NM_001127181,2.32E-01,0.85,4.52E-02,0.73,8.41E-04,0.5
7895085,,---,4.07E-01,0.88,5.22E-03,0.57,1.82E-03,0.48
7894451,,---,9.39E-01,0.99,4.74E-02,0.65,1.66E-03,0.41
7893548,,---,8.48E-01,0.97,1.21E-02,0.61,1.94E-03,0.48
8133902,,---,4.01E-01,0.89,1.94E-02,0.68,5.56E-04,0.47
7916493,PPAP2B,NM_003713,2.83E-01,0.85,8.47E-04,0.52,6.49E-04,0.47
8012906,,---,3.15E-03,0.55,4.03E-04,0.43,1.32E-03,0.44
7893790,,---,9.46E-01,0.99,2.35E-01,0.79,4.86E-04,0.38
7902396,SNORD45C,NR_003042,3.23E-01,0.87,3.79E-02,0.72,4.36E-04,0.47
8127903,KIAA1009,NM_014895,3.86E-01,0.86,4.42E-02,0.67,3.20E-04,0.37
7894438,,---,7.80E-01,1.04,1.66E-01,0.79,1.48E-03,0.49
8140556,HGF,NM_000601,3.63E-02,0.63,8.83E-02,0.68,1.29E-04,0.28
7895006,,---,3.47E-01,0.85,1.58E-02,0.6,1.57E-03,0.44
7973756,G2E3,NM_017769,4.36E-01,0.9,2.23E-01,0.84,3.91E-04,0.47
8127989,SNORD50B,NR_003044,2.46E-01,0.85,3.14E-02,0.71,5.99E-04,0.49
7895960,,---,6.58E-01,0.93,1.06E-01,0.75,9.06E-04,0.46
7894726,,---,1.79E-01,0.81,1.60E-02,0.64,2.18E-03,0.5
7892532,,---,9.11E-03,0.66,1.76E-02,0.67,5.75E-04,0.48
7894202,,---,5.58E-01,1.13,9.47E-01,1.02,2.39E-03,0.38
7893310,,---,2.01E-01,0.82,2.20E-02,0.66,5.74E-04,0.44
7951351,PDGFD,NM_025208,4.58E-02,0.63,1.18E-02,0.52,1.44E-04,0.26
7893848,,---,1.48E-01,0.83,1.79E-02,0.7,2.31E-04,0.47
7893141,,---,6.82E-01,0.93,1.12E-01,0.75,1.59E-03,0.46
7916341,,---,4.61E-01,0.9,6.23E-02,0.75,6.88E-04,0.49
7896384,,---,5.08E-01,0.91,8.64E-02,0.75,5.80E-04,0.45
7893282,,---,1.15E-01,0.71,8.59E-02,0.66,1.90E-03,0.38
7894360,,---,6.24E-01,0.91,8.81E-02,0.7,1.79E-03,0.43
7895650,,---,2.72E-01,0.83,9.96E-03,0.59,1.27E-03,0.44
8047370,,---,4.47E-01,0.89,4.13E-02,0.69,1.85E-03,0.49
7964602,LRIG3,NM_153377,2.21E-02,0.62,1.21E-02,0.57,3.31E-04,0.34
7896411,,---,6.10E-02,0.69,6.82E-03,0.54,1.41E-03,0.42
7894775,,---,9.97E-01,1,7.30E-01,0.94,6.05E-04,0.38
7896260,,---,1.09E-01,0.66,2.01E-03,0.36,8.42E-04,0.28
7894879,,---,6.99E-02,0.73,1.78E-01,0.78,1.13E-03,0.45
7904433,PHGDH,NM_006623,1.25E-01,0.75,4.52E-01,0.87,3.47E-03,0.47
7893860,,---,7.13E-01,0.93,1.34E-01,0.72,1.58E-03,0.39
7999423,SOCS1,NM_003745,2.23E-02,0.72,4.73E-02,0.74,3.24E-04,0.47
7893226,,---,3.87E-01,0.89,1.23E-02,0.66,7.41E-04,0.49
7896228,,---,2.19E-01,0.82,5.66E-02,0.7,9.25E-04,0.44
7893459,,---,1.37E-01,0.77,6.81E-02,0.7,7.83E-04,0.42
7896052,,---,1.05E-01,0.76,1.13E-02,0.61,1.79E-03,0.47
7895584,,---,3.96E-01,0.83,8.63E-01,0.96,8.47E-04,0.33
8171758,SCARNA9L,NR_023358,3.82E-01,0.86,7.17E-02,0.7,8.45E-04,0.42
8083941,ECT2,NM_018098,6.90E-01,0.93,8.45E-02,0.7,1.19E-03,0.41
8016832,MMD,NM_012329,2.24E-02,0.68,8.68E-03,0.61,3.28E-04,0.42
7896171,,---,5.17E-01,0.91,2.01E-01,0.81,1.68E-03,0.5
7893843,,---,4.91E-01,0.88,7.88E-02,0.68,1.63E-03,0.41
7955441,METTL7A,NM_014033,9.44E-03,0.6,1.15E-01,0.74,2.11E-03,0.46
8020814,RNF138,NM_016271,6.23E-01,0.91,1.44E-01,0.74,2.08E-03,0.44
7893324,,---,4.56E-01,0.87,4.08E-02,0.65,8.87E-04,0.4
8091715,LXN,NM_020169,2.58E-03,0.52,3.85E-02,0.65,6.18E-04,0.39
7893791,,---,1.23E-01,0.75,5.36E-02,0.67,1.74E-03,0.43
8115205,LOC134466,NR_026867,3.00E-03,0.58,3.87E-03,0.57,1.57E-03,0.49
7896461,,---,8.61E-01,0.96,2.64E-01,0.75,7.04E-03,0.4
8113124,ANKRD32,NM_032290,8.43E-02,0.75,2.23E-02,0.66,1.25E-03,0.47
7896648,,---,4.51E-01,0.86,2.87E-01,0.79,1.25E-03,0.37
7893304,,---,1.48E-01,0.81,4.22E-02,0.72,5.29E-04,0.48
8133049,ZNF107,NM_016220,2.84E-01,0.86,1.01E-01,0.78,7.87E-04,0.5
7894658,,---,1.23E-01,0.66,4.64E-01,0.82,2.99E-03,0.33
7892702,,---,9.65E-01,0.99,4.07E-01,0.84,3.02E-03,0.42
7895995,,---,9.39E-01,1.01,7.02E-01,0.94,2.38E-03,0.48
7895254,,---,6.60E-02,0.74,4.93E-02,0.71,1.31E-03,0.48
7894419,,---,4.72E-01,0.84,2.29E-01,0.73,6.31E-04,0.28
8059710,SNORD20,NR_002908,7.31E-02,0.73,4.28E-02,0.68,2.65E-03,0.49
8027363,ZNF726,BC046415,2.35E-01,0.82,9.02E-02,0.73,9.87E-04,0.44
8132843,HAUS6,NM_017645,7.04E-01,0.94,8.05E-02,0.72,1.38E-03,0.44
7895350,,---,9.80E-01,0.99,3.89E-02,0.56,4.66E-03,0.37
7896406,,---,1.53E-01,0.77,2.67E-02,0.64,1.32E-03,0.43
8168161,,---,6.31E-01,0.93,4.28E-01,0.87,2.26E-03,0.49
7893216,,---,8.44E-01,0.96,1.84E-01,0.74,3.23E-03,0.42
7894314,,---,1.30E-01,0.73,1.08E-01,0.7,3.39E-03,0.43
7896514,,---,5.21E-01,0.9,3.77E-01,0.85,3.30E-03,0.5
8059852,MSL3L2,NR_024322,2.01E-01,0.84,1.08E-02,0.66,6.05E-04,0.49
7979505,SIX1,NM_005982,6.44E-01,0.93,2.11E-01,0.8,2.08E-03,0.49
7983630,FGF7,NM_002009,2.11E-02,0.6,6.88E-02,0.66,4.21E-03,0.44
7894488,,---,9.07E-02,0.69,2.95E-01,0.79,1.72E-03,0.38
8086538,LOC644714,BC047037,1.64E-01,0.82,8.46E-01,0.97,9.19E-04,0.49
7895059,,---,6.44E-01,0.9,9.84E-03,0.5,1.07E-02,0.47
7893666,,---,1.55E-01,0.7,2.86E-01,0.76,1.76E-03,0.33
7974372,GPR137C,NM_001099652,8.13E-01,0.96,1.05E-01,0.72,5.38E-03,0.49
8108422,,---,7.96E-02,0.77,2.35E-01,0.83,1.17E-03,0.49
7892949,,---,1.61E-01,0.75,7.38E-02,0.66,1.43E-03,0.38
7894405,,---,2.24E-01,0.8,3.34E-02,0.64,3.69E-03,0.48
7894810,,---,5.08E-01,0.87,2.66E-01,0.78,1.78E-03,0.38
7892590,,---,1.54E-01,0.7,8.87E-03,0.45,6.17E-03,0.39
7939559,TSPAN18,NM_130783,5.15E-03,0.35,5.20E-03,0.33,3.57E-03,0.27
7892717,,---,4.42E-01,0.87,6.06E-01,0.9,3.32E-03,0.46
7894837,,---,4.64E-01,0.87,5.32E-02,0.65,1.89E-03,0.41
7895124,,---,3.65E-01,0.85,4.01E-01,0.86,3.13E-03,0.48
7894140,,---,4.64E-01,0.86,1.86E-01,0.74,4.35E-03,0.44
7896343,,---,4.29E-01,0.84,1.12E-01,0.68,2.77E-03,0.39
7896254,,---,3.56E-02,0.61,9.16E-02,0.67,5.84E-03,0.44
7892914,,---,1.43E-01,0.67,7.86E-01,0.93,8.28E-03,0.38
7894803,,---,9.53E-01,0.99,2.81E-01,0.75,4.09E-03,0.37
7896318,,---,9.87E-01,1,3.72E-02,0.53,4.73E-03,0.35
7893470,,---,9.81E-01,1,4.40E-01,0.84,7.36E-03,0.46
7893222,,---,3.41E-01,0.8,6.53E-02,0.62,1.14E-02,0.45
7892959,,---,1.24E-01,0.66,1.80E-01,0.68,2.46E-03,0.32
7896567,,---,7.59E-01,0.95,4.74E-01,0.88,2.11E-03,0.46
7893004,,---,6.01E-01,0.89,1.67E-01,0.72,1.31E-02,0.48
7895175,,---,6.45E-02,0.71,2.00E-01,0.78,3.76E-03,0.49
7943158,SCARNA9,NR_002569,8.26E-02,0.71,3.97E-01,0.84,2.99E-03,0.44
7894491,,---,3.91E-01,0.79,1.06E-01,0.6,2.56E-03,0.29
7894030,,---,5.19E-02,0.67,4.06E-03,0.5,1.84E-03,0.41
7898405,,---,5.97E-01,0.9,4.59E-01,0.86,1.76E-03,0.41
7912806,,---,5.97E-01,0.9,4.59E-01,0.86,1.76E-03,0.41
7896058,,---,2.47E-01,0.77,5.05E-02,0.6,2.34E-03,0.37
8078918,SNORA62,NR_002324,4.03E-01,0.86,1.76E-01,0.77,2.00E-03,0.45
7895348,,---,4.58E-01,0.87,1.71E-02,0.59,6.98E-03,0.5
7894530,,---,2.92E-01,0.78,3.24E-01,0.78,2.57E-03,0.37
7894473,,---,7.56E-01,0.93,4.99E-02,0.59,9.96E-03,0.44
8035793,ZNF737,NM_001159293,1.06E-01,0.79,6.48E-02,0.74,1.01E-03,0.49
7892856,,---,4.18E-01,0.87,7.53E-02,0.7,1.51E-03,0.43
7893436,,---,7.22E-01,0.94,4.41E-01,0.87,3.97E-03,0.49
7893529,,---,3.57E-01,0.82,9.29E-01,0.98,6.55E-03,0.44
7895456,,---,2.06E-01,0.68,5.88E-01,0.84,1.43E-02,0.37
7895900,,---,3.56E-01,0.84,4.61E-02,0.65,5.75E-03,0.48
7894170,,---,7.15E-01,0.92,2.84E-01,0.78,6.61E-03,0.44
7893562,,---,1.79E-01,0.71,3.06E-02,0.54,7.13E-03,0.4
7895648,,---,9.13E-01,1.02,8.61E-01,0.97,5.77E-03,0.49
7894409,,---,6.73E-01,0.91,6.31E-01,0.89,2.44E-03,0.37
7893606,,---,4.00E-01,0.86,1.74E-01,0.76,2.84E-03,0.46
7895332,,---,9.86E-01,1,6.93E-01,0.92,8.29E-03,0.5
8134030,STEAP1,NM_012449,1.20E-01,0.71,4.75E-02,0.61,2.13E-03,0.38
7892789,,---,1.80E-01,0.8,4.50E-01,0.88,3.28E-03,0.5
7896020,,---,6.18E-01,0.9,3.24E-01,0.81,3.18E-03,0.42
8133976,DBF4,NM_006716,2.85E-01,0.79,7.64E-02,0.64,4.70E-03,0.42
7929562,ZNF518A,NM_014803,1.69E-01,0.8,5.45E-02,0.71,1.73E-03,0.48
7892510,,---,9.26E-01,0.98,3.05E-01,0.78,8.95E-03,0.45
8030364,SNORD34,NR_000019,3.54E-01,0.83,5.82E-01,0.89,5.03E-03,0.45
7892508,,---,2.93E-01,0.8,4.86E-02,0.63,6.62E-03,0.46
7894586,,---,2.27E-01,0.76,4.65E-01,0.84,4.14E-03,0.4
7894184,,---,6.59E-01,0.91,2.41E-01,0.75,2.91E-03,0.38
7893909,,---,6.26E-01,0.9,2.29E-01,0.76,3.95E-03,0.43
8054344,hCG_1645516,NM_001145664,7.47E-01,1.08,5.37E-01,0.85,9.65E-03,0.41
7894221,,---,6.66E-01,0.92,1.26E-01,0.71,5.42E-03,0.45
7893819,,---,1.19E-02,0.51,1.49E-02,0.5,8.04E-03,0.42
7892879,,---,2.20E-01,0.66,3.08E-01,0.7,3.68E-03,0.26
8159854,KIAA0020,NM_014878,7.58E-01,0.94,5.00E-01,0.86,4.54E-03,0.43
8165496,TUBB2C,NM_006088,7.85E-02,0.59,1.61E-01,0.65,5.75E-03,0.33
7894836,,---,7.35E-01,0.91,4.30E-01,0.78,1.09E-02,0.37
7893528,,---,1.45E-01,0.75,9.59E-02,0.7,2.96E-03,0.44
7892904,,---,6.44E-02,0.65,1.95E-01,0.73,9.10E-03,0.46
7925452,GREM2,NM_022469,1.87E-01,0.66,8.77E-03,0.37,6.30E-03,0.31
7895234,,---,7.48E-02,0.7,3.69E-01,0.84,5.65E-03,0.49
7893279,,---,7.36E-01,0.92,1.05E-01,0.64,4.93E-03,0.37
7892553,,---,2.94E-01,0.69,4.82E-02,0.46,1.01E-02,0.3
8180376,,---,4.53E-02,0.61,2.91E-02,0.55,6.49E-03,0.41
7896575,,---,2.62E-01,0.77,2.88E-01,0.77,1.49E-02,0.47
7895425,,---,3.58E-01,0.82,4.86E-01,0.85,8.25E-03,0.46
7892708,,---,2.34E-01,0.7,5.83E-02,0.53,1.33E-02,0.38
7893452,,---,5.66E-01,0.85,7.83E-02,0.56,1.42E-02,0.38
7892516,,---,9.65E-01,0.99,1.20E-01,0.68,1.16E-02,0.46
7893741,,---,7.00E-02,0.63,2.56E-01,0.74,1.48E-02,0.45
7895288,,---,3.63E-01,0.78,1.33E-01,0.64,8.74E-03,0.38
7895293,,---,1.49E-01,0.72,8.79E-02,0.65,7.24E-03,0.44
8019074,NPTX1,NM_002522,9.72E-01,1.01,4.64E-01,0.8,6.52E-03,0.34
8148070,COL14A1,NM_021110,2.12E-02,0.56,2.23E-02,0.54,1.41E-02,0.47
7917255,SSX2IP,NM_014021,3.06E-01,0.79,5.69E-02,0.61,4.27E-03,0.4
7895409,,---,3.67E-01,0.74,1.39E-01,0.58,4.84E-03,0.27
7892676,,---,7.32E-02,0.59,8.81E-02,0.59,8.98E-03,0.37
8094870,SHISA3,NM_001080505,7.03E-02,0.59,3.76E-02,0.52,4.49E-03,0.34
7892656,,---,2.70E-01,0.73,1.65E-01,0.65,6.21E-03,0.35
7893822,,---,5.14E-01,0.88,5.84E-01,0.89,7.67E-03,0.47
7904959,,---,3.89E-02,0.64,2.80E-02,0.59,9.82E-03,0.49
7896680,,---,6.34E-01,0.89,3.48E-01,0.78,1.22E-02,0.42
8055702,NMI,NM_004688,4.27E-01,0.86,3.08E-01,0.81,7.62E-03,0.49
7895963,,---,2.80E-01,0.79,2.18E-01,0.75,8.14E-03,0.45
8045499,HNMT,NM_006895,2.92E-01,0.79,6.53E-01,0.9,1.21E-02,0.47
7960744,C1R,NM_001733,2.14E-01,0.75,5.09E-01,0.85,1.01E-02,0.45
7895245,,---,2.29E-01,0.69,3.26E-01,0.72,1.40E-02,0.36
7894383,,---,3.14E-01,0.76,2.76E-01,0.73,1.33E-02,0.41