"","condition","cycle","mean_obs_total_nonsyn","sd_obs_total_nonsyn","mean_obs_total_syn","sd_obs_total_syn","mean_obs_total_mut","sd_obs_total_mut","mean_obs_prop_nonsyn","sd_obs_prop_nonsyn","mean_obs_prop_syn","sd_obs_prop_syn","mean_sim_total_nonsyn","sd_sim_total_nonsyn","mean_sim_total_syn","sd_sim_total_syn","mean_sim_total_mut","sd_sim_total_mut","mean_sim_prop_nonsyn","sd_sim_prop_nonsyn","mean_sim_prop_syn","sd_sim_prop_syn","mean_total_nonsyn_diff","sd_total_nonsyn_diff","mean_total_nonsyn_diff_prop","sd_total_nonsyn_diff_prop"
"1","control",1,4,1.73205080756888,1,0,5,1.73205080756888,1,0,0.222222222222222,0.0962250448649376,5.15973333333333,0.819879316322429,1.9414,0.36112143386955,7.10113333333333,1.18098564908018,0.727214675846215,0.00555750684538968,0.272785324153785,0.00555750684538971,-1.15973333333333,1.14254194379608,-0.325,0.409951323668771
"2","control",9,4.5,1.04880884817015,0.5,0.547722557505166,5,1.54919333848297,1,0,0.0793650793650794,0.0873737075842723,4.60586666666667,0.694979932564003,1.42671666666667,0.214837644901136,6.03258333333333,0.905757772070804,0.763487368771709,0.00556637789983491,0.236512631228291,0.0055663778998349,-0.105866666666667,0.650290017351233,-0.0535742063492063,0.151308400308044
"3","enu",3,30.6666666666667,13.6503968196288,7.66666666666667,2.88675134594813,38.3333333333333,15.0443787951957,1,0,0.215105244996549,0.0785889540948241,31.6517333333333,3.39706713259149,9.62446666666667,1.08133697029803,41.2762,4.47433552943898,0.766894741830385,0.00208766155353529,0.233105258169615,0.00208766155353526,-0.985066666666668,10.3260963148391,-0.132259165804003,0.412660539175711
"4","enu",6,55,10,18.3333333333333,8.14452781524708,73.3333333333333,17.7857620959388,1,0,0.240681291243089,0.0645990329872967,69.4758666666667,16.8706029676871,20.4167,4.89726874594401,89.8925666666667,21.7653304354272,0.772745815994439,0.00174305742344057,0.227254184005561,0.0017430574234406,-14.4758666666667,7.22379709663369,-0.188065076662829,0.0639716608637418
"5","enu",9,80,35.2817233139199,27.6666666666667,9.114091653405,107.666666666667,42.6786441521596,1,0,0.269752381752336,0.0559704101969025,99.8621239874653,43.7332243570946,29.078949971489,12.6665722863274,128.941073958954,56.3944942185499,0.774375609396214,0.00181896683591573,0.225624390603786,0.00181896683591572,-19.8621239874653,12.4719739252585,-0.191976982793733,0.100662052835892
