"","condition","cycle","variant_type","mean","sd"
"1","control","1","intron variant",-0.10130248414314,0.0359563777727094
"2","control","9","intron variant",-0.147349781250634,0.085770129077481
"3","enu","3","intron variant",-0.0766465270800867,0.0285092608341967
"4","enu","6","intron variant",-0.0833844709449508,0.0160319147061812
"5","enu","9","intron variant",-0.0818695688196473,0.0146319148850393
