"region","sample","obs.mut","sim.mut","sim.mut.normality","log2fc","pvalue"
"ncRNA processing","C1_05_24",2,1,3.7e-24,0.584962500721156,0.6467
"ribosome biogenesis","C1_05_24",0,1,3.7e-24,-1,0.4308
"rRNA metabolic process","C1_05_24",0,1,3.7e-24,-1,0.4932
"proteasome-mediated ubiquitin-dependent protein catabolic process","C1_05_24",2,1,3.7e-24,0.584962500721156,0.6643
"regulation of response to DNA damage stimulus","C1_05_24",2,1,3.7e-24,0.584962500721156,0.6276
"establishment of protein localization to organelle","C1_05_24",2,1,3.7e-24,0.584962500721156,0.6403
"macroautophagy","C1_05_24",0,1,3.7e-24,-1,0.4218
"regulation of chromosome organization","C1_05_24",1,1,3.7e-24,0,1
"Golgi vesicle transport","C1_05_24",2,1,3.7e-24,0.584962500721156,0.6326
"double-strand break repair","C1_05_24",0,1,3.7e-24,-1,0.4475
"histone modification","C1_05_24",1,1,3.7e-24,0,1
"sister chromatid segregation","C1_05_24",0,1,3.7e-24,-1,0.4884
"DNA replication","C1_05_24",1,1,3.7e-24,0,1
"chromosome segregation","C1_05_24",1,1,3.7e-24,0,1
"mitochondrial gene expression","C1_05_24",1,0,3.7e-24,1,0.3914
"nucleocytoplasmic transport","C1_05_24",0,1,3.7e-24,-1,0.4506
"nuclear transport","C1_05_24",1,1,3.7e-24,0,1
"regulation of DNA repair","C1_05_24",0,1,3.7e-24,-1,0.523
"peptidyl-lysine modification","C1_05_24",2,1,3.7e-24,0.584962500721156,0.6322
"protein targeting","C1_05_24",0,1,3.7e-24,-1,0.434
"cytoplasmic translation","C1_05_24",0,0,3.7e-24,0,1
"regulation of autophagy","C1_05_24",1,1,3.7e-24,0,1
"signal transduction in response to DNA damage","C1_05_24",1,0,3.7e-24,1,0.4392
"regulation of intracellular transport","C1_05_24",1,1,3.7e-24,0,1
"protein localization to nucleus","C1_05_24",0,1,3.7e-24,-1,0.4714
"microtubule cytoskeleton organization involved in mitosis","C1_05_24",0,0,3.7e-24,0,1
"telomere maintenance","C1_05_24",1,0,3.7e-24,1,0.3777
"cell cycle checkpoint signaling","C1_05_24",0,0,3.7e-24,0,1
"regulation of protein modification by small protein conjugation or removal","C1_05_24",1,1,3.7e-24,0,1
"cellular respiration","C1_05_24",1,1,3.7e-24,0,1
"cellular component disassembly","C1_05_24",3,1,3.7e-24,1,0.4161
"nuclear chromosome segregation","C1_05_24",0,1,3.7e-24,-1,0.4525
"regulation of protein stability","C1_05_24",0,1,3.7e-24,-1,0.4554
"regulation of cell cycle phase transition","C1_05_24",0,1,3.7e-24,-1,0.4061
"regulation of protein catabolic process","C1_05_24",0,1,3.7e-24,-1,0.4251
"response to endoplasmic reticulum stress","C1_05_24",0,1,3.7e-24,-1,0.4923
"vesicle organization","C1_05_24",1,1,3.7e-24,0,1
"mitochondrial respiratory chain complex assembly","C1_05_24",0,0,3.7e-24,0,1
"DNA-templated transcription elongation","C1_05_24",0,0,3.7e-24,0,1
"mitochondrial transport","C1_05_24",0,0,3.7e-24,0,1
"establishment of organelle localization","C1_05_24",2,1,3.7e-24,0.584962500721156,0.637
"regulation of intracellular protein transport","C1_05_24",0,0,3.7e-24,0,1
"response to UV","C1_05_24",1,0,3.7e-24,1,0.3989
"RNA localization","C1_05_24",0,0,3.7e-24,0,1
"response to topologically incorrect protein","C1_05_24",0,0,3.7e-24,0,1
"organelle fission","C1_05_24",0,1,3.7e-24,-1,0.4124
"non-membrane-bounded organelle assembly","C1_05_24",1,1,3.7e-24,0,1
"protein polyubiquitination","C1_05_24",0,1,3.7e-24,-1,0.5032
"methylation","C1_05_24",0,1,3.7e-24,-1,0.4551
"phospholipid biosynthetic process","C1_05_24",0,1,3.7e-24,-1,0.514
"oxidative phosphorylation","C1_05_24",0,0,3.7e-24,0,1
"establishment of protein localization to membrane","C1_05_24",1,1,3.7e-24,0,1
"in utero embryonic development","C1_05_24",1,1,3.7e-24,0,1
"vacuole organization","C1_05_24",1,0,3.7e-24,1,0.4338
"nuclear-transcribed mRNA catabolic process","C1_05_24",2,0,3.7e-24,1.58496250072116,0.066
"protein folding","C1_05_24",0,0,3.7e-24,0,1
"DNA conformation change","C1_05_24",0,0,3.7e-24,0,1
"regulation of chromosome segregation","C1_05_24",0,0,3.7e-24,0,1
"regulation of apoptotic signaling pathway","C1_05_24",2,1,3.7e-24,0.584962500721156,0.6334
"cell cycle G2/M phase transition","C1_05_24",0,0,3.7e-24,0,1
"vacuolar transport","C1_05_24",1,0,3.7e-24,1,0.4004
"response to ionizing radiation","C1_05_24",1,0,3.7e-24,1,0.3841
"cellular response to UV","C1_05_24",0,0,3.7e-24,0,1
"regulation of binding","C1_05_24",1,1,3.7e-24,0,1
"nucleic acid transport","C1_05_24",0,0,3.7e-24,0,1
"RNA transport","C1_05_24",0,0,3.7e-24,0,1
"ribonucleoprotein complex subunit organization","C1_05_24",0,0,3.7e-24,0,1
"regulation of DNA replication","C1_05_24",1,0,3.7e-24,1,0.3671
"ribose phosphate metabolic process","C1_05_24",0,1,3.7e-24,-1,0.4119
"proton motive force-driven ATP synthesis","C1_05_24",0,0,3.7e-24,0,1
"ribonucleotide metabolic process","C1_05_24",0,1,3.7e-24,-1,0.423
"telomere organization","C1_05_24",0,0,3.7e-24,0,1
"cellular response to topologically incorrect protein","C1_05_24",0,0,3.7e-24,0,1
"Golgi organization","C1_05_24",0,0,3.7e-24,0,1
"ribonucleoprotein complex assembly","C1_05_24",0,1,3.7e-24,-1,0.5287
"cellular nitrogen compound catabolic process","C1_05_24",2,1,3.7e-24,0.584962500721156,0.6582
"negative regulation of phosphorus metabolic process","C1_05_24",1,1,3.7e-24,0,1
"heterocycle catabolic process","C1_05_24",1,1,3.7e-24,0,1
"mitochondrial membrane organization","C1_05_24",0,0,3.7e-24,0,1
"regulation of protein-containing complex assembly","C1_05_24",0,1,3.7e-24,-1,0.4259
"positive regulation of cellular component biogenesis","C1_05_24",1,1,3.7e-24,0,1
"response to oxidative stress","C1_05_24",0,1,3.7e-24,-1,0.416
"regulation of supramolecular fiber organization","C1_05_24",0,1,3.7e-24,-1,0.462
"positive regulation of protein localization","C1_05_24",2,1,3.7e-24,0.584962500721156,0.6415
"positive regulation of cell projection organization","C1_05_24",1,1,3.7e-24,0,1
"negative regulation of transferase activity","C1_05_24",0,1,3.7e-24,-1,0.4824
"autophagy of mitochondrion","C1_05_24",0,0,3.7e-24,0,1
"positive regulation of amide metabolic process","C1_05_24",1,0,3.7e-24,1,0.3865
"chromatin remodeling","C1_05_24",0,1,3.7e-24,-1,0.4671
"viral process","C1_05_24",1,1,3.7e-24,0,1
"macromolecule deacylation","C1_05_24",1,0,3.7e-24,1,0.3246
"mitotic cytokinesis","C1_05_24",0,0,3.7e-24,0,1
"aromatic compound catabolic process","C1_05_24",1,1,3.7e-24,0,1
"vesicle localization","C1_05_24",1,0,3.7e-24,1,0.4027
"establishment or maintenance of cell polarity","C1_05_24",0,0,3.7e-24,0,1
"Wnt signaling pathway","C1_05_24",0,1,3.7e-24,-1,0.4145
"cell-cell signaling by wnt","C1_05_24",0,1,3.7e-24,-1,0.4304
"ATP metabolic process","C1_05_24",0,0,3.7e-24,0,1
"cellular response to chemical stress","C1_05_24",0,1,3.7e-24,-1,0.4639
"regulation of vacuole organization","C1_05_24",0,0,3.7e-24,0,1
"cellular response to external stimulus","C1_05_24",0,1,3.7e-24,-1,0.4761
"negative regulation of protein phosphorylation","C1_05_24",1,1,3.7e-24,0,1
"negative regulation of catabolic process","C1_05_24",1,1,3.7e-24,0,1
"regulation of microtubule cytoskeleton organization","C1_05_24",0,0,3.7e-24,0,1
"chromosome localization","C1_05_24",0,0,3.7e-24,0,1
"negative regulation of mitotic nuclear division","C1_05_24",0,0,3.7e-24,0,1
"regulation of actin filament organization","C1_05_24",0,0,3.7e-24,0,1
"dephosphorylation","C1_05_24",1,1,3.7e-24,0,1
"glycosylation","C1_05_24",0,1,3.7e-24,-1,0.526
"positive regulation of establishment of protein localization","C1_05_24",0,1,3.7e-24,-1,0.4756
"regulation of microtubule-based process","C1_05_24",0,0,3.7e-24,0,1
"cell-substrate junction organization","C1_05_24",0,0,3.7e-24,0,1
"protein-containing complex localization","C1_05_24",0,0,3.7e-24,0,1
"mitochondrial transmembrane transport","C1_05_24",0,0,3.7e-24,0,1
"stem cell population maintenance","C1_05_24",0,0,3.7e-24,0,1
"ribosome assembly","C1_05_24",0,0,3.7e-24,0,1
"intraciliary transport","C1_05_24",0,0,3.7e-24,0,1
"Golgi to plasma membrane protein transport","C1_05_24",0,0,3.7e-24,0,1
"response to amino acid starvation","C1_05_24",0,0,3.7e-24,0,1
"cellular response to extracellular stimulus","C1_05_24",0,1,3.7e-24,-1,0.5218
"cell growth","C1_05_24",1,1,3.7e-24,0,1
"protein glycosylation","C1_05_24",1,0,3.7e-24,1,0.4516
"macromolecule glycosylation","C1_05_24",0,0,3.7e-24,0,1
"maintenance of cell number","C1_05_24",1,0,3.7e-24,1,0.3934
"response to reactive oxygen species","C1_05_24",0,0,3.7e-24,0,1
"regulation of cell morphogenesis","C1_05_24",2,1,3.7e-24,0.584962500721156,0.6544
"regulation of cellular component size","C1_05_24",0,1,3.7e-24,-1,0.4758
"cell-substrate junction assembly","C1_05_24",1,0,3.7e-24,1,0.2609
"membrane fission","C1_05_24",0,0,3.7e-24,0,1
"membrane docking","C1_05_24",0,0,3.7e-24,0,1
"fibroblast migration","C1_05_24",0,0,3.7e-24,0,1
"nucleus organization","C1_05_24",0,0,3.7e-24,0,1
"regulation of cell growth","C1_05_24",0,1,3.7e-24,-1,0.4381
"fibroblast proliferation","C1_05_24",0,0,3.7e-24,0,1
"cell cycle G1/S phase transition","C1_05_24",1,1,3.7e-24,0,1
"actin filament organization","C1_05_24",1,1,3.7e-24,0,1
"response to oxygen levels","C1_05_24",1,1,3.7e-24,0,1
"epigenetic regulation of gene expression","C1_05_24",1,0,3.7e-24,1,0.3897
"organelle fusion","C1_05_24",0,0,3.7e-24,0,1
"lipoprotein metabolic process","C1_05_24",0,0,3.7e-24,0,1
"protein lipidation","C1_05_24",0,0,3.7e-24,0,1
"regulation of plasma membrane bounded cell projection assembly","C1_05_24",0,0,3.7e-24,0,1
"regulation of actin filament-based process","C1_05_24",1,1,3.7e-24,0,1
"regulation of GTPase activity","C1_05_24",0,1,3.7e-24,-1,0.4833
"nuclear envelope organization","C1_05_24",0,0,3.7e-24,0,1
"protein autophosphorylation","C1_05_24",0,0,3.7e-24,0,1
"connective tissue development","C1_05_24",0,1,3.7e-24,-1,0.5082
"cellular response to heat","C1_05_24",0,0,3.7e-24,0,1
"myeloid cell homeostasis","C1_05_24",0,0,3.7e-24,0,1
"regulation of neuron projection development","C1_05_24",1,1,3.7e-24,0,1
"receptor metabolic process","C1_05_24",0,0,3.7e-24,0,1
"maintenance of protein location in cell","C1_05_24",0,0,3.7e-24,0,1
"apoptotic mitochondrial changes","C1_05_24",1,0,3.7e-24,1,0.3065
"response to transforming growth factor beta","C1_05_24",0,1,3.7e-24,-1,0.5214
"neural tube development","C1_05_24",1,0,3.7e-24,1,0.369
"maintenance of protein location","C1_05_24",0,0,3.7e-24,0,1
"regulation of ubiquitin-protein transferase activity","C1_05_24",0,0,3.7e-24,0,1
"cilium assembly","C1_05_24",0,1,3.7e-24,-1,0.4838
"mRNA export from nucleus","C1_05_24",0,0,3.7e-24,0,1
"regulation of cell-substrate junction organization","C1_05_24",0,0,3.7e-24,0,1
"membrane biogenesis","C1_05_24",1,0,3.7e-24,1,0.1492
"cilium organization","C1_05_24",0,1,3.7e-24,-1,0.4659
"platelet-derived growth factor receptor signaling pathway","C1_05_24",0,0,3.7e-24,0,1
"iron-sulfur cluster assembly","C1_05_24",0,0,3.7e-24,0,1
"metallo-sulfur cluster assembly","C1_05_24",0,0,3.7e-24,0,1
"centromere complex assembly","C1_05_24",0,0,3.7e-24,0,1
"cellular response to oxygen levels","C1_05_24",0,0,3.7e-24,0,1
"fatty acid beta-oxidation","C1_05_24",0,0,3.7e-24,0,1
"organelle localization by membrane tethering","C1_05_24",0,0,3.7e-24,0,1
"autophagosome maturation","C1_05_24",0,0,3.7e-24,0,1
"cellular response to transforming growth factor beta stimulus","C1_05_24",0,1,3.7e-24,-1,0.5068
"nucleotide catabolic process","C1_05_24",0,0,3.7e-24,0,1
"tube closure","C1_05_24",0,0,3.7e-24,0,1
"regulation of stem cell differentiation","C1_05_24",0,0,3.7e-24,0,1
"substrate adhesion-dependent cell spreading","C1_05_24",1,0,3.7e-24,1,0.2584
"chondrocyte differentiation","C1_05_24",0,0,3.7e-24,0,1
"regulation of fibroblast proliferation","C1_05_24",0,0,3.7e-24,0,1
"morphogenesis of an epithelial sheet","C1_05_24",0,0,3.7e-24,0,1
"microtubule polymerization","C1_05_24",0,0,3.7e-24,0,1
"response to virus","C1_05_24",1,1,3.7e-24,0,1
"membrane assembly","C1_05_24",0,0,3.7e-24,0,1
"COPII vesicle coating","C1_05_24",0,0,3.7e-24,0,1
"erythrocyte differentiation","C1_05_24",0,0,3.7e-24,0,1
"organophosphate catabolic process","C1_05_24",0,0,3.7e-24,0,1
"regulation of embryonic development","C1_05_24",0,0,3.7e-24,0,1
"regulation of focal adhesion assembly","C1_05_24",0,0,3.7e-24,0,1
"regulation of cell-substrate junction assembly","C1_05_24",0,0,3.7e-24,0,1
"regulation of extracellular matrix organization","C1_05_24",0,0,3.7e-24,0,1
"GPI anchor biosynthetic process","C1_05_24",0,0,3.7e-24,0,1
"lamellipodium organization","C1_05_24",1,0,3.7e-24,1,0.2481
"positive regulation of stem cell population maintenance","C1_05_24",0,0,3.7e-24,0,1
"monosaccharide metabolic process","C1_05_24",1,0,3.7e-24,1,0.4599
"U2-type prespliceosome assembly","C1_05_24",0,0,3.7e-24,0,1
"heterochromatin formation","C1_05_24",0,0,3.7e-24,0,1
"peroxisome organization","C1_05_24",0,0,3.7e-24,0,1
"regulation of mitochondrial fission","C1_05_24",0,0,3.7e-24,0,1
"cellular pigmentation","C1_05_24",0,0,3.7e-24,0,1
"regulation of fibroblast migration","C1_05_24",0,0,3.7e-24,0,1
"cellular carbohydrate metabolic process","C1_05_24",0,1,3.7e-24,-1,0.5221
"positive regulation of axonogenesis","C1_05_24",0,0,3.7e-24,0,1
"kinetochore organization","C1_05_24",0,0,3.7e-24,0,1
"stem cell differentiation","C1_05_24",1,0,3.7e-24,1,0.4076
"proton transmembrane transport","C1_05_24",1,0,3.7e-24,1,0.287
"cellular response to insulin stimulus","C1_05_24",1,0,3.7e-24,1,0.4317
"establishment of mitotic spindle localization","C1_05_24",0,0,3.7e-24,0,1
"cell redox homeostasis","C1_05_24",0,0,3.7e-24,0,1
"stress granule assembly","C1_05_24",0,0,3.7e-24,0,1
"protein neddylation","C1_05_24",0,0,3.7e-24,0,1
"regulation of mitochondrial membrane potential","C1_05_24",0,0,3.7e-24,0,1
"neuron death","C1_05_24",2,1,3.7e-24,0.584962500721156,0.6296
"defense response to virus","C1_05_24",1,1,3.7e-24,0,1
"sulfur compound metabolic process","C1_05_24",0,1,3.7e-24,-1,0.5117
"NADP metabolic process","C1_05_24",0,0,3.7e-24,0,1
"vacuolar acidification","C1_05_24",0,0,3.7e-24,0,1
"oligosaccharide-lipid intermediate biosynthetic process","C1_05_24",0,0,3.7e-24,0,1
"lysosomal lumen acidification","C1_05_24",0,0,3.7e-24,0,1
"glycosyl compound biosynthetic process","C1_05_24",0,0,3.7e-24,0,1
"heart valve development","C1_05_24",0,0,3.7e-24,0,1
"water-soluble vitamin metabolic process","C1_05_24",0,0,3.7e-24,0,1
"interferon-beta production","C1_05_24",0,0,3.7e-24,0,1
"regulation of interferon-beta production","C1_05_24",0,0,3.7e-24,0,1
"branched-chain amino acid metabolic process","C1_05_24",0,0,3.7e-24,0,1
"regulation of mitochondrial membrane permeability","C1_05_24",0,0,3.7e-24,0,1
"respiratory tube development","C1_05_24",0,0,3.7e-24,0,1
"cellular senescence","C1_05_24",0,0,3.7e-24,0,1
"positive regulation of neurogenesis","C1_05_24",0,0,3.7e-24,0,1
"mitochondrial outer membrane permeabilization","C1_05_24",0,0,3.7e-24,0,1
"immune system development","C1_05_24",0,0,3.7e-24,0,1
"clathrin-dependent endocytosis","C1_05_24",0,0,3.7e-24,0,1
"positive regulation of viral process","C1_05_24",0,0,3.7e-24,0,1
"bone development","C1_05_24",1,0,3.7e-24,1,0.4269
"cell-substrate adhesion","C1_05_24",1,1,3.7e-24,0,1
"positive regulation of microtubule polymerization","C1_05_24",0,0,3.7e-24,0,1
"pteridine-containing compound metabolic process","C1_05_24",0,0,3.7e-24,0,1
"response to arsenic-containing substance","C1_05_24",0,0,3.7e-24,0,1
"response to insulin","C1_05_24",0,0,3.7e-24,0,1
"ubiquinone metabolic process","C1_05_24",0,0,3.7e-24,0,1
"cellular response to arsenic-containing substance","C1_05_24",0,0,3.7e-24,0,1
"inositol phosphate catabolic process","C1_05_24",0,0,3.7e-24,0,1
"telomerase RNA localization to Cajal body","C1_05_24",0,0,3.7e-24,0,1
"respiratory system development","C1_05_24",0,0,3.7e-24,0,1
"regulation of generation of precursor metabolites and energy","C1_05_24",2,0,3.7e-24,1.58496250072116,0.0427
"mitochondrial calcium ion homeostasis","C1_05_24",0,0,3.7e-24,0,1
"G0 to G1 transition","C1_05_24",0,0,3.7e-24,0,1
"mitochondrial genome maintenance","C1_05_24",0,0,3.7e-24,0,1
"release of cytochrome c from mitochondria","C1_05_24",0,0,3.7e-24,0,1
"cortical cytoskeleton organization","C1_05_24",0,0,3.7e-24,0,1
"response to sterol depletion","C1_05_24",0,0,3.7e-24,0,1
"regulation of ncRNA transcription","C1_05_24",0,0,3.7e-24,0,1
"mesenchymal cell differentiation","C1_05_24",0,0,3.7e-24,0,1
"protein-DNA complex subunit organization","C1_05_24",0,0,3.7e-24,0,1
"response to fluid shear stress","C1_05_24",0,0,3.7e-24,0,1
"collagen fibril organization","C1_05_24",0,0,3.7e-24,0,1
"roof of mouth development","C1_05_24",0,0,3.7e-24,0,1
"regulation of protein dephosphorylation","C1_05_24",0,0,3.7e-24,0,1
"multicellular organism growth","C1_05_24",1,0,3.7e-24,1,0.3189
"miRNA processing","C1_05_24",0,0,3.7e-24,0,1
"small molecule catabolic process","C1_05_24",0,1,3.7e-24,-1,0.4635
"regulation of G0 to G1 transition","C1_05_24",0,0,3.7e-24,0,1
"circadian regulation of gene expression","C1_05_24",0,0,3.7e-24,0,1
"regulation of translational fidelity","C1_05_24",0,0,3.7e-24,0,1
"ubiquinone biosynthetic process","C1_05_24",0,0,3.7e-24,0,1
"mitochondrial calcium ion transmembrane transport","C1_05_24",0,0,3.7e-24,0,1
"quinone biosynthetic process","C1_05_24",0,0,3.7e-24,0,1
"viral release from host cell","C1_05_24",0,0,3.7e-24,0,1
"exit from host cell","C1_05_24",0,0,3.7e-24,0,1
"positive regulation of GTPase activity","C1_05_24",0,1,3.7e-24,-1,0.5318
"regulation of cytokinesis","C1_05_24",0,0,3.7e-24,0,1
"mitochondrion localization","C1_05_24",0,0,3.7e-24,0,1
"renal system development","C1_05_24",0,1,3.7e-24,-1,0.4838
"regulation of cysteine-type endopeptidase activity involved in apoptotic process","C1_05_24",0,0,3.7e-24,0,1
"regulation of cell-substrate adhesion","C1_05_24",1,0,3.7e-24,1,0.4578
"centrosome localization","C1_05_24",0,0,3.7e-24,0,1
"microtubule organizing center localization","C1_05_24",0,0,3.7e-24,0,1
"pinocytosis","C1_05_24",0,0,3.7e-24,0,1
"lamellipodium assembly","C1_05_24",0,0,3.7e-24,0,1
"cellular response to sterol depletion","C1_05_24",0,0,3.7e-24,0,1
"placenta development","C1_05_24",1,0,3.7e-24,1,0.3287
"rhythmic process","C1_05_24",0,1,3.7e-24,-1,0.5136
"spindle localization","C1_05_24",1,0,3.7e-24,1,0.161
"carbohydrate derivative catabolic process","C1_05_24",0,0,3.7e-24,0,1
"response to amino acid","C1_05_24",0,0,3.7e-24,0,1
"regulation of intracellular steroid hormone receptor signaling pathway","C1_05_24",1,0,3.7e-24,1,0.1646
"regulation of neuron death","C1_05_24",0,1,3.7e-24,-1,0.5177
"ossification","C1_05_24",0,1,3.7e-24,-1,0.4632
"mammary gland epithelial cell proliferation","C1_05_24",0,0,3.7e-24,0,1
"ribosomal subunit export from nucleus","C1_05_24",0,0,3.7e-24,0,1
"ribosome localization","C1_05_24",0,0,3.7e-24,0,1
"protein transport to vacuole involved in ubiquitin-dependent protein catabolic process via the multivesicular body sorting pathway","C1_05_24",0,0,3.7e-24,0,1
"seminiferous tubule development","C1_05_24",0,0,3.7e-24,0,1
"cellular response to acid chemical","C1_05_24",0,0,3.7e-24,0,1
"positive regulation of kinase activity","C1_05_24",0,1,3.7e-24,-1,0.4633
"positive regulation by host of viral process","C1_05_24",0,0,3.7e-24,0,1
"mitochondrion morphogenesis","C1_05_24",0,0,3.7e-24,0,1
"regulation of establishment of cell polarity","C1_05_24",0,0,3.7e-24,0,1
"cellular lipid catabolic process","C1_05_24",0,0,3.7e-24,0,1
"neuron apoptotic process","C1_05_24",0,0,3.7e-24,0,1
"inner cell mass cell proliferation","C1_05_24",0,0,3.7e-24,0,1
"polyamine biosynthetic process","C1_05_24",0,0,3.7e-24,0,1
"folic acid metabolic process","C1_05_24",0,0,3.7e-24,0,1
"organelle inheritance","C1_05_24",0,0,3.7e-24,0,1
"polyol metabolic process","C1_05_24",1,0,3.7e-24,1,0.2549
"regulation of type I interferon-mediated signaling pathway","C1_05_24",0,0,3.7e-24,0,1
"intracellular lipid transport","C1_05_24",0,0,3.7e-24,0,1
"fat cell differentiation","C1_05_24",0,0,3.7e-24,0,1
"iron ion homeostasis","C1_05_24",0,0,3.7e-24,0,1
"negative regulation of cell projection organization","C1_05_24",0,0,3.7e-24,0,1
"dicarboxylic acid metabolic process","C1_05_24",0,0,3.7e-24,0,1
"regulation of anatomical structure size","C1_05_24",1,1,3.7e-24,0,1
"regulation of small molecule metabolic process","C1_05_24",1,1,3.7e-24,0,1
"pentose-phosphate shunt","C1_05_24",0,0,3.7e-24,0,1
"pericardium development","C1_05_24",0,0,3.7e-24,0,1
"lysosomal protein catabolic process","C1_05_24",0,0,3.7e-24,0,1
"carbohydrate derivative transport","C1_05_24",0,0,3.7e-24,0,1
"alcohol biosynthetic process","C1_05_24",0,0,3.7e-24,0,1
"regulation of membrane permeability","C1_05_24",0,0,3.7e-24,0,1
"signal peptide processing","C1_05_24",0,0,3.7e-24,0,1
"UV-damage excision repair","C1_05_24",0,0,3.7e-24,0,1
"biological process involved in interaction with host","C1_05_24",1,0,3.7e-24,1,0.3889
"body morphogenesis","C1_05_24",0,0,3.7e-24,0,1
"extracellular vesicle biogenesis","C1_05_24",0,0,3.7e-24,0,1
"negative regulation of defense response to virus","C1_05_24",0,0,3.7e-24,0,1
"aminoglycan biosynthetic process","C1_05_24",0,0,3.7e-24,0,1
"sterol biosynthetic process","C1_05_24",0,0,3.7e-24,0,1
"polyamine metabolic process","C1_05_24",0,0,3.7e-24,0,1
"magnesium ion transport","C1_05_24",0,0,3.7e-24,0,1
"lamellipodium morphogenesis","C1_05_24",0,0,3.7e-24,0,1
"positive regulation of neuron migration","C1_05_24",0,0,3.7e-24,0,1
"regulation of glucose metabolic process","C1_05_24",0,0,3.7e-24,0,1
"monosaccharide biosynthetic process","C1_05_24",0,0,3.7e-24,0,1
"response to acid chemical","C1_05_24",0,0,3.7e-24,0,1
"regulation of carbohydrate metabolic process","C1_05_24",0,0,3.7e-24,0,1
"positive regulation of nervous system development","C1_05_24",0,0,3.7e-24,0,1
"regulation of circadian rhythm","C1_05_24",0,0,3.7e-24,0,1
"trabecula morphogenesis","C1_05_24",0,0,3.7e-24,0,1
"pigment accumulation","C1_05_24",0,0,3.7e-24,0,1
"cellular pigment accumulation","C1_05_24",0,0,3.7e-24,0,1
"regulation of pinocytosis","C1_05_24",0,0,3.7e-24,0,1
"regulation of ligase activity","C1_05_24",0,0,3.7e-24,0,1
"smoothened signaling pathway involved in dorsal/ventral neural tube patterning","C1_05_24",0,0,3.7e-24,0,1
"glycosyl compound metabolic process","C1_05_24",0,0,3.7e-24,0,1
"substantia nigra development","C1_05_24",0,0,3.7e-24,0,1
"negative regulation of GTPase activity","C1_05_24",0,0,3.7e-24,0,1
"axon extension","C1_05_24",0,0,3.7e-24,0,1
"positive regulation of epithelial to mesenchymal transition","C1_05_24",0,0,3.7e-24,0,1
"one-carbon metabolic process","C1_05_24",0,0,3.7e-24,0,1
"NADPH regeneration","C1_05_24",0,0,3.7e-24,0,1
"cellular response to dsRNA","C1_05_24",0,0,3.7e-24,0,1
"neuron projection organization","C1_05_24",0,0,3.7e-24,0,1
"postsynapse organization","C1_05_24",1,0,3.7e-24,1,0.3828
"regulation of ketone biosynthetic process","C1_05_24",0,0,3.7e-24,0,1
"mitochondrion distribution","C1_05_24",0,0,3.7e-24,0,1
"regulation of autophagosome maturation","C1_05_24",0,0,3.7e-24,0,1
"magnesium ion transmembrane transport","C1_05_24",0,0,3.7e-24,0,1
"regulation of cell division","C1_05_24",2,0,3.7e-24,1.58496250072116,0.0712
"intermembrane lipid transfer","C1_05_24",0,0,3.7e-24,0,1
"organophosphate ester transport","C1_05_24",0,0,3.7e-24,0,1
"movement in host","C1_05_24",0,0,3.7e-24,0,1
"extracellular matrix assembly","C1_05_24",0,0,3.7e-24,0,1
"cellular metabolic compound salvage","C1_05_24",0,0,3.7e-24,0,1
"regulation of ATP-dependent activity","C1_05_24",0,0,3.7e-24,0,1
"cell migration involved in heart development","C1_05_24",0,0,3.7e-24,0,1
"cellular response to fluid shear stress","C1_05_24",0,0,3.7e-24,0,1
"sphingomyelin biosynthetic process","C1_05_24",0,0,3.7e-24,0,1
"ether lipid biosynthetic process","C1_05_24",0,0,3.7e-24,0,1
"embryonic body morphogenesis","C1_05_24",1,0,3.7e-24,1,0.0434
"amino sugar biosynthetic process","C1_05_24",0,0,3.7e-24,0,1
"glycerol ether biosynthetic process","C1_05_24",0,0,3.7e-24,0,1
"pigmentation","C1_05_24",0,0,3.7e-24,0,1
"cellular response to ketone","C1_05_24",0,0,3.7e-24,0,1
"nonribosomal peptide biosynthetic process","C1_05_24",0,0,3.7e-24,0,1
"glial cell apoptotic process","C1_05_24",0,0,3.7e-24,0,1
"lipoprotein catabolic process","C1_05_24",0,0,3.7e-24,0,1
"suppression of viral release by host","C1_05_24",0,0,3.7e-24,0,1
"chaperone-mediated autophagy","C1_05_24",0,0,3.7e-24,0,1
"regulation of steroid hormone biosynthetic process","C1_05_24",0,0,3.7e-24,0,1
"synaptic vesicle lumen acidification","C1_05_24",0,0,3.7e-24,0,1
"semaphorin-plexin signaling pathway involved in neuron projection guidance","C1_05_24",0,0,3.7e-24,0,1
"regulation of Golgi organization","C1_05_24",0,0,3.7e-24,0,1
"Schwann cell differentiation","C1_05_24",0,0,3.7e-24,0,1
"neurotrophin signaling pathway","C1_05_24",0,0,3.7e-24,0,1
"regulation of microtubule depolymerization","C1_05_24",0,0,3.7e-24,0,1
"basement membrane organization","C1_05_24",0,0,3.7e-24,0,1
"establishment or maintenance of epithelial cell apical/basal polarity","C1_05_24",0,0,3.7e-24,0,1
"face development","C1_05_24",0,0,3.7e-24,0,1
"osteoblast differentiation","C1_05_24",0,0,3.7e-24,0,1
"appendage development","C1_05_24",0,0,3.7e-24,0,1
"limb development","C1_05_24",1,0,3.7e-24,1,0.3381
"regulation of ATP metabolic process","C1_05_24",1,0,3.7e-24,1,0.1841
"developmental growth involved in morphogenesis","C1_05_24",1,0,3.7e-24,1,0.3995
"embryonic organ development","C1_05_24",1,1,3.7e-24,0,1
"negative regulation of growth","C1_05_24",0,0,3.7e-24,0,1
"microtubule depolymerization","C1_05_24",0,0,3.7e-24,0,1
"heme metabolic process","C1_05_24",0,0,3.7e-24,0,1
"regulation of neuron apoptotic process","C1_05_24",0,0,3.7e-24,0,1
"plasma membrane tubulation","C1_05_24",0,0,3.7e-24,0,1
"exosomal secretion","C1_05_24",0,0,3.7e-24,0,1
"vasculogenesis","C1_05_24",0,0,3.7e-24,0,1
"toxin transport","C1_05_24",1,0,3.7e-24,1,0.1326
"ncRNA processing","C2_05_24",0,1,3.7e-24,-1,0.4608
"ribosome biogenesis","C2_05_24",1,1,3.7e-24,0,1
"rRNA metabolic process","C2_05_24",1,0,3.7e-24,1,0.4576
"proteasome-mediated ubiquitin-dependent protein catabolic process","C2_05_24",1,1,3.7e-24,0,1
"regulation of response to DNA damage stimulus","C2_05_24",1,1,3.7e-24,0,1
"establishment of protein localization to organelle","C2_05_24",0,1,3.7e-24,-1,0.4693
"macroautophagy","C2_05_24",0,1,3.7e-24,-1,0.5077
"regulation of chromosome organization","C2_05_24",0,0,3.7e-24,0,1
"Golgi vesicle transport","C2_05_24",1,0,3.7e-24,1,0.4803
"double-strand break repair","C2_05_24",0,0,3.7e-24,0,1
"histone modification","C2_05_24",3,1,3.7e-24,1,0.4631
"sister chromatid segregation","C2_05_24",0,0,3.7e-24,0,1
"DNA replication","C2_05_24",2,0,3.7e-24,1.58496250072116,0.1207
"chromosome segregation","C2_05_24",0,1,3.7e-24,-1,0.4677
"mitochondrial gene expression","C2_05_24",0,0,3.7e-24,0,1
"nucleocytoplasmic transport","C2_05_24",0,0,3.7e-24,0,1
"nuclear transport","C2_05_24",1,0,3.7e-24,1,0.4952
"regulation of DNA repair","C2_05_24",0,0,3.7e-24,0,1
"peptidyl-lysine modification","C2_05_24",0,1,3.7e-24,-1,0.5082
"protein targeting","C2_05_24",2,1,3.7e-24,0.584962500721156,0.6496
"cytoplasmic translation","C2_05_24",0,0,3.7e-24,0,1
"regulation of autophagy","C2_05_24",1,1,3.7e-24,0,1
"signal transduction in response to DNA damage","C2_05_24",0,0,3.7e-24,0,1
"regulation of intracellular transport","C2_05_24",0,0,3.7e-24,0,1
"protein localization to nucleus","C2_05_24",0,0,3.7e-24,0,1
"microtubule cytoskeleton organization involved in mitosis","C2_05_24",2,0,3.7e-24,1.58496250072116,0.0632
"telomere maintenance","C2_05_24",0,0,3.7e-24,0,1
"cell cycle checkpoint signaling","C2_05_24",1,0,3.7e-24,1,0.3929
"regulation of protein modification by small protein conjugation or removal","C2_05_24",1,0,3.7e-24,1,0.3854
"cellular respiration","C2_05_24",1,0,3.7e-24,1,0.4003
"cellular component disassembly","C2_05_24",0,1,3.7e-24,-1,0.4561
"nuclear chromosome segregation","C2_05_24",0,1,3.7e-24,-1,0.5104
"regulation of protein stability","C2_05_24",0,0,3.7e-24,0,1
"regulation of cell cycle phase transition","C2_05_24",3,1,3.7e-24,1,0.4402
"regulation of protein catabolic process","C2_05_24",0,1,3.7e-24,-1,0.5243
"response to endoplasmic reticulum stress","C2_05_24",3,0,3.7e-24,2,0.019
"vesicle organization","C2_05_24",1,1,3.7e-24,0,1
"mitochondrial respiratory chain complex assembly","C2_05_24",1,0,3.7e-24,1,0.2041
"DNA-templated transcription elongation","C2_05_24",0,0,3.7e-24,0,1
"mitochondrial transport","C2_05_24",0,0,3.7e-24,0,1
"establishment of organelle localization","C2_05_24",0,1,3.7e-24,-1,0.4793
"regulation of intracellular protein transport","C2_05_24",0,0,3.7e-24,0,1
"response to UV","C2_05_24",0,0,3.7e-24,0,1
"RNA localization","C2_05_24",0,0,3.7e-24,0,1
"response to topologically incorrect protein","C2_05_24",0,0,3.7e-24,0,1
"organelle fission","C2_05_24",1,1,3.7e-24,0,1
"non-membrane-bounded organelle assembly","C2_05_24",1,1,3.7e-24,0,1
"protein polyubiquitination","C2_05_24",3,0,3.7e-24,2,0.0147
"methylation","C2_05_24",0,1,3.7e-24,-1,0.5317
"phospholipid biosynthetic process","C2_05_24",1,0,3.7e-24,1,0.4306
"oxidative phosphorylation","C2_05_24",2,0,3.7e-24,1.58496250072116,0.0405
"establishment of protein localization to membrane","C2_05_24",1,0,3.7e-24,1,0.4305
"in utero embryonic development","C2_05_24",1,1,3.7e-24,0,1
"vacuole organization","C2_05_24",0,0,3.7e-24,0,1
"nuclear-transcribed mRNA catabolic process","C2_05_24",0,0,3.7e-24,0,1
"protein folding","C2_05_24",1,0,3.7e-24,1,0.3694
"DNA conformation change","C2_05_24",0,0,3.7e-24,0,1
"regulation of chromosome segregation","C2_05_24",0,0,3.7e-24,0,1
"regulation of apoptotic signaling pathway","C2_05_24",0,0,3.7e-24,0,1
"cell cycle G2/M phase transition","C2_05_24",0,0,3.7e-24,0,1
"vacuolar transport","C2_05_24",0,0,3.7e-24,0,1
"response to ionizing radiation","C2_05_24",0,0,3.7e-24,0,1
"cellular response to UV","C2_05_24",0,0,3.7e-24,0,1
"regulation of binding","C2_05_24",0,1,3.7e-24,-1,0.5348
"nucleic acid transport","C2_05_24",1,0,3.7e-24,1,0.2913
"RNA transport","C2_05_24",1,0,3.7e-24,1,0.2993
"ribonucleoprotein complex subunit organization","C2_05_24",0,0,3.7e-24,0,1
"regulation of DNA replication","C2_05_24",0,0,3.7e-24,0,1
"ribose phosphate metabolic process","C2_05_24",1,1,3.7e-24,0,1
"proton motive force-driven ATP synthesis","C2_05_24",0,0,3.7e-24,0,1
"ribonucleotide metabolic process","C2_05_24",0,1,3.7e-24,-1,0.4943
"telomere organization","C2_05_24",0,0,3.7e-24,0,1
"cellular response to topologically incorrect protein","C2_05_24",0,0,3.7e-24,0,1
"Golgi organization","C2_05_24",0,0,3.7e-24,0,1
"ribonucleoprotein complex assembly","C2_05_24",1,0,3.7e-24,1,0.3912
"cellular nitrogen compound catabolic process","C2_05_24",1,1,3.7e-24,0,1
"negative regulation of phosphorus metabolic process","C2_05_24",1,1,3.7e-24,0,1
"heterocycle catabolic process","C2_05_24",1,1,3.7e-24,0,1
"mitochondrial membrane organization","C2_05_24",0,0,3.7e-24,0,1
"regulation of protein-containing complex assembly","C2_05_24",2,1,3.7e-24,0.584962500721156,0.6379
"positive regulation of cellular component biogenesis","C2_05_24",2,1,3.7e-24,0.584962500721156,0.6311
"response to oxidative stress","C2_05_24",3,1,3.7e-24,1,0.4804
"regulation of supramolecular fiber organization","C2_05_24",1,0,3.7e-24,1,0.4965
"positive regulation of protein localization","C2_05_24",0,1,3.7e-24,-1,0.4828
"positive regulation of cell projection organization","C2_05_24",0,0,3.7e-24,0,1
"negative regulation of transferase activity","C2_05_24",0,0,3.7e-24,0,1
"autophagy of mitochondrion","C2_05_24",0,0,3.7e-24,0,1
"positive regulation of amide metabolic process","C2_05_24",0,0,3.7e-24,0,1
"chromatin remodeling","C2_05_24",1,0,3.7e-24,1,0.4748
"viral process","C2_05_24",0,1,3.7e-24,-1,0.4835
"macromolecule deacylation","C2_05_24",0,0,3.7e-24,0,1
"mitotic cytokinesis","C2_05_24",0,0,3.7e-24,0,1
"aromatic compound catabolic process","C2_05_24",1,1,3.7e-24,0,1
"vesicle localization","C2_05_24",0,0,3.7e-24,0,1
"establishment or maintenance of cell polarity","C2_05_24",1,0,3.7e-24,1,0.358
"Wnt signaling pathway","C2_05_24",3,1,3.7e-24,1,0.4595
"cell-cell signaling by wnt","C2_05_24",1,1,3.7e-24,0,1
"ATP metabolic process","C2_05_24",0,0,3.7e-24,0,1
"cellular response to chemical stress","C2_05_24",0,0,3.7e-24,0,1
"regulation of vacuole organization","C2_05_24",0,0,3.7e-24,0,1
"cellular response to external stimulus","C2_05_24",0,0,3.7e-24,0,1
"negative regulation of protein phosphorylation","C2_05_24",1,0,3.7e-24,1,0.4623
"negative regulation of catabolic process","C2_05_24",3,0,3.7e-24,2,0.0262
"regulation of microtubule cytoskeleton organization","C2_05_24",1,0,3.7e-24,1,0.2928
"chromosome localization","C2_05_24",0,0,3.7e-24,0,1
"negative regulation of mitotic nuclear division","C2_05_24",0,0,3.7e-24,0,1
"regulation of actin filament organization","C2_05_24",0,0,3.7e-24,0,1
"dephosphorylation","C2_05_24",0,0,3.7e-24,0,1
"glycosylation","C2_05_24",0,0,3.7e-24,0,1
"positive regulation of establishment of protein localization","C2_05_24",1,0,3.7e-24,1,0.452
"regulation of microtubule-based process","C2_05_24",0,0,3.7e-24,0,1
"cell-substrate junction organization","C2_05_24",0,0,3.7e-24,0,1
"protein-containing complex localization","C2_05_24",0,0,3.7e-24,0,1
"mitochondrial transmembrane transport","C2_05_24",0,0,3.7e-24,0,1
"stem cell population maintenance","C2_05_24",0,0,3.7e-24,0,1
"ribosome assembly","C2_05_24",0,0,3.7e-24,0,1
"intraciliary transport","C2_05_24",0,0,3.7e-24,0,1
"Golgi to plasma membrane protein transport","C2_05_24",0,0,3.7e-24,0,1
"response to amino acid starvation","C2_05_24",0,0,3.7e-24,0,1
"cellular response to extracellular stimulus","C2_05_24",1,0,3.7e-24,1,0.4435
"cell growth","C2_05_24",4,1,3.7e-24,1.32192809488736,0.0133
"protein glycosylation","C2_05_24",2,0,3.7e-24,1.58496250072116,0.0725
"macromolecule glycosylation","C2_05_24",0,0,3.7e-24,0,1
"maintenance of cell number","C2_05_24",0,0,3.7e-24,0,1
"response to reactive oxygen species","C2_05_24",0,0,3.7e-24,0,1
"regulation of cell morphogenesis","C2_05_24",0,0,3.7e-24,0,1
"regulation of cellular component size","C2_05_24",0,0,3.7e-24,0,1
"cell-substrate junction assembly","C2_05_24",0,0,3.7e-24,0,1
"membrane fission","C2_05_24",0,0,3.7e-24,0,1
"membrane docking","C2_05_24",0,0,3.7e-24,0,1
"fibroblast migration","C2_05_24",1,0,3.7e-24,1,0.0974
"nucleus organization","C2_05_24",0,0,3.7e-24,0,1
"regulation of cell growth","C2_05_24",1,1,3.7e-24,0,1
"fibroblast proliferation","C2_05_24",0,0,3.7e-24,0,1
"cell cycle G1/S phase transition","C2_05_24",1,0,3.7e-24,1,0.4176
"actin filament organization","C2_05_24",1,1,3.7e-24,0,1
"response to oxygen levels","C2_05_24",0,0,3.7e-24,0,1
"epigenetic regulation of gene expression","C2_05_24",0,0,3.7e-24,0,1
"organelle fusion","C2_05_24",1,0,3.7e-24,1,0.2407
"lipoprotein metabolic process","C2_05_24",0,0,3.7e-24,0,1
"protein lipidation","C2_05_24",0,0,3.7e-24,0,1
"regulation of plasma membrane bounded cell projection assembly","C2_05_24",0,0,3.7e-24,0,1
"regulation of actin filament-based process","C2_05_24",0,0,3.7e-24,0,1
"regulation of GTPase activity","C2_05_24",1,0,3.7e-24,1,0.4492
"nuclear envelope organization","C2_05_24",0,0,3.7e-24,0,1
"protein autophosphorylation","C2_05_24",1,0,3.7e-24,1,0.3616
"connective tissue development","C2_05_24",1,0,3.7e-24,1,0.3955
"cellular response to heat","C2_05_24",0,0,3.7e-24,0,1
"myeloid cell homeostasis","C2_05_24",1,0,3.7e-24,1,0.2369
"regulation of neuron projection development","C2_05_24",1,1,3.7e-24,0,1
"receptor metabolic process","C2_05_24",0,0,3.7e-24,0,1
"maintenance of protein location in cell","C2_05_24",0,0,3.7e-24,0,1
"apoptotic mitochondrial changes","C2_05_24",0,0,3.7e-24,0,1
"response to transforming growth factor beta","C2_05_24",0,0,3.7e-24,0,1
"neural tube development","C2_05_24",0,0,3.7e-24,0,1
"maintenance of protein location","C2_05_24",0,0,3.7e-24,0,1
"regulation of ubiquitin-protein transferase activity","C2_05_24",1,0,3.7e-24,1,0.1176
"cilium assembly","C2_05_24",0,0,3.7e-24,0,1
"mRNA export from nucleus","C2_05_24",0,0,3.7e-24,0,1
"regulation of cell-substrate junction organization","C2_05_24",0,0,3.7e-24,0,1
"membrane biogenesis","C2_05_24",0,0,3.7e-24,0,1
"cilium organization","C2_05_24",0,0,3.7e-24,0,1
"platelet-derived growth factor receptor signaling pathway","C2_05_24",1,0,3.7e-24,1,0.1162
"iron-sulfur cluster assembly","C2_05_24",1,0,3.7e-24,1,0.0562
"metallo-sulfur cluster assembly","C2_05_24",0,0,3.7e-24,0,1
"centromere complex assembly","C2_05_24",0,0,3.7e-24,0,1
"cellular response to oxygen levels","C2_05_24",0,0,3.7e-24,0,1
"fatty acid beta-oxidation","C2_05_24",0,0,3.7e-24,0,1
"organelle localization by membrane tethering","C2_05_24",0,0,3.7e-24,0,1
"autophagosome maturation","C2_05_24",0,0,3.7e-24,0,1
"cellular response to transforming growth factor beta stimulus","C2_05_24",0,0,3.7e-24,0,1
"nucleotide catabolic process","C2_05_24",0,0,3.7e-24,0,1
"tube closure","C2_05_24",0,0,3.7e-24,0,1
"regulation of stem cell differentiation","C2_05_24",0,0,3.7e-24,0,1
"substrate adhesion-dependent cell spreading","C2_05_24",0,0,3.7e-24,0,1
"chondrocyte differentiation","C2_05_24",0,0,3.7e-24,0,1
"regulation of fibroblast proliferation","C2_05_24",2,0,3.7e-24,1.58496250072116,0.01
"morphogenesis of an epithelial sheet","C2_05_24",0,0,3.7e-24,0,1
"microtubule polymerization","C2_05_24",1,0,3.7e-24,1,0.1474
"response to virus","C2_05_24",0,1,3.7e-24,-1,0.5293
"membrane assembly","C2_05_24",0,0,3.7e-24,0,1
"COPII vesicle coating","C2_05_24",0,0,3.7e-24,0,1
"erythrocyte differentiation","C2_05_24",0,0,3.7e-24,0,1
"organophosphate catabolic process","C2_05_24",0,0,3.7e-24,0,1
"regulation of embryonic development","C2_05_24",0,0,3.7e-24,0,1
"regulation of focal adhesion assembly","C2_05_24",0,0,3.7e-24,0,1
"regulation of cell-substrate junction assembly","C2_05_24",0,0,3.7e-24,0,1
"regulation of extracellular matrix organization","C2_05_24",1,0,3.7e-24,1,0.1188
"GPI anchor biosynthetic process","C2_05_24",0,0,3.7e-24,0,1
"lamellipodium organization","C2_05_24",0,0,3.7e-24,0,1
"positive regulation of stem cell population maintenance","C2_05_24",0,0,3.7e-24,0,1
"monosaccharide metabolic process","C2_05_24",1,0,3.7e-24,1,0.3231
"U2-type prespliceosome assembly","C2_05_24",0,0,3.7e-24,0,1
"heterochromatin formation","C2_05_24",1,0,3.7e-24,1,0.2021
"peroxisome organization","C2_05_24",0,0,3.7e-24,0,1
"regulation of mitochondrial fission","C2_05_24",0,0,3.7e-24,0,1
"cellular pigmentation","C2_05_24",0,0,3.7e-24,0,1
"regulation of fibroblast migration","C2_05_24",0,0,3.7e-24,0,1
"cellular carbohydrate metabolic process","C2_05_24",1,0,3.7e-24,1,0.416
"positive regulation of axonogenesis","C2_05_24",1,0,3.7e-24,1,0.1375
"kinetochore organization","C2_05_24",0,0,3.7e-24,0,1
"stem cell differentiation","C2_05_24",0,0,3.7e-24,0,1
"proton transmembrane transport","C2_05_24",0,0,3.7e-24,0,1
"cellular response to insulin stimulus","C2_05_24",0,0,3.7e-24,0,1
"establishment of mitotic spindle localization","C2_05_24",1,0,3.7e-24,1,0.0836
"cell redox homeostasis","C2_05_24",0,0,3.7e-24,0,1
"stress granule assembly","C2_05_24",0,0,3.7e-24,0,1
"protein neddylation","C2_05_24",0,0,3.7e-24,0,1
"regulation of mitochondrial membrane potential","C2_05_24",0,0,3.7e-24,0,1
"neuron death","C2_05_24",2,0,3.7e-24,1.58496250072116,0.1216
"defense response to virus","C2_05_24",1,0,3.7e-24,1,0.4096
"sulfur compound metabolic process","C2_05_24",0,0,3.7e-24,0,1
"NADP metabolic process","C2_05_24",0,0,3.7e-24,0,1
"vacuolar acidification","C2_05_24",0,0,3.7e-24,0,1
"oligosaccharide-lipid intermediate biosynthetic process","C2_05_24",0,0,3.7e-24,0,1
"lysosomal lumen acidification","C2_05_24",0,0,3.7e-24,0,1
"glycosyl compound biosynthetic process","C2_05_24",0,0,3.7e-24,0,1
"heart valve development","C2_05_24",0,0,3.7e-24,0,1
"water-soluble vitamin metabolic process","C2_05_24",0,0,3.7e-24,0,1
"interferon-beta production","C2_05_24",0,0,3.7e-24,0,1
"regulation of interferon-beta production","C2_05_24",1,0,3.7e-24,1,0.1133
"branched-chain amino acid metabolic process","C2_05_24",0,0,3.7e-24,0,1
"regulation of mitochondrial membrane permeability","C2_05_24",0,0,3.7e-24,0,1
"respiratory tube development","C2_05_24",0,0,3.7e-24,0,1
"cellular senescence","C2_05_24",0,0,3.7e-24,0,1
"positive regulation of neurogenesis","C2_05_24",1,0,3.7e-24,1,0.3221
"mitochondrial outer membrane permeabilization","C2_05_24",0,0,3.7e-24,0,1
"immune system development","C2_05_24",0,0,3.7e-24,0,1
"clathrin-dependent endocytosis","C2_05_24",0,0,3.7e-24,0,1
"positive regulation of viral process","C2_05_24",1,0,3.7e-24,1,0.1239
"bone development","C2_05_24",0,0,3.7e-24,0,1
"cell-substrate adhesion","C2_05_24",0,0,3.7e-24,0,1
"positive regulation of microtubule polymerization","C2_05_24",0,0,3.7e-24,0,1
"pteridine-containing compound metabolic process","C2_05_24",0,0,3.7e-24,0,1
"response to arsenic-containing substance","C2_05_24",0,0,3.7e-24,0,1
"response to insulin","C2_05_24",0,0,3.7e-24,0,1
"ubiquinone metabolic process","C2_05_24",0,0,3.7e-24,0,1
"cellular response to arsenic-containing substance","C2_05_24",0,0,3.7e-24,0,1
"inositol phosphate catabolic process","C2_05_24",0,0,3.7e-24,0,1
"telomerase RNA localization to Cajal body","C2_05_24",0,0,3.7e-24,0,1
"respiratory system development","C2_05_24",0,0,3.7e-24,0,1
"regulation of generation of precursor metabolites and energy","C2_05_24",0,0,3.7e-24,0,1
"mitochondrial calcium ion homeostasis","C2_05_24",0,0,3.7e-24,0,1
"G0 to G1 transition","C2_05_24",0,0,3.7e-24,0,1
"mitochondrial genome maintenance","C2_05_24",0,0,3.7e-24,0,1
"release of cytochrome c from mitochondria","C2_05_24",0,0,3.7e-24,0,1
"cortical cytoskeleton organization","C2_05_24",0,0,3.7e-24,0,1
"response to sterol depletion","C2_05_24",1,0,3.7e-24,1,0.028
"regulation of ncRNA transcription","C2_05_24",0,0,3.7e-24,0,1
"mesenchymal cell differentiation","C2_05_24",0,0,3.7e-24,0,1
"protein-DNA complex subunit organization","C2_05_24",0,0,3.7e-24,0,1
"response to fluid shear stress","C2_05_24",0,0,3.7e-24,0,1
"collagen fibril organization","C2_05_24",1,0,3.7e-24,1,0.1663
"roof of mouth development","C2_05_24",0,0,3.7e-24,0,1
"regulation of protein dephosphorylation","C2_05_24",0,0,3.7e-24,0,1
"multicellular organism growth","C2_05_24",0,0,3.7e-24,0,1
"miRNA processing","C2_05_24",0,0,3.7e-24,0,1
"small molecule catabolic process","C2_05_24",0,0,3.7e-24,0,1
"regulation of G0 to G1 transition","C2_05_24",0,0,3.7e-24,0,1
"circadian regulation of gene expression","C2_05_24",0,0,3.7e-24,0,1
"regulation of translational fidelity","C2_05_24",0,0,3.7e-24,0,1
"ubiquinone biosynthetic process","C2_05_24",0,0,3.7e-24,0,1
"mitochondrial calcium ion transmembrane transport","C2_05_24",0,0,3.7e-24,0,1
"quinone biosynthetic process","C2_05_24",0,0,3.7e-24,0,1
"viral release from host cell","C2_05_24",0,0,3.7e-24,0,1
"exit from host cell","C2_05_24",0,0,3.7e-24,0,1
"positive regulation of GTPase activity","C2_05_24",0,0,3.7e-24,0,1
"regulation of cytokinesis","C2_05_24",0,0,3.7e-24,0,1
"mitochondrion localization","C2_05_24",0,0,3.7e-24,0,1
"renal system development","C2_05_24",0,0,3.7e-24,0,1
"regulation of cysteine-type endopeptidase activity involved in apoptotic process","C2_05_24",0,0,3.7e-24,0,1
"regulation of cell-substrate adhesion","C2_05_24",0,0,3.7e-24,0,1
"centrosome localization","C2_05_24",0,0,3.7e-24,0,1
"microtubule organizing center localization","C2_05_24",0,0,3.7e-24,0,1
"pinocytosis","C2_05_24",0,0,3.7e-24,0,1
"lamellipodium assembly","C2_05_24",0,0,3.7e-24,0,1
"cellular response to sterol depletion","C2_05_24",0,0,3.7e-24,0,1
"placenta development","C2_05_24",0,0,3.7e-24,0,1
"rhythmic process","C2_05_24",0,0,3.7e-24,0,1
"spindle localization","C2_05_24",0,0,3.7e-24,0,1
"carbohydrate derivative catabolic process","C2_05_24",0,0,3.7e-24,0,1
"response to amino acid","C2_05_24",0,0,3.7e-24,0,1
"regulation of intracellular steroid hormone receptor signaling pathway","C2_05_24",0,0,3.7e-24,0,1
"regulation of neuron death","C2_05_24",0,0,3.7e-24,0,1
"ossification","C2_05_24",2,1,3.7e-24,0.584962500721156,0.6551
"mammary gland epithelial cell proliferation","C2_05_24",0,0,3.7e-24,0,1
"ribosomal subunit export from nucleus","C2_05_24",0,0,3.7e-24,0,1
"ribosome localization","C2_05_24",0,0,3.7e-24,0,1
"protein transport to vacuole involved in ubiquitin-dependent protein catabolic process via the multivesicular body sorting pathway","C2_05_24",1,0,3.7e-24,1,0.0357
"seminiferous tubule development","C2_05_24",0,0,3.7e-24,0,1
"cellular response to acid chemical","C2_05_24",0,0,3.7e-24,0,1
"positive regulation of kinase activity","C2_05_24",1,1,3.7e-24,0,1
"positive regulation by host of viral process","C2_05_24",0,0,3.7e-24,0,1
"mitochondrion morphogenesis","C2_05_24",0,0,3.7e-24,0,1
"regulation of establishment of cell polarity","C2_05_24",0,0,3.7e-24,0,1
"cellular lipid catabolic process","C2_05_24",0,0,3.7e-24,0,1
"neuron apoptotic process","C2_05_24",1,0,3.7e-24,1,0.3724
"inner cell mass cell proliferation","C2_05_24",0,0,3.7e-24,0,1
"polyamine biosynthetic process","C2_05_24",0,0,3.7e-24,0,1
"folic acid metabolic process","C2_05_24",0,0,3.7e-24,0,1
"organelle inheritance","C2_05_24",0,0,3.7e-24,0,1
"polyol metabolic process","C2_05_24",0,0,3.7e-24,0,1
"regulation of type I interferon-mediated signaling pathway","C2_05_24",0,0,3.7e-24,0,1
"intracellular lipid transport","C2_05_24",0,0,3.7e-24,0,1
"fat cell differentiation","C2_05_24",1,0,3.7e-24,1,0.316
"iron ion homeostasis","C2_05_24",0,0,3.7e-24,0,1
"negative regulation of cell projection organization","C2_05_24",0,0,3.7e-24,0,1
"dicarboxylic acid metabolic process","C2_05_24",0,0,3.7e-24,0,1
"regulation of anatomical structure size","C2_05_24",2,1,3.7e-24,0.584962500721156,0.6502
"regulation of small molecule metabolic process","C2_05_24",1,0,3.7e-24,1,0.4664
"pentose-phosphate shunt","C2_05_24",0,0,3.7e-24,0,1
"pericardium development","C2_05_24",0,0,3.7e-24,0,1
"lysosomal protein catabolic process","C2_05_24",0,0,3.7e-24,0,1
"carbohydrate derivative transport","C2_05_24",0,0,3.7e-24,0,1
"alcohol biosynthetic process","C2_05_24",0,0,3.7e-24,0,1
"regulation of membrane permeability","C2_05_24",1,0,3.7e-24,1,0.1359
"signal peptide processing","C2_05_24",0,0,3.7e-24,0,1
"UV-damage excision repair","C2_05_24",0,0,3.7e-24,0,1
"biological process involved in interaction with host","C2_05_24",0,0,3.7e-24,0,1
"body morphogenesis","C2_05_24",0,0,3.7e-24,0,1
"extracellular vesicle biogenesis","C2_05_24",0,0,3.7e-24,0,1
"negative regulation of defense response to virus","C2_05_24",0,0,3.7e-24,0,1
"aminoglycan biosynthetic process","C2_05_24",1,0,3.7e-24,1,0.1159
"sterol biosynthetic process","C2_05_24",0,0,3.7e-24,0,1
"polyamine metabolic process","C2_05_24",0,0,3.7e-24,0,1
"magnesium ion transport","C2_05_24",0,0,3.7e-24,0,1
"lamellipodium morphogenesis","C2_05_24",0,0,3.7e-24,0,1
"positive regulation of neuron migration","C2_05_24",0,0,3.7e-24,0,1
"regulation of glucose metabolic process","C2_05_24",0,0,3.7e-24,0,1
"monosaccharide biosynthetic process","C2_05_24",0,0,3.7e-24,0,1
"response to acid chemical","C2_05_24",0,0,3.7e-24,0,1
"regulation of carbohydrate metabolic process","C2_05_24",2,0,3.7e-24,1.58496250072116,0.0444
"positive regulation of nervous system development","C2_05_24",0,0,3.7e-24,0,1
"regulation of circadian rhythm","C2_05_24",0,0,3.7e-24,0,1
"trabecula morphogenesis","C2_05_24",0,0,3.7e-24,0,1
"pigment accumulation","C2_05_24",0,0,3.7e-24,0,1
"cellular pigment accumulation","C2_05_24",0,0,3.7e-24,0,1
"regulation of pinocytosis","C2_05_24",0,0,3.7e-24,0,1
"regulation of ligase activity","C2_05_24",0,0,3.7e-24,0,1
"smoothened signaling pathway involved in dorsal/ventral neural tube patterning","C2_05_24",0,0,3.7e-24,0,1
"glycosyl compound metabolic process","C2_05_24",1,0,3.7e-24,1,0.1298
"substantia nigra development","C2_05_24",0,0,3.7e-24,0,1
"negative regulation of GTPase activity","C2_05_24",0,0,3.7e-24,0,1
"axon extension","C2_05_24",0,0,3.7e-24,0,1
"positive regulation of epithelial to mesenchymal transition","C2_05_24",0,0,3.7e-24,0,1
"one-carbon metabolic process","C2_05_24",0,0,3.7e-24,0,1
"NADPH regeneration","C2_05_24",0,0,3.7e-24,0,1
"cellular response to dsRNA","C2_05_24",0,0,3.7e-24,0,1
"neuron projection organization","C2_05_24",0,0,3.7e-24,0,1
"postsynapse organization","C2_05_24",0,0,3.7e-24,0,1
"regulation of ketone biosynthetic process","C2_05_24",0,0,3.7e-24,0,1
"mitochondrion distribution","C2_05_24",0,0,3.7e-24,0,1
"regulation of autophagosome maturation","C2_05_24",0,0,3.7e-24,0,1
"magnesium ion transmembrane transport","C2_05_24",0,0,3.7e-24,0,1
"regulation of cell division","C2_05_24",0,0,3.7e-24,0,1
"intermembrane lipid transfer","C2_05_24",0,0,3.7e-24,0,1
"organophosphate ester transport","C2_05_24",0,0,3.7e-24,0,1
"movement in host","C2_05_24",0,0,3.7e-24,0,1
"extracellular matrix assembly","C2_05_24",0,0,3.7e-24,0,1
"cellular metabolic compound salvage","C2_05_24",0,0,3.7e-24,0,1
"regulation of ATP-dependent activity","C2_05_24",0,0,3.7e-24,0,1
"cell migration involved in heart development","C2_05_24",0,0,3.7e-24,0,1
"cellular response to fluid shear stress","C2_05_24",0,0,3.7e-24,0,1
"sphingomyelin biosynthetic process","C2_05_24",0,0,3.7e-24,0,1
"ether lipid biosynthetic process","C2_05_24",0,0,3.7e-24,0,1
"embryonic body morphogenesis","C2_05_24",0,0,3.7e-24,0,1
"amino sugar biosynthetic process","C2_05_24",0,0,3.7e-24,0,1
"glycerol ether biosynthetic process","C2_05_24",0,0,3.7e-24,0,1
"pigmentation","C2_05_24",1,0,3.7e-24,1,0.1782
"cellular response to ketone","C2_05_24",1,0,3.7e-24,1,0.1927
"nonribosomal peptide biosynthetic process","C2_05_24",0,0,3.7e-24,0,1
"glial cell apoptotic process","C2_05_24",0,0,3.7e-24,0,1
"lipoprotein catabolic process","C2_05_24",0,0,3.7e-24,0,1
"suppression of viral release by host","C2_05_24",0,0,3.7e-24,0,1
"chaperone-mediated autophagy","C2_05_24",0,0,3.7e-24,0,1
"regulation of steroid hormone biosynthetic process","C2_05_24",0,0,3.7e-24,0,1
"synaptic vesicle lumen acidification","C2_05_24",0,0,3.7e-24,0,1
"semaphorin-plexin signaling pathway involved in neuron projection guidance","C2_05_24",0,0,3.7e-24,0,1
"regulation of Golgi organization","C2_05_24",0,0,3.7e-24,0,1
"Schwann cell differentiation","C2_05_24",0,0,3.7e-24,0,1
"neurotrophin signaling pathway","C2_05_24",0,0,3.7e-24,0,1
"regulation of microtubule depolymerization","C2_05_24",0,0,3.7e-24,0,1
"basement membrane organization","C2_05_24",0,0,3.7e-24,0,1
"establishment or maintenance of epithelial cell apical/basal polarity","C2_05_24",0,0,3.7e-24,0,1
"face development","C2_05_24",0,0,3.7e-24,0,1
"osteoblast differentiation","C2_05_24",2,0,3.7e-24,1.58496250072116,0.0743
"appendage development","C2_05_24",1,0,3.7e-24,1,0.2649
"limb development","C2_05_24",0,0,3.7e-24,0,1
"regulation of ATP metabolic process","C2_05_24",0,0,3.7e-24,0,1
"developmental growth involved in morphogenesis","C2_05_24",2,0,3.7e-24,1.58496250072116,0.0447
"embryonic organ development","C2_05_24",1,1,3.7e-24,0,1
"negative regulation of growth","C2_05_24",1,0,3.7e-24,1,0.3559
"microtubule depolymerization","C2_05_24",0,0,3.7e-24,0,1
"heme metabolic process","C2_05_24",0,0,3.7e-24,0,1
"regulation of neuron apoptotic process","C2_05_24",0,0,3.7e-24,0,1
"plasma membrane tubulation","C2_05_24",0,0,3.7e-24,0,1
"exosomal secretion","C2_05_24",0,0,3.7e-24,0,1
"vasculogenesis","C2_05_24",1,0,3.7e-24,1,0.1537
"toxin transport","C2_05_24",0,0,3.7e-24,0,1
"ncRNA processing","C3_05_24",3,1,3.7e-24,1,0.4242
"ribosome biogenesis","C3_05_24",1,1,3.7e-24,0,1
"rRNA metabolic process","C3_05_24",0,1,3.7e-24,-1,0.5017
"proteasome-mediated ubiquitin-dependent protein catabolic process","C3_05_24",1,1,3.7e-24,0,1
"regulation of response to DNA damage stimulus","C3_05_24",1,1,3.7e-24,0,1
"establishment of protein localization to organelle","C3_05_24",0,1,3.7e-24,-1,0.4312
"macroautophagy","C3_05_24",1,1,3.7e-24,0,1
"regulation of chromosome organization","C3_05_24",1,1,3.7e-24,0,1
"Golgi vesicle transport","C3_05_24",0,1,3.7e-24,-1,0.4843
"double-strand break repair","C3_05_24",0,1,3.7e-24,-1,0.4837
"histone modification","C3_05_24",2,1,3.7e-24,0.584962500721156,0.6328
"sister chromatid segregation","C3_05_24",0,1,3.7e-24,-1,0.5147
"DNA replication","C3_05_24",1,1,3.7e-24,0,1
"chromosome segregation","C3_05_24",1,1,3.7e-24,0,1
"mitochondrial gene expression","C3_05_24",0,0,3.7e-24,0,1
"nucleocytoplasmic transport","C3_05_24",0,1,3.7e-24,-1,0.472
"nuclear transport","C3_05_24",0,1,3.7e-24,-1,0.4605
"regulation of DNA repair","C3_05_24",0,0,3.7e-24,0,1
"peptidyl-lysine modification","C3_05_24",2,1,3.7e-24,0.584962500721156,0.6359
"protein targeting","C3_05_24",2,1,3.7e-24,0.584962500721156,0.627
"cytoplasmic translation","C3_05_24",1,0,3.7e-24,1,0.3522
"regulation of autophagy","C3_05_24",0,1,3.7e-24,-1,0.459
"signal transduction in response to DNA damage","C3_05_24",0,0,3.7e-24,0,1
"regulation of intracellular transport","C3_05_24",0,1,3.7e-24,-1,0.4785
"protein localization to nucleus","C3_05_24",0,1,3.7e-24,-1,0.5067
"microtubule cytoskeleton organization involved in mitosis","C3_05_24",0,0,3.7e-24,0,1
"telomere maintenance","C3_05_24",0,0,3.7e-24,0,1
"cell cycle checkpoint signaling","C3_05_24",0,0,3.7e-24,0,1
"regulation of protein modification by small protein conjugation or removal","C3_05_24",0,0,3.7e-24,0,1
"cellular respiration","C3_05_24",0,0,3.7e-24,0,1
"cellular component disassembly","C3_05_24",1,1,3.7e-24,0,1
"nuclear chromosome segregation","C3_05_24",0,1,3.7e-24,-1,0.4696
"regulation of protein stability","C3_05_24",0,1,3.7e-24,-1,0.4729
"regulation of cell cycle phase transition","C3_05_24",0,1,3.7e-24,-1,0.4169
"regulation of protein catabolic process","C3_05_24",1,1,3.7e-24,0,1
"response to endoplasmic reticulum stress","C3_05_24",1,1,3.7e-24,0,1
"vesicle organization","C3_05_24",1,1,3.7e-24,0,1
"mitochondrial respiratory chain complex assembly","C3_05_24",0,0,3.7e-24,0,1
"DNA-templated transcription elongation","C3_05_24",0,0,3.7e-24,0,1
"mitochondrial transport","C3_05_24",0,0,3.7e-24,0,1
"establishment of organelle localization","C3_05_24",0,1,3.7e-24,-1,0.4275
"regulation of intracellular protein transport","C3_05_24",1,0,3.7e-24,1,0.4321
"response to UV","C3_05_24",0,0,3.7e-24,0,1
"RNA localization","C3_05_24",0,0,3.7e-24,0,1
"response to topologically incorrect protein","C3_05_24",0,0,3.7e-24,0,1
"organelle fission","C3_05_24",0,1,3.7e-24,-1,0.4197
"non-membrane-bounded organelle assembly","C3_05_24",1,1,3.7e-24,0,1
"protein polyubiquitination","C3_05_24",2,0,3.7e-24,1.58496250072116,0.1351
"methylation","C3_05_24",2,1,3.7e-24,0.584962500721156,0.6351
"phospholipid biosynthetic process","C3_05_24",0,0,3.7e-24,0,1
"oxidative phosphorylation","C3_05_24",0,0,3.7e-24,0,1
"establishment of protein localization to membrane","C3_05_24",1,1,3.7e-24,0,1
"in utero embryonic development","C3_05_24",0,1,3.7e-24,-1,0.4532
"vacuole organization","C3_05_24",0,0,3.7e-24,0,1
"nuclear-transcribed mRNA catabolic process","C3_05_24",1,0,3.7e-24,1,0.3272
"protein folding","C3_05_24",1,0,3.7e-24,1,0.4336
"DNA conformation change","C3_05_24",0,0,3.7e-24,0,1
"regulation of chromosome segregation","C3_05_24",0,0,3.7e-24,0,1
"regulation of apoptotic signaling pathway","C3_05_24",2,1,3.7e-24,0.584962500721156,0.6359
"cell cycle G2/M phase transition","C3_05_24",1,0,3.7e-24,1,0.3364
"vacuolar transport","C3_05_24",0,0,3.7e-24,0,1
"response to ionizing radiation","C3_05_24",1,0,3.7e-24,1,0.3136
"cellular response to UV","C3_05_24",0,0,3.7e-24,0,1
"regulation of binding","C3_05_24",0,1,3.7e-24,-1,0.4815
"nucleic acid transport","C3_05_24",2,0,3.7e-24,1.58496250072116,0.0859
"RNA transport","C3_05_24",2,0,3.7e-24,1.58496250072116,0.0609
"ribonucleoprotein complex subunit organization","C3_05_24",1,0,3.7e-24,1,0.4879
"regulation of DNA replication","C3_05_24",1,0,3.7e-24,1,0.3317
"ribose phosphate metabolic process","C3_05_24",1,1,3.7e-24,0,1
"proton motive force-driven ATP synthesis","C3_05_24",0,0,3.7e-24,0,1
"ribonucleotide metabolic process","C3_05_24",1,1,3.7e-24,0,1
"telomere organization","C3_05_24",0,0,3.7e-24,0,1
"cellular response to topologically incorrect protein","C3_05_24",0,0,3.7e-24,0,1
"Golgi organization","C3_05_24",0,0,3.7e-24,0,1
"ribonucleoprotein complex assembly","C3_05_24",1,0,3.7e-24,1,0.4518
"cellular nitrogen compound catabolic process","C3_05_24",2,1,3.7e-24,0.584962500721156,0.6407
"negative regulation of phosphorus metabolic process","C3_05_24",1,1,3.7e-24,0,1
"heterocycle catabolic process","C3_05_24",0,1,3.7e-24,-1,0.4247
"mitochondrial membrane organization","C3_05_24",0,0,3.7e-24,0,1
"regulation of protein-containing complex assembly","C3_05_24",3,1,3.7e-24,1,0.4471
"positive regulation of cellular component biogenesis","C3_05_24",0,1,3.7e-24,-1,0.4374
"response to oxidative stress","C3_05_24",1,1,3.7e-24,0,1
"regulation of supramolecular fiber organization","C3_05_24",0,1,3.7e-24,-1,0.4828
"positive regulation of protein localization","C3_05_24",1,1,3.7e-24,0,1
"positive regulation of cell projection organization","C3_05_24",2,1,3.7e-24,0.584962500721156,0.6294
"negative regulation of transferase activity","C3_05_24",0,1,3.7e-24,-1,0.5101
"autophagy of mitochondrion","C3_05_24",0,0,3.7e-24,0,1
"positive regulation of amide metabolic process","C3_05_24",1,0,3.7e-24,1,0.4005
"chromatin remodeling","C3_05_24",1,1,3.7e-24,0,1
"viral process","C3_05_24",0,1,3.7e-24,-1,0.4327
"macromolecule deacylation","C3_05_24",0,0,3.7e-24,0,1
"mitotic cytokinesis","C3_05_24",0,0,3.7e-24,0,1
"aromatic compound catabolic process","C3_05_24",0,1,3.7e-24,-1,0.4255
"vesicle localization","C3_05_24",0,0,3.7e-24,0,1
"establishment or maintenance of cell polarity","C3_05_24",0,0,3.7e-24,0,1
"Wnt signaling pathway","C3_05_24",1,1,3.7e-24,0,1
"cell-cell signaling by wnt","C3_05_24",1,1,3.7e-24,0,1
"ATP metabolic process","C3_05_24",1,0,3.7e-24,1,0.39
"cellular response to chemical stress","C3_05_24",2,1,3.7e-24,0.584962500721156,0.6427
"regulation of vacuole organization","C3_05_24",0,0,3.7e-24,0,1
"cellular response to external stimulus","C3_05_24",0,1,3.7e-24,-1,0.4976
"negative regulation of protein phosphorylation","C3_05_24",0,1,3.7e-24,-1,0.4965
"negative regulation of catabolic process","C3_05_24",0,1,3.7e-24,-1,0.5145
"regulation of microtubule cytoskeleton organization","C3_05_24",0,0,3.7e-24,0,1
"chromosome localization","C3_05_24",0,0,3.7e-24,0,1
"negative regulation of mitotic nuclear division","C3_05_24",0,0,3.7e-24,0,1
"regulation of actin filament organization","C3_05_24",0,0,3.7e-24,0,1
"dephosphorylation","C3_05_24",0,1,3.7e-24,-1,0.5053
"glycosylation","C3_05_24",1,0,3.7e-24,1,0.4599
"positive regulation of establishment of protein localization","C3_05_24",0,1,3.7e-24,-1,0.5136
"regulation of microtubule-based process","C3_05_24",2,0,3.7e-24,1.58496250072116,0.1213
"cell-substrate junction organization","C3_05_24",0,0,3.7e-24,0,1
"protein-containing complex localization","C3_05_24",0,0,3.7e-24,0,1
"mitochondrial transmembrane transport","C3_05_24",0,0,3.7e-24,0,1
"stem cell population maintenance","C3_05_24",0,0,3.7e-24,0,1
"ribosome assembly","C3_05_24",0,0,3.7e-24,0,1
"intraciliary transport","C3_05_24",0,0,3.7e-24,0,1
"Golgi to plasma membrane protein transport","C3_05_24",0,0,3.7e-24,0,1
"response to amino acid starvation","C3_05_24",0,0,3.7e-24,0,1
"cellular response to extracellular stimulus","C3_05_24",0,0,3.7e-24,0,1
"cell growth","C3_05_24",2,1,3.7e-24,0.584962500721156,0.6364
"protein glycosylation","C3_05_24",1,0,3.7e-24,1,0.4151
"macromolecule glycosylation","C3_05_24",1,0,3.7e-24,1,0.4408
"maintenance of cell number","C3_05_24",0,0,3.7e-24,0,1
"response to reactive oxygen species","C3_05_24",0,0,3.7e-24,0,1
"regulation of cell morphogenesis","C3_05_24",1,0,3.7e-24,1,0.4705
"regulation of cellular component size","C3_05_24",0,1,3.7e-24,-1,0.4933
"cell-substrate junction assembly","C3_05_24",0,0,3.7e-24,0,1
"membrane fission","C3_05_24",0,0,3.7e-24,0,1
"membrane docking","C3_05_24",0,0,3.7e-24,0,1
"fibroblast migration","C3_05_24",0,0,3.7e-24,0,1
"nucleus organization","C3_05_24",0,0,3.7e-24,0,1
"regulation of cell growth","C3_05_24",0,1,3.7e-24,-1,0.4497
"fibroblast proliferation","C3_05_24",0,0,3.7e-24,0,1
"cell cycle G1/S phase transition","C3_05_24",0,1,3.7e-24,-1,0.533
"actin filament organization","C3_05_24",0,1,3.7e-24,-1,0.4564
"response to oxygen levels","C3_05_24",1,1,3.7e-24,0,1
"epigenetic regulation of gene expression","C3_05_24",1,0,3.7e-24,1,0.3569
"organelle fusion","C3_05_24",0,0,3.7e-24,0,1
"lipoprotein metabolic process","C3_05_24",0,0,3.7e-24,0,1
"protein lipidation","C3_05_24",0,0,3.7e-24,0,1
"regulation of plasma membrane bounded cell projection assembly","C3_05_24",1,0,3.7e-24,1,0.3578
"regulation of actin filament-based process","C3_05_24",1,1,3.7e-24,0,1
"regulation of GTPase activity","C3_05_24",0,1,3.7e-24,-1,0.5129
"nuclear envelope organization","C3_05_24",0,0,3.7e-24,0,1
"protein autophosphorylation","C3_05_24",0,0,3.7e-24,0,1
"connective tissue development","C3_05_24",1,0,3.7e-24,1,0.4787
"cellular response to heat","C3_05_24",1,0,3.7e-24,1,0.1452
"myeloid cell homeostasis","C3_05_24",0,0,3.7e-24,0,1
"regulation of neuron projection development","C3_05_24",0,1,3.7e-24,-1,0.4531
"receptor metabolic process","C3_05_24",0,0,3.7e-24,0,1
"maintenance of protein location in cell","C3_05_24",0,0,3.7e-24,0,1
"apoptotic mitochondrial changes","C3_05_24",0,0,3.7e-24,0,1
"response to transforming growth factor beta","C3_05_24",0,0,3.7e-24,0,1
"neural tube development","C3_05_24",0,0,3.7e-24,0,1
"maintenance of protein location","C3_05_24",0,0,3.7e-24,0,1
"regulation of ubiquitin-protein transferase activity","C3_05_24",0,0,3.7e-24,0,1
"cilium assembly","C3_05_24",1,1,3.7e-24,0,1
"mRNA export from nucleus","C3_05_24",0,0,3.7e-24,0,1
"regulation of cell-substrate junction organization","C3_05_24",0,0,3.7e-24,0,1
"membrane biogenesis","C3_05_24",0,0,3.7e-24,0,1
"cilium organization","C3_05_24",1,1,3.7e-24,0,1
"platelet-derived growth factor receptor signaling pathway","C3_05_24",0,0,3.7e-24,0,1
"iron-sulfur cluster assembly","C3_05_24",0,0,3.7e-24,0,1
"metallo-sulfur cluster assembly","C3_05_24",0,0,3.7e-24,0,1
"centromere complex assembly","C3_05_24",0,0,3.7e-24,0,1
"cellular response to oxygen levels","C3_05_24",1,0,3.7e-24,1,0.3375
"fatty acid beta-oxidation","C3_05_24",0,0,3.7e-24,0,1
"organelle localization by membrane tethering","C3_05_24",0,0,3.7e-24,0,1
"autophagosome maturation","C3_05_24",0,0,3.7e-24,0,1
"cellular response to transforming growth factor beta stimulus","C3_05_24",1,0,3.7e-24,1,0.4477
"nucleotide catabolic process","C3_05_24",0,0,3.7e-24,0,1
"tube closure","C3_05_24",0,0,3.7e-24,0,1
"regulation of stem cell differentiation","C3_05_24",0,0,3.7e-24,0,1
"substrate adhesion-dependent cell spreading","C3_05_24",0,0,3.7e-24,0,1
"chondrocyte differentiation","C3_05_24",0,0,3.7e-24,0,1
"regulation of fibroblast proliferation","C3_05_24",0,0,3.7e-24,0,1
"morphogenesis of an epithelial sheet","C3_05_24",0,0,3.7e-24,0,1
"microtubule polymerization","C3_05_24",0,0,3.7e-24,0,1
"response to virus","C3_05_24",2,1,3.7e-24,0.584962500721156,0.6284
"membrane assembly","C3_05_24",0,0,3.7e-24,0,1
"COPII vesicle coating","C3_05_24",0,0,3.7e-24,0,1
"erythrocyte differentiation","C3_05_24",0,0,3.7e-24,0,1
"organophosphate catabolic process","C3_05_24",0,0,3.7e-24,0,1
"regulation of embryonic development","C3_05_24",1,0,3.7e-24,1,0.2051
"regulation of focal adhesion assembly","C3_05_24",1,0,3.7e-24,1,0.1516
"regulation of cell-substrate junction assembly","C3_05_24",1,0,3.7e-24,1,0.1181
"regulation of extracellular matrix organization","C3_05_24",0,0,3.7e-24,0,1
"GPI anchor biosynthetic process","C3_05_24",1,0,3.7e-24,1,0.0709
"lamellipodium organization","C3_05_24",0,0,3.7e-24,0,1
"positive regulation of stem cell population maintenance","C3_05_24",0,0,3.7e-24,0,1
"monosaccharide metabolic process","C3_05_24",0,0,3.7e-24,0,1
"U2-type prespliceosome assembly","C3_05_24",0,0,3.7e-24,0,1
"heterochromatin formation","C3_05_24",0,0,3.7e-24,0,1
"peroxisome organization","C3_05_24",0,0,3.7e-24,0,1
"regulation of mitochondrial fission","C3_05_24",1,0,3.7e-24,1,0.0681
"cellular pigmentation","C3_05_24",0,0,3.7e-24,0,1
"regulation of fibroblast migration","C3_05_24",0,0,3.7e-24,0,1
"cellular carbohydrate metabolic process","C3_05_24",0,0,3.7e-24,0,1
"positive regulation of axonogenesis","C3_05_24",0,0,3.7e-24,0,1
"kinetochore organization","C3_05_24",0,0,3.7e-24,0,1
"stem cell differentiation","C3_05_24",1,0,3.7e-24,1,0.3759
"proton transmembrane transport","C3_05_24",0,0,3.7e-24,0,1
"cellular response to insulin stimulus","C3_05_24",0,0,3.7e-24,0,1
"establishment of mitotic spindle localization","C3_05_24",0,0,3.7e-24,0,1
"cell redox homeostasis","C3_05_24",0,0,3.7e-24,0,1
"stress granule assembly","C3_05_24",0,0,3.7e-24,0,1
"protein neddylation","C3_05_24",0,0,3.7e-24,0,1
"regulation of mitochondrial membrane potential","C3_05_24",1,0,3.7e-24,1,0.1201
"neuron death","C3_05_24",0,1,3.7e-24,-1,0.5065
"defense response to virus","C3_05_24",0,0,3.7e-24,0,1
"sulfur compound metabolic process","C3_05_24",0,0,3.7e-24,0,1
"NADP metabolic process","C3_05_24",1,0,3.7e-24,1,0.0905
"vacuolar acidification","C3_05_24",0,0,3.7e-24,0,1
"oligosaccharide-lipid intermediate biosynthetic process","C3_05_24",0,0,3.7e-24,0,1
"lysosomal lumen acidification","C3_05_24",0,0,3.7e-24,0,1
"glycosyl compound biosynthetic process","C3_05_24",0,0,3.7e-24,0,1
"heart valve development","C3_05_24",0,0,3.7e-24,0,1
"water-soluble vitamin metabolic process","C3_05_24",0,0,3.7e-24,0,1
"interferon-beta production","C3_05_24",0,0,3.7e-24,0,1
"regulation of interferon-beta production","C3_05_24",0,0,3.7e-24,0,1
"branched-chain amino acid metabolic process","C3_05_24",0,0,3.7e-24,0,1
"regulation of mitochondrial membrane permeability","C3_05_24",1,0,3.7e-24,1,0.1373
"respiratory tube development","C3_05_24",0,0,3.7e-24,0,1
"cellular senescence","C3_05_24",0,0,3.7e-24,0,1
"positive regulation of neurogenesis","C3_05_24",0,0,3.7e-24,0,1
"mitochondrial outer membrane permeabilization","C3_05_24",0,0,3.7e-24,0,1
"immune system development","C3_05_24",0,0,3.7e-24,0,1
"clathrin-dependent endocytosis","C3_05_24",0,0,3.7e-24,0,1
"positive regulation of viral process","C3_05_24",0,0,3.7e-24,0,1
"bone development","C3_05_24",0,0,3.7e-24,0,1
"cell-substrate adhesion","C3_05_24",1,1,3.7e-24,0,1
"positive regulation of microtubule polymerization","C3_05_24",0,0,3.7e-24,0,1
"pteridine-containing compound metabolic process","C3_05_24",0,0,3.7e-24,0,1
"response to arsenic-containing substance","C3_05_24",0,0,3.7e-24,0,1
"response to insulin","C3_05_24",1,0,3.7e-24,1,0.4296
"ubiquinone metabolic process","C3_05_24",0,0,3.7e-24,0,1
"cellular response to arsenic-containing substance","C3_05_24",1,0,3.7e-24,1,0.0457
"inositol phosphate catabolic process","C3_05_24",0,0,3.7e-24,0,1
"telomerase RNA localization to Cajal body","C3_05_24",0,0,3.7e-24,0,1
"respiratory system development","C3_05_24",0,0,3.7e-24,0,1
"regulation of generation of precursor metabolites and energy","C3_05_24",0,0,3.7e-24,0,1
"mitochondrial calcium ion homeostasis","C3_05_24",0,0,3.7e-24,0,1
"G0 to G1 transition","C3_05_24",0,0,3.7e-24,0,1
"mitochondrial genome maintenance","C3_05_24",0,0,3.7e-24,0,1
"release of cytochrome c from mitochondria","C3_05_24",0,0,3.7e-24,0,1
"cortical cytoskeleton organization","C3_05_24",0,0,3.7e-24,0,1
"response to sterol depletion","C3_05_24",0,0,3.7e-24,0,1
"regulation of ncRNA transcription","C3_05_24",0,0,3.7e-24,0,1
"mesenchymal cell differentiation","C3_05_24",0,0,3.7e-24,0,1
"protein-DNA complex subunit organization","C3_05_24",0,0,3.7e-24,0,1
"response to fluid shear stress","C3_05_24",0,0,3.7e-24,0,1
"collagen fibril organization","C3_05_24",0,0,3.7e-24,0,1
"roof of mouth development","C3_05_24",1,0,3.7e-24,1,0.1707
"regulation of protein dephosphorylation","C3_05_24",0,0,3.7e-24,0,1
"multicellular organism growth","C3_05_24",0,0,3.7e-24,0,1
"miRNA processing","C3_05_24",0,0,3.7e-24,0,1
"small molecule catabolic process","C3_05_24",1,1,3.7e-24,0,1
"regulation of G0 to G1 transition","C3_05_24",0,0,3.7e-24,0,1
"circadian regulation of gene expression","C3_05_24",0,0,3.7e-24,0,1
"regulation of translational fidelity","C3_05_24",0,0,3.7e-24,0,1
"ubiquinone biosynthetic process","C3_05_24",0,0,3.7e-24,0,1
"mitochondrial calcium ion transmembrane transport","C3_05_24",0,0,3.7e-24,0,1
"quinone biosynthetic process","C3_05_24",0,0,3.7e-24,0,1
"viral release from host cell","C3_05_24",0,0,3.7e-24,0,1
"exit from host cell","C3_05_24",0,0,3.7e-24,0,1
"positive regulation of GTPase activity","C3_05_24",1,0,3.7e-24,1,0.4493
"regulation of cytokinesis","C3_05_24",0,0,3.7e-24,0,1
"mitochondrion localization","C3_05_24",0,0,3.7e-24,0,1
"renal system development","C3_05_24",0,1,3.7e-24,-1,0.5223
"regulation of cysteine-type endopeptidase activity involved in apoptotic process","C3_05_24",0,0,3.7e-24,0,1
"regulation of cell-substrate adhesion","C3_05_24",0,0,3.7e-24,0,1
"centrosome localization","C3_05_24",0,0,3.7e-24,0,1
"microtubule organizing center localization","C3_05_24",0,0,3.7e-24,0,1
"pinocytosis","C3_05_24",0,0,3.7e-24,0,1
"lamellipodium assembly","C3_05_24",1,0,3.7e-24,1,0.1466
"cellular response to sterol depletion","C3_05_24",0,0,3.7e-24,0,1
"placenta development","C3_05_24",0,0,3.7e-24,0,1
"rhythmic process","C3_05_24",0,0,3.7e-24,0,1
"spindle localization","C3_05_24",0,0,3.7e-24,0,1
"carbohydrate derivative catabolic process","C3_05_24",0,0,3.7e-24,0,1
"response to amino acid","C3_05_24",0,0,3.7e-24,0,1
"regulation of intracellular steroid hormone receptor signaling pathway","C3_05_24",0,0,3.7e-24,0,1
"regulation of neuron death","C3_05_24",1,0,3.7e-24,1,0.4884
"ossification","C3_05_24",1,1,3.7e-24,0,1
"mammary gland epithelial cell proliferation","C3_05_24",0,0,3.7e-24,0,1
"ribosomal subunit export from nucleus","C3_05_24",0,0,3.7e-24,0,1
"ribosome localization","C3_05_24",0,0,3.7e-24,0,1
"protein transport to vacuole involved in ubiquitin-dependent protein catabolic process via the multivesicular body sorting pathway","C3_05_24",0,0,3.7e-24,0,1
"seminiferous tubule development","C3_05_24",0,0,3.7e-24,0,1
"cellular response to acid chemical","C3_05_24",0,0,3.7e-24,0,1
"positive regulation of kinase activity","C3_05_24",1,1,3.7e-24,0,1
"positive regulation by host of viral process","C3_05_24",0,0,3.7e-24,0,1
"mitochondrion morphogenesis","C3_05_24",0,0,3.7e-24,0,1
"regulation of establishment of cell polarity","C3_05_24",0,0,3.7e-24,0,1
"cellular lipid catabolic process","C3_05_24",2,0,3.7e-24,1.58496250072116,0.0828
"neuron apoptotic process","C3_05_24",0,0,3.7e-24,0,1
"inner cell mass cell proliferation","C3_05_24",0,0,3.7e-24,0,1
"polyamine biosynthetic process","C3_05_24",0,0,3.7e-24,0,1
"folic acid metabolic process","C3_05_24",0,0,3.7e-24,0,1
"organelle inheritance","C3_05_24",0,0,3.7e-24,0,1
"polyol metabolic process","C3_05_24",0,0,3.7e-24,0,1
"regulation of type I interferon-mediated signaling pathway","C3_05_24",0,0,3.7e-24,0,1
"intracellular lipid transport","C3_05_24",1,0,3.7e-24,1,0.1143
"fat cell differentiation","C3_05_24",1,0,3.7e-24,1,0.3954
"iron ion homeostasis","C3_05_24",0,0,3.7e-24,0,1
"negative regulation of cell projection organization","C3_05_24",0,0,3.7e-24,0,1
"dicarboxylic acid metabolic process","C3_05_24",0,0,3.7e-24,0,1
"regulation of anatomical structure size","C3_05_24",0,1,3.7e-24,-1,0.4358
"regulation of small molecule metabolic process","C3_05_24",3,1,3.7e-24,1,0.5172
"pentose-phosphate shunt","C3_05_24",0,0,3.7e-24,0,1
"pericardium development","C3_05_24",0,0,3.7e-24,0,1
"lysosomal protein catabolic process","C3_05_24",0,0,3.7e-24,0,1
"carbohydrate derivative transport","C3_05_24",0,0,3.7e-24,0,1
"alcohol biosynthetic process","C3_05_24",1,0,3.7e-24,1,0.2431
"regulation of membrane permeability","C3_05_24",0,0,3.7e-24,0,1
"signal peptide processing","C3_05_24",0,0,3.7e-24,0,1
"UV-damage excision repair","C3_05_24",0,0,3.7e-24,0,1
"biological process involved in interaction with host","C3_05_24",0,0,3.7e-24,0,1
"body morphogenesis","C3_05_24",0,0,3.7e-24,0,1
"extracellular vesicle biogenesis","C3_05_24",0,0,3.7e-24,0,1
"negative regulation of defense response to virus","C3_05_24",0,0,3.7e-24,0,1
"aminoglycan biosynthetic process","C3_05_24",0,0,3.7e-24,0,1
"sterol biosynthetic process","C3_05_24",0,0,3.7e-24,0,1
"polyamine metabolic process","C3_05_24",0,0,3.7e-24,0,1
"magnesium ion transport","C3_05_24",0,0,3.7e-24,0,1
"lamellipodium morphogenesis","C3_05_24",0,0,3.7e-24,0,1
"positive regulation of neuron migration","C3_05_24",1,0,3.7e-24,1,0.0392
"regulation of glucose metabolic process","C3_05_24",0,0,3.7e-24,0,1
"monosaccharide biosynthetic process","C3_05_24",0,0,3.7e-24,0,1
"response to acid chemical","C3_05_24",0,0,3.7e-24,0,1
"regulation of carbohydrate metabolic process","C3_05_24",0,0,3.7e-24,0,1
"positive regulation of nervous system development","C3_05_24",0,0,3.7e-24,0,1
"regulation of circadian rhythm","C3_05_24",0,0,3.7e-24,0,1
"trabecula morphogenesis","C3_05_24",1,0,3.7e-24,1,0.119
"pigment accumulation","C3_05_24",0,0,3.7e-24,0,1
"cellular pigment accumulation","C3_05_24",0,0,3.7e-24,0,1
"regulation of pinocytosis","C3_05_24",0,0,3.7e-24,0,1
"regulation of ligase activity","C3_05_24",0,0,3.7e-24,0,1
"smoothened signaling pathway involved in dorsal/ventral neural tube patterning","C3_05_24",0,0,3.7e-24,0,1
"glycosyl compound metabolic process","C3_05_24",0,0,3.7e-24,0,1
"substantia nigra development","C3_05_24",0,0,3.7e-24,0,1
"negative regulation of GTPase activity","C3_05_24",0,0,3.7e-24,0,1
"axon extension","C3_05_24",0,0,3.7e-24,0,1
"positive regulation of epithelial to mesenchymal transition","C3_05_24",0,0,3.7e-24,0,1
"one-carbon metabolic process","C3_05_24",0,0,3.7e-24,0,1
"NADPH regeneration","C3_05_24",0,0,3.7e-24,0,1
"cellular response to dsRNA","C3_05_24",0,0,3.7e-24,0,1
"neuron projection organization","C3_05_24",0,0,3.7e-24,0,1
"postsynapse organization","C3_05_24",1,0,3.7e-24,1,0.3285
"regulation of ketone biosynthetic process","C3_05_24",0,0,3.7e-24,0,1
"mitochondrion distribution","C3_05_24",0,0,3.7e-24,0,1
"regulation of autophagosome maturation","C3_05_24",0,0,3.7e-24,0,1
"magnesium ion transmembrane transport","C3_05_24",0,0,3.7e-24,0,1
"regulation of cell division","C3_05_24",0,0,3.7e-24,0,1
"intermembrane lipid transfer","C3_05_24",0,0,3.7e-24,0,1
"organophosphate ester transport","C3_05_24",1,0,3.7e-24,1,0.2759
"movement in host","C3_05_24",1,0,3.7e-24,1,0.3572
"extracellular matrix assembly","C3_05_24",0,0,3.7e-24,0,1
"cellular metabolic compound salvage","C3_05_24",0,0,3.7e-24,0,1
"regulation of ATP-dependent activity","C3_05_24",0,0,3.7e-24,0,1
"cell migration involved in heart development","C3_05_24",0,0,3.7e-24,0,1
"cellular response to fluid shear stress","C3_05_24",0,0,3.7e-24,0,1
"sphingomyelin biosynthetic process","C3_05_24",0,0,3.7e-24,0,1
"ether lipid biosynthetic process","C3_05_24",0,0,3.7e-24,0,1
"embryonic body morphogenesis","C3_05_24",0,0,3.7e-24,0,1
"amino sugar biosynthetic process","C3_05_24",0,0,3.7e-24,0,1
"glycerol ether biosynthetic process","C3_05_24",0,0,3.7e-24,0,1
"pigmentation","C3_05_24",2,0,3.7e-24,1.58496250072116,0.0284
"cellular response to ketone","C3_05_24",0,0,3.7e-24,0,1
"nonribosomal peptide biosynthetic process","C3_05_24",0,0,3.7e-24,0,1
"glial cell apoptotic process","C3_05_24",0,0,3.7e-24,0,1
"lipoprotein catabolic process","C3_05_24",0,0,3.7e-24,0,1
"suppression of viral release by host","C3_05_24",0,0,3.7e-24,0,1
"chaperone-mediated autophagy","C3_05_24",0,0,3.7e-24,0,1
"regulation of steroid hormone biosynthetic process","C3_05_24",0,0,3.7e-24,0,1
"synaptic vesicle lumen acidification","C3_05_24",0,0,3.7e-24,0,1
"semaphorin-plexin signaling pathway involved in neuron projection guidance","C3_05_24",0,0,3.7e-24,0,1
"regulation of Golgi organization","C3_05_24",0,0,3.7e-24,0,1
"Schwann cell differentiation","C3_05_24",0,0,3.7e-24,0,1
"neurotrophin signaling pathway","C3_05_24",0,0,3.7e-24,0,1
"regulation of microtubule depolymerization","C3_05_24",0,0,3.7e-24,0,1
"basement membrane organization","C3_05_24",0,0,3.7e-24,0,1
"establishment or maintenance of epithelial cell apical/basal polarity","C3_05_24",0,0,3.7e-24,0,1
"face development","C3_05_24",0,0,3.7e-24,0,1
"osteoblast differentiation","C3_05_24",0,0,3.7e-24,0,1
"appendage development","C3_05_24",0,0,3.7e-24,0,1
"limb development","C3_05_24",0,0,3.7e-24,0,1
"regulation of ATP metabolic process","C3_05_24",0,0,3.7e-24,0,1
"developmental growth involved in morphogenesis","C3_05_24",0,0,3.7e-24,0,1
"embryonic organ development","C3_05_24",0,1,3.7e-24,-1,0.4667
"negative regulation of growth","C3_05_24",2,0,3.7e-24,1.58496250072116,0.0984
"microtubule depolymerization","C3_05_24",0,0,3.7e-24,0,1
"heme metabolic process","C3_05_24",0,0,3.7e-24,0,1
"regulation of neuron apoptotic process","C3_05_24",1,0,3.7e-24,1,0.4107
"plasma membrane tubulation","C3_05_24",0,0,3.7e-24,0,1
"exosomal secretion","C3_05_24",0,0,3.7e-24,0,1
"vasculogenesis","C3_05_24",0,0,3.7e-24,0,1
"toxin transport","C3_05_24",0,0,3.7e-24,0,1
"ncRNA processing","E1_06_14",2,6,3.7e-24,-1.22239242133645,0.0638
"ribosome biogenesis","E1_06_14",8,4,3.7e-24,0.84799690655495,0.1538
"rRNA metabolic process","E1_06_14",3,4,3.7e-24,-0.321928094887362,0.6602
"proteasome-mediated ubiquitin-dependent protein catabolic process","E1_06_14",3,6,3.7e-24,-0.807354922057604,0.1584
"regulation of response to DNA damage stimulus","E1_06_14",1,4,3.7e-24,-1.32192809488736,0.0623
"establishment of protein localization to organelle","E1_06_14",2,6,3.7e-24,-1.22239242133645,0.0617
"macroautophagy","E1_06_14",3,5,3.7e-24,-0.584962500721156,0.3262
"regulation of chromosome organization","E1_06_14",2,4,3.7e-24,-0.736965594166206,0.318
"Golgi vesicle transport","E1_06_14",2,4,3.7e-24,-0.736965594166206,0.3025
"double-strand break repair","E1_06_14",6,4,3.7e-24,0.485426827170242,0.4522
"histone modification","E1_06_14",1,6,3.7e-24,-1.8073549220576,0.0151
"sister chromatid segregation","E1_06_14",4,4,3.7e-24,0,1
"DNA replication","E1_06_14",1,3,3.7e-24,-1,0.204
"chromosome segregation","E1_06_14",8,6,3.7e-24,0.362570079384708,0.536
"mitochondrial gene expression","E1_06_14",3,2,3.7e-24,0.415037499278844,0.7355
"nucleocytoplasmic transport","E1_06_14",2,4,3.7e-24,-0.736965594166206,0.2769
"nuclear transport","E1_06_14",1,4,3.7e-24,-1.32192809488736,0.0692
"regulation of DNA repair","E1_06_14",0,3,3.7e-24,-2,0.0376
"peptidyl-lysine modification","E1_06_14",4,5,3.7e-24,-0.263034405833794,0.6862
"protein targeting","E1_06_14",1,5,3.7e-24,-1.58496250072116,0.0414
"cytoplasmic translation","E1_06_14",0,2,3.7e-24,-1.58496250072116,0.0998
"regulation of autophagy","E1_06_14",4,4,3.7e-24,0,1
"signal transduction in response to DNA damage","E1_06_14",3,2,3.7e-24,0.415037499278844,0.7279
"regulation of intracellular transport","E1_06_14",3,4,3.7e-24,-0.321928094887362,0.6433
"protein localization to nucleus","E1_06_14",2,4,3.7e-24,-0.736965594166206,0.3214
"microtubule cytoskeleton organization involved in mitosis","E1_06_14",1,2,3.7e-24,-0.584962500721156,0.5255
"telomere maintenance","E1_06_14",1,2,3.7e-24,-0.584962500721156,0.5319
"cell cycle checkpoint signaling","E1_06_14",3,3,3.7e-24,0,1
"regulation of protein modification by small protein conjugation or removal","E1_06_14",3,3,3.7e-24,0,1
"cellular respiration","E1_06_14",1,3,3.7e-24,-1,0.2081
"cellular component disassembly","E1_06_14",8,6,3.7e-24,0.362570079384708,0.5453
"nuclear chromosome segregation","E1_06_14",3,4,3.7e-24,-0.321928094887362,0.6361
"regulation of protein stability","E1_06_14",2,4,3.7e-24,-0.736965594166206,0.2973
"regulation of cell cycle phase transition","E1_06_14",2,6,3.7e-24,-1.22239242133645,0.0568
"regulation of protein catabolic process","E1_06_14",5,5,3.7e-24,0,1
"response to endoplasmic reticulum stress","E1_06_14",2,4,3.7e-24,-0.736965594166206,0.3161
"vesicle organization","E1_06_14",3,4,3.7e-24,-0.321928094887362,0.6344
"mitochondrial respiratory chain complex assembly","E1_06_14",0,1,3.7e-24,-1,0.4155
"DNA-templated transcription elongation","E1_06_14",3,2,3.7e-24,0.415037499278844,0.7305
"mitochondrial transport","E1_06_14",4,2,3.7e-24,0.736965594166206,0.3038
"establishment of organelle localization","E1_06_14",4,6,3.7e-24,-0.485426827170242,0.4451
"regulation of intracellular protein transport","E1_06_14",0,3,3.7e-24,-2,0.06
"response to UV","E1_06_14",1,2,3.7e-24,-0.584962500721156,0.5391
"RNA localization","E1_06_14",2,3,3.7e-24,-0.415037499278844,0.6267
"response to topologically incorrect protein","E1_06_14",2,2,3.7e-24,0,1
"organelle fission","E1_06_14",7,6,3.7e-24,0.192645077942396,0.8353
"non-membrane-bounded organelle assembly","E1_06_14",3,5,3.7e-24,-0.584962500721156,0.3162
"protein polyubiquitination","E1_06_14",3,3,3.7e-24,0,1
"methylation","E1_06_14",6,4,3.7e-24,0.485426827170242,0.4659
"phospholipid biosynthetic process","E1_06_14",3,3,3.7e-24,0,1
"oxidative phosphorylation","E1_06_14",2,2,3.7e-24,0,1
"establishment of protein localization to membrane","E1_06_14",2,4,3.7e-24,-0.736965594166206,0.3131
"in utero embryonic development","E1_06_14",2,4,3.7e-24,-0.736965594166206,0.267
"vacuole organization","E1_06_14",2,2,3.7e-24,0,1
"nuclear-transcribed mRNA catabolic process","E1_06_14",3,2,3.7e-24,0.415037499278844,0.7298
"protein folding","E1_06_14",3,3,3.7e-24,0,1
"DNA conformation change","E1_06_14",1,1,3.7e-24,0,1
"regulation of chromosome segregation","E1_06_14",2,2,3.7e-24,0,1
"regulation of apoptotic signaling pathway","E1_06_14",6,4,3.7e-24,0.485426827170242,0.4738
"cell cycle G2/M phase transition","E1_06_14",2,2,3.7e-24,0,1
"vacuolar transport","E1_06_14",2,2,3.7e-24,0,1
"response to ionizing radiation","E1_06_14",1,2,3.7e-24,-0.584962500721156,0.5424
"cellular response to UV","E1_06_14",0,1,3.7e-24,-1,0.4291
"regulation of binding","E1_06_14",4,4,3.7e-24,0,1
"nucleic acid transport","E1_06_14",3,2,3.7e-24,0.415037499278844,0.7376
"RNA transport","E1_06_14",0,2,3.7e-24,-1.58496250072116,0.1356
"ribonucleoprotein complex subunit organization","E1_06_14",4,3,3.7e-24,0.321928094887362,0.7718
"regulation of DNA replication","E1_06_14",0,2,3.7e-24,-1.58496250072116,0.1426
"ribose phosphate metabolic process","E1_06_14",6,5,3.7e-24,0.222392421336448,0.8244
"proton motive force-driven ATP synthesis","E1_06_14",1,1,3.7e-24,0,1
"ribonucleotide metabolic process","E1_06_14",4,5,3.7e-24,-0.263034405833794,0.6763
"telomere organization","E1_06_14",4,2,3.7e-24,0.736965594166206,0.3158
"cellular response to topologically incorrect protein","E1_06_14",1,1,3.7e-24,0,1
"Golgi organization","E1_06_14",2,2,3.7e-24,0,1
"ribonucleoprotein complex assembly","E1_06_14",1,2,3.7e-24,-0.584962500721156,0.5359
"cellular nitrogen compound catabolic process","E1_06_14",5,6,3.7e-24,-0.222392421336448,0.7061
"negative regulation of phosphorus metabolic process","E1_06_14",2,5,3.7e-24,-1,0.133
"heterocycle catabolic process","E1_06_14",7,5,3.7e-24,0.415037499278844,0.5105
"mitochondrial membrane organization","E1_06_14",2,1,3.7e-24,0.584962500721156,0.6491
"regulation of protein-containing complex assembly","E1_06_14",1,5,3.7e-24,-1.58496250072116,0.0476
"positive regulation of cellular component biogenesis","E1_06_14",7,6,3.7e-24,0.192645077942396,0.8427
"response to oxidative stress","E1_06_14",7,5,3.7e-24,0.415037499278844,0.5257
"regulation of supramolecular fiber organization","E1_06_14",1,4,3.7e-24,-1.32192809488736,0.0744
"positive regulation of protein localization","E1_06_14",5,5,3.7e-24,0,1
"positive regulation of cell projection organization","E1_06_14",3,4,3.7e-24,-0.321928094887362,0.6613
"negative regulation of transferase activity","E1_06_14",2,3,3.7e-24,-0.415037499278844,0.5994
"autophagy of mitochondrion","E1_06_14",1,1,3.7e-24,0,1
"positive regulation of amide metabolic process","E1_06_14",4,2,3.7e-24,0.736965594166206,0.2968
"chromatin remodeling","E1_06_14",2,4,3.7e-24,-0.736965594166206,0.2583
"viral process","E1_06_14",3,5,3.7e-24,-0.584962500721156,0.3374
"macromolecule deacylation","E1_06_14",1,2,3.7e-24,-0.584962500721156,0.5914
"mitotic cytokinesis","E1_06_14",0,1,3.7e-24,-1,0.4836
"aromatic compound catabolic process","E1_06_14",7,6,3.7e-24,0.192645077942396,0.8406
"vesicle localization","E1_06_14",3,2,3.7e-24,0.415037499278844,0.7421
"establishment or maintenance of cell polarity","E1_06_14",1,3,3.7e-24,-1,0.2602
"Wnt signaling pathway","E1_06_14",4,6,3.7e-24,-0.485426827170242,0.4413
"cell-cell signaling by wnt","E1_06_14",4,5,3.7e-24,-0.263034405833794,0.6748
"ATP metabolic process","E1_06_14",2,3,3.7e-24,-0.415037499278844,0.6198
"cellular response to chemical stress","E1_06_14",1,4,3.7e-24,-1.32192809488736,0.1066
"regulation of vacuole organization","E1_06_14",1,1,3.7e-24,0,1
"cellular response to external stimulus","E1_06_14",4,4,3.7e-24,0,1
"negative regulation of protein phosphorylation","E1_06_14",2,4,3.7e-24,-0.736965594166206,0.2816
"negative regulation of catabolic process","E1_06_14",2,4,3.7e-24,-0.736965594166206,0.3132
"regulation of microtubule cytoskeleton organization","E1_06_14",1,2,3.7e-24,-0.584962500721156,0.5562
"chromosome localization","E1_06_14",2,1,3.7e-24,0.584962500721156,0.6372
"negative regulation of mitotic nuclear division","E1_06_14",2,1,3.7e-24,0.584962500721156,0.6422
"regulation of actin filament organization","E1_06_14",5,3,3.7e-24,0.584962500721156,0.3802
"dephosphorylation","E1_06_14",4,4,3.7e-24,0,1
"glycosylation","E1_06_14",1,3,3.7e-24,-1,0.2254
"positive regulation of establishment of protein localization","E1_06_14",4,4,3.7e-24,0,1
"regulation of microtubule-based process","E1_06_14",7,3,3.7e-24,1,0.2495
"cell-substrate junction organization","E1_06_14",2,1,3.7e-24,0.584962500721156,0.6512
"protein-containing complex localization","E1_06_14",0,2,3.7e-24,-1.58496250072116,0.1117
"mitochondrial transmembrane transport","E1_06_14",0,1,3.7e-24,-1,0.4183
"stem cell population maintenance","E1_06_14",2,2,3.7e-24,0,1
"ribosome assembly","E1_06_14",1,0,3.7e-24,1,0.4861
"intraciliary transport","E1_06_14",0,1,3.7e-24,-1,0.5208
"Golgi to plasma membrane protein transport","E1_06_14",0,0,3.7e-24,0,1
"response to amino acid starvation","E1_06_14",1,1,3.7e-24,0,1
"cellular response to extracellular stimulus","E1_06_14",4,3,3.7e-24,0.321928094887362,0.7747
"cell growth","E1_06_14",6,5,3.7e-24,0.222392421336448,0.8343
"protein glycosylation","E1_06_14",5,3,3.7e-24,0.584962500721156,0.3807
"macromolecule glycosylation","E1_06_14",1,3,3.7e-24,-1,0.2256
"maintenance of cell number","E1_06_14",0,2,3.7e-24,-1.58496250072116,0.0861
"response to reactive oxygen species","E1_06_14",2,2,3.7e-24,0,1
"regulation of cell morphogenesis","E1_06_14",5,3,3.7e-24,0.584962500721156,0.3845
"regulation of cellular component size","E1_06_14",2,4,3.7e-24,-0.736965594166206,0.3003
"cell-substrate junction assembly","E1_06_14",2,1,3.7e-24,0.584962500721156,0.6362
"membrane fission","E1_06_14",1,0,3.7e-24,1,0.4469
"membrane docking","E1_06_14",0,1,3.7e-24,-1,0.4354
"fibroblast migration","E1_06_14",0,0,3.7e-24,0,1
"nucleus organization","E1_06_14",0,2,3.7e-24,-1.58496250072116,0.1564
"regulation of cell growth","E1_06_14",3,5,3.7e-24,-0.584962500721156,0.3121
"fibroblast proliferation","E1_06_14",2,1,3.7e-24,0.584962500721156,0.6719
"cell cycle G1/S phase transition","E1_06_14",6,3,3.7e-24,0.807354922057604,0.2788
"actin filament organization","E1_06_14",6,5,3.7e-24,0.222392421336448,0.8271
"response to oxygen levels","E1_06_14",3,4,3.7e-24,-0.321928094887362,0.6645
"epigenetic regulation of gene expression","E1_06_14",3,2,3.7e-24,0.415037499278844,0.7319
"organelle fusion","E1_06_14",4,2,3.7e-24,0.736965594166206,0.2712
"lipoprotein metabolic process","E1_06_14",0,2,3.7e-24,-1.58496250072116,0.1454
"protein lipidation","E1_06_14",2,1,3.7e-24,0.584962500721156,0.6526
"regulation of plasma membrane bounded cell projection assembly","E1_06_14",2,2,3.7e-24,0,1
"regulation of actin filament-based process","E1_06_14",2,4,3.7e-24,-0.736965594166206,0.2837
"regulation of GTPase activity","E1_06_14",3,4,3.7e-24,-0.321928094887362,0.6504
"nuclear envelope organization","E1_06_14",1,1,3.7e-24,0,1
"protein autophosphorylation","E1_06_14",2,2,3.7e-24,0,1
"connective tissue development","E1_06_14",3,3,3.7e-24,0,1
"cellular response to heat","E1_06_14",0,1,3.7e-24,-1,0.5115
"myeloid cell homeostasis","E1_06_14",1,2,3.7e-24,-0.584962500721156,0.5429
"regulation of neuron projection development","E1_06_14",8,5,3.7e-24,0.584962500721156,0.4008
"receptor metabolic process","E1_06_14",0,1,3.7e-24,-1,0.5039
"maintenance of protein location in cell","E1_06_14",0,1,3.7e-24,-1,0.4704
"apoptotic mitochondrial changes","E1_06_14",2,1,3.7e-24,0.584962500721156,0.6641
"response to transforming growth factor beta","E1_06_14",9,3,3.7e-24,1.32192809488736,0.0434
"neural tube development","E1_06_14",2,2,3.7e-24,0,1
"maintenance of protein location","E1_06_14",1,1,3.7e-24,0,1
"regulation of ubiquitin-protein transferase activity","E1_06_14",4,1,3.7e-24,1.32192809488736,0.0056
"cilium assembly","E1_06_14",7,4,3.7e-24,0.678071905112638,0.3445
"mRNA export from nucleus","E1_06_14",0,1,3.7e-24,-1,0.4739
"regulation of cell-substrate junction organization","E1_06_14",0,1,3.7e-24,-1,0.4729
"membrane biogenesis","E1_06_14",0,1,3.7e-24,-1,0.5048
"cilium organization","E1_06_14",5,4,3.7e-24,0.263034405833794,0.8112
"platelet-derived growth factor receptor signaling pathway","E1_06_14",0,1,3.7e-24,-1,0.5234
"iron-sulfur cluster assembly","E1_06_14",0,0,3.7e-24,0,1
"metallo-sulfur cluster assembly","E1_06_14",0,0,3.7e-24,0,1
"centromere complex assembly","E1_06_14",0,0,3.7e-24,0,1
"cellular response to oxygen levels","E1_06_14",2,2,3.7e-24,0,1
"fatty acid beta-oxidation","E1_06_14",0,1,3.7e-24,-1,0.4707
"organelle localization by membrane tethering","E1_06_14",1,1,3.7e-24,0,1
"autophagosome maturation","E1_06_14",1,0,3.7e-24,1,0.4479
"cellular response to transforming growth factor beta stimulus","E1_06_14",2,3,3.7e-24,-0.415037499278844,0.5976
"nucleotide catabolic process","E1_06_14",0,1,3.7e-24,-1,0.4586
"tube closure","E1_06_14",2,1,3.7e-24,0.584962500721156,0.6394
"regulation of stem cell differentiation","E1_06_14",2,1,3.7e-24,0.584962500721156,0.6351
"substrate adhesion-dependent cell spreading","E1_06_14",3,1,3.7e-24,1,0.4329
"chondrocyte differentiation","E1_06_14",2,2,3.7e-24,0,1
"regulation of fibroblast proliferation","E1_06_14",0,1,3.7e-24,-1,0.401
"morphogenesis of an epithelial sheet","E1_06_14",0,1,3.7e-24,-1,0.4684
"microtubule polymerization","E1_06_14",0,1,3.7e-24,-1,0.4386
"response to virus","E1_06_14",4,4,3.7e-24,0,1
"membrane assembly","E1_06_14",1,1,3.7e-24,0,1
"COPII vesicle coating","E1_06_14",0,0,3.7e-24,0,1
"erythrocyte differentiation","E1_06_14",1,1,3.7e-24,0,1
"organophosphate catabolic process","E1_06_14",1,2,3.7e-24,-0.584962500721156,0.5534
"regulation of embryonic development","E1_06_14",2,1,3.7e-24,0.584962500721156,0.6408
"regulation of focal adhesion assembly","E1_06_14",0,1,3.7e-24,-1,0.5008
"regulation of cell-substrate junction assembly","E1_06_14",0,1,3.7e-24,-1,0.4984
"regulation of extracellular matrix organization","E1_06_14",0,1,3.7e-24,-1,0.5127
"GPI anchor biosynthetic process","E1_06_14",0,0,3.7e-24,0,1
"lamellipodium organization","E1_06_14",1,1,3.7e-24,0,1
"positive regulation of stem cell population maintenance","E1_06_14",1,0,3.7e-24,1,0.436
"monosaccharide metabolic process","E1_06_14",3,2,3.7e-24,0.415037499278844,0.7497
"U2-type prespliceosome assembly","E1_06_14",0,0,3.7e-24,0,1
"heterochromatin formation","E1_06_14",0,1,3.7e-24,-1,0.42
"peroxisome organization","E1_06_14",0,0,3.7e-24,0,1
"regulation of mitochondrial fission","E1_06_14",0,0,3.7e-24,0,1
"cellular pigmentation","E1_06_14",2,1,3.7e-24,0.584962500721156,0.6287
"regulation of fibroblast migration","E1_06_14",1,0,3.7e-24,1,0.3899
"cellular carbohydrate metabolic process","E1_06_14",5,3,3.7e-24,0.584962500721156,0.3929
"positive regulation of axonogenesis","E1_06_14",0,1,3.7e-24,-1,0.4676
"kinetochore organization","E1_06_14",1,0,3.7e-24,1,0.2983
"stem cell differentiation","E1_06_14",0,2,3.7e-24,-1.58496250072116,0.095
"proton transmembrane transport","E1_06_14",2,1,3.7e-24,0.584962500721156,0.6763
"cellular response to insulin stimulus","E1_06_14",2,2,3.7e-24,0,1
"establishment of mitotic spindle localization","E1_06_14",0,0,3.7e-24,0,1
"cell redox homeostasis","E1_06_14",1,0,3.7e-24,1,0.4424
"stress granule assembly","E1_06_14",0,0,3.7e-24,0,1
"protein neddylation","E1_06_14",1,0,3.7e-24,1,0.2665
"regulation of mitochondrial membrane potential","E1_06_14",0,1,3.7e-24,-1,0.5063
"neuron death","E1_06_14",2,4,3.7e-24,-0.736965594166206,0.2762
"defense response to virus","E1_06_14",4,3,3.7e-24,0.321928094887362,0.7775
"sulfur compound metabolic process","E1_06_14",0,3,3.7e-24,-2,0.0303
"NADP metabolic process","E1_06_14",0,0,3.7e-24,0,1
"vacuolar acidification","E1_06_14",0,0,3.7e-24,0,1
"oligosaccharide-lipid intermediate biosynthetic process","E1_06_14",0,0,3.7e-24,0,1
"lysosomal lumen acidification","E1_06_14",1,0,3.7e-24,1,0.2382
"glycosyl compound biosynthetic process","E1_06_14",1,0,3.7e-24,1,0.2898
"heart valve development","E1_06_14",2,1,3.7e-24,0.584962500721156,0.6446
"water-soluble vitamin metabolic process","E1_06_14",1,1,3.7e-24,0,1
"interferon-beta production","E1_06_14",0,0,3.7e-24,0,1
"regulation of interferon-beta production","E1_06_14",1,1,3.7e-24,0,1
"branched-chain amino acid metabolic process","E1_06_14",0,0,3.7e-24,0,1
"regulation of mitochondrial membrane permeability","E1_06_14",1,0,3.7e-24,1,0.4901
"respiratory tube development","E1_06_14",0,2,3.7e-24,-1.58496250072116,0.1583
"cellular senescence","E1_06_14",1,1,3.7e-24,0,1
"positive regulation of neurogenesis","E1_06_14",2,2,3.7e-24,0,1
"mitochondrial outer membrane permeabilization","E1_06_14",0,0,3.7e-24,0,1
"immune system development","E1_06_14",5,2,3.7e-24,1,0.2001
"clathrin-dependent endocytosis","E1_06_14",0,0,3.7e-24,0,1
"positive regulation of viral process","E1_06_14",0,0,3.7e-24,0,1
"bone development","E1_06_14",0,2,3.7e-24,-1.58496250072116,0.0834
"cell-substrate adhesion","E1_06_14",1,4,3.7e-24,-1.32192809488736,0.0971
"positive regulation of microtubule polymerization","E1_06_14",0,0,3.7e-24,0,1
"pteridine-containing compound metabolic process","E1_06_14",1,0,3.7e-24,1,0.3532
"response to arsenic-containing substance","E1_06_14",0,0,3.7e-24,0,1
"response to insulin","E1_06_14",1,3,3.7e-24,-1,0.2653
"ubiquinone metabolic process","E1_06_14",0,0,3.7e-24,0,1
"cellular response to arsenic-containing substance","E1_06_14",0,0,3.7e-24,0,1
"inositol phosphate catabolic process","E1_06_14",0,0,3.7e-24,0,1
"telomerase RNA localization to Cajal body","E1_06_14",0,0,3.7e-24,0,1
"respiratory system development","E1_06_14",1,2,3.7e-24,-0.584962500721156,0.5507
"regulation of generation of precursor metabolites and energy","E1_06_14",1,1,3.7e-24,0,1
"mitochondrial calcium ion homeostasis","E1_06_14",0,0,3.7e-24,0,1
"G0 to G1 transition","E1_06_14",0,0,3.7e-24,0,1
"mitochondrial genome maintenance","E1_06_14",0,0,3.7e-24,0,1
"release of cytochrome c from mitochondria","E1_06_14",0,0,3.7e-24,0,1
"cortical cytoskeleton organization","E1_06_14",1,0,3.7e-24,1,0.4205
"response to sterol depletion","E1_06_14",0,0,3.7e-24,0,1
"regulation of ncRNA transcription","E1_06_14",0,0,3.7e-24,0,1
"mesenchymal cell differentiation","E1_06_14",1,3,3.7e-24,-1,0.2624
"protein-DNA complex subunit organization","E1_06_14",1,3,3.7e-24,-1,0.2633
"response to fluid shear stress","E1_06_14",0,0,3.7e-24,0,1
"collagen fibril organization","E1_06_14",0,1,3.7e-24,-1,0.4419
"roof of mouth development","E1_06_14",2,1,3.7e-24,0.584962500721156,0.6328
"regulation of protein dephosphorylation","E1_06_14",0,1,3.7e-24,-1,0.4244
"multicellular organism growth","E1_06_14",2,1,3.7e-24,0.584962500721156,0.672
"miRNA processing","E1_06_14",0,0,3.7e-24,0,1
"small molecule catabolic process","E1_06_14",3,4,3.7e-24,-0.321928094887362,0.6482
"regulation of G0 to G1 transition","E1_06_14",1,0,3.7e-24,1,0.4562
"circadian regulation of gene expression","E1_06_14",1,0,3.7e-24,1,0.4983
"regulation of translational fidelity","E1_06_14",0,0,3.7e-24,0,1
"ubiquinone biosynthetic process","E1_06_14",0,0,3.7e-24,0,1
"mitochondrial calcium ion transmembrane transport","E1_06_14",0,0,3.7e-24,0,1
"quinone biosynthetic process","E1_06_14",0,0,3.7e-24,0,1
"viral release from host cell","E1_06_14",2,0,3.7e-24,1.58496250072116,0.0584
"exit from host cell","E1_06_14",0,0,3.7e-24,0,1
"positive regulation of GTPase activity","E1_06_14",1,3,3.7e-24,-1,0.2619
"regulation of cytokinesis","E1_06_14",0,1,3.7e-24,-1,0.4355
"mitochondrion localization","E1_06_14",1,1,3.7e-24,0,1
"renal system development","E1_06_14",2,3,3.7e-24,-0.415037499278844,0.5949
"regulation of cysteine-type endopeptidase activity involved in apoptotic process","E1_06_14",3,2,3.7e-24,0.415037499278844,0.7301
"regulation of cell-substrate adhesion","E1_06_14",0,3,3.7e-24,-2,0.056
"centrosome localization","E1_06_14",2,0,3.7e-24,1.58496250072116,0.0864
"microtubule organizing center localization","E1_06_14",0,0,3.7e-24,0,1
"pinocytosis","E1_06_14",0,0,3.7e-24,0,1
"lamellipodium assembly","E1_06_14",0,1,3.7e-24,-1,0.5103
"cellular response to sterol depletion","E1_06_14",0,0,3.7e-24,0,1
"placenta development","E1_06_14",4,2,3.7e-24,0.736965594166206,0.2717
"rhythmic process","E1_06_14",2,3,3.7e-24,-0.415037499278844,0.6188
"spindle localization","E1_06_14",0,0,3.7e-24,0,1
"carbohydrate derivative catabolic process","E1_06_14",2,2,3.7e-24,0,1
"response to amino acid","E1_06_14",0,1,3.7e-24,-1,0.4076
"regulation of intracellular steroid hormone receptor signaling pathway","E1_06_14",0,1,3.7e-24,-1,0.4974
"regulation of neuron death","E1_06_14",3,3,3.7e-24,0,1
"ossification","E1_06_14",6,4,3.7e-24,0.485426827170242,0.475
"mammary gland epithelial cell proliferation","E1_06_14",0,0,3.7e-24,0,1
"ribosomal subunit export from nucleus","E1_06_14",0,0,3.7e-24,0,1
"ribosome localization","E1_06_14",0,0,3.7e-24,0,1
"protein transport to vacuole involved in ubiquitin-dependent protein catabolic process via the multivesicular body sorting pathway","E1_06_14",0,0,3.7e-24,0,1
"seminiferous tubule development","E1_06_14",0,0,3.7e-24,0,1
"cellular response to acid chemical","E1_06_14",0,1,3.7e-24,-1,0.4719
"positive regulation of kinase activity","E1_06_14",4,4,3.7e-24,0,1
"positive regulation by host of viral process","E1_06_14",1,0,3.7e-24,1,0.1941
"mitochondrion morphogenesis","E1_06_14",0,0,3.7e-24,0,1
"regulation of establishment of cell polarity","E1_06_14",0,0,3.7e-24,0,1
"cellular lipid catabolic process","E1_06_14",3,2,3.7e-24,0.415037499278844,0.7502
"neuron apoptotic process","E1_06_14",0,3,3.7e-24,-2,0.0512
"inner cell mass cell proliferation","E1_06_14",0,0,3.7e-24,0,1
"polyamine biosynthetic process","E1_06_14",0,0,3.7e-24,0,1
"folic acid metabolic process","E1_06_14",0,0,3.7e-24,0,1
"organelle inheritance","E1_06_14",1,0,3.7e-24,1,0.3224
"polyol metabolic process","E1_06_14",3,1,3.7e-24,1,0.4147
"regulation of type I interferon-mediated signaling pathway","E1_06_14",2,0,3.7e-24,1.58496250072116,0.1213
"intracellular lipid transport","E1_06_14",0,0,3.7e-24,0,1
"fat cell differentiation","E1_06_14",2,2,3.7e-24,0,1
"iron ion homeostasis","E1_06_14",0,1,3.7e-24,-1,0.4386
"negative regulation of cell projection organization","E1_06_14",0,2,3.7e-24,-1.58496250072116,0.1035
"dicarboxylic acid metabolic process","E1_06_14",0,1,3.7e-24,-1,0.4333
"regulation of anatomical structure size","E1_06_14",2,5,3.7e-24,-1,0.1286
"regulation of small molecule metabolic process","E1_06_14",3,3,3.7e-24,0,1
"pentose-phosphate shunt","E1_06_14",0,0,3.7e-24,0,1
"pericardium development","E1_06_14",0,0,3.7e-24,0,1
"lysosomal protein catabolic process","E1_06_14",0,0,3.7e-24,0,1
"carbohydrate derivative transport","E1_06_14",3,1,3.7e-24,1,0.4674
"alcohol biosynthetic process","E1_06_14",3,1,3.7e-24,1,0.4151
"regulation of membrane permeability","E1_06_14",0,1,3.7e-24,-1,0.4586
"signal peptide processing","E1_06_14",0,0,3.7e-24,0,1
"UV-damage excision repair","E1_06_14",0,0,3.7e-24,0,1
"biological process involved in interaction with host","E1_06_14",2,2,3.7e-24,0,1
"body morphogenesis","E1_06_14",0,0,3.7e-24,0,1
"extracellular vesicle biogenesis","E1_06_14",0,0,3.7e-24,0,1
"negative regulation of defense response to virus","E1_06_14",0,0,3.7e-24,0,1
"aminoglycan biosynthetic process","E1_06_14",0,1,3.7e-24,-1,0.5089
"sterol biosynthetic process","E1_06_14",1,0,3.7e-24,1,0.4899
"polyamine metabolic process","E1_06_14",0,0,3.7e-24,0,1
"magnesium ion transport","E1_06_14",0,0,3.7e-24,0,1
"lamellipodium morphogenesis","E1_06_14",0,0,3.7e-24,0,1
"positive regulation of neuron migration","E1_06_14",0,0,3.7e-24,0,1
"regulation of glucose metabolic process","E1_06_14",0,1,3.7e-24,-1,0.4161
"monosaccharide biosynthetic process","E1_06_14",1,1,3.7e-24,0,1
"response to acid chemical","E1_06_14",0,1,3.7e-24,-1,0.4203
"regulation of carbohydrate metabolic process","E1_06_14",0,2,3.7e-24,-1.58496250072116,0.128
"positive regulation of nervous system development","E1_06_14",1,2,3.7e-24,-0.584962500721156,0.5352
"regulation of circadian rhythm","E1_06_14",2,1,3.7e-24,0.584962500721156,0.6529
"trabecula morphogenesis","E1_06_14",1,0,3.7e-24,1,0.4724
"pigment accumulation","E1_06_14",0,0,3.7e-24,0,1
"cellular pigment accumulation","E1_06_14",0,0,3.7e-24,0,1
"regulation of pinocytosis","E1_06_14",0,0,3.7e-24,0,1
"regulation of ligase activity","E1_06_14",0,0,3.7e-24,0,1
"smoothened signaling pathway involved in dorsal/ventral neural tube patterning","E1_06_14",0,0,3.7e-24,0,1
"glycosyl compound metabolic process","E1_06_14",1,1,3.7e-24,0,1
"substantia nigra development","E1_06_14",0,0,3.7e-24,0,1
"negative regulation of GTPase activity","E1_06_14",0,0,3.7e-24,0,1
"axon extension","E1_06_14",0,1,3.7e-24,-1,0.4168
"positive regulation of epithelial to mesenchymal transition","E1_06_14",0,0,3.7e-24,0,1
"one-carbon metabolic process","E1_06_14",0,0,3.7e-24,0,1
"NADPH regeneration","E1_06_14",1,0,3.7e-24,1,0.2441
"cellular response to dsRNA","E1_06_14",0,0,3.7e-24,0,1
"neuron projection organization","E1_06_14",0,1,3.7e-24,-1,0.4393
"postsynapse organization","E1_06_14",1,2,3.7e-24,-0.584962500721156,0.5414
"regulation of ketone biosynthetic process","E1_06_14",0,0,3.7e-24,0,1
"mitochondrion distribution","E1_06_14",0,0,3.7e-24,0,1
"regulation of autophagosome maturation","E1_06_14",0,0,3.7e-24,0,1
"magnesium ion transmembrane transport","E1_06_14",1,0,3.7e-24,1,0.3361
"regulation of cell division","E1_06_14",2,2,3.7e-24,0,1
"intermembrane lipid transfer","E1_06_14",1,0,3.7e-24,1,0.4271
"organophosphate ester transport","E1_06_14",1,2,3.7e-24,-0.584962500721156,0.5857
"movement in host","E1_06_14",0,2,3.7e-24,-1.58496250072116,0.1157
"extracellular matrix assembly","E1_06_14",0,0,3.7e-24,0,1
"cellular metabolic compound salvage","E1_06_14",0,0,3.7e-24,0,1
"regulation of ATP-dependent activity","E1_06_14",1,1,3.7e-24,0,1
"cell migration involved in heart development","E1_06_14",0,0,3.7e-24,0,1
"cellular response to fluid shear stress","E1_06_14",0,0,3.7e-24,0,1
"sphingomyelin biosynthetic process","E1_06_14",0,0,3.7e-24,0,1
"ether lipid biosynthetic process","E1_06_14",0,0,3.7e-24,0,1
"embryonic body morphogenesis","E1_06_14",1,0,3.7e-24,1,0.1714
"amino sugar biosynthetic process","E1_06_14",0,0,3.7e-24,0,1
"glycerol ether biosynthetic process","E1_06_14",1,0,3.7e-24,1,0.1548
"pigmentation","E1_06_14",2,1,3.7e-24,0.584962500721156,0.6601
"cellular response to ketone","E1_06_14",1,1,3.7e-24,0,1
"nonribosomal peptide biosynthetic process","E1_06_14",0,0,3.7e-24,0,1
"glial cell apoptotic process","E1_06_14",0,0,3.7e-24,0,1
"lipoprotein catabolic process","E1_06_14",1,0,3.7e-24,1,0.218
"suppression of viral release by host","E1_06_14",0,0,3.7e-24,0,1
"chaperone-mediated autophagy","E1_06_14",0,0,3.7e-24,0,1
"regulation of steroid hormone biosynthetic process","E1_06_14",0,0,3.7e-24,0,1
"synaptic vesicle lumen acidification","E1_06_14",2,0,3.7e-24,1.58496250072116,0.0318
"semaphorin-plexin signaling pathway involved in neuron projection guidance","E1_06_14",0,0,3.7e-24,0,1
"regulation of Golgi organization","E1_06_14",0,0,3.7e-24,0,1
"Schwann cell differentiation","E1_06_14",0,0,3.7e-24,0,1
"neurotrophin signaling pathway","E1_06_14",0,0,3.7e-24,0,1
"regulation of microtubule depolymerization","E1_06_14",0,0,3.7e-24,0,1
"basement membrane organization","E1_06_14",0,0,3.7e-24,0,1
"establishment or maintenance of epithelial cell apical/basal polarity","E1_06_14",0,0,3.7e-24,0,1
"face development","E1_06_14",1,0,3.7e-24,1,0.4603
"osteoblast differentiation","E1_06_14",2,2,3.7e-24,0,1
"appendage development","E1_06_14",1,2,3.7e-24,-0.584962500721156,0.5374
"limb development","E1_06_14",3,2,3.7e-24,0.415037499278844,0.7316
"regulation of ATP metabolic process","E1_06_14",2,1,3.7e-24,0.584962500721156,0.6381
"developmental growth involved in morphogenesis","E1_06_14",0,2,3.7e-24,-1.58496250072116,0.1168
"embryonic organ development","E1_06_14",3,5,3.7e-24,-0.584962500721156,0.3396
"negative regulation of growth","E1_06_14",3,3,3.7e-24,0,1
"microtubule depolymerization","E1_06_14",0,0,3.7e-24,0,1
"heme metabolic process","E1_06_14",0,0,3.7e-24,0,1
"regulation of neuron apoptotic process","E1_06_14",3,2,3.7e-24,0.415037499278844,0.7355
"plasma membrane tubulation","E1_06_14",0,0,3.7e-24,0,1
"exosomal secretion","E1_06_14",2,0,3.7e-24,1.58496250072116,0.0123
"vasculogenesis","E1_06_14",0,1,3.7e-24,-1,0.429
"toxin transport","E1_06_14",0,0,3.7e-24,0,1
"ncRNA processing","E1_08_16",6,7,3.7e-24,-0.192645077942396,0.7266
"ribosome biogenesis","E1_08_16",9,5,3.7e-24,0.736965594166206,0.1891
"rRNA metabolic process","E1_08_16",3,4,3.7e-24,-0.321928094887362,0.6454
"proteasome-mediated ubiquitin-dependent protein catabolic process","E1_08_16",8,7,3.7e-24,0.169925001442312,0.8494
"regulation of response to DNA damage stimulus","E1_08_16",4,5,3.7e-24,-0.263034405833794,0.6677
"establishment of protein localization to organelle","E1_08_16",1,6,3.7e-24,-1.8073549220576,0.011
"macroautophagy","E1_08_16",6,6,3.7e-24,0,1
"regulation of chromosome organization","E1_08_16",1,4,3.7e-24,-1.32192809488736,0.0838
"Golgi vesicle transport","E1_08_16",7,4,3.7e-24,0.678071905112638,0.3497
"double-strand break repair","E1_08_16",5,5,3.7e-24,0,1
"histone modification","E1_08_16",5,7,3.7e-24,-0.415037499278844,0.473
"sister chromatid segregation","E1_08_16",5,4,3.7e-24,0.263034405833794,0.8061
"DNA replication","E1_08_16",3,4,3.7e-24,-0.321928094887362,0.6478
"chromosome segregation","E1_08_16",6,7,3.7e-24,-0.192645077942396,0.7264
"mitochondrial gene expression","E1_08_16",4,3,3.7e-24,0.321928094887362,0.7799
"nucleocytoplasmic transport","E1_08_16",5,5,3.7e-24,0,1
"nuclear transport","E1_08_16",2,5,3.7e-24,-1,0.1251
"regulation of DNA repair","E1_08_16",0,3,3.7e-24,-2,0.0319
"peptidyl-lysine modification","E1_08_16",1,6,3.7e-24,-1.8073549220576,0.0213
"protein targeting","E1_08_16",3,5,3.7e-24,-0.584962500721156,0.3102
"cytoplasmic translation","E1_08_16",2,2,3.7e-24,0,1
"regulation of autophagy","E1_08_16",4,5,3.7e-24,-0.263034405833794,0.6709
"signal transduction in response to DNA damage","E1_08_16",2,3,3.7e-24,-0.415037499278844,0.6187
"regulation of intracellular transport","E1_08_16",7,5,3.7e-24,0.415037499278844,0.5022
"protein localization to nucleus","E1_08_16",6,4,3.7e-24,0.485426827170242,0.4555
"microtubule cytoskeleton organization involved in mitosis","E1_08_16",2,3,3.7e-24,-0.415037499278844,0.6208
"telomere maintenance","E1_08_16",0,2,3.7e-24,-1.58496250072116,0.1152
"cell cycle checkpoint signaling","E1_08_16",1,3,3.7e-24,-1,0.2016
"regulation of protein modification by small protein conjugation or removal","E1_08_16",4,4,3.7e-24,0,1
"cellular respiration","E1_08_16",5,3,3.7e-24,0.584962500721156,0.405
"cellular component disassembly","E1_08_16",6,7,3.7e-24,-0.192645077942396,0.7233
"nuclear chromosome segregation","E1_08_16",3,5,3.7e-24,-0.584962500721156,0.3332
"regulation of protein stability","E1_08_16",4,5,3.7e-24,-0.263034405833794,0.6831
"regulation of cell cycle phase transition","E1_08_16",4,7,3.7e-24,-0.678071905112638,0.2129
"regulation of protein catabolic process","E1_08_16",3,5,3.7e-24,-0.584962500721156,0.3068
"response to endoplasmic reticulum stress","E1_08_16",5,4,3.7e-24,0.263034405833794,0.807
"vesicle organization","E1_08_16",2,5,3.7e-24,-1,0.1126
"mitochondrial respiratory chain complex assembly","E1_08_16",1,2,3.7e-24,-0.584962500721156,0.5663
"DNA-templated transcription elongation","E1_08_16",4,2,3.7e-24,0.736965594166206,0.3081
"mitochondrial transport","E1_08_16",3,3,3.7e-24,0,1
"establishment of organelle localization","E1_08_16",9,6,3.7e-24,0.514573172829758,0.324
"regulation of intracellular protein transport","E1_08_16",5,3,3.7e-24,0.584962500721156,0.3979
"response to UV","E1_08_16",3,2,3.7e-24,0.415037499278844,0.7436
"RNA localization","E1_08_16",2,3,3.7e-24,-0.415037499278844,0.5981
"response to topologically incorrect protein","E1_08_16",3,3,3.7e-24,0,1
"organelle fission","E1_08_16",5,7,3.7e-24,-0.415037499278844,0.4656
"non-membrane-bounded organelle assembly","E1_08_16",6,6,3.7e-24,0,1
"protein polyubiquitination","E1_08_16",3,4,3.7e-24,-0.321928094887362,0.6538
"methylation","E1_08_16",7,5,3.7e-24,0.415037499278844,0.5085
"phospholipid biosynthetic process","E1_08_16",4,4,3.7e-24,0,1
"oxidative phosphorylation","E1_08_16",0,2,3.7e-24,-1.58496250072116,0.0954
"establishment of protein localization to membrane","E1_08_16",1,4,3.7e-24,-1.32192809488736,0.1016
"in utero embryonic development","E1_08_16",4,6,3.7e-24,-0.485426827170242,0.4335
"vacuole organization","E1_08_16",1,3,3.7e-24,-1,0.2453
"nuclear-transcribed mRNA catabolic process","E1_08_16",4,2,3.7e-24,0.736965594166206,0.2944
"protein folding","E1_08_16",2,3,3.7e-24,-0.415037499278844,0.6043
"DNA conformation change","E1_08_16",1,1,3.7e-24,0,1
"regulation of chromosome segregation","E1_08_16",3,2,3.7e-24,0.415037499278844,0.7281
"regulation of apoptotic signaling pathway","E1_08_16",2,5,3.7e-24,-1,0.1378
"cell cycle G2/M phase transition","E1_08_16",4,2,3.7e-24,0.736965594166206,0.3204
"vacuolar transport","E1_08_16",3,2,3.7e-24,0.415037499278844,0.7307
"response to ionizing radiation","E1_08_16",3,2,3.7e-24,0.415037499278844,0.746
"cellular response to UV","E1_08_16",2,2,3.7e-24,0,1
"regulation of binding","E1_08_16",6,5,3.7e-24,0.222392421336448,0.83
"nucleic acid transport","E1_08_16",0,3,3.7e-24,-2,0.0698
"RNA transport","E1_08_16",3,2,3.7e-24,0.415037499278844,0.7328
"ribonucleoprotein complex subunit organization","E1_08_16",5,3,3.7e-24,0.584962500721156,0.4092
"regulation of DNA replication","E1_08_16",2,2,3.7e-24,0,1
"ribose phosphate metabolic process","E1_08_16",6,6,3.7e-24,0,1
"proton motive force-driven ATP synthesis","E1_08_16",2,1,3.7e-24,0.584962500721156,0.6346
"ribonucleotide metabolic process","E1_08_16",6,6,3.7e-24,0,1
"telomere organization","E1_08_16",3,3,3.7e-24,0,1
"cellular response to topologically incorrect protein","E1_08_16",3,2,3.7e-24,0.415037499278844,0.7277
"Golgi organization","E1_08_16",2,2,3.7e-24,0,1
"ribonucleoprotein complex assembly","E1_08_16",1,3,3.7e-24,-1,0.2231
"cellular nitrogen compound catabolic process","E1_08_16",8,7,3.7e-24,0.169925001442312,0.8461
"negative regulation of phosphorus metabolic process","E1_08_16",5,6,3.7e-24,-0.222392421336448,0.6978
"heterocycle catabolic process","E1_08_16",6,6,3.7e-24,0,1
"mitochondrial membrane organization","E1_08_16",2,2,3.7e-24,0,1
"regulation of protein-containing complex assembly","E1_08_16",7,5,3.7e-24,0.415037499278844,0.5249
"positive regulation of cellular component biogenesis","E1_08_16",3,7,3.7e-24,-1,0.1035
"response to oxidative stress","E1_08_16",9,6,3.7e-24,0.514573172829758,0.3166
"regulation of supramolecular fiber organization","E1_08_16",4,5,3.7e-24,-0.263034405833794,0.6842
"positive regulation of protein localization","E1_08_16",3,6,3.7e-24,-0.807354922057604,0.1591
"positive regulation of cell projection organization","E1_08_16",4,5,3.7e-24,-0.263034405833794,0.6804
"negative regulation of transferase activity","E1_08_16",7,4,3.7e-24,0.678071905112638,0.354
"autophagy of mitochondrion","E1_08_16",2,1,3.7e-24,0.584962500721156,0.6822
"positive regulation of amide metabolic process","E1_08_16",2,2,3.7e-24,0,1
"chromatin remodeling","E1_08_16",1,5,3.7e-24,-1.58496250072116,0.0452
"viral process","E1_08_16",4,6,3.7e-24,-0.485426827170242,0.4325
"macromolecule deacylation","E1_08_16",2,2,3.7e-24,0,1
"mitotic cytokinesis","E1_08_16",1,1,3.7e-24,0,1
"aromatic compound catabolic process","E1_08_16",7,7,3.7e-24,0,1
"vesicle localization","E1_08_16",5,2,3.7e-24,1,0.2038
"establishment or maintenance of cell polarity","E1_08_16",2,3,3.7e-24,-0.415037499278844,0.5869
"Wnt signaling pathway","E1_08_16",5,6,3.7e-24,-0.222392421336448,0.694
"cell-cell signaling by wnt","E1_08_16",5,5,3.7e-24,0,1
"ATP metabolic process","E1_08_16",5,3,3.7e-24,0.584962500721156,0.3907
"cellular response to chemical stress","E1_08_16",4,5,3.7e-24,-0.263034405833794,0.6872
"regulation of vacuole organization","E1_08_16",1,1,3.7e-24,0,1
"cellular response to external stimulus","E1_08_16",5,5,3.7e-24,0,1
"negative regulation of protein phosphorylation","E1_08_16",3,4,3.7e-24,-0.321928094887362,0.6352
"negative regulation of catabolic process","E1_08_16",8,4,3.7e-24,0.84799690655495,0.1449
"regulation of microtubule cytoskeleton organization","E1_08_16",1,2,3.7e-24,-0.584962500721156,0.5251
"chromosome localization","E1_08_16",4,1,3.7e-24,1.32192809488736,0.0493
"negative regulation of mitotic nuclear division","E1_08_16",0,1,3.7e-24,-1,0.4515
"regulation of actin filament organization","E1_08_16",2,3,3.7e-24,-0.415037499278844,0.5926
"dephosphorylation","E1_08_16",4,5,3.7e-24,-0.263034405833794,0.6849
"glycosylation","E1_08_16",4,4,3.7e-24,0,1
"positive regulation of establishment of protein localization","E1_08_16",5,4,3.7e-24,0.263034405833794,0.8159
"regulation of microtubule-based process","E1_08_16",2,3,3.7e-24,-0.415037499278844,0.6096
"cell-substrate junction organization","E1_08_16",2,2,3.7e-24,0,1
"protein-containing complex localization","E1_08_16",1,2,3.7e-24,-0.584962500721156,0.5255
"mitochondrial transmembrane transport","E1_08_16",0,1,3.7e-24,-1,0.4215
"stem cell population maintenance","E1_08_16",4,2,3.7e-24,0.736965594166206,0.2964
"ribosome assembly","E1_08_16",3,1,3.7e-24,1,0.4674
"intraciliary transport","E1_08_16",0,1,3.7e-24,-1,0.5034
"Golgi to plasma membrane protein transport","E1_08_16",2,1,3.7e-24,0.584962500721156,0.633
"response to amino acid starvation","E1_08_16",1,1,3.7e-24,0,1
"cellular response to extracellular stimulus","E1_08_16",4,3,3.7e-24,0.321928094887362,0.7922
"cell growth","E1_08_16",1,6,3.7e-24,-1.8073549220576,0.0125
"protein glycosylation","E1_08_16",1,3,3.7e-24,-1,0.2117
"macromolecule glycosylation","E1_08_16",3,3,3.7e-24,0,1
"maintenance of cell number","E1_08_16",2,2,3.7e-24,0,1
"response to reactive oxygen species","E1_08_16",1,3,3.7e-24,-1,0.2252
"regulation of cell morphogenesis","E1_08_16",1,3,3.7e-24,-1,0.2041
"regulation of cellular component size","E1_08_16",6,4,3.7e-24,0.485426827170242,0.4751
"cell-substrate junction assembly","E1_08_16",3,1,3.7e-24,1,0.4275
"membrane fission","E1_08_16",0,1,3.7e-24,-1,0.457
"membrane docking","E1_08_16",0,1,3.7e-24,-1,0.4188
"fibroblast migration","E1_08_16",0,1,3.7e-24,-1,0.463
"nucleus organization","E1_08_16",0,2,3.7e-24,-1.58496250072116,0.1623
"regulation of cell growth","E1_08_16",9,6,3.7e-24,0.514573172829758,0.3082
"fibroblast proliferation","E1_08_16",2,1,3.7e-24,0.584962500721156,0.6811
"cell cycle G1/S phase transition","E1_08_16",4,4,3.7e-24,0,1
"actin filament organization","E1_08_16",9,5,3.7e-24,0.736965594166206,0.1908
"response to oxygen levels","E1_08_16",1,4,3.7e-24,-1.32192809488736,0.064
"epigenetic regulation of gene expression","E1_08_16",2,2,3.7e-24,0,1
"organelle fusion","E1_08_16",2,2,3.7e-24,0,1
"lipoprotein metabolic process","E1_08_16",0,2,3.7e-24,-1.58496250072116,0.1175
"protein lipidation","E1_08_16",1,1,3.7e-24,0,1
"regulation of plasma membrane bounded cell projection assembly","E1_08_16",1,2,3.7e-24,-0.584962500721156,0.5328
"regulation of actin filament-based process","E1_08_16",5,5,3.7e-24,0,1
"regulation of GTPase activity","E1_08_16",1,4,3.7e-24,-1.32192809488736,0.0647
"nuclear envelope organization","E1_08_16",2,1,3.7e-24,0.584962500721156,0.6335
"protein autophosphorylation","E1_08_16",1,3,3.7e-24,-1,0.2335
"connective tissue development","E1_08_16",0,3,3.7e-24,-2,0.03
"cellular response to heat","E1_08_16",0,1,3.7e-24,-1,0.533
"myeloid cell homeostasis","E1_08_16",5,2,3.7e-24,1,0.1798
"regulation of neuron projection development","E1_08_16",7,6,3.7e-24,0.192645077942396,0.8364
"receptor metabolic process","E1_08_16",1,1,3.7e-24,0,1
"maintenance of protein location in cell","E1_08_16",0,1,3.7e-24,-1,0.4499
"apoptotic mitochondrial changes","E1_08_16",4,1,3.7e-24,1.32192809488736,0.0831
"response to transforming growth factor beta","E1_08_16",1,3,3.7e-24,-1,0.1985
"neural tube development","E1_08_16",1,2,3.7e-24,-0.584962500721156,0.5294
"maintenance of protein location","E1_08_16",1,1,3.7e-24,0,1
"regulation of ubiquitin-protein transferase activity","E1_08_16",1,1,3.7e-24,0,1
"cilium assembly","E1_08_16",6,5,3.7e-24,0.222392421336448,0.8246
"mRNA export from nucleus","E1_08_16",0,1,3.7e-24,-1,0.4483
"regulation of cell-substrate junction organization","E1_08_16",2,1,3.7e-24,0.584962500721156,0.6355
"membrane biogenesis","E1_08_16",0,1,3.7e-24,-1,0.4945
"cilium organization","E1_08_16",2,5,3.7e-24,-1,0.1552
"platelet-derived growth factor receptor signaling pathway","E1_08_16",0,1,3.7e-24,-1,0.4851
"iron-sulfur cluster assembly","E1_08_16",0,0,3.7e-24,0,1
"metallo-sulfur cluster assembly","E1_08_16",0,0,3.7e-24,0,1
"centromere complex assembly","E1_08_16",0,0,3.7e-24,0,1
"cellular response to oxygen levels","E1_08_16",0,2,3.7e-24,-1.58496250072116,0.1129
"fatty acid beta-oxidation","E1_08_16",1,1,3.7e-24,0,1
"organelle localization by membrane tethering","E1_08_16",0,1,3.7e-24,-1,0.4299
"autophagosome maturation","E1_08_16",1,1,3.7e-24,0,1
"cellular response to transforming growth factor beta stimulus","E1_08_16",2,4,3.7e-24,-0.736965594166206,0.2849
"nucleotide catabolic process","E1_08_16",0,1,3.7e-24,-1,0.4371
"tube closure","E1_08_16",1,1,3.7e-24,0,1
"regulation of stem cell differentiation","E1_08_16",2,1,3.7e-24,0.584962500721156,0.6305
"substrate adhesion-dependent cell spreading","E1_08_16",3,1,3.7e-24,1,0.4216
"chondrocyte differentiation","E1_08_16",1,2,3.7e-24,-0.584962500721156,0.5708
"regulation of fibroblast proliferation","E1_08_16",0,1,3.7e-24,-1,0.4095
"morphogenesis of an epithelial sheet","E1_08_16",0,1,3.7e-24,-1,0.4051
"microtubule polymerization","E1_08_16",0,1,3.7e-24,-1,0.4113
"response to virus","E1_08_16",1,5,3.7e-24,-1.58496250072116,0.0263
"membrane assembly","E1_08_16",0,1,3.7e-24,-1,0.4869
"COPII vesicle coating","E1_08_16",0,0,3.7e-24,0,1
"erythrocyte differentiation","E1_08_16",2,2,3.7e-24,0,1
"organophosphate catabolic process","E1_08_16",2,2,3.7e-24,0,1
"regulation of embryonic development","E1_08_16",1,1,3.7e-24,0,1
"regulation of focal adhesion assembly","E1_08_16",1,1,3.7e-24,0,1
"regulation of cell-substrate junction assembly","E1_08_16",0,1,3.7e-24,-1,0.4575
"regulation of extracellular matrix organization","E1_08_16",0,1,3.7e-24,-1,0.4656
"GPI anchor biosynthetic process","E1_08_16",0,0,3.7e-24,0,1
"lamellipodium organization","E1_08_16",1,1,3.7e-24,0,1
"positive regulation of stem cell population maintenance","E1_08_16",1,0,3.7e-24,1,0.4674
"monosaccharide metabolic process","E1_08_16",3,3,3.7e-24,0,1
"U2-type prespliceosome assembly","E1_08_16",0,0,3.7e-24,0,1
"heterochromatin formation","E1_08_16",2,1,3.7e-24,0.584962500721156,0.6534
"peroxisome organization","E1_08_16",0,0,3.7e-24,0,1
"regulation of mitochondrial fission","E1_08_16",1,0,3.7e-24,1,0.3858
"cellular pigmentation","E1_08_16",1,1,3.7e-24,0,1
"regulation of fibroblast migration","E1_08_16",0,0,3.7e-24,0,1
"cellular carbohydrate metabolic process","E1_08_16",2,4,3.7e-24,-0.736965594166206,0.2985
"positive regulation of axonogenesis","E1_08_16",2,1,3.7e-24,0.584962500721156,0.6313
"kinetochore organization","E1_08_16",1,0,3.7e-24,1,0.2748
"stem cell differentiation","E1_08_16",3,3,3.7e-24,0,1
"proton transmembrane transport","E1_08_16",2,2,3.7e-24,0,1
"cellular response to insulin stimulus","E1_08_16",2,3,3.7e-24,-0.415037499278844,0.5982
"establishment of mitotic spindle localization","E1_08_16",0,0,3.7e-24,0,1
"cell redox homeostasis","E1_08_16",0,1,3.7e-24,-1,0.4971
"stress granule assembly","E1_08_16",1,0,3.7e-24,1,0.3739
"protein neddylation","E1_08_16",0,0,3.7e-24,0,1
"regulation of mitochondrial membrane potential","E1_08_16",3,1,3.7e-24,1,0.466
"neuron death","E1_08_16",1,4,3.7e-24,-1.32192809488736,0.06
"defense response to virus","E1_08_16",3,4,3.7e-24,-0.321928094887362,0.6581
"sulfur compound metabolic process","E1_08_16",2,4,3.7e-24,-0.736965594166206,0.3028
"NADP metabolic process","E1_08_16",0,0,3.7e-24,0,1
"vacuolar acidification","E1_08_16",1,0,3.7e-24,1,0.4584
"oligosaccharide-lipid intermediate biosynthetic process","E1_08_16",0,0,3.7e-24,0,1
"lysosomal lumen acidification","E1_08_16",0,0,3.7e-24,0,1
"glycosyl compound biosynthetic process","E1_08_16",1,0,3.7e-24,1,0.3661
"heart valve development","E1_08_16",3,1,3.7e-24,1,0.4099
"water-soluble vitamin metabolic process","E1_08_16",0,1,3.7e-24,-1,0.5008
"interferon-beta production","E1_08_16",0,0,3.7e-24,0,1
"regulation of interferon-beta production","E1_08_16",0,1,3.7e-24,-1,0.469
"branched-chain amino acid metabolic process","E1_08_16",1,0,3.7e-24,1,0.3404
"regulation of mitochondrial membrane permeability","E1_08_16",0,1,3.7e-24,-1,0.4167
"respiratory tube development","E1_08_16",4,2,3.7e-24,0.736965594166206,0.3236
"cellular senescence","E1_08_16",1,1,3.7e-24,0,1
"positive regulation of neurogenesis","E1_08_16",1,3,3.7e-24,-1,0.2449
"mitochondrial outer membrane permeabilization","E1_08_16",0,0,3.7e-24,0,1
"immune system development","E1_08_16",2,2,3.7e-24,0,1
"clathrin-dependent endocytosis","E1_08_16",0,0,3.7e-24,0,1
"positive regulation of viral process","E1_08_16",3,1,3.7e-24,1,0.4951
"bone development","E1_08_16",1,3,3.7e-24,-1,0.2757
"cell-substrate adhesion","E1_08_16",4,4,3.7e-24,0,1
"positive regulation of microtubule polymerization","E1_08_16",0,0,3.7e-24,0,1
"pteridine-containing compound metabolic process","E1_08_16",0,0,3.7e-24,0,1
"response to arsenic-containing substance","E1_08_16",2,0,3.7e-24,1.58496250072116,0.1059
"response to insulin","E1_08_16",4,3,3.7e-24,0.321928094887362,0.7708
"ubiquinone metabolic process","E1_08_16",1,0,3.7e-24,1,0.331
"cellular response to arsenic-containing substance","E1_08_16",0,0,3.7e-24,0,1
"inositol phosphate catabolic process","E1_08_16",0,0,3.7e-24,0,1
"telomerase RNA localization to Cajal body","E1_08_16",1,0,3.7e-24,1,0.2841
"respiratory system development","E1_08_16",2,2,3.7e-24,0,1
"regulation of generation of precursor metabolites and energy","E1_08_16",0,2,3.7e-24,-1.58496250072116,0.179
"mitochondrial calcium ion homeostasis","E1_08_16",1,0,3.7e-24,1,0.3841
"G0 to G1 transition","E1_08_16",0,0,3.7e-24,0,1
"mitochondrial genome maintenance","E1_08_16",1,0,3.7e-24,1,0.3384
"release of cytochrome c from mitochondria","E1_08_16",0,1,3.7e-24,-1,0.5092
"cortical cytoskeleton organization","E1_08_16",1,0,3.7e-24,1,0.4949
"response to sterol depletion","E1_08_16",0,0,3.7e-24,0,1
"regulation of ncRNA transcription","E1_08_16",0,0,3.7e-24,0,1
"mesenchymal cell differentiation","E1_08_16",1,3,3.7e-24,-1,0.2328
"protein-DNA complex subunit organization","E1_08_16",6,3,3.7e-24,0.807354922057604,0.2819
"response to fluid shear stress","E1_08_16",0,1,3.7e-24,-1,0.4866
"collagen fibril organization","E1_08_16",0,1,3.7e-24,-1,0.4267
"roof of mouth development","E1_08_16",1,1,3.7e-24,0,1
"regulation of protein dephosphorylation","E1_08_16",2,1,3.7e-24,0.584962500721156,0.6609
"multicellular organism growth","E1_08_16",0,2,3.7e-24,-1.58496250072116,0.176
"miRNA processing","E1_08_16",0,0,3.7e-24,0,1
"small molecule catabolic process","E1_08_16",3,4,3.7e-24,-0.321928094887362,0.6407
"regulation of G0 to G1 transition","E1_08_16",0,0,3.7e-24,0,1
"circadian regulation of gene expression","E1_08_16",1,1,3.7e-24,0,1
"regulation of translational fidelity","E1_08_16",0,0,3.7e-24,0,1
"ubiquinone biosynthetic process","E1_08_16",0,0,3.7e-24,0,1
"mitochondrial calcium ion transmembrane transport","E1_08_16",0,0,3.7e-24,0,1
"quinone biosynthetic process","E1_08_16",0,0,3.7e-24,0,1
"viral release from host cell","E1_08_16",0,0,3.7e-24,0,1
"exit from host cell","E1_08_16",0,0,3.7e-24,0,1
"positive regulation of GTPase activity","E1_08_16",4,4,3.7e-24,0,1
"regulation of cytokinesis","E1_08_16",3,1,3.7e-24,1,0.4064
"mitochondrion localization","E1_08_16",0,1,3.7e-24,-1,0.4606
"renal system development","E1_08_16",4,4,3.7e-24,0,1
"regulation of cysteine-type endopeptidase activity involved in apoptotic process","E1_08_16",2,3,3.7e-24,-0.415037499278844,0.6197
"regulation of cell-substrate adhesion","E1_08_16",3,3,3.7e-24,0,1
"centrosome localization","E1_08_16",1,0,3.7e-24,1,0.3891
"microtubule organizing center localization","E1_08_16",1,0,3.7e-24,1,0.4234
"pinocytosis","E1_08_16",0,0,3.7e-24,0,1
"lamellipodium assembly","E1_08_16",0,1,3.7e-24,-1,0.4457
"cellular response to sterol depletion","E1_08_16",0,0,3.7e-24,0,1
"placenta development","E1_08_16",2,2,3.7e-24,0,1
"rhythmic process","E1_08_16",2,4,3.7e-24,-0.736965594166206,0.3111
"spindle localization","E1_08_16",0,1,3.7e-24,-1,0.4893
"carbohydrate derivative catabolic process","E1_08_16",1,2,3.7e-24,-0.584962500721156,0.5277
"response to amino acid","E1_08_16",0,1,3.7e-24,-1,0.4229
"regulation of intracellular steroid hormone receptor signaling pathway","E1_08_16",0,1,3.7e-24,-1,0.4657
"regulation of neuron death","E1_08_16",5,4,3.7e-24,0.263034405833794,0.8032
"ossification","E1_08_16",3,5,3.7e-24,-0.584962500721156,0.3089
"mammary gland epithelial cell proliferation","E1_08_16",0,0,3.7e-24,0,1
"ribosomal subunit export from nucleus","E1_08_16",0,0,3.7e-24,0,1
"ribosome localization","E1_08_16",1,0,3.7e-24,1,0.2134
"protein transport to vacuole involved in ubiquitin-dependent protein catabolic process via the multivesicular body sorting pathway","E1_08_16",1,0,3.7e-24,1,0.3138
"seminiferous tubule development","E1_08_16",1,0,3.7e-24,1,0.2316
"cellular response to acid chemical","E1_08_16",1,1,3.7e-24,0,1
"positive regulation of kinase activity","E1_08_16",2,4,3.7e-24,-0.736965594166206,0.2618
"positive regulation by host of viral process","E1_08_16",0,0,3.7e-24,0,1
"mitochondrion morphogenesis","E1_08_16",0,0,3.7e-24,0,1
"regulation of establishment of cell polarity","E1_08_16",0,0,3.7e-24,0,1
"cellular lipid catabolic process","E1_08_16",3,3,3.7e-24,0,1
"neuron apoptotic process","E1_08_16",3,3,3.7e-24,0,1
"inner cell mass cell proliferation","E1_08_16",1,0,3.7e-24,1,0.1924
"polyamine biosynthetic process","E1_08_16",0,0,3.7e-24,0,1
"folic acid metabolic process","E1_08_16",1,0,3.7e-24,1,0.2484
"organelle inheritance","E1_08_16",1,0,3.7e-24,1,0.2629
"polyol metabolic process","E1_08_16",2,1,3.7e-24,0.584962500721156,0.6667
"regulation of type I interferon-mediated signaling pathway","E1_08_16",0,1,3.7e-24,-1,0.4784
"intracellular lipid transport","E1_08_16",1,0,3.7e-24,1,0.4834
"fat cell differentiation","E1_08_16",4,3,3.7e-24,0.321928094887362,0.7726
"iron ion homeostasis","E1_08_16",1,1,3.7e-24,0,1
"negative regulation of cell projection organization","E1_08_16",2,2,3.7e-24,0,1
"dicarboxylic acid metabolic process","E1_08_16",2,1,3.7e-24,0.584962500721156,0.6385
"regulation of anatomical structure size","E1_08_16",3,5,3.7e-24,-0.584962500721156,0.309
"regulation of small molecule metabolic process","E1_08_16",7,4,3.7e-24,0.678071905112638,0.353
"pentose-phosphate shunt","E1_08_16",0,0,3.7e-24,0,1
"pericardium development","E1_08_16",0,0,3.7e-24,0,1
"lysosomal protein catabolic process","E1_08_16",2,0,3.7e-24,1.58496250072116,0.0571
"carbohydrate derivative transport","E1_08_16",0,1,3.7e-24,-1,0.4411
"alcohol biosynthetic process","E1_08_16",0,2,3.7e-24,-1.58496250072116,0.1765
"regulation of membrane permeability","E1_08_16",0,1,3.7e-24,-1,0.41
"signal peptide processing","E1_08_16",1,0,3.7e-24,1,0.1908
"UV-damage excision repair","E1_08_16",0,0,3.7e-24,0,1
"biological process involved in interaction with host","E1_08_16",2,2,3.7e-24,0,1
"body morphogenesis","E1_08_16",0,0,3.7e-24,0,1
"extracellular vesicle biogenesis","E1_08_16",0,0,3.7e-24,0,1
"negative regulation of defense response to virus","E1_08_16",0,0,3.7e-24,0,1
"aminoglycan biosynthetic process","E1_08_16",1,1,3.7e-24,0,1
"sterol biosynthetic process","E1_08_16",0,1,3.7e-24,-1,0.4961
"polyamine metabolic process","E1_08_16",0,0,3.7e-24,0,1
"magnesium ion transport","E1_08_16",0,0,3.7e-24,0,1
"lamellipodium morphogenesis","E1_08_16",0,0,3.7e-24,0,1
"positive regulation of neuron migration","E1_08_16",1,0,3.7e-24,1,0.1802
"regulation of glucose metabolic process","E1_08_16",1,1,3.7e-24,0,1
"monosaccharide biosynthetic process","E1_08_16",0,1,3.7e-24,-1,0.4156
"response to acid chemical","E1_08_16",3,1,3.7e-24,1,0.4212
"regulation of carbohydrate metabolic process","E1_08_16",2,2,3.7e-24,0,1
"positive regulation of nervous system development","E1_08_16",2,3,3.7e-24,-0.415037499278844,0.5973
"regulation of circadian rhythm","E1_08_16",2,1,3.7e-24,0.584962500721156,0.6493
"trabecula morphogenesis","E1_08_16",0,1,3.7e-24,-1,0.5066
"pigment accumulation","E1_08_16",0,0,3.7e-24,0,1
"cellular pigment accumulation","E1_08_16",0,0,3.7e-24,0,1
"regulation of pinocytosis","E1_08_16",0,0,3.7e-24,0,1
"regulation of ligase activity","E1_08_16",0,0,3.7e-24,0,1
"smoothened signaling pathway involved in dorsal/ventral neural tube patterning","E1_08_16",1,0,3.7e-24,1,0.2456
"glycosyl compound metabolic process","E1_08_16",1,1,3.7e-24,0,1
"substantia nigra development","E1_08_16",0,1,3.7e-24,-1,0.4748
"negative regulation of GTPase activity","E1_08_16",0,0,3.7e-24,0,1
"axon extension","E1_08_16",1,1,3.7e-24,0,1
"positive regulation of epithelial to mesenchymal transition","E1_08_16",1,0,3.7e-24,1,0.4504
"one-carbon metabolic process","E1_08_16",1,0,3.7e-24,1,0.2371
"NADPH regeneration","E1_08_16",0,0,3.7e-24,0,1
"cellular response to dsRNA","E1_08_16",0,0,3.7e-24,0,1
"neuron projection organization","E1_08_16",2,1,3.7e-24,0.584962500721156,0.6492
"postsynapse organization","E1_08_16",2,2,3.7e-24,0,1
"regulation of ketone biosynthetic process","E1_08_16",1,0,3.7e-24,1,0.2696
"mitochondrion distribution","E1_08_16",0,0,3.7e-24,0,1
"regulation of autophagosome maturation","E1_08_16",0,0,3.7e-24,0,1
"magnesium ion transmembrane transport","E1_08_16",1,0,3.7e-24,1,0.2937
"regulation of cell division","E1_08_16",2,2,3.7e-24,0,1
"intermembrane lipid transfer","E1_08_16",0,1,3.7e-24,-1,0.4731
"organophosphate ester transport","E1_08_16",3,2,3.7e-24,0.415037499278844,0.7202
"movement in host","E1_08_16",1,2,3.7e-24,-0.584962500721156,0.5376
"extracellular matrix assembly","E1_08_16",0,0,3.7e-24,0,1
"cellular metabolic compound salvage","E1_08_16",3,0,3.7e-24,2,0.0205
"regulation of ATP-dependent activity","E1_08_16",0,1,3.7e-24,-1,0.4957
"cell migration involved in heart development","E1_08_16",1,0,3.7e-24,1,0.2773
"cellular response to fluid shear stress","E1_08_16",0,0,3.7e-24,0,1
"sphingomyelin biosynthetic process","E1_08_16",0,0,3.7e-24,0,1
"ether lipid biosynthetic process","E1_08_16",0,0,3.7e-24,0,1
"embryonic body morphogenesis","E1_08_16",0,0,3.7e-24,0,1
"amino sugar biosynthetic process","E1_08_16",0,0,3.7e-24,0,1
"glycerol ether biosynthetic process","E1_08_16",0,0,3.7e-24,0,1
"pigmentation","E1_08_16",1,1,3.7e-24,0,1
"cellular response to ketone","E1_08_16",1,1,3.7e-24,0,1
"nonribosomal peptide biosynthetic process","E1_08_16",0,0,3.7e-24,0,1
"glial cell apoptotic process","E1_08_16",0,0,3.7e-24,0,1
"lipoprotein catabolic process","E1_08_16",0,0,3.7e-24,0,1
"suppression of viral release by host","E1_08_16",1,0,3.7e-24,1,0.2129
"chaperone-mediated autophagy","E1_08_16",0,0,3.7e-24,0,1
"regulation of steroid hormone biosynthetic process","E1_08_16",0,0,3.7e-24,0,1
"synaptic vesicle lumen acidification","E1_08_16",0,0,3.7e-24,0,1
"semaphorin-plexin signaling pathway involved in neuron projection guidance","E1_08_16",0,0,3.7e-24,0,1
"regulation of Golgi organization","E1_08_16",0,0,3.7e-24,0,1
"Schwann cell differentiation","E1_08_16",0,0,3.7e-24,0,1
"neurotrophin signaling pathway","E1_08_16",1,0,3.7e-24,1,0.3772
"regulation of microtubule depolymerization","E1_08_16",2,0,3.7e-24,1.58496250072116,0.0608
"basement membrane organization","E1_08_16",0,0,3.7e-24,0,1
"establishment or maintenance of epithelial cell apical/basal polarity","E1_08_16",2,1,3.7e-24,0.584962500721156,0.6628
"face development","E1_08_16",0,1,3.7e-24,-1,0.5191
"osteoblast differentiation","E1_08_16",3,3,3.7e-24,0,1
"appendage development","E1_08_16",1,2,3.7e-24,-0.584962500721156,0.5295
"limb development","E1_08_16",3,2,3.7e-24,0.415037499278844,0.7361
"regulation of ATP metabolic process","E1_08_16",0,1,3.7e-24,-1,0.4557
"developmental growth involved in morphogenesis","E1_08_16",1,3,3.7e-24,-1,0.2599
"embryonic organ development","E1_08_16",3,5,3.7e-24,-0.584962500721156,0.3176
"negative regulation of growth","E1_08_16",5,3,3.7e-24,0.584962500721156,0.3995
"microtubule depolymerization","E1_08_16",0,1,3.7e-24,-1,0.5273
"heme metabolic process","E1_08_16",0,0,3.7e-24,0,1
"regulation of neuron apoptotic process","E1_08_16",2,3,3.7e-24,-0.415037499278844,0.6104
"plasma membrane tubulation","E1_08_16",0,0,3.7e-24,0,1
"exosomal secretion","E1_08_16",0,0,3.7e-24,0,1
"vasculogenesis","E1_08_16",1,1,3.7e-24,0,1
"toxin transport","E1_08_16",1,0,3.7e-24,1,0.4955
"ncRNA processing","E2_06_14",8,7,3.7e-24,0.169925001442312,0.8483
"ribosome biogenesis","E2_06_14",4,5,3.7e-24,-0.263034405833794,0.6734
"rRNA metabolic process","E2_06_14",2,4,3.7e-24,-0.736965594166206,0.2797
"proteasome-mediated ubiquitin-dependent protein catabolic process","E2_06_14",9,8,3.7e-24,0.15200309344505,0.8568
"regulation of response to DNA damage stimulus","E2_06_14",5,5,3.7e-24,0,1
"establishment of protein localization to organelle","E2_06_14",9,7,3.7e-24,0.321928094887362,0.5673
"macroautophagy","E2_06_14",6,6,3.7e-24,0,1
"regulation of chromosome organization","E2_06_14",2,4,3.7e-24,-0.736965594166206,0.2661
"Golgi vesicle transport","E2_06_14",5,5,3.7e-24,0,1
"double-strand break repair","E2_06_14",1,5,3.7e-24,-1.58496250072116,0.0487
"histone modification","E2_06_14",6,7,3.7e-24,-0.192645077942396,0.7201
"sister chromatid segregation","E2_06_14",3,4,3.7e-24,-0.321928094887362,0.6376
"DNA replication","E2_06_14",1,4,3.7e-24,-1.32192809488736,0.065
"chromosome segregation","E2_06_14",5,6,3.7e-24,-0.222392421336448,0.6949
"mitochondrial gene expression","E2_06_14",2,3,3.7e-24,-0.415037499278844,0.6254
"nucleocytoplasmic transport","E2_06_14",5,5,3.7e-24,0,1
"nuclear transport","E2_06_14",10,5,3.7e-24,0.874469117916141,0.1515
"regulation of DNA repair","E2_06_14",5,3,3.7e-24,0.584962500721156,0.4251
"peptidyl-lysine modification","E2_06_14",11,6,3.7e-24,0.777607578663552,0.1818
"protein targeting","E2_06_14",7,6,3.7e-24,0.192645077942396,0.8367
"cytoplasmic translation","E2_06_14",2,2,3.7e-24,0,1
"regulation of autophagy","E2_06_14",4,5,3.7e-24,-0.263034405833794,0.6741
"signal transduction in response to DNA damage","E2_06_14",3,3,3.7e-24,0,1
"regulation of intracellular transport","E2_06_14",3,5,3.7e-24,-0.584962500721156,0.3124
"protein localization to nucleus","E2_06_14",4,4,3.7e-24,0,1
"microtubule cytoskeleton organization involved in mitosis","E2_06_14",3,3,3.7e-24,0,1
"telomere maintenance","E2_06_14",2,2,3.7e-24,0,1
"cell cycle checkpoint signaling","E2_06_14",4,3,3.7e-24,0.321928094887362,0.792
"regulation of protein modification by small protein conjugation or removal","E2_06_14",3,4,3.7e-24,-0.321928094887362,0.6587
"cellular respiration","E2_06_14",2,3,3.7e-24,-0.415037499278844,0.5941
"cellular component disassembly","E2_06_14",2,7,3.7e-24,-1.41503749927884,0.0196
"nuclear chromosome segregation","E2_06_14",11,5,3.7e-24,1,0.1212
"regulation of protein stability","E2_06_14",3,5,3.7e-24,-0.584962500721156,0.3159
"regulation of cell cycle phase transition","E2_06_14",7,7,3.7e-24,0,1
"regulation of protein catabolic process","E2_06_14",6,6,3.7e-24,0,1
"response to endoplasmic reticulum stress","E2_06_14",2,4,3.7e-24,-0.736965594166206,0.2523
"vesicle organization","E2_06_14",5,6,3.7e-24,-0.222392421336448,0.7053
"mitochondrial respiratory chain complex assembly","E2_06_14",1,2,3.7e-24,-0.584962500721156,0.5648
"DNA-templated transcription elongation","E2_06_14",5,2,3.7e-24,1,0.1809
"mitochondrial transport","E2_06_14",3,3,3.7e-24,0,1
"establishment of organelle localization","E2_06_14",3,7,3.7e-24,-1,0.0986
"regulation of intracellular protein transport","E2_06_14",3,3,3.7e-24,0,1
"response to UV","E2_06_14",2,2,3.7e-24,0,1
"RNA localization","E2_06_14",4,3,3.7e-24,0.321928094887362,0.7887
"response to topologically incorrect protein","E2_06_14",3,3,3.7e-24,0,1
"organelle fission","E2_06_14",5,7,3.7e-24,-0.415037499278844,0.4629
"non-membrane-bounded organelle assembly","E2_06_14",7,6,3.7e-24,0.192645077942396,0.8362
"protein polyubiquitination","E2_06_14",5,4,3.7e-24,0.263034405833794,0.8033
"methylation","E2_06_14",4,5,3.7e-24,-0.263034405833794,0.6725
"phospholipid biosynthetic process","E2_06_14",3,4,3.7e-24,-0.321928094887362,0.6424
"oxidative phosphorylation","E2_06_14",2,2,3.7e-24,0,1
"establishment of protein localization to membrane","E2_06_14",3,4,3.7e-24,-0.321928094887362,0.6464
"in utero embryonic development","E2_06_14",7,6,3.7e-24,0.192645077942396,0.8403
"vacuole organization","E2_06_14",5,3,3.7e-24,0.584962500721156,0.3902
"nuclear-transcribed mRNA catabolic process","E2_06_14",1,2,3.7e-24,-0.584962500721156,0.5316
"protein folding","E2_06_14",4,3,3.7e-24,0.321928094887362,0.7787
"DNA conformation change","E2_06_14",1,1,3.7e-24,0,1
"regulation of chromosome segregation","E2_06_14",1,2,3.7e-24,-0.584962500721156,0.5405
"regulation of apoptotic signaling pathway","E2_06_14",3,5,3.7e-24,-0.584962500721156,0.3529
"cell cycle G2/M phase transition","E2_06_14",2,2,3.7e-24,0,1
"vacuolar transport","E2_06_14",1,2,3.7e-24,-0.584962500721156,0.5192
"response to ionizing radiation","E2_06_14",2,2,3.7e-24,0,1
"cellular response to UV","E2_06_14",1,1,3.7e-24,0,1
"regulation of binding","E2_06_14",5,5,3.7e-24,0,1
"nucleic acid transport","E2_06_14",1,3,3.7e-24,-1,0.2455
"RNA transport","E2_06_14",2,2,3.7e-24,0,1
"ribonucleoprotein complex subunit organization","E2_06_14",3,3,3.7e-24,0,1
"regulation of DNA replication","E2_06_14",1,2,3.7e-24,-0.584962500721156,0.5295
"ribose phosphate metabolic process","E2_06_14",5,7,3.7e-24,-0.415037499278844,0.4622
"proton motive force-driven ATP synthesis","E2_06_14",0,1,3.7e-24,-1,0.4128
"ribonucleotide metabolic process","E2_06_14",5,6,3.7e-24,-0.222392421336448,0.7012
"telomere organization","E2_06_14",3,3,3.7e-24,0,1
"cellular response to topologically incorrect protein","E2_06_14",0,2,3.7e-24,-1.58496250072116,0.1649
"Golgi organization","E2_06_14",1,2,3.7e-24,-0.584962500721156,0.5449
"ribonucleoprotein complex assembly","E2_06_14",5,3,3.7e-24,0.584962500721156,0.4109
"cellular nitrogen compound catabolic process","E2_06_14",8,7,3.7e-24,0.169925001442312,0.8482
"negative regulation of phosphorus metabolic process","E2_06_14",10,6,3.7e-24,0.652076696579693,0.2447
"heterocycle catabolic process","E2_06_14",5,7,3.7e-24,-0.415037499278844,0.4771
"mitochondrial membrane organization","E2_06_14",2,2,3.7e-24,0,1
"regulation of protein-containing complex assembly","E2_06_14",5,6,3.7e-24,-0.222392421336448,0.6959
"positive regulation of cellular component biogenesis","E2_06_14",9,7,3.7e-24,0.321928094887362,0.5716
"response to oxidative stress","E2_06_14",11,7,3.7e-24,0.584962500721156,0.2829
"regulation of supramolecular fiber organization","E2_06_14",3,5,3.7e-24,-0.584962500721156,0.3212
"positive regulation of protein localization","E2_06_14",5,6,3.7e-24,-0.222392421336448,0.6922
"positive regulation of cell projection organization","E2_06_14",7,5,3.7e-24,0.415037499278844,0.5031
"negative regulation of transferase activity","E2_06_14",4,4,3.7e-24,0,1
"autophagy of mitochondrion","E2_06_14",2,2,3.7e-24,0,1
"positive regulation of amide metabolic process","E2_06_14",1,2,3.7e-24,-0.584962500721156,0.5378
"chromatin remodeling","E2_06_14",10,5,3.7e-24,0.874469117916141,0.1485
"viral process","E2_06_14",8,6,3.7e-24,0.362570079384708,0.5501
"macromolecule deacylation","E2_06_14",2,2,3.7e-24,0,1
"mitotic cytokinesis","E2_06_14",0,1,3.7e-24,-1,0.4095
"aromatic compound catabolic process","E2_06_14",8,7,3.7e-24,0.169925001442312,0.8459
"vesicle localization","E2_06_14",1,3,3.7e-24,-1,0.2664
"establishment or maintenance of cell polarity","E2_06_14",2,3,3.7e-24,-0.415037499278844,0.592
"Wnt signaling pathway","E2_06_14",6,7,3.7e-24,-0.192645077942396,0.7236
"cell-cell signaling by wnt","E2_06_14",5,6,3.7e-24,-0.222392421336448,0.6941
"ATP metabolic process","E2_06_14",3,3,3.7e-24,0,1
"cellular response to chemical stress","E2_06_14",8,5,3.7e-24,0.584962500721156,0.4063
"regulation of vacuole organization","E2_06_14",0,1,3.7e-24,-1,0.4567
"cellular response to external stimulus","E2_06_14",3,4,3.7e-24,-0.321928094887362,0.6391
"negative regulation of protein phosphorylation","E2_06_14",4,4,3.7e-24,0,1
"negative regulation of catabolic process","E2_06_14",4,4,3.7e-24,0,1
"regulation of microtubule cytoskeleton organization","E2_06_14",2,2,3.7e-24,0,1
"chromosome localization","E2_06_14",2,1,3.7e-24,0.584962500721156,0.6699
"negative regulation of mitotic nuclear division","E2_06_14",1,1,3.7e-24,0,1
"regulation of actin filament organization","E2_06_14",2,3,3.7e-24,-0.415037499278844,0.5977
"dephosphorylation","E2_06_14",2,5,3.7e-24,-1,0.1593
"glycosylation","E2_06_14",1,4,3.7e-24,-1.32192809488736,0.0814
"positive regulation of establishment of protein localization","E2_06_14",3,5,3.7e-24,-0.584962500721156,0.333
"regulation of microtubule-based process","E2_06_14",6,4,3.7e-24,0.485426827170242,0.4499
"cell-substrate junction organization","E2_06_14",1,1,3.7e-24,0,1
"protein-containing complex localization","E2_06_14",4,2,3.7e-24,0.736965594166206,0.3351
"mitochondrial transmembrane transport","E2_06_14",3,1,3.7e-24,1,0.4224
"stem cell population maintenance","E2_06_14",4,2,3.7e-24,0.736965594166206,0.3493
"ribosome assembly","E2_06_14",0,1,3.7e-24,-1,0.4586
"intraciliary transport","E2_06_14",1,1,3.7e-24,0,1
"Golgi to plasma membrane protein transport","E2_06_14",1,1,3.7e-24,0,1
"response to amino acid starvation","E2_06_14",1,1,3.7e-24,0,1
"cellular response to extracellular stimulus","E2_06_14",3,3,3.7e-24,0,1
"cell growth","E2_06_14",5,7,3.7e-24,-0.415037499278844,0.4789
"protein glycosylation","E2_06_14",3,3,3.7e-24,0,1
"macromolecule glycosylation","E2_06_14",2,3,3.7e-24,-0.415037499278844,0.5978
"maintenance of cell number","E2_06_14",5,3,3.7e-24,0.584962500721156,0.3825
"response to reactive oxygen species","E2_06_14",4,3,3.7e-24,0.321928094887362,0.7752
"regulation of cell morphogenesis","E2_06_14",2,4,3.7e-24,-0.736965594166206,0.3144
"regulation of cellular component size","E2_06_14",6,4,3.7e-24,0.485426827170242,0.4744
"cell-substrate junction assembly","E2_06_14",3,2,3.7e-24,0.415037499278844,0.726
"membrane fission","E2_06_14",2,1,3.7e-24,0.584962500721156,0.6326
"membrane docking","E2_06_14",0,1,3.7e-24,-1,0.416
"fibroblast migration","E2_06_14",0,1,3.7e-24,-1,0.4601
"nucleus organization","E2_06_14",3,2,3.7e-24,0.415037499278844,0.7414
"regulation of cell growth","E2_06_14",3,6,3.7e-24,-0.807354922057604,0.1686
"fibroblast proliferation","E2_06_14",0,2,3.7e-24,-1.58496250072116,0.1644
"cell cycle G1/S phase transition","E2_06_14",3,4,3.7e-24,-0.321928094887362,0.6437
"actin filament organization","E2_06_14",4,6,3.7e-24,-0.485426827170242,0.4584
"response to oxygen levels","E2_06_14",5,4,3.7e-24,0.263034405833794,0.8107
"epigenetic regulation of gene expression","E2_06_14",7,2,3.7e-24,1.41503749927884,0.0928
"organelle fusion","E2_06_14",2,2,3.7e-24,0,1
"lipoprotein metabolic process","E2_06_14",1,2,3.7e-24,-0.584962500721156,0.5299
"protein lipidation","E2_06_14",3,1,3.7e-24,1,0.4087
"regulation of plasma membrane bounded cell projection assembly","E2_06_14",3,3,3.7e-24,0,1
"regulation of actin filament-based process","E2_06_14",8,5,3.7e-24,0.584962500721156,0.4057
"regulation of GTPase activity","E2_06_14",6,5,3.7e-24,0.222392421336448,0.8268
"nuclear envelope organization","E2_06_14",1,1,3.7e-24,0,1
"protein autophosphorylation","E2_06_14",2,3,3.7e-24,-0.415037499278844,0.593
"connective tissue development","E2_06_14",2,4,3.7e-24,-0.736965594166206,0.2793
"cellular response to heat","E2_06_14",2,1,3.7e-24,0.584962500721156,0.627
"myeloid cell homeostasis","E2_06_14",3,2,3.7e-24,0.415037499278844,0.7454
"regulation of neuron projection development","E2_06_14",6,6,3.7e-24,0,1
"receptor metabolic process","E2_06_14",0,1,3.7e-24,-1,0.436
"maintenance of protein location in cell","E2_06_14",1,1,3.7e-24,0,1
"apoptotic mitochondrial changes","E2_06_14",2,2,3.7e-24,0,1
"response to transforming growth factor beta","E2_06_14",3,4,3.7e-24,-0.321928094887362,0.6412
"neural tube development","E2_06_14",2,2,3.7e-24,0,1
"maintenance of protein location","E2_06_14",1,1,3.7e-24,0,1
"regulation of ubiquitin-protein transferase activity","E2_06_14",0,1,3.7e-24,-1,0.4462
"cilium assembly","E2_06_14",4,5,3.7e-24,-0.263034405833794,0.678
"mRNA export from nucleus","E2_06_14",0,1,3.7e-24,-1,0.4489
"regulation of cell-substrate junction organization","E2_06_14",0,1,3.7e-24,-1,0.4355
"membrane biogenesis","E2_06_14",2,1,3.7e-24,0.584962500721156,0.6387
"cilium organization","E2_06_14",5,5,3.7e-24,0,1
"platelet-derived growth factor receptor signaling pathway","E2_06_14",0,1,3.7e-24,-1,0.4647
"iron-sulfur cluster assembly","E2_06_14",0,0,3.7e-24,0,1
"metallo-sulfur cluster assembly","E2_06_14",0,0,3.7e-24,0,1
"centromere complex assembly","E2_06_14",0,0,3.7e-24,0,1
"cellular response to oxygen levels","E2_06_14",5,2,3.7e-24,1,0.1925
"fatty acid beta-oxidation","E2_06_14",2,1,3.7e-24,0.584962500721156,0.6501
"organelle localization by membrane tethering","E2_06_14",0,1,3.7e-24,-1,0.4122
"autophagosome maturation","E2_06_14",1,1,3.7e-24,0,1
"cellular response to transforming growth factor beta stimulus","E2_06_14",5,4,3.7e-24,0.263034405833794,0.8074
"nucleotide catabolic process","E2_06_14",2,1,3.7e-24,0.584962500721156,0.6303
"tube closure","E2_06_14",1,2,3.7e-24,-0.584962500721156,0.5846
"regulation of stem cell differentiation","E2_06_14",2,1,3.7e-24,0.584962500721156,0.6346
"substrate adhesion-dependent cell spreading","E2_06_14",1,1,3.7e-24,0,1
"chondrocyte differentiation","E2_06_14",2,2,3.7e-24,0,1
"regulation of fibroblast proliferation","E2_06_14",0,1,3.7e-24,-1,0.41
"morphogenesis of an epithelial sheet","E2_06_14",3,1,3.7e-24,1,0.4056
"microtubule polymerization","E2_06_14",2,1,3.7e-24,0.584962500721156,0.6371
"response to virus","E2_06_14",5,5,3.7e-24,0,1
"membrane assembly","E2_06_14",1,1,3.7e-24,0,1
"COPII vesicle coating","E2_06_14",0,0,3.7e-24,0,1
"erythrocyte differentiation","E2_06_14",2,2,3.7e-24,0,1
"organophosphate catabolic process","E2_06_14",4,2,3.7e-24,0.736965594166206,0.283
"regulation of embryonic development","E2_06_14",0,1,3.7e-24,-1,0.4159
"regulation of focal adhesion assembly","E2_06_14",1,1,3.7e-24,0,1
"regulation of cell-substrate junction assembly","E2_06_14",1,1,3.7e-24,0,1
"regulation of extracellular matrix organization","E2_06_14",1,1,3.7e-24,0,1
"GPI anchor biosynthetic process","E2_06_14",0,0,3.7e-24,0,1
"lamellipodium organization","E2_06_14",1,1,3.7e-24,0,1
"positive regulation of stem cell population maintenance","E2_06_14",1,0,3.7e-24,1,0.4112
"monosaccharide metabolic process","E2_06_14",3,3,3.7e-24,0,1
"U2-type prespliceosome assembly","E2_06_14",0,0,3.7e-24,0,1
"heterochromatin formation","E2_06_14",2,1,3.7e-24,0.584962500721156,0.6565
"peroxisome organization","E2_06_14",3,0,3.7e-24,2,0.0235
"regulation of mitochondrial fission","E2_06_14",1,0,3.7e-24,1,0.4831
"cellular pigmentation","E2_06_14",1,1,3.7e-24,0,1
"regulation of fibroblast migration","E2_06_14",0,0,3.7e-24,0,1
"cellular carbohydrate metabolic process","E2_06_14",7,3,3.7e-24,1,0.2072
"positive regulation of axonogenesis","E2_06_14",0,1,3.7e-24,-1,0.427
"kinetochore organization","E2_06_14",0,0,3.7e-24,0,1
"stem cell differentiation","E2_06_14",1,3,3.7e-24,-1,0.2093
"proton transmembrane transport","E2_06_14",3,2,3.7e-24,0.415037499278844,0.7336
"cellular response to insulin stimulus","E2_06_14",4,3,3.7e-24,0.321928094887362,0.7854
"establishment of mitotic spindle localization","E2_06_14",0,0,3.7e-24,0,1
"cell redox homeostasis","E2_06_14",2,1,3.7e-24,0.584962500721156,0.6555
"stress granule assembly","E2_06_14",0,0,3.7e-24,0,1
"protein neddylation","E2_06_14",0,0,3.7e-24,0,1
"regulation of mitochondrial membrane potential","E2_06_14",0,1,3.7e-24,-1,0.4501
"neuron death","E2_06_14",1,5,3.7e-24,-1.58496250072116,0.0481
"defense response to virus","E2_06_14",5,4,3.7e-24,0.263034405833794,0.809
"sulfur compound metabolic process","E2_06_14",4,4,3.7e-24,0,1
"NADP metabolic process","E2_06_14",0,0,3.7e-24,0,1
"vacuolar acidification","E2_06_14",0,0,3.7e-24,0,1
"oligosaccharide-lipid intermediate biosynthetic process","E2_06_14",0,0,3.7e-24,0,1
"lysosomal lumen acidification","E2_06_14",0,0,3.7e-24,0,1
"glycosyl compound biosynthetic process","E2_06_14",1,0,3.7e-24,1,0.2945
"heart valve development","E2_06_14",1,1,3.7e-24,0,1
"water-soluble vitamin metabolic process","E2_06_14",1,1,3.7e-24,0,1
"interferon-beta production","E2_06_14",0,1,3.7e-24,-1,0.517
"regulation of interferon-beta production","E2_06_14",0,1,3.7e-24,-1,0.4201
"branched-chain amino acid metabolic process","E2_06_14",0,0,3.7e-24,0,1
"regulation of mitochondrial membrane permeability","E2_06_14",0,1,3.7e-24,-1,0.453
"respiratory tube development","E2_06_14",2,2,3.7e-24,0,1
"cellular senescence","E2_06_14",0,1,3.7e-24,-1,0.4077
"positive regulation of neurogenesis","E2_06_14",4,3,3.7e-24,0.321928094887362,0.7694
"mitochondrial outer membrane permeabilization","E2_06_14",0,0,3.7e-24,0,1
"immune system development","E2_06_14",1,3,3.7e-24,-1,0.229
"clathrin-dependent endocytosis","E2_06_14",0,0,3.7e-24,0,1
"positive regulation of viral process","E2_06_14",2,1,3.7e-24,0.584962500721156,0.6319
"bone development","E2_06_14",2,3,3.7e-24,-0.415037499278844,0.6281
"cell-substrate adhesion","E2_06_14",2,5,3.7e-24,-1,0.1474
"positive regulation of microtubule polymerization","E2_06_14",0,0,3.7e-24,0,1
"pteridine-containing compound metabolic process","E2_06_14",0,0,3.7e-24,0,1
"response to arsenic-containing substance","E2_06_14",1,0,3.7e-24,1,0.4172
"response to insulin","E2_06_14",3,3,3.7e-24,0,1
"ubiquinone metabolic process","E2_06_14",0,0,3.7e-24,0,1
"cellular response to arsenic-containing substance","E2_06_14",1,0,3.7e-24,1,0.2806
"inositol phosphate catabolic process","E2_06_14",0,0,3.7e-24,0,1
"telomerase RNA localization to Cajal body","E2_06_14",0,0,3.7e-24,0,1
"respiratory system development","E2_06_14",3,3,3.7e-24,0,1
"regulation of generation of precursor metabolites and energy","E2_06_14",2,2,3.7e-24,0,1
"mitochondrial calcium ion homeostasis","E2_06_14",0,0,3.7e-24,0,1
"G0 to G1 transition","E2_06_14",2,0,3.7e-24,1.58496250072116,0.1247
"mitochondrial genome maintenance","E2_06_14",0,0,3.7e-24,0,1
"release of cytochrome c from mitochondria","E2_06_14",2,1,3.7e-24,0.584962500721156,0.6299
"cortical cytoskeleton organization","E2_06_14",0,1,3.7e-24,-1,0.4987
"response to sterol depletion","E2_06_14",0,0,3.7e-24,0,1
"regulation of ncRNA transcription","E2_06_14",0,0,3.7e-24,0,1
"mesenchymal cell differentiation","E2_06_14",2,4,3.7e-24,-0.736965594166206,0.3191
"protein-DNA complex subunit organization","E2_06_14",3,3,3.7e-24,0,1
"response to fluid shear stress","E2_06_14",0,0,3.7e-24,0,1
"collagen fibril organization","E2_06_14",0,1,3.7e-24,-1,0.4195
"roof of mouth development","E2_06_14",1,1,3.7e-24,0,1
"regulation of protein dephosphorylation","E2_06_14",2,1,3.7e-24,0.584962500721156,0.665
"multicellular organism growth","E2_06_14",2,2,3.7e-24,0,1
"miRNA processing","E2_06_14",1,0,3.7e-24,1,0.4824
"small molecule catabolic process","E2_06_14",3,5,3.7e-24,-0.584962500721156,0.3137
"regulation of G0 to G1 transition","E2_06_14",0,1,3.7e-24,-1,0.5218
"circadian regulation of gene expression","E2_06_14",0,1,3.7e-24,-1,0.5059
"regulation of translational fidelity","E2_06_14",0,0,3.7e-24,0,1
"ubiquinone biosynthetic process","E2_06_14",0,0,3.7e-24,0,1
"mitochondrial calcium ion transmembrane transport","E2_06_14",1,0,3.7e-24,1,0.3517
"quinone biosynthetic process","E2_06_14",0,0,3.7e-24,0,1
"viral release from host cell","E2_06_14",0,0,3.7e-24,0,1
"exit from host cell","E2_06_14",0,0,3.7e-24,0,1
"positive regulation of GTPase activity","E2_06_14",5,4,3.7e-24,0.263034405833794,0.8066
"regulation of cytokinesis","E2_06_14",4,1,3.7e-24,1.32192809488736,0.0569
"mitochondrion localization","E2_06_14",0,1,3.7e-24,-1,0.4662
"renal system development","E2_06_14",0,4,3.7e-24,-2.32192809488736,0.014
"regulation of cysteine-type endopeptidase activity involved in apoptotic process","E2_06_14",2,3,3.7e-24,-0.415037499278844,0.6098
"regulation of cell-substrate adhesion","E2_06_14",4,3,3.7e-24,0.321928094887362,0.7797
"centrosome localization","E2_06_14",1,0,3.7e-24,1,0.4104
"microtubule organizing center localization","E2_06_14",0,1,3.7e-24,-1,0.5217
"pinocytosis","E2_06_14",0,0,3.7e-24,0,1
"lamellipodium assembly","E2_06_14",0,1,3.7e-24,-1,0.4994
"cellular response to sterol depletion","E2_06_14",0,0,3.7e-24,0,1
"placenta development","E2_06_14",2,2,3.7e-24,0,1
"rhythmic process","E2_06_14",3,4,3.7e-24,-0.321928094887362,0.6386
"spindle localization","E2_06_14",1,1,3.7e-24,0,1
"carbohydrate derivative catabolic process","E2_06_14",3,2,3.7e-24,0.415037499278844,0.7425
"response to amino acid","E2_06_14",1,2,3.7e-24,-0.584962500721156,0.5877
"regulation of intracellular steroid hormone receptor signaling pathway","E2_06_14",0,1,3.7e-24,-1,0.4322
"regulation of neuron death","E2_06_14",4,4,3.7e-24,0,1
"ossification","E2_06_14",4,5,3.7e-24,-0.263034405833794,0.6768
"mammary gland epithelial cell proliferation","E2_06_14",2,0,3.7e-24,1.58496250072116,0.0838
"ribosomal subunit export from nucleus","E2_06_14",0,0,3.7e-24,0,1
"ribosome localization","E2_06_14",1,0,3.7e-24,1,0.1816
"protein transport to vacuole involved in ubiquitin-dependent protein catabolic process via the multivesicular body sorting pathway","E2_06_14",0,0,3.7e-24,0,1
"seminiferous tubule development","E2_06_14",0,0,3.7e-24,0,1
"cellular response to acid chemical","E2_06_14",0,1,3.7e-24,-1,0.4206
"positive regulation of kinase activity","E2_06_14",3,5,3.7e-24,-0.584962500721156,0.3172
"positive regulation by host of viral process","E2_06_14",0,0,3.7e-24,0,1
"mitochondrion morphogenesis","E2_06_14",0,0,3.7e-24,0,1
"regulation of establishment of cell polarity","E2_06_14",1,0,3.7e-24,1,0.3455
"cellular lipid catabolic process","E2_06_14",4,3,3.7e-24,0.321928094887362,0.7783
"neuron apoptotic process","E2_06_14",2,3,3.7e-24,-0.415037499278844,0.592
"inner cell mass cell proliferation","E2_06_14",1,0,3.7e-24,1,0.1661
"polyamine biosynthetic process","E2_06_14",0,0,3.7e-24,0,1
"folic acid metabolic process","E2_06_14",0,0,3.7e-24,0,1
"organelle inheritance","E2_06_14",0,0,3.7e-24,0,1
"polyol metabolic process","E2_06_14",1,1,3.7e-24,0,1
"regulation of type I interferon-mediated signaling pathway","E2_06_14",0,1,3.7e-24,-1,0.4727
"intracellular lipid transport","E2_06_14",1,0,3.7e-24,1,0.4562
"fat cell differentiation","E2_06_14",5,3,3.7e-24,0.584962500721156,0.397
"iron ion homeostasis","E2_06_14",1,1,3.7e-24,0,1
"negative regulation of cell projection organization","E2_06_14",1,3,3.7e-24,-1,0.2515
"dicarboxylic acid metabolic process","E2_06_14",3,1,3.7e-24,1,0.4183
"regulation of anatomical structure size","E2_06_14",7,6,3.7e-24,0.192645077942396,0.8422
"regulation of small molecule metabolic process","E2_06_14",4,4,3.7e-24,0,1
"pentose-phosphate shunt","E2_06_14",3,0,3.7e-24,2,0.0129
"pericardium development","E2_06_14",1,0,3.7e-24,1,0.3306
"lysosomal protein catabolic process","E2_06_14",0,0,3.7e-24,0,1
"carbohydrate derivative transport","E2_06_14",1,1,3.7e-24,0,1
"alcohol biosynthetic process","E2_06_14",3,1,3.7e-24,1,0.4262
"regulation of membrane permeability","E2_06_14",1,1,3.7e-24,0,1
"signal peptide processing","E2_06_14",0,0,3.7e-24,0,1
"UV-damage excision repair","E2_06_14",0,0,3.7e-24,0,1
"biological process involved in interaction with host","E2_06_14",1,2,3.7e-24,-0.584962500721156,0.5265
"body morphogenesis","E2_06_14",1,1,3.7e-24,0,1
"extracellular vesicle biogenesis","E2_06_14",0,0,3.7e-24,0,1
"negative regulation of defense response to virus","E2_06_14",0,0,3.7e-24,0,1
"aminoglycan biosynthetic process","E2_06_14",1,1,3.7e-24,0,1
"sterol biosynthetic process","E2_06_14",1,1,3.7e-24,0,1
"polyamine metabolic process","E2_06_14",0,0,3.7e-24,0,1
"magnesium ion transport","E2_06_14",0,0,3.7e-24,0,1
"lamellipodium morphogenesis","E2_06_14",0,0,3.7e-24,0,1
"positive regulation of neuron migration","E2_06_14",0,0,3.7e-24,0,1
"regulation of glucose metabolic process","E2_06_14",1,1,3.7e-24,0,1
"monosaccharide biosynthetic process","E2_06_14",1,1,3.7e-24,0,1
"response to acid chemical","E2_06_14",0,1,3.7e-24,-1,0.418
"regulation of carbohydrate metabolic process","E2_06_14",2,2,3.7e-24,0,1
"positive regulation of nervous system development","E2_06_14",6,3,3.7e-24,0.807354922057604,0.274
"regulation of circadian rhythm","E2_06_14",1,1,3.7e-24,0,1
"trabecula morphogenesis","E2_06_14",0,0,3.7e-24,0,1
"pigment accumulation","E2_06_14",0,0,3.7e-24,0,1
"cellular pigment accumulation","E2_06_14",0,0,3.7e-24,0,1
"regulation of pinocytosis","E2_06_14",1,0,3.7e-24,1,0.2351
"regulation of ligase activity","E2_06_14",1,0,3.7e-24,1,0.2128
"smoothened signaling pathway involved in dorsal/ventral neural tube patterning","E2_06_14",0,0,3.7e-24,0,1
"glycosyl compound metabolic process","E2_06_14",1,1,3.7e-24,0,1
"substantia nigra development","E2_06_14",0,1,3.7e-24,-1,0.4724
"negative regulation of GTPase activity","E2_06_14",1,0,3.7e-24,1,0.4778
"axon extension","E2_06_14",1,1,3.7e-24,0,1
"positive regulation of epithelial to mesenchymal transition","E2_06_14",0,0,3.7e-24,0,1
"one-carbon metabolic process","E2_06_14",0,0,3.7e-24,0,1
"NADPH regeneration","E2_06_14",0,0,3.7e-24,0,1
"cellular response to dsRNA","E2_06_14",0,0,3.7e-24,0,1
"neuron projection organization","E2_06_14",1,1,3.7e-24,0,1
"postsynapse organization","E2_06_14",9,2,3.7e-24,1.73696559416621,0.001
"regulation of ketone biosynthetic process","E2_06_14",0,0,3.7e-24,0,1
"mitochondrion distribution","E2_06_14",0,0,3.7e-24,0,1
"regulation of autophagosome maturation","E2_06_14",0,0,3.7e-24,0,1
"magnesium ion transmembrane transport","E2_06_14",0,0,3.7e-24,0,1
"regulation of cell division","E2_06_14",2,2,3.7e-24,0,1
"intermembrane lipid transfer","E2_06_14",1,1,3.7e-24,0,1
"organophosphate ester transport","E2_06_14",1,2,3.7e-24,-0.584962500721156,0.5479
"movement in host","E2_06_14",2,3,3.7e-24,-0.415037499278844,0.6235
"extracellular matrix assembly","E2_06_14",0,0,3.7e-24,0,1
"cellular metabolic compound salvage","E2_06_14",1,0,3.7e-24,1,0.4521
"regulation of ATP-dependent activity","E2_06_14",0,1,3.7e-24,-1,0.431
"cell migration involved in heart development","E2_06_14",0,0,3.7e-24,0,1
"cellular response to fluid shear stress","E2_06_14",1,0,3.7e-24,1,0.257
"sphingomyelin biosynthetic process","E2_06_14",0,0,3.7e-24,0,1
"ether lipid biosynthetic process","E2_06_14",0,0,3.7e-24,0,1
"embryonic body morphogenesis","E2_06_14",0,0,3.7e-24,0,1
"amino sugar biosynthetic process","E2_06_14",0,0,3.7e-24,0,1
"glycerol ether biosynthetic process","E2_06_14",0,0,3.7e-24,0,1
"pigmentation","E2_06_14",4,1,3.7e-24,1.32192809488736,0.0703
"cellular response to ketone","E2_06_14",0,1,3.7e-24,-1,0.4209
"nonribosomal peptide biosynthetic process","E2_06_14",0,0,3.7e-24,0,1
"glial cell apoptotic process","E2_06_14",1,0,3.7e-24,1,0.2877
"lipoprotein catabolic process","E2_06_14",0,0,3.7e-24,0,1
"suppression of viral release by host","E2_06_14",0,0,3.7e-24,0,1
"chaperone-mediated autophagy","E2_06_14",0,0,3.7e-24,0,1
"regulation of steroid hormone biosynthetic process","E2_06_14",0,0,3.7e-24,0,1
"synaptic vesicle lumen acidification","E2_06_14",0,0,3.7e-24,0,1
"semaphorin-plexin signaling pathway involved in neuron projection guidance","E2_06_14",0,0,3.7e-24,0,1
"regulation of Golgi organization","E2_06_14",0,0,3.7e-24,0,1
"Schwann cell differentiation","E2_06_14",1,0,3.7e-24,1,0.445
"neurotrophin signaling pathway","E2_06_14",0,0,3.7e-24,0,1
"regulation of microtubule depolymerization","E2_06_14",0,0,3.7e-24,0,1
"basement membrane organization","E2_06_14",0,0,3.7e-24,0,1
"establishment or maintenance of epithelial cell apical/basal polarity","E2_06_14",2,1,3.7e-24,0.584962500721156,0.6259
"face development","E2_06_14",0,1,3.7e-24,-1,0.5053
"osteoblast differentiation","E2_06_14",1,3,3.7e-24,-1,0.2221
"appendage development","E2_06_14",3,2,3.7e-24,0.415037499278844,0.7392
"limb development","E2_06_14",2,2,3.7e-24,0,1
"regulation of ATP metabolic process","E2_06_14",0,1,3.7e-24,-1,0.4729
"developmental growth involved in morphogenesis","E2_06_14",2,2,3.7e-24,0,1
"embryonic organ development","E2_06_14",2,5,3.7e-24,-1,0.1088
"negative regulation of growth","E2_06_14",6,3,3.7e-24,0.807354922057604,0.2792
"microtubule depolymerization","E2_06_14",0,1,3.7e-24,-1,0.5173
"heme metabolic process","E2_06_14",1,0,3.7e-24,1,0.4169
"regulation of neuron apoptotic process","E2_06_14",7,3,3.7e-24,1,0.2386
"plasma membrane tubulation","E2_06_14",0,0,3.7e-24,0,1
"exosomal secretion","E2_06_14",0,0,3.7e-24,0,1
"vasculogenesis","E2_06_14",0,1,3.7e-24,-1,0.4118
"toxin transport","E2_06_14",1,0,3.7e-24,1,0.4577
"ncRNA processing","E2_08_16",8,11,3.7e-24,-0.415037499278844,0.3222
"ribosome biogenesis","E2_08_16",4,8,3.7e-24,-0.84799690655495,0.0975
"rRNA metabolic process","E2_08_16",8,6,3.7e-24,0.362570079384708,0.5415
"proteasome-mediated ubiquitin-dependent protein catabolic process","E2_08_16",15,11,3.7e-24,0.415037499278844,0.3788
"regulation of response to DNA damage stimulus","E2_08_16",7,8,3.7e-24,-0.169925001442312,0.7303
"establishment of protein localization to organelle","E2_08_16",9,10,3.7e-24,-0.137503523749935,0.7603
"macroautophagy","E2_08_16",8,9,3.7e-24,-0.15200309344505,0.7588
"regulation of chromosome organization","E2_08_16",4,6,3.7e-24,-0.485426827170242,0.432
"Golgi vesicle transport","E2_08_16",5,7,3.7e-24,-0.415037499278844,0.4675
"double-strand break repair","E2_08_16",7,7,3.7e-24,0,1
"histone modification","E2_08_16",11,11,3.7e-24,0,1
"sister chromatid segregation","E2_08_16",2,6,3.7e-24,-1.22239242133645,0.0455
"DNA replication","E2_08_16",5,7,3.7e-24,-0.415037499278844,0.477
"chromosome segregation","E2_08_16",7,9,3.7e-24,-0.321928094887362,0.5203
"mitochondrial gene expression","E2_08_16",5,4,3.7e-24,0.263034405833794,0.799
"nucleocytoplasmic transport","E2_08_16",12,8,3.7e-24,0.53051471669878,0.2995
"nuclear transport","E2_08_16",8,8,3.7e-24,0,1
"regulation of DNA repair","E2_08_16",6,5,3.7e-24,0.222392421336448,0.8184
"peptidyl-lysine modification","E2_08_16",3,8,3.7e-24,-1.16992500144231,0.028
"protein targeting","E2_08_16",6,8,3.7e-24,-0.362570079384708,0.4849
"cytoplasmic translation","E2_08_16",3,4,3.7e-24,-0.321928094887362,0.6676
"regulation of autophagy","E2_08_16",7,7,3.7e-24,0,1
"signal transduction in response to DNA damage","E2_08_16",2,4,3.7e-24,-0.736965594166206,0.26
"regulation of intracellular transport","E2_08_16",11,7,3.7e-24,0.584962500721156,0.2668
"protein localization to nucleus","E2_08_16",7,6,3.7e-24,0.192645077942396,0.8443
"microtubule cytoskeleton organization involved in mitosis","E2_08_16",3,4,3.7e-24,-0.321928094887362,0.6385
"telomere maintenance","E2_08_16",2,3,3.7e-24,-0.415037499278844,0.5979
"cell cycle checkpoint signaling","E2_08_16",6,5,3.7e-24,0.222392421336448,0.821
"regulation of protein modification by small protein conjugation or removal","E2_08_16",3,5,3.7e-24,-0.584962500721156,0.3058
"cellular respiration","E2_08_16",5,5,3.7e-24,0,1
"cellular component disassembly","E2_08_16",6,11,3.7e-24,-0.777607578663552,0.0834
"nuclear chromosome segregation","E2_08_16",8,8,3.7e-24,0,1
"regulation of protein stability","E2_08_16",7,7,3.7e-24,0,1
"regulation of cell cycle phase transition","E2_08_16",8,11,3.7e-24,-0.415037499278844,0.33
"regulation of protein catabolic process","E2_08_16",10,8,3.7e-24,0.289506617194985,0.6015
"response to endoplasmic reticulum stress","E2_08_16",6,6,3.7e-24,0,1
"vesicle organization","E2_08_16",9,8,3.7e-24,0.15200309344505,0.8601
"mitochondrial respiratory chain complex assembly","E2_08_16",3,2,3.7e-24,0.415037499278844,0.7588
"DNA-templated transcription elongation","E2_08_16",2,3,3.7e-24,-0.415037499278844,0.5914
"mitochondrial transport","E2_08_16",1,4,3.7e-24,-1.32192809488736,0.0663
"establishment of organelle localization","E2_08_16",9,10,3.7e-24,-0.137503523749935,0.7598
"regulation of intracellular protein transport","E2_08_16",4,5,3.7e-24,-0.263034405833794,0.6745
"response to UV","E2_08_16",4,4,3.7e-24,0,1
"RNA localization","E2_08_16",7,5,3.7e-24,0.415037499278844,0.4944
"response to topologically incorrect protein","E2_08_16",4,4,3.7e-24,0,1
"organelle fission","E2_08_16",10,11,3.7e-24,-0.125530882083859,0.7696
"non-membrane-bounded organelle assembly","E2_08_16",2,9,3.7e-24,-1.73696559416621,0.0058
"protein polyubiquitination","E2_08_16",6,6,3.7e-24,0,1
"methylation","E2_08_16",5,8,3.7e-24,-0.584962500721156,0.2471
"phospholipid biosynthetic process","E2_08_16",3,6,3.7e-24,-0.807354922057604,0.1572
"oxidative phosphorylation","E2_08_16",3,4,3.7e-24,-0.321928094887362,0.6522
"establishment of protein localization to membrane","E2_08_16",9,6,3.7e-24,0.514573172829758,0.3104
"in utero embryonic development","E2_08_16",4,9,3.7e-24,-1,0.0532
"vacuole organization","E2_08_16",2,4,3.7e-24,-0.736965594166206,0.2839
"nuclear-transcribed mRNA catabolic process","E2_08_16",2,3,3.7e-24,-0.415037499278844,0.599
"protein folding","E2_08_16",1,5,3.7e-24,-1.58496250072116,0.0475
"DNA conformation change","E2_08_16",4,2,3.7e-24,0.736965594166206,0.3118
"regulation of chromosome segregation","E2_08_16",1,3,3.7e-24,-1,0.1994
"regulation of apoptotic signaling pathway","E2_08_16",4,7,3.7e-24,-0.678071905112638,0.2033
"cell cycle G2/M phase transition","E2_08_16",2,4,3.7e-24,-0.736965594166206,0.2824
"vacuolar transport","E2_08_16",3,4,3.7e-24,-0.321928094887362,0.6658
"response to ionizing radiation","E2_08_16",7,4,3.7e-24,0.678071905112638,0.3475
"cellular response to UV","E2_08_16",2,2,3.7e-24,0,1
"regulation of binding","E2_08_16",5,8,3.7e-24,-0.584962500721156,0.2507
"nucleic acid transport","E2_08_16",3,4,3.7e-24,-0.321928094887362,0.6453
"RNA transport","E2_08_16",2,3,3.7e-24,-0.415037499278844,0.5984
"ribonucleoprotein complex subunit organization","E2_08_16",4,5,3.7e-24,-0.263034405833794,0.6746
"regulation of DNA replication","E2_08_16",2,3,3.7e-24,-0.415037499278844,0.5982
"ribose phosphate metabolic process","E2_08_16",7,10,3.7e-24,-0.459431618637297,0.2987
"proton motive force-driven ATP synthesis","E2_08_16",2,2,3.7e-24,0,1
"ribonucleotide metabolic process","E2_08_16",7,9,3.7e-24,-0.321928094887362,0.5264
"telomere organization","E2_08_16",6,5,3.7e-24,0.222392421336448,0.8243
"cellular response to topologically incorrect protein","E2_08_16",1,3,3.7e-24,-1,0.2688
"Golgi organization","E2_08_16",4,3,3.7e-24,0.321928094887362,0.7756
"ribonucleoprotein complex assembly","E2_08_16",3,5,3.7e-24,-0.584962500721156,0.3163
"cellular nitrogen compound catabolic process","E2_08_16",4,10,3.7e-24,-1.13750352374993,0.0239
"negative regulation of phosphorus metabolic process","E2_08_16",8,9,3.7e-24,-0.15200309344505,0.7472
"heterocycle catabolic process","E2_08_16",6,9,3.7e-24,-0.514573172829758,0.2733
"mitochondrial membrane organization","E2_08_16",1,3,3.7e-24,-1,0.268
"regulation of protein-containing complex assembly","E2_08_16",10,9,3.7e-24,0.137503523749935,0.8678
"positive regulation of cellular component biogenesis","E2_08_16",9,9,3.7e-24,0,1
"response to oxidative stress","E2_08_16",5,10,3.7e-24,-0.874469117916141,0.0767
"regulation of supramolecular fiber organization","E2_08_16",3,7,3.7e-24,-1,0.0703
"positive regulation of protein localization","E2_08_16",11,10,3.7e-24,0.125530882083859,0.8713
"positive regulation of cell projection organization","E2_08_16",5,7,3.7e-24,-0.415037499278844,0.4628
"negative regulation of transferase activity","E2_08_16",3,6,3.7e-24,-0.807354922057604,0.1551
"autophagy of mitochondrion","E2_08_16",1,2,3.7e-24,-0.584962500721156,0.5353
"positive regulation of amide metabolic process","E2_08_16",4,4,3.7e-24,0,1
"chromatin remodeling","E2_08_16",3,7,3.7e-24,-1,0.0663
"viral process","E2_08_16",5,9,3.7e-24,-0.736965594166206,0.142
"macromolecule deacylation","E2_08_16",0,3,3.7e-24,-2,0.0374
"mitotic cytokinesis","E2_08_16",1,2,3.7e-24,-0.584962500721156,0.581
"aromatic compound catabolic process","E2_08_16",10,10,3.7e-24,0,1
"vesicle localization","E2_08_16",1,4,3.7e-24,-1.32192809488736,0.0691
"establishment or maintenance of cell polarity","E2_08_16",3,5,3.7e-24,-0.584962500721156,0.3292
"Wnt signaling pathway","E2_08_16",5,10,3.7e-24,-0.874469117916141,0.0708
"cell-cell signaling by wnt","E2_08_16",11,9,3.7e-24,0.263034405833794,0.6179
"ATP metabolic process","E2_08_16",5,4,3.7e-24,0.263034405833794,0.8091
"cellular response to chemical stress","E2_08_16",3,7,3.7e-24,-1,0.0941
"regulation of vacuole organization","E2_08_16",0,1,3.7e-24,-1,0.4365
"cellular response to external stimulus","E2_08_16",4,7,3.7e-24,-0.678071905112638,0.2191
"negative regulation of protein phosphorylation","E2_08_16",6,6,3.7e-24,0,1
"negative regulation of catabolic process","E2_08_16",10,7,3.7e-24,0.459431618637297,0.3402
"regulation of microtubule cytoskeleton organization","E2_08_16",4,4,3.7e-24,0,1
"chromosome localization","E2_08_16",2,2,3.7e-24,0,1
"negative regulation of mitotic nuclear division","E2_08_16",0,1,3.7e-24,-1,0.4212
"regulation of actin filament organization","E2_08_16",5,5,3.7e-24,0,1
"dephosphorylation","E2_08_16",9,7,3.7e-24,0.321928094887362,0.5782
"glycosylation","E2_08_16",5,6,3.7e-24,-0.222392421336448,0.6953
"positive regulation of establishment of protein localization","E2_08_16",5,7,3.7e-24,-0.415037499278844,0.4743
"regulation of microtubule-based process","E2_08_16",3,5,3.7e-24,-0.584962500721156,0.3358
"cell-substrate junction organization","E2_08_16",5,2,3.7e-24,1,0.1821
"protein-containing complex localization","E2_08_16",5,3,3.7e-24,0.584962500721156,0.4121
"mitochondrial transmembrane transport","E2_08_16",4,2,3.7e-24,0.736965594166206,0.2693
"stem cell population maintenance","E2_08_16",3,3,3.7e-24,0,1
"ribosome assembly","E2_08_16",2,1,3.7e-24,0.584962500721156,0.6744
"intraciliary transport","E2_08_16",1,1,3.7e-24,0,1
"Golgi to plasma membrane protein transport","E2_08_16",0,1,3.7e-24,-1,0.4332
"response to amino acid starvation","E2_08_16",2,1,3.7e-24,0.584962500721156,0.6537
"cellular response to extracellular stimulus","E2_08_16",5,5,3.7e-24,0,1
"cell growth","E2_08_16",9,10,3.7e-24,-0.137503523749935,0.7612
"protein glycosylation","E2_08_16",3,5,3.7e-24,-0.584962500721156,0.3403
"macromolecule glycosylation","E2_08_16",1,4,3.7e-24,-1.32192809488736,0.0612
"maintenance of cell number","E2_08_16",2,4,3.7e-24,-0.736965594166206,0.3003
"response to reactive oxygen species","E2_08_16",10,4,3.7e-24,1.13750352374994,0.0762
"regulation of cell morphogenesis","E2_08_16",9,5,3.7e-24,0.736965594166206,0.1934
"regulation of cellular component size","E2_08_16",9,7,3.7e-24,0.321928094887362,0.577
"cell-substrate junction assembly","E2_08_16",2,2,3.7e-24,0,1
"membrane fission","E2_08_16",4,1,3.7e-24,1.32192809488736,0.0316
"membrane docking","E2_08_16",0,2,3.7e-24,-1.58496250072116,0.1455
"fibroblast migration","E2_08_16",0,1,3.7e-24,-1,0.4134
"nucleus organization","E2_08_16",2,3,3.7e-24,-0.415037499278844,0.6045
"regulation of cell growth","E2_08_16",4,9,3.7e-24,-1,0.0497
"fibroblast proliferation","E2_08_16",0,3,3.7e-24,-2,0.0686
"cell cycle G1/S phase transition","E2_08_16",5,6,3.7e-24,-0.222392421336448,0.7038
"actin filament organization","E2_08_16",9,8,3.7e-24,0.15200309344505,0.8713
"response to oxygen levels","E2_08_16",9,7,3.7e-24,0.321928094887362,0.5779
"epigenetic regulation of gene expression","E2_08_16",3,4,3.7e-24,-0.321928094887362,0.6621
"organelle fusion","E2_08_16",3,2,3.7e-24,0.415037499278844,0.7398
"lipoprotein metabolic process","E2_08_16",3,3,3.7e-24,0,1
"protein lipidation","E2_08_16",4,2.5,3.7e-24,0.514573172829758,0.5305
"regulation of plasma membrane bounded cell projection assembly","E2_08_16",4,3,3.7e-24,0.321928094887362,0.7871
"regulation of actin filament-based process","E2_08_16",4,7,3.7e-24,-0.678071905112638,0.2265
"regulation of GTPase activity","E2_08_16",5,7,3.7e-24,-0.415037499278844,0.4822
"nuclear envelope organization","E2_08_16",1,1,3.7e-24,0,1
"protein autophosphorylation","E2_08_16",4,5,3.7e-24,-0.263034405833794,0.6813
"connective tissue development","E2_08_16",5,5,3.7e-24,0,1
"cellular response to heat","E2_08_16",0,1,3.7e-24,-1,0.4101
"myeloid cell homeostasis","E2_08_16",5,4,3.7e-24,0.263034405833794,0.8021
"regulation of neuron projection development","E2_08_16",6,9,3.7e-24,-0.514573172829758,0.2822
"receptor metabolic process","E2_08_16",0,1,3.7e-24,-1,0.4192
"maintenance of protein location in cell","E2_08_16",2,2,3.7e-24,0,1
"apoptotic mitochondrial changes","E2_08_16",0,2,3.7e-24,-1.58496250072116,0.0934
"response to transforming growth factor beta","E2_08_16",0,6,3.7e-24,-2.8073549220576,0.0031
"neural tube development","E2_08_16",3,3,3.7e-24,0,1
"maintenance of protein location","E2_08_16",0,2,3.7e-24,-1.58496250072116,0.1332
"regulation of ubiquitin-protein transferase activity","E2_08_16",1,1,3.7e-24,0,1
"cilium assembly","E2_08_16",2,7,3.7e-24,-1.41503749927884,0.0297
"mRNA export from nucleus","E2_08_16",0,1,3.7e-24,-1,0.4151
"regulation of cell-substrate junction organization","E2_08_16",2,1,3.7e-24,0.584962500721156,0.6675
"membrane biogenesis","E2_08_16",0,1,3.7e-24,-1,0.4158
"cilium organization","E2_08_16",6,6,3.7e-24,0,1
"platelet-derived growth factor receptor signaling pathway","E2_08_16",2,1,3.7e-24,0.584962500721156,0.6446
"iron-sulfur cluster assembly","E2_08_16",0,1,3.7e-24,-1,0.4922
"metallo-sulfur cluster assembly","E2_08_16",0,0,3.7e-24,0,1
"centromere complex assembly","E2_08_16",2,1,3.7e-24,0.584962500721156,0.6538
"cellular response to oxygen levels","E2_08_16",2,3,3.7e-24,-0.415037499278844,0.5958
"fatty acid beta-oxidation","E2_08_16",2,2,3.7e-24,0,1
"organelle localization by membrane tethering","E2_08_16",0,2,3.7e-24,-1.58496250072116,0.1492
"autophagosome maturation","E2_08_16",1,1,3.7e-24,0,1
"cellular response to transforming growth factor beta stimulus","E2_08_16",5,5,3.7e-24,0,1
"nucleotide catabolic process","E2_08_16",2,2,3.7e-24,0,1
"tube closure","E2_08_16",1,2,3.7e-24,-0.584962500721156,0.527
"regulation of stem cell differentiation","E2_08_16",1,1,3.7e-24,0,1
"substrate adhesion-dependent cell spreading","E2_08_16",1,2,3.7e-24,-0.584962500721156,0.5308
"chondrocyte differentiation","E2_08_16",4,3,3.7e-24,0.321928094887362,0.7796
"regulation of fibroblast proliferation","E2_08_16",1,2,3.7e-24,-0.584962500721156,0.5309
"morphogenesis of an epithelial sheet","E2_08_16",0,2,3.7e-24,-1.58496250072116,0.1272
"microtubule polymerization","E2_08_16",1,2,3.7e-24,-0.584962500721156,0.5509
"response to virus","E2_08_16",6,7,3.7e-24,-0.192645077942396,0.7119
"membrane assembly","E2_08_16",2,1,3.7e-24,0.584962500721156,0.659
"COPII vesicle coating","E2_08_16",0,0,3.7e-24,0,1
"erythrocyte differentiation","E2_08_16",3,2,3.7e-24,0.415037499278844,0.7524
"organophosphate catabolic process","E2_08_16",2,3,3.7e-24,-0.415037499278844,0.5967
"regulation of embryonic development","E2_08_16",2,2,3.7e-24,0,1
"regulation of focal adhesion assembly","E2_08_16",2,2,3.7e-24,0,1
"regulation of cell-substrate junction assembly","E2_08_16",1,1,3.7e-24,0,1
"regulation of extracellular matrix organization","E2_08_16",2,1,3.7e-24,0.584962500721156,0.6502
"GPI anchor biosynthetic process","E2_08_16",0,0,3.7e-24,0,1
"lamellipodium organization","E2_08_16",1,2,3.7e-24,-0.584962500721156,0.5335
"positive regulation of stem cell population maintenance","E2_08_16",0,1,3.7e-24,-1,0.4377
"monosaccharide metabolic process","E2_08_16",6,5,3.7e-24,0.222392421336448,0.8258
"U2-type prespliceosome assembly","E2_08_16",2,0,3.7e-24,1.58496250072116,0.1246
"heterochromatin formation","E2_08_16",4,2,3.7e-24,0.736965594166206,0.3183
"peroxisome organization","E2_08_16",0,0,3.7e-24,0,1
"regulation of mitochondrial fission","E2_08_16",2,1,3.7e-24,0.584962500721156,0.6438
"cellular pigmentation","E2_08_16",1,1,3.7e-24,0,1
"regulation of fibroblast migration","E2_08_16",0,1,3.7e-24,-1,0.4951
"cellular carbohydrate metabolic process","E2_08_16",5,5,3.7e-24,0,1
"positive regulation of axonogenesis","E2_08_16",2,1,3.7e-24,0.584962500721156,0.6832
"kinetochore organization","E2_08_16",0,0,3.7e-24,0,1
"stem cell differentiation","E2_08_16",5,4,3.7e-24,0.263034405833794,0.8076
"proton transmembrane transport","E2_08_16",1,2,3.7e-24,-0.584962500721156,0.5368
"cellular response to insulin stimulus","E2_08_16",1,4,3.7e-24,-1.32192809488736,0.0855
"establishment of mitotic spindle localization","E2_08_16",0,1,3.7e-24,-1,0.4683
"cell redox homeostasis","E2_08_16",1,1,3.7e-24,0,1
"stress granule assembly","E2_08_16",0,1,3.7e-24,-1,0.4948
"protein neddylation","E2_08_16",0,0,3.7e-24,0,1
"regulation of mitochondrial membrane potential","E2_08_16",0,1,3.7e-24,-1,0.4063
"neuron death","E2_08_16",1,7,3.7e-24,-2,0.008
"defense response to virus","E2_08_16",6,5,3.7e-24,0.222392421336448,0.827
"sulfur compound metabolic process","E2_08_16",3,6,3.7e-24,-0.807354922057604,0.1829
"NADP metabolic process","E2_08_16",1,1,3.7e-24,0,1
"vacuolar acidification","E2_08_16",0,1,3.7e-24,-1,0.4433
"oligosaccharide-lipid intermediate biosynthetic process","E2_08_16",0,0,3.7e-24,0,1
"lysosomal lumen acidification","E2_08_16",1,0,3.7e-24,1,0.311
"glycosyl compound biosynthetic process","E2_08_16",0,0,3.7e-24,0,1
"heart valve development","E2_08_16",1,2,3.7e-24,-0.584962500721156,0.5395
"water-soluble vitamin metabolic process","E2_08_16",2,1,3.7e-24,0.584962500721156,0.6391
"interferon-beta production","E2_08_16",1,1,3.7e-24,0,1
"regulation of interferon-beta production","E2_08_16",0,1,3.7e-24,-1,0.4175
"branched-chain amino acid metabolic process","E2_08_16",0,0,3.7e-24,0,1
"regulation of mitochondrial membrane permeability","E2_08_16",3,1,3.7e-24,1,0.4131
"respiratory tube development","E2_08_16",1,3,3.7e-24,-1,0.2008
"cellular senescence","E2_08_16",1,2,3.7e-24,-0.584962500721156,0.5849
"positive regulation of neurogenesis","E2_08_16",4,4,3.7e-24,0,1
"mitochondrial outer membrane permeabilization","E2_08_16",0,1,3.7e-24,-1,0.4744
"immune system development","E2_08_16",4,4,3.7e-24,0,1
"clathrin-dependent endocytosis","E2_08_16",2,1,3.7e-24,0.584962500721156,0.6372
"positive regulation of viral process","E2_08_16",0,1,3.7e-24,-1,0.4156
"bone development","E2_08_16",2,4,3.7e-24,-0.736965594166206,0.2694
"cell-substrate adhesion","E2_08_16",5,7,3.7e-24,-0.415037499278844,0.4812
"positive regulation of microtubule polymerization","E2_08_16",0,0,3.7e-24,0,1
"pteridine-containing compound metabolic process","E2_08_16",1,1,3.7e-24,0,1
"response to arsenic-containing substance","E2_08_16",0,1,3.7e-24,-1,0.5156
"response to insulin","E2_08_16",1,5,3.7e-24,-1.58496250072116,0.0352
"ubiquinone metabolic process","E2_08_16",0,0,3.7e-24,0,1
"cellular response to arsenic-containing substance","E2_08_16",0,0,3.7e-24,0,1
"inositol phosphate catabolic process","E2_08_16",0,0,3.7e-24,0,1
"telomerase RNA localization to Cajal body","E2_08_16",0,0,3.7e-24,0,1
"respiratory system development","E2_08_16",3,4,3.7e-24,-0.321928094887362,0.6514
"regulation of generation of precursor metabolites and energy","E2_08_16",3,2,3.7e-24,0.415037499278844,0.7485
"mitochondrial calcium ion homeostasis","E2_08_16",2,1,3.7e-24,0.584962500721156,0.64
"G0 to G1 transition","E2_08_16",1,0,3.7e-24,1,0.4778
"mitochondrial genome maintenance","E2_08_16",1,0,3.7e-24,1,0.4503
"release of cytochrome c from mitochondria","E2_08_16",0,1,3.7e-24,-1,0.4195
"cortical cytoskeleton organization","E2_08_16",3,1,3.7e-24,1,0.4172
"response to sterol depletion","E2_08_16",1,0,3.7e-24,1,0.3285
"regulation of ncRNA transcription","E2_08_16",0,1,3.7e-24,-1,0.4963
"mesenchymal cell differentiation","E2_08_16",6,5,3.7e-24,0.222392421336448,0.8252
"protein-DNA complex subunit organization","E2_08_16",3,4,3.7e-24,-0.321928094887362,0.6482
"response to fluid shear stress","E2_08_16",2,1,3.7e-24,0.584962500721156,0.6378
"collagen fibril organization","E2_08_16",2,2,3.7e-24,0,1
"roof of mouth development","E2_08_16",0,2,3.7e-24,-1.58496250072116,0.1654
"regulation of protein dephosphorylation","E2_08_16",1,2,3.7e-24,-0.584962500721156,0.55
"multicellular organism growth","E2_08_16",1,2,3.7e-24,-0.584962500721156,0.5189
"miRNA processing","E2_08_16",0,1,3.7e-24,-1,0.4725
"small molecule catabolic process","E2_08_16",5,7,3.7e-24,-0.415037499278844,0.4769
"regulation of G0 to G1 transition","E2_08_16",2,1,3.7e-24,0.584962500721156,0.6446
"circadian regulation of gene expression","E2_08_16",1,1,3.7e-24,0,1
"regulation of translational fidelity","E2_08_16",1,0,3.7e-24,1,0.3268
"ubiquinone biosynthetic process","E2_08_16",1,0,3.7e-24,1,0.3415
"mitochondrial calcium ion transmembrane transport","E2_08_16",0,0,3.7e-24,0,1
"quinone biosynthetic process","E2_08_16",0,0,3.7e-24,0,1
"viral release from host cell","E2_08_16",0,1,3.7e-24,-1,0.5275
"exit from host cell","E2_08_16",0,1,3.7e-24,-1,0.5212
"positive regulation of GTPase activity","E2_08_16",5,5,3.7e-24,0,1
"regulation of cytokinesis","E2_08_16",1,2,3.7e-24,-0.584962500721156,0.5382
"mitochondrion localization","E2_08_16",1,1,3.7e-24,0,1
"renal system development","E2_08_16",5,6,3.7e-24,-0.222392421336448,0.6954
"regulation of cysteine-type endopeptidase activity involved in apoptotic process","E2_08_16",5,4,3.7e-24,0.263034405833794,0.8055
"regulation of cell-substrate adhesion","E2_08_16",5,5,3.7e-24,0,1
"centrosome localization","E2_08_16",0,1,3.7e-24,-1,0.5054
"microtubule organizing center localization","E2_08_16",1,1,3.7e-24,0,1
"pinocytosis","E2_08_16",0,0,3.7e-24,0,1
"lamellipodium assembly","E2_08_16",1,1,3.7e-24,0,1
"cellular response to sterol depletion","E2_08_16",0,0,3.7e-24,0,1
"placenta development","E2_08_16",2,3,3.7e-24,-0.415037499278844,0.6093
"rhythmic process","E2_08_16",6,6,3.7e-24,0,1
"spindle localization","E2_08_16",1,1,3.7e-24,0,1
"carbohydrate derivative catabolic process","E2_08_16",4,3,3.7e-24,0.321928094887362,0.7731
"response to amino acid","E2_08_16",1,2,3.7e-24,-0.584962500721156,0.523
"regulation of intracellular steroid hormone receptor signaling pathway","E2_08_16",1,1,3.7e-24,0,1
"regulation of neuron death","E2_08_16",5,5,3.7e-24,0,1
"ossification","E2_08_16",7,8,3.7e-24,-0.169925001442312,0.731
"mammary gland epithelial cell proliferation","E2_08_16",0,1,3.7e-24,-1,0.5304
"ribosomal subunit export from nucleus","E2_08_16",0,0,3.7e-24,0,1
"ribosome localization","E2_08_16",0,0,3.7e-24,0,1
"protein transport to vacuole involved in ubiquitin-dependent protein catabolic process via the multivesicular body sorting pathway","E2_08_16",0,0,3.7e-24,0,1
"seminiferous tubule development","E2_08_16",0,0,3.7e-24,0,1
"cellular response to acid chemical","E2_08_16",2,2,3.7e-24,0,1
"positive regulation of kinase activity","E2_08_16",2,8,3.7e-24,-1.58496250072116,0.0203
"positive regulation by host of viral process","E2_08_16",0,0,3.7e-24,0,1
"mitochondrion morphogenesis","E2_08_16",1,0,3.7e-24,1,0.3683
"regulation of establishment of cell polarity","E2_08_16",1,1,3.7e-24,0,1
"cellular lipid catabolic process","E2_08_16",2,4,3.7e-24,-0.736965594166206,0.2547
"neuron apoptotic process","E2_08_16",6,5,3.7e-24,0.222392421336448,0.8252
"inner cell mass cell proliferation","E2_08_16",1,0,3.7e-24,1,0.2571
"polyamine biosynthetic process","E2_08_16",0,0,3.7e-24,0,1
"folic acid metabolic process","E2_08_16",0,0,3.7e-24,0,1
"organelle inheritance","E2_08_16",0,0,3.7e-24,0,1
"polyol metabolic process","E2_08_16",4,2,3.7e-24,0.736965594166206,0.3051
"regulation of type I interferon-mediated signaling pathway","E2_08_16",2,1,3.7e-24,0.584962500721156,0.644
"intracellular lipid transport","E2_08_16",1,1,3.7e-24,0,1
"fat cell differentiation","E2_08_16",3,4,3.7e-24,-0.321928094887362,0.6413
"iron ion homeostasis","E2_08_16",1,1,3.7e-24,0,1
"negative regulation of cell projection organization","E2_08_16",5,4,3.7e-24,0.263034405833794,0.8029
"dicarboxylic acid metabolic process","E2_08_16",1,1,3.7e-24,0,1
"regulation of anatomical structure size","E2_08_16",9,9,3.7e-24,0,1
"regulation of small molecule metabolic process","E2_08_16",3,7,3.7e-24,-1,0.1035
"pentose-phosphate shunt","E2_08_16",2,1,3.7e-24,0.584962500721156,0.6472
"pericardium development","E2_08_16",0,0,3.7e-24,0,1
"lysosomal protein catabolic process","E2_08_16",0,0,3.7e-24,0,1
"carbohydrate derivative transport","E2_08_16",2,2,3.7e-24,0,1
"alcohol biosynthetic process","E2_08_16",4,3,3.7e-24,0.321928094887362,0.7776
"regulation of membrane permeability","E2_08_16",1,1,3.7e-24,0,1
"signal peptide processing","E2_08_16",0,0,3.7e-24,0,1
"UV-damage excision repair","E2_08_16",0,0,3.7e-24,0,1
"biological process involved in interaction with host","E2_08_16",4,3,3.7e-24,0.321928094887362,0.7815
"body morphogenesis","E2_08_16",1,1,3.7e-24,0,1
"extracellular vesicle biogenesis","E2_08_16",1,0,3.7e-24,1,0.4292
"negative regulation of defense response to virus","E2_08_16",1,0,3.7e-24,1,0.4928
"aminoglycan biosynthetic process","E2_08_16",0,1,3.7e-24,-1,0.4141
"sterol biosynthetic process","E2_08_16",2,1,3.7e-24,0.584962500721156,0.6417
"polyamine metabolic process","E2_08_16",1,0,3.7e-24,1,0.3396
"magnesium ion transport","E2_08_16",0,0,3.7e-24,0,1
"lamellipodium morphogenesis","E2_08_16",2,0,3.7e-24,1.58496250072116,0.0749
"positive regulation of neuron migration","E2_08_16",0,0,3.7e-24,0,1
"regulation of glucose metabolic process","E2_08_16",3,2,3.7e-24,0.415037499278844,0.7273
"monosaccharide biosynthetic process","E2_08_16",0,2,3.7e-24,-1.58496250072116,0.1644
"response to acid chemical","E2_08_16",2,2,3.7e-24,0,1
"regulation of carbohydrate metabolic process","E2_08_16",5,3,3.7e-24,0.584962500721156,0.4175
"positive regulation of nervous system development","E2_08_16",3,6,3.7e-24,-0.807354922057604,0.1907
"regulation of circadian rhythm","E2_08_16",1,2,3.7e-24,-0.584962500721156,0.5632
"trabecula morphogenesis","E2_08_16",2,1,3.7e-24,0.584962500721156,0.6348
"pigment accumulation","E2_08_16",2,0,3.7e-24,1.58496250072116,0.0237
"cellular pigment accumulation","E2_08_16",0,0,3.7e-24,0,1
"regulation of pinocytosis","E2_08_16",0,0,3.7e-24,0,1
"regulation of ligase activity","E2_08_16",2,0,3.7e-24,1.58496250072116,0.0355
"smoothened signaling pathway involved in dorsal/ventral neural tube patterning","E2_08_16",1,0,3.7e-24,1,0.2968
"glycosyl compound metabolic process","E2_08_16",1,1,3.7e-24,0,1
"substantia nigra development","E2_08_16",1,1,3.7e-24,0,1
"negative regulation of GTPase activity","E2_08_16",0,1,3.7e-24,-1,0.4834
"axon extension","E2_08_16",3,3,3.7e-24,0,1
"positive regulation of epithelial to mesenchymal transition","E2_08_16",0,1,3.7e-24,-1,0.4279
"one-carbon metabolic process","E2_08_16",0,0,3.7e-24,0,1
"NADPH regeneration","E2_08_16",0,0,3.7e-24,0,1
"cellular response to dsRNA","E2_08_16",1,0,3.7e-24,1,0.4381
"neuron projection organization","E2_08_16",1,1,3.7e-24,0,1
"postsynapse organization","E2_08_16",3,3,3.7e-24,0,1
"regulation of ketone biosynthetic process","E2_08_16",1,0,3.7e-24,1,0.4446
"mitochondrion distribution","E2_08_16",0,0,3.7e-24,0,1
"regulation of autophagosome maturation","E2_08_16",0,0,3.7e-24,0,1
"magnesium ion transmembrane transport","E2_08_16",1,0,3.7e-24,1,0.3751
"regulation of cell division","E2_08_16",1,3,3.7e-24,-1,0.2016
"intermembrane lipid transfer","E2_08_16",2,1,3.7e-24,0.584962500721156,0.6446
"organophosphate ester transport","E2_08_16",0,3,3.7e-24,-2,0.0575
"movement in host","E2_08_16",1,3,3.7e-24,-1,0.207
"extracellular matrix assembly","E2_08_16",0,1,3.7e-24,-1,0.5234
"cellular metabolic compound salvage","E2_08_16",0,1,3.7e-24,-1,0.5098
"regulation of ATP-dependent activity","E2_08_16",2,1,3.7e-24,0.584962500721156,0.6387
"cell migration involved in heart development","E2_08_16",1,0,3.7e-24,1,0.4746
"cellular response to fluid shear stress","E2_08_16",0,0,3.7e-24,0,1
"sphingomyelin biosynthetic process","E2_08_16",0,0,3.7e-24,0,1
"ether lipid biosynthetic process","E2_08_16",0,0,3.7e-24,0,1
"embryonic body morphogenesis","E2_08_16",0,0,3.7e-24,0,1
"amino sugar biosynthetic process","E2_08_16",0,0,3.7e-24,0,1
"glycerol ether biosynthetic process","E2_08_16",0,0,3.7e-24,0,1
"pigmentation","E2_08_16",2,2,3.7e-24,0,1
"cellular response to ketone","E2_08_16",4,2,3.7e-24,0.736965594166206,0.2772
"nonribosomal peptide biosynthetic process","E2_08_16",0,0,3.7e-24,0,1
"glial cell apoptotic process","E2_08_16",0,0,3.7e-24,0,1
"lipoprotein catabolic process","E2_08_16",1,0,3.7e-24,1,0.4132
"suppression of viral release by host","E2_08_16",0,0,3.7e-24,0,1
"chaperone-mediated autophagy","E2_08_16",0,0,3.7e-24,0,1
"regulation of steroid hormone biosynthetic process","E2_08_16",0,0,3.7e-24,0,1
"synaptic vesicle lumen acidification","E2_08_16",1,0,3.7e-24,1,0.3494
"semaphorin-plexin signaling pathway involved in neuron projection guidance","E2_08_16",0,0,3.7e-24,0,1
"regulation of Golgi organization","E2_08_16",1,0,3.7e-24,1,0.2839
"Schwann cell differentiation","E2_08_16",1,1,3.7e-24,0,1
"neurotrophin signaling pathway","E2_08_16",1,0,3.7e-24,1,0.4552
"regulation of microtubule depolymerization","E2_08_16",0,0,3.7e-24,0,1
"basement membrane organization","E2_08_16",2,1,3.7e-24,0.584962500721156,0.6474
"establishment or maintenance of epithelial cell apical/basal polarity","E2_08_16",3,1,3.7e-24,1,0.4374
"face development","E2_08_16",2,1,3.7e-24,0.584962500721156,0.629
"osteoblast differentiation","E2_08_16",6,5,3.7e-24,0.222392421336448,0.8206
"appendage development","E2_08_16",3,3,3.7e-24,0,1
"limb development","E2_08_16",6,4,3.7e-24,0.485426827170242,0.4579
"regulation of ATP metabolic process","E2_08_16",2,1,3.7e-24,0.584962500721156,0.6504
"developmental growth involved in morphogenesis","E2_08_16",3,4,3.7e-24,-0.321928094887362,0.6502
"embryonic organ development","E2_08_16",1,8,3.7e-24,-2.16992500144231,0.0029
"negative regulation of growth","E2_08_16",4,5,3.7e-24,-0.263034405833794,0.6891
"microtubule depolymerization","E2_08_16",2,1,3.7e-24,0.584962500721156,0.6417
"heme metabolic process","E2_08_16",0,1,3.7e-24,-1,0.5291
"regulation of neuron apoptotic process","E2_08_16",4,5,3.7e-24,-0.263034405833794,0.6849
"plasma membrane tubulation","E2_08_16",1,0,3.7e-24,1,0.4179
"exosomal secretion","E2_08_16",0,0,3.7e-24,0,1
"vasculogenesis","E2_08_16",3,2,3.7e-24,0.415037499278844,0.7226
"toxin transport","E2_08_16",0,1,3.7e-24,-1,0.4198
"ncRNA processing","E3_06_14",13,19,3.7e-24,-0.514573172829758,0.1366
"ribosome biogenesis","E3_06_14",7,14,3.7e-24,-0.906890595608518,0.0286
"rRNA metabolic process","E3_06_14",12,11,3.7e-24,0.115477217419936,0.8837
"proteasome-mediated ubiquitin-dependent protein catabolic process","E3_06_14",10,21,3.7e-24,-1,0.0053
"regulation of response to DNA damage stimulus","E3_06_14",12,15,3.7e-24,-0.299560281858908,0.4556
"establishment of protein localization to organelle","E3_06_14",17,18,3.7e-24,-0.0780025120012732,0.8219
"macroautophagy","E3_06_14",14,16,3.7e-24,-0.180572245641821,0.6336
"regulation of chromosome organization","E3_06_14",10,11,3.7e-24,-0.125530882083859,0.7682
"Golgi vesicle transport","E3_06_14",18,13,3.7e-24,0.440572591385981,0.269
"double-strand break repair","E3_06_14",9,13,3.7e-24,-0.485426827170242,0.2238
"histone modification","E3_06_14",11,20,3.7e-24,-0.807354922057604,0.02
"sister chromatid segregation","E3_06_14",8,12,3.7e-24,-0.53051471669878,0.2248
"DNA replication","E3_06_14",10,12,3.7e-24,-0.241008099503795,0.5658
"chromosome segregation","E3_06_14",11,18,3.7e-24,-0.662965012722429,0.0709
"mitochondrial gene expression","E3_06_14",7,7,3.7e-24,0,1
"nucleocytoplasmic transport","E3_06_14",12,14,3.7e-24,-0.206450877467426,0.5979
"nuclear transport","E3_06_14",15,14,3.7e-24,0.0931094043914815,0.8912
"regulation of DNA repair","E3_06_14",12,9,3.7e-24,0.37851162325373,0.4103
"peptidyl-lysine modification","E3_06_14",10,15,3.7e-24,-0.540568381362703,0.1452
"protein targeting","E3_06_14",13,15,3.7e-24,-0.192645077942396,0.6141
"cytoplasmic translation","E3_06_14",5,7,3.7e-24,-0.415037499278844,0.4756
"regulation of autophagy","E3_06_14",14,15,3.7e-24,-0.0931094043914815,0.8041
"signal transduction in response to DNA damage","E3_06_14",8,8,3.7e-24,0,1
"regulation of intracellular transport","E3_06_14",8,13,3.7e-24,-0.637429920615292,0.1148
"protein localization to nucleus","E3_06_14",9,12,3.7e-24,-0.37851162325373,0.3985
"microtubule cytoskeleton organization involved in mitosis","E3_06_14",11,8,3.7e-24,0.415037499278844,0.3701
"telomere maintenance","E3_06_14",7,6,3.7e-24,0.192645077942396,0.8442
"cell cycle checkpoint signaling","E3_06_14",6,9,3.7e-24,-0.514573172829758,0.2696
"regulation of protein modification by small protein conjugation or removal","E3_06_14",9,11,3.7e-24,-0.263034405833794,0.5632
"cellular respiration","E3_06_14",10,10,3.7e-24,0,1
"cellular component disassembly","E3_06_14",19,20,3.7e-24,-0.070389327891398,0.8284
"nuclear chromosome segregation","E3_06_14",11,14,3.7e-24,-0.321928094887362,0.4264
"regulation of protein stability","E3_06_14",12,14,3.7e-24,-0.206450877467426,0.5915
"regulation of cell cycle phase transition","E3_06_14",19,20,3.7e-24,-0.070389327891398,0.8326
"regulation of protein catabolic process","E3_06_14",15,15,3.7e-24,0,1
"response to endoplasmic reticulum stress","E3_06_14",8,11,3.7e-24,-0.415037499278844,0.3326
"vesicle organization","E3_06_14",11,16,3.7e-24,-0.502500340529183,0.1687
"mitochondrial respiratory chain complex assembly","E3_06_14",3,4,3.7e-24,-0.321928094887362,0.6403
"DNA-templated transcription elongation","E3_06_14",5,6,3.7e-24,-0.222392421336448,0.7039
"mitochondrial transport","E3_06_14",4,8,3.7e-24,-0.84799690655495,0.1137
"establishment of organelle localization","E3_06_14",10,18,3.7e-24,-0.788495894806288,0.0298
"regulation of intracellular protein transport","E3_06_14",5,9,3.7e-24,-0.736965594166206,0.1274
"response to UV","E3_06_14",7,7,3.7e-24,0,1
"RNA localization","E3_06_14",10,9,3.7e-24,0.137503523749935,0.8683
"response to topologically incorrect protein","E3_06_14",6,8,3.7e-24,-0.362570079384708,0.5006
"organelle fission","E3_06_14",9,19,3.7e-24,-1,0.0104
"non-membrane-bounded organelle assembly","E3_06_14",9,17,3.7e-24,-0.84799690655495,0.021
"protein polyubiquitination","E3_06_14",4,10,3.7e-24,-1.13750352374993,0.021
"methylation","E3_06_14",12,13,3.7e-24,-0.106915203916512,0.7912
"phospholipid biosynthetic process","E3_06_14",6,11,3.7e-24,-0.777607578663552,0.0955
"oxidative phosphorylation","E3_06_14",8,6,3.7e-24,0.362570079384708,0.5459
"establishment of protein localization to membrane","E3_06_14",12,10,3.7e-24,0.241008099503795,0.6394
"in utero embryonic development","E3_06_14",18,16,3.7e-24,0.160464672193246,0.7057
"vacuole organization","E3_06_14",2,8,3.7e-24,-1.58496250072116,0.0101
"nuclear-transcribed mRNA catabolic process","E3_06_14",9,6,3.7e-24,0.514573172829758,0.3411
"protein folding","E3_06_14",9,9,3.7e-24,0,1
"DNA conformation change","E3_06_14",2,4,3.7e-24,-0.736965594166206,0.2667
"regulation of chromosome segregation","E3_06_14",4,5,3.7e-24,-0.263034405833794,0.6706
"regulation of apoptotic signaling pathway","E3_06_14",13,13,3.7e-24,0,1
"cell cycle G2/M phase transition","E3_06_14",6,7,3.7e-24,-0.192645077942396,0.724
"vacuolar transport","E3_06_14",7,6,3.7e-24,0.192645077942396,0.8422
"response to ionizing radiation","E3_06_14",3,6,3.7e-24,-0.807354922057604,0.1437
"cellular response to UV","E3_06_14",2,4,3.7e-24,-0.736965594166206,0.2877
"regulation of binding","E3_06_14",11,14,3.7e-24,-0.321928094887362,0.426
"nucleic acid transport","E3_06_14",8,8,3.7e-24,0,1
"RNA transport","E3_06_14",2,6,3.7e-24,-1.22239242133645,0.0506
"ribonucleoprotein complex subunit organization","E3_06_14",9,10,3.7e-24,-0.137503523749935,0.7597
"regulation of DNA replication","E3_06_14",4,6,3.7e-24,-0.485426827170242,0.4341
"ribose phosphate metabolic process","E3_06_14",15,18,3.7e-24,-0.247927513443586,0.4799
"proton motive force-driven ATP synthesis","E3_06_14",1,3,3.7e-24,-1,0.1986
"ribonucleotide metabolic process","E3_06_14",9,16,3.7e-24,-0.765534746362977,0.0468
"telomere organization","E3_06_14",5,8,3.7e-24,-0.584962500721156,0.2675
"cellular response to topologically incorrect protein","E3_06_14",5,5,3.7e-24,0,1
"Golgi organization","E3_06_14",4,5,3.7e-24,-0.263034405833794,0.6685
"ribonucleoprotein complex assembly","E3_06_14",9,9,3.7e-24,0,1
"cellular nitrogen compound catabolic process","E3_06_14",19,19,3.7e-24,0,1
"negative regulation of phosphorus metabolic process","E3_06_14",12,16,3.7e-24,-0.387023123109247,0.2811
"heterocycle catabolic process","E3_06_14",11,18,3.7e-24,-0.662965012722429,0.0639
"mitochondrial membrane organization","E3_06_14",4,5,3.7e-24,-0.263034405833794,0.6774
"regulation of protein-containing complex assembly","E3_06_14",18,16,3.7e-24,0.160464672193246,0.7101
"positive regulation of cellular component biogenesis","E3_06_14",7,17,3.7e-24,-1.16992500144231,0.0039
"response to oxidative stress","E3_06_14",10,18,3.7e-24,-0.788495894806288,0.0361
"regulation of supramolecular fiber organization","E3_06_14",12,14,3.7e-24,-0.206450877467426,0.6088
"positive regulation of protein localization","E3_06_14",12,17,3.7e-24,-0.46948528330122,0.2044
"positive regulation of cell projection organization","E3_06_14",9,12,3.7e-24,-0.37851162325373,0.3977
"negative regulation of transferase activity","E3_06_14",13,11,3.7e-24,0.222392421336448,0.6511
"autophagy of mitochondrion","E3_06_14",3,4,3.7e-24,-0.321928094887362,0.6341
"positive regulation of amide metabolic process","E3_06_14",4,7,3.7e-24,-0.678071905112638,0.2254
"chromatin remodeling","E3_06_14",8,13,3.7e-24,-0.637429920615292,0.1283
"viral process","E3_06_14",7,17,3.7e-24,-1.16992500144231,0.0065
"macromolecule deacylation","E3_06_14",4,6,3.7e-24,-0.485426827170242,0.4452
"mitotic cytokinesis","E3_06_14",5,3,3.7e-24,0.584962500721156,0.4028
"aromatic compound catabolic process","E3_06_14",18,19,3.7e-24,-0.0740005814437769,0.8216
"vesicle localization","E3_06_14",8,7,3.7e-24,0.169925001442312,0.8458
"establishment or maintenance of cell polarity","E3_06_14",8,9,3.7e-24,-0.15200309344505,0.7542
"Wnt signaling pathway","E3_06_14",14,18,3.7e-24,-0.341036917835067,0.3012
"cell-cell signaling by wnt","E3_06_14",9,16,3.7e-24,-0.765534746362977,0.0506
"ATP metabolic process","E3_06_14",6,8,3.7e-24,-0.362570079384708,0.4958
"cellular response to chemical stress","E3_06_14",7,13,3.7e-24,-0.807354922057604,0.0614
"regulation of vacuole organization","E3_06_14",1,3,3.7e-24,-1,0.2591
"cellular response to external stimulus","E3_06_14",8,12,3.7e-24,-0.53051471669878,0.2078
"negative regulation of protein phosphorylation","E3_06_14",11,12,3.7e-24,-0.115477217419936,0.7734
"negative regulation of catabolic process","E3_06_14",11,12,3.7e-24,-0.115477217419936,0.7791
"regulation of microtubule cytoskeleton organization","E3_06_14",4,6,3.7e-24,-0.485426827170242,0.441
"chromosome localization","E3_06_14",1,4,3.7e-24,-1.32192809488736,0.1049
"negative regulation of mitotic nuclear division","E3_06_14",1,2,3.7e-24,-0.584962500721156,0.5232
"regulation of actin filament organization","E3_06_14",2,9,3.7e-24,-1.73696559416621,0.0058
"dephosphorylation","E3_06_14",19,12,3.7e-24,0.62148837674627,0.1224
"glycosylation","E3_06_14",13,10,3.7e-24,0.347923303420307,0.4263
"positive regulation of establishment of protein localization","E3_06_14",12,12,3.7e-24,0,1
"regulation of microtubule-based process","E3_06_14",4,9,3.7e-24,-1,0.0437
"cell-substrate junction organization","E3_06_14",6,4,3.7e-24,0.485426827170242,0.4573
"protein-containing complex localization","E3_06_14",8,6,3.7e-24,0.362570079384708,0.5496
"mitochondrial transmembrane transport","E3_06_14",5,4,3.7e-24,0.263034405833794,0.7967
"stem cell population maintenance","E3_06_14",5,7,3.7e-24,-0.415037499278844,0.4754
"ribosome assembly","E3_06_14",1,2,3.7e-24,-0.584962500721156,0.519
"intraciliary transport","E3_06_14",4,2,3.7e-24,0.736965594166206,0.3032
"Golgi to plasma membrane protein transport","E3_06_14",1,2,3.7e-24,-0.584962500721156,0.5423
"response to amino acid starvation","E3_06_14",2,2,3.7e-24,0,1
"cellular response to extracellular stimulus","E3_06_14",10,10,3.7e-24,0,1
"cell growth","E3_06_14",12,17,3.7e-24,-0.46948528330122,0.1948
"protein glycosylation","E3_06_14",7,9,3.7e-24,-0.321928094887362,0.5323
"macromolecule glycosylation","E3_06_14",9,9,3.7e-24,0,1
"maintenance of cell number","E3_06_14",8,7,3.7e-24,0.169925001442312,0.8558
"response to reactive oxygen species","E3_06_14",7,9,3.7e-24,-0.321928094887362,0.5257
"regulation of cell morphogenesis","E3_06_14",7,10,3.7e-24,-0.459431618637297,0.3093
"regulation of cellular component size","E3_06_14",15,13,3.7e-24,0.192645077942396,0.6761
"cell-substrate junction assembly","E3_06_14",3,4,3.7e-24,-0.321928094887362,0.6405
"membrane fission","E3_06_14",1,2,3.7e-24,-0.584962500721156,0.5414
"membrane docking","E3_06_14",5,3,3.7e-24,0.584962500721156,0.4078
"fibroblast migration","E3_06_14",1,2,3.7e-24,-0.584962500721156,0.5376
"nucleus organization","E3_06_14",2,5,3.7e-24,-1,0.1168
"regulation of cell growth","E3_06_14",8,16,3.7e-24,-0.917537839808027,0.0226
"fibroblast proliferation","E3_06_14",4,5,3.7e-24,-0.263034405833794,0.6909
"cell cycle G1/S phase transition","E3_06_14",8,11,3.7e-24,-0.415037499278844,0.3393
"actin filament organization","E3_06_14",14,15,3.7e-24,-0.0931094043914815,0.8063
"response to oxygen levels","E3_06_14",9,12,3.7e-24,-0.37851162325373,0.4017
"epigenetic regulation of gene expression","E3_06_14",8,7,3.7e-24,0.169925001442312,0.8515
"organelle fusion","E3_06_14",4,5,3.7e-24,-0.263034405833794,0.681
"lipoprotein metabolic process","E3_06_14",5,6,3.7e-24,-0.222392421336448,0.6934
"protein lipidation","E3_06_14",6,4,3.7e-24,0.485426827170242,0.4554
"regulation of plasma membrane bounded cell projection assembly","E3_06_14",5,7,3.7e-24,-0.415037499278844,0.4766
"regulation of actin filament-based process","E3_06_14",8,13,3.7e-24,-0.637429920615292,0.121
"regulation of GTPase activity","E3_06_14",12,12,3.7e-24,0,1
"nuclear envelope organization","E3_06_14",1,2,3.7e-24,-0.584962500721156,0.5326
"protein autophosphorylation","E3_06_14",5,8,3.7e-24,-0.584962500721156,0.2368
"connective tissue development","E3_06_14",12,10,3.7e-24,0.241008099503795,0.6468
"cellular response to heat","E3_06_14",1,2,3.7e-24,-0.584962500721156,0.5369
"myeloid cell homeostasis","E3_06_14",2,6,3.7e-24,-1.22239242133645,0.0379
"regulation of neuron projection development","E3_06_14",13,16,3.7e-24,-0.280107919192735,0.4549
"receptor metabolic process","E3_06_14",1,3,3.7e-24,-1,0.2201
"maintenance of protein location in cell","E3_06_14",1,3,3.7e-24,-1,0.2196
"apoptotic mitochondrial changes","E3_06_14",5,4,3.7e-24,0.263034405833794,0.8017
"response to transforming growth factor beta","E3_06_14",10,11,3.7e-24,-0.125530882083859,0.7712
"neural tube development","E3_06_14",6,6,3.7e-24,0,1
"maintenance of protein location","E3_06_14",4,3,3.7e-24,0.321928094887362,0.7826
"regulation of ubiquitin-protein transferase activity","E3_06_14",2,2,3.7e-24,0,1
"cilium assembly","E3_06_14",8,12,3.7e-24,-0.53051471669878,0.2098
"mRNA export from nucleus","E3_06_14",4,3,3.7e-24,0.321928094887362,0.7835
"regulation of cell-substrate junction organization","E3_06_14",3,2,3.7e-24,0.415037499278844,0.7509
"membrane biogenesis","E3_06_14",4,2,3.7e-24,0.736965594166206,0.3296
"cilium organization","E3_06_14",8,13,3.7e-24,-0.637429920615292,0.1337
"platelet-derived growth factor receptor signaling pathway","E3_06_14",2,2,3.7e-24,0,1
"iron-sulfur cluster assembly","E3_06_14",0,1,3.7e-24,-1,0.4212
"metallo-sulfur cluster assembly","E3_06_14",1,1,3.7e-24,0,1
"centromere complex assembly","E3_06_14",1,1,3.7e-24,0,1
"cellular response to oxygen levels","E3_06_14",8,6,3.7e-24,0.362570079384708,0.546
"fatty acid beta-oxidation","E3_06_14",1,3,3.7e-24,-1,0.2202
"organelle localization by membrane tethering","E3_06_14",1,3,3.7e-24,-1,0.2343
"autophagosome maturation","E3_06_14",1,2,3.7e-24,-0.584962500721156,0.571
"cellular response to transforming growth factor beta stimulus","E3_06_14",7,10,3.7e-24,-0.459431618637297,0.2955
"nucleotide catabolic process","E3_06_14",1,3,3.7e-24,-1,0.2213
"tube closure","E3_06_14",5,4,3.7e-24,0.263034405833794,0.8173
"regulation of stem cell differentiation","E3_06_14",3,3,3.7e-24,0,1
"substrate adhesion-dependent cell spreading","E3_06_14",4,4,3.7e-24,0,1
"chondrocyte differentiation","E3_06_14",3,5,3.7e-24,-0.584962500721156,0.338
"regulation of fibroblast proliferation","E3_06_14",4,4,3.7e-24,0,1
"morphogenesis of an epithelial sheet","E3_06_14",3,3,3.7e-24,0,1
"microtubule polymerization","E3_06_14",1,3,3.7e-24,-1,0.2012
"response to virus","E3_06_14",9,14,3.7e-24,-0.584962500721156,0.135
"membrane assembly","E3_06_14",2,2,3.7e-24,0,1
"COPII vesicle coating","E3_06_14",0,1,3.7e-24,-1,0.5094
"erythrocyte differentiation","E3_06_14",4,4,3.7e-24,0,1
"organophosphate catabolic process","E3_06_14",2,6,3.7e-24,-1.22239242133645,0.0541
"regulation of embryonic development","E3_06_14",2,3,3.7e-24,-0.415037499278844,0.5882
"regulation of focal adhesion assembly","E3_06_14",1,3,3.7e-24,-1,0.2336
"regulation of cell-substrate junction assembly","E3_06_14",2,2,3.7e-24,0,1
"regulation of extracellular matrix organization","E3_06_14",2,2,3.7e-24,0,1
"GPI anchor biosynthetic process","E3_06_14",0,1,3.7e-24,-1,0.4283
"lamellipodium organization","E3_06_14",5,4,3.7e-24,0.263034405833794,0.8069
"positive regulation of stem cell population maintenance","E3_06_14",5,2,3.7e-24,1,0.1862
"monosaccharide metabolic process","E3_06_14",4,8,3.7e-24,-0.84799690655495,0.0838
"U2-type prespliceosome assembly","E3_06_14",1,1,3.7e-24,0,1
"heterochromatin formation","E3_06_14",6,4,3.7e-24,0.485426827170242,0.4561
"peroxisome organization","E3_06_14",1,1,3.7e-24,0,1
"regulation of mitochondrial fission","E3_06_14",1,1,3.7e-24,0,1
"cellular pigmentation","E3_06_14",0,3,3.7e-24,-2,0.0417
"regulation of fibroblast migration","E3_06_14",1,1,3.7e-24,0,1
"cellular carbohydrate metabolic process","E3_06_14",7,10,3.7e-24,-0.459431618637297,0.2946
"positive regulation of axonogenesis","E3_06_14",1,3,3.7e-24,-1,0.2458
"kinetochore organization","E3_06_14",1,1,3.7e-24,0,1
"stem cell differentiation","E3_06_14",4,8,3.7e-24,-0.84799690655495,0.11
"proton transmembrane transport","E3_06_14",8,5,3.7e-24,0.584962500721156,0.3948
"cellular response to insulin stimulus","E3_06_14",4,8,3.7e-24,-0.84799690655495,0.1092
"establishment of mitotic spindle localization","E3_06_14",3,2,3.7e-24,0.415037499278844,0.7245
"cell redox homeostasis","E3_06_14",1,2,3.7e-24,-0.584962500721156,0.5429
"stress granule assembly","E3_06_14",0,1,3.7e-24,-1,0.4185
"protein neddylation","E3_06_14",1,1,3.7e-24,0,1
"regulation of mitochondrial membrane potential","E3_06_14",3,3,3.7e-24,0,1
"neuron death","E3_06_14",13,13,3.7e-24,0,1
"defense response to virus","E3_06_14",8,10,3.7e-24,-0.289506617194985,0.5456
"sulfur compound metabolic process","E3_06_14",5,10,3.7e-24,-0.874469117916141,0.0603
"NADP metabolic process","E3_06_14",1,1,3.7e-24,0,1
"vacuolar acidification","E3_06_14",0,1,3.7e-24,-1,0.4192
"oligosaccharide-lipid intermediate biosynthetic process","E3_06_14",1,1,3.7e-24,0,1
"lysosomal lumen acidification","E3_06_14",0,0,3.7e-24,0,1
"glycosyl compound biosynthetic process","E3_06_14",0,1,3.7e-24,-1,0.4251
"heart valve development","E3_06_14",1,4,3.7e-24,-1.32192809488736,0.067
"water-soluble vitamin metabolic process","E3_06_14",3,2,3.7e-24,0.415037499278844,0.7397
"interferon-beta production","E3_06_14",2,2,3.7e-24,0,1
"regulation of interferon-beta production","E3_06_14",1,2,3.7e-24,-0.584962500721156,0.5277
"branched-chain amino acid metabolic process","E3_06_14",0,1,3.7e-24,-1,0.4205
"regulation of mitochondrial membrane permeability","E3_06_14",5,3,3.7e-24,0.584962500721156,0.3851
"respiratory tube development","E3_06_14",6,6,3.7e-24,0,1
"cellular senescence","E3_06_14",2,3,3.7e-24,-0.415037499278844,0.6003
"positive regulation of neurogenesis","E3_06_14",11,8,3.7e-24,0.415037499278844,0.3676
"mitochondrial outer membrane permeabilization","E3_06_14",2,1,3.7e-24,0.584962500721156,0.672
"immune system development","E3_06_14",6,8,3.7e-24,-0.362570079384708,0.5023
"clathrin-dependent endocytosis","E3_06_14",1,1,3.7e-24,0,1
"positive regulation of viral process","E3_06_14",1,2,3.7e-24,-0.584962500721156,0.5218
"bone development","E3_06_14",5,8,3.7e-24,-0.584962500721156,0.2646
"cell-substrate adhesion","E3_06_14",7,12,3.7e-24,-0.700439718141092,0.0903
"positive regulation of microtubule polymerization","E3_06_14",1,1,3.7e-24,0,1
"pteridine-containing compound metabolic process","E3_06_14",6,1,3.7e-24,1.8073549220576,0.0013
"response to arsenic-containing substance","E3_06_14",1,1,3.7e-24,0,1
"response to insulin","E3_06_14",8,9,3.7e-24,-0.15200309344505,0.7541
"ubiquinone metabolic process","E3_06_14",1,1,3.7e-24,0,1
"cellular response to arsenic-containing substance","E3_06_14",0,1,3.7e-24,-1,0.5312
"inositol phosphate catabolic process","E3_06_14",0,1,3.7e-24,-1,0.4984
"telomerase RNA localization to Cajal body","E3_06_14",1,1,3.7e-24,0,1
"respiratory system development","E3_06_14",5,7,3.7e-24,-0.415037499278844,0.4624
"regulation of generation of precursor metabolites and energy","E3_06_14",5,5,3.7e-24,0,1
"mitochondrial calcium ion homeostasis","E3_06_14",1,1,3.7e-24,0,1
"G0 to G1 transition","E3_06_14",2,1,3.7e-24,0.584962500721156,0.6759
"mitochondrial genome maintenance","E3_06_14",1,1,3.7e-24,0,1
"release of cytochrome c from mitochondria","E3_06_14",0,2,3.7e-24,-1.58496250072116,0.1146
"cortical cytoskeleton organization","E3_06_14",1,2,3.7e-24,-0.584962500721156,0.5625
"response to sterol depletion","E3_06_14",0,1,3.7e-24,-1,0.4967
"regulation of ncRNA transcription","E3_06_14",2,1,3.7e-24,0.584962500721156,0.6417
"mesenchymal cell differentiation","E3_06_14",5,9,3.7e-24,-0.736965594166206,0.1398
"protein-DNA complex subunit organization","E3_06_14",8,9,3.7e-24,-0.15200309344505,0.7438
"response to fluid shear stress","E3_06_14",3,2,3.7e-24,0.415037499278844,0.7413
"collagen fibril organization","E3_06_14",7,3,3.7e-24,1,0.2108
"roof of mouth development","E3_06_14",0,3,3.7e-24,-2,0.0479
"regulation of protein dephosphorylation","E3_06_14",3,4,3.7e-24,-0.321928094887362,0.6441
"multicellular organism growth","E3_06_14",8,5,3.7e-24,0.584962500721156,0.3853
"miRNA processing","E3_06_14",0,2,3.7e-24,-1.58496250072116,0.1593
"small molecule catabolic process","E3_06_14",15,13,3.7e-24,0.192645077942396,0.6768
"regulation of G0 to G1 transition","E3_06_14",4,2,3.7e-24,0.736965594166206,0.2812
"circadian regulation of gene expression","E3_06_14",2,2,3.7e-24,0,1
"regulation of translational fidelity","E3_06_14",1,1,3.7e-24,0,1
"ubiquinone biosynthetic process","E3_06_14",0,0,3.7e-24,0,1
"mitochondrial calcium ion transmembrane transport","E3_06_14",2,1,3.7e-24,0.584962500721156,0.6367
"quinone biosynthetic process","E3_06_14",0,0,3.7e-24,0,1
"viral release from host cell","E3_06_14",0,1,3.7e-24,-1,0.4135
"exit from host cell","E3_06_14",0,1,3.7e-24,-1,0.4206
"positive regulation of GTPase activity","E3_06_14",10,10,3.7e-24,0,1
"regulation of cytokinesis","E3_06_14",2,3,3.7e-24,-0.415037499278844,0.5912
"mitochondrion localization","E3_06_14",2,3,3.7e-24,-0.415037499278844,0.6137
"renal system development","E3_06_14",16,11,3.7e-24,0.502500340529183,0.2289
"regulation of cysteine-type endopeptidase activity involved in apoptotic process","E3_06_14",9,8,3.7e-24,0.15200309344505,0.8651
"regulation of cell-substrate adhesion","E3_06_14",7,9,3.7e-24,-0.321928094887362,0.5191
"centrosome localization","E3_06_14",1,1,3.7e-24,0,1
"microtubule organizing center localization","E3_06_14",1,1,3.7e-24,0,1
"pinocytosis","E3_06_14",0,1,3.7e-24,-1,0.4524
"lamellipodium assembly","E3_06_14",2,2,3.7e-24,0,1
"cellular response to sterol depletion","E3_06_14",0,1,3.7e-24,-1,0.4997
"placenta development","E3_06_14",8,6,3.7e-24,0.362570079384708,0.5483
"rhythmic process","E3_06_14",8,10,3.7e-24,-0.289506617194985,0.5428
"spindle localization","E3_06_14",0,2,3.7e-24,-1.58496250072116,0.079
"carbohydrate derivative catabolic process","E3_06_14",1,6,3.7e-24,-1.8073549220576,0.013
"response to amino acid","E3_06_14",5,4,3.7e-24,0.263034405833794,0.8087
"regulation of intracellular steroid hormone receptor signaling pathway","E3_06_14",0,2,3.7e-24,-1.58496250072116,0.0704
"regulation of neuron death","E3_06_14",10,10,3.7e-24,0,1
"ossification","E3_06_14",19,14,3.7e-24,0.415037499278844,0.2965
"mammary gland epithelial cell proliferation","E3_06_14",2,1,3.7e-24,0.584962500721156,0.6425
"ribosomal subunit export from nucleus","E3_06_14",0,1,3.7e-24,-1,0.4807
"ribosome localization","E3_06_14",0,0,3.7e-24,0,1
"protein transport to vacuole involved in ubiquitin-dependent protein catabolic process via the multivesicular body sorting pathway","E3_06_14",0,1,3.7e-24,-1,0.4371
"seminiferous tubule development","E3_06_14",0,0,3.7e-24,0,1
"cellular response to acid chemical","E3_06_14",3,3,3.7e-24,0,1
"positive regulation of kinase activity","E3_06_14",11,14,3.7e-24,-0.321928094887362,0.4337
"positive regulation by host of viral process","E3_06_14",0,1,3.7e-24,-1,0.4928
"mitochondrion morphogenesis","E3_06_14",0,1,3.7e-24,-1,0.504
"regulation of establishment of cell polarity","E3_06_14",0,1,3.7e-24,-1,0.4301
"cellular lipid catabolic process","E3_06_14",7,8,3.7e-24,-0.169925001442312,0.7391
"neuron apoptotic process","E3_06_14",8,9,3.7e-24,-0.15200309344505,0.7441
"inner cell mass cell proliferation","E3_06_14",1,0,3.7e-24,1,0.4404
"polyamine biosynthetic process","E3_06_14",1,1,3.7e-24,0,1
"folic acid metabolic process","E3_06_14",0,1,3.7e-24,-1,0.4534
"organelle inheritance","E3_06_14",0,1,3.7e-24,-1,0.5059
"polyol metabolic process","E3_06_14",3,4,3.7e-24,-0.321928094887362,0.6448
"regulation of type I interferon-mediated signaling pathway","E3_06_14",5,2,3.7e-24,1,0.1814
"intracellular lipid transport","E3_06_14",1,2,3.7e-24,-0.584962500721156,0.5224
"fat cell differentiation","E3_06_14",13,9,3.7e-24,0.485426827170242,0.3413
"iron ion homeostasis","E3_06_14",2,3,3.7e-24,-0.415037499278844,0.6198
"negative regulation of cell projection organization","E3_06_14",4,7,3.7e-24,-0.678071905112638,0.2354
"dicarboxylic acid metabolic process","E3_06_14",3,3,3.7e-24,0,1
"regulation of anatomical structure size","E3_06_14",9,16,3.7e-24,-0.765534746362977,0.0502
"regulation of small molecule metabolic process","E3_06_14",15,11,3.7e-24,0.415037499278844,0.3754
"pentose-phosphate shunt","E3_06_14",1,1,3.7e-24,0,1
"pericardium development","E3_06_14",1,1,3.7e-24,0,1
"lysosomal protein catabolic process","E3_06_14",2,1,3.7e-24,0.584962500721156,0.631
"carbohydrate derivative transport","E3_06_14",3,3,3.7e-24,0,1
"alcohol biosynthetic process","E3_06_14",6,4,3.7e-24,0.485426827170242,0.4768
"regulation of membrane permeability","E3_06_14",5,3,3.7e-24,0.584962500721156,0.4187
"signal peptide processing","E3_06_14",0,0,3.7e-24,0,1
"UV-damage excision repair","E3_06_14",1,0,3.7e-24,1,0.4778
"biological process involved in interaction with host","E3_06_14",7,7,3.7e-24,0,1
"body morphogenesis","E3_06_14",0,2,3.7e-24,-1.58496250072116,0.142
"extracellular vesicle biogenesis","E3_06_14",2,1,3.7e-24,0.584962500721156,0.6402
"negative regulation of defense response to virus","E3_06_14",0,1,3.7e-24,-1,0.4091
"aminoglycan biosynthetic process","E3_06_14",2,2,3.7e-24,0,1
"sterol biosynthetic process","E3_06_14",4,2,3.7e-24,0.736965594166206,0.3138
"polyamine metabolic process","E3_06_14",2,1,3.7e-24,0.584962500721156,0.6376
"magnesium ion transport","E3_06_14",1,0,3.7e-24,1,0.4685
"lamellipodium morphogenesis","E3_06_14",1,0,3.7e-24,1,0.4455
"positive regulation of neuron migration","E3_06_14",1,1,3.7e-24,0,1
"regulation of glucose metabolic process","E3_06_14",3,3,3.7e-24,0,1
"monosaccharide biosynthetic process","E3_06_14",4,3,3.7e-24,0.321928094887362,0.7876
"response to acid chemical","E3_06_14",3,4,3.7e-24,-0.321928094887362,0.6378
"regulation of carbohydrate metabolic process","E3_06_14",6,6,3.7e-24,0,1
"positive regulation of nervous system development","E3_06_14",7,9,3.7e-24,-0.321928094887362,0.5195
"regulation of circadian rhythm","E3_06_14",1,4,3.7e-24,-1.32192809488736,0.1032
"trabecula morphogenesis","E3_06_14",2,2,3.7e-24,0,1
"pigment accumulation","E3_06_14",0,0,3.7e-24,0,1
"cellular pigment accumulation","E3_06_14",2,0,3.7e-24,1.58496250072116,0.0458
"regulation of pinocytosis","E3_06_14",0,0,3.7e-24,0,1
"regulation of ligase activity","E3_06_14",0,0,3.7e-24,0,1
"smoothened signaling pathway involved in dorsal/ventral neural tube patterning","E3_06_14",0,0,3.7e-24,0,1
"glycosyl compound metabolic process","E3_06_14",2,3,3.7e-24,-0.415037499278844,0.6284
"substantia nigra development","E3_06_14",2,2,3.7e-24,0,1
"negative regulation of GTPase activity","E3_06_14",0,1,3.7e-24,-1,0.4144
"axon extension","E3_06_14",4,4,3.7e-24,0,1
"positive regulation of epithelial to mesenchymal transition","E3_06_14",2,2,3.7e-24,0,1
"one-carbon metabolic process","E3_06_14",3,1,3.7e-24,1,0.4605
"NADPH regeneration","E3_06_14",1,1,3.7e-24,0,1
"cellular response to dsRNA","E3_06_14",0,1,3.7e-24,-1,0.4808
"neuron projection organization","E3_06_14",2,3,3.7e-24,-0.415037499278844,0.621
"postsynapse organization","E3_06_14",2,6,3.7e-24,-1.22239242133645,0.0555
"regulation of ketone biosynthetic process","E3_06_14",0,1,3.7e-24,-1,0.508
"mitochondrion distribution","E3_06_14",1,0,3.7e-24,1,0.3706
"regulation of autophagosome maturation","E3_06_14",1,0,3.7e-24,1,0.412
"magnesium ion transmembrane transport","E3_06_14",3,1,3.7e-24,1,0.4558
"regulation of cell division","E3_06_14",12,6,3.7e-24,0.893084796083488,0.08
"intermembrane lipid transfer","E3_06_14",1,2,3.7e-24,-0.584962500721156,0.5536
"organophosphate ester transport","E3_06_14",1,5,3.7e-24,-1.58496250072116,0.0288
"movement in host","E3_06_14",3,6,3.7e-24,-0.807354922057604,0.1503
"extracellular matrix assembly","E3_06_14",1,1,3.7e-24,0,1
"cellular metabolic compound salvage","E3_06_14",1,1,3.7e-24,0,1
"regulation of ATP-dependent activity","E3_06_14",2,2,3.7e-24,0,1
"cell migration involved in heart development","E3_06_14",1,1,3.7e-24,0,1
"cellular response to fluid shear stress","E3_06_14",1,0,3.7e-24,1,0.4817
"sphingomyelin biosynthetic process","E3_06_14",0,0,3.7e-24,0,1
"ether lipid biosynthetic process","E3_06_14",0,1,3.7e-24,-1,0.5163
"embryonic body morphogenesis","E3_06_14",0,1,3.7e-24,-1,0.4961
"amino sugar biosynthetic process","E3_06_14",0,0,3.7e-24,0,1
"glycerol ether biosynthetic process","E3_06_14",0,0,3.7e-24,0,1
"pigmentation","E3_06_14",1,4,3.7e-24,-1.32192809488736,0.0867
"cellular response to ketone","E3_06_14",2,4,3.7e-24,-0.736965594166206,0.3107
"nonribosomal peptide biosynthetic process","E3_06_14",4,1,3.7e-24,1.32192809488736,0.0351
"glial cell apoptotic process","E3_06_14",2,1,3.7e-24,0.584962500721156,0.6375
"lipoprotein catabolic process","E3_06_14",0,1,3.7e-24,-1,0.5075
"suppression of viral release by host","E3_06_14",0,0,3.7e-24,0,1
"chaperone-mediated autophagy","E3_06_14",0,0,3.7e-24,0,1
"regulation of steroid hormone biosynthetic process","E3_06_14",1,0,3.7e-24,1,0.3622
"synaptic vesicle lumen acidification","E3_06_14",1,1,3.7e-24,0,1
"semaphorin-plexin signaling pathway involved in neuron projection guidance","E3_06_14",0,0,3.7e-24,0,1
"regulation of Golgi organization","E3_06_14",0,1,3.7e-24,-1,0.521
"Schwann cell differentiation","E3_06_14",5,1,3.7e-24,1.58496250072116,0.0156
"neurotrophin signaling pathway","E3_06_14",1,1,3.7e-24,0,1
"regulation of microtubule depolymerization","E3_06_14",0,1,3.7e-24,-1,0.4759
"basement membrane organization","E3_06_14",2,1,3.7e-24,0.584962500721156,0.6412
"establishment or maintenance of epithelial cell apical/basal polarity","E3_06_14",1,2,3.7e-24,-0.584962500721156,0.5332
"face development","E3_06_14",3,2,3.7e-24,0.415037499278844,0.7279
"osteoblast differentiation","E3_06_14",3,9,3.7e-24,-1.32192809488736,0.0195
"appendage development","E3_06_14",3,6,3.7e-24,-0.807354922057604,0.1405
"limb development","E3_06_14",3,6,3.7e-24,-0.807354922057604,0.139
"regulation of ATP metabolic process","E3_06_14",3,2,3.7e-24,0.415037499278844,0.7368
"developmental growth involved in morphogenesis","E3_06_14",6,7,3.7e-24,-0.192645077942396,0.7221
"embryonic organ development","E3_06_14",14,16,3.7e-24,-0.180572245641821,0.6335
"negative regulation of growth","E3_06_14",9,9,3.7e-24,0,1
"microtubule depolymerization","E3_06_14",2,2,3.7e-24,0,1
"heme metabolic process","E3_06_14",2,1,3.7e-24,0.584962500721156,0.6585
"regulation of neuron apoptotic process","E3_06_14",7,8,3.7e-24,-0.169925001442312,0.7411
"plasma membrane tubulation","E3_06_14",1,1,3.7e-24,0,1
"exosomal secretion","E3_06_14",0,0,3.7e-24,0,1
"vasculogenesis","E3_06_14",3,3,3.7e-24,0,1
"toxin transport","E3_06_14",4,2,3.7e-24,0.736965594166206,0.2781
"ncRNA processing","E3_08_16",15,15,3.7e-24,0,1
"ribosome biogenesis","E3_08_16",11,12,3.7e-24,-0.115477217419936,0.7891
"rRNA metabolic process","E3_08_16",8,10,3.7e-24,-0.289506617194985,0.5371
"proteasome-mediated ubiquitin-dependent protein catabolic process","E3_08_16",12,17,3.7e-24,-0.46948528330122,0.197
"regulation of response to DNA damage stimulus","E3_08_16",7,12,3.7e-24,-0.700439718141092,0.1026
"establishment of protein localization to organelle","E3_08_16",14,14,3.7e-24,0,1
"macroautophagy","E3_08_16",18,14,3.7e-24,0.341036917835067,0.3467
"regulation of chromosome organization","E3_08_16",4,9,3.7e-24,-1,0.0558
"Golgi vesicle transport","E3_08_16",7,11,3.7e-24,-0.584962500721156,0.1908
"double-strand break repair","E3_08_16",9,11,3.7e-24,-0.263034405833794,0.5605
"histone modification","E3_08_16",10,16,3.7e-24,-0.628031222613042,0.0839
"sister chromatid segregation","E3_08_16",10,9,3.7e-24,0.137503523749935,0.8671
"DNA replication","E3_08_16",10,10,3.7e-24,0,1
"chromosome segregation","E3_08_16",13,14,3.7e-24,-0.0995356735509144,0.7952
"mitochondrial gene expression","E3_08_16",4,5,3.7e-24,-0.263034405833794,0.6703
"nucleocytoplasmic transport","E3_08_16",5,12,3.7e-24,-1.11547721741994,0.0178
"nuclear transport","E3_08_16",12,11,3.7e-24,0.115477217419936,0.8773
"regulation of DNA repair","E3_08_16",9,7,3.7e-24,0.321928094887362,0.5863
"peptidyl-lysine modification","E3_08_16",22,13,3.7e-24,0.716207033999409,0.0646
"protein targeting","E3_08_16",7,13,3.7e-24,-0.807354922057604,0.0608
"cytoplasmic translation","E3_08_16",7,5,3.7e-24,0.415037499278844,0.5226
"regulation of autophagy","E3_08_16",10,11,3.7e-24,-0.125530882083859,0.7724
"signal transduction in response to DNA damage","E3_08_16",5,6,3.7e-24,-0.222392421336448,0.698
"regulation of intracellular transport","E3_08_16",5,10,3.7e-24,-0.874469117916141,0.059
"protein localization to nucleus","E3_08_16",10,10,3.7e-24,0,1
"microtubule cytoskeleton organization involved in mitosis","E3_08_16",8,6,3.7e-24,0.362570079384708,0.5454
"telomere maintenance","E3_08_16",5,5,3.7e-24,0,1
"cell cycle checkpoint signaling","E3_08_16",6,7,3.7e-24,-0.192645077942396,0.7204
"regulation of protein modification by small protein conjugation or removal","E3_08_16",7,8,3.7e-24,-0.169925001442312,0.7295
"cellular respiration","E3_08_16",11,8,3.7e-24,0.415037499278844,0.3824
"cellular component disassembly","E3_08_16",7,16,3.7e-24,-1.08746284125034,0.0082
"nuclear chromosome segregation","E3_08_16",10,11,3.7e-24,-0.125530882083859,0.7718
"regulation of protein stability","E3_08_16",10,10,3.7e-24,0,1
"regulation of cell cycle phase transition","E3_08_16",15,16,3.7e-24,-0.0874628412503394,0.8062
"regulation of protein catabolic process","E3_08_16",12,13,3.7e-24,-0.106915203916512,0.7802
"response to endoplasmic reticulum stress","E3_08_16",3,9,3.7e-24,-1.32192809488736,0.0191
"vesicle organization","E3_08_16",5,13,3.7e-24,-1.22239242133645,0.0135
"mitochondrial respiratory chain complex assembly","E3_08_16",7,4,3.7e-24,0.678071905112638,0.3623
"DNA-templated transcription elongation","E3_08_16",3,5,3.7e-24,-0.584962500721156,0.3374
"mitochondrial transport","E3_08_16",3,6,3.7e-24,-0.807354922057604,0.1617
"establishment of organelle localization","E3_08_16",18,14,3.7e-24,0.341036917835067,0.3562
"regulation of intracellular protein transport","E3_08_16",11,7,3.7e-24,0.584962500721156,0.2671
"response to UV","E3_08_16",4,5,3.7e-24,-0.263034405833794,0.6738
"RNA localization","E3_08_16",3,7,3.7e-24,-1,0.0676
"response to topologically incorrect protein","E3_08_16",4,6,3.7e-24,-0.485426827170242,0.4464
"organelle fission","E3_08_16",12,15,3.7e-24,-0.299560281858908,0.453
"non-membrane-bounded organelle assembly","E3_08_16",17,13,3.7e-24,0.362570079384708,0.3391
"protein polyubiquitination","E3_08_16",8,9,3.7e-24,-0.15200309344505,0.7515
"methylation","E3_08_16",9,11,3.7e-24,-0.263034405833794,0.5575
"phospholipid biosynthetic process","E3_08_16",9,8,3.7e-24,0.15200309344505,0.8559
"oxidative phosphorylation","E3_08_16",6,5,3.7e-24,0.222392421336448,0.8318
"establishment of protein localization to membrane","E3_08_16",4,9,3.7e-24,-1,0.0548
"in utero embryonic development","E3_08_16",10,13,3.7e-24,-0.347923303420307,0.412
"vacuole organization","E3_08_16",5,6,3.7e-24,-0.222392421336448,0.6935
"nuclear-transcribed mRNA catabolic process","E3_08_16",5,5,3.7e-24,0,1
"protein folding","E3_08_16",9,7,3.7e-24,0.321928094887362,0.5749
"DNA conformation change","E3_08_16",1,3,3.7e-24,-1,0.197
"regulation of chromosome segregation","E3_08_16",4,5,3.7e-24,-0.263034405833794,0.6834
"regulation of apoptotic signaling pathway","E3_08_16",14,11,3.7e-24,0.321928094887362,0.4537
"cell cycle G2/M phase transition","E3_08_16",9,5,3.7e-24,0.736965594166206,0.1954
"vacuolar transport","E3_08_16",3,5,3.7e-24,-0.584962500721156,0.3098
"response to ionizing radiation","E3_08_16",5,5,3.7e-24,0,1
"cellular response to UV","E3_08_16",4,3,3.7e-24,0.321928094887362,0.7715
"regulation of binding","E3_08_16",12,12,3.7e-24,0,1
"nucleic acid transport","E3_08_16",7,6,3.7e-24,0.192645077942396,0.8439
"RNA transport","E3_08_16",3,5,3.7e-24,-0.584962500721156,0.3041
"ribonucleoprotein complex subunit organization","E3_08_16",7,8,3.7e-24,-0.169925001442312,0.7346
"regulation of DNA replication","E3_08_16",2,5,3.7e-24,-1,0.1414
"ribose phosphate metabolic process","E3_08_16",14,15,3.7e-24,-0.0931094043914815,0.7992
"proton motive force-driven ATP synthesis","E3_08_16",1,3,3.7e-24,-1,0.254
"ribonucleotide metabolic process","E3_08_16",13,13,3.7e-24,0,1
"telomere organization","E3_08_16",2,6,3.7e-24,-1.22239242133645,0.0576
"cellular response to topologically incorrect protein","E3_08_16",0,4,3.7e-24,-2.32192809488736,0.0209
"Golgi organization","E3_08_16",4,4,3.7e-24,0,1
"ribonucleoprotein complex assembly","E3_08_16",6,7,3.7e-24,-0.192645077942396,0.7115
"cellular nitrogen compound catabolic process","E3_08_16",9,14,3.7e-24,-0.584962500721156,0.1213
"negative regulation of phosphorus metabolic process","E3_08_16",8,14,3.7e-24,-0.736965594166206,0.0785
"heterocycle catabolic process","E3_08_16",10,15,3.7e-24,-0.540568381362703,0.1412
"mitochondrial membrane organization","E3_08_16",3,4,3.7e-24,-0.321928094887362,0.6552
"regulation of protein-containing complex assembly","E3_08_16",14,13,3.7e-24,0.0995356735509144,0.8897
"positive regulation of cellular component biogenesis","E3_08_16",12,15,3.7e-24,-0.299560281858908,0.4468
"response to oxidative stress","E3_08_16",13,14,3.7e-24,-0.0995356735509144,0.7938
"regulation of supramolecular fiber organization","E3_08_16",8,11,3.7e-24,-0.415037499278844,0.3176
"positive regulation of protein localization","E3_08_16",10,14,3.7e-24,-0.447458976971221,0.2411
"positive regulation of cell projection organization","E3_08_16",7,10,3.7e-24,-0.459431618637297,0.3124
"negative regulation of transferase activity","E3_08_16",6,9,3.7e-24,-0.514573172829758,0.2672
"autophagy of mitochondrion","E3_08_16",3,3,3.7e-24,0,1
"positive regulation of amide metabolic process","E3_08_16",7,5,3.7e-24,0.415037499278844,0.5294
"chromatin remodeling","E3_08_16",5,11,3.7e-24,-1,0.0365
"viral process","E3_08_16",9,14,3.7e-24,-0.584962500721156,0.1495
"macromolecule deacylation","E3_08_16",6,5,3.7e-24,0.222392421336448,0.8248
"mitotic cytokinesis","E3_08_16",5,2,3.7e-24,1,0.1983
"aromatic compound catabolic process","E3_08_16",18,15,3.7e-24,0.247927513443586,0.5202
"vesicle localization","E3_08_16",9,6,3.7e-24,0.514573172829758,0.3048
"establishment or maintenance of cell polarity","E3_08_16",4,7,3.7e-24,-0.678071905112638,0.2105
"Wnt signaling pathway","E3_08_16",13,15,3.7e-24,-0.192645077942396,0.6037
"cell-cell signaling by wnt","E3_08_16",12,13,3.7e-24,-0.106915203916512,0.7882
"ATP metabolic process","E3_08_16",8,7,3.7e-24,0.169925001442312,0.8536
"cellular response to chemical stress","E3_08_16",8,10,3.7e-24,-0.289506617194985,0.5336
"regulation of vacuole organization","E3_08_16",0,2,3.7e-24,-1.58496250072116,0.1425
"cellular response to external stimulus","E3_08_16",9,10,3.7e-24,-0.137503523749935,0.7618
"negative regulation of protein phosphorylation","E3_08_16",9,10,3.7e-24,-0.137503523749935,0.7545
"negative regulation of catabolic process","E3_08_16",9,10,3.7e-24,-0.137503523749935,0.7603
"regulation of microtubule cytoskeleton organization","E3_08_16",2,5,3.7e-24,-1,0.1167
"chromosome localization","E3_08_16",2,3,3.7e-24,-0.415037499278844,0.5958
"negative regulation of mitotic nuclear division","E3_08_16",3,2,3.7e-24,0.415037499278844,0.7251
"regulation of actin filament organization","E3_08_16",8,7,3.7e-24,0.169925001442312,0.8503
"dephosphorylation","E3_08_16",6,10,3.7e-24,-0.652076696579693,0.1585
"glycosylation","E3_08_16",4,9,3.7e-24,-1,0.0674
"positive regulation of establishment of protein localization","E3_08_16",7,11,3.7e-24,-0.584962500721156,0.1823
"regulation of microtubule-based process","E3_08_16",4,7,3.7e-24,-0.678071905112638,0.2179
"cell-substrate junction organization","E3_08_16",1,3,3.7e-24,-1,0.2161
"protein-containing complex localization","E3_08_16",4,5,3.7e-24,-0.263034405833794,0.6826
"mitochondrial transmembrane transport","E3_08_16",2,3,3.7e-24,-0.415037499278844,0.6255
"stem cell population maintenance","E3_08_16",7,6,3.7e-24,0.192645077942396,0.8416
"ribosome assembly","E3_08_16",1,2,3.7e-24,-0.584962500721156,0.5302
"intraciliary transport","E3_08_16",0,2,3.7e-24,-1.58496250072116,0.1259
"Golgi to plasma membrane protein transport","E3_08_16",3,2,3.7e-24,0.415037499278844,0.7264
"response to amino acid starvation","E3_08_16",1,2,3.7e-24,-0.584962500721156,0.5261
"cellular response to extracellular stimulus","E3_08_16",8,9,3.7e-24,-0.15200309344505,0.7449
"cell growth","E3_08_16",14,14,3.7e-24,0,1
"protein glycosylation","E3_08_16",4,7,3.7e-24,-0.678071905112638,0.232
"macromolecule glycosylation","E3_08_16",5,7,3.7e-24,-0.415037499278844,0.4656
"maintenance of cell number","E3_08_16",5,6,3.7e-24,-0.222392421336448,0.7011
"response to reactive oxygen species","E3_08_16",6,6,3.7e-24,0,1
"regulation of cell morphogenesis","E3_08_16",7,8,3.7e-24,-0.169925001442312,0.7394
"regulation of cellular component size","E3_08_16",11,10,3.7e-24,0.125530882083859,0.877
"cell-substrate junction assembly","E3_08_16",3,3,3.7e-24,0,1
"membrane fission","E3_08_16",2,2,3.7e-24,0,1
"membrane docking","E3_08_16",1,2,3.7e-24,-0.584962500721156,0.5295
"fibroblast migration","E3_08_16",0,1,3.7e-24,-1,0.4235
"nucleus organization","E3_08_16",5,4,3.7e-24,0.263034405833794,0.8037
"regulation of cell growth","E3_08_16",11,13,3.7e-24,-0.222392421336448,0.5968
"fibroblast proliferation","E3_08_16",6,3,3.7e-24,0.807354922057604,0.2776
"cell cycle G1/S phase transition","E3_08_16",7,9,3.7e-24,-0.321928094887362,0.5087
"actin filament organization","E3_08_16",12,12,3.7e-24,0,1
"response to oxygen levels","E3_08_16",8,10,3.7e-24,-0.289506617194985,0.5371
"epigenetic regulation of gene expression","E3_08_16",4,5,3.7e-24,-0.263034405833794,0.6718
"organelle fusion","E3_08_16",7,4,3.7e-24,0.678071905112638,0.359
"lipoprotein metabolic process","E3_08_16",8,5,3.7e-24,0.584962500721156,0.4
"protein lipidation","E3_08_16",1,3,3.7e-24,-1,0.2082
"regulation of plasma membrane bounded cell projection assembly","E3_08_16",3,5,3.7e-24,-0.584962500721156,0.3038
"regulation of actin filament-based process","E3_08_16",9,11,3.7e-24,-0.263034405833794,0.5622
"regulation of GTPase activity","E3_08_16",10,9,3.7e-24,0.137503523749935,0.8711
"nuclear envelope organization","E3_08_16",3,2,3.7e-24,0.415037499278844,0.73
"protein autophosphorylation","E3_08_16",4,7,3.7e-24,-0.678071905112638,0.2438
"connective tissue development","E3_08_16",7,8,3.7e-24,-0.169925001442312,0.7261
"cellular response to heat","E3_08_16",0,2,3.7e-24,-1.58496250072116,0.1374
"myeloid cell homeostasis","E3_08_16",6,5,3.7e-24,0.222392421336448,0.8264
"regulation of neuron projection development","E3_08_16",13,13,3.7e-24,0,1
"receptor metabolic process","E3_08_16",4,2,3.7e-24,0.736965594166206,0.3179
"maintenance of protein location in cell","E3_08_16",3,2,3.7e-24,0.415037499278844,0.7382
"apoptotic mitochondrial changes","E3_08_16",3,3,3.7e-24,0,1
"response to transforming growth factor beta","E3_08_16",3,8,3.7e-24,-1.16992500144231,0.0382
"neural tube development","E3_08_16",3,5,3.7e-24,-0.584962500721156,0.3259
"maintenance of protein location","E3_08_16",1,3,3.7e-24,-1,0.2739
"regulation of ubiquitin-protein transferase activity","E3_08_16",4,2,3.7e-24,0.736965594166206,0.2747
"cilium assembly","E3_08_16",5,10,3.7e-24,-0.874469117916141,0.0521
"mRNA export from nucleus","E3_08_16",1,2,3.7e-24,-0.584962500721156,0.5258
"regulation of cell-substrate junction organization","E3_08_16",0,2,3.7e-24,-1.58496250072116,0.1031
"membrane biogenesis","E3_08_16",0,2,3.7e-24,-1.58496250072116,0.1357
"cilium organization","E3_08_16",7,10,3.7e-24,-0.459431618637297,0.2917
"platelet-derived growth factor receptor signaling pathway","E3_08_16",1,2,3.7e-24,-0.584962500721156,0.5644
"iron-sulfur cluster assembly","E3_08_16",1,1,3.7e-24,0,1
"metallo-sulfur cluster assembly","E3_08_16",1,1,3.7e-24,0,1
"centromere complex assembly","E3_08_16",2,1,3.7e-24,0.584962500721156,0.6535
"cellular response to oxygen levels","E3_08_16",3,5,3.7e-24,-0.584962500721156,0.3173
"fatty acid beta-oxidation","E3_08_16",3,3,3.7e-24,0,1
"organelle localization by membrane tethering","E3_08_16",2,3,3.7e-24,-0.415037499278844,0.6299
"autophagosome maturation","E3_08_16",0,1,3.7e-24,-1,0.4107
"cellular response to transforming growth factor beta stimulus","E3_08_16",9,8,3.7e-24,0.15200309344505,0.8607
"nucleotide catabolic process","E3_08_16",3,2,3.7e-24,0.415037499278844,0.7411
"tube closure","E3_08_16",2,3,3.7e-24,-0.415037499278844,0.5968
"regulation of stem cell differentiation","E3_08_16",4,2,3.7e-24,0.736965594166206,0.2963
"substrate adhesion-dependent cell spreading","E3_08_16",3,3,3.7e-24,0,1
"chondrocyte differentiation","E3_08_16",2,4,3.7e-24,-0.736965594166206,0.2967
"regulation of fibroblast proliferation","E3_08_16",1,3,3.7e-24,-1,0.248
"morphogenesis of an epithelial sheet","E3_08_16",5,2,3.7e-24,1,0.1986
"microtubule polymerization","E3_08_16",0,3,3.7e-24,-2,0.06
"response to virus","E3_08_16",5,11,3.7e-24,-1,0.0301
"membrane assembly","E3_08_16",3,2,3.7e-24,0.415037499278844,0.7318
"COPII vesicle coating","E3_08_16",1,1,3.7e-24,0,1
"erythrocyte differentiation","E3_08_16",2,4,3.7e-24,-0.736965594166206,0.2791
"organophosphate catabolic process","E3_08_16",4,5,3.7e-24,-0.263034405833794,0.6736
"regulation of embryonic development","E3_08_16",1,3,3.7e-24,-1,0.2063
"regulation of focal adhesion assembly","E3_08_16",4,3,3.7e-24,0.321928094887362,0.7834
"regulation of cell-substrate junction assembly","E3_08_16",1,2,3.7e-24,-0.584962500721156,0.563
"regulation of extracellular matrix organization","E3_08_16",1,2,3.7e-24,-0.584962500721156,0.5356
"GPI anchor biosynthetic process","E3_08_16",1,1,3.7e-24,0,1
"lamellipodium organization","E3_08_16",3,3,3.7e-24,0,1
"positive regulation of stem cell population maintenance","E3_08_16",1,1,3.7e-24,0,1
"monosaccharide metabolic process","E3_08_16",6,7,3.7e-24,-0.192645077942396,0.7257
"U2-type prespliceosome assembly","E3_08_16",0,1,3.7e-24,-1,0.4237
"heterochromatin formation","E3_08_16",1,3,3.7e-24,-1,0.2228
"peroxisome organization","E3_08_16",1,1,3.7e-24,0,1
"regulation of mitochondrial fission","E3_08_16",1,1,3.7e-24,0,1
"cellular pigmentation","E3_08_16",3,3,3.7e-24,0,1
"regulation of fibroblast migration","E3_08_16",0,1,3.7e-24,-1,0.4478
"cellular carbohydrate metabolic process","E3_08_16",8,8,3.7e-24,0,1
"positive regulation of axonogenesis","E3_08_16",2,3,3.7e-24,-0.415037499278844,0.6243
"kinetochore organization","E3_08_16",0,1,3.7e-24,-1,0.5199
"stem cell differentiation","E3_08_16",5,6,3.7e-24,-0.222392421336448,0.7094
"proton transmembrane transport","E3_08_16",3,4,3.7e-24,-0.321928094887362,0.6375
"cellular response to insulin stimulus","E3_08_16",6,6,3.7e-24,0,1
"establishment of mitotic spindle localization","E3_08_16",1,1,3.7e-24,0,1
"cell redox homeostasis","E3_08_16",0,2,3.7e-24,-1.58496250072116,0.1812
"stress granule assembly","E3_08_16",0,1,3.7e-24,-1,0.4382
"protein neddylation","E3_08_16",0,1,3.7e-24,-1,0.418
"regulation of mitochondrial membrane potential","E3_08_16",2,2,3.7e-24,0,1
"neuron death","E3_08_16",1,10,3.7e-24,-2.4594316186373,2e-04
"defense response to virus","E3_08_16",7,9,3.7e-24,-0.321928094887362,0.5237
"sulfur compound metabolic process","E3_08_16",4,8,3.7e-24,-0.84799690655495,0.0879
"NADP metabolic process","E3_08_16",0,1,3.7e-24,-1,0.4131
"vacuolar acidification","E3_08_16",1,1,3.7e-24,0,1
"oligosaccharide-lipid intermediate biosynthetic process","E3_08_16",1,0,3.7e-24,1,0.4769
"lysosomal lumen acidification","E3_08_16",1,0,3.7e-24,1,0.4558
"glycosyl compound biosynthetic process","E3_08_16",2,1,3.7e-24,0.584962500721156,0.6339
"heart valve development","E3_08_16",0,3,3.7e-24,-2,0.0381
"water-soluble vitamin metabolic process","E3_08_16",2,2,3.7e-24,0,1
"interferon-beta production","E3_08_16",1,1,3.7e-24,0,1
"regulation of interferon-beta production","E3_08_16",3,2,3.7e-24,0.415037499278844,0.7274
"branched-chain amino acid metabolic process","E3_08_16",2,1,3.7e-24,0.584962500721156,0.6351
"regulation of mitochondrial membrane permeability","E3_08_16",3,2,3.7e-24,0.415037499278844,0.7305
"respiratory tube development","E3_08_16",6,5,3.7e-24,0.222392421336448,0.8312
"cellular senescence","E3_08_16",4,2,3.7e-24,0.736965594166206,0.3222
"positive regulation of neurogenesis","E3_08_16",7,6,3.7e-24,0.192645077942396,0.842
"mitochondrial outer membrane permeabilization","E3_08_16",1,1,3.7e-24,0,1
"immune system development","E3_08_16",6,6,3.7e-24,0,1
"clathrin-dependent endocytosis","E3_08_16",1,1,3.7e-24,0,1
"positive regulation of viral process","E3_08_16",0,2,3.7e-24,-1.58496250072116,0.1229
"bone development","E3_08_16",8,6,3.7e-24,0.362570079384708,0.5338
"cell-substrate adhesion","E3_08_16",11,10,3.7e-24,0.125530882083859,0.8696
"positive regulation of microtubule polymerization","E3_08_16",1,1,3.7e-24,0,1
"pteridine-containing compound metabolic process","E3_08_16",2,1,3.7e-24,0.584962500721156,0.636
"response to arsenic-containing substance","E3_08_16",2,1,3.7e-24,0.584962500721156,0.6348
"response to insulin","E3_08_16",9,8,3.7e-24,0.15200309344505,0.863
"ubiquinone metabolic process","E3_08_16",1,0,3.7e-24,1,0.4942
"cellular response to arsenic-containing substance","E3_08_16",0,0,3.7e-24,0,1
"inositol phosphate catabolic process","E3_08_16",2,1,3.7e-24,0.584962500721156,0.644
"telomerase RNA localization to Cajal body","E3_08_16",0,1,3.7e-24,-1,0.5262
"respiratory system development","E3_08_16",1,6,3.7e-24,-1.8073549220576,0.021
"regulation of generation of precursor metabolites and energy","E3_08_16",1,3,3.7e-24,-1,0.1984
"mitochondrial calcium ion homeostasis","E3_08_16",1,1,3.7e-24,0,1
"G0 to G1 transition","E3_08_16",1,1,3.7e-24,0,1
"mitochondrial genome maintenance","E3_08_16",0,1,3.7e-24,-1,0.4523
"release of cytochrome c from mitochondria","E3_08_16",0,2,3.7e-24,-1.58496250072116,0.1892
"cortical cytoskeleton organization","E3_08_16",1,2,3.7e-24,-0.584962500721156,0.5602
"response to sterol depletion","E3_08_16",0,0,3.7e-24,0,1
"regulation of ncRNA transcription","E3_08_16",1,1,3.7e-24,0,1
"mesenchymal cell differentiation","E3_08_16",4,7,3.7e-24,-0.678071905112638,0.2251
"protein-DNA complex subunit organization","E3_08_16",5,7,3.7e-24,-0.415037499278844,0.469
"response to fluid shear stress","E3_08_16",4,2,3.7e-24,0.736965594166206,0.2669
"collagen fibril organization","E3_08_16",3,2,3.7e-24,0.415037499278844,0.7497
"roof of mouth development","E3_08_16",5,2,3.7e-24,1,0.1776
"regulation of protein dephosphorylation","E3_08_16",2,3,3.7e-24,-0.415037499278844,0.5924
"multicellular organism growth","E3_08_16",3,4,3.7e-24,-0.321928094887362,0.6387
"miRNA processing","E3_08_16",3,1,3.7e-24,1,0.4189
"small molecule catabolic process","E3_08_16",10,10,3.7e-24,0,1
"regulation of G0 to G1 transition","E3_08_16",0,1,3.7e-24,-1,0.421
"circadian regulation of gene expression","E3_08_16",0,2,3.7e-24,-1.58496250072116,0.1346
"regulation of translational fidelity","E3_08_16",0,1,3.7e-24,-1,0.5266
"ubiquinone biosynthetic process","E3_08_16",1,0,3.7e-24,1,0.4988
"mitochondrial calcium ion transmembrane transport","E3_08_16",0,1,3.7e-24,-1,0.4984
"quinone biosynthetic process","E3_08_16",0,0,3.7e-24,0,1
"viral release from host cell","E3_08_16",0,1,3.7e-24,-1,0.4589
"exit from host cell","E3_08_16",0,1,3.7e-24,-1,0.4348
"positive regulation of GTPase activity","E3_08_16",10,7,3.7e-24,0.459431618637297,0.3484
"regulation of cytokinesis","E3_08_16",3,3,3.7e-24,0,1
"mitochondrion localization","E3_08_16",2,2,3.7e-24,0,1
"renal system development","E3_08_16",3,9,3.7e-24,-1.32192809488736,0.0191
"regulation of cysteine-type endopeptidase activity involved in apoptotic process","E3_08_16",4,6,3.7e-24,-0.485426827170242,0.4245
"regulation of cell-substrate adhesion","E3_08_16",5,7,3.7e-24,-0.415037499278844,0.4693
"centrosome localization","E3_08_16",0,1,3.7e-24,-1,0.4234
"microtubule organizing center localization","E3_08_16",1,1,3.7e-24,0,1
"pinocytosis","E3_08_16",0,1,3.7e-24,-1,0.4888
"lamellipodium assembly","E3_08_16",0,2,3.7e-24,-1.58496250072116,0.1302
"cellular response to sterol depletion","E3_08_16",0,0,3.7e-24,0,1
"placenta development","E3_08_16",1,4,3.7e-24,-1.32192809488736,0.0634
"rhythmic process","E3_08_16",9,8,3.7e-24,0.15200309344505,0.8632
"spindle localization","E3_08_16",2,2,3.7e-24,0,1
"carbohydrate derivative catabolic process","E3_08_16",5,5,3.7e-24,0,1
"response to amino acid","E3_08_16",3,3,3.7e-24,0,1
"regulation of intracellular steroid hormone receptor signaling pathway","E3_08_16",2,2,3.7e-24,0,1
"regulation of neuron death","E3_08_16",2,9,3.7e-24,-1.73696559416621,0.0076
"ossification","E3_08_16",10,11,3.7e-24,-0.125530882083859,0.7706
"mammary gland epithelial cell proliferation","E3_08_16",3,1,3.7e-24,1,0.4602
"ribosomal subunit export from nucleus","E3_08_16",0,0,3.7e-24,0,1
"ribosome localization","E3_08_16",0,0,3.7e-24,0,1
"protein transport to vacuole involved in ubiquitin-dependent protein catabolic process via the multivesicular body sorting pathway","E3_08_16",1,1,3.7e-24,0,1
"seminiferous tubule development","E3_08_16",0,0,3.7e-24,0,1
"cellular response to acid chemical","E3_08_16",3,3,3.7e-24,0,1
"positive regulation of kinase activity","E3_08_16",8,10,3.7e-24,-0.289506617194985,0.5463
"positive regulation by host of viral process","E3_08_16",0,1,3.7e-24,-1,0.464
"mitochondrion morphogenesis","E3_08_16",0,0,3.7e-24,0,1
"regulation of establishment of cell polarity","E3_08_16",1,1,3.7e-24,0,1
"cellular lipid catabolic process","E3_08_16",7,6,3.7e-24,0.192645077942396,0.8363
"neuron apoptotic process","E3_08_16",6,7,3.7e-24,-0.192645077942396,0.7195
"inner cell mass cell proliferation","E3_08_16",0,0,3.7e-24,0,1
"polyamine biosynthetic process","E3_08_16",2,0,3.7e-24,1.58496250072116,0.13
"folic acid metabolic process","E3_08_16",1,1,3.7e-24,0,1
"organelle inheritance","E3_08_16",0,1,3.7e-24,-1,0.5097
"polyol metabolic process","E3_08_16",1,3,3.7e-24,-1,0.2005
"regulation of type I interferon-mediated signaling pathway","E3_08_16",1,2,3.7e-24,-0.584962500721156,0.5698
"intracellular lipid transport","E3_08_16",3,2,3.7e-24,0.415037499278844,0.7263
"fat cell differentiation","E3_08_16",4,7,3.7e-24,-0.678071905112638,0.2381
"iron ion homeostasis","E3_08_16",1,2,3.7e-24,-0.584962500721156,0.5265
"negative regulation of cell projection organization","E3_08_16",7,6,3.7e-24,0.192645077942396,0.8405
"dicarboxylic acid metabolic process","E3_08_16",2,2,3.7e-24,0,1
"regulation of anatomical structure size","E3_08_16",18,13,3.7e-24,0.440572591385981,0.264
"regulation of small molecule metabolic process","E3_08_16",4,9,3.7e-24,-1,0.0504
"pentose-phosphate shunt","E3_08_16",1,1,3.7e-24,0,1
"pericardium development","E3_08_16",0,0,3.7e-24,0,1
"lysosomal protein catabolic process","E3_08_16",1,0,3.7e-24,1,0.4847
"carbohydrate derivative transport","E3_08_16",2,2,3.7e-24,0,1
"alcohol biosynthetic process","E3_08_16",2,4,3.7e-24,-0.736965594166206,0.3153
"regulation of membrane permeability","E3_08_16",1,3,3.7e-24,-1,0.2554
"signal peptide processing","E3_08_16",0,0,3.7e-24,0,1
"UV-damage excision repair","E3_08_16",1,0,3.7e-24,1,0.333
"biological process involved in interaction with host","E3_08_16",3,6,3.7e-24,-0.807354922057604,0.1661
"body morphogenesis","E3_08_16",1,1,3.7e-24,0,1
"extracellular vesicle biogenesis","E3_08_16",0,1,3.7e-24,-1,0.4879
"negative regulation of defense response to virus","E3_08_16",2,1,3.7e-24,0.584962500721156,0.6337
"aminoglycan biosynthetic process","E3_08_16",1,2,3.7e-24,-0.584962500721156,0.5686
"sterol biosynthetic process","E3_08_16",1,2,3.7e-24,-0.584962500721156,0.5497
"polyamine metabolic process","E3_08_16",1,0,3.7e-24,1,0.477
"magnesium ion transport","E3_08_16",0,1,3.7e-24,-1,0.5208
"lamellipodium morphogenesis","E3_08_16",1,0,3.7e-24,1,0.3429
"positive regulation of neuron migration","E3_08_16",0,0,3.7e-24,0,1
"regulation of glucose metabolic process","E3_08_16",3,3,3.7e-24,0,1
"monosaccharide biosynthetic process","E3_08_16",4,2,3.7e-24,0.736965594166206,0.3492
"response to acid chemical","E3_08_16",2,3,3.7e-24,-0.415037499278844,0.5964
"regulation of carbohydrate metabolic process","E3_08_16",3,5,3.7e-24,-0.584962500721156,0.3265
"positive regulation of nervous system development","E3_08_16",1,8,3.7e-24,-2.16992500144231,0.0033
"regulation of circadian rhythm","E3_08_16",4,3,3.7e-24,0.321928094887362,0.7873
"trabecula morphogenesis","E3_08_16",2,2,3.7e-24,0,1
"pigment accumulation","E3_08_16",0,0,3.7e-24,0,1
"cellular pigment accumulation","E3_08_16",0,0,3.7e-24,0,1
"regulation of pinocytosis","E3_08_16",1,0,3.7e-24,1,0.3944
"regulation of ligase activity","E3_08_16",0,0,3.7e-24,0,1
"smoothened signaling pathway involved in dorsal/ventral neural tube patterning","E3_08_16",0,1,3.7e-24,-1,0.5275
"glycosyl compound metabolic process","E3_08_16",1,2,3.7e-24,-0.584962500721156,0.5407
"substantia nigra development","E3_08_16",1,2,3.7e-24,-0.584962500721156,0.5671
"negative regulation of GTPase activity","E3_08_16",3,1,3.7e-24,1,0.4129
"axon extension","E3_08_16",3,3,3.7e-24,0,1
"positive regulation of epithelial to mesenchymal transition","E3_08_16",2,1,3.7e-24,0.584962500721156,0.6892
"one-carbon metabolic process","E3_08_16",0,0,3.7e-24,0,1
"NADPH regeneration","E3_08_16",0,1,3.7e-24,-1,0.5273
"cellular response to dsRNA","E3_08_16",0,1,3.7e-24,-1,0.5053
"neuron projection organization","E3_08_16",2,2,3.7e-24,0,1
"postsynapse organization","E3_08_16",3,5,3.7e-24,-0.584962500721156,0.3092
"regulation of ketone biosynthetic process","E3_08_16",0,1,3.7e-24,-1,0.531
"mitochondrion distribution","E3_08_16",0,0,3.7e-24,0,1
"regulation of autophagosome maturation","E3_08_16",0,0,3.7e-24,0,1
"magnesium ion transmembrane transport","E3_08_16",1,0,3.7e-24,1,0.4958
"regulation of cell division","E3_08_16",2,5,3.7e-24,-1,0.1399
"intermembrane lipid transfer","E3_08_16",1,1,3.7e-24,0,1
"organophosphate ester transport","E3_08_16",3,4,3.7e-24,-0.321928094887362,0.6407
"movement in host","E3_08_16",5,5,3.7e-24,0,1
"extracellular matrix assembly","E3_08_16",3,1,3.7e-24,1,0.4083
"cellular metabolic compound salvage","E3_08_16",0,1,3.7e-24,-1,0.4269
"regulation of ATP-dependent activity","E3_08_16",2,2,3.7e-24,0,1
"cell migration involved in heart development","E3_08_16",0,0,3.7e-24,0,1
"cellular response to fluid shear stress","E3_08_16",0,0,3.7e-24,0,1
"sphingomyelin biosynthetic process","E3_08_16",0,0,3.7e-24,0,1
"ether lipid biosynthetic process","E3_08_16",0,0,3.7e-24,0,1
"embryonic body morphogenesis","E3_08_16",0,0,3.7e-24,0,1
"amino sugar biosynthetic process","E3_08_16",0,0,3.7e-24,0,1
"glycerol ether biosynthetic process","E3_08_16",0,0,3.7e-24,0,1
"pigmentation","E3_08_16",4,3,3.7e-24,0.321928094887362,0.7729
"cellular response to ketone","E3_08_16",3,3,3.7e-24,0,1
"nonribosomal peptide biosynthetic process","E3_08_16",0,1,3.7e-24,-1,0.5051
"glial cell apoptotic process","E3_08_16",1,1,3.7e-24,0,1
"lipoprotein catabolic process","E3_08_16",0,0,3.7e-24,0,1
"suppression of viral release by host","E3_08_16",1,0,3.7e-24,1,0.4875
"chaperone-mediated autophagy","E3_08_16",1,0,3.7e-24,1,0.2603
"regulation of steroid hormone biosynthetic process","E3_08_16",0,0,3.7e-24,0,1
"synaptic vesicle lumen acidification","E3_08_16",0,0,3.7e-24,0,1
"semaphorin-plexin signaling pathway involved in neuron projection guidance","E3_08_16",0,0,3.7e-24,0,1
"regulation of Golgi organization","E3_08_16",0,0,3.7e-24,0,1
"Schwann cell differentiation","E3_08_16",2,1,3.7e-24,0.584962500721156,0.6354
"neurotrophin signaling pathway","E3_08_16",1,1,3.7e-24,0,1
"regulation of microtubule depolymerization","E3_08_16",0,1,3.7e-24,-1,0.5028
"basement membrane organization","E3_08_16",0,1,3.7e-24,-1,0.466
"establishment or maintenance of epithelial cell apical/basal polarity","E3_08_16",3,2,3.7e-24,0.415037499278844,0.7221
"face development","E3_08_16",0,2,3.7e-24,-1.58496250072116,0.1839
"osteoblast differentiation","E3_08_16",6,7,3.7e-24,-0.192645077942396,0.725
"appendage development","E3_08_16",5,5,3.7e-24,0,1
"limb development","E3_08_16",2,5,3.7e-24,-1,0.1255
"regulation of ATP metabolic process","E3_08_16",0,2,3.7e-24,-1.58496250072116,0.1293
"developmental growth involved in morphogenesis","E3_08_16",3,6,3.7e-24,-0.807354922057604,0.1705
"embryonic organ development","E3_08_16",13,12,3.7e-24,0.106915203916512,0.8877
"negative regulation of growth","E3_08_16",5,7,3.7e-24,-0.415037499278844,0.4665
"microtubule depolymerization","E3_08_16",0,1,3.7e-24,-1,0.4234
"heme metabolic process","E3_08_16",1,1,3.7e-24,0,1
"regulation of neuron apoptotic process","E3_08_16",4,6,3.7e-24,-0.485426827170242,0.4312
"plasma membrane tubulation","E3_08_16",2,0,3.7e-24,1.58496250072116,0.1389
"exosomal secretion","E3_08_16",0,0,3.7e-24,0,1
"vasculogenesis","E3_08_16",3,3,3.7e-24,0,1
"toxin transport","E3_08_16",1,1,3.7e-24,0,1
"ncRNA processing","MMEA9_C1",1,1,3.7e-24,0,1
"ribosome biogenesis","MMEA9_C1",1,1,3.7e-24,0,1
"rRNA metabolic process","MMEA9_C1",0,1,3.7e-24,-1,0.5062
"proteasome-mediated ubiquitin-dependent protein catabolic process","MMEA9_C1",0,1,3.7e-24,-1,0.4159
"regulation of response to DNA damage stimulus","MMEA9_C1",0,1,3.7e-24,-1,0.4748
"establishment of protein localization to organelle","MMEA9_C1",2,1,3.7e-24,0.584962500721156,0.6426
"macroautophagy","MMEA9_C1",0,1,3.7e-24,-1,0.4555
"regulation of chromosome organization","MMEA9_C1",0,1,3.7e-24,-1,0.5271
"Golgi vesicle transport","MMEA9_C1",0,1,3.7e-24,-1,0.4878
"double-strand break repair","MMEA9_C1",0,1,3.7e-24,-1,0.5205
"histone modification","MMEA9_C1",0,1,3.7e-24,-1,0.4249
"sister chromatid segregation","MMEA9_C1",0,1,3.7e-24,-1,0.5245
"DNA replication","MMEA9_C1",0,1,3.7e-24,-1,0.5156
"chromosome segregation","MMEA9_C1",0,1,3.7e-24,-1,0.4291
"mitochondrial gene expression","MMEA9_C1",0,0,3.7e-24,0,1
"nucleocytoplasmic transport","MMEA9_C1",0,1,3.7e-24,-1,0.4752
"nuclear transport","MMEA9_C1",1,1,3.7e-24,0,1
"regulation of DNA repair","MMEA9_C1",0,0,3.7e-24,0,1
"peptidyl-lysine modification","MMEA9_C1",0,1,3.7e-24,-1,0.4484
"protein targeting","MMEA9_C1",1,1,3.7e-24,0,1
"cytoplasmic translation","MMEA9_C1",1,0,3.7e-24,1,0.3636
"regulation of autophagy","MMEA9_C1",0,1,3.7e-24,-1,0.4755
"signal transduction in response to DNA damage","MMEA9_C1",0,0,3.7e-24,0,1
"regulation of intracellular transport","MMEA9_C1",0,1,3.7e-24,-1,0.4869
"protein localization to nucleus","MMEA9_C1",0,0,3.7e-24,0,1
"microtubule cytoskeleton organization involved in mitosis","MMEA9_C1",0,0,3.7e-24,0,1
"telomere maintenance","MMEA9_C1",0,0,3.7e-24,0,1
"cell cycle checkpoint signaling","MMEA9_C1",1,0,3.7e-24,1,0.4343
"regulation of protein modification by small protein conjugation or removal","MMEA9_C1",0,0,3.7e-24,0,1
"cellular respiration","MMEA9_C1",1,0,3.7e-24,1,0.4223
"cellular component disassembly","MMEA9_C1",0,1,3.7e-24,-1,0.4287
"nuclear chromosome segregation","MMEA9_C1",0,1,3.7e-24,-1,0.5008
"regulation of protein stability","MMEA9_C1",0,1,3.7e-24,-1,0.4848
"regulation of cell cycle phase transition","MMEA9_C1",1,1,3.7e-24,0,1
"regulation of protein catabolic process","MMEA9_C1",0,1,3.7e-24,-1,0.4536
"response to endoplasmic reticulum stress","MMEA9_C1",0,0,3.7e-24,0,1
"vesicle organization","MMEA9_C1",0,1,3.7e-24,-1,0.4794
"mitochondrial respiratory chain complex assembly","MMEA9_C1",0,0,3.7e-24,0,1
"DNA-templated transcription elongation","MMEA9_C1",0,0,3.7e-24,0,1
"mitochondrial transport","MMEA9_C1",1,0,3.7e-24,1,0.3684
"establishment of organelle localization","MMEA9_C1",0,1,3.7e-24,-1,0.4289
"regulation of intracellular protein transport","MMEA9_C1",0,0,3.7e-24,0,1
"response to UV","MMEA9_C1",0,0,3.7e-24,0,1
"RNA localization","MMEA9_C1",0,0,3.7e-24,0,1
"response to topologically incorrect protein","MMEA9_C1",0,0,3.7e-24,0,1
"organelle fission","MMEA9_C1",0,1,3.7e-24,-1,0.428
"non-membrane-bounded organelle assembly","MMEA9_C1",1,1,3.7e-24,0,1
"protein polyubiquitination","MMEA9_C1",0,0,3.7e-24,0,1
"methylation","MMEA9_C1",0,1,3.7e-24,-1,0.4791
"phospholipid biosynthetic process","MMEA9_C1",2,0,3.7e-24,1.58496250072116,0.1378
"oxidative phosphorylation","MMEA9_C1",0,0,3.7e-24,0,1
"establishment of protein localization to membrane","MMEA9_C1",0,0,3.7e-24,0,1
"in utero embryonic development","MMEA9_C1",1,1,3.7e-24,0,1
"vacuole organization","MMEA9_C1",1,0,3.7e-24,1,0.4003
"nuclear-transcribed mRNA catabolic process","MMEA9_C1",0,0,3.7e-24,0,1
"protein folding","MMEA9_C1",0,0,3.7e-24,0,1
"DNA conformation change","MMEA9_C1",0,0,3.7e-24,0,1
"regulation of chromosome segregation","MMEA9_C1",0,0,3.7e-24,0,1
"regulation of apoptotic signaling pathway","MMEA9_C1",0,1,3.7e-24,-1,0.4622
"cell cycle G2/M phase transition","MMEA9_C1",0,0,3.7e-24,0,1
"vacuolar transport","MMEA9_C1",1,0,3.7e-24,1,0.3538
"response to ionizing radiation","MMEA9_C1",0,0,3.7e-24,0,1
"cellular response to UV","MMEA9_C1",0,0,3.7e-24,0,1
"regulation of binding","MMEA9_C1",1,1,3.7e-24,0,1
"nucleic acid transport","MMEA9_C1",0,0,3.7e-24,0,1
"RNA transport","MMEA9_C1",2,0,3.7e-24,1.58496250072116,0.0627
"ribonucleoprotein complex subunit organization","MMEA9_C1",0,0,3.7e-24,0,1
"regulation of DNA replication","MMEA9_C1",1,0,3.7e-24,1,0.3163
"ribose phosphate metabolic process","MMEA9_C1",2,1,3.7e-24,0.584962500721156,0.6323
"proton motive force-driven ATP synthesis","MMEA9_C1",0,0,3.7e-24,0,1
"ribonucleotide metabolic process","MMEA9_C1",1,1,3.7e-24,0,1
"telomere organization","MMEA9_C1",0,0,3.7e-24,0,1
"cellular response to topologically incorrect protein","MMEA9_C1",0,0,3.7e-24,0,1
"Golgi organization","MMEA9_C1",0,0,3.7e-24,0,1
"ribonucleoprotein complex assembly","MMEA9_C1",1,0,3.7e-24,1,0.4553
"cellular nitrogen compound catabolic process","MMEA9_C1",1,1,3.7e-24,0,1
"negative regulation of phosphorus metabolic process","MMEA9_C1",0,1,3.7e-24,-1,0.4411
"heterocycle catabolic process","MMEA9_C1",0,1,3.7e-24,-1,0.431
"mitochondrial membrane organization","MMEA9_C1",0,0,3.7e-24,0,1
"regulation of protein-containing complex assembly","MMEA9_C1",1,1,3.7e-24,0,1
"positive regulation of cellular component biogenesis","MMEA9_C1",1,1,3.7e-24,0,1
"response to oxidative stress","MMEA9_C1",0,1,3.7e-24,-1,0.4412
"regulation of supramolecular fiber organization","MMEA9_C1",0,1,3.7e-24,-1,0.4915
"positive regulation of protein localization","MMEA9_C1",1,1,3.7e-24,0,1
"positive regulation of cell projection organization","MMEA9_C1",0,1,3.7e-24,-1,0.5015
"negative regulation of transferase activity","MMEA9_C1",0,0,3.7e-24,0,1
"autophagy of mitochondrion","MMEA9_C1",0,0,3.7e-24,0,1
"positive regulation of amide metabolic process","MMEA9_C1",2,0,3.7e-24,1.58496250072116,0.0616
"chromatin remodeling","MMEA9_C1",1,1,3.7e-24,0,1
"viral process","MMEA9_C1",1,1,3.7e-24,0,1
"macromolecule deacylation","MMEA9_C1",0,0,3.7e-24,0,1
"mitotic cytokinesis","MMEA9_C1",0,0,3.7e-24,0,1
"aromatic compound catabolic process","MMEA9_C1",0,1,3.7e-24,-1,0.4409
"vesicle localization","MMEA9_C1",0,0,3.7e-24,0,1
"establishment or maintenance of cell polarity","MMEA9_C1",0,0,3.7e-24,0,1
"Wnt signaling pathway","MMEA9_C1",0,1,3.7e-24,-1,0.4293
"cell-cell signaling by wnt","MMEA9_C1",2,1,3.7e-24,0.584962500721156,0.626
"ATP metabolic process","MMEA9_C1",1,0,3.7e-24,1,0.3876
"cellular response to chemical stress","MMEA9_C1",0,1,3.7e-24,-1,0.4996
"regulation of vacuole organization","MMEA9_C1",0,0,3.7e-24,0,1
"cellular response to external stimulus","MMEA9_C1",0,1,3.7e-24,-1,0.4917
"negative regulation of protein phosphorylation","MMEA9_C1",1,1,3.7e-24,0,1
"negative regulation of catabolic process","MMEA9_C1",0,1,3.7e-24,-1,0.5155
"regulation of microtubule cytoskeleton organization","MMEA9_C1",1,0,3.7e-24,1,0.3238
"chromosome localization","MMEA9_C1",0,0,3.7e-24,0,1
"negative regulation of mitotic nuclear division","MMEA9_C1",0,0,3.7e-24,0,1
"regulation of actin filament organization","MMEA9_C1",1,0,3.7e-24,1,0.4403
"dephosphorylation","MMEA9_C1",0,1,3.7e-24,-1,0.4845
"glycosylation","MMEA9_C1",0,0,3.7e-24,0,1
"positive regulation of establishment of protein localization","MMEA9_C1",1,1,3.7e-24,0,1
"regulation of microtubule-based process","MMEA9_C1",0,0,3.7e-24,0,1
"cell-substrate junction organization","MMEA9_C1",0,0,3.7e-24,0,1
"protein-containing complex localization","MMEA9_C1",1,0,3.7e-24,1,0.3455
"mitochondrial transmembrane transport","MMEA9_C1",0,0,3.7e-24,0,1
"stem cell population maintenance","MMEA9_C1",1,0,3.7e-24,1,0.3345
"ribosome assembly","MMEA9_C1",0,0,3.7e-24,0,1
"intraciliary transport","MMEA9_C1",0,0,3.7e-24,0,1
"Golgi to plasma membrane protein transport","MMEA9_C1",0,0,3.7e-24,0,1
"response to amino acid starvation","MMEA9_C1",0,0,3.7e-24,0,1
"cellular response to extracellular stimulus","MMEA9_C1",0,0,3.7e-24,0,1
"cell growth","MMEA9_C1",0,1,3.7e-24,-1,0.4451
"protein glycosylation","MMEA9_C1",0,0,3.7e-24,0,1
"macromolecule glycosylation","MMEA9_C1",0,0,3.7e-24,0,1
"maintenance of cell number","MMEA9_C1",0,0,3.7e-24,0,1
"response to reactive oxygen species","MMEA9_C1",0,0,3.7e-24,0,1
"regulation of cell morphogenesis","MMEA9_C1",0,0,3.7e-24,0,1
"regulation of cellular component size","MMEA9_C1",0,1,3.7e-24,-1,0.4801
"cell-substrate junction assembly","MMEA9_C1",0,0,3.7e-24,0,1
"membrane fission","MMEA9_C1",0,0,3.7e-24,0,1
"membrane docking","MMEA9_C1",0,0,3.7e-24,0,1
"fibroblast migration","MMEA9_C1",0,0,3.7e-24,0,1
"nucleus organization","MMEA9_C1",0,0,3.7e-24,0,1
"regulation of cell growth","MMEA9_C1",0,1,3.7e-24,-1,0.4647
"fibroblast proliferation","MMEA9_C1",0,0,3.7e-24,0,1
"cell cycle G1/S phase transition","MMEA9_C1",0,0,3.7e-24,0,1
"actin filament organization","MMEA9_C1",0,1,3.7e-24,-1,0.4616
"response to oxygen levels","MMEA9_C1",0,0,3.7e-24,0,1
"epigenetic regulation of gene expression","MMEA9_C1",0,0,3.7e-24,0,1
"organelle fusion","MMEA9_C1",0,0,3.7e-24,0,1
"lipoprotein metabolic process","MMEA9_C1",0,0,3.7e-24,0,1
"protein lipidation","MMEA9_C1",0,0,3.7e-24,0,1
"regulation of plasma membrane bounded cell projection assembly","MMEA9_C1",0,0,3.7e-24,0,1
"regulation of actin filament-based process","MMEA9_C1",0,0,3.7e-24,0,1
"regulation of GTPase activity","MMEA9_C1",1,1,3.7e-24,0,1
"nuclear envelope organization","MMEA9_C1",0,0,3.7e-24,0,1
"protein autophosphorylation","MMEA9_C1",1,0,3.7e-24,1,0.4056
"connective tissue development","MMEA9_C1",0,0,3.7e-24,0,1
"cellular response to heat","MMEA9_C1",1,0,3.7e-24,1,0.1278
"myeloid cell homeostasis","MMEA9_C1",0,0,3.7e-24,0,1
"regulation of neuron projection development","MMEA9_C1",0,1,3.7e-24,-1,0.4501
"receptor metabolic process","MMEA9_C1",0,0,3.7e-24,0,1
"maintenance of protein location in cell","MMEA9_C1",0,0,3.7e-24,0,1
"apoptotic mitochondrial changes","MMEA9_C1",0,0,3.7e-24,0,1
"response to transforming growth factor beta","MMEA9_C1",0,0,3.7e-24,0,1
"neural tube development","MMEA9_C1",0,0,3.7e-24,0,1
"maintenance of protein location","MMEA9_C1",0,0,3.7e-24,0,1
"regulation of ubiquitin-protein transferase activity","MMEA9_C1",0,0,3.7e-24,0,1
"cilium assembly","MMEA9_C1",0,1,3.7e-24,-1,0.5153
"mRNA export from nucleus","MMEA9_C1",0,0,3.7e-24,0,1
"regulation of cell-substrate junction organization","MMEA9_C1",0,0,3.7e-24,0,1
"membrane biogenesis","MMEA9_C1",0,0,3.7e-24,0,1
"cilium organization","MMEA9_C1",0,1,3.7e-24,-1,0.4977
"platelet-derived growth factor receptor signaling pathway","MMEA9_C1",0,0,3.7e-24,0,1
"iron-sulfur cluster assembly","MMEA9_C1",0,0,3.7e-24,0,1
"metallo-sulfur cluster assembly","MMEA9_C1",0,0,3.7e-24,0,1
"centromere complex assembly","MMEA9_C1",0,0,3.7e-24,0,1
"cellular response to oxygen levels","MMEA9_C1",1,0,3.7e-24,1,0.2965
"fatty acid beta-oxidation","MMEA9_C1",0,0,3.7e-24,0,1
"organelle localization by membrane tethering","MMEA9_C1",0,0,3.7e-24,0,1
"autophagosome maturation","MMEA9_C1",0,0,3.7e-24,0,1
"cellular response to transforming growth factor beta stimulus","MMEA9_C1",0,0,3.7e-24,0,1
"nucleotide catabolic process","MMEA9_C1",1,0,3.7e-24,1,0.1542
"tube closure","MMEA9_C1",0,0,3.7e-24,0,1
"regulation of stem cell differentiation","MMEA9_C1",0,0,3.7e-24,0,1
"substrate adhesion-dependent cell spreading","MMEA9_C1",0,0,3.7e-24,0,1
"chondrocyte differentiation","MMEA9_C1",0,0,3.7e-24,0,1
"regulation of fibroblast proliferation","MMEA9_C1",0,0,3.7e-24,0,1
"morphogenesis of an epithelial sheet","MMEA9_C1",0,0,3.7e-24,0,1
"microtubule polymerization","MMEA9_C1",0,0,3.7e-24,0,1
"response to virus","MMEA9_C1",1,1,3.7e-24,0,1
"membrane assembly","MMEA9_C1",1,0,3.7e-24,1,0.1513
"COPII vesicle coating","MMEA9_C1",0,0,3.7e-24,0,1
"erythrocyte differentiation","MMEA9_C1",0,0,3.7e-24,0,1
"organophosphate catabolic process","MMEA9_C1",0,0,3.7e-24,0,1
"regulation of embryonic development","MMEA9_C1",1,0,3.7e-24,1,0.2133
"regulation of focal adhesion assembly","MMEA9_C1",0,0,3.7e-24,0,1
"regulation of cell-substrate junction assembly","MMEA9_C1",0,0,3.7e-24,0,1
"regulation of extracellular matrix organization","MMEA9_C1",0,0,3.7e-24,0,1
"GPI anchor biosynthetic process","MMEA9_C1",0,0,3.7e-24,0,1
"lamellipodium organization","MMEA9_C1",0,0,3.7e-24,0,1
"positive regulation of stem cell population maintenance","MMEA9_C1",0,0,3.7e-24,0,1
"monosaccharide metabolic process","MMEA9_C1",0,0,3.7e-24,0,1
"U2-type prespliceosome assembly","MMEA9_C1",0,0,3.7e-24,0,1
"heterochromatin formation","MMEA9_C1",0,0,3.7e-24,0,1
"peroxisome organization","MMEA9_C1",0,0,3.7e-24,0,1
"regulation of mitochondrial fission","MMEA9_C1",0,0,3.7e-24,0,1
"cellular pigmentation","MMEA9_C1",0,0,3.7e-24,0,1
"regulation of fibroblast migration","MMEA9_C1",0,0,3.7e-24,0,1
"cellular carbohydrate metabolic process","MMEA9_C1",0,0,3.7e-24,0,1
"positive regulation of axonogenesis","MMEA9_C1",0,0,3.7e-24,0,1
"kinetochore organization","MMEA9_C1",0,0,3.7e-24,0,1
"stem cell differentiation","MMEA9_C1",0,0,3.7e-24,0,1
"proton transmembrane transport","MMEA9_C1",0,0,3.7e-24,0,1
"cellular response to insulin stimulus","MMEA9_C1",1,0,3.7e-24,1,0.3803
"establishment of mitotic spindle localization","MMEA9_C1",0,0,3.7e-24,0,1
"cell redox homeostasis","MMEA9_C1",0,0,3.7e-24,0,1
"stress granule assembly","MMEA9_C1",0,0,3.7e-24,0,1
"protein neddylation","MMEA9_C1",0,0,3.7e-24,0,1
"regulation of mitochondrial membrane potential","MMEA9_C1",0,0,3.7e-24,0,1
"neuron death","MMEA9_C1",0,1,3.7e-24,-1,0.5272
"defense response to virus","MMEA9_C1",1,0,3.7e-24,1,0.4656
"sulfur compound metabolic process","MMEA9_C1",0,0,3.7e-24,0,1
"NADP metabolic process","MMEA9_C1",0,0,3.7e-24,0,1
"vacuolar acidification","MMEA9_C1",0,0,3.7e-24,0,1
"oligosaccharide-lipid intermediate biosynthetic process","MMEA9_C1",0,0,3.7e-24,0,1
"lysosomal lumen acidification","MMEA9_C1",0,0,3.7e-24,0,1
"glycosyl compound biosynthetic process","MMEA9_C1",0,0,3.7e-24,0,1
"heart valve development","MMEA9_C1",0,0,3.7e-24,0,1
"water-soluble vitamin metabolic process","MMEA9_C1",1,0,3.7e-24,1,0.1049
"interferon-beta production","MMEA9_C1",0,0,3.7e-24,0,1
"regulation of interferon-beta production","MMEA9_C1",0,0,3.7e-24,0,1
"branched-chain amino acid metabolic process","MMEA9_C1",0,0,3.7e-24,0,1
"regulation of mitochondrial membrane permeability","MMEA9_C1",0,0,3.7e-24,0,1
"respiratory tube development","MMEA9_C1",1,0,3.7e-24,1,0.3175
"cellular senescence","MMEA9_C1",0,0,3.7e-24,0,1
"positive regulation of neurogenesis","MMEA9_C1",1,0,3.7e-24,1,0.3203
"mitochondrial outer membrane permeabilization","MMEA9_C1",0,0,3.7e-24,0,1
"immune system development","MMEA9_C1",0,0,3.7e-24,0,1
"clathrin-dependent endocytosis","MMEA9_C1",0,0,3.7e-24,0,1
"positive regulation of viral process","MMEA9_C1",0,0,3.7e-24,0,1
"bone development","MMEA9_C1",0,0,3.7e-24,0,1
"cell-substrate adhesion","MMEA9_C1",1,1,3.7e-24,0,1
"positive regulation of microtubule polymerization","MMEA9_C1",0,0,3.7e-24,0,1
"pteridine-containing compound metabolic process","MMEA9_C1",0,0,3.7e-24,0,1
"response to arsenic-containing substance","MMEA9_C1",0,0,3.7e-24,0,1
"response to insulin","MMEA9_C1",1,0,3.7e-24,1,0.4683
"ubiquinone metabolic process","MMEA9_C1",0,0,3.7e-24,0,1
"cellular response to arsenic-containing substance","MMEA9_C1",0,0,3.7e-24,0,1
"inositol phosphate catabolic process","MMEA9_C1",0,0,3.7e-24,0,1
"telomerase RNA localization to Cajal body","MMEA9_C1",0,0,3.7e-24,0,1
"respiratory system development","MMEA9_C1",0,0,3.7e-24,0,1
"regulation of generation of precursor metabolites and energy","MMEA9_C1",0,0,3.7e-24,0,1
"mitochondrial calcium ion homeostasis","MMEA9_C1",0,0,3.7e-24,0,1
"G0 to G1 transition","MMEA9_C1",0,0,3.7e-24,0,1
"mitochondrial genome maintenance","MMEA9_C1",0,0,3.7e-24,0,1
"release of cytochrome c from mitochondria","MMEA9_C1",0,0,3.7e-24,0,1
"cortical cytoskeleton organization","MMEA9_C1",0,0,3.7e-24,0,1
"response to sterol depletion","MMEA9_C1",0,0,3.7e-24,0,1
"regulation of ncRNA transcription","MMEA9_C1",0,0,3.7e-24,0,1
"mesenchymal cell differentiation","MMEA9_C1",0,0,3.7e-24,0,1
"protein-DNA complex subunit organization","MMEA9_C1",0,0,3.7e-24,0,1
"response to fluid shear stress","MMEA9_C1",0,0,3.7e-24,0,1
"collagen fibril organization","MMEA9_C1",0,0,3.7e-24,0,1
"roof of mouth development","MMEA9_C1",0,0,3.7e-24,0,1
"regulation of protein dephosphorylation","MMEA9_C1",0,0,3.7e-24,0,1
"multicellular organism growth","MMEA9_C1",0,0,3.7e-24,0,1
"miRNA processing","MMEA9_C1",0,0,3.7e-24,0,1
"small molecule catabolic process","MMEA9_C1",0,1,3.7e-24,-1,0.4866
"regulation of G0 to G1 transition","MMEA9_C1",0,0,3.7e-24,0,1
"circadian regulation of gene expression","MMEA9_C1",0,0,3.7e-24,0,1
"regulation of translational fidelity","MMEA9_C1",0,0,3.7e-24,0,1
"ubiquinone biosynthetic process","MMEA9_C1",0,0,3.7e-24,0,1
"mitochondrial calcium ion transmembrane transport","MMEA9_C1",0,0,3.7e-24,0,1
"quinone biosynthetic process","MMEA9_C1",0,0,3.7e-24,0,1
"viral release from host cell","MMEA9_C1",0,0,3.7e-24,0,1
"exit from host cell","MMEA9_C1",0,0,3.7e-24,0,1
"positive regulation of GTPase activity","MMEA9_C1",0,0,3.7e-24,0,1
"regulation of cytokinesis","MMEA9_C1",0,0,3.7e-24,0,1
"mitochondrion localization","MMEA9_C1",0,0,3.7e-24,0,1
"renal system development","MMEA9_C1",0,0,3.7e-24,0,1
"regulation of cysteine-type endopeptidase activity involved in apoptotic process","MMEA9_C1",0,0,3.7e-24,0,1
"regulation of cell-substrate adhesion","MMEA9_C1",0,0,3.7e-24,0,1
"centrosome localization","MMEA9_C1",0,0,3.7e-24,0,1
"microtubule organizing center localization","MMEA9_C1",0,0,3.7e-24,0,1
"pinocytosis","MMEA9_C1",0,0,3.7e-24,0,1
"lamellipodium assembly","MMEA9_C1",0,0,3.7e-24,0,1
"cellular response to sterol depletion","MMEA9_C1",0,0,3.7e-24,0,1
"placenta development","MMEA9_C1",1,0,3.7e-24,1,0.3032
"rhythmic process","MMEA9_C1",0,0,3.7e-24,0,1
"spindle localization","MMEA9_C1",0,0,3.7e-24,0,1
"carbohydrate derivative catabolic process","MMEA9_C1",0,0,3.7e-24,0,1
"response to amino acid","MMEA9_C1",1,0,3.7e-24,1,0.2305
"regulation of intracellular steroid hormone receptor signaling pathway","MMEA9_C1",0,0,3.7e-24,0,1
"regulation of neuron death","MMEA9_C1",1,0,3.7e-24,1,0.4833
"ossification","MMEA9_C1",0,1,3.7e-24,-1,0.4731
"mammary gland epithelial cell proliferation","MMEA9_C1",0,0,3.7e-24,0,1
"ribosomal subunit export from nucleus","MMEA9_C1",0,0,3.7e-24,0,1
"ribosome localization","MMEA9_C1",0,0,3.7e-24,0,1
"protein transport to vacuole involved in ubiquitin-dependent protein catabolic process via the multivesicular body sorting pathway","MMEA9_C1",0,0,3.7e-24,0,1
"seminiferous tubule development","MMEA9_C1",0,0,3.7e-24,0,1
"cellular response to acid chemical","MMEA9_C1",0,0,3.7e-24,0,1
"positive regulation of kinase activity","MMEA9_C1",0,1,3.7e-24,-1,0.4827
"positive regulation by host of viral process","MMEA9_C1",0,0,3.7e-24,0,1
"mitochondrion morphogenesis","MMEA9_C1",0,0,3.7e-24,0,1
"regulation of establishment of cell polarity","MMEA9_C1",0,0,3.7e-24,0,1
"cellular lipid catabolic process","MMEA9_C1",0,0,3.7e-24,0,1
"neuron apoptotic process","MMEA9_C1",0,0,3.7e-24,0,1
"inner cell mass cell proliferation","MMEA9_C1",0,0,3.7e-24,0,1
"polyamine biosynthetic process","MMEA9_C1",0,0,3.7e-24,0,1
"folic acid metabolic process","MMEA9_C1",0,0,3.7e-24,0,1
"organelle inheritance","MMEA9_C1",0,0,3.7e-24,0,1
"polyol metabolic process","MMEA9_C1",0,0,3.7e-24,0,1
"regulation of type I interferon-mediated signaling pathway","MMEA9_C1",0,0,3.7e-24,0,1
"intracellular lipid transport","MMEA9_C1",0,0,3.7e-24,0,1
"fat cell differentiation","MMEA9_C1",0,0,3.7e-24,0,1
"iron ion homeostasis","MMEA9_C1",0,0,3.7e-24,0,1
"negative regulation of cell projection organization","MMEA9_C1",0,0,3.7e-24,0,1
"dicarboxylic acid metabolic process","MMEA9_C1",0,0,3.7e-24,0,1
"regulation of anatomical structure size","MMEA9_C1",1,1,3.7e-24,0,1
"regulation of small molecule metabolic process","MMEA9_C1",0,1,3.7e-24,-1,0.5187
"pentose-phosphate shunt","MMEA9_C1",0,0,3.7e-24,0,1
"pericardium development","MMEA9_C1",0,0,3.7e-24,0,1
"lysosomal protein catabolic process","MMEA9_C1",0,0,3.7e-24,0,1
"carbohydrate derivative transport","MMEA9_C1",0,0,3.7e-24,0,1
"alcohol biosynthetic process","MMEA9_C1",0,0,3.7e-24,0,1
"regulation of membrane permeability","MMEA9_C1",0,0,3.7e-24,0,1
"signal peptide processing","MMEA9_C1",0,0,3.7e-24,0,1
"UV-damage excision repair","MMEA9_C1",0,0,3.7e-24,0,1
"biological process involved in interaction with host","MMEA9_C1",0,0,3.7e-24,0,1
"body morphogenesis","MMEA9_C1",0,0,3.7e-24,0,1
"extracellular vesicle biogenesis","MMEA9_C1",0,0,3.7e-24,0,1
"negative regulation of defense response to virus","MMEA9_C1",1,0,3.7e-24,1,0.0699
"aminoglycan biosynthetic process","MMEA9_C1",0,0,3.7e-24,0,1
"sterol biosynthetic process","MMEA9_C1",0,0,3.7e-24,0,1
"polyamine metabolic process","MMEA9_C1",0,0,3.7e-24,0,1
"magnesium ion transport","MMEA9_C1",0,0,3.7e-24,0,1
"lamellipodium morphogenesis","MMEA9_C1",0,0,3.7e-24,0,1
"positive regulation of neuron migration","MMEA9_C1",0,0,3.7e-24,0,1
"regulation of glucose metabolic process","MMEA9_C1",0,0,3.7e-24,0,1
"monosaccharide biosynthetic process","MMEA9_C1",0,0,3.7e-24,0,1
"response to acid chemical","MMEA9_C1",0,0,3.7e-24,0,1
"regulation of carbohydrate metabolic process","MMEA9_C1",0,0,3.7e-24,0,1
"positive regulation of nervous system development","MMEA9_C1",0,0,3.7e-24,0,1
"regulation of circadian rhythm","MMEA9_C1",0,0,3.7e-24,0,1
"trabecula morphogenesis","MMEA9_C1",0,0,3.7e-24,0,1
"pigment accumulation","MMEA9_C1",0,0,3.7e-24,0,1
"cellular pigment accumulation","MMEA9_C1",0,0,3.7e-24,0,1
"regulation of pinocytosis","MMEA9_C1",0,0,3.7e-24,0,1
"regulation of ligase activity","MMEA9_C1",0,0,3.7e-24,0,1
"smoothened signaling pathway involved in dorsal/ventral neural tube patterning","MMEA9_C1",0,0,3.7e-24,0,1
"glycosyl compound metabolic process","MMEA9_C1",0,0,3.7e-24,0,1
"substantia nigra development","MMEA9_C1",0,0,3.7e-24,0,1
"negative regulation of GTPase activity","MMEA9_C1",1,0,3.7e-24,1,0.0939
"axon extension","MMEA9_C1",0,0,3.7e-24,0,1
"positive regulation of epithelial to mesenchymal transition","MMEA9_C1",1,0,3.7e-24,1,0.0989
"one-carbon metabolic process","MMEA9_C1",0,0,3.7e-24,0,1
"NADPH regeneration","MMEA9_C1",0,0,3.7e-24,0,1
"cellular response to dsRNA","MMEA9_C1",0,0,3.7e-24,0,1
"neuron projection organization","MMEA9_C1",0,0,3.7e-24,0,1
"postsynapse organization","MMEA9_C1",0,0,3.7e-24,0,1
"regulation of ketone biosynthetic process","MMEA9_C1",0,0,3.7e-24,0,1
"mitochondrion distribution","MMEA9_C1",0,0,3.7e-24,0,1
"regulation of autophagosome maturation","MMEA9_C1",0,0,3.7e-24,0,1
"magnesium ion transmembrane transport","MMEA9_C1",0,0,3.7e-24,0,1
"regulation of cell division","MMEA9_C1",0,0,3.7e-24,0,1
"intermembrane lipid transfer","MMEA9_C1",0,0,3.7e-24,0,1
"organophosphate ester transport","MMEA9_C1",0,0,3.7e-24,0,1
"movement in host","MMEA9_C1",0,0,3.7e-24,0,1
"extracellular matrix assembly","MMEA9_C1",0,0,3.7e-24,0,1
"cellular metabolic compound salvage","MMEA9_C1",0,0,3.7e-24,0,1
"regulation of ATP-dependent activity","MMEA9_C1",0,0,3.7e-24,0,1
"cell migration involved in heart development","MMEA9_C1",0,0,3.7e-24,0,1
"cellular response to fluid shear stress","MMEA9_C1",0,0,3.7e-24,0,1
"sphingomyelin biosynthetic process","MMEA9_C1",0,0,3.7e-24,0,1
"ether lipid biosynthetic process","MMEA9_C1",0,0,3.7e-24,0,1
"embryonic body morphogenesis","MMEA9_C1",0,0,3.7e-24,0,1
"amino sugar biosynthetic process","MMEA9_C1",0,0,3.7e-24,0,1
"glycerol ether biosynthetic process","MMEA9_C1",0,0,3.7e-24,0,1
"pigmentation","MMEA9_C1",0,0,3.7e-24,0,1
"cellular response to ketone","MMEA9_C1",0,0,3.7e-24,0,1
"nonribosomal peptide biosynthetic process","MMEA9_C1",0,0,3.7e-24,0,1
"glial cell apoptotic process","MMEA9_C1",0,0,3.7e-24,0,1
"lipoprotein catabolic process","MMEA9_C1",0,0,3.7e-24,0,1
"suppression of viral release by host","MMEA9_C1",0,0,3.7e-24,0,1
"chaperone-mediated autophagy","MMEA9_C1",0,0,3.7e-24,0,1
"regulation of steroid hormone biosynthetic process","MMEA9_C1",0,0,3.7e-24,0,1
"synaptic vesicle lumen acidification","MMEA9_C1",0,0,3.7e-24,0,1
"semaphorin-plexin signaling pathway involved in neuron projection guidance","MMEA9_C1",0,0,3.7e-24,0,1
"regulation of Golgi organization","MMEA9_C1",0,0,3.7e-24,0,1
"Schwann cell differentiation","MMEA9_C1",0,0,3.7e-24,0,1
"neurotrophin signaling pathway","MMEA9_C1",0,0,3.7e-24,0,1
"regulation of microtubule depolymerization","MMEA9_C1",0,0,3.7e-24,0,1
"basement membrane organization","MMEA9_C1",1,0,3.7e-24,1,0.0775
"establishment or maintenance of epithelial cell apical/basal polarity","MMEA9_C1",0,0,3.7e-24,0,1
"face development","MMEA9_C1",0,0,3.7e-24,0,1
"osteoblast differentiation","MMEA9_C1",0,0,3.7e-24,0,1
"appendage development","MMEA9_C1",0,0,3.7e-24,0,1
"limb development","MMEA9_C1",1,0,3.7e-24,1,0.3301
"regulation of ATP metabolic process","MMEA9_C1",0,0,3.7e-24,0,1
"developmental growth involved in morphogenesis","MMEA9_C1",0,0,3.7e-24,0,1
"embryonic organ development","MMEA9_C1",2,1,3.7e-24,0.584962500721156,0.6322
"negative regulation of growth","MMEA9_C1",1,0,3.7e-24,1,0.4105
"microtubule depolymerization","MMEA9_C1",0,0,3.7e-24,0,1
"heme metabolic process","MMEA9_C1",0,0,3.7e-24,0,1
"regulation of neuron apoptotic process","MMEA9_C1",1,0,3.7e-24,1,0.3745
"plasma membrane tubulation","MMEA9_C1",0,0,3.7e-24,0,1
"exosomal secretion","MMEA9_C1",0,0,3.7e-24,0,1
"vasculogenesis","MMEA9_C1",0,0,3.7e-24,0,1
"toxin transport","MMEA9_C1",0,0,3.7e-24,0,1
"ncRNA processing","MMEA9_C2",2,1,3.7e-24,0.584962500721156,0.6296
"ribosome biogenesis","MMEA9_C2",1,0,3.7e-24,1,0.4965
"rRNA metabolic process","MMEA9_C2",0,0,3.7e-24,0,1
"proteasome-mediated ubiquitin-dependent protein catabolic process","MMEA9_C2",2,1,3.7e-24,0.584962500721156,0.6302
"regulation of response to DNA damage stimulus","MMEA9_C2",1,0,3.7e-24,1,0.4907
"establishment of protein localization to organelle","MMEA9_C2",1,1,3.7e-24,0,1
"macroautophagy","MMEA9_C2",0,1,3.7e-24,-1,0.4858
"regulation of chromosome organization","MMEA9_C2",1,0,3.7e-24,1,0.405
"Golgi vesicle transport","MMEA9_C2",0,0,3.7e-24,0,1
"double-strand break repair","MMEA9_C2",0,0,3.7e-24,0,1
"histone modification","MMEA9_C2",1,1,3.7e-24,0,1
"sister chromatid segregation","MMEA9_C2",0,0,3.7e-24,0,1
"DNA replication","MMEA9_C2",0,0,3.7e-24,0,1
"chromosome segregation","MMEA9_C2",1,1,3.7e-24,0,1
"mitochondrial gene expression","MMEA9_C2",0,0,3.7e-24,0,1
"nucleocytoplasmic transport","MMEA9_C2",1,0,3.7e-24,1,0.4833
"nuclear transport","MMEA9_C2",1,0,3.7e-24,1,0.4749
"regulation of DNA repair","MMEA9_C2",0,0,3.7e-24,0,1
"peptidyl-lysine modification","MMEA9_C2",0,1,3.7e-24,-1,0.5042
"protein targeting","MMEA9_C2",0,0,3.7e-24,0,1
"cytoplasmic translation","MMEA9_C2",0,0,3.7e-24,0,1
"regulation of autophagy","MMEA9_C2",1,1,3.7e-24,0,1
"signal transduction in response to DNA damage","MMEA9_C2",0,0,3.7e-24,0,1
"regulation of intracellular transport","MMEA9_C2",0,1,3.7e-24,-1,0.5248
"protein localization to nucleus","MMEA9_C2",0,0,3.7e-24,0,1
"microtubule cytoskeleton organization involved in mitosis","MMEA9_C2",0,0,3.7e-24,0,1
"telomere maintenance","MMEA9_C2",0,0,3.7e-24,0,1
"cell cycle checkpoint signaling","MMEA9_C2",0,0,3.7e-24,0,1
"regulation of protein modification by small protein conjugation or removal","MMEA9_C2",0,0,3.7e-24,0,1
"cellular respiration","MMEA9_C2",0,0,3.7e-24,0,1
"cellular component disassembly","MMEA9_C2",0,1,3.7e-24,-1,0.4648
"nuclear chromosome segregation","MMEA9_C2",2,0,3.7e-24,1.58496250072116,0.1436
"regulation of protein stability","MMEA9_C2",0,0,3.7e-24,0,1
"regulation of cell cycle phase transition","MMEA9_C2",0,1,3.7e-24,-1,0.4604
"regulation of protein catabolic process","MMEA9_C2",1,1,3.7e-24,0,1
"response to endoplasmic reticulum stress","MMEA9_C2",0,0,3.7e-24,0,1
"vesicle organization","MMEA9_C2",1,1,3.7e-24,0,1
"mitochondrial respiratory chain complex assembly","MMEA9_C2",0,0,3.7e-24,0,1
"DNA-templated transcription elongation","MMEA9_C2",1,0,3.7e-24,1,0.24
"mitochondrial transport","MMEA9_C2",0,0,3.7e-24,0,1
"establishment of organelle localization","MMEA9_C2",1,1,3.7e-24,0,1
"regulation of intracellular protein transport","MMEA9_C2",0,0,3.7e-24,0,1
"response to UV","MMEA9_C2",0,0,3.7e-24,0,1
"RNA localization","MMEA9_C2",0,0,3.7e-24,0,1
"response to topologically incorrect protein","MMEA9_C2",0,0,3.7e-24,0,1
"organelle fission","MMEA9_C2",0,1,3.7e-24,-1,0.4535
"non-membrane-bounded organelle assembly","MMEA9_C2",0,1,3.7e-24,-1,0.481
"protein polyubiquitination","MMEA9_C2",0,0,3.7e-24,0,1
"methylation","MMEA9_C2",0,1,3.7e-24,-1,0.5261
"phospholipid biosynthetic process","MMEA9_C2",0,0,3.7e-24,0,1
"oxidative phosphorylation","MMEA9_C2",0,0,3.7e-24,0,1
"establishment of protein localization to membrane","MMEA9_C2",0,0,3.7e-24,0,1
"in utero embryonic development","MMEA9_C2",0,1,3.7e-24,-1,0.5064
"vacuole organization","MMEA9_C2",0,0,3.7e-24,0,1
"nuclear-transcribed mRNA catabolic process","MMEA9_C2",0,0,3.7e-24,0,1
"protein folding","MMEA9_C2",0,0,3.7e-24,0,1
"DNA conformation change","MMEA9_C2",0,0,3.7e-24,0,1
"regulation of chromosome segregation","MMEA9_C2",0,0,3.7e-24,0,1
"regulation of apoptotic signaling pathway","MMEA9_C2",0,1,3.7e-24,-1,0.5265
"cell cycle G2/M phase transition","MMEA9_C2",1,0,3.7e-24,1,0.2595
"vacuolar transport","MMEA9_C2",0,0,3.7e-24,0,1
"response to ionizing radiation","MMEA9_C2",0,0,3.7e-24,0,1
"cellular response to UV","MMEA9_C2",0,0,3.7e-24,0,1
"regulation of binding","MMEA9_C2",1,0,3.7e-24,1,0.474
"nucleic acid transport","MMEA9_C2",0,0,3.7e-24,0,1
"RNA transport","MMEA9_C2",0,0,3.7e-24,0,1
"ribonucleoprotein complex subunit organization","MMEA9_C2",1,0,3.7e-24,1,0.3574
"regulation of DNA replication","MMEA9_C2",1,0,3.7e-24,1,0.2498
"ribose phosphate metabolic process","MMEA9_C2",0,1,3.7e-24,-1,0.4675
"proton motive force-driven ATP synthesis","MMEA9_C2",0,0,3.7e-24,0,1
"ribonucleotide metabolic process","MMEA9_C2",0,1,3.7e-24,-1,0.5161
"telomere organization","MMEA9_C2",0,0,3.7e-24,0,1
"cellular response to topologically incorrect protein","MMEA9_C2",0,0,3.7e-24,0,1
"Golgi organization","MMEA9_C2",0,0,3.7e-24,0,1
"ribonucleoprotein complex assembly","MMEA9_C2",1,0,3.7e-24,1,0.3761
"cellular nitrogen compound catabolic process","MMEA9_C2",0,1,3.7e-24,-1,0.4655
"negative regulation of phosphorus metabolic process","MMEA9_C2",1,1,3.7e-24,0,1
"heterocycle catabolic process","MMEA9_C2",0,1,3.7e-24,-1,0.4747
"mitochondrial membrane organization","MMEA9_C2",0,0,3.7e-24,0,1
"regulation of protein-containing complex assembly","MMEA9_C2",0,1,3.7e-24,-1,0.5205
"positive regulation of cellular component biogenesis","MMEA9_C2",0,1,3.7e-24,-1,0.4832
"response to oxidative stress","MMEA9_C2",1,1,3.7e-24,0,1
"regulation of supramolecular fiber organization","MMEA9_C2",0,0,3.7e-24,0,1
"positive regulation of protein localization","MMEA9_C2",0,1,3.7e-24,-1,0.5041
"positive regulation of cell projection organization","MMEA9_C2",0,0,3.7e-24,0,1
"negative regulation of transferase activity","MMEA9_C2",1,0,3.7e-24,1,0.4228
"autophagy of mitochondrion","MMEA9_C2",0,0,3.7e-24,0,1
"positive regulation of amide metabolic process","MMEA9_C2",0,0,3.7e-24,0,1
"chromatin remodeling","MMEA9_C2",1,0,3.7e-24,1,0.4611
"viral process","MMEA9_C2",0,1,3.7e-24,-1,0.4865
"macromolecule deacylation","MMEA9_C2",0,0,3.7e-24,0,1
"mitotic cytokinesis","MMEA9_C2",0,0,3.7e-24,0,1
"aromatic compound catabolic process","MMEA9_C2",1,1,3.7e-24,0,1
"vesicle localization","MMEA9_C2",0,0,3.7e-24,0,1
"establishment or maintenance of cell polarity","MMEA9_C2",1,0,3.7e-24,1,0.3368
"Wnt signaling pathway","MMEA9_C2",1,1,3.7e-24,0,1
"cell-cell signaling by wnt","MMEA9_C2",0,1,3.7e-24,-1,0.5271
"ATP metabolic process","MMEA9_C2",0,0,3.7e-24,0,1
"cellular response to chemical stress","MMEA9_C2",1,0,3.7e-24,1,0.4334
"regulation of vacuole organization","MMEA9_C2",0,0,3.7e-24,0,1
"cellular response to external stimulus","MMEA9_C2",0,0,3.7e-24,0,1
"negative regulation of protein phosphorylation","MMEA9_C2",0,0,3.7e-24,0,1
"negative regulation of catabolic process","MMEA9_C2",0,0,3.7e-24,0,1
"regulation of microtubule cytoskeleton organization","MMEA9_C2",0,0,3.7e-24,0,1
"chromosome localization","MMEA9_C2",0,0,3.7e-24,0,1
"negative regulation of mitotic nuclear division","MMEA9_C2",0,0,3.7e-24,0,1
"regulation of actin filament organization","MMEA9_C2",2,0,3.7e-24,1.58496250072116,0.0743
"dephosphorylation","MMEA9_C2",0,0,3.7e-24,0,1
"glycosylation","MMEA9_C2",1,0,3.7e-24,1,0.408
"positive regulation of establishment of protein localization","MMEA9_C2",0,0,3.7e-24,0,1
"regulation of microtubule-based process","MMEA9_C2",0,0,3.7e-24,0,1
"cell-substrate junction organization","MMEA9_C2",0,0,3.7e-24,0,1
"protein-containing complex localization","MMEA9_C2",0,0,3.7e-24,0,1
"mitochondrial transmembrane transport","MMEA9_C2",0,0,3.7e-24,0,1
"stem cell population maintenance","MMEA9_C2",1,0,3.7e-24,1,0.2727
"ribosome assembly","MMEA9_C2",0,0,3.7e-24,0,1
"intraciliary transport","MMEA9_C2",0,0,3.7e-24,0,1
"Golgi to plasma membrane protein transport","MMEA9_C2",0,0,3.7e-24,0,1
"response to amino acid starvation","MMEA9_C2",0,0,3.7e-24,0,1
"cellular response to extracellular stimulus","MMEA9_C2",0,0,3.7e-24,0,1
"cell growth","MMEA9_C2",0,1,3.7e-24,-1,0.5001
"protein glycosylation","MMEA9_C2",0,0,3.7e-24,0,1
"macromolecule glycosylation","MMEA9_C2",0,0,3.7e-24,0,1
"maintenance of cell number","MMEA9_C2",1,0,3.7e-24,1,0.32
"response to reactive oxygen species","MMEA9_C2",2,0,3.7e-24,1.58496250072116,0.0579
"regulation of cell morphogenesis","MMEA9_C2",0,0,3.7e-24,0,1
"regulation of cellular component size","MMEA9_C2",0,0,3.7e-24,0,1
"cell-substrate junction assembly","MMEA9_C2",0,0,3.7e-24,0,1
"membrane fission","MMEA9_C2",0,0,3.7e-24,0,1
"membrane docking","MMEA9_C2",1,0,3.7e-24,1,0.1346
"fibroblast migration","MMEA9_C2",0,0,3.7e-24,0,1
"nucleus organization","MMEA9_C2",0,0,3.7e-24,0,1
"regulation of cell growth","MMEA9_C2",1,1,3.7e-24,0,1
"fibroblast proliferation","MMEA9_C2",0,0,3.7e-24,0,1
"cell cycle G1/S phase transition","MMEA9_C2",0,0,3.7e-24,0,1
"actin filament organization","MMEA9_C2",0,1,3.7e-24,-1,0.5239
"response to oxygen levels","MMEA9_C2",0,0,3.7e-24,0,1
"epigenetic regulation of gene expression","MMEA9_C2",0,0,3.7e-24,0,1
"organelle fusion","MMEA9_C2",1,0,3.7e-24,1,0.2201
"lipoprotein metabolic process","MMEA9_C2",0,0,3.7e-24,0,1
"protein lipidation","MMEA9_C2",0,0,3.7e-24,0,1
"regulation of plasma membrane bounded cell projection assembly","MMEA9_C2",0,0,3.7e-24,0,1
"regulation of actin filament-based process","MMEA9_C2",0,0,3.7e-24,0,1
"regulation of GTPase activity","MMEA9_C2",0,0,3.7e-24,0,1
"nuclear envelope organization","MMEA9_C2",0,0,3.7e-24,0,1
"protein autophosphorylation","MMEA9_C2",1,0,3.7e-24,1,0.3326
"connective tissue development","MMEA9_C2",0,0,3.7e-24,0,1
"cellular response to heat","MMEA9_C2",0,0,3.7e-24,0,1
"myeloid cell homeostasis","MMEA9_C2",0,0,3.7e-24,0,1
"regulation of neuron projection development","MMEA9_C2",2,1,3.7e-24,0.584962500721156,0.6431
"receptor metabolic process","MMEA9_C2",0,0,3.7e-24,0,1
"maintenance of protein location in cell","MMEA9_C2",1,0,3.7e-24,1,0.114
"apoptotic mitochondrial changes","MMEA9_C2",0,0,3.7e-24,0,1
"response to transforming growth factor beta","MMEA9_C2",0,0,3.7e-24,0,1
"neural tube development","MMEA9_C2",0,0,3.7e-24,0,1
"maintenance of protein location","MMEA9_C2",0,0,3.7e-24,0,1
"regulation of ubiquitin-protein transferase activity","MMEA9_C2",0,0,3.7e-24,0,1
"cilium assembly","MMEA9_C2",2,0,3.7e-24,1.58496250072116,0.1226
"mRNA export from nucleus","MMEA9_C2",0,0,3.7e-24,0,1
"regulation of cell-substrate junction organization","MMEA9_C2",0,0,3.7e-24,0,1
"membrane biogenesis","MMEA9_C2",0,0,3.7e-24,0,1
"cilium organization","MMEA9_C2",0,0,3.7e-24,0,1
"platelet-derived growth factor receptor signaling pathway","MMEA9_C2",0,0,3.7e-24,0,1
"iron-sulfur cluster assembly","MMEA9_C2",0,0,3.7e-24,0,1
"metallo-sulfur cluster assembly","MMEA9_C2",0,0,3.7e-24,0,1
"centromere complex assembly","MMEA9_C2",0,0,3.7e-24,0,1
"cellular response to oxygen levels","MMEA9_C2",0,0,3.7e-24,0,1
"fatty acid beta-oxidation","MMEA9_C2",0,0,3.7e-24,0,1
"organelle localization by membrane tethering","MMEA9_C2",0,0,3.7e-24,0,1
"autophagosome maturation","MMEA9_C2",0,0,3.7e-24,0,1
"cellular response to transforming growth factor beta stimulus","MMEA9_C2",0,0,3.7e-24,0,1
"nucleotide catabolic process","MMEA9_C2",1,0,3.7e-24,1,0.1316
"tube closure","MMEA9_C2",1,0,3.7e-24,1,0.1794
"regulation of stem cell differentiation","MMEA9_C2",0,0,3.7e-24,0,1
"substrate adhesion-dependent cell spreading","MMEA9_C2",0,0,3.7e-24,0,1
"chondrocyte differentiation","MMEA9_C2",0,0,3.7e-24,0,1
"regulation of fibroblast proliferation","MMEA9_C2",0,0,3.7e-24,0,1
"morphogenesis of an epithelial sheet","MMEA9_C2",0,0,3.7e-24,0,1
"microtubule polymerization","MMEA9_C2",0,0,3.7e-24,0,1
"response to virus","MMEA9_C2",0,1,3.7e-24,-1,0.5227
"membrane assembly","MMEA9_C2",0,0,3.7e-24,0,1
"COPII vesicle coating","MMEA9_C2",0,0,3.7e-24,0,1
"erythrocyte differentiation","MMEA9_C2",0,0,3.7e-24,0,1
"organophosphate catabolic process","MMEA9_C2",0,0,3.7e-24,0,1
"regulation of embryonic development","MMEA9_C2",0,0,3.7e-24,0,1
"regulation of focal adhesion assembly","MMEA9_C2",0,0,3.7e-24,0,1
"regulation of cell-substrate junction assembly","MMEA9_C2",0,0,3.7e-24,0,1
"regulation of extracellular matrix organization","MMEA9_C2",0,0,3.7e-24,0,1
"GPI anchor biosynthetic process","MMEA9_C2",0,0,3.7e-24,0,1
"lamellipodium organization","MMEA9_C2",0,0,3.7e-24,0,1
"positive regulation of stem cell population maintenance","MMEA9_C2",0,0,3.7e-24,0,1
"monosaccharide metabolic process","MMEA9_C2",0,0,3.7e-24,0,1
"U2-type prespliceosome assembly","MMEA9_C2",0,0,3.7e-24,0,1
"heterochromatin formation","MMEA9_C2",0,0,3.7e-24,0,1
"peroxisome organization","MMEA9_C2",0,0,3.7e-24,0,1
"regulation of mitochondrial fission","MMEA9_C2",0,0,3.7e-24,0,1
"cellular pigmentation","MMEA9_C2",0,0,3.7e-24,0,1
"regulation of fibroblast migration","MMEA9_C2",0,0,3.7e-24,0,1
"cellular carbohydrate metabolic process","MMEA9_C2",1,0,3.7e-24,1,0.3765
"positive regulation of axonogenesis","MMEA9_C2",0,0,3.7e-24,0,1
"kinetochore organization","MMEA9_C2",0,0,3.7e-24,0,1
"stem cell differentiation","MMEA9_C2",0,0,3.7e-24,0,1
"proton transmembrane transport","MMEA9_C2",0,0,3.7e-24,0,1
"cellular response to insulin stimulus","MMEA9_C2",1,0,3.7e-24,1,0.3285
"establishment of mitotic spindle localization","MMEA9_C2",0,0,3.7e-24,0,1
"cell redox homeostasis","MMEA9_C2",0,0,3.7e-24,0,1
"stress granule assembly","MMEA9_C2",0,0,3.7e-24,0,1
"protein neddylation","MMEA9_C2",0,0,3.7e-24,0,1
"regulation of mitochondrial membrane potential","MMEA9_C2",0,0,3.7e-24,0,1
"neuron death","MMEA9_C2",0,0,3.7e-24,0,1
"defense response to virus","MMEA9_C2",0,0,3.7e-24,0,1
"sulfur compound metabolic process","MMEA9_C2",0,0,3.7e-24,0,1
"NADP metabolic process","MMEA9_C2",0,0,3.7e-24,0,1
"vacuolar acidification","MMEA9_C2",0,0,3.7e-24,0,1
"oligosaccharide-lipid intermediate biosynthetic process","MMEA9_C2",0,0,3.7e-24,0,1
"lysosomal lumen acidification","MMEA9_C2",0,0,3.7e-24,0,1
"glycosyl compound biosynthetic process","MMEA9_C2",0,0,3.7e-24,0,1
"heart valve development","MMEA9_C2",0,0,3.7e-24,0,1
"water-soluble vitamin metabolic process","MMEA9_C2",0,0,3.7e-24,0,1
"interferon-beta production","MMEA9_C2",0,0,3.7e-24,0,1
"regulation of interferon-beta production","MMEA9_C2",0,0,3.7e-24,0,1
"branched-chain amino acid metabolic process","MMEA9_C2",0,0,3.7e-24,0,1
"regulation of mitochondrial membrane permeability","MMEA9_C2",1,0,3.7e-24,1,0.1182
"respiratory tube development","MMEA9_C2",1,0,3.7e-24,1,0.2592
"cellular senescence","MMEA9_C2",0,0,3.7e-24,0,1
"positive regulation of neurogenesis","MMEA9_C2",1,0,3.7e-24,1,0.3034
"mitochondrial outer membrane permeabilization","MMEA9_C2",0,0,3.7e-24,0,1
"immune system development","MMEA9_C2",0,0,3.7e-24,0,1
"clathrin-dependent endocytosis","MMEA9_C2",0,0,3.7e-24,0,1
"positive regulation of viral process","MMEA9_C2",0,0,3.7e-24,0,1
"bone development","MMEA9_C2",0,0,3.7e-24,0,1
"cell-substrate adhesion","MMEA9_C2",0,0,3.7e-24,0,1
"positive regulation of microtubule polymerization","MMEA9_C2",0,0,3.7e-24,0,1
"pteridine-containing compound metabolic process","MMEA9_C2",0,0,3.7e-24,0,1
"response to arsenic-containing substance","MMEA9_C2",0,0,3.7e-24,0,1
"response to insulin","MMEA9_C2",2,0,3.7e-24,1.58496250072116,0.0655
"ubiquinone metabolic process","MMEA9_C2",0,0,3.7e-24,0,1
"cellular response to arsenic-containing substance","MMEA9_C2",0,0,3.7e-24,0,1
"inositol phosphate catabolic process","MMEA9_C2",0,0,3.7e-24,0,1
"telomerase RNA localization to Cajal body","MMEA9_C2",0,0,3.7e-24,0,1
"respiratory system development","MMEA9_C2",0,0,3.7e-24,0,1
"regulation of generation of precursor metabolites and energy","MMEA9_C2",1,0,3.7e-24,1,0.2304
"mitochondrial calcium ion homeostasis","MMEA9_C2",0,0,3.7e-24,0,1
"G0 to G1 transition","MMEA9_C2",0,0,3.7e-24,0,1
"mitochondrial genome maintenance","MMEA9_C2",1,0,3.7e-24,1,0.0558
"release of cytochrome c from mitochondria","MMEA9_C2",0,0,3.7e-24,0,1
"cortical cytoskeleton organization","MMEA9_C2",0,0,3.7e-24,0,1
"response to sterol depletion","MMEA9_C2",0,0,3.7e-24,0,1
"regulation of ncRNA transcription","MMEA9_C2",0,0,3.7e-24,0,1
"mesenchymal cell differentiation","MMEA9_C2",0,0,3.7e-24,0,1
"protein-DNA complex subunit organization","MMEA9_C2",0,0,3.7e-24,0,1
"response to fluid shear stress","MMEA9_C2",0,0,3.7e-24,0,1
"collagen fibril organization","MMEA9_C2",0,0,3.7e-24,0,1
"roof of mouth development","MMEA9_C2",0,0,3.7e-24,0,1
"regulation of protein dephosphorylation","MMEA9_C2",0,0,3.7e-24,0,1
"multicellular organism growth","MMEA9_C2",0,0,3.7e-24,0,1
"miRNA processing","MMEA9_C2",0,0,3.7e-24,0,1
"small molecule catabolic process","MMEA9_C2",0,0,3.7e-24,0,1
"regulation of G0 to G1 transition","MMEA9_C2",0,0,3.7e-24,0,1
"circadian regulation of gene expression","MMEA9_C2",0,0,3.7e-24,0,1
"regulation of translational fidelity","MMEA9_C2",0,0,3.7e-24,0,1
"ubiquinone biosynthetic process","MMEA9_C2",0,0,3.7e-24,0,1
"mitochondrial calcium ion transmembrane transport","MMEA9_C2",0,0,3.7e-24,0,1
"quinone biosynthetic process","MMEA9_C2",0,0,3.7e-24,0,1
"viral release from host cell","MMEA9_C2",0,0,3.7e-24,0,1
"exit from host cell","MMEA9_C2",0,0,3.7e-24,0,1
"positive regulation of GTPase activity","MMEA9_C2",0,0,3.7e-24,0,1
"regulation of cytokinesis","MMEA9_C2",1,0,3.7e-24,1,0.157
"mitochondrion localization","MMEA9_C2",0,0,3.7e-24,0,1
"renal system development","MMEA9_C2",1,0,3.7e-24,1,0.4111
"regulation of cysteine-type endopeptidase activity involved in apoptotic process","MMEA9_C2",0,0,3.7e-24,0,1
"regulation of cell-substrate adhesion","MMEA9_C2",0,0,3.7e-24,0,1
"centrosome localization","MMEA9_C2",0,0,3.7e-24,0,1
"microtubule organizing center localization","MMEA9_C2",0,0,3.7e-24,0,1
"pinocytosis","MMEA9_C2",0,0,3.7e-24,0,1
"lamellipodium assembly","MMEA9_C2",0,0,3.7e-24,0,1
"cellular response to sterol depletion","MMEA9_C2",0,0,3.7e-24,0,1
"placenta development","MMEA9_C2",0,0,3.7e-24,0,1
"rhythmic process","MMEA9_C2",1,0,3.7e-24,1,0.407
"spindle localization","MMEA9_C2",0,0,3.7e-24,0,1
"carbohydrate derivative catabolic process","MMEA9_C2",0,0,3.7e-24,0,1
"response to amino acid","MMEA9_C2",0,0,3.7e-24,0,1
"regulation of intracellular steroid hormone receptor signaling pathway","MMEA9_C2",0,0,3.7e-24,0,1
"regulation of neuron death","MMEA9_C2",0,0,3.7e-24,0,1
"ossification","MMEA9_C2",1,1,3.7e-24,0,1
"mammary gland epithelial cell proliferation","MMEA9_C2",0,0,3.7e-24,0,1
"ribosomal subunit export from nucleus","MMEA9_C2",0,0,3.7e-24,0,1
"ribosome localization","MMEA9_C2",0,0,3.7e-24,0,1
"protein transport to vacuole involved in ubiquitin-dependent protein catabolic process via the multivesicular body sorting pathway","MMEA9_C2",0,0,3.7e-24,0,1
"seminiferous tubule development","MMEA9_C2",0,0,3.7e-24,0,1
"cellular response to acid chemical","MMEA9_C2",0,0,3.7e-24,0,1
"positive regulation of kinase activity","MMEA9_C2",0,0,3.7e-24,0,1
"positive regulation by host of viral process","MMEA9_C2",0,0,3.7e-24,0,1
"mitochondrion morphogenesis","MMEA9_C2",0,0,3.7e-24,0,1
"regulation of establishment of cell polarity","MMEA9_C2",0,0,3.7e-24,0,1
"cellular lipid catabolic process","MMEA9_C2",0,0,3.7e-24,0,1
"neuron apoptotic process","MMEA9_C2",0,0,3.7e-24,0,1
"inner cell mass cell proliferation","MMEA9_C2",0,0,3.7e-24,0,1
"polyamine biosynthetic process","MMEA9_C2",0,0,3.7e-24,0,1
"folic acid metabolic process","MMEA9_C2",0,0,3.7e-24,0,1
"organelle inheritance","MMEA9_C2",0,0,3.7e-24,0,1
"polyol metabolic process","MMEA9_C2",0,0,3.7e-24,0,1
"regulation of type I interferon-mediated signaling pathway","MMEA9_C2",0,0,3.7e-24,0,1
"intracellular lipid transport","MMEA9_C2",0,0,3.7e-24,0,1
"fat cell differentiation","MMEA9_C2",0,0,3.7e-24,0,1
"iron ion homeostasis","MMEA9_C2",0,0,3.7e-24,0,1
"negative regulation of cell projection organization","MMEA9_C2",0,0,3.7e-24,0,1
"dicarboxylic acid metabolic process","MMEA9_C2",1,0,3.7e-24,1,0.1387
"regulation of anatomical structure size","MMEA9_C2",0,1,3.7e-24,-1,0.5096
"regulation of small molecule metabolic process","MMEA9_C2",0,0,3.7e-24,0,1
"pentose-phosphate shunt","MMEA9_C2",0,0,3.7e-24,0,1
"pericardium development","MMEA9_C2",0,0,3.7e-24,0,1
"lysosomal protein catabolic process","MMEA9_C2",0,0,3.7e-24,0,1
"carbohydrate derivative transport","MMEA9_C2",0,0,3.7e-24,0,1
"alcohol biosynthetic process","MMEA9_C2",0,0,3.7e-24,0,1
"regulation of membrane permeability","MMEA9_C2",0,0,3.7e-24,0,1
"signal peptide processing","MMEA9_C2",0,0,3.7e-24,0,1
"UV-damage excision repair","MMEA9_C2",0,0,3.7e-24,0,1
"biological process involved in interaction with host","MMEA9_C2",1,0,3.7e-24,1,0.2946
"body morphogenesis","MMEA9_C2",0,0,3.7e-24,0,1
"extracellular vesicle biogenesis","MMEA9_C2",0,0,3.7e-24,0,1
"negative regulation of defense response to virus","MMEA9_C2",0,0,3.7e-24,0,1
"aminoglycan biosynthetic process","MMEA9_C2",1,0,3.7e-24,1,0.1087
"sterol biosynthetic process","MMEA9_C2",0,0,3.7e-24,0,1
"polyamine metabolic process","MMEA9_C2",0,0,3.7e-24,0,1
"magnesium ion transport","MMEA9_C2",0,0,3.7e-24,0,1
"lamellipodium morphogenesis","MMEA9_C2",0,0,3.7e-24,0,1
"positive regulation of neuron migration","MMEA9_C2",0,0,3.7e-24,0,1
"regulation of glucose metabolic process","MMEA9_C2",0,0,3.7e-24,0,1
"monosaccharide biosynthetic process","MMEA9_C2",0,0,3.7e-24,0,1
"response to acid chemical","MMEA9_C2",0,0,3.7e-24,0,1
"regulation of carbohydrate metabolic process","MMEA9_C2",0,0,3.7e-24,0,1
"positive regulation of nervous system development","MMEA9_C2",0,0,3.7e-24,0,1
"regulation of circadian rhythm","MMEA9_C2",0,0,3.7e-24,0,1
"trabecula morphogenesis","MMEA9_C2",0,0,3.7e-24,0,1
"pigment accumulation","MMEA9_C2",0,0,3.7e-24,0,1
"cellular pigment accumulation","MMEA9_C2",0,0,3.7e-24,0,1
"regulation of pinocytosis","MMEA9_C2",0,0,3.7e-24,0,1
"regulation of ligase activity","MMEA9_C2",0,0,3.7e-24,0,1
"smoothened signaling pathway involved in dorsal/ventral neural tube patterning","MMEA9_C2",0,0,3.7e-24,0,1
"glycosyl compound metabolic process","MMEA9_C2",0,0,3.7e-24,0,1
"substantia nigra development","MMEA9_C2",0,0,3.7e-24,0,1
"negative regulation of GTPase activity","MMEA9_C2",0,0,3.7e-24,0,1
"axon extension","MMEA9_C2",0,0,3.7e-24,0,1
"positive regulation of epithelial to mesenchymal transition","MMEA9_C2",1,0,3.7e-24,1,0.08
"one-carbon metabolic process","MMEA9_C2",0,0,3.7e-24,0,1
"NADPH regeneration","MMEA9_C2",0,0,3.7e-24,0,1
"cellular response to dsRNA","MMEA9_C2",0,0,3.7e-24,0,1
"neuron projection organization","MMEA9_C2",0,0,3.7e-24,0,1
"postsynapse organization","MMEA9_C2",0,0,3.7e-24,0,1
"regulation of ketone biosynthetic process","MMEA9_C2",0,0,3.7e-24,0,1
"mitochondrion distribution","MMEA9_C2",0,0,3.7e-24,0,1
"regulation of autophagosome maturation","MMEA9_C2",0,0,3.7e-24,0,1
"magnesium ion transmembrane transport","MMEA9_C2",0,0,3.7e-24,0,1
"regulation of cell division","MMEA9_C2",0,0,3.7e-24,0,1
"intermembrane lipid transfer","MMEA9_C2",0,0,3.7e-24,0,1
"organophosphate ester transport","MMEA9_C2",0,0,3.7e-24,0,1
"movement in host","MMEA9_C2",1,0,3.7e-24,1,0.2527
"extracellular matrix assembly","MMEA9_C2",0,0,3.7e-24,0,1
"cellular metabolic compound salvage","MMEA9_C2",0,0,3.7e-24,0,1
"regulation of ATP-dependent activity","MMEA9_C2",0,0,3.7e-24,0,1
"cell migration involved in heart development","MMEA9_C2",0,0,3.7e-24,0,1
"cellular response to fluid shear stress","MMEA9_C2",0,0,3.7e-24,0,1
"sphingomyelin biosynthetic process","MMEA9_C2",0,0,3.7e-24,0,1
"ether lipid biosynthetic process","MMEA9_C2",0,0,3.7e-24,0,1
"embryonic body morphogenesis","MMEA9_C2",0,0,3.7e-24,0,1
"amino sugar biosynthetic process","MMEA9_C2",0,0,3.7e-24,0,1
"glycerol ether biosynthetic process","MMEA9_C2",0,0,3.7e-24,0,1
"pigmentation","MMEA9_C2",1,0,3.7e-24,1,0.1867
"cellular response to ketone","MMEA9_C2",0,0,3.7e-24,0,1
"nonribosomal peptide biosynthetic process","MMEA9_C2",0,0,3.7e-24,0,1
"glial cell apoptotic process","MMEA9_C2",1,0,3.7e-24,1,0.0412
"lipoprotein catabolic process","MMEA9_C2",0,0,3.7e-24,0,1
"suppression of viral release by host","MMEA9_C2",0,0,3.7e-24,0,1
"chaperone-mediated autophagy","MMEA9_C2",0,0,3.7e-24,0,1
"regulation of steroid hormone biosynthetic process","MMEA9_C2",0,0,3.7e-24,0,1
"synaptic vesicle lumen acidification","MMEA9_C2",0,0,3.7e-24,0,1
"semaphorin-plexin signaling pathway involved in neuron projection guidance","MMEA9_C2",0,0,3.7e-24,0,1
"regulation of Golgi organization","MMEA9_C2",0,0,3.7e-24,0,1
"Schwann cell differentiation","MMEA9_C2",0,0,3.7e-24,0,1
"neurotrophin signaling pathway","MMEA9_C2",0,0,3.7e-24,0,1
"regulation of microtubule depolymerization","MMEA9_C2",0,0,3.7e-24,0,1
"basement membrane organization","MMEA9_C2",0,0,3.7e-24,0,1
"establishment or maintenance of epithelial cell apical/basal polarity","MMEA9_C2",0,0,3.7e-24,0,1
"face development","MMEA9_C2",0,0,3.7e-24,0,1
"osteoblast differentiation","MMEA9_C2",0,0,3.7e-24,0,1
"appendage development","MMEA9_C2",1,0,3.7e-24,1,0.2454
"limb development","MMEA9_C2",0,0,3.7e-24,0,1
"regulation of ATP metabolic process","MMEA9_C2",1,0,3.7e-24,1,0.1205
"developmental growth involved in morphogenesis","MMEA9_C2",0,0,3.7e-24,0,1
"embryonic organ development","MMEA9_C2",0,1,3.7e-24,-1,0.5016
"negative regulation of growth","MMEA9_C2",0,0,3.7e-24,0,1
"microtubule depolymerization","MMEA9_C2",0,0,3.7e-24,0,1
"heme metabolic process","MMEA9_C2",0,0,3.7e-24,0,1
"regulation of neuron apoptotic process","MMEA9_C2",0,0,3.7e-24,0,1
"plasma membrane tubulation","MMEA9_C2",0,0,3.7e-24,0,1
"exosomal secretion","MMEA9_C2",0,0,3.7e-24,0,1
"vasculogenesis","MMEA9_C2",0,0,3.7e-24,0,1
"toxin transport","MMEA9_C2",0,0,3.7e-24,0,1
"ncRNA processing","MMEA9_C3",0,1,3.7e-24,-1,0.4228
"ribosome biogenesis","MMEA9_C3",2,1,3.7e-24,0.584962500721156,0.6265
"rRNA metabolic process","MMEA9_C3",0,1,3.7e-24,-1,0.525
"proteasome-mediated ubiquitin-dependent protein catabolic process","MMEA9_C3",1,1,3.7e-24,0,1
"regulation of response to DNA damage stimulus","MMEA9_C3",2,1,3.7e-24,0.584962500721156,0.6359
"establishment of protein localization to organelle","MMEA9_C3",0,1,3.7e-24,-1,0.4313
"macroautophagy","MMEA9_C3",0,1,3.7e-24,-1,0.4539
"regulation of chromosome organization","MMEA9_C3",1,1,3.7e-24,0,1
"Golgi vesicle transport","MMEA9_C3",0,1,3.7e-24,-1,0.4699
"double-strand break repair","MMEA9_C3",0,1,3.7e-24,-1,0.4912
"histone modification","MMEA9_C3",5,1,3.7e-24,1.58496250072116,0.0109
"sister chromatid segregation","MMEA9_C3",0,1,3.7e-24,-1,0.4807
"DNA replication","MMEA9_C3",0,1,3.7e-24,-1,0.5146
"chromosome segregation","MMEA9_C3",0,1,3.7e-24,-1,0.4255
"mitochondrial gene expression","MMEA9_C3",1,0,3.7e-24,1,0.3657
"nucleocytoplasmic transport","MMEA9_C3",0,1,3.7e-24,-1,0.4664
"nuclear transport","MMEA9_C3",0,1,3.7e-24,-1,0.4971
"regulation of DNA repair","MMEA9_C3",0,0,3.7e-24,0,1
"peptidyl-lysine modification","MMEA9_C3",2,1,3.7e-24,0.584962500721156,0.6383
"protein targeting","MMEA9_C3",1,1,3.7e-24,0,1
"cytoplasmic translation","MMEA9_C3",0,0,3.7e-24,0,1
"regulation of autophagy","MMEA9_C3",2,1,3.7e-24,0.584962500721156,0.6267
"signal transduction in response to DNA damage","MMEA9_C3",0,0,3.7e-24,0,1
"regulation of intracellular transport","MMEA9_C3",0,1,3.7e-24,-1,0.4647
"protein localization to nucleus","MMEA9_C3",0,1,3.7e-24,-1,0.4935
"microtubule cytoskeleton organization involved in mitosis","MMEA9_C3",0,0,3.7e-24,0,1
"telomere maintenance","MMEA9_C3",1,0,3.7e-24,1,0.3477
"cell cycle checkpoint signaling","MMEA9_C3",0,0,3.7e-24,0,1
"regulation of protein modification by small protein conjugation or removal","MMEA9_C3",0,0,3.7e-24,0,1
"cellular respiration","MMEA9_C3",0,0,3.7e-24,0,1
"cellular component disassembly","MMEA9_C3",0,1,3.7e-24,-1,0.4214
"nuclear chromosome segregation","MMEA9_C3",1,1,3.7e-24,0,1
"regulation of protein stability","MMEA9_C3",0,1,3.7e-24,-1,0.4929
"regulation of cell cycle phase transition","MMEA9_C3",1,1,3.7e-24,0,1
"regulation of protein catabolic process","MMEA9_C3",2,1,3.7e-24,0.584962500721156,0.6302
"response to endoplasmic reticulum stress","MMEA9_C3",0,1,3.7e-24,-1,0.5199
"vesicle organization","MMEA9_C3",2,1,3.7e-24,0.584962500721156,0.6274
"mitochondrial respiratory chain complex assembly","MMEA9_C3",0,0,3.7e-24,0,1
"DNA-templated transcription elongation","MMEA9_C3",0,0,3.7e-24,0,1
"mitochondrial transport","MMEA9_C3",0,0,3.7e-24,0,1
"establishment of organelle localization","MMEA9_C3",0,1,3.7e-24,-1,0.4299
"regulation of intracellular protein transport","MMEA9_C3",0,0,3.7e-24,0,1
"response to UV","MMEA9_C3",1,0,3.7e-24,1,0.3624
"RNA localization","MMEA9_C3",0,0,3.7e-24,0,1
"response to topologically incorrect protein","MMEA9_C3",0,0,3.7e-24,0,1
"organelle fission","MMEA9_C3",2,1,3.7e-24,0.584962500721156,0.6374
"non-membrane-bounded organelle assembly","MMEA9_C3",0,1,3.7e-24,-1,0.4393
"protein polyubiquitination","MMEA9_C3",0,1,3.7e-24,-1,0.5373
"methylation","MMEA9_C3",0,1,3.7e-24,-1,0.4764
"phospholipid biosynthetic process","MMEA9_C3",0,0,3.7e-24,0,1
"oxidative phosphorylation","MMEA9_C3",0,0,3.7e-24,0,1
"establishment of protein localization to membrane","MMEA9_C3",0,1,3.7e-24,-1,0.521
"in utero embryonic development","MMEA9_C3",0,1,3.7e-24,-1,0.44
"vacuole organization","MMEA9_C3",0,0,3.7e-24,0,1
"nuclear-transcribed mRNA catabolic process","MMEA9_C3",0,0,3.7e-24,0,1
"protein folding","MMEA9_C3",0,0,3.7e-24,0,1
"DNA conformation change","MMEA9_C3",0,0,3.7e-24,0,1
"regulation of chromosome segregation","MMEA9_C3",0,0,3.7e-24,0,1
"regulation of apoptotic signaling pathway","MMEA9_C3",0,1,3.7e-24,-1,0.4756
"cell cycle G2/M phase transition","MMEA9_C3",0,0,3.7e-24,0,1
"vacuolar transport","MMEA9_C3",0,0,3.7e-24,0,1
"response to ionizing radiation","MMEA9_C3",0,0,3.7e-24,0,1
"cellular response to UV","MMEA9_C3",1,0,3.7e-24,1,0.2507
"regulation of binding","MMEA9_C3",0,1,3.7e-24,-1,0.4689
"nucleic acid transport","MMEA9_C3",1,0,3.7e-24,1,0.367
"RNA transport","MMEA9_C3",0,0,3.7e-24,0,1
"ribonucleoprotein complex subunit organization","MMEA9_C3",0,0,3.7e-24,0,1
"regulation of DNA replication","MMEA9_C3",0,0,3.7e-24,0,1
"ribose phosphate metabolic process","MMEA9_C3",0,1,3.7e-24,-1,0.4212
"proton motive force-driven ATP synthesis","MMEA9_C3",1,0,3.7e-24,1,0.2103
"ribonucleotide metabolic process","MMEA9_C3",0,1,3.7e-24,-1,0.4437
"telomere organization","MMEA9_C3",0,0,3.7e-24,0,1
"cellular response to topologically incorrect protein","MMEA9_C3",0,0,3.7e-24,0,1
"Golgi organization","MMEA9_C3",0,0,3.7e-24,0,1
"ribonucleoprotein complex assembly","MMEA9_C3",0,0,3.7e-24,0,1
"cellular nitrogen compound catabolic process","MMEA9_C3",2,1,3.7e-24,0.584962500721156,0.6329
"negative regulation of phosphorus metabolic process","MMEA9_C3",0,1,3.7e-24,-1,0.4345
"heterocycle catabolic process","MMEA9_C3",2,1,3.7e-24,0.584962500721156,0.6396
"mitochondrial membrane organization","MMEA9_C3",0,0,3.7e-24,0,1
"regulation of protein-containing complex assembly","MMEA9_C3",1,1,3.7e-24,0,1
"positive regulation of cellular component biogenesis","MMEA9_C3",2,1,3.7e-24,0.584962500721156,0.6352
"response to oxidative stress","MMEA9_C3",1,1,3.7e-24,0,1
"regulation of supramolecular fiber organization","MMEA9_C3",1,1,3.7e-24,0,1
"positive regulation of protein localization","MMEA9_C3",1,1,3.7e-24,0,1
"positive regulation of cell projection organization","MMEA9_C3",0,1,3.7e-24,-1,0.4733
"negative regulation of transferase activity","MMEA9_C3",0,1,3.7e-24,-1,0.5235
"autophagy of mitochondrion","MMEA9_C3",0,0,3.7e-24,0,1
"positive regulation of amide metabolic process","MMEA9_C3",0,0,3.7e-24,0,1
"chromatin remodeling","MMEA9_C3",0,1,3.7e-24,-1,0.4812
"viral process","MMEA9_C3",1,1,3.7e-24,0,1
"macromolecule deacylation","MMEA9_C3",0,0,3.7e-24,0,1
"mitotic cytokinesis","MMEA9_C3",0,0,3.7e-24,0,1
"aromatic compound catabolic process","MMEA9_C3",0,1,3.7e-24,-1,0.4262
"vesicle localization","MMEA9_C3",0,0,3.7e-24,0,1
"establishment or maintenance of cell polarity","MMEA9_C3",0,0,3.7e-24,0,1
"Wnt signaling pathway","MMEA9_C3",0,1,3.7e-24,-1,0.4306
"cell-cell signaling by wnt","MMEA9_C3",1,1,3.7e-24,0,1
"ATP metabolic process","MMEA9_C3",2,0,3.7e-24,1.58496250072116,0.0906
"cellular response to chemical stress","MMEA9_C3",0,1,3.7e-24,-1,0.5012
"regulation of vacuole organization","MMEA9_C3",0,0,3.7e-24,0,1
"cellular response to external stimulus","MMEA9_C3",0,1,3.7e-24,-1,0.4814
"negative regulation of protein phosphorylation","MMEA9_C3",1,1,3.7e-24,0,1
"negative regulation of catabolic process","MMEA9_C3",2,1,3.7e-24,0.584962500721156,0.6442
"regulation of microtubule cytoskeleton organization","MMEA9_C3",1,0,3.7e-24,1,0.343
"chromosome localization","MMEA9_C3",0,0,3.7e-24,0,1
"negative regulation of mitotic nuclear division","MMEA9_C3",0,0,3.7e-24,0,1
"regulation of actin filament organization","MMEA9_C3",0,0,3.7e-24,0,1
"dephosphorylation","MMEA9_C3",0,1,3.7e-24,-1,0.4896
"glycosylation","MMEA9_C3",1,0,3.7e-24,1,0.4864
"positive regulation of establishment of protein localization","MMEA9_C3",0,1,3.7e-24,-1,0.5099
"regulation of microtubule-based process","MMEA9_C3",1,0,3.7e-24,1,0.4639
"cell-substrate junction organization","MMEA9_C3",0,0,3.7e-24,0,1
"protein-containing complex localization","MMEA9_C3",2,0,3.7e-24,1.58496250072116,0.0812
"mitochondrial transmembrane transport","MMEA9_C3",0,0,3.7e-24,0,1
"stem cell population maintenance","MMEA9_C3",0,0,3.7e-24,0,1
"ribosome assembly","MMEA9_C3",0,0,3.7e-24,0,1
"intraciliary transport","MMEA9_C3",0,0,3.7e-24,0,1
"Golgi to plasma membrane protein transport","MMEA9_C3",0,0,3.7e-24,0,1
"response to amino acid starvation","MMEA9_C3",0,0,3.7e-24,0,1
"cellular response to extracellular stimulus","MMEA9_C3",0,0,3.7e-24,0,1
"cell growth","MMEA9_C3",2,1,3.7e-24,0.584962500721156,0.6401
"protein glycosylation","MMEA9_C3",0,0,3.7e-24,0,1
"macromolecule glycosylation","MMEA9_C3",0,0,3.7e-24,0,1
"maintenance of cell number","MMEA9_C3",0,0,3.7e-24,0,1
"response to reactive oxygen species","MMEA9_C3",0,0,3.7e-24,0,1
"regulation of cell morphogenesis","MMEA9_C3",1,0,3.7e-24,1,0.4446
"regulation of cellular component size","MMEA9_C3",1,1,3.7e-24,0,1
"cell-substrate junction assembly","MMEA9_C3",0,0,3.7e-24,0,1
"membrane fission","MMEA9_C3",0,0,3.7e-24,0,1
"membrane docking","MMEA9_C3",0,0,3.7e-24,0,1
"fibroblast migration","MMEA9_C3",0,0,3.7e-24,0,1
"nucleus organization","MMEA9_C3",0,0,3.7e-24,0,1
"regulation of cell growth","MMEA9_C3",0,1,3.7e-24,-1,0.4404
"fibroblast proliferation","MMEA9_C3",0,0,3.7e-24,0,1
"cell cycle G1/S phase transition","MMEA9_C3",0,0,3.7e-24,0,1
"actin filament organization","MMEA9_C3",1,1,3.7e-24,0,1
"response to oxygen levels","MMEA9_C3",0,1,3.7e-24,-1,0.5126
"epigenetic regulation of gene expression","MMEA9_C3",1,0,3.7e-24,1,0.3347
"organelle fusion","MMEA9_C3",0,0,3.7e-24,0,1
"lipoprotein metabolic process","MMEA9_C3",0,0,3.7e-24,0,1
"protein lipidation","MMEA9_C3",0,0,3.7e-24,0,1
"regulation of plasma membrane bounded cell projection assembly","MMEA9_C3",1,0,3.7e-24,1,0.3968
"regulation of actin filament-based process","MMEA9_C3",1,1,3.7e-24,0,1
"regulation of GTPase activity","MMEA9_C3",0,1,3.7e-24,-1,0.4969
"nuclear envelope organization","MMEA9_C3",0,0,3.7e-24,0,1
"protein autophosphorylation","MMEA9_C3",0,0,3.7e-24,0,1
"connective tissue development","MMEA9_C3",1,0,3.7e-24,1,0.4709
"cellular response to heat","MMEA9_C3",0,0,3.7e-24,0,1
"myeloid cell homeostasis","MMEA9_C3",1,0,3.7e-24,1,0.3415
"regulation of neuron projection development","MMEA9_C3",0,1,3.7e-24,-1,0.4498
"receptor metabolic process","MMEA9_C3",0,0,3.7e-24,0,1
"maintenance of protein location in cell","MMEA9_C3",0,0,3.7e-24,0,1
"apoptotic mitochondrial changes","MMEA9_C3",0,0,3.7e-24,0,1
"response to transforming growth factor beta","MMEA9_C3",0,0,3.7e-24,0,1
"neural tube development","MMEA9_C3",0,0,3.7e-24,0,1
"maintenance of protein location","MMEA9_C3",0,0,3.7e-24,0,1
"regulation of ubiquitin-protein transferase activity","MMEA9_C3",0,0,3.7e-24,0,1
"cilium assembly","MMEA9_C3",0,1,3.7e-24,-1,0.5043
"mRNA export from nucleus","MMEA9_C3",0,0,3.7e-24,0,1
"regulation of cell-substrate junction organization","MMEA9_C3",0,0,3.7e-24,0,1
"membrane biogenesis","MMEA9_C3",0,0,3.7e-24,0,1
"cilium organization","MMEA9_C3",1,1,3.7e-24,0,1
"platelet-derived growth factor receptor signaling pathway","MMEA9_C3",0,0,3.7e-24,0,1
"iron-sulfur cluster assembly","MMEA9_C3",0,0,3.7e-24,0,1
"metallo-sulfur cluster assembly","MMEA9_C3",0,0,3.7e-24,0,1
"centromere complex assembly","MMEA9_C3",0,0,3.7e-24,0,1
"cellular response to oxygen levels","MMEA9_C3",1,0,3.7e-24,1,0.3486
"fatty acid beta-oxidation","MMEA9_C3",0,0,3.7e-24,0,1
"organelle localization by membrane tethering","MMEA9_C3",0,0,3.7e-24,0,1
"autophagosome maturation","MMEA9_C3",0,0,3.7e-24,0,1
"cellular response to transforming growth factor beta stimulus","MMEA9_C3",0,0,3.7e-24,0,1
"nucleotide catabolic process","MMEA9_C3",0,0,3.7e-24,0,1
"tube closure","MMEA9_C3",0,0,3.7e-24,0,1
"regulation of stem cell differentiation","MMEA9_C3",0,0,3.7e-24,0,1
"substrate adhesion-dependent cell spreading","MMEA9_C3",1,0,3.7e-24,1,0.2471
"chondrocyte differentiation","MMEA9_C3",0,0,3.7e-24,0,1
"regulation of fibroblast proliferation","MMEA9_C3",0,0,3.7e-24,0,1
"morphogenesis of an epithelial sheet","MMEA9_C3",0,0,3.7e-24,0,1
"microtubule polymerization","MMEA9_C3",0,0,3.7e-24,0,1
"response to virus","MMEA9_C3",0,1,3.7e-24,-1,0.4491
"membrane assembly","MMEA9_C3",0,0,3.7e-24,0,1
"COPII vesicle coating","MMEA9_C3",0,0,3.7e-24,0,1
"erythrocyte differentiation","MMEA9_C3",0,0,3.7e-24,0,1
"organophosphate catabolic process","MMEA9_C3",0,0,3.7e-24,0,1
"regulation of embryonic development","MMEA9_C3",0,0,3.7e-24,0,1
"regulation of focal adhesion assembly","MMEA9_C3",0,0,3.7e-24,0,1
"regulation of cell-substrate junction assembly","MMEA9_C3",0,0,3.7e-24,0,1
"regulation of extracellular matrix organization","MMEA9_C3",0,0,3.7e-24,0,1
"GPI anchor biosynthetic process","MMEA9_C3",0,0,3.7e-24,0,1
"lamellipodium organization","MMEA9_C3",0,0,3.7e-24,0,1
"positive regulation of stem cell population maintenance","MMEA9_C3",0,0,3.7e-24,0,1
"monosaccharide metabolic process","MMEA9_C3",0,0,3.7e-24,0,1
"U2-type prespliceosome assembly","MMEA9_C3",0,0,3.7e-24,0,1
"heterochromatin formation","MMEA9_C3",0,0,3.7e-24,0,1
"peroxisome organization","MMEA9_C3",0,0,3.7e-24,0,1
"regulation of mitochondrial fission","MMEA9_C3",0,0,3.7e-24,0,1
"cellular pigmentation","MMEA9_C3",0,0,3.7e-24,0,1
"regulation of fibroblast migration","MMEA9_C3",0,0,3.7e-24,0,1
"cellular carbohydrate metabolic process","MMEA9_C3",0,0,3.7e-24,0,1
"positive regulation of axonogenesis","MMEA9_C3",1,0,3.7e-24,1,0.1954
"kinetochore organization","MMEA9_C3",0,0,3.7e-24,0,1
"stem cell differentiation","MMEA9_C3",0,0,3.7e-24,0,1
"proton transmembrane transport","MMEA9_C3",1,0,3.7e-24,1,0.298
"cellular response to insulin stimulus","MMEA9_C3",0,0,3.7e-24,0,1
"establishment of mitotic spindle localization","MMEA9_C3",0,0,3.7e-24,0,1
"cell redox homeostasis","MMEA9_C3",0,0,3.7e-24,0,1
"stress granule assembly","MMEA9_C3",0,0,3.7e-24,0,1
"protein neddylation","MMEA9_C3",0,0,3.7e-24,0,1
"regulation of mitochondrial membrane potential","MMEA9_C3",0,0,3.7e-24,0,1
"neuron death","MMEA9_C3",0,1,3.7e-24,-1,0.4933
"defense response to virus","MMEA9_C3",0,0,3.7e-24,0,1
"sulfur compound metabolic process","MMEA9_C3",1,0,3.7e-24,1,0.4922
"NADP metabolic process","MMEA9_C3",0,0,3.7e-24,0,1
"vacuolar acidification","MMEA9_C3",1,0,3.7e-24,1,0.0929
"oligosaccharide-lipid intermediate biosynthetic process","MMEA9_C3",0,0,3.7e-24,0,1
"lysosomal lumen acidification","MMEA9_C3",0,0,3.7e-24,0,1
"glycosyl compound biosynthetic process","MMEA9_C3",0,0,3.7e-24,0,1
"heart valve development","MMEA9_C3",0,0,3.7e-24,0,1
"water-soluble vitamin metabolic process","MMEA9_C3",0,0,3.7e-24,0,1
"interferon-beta production","MMEA9_C3",0,0,3.7e-24,0,1
"regulation of interferon-beta production","MMEA9_C3",0,0,3.7e-24,0,1
"branched-chain amino acid metabolic process","MMEA9_C3",0,0,3.7e-24,0,1
"regulation of mitochondrial membrane permeability","MMEA9_C3",0,0,3.7e-24,0,1
"respiratory tube development","MMEA9_C3",0,0,3.7e-24,0,1
"cellular senescence","MMEA9_C3",0,0,3.7e-24,0,1
"positive regulation of neurogenesis","MMEA9_C3",0,0,3.7e-24,0,1
"mitochondrial outer membrane permeabilization","MMEA9_C3",0,0,3.7e-24,0,1
"immune system development","MMEA9_C3",1,0,3.7e-24,1,0.3966
"clathrin-dependent endocytosis","MMEA9_C3",0,0,3.7e-24,0,1
"positive regulation of viral process","MMEA9_C3",0,0,3.7e-24,0,1
"bone development","MMEA9_C3",1,0,3.7e-24,1,0.3794
"cell-substrate adhesion","MMEA9_C3",1,1,3.7e-24,0,1
"positive regulation of microtubule polymerization","MMEA9_C3",0,0,3.7e-24,0,1
"pteridine-containing compound metabolic process","MMEA9_C3",0,0,3.7e-24,0,1
"response to arsenic-containing substance","MMEA9_C3",0,0,3.7e-24,0,1
"response to insulin","MMEA9_C3",0,0,3.7e-24,0,1
"ubiquinone metabolic process","MMEA9_C3",0,0,3.7e-24,0,1
"cellular response to arsenic-containing substance","MMEA9_C3",0,0,3.7e-24,0,1
"inositol phosphate catabolic process","MMEA9_C3",0,0,3.7e-24,0,1
"telomerase RNA localization to Cajal body","MMEA9_C3",0,0,3.7e-24,0,1
"respiratory system development","MMEA9_C3",0,0,3.7e-24,0,1
"regulation of generation of precursor metabolites and energy","MMEA9_C3",0,0,3.7e-24,0,1
"mitochondrial calcium ion homeostasis","MMEA9_C3",0,0,3.7e-24,0,1
"G0 to G1 transition","MMEA9_C3",1,0,3.7e-24,1,0.0967
"mitochondrial genome maintenance","MMEA9_C3",0,0,3.7e-24,0,1
"release of cytochrome c from mitochondria","MMEA9_C3",0,0,3.7e-24,0,1
"cortical cytoskeleton organization","MMEA9_C3",0,0,3.7e-24,0,1
"response to sterol depletion","MMEA9_C3",0,0,3.7e-24,0,1
"regulation of ncRNA transcription","MMEA9_C3",0,0,3.7e-24,0,1
"mesenchymal cell differentiation","MMEA9_C3",0,0,3.7e-24,0,1
"protein-DNA complex subunit organization","MMEA9_C3",0,0,3.7e-24,0,1
"response to fluid shear stress","MMEA9_C3",0,0,3.7e-24,0,1
"collagen fibril organization","MMEA9_C3",0,0,3.7e-24,0,1
"roof of mouth development","MMEA9_C3",0,0,3.7e-24,0,1
"regulation of protein dephosphorylation","MMEA9_C3",0,0,3.7e-24,0,1
"multicellular organism growth","MMEA9_C3",0,0,3.7e-24,0,1
"miRNA processing","MMEA9_C3",0,0,3.7e-24,0,1
"small molecule catabolic process","MMEA9_C3",1,1,3.7e-24,0,1
"regulation of G0 to G1 transition","MMEA9_C3",0,0,3.7e-24,0,1
"circadian regulation of gene expression","MMEA9_C3",0,0,3.7e-24,0,1
"regulation of translational fidelity","MMEA9_C3",0,0,3.7e-24,0,1
"ubiquinone biosynthetic process","MMEA9_C3",0,0,3.7e-24,0,1
"mitochondrial calcium ion transmembrane transport","MMEA9_C3",0,0,3.7e-24,0,1
"quinone biosynthetic process","MMEA9_C3",0,0,3.7e-24,0,1
"viral release from host cell","MMEA9_C3",0,0,3.7e-24,0,1
"exit from host cell","MMEA9_C3",0,0,3.7e-24,0,1
"positive regulation of GTPase activity","MMEA9_C3",0,0,3.7e-24,0,1
"regulation of cytokinesis","MMEA9_C3",0,0,3.7e-24,0,1
"mitochondrion localization","MMEA9_C3",0,0,3.7e-24,0,1
"renal system development","MMEA9_C3",1,1,3.7e-24,0,1
"regulation of cysteine-type endopeptidase activity involved in apoptotic process","MMEA9_C3",0,0,3.7e-24,0,1
"regulation of cell-substrate adhesion","MMEA9_C3",0,0,3.7e-24,0,1
"centrosome localization","MMEA9_C3",0,0,3.7e-24,0,1
"microtubule organizing center localization","MMEA9_C3",0,0,3.7e-24,0,1
"pinocytosis","MMEA9_C3",0,0,3.7e-24,0,1
"lamellipodium assembly","MMEA9_C3",0,0,3.7e-24,0,1
"cellular response to sterol depletion","MMEA9_C3",0,0,3.7e-24,0,1
"placenta development","MMEA9_C3",0,0,3.7e-24,0,1
"rhythmic process","MMEA9_C3",0,0,3.7e-24,0,1
"spindle localization","MMEA9_C3",0,0,3.7e-24,0,1
"carbohydrate derivative catabolic process","MMEA9_C3",0,0,3.7e-24,0,1
"response to amino acid","MMEA9_C3",0,0,3.7e-24,0,1
"regulation of intracellular steroid hormone receptor signaling pathway","MMEA9_C3",0,0,3.7e-24,0,1
"regulation of neuron death","MMEA9_C3",1,0,3.7e-24,1,0.4969
"ossification","MMEA9_C3",0,1,3.7e-24,-1,0.4748
"mammary gland epithelial cell proliferation","MMEA9_C3",1,0,3.7e-24,1,0.0662
"ribosomal subunit export from nucleus","MMEA9_C3",0,0,3.7e-24,0,1
"ribosome localization","MMEA9_C3",0,0,3.7e-24,0,1
"protein transport to vacuole involved in ubiquitin-dependent protein catabolic process via the multivesicular body sorting pathway","MMEA9_C3",0,0,3.7e-24,0,1
"seminiferous tubule development","MMEA9_C3",0,0,3.7e-24,0,1
"cellular response to acid chemical","MMEA9_C3",0,0,3.7e-24,0,1
"positive regulation of kinase activity","MMEA9_C3",0,1,3.7e-24,-1,0.4847
"positive regulation by host of viral process","MMEA9_C3",0,0,3.7e-24,0,1
"mitochondrion morphogenesis","MMEA9_C3",0,0,3.7e-24,0,1
"regulation of establishment of cell polarity","MMEA9_C3",0,0,3.7e-24,0,1
"cellular lipid catabolic process","MMEA9_C3",1,0,3.7e-24,1,0.3891
"neuron apoptotic process","MMEA9_C3",1,0,3.7e-24,1,0.4461
"inner cell mass cell proliferation","MMEA9_C3",0,0,3.7e-24,0,1
"polyamine biosynthetic process","MMEA9_C3",0,0,3.7e-24,0,1
"folic acid metabolic process","MMEA9_C3",0,0,3.7e-24,0,1
"organelle inheritance","MMEA9_C3",0,0,3.7e-24,0,1
"polyol metabolic process","MMEA9_C3",0,0,3.7e-24,0,1
"regulation of type I interferon-mediated signaling pathway","MMEA9_C3",0,0,3.7e-24,0,1
"intracellular lipid transport","MMEA9_C3",0,0,3.7e-24,0,1
"fat cell differentiation","MMEA9_C3",0,0,3.7e-24,0,1
"iron ion homeostasis","MMEA9_C3",0,0,3.7e-24,0,1
"negative regulation of cell projection organization","MMEA9_C3",0,0,3.7e-24,0,1
"dicarboxylic acid metabolic process","MMEA9_C3",0,0,3.7e-24,0,1
"regulation of anatomical structure size","MMEA9_C3",0,1,3.7e-24,-1,0.4349
"regulation of small molecule metabolic process","MMEA9_C3",1,1,3.7e-24,0,1
"pentose-phosphate shunt","MMEA9_C3",0,0,3.7e-24,0,1
"pericardium development","MMEA9_C3",0,0,3.7e-24,0,1
"lysosomal protein catabolic process","MMEA9_C3",0,0,3.7e-24,0,1
"carbohydrate derivative transport","MMEA9_C3",0,0,3.7e-24,0,1
"alcohol biosynthetic process","MMEA9_C3",1,0,3.7e-24,1,0.2621
"regulation of membrane permeability","MMEA9_C3",0,0,3.7e-24,0,1
"signal peptide processing","MMEA9_C3",0,0,3.7e-24,0,1
"UV-damage excision repair","MMEA9_C3",0,0,3.7e-24,0,1
"biological process involved in interaction with host","MMEA9_C3",0,0,3.7e-24,0,1
"body morphogenesis","MMEA9_C3",0,0,3.7e-24,0,1
"extracellular vesicle biogenesis","MMEA9_C3",0,0,3.7e-24,0,1
"negative regulation of defense response to virus","MMEA9_C3",0,0,3.7e-24,0,1
"aminoglycan biosynthetic process","MMEA9_C3",0,0,3.7e-24,0,1
"sterol biosynthetic process","MMEA9_C3",0,0,3.7e-24,0,1
"polyamine metabolic process","MMEA9_C3",0,0,3.7e-24,0,1
"magnesium ion transport","MMEA9_C3",0,0,3.7e-24,0,1
"lamellipodium morphogenesis","MMEA9_C3",0,0,3.7e-24,0,1
"positive regulation of neuron migration","MMEA9_C3",0,0,3.7e-24,0,1
"regulation of glucose metabolic process","MMEA9_C3",0,0,3.7e-24,0,1
"monosaccharide biosynthetic process","MMEA9_C3",0,0,3.7e-24,0,1
"response to acid chemical","MMEA9_C3",0,0,3.7e-24,0,1
"regulation of carbohydrate metabolic process","MMEA9_C3",0,0,3.7e-24,0,1
"positive regulation of nervous system development","MMEA9_C3",0,0,3.7e-24,0,1
"regulation of circadian rhythm","MMEA9_C3",0,0,3.7e-24,0,1
"trabecula morphogenesis","MMEA9_C3",0,0,3.7e-24,0,1
"pigment accumulation","MMEA9_C3",0,0,3.7e-24,0,1
"cellular pigment accumulation","MMEA9_C3",0,0,3.7e-24,0,1
"regulation of pinocytosis","MMEA9_C3",0,0,3.7e-24,0,1
"regulation of ligase activity","MMEA9_C3",0,0,3.7e-24,0,1
"smoothened signaling pathway involved in dorsal/ventral neural tube patterning","MMEA9_C3",0,0,3.7e-24,0,1
"glycosyl compound metabolic process","MMEA9_C3",0,0,3.7e-24,0,1
"substantia nigra development","MMEA9_C3",0,0,3.7e-24,0,1
"negative regulation of GTPase activity","MMEA9_C3",0,0,3.7e-24,0,1
"axon extension","MMEA9_C3",0,0,3.7e-24,0,1
"positive regulation of epithelial to mesenchymal transition","MMEA9_C3",0,0,3.7e-24,0,1
"one-carbon metabolic process","MMEA9_C3",0,0,3.7e-24,0,1
"NADPH regeneration","MMEA9_C3",0,0,3.7e-24,0,1
"cellular response to dsRNA","MMEA9_C3",0,0,3.7e-24,0,1
"neuron projection organization","MMEA9_C3",0,0,3.7e-24,0,1
"postsynapse organization","MMEA9_C3",0,0,3.7e-24,0,1
"regulation of ketone biosynthetic process","MMEA9_C3",0,0,3.7e-24,0,1
"mitochondrion distribution","MMEA9_C3",0,0,3.7e-24,0,1
"regulation of autophagosome maturation","MMEA9_C3",0,0,3.7e-24,0,1
"magnesium ion transmembrane transport","MMEA9_C3",0,0,3.7e-24,0,1
"regulation of cell division","MMEA9_C3",1,0,3.7e-24,1,0.3213
"intermembrane lipid transfer","MMEA9_C3",0,0,3.7e-24,0,1
"organophosphate ester transport","MMEA9_C3",0,0,3.7e-24,0,1
"movement in host","MMEA9_C3",0,0,3.7e-24,0,1
"extracellular matrix assembly","MMEA9_C3",0,0,3.7e-24,0,1
"cellular metabolic compound salvage","MMEA9_C3",0,0,3.7e-24,0,1
"regulation of ATP-dependent activity","MMEA9_C3",0,0,3.7e-24,0,1
"cell migration involved in heart development","MMEA9_C3",0,0,3.7e-24,0,1
"cellular response to fluid shear stress","MMEA9_C3",0,0,3.7e-24,0,1
"sphingomyelin biosynthetic process","MMEA9_C3",0,0,3.7e-24,0,1
"ether lipid biosynthetic process","MMEA9_C3",0,0,3.7e-24,0,1
"embryonic body morphogenesis","MMEA9_C3",0,0,3.7e-24,0,1
"amino sugar biosynthetic process","MMEA9_C3",0,0,3.7e-24,0,1
"glycerol ether biosynthetic process","MMEA9_C3",0,0,3.7e-24,0,1
"pigmentation","MMEA9_C3",0,0,3.7e-24,0,1
"cellular response to ketone","MMEA9_C3",0,0,3.7e-24,0,1
"nonribosomal peptide biosynthetic process","MMEA9_C3",0,0,3.7e-24,0,1
"glial cell apoptotic process","MMEA9_C3",0,0,3.7e-24,0,1
"lipoprotein catabolic process","MMEA9_C3",0,0,3.7e-24,0,1
"suppression of viral release by host","MMEA9_C3",0,0,3.7e-24,0,1
"chaperone-mediated autophagy","MMEA9_C3",0,0,3.7e-24,0,1
"regulation of steroid hormone biosynthetic process","MMEA9_C3",0,0,3.7e-24,0,1
"synaptic vesicle lumen acidification","MMEA9_C3",1,0,3.7e-24,1,0.0548
"semaphorin-plexin signaling pathway involved in neuron projection guidance","MMEA9_C3",0,0,3.7e-24,0,1
"regulation of Golgi organization","MMEA9_C3",0,0,3.7e-24,0,1
"Schwann cell differentiation","MMEA9_C3",0,0,3.7e-24,0,1
"neurotrophin signaling pathway","MMEA9_C3",0,0,3.7e-24,0,1
"regulation of microtubule depolymerization","MMEA9_C3",0,0,3.7e-24,0,1
"basement membrane organization","MMEA9_C3",0,0,3.7e-24,0,1
"establishment or maintenance of epithelial cell apical/basal polarity","MMEA9_C3",0,0,3.7e-24,0,1
"face development","MMEA9_C3",0,0,3.7e-24,0,1
"osteoblast differentiation","MMEA9_C3",0,0,3.7e-24,0,1
"appendage development","MMEA9_C3",0,0,3.7e-24,0,1
"limb development","MMEA9_C3",0,0,3.7e-24,0,1
"regulation of ATP metabolic process","MMEA9_C3",0,0,3.7e-24,0,1
"developmental growth involved in morphogenesis","MMEA9_C3",0,0,3.7e-24,0,1
"embryonic organ development","MMEA9_C3",1,1,3.7e-24,0,1
"negative regulation of growth","MMEA9_C3",0,0,3.7e-24,0,1
"microtubule depolymerization","MMEA9_C3",0,0,3.7e-24,0,1
"heme metabolic process","MMEA9_C3",0,0,3.7e-24,0,1
"regulation of neuron apoptotic process","MMEA9_C3",1,0,3.7e-24,1,0.3908
"plasma membrane tubulation","MMEA9_C3",0,0,3.7e-24,0,1
"exosomal secretion","MMEA9_C3",0,0,3.7e-24,0,1
"vasculogenesis","MMEA9_C3",0,0,3.7e-24,0,1
"toxin transport","MMEA9_C3",0,0,3.7e-24,0,1
"ncRNA processing","MMEA9_E1",12,23,3.7e-24,-0.884522782580064,0.0109
"ribosome biogenesis","MMEA9_E1",14,17,3.7e-24,-0.263034405833794,0.4721
"rRNA metabolic process","MMEA9_E1",14,14,3.7e-24,0,1
"proteasome-mediated ubiquitin-dependent protein catabolic process","MMEA9_E1",23,24,3.7e-24,-0.0588936890535686,0.8402
"regulation of response to DNA damage stimulus","MMEA9_E1",10,15,3.7e-24,-0.540568381362703,0.1362
"establishment of protein localization to organelle","MMEA9_E1",20,23,3.7e-24,-0.192645077942396,0.5411
"macroautophagy","MMEA9_E1",12,19,3.7e-24,-0.62148837674627,0.0714
"regulation of chromosome organization","MMEA9_E1",19,14,3.7e-24,0.415037499278844,0.2926
"Golgi vesicle transport","MMEA9_E1",15,17,3.7e-24,-0.169925001442312,0.6347
"double-strand break repair","MMEA9_E1",18,16,3.7e-24,0.160464672193246,0.6984
"histone modification","MMEA9_E1",10,23,3.7e-24,-1.12553088208386,0.0024
"sister chromatid segregation","MMEA9_E1",7,14,3.7e-24,-0.906890595608518,0.0296
"DNA replication","MMEA9_E1",14,14,3.7e-24,0,1
"chromosome segregation","MMEA9_E1",19,22,3.7e-24,-0.201633861169651,0.5183
"mitochondrial gene expression","MMEA9_E1",8,8,3.7e-24,0,1
"nucleocytoplasmic transport","MMEA9_E1",7,17,3.7e-24,-1.16992500144231,0.0056
"nuclear transport","MMEA9_E1",11,17,3.7e-24,-0.584962500721156,0.1006
"regulation of DNA repair","MMEA9_E1",11,12,3.7e-24,-0.115477217419936,0.7826
"peptidyl-lysine modification","MMEA9_E1",11,18,3.7e-24,-0.662965012722429,0.0503
"protein targeting","MMEA9_E1",12,17,3.7e-24,-0.46948528330122,0.1963
"cytoplasmic translation","MMEA9_E1",4,8,3.7e-24,-0.84799690655495,0.1213
"regulation of autophagy","MMEA9_E1",15,18,3.7e-24,-0.247927513443586,0.4903
"signal transduction in response to DNA damage","MMEA9_E1",5,9,3.7e-24,-0.736965594166206,0.1481
"regulation of intracellular transport","MMEA9_E1",12,17,3.7e-24,-0.46948528330122,0.1972
"protein localization to nucleus","MMEA9_E1",11,14,3.7e-24,-0.321928094887362,0.4299
"microtubule cytoskeleton organization involved in mitosis","MMEA9_E1",3,9,3.7e-24,-1.32192809488736,0.02
"telomere maintenance","MMEA9_E1",4,8,3.7e-24,-0.84799690655495,0.1016
"cell cycle checkpoint signaling","MMEA9_E1",14,11,3.7e-24,0.321928094887362,0.4573
"regulation of protein modification by small protein conjugation or removal","MMEA9_E1",8,12,3.7e-24,-0.53051471669878,0.2091
"cellular respiration","MMEA9_E1",11,12,3.7e-24,-0.115477217419936,0.7852
"cellular component disassembly","MMEA9_E1",23,24,3.7e-24,-0.0588936890535686,0.8358
"nuclear chromosome segregation","MMEA9_E1",18,16,3.7e-24,0.160464672193246,0.7119
"regulation of protein stability","MMEA9_E1",13,15,3.7e-24,-0.192645077942396,0.6067
"regulation of cell cycle phase transition","MMEA9_E1",16,23,3.7e-24,-0.497499659470817,0.1226
"regulation of protein catabolic process","MMEA9_E1",15,19,3.7e-24,-0.321928094887362,0.3608
"response to endoplasmic reticulum stress","MMEA9_E1",14,13,3.7e-24,0.0995356735509144,0.8962
"vesicle organization","MMEA9_E1",12,18,3.7e-24,-0.547487795302493,0.1139
"mitochondrial respiratory chain complex assembly","MMEA9_E1",1,5,3.7e-24,-1.58496250072116,0.0425
"DNA-templated transcription elongation","MMEA9_E1",7,7,3.7e-24,0,1
"mitochondrial transport","MMEA9_E1",8,9,3.7e-24,-0.15200309344505,0.7385
"establishment of organelle localization","MMEA9_E1",15,21,3.7e-24,-0.459431618637297,0.1378
"regulation of intracellular protein transport","MMEA9_E1",7,11,3.7e-24,-0.584962500721156,0.1641
"response to UV","MMEA9_E1",6,8,3.7e-24,-0.362570079384708,0.5039
"RNA localization","MMEA9_E1",5,11,3.7e-24,-1,0.0307
"response to topologically incorrect protein","MMEA9_E1",5,8,3.7e-24,-0.584962500721156,0.2431
"organelle fission","MMEA9_E1",19,22,3.7e-24,-0.201633861169651,0.5302
"non-membrane-bounded organelle assembly","MMEA9_E1",16,20,3.7e-24,-0.304854581528421,0.3683
"protein polyubiquitination","MMEA9_E1",9,12,3.7e-24,-0.37851162325373,0.4007
"methylation","MMEA9_E1",12,17,3.7e-24,-0.46948528330122,0.2011
"phospholipid biosynthetic process","MMEA9_E1",3,12,3.7e-24,-1.70043971814109,0.0019
"oxidative phosphorylation","MMEA9_E1",6,7,3.7e-24,-0.192645077942396,0.7114
"establishment of protein localization to membrane","MMEA9_E1",19,14,3.7e-24,0.415037499278844,0.2929
"in utero embryonic development","MMEA9_E1",14,19,3.7e-24,-0.415037499278844,0.2213
"vacuole organization","MMEA9_E1",5,10,3.7e-24,-0.874469117916141,0.0717
"nuclear-transcribed mRNA catabolic process","MMEA9_E1",4,8,3.7e-24,-0.84799690655495,0.1213
"protein folding","MMEA9_E1",8,10,3.7e-24,-0.289506617194985,0.5507
"DNA conformation change","MMEA9_E1",4,5,3.7e-24,-0.263034405833794,0.6862
"regulation of chromosome segregation","MMEA9_E1",11,7,3.7e-24,0.584962500721156,0.2654
"regulation of apoptotic signaling pathway","MMEA9_E1",7,16,3.7e-24,-1.08746284125034,0.0111
"cell cycle G2/M phase transition","MMEA9_E1",11,7,3.7e-24,0.584962500721156,0.2732
"vacuolar transport","MMEA9_E1",4,7,3.7e-24,-0.678071905112638,0.2309
"response to ionizing radiation","MMEA9_E1",4,8,3.7e-24,-0.84799690655495,0.1171
"cellular response to UV","MMEA9_E1",5,5,3.7e-24,0,1
"regulation of binding","MMEA9_E1",7,17,3.7e-24,-1.16992500144231,0.0037
"nucleic acid transport","MMEA9_E1",5,9,3.7e-24,-0.736965594166206,0.1405
"RNA transport","MMEA9_E1",7,8,3.7e-24,-0.169925001442312,0.7389
"ribonucleoprotein complex subunit organization","MMEA9_E1",14,12,3.7e-24,0.206450877467426,0.6614
"regulation of DNA replication","MMEA9_E1",5,7,3.7e-24,-0.415037499278844,0.4634
"ribose phosphate metabolic process","MMEA9_E1",16,21,3.7e-24,-0.371968777386958,0.2436
"proton motive force-driven ATP synthesis","MMEA9_E1",7,4,3.7e-24,0.678071905112638,0.3396
"ribonucleotide metabolic process","MMEA9_E1",12,20,3.7e-24,-0.691877704637668,0.0449
"telomere organization","MMEA9_E1",11,9,3.7e-24,0.263034405833794,0.6157
"cellular response to topologically incorrect protein","MMEA9_E1",6,6,3.7e-24,0,1
"Golgi organization","MMEA9_E1",7,8,3.7e-24,-0.169925001442312,0.7388
"ribonucleoprotein complex assembly","MMEA9_E1",10,11,3.7e-24,-0.125530882083859,0.7693
"cellular nitrogen compound catabolic process","MMEA9_E1",17,22,3.7e-24,-0.3536369546147,0.2594
"negative regulation of phosphorus metabolic process","MMEA9_E1",15,20,3.7e-24,-0.39231742277876,0.2309
"heterocycle catabolic process","MMEA9_E1",11,21,3.7e-24,-0.874469117916141,0.0123
"mitochondrial membrane organization","MMEA9_E1",0,6,3.7e-24,-2.8073549220576,0.0017
"regulation of protein-containing complex assembly","MMEA9_E1",13,18,3.7e-24,-0.440572591385981,0.2029
"positive regulation of cellular component biogenesis","MMEA9_E1",12,22,3.7e-24,-0.823122237915921,0.0156
"response to oxidative stress","MMEA9_E1",11,21,3.7e-24,-0.874469117916141,0.0159
"regulation of supramolecular fiber organization","MMEA9_E1",15,16,3.7e-24,-0.0874628412503394,0.8067
"positive regulation of protein localization","MMEA9_E1",15,19,3.7e-24,-0.321928094887362,0.3669
"positive regulation of cell projection organization","MMEA9_E1",10,15,3.7e-24,-0.540568381362703,0.1627
"negative regulation of transferase activity","MMEA9_E1",10,14,3.7e-24,-0.447458976971221,0.2569
"autophagy of mitochondrion","MMEA9_E1",5,5,3.7e-24,0,1
"positive regulation of amide metabolic process","MMEA9_E1",5,8,3.7e-24,-0.584962500721156,0.2474
"chromatin remodeling","MMEA9_E1",12,17,3.7e-24,-0.46948528330122,0.192
"viral process","MMEA9_E1",19,20,3.7e-24,-0.070389327891398,0.8225
"macromolecule deacylation","MMEA9_E1",3,6,3.7e-24,-0.807354922057604,0.1589
"mitotic cytokinesis","MMEA9_E1",5,4,3.7e-24,0.263034405833794,0.8125
"aromatic compound catabolic process","MMEA9_E1",12,22,3.7e-24,-0.823122237915921,0.0121
"vesicle localization","MMEA9_E1",8,10,3.7e-24,-0.289506617194985,0.5529
"establishment or maintenance of cell polarity","MMEA9_E1",7,10,3.7e-24,-0.459431618637297,0.2893
"Wnt signaling pathway","MMEA9_E1",17,21,3.7e-24,-0.289506617194985,0.3964
"cell-cell signaling by wnt","MMEA9_E1",11,19,3.7e-24,-0.736965594166206,0.032
"ATP metabolic process","MMEA9_E1",12,10,3.7e-24,0.241008099503795,0.637
"cellular response to chemical stress","MMEA9_E1",8,15,3.7e-24,-0.830074998557688,0.0306
"regulation of vacuole organization","MMEA9_E1",0,3,3.7e-24,-2,0.0582
"cellular response to external stimulus","MMEA9_E1",13,15,3.7e-24,-0.192645077942396,0.6123
"negative regulation of protein phosphorylation","MMEA9_E1",11,15,3.7e-24,-0.415037499278844,0.2632
"negative regulation of catabolic process","MMEA9_E1",8,15,3.7e-24,-0.830074998557688,0.0439
"regulation of microtubule cytoskeleton organization","MMEA9_E1",3,7,3.7e-24,-1,0.0718
"chromosome localization","MMEA9_E1",4,4,3.7e-24,0,1
"negative regulation of mitotic nuclear division","MMEA9_E1",1,3,3.7e-24,-1,0.2203
"regulation of actin filament organization","MMEA9_E1",7,11,3.7e-24,-0.584962500721156,0.1833
"dephosphorylation","MMEA9_E1",16,15,3.7e-24,0.0874628412503394,0.8997
"glycosylation","MMEA9_E1",8,12,3.7e-24,-0.53051471669878,0.2268
"positive regulation of establishment of protein localization","MMEA9_E1",12,15,3.7e-24,-0.299560281858908,0.4534
"regulation of microtubule-based process","MMEA9_E1",10,12,3.7e-24,-0.241008099503795,0.571
"cell-substrate junction organization","MMEA9_E1",5,5,3.7e-24,0,1
"protein-containing complex localization","MMEA9_E1",4,8,3.7e-24,-0.84799690655495,0.1125
"mitochondrial transmembrane transport","MMEA9_E1",4,5,3.7e-24,-0.263034405833794,0.6791
"stem cell population maintenance","MMEA9_E1",5,8,3.7e-24,-0.584962500721156,0.2514
"ribosome assembly","MMEA9_E1",2,3,3.7e-24,-0.415037499278844,0.6021
"intraciliary transport","MMEA9_E1",5,3,3.7e-24,0.584962500721156,0.3864
"Golgi to plasma membrane protein transport","MMEA9_E1",1,2,3.7e-24,-0.584962500721156,0.5597
"response to amino acid starvation","MMEA9_E1",2,3,3.7e-24,-0.415037499278844,0.6119
"cellular response to extracellular stimulus","MMEA9_E1",7,12,3.7e-24,-0.700439718141092,0.1017
"cell growth","MMEA9_E1",10,21,3.7e-24,-1,0.0051
"protein glycosylation","MMEA9_E1",4,11,3.7e-24,-1.26303440583379,0.0162
"macromolecule glycosylation","MMEA9_E1",3,10,3.7e-24,-1.4594316186373,0.0098
"maintenance of cell number","MMEA9_E1",5,8,3.7e-24,-0.584962500721156,0.2342
"response to reactive oxygen species","MMEA9_E1",6,9,3.7e-24,-0.514573172829758,0.2771
"regulation of cell morphogenesis","MMEA9_E1",7,12,3.7e-24,-0.700439718141092,0.0865
"regulation of cellular component size","MMEA9_E1",20,15,3.7e-24,0.39231742277876,0.3046
"cell-substrate junction assembly","MMEA9_E1",5,5,3.7e-24,0,1
"membrane fission","MMEA9_E1",0,3,3.7e-24,-2,0.0472
"membrane docking","MMEA9_E1",6,4,3.7e-24,0.485426827170242,0.4686
"fibroblast migration","MMEA9_E1",1,2,3.7e-24,-0.584962500721156,0.5321
"nucleus organization","MMEA9_E1",2,6,3.7e-24,-1.22239242133645,0.0717
"regulation of cell growth","MMEA9_E1",10,18,3.7e-24,-0.788495894806288,0.0282
"fibroblast proliferation","MMEA9_E1",2,5,3.7e-24,-1,0.1427
"cell cycle G1/S phase transition","MMEA9_E1",10,15,3.7e-24,-0.540568381362703,0.1655
"actin filament organization","MMEA9_E1",12,17,3.7e-24,-0.46948528330122,0.1989
"response to oxygen levels","MMEA9_E1",11,15,3.7e-24,-0.415037499278844,0.2676
"epigenetic regulation of gene expression","MMEA9_E1",5,8,3.7e-24,-0.584962500721156,0.2564
"organelle fusion","MMEA9_E1",6,7,3.7e-24,-0.192645077942396,0.7191
"lipoprotein metabolic process","MMEA9_E1",3,6,3.7e-24,-0.807354922057604,0.1578
"protein lipidation","MMEA9_E1",4,5,3.7e-24,-0.263034405833794,0.6848
"regulation of plasma membrane bounded cell projection assembly","MMEA9_E1",8,8,3.7e-24,0,1
"regulation of actin filament-based process","MMEA9_E1",15,16,3.7e-24,-0.0874628412503394,0.81
"regulation of GTPase activity","MMEA9_E1",7,14,3.7e-24,-0.906890595608518,0.0241
"nuclear envelope organization","MMEA9_E1",0,2,3.7e-24,-1.58496250072116,0.0831
"protein autophosphorylation","MMEA9_E1",9,11,3.7e-24,-0.263034405833794,0.5682
"connective tissue development","MMEA9_E1",9,11,3.7e-24,-0.263034405833794,0.5591
"cellular response to heat","MMEA9_E1",1,3,3.7e-24,-1,0.2026
"myeloid cell homeostasis","MMEA9_E1",10,7,3.7e-24,0.459431618637297,0.3606
"regulation of neuron projection development","MMEA9_E1",16,20,3.7e-24,-0.304854581528421,0.3827
"receptor metabolic process","MMEA9_E1",1,3,3.7e-24,-1,0.2028
"maintenance of protein location in cell","MMEA9_E1",3,3,3.7e-24,0,1
"apoptotic mitochondrial changes","MMEA9_E1",0,5,3.7e-24,-2.58496250072116,0.0049
"response to transforming growth factor beta","MMEA9_E1",12,12,3.7e-24,0,1
"neural tube development","MMEA9_E1",6,6,3.7e-24,0,1
"maintenance of protein location","MMEA9_E1",5,4,3.7e-24,0.263034405833794,0.8092
"regulation of ubiquitin-protein transferase activity","MMEA9_E1",2,3,3.7e-24,-0.415037499278844,0.6191
"cilium assembly","MMEA9_E1",11,16,3.7e-24,-0.502500340529183,0.1739
"mRNA export from nucleus","MMEA9_E1",2,3,3.7e-24,-0.415037499278844,0.5979
"regulation of cell-substrate junction organization","MMEA9_E1",1,3,3.7e-24,-1,0.2174
"membrane biogenesis","MMEA9_E1",0,3,3.7e-24,-2,0.0557
"cilium organization","MMEA9_E1",15,16,3.7e-24,-0.0874628412503394,0.8114
"platelet-derived growth factor receptor signaling pathway","MMEA9_E1",1,2,3.7e-24,-0.584962500721156,0.5285
"iron-sulfur cluster assembly","MMEA9_E1",0,1,3.7e-24,-1,0.4213
"metallo-sulfur cluster assembly","MMEA9_E1",0,1,3.7e-24,-1,0.4605
"centromere complex assembly","MMEA9_E1",4,2,3.7e-24,0.736965594166206,0.2734
"cellular response to oxygen levels","MMEA9_E1",5,7,3.7e-24,-0.415037499278844,0.4616
"fatty acid beta-oxidation","MMEA9_E1",2,4,3.7e-24,-0.736965594166206,0.3254
"organelle localization by membrane tethering","MMEA9_E1",3,4,3.7e-24,-0.321928094887362,0.6511
"autophagosome maturation","MMEA9_E1",5,2,3.7e-24,1,0.196
"cellular response to transforming growth factor beta stimulus","MMEA9_E1",10,12,3.7e-24,-0.241008099503795,0.5688
"nucleotide catabolic process","MMEA9_E1",1,3,3.7e-24,-1,0.2057
"tube closure","MMEA9_E1",9,5,3.7e-24,0.736965594166206,0.1959
"regulation of stem cell differentiation","MMEA9_E1",2,3,3.7e-24,-0.415037499278844,0.5953
"substrate adhesion-dependent cell spreading","MMEA9_E1",4,4,3.7e-24,0,1
"chondrocyte differentiation","MMEA9_E1",5,5,3.7e-24,0,1
"regulation of fibroblast proliferation","MMEA9_E1",1,4,3.7e-24,-1.32192809488736,0.0807
"morphogenesis of an epithelial sheet","MMEA9_E1",0,4,3.7e-24,-2.32192809488736,0.0176
"microtubule polymerization","MMEA9_E1",2,4,3.7e-24,-0.736965594166206,0.2493
"response to virus","MMEA9_E1",11,17,3.7e-24,-0.584962500721156,0.1023
"membrane assembly","MMEA9_E1",1,3,3.7e-24,-1,0.2267
"COPII vesicle coating","MMEA9_E1",1,1,3.7e-24,0,1
"erythrocyte differentiation","MMEA9_E1",3,5,3.7e-24,-0.584962500721156,0.3054
"organophosphate catabolic process","MMEA9_E1",5,7,3.7e-24,-0.415037499278844,0.4643
"regulation of embryonic development","MMEA9_E1",1,4,3.7e-24,-1.32192809488736,0.0782
"regulation of focal adhesion assembly","MMEA9_E1",6,4,3.7e-24,0.485426827170242,0.4455
"regulation of cell-substrate junction assembly","MMEA9_E1",1,3,3.7e-24,-1,0.2162
"regulation of extracellular matrix organization","MMEA9_E1",1,3,3.7e-24,-1,0.262
"GPI anchor biosynthetic process","MMEA9_E1",0,1,3.7e-24,-1,0.4245
"lamellipodium organization","MMEA9_E1",4,5,3.7e-24,-0.263034405833794,0.6753
"positive regulation of stem cell population maintenance","MMEA9_E1",1,2,3.7e-24,-0.584962500721156,0.5322
"monosaccharide metabolic process","MMEA9_E1",13,10,3.7e-24,0.347923303420307,0.4331
"U2-type prespliceosome assembly","MMEA9_E1",0,1,3.7e-24,-1,0.4275
"heterochromatin formation","MMEA9_E1",4,5,3.7e-24,-0.263034405833794,0.6721
"peroxisome organization","MMEA9_E1",0,2,3.7e-24,-1.58496250072116,0.1808
"regulation of mitochondrial fission","MMEA9_E1",1,2,3.7e-24,-0.584962500721156,0.54
"cellular pigmentation","MMEA9_E1",2,3,3.7e-24,-0.415037499278844,0.6006
"regulation of fibroblast migration","MMEA9_E1",2,1,3.7e-24,0.584962500721156,0.6618
"cellular carbohydrate metabolic process","MMEA9_E1",13,11,3.7e-24,0.222392421336448,0.6582
"positive regulation of axonogenesis","MMEA9_E1",3,4,3.7e-24,-0.321928094887362,0.6429
"kinetochore organization","MMEA9_E1",0,1,3.7e-24,-1,0.4194
"stem cell differentiation","MMEA9_E1",2,9,3.7e-24,-1.73696559416621,0.0032
"proton transmembrane transport","MMEA9_E1",2,6,3.7e-24,-1.22239242133645,0.0423
"cellular response to insulin stimulus","MMEA9_E1",7,9,3.7e-24,-0.321928094887362,0.5251
"establishment of mitotic spindle localization","MMEA9_E1",1,2,3.7e-24,-0.584962500721156,0.5446
"cell redox homeostasis","MMEA9_E1",2,2,3.7e-24,0,1
"stress granule assembly","MMEA9_E1",0,2,3.7e-24,-1.58496250072116,0.1534
"protein neddylation","MMEA9_E1",1,1,3.7e-24,0,1
"regulation of mitochondrial membrane potential","MMEA9_E1",1,2,3.7e-24,-0.584962500721156,0.5256
"neuron death","MMEA9_E1",10,15,3.7e-24,-0.540568381362703,0.1444
"defense response to virus","MMEA9_E1",11,12,3.7e-24,-0.115477217419936,0.778
"sulfur compound metabolic process","MMEA9_E1",11,12,3.7e-24,-0.115477217419936,0.7759
"NADP metabolic process","MMEA9_E1",0,2,3.7e-24,-1.58496250072116,0.1095
"vacuolar acidification","MMEA9_E1",3,2,3.7e-24,0.415037499278844,0.7264
"oligosaccharide-lipid intermediate biosynthetic process","MMEA9_E1",0,1,3.7e-24,-1,0.5052
"lysosomal lumen acidification","MMEA9_E1",0,1,3.7e-24,-1,0.5265
"glycosyl compound biosynthetic process","MMEA9_E1",1,1,3.7e-24,0,1
"heart valve development","MMEA9_E1",4,4,3.7e-24,0,1
"water-soluble vitamin metabolic process","MMEA9_E1",1,3,3.7e-24,-1,0.2619
"interferon-beta production","MMEA9_E1",2,2,3.7e-24,0,1
"regulation of interferon-beta production","MMEA9_E1",3,3,3.7e-24,0,1
"branched-chain amino acid metabolic process","MMEA9_E1",0,1,3.7e-24,-1,0.4204
"regulation of mitochondrial membrane permeability","MMEA9_E1",2,3,3.7e-24,-0.415037499278844,0.6102
"respiratory tube development","MMEA9_E1",9,8,3.7e-24,0.15200309344505,0.8618
"cellular senescence","MMEA9_E1",1,4,3.7e-24,-1.32192809488736,0.0982
"positive regulation of neurogenesis","MMEA9_E1",6,8,3.7e-24,-0.362570079384708,0.488
"mitochondrial outer membrane permeabilization","MMEA9_E1",1,1,3.7e-24,0,1
"immune system development","MMEA9_E1",8,8,3.7e-24,0,1
"clathrin-dependent endocytosis","MMEA9_E1",2,2,3.7e-24,0,1
"positive regulation of viral process","MMEA9_E1",2,3,3.7e-24,-0.415037499278844,0.6296
"bone development","MMEA9_E1",9,9,3.7e-24,0,1
"cell-substrate adhesion","MMEA9_E1",16,14,3.7e-24,0.180572245641821,0.6859
"positive regulation of microtubule polymerization","MMEA9_E1",2,1,3.7e-24,0.584962500721156,0.6545
"pteridine-containing compound metabolic process","MMEA9_E1",2,1,3.7e-24,0.584962500721156,0.6483
"response to arsenic-containing substance","MMEA9_E1",0,2,3.7e-24,-1.58496250072116,0.1609
"response to insulin","MMEA9_E1",5,10,3.7e-24,-0.874469117916141,0.0489
"ubiquinone metabolic process","MMEA9_E1",0,1,3.7e-24,-1,0.4002
"cellular response to arsenic-containing substance","MMEA9_E1",2,1,3.7e-24,0.584962500721156,0.6411
"inositol phosphate catabolic process","MMEA9_E1",1,1,3.7e-24,0,1
"telomerase RNA localization to Cajal body","MMEA9_E1",1,1,3.7e-24,0,1
"respiratory system development","MMEA9_E1",9,9,3.7e-24,0,1
"regulation of generation of precursor metabolites and energy","MMEA9_E1",3,5,3.7e-24,-0.584962500721156,0.3081
"mitochondrial calcium ion homeostasis","MMEA9_E1",1,1,3.7e-24,0,1
"G0 to G1 transition","MMEA9_E1",2,1,3.7e-24,0.584962500721156,0.6825
"mitochondrial genome maintenance","MMEA9_E1",0,1,3.7e-24,-1,0.4142
"release of cytochrome c from mitochondria","MMEA9_E1",1,3,3.7e-24,-1,0.2518
"cortical cytoskeleton organization","MMEA9_E1",2,2,3.7e-24,0,1
"response to sterol depletion","MMEA9_E1",0,1,3.7e-24,-1,0.4355
"regulation of ncRNA transcription","MMEA9_E1",1,1,3.7e-24,0,1
"mesenchymal cell differentiation","MMEA9_E1",9,11,3.7e-24,-0.263034405833794,0.5663
"protein-DNA complex subunit organization","MMEA9_E1",8,10,3.7e-24,-0.289506617194985,0.5387
"response to fluid shear stress","MMEA9_E1",3,2,3.7e-24,0.415037499278844,0.7361
"collagen fibril organization","MMEA9_E1",4,5,3.7e-24,-0.263034405833794,0.6789
"roof of mouth development","MMEA9_E1",2,4,3.7e-24,-0.736965594166206,0.3189
"regulation of protein dephosphorylation","MMEA9_E1",3,5,3.7e-24,-0.584962500721156,0.3524
"multicellular organism growth","MMEA9_E1",5,5,3.7e-24,0,1
"miRNA processing","MMEA9_E1",3,2,3.7e-24,0.415037499278844,0.7337
"small molecule catabolic process","MMEA9_E1",14,15,3.7e-24,-0.0931094043914815,0.8054
"regulation of G0 to G1 transition","MMEA9_E1",1,2,3.7e-24,-0.584962500721156,0.5537
"circadian regulation of gene expression","MMEA9_E1",1,3,3.7e-24,-1,0.2003
"regulation of translational fidelity","MMEA9_E1",0,1,3.7e-24,-1,0.4606
"ubiquinone biosynthetic process","MMEA9_E1",1,1,3.7e-24,0,1
"mitochondrial calcium ion transmembrane transport","MMEA9_E1",0,1,3.7e-24,-1,0.4158
"quinone biosynthetic process","MMEA9_E1",1,1,3.7e-24,0,1
"viral release from host cell","MMEA9_E1",0,1,3.7e-24,-1,0.4127
"exit from host cell","MMEA9_E1",1,1,3.7e-24,0,1
"positive regulation of GTPase activity","MMEA9_E1",10,12,3.7e-24,-0.241008099503795,0.5733
"regulation of cytokinesis","MMEA9_E1",5,4,3.7e-24,0.263034405833794,0.8086
"mitochondrion localization","MMEA9_E1",3,3,3.7e-24,0,1
"renal system development","MMEA9_E1",10,13,3.7e-24,-0.347923303420307,0.4102
"regulation of cysteine-type endopeptidase activity involved in apoptotic process","MMEA9_E1",10,9,3.7e-24,0.137503523749935,0.8618
"regulation of cell-substrate adhesion","MMEA9_E1",4,9,3.7e-24,-1,0.0469
"centrosome localization","MMEA9_E1",1,1,3.7e-24,0,1
"microtubule organizing center localization","MMEA9_E1",2,2,3.7e-24,0,1
"pinocytosis","MMEA9_E1",2,1,3.7e-24,0.584962500721156,0.6317
"lamellipodium assembly","MMEA9_E1",1,2,3.7e-24,-0.584962500721156,0.5261
"cellular response to sterol depletion","MMEA9_E1",0,1,3.7e-24,-1,0.4891
"placenta development","MMEA9_E1",3,6,3.7e-24,-0.807354922057604,0.1452
"rhythmic process","MMEA9_E1",4,13,3.7e-24,-1.48542682717024,0.0036
"spindle localization","MMEA9_E1",3,3,3.7e-24,0,1
"carbohydrate derivative catabolic process","MMEA9_E1",8,7,3.7e-24,0.169925001442312,0.8519
"response to amino acid","MMEA9_E1",1,4,3.7e-24,-1.32192809488736,0.0767
"regulation of intracellular steroid hormone receptor signaling pathway","MMEA9_E1",2,3,3.7e-24,-0.415037499278844,0.5967
"regulation of neuron death","MMEA9_E1",13,12,3.7e-24,0.106915203916512,0.8892
"ossification","MMEA9_E1",16,18,3.7e-24,-0.160464672193246,0.639
"mammary gland epithelial cell proliferation","MMEA9_E1",2,1,3.7e-24,0.584962500721156,0.6319
"ribosomal subunit export from nucleus","MMEA9_E1",2,1,3.7e-24,0.584962500721156,0.6456
"ribosome localization","MMEA9_E1",1,0,3.7e-24,1,0.4881
"protein transport to vacuole involved in ubiquitin-dependent protein catabolic process via the multivesicular body sorting pathway","MMEA9_E1",1,1,3.7e-24,0,1
"seminiferous tubule development","MMEA9_E1",1,1,3.7e-24,0,1
"cellular response to acid chemical","MMEA9_E1",1,5,3.7e-24,-1.58496250072116,0.033
"positive regulation of kinase activity","MMEA9_E1",16,16,3.7e-24,0,1
"positive regulation by host of viral process","MMEA9_E1",1,1,3.7e-24,0,1
"mitochondrion morphogenesis","MMEA9_E1",0,1,3.7e-24,-1,0.4168
"regulation of establishment of cell polarity","MMEA9_E1",0,1,3.7e-24,-1,0.4164
"cellular lipid catabolic process","MMEA9_E1",11,9,3.7e-24,0.263034405833794,0.6173
"neuron apoptotic process","MMEA9_E1",9,12,3.7e-24,-0.37851162325373,0.4055
"inner cell mass cell proliferation","MMEA9_E1",2,0,3.7e-24,1.58496250072116,0.1531
"polyamine biosynthetic process","MMEA9_E1",2,1,3.7e-24,0.584962500721156,0.6358
"folic acid metabolic process","MMEA9_E1",0,1,3.7e-24,-1,0.4131
"organelle inheritance","MMEA9_E1",2,1,3.7e-24,0.584962500721156,0.6359
"polyol metabolic process","MMEA9_E1",3,4,3.7e-24,-0.321928094887362,0.6366
"regulation of type I interferon-mediated signaling pathway","MMEA9_E1",2,2,3.7e-24,0,1
"intracellular lipid transport","MMEA9_E1",0,2,3.7e-24,-1.58496250072116,0.0946
"fat cell differentiation","MMEA9_E1",5,8,3.7e-24,-0.584962500721156,0.2425
"iron ion homeostasis","MMEA9_E1",2,3,3.7e-24,-0.415037499278844,0.598
"negative regulation of cell projection organization","MMEA9_E1",3,8,3.7e-24,-1.16992500144231,0.0355
"dicarboxylic acid metabolic process","MMEA9_E1",2,4,3.7e-24,-0.736965594166206,0.3086
"regulation of anatomical structure size","MMEA9_E1",21,18,3.7e-24,0.211504105193712,0.5593
"regulation of small molecule metabolic process","MMEA9_E1",12,14,3.7e-24,-0.206450877467426,0.602
"pentose-phosphate shunt","MMEA9_E1",2,2,3.7e-24,0,1
"pericardium development","MMEA9_E1",2,1,3.7e-24,0.584962500721156,0.6337
"lysosomal protein catabolic process","MMEA9_E1",2,1,3.7e-24,0.584962500721156,0.6269
"carbohydrate derivative transport","MMEA9_E1",1,3,3.7e-24,-1,0.1996
"alcohol biosynthetic process","MMEA9_E1",6,5,3.7e-24,0.222392421336448,0.824
"regulation of membrane permeability","MMEA9_E1",1,3,3.7e-24,-1,0.2105
"signal peptide processing","MMEA9_E1",0,0,3.7e-24,0,1
"UV-damage excision repair","MMEA9_E1",0,1,3.7e-24,-1,0.5059
"biological process involved in interaction with host","MMEA9_E1",7,10,3.7e-24,-0.459431618637297,0.3049
"body morphogenesis","MMEA9_E1",1,3,3.7e-24,-1,0.2437
"extracellular vesicle biogenesis","MMEA9_E1",1,1,3.7e-24,0,1
"negative regulation of defense response to virus","MMEA9_E1",1,1,3.7e-24,0,1
"aminoglycan biosynthetic process","MMEA9_E1",0,2,3.7e-24,-1.58496250072116,0.0781
"sterol biosynthetic process","MMEA9_E1",0,3,3.7e-24,-2,0.0604
"polyamine metabolic process","MMEA9_E1",0,1,3.7e-24,-1,0.4563
"magnesium ion transport","MMEA9_E1",2,1,3.7e-24,0.584962500721156,0.6285
"lamellipodium morphogenesis","MMEA9_E1",0,1,3.7e-24,-1,0.5061
"positive regulation of neuron migration","MMEA9_E1",0,1,3.7e-24,-1,0.4705
"regulation of glucose metabolic process","MMEA9_E1",5,5,3.7e-24,0,1
"monosaccharide biosynthetic process","MMEA9_E1",3,4,3.7e-24,-0.321928094887362,0.6439
"response to acid chemical","MMEA9_E1",4,5,3.7e-24,-0.263034405833794,0.6678
"regulation of carbohydrate metabolic process","MMEA9_E1",9,8,3.7e-24,0.15200309344505,0.8617
"positive regulation of nervous system development","MMEA9_E1",9,12,3.7e-24,-0.37851162325373,0.3974
"regulation of circadian rhythm","MMEA9_E1",6,5,3.7e-24,0.222392421336448,0.8259
"trabecula morphogenesis","MMEA9_E1",4,2,3.7e-24,0.736965594166206,0.3088
"pigment accumulation","MMEA9_E1",0,0,3.7e-24,0,1
"cellular pigment accumulation","MMEA9_E1",0,0,3.7e-24,0,1
"regulation of pinocytosis","MMEA9_E1",0,0,3.7e-24,0,1
"regulation of ligase activity","MMEA9_E1",0,0,3.7e-24,0,1
"smoothened signaling pathway involved in dorsal/ventral neural tube patterning","MMEA9_E1",0,0,3.7e-24,0,1
"glycosyl compound metabolic process","MMEA9_E1",2,3,3.7e-24,-0.415037499278844,0.6102
"substantia nigra development","MMEA9_E1",3,2,3.7e-24,0.415037499278844,0.7476
"negative regulation of GTPase activity","MMEA9_E1",0,2,3.7e-24,-1.58496250072116,0.1587
"axon extension","MMEA9_E1",5,4,3.7e-24,0.263034405833794,0.8075
"positive regulation of epithelial to mesenchymal transition","MMEA9_E1",2,2,3.7e-24,0,1
"one-carbon metabolic process","MMEA9_E1",0,1,3.7e-24,-1,0.5108
"NADPH regeneration","MMEA9_E1",2,1,3.7e-24,0.584962500721156,0.6421
"cellular response to dsRNA","MMEA9_E1",0,1,3.7e-24,-1,0.4272
"neuron projection organization","MMEA9_E1",5,4,3.7e-24,0.263034405833794,0.8054
"postsynapse organization","MMEA9_E1",4,7,3.7e-24,-0.678071905112638,0.2089
"regulation of ketone biosynthetic process","MMEA9_E1",1,1,3.7e-24,0,1
"mitochondrion distribution","MMEA9_E1",0,0,3.7e-24,0,1
"regulation of autophagosome maturation","MMEA9_E1",0,1,3.7e-24,-1,0.5261
"magnesium ion transmembrane transport","MMEA9_E1",1,1,3.7e-24,0,1
"regulation of cell division","MMEA9_E1",6,7,3.7e-24,-0.192645077942396,0.7141
"intermembrane lipid transfer","MMEA9_E1",2,2,3.7e-24,0,1
"organophosphate ester transport","MMEA9_E1",1,6,3.7e-24,-1.8073549220576,0.0151
"movement in host","MMEA9_E1",6,8,3.7e-24,-0.362570079384708,0.5064
"extracellular matrix assembly","MMEA9_E1",1,2,3.7e-24,-0.584962500721156,0.5686
"cellular metabolic compound salvage","MMEA9_E1",1,1,3.7e-24,0,1
"regulation of ATP-dependent activity","MMEA9_E1",4,3,3.7e-24,0.321928094887362,0.7783
"cell migration involved in heart development","MMEA9_E1",3,1,3.7e-24,1,0.4272
"cellular response to fluid shear stress","MMEA9_E1",0,1,3.7e-24,-1,0.4696
"sphingomyelin biosynthetic process","MMEA9_E1",0,0,3.7e-24,0,1
"ether lipid biosynthetic process","MMEA9_E1",0,1,3.7e-24,-1,0.4304
"embryonic body morphogenesis","MMEA9_E1",1,1,3.7e-24,0,1
"amino sugar biosynthetic process","MMEA9_E1",0,0,3.7e-24,0,1
"glycerol ether biosynthetic process","MMEA9_E1",0,1,3.7e-24,-1,0.5066
"pigmentation","MMEA9_E1",3,5,3.7e-24,-0.584962500721156,0.3121
"cellular response to ketone","MMEA9_E1",6,4,3.7e-24,0.485426827170242,0.4707
"nonribosomal peptide biosynthetic process","MMEA9_E1",2,1,3.7e-24,0.584962500721156,0.643
"glial cell apoptotic process","MMEA9_E1",0,1,3.7e-24,-1,0.4309
"lipoprotein catabolic process","MMEA9_E1",0,1,3.7e-24,-1,0.5191
"suppression of viral release by host","MMEA9_E1",0,0,3.7e-24,0,1
"chaperone-mediated autophagy","MMEA9_E1",1,0,3.7e-24,1,0.4045
"regulation of steroid hormone biosynthetic process","MMEA9_E1",0,1,3.7e-24,-1,0.4897
"synaptic vesicle lumen acidification","MMEA9_E1",0,0,3.7e-24,0,1
"semaphorin-plexin signaling pathway involved in neuron projection guidance","MMEA9_E1",0,1,3.7e-24,-1,0.4814
"regulation of Golgi organization","MMEA9_E1",2,0,3.7e-24,1.58496250072116,0.1218
"Schwann cell differentiation","MMEA9_E1",2,2,3.7e-24,0,1
"neurotrophin signaling pathway","MMEA9_E1",3,1,3.7e-24,1,0.4243
"regulation of microtubule depolymerization","MMEA9_E1",3,1,3.7e-24,1,0.4082
"basement membrane organization","MMEA9_E1",2,1,3.7e-24,0.584962500721156,0.6665
"establishment or maintenance of epithelial cell apical/basal polarity","MMEA9_E1",1,2,3.7e-24,-0.584962500721156,0.531
"face development","MMEA9_E1",0,2,3.7e-24,-1.58496250072116,0.0803
"osteoblast differentiation","MMEA9_E1",6,10,3.7e-24,-0.652076696579693,0.1446
"appendage development","MMEA9_E1",6,8,3.7e-24,-0.362570079384708,0.5112
"limb development","MMEA9_E1",4,9,3.7e-24,-1,0.0655
"regulation of ATP metabolic process","MMEA9_E1",6,3,3.7e-24,0.807354922057604,0.2845
"developmental growth involved in morphogenesis","MMEA9_E1",9,8,3.7e-24,0.15200309344505,0.8648
"embryonic organ development","MMEA9_E1",9,18,3.7e-24,-0.925999418556223,0.0158
"negative regulation of growth","MMEA9_E1",6,11,3.7e-24,-0.777607578663552,0.0853
"microtubule depolymerization","MMEA9_E1",1,2,3.7e-24,-0.584962500721156,0.5526
"heme metabolic process","MMEA9_E1",2,2,3.7e-24,0,1
"regulation of neuron apoptotic process","MMEA9_E1",8,10,3.7e-24,-0.289506617194985,0.5457
"plasma membrane tubulation","MMEA9_E1",1,1,3.7e-24,0,1
"exosomal secretion","MMEA9_E1",2,1,3.7e-24,0.584962500721156,0.6396
"vasculogenesis","MMEA9_E1",4,4,3.7e-24,0,1
"toxin transport","MMEA9_E1",0,2,3.7e-24,-1.58496250072116,0.0841
"ncRNA processing","MMEA9_E2",4,9,3.7e-24,-1,0.0518
"ribosome biogenesis","MMEA9_E2",7,8,3.7e-24,-0.169925001442312,0.7365
"rRNA metabolic process","MMEA9_E2",3,7,3.7e-24,-1,0.1006
"proteasome-mediated ubiquitin-dependent protein catabolic process","MMEA9_E2",6,10,3.7e-24,-0.652076696579693,0.1587
"regulation of response to DNA damage stimulus","MMEA9_E2",3,7,3.7e-24,-1,0.0725
"establishment of protein localization to organelle","MMEA9_E2",4,8,3.7e-24,-0.84799690655495,0.0866
"macroautophagy","MMEA9_E2",2,8,3.7e-24,-1.58496250072116,0.0113
"regulation of chromosome organization","MMEA9_E2",6,6,3.7e-24,0,1
"Golgi vesicle transport","MMEA9_E2",6,7,3.7e-24,-0.192645077942396,0.7075
"double-strand break repair","MMEA9_E2",10,7,3.7e-24,0.459431618637297,0.3427
"histone modification","MMEA9_E2",9,10,3.7e-24,-0.137503523749935,0.7571
"sister chromatid segregation","MMEA9_E2",5,6,3.7e-24,-0.222392421336448,0.7081
"DNA replication","MMEA9_E2",1,6,3.7e-24,-1.8073549220576,0.0161
"chromosome segregation","MMEA9_E2",10,9,3.7e-24,0.137503523749935,0.8712
"mitochondrial gene expression","MMEA9_E2",2,4,3.7e-24,-0.736965594166206,0.3043
"nucleocytoplasmic transport","MMEA9_E2",7,8,3.7e-24,-0.169925001442312,0.7326
"nuclear transport","MMEA9_E2",4,7,3.7e-24,-0.678071905112638,0.2355
"regulation of DNA repair","MMEA9_E2",1,5,3.7e-24,-1.58496250072116,0.0415
"peptidyl-lysine modification","MMEA9_E2",6,9,3.7e-24,-0.514573172829758,0.2949
"protein targeting","MMEA9_E2",4,7,3.7e-24,-0.678071905112638,0.2019
"cytoplasmic translation","MMEA9_E2",5,4,3.7e-24,0.263034405833794,0.7982
"regulation of autophagy","MMEA9_E2",5,7,3.7e-24,-0.415037499278844,0.4734
"signal transduction in response to DNA damage","MMEA9_E2",1,4,3.7e-24,-1.32192809488736,0.0834
"regulation of intracellular transport","MMEA9_E2",7,7,3.7e-24,0,1
"protein localization to nucleus","MMEA9_E2",4,6,3.7e-24,-0.485426827170242,0.4278
"microtubule cytoskeleton organization involved in mitosis","MMEA9_E2",3,5,3.7e-24,-0.584962500721156,0.3238
"telomere maintenance","MMEA9_E2",3,3,3.7e-24,0,1
"cell cycle checkpoint signaling","MMEA9_E2",3,5,3.7e-24,-0.584962500721156,0.3457
"regulation of protein modification by small protein conjugation or removal","MMEA9_E2",1,5,3.7e-24,-1.58496250072116,0.0304
"cellular respiration","MMEA9_E2",4,5,3.7e-24,-0.263034405833794,0.6782
"cellular component disassembly","MMEA9_E2",9,10,3.7e-24,-0.137503523749935,0.7653
"nuclear chromosome segregation","MMEA9_E2",2,6,3.7e-24,-1.22239242133645,0.0403
"regulation of protein stability","MMEA9_E2",8,6,3.7e-24,0.362570079384708,0.5386
"regulation of cell cycle phase transition","MMEA9_E2",9,10,3.7e-24,-0.137503523749935,0.7587
"regulation of protein catabolic process","MMEA9_E2",10,7,3.7e-24,0.459431618637297,0.3512
"response to endoplasmic reticulum stress","MMEA9_E2",4,6,3.7e-24,-0.485426827170242,0.4467
"vesicle organization","MMEA9_E2",9,7,3.7e-24,0.321928094887362,0.587
"mitochondrial respiratory chain complex assembly","MMEA9_E2",2,2,3.7e-24,0,1
"DNA-templated transcription elongation","MMEA9_E2",3,3,3.7e-24,0,1
"mitochondrial transport","MMEA9_E2",1,4,3.7e-24,-1.32192809488736,0.0899
"establishment of organelle localization","MMEA9_E2",6,9,3.7e-24,-0.514573172829758,0.2675
"regulation of intracellular protein transport","MMEA9_E2",2,5,3.7e-24,-1,0.1301
"response to UV","MMEA9_E2",8,4,3.7e-24,0.84799690655495,0.1476
"RNA localization","MMEA9_E2",2,5,3.7e-24,-1,0.132
"response to topologically incorrect protein","MMEA9_E2",5,4,3.7e-24,0.263034405833794,0.8135
"organelle fission","MMEA9_E2",7,9,3.7e-24,-0.321928094887362,0.5097
"non-membrane-bounded organelle assembly","MMEA9_E2",3,8,3.7e-24,-1.16992500144231,0.0361
"protein polyubiquitination","MMEA9_E2",4,5,3.7e-24,-0.263034405833794,0.6844
"methylation","MMEA9_E2",8,7,3.7e-24,0.169925001442312,0.8471
"phospholipid biosynthetic process","MMEA9_E2",6,5,3.7e-24,0.222392421336448,0.8196
"oxidative phosphorylation","MMEA9_E2",2,4,3.7e-24,-0.736965594166206,0.3231
"establishment of protein localization to membrane","MMEA9_E2",5,5,3.7e-24,0,1
"in utero embryonic development","MMEA9_E2",6,8,3.7e-24,-0.362570079384708,0.51
"vacuole organization","MMEA9_E2",3,4,3.7e-24,-0.321928094887362,0.6456
"nuclear-transcribed mRNA catabolic process","MMEA9_E2",2,3,3.7e-24,-0.415037499278844,0.5916
"protein folding","MMEA9_E2",5,5,3.7e-24,0,1
"DNA conformation change","MMEA9_E2",1,2,3.7e-24,-0.584962500721156,0.54
"regulation of chromosome segregation","MMEA9_E2",3,3,3.7e-24,0,1
"regulation of apoptotic signaling pathway","MMEA9_E2",4,8,3.7e-24,-0.84799690655495,0.1136
"cell cycle G2/M phase transition","MMEA9_E2",4,3,3.7e-24,0.321928094887362,0.783
"vacuolar transport","MMEA9_E2",1,3,3.7e-24,-1,0.2231
"response to ionizing radiation","MMEA9_E2",5,3,3.7e-24,0.584962500721156,0.3876
"cellular response to UV","MMEA9_E2",0,1,3.7e-24,-1,0.4327
"regulation of binding","MMEA9_E2",3,7,3.7e-24,-1,0.0749
"nucleic acid transport","MMEA9_E2",4,4,3.7e-24,0,1
"RNA transport","MMEA9_E2",1,4,3.7e-24,-1.32192809488736,0.0746
"ribonucleoprotein complex subunit organization","MMEA9_E2",2,5,3.7e-24,-1,0.1536
"regulation of DNA replication","MMEA9_E2",0,3,3.7e-24,-2,0.0349
"ribose phosphate metabolic process","MMEA9_E2",7,10,3.7e-24,-0.459431618637297,0.3018
"proton motive force-driven ATP synthesis","MMEA9_E2",2,1,3.7e-24,0.584962500721156,0.6631
"ribonucleotide metabolic process","MMEA9_E2",7,9,3.7e-24,-0.321928094887362,0.5187
"telomere organization","MMEA9_E2",5,5,3.7e-24,0,1
"cellular response to topologically incorrect protein","MMEA9_E2",4,3,3.7e-24,0.321928094887362,0.7813
"Golgi organization","MMEA9_E2",1,2,3.7e-24,-0.584962500721156,0.5297
"ribonucleoprotein complex assembly","MMEA9_E2",1,5,3.7e-24,-1.58496250072116,0.0419
"cellular nitrogen compound catabolic process","MMEA9_E2",8,9,3.7e-24,-0.15200309344505,0.7476
"negative regulation of phosphorus metabolic process","MMEA9_E2",5,7,3.7e-24,-0.415037499278844,0.4628
"heterocycle catabolic process","MMEA9_E2",5,10,3.7e-24,-0.874469117916141,0.0813
"mitochondrial membrane organization","MMEA9_E2",2,3,3.7e-24,-0.415037499278844,0.6241
"regulation of protein-containing complex assembly","MMEA9_E2",3,7,3.7e-24,-1,0.0661
"positive regulation of cellular component biogenesis","MMEA9_E2",10,10,3.7e-24,0,1
"response to oxidative stress","MMEA9_E2",9,9,3.7e-24,0,1
"regulation of supramolecular fiber organization","MMEA9_E2",5,6,3.7e-24,-0.222392421336448,0.6982
"positive regulation of protein localization","MMEA9_E2",9,10,3.7e-24,-0.137503523749935,0.761
"positive regulation of cell projection organization","MMEA9_E2",8,6,3.7e-24,0.362570079384708,0.5486
"negative regulation of transferase activity","MMEA9_E2",6,6,3.7e-24,0,1
"autophagy of mitochondrion","MMEA9_E2",4,2,3.7e-24,0.736965594166206,0.2849
"positive regulation of amide metabolic process","MMEA9_E2",4,4,3.7e-24,0,1
"chromatin remodeling","MMEA9_E2",9,6,3.7e-24,0.514573172829758,0.3109
"viral process","MMEA9_E2",2,9,3.7e-24,-1.73696559416621,0.0068
"macromolecule deacylation","MMEA9_E2",1,3,3.7e-24,-1,0.2288
"mitotic cytokinesis","MMEA9_E2",1,1,3.7e-24,0,1
"aromatic compound catabolic process","MMEA9_E2",11,9,3.7e-24,0.263034405833794,0.6173
"vesicle localization","MMEA9_E2",3,4,3.7e-24,-0.321928094887362,0.6509
"establishment or maintenance of cell polarity","MMEA9_E2",2,4,3.7e-24,-0.736965594166206,0.2624
"Wnt signaling pathway","MMEA9_E2",9,9,3.7e-24,0,1
"cell-cell signaling by wnt","MMEA9_E2",4,9,3.7e-24,-1,0.059
"ATP metabolic process","MMEA9_E2",5,5,3.7e-24,0,1
"cellular response to chemical stress","MMEA9_E2",3,6,3.7e-24,-0.807354922057604,0.1488
"regulation of vacuole organization","MMEA9_E2",0,1,3.7e-24,-1,0.4495
"cellular response to external stimulus","MMEA9_E2",5,7,3.7e-24,-0.415037499278844,0.477
"negative regulation of protein phosphorylation","MMEA9_E2",5,6,3.7e-24,-0.222392421336448,0.6968
"negative regulation of catabolic process","MMEA9_E2",7,7,3.7e-24,0,1
"regulation of microtubule cytoskeleton organization","MMEA9_E2",0,3,3.7e-24,-2,0.0537
"chromosome localization","MMEA9_E2",1,2,3.7e-24,-0.584962500721156,0.5587
"negative regulation of mitotic nuclear division","MMEA9_E2",2,1,3.7e-24,0.584962500721156,0.6397
"regulation of actin filament organization","MMEA9_E2",4,5,3.7e-24,-0.263034405833794,0.6762
"dephosphorylation","MMEA9_E2",1,6,3.7e-24,-1.8073549220576,0.0141
"glycosylation","MMEA9_E2",3,5,3.7e-24,-0.584962500721156,0.3352
"positive regulation of establishment of protein localization","MMEA9_E2",2,6,3.7e-24,-1.22239242133645,0.0451
"regulation of microtubule-based process","MMEA9_E2",2,5,3.7e-24,-1,0.1597
"cell-substrate junction organization","MMEA9_E2",3,2,3.7e-24,0.415037499278844,0.7392
"protein-containing complex localization","MMEA9_E2",3,4,3.7e-24,-0.321928094887362,0.6697
"mitochondrial transmembrane transport","MMEA9_E2",2,2,3.7e-24,0,1
"stem cell population maintenance","MMEA9_E2",4,4,3.7e-24,0,1
"ribosome assembly","MMEA9_E2",1,1,3.7e-24,0,1
"intraciliary transport","MMEA9_E2",5,1,3.7e-24,1.58496250072116,0.0105
"Golgi to plasma membrane protein transport","MMEA9_E2",2,1,3.7e-24,0.584962500721156,0.6329
"response to amino acid starvation","MMEA9_E2",1,1,3.7e-24,0,1
"cellular response to extracellular stimulus","MMEA9_E2",2,5,3.7e-24,-1,0.1327
"cell growth","MMEA9_E2",8,7,3.7e-24,0.169925001442312,0.8502
"protein glycosylation","MMEA9_E2",6,4,3.7e-24,0.485426827170242,0.4577
"macromolecule glycosylation","MMEA9_E2",1,4,3.7e-24,-1.32192809488736,0.0601
"maintenance of cell number","MMEA9_E2",6,4,3.7e-24,0.485426827170242,0.4545
"response to reactive oxygen species","MMEA9_E2",2,4,3.7e-24,-0.736965594166206,0.2557
"regulation of cell morphogenesis","MMEA9_E2",2,5,3.7e-24,-1,0.1328
"regulation of cellular component size","MMEA9_E2",5,7,3.7e-24,-0.415037499278844,0.4663
"cell-substrate junction assembly","MMEA9_E2",1,2,3.7e-24,-0.584962500721156,0.5246
"membrane fission","MMEA9_E2",2,1,3.7e-24,0.584962500721156,0.6715
"membrane docking","MMEA9_E2",0,2,3.7e-24,-1.58496250072116,0.164
"fibroblast migration","MMEA9_E2",1,1,3.7e-24,0,1
"nucleus organization","MMEA9_E2",2,2,3.7e-24,0,1
"regulation of cell growth","MMEA9_E2",3,8,3.7e-24,-1.16992500144231,0.0542
"fibroblast proliferation","MMEA9_E2",1,2,3.7e-24,-0.584962500721156,0.5278
"cell cycle G1/S phase transition","MMEA9_E2",6,6,3.7e-24,0,1
"actin filament organization","MMEA9_E2",5,8,3.7e-24,-0.584962500721156,0.2468
"response to oxygen levels","MMEA9_E2",5,6,3.7e-24,-0.222392421336448,0.6997
"epigenetic regulation of gene expression","MMEA9_E2",4,3,3.7e-24,0.321928094887362,0.7875
"organelle fusion","MMEA9_E2",0,2,3.7e-24,-1.58496250072116,0.0768
"lipoprotein metabolic process","MMEA9_E2",2,3,3.7e-24,-0.415037499278844,0.6167
"protein lipidation","MMEA9_E2",1,2,3.7e-24,-0.584962500721156,0.5479
"regulation of plasma membrane bounded cell projection assembly","MMEA9_E2",2,4,3.7e-24,-0.736965594166206,0.2558
"regulation of actin filament-based process","MMEA9_E2",7,7,3.7e-24,0,1
"regulation of GTPase activity","MMEA9_E2",4,6,3.7e-24,-0.485426827170242,0.427
"nuclear envelope organization","MMEA9_E2",1,1,3.7e-24,0,1
"protein autophosphorylation","MMEA9_E2",2,4,3.7e-24,-0.736965594166206,0.2954
"connective tissue development","MMEA9_E2",5,6,3.7e-24,-0.222392421336448,0.6965
"cellular response to heat","MMEA9_E2",0,1,3.7e-24,-1,0.4207
"myeloid cell homeostasis","MMEA9_E2",6,4,3.7e-24,0.485426827170242,0.4605
"regulation of neuron projection development","MMEA9_E2",5,8,3.7e-24,-0.584962500721156,0.2782
"receptor metabolic process","MMEA9_E2",1,1,3.7e-24,0,1
"maintenance of protein location in cell","MMEA9_E2",1,2,3.7e-24,-0.584962500721156,0.5461
"apoptotic mitochondrial changes","MMEA9_E2",2,2,3.7e-24,0,1
"response to transforming growth factor beta","MMEA9_E2",11,6,3.7e-24,0.777607578663552,0.1876
"neural tube development","MMEA9_E2",4,3,3.7e-24,0.321928094887362,0.7843
"maintenance of protein location","MMEA9_E2",1,2,3.7e-24,-0.584962500721156,0.5645
"regulation of ubiquitin-protein transferase activity","MMEA9_E2",2,2,3.7e-24,0,1
"cilium assembly","MMEA9_E2",10,7,3.7e-24,0.459431618637297,0.3487
"mRNA export from nucleus","MMEA9_E2",4,1,3.7e-24,1.32192809488736,0.0643
"regulation of cell-substrate junction organization","MMEA9_E2",2,1,3.7e-24,0.584962500721156,0.68
"membrane biogenesis","MMEA9_E2",1,1,3.7e-24,0,1
"cilium organization","MMEA9_E2",0,6,3.7e-24,-2.8073549220576,9e-04
"platelet-derived growth factor receptor signaling pathway","MMEA9_E2",1,1,3.7e-24,0,1
"iron-sulfur cluster assembly","MMEA9_E2",1,1,3.7e-24,0,1
"metallo-sulfur cluster assembly","MMEA9_E2",1,0,3.7e-24,1,0.3962
"centromere complex assembly","MMEA9_E2",0,0,3.7e-24,0,1
"cellular response to oxygen levels","MMEA9_E2",1,3,3.7e-24,-1,0.241
"fatty acid beta-oxidation","MMEA9_E2",1,2,3.7e-24,-0.584962500721156,0.5676
"organelle localization by membrane tethering","MMEA9_E2",1,2,3.7e-24,-0.584962500721156,0.5763
"autophagosome maturation","MMEA9_E2",0,1,3.7e-24,-1,0.4382
"cellular response to transforming growth factor beta stimulus","MMEA9_E2",4,6,3.7e-24,-0.485426827170242,0.4425
"nucleotide catabolic process","MMEA9_E2",1,1,3.7e-24,0,1
"tube closure","MMEA9_E2",2,2,3.7e-24,0,1
"regulation of stem cell differentiation","MMEA9_E2",1,1,3.7e-24,0,1
"substrate adhesion-dependent cell spreading","MMEA9_E2",1,2,3.7e-24,-0.584962500721156,0.5374
"chondrocyte differentiation","MMEA9_E2",3,3,3.7e-24,0,1
"regulation of fibroblast proliferation","MMEA9_E2",1,1,3.7e-24,0,1
"morphogenesis of an epithelial sheet","MMEA9_E2",3,2,3.7e-24,0.415037499278844,0.726
"microtubule polymerization","MMEA9_E2",3,2,3.7e-24,0.415037499278844,0.7337
"response to virus","MMEA9_E2",11,9,3.7e-24,0.263034405833794,0.6336
"membrane assembly","MMEA9_E2",1,1,3.7e-24,0,1
"COPII vesicle coating","MMEA9_E2",0,0,3.7e-24,0,1
"erythrocyte differentiation","MMEA9_E2",3,2,3.7e-24,0.415037499278844,0.7372
"organophosphate catabolic process","MMEA9_E2",7,3,3.7e-24,1,0.2111
"regulation of embryonic development","MMEA9_E2",3,2,3.7e-24,0.415037499278844,0.7358
"regulation of focal adhesion assembly","MMEA9_E2",0,1,3.7e-24,-1,0.4074
"regulation of cell-substrate junction assembly","MMEA9_E2",0,1,3.7e-24,-1,0.4114
"regulation of extracellular matrix organization","MMEA9_E2",0,1,3.7e-24,-1,0.422
"GPI anchor biosynthetic process","MMEA9_E2",0,0,3.7e-24,0,1
"lamellipodium organization","MMEA9_E2",2,2,3.7e-24,0,1
"positive regulation of stem cell population maintenance","MMEA9_E2",0,0,3.7e-24,0,1
"monosaccharide metabolic process","MMEA9_E2",1,4,3.7e-24,-1.32192809488736,0.1197
"U2-type prespliceosome assembly","MMEA9_E2",1,1,3.7e-24,0,1
"heterochromatin formation","MMEA9_E2",3,2,3.7e-24,0.415037499278844,0.7281
"peroxisome organization","MMEA9_E2",0,1,3.7e-24,-1,0.5099
"regulation of mitochondrial fission","MMEA9_E2",0,1,3.7e-24,-1,0.5115
"cellular pigmentation","MMEA9_E2",1,2,3.7e-24,-0.584962500721156,0.5404
"regulation of fibroblast migration","MMEA9_E2",0,1,3.7e-24,-1,0.4799
"cellular carbohydrate metabolic process","MMEA9_E2",3,5,3.7e-24,-0.584962500721156,0.3572
"positive regulation of axonogenesis","MMEA9_E2",2,1,3.7e-24,0.584962500721156,0.6591
"kinetochore organization","MMEA9_E2",0,0,3.7e-24,0,1
"stem cell differentiation","MMEA9_E2",1,4,3.7e-24,-1.32192809488736,0.0826
"proton transmembrane transport","MMEA9_E2",2,3,3.7e-24,-0.415037499278844,0.6311
"cellular response to insulin stimulus","MMEA9_E2",5,4,3.7e-24,0.263034405833794,0.7992
"establishment of mitotic spindle localization","MMEA9_E2",1,0,3.7e-24,1,0.3995
"cell redox homeostasis","MMEA9_E2",1,1,3.7e-24,0,1
"stress granule assembly","MMEA9_E2",0,0,3.7e-24,0,1
"protein neddylation","MMEA9_E2",0,1,3.7e-24,-1,0.4708
"regulation of mitochondrial membrane potential","MMEA9_E2",0,1,3.7e-24,-1,0.4311
"neuron death","MMEA9_E2",7,7,3.7e-24,0,1
"defense response to virus","MMEA9_E2",4,5,3.7e-24,-0.263034405833794,0.6804
"sulfur compound metabolic process","MMEA9_E2",5,5,3.7e-24,0,1
"NADP metabolic process","MMEA9_E2",2,1,3.7e-24,0.584962500721156,0.6392
"vacuolar acidification","MMEA9_E2",0,1,3.7e-24,-1,0.5011
"oligosaccharide-lipid intermediate biosynthetic process","MMEA9_E2",0,0,3.7e-24,0,1
"lysosomal lumen acidification","MMEA9_E2",0,0,3.7e-24,0,1
"glycosyl compound biosynthetic process","MMEA9_E2",0,0,3.7e-24,0,1
"heart valve development","MMEA9_E2",0,1,3.7e-24,-1,0.4067
"water-soluble vitamin metabolic process","MMEA9_E2",2,1,3.7e-24,0.584962500721156,0.6476
"interferon-beta production","MMEA9_E2",1,1,3.7e-24,0,1
"regulation of interferon-beta production","MMEA9_E2",1,1,3.7e-24,0,1
"branched-chain amino acid metabolic process","MMEA9_E2",0,1,3.7e-24,-1,0.5072
"regulation of mitochondrial membrane permeability","MMEA9_E2",2,1,3.7e-24,0.584962500721156,0.6706
"respiratory tube development","MMEA9_E2",4,4,3.7e-24,0,1
"cellular senescence","MMEA9_E2",1,2,3.7e-24,-0.584962500721156,0.5526
"positive regulation of neurogenesis","MMEA9_E2",2,4,3.7e-24,-0.736965594166206,0.2642
"mitochondrial outer membrane permeabilization","MMEA9_E2",0,1,3.7e-24,-1,0.4573
"immune system development","MMEA9_E2",2,4,3.7e-24,-0.736965594166206,0.282
"clathrin-dependent endocytosis","MMEA9_E2",0,0,3.7e-24,0,1
"positive regulation of viral process","MMEA9_E2",0,1,3.7e-24,-1,0.4541
"bone development","MMEA9_E2",2,4,3.7e-24,-0.736965594166206,0.2609
"cell-substrate adhesion","MMEA9_E2",2,6,3.7e-24,-1.22239242133645,0.0634
"positive regulation of microtubule polymerization","MMEA9_E2",0,0,3.7e-24,0,1
"pteridine-containing compound metabolic process","MMEA9_E2",0,0,3.7e-24,0,1
"response to arsenic-containing substance","MMEA9_E2",0,1,3.7e-24,-1,0.5173
"response to insulin","MMEA9_E2",5,5,3.7e-24,0,1
"ubiquinone metabolic process","MMEA9_E2",0,0,3.7e-24,0,1
"cellular response to arsenic-containing substance","MMEA9_E2",0,0,3.7e-24,0,1
"inositol phosphate catabolic process","MMEA9_E2",0,0,3.7e-24,0,1
"telomerase RNA localization to Cajal body","MMEA9_E2",1,0,3.7e-24,1,0.1524
"respiratory system development","MMEA9_E2",2,3,3.7e-24,-0.415037499278844,0.5923
"regulation of generation of precursor metabolites and energy","MMEA9_E2",2,2,3.7e-24,0,1
"mitochondrial calcium ion homeostasis","MMEA9_E2",0,0,3.7e-24,0,1
"G0 to G1 transition","MMEA9_E2",1,1,3.7e-24,0,1
"mitochondrial genome maintenance","MMEA9_E2",1,1,3.7e-24,0,1
"release of cytochrome c from mitochondria","MMEA9_E2",0,1,3.7e-24,-1,0.4217
"cortical cytoskeleton organization","MMEA9_E2",0,1,3.7e-24,-1,0.5233
"response to sterol depletion","MMEA9_E2",2,0,3.7e-24,1.58496250072116,0.0728
"regulation of ncRNA transcription","MMEA9_E2",0,0,3.7e-24,0,1
"mesenchymal cell differentiation","MMEA9_E2",7,4,3.7e-24,0.678071905112638,0.3453
"protein-DNA complex subunit organization","MMEA9_E2",2,5,3.7e-24,-1,0.1641
"response to fluid shear stress","MMEA9_E2",1,1,3.7e-24,0,1
"collagen fibril organization","MMEA9_E2",1,1,3.7e-24,0,1
"roof of mouth development","MMEA9_E2",0,1,3.7e-24,-1,0.4031
"regulation of protein dephosphorylation","MMEA9_E2",1,2,3.7e-24,-0.584962500721156,0.5644
"multicellular organism growth","MMEA9_E2",2,3,3.7e-24,-0.415037499278844,0.6171
"miRNA processing","MMEA9_E2",0,1,3.7e-24,-1,0.4265
"small molecule catabolic process","MMEA9_E2",3,6,3.7e-24,-0.807354922057604,0.1464
"regulation of G0 to G1 transition","MMEA9_E2",1,1,3.7e-24,0,1
"circadian regulation of gene expression","MMEA9_E2",0,1,3.7e-24,-1,0.4223
"regulation of translational fidelity","MMEA9_E2",2,0,3.7e-24,1.58496250072116,0.0933
"ubiquinone biosynthetic process","MMEA9_E2",1,0,3.7e-24,1,0.2309
"mitochondrial calcium ion transmembrane transport","MMEA9_E2",1,0,3.7e-24,1,0.3367
"quinone biosynthetic process","MMEA9_E2",0,0,3.7e-24,0,1
"viral release from host cell","MMEA9_E2",3,1,3.7e-24,1,0.452
"exit from host cell","MMEA9_E2",3,1,3.7e-24,1,0.5163
"positive regulation of GTPase activity","MMEA9_E2",4,5,3.7e-24,-0.263034405833794,0.6784
"regulation of cytokinesis","MMEA9_E2",0,2,3.7e-24,-1.58496250072116,0.1861
"mitochondrion localization","MMEA9_E2",1,1,3.7e-24,0,1
"renal system development","MMEA9_E2",3,6,3.7e-24,-0.807354922057604,0.1825
"regulation of cysteine-type endopeptidase activity involved in apoptotic process","MMEA9_E2",2,3,3.7e-24,-0.415037499278844,0.5907
"regulation of cell-substrate adhesion","MMEA9_E2",1,5,3.7e-24,-1.58496250072116,0.0397
"centrosome localization","MMEA9_E2",0,1,3.7e-24,-1,0.4923
"microtubule organizing center localization","MMEA9_E2",0,1,3.7e-24,-1,0.4776
"pinocytosis","MMEA9_E2",2,0,3.7e-24,1.58496250072116,0.0949
"lamellipodium assembly","MMEA9_E2",1,1,3.7e-24,0,1
"cellular response to sterol depletion","MMEA9_E2",0,0,3.7e-24,0,1
"placenta development","MMEA9_E2",5,3,3.7e-24,0.584962500721156,0.3839
"rhythmic process","MMEA9_E2",5,5,3.7e-24,0,1
"spindle localization","MMEA9_E2",0,1,3.7e-24,-1,0.4255
"carbohydrate derivative catabolic process","MMEA9_E2",3,3,3.7e-24,0,1
"response to amino acid","MMEA9_E2",2,3,3.7e-24,-0.415037499278844,0.6221
"regulation of intracellular steroid hormone receptor signaling pathway","MMEA9_E2",0,1,3.7e-24,-1,0.4157
"regulation of neuron death","MMEA9_E2",5,5,3.7e-24,0,1
"ossification","MMEA9_E2",3,8,3.7e-24,-1.16992500144231,0.0499
"mammary gland epithelial cell proliferation","MMEA9_E2",0,0,3.7e-24,0,1
"ribosomal subunit export from nucleus","MMEA9_E2",0,1,3.7e-24,-1,0.508
"ribosome localization","MMEA9_E2",0,0,3.7e-24,0,1
"protein transport to vacuole involved in ubiquitin-dependent protein catabolic process via the multivesicular body sorting pathway","MMEA9_E2",0,0,3.7e-24,0,1
"seminiferous tubule development","MMEA9_E2",0,0,3.7e-24,0,1
"cellular response to acid chemical","MMEA9_E2",2,2,3.7e-24,0,1
"positive regulation of kinase activity","MMEA9_E2",2,8,3.7e-24,-1.58496250072116,0.0105
"positive regulation by host of viral process","MMEA9_E2",1,0,3.7e-24,1,0.386
"mitochondrion morphogenesis","MMEA9_E2",0,0,3.7e-24,0,1
"regulation of establishment of cell polarity","MMEA9_E2",1,0,3.7e-24,1,0.4136
"cellular lipid catabolic process","MMEA9_E2",4,4,3.7e-24,0,1
"neuron apoptotic process","MMEA9_E2",1,5,3.7e-24,-1.58496250072116,0.0378
"inner cell mass cell proliferation","MMEA9_E2",0,0,3.7e-24,0,1
"polyamine biosynthetic process","MMEA9_E2",0,0,3.7e-24,0,1
"folic acid metabolic process","MMEA9_E2",0,0,3.7e-24,0,1
"organelle inheritance","MMEA9_E2",0,0,3.7e-24,0,1
"polyol metabolic process","MMEA9_E2",0,2,3.7e-24,-1.58496250072116,0.0823
"regulation of type I interferon-mediated signaling pathway","MMEA9_E2",0,1,3.7e-24,-1,0.4122
"intracellular lipid transport","MMEA9_E2",0,1,3.7e-24,-1,0.4112
"fat cell differentiation","MMEA9_E2",1,4,3.7e-24,-1.32192809488736,0.0797
"iron ion homeostasis","MMEA9_E2",1,1,3.7e-24,0,1
"negative regulation of cell projection organization","MMEA9_E2",4,4,3.7e-24,0,1
"dicarboxylic acid metabolic process","MMEA9_E2",1,2,3.7e-24,-0.584962500721156,0.5645
"regulation of anatomical structure size","MMEA9_E2",3,8,3.7e-24,-1.16992500144231,0.0368
"regulation of small molecule metabolic process","MMEA9_E2",9,6,3.7e-24,0.514573172829758,0.3039
"pentose-phosphate shunt","MMEA9_E2",1,0,3.7e-24,1,0.4579
"pericardium development","MMEA9_E2",2,0,3.7e-24,1.58496250072116,0.0719
"lysosomal protein catabolic process","MMEA9_E2",0,0,3.7e-24,0,1
"carbohydrate derivative transport","MMEA9_E2",2,2,3.7e-24,0,1
"alcohol biosynthetic process","MMEA9_E2",0,2,3.7e-24,-1.58496250072116,0.0977
"regulation of membrane permeability","MMEA9_E2",1,2,3.7e-24,-0.584962500721156,0.5303
"signal peptide processing","MMEA9_E2",0,0,3.7e-24,0,1
"UV-damage excision repair","MMEA9_E2",0,0,3.7e-24,0,1
"biological process involved in interaction with host","MMEA9_E2",3,3,3.7e-24,0,1
"body morphogenesis","MMEA9_E2",2,1,3.7e-24,0.584962500721156,0.6569
"extracellular vesicle biogenesis","MMEA9_E2",0,0,3.7e-24,0,1
"negative regulation of defense response to virus","MMEA9_E2",0,1,3.7e-24,-1,0.4695
"aminoglycan biosynthetic process","MMEA9_E2",0,1,3.7e-24,-1,0.4083
"sterol biosynthetic process","MMEA9_E2",1,1,3.7e-24,0,1
"polyamine metabolic process","MMEA9_E2",0,0,3.7e-24,0,1
"magnesium ion transport","MMEA9_E2",1,0,3.7e-24,1,0.3777
"lamellipodium morphogenesis","MMEA9_E2",0,0,3.7e-24,0,1
"positive regulation of neuron migration","MMEA9_E2",0,0,3.7e-24,0,1
"regulation of glucose metabolic process","MMEA9_E2",1,2,3.7e-24,-0.584962500721156,0.5512
"monosaccharide biosynthetic process","MMEA9_E2",1,2,3.7e-24,-0.584962500721156,0.5646
"response to acid chemical","MMEA9_E2",2,2,3.7e-24,0,1
"regulation of carbohydrate metabolic process","MMEA9_E2",0,3,3.7e-24,-2,0.0601
"positive regulation of nervous system development","MMEA9_E2",5,5,3.7e-24,0,1
"regulation of circadian rhythm","MMEA9_E2",2,2,3.7e-24,0,1
"trabecula morphogenesis","MMEA9_E2",0,1,3.7e-24,-1,0.4109
"pigment accumulation","MMEA9_E2",1,0,3.7e-24,1,0.2962
"cellular pigment accumulation","MMEA9_E2",0,0,3.7e-24,0,1
"regulation of pinocytosis","MMEA9_E2",0,0,3.7e-24,0,1
"regulation of ligase activity","MMEA9_E2",0,0,3.7e-24,0,1
"smoothened signaling pathway involved in dorsal/ventral neural tube patterning","MMEA9_E2",0,0,3.7e-24,0,1
"glycosyl compound metabolic process","MMEA9_E2",2,1,3.7e-24,0.584962500721156,0.6508
"substantia nigra development","MMEA9_E2",3,1,3.7e-24,1,0.4339
"negative regulation of GTPase activity","MMEA9_E2",1,1,3.7e-24,0,1
"axon extension","MMEA9_E2",1,2,3.7e-24,-0.584962500721156,0.5795
"positive regulation of epithelial to mesenchymal transition","MMEA9_E2",0,1,3.7e-24,-1,0.417
"one-carbon metabolic process","MMEA9_E2",3,0,3.7e-24,2,0.0282
"NADPH regeneration","MMEA9_E2",0,0,3.7e-24,0,1
"cellular response to dsRNA","MMEA9_E2",0,0,3.7e-24,0,1
"neuron projection organization","MMEA9_E2",0,1,3.7e-24,-1,0.4296
"postsynapse organization","MMEA9_E2",1,3,3.7e-24,-1,0.2134
"regulation of ketone biosynthetic process","MMEA9_E2",1,0,3.7e-24,1,0.4379
"mitochondrion distribution","MMEA9_E2",0,0,3.7e-24,0,1
"regulation of autophagosome maturation","MMEA9_E2",1,0,3.7e-24,1,0.2249
"magnesium ion transmembrane transport","MMEA9_E2",0,0,3.7e-24,0,1
"regulation of cell division","MMEA9_E2",4,4,3.7e-24,0,1
"intermembrane lipid transfer","MMEA9_E2",7,1,3.7e-24,2,2e-04
"organophosphate ester transport","MMEA9_E2",4,3,3.7e-24,0.321928094887362,0.776
"movement in host","MMEA9_E2",5,4,3.7e-24,0.263034405833794,0.798
"extracellular matrix assembly","MMEA9_E2",0,1,3.7e-24,-1,0.5111
"cellular metabolic compound salvage","MMEA9_E2",1,1,3.7e-24,0,1
"regulation of ATP-dependent activity","MMEA9_E2",1,1,3.7e-24,0,1
"cell migration involved in heart development","MMEA9_E2",0,0,3.7e-24,0,1
"cellular response to fluid shear stress","MMEA9_E2",0,0,3.7e-24,0,1
"sphingomyelin biosynthetic process","MMEA9_E2",0,0,3.7e-24,0,1
"ether lipid biosynthetic process","MMEA9_E2",0,0,3.7e-24,0,1
"embryonic body morphogenesis","MMEA9_E2",0,0,3.7e-24,0,1
"amino sugar biosynthetic process","MMEA9_E2",0,0,3.7e-24,0,1
"glycerol ether biosynthetic process","MMEA9_E2",0,0,3.7e-24,0,1
"pigmentation","MMEA9_E2",1,2,3.7e-24,-0.584962500721156,0.556
"cellular response to ketone","MMEA9_E2",1,2,3.7e-24,-0.584962500721156,0.524
"nonribosomal peptide biosynthetic process","MMEA9_E2",1,0,3.7e-24,1,0.3315
"glial cell apoptotic process","MMEA9_E2",0,0,3.7e-24,0,1
"lipoprotein catabolic process","MMEA9_E2",0,0,3.7e-24,0,1
"suppression of viral release by host","MMEA9_E2",0,0,3.7e-24,0,1
"chaperone-mediated autophagy","MMEA9_E2",0,0,3.7e-24,0,1
"regulation of steroid hormone biosynthetic process","MMEA9_E2",1,0,3.7e-24,1,0.266
"synaptic vesicle lumen acidification","MMEA9_E2",0,0,3.7e-24,0,1
"semaphorin-plexin signaling pathway involved in neuron projection guidance","MMEA9_E2",0,0,3.7e-24,0,1
"regulation of Golgi organization","MMEA9_E2",0,0,3.7e-24,0,1
"Schwann cell differentiation","MMEA9_E2",0,1,3.7e-24,-1,0.5056
"neurotrophin signaling pathway","MMEA9_E2",1,0,3.7e-24,1,0.4783
"regulation of microtubule depolymerization","MMEA9_E2",0,1,3.7e-24,-1,0.5265
"basement membrane organization","MMEA9_E2",1,0,3.7e-24,1,0.4251
"establishment or maintenance of epithelial cell apical/basal polarity","MMEA9_E2",0,0,3.7e-24,0,1
"face development","MMEA9_E2",0,1,3.7e-24,-1,0.426
"osteoblast differentiation","MMEA9_E2",3,5,3.7e-24,-0.584962500721156,0.3434
"appendage development","MMEA9_E2",1,3,3.7e-24,-1,0.2699
"limb development","MMEA9_E2",2,3,3.7e-24,-0.415037499278844,0.5915
"regulation of ATP metabolic process","MMEA9_E2",2,1,3.7e-24,0.584962500721156,0.6357
"developmental growth involved in morphogenesis","MMEA9_E2",4,4,3.7e-24,0,1
"embryonic organ development","MMEA9_E2",6,8,3.7e-24,-0.362570079384708,0.4966
"negative regulation of growth","MMEA9_E2",4,4,3.7e-24,0,1
"microtubule depolymerization","MMEA9_E2",0,1,3.7e-24,-1,0.4531
"heme metabolic process","MMEA9_E2",0,0,3.7e-24,0,1
"regulation of neuron apoptotic process","MMEA9_E2",4,4,3.7e-24,0,1
"plasma membrane tubulation","MMEA9_E2",1,1,3.7e-24,0,1
"exosomal secretion","MMEA9_E2",0,0,3.7e-24,0,1
"vasculogenesis","MMEA9_E2",4,2,3.7e-24,0.736965594166206,0.279
"toxin transport","MMEA9_E2",1,1,3.7e-24,0,1
"ncRNA processing","MMEA9_E3",22,33,3.7e-24,-0.563900885193326,0.033
"ribosome biogenesis","MMEA9_E3",19,26,3.7e-24,-0.432959407276106,0.1287
"rRNA metabolic process","MMEA9_E3",26,21,3.7e-24,0.295455883526171,0.3209
"proteasome-mediated ubiquitin-dependent protein catabolic process","MMEA9_E3",23,37,3.7e-24,-0.662965012722429,0.0112
"regulation of response to DNA damage stimulus","MMEA9_E3",23,25,3.7e-24,-0.115477217419936,0.7049
"establishment of protein localization to organelle","MMEA9_E3",16,31,3.7e-24,-0.912537158749661,0.0014
"macroautophagy","MMEA9_E3",22,28,3.7e-24,-0.334419039070559,0.2293
"regulation of chromosome organization","MMEA9_E3",19,20,3.7e-24,-0.070389327891398,0.8295
"Golgi vesicle transport","MMEA9_E3",14,23,3.7e-24,-0.678071905112638,0.0299
"double-strand break repair","MMEA9_E3",29,24,3.7e-24,0.263034405833794,0.3582
"histone modification","MMEA9_E3",21,36,3.7e-24,-0.750021746991652,0.0065
"sister chromatid segregation","MMEA9_E3",22,21,3.7e-24,0.0641303374197156,0.9144
"DNA replication","MMEA9_E3",17,21,3.7e-24,-0.289506617194985,0.3868
"chromosome segregation","MMEA9_E3",20,31,3.7e-24,-0.60768257722124,0.0236
"mitochondrial gene expression","MMEA9_E3",15,13,3.7e-24,0.192645077942396,0.6698
"nucleocytoplasmic transport","MMEA9_E3",28,24,3.7e-24,0.214124805352847,0.4751
"nuclear transport","MMEA9_E3",24,24,3.7e-24,0,1
"regulation of DNA repair","MMEA9_E3",10,17,3.7e-24,-0.710493382805015,0.0603
"peptidyl-lysine modification","MMEA9_E3",15,28,3.7e-24,-0.857980995127572,0.0052
"protein targeting","MMEA9_E3",25,26,3.7e-24,-0.0544477840223765,0.8457
"cytoplasmic translation","MMEA9_E3",12,11,3.7e-24,0.115477217419936,0.875
"regulation of autophagy","MMEA9_E3",18,26,3.7e-24,-0.506959988719883,0.0713
"signal transduction in response to DNA damage","MMEA9_E3",17,13,3.7e-24,0.362570079384708,0.3283
"regulation of intracellular transport","MMEA9_E3",15,24,3.7e-24,-0.643856189774725,0.0391
"protein localization to nucleus","MMEA9_E3",23,21,3.7e-24,0.125530882083859,0.7482
"microtubule cytoskeleton organization involved in mitosis","MMEA9_E3",12,14,3.7e-24,-0.206450877467426,0.599
"telomere maintenance","MMEA9_E3",8,13,3.7e-24,-0.637429920615292,0.1323
"cell cycle checkpoint signaling","MMEA9_E3",16,16,3.7e-24,0,1
"regulation of protein modification by small protein conjugation or removal","MMEA9_E3",14,19,3.7e-24,-0.415037499278844,0.2219
"cellular respiration","MMEA9_E3",8,18,3.7e-24,-1.07800251200127,0.004
"cellular component disassembly","MMEA9_E3",31,35,3.7e-24,-0.169925001442312,0.4997
"nuclear chromosome segregation","MMEA9_E3",25,24,3.7e-24,0.0565835283663675,0.9171
"regulation of protein stability","MMEA9_E3",21,25,3.7e-24,-0.241008099503795,0.4209
"regulation of cell cycle phase transition","MMEA9_E3",27,34,3.7e-24,-0.321928094887362,0.203
"regulation of protein catabolic process","MMEA9_E3",20,27,3.7e-24,-0.415037499278844,0.1344
"response to endoplasmic reticulum stress","MMEA9_E3",15,20,3.7e-24,-0.39231742277876,0.2451
"vesicle organization","MMEA9_E3",17,27,3.7e-24,-0.637429920615292,0.024
"mitochondrial respiratory chain complex assembly","MMEA9_E3",9,9,3.7e-24,0,1
"DNA-templated transcription elongation","MMEA9_E3",12,10,3.7e-24,0.241008099503795,0.6314
"mitochondrial transport","MMEA9_E3",8,13,3.7e-24,-0.637429920615292,0.1137
"establishment of organelle localization","MMEA9_E3",22,30,3.7e-24,-0.430634354329862,0.1078
"regulation of intracellular protein transport","MMEA9_E3",10,16,3.7e-24,-0.628031222613042,0.0861
"response to UV","MMEA9_E3",8,12,3.7e-24,-0.53051471669878,0.2151
"RNA localization","MMEA9_E3",17,15,3.7e-24,0.169925001442312,0.7026
"response to topologically incorrect protein","MMEA9_E3",15,12,3.7e-24,0.299560281858908,0.4733
"organelle fission","MMEA9_E3",36,33,3.7e-24,0.12199052437861,0.6635
"non-membrane-bounded organelle assembly","MMEA9_E3",18,29,3.7e-24,-0.658963082164933,0.0246
"protein polyubiquitination","MMEA9_E3",17,18,3.7e-24,-0.0780025120012732,0.8233
"methylation","MMEA9_E3",13,24,3.7e-24,-0.83650126771712,0.0097
"phospholipid biosynthetic process","MMEA9_E3",7,19,3.7e-24,-1.32192809488736,0.0013
"oxidative phosphorylation","MMEA9_E3",7,11,3.7e-24,-0.584962500721156,0.185
"establishment of protein localization to membrane","MMEA9_E3",16,19,3.7e-24,-0.234465253637023,0.4926
"in utero embryonic development","MMEA9_E3",15,28,3.7e-24,-0.857980995127572,0.0037
"vacuole organization","MMEA9_E3",15,15,3.7e-24,0,1
"nuclear-transcribed mRNA catabolic process","MMEA9_E3",5,10,3.7e-24,-0.874469117916141,0.0674
"protein folding","MMEA9_E3",11,15,3.7e-24,-0.415037499278844,0.2611
"DNA conformation change","MMEA9_E3",3,7,3.7e-24,-1,0.0783
"regulation of chromosome segregation","MMEA9_E3",5,10,3.7e-24,-0.874469117916141,0.0795
"regulation of apoptotic signaling pathway","MMEA9_E3",13,24,3.7e-24,-0.83650126771712,0.0108
"cell cycle G2/M phase transition","MMEA9_E3",9,12,3.7e-24,-0.37851162325373,0.3967
"vacuolar transport","MMEA9_E3",10,12,3.7e-24,-0.241008099503795,0.5791
"response to ionizing radiation","MMEA9_E3",9,11,3.7e-24,-0.263034405833794,0.5599
"cellular response to UV","MMEA9_E3",6,7,3.7e-24,-0.192645077942396,0.7196
"regulation of binding","MMEA9_E3",24,26,3.7e-24,-0.111031312388744,0.7014
"nucleic acid transport","MMEA9_E3",10,13,3.7e-24,-0.347923303420307,0.4127
"RNA transport","MMEA9_E3",9,12,3.7e-24,-0.37851162325373,0.4059
"ribonucleoprotein complex subunit organization","MMEA9_E3",7,16,3.7e-24,-1.08746284125034,0.0079
"regulation of DNA replication","MMEA9_E3",10,11,3.7e-24,-0.125530882083859,0.7685
"ribose phosphate metabolic process","MMEA9_E3",20,31,3.7e-24,-0.60768257722124,0.0274
"proton motive force-driven ATP synthesis","MMEA9_E3",9,6,3.7e-24,0.514573172829758,0.3193
"ribonucleotide metabolic process","MMEA9_E3",26,29,3.7e-24,-0.15200309344505,0.5821
"telomere organization","MMEA9_E3",8,13,3.7e-24,-0.637429920615292,0.1146
"cellular response to topologically incorrect protein","MMEA9_E3",9,8,3.7e-24,0.15200309344505,0.8524
"Golgi organization","MMEA9_E3",11,11,3.7e-24,0,1
"ribonucleoprotein complex assembly","MMEA9_E3",8,18,3.7e-24,-1.07800251200127,0.0065
"cellular nitrogen compound catabolic process","MMEA9_E3",30,33,3.7e-24,-0.133266530863464,0.6085
"negative regulation of phosphorus metabolic process","MMEA9_E3",36,30,3.7e-24,0.255257055242075,0.322
"heterocycle catabolic process","MMEA9_E3",22,32,3.7e-24,-0.52083216330144,0.0493
"mitochondrial membrane organization","MMEA9_E3",14,8,3.7e-24,0.736965594166206,0.1229
"regulation of protein-containing complex assembly","MMEA9_E3",23,28,3.7e-24,-0.273018494406416,0.3098
"positive regulation of cellular component biogenesis","MMEA9_E3",14,32,3.7e-24,-1.13750352374993,4e-04
"response to oxidative stress","MMEA9_E3",17,32,3.7e-24,-0.874469117916141,0.0034
"regulation of supramolecular fiber organization","MMEA9_E3",9,23,3.7e-24,-1.26303440583379,4e-04
"positive regulation of protein localization","MMEA9_E3",16,31,3.7e-24,-0.912537158749661,0.0023
"positive regulation of cell projection organization","MMEA9_E3",17,22,3.7e-24,-0.3536369546147,0.2523
"negative regulation of transferase activity","MMEA9_E3",18,20,3.7e-24,-0.144389909335175,0.6612
"autophagy of mitochondrion","MMEA9_E3",8,8,3.7e-24,0,1
"positive regulation of amide metabolic process","MMEA9_E3",8,12,3.7e-24,-0.53051471669878,0.2154
"chromatin remodeling","MMEA9_E3",22,24,3.7e-24,-0.120294233717712,0.6825
"viral process","MMEA9_E3",30,30,3.7e-24,0,1
"macromolecule deacylation","MMEA9_E3",6,10,3.7e-24,-0.652076696579693,0.1323
"mitotic cytokinesis","MMEA9_E3",2,5,3.7e-24,-1,0.1146
"aromatic compound catabolic process","MMEA9_E3",28,32,3.7e-24,-0.186413124230881,0.4851
"vesicle localization","MMEA9_E3",8,13,3.7e-24,-0.637429920615292,0.1126
"establishment or maintenance of cell polarity","MMEA9_E3",4,15,3.7e-24,-1.67807190511264,5e-04
"Wnt signaling pathway","MMEA9_E3",34,32,3.7e-24,0.084888897586513,0.7914
"cell-cell signaling by wnt","MMEA9_E3",23,30,3.7e-24,-0.369233809665719,0.1649
"ATP metabolic process","MMEA9_E3",10,15,3.7e-24,-0.540568381362703,0.1405
"cellular response to chemical stress","MMEA9_E3",21,22,3.7e-24,-0.0641303374197156,0.8256
"regulation of vacuole organization","MMEA9_E3",6,4,3.7e-24,0.485426827170242,0.4746
"cellular response to external stimulus","MMEA9_E3",20,24,3.7e-24,-0.251538766995965,0.4227
"negative regulation of protein phosphorylation","MMEA9_E3",19,23,3.7e-24,-0.263034405833794,0.4146
"negative regulation of catabolic process","MMEA9_E3",11,21,3.7e-24,-0.874469117916141,0.0109
"regulation of microtubule cytoskeleton organization","MMEA9_E3",5,11,3.7e-24,-1,0.0329
"chromosome localization","MMEA9_E3",4,7,3.7e-24,-0.678071905112638,0.2163
"negative regulation of mitotic nuclear division","MMEA9_E3",2,5,3.7e-24,-1,0.1292
"regulation of actin filament organization","MMEA9_E3",14,16,3.7e-24,-0.180572245641821,0.6222
"dephosphorylation","MMEA9_E3",15,22,3.7e-24,-0.523561956057013,0.0954
"glycosylation","MMEA9_E3",14,18,3.7e-24,-0.341036917835067,0.3
"positive regulation of establishment of protein localization","MMEA9_E3",19,23,3.7e-24,-0.263034405833794,0.4126
"regulation of microtubule-based process","MMEA9_E3",13,17,3.7e-24,-0.362570079384708,0.2897
"cell-substrate junction organization","MMEA9_E3",4,7,3.7e-24,-0.678071905112638,0.2195
"protein-containing complex localization","MMEA9_E3",10,12,3.7e-24,-0.241008099503795,0.5711
"mitochondrial transmembrane transport","MMEA9_E3",7,7,3.7e-24,0,1
"stem cell population maintenance","MMEA9_E3",9,11,3.7e-24,-0.263034405833794,0.5553
"ribosome assembly","MMEA9_E3",3,4,3.7e-24,-0.321928094887362,0.6423
"intraciliary transport","MMEA9_E3",2,4,3.7e-24,-0.736965594166206,0.2729
"Golgi to plasma membrane protein transport","MMEA9_E3",5,3,3.7e-24,0.584962500721156,0.4173
"response to amino acid starvation","MMEA9_E3",3,4,3.7e-24,-0.321928094887362,0.657
"cellular response to extracellular stimulus","MMEA9_E3",9,18,3.7e-24,-0.925999418556223,0.0153
"cell growth","MMEA9_E3",26,31,3.7e-24,-0.245112497836531,0.3801
"protein glycosylation","MMEA9_E3",13,15,3.7e-24,-0.192645077942396,0.612
"macromolecule glycosylation","MMEA9_E3",13,15,3.7e-24,-0.192645077942396,0.6129
"maintenance of cell number","MMEA9_E3",6,12,3.7e-24,-0.893084796083488,0.0418
"response to reactive oxygen species","MMEA9_E3",11,14,3.7e-24,-0.321928094887362,0.4237
"regulation of cell morphogenesis","MMEA9_E3",14,17,3.7e-24,-0.263034405833794,0.4759
"regulation of cellular component size","MMEA9_E3",18,22,3.7e-24,-0.275634442613427,0.3951
"cell-substrate junction assembly","MMEA9_E3",8,7,3.7e-24,0.169925001442312,0.8583
"membrane fission","MMEA9_E3",4,3,3.7e-24,0.321928094887362,0.7951
"membrane docking","MMEA9_E3",1,6,3.7e-24,-1.8073549220576,0.0098
"fibroblast migration","MMEA9_E3",4,4,3.7e-24,0,1
"nucleus organization","MMEA9_E3",13,9,3.7e-24,0.485426827170242,0.3221
"regulation of cell growth","MMEA9_E3",28,28,3.7e-24,0,1
"fibroblast proliferation","MMEA9_E3",9,8,3.7e-24,0.15200309344505,0.8594
"cell cycle G1/S phase transition","MMEA9_E3",11,18,3.7e-24,-0.662965012722429,0.0504
"actin filament organization","MMEA9_E3",21,27,3.7e-24,-0.347923303420307,0.2173
"response to oxygen levels","MMEA9_E3",19,22,3.7e-24,-0.201633861169651,0.5298
"epigenetic regulation of gene expression","MMEA9_E3",11,11,3.7e-24,0,1
"organelle fusion","MMEA9_E3",3,10,3.7e-24,-1.4594316186373,0.0093
"lipoprotein metabolic process","MMEA9_E3",10,11,3.7e-24,-0.125530882083859,0.7781
"protein lipidation","MMEA9_E3",5,7,3.7e-24,-0.415037499278844,0.4777
"regulation of plasma membrane bounded cell projection assembly","MMEA9_E3",10,13,3.7e-24,-0.347923303420307,0.4168
"regulation of actin filament-based process","MMEA9_E3",24,23,3.7e-24,0.0588936890535686,0.9166
"regulation of GTPase activity","MMEA9_E3",12,21,3.7e-24,-0.758991900496205,0.0208
"nuclear envelope organization","MMEA9_E3",5,4,3.7e-24,0.263034405833794,0.8082
"protein autophosphorylation","MMEA9_E3",9,15,3.7e-24,-0.678071905112638,0.0721
"connective tissue development","MMEA9_E3",17,17,3.7e-24,0,1
"cellular response to heat","MMEA9_E3",3,4,3.7e-24,-0.321928094887362,0.6472
"myeloid cell homeostasis","MMEA9_E3",10,11,3.7e-24,-0.125530882083859,0.7662
"regulation of neuron projection development","MMEA9_E3",22,28,3.7e-24,-0.334419039070559,0.2309
"receptor metabolic process","MMEA9_E3",3,5,3.7e-24,-0.584962500721156,0.3232
"maintenance of protein location in cell","MMEA9_E3",4,5,3.7e-24,-0.263034405833794,0.6665
"apoptotic mitochondrial changes","MMEA9_E3",6,7,3.7e-24,-0.192645077942396,0.7161
"response to transforming growth factor beta","MMEA9_E3",20,18,3.7e-24,0.144389909335175,0.7282
"neural tube development","MMEA9_E3",5,11,3.7e-24,-1,0.0375
"maintenance of protein location","MMEA9_E3",3,6,3.7e-24,-0.807354922057604,0.1506
"regulation of ubiquitin-protein transferase activity","MMEA9_E3",3,4,3.7e-24,-0.321928094887362,0.6254
"cilium assembly","MMEA9_E3",17,22,3.7e-24,-0.3536369546147,0.2462
"mRNA export from nucleus","MMEA9_E3",5,5,3.7e-24,0,1
"regulation of cell-substrate junction organization","MMEA9_E3",1,5,3.7e-24,-1.58496250072116,0.0512
"membrane biogenesis","MMEA9_E3",2,4,3.7e-24,-0.736965594166206,0.2734
"cilium organization","MMEA9_E3",12,23,3.7e-24,-0.884522782580064,0.007
"platelet-derived growth factor receptor signaling pathway","MMEA9_E3",5,4,3.7e-24,0.263034405833794,0.8065
"iron-sulfur cluster assembly","MMEA9_E3",3,2,3.7e-24,0.415037499278844,0.7304
"metallo-sulfur cluster assembly","MMEA9_E3",2,1,3.7e-24,0.584962500721156,0.6796
"centromere complex assembly","MMEA9_E3",3,3,3.7e-24,0,1
"cellular response to oxygen levels","MMEA9_E3",6,11,3.7e-24,-0.777607578663552,0.0776
"fatty acid beta-oxidation","MMEA9_E3",6,6,3.7e-24,0,1
"organelle localization by membrane tethering","MMEA9_E3",7,6,3.7e-24,0.192645077942396,0.8361
"autophagosome maturation","MMEA9_E3",3,4,3.7e-24,-0.321928094887362,0.6607
"cellular response to transforming growth factor beta stimulus","MMEA9_E3",12,18,3.7e-24,-0.547487795302493,0.1123
"nucleotide catabolic process","MMEA9_E3",3,5,3.7e-24,-0.584962500721156,0.3365
"tube closure","MMEA9_E3",2,7,3.7e-24,-1.41503749927884,0.0199
"regulation of stem cell differentiation","MMEA9_E3",5,5,3.7e-24,0,1
"substrate adhesion-dependent cell spreading","MMEA9_E3",2,7,3.7e-24,-1.41503749927884,0.0229
"chondrocyte differentiation","MMEA9_E3",13,9,3.7e-24,0.485426827170242,0.3285
"regulation of fibroblast proliferation","MMEA9_E3",3,7,3.7e-24,-1,0.0888
"morphogenesis of an epithelial sheet","MMEA9_E3",3,5,3.7e-24,-0.584962500721156,0.3108
"microtubule polymerization","MMEA9_E3",9,7,3.7e-24,0.321928094887362,0.5725
"response to virus","MMEA9_E3",21,25,3.7e-24,-0.241008099503795,0.4348
"membrane assembly","MMEA9_E3",1,3,3.7e-24,-1,0.1968
"COPII vesicle coating","MMEA9_E3",1,1,3.7e-24,0,1
"erythrocyte differentiation","MMEA9_E3",8,8,3.7e-24,0,1
"organophosphate catabolic process","MMEA9_E3",11,11,3.7e-24,0,1
"regulation of embryonic development","MMEA9_E3",4,7,3.7e-24,-0.678071905112638,0.2236
"regulation of focal adhesion assembly","MMEA9_E3",1,5,3.7e-24,-1.58496250072116,0.0297
"regulation of cell-substrate junction assembly","MMEA9_E3",1,5,3.7e-24,-1.58496250072116,0.0388
"regulation of extracellular matrix organization","MMEA9_E3",5,4,3.7e-24,0.263034405833794,0.8023
"GPI anchor biosynthetic process","MMEA9_E3",4,2,3.7e-24,0.736965594166206,0.2763
"lamellipodium organization","MMEA9_E3",6,7,3.7e-24,-0.192645077942396,0.7222
"positive regulation of stem cell population maintenance","MMEA9_E3",4,3,3.7e-24,0.321928094887362,0.7801
"monosaccharide metabolic process","MMEA9_E3",15,15,3.7e-24,0,1
"U2-type prespliceosome assembly","MMEA9_E3",1,2,3.7e-24,-0.584962500721156,0.5231
"heterochromatin formation","MMEA9_E3",2,7,3.7e-24,-1.41503749927884,0.0165
"peroxisome organization","MMEA9_E3",4,2,3.7e-24,0.736965594166206,0.3202
"regulation of mitochondrial fission","MMEA9_E3",0,2,3.7e-24,-1.58496250072116,0.1125
"cellular pigmentation","MMEA9_E3",3,5,3.7e-24,-0.584962500721156,0.31
"regulation of fibroblast migration","MMEA9_E3",4,2,3.7e-24,0.736965594166206,0.3403
"cellular carbohydrate metabolic process","MMEA9_E3",12,17,3.7e-24,-0.46948528330122,0.2067
"positive regulation of axonogenesis","MMEA9_E3",7,5,3.7e-24,0.415037499278844,0.5249
"kinetochore organization","MMEA9_E3",4,1,3.7e-24,1.32192809488736,0.092
"stem cell differentiation","MMEA9_E3",9,14,3.7e-24,-0.584962500721156,0.1234
"proton transmembrane transport","MMEA9_E3",5,8,3.7e-24,-0.584962500721156,0.2316
"cellular response to insulin stimulus","MMEA9_E3",15,14,3.7e-24,0.0931094043914815,0.8927
"establishment of mitotic spindle localization","MMEA9_E3",2,3,3.7e-24,-0.415037499278844,0.6032
"cell redox homeostasis","MMEA9_E3",1,3,3.7e-24,-1,0.2059
"stress granule assembly","MMEA9_E3",0,2,3.7e-24,-1.58496250072116,0.1098
"protein neddylation","MMEA9_E3",1,2,3.7e-24,-0.584962500721156,0.5331
"regulation of mitochondrial membrane potential","MMEA9_E3",5,4,3.7e-24,0.263034405833794,0.8061
"neuron death","MMEA9_E3",17,22,3.7e-24,-0.3536369546147,0.2558
"defense response to virus","MMEA9_E3",17,18,3.7e-24,-0.0780025120012732,0.8131
"sulfur compound metabolic process","MMEA9_E3",12,18,3.7e-24,-0.547487795302493,0.1098
"NADP metabolic process","MMEA9_E3",1,3,3.7e-24,-1,0.2719
"vacuolar acidification","MMEA9_E3",1,3,3.7e-24,-1,0.2122
"oligosaccharide-lipid intermediate biosynthetic process","MMEA9_E3",2,1,3.7e-24,0.584962500721156,0.6428
"lysosomal lumen acidification","MMEA9_E3",1,1,3.7e-24,0,1
"glycosyl compound biosynthetic process","MMEA9_E3",1,2,3.7e-24,-0.584962500721156,0.5437
"heart valve development","MMEA9_E3",5,8,3.7e-24,-0.584962500721156,0.2772
"water-soluble vitamin metabolic process","MMEA9_E3",0,4,3.7e-24,-2.32192809488736,0.0123
"interferon-beta production","MMEA9_E3",6,4,3.7e-24,0.485426827170242,0.4535
"regulation of interferon-beta production","MMEA9_E3",6,6,3.7e-24,0,1
"branched-chain amino acid metabolic process","MMEA9_E3",2,2,3.7e-24,0,1
"regulation of mitochondrial membrane permeability","MMEA9_E3",7,4,3.7e-24,0.678071905112638,0.3368
"respiratory tube development","MMEA9_E3",15,11,3.7e-24,0.415037499278844,0.3815
"cellular senescence","MMEA9_E3",10,6,3.7e-24,0.652076696579693,0.2371
"positive regulation of neurogenesis","MMEA9_E3",10,14,3.7e-24,-0.447458976971221,0.2586
"mitochondrial outer membrane permeabilization","MMEA9_E3",1,3,3.7e-24,-1,0.2443
"immune system development","MMEA9_E3",16,14,3.7e-24,0.180572245641821,0.6893
"clathrin-dependent endocytosis","MMEA9_E3",2,3,3.7e-24,-0.415037499278844,0.6043
"positive regulation of viral process","MMEA9_E3",2,4,3.7e-24,-0.736965594166206,0.2758
"bone development","MMEA9_E3",8,14,3.7e-24,-0.736965594166206,0.0742
"cell-substrate adhesion","MMEA9_E3",19,23,3.7e-24,-0.263034405833794,0.406
"positive regulation of microtubule polymerization","MMEA9_E3",2,2,3.7e-24,0,1
"pteridine-containing compound metabolic process","MMEA9_E3",1,2,3.7e-24,-0.584962500721156,0.5361
"response to arsenic-containing substance","MMEA9_E3",0,2,3.7e-24,-1.58496250072116,0.0877
"response to insulin","MMEA9_E3",13,16,3.7e-24,-0.280107919192735,0.4704
"ubiquinone metabolic process","MMEA9_E3",1,1,3.7e-24,0,1
"cellular response to arsenic-containing substance","MMEA9_E3",0,1,3.7e-24,-1,0.4188
"inositol phosphate catabolic process","MMEA9_E3",1,1,3.7e-24,0,1
"telomerase RNA localization to Cajal body","MMEA9_E3",0,1,3.7e-24,-1,0.4158
"respiratory system development","MMEA9_E3",9,14,3.7e-24,-0.584962500721156,0.1366
"regulation of generation of precursor metabolites and energy","MMEA9_E3",6,9,3.7e-24,-0.514573172829758,0.2909
"mitochondrial calcium ion homeostasis","MMEA9_E3",3,2,3.7e-24,0.415037499278844,0.7304
"G0 to G1 transition","MMEA9_E3",1,3,3.7e-24,-1,0.2297
"mitochondrial genome maintenance","MMEA9_E3",0,2,3.7e-24,-1.58496250072116,0.1468
"release of cytochrome c from mitochondria","MMEA9_E3",7,4,3.7e-24,0.678071905112638,0.3443
"cortical cytoskeleton organization","MMEA9_E3",6,4,3.7e-24,0.485426827170242,0.4557
"response to sterol depletion","MMEA9_E3",1,1,3.7e-24,0,1
"regulation of ncRNA transcription","MMEA9_E3",1,2,3.7e-24,-0.584962500721156,0.5652
"mesenchymal cell differentiation","MMEA9_E3",13,15,3.7e-24,-0.192645077942396,0.618
"protein-DNA complex subunit organization","MMEA9_E3",19,16,3.7e-24,0.234465253637023,0.5247
"response to fluid shear stress","MMEA9_E3",2,4,3.7e-24,-0.736965594166206,0.2973
"collagen fibril organization","MMEA9_E3",9,6,3.7e-24,0.514573172829758,0.3084
"roof of mouth development","MMEA9_E3",4,5,3.7e-24,-0.263034405833794,0.679
"regulation of protein dephosphorylation","MMEA9_E3",8,6,3.7e-24,0.362570079384708,0.5519
"multicellular organism growth","MMEA9_E3",12,9,3.7e-24,0.37851162325373,0.4104
"miRNA processing","MMEA9_E3",2,3,3.7e-24,-0.415037499278844,0.6043
"small molecule catabolic process","MMEA9_E3",17,23,3.7e-24,-0.415037499278844,0.1675
"regulation of G0 to G1 transition","MMEA9_E3",5,3,3.7e-24,0.584962500721156,0.3967
"circadian regulation of gene expression","MMEA9_E3",2,4,3.7e-24,-0.736965594166206,0.258
"regulation of translational fidelity","MMEA9_E3",1,1,3.7e-24,0,1
"ubiquinone biosynthetic process","MMEA9_E3",2,1,3.7e-24,0.584962500721156,0.6418
"mitochondrial calcium ion transmembrane transport","MMEA9_E3",1,1,3.7e-24,0,1
"quinone biosynthetic process","MMEA9_E3",1,1,3.7e-24,0,1
"viral release from host cell","MMEA9_E3",1,2,3.7e-24,-0.584962500721156,0.529
"exit from host cell","MMEA9_E3",2,2,3.7e-24,0,1
"positive regulation of GTPase activity","MMEA9_E3",16,16,3.7e-24,0,1
"regulation of cytokinesis","MMEA9_E3",5,7,3.7e-24,-0.415037499278844,0.4793
"mitochondrion localization","MMEA9_E3",6,5,3.7e-24,0.222392421336448,0.824
"renal system development","MMEA9_E3",19,21,3.7e-24,-0.137503523749935,0.667
"regulation of cysteine-type endopeptidase activity involved in apoptotic process","MMEA9_E3",10,14,3.7e-24,-0.447458976971221,0.2551
"regulation of cell-substrate adhesion","MMEA9_E3",17,15,3.7e-24,0.169925001442312,0.6965
"centrosome localization","MMEA9_E3",1,2,3.7e-24,-0.584962500721156,0.5277
"microtubule organizing center localization","MMEA9_E3",4,3,3.7e-24,0.321928094887362,0.7742
"pinocytosis","MMEA9_E3",1,1,3.7e-24,0,1
"lamellipodium assembly","MMEA9_E3",2,4,3.7e-24,-0.736965594166206,0.2656
"cellular response to sterol depletion","MMEA9_E3",2,1,3.7e-24,0.584962500721156,0.6529
"placenta development","MMEA9_E3",7,10,3.7e-24,-0.459431618637297,0.3048
"rhythmic process","MMEA9_E3",9,19,3.7e-24,-1,0.0122
"spindle localization","MMEA9_E3",4,4,3.7e-24,0,1
"carbohydrate derivative catabolic process","MMEA9_E3",11,12,3.7e-24,-0.115477217419936,0.7872
"response to amino acid","MMEA9_E3",9,8,3.7e-24,0.15200309344505,0.8632
"regulation of intracellular steroid hormone receptor signaling pathway","MMEA9_E3",1,5,3.7e-24,-1.58496250072116,0.0356
"regulation of neuron death","MMEA9_E3",14,19,3.7e-24,-0.415037499278844,0.2181
"ossification","MMEA9_E3",18,26,3.7e-24,-0.506959988719883,0.0787
"mammary gland epithelial cell proliferation","MMEA9_E3",0,2,3.7e-24,-1.58496250072116,0.1246
"ribosomal subunit export from nucleus","MMEA9_E3",1,1,3.7e-24,0,1
"ribosome localization","MMEA9_E3",2,1,3.7e-24,0.584962500721156,0.636
"protein transport to vacuole involved in ubiquitin-dependent protein catabolic process via the multivesicular body sorting pathway","MMEA9_E3",2,1,3.7e-24,0.584962500721156,0.6587
"seminiferous tubule development","MMEA9_E3",2,1,3.7e-24,0.584962500721156,0.629
"cellular response to acid chemical","MMEA9_E3",6,6,3.7e-24,0,1
"positive regulation of kinase activity","MMEA9_E3",11,24,3.7e-24,-1.05889368905357,0.0027
"positive regulation by host of viral process","MMEA9_E3",3,2,3.7e-24,0.415037499278844,0.7335
"mitochondrion morphogenesis","MMEA9_E3",0,1,3.7e-24,-1,0.4171
"regulation of establishment of cell polarity","MMEA9_E3",4,2,3.7e-24,0.736965594166206,0.2917
"cellular lipid catabolic process","MMEA9_E3",9,13,3.7e-24,-0.485426827170242,0.2378
"neuron apoptotic process","MMEA9_E3",14,16,3.7e-24,-0.180572245641821,0.6282
"inner cell mass cell proliferation","MMEA9_E3",1,1,3.7e-24,0,1
"polyamine biosynthetic process","MMEA9_E3",1,1,3.7e-24,0,1
"folic acid metabolic process","MMEA9_E3",0,1,3.7e-24,-1,0.4223
"organelle inheritance","MMEA9_E3",1,2,3.7e-24,-0.584962500721156,0.5491
"polyol metabolic process","MMEA9_E3",8,7,3.7e-24,0.169925001442312,0.8509
"regulation of type I interferon-mediated signaling pathway","MMEA9_E3",2,3,3.7e-24,-0.415037499278844,0.5894
"intracellular lipid transport","MMEA9_E3",0,4,3.7e-24,-2.32192809488736,0.0193
"fat cell differentiation","MMEA9_E3",9,16,3.7e-24,-0.765534746362977,0.0445
"iron ion homeostasis","MMEA9_E3",4,5,3.7e-24,-0.263034405833794,0.6723
"negative regulation of cell projection organization","MMEA9_E3",14,13,3.7e-24,0.0995356735509144,0.8858
"dicarboxylic acid metabolic process","MMEA9_E3",2,6,3.7e-24,-1.22239242133645,0.0727
"regulation of anatomical structure size","MMEA9_E3",23,30,3.7e-24,-0.369233809665719,0.1664
"regulation of small molecule metabolic process","MMEA9_E3",15,20,3.7e-24,-0.39231742277876,0.2307
"pentose-phosphate shunt","MMEA9_E3",0,2,3.7e-24,-1.58496250072116,0.0983
"pericardium development","MMEA9_E3",2,1,3.7e-24,0.584962500721156,0.6491
"lysosomal protein catabolic process","MMEA9_E3",0,1,3.7e-24,-1,0.4177
"carbohydrate derivative transport","MMEA9_E3",6,5,3.7e-24,0.222392421336448,0.8281
"alcohol biosynthetic process","MMEA9_E3",4,8,3.7e-24,-0.84799690655495,0.0911
"regulation of membrane permeability","MMEA9_E3",6,5,3.7e-24,0.222392421336448,0.8342
"signal peptide processing","MMEA9_E3",2,1,3.7e-24,0.584962500721156,0.6462
"UV-damage excision repair","MMEA9_E3",2,1,3.7e-24,0.584962500721156,0.6381
"biological process involved in interaction with host","MMEA9_E3",2,12,3.7e-24,-2.11547721741994,9e-04
"body morphogenesis","MMEA9_E3",2,3,3.7e-24,-0.415037499278844,0.5955
"extracellular vesicle biogenesis","MMEA9_E3",1,2,3.7e-24,-0.584962500721156,0.5548
"negative regulation of defense response to virus","MMEA9_E3",1,2,3.7e-24,-0.584962500721156,0.5387
"aminoglycan biosynthetic process","MMEA9_E3",4,4,3.7e-24,0,1
"sterol biosynthetic process","MMEA9_E3",2,4,3.7e-24,-0.736965594166206,0.2641
"polyamine metabolic process","MMEA9_E3",2,1,3.7e-24,0.584962500721156,0.6846
"magnesium ion transport","MMEA9_E3",1,1,3.7e-24,0,1
"lamellipodium morphogenesis","MMEA9_E3",1,1,3.7e-24,0,1
"positive regulation of neuron migration","MMEA9_E3",2,1,3.7e-24,0.584962500721156,0.6591
"regulation of glucose metabolic process","MMEA9_E3",4,6,3.7e-24,-0.485426827170242,0.4244
"monosaccharide biosynthetic process","MMEA9_E3",6,6,3.7e-24,0,1
"response to acid chemical","MMEA9_E3",5,7,3.7e-24,-0.415037499278844,0.468
"regulation of carbohydrate metabolic process","MMEA9_E3",8,11,3.7e-24,-0.415037499278844,0.3161
"positive regulation of nervous system development","MMEA9_E3",15,16,3.7e-24,-0.0874628412503394,0.811
"regulation of circadian rhythm","MMEA9_E3",3,7,3.7e-24,-1,0.0798
"trabecula morphogenesis","MMEA9_E3",4,4,3.7e-24,0,1
"pigment accumulation","MMEA9_E3",0,1,3.7e-24,-1,0.4864
"cellular pigment accumulation","MMEA9_E3",1,0,3.7e-24,1,0.4828
"regulation of pinocytosis","MMEA9_E3",1,1,3.7e-24,0,1
"regulation of ligase activity","MMEA9_E3",0,1,3.7e-24,-1,0.4241
"smoothened signaling pathway involved in dorsal/ventral neural tube patterning","MMEA9_E3",0,1,3.7e-24,-1,0.5109
"glycosyl compound metabolic process","MMEA9_E3",4,5,3.7e-24,-0.263034405833794,0.6816
"substantia nigra development","MMEA9_E3",4,3,3.7e-24,0.321928094887362,0.7829
"negative regulation of GTPase activity","MMEA9_E3",3,3,3.7e-24,0,1
"axon extension","MMEA9_E3",6,7,3.7e-24,-0.192645077942396,0.7083
"positive regulation of epithelial to mesenchymal transition","MMEA9_E3",3,3,3.7e-24,0,1
"one-carbon metabolic process","MMEA9_E3",0,2,3.7e-24,-1.58496250072116,0.1826
"NADPH regeneration","MMEA9_E3",2,1,3.7e-24,0.584962500721156,0.6721
"cellular response to dsRNA","MMEA9_E3",1,1,3.7e-24,0,1
"neuron projection organization","MMEA9_E3",9,6,3.7e-24,0.514573172829758,0.3056
"postsynapse organization","MMEA9_E3",11,12,3.7e-24,-0.115477217419936,0.7775
"regulation of ketone biosynthetic process","MMEA9_E3",1,1,3.7e-24,0,1
"mitochondrion distribution","MMEA9_E3",1,1,3.7e-24,0,1
"regulation of autophagosome maturation","MMEA9_E3",1,1,3.7e-24,0,1
"magnesium ion transmembrane transport","MMEA9_E3",3,1,3.7e-24,1,0.4195
"regulation of cell division","MMEA9_E3",8,11,3.7e-24,-0.415037499278844,0.3111
"intermembrane lipid transfer","MMEA9_E3",4,3,3.7e-24,0.321928094887362,0.779
"organophosphate ester transport","MMEA9_E3",8,8,3.7e-24,0,1
"movement in host","MMEA9_E3",7,11,3.7e-24,-0.584962500721156,0.156
"extracellular matrix assembly","MMEA9_E3",1,2,3.7e-24,-0.584962500721156,0.5372
"cellular metabolic compound salvage","MMEA9_E3",2,2,3.7e-24,0,1
"regulation of ATP-dependent activity","MMEA9_E3",2,4,3.7e-24,-0.736965594166206,0.274
"cell migration involved in heart development","MMEA9_E3",0,1,3.7e-24,-1,0.4114
"cellular response to fluid shear stress","MMEA9_E3",1,1,3.7e-24,0,1
"sphingomyelin biosynthetic process","MMEA9_E3",1,1,3.7e-24,0,1
"ether lipid biosynthetic process","MMEA9_E3",2,1,3.7e-24,0.584962500721156,0.6327
"embryonic body morphogenesis","MMEA9_E3",2,1,3.7e-24,0.584962500721156,0.6415
"amino sugar biosynthetic process","MMEA9_E3",0,1,3.7e-24,-1,0.5306
"glycerol ether biosynthetic process","MMEA9_E3",5,1,3.7e-24,1.58496250072116,0.0037
"pigmentation","MMEA9_E3",4,7,3.7e-24,-0.678071905112638,0.1984
"cellular response to ketone","MMEA9_E3",5,7,3.7e-24,-0.415037499278844,0.467
"nonribosomal peptide biosynthetic process","MMEA9_E3",0,2,3.7e-24,-1.58496250072116,0.1264
"glial cell apoptotic process","MMEA9_E3",1,1,3.7e-24,0,1
"lipoprotein catabolic process","MMEA9_E3",1,1,3.7e-24,0,1
"suppression of viral release by host","MMEA9_E3",0,1,3.7e-24,-1,0.4331
"chaperone-mediated autophagy","MMEA9_E3",1,1,3.7e-24,0,1
"regulation of steroid hormone biosynthetic process","MMEA9_E3",1,1,3.7e-24,0,1
"synaptic vesicle lumen acidification","MMEA9_E3",0,1,3.7e-24,-1,0.4235
"semaphorin-plexin signaling pathway involved in neuron projection guidance","MMEA9_E3",0,1,3.7e-24,-1,0.4391
"regulation of Golgi organization","MMEA9_E3",0,1,3.7e-24,-1,0.4279
"Schwann cell differentiation","MMEA9_E3",1,3,3.7e-24,-1,0.2664
"neurotrophin signaling pathway","MMEA9_E3",2,2,3.7e-24,0,1
"regulation of microtubule depolymerization","MMEA9_E3",0,2,3.7e-24,-1.58496250072116,0.1762
"basement membrane organization","MMEA9_E3",1,2,3.7e-24,-0.584962500721156,0.5315
"establishment or maintenance of epithelial cell apical/basal polarity","MMEA9_E3",2,3,3.7e-24,-0.415037499278844,0.5902
"face development","MMEA9_E3",2,3,3.7e-24,-0.415037499278844,0.5937
"osteoblast differentiation","MMEA9_E3",12,16,3.7e-24,-0.387023123109247,0.2703
"appendage development","MMEA9_E3",1,11,3.7e-24,-2.58496250072116,0
"limb development","MMEA9_E3",7,12,3.7e-24,-0.700439718141092,0.1101
"regulation of ATP metabolic process","MMEA9_E3",2,5,3.7e-24,-1,0.1502
"developmental growth involved in morphogenesis","MMEA9_E3",8,12,3.7e-24,-0.53051471669878,0.2234
"embryonic organ development","MMEA9_E3",19,27,3.7e-24,-0.485426827170242,0.077
"negative regulation of growth","MMEA9_E3",13,15,3.7e-24,-0.192645077942396,0.6157
"microtubule depolymerization","MMEA9_E3",2,3,3.7e-24,-0.415037499278844,0.6138
"heme metabolic process","MMEA9_E3",4,3,3.7e-24,0.321928094887362,0.784
"regulation of neuron apoptotic process","MMEA9_E3",11,14,3.7e-24,-0.321928094887362,0.4385
"plasma membrane tubulation","MMEA9_E3",1,1,3.7e-24,0,1
"exosomal secretion","MMEA9_E3",0,1,3.7e-24,-1,0.4324
"vasculogenesis","MMEA9_E3",5,6,3.7e-24,-0.222392421336448,0.703
"toxin transport","MMEA9_E3",0,3,3.7e-24,-2,0.0343
"ncRNA processing","MMEB9_C1",0,1,3.7e-24,-1,0.4996
"ribosome biogenesis","MMEB9_C1",1,0,3.7e-24,1,0.4508
"rRNA metabolic process","MMEB9_C1",1,0,3.7e-24,1,0.4197
"proteasome-mediated ubiquitin-dependent protein catabolic process","MMEB9_C1",1,1,3.7e-24,0,1
"regulation of response to DNA damage stimulus","MMEB9_C1",0,0,3.7e-24,0,1
"establishment of protein localization to organelle","MMEB9_C1",0,1,3.7e-24,-1,0.5015
"macroautophagy","MMEB9_C1",1,1,3.7e-24,0,1
"regulation of chromosome organization","MMEB9_C1",0,0,3.7e-24,0,1
"Golgi vesicle transport","MMEB9_C1",0,0,3.7e-24,0,1
"double-strand break repair","MMEB9_C1",0,0,3.7e-24,0,1
"histone modification","MMEB9_C1",0,1,3.7e-24,-1,0.4821
"sister chromatid segregation","MMEB9_C1",0,0,3.7e-24,0,1
"DNA replication","MMEB9_C1",0,0,3.7e-24,0,1
"chromosome segregation","MMEB9_C1",0,1,3.7e-24,-1,0.5187
"mitochondrial gene expression","MMEB9_C1",1,0,3.7e-24,1,0.2763
"nucleocytoplasmic transport","MMEB9_C1",0,0,3.7e-24,0,1
"nuclear transport","MMEB9_C1",2,0,3.7e-24,1.58496250072116,0.1303
"regulation of DNA repair","MMEB9_C1",0,0,3.7e-24,0,1
"peptidyl-lysine modification","MMEB9_C1",0,1,3.7e-24,-1,0.533
"protein targeting","MMEB9_C1",0,0,3.7e-24,0,1
"cytoplasmic translation","MMEB9_C1",0,0,3.7e-24,0,1
"regulation of autophagy","MMEB9_C1",0,0,3.7e-24,0,1
"signal transduction in response to DNA damage","MMEB9_C1",0,0,3.7e-24,0,1
"regulation of intracellular transport","MMEB9_C1",0,0,3.7e-24,0,1
"protein localization to nucleus","MMEB9_C1",0,0,3.7e-24,0,1
"microtubule cytoskeleton organization involved in mitosis","MMEB9_C1",0,0,3.7e-24,0,1
"telomere maintenance","MMEB9_C1",1,0,3.7e-24,1,0.25
"cell cycle checkpoint signaling","MMEB9_C1",0,0,3.7e-24,0,1
"regulation of protein modification by small protein conjugation or removal","MMEB9_C1",1,0,3.7e-24,1,0.3542
"cellular respiration","MMEB9_C1",0,0,3.7e-24,0,1
"cellular component disassembly","MMEB9_C1",0,1,3.7e-24,-1,0.4619
"nuclear chromosome segregation","MMEB9_C1",0,0,3.7e-24,0,1
"regulation of protein stability","MMEB9_C1",0,0,3.7e-24,0,1
"regulation of cell cycle phase transition","MMEB9_C1",0,1,3.7e-24,-1,0.4804
"regulation of protein catabolic process","MMEB9_C1",1,1,3.7e-24,0,1
"response to endoplasmic reticulum stress","MMEB9_C1",0,0,3.7e-24,0,1
"vesicle organization","MMEB9_C1",0,1,3.7e-24,-1,0.5322
"mitochondrial respiratory chain complex assembly","MMEB9_C1",0,0,3.7e-24,0,1
"DNA-templated transcription elongation","MMEB9_C1",1,0,3.7e-24,1,0.2131
"mitochondrial transport","MMEB9_C1",1,0,3.7e-24,1,0.2733
"establishment of organelle localization","MMEB9_C1",1,1,3.7e-24,0,1
"regulation of intracellular protein transport","MMEB9_C1",0,0,3.7e-24,0,1
"response to UV","MMEB9_C1",0,0,3.7e-24,0,1
"RNA localization","MMEB9_C1",1,0,3.7e-24,1,0.3462
"response to topologically incorrect protein","MMEB9_C1",0,0,3.7e-24,0,1
"organelle fission","MMEB9_C1",0,1,3.7e-24,-1,0.4891
"non-membrane-bounded organelle assembly","MMEB9_C1",0,1,3.7e-24,-1,0.5196
"protein polyubiquitination","MMEB9_C1",1,0,3.7e-24,1,0.3499
"methylation","MMEB9_C1",0,0,3.7e-24,0,1
"phospholipid biosynthetic process","MMEB9_C1",1,0,3.7e-24,1,0.3692
"oxidative phosphorylation","MMEB9_C1",0,0,3.7e-24,0,1
"establishment of protein localization to membrane","MMEB9_C1",2,0,3.7e-24,1.58496250072116,0.0876
"in utero embryonic development","MMEB9_C1",1,1,3.7e-24,0,1
"vacuole organization","MMEB9_C1",0,0,3.7e-24,0,1
"nuclear-transcribed mRNA catabolic process","MMEB9_C1",0,0,3.7e-24,0,1
"protein folding","MMEB9_C1",1,0,3.7e-24,1,0.3164
"DNA conformation change","MMEB9_C1",0,0,3.7e-24,0,1
"regulation of chromosome segregation","MMEB9_C1",0,0,3.7e-24,0,1
"regulation of apoptotic signaling pathway","MMEB9_C1",0,0,3.7e-24,0,1
"cell cycle G2/M phase transition","MMEB9_C1",1,0,3.7e-24,1,0.2426
"vacuolar transport","MMEB9_C1",1,0,3.7e-24,1,0.2423
"response to ionizing radiation","MMEB9_C1",0,0,3.7e-24,0,1
"cellular response to UV","MMEB9_C1",0,0,3.7e-24,0,1
"regulation of binding","MMEB9_C1",1,0,3.7e-24,1,0.4373
"nucleic acid transport","MMEB9_C1",0,0,3.7e-24,0,1
"RNA transport","MMEB9_C1",0,0,3.7e-24,0,1
"ribonucleoprotein complex subunit organization","MMEB9_C1",1,0,3.7e-24,1,0.343
"regulation of DNA replication","MMEB9_C1",0,0,3.7e-24,0,1
"ribose phosphate metabolic process","MMEB9_C1",0,1,3.7e-24,-1,0.4939
"proton motive force-driven ATP synthesis","MMEB9_C1",0,0,3.7e-24,0,1
"ribonucleotide metabolic process","MMEB9_C1",1,1,3.7e-24,0,1
"telomere organization","MMEB9_C1",0,0,3.7e-24,0,1
"cellular response to topologically incorrect protein","MMEB9_C1",0,0,3.7e-24,0,1
"Golgi organization","MMEB9_C1",0,0,3.7e-24,0,1
"ribonucleoprotein complex assembly","MMEB9_C1",0,0,3.7e-24,0,1
"cellular nitrogen compound catabolic process","MMEB9_C1",0,1,3.7e-24,-1,0.4831
"negative regulation of phosphorus metabolic process","MMEB9_C1",0,1,3.7e-24,-1,0.5281
"heterocycle catabolic process","MMEB9_C1",0,1,3.7e-24,-1,0.5082
"mitochondrial membrane organization","MMEB9_C1",1,0,3.7e-24,1,0.1852
"regulation of protein-containing complex assembly","MMEB9_C1",0,0,3.7e-24,0,1
"positive regulation of cellular component biogenesis","MMEB9_C1",0,1,3.7e-24,-1,0.4986
"response to oxidative stress","MMEB9_C1",1,1,3.7e-24,0,1
"regulation of supramolecular fiber organization","MMEB9_C1",0,0,3.7e-24,0,1
"positive regulation of protein localization","MMEB9_C1",0,1,3.7e-24,-1,0.5292
"positive regulation of cell projection organization","MMEB9_C1",0,0,3.7e-24,0,1
"negative regulation of transferase activity","MMEB9_C1",0,0,3.7e-24,0,1
"autophagy of mitochondrion","MMEB9_C1",0,0,3.7e-24,0,1
"positive regulation of amide metabolic process","MMEB9_C1",0,0,3.7e-24,0,1
"chromatin remodeling","MMEB9_C1",2,0,3.7e-24,1.58496250072116,0.1344
"viral process","MMEB9_C1",1,1,3.7e-24,0,1
"macromolecule deacylation","MMEB9_C1",0,0,3.7e-24,0,1
"mitotic cytokinesis","MMEB9_C1",0,0,3.7e-24,0,1
"aromatic compound catabolic process","MMEB9_C1",1,1,3.7e-24,0,1
"vesicle localization","MMEB9_C1",0,0,3.7e-24,0,1
"establishment or maintenance of cell polarity","MMEB9_C1",0,0,3.7e-24,0,1
"Wnt signaling pathway","MMEB9_C1",0,1,3.7e-24,-1,0.4903
"cell-cell signaling by wnt","MMEB9_C1",0,1,3.7e-24,-1,0.5144
"ATP metabolic process","MMEB9_C1",0,0,3.7e-24,0,1
"cellular response to chemical stress","MMEB9_C1",1,0,3.7e-24,1,0.4137
"regulation of vacuole organization","MMEB9_C1",0,0,3.7e-24,0,1
"cellular response to external stimulus","MMEB9_C1",0,0,3.7e-24,0,1
"negative regulation of protein phosphorylation","MMEB9_C1",0,0,3.7e-24,0,1
"negative regulation of catabolic process","MMEB9_C1",0,0,3.7e-24,0,1
"regulation of microtubule cytoskeleton organization","MMEB9_C1",0,0,3.7e-24,0,1
"chromosome localization","MMEB9_C1",0,0,3.7e-24,0,1
"negative regulation of mitotic nuclear division","MMEB9_C1",0,0,3.7e-24,0,1
"regulation of actin filament organization","MMEB9_C1",1,0,3.7e-24,1,0.346
"dephosphorylation","MMEB9_C1",0,0,3.7e-24,0,1
"glycosylation","MMEB9_C1",0,0,3.7e-24,0,1
"positive regulation of establishment of protein localization","MMEB9_C1",0,0,3.7e-24,0,1
"regulation of microtubule-based process","MMEB9_C1",0,0,3.7e-24,0,1
"cell-substrate junction organization","MMEB9_C1",0,0,3.7e-24,0,1
"protein-containing complex localization","MMEB9_C1",1,0,3.7e-24,1,0.2586
"mitochondrial transmembrane transport","MMEB9_C1",1,0,3.7e-24,1,0.1524
"stem cell population maintenance","MMEB9_C1",0,0,3.7e-24,0,1
"ribosome assembly","MMEB9_C1",0,0,3.7e-24,0,1
"intraciliary transport","MMEB9_C1",0,0,3.7e-24,0,1
"Golgi to plasma membrane protein transport","MMEB9_C1",0,0,3.7e-24,0,1
"response to amino acid starvation","MMEB9_C1",0,0,3.7e-24,0,1
"cellular response to extracellular stimulus","MMEB9_C1",0,0,3.7e-24,0,1
"cell growth","MMEB9_C1",0,1,3.7e-24,-1,0.4956
"protein glycosylation","MMEB9_C1",0,0,3.7e-24,0,1
"macromolecule glycosylation","MMEB9_C1",0,0,3.7e-24,0,1
"maintenance of cell number","MMEB9_C1",0,0,3.7e-24,0,1
"response to reactive oxygen species","MMEB9_C1",0,0,3.7e-24,0,1
"regulation of cell morphogenesis","MMEB9_C1",0,0,3.7e-24,0,1
"regulation of cellular component size","MMEB9_C1",0,0,3.7e-24,0,1
"cell-substrate junction assembly","MMEB9_C1",0,0,3.7e-24,0,1
"membrane fission","MMEB9_C1",0,0,3.7e-24,0,1
"membrane docking","MMEB9_C1",1,0,3.7e-24,1,0.1462
"fibroblast migration","MMEB9_C1",0,0,3.7e-24,0,1
"nucleus organization","MMEB9_C1",0,0,3.7e-24,0,1
"regulation of cell growth","MMEB9_C1",0,1,3.7e-24,-1,0.5252
"fibroblast proliferation","MMEB9_C1",1,0,3.7e-24,1,0.2029
"cell cycle G1/S phase transition","MMEB9_C1",0,0,3.7e-24,0,1
"actin filament organization","MMEB9_C1",1,0,3.7e-24,1,0.4551
"response to oxygen levels","MMEB9_C1",0,0,3.7e-24,0,1
"epigenetic regulation of gene expression","MMEB9_C1",0,0,3.7e-24,0,1
"organelle fusion","MMEB9_C1",0,0,3.7e-24,0,1
"lipoprotein metabolic process","MMEB9_C1",2,0,3.7e-24,1.58496250072116,0.0275
"protein lipidation","MMEB9_C1",0,0,3.7e-24,0,1
"regulation of plasma membrane bounded cell projection assembly","MMEB9_C1",0,0,3.7e-24,0,1
"regulation of actin filament-based process","MMEB9_C1",0,0,3.7e-24,0,1
"regulation of GTPase activity","MMEB9_C1",0,0,3.7e-24,0,1
"nuclear envelope organization","MMEB9_C1",0,0,3.7e-24,0,1
"protein autophosphorylation","MMEB9_C1",1,0,3.7e-24,1,0.3116
"connective tissue development","MMEB9_C1",0,0,3.7e-24,0,1
"cellular response to heat","MMEB9_C1",1,0,3.7e-24,1,0.0991
"myeloid cell homeostasis","MMEB9_C1",0,0,3.7e-24,0,1
"regulation of neuron projection development","MMEB9_C1",0,1,3.7e-24,-1,0.5242
"receptor metabolic process","MMEB9_C1",0,0,3.7e-24,0,1
"maintenance of protein location in cell","MMEB9_C1",0,0,3.7e-24,0,1
"apoptotic mitochondrial changes","MMEB9_C1",1,0,3.7e-24,1,0.1787
"response to transforming growth factor beta","MMEB9_C1",0,0,3.7e-24,0,1
"neural tube development","MMEB9_C1",1,0,3.7e-24,1,0.244
"maintenance of protein location","MMEB9_C1",0,0,3.7e-24,0,1
"regulation of ubiquitin-protein transferase activity","MMEB9_C1",0,0,3.7e-24,0,1
"cilium assembly","MMEB9_C1",0,0,3.7e-24,0,1
"mRNA export from nucleus","MMEB9_C1",1,0,3.7e-24,1,0.1249
"regulation of cell-substrate junction organization","MMEB9_C1",1,0,3.7e-24,1,0.1093
"membrane biogenesis","MMEB9_C1",0,0,3.7e-24,0,1
"cilium organization","MMEB9_C1",0,0,3.7e-24,0,1
"platelet-derived growth factor receptor signaling pathway","MMEB9_C1",0,0,3.7e-24,0,1
"iron-sulfur cluster assembly","MMEB9_C1",0,0,3.7e-24,0,1
"metallo-sulfur cluster assembly","MMEB9_C1",0,0,3.7e-24,0,1
"centromere complex assembly","MMEB9_C1",0,0,3.7e-24,0,1
"cellular response to oxygen levels","MMEB9_C1",0,0,3.7e-24,0,1
"fatty acid beta-oxidation","MMEB9_C1",0,0,3.7e-24,0,1
"organelle localization by membrane tethering","MMEB9_C1",0,0,3.7e-24,0,1
"autophagosome maturation","MMEB9_C1",0,0,3.7e-24,0,1
"cellular response to transforming growth factor beta stimulus","MMEB9_C1",0,0,3.7e-24,0,1
"nucleotide catabolic process","MMEB9_C1",1,0,3.7e-24,1,0.1084
"tube closure","MMEB9_C1",0,0,3.7e-24,0,1
"regulation of stem cell differentiation","MMEB9_C1",0,0,3.7e-24,0,1
"substrate adhesion-dependent cell spreading","MMEB9_C1",1,0,3.7e-24,1,0.2046
"chondrocyte differentiation","MMEB9_C1",0,0,3.7e-24,0,1
"regulation of fibroblast proliferation","MMEB9_C1",0,0,3.7e-24,0,1
"morphogenesis of an epithelial sheet","MMEB9_C1",0,0,3.7e-24,0,1
"microtubule polymerization","MMEB9_C1",0,0,3.7e-24,0,1
"response to virus","MMEB9_C1",1,0,3.7e-24,1,0.4645
"membrane assembly","MMEB9_C1",0,0,3.7e-24,0,1
"COPII vesicle coating","MMEB9_C1",0,0,3.7e-24,0,1
"erythrocyte differentiation","MMEB9_C1",0,0,3.7e-24,0,1
"organophosphate catabolic process","MMEB9_C1",0,0,3.7e-24,0,1
"regulation of embryonic development","MMEB9_C1",0,0,3.7e-24,0,1
"regulation of focal adhesion assembly","MMEB9_C1",0,0,3.7e-24,0,1
"regulation of cell-substrate junction assembly","MMEB9_C1",1,0,3.7e-24,1,0.1041
"regulation of extracellular matrix organization","MMEB9_C1",0,0,3.7e-24,0,1
"GPI anchor biosynthetic process","MMEB9_C1",0,0,3.7e-24,0,1
"lamellipodium organization","MMEB9_C1",1,0,3.7e-24,1,0.1535
"positive regulation of stem cell population maintenance","MMEB9_C1",0,0,3.7e-24,0,1
"monosaccharide metabolic process","MMEB9_C1",1,0,3.7e-24,1,0.3191
"U2-type prespliceosome assembly","MMEB9_C1",0,0,3.7e-24,0,1
"heterochromatin formation","MMEB9_C1",0,0,3.7e-24,0,1
"peroxisome organization","MMEB9_C1",0,0,3.7e-24,0,1
"regulation of mitochondrial fission","MMEB9_C1",0,0,3.7e-24,0,1
"cellular pigmentation","MMEB9_C1",0,0,3.7e-24,0,1
"regulation of fibroblast migration","MMEB9_C1",0,0,3.7e-24,0,1
"cellular carbohydrate metabolic process","MMEB9_C1",0,0,3.7e-24,0,1
"positive regulation of axonogenesis","MMEB9_C1",0,0,3.7e-24,0,1
"kinetochore organization","MMEB9_C1",0,0,3.7e-24,0,1
"stem cell differentiation","MMEB9_C1",0,0,3.7e-24,0,1
"proton transmembrane transport","MMEB9_C1",0,0,3.7e-24,0,1
"cellular response to insulin stimulus","MMEB9_C1",0,0,3.7e-24,0,1
"establishment of mitotic spindle localization","MMEB9_C1",0,0,3.7e-24,0,1
"cell redox homeostasis","MMEB9_C1",0,0,3.7e-24,0,1
"stress granule assembly","MMEB9_C1",0,0,3.7e-24,0,1
"protein neddylation","MMEB9_C1",0,0,3.7e-24,0,1
"regulation of mitochondrial membrane potential","MMEB9_C1",0,0,3.7e-24,0,1
"neuron death","MMEB9_C1",0,0,3.7e-24,0,1
"defense response to virus","MMEB9_C1",0,0,3.7e-24,0,1
"sulfur compound metabolic process","MMEB9_C1",1,0,3.7e-24,1,0.3906
"NADP metabolic process","MMEB9_C1",0,0,3.7e-24,0,1
"vacuolar acidification","MMEB9_C1",0,0,3.7e-24,0,1
"oligosaccharide-lipid intermediate biosynthetic process","MMEB9_C1",0,0,3.7e-24,0,1
"lysosomal lumen acidification","MMEB9_C1",0,0,3.7e-24,0,1
"glycosyl compound biosynthetic process","MMEB9_C1",0,0,3.7e-24,0,1
"heart valve development","MMEB9_C1",0,0,3.7e-24,0,1
"water-soluble vitamin metabolic process","MMEB9_C1",0,0,3.7e-24,0,1
"interferon-beta production","MMEB9_C1",0,0,3.7e-24,0,1
"regulation of interferon-beta production","MMEB9_C1",0,0,3.7e-24,0,1
"branched-chain amino acid metabolic process","MMEB9_C1",0,0,3.7e-24,0,1
"regulation of mitochondrial membrane permeability","MMEB9_C1",0,0,3.7e-24,0,1
"respiratory tube development","MMEB9_C1",0,0,3.7e-24,0,1
"cellular senescence","MMEB9_C1",0,0,3.7e-24,0,1
"positive regulation of neurogenesis","MMEB9_C1",0,0,3.7e-24,0,1
"mitochondrial outer membrane permeabilization","MMEB9_C1",0,0,3.7e-24,0,1
"immune system development","MMEB9_C1",0,0,3.7e-24,0,1
"clathrin-dependent endocytosis","MMEB9_C1",0,0,3.7e-24,0,1
"positive regulation of viral process","MMEB9_C1",1,0,3.7e-24,1,0.1026
"bone development","MMEB9_C1",0,0,3.7e-24,0,1
"cell-substrate adhesion","MMEB9_C1",2,0,3.7e-24,1.58496250072116,0.0961
"positive regulation of microtubule polymerization","MMEB9_C1",0,0,3.7e-24,0,1
"pteridine-containing compound metabolic process","MMEB9_C1",0,0,3.7e-24,0,1
"response to arsenic-containing substance","MMEB9_C1",0,0,3.7e-24,0,1
"response to insulin","MMEB9_C1",1,0,3.7e-24,1,0.3301
"ubiquinone metabolic process","MMEB9_C1",0,0,3.7e-24,0,1
"cellular response to arsenic-containing substance","MMEB9_C1",0,0,3.7e-24,0,1
"inositol phosphate catabolic process","MMEB9_C1",0,0,3.7e-24,0,1
"telomerase RNA localization to Cajal body","MMEB9_C1",0,0,3.7e-24,0,1
"respiratory system development","MMEB9_C1",0,0,3.7e-24,0,1
"regulation of generation of precursor metabolites and energy","MMEB9_C1",1,0,3.7e-24,1,0.1717
"mitochondrial calcium ion homeostasis","MMEB9_C1",0,0,3.7e-24,0,1
"G0 to G1 transition","MMEB9_C1",0,0,3.7e-24,0,1
"mitochondrial genome maintenance","MMEB9_C1",0,0,3.7e-24,0,1
"release of cytochrome c from mitochondria","MMEB9_C1",0,0,3.7e-24,0,1
"cortical cytoskeleton organization","MMEB9_C1",0,0,3.7e-24,0,1
"response to sterol depletion","MMEB9_C1",0,0,3.7e-24,0,1
"regulation of ncRNA transcription","MMEB9_C1",0,0,3.7e-24,0,1
"mesenchymal cell differentiation","MMEB9_C1",0,0,3.7e-24,0,1
"protein-DNA complex subunit organization","MMEB9_C1",0,0,3.7e-24,0,1
"response to fluid shear stress","MMEB9_C1",1,0,3.7e-24,1,0.0894
"collagen fibril organization","MMEB9_C1",0,0,3.7e-24,0,1
"roof of mouth development","MMEB9_C1",0,0,3.7e-24,0,1
"regulation of protein dephosphorylation","MMEB9_C1",0,0,3.7e-24,0,1
"multicellular organism growth","MMEB9_C1",1,0,3.7e-24,1,0.2031
"miRNA processing","MMEB9_C1",0,0,3.7e-24,0,1
"small molecule catabolic process","MMEB9_C1",0,0,3.7e-24,0,1
"regulation of G0 to G1 transition","MMEB9_C1",0,0,3.7e-24,0,1
"circadian regulation of gene expression","MMEB9_C1",0,0,3.7e-24,0,1
"regulation of translational fidelity","MMEB9_C1",0,0,3.7e-24,0,1
"ubiquinone biosynthetic process","MMEB9_C1",0,0,3.7e-24,0,1
"mitochondrial calcium ion transmembrane transport","MMEB9_C1",0,0,3.7e-24,0,1
"quinone biosynthetic process","MMEB9_C1",0,0,3.7e-24,0,1
"viral release from host cell","MMEB9_C1",0,0,3.7e-24,0,1
"exit from host cell","MMEB9_C1",0,0,3.7e-24,0,1
"positive regulation of GTPase activity","MMEB9_C1",0,0,3.7e-24,0,1
"regulation of cytokinesis","MMEB9_C1",0,0,3.7e-24,0,1
"mitochondrion localization","MMEB9_C1",0,0,3.7e-24,0,1
"renal system development","MMEB9_C1",1,0,3.7e-24,1,0.4037
"regulation of cysteine-type endopeptidase activity involved in apoptotic process","MMEB9_C1",0,0,3.7e-24,0,1
"regulation of cell-substrate adhesion","MMEB9_C1",0,0,3.7e-24,0,1
"centrosome localization","MMEB9_C1",0,0,3.7e-24,0,1
"microtubule organizing center localization","MMEB9_C1",0,0,3.7e-24,0,1
"pinocytosis","MMEB9_C1",0,0,3.7e-24,0,1
"lamellipodium assembly","MMEB9_C1",0,0,3.7e-24,0,1
"cellular response to sterol depletion","MMEB9_C1",0,0,3.7e-24,0,1
"placenta development","MMEB9_C1",0,0,3.7e-24,0,1
"rhythmic process","MMEB9_C1",0,0,3.7e-24,0,1
"spindle localization","MMEB9_C1",0,0,3.7e-24,0,1
"carbohydrate derivative catabolic process","MMEB9_C1",0,0,3.7e-24,0,1
"response to amino acid","MMEB9_C1",1,0,3.7e-24,1,0.184
"regulation of intracellular steroid hormone receptor signaling pathway","MMEB9_C1",0,0,3.7e-24,0,1
"regulation of neuron death","MMEB9_C1",0,0,3.7e-24,0,1
"ossification","MMEB9_C1",1,0,3.7e-24,1,0.4493
"mammary gland epithelial cell proliferation","MMEB9_C1",0,0,3.7e-24,0,1
"ribosomal subunit export from nucleus","MMEB9_C1",0,0,3.7e-24,0,1
"ribosome localization","MMEB9_C1",0,0,3.7e-24,0,1
"protein transport to vacuole involved in ubiquitin-dependent protein catabolic process via the multivesicular body sorting pathway","MMEB9_C1",0,0,3.7e-24,0,1
"seminiferous tubule development","MMEB9_C1",0,0,3.7e-24,0,1
"cellular response to acid chemical","MMEB9_C1",0,0,3.7e-24,0,1
"positive regulation of kinase activity","MMEB9_C1",1,0,3.7e-24,1,0.4778
"positive regulation by host of viral process","MMEB9_C1",0,0,3.7e-24,0,1
"mitochondrion morphogenesis","MMEB9_C1",0,0,3.7e-24,0,1
"regulation of establishment of cell polarity","MMEB9_C1",0,0,3.7e-24,0,1
"cellular lipid catabolic process","MMEB9_C1",0,0,3.7e-24,0,1
"neuron apoptotic process","MMEB9_C1",0,0,3.7e-24,0,1
"inner cell mass cell proliferation","MMEB9_C1",0,0,3.7e-24,0,1
"polyamine biosynthetic process","MMEB9_C1",0,0,3.7e-24,0,1
"folic acid metabolic process","MMEB9_C1",0,0,3.7e-24,0,1
"organelle inheritance","MMEB9_C1",0,0,3.7e-24,0,1
"polyol metabolic process","MMEB9_C1",0,0,3.7e-24,0,1
"regulation of type I interferon-mediated signaling pathway","MMEB9_C1",0,0,3.7e-24,0,1
"intracellular lipid transport","MMEB9_C1",0,0,3.7e-24,0,1
"fat cell differentiation","MMEB9_C1",0,0,3.7e-24,0,1
"iron ion homeostasis","MMEB9_C1",0,0,3.7e-24,0,1
"negative regulation of cell projection organization","MMEB9_C1",0,0,3.7e-24,0,1
"dicarboxylic acid metabolic process","MMEB9_C1",0,0,3.7e-24,0,1
"regulation of anatomical structure size","MMEB9_C1",1,1,3.7e-24,0,1
"regulation of small molecule metabolic process","MMEB9_C1",0,0,3.7e-24,0,1
"pentose-phosphate shunt","MMEB9_C1",0,0,3.7e-24,0,1
"pericardium development","MMEB9_C1",0,0,3.7e-24,0,1
"lysosomal protein catabolic process","MMEB9_C1",0,0,3.7e-24,0,1
"carbohydrate derivative transport","MMEB9_C1",0,0,3.7e-24,0,1
"alcohol biosynthetic process","MMEB9_C1",0,0,3.7e-24,0,1
"regulation of membrane permeability","MMEB9_C1",0,0,3.7e-24,0,1
"signal peptide processing","MMEB9_C1",0,0,3.7e-24,0,1
"UV-damage excision repair","MMEB9_C1",0,0,3.7e-24,0,1
"biological process involved in interaction with host","MMEB9_C1",0,0,3.7e-24,0,1
"body morphogenesis","MMEB9_C1",0,0,3.7e-24,0,1
"extracellular vesicle biogenesis","MMEB9_C1",0,0,3.7e-24,0,1
"negative regulation of defense response to virus","MMEB9_C1",0,0,3.7e-24,0,1
"aminoglycan biosynthetic process","MMEB9_C1",0,0,3.7e-24,0,1
"sterol biosynthetic process","MMEB9_C1",0,0,3.7e-24,0,1
"polyamine metabolic process","MMEB9_C1",0,0,3.7e-24,0,1
"magnesium ion transport","MMEB9_C1",0,0,3.7e-24,0,1
"lamellipodium morphogenesis","MMEB9_C1",0,0,3.7e-24,0,1
"positive regulation of neuron migration","MMEB9_C1",0,0,3.7e-24,0,1
"regulation of glucose metabolic process","MMEB9_C1",0,0,3.7e-24,0,1
"monosaccharide biosynthetic process","MMEB9_C1",0,0,3.7e-24,0,1
"response to acid chemical","MMEB9_C1",0,0,3.7e-24,0,1
"regulation of carbohydrate metabolic process","MMEB9_C1",0,0,3.7e-24,0,1
"positive regulation of nervous system development","MMEB9_C1",0,0,3.7e-24,0,1
"regulation of circadian rhythm","MMEB9_C1",0,0,3.7e-24,0,1
"trabecula morphogenesis","MMEB9_C1",0,0,3.7e-24,0,1
"pigment accumulation","MMEB9_C1",0,0,3.7e-24,0,1
"cellular pigment accumulation","MMEB9_C1",0,0,3.7e-24,0,1
"regulation of pinocytosis","MMEB9_C1",0,0,3.7e-24,0,1
"regulation of ligase activity","MMEB9_C1",0,0,3.7e-24,0,1
"smoothened signaling pathway involved in dorsal/ventral neural tube patterning","MMEB9_C1",0,0,3.7e-24,0,1
"glycosyl compound metabolic process","MMEB9_C1",0,0,3.7e-24,0,1
"substantia nigra development","MMEB9_C1",0,0,3.7e-24,0,1
"negative regulation of GTPase activity","MMEB9_C1",0,0,3.7e-24,0,1
"axon extension","MMEB9_C1",0,0,3.7e-24,0,1
"positive regulation of epithelial to mesenchymal transition","MMEB9_C1",0,0,3.7e-24,0,1
"one-carbon metabolic process","MMEB9_C1",0,0,3.7e-24,0,1
"NADPH regeneration","MMEB9_C1",0,0,3.7e-24,0,1
"cellular response to dsRNA","MMEB9_C1",0,0,3.7e-24,0,1
"neuron projection organization","MMEB9_C1",0,0,3.7e-24,0,1
"postsynapse organization","MMEB9_C1",0,0,3.7e-24,0,1
"regulation of ketone biosynthetic process","MMEB9_C1",0,0,3.7e-24,0,1
"mitochondrion distribution","MMEB9_C1",0,0,3.7e-24,0,1
"regulation of autophagosome maturation","MMEB9_C1",0,0,3.7e-24,0,1
"magnesium ion transmembrane transport","MMEB9_C1",0,0,3.7e-24,0,1
"regulation of cell division","MMEB9_C1",0,0,3.7e-24,0,1
"intermembrane lipid transfer","MMEB9_C1",0,0,3.7e-24,0,1
"organophosphate ester transport","MMEB9_C1",0,0,3.7e-24,0,1
"movement in host","MMEB9_C1",0,0,3.7e-24,0,1
"extracellular matrix assembly","MMEB9_C1",0,0,3.7e-24,0,1
"cellular metabolic compound salvage","MMEB9_C1",0,0,3.7e-24,0,1
"regulation of ATP-dependent activity","MMEB9_C1",0,0,3.7e-24,0,1
"cell migration involved in heart development","MMEB9_C1",0,0,3.7e-24,0,1
"cellular response to fluid shear stress","MMEB9_C1",0,0,3.7e-24,0,1
"sphingomyelin biosynthetic process","MMEB9_C1",0,0,3.7e-24,0,1
"ether lipid biosynthetic process","MMEB9_C1",0,0,3.7e-24,0,1
"embryonic body morphogenesis","MMEB9_C1",0,0,3.7e-24,0,1
"amino sugar biosynthetic process","MMEB9_C1",0,0,3.7e-24,0,1
"glycerol ether biosynthetic process","MMEB9_C1",0,0,3.7e-24,0,1
"pigmentation","MMEB9_C1",0,0,3.7e-24,0,1
"cellular response to ketone","MMEB9_C1",0,0,3.7e-24,0,1
"nonribosomal peptide biosynthetic process","MMEB9_C1",0,0,3.7e-24,0,1
"glial cell apoptotic process","MMEB9_C1",0,0,3.7e-24,0,1
"lipoprotein catabolic process","MMEB9_C1",0,0,3.7e-24,0,1
"suppression of viral release by host","MMEB9_C1",0,0,3.7e-24,0,1
"chaperone-mediated autophagy","MMEB9_C1",0,0,3.7e-24,0,1
"regulation of steroid hormone biosynthetic process","MMEB9_C1",0,0,3.7e-24,0,1
"synaptic vesicle lumen acidification","MMEB9_C1",0,0,3.7e-24,0,1
"semaphorin-plexin signaling pathway involved in neuron projection guidance","MMEB9_C1",0,0,3.7e-24,0,1
"regulation of Golgi organization","MMEB9_C1",0,0,3.7e-24,0,1
"Schwann cell differentiation","MMEB9_C1",0,0,3.7e-24,0,1
"neurotrophin signaling pathway","MMEB9_C1",0,0,3.7e-24,0,1
"regulation of microtubule depolymerization","MMEB9_C1",0,0,3.7e-24,0,1
"basement membrane organization","MMEB9_C1",1,0,3.7e-24,1,0.0461
"establishment or maintenance of epithelial cell apical/basal polarity","MMEB9_C1",0,0,3.7e-24,0,1
"face development","MMEB9_C1",0,0,3.7e-24,0,1
"osteoblast differentiation","MMEB9_C1",0,0,3.7e-24,0,1
"appendage development","MMEB9_C1",0,0,3.7e-24,0,1
"limb development","MMEB9_C1",0,0,3.7e-24,0,1
"regulation of ATP metabolic process","MMEB9_C1",0,0,3.7e-24,0,1
"developmental growth involved in morphogenesis","MMEB9_C1",0,0,3.7e-24,0,1
"embryonic organ development","MMEB9_C1",0,1,3.7e-24,-1,0.5274
"negative regulation of growth","MMEB9_C1",1,0,3.7e-24,1,0.3072
"microtubule depolymerization","MMEB9_C1",1,0,3.7e-24,1,0.0807
"heme metabolic process","MMEB9_C1",0,0,3.7e-24,0,1
"regulation of neuron apoptotic process","MMEB9_C1",0,0,3.7e-24,0,1
"plasma membrane tubulation","MMEB9_C1",1,0,3.7e-24,1,0.0306
"exosomal secretion","MMEB9_C1",0,0,3.7e-24,0,1
"vasculogenesis","MMEB9_C1",0,0,3.7e-24,0,1
"toxin transport","MMEB9_C1",0,0,3.7e-24,0,1
"ncRNA processing","MMEB9_C2",2,1,3.7e-24,0.584962500721156,0.6314
"ribosome biogenesis","MMEB9_C2",0,1,3.7e-24,-1,0.5008
"rRNA metabolic process","MMEB9_C2",0,0,3.7e-24,0,1
"proteasome-mediated ubiquitin-dependent protein catabolic process","MMEB9_C2",1,1,3.7e-24,0,1
"regulation of response to DNA damage stimulus","MMEB9_C2",1,1,3.7e-24,0,1
"establishment of protein localization to organelle","MMEB9_C2",1,1,3.7e-24,0,1
"macroautophagy","MMEB9_C2",0,1,3.7e-24,-1,0.4667
"regulation of chromosome organization","MMEB9_C2",0,0,3.7e-24,0,1
"Golgi vesicle transport","MMEB9_C2",0,0,3.7e-24,0,1
"double-strand break repair","MMEB9_C2",0,1,3.7e-24,-1,0.5196
"histone modification","MMEB9_C2",0,1,3.7e-24,-1,0.4383
"sister chromatid segregation","MMEB9_C2",0,0,3.7e-24,0,1
"DNA replication","MMEB9_C2",0,1,3.7e-24,-1,0.5135
"chromosome segregation","MMEB9_C2",0,1,3.7e-24,-1,0.4247
"mitochondrial gene expression","MMEB9_C2",0,0,3.7e-24,0,1
"nucleocytoplasmic transport","MMEB9_C2",1,1,3.7e-24,0,1
"nuclear transport","MMEB9_C2",0,1,3.7e-24,-1,0.5009
"regulation of DNA repair","MMEB9_C2",0,0,3.7e-24,0,1
"peptidyl-lysine modification","MMEB9_C2",0,1,3.7e-24,-1,0.4836
"protein targeting","MMEB9_C2",0,1,3.7e-24,-1,0.4946
"cytoplasmic translation","MMEB9_C2",0,0,3.7e-24,0,1
"regulation of autophagy","MMEB9_C2",0,1,3.7e-24,-1,0.4854
"signal transduction in response to DNA damage","MMEB9_C2",0,0,3.7e-24,0,1
"regulation of intracellular transport","MMEB9_C2",0,1,3.7e-24,-1,0.5264
"protein localization to nucleus","MMEB9_C2",0,0,3.7e-24,0,1
"microtubule cytoskeleton organization involved in mitosis","MMEB9_C2",0,0,3.7e-24,0,1
"telomere maintenance","MMEB9_C2",0,0,3.7e-24,0,1
"cell cycle checkpoint signaling","MMEB9_C2",0,0,3.7e-24,0,1
"regulation of protein modification by small protein conjugation or removal","MMEB9_C2",0,0,3.7e-24,0,1
"cellular respiration","MMEB9_C2",0,0,3.7e-24,0,1
"cellular component disassembly","MMEB9_C2",2,1,3.7e-24,0.584962500721156,0.6275
"nuclear chromosome segregation","MMEB9_C2",0,1,3.7e-24,-1,0.5198
"regulation of protein stability","MMEB9_C2",0,1,3.7e-24,-1,0.5073
"regulation of cell cycle phase transition","MMEB9_C2",0,1,3.7e-24,-1,0.4307
"regulation of protein catabolic process","MMEB9_C2",0,1,3.7e-24,-1,0.4891
"response to endoplasmic reticulum stress","MMEB9_C2",0,0,3.7e-24,0,1
"vesicle organization","MMEB9_C2",1,1,3.7e-24,0,1
"mitochondrial respiratory chain complex assembly","MMEB9_C2",0,0,3.7e-24,0,1
"DNA-templated transcription elongation","MMEB9_C2",2,0,3.7e-24,1.58496250072116,0.0522
"mitochondrial transport","MMEB9_C2",0,0,3.7e-24,0,1
"establishment of organelle localization","MMEB9_C2",0,1,3.7e-24,-1,0.4698
"regulation of intracellular protein transport","MMEB9_C2",0,0,3.7e-24,0,1
"response to UV","MMEB9_C2",0,0,3.7e-24,0,1
"RNA localization","MMEB9_C2",0,0,3.7e-24,0,1
"response to topologically incorrect protein","MMEB9_C2",0,0,3.7e-24,0,1
"organelle fission","MMEB9_C2",0,1,3.7e-24,-1,0.4336
"non-membrane-bounded organelle assembly","MMEB9_C2",0,1,3.7e-24,-1,0.4725
"protein polyubiquitination","MMEB9_C2",0,0,3.7e-24,0,1
"methylation","MMEB9_C2",0,1,3.7e-24,-1,0.5194
"phospholipid biosynthetic process","MMEB9_C2",0,0,3.7e-24,0,1
"oxidative phosphorylation","MMEB9_C2",0,0,3.7e-24,0,1
"establishment of protein localization to membrane","MMEB9_C2",0,0,3.7e-24,0,1
"in utero embryonic development","MMEB9_C2",0,1,3.7e-24,-1,0.478
"vacuole organization","MMEB9_C2",0,0,3.7e-24,0,1
"nuclear-transcribed mRNA catabolic process","MMEB9_C2",0,0,3.7e-24,0,1
"protein folding","MMEB9_C2",0,0,3.7e-24,0,1
"DNA conformation change","MMEB9_C2",0,0,3.7e-24,0,1
"regulation of chromosome segregation","MMEB9_C2",2,0,3.7e-24,1.58496250072116,0.0317
"regulation of apoptotic signaling pathway","MMEB9_C2",0,1,3.7e-24,-1,0.5221
"cell cycle G2/M phase transition","MMEB9_C2",0,0,3.7e-24,0,1
"vacuolar transport","MMEB9_C2",0,0,3.7e-24,0,1
"response to ionizing radiation","MMEB9_C2",1,0,3.7e-24,1,0.3109
"cellular response to UV","MMEB9_C2",0,0,3.7e-24,0,1
"regulation of binding","MMEB9_C2",0,1,3.7e-24,-1,0.4921
"nucleic acid transport","MMEB9_C2",0,0,3.7e-24,0,1
"RNA transport","MMEB9_C2",0,0,3.7e-24,0,1
"ribonucleoprotein complex subunit organization","MMEB9_C2",0,0,3.7e-24,0,1
"regulation of DNA replication","MMEB9_C2",0,0,3.7e-24,0,1
"ribose phosphate metabolic process","MMEB9_C2",1,1,3.7e-24,0,1
"proton motive force-driven ATP synthesis","MMEB9_C2",0,0,3.7e-24,0,1
"ribonucleotide metabolic process","MMEB9_C2",1,1,3.7e-24,0,1
"telomere organization","MMEB9_C2",0,0,3.7e-24,0,1
"cellular response to topologically incorrect protein","MMEB9_C2",0,0,3.7e-24,0,1
"Golgi organization","MMEB9_C2",0,0,3.7e-24,0,1
"ribonucleoprotein complex assembly","MMEB9_C2",0,0,3.7e-24,0,1
"cellular nitrogen compound catabolic process","MMEB9_C2",0,1,3.7e-24,-1,0.4454
"negative regulation of phosphorus metabolic process","MMEB9_C2",1,1,3.7e-24,0,1
"heterocycle catabolic process","MMEB9_C2",0,1,3.7e-24,-1,0.4613
"mitochondrial membrane organization","MMEB9_C2",0,0,3.7e-24,0,1
"regulation of protein-containing complex assembly","MMEB9_C2",0,1,3.7e-24,-1,0.4826
"positive regulation of cellular component biogenesis","MMEB9_C2",1,1,3.7e-24,0,1
"response to oxidative stress","MMEB9_C2",0,1,3.7e-24,-1,0.4736
"regulation of supramolecular fiber organization","MMEB9_C2",1,1,3.7e-24,0,1
"positive regulation of protein localization","MMEB9_C2",2,1,3.7e-24,0.584962500721156,0.6307
"positive regulation of cell projection organization","MMEB9_C2",0,1,3.7e-24,-1,0.5138
"negative regulation of transferase activity","MMEB9_C2",0,0,3.7e-24,0,1
"autophagy of mitochondrion","MMEB9_C2",1,0,3.7e-24,1,0.1812
"positive regulation of amide metabolic process","MMEB9_C2",1,0,3.7e-24,1,0.2982
"chromatin remodeling","MMEB9_C2",0,1,3.7e-24,-1,0.5292
"viral process","MMEB9_C2",0,1,3.7e-24,-1,0.4932
"macromolecule deacylation","MMEB9_C2",0,0,3.7e-24,0,1
"mitotic cytokinesis","MMEB9_C2",0,0,3.7e-24,0,1
"aromatic compound catabolic process","MMEB9_C2",1,1,3.7e-24,0,1
"vesicle localization","MMEB9_C2",0,0,3.7e-24,0,1
"establishment or maintenance of cell polarity","MMEB9_C2",0,0,3.7e-24,0,1
"Wnt signaling pathway","MMEB9_C2",0,1,3.7e-24,-1,0.4534
"cell-cell signaling by wnt","MMEB9_C2",0,1,3.7e-24,-1,0.4855
"ATP metabolic process","MMEB9_C2",0,0,3.7e-24,0,1
"cellular response to chemical stress","MMEB9_C2",0,0,3.7e-24,0,1
"regulation of vacuole organization","MMEB9_C2",0,0,3.7e-24,0,1
"cellular response to external stimulus","MMEB9_C2",1,1,3.7e-24,0,1
"negative regulation of protein phosphorylation","MMEB9_C2",0,0,3.7e-24,0,1
"negative regulation of catabolic process","MMEB9_C2",1,0,3.7e-24,1,0.4966
"regulation of microtubule cytoskeleton organization","MMEB9_C2",0,0,3.7e-24,0,1
"chromosome localization","MMEB9_C2",0,0,3.7e-24,0,1
"negative regulation of mitotic nuclear division","MMEB9_C2",0,0,3.7e-24,0,1
"regulation of actin filament organization","MMEB9_C2",0,0,3.7e-24,0,1
"dephosphorylation","MMEB9_C2",1,0,3.7e-24,1,0.4905
"glycosylation","MMEB9_C2",0,0,3.7e-24,0,1
"positive regulation of establishment of protein localization","MMEB9_C2",1,0,3.7e-24,1,0.4558
"regulation of microtubule-based process","MMEB9_C2",0,0,3.7e-24,0,1
"cell-substrate junction organization","MMEB9_C2",0,0,3.7e-24,0,1
"protein-containing complex localization","MMEB9_C2",0,0,3.7e-24,0,1
"mitochondrial transmembrane transport","MMEB9_C2",0,0,3.7e-24,0,1
"stem cell population maintenance","MMEB9_C2",0,0,3.7e-24,0,1
"ribosome assembly","MMEB9_C2",0,0,3.7e-24,0,1
"intraciliary transport","MMEB9_C2",0,0,3.7e-24,0,1
"Golgi to plasma membrane protein transport","MMEB9_C2",0,0,3.7e-24,0,1
"response to amino acid starvation","MMEB9_C2",0,0,3.7e-24,0,1
"cellular response to extracellular stimulus","MMEB9_C2",0,0,3.7e-24,0,1
"cell growth","MMEB9_C2",0,1,3.7e-24,-1,0.4781
"protein glycosylation","MMEB9_C2",2,0,3.7e-24,1.58496250072116,0.0753
"macromolecule glycosylation","MMEB9_C2",0,0,3.7e-24,0,1
"maintenance of cell number","MMEB9_C2",0,0,3.7e-24,0,1
"response to reactive oxygen species","MMEB9_C2",0,0,3.7e-24,0,1
"regulation of cell morphogenesis","MMEB9_C2",0,0,3.7e-24,0,1
"regulation of cellular component size","MMEB9_C2",1,1,3.7e-24,0,1
"cell-substrate junction assembly","MMEB9_C2",0,0,3.7e-24,0,1
"membrane fission","MMEB9_C2",0,0,3.7e-24,0,1
"membrane docking","MMEB9_C2",0,0,3.7e-24,0,1
"fibroblast migration","MMEB9_C2",0,0,3.7e-24,0,1
"nucleus organization","MMEB9_C2",0,0,3.7e-24,0,1
"regulation of cell growth","MMEB9_C2",1,1,3.7e-24,0,1
"fibroblast proliferation","MMEB9_C2",0,0,3.7e-24,0,1
"cell cycle G1/S phase transition","MMEB9_C2",2,0,3.7e-24,1.58496250072116,0.118
"actin filament organization","MMEB9_C2",0,1,3.7e-24,-1,0.483
"response to oxygen levels","MMEB9_C2",0,0,3.7e-24,0,1
"epigenetic regulation of gene expression","MMEB9_C2",0,0,3.7e-24,0,1
"organelle fusion","MMEB9_C2",0,0,3.7e-24,0,1
"lipoprotein metabolic process","MMEB9_C2",0,0,3.7e-24,0,1
"protein lipidation","MMEB9_C2",0,0,3.7e-24,0,1
"regulation of plasma membrane bounded cell projection assembly","MMEB9_C2",0,0,3.7e-24,0,1
"regulation of actin filament-based process","MMEB9_C2",0,0.5,3.7e-24,-0.584962500721156,0.653
"regulation of GTPase activity","MMEB9_C2",0,0,3.7e-24,0,1
"nuclear envelope organization","MMEB9_C2",0,0,3.7e-24,0,1
"protein autophosphorylation","MMEB9_C2",0,0,3.7e-24,0,1
"connective tissue development","MMEB9_C2",0,0,3.7e-24,0,1
"cellular response to heat","MMEB9_C2",0,0,3.7e-24,0,1
"myeloid cell homeostasis","MMEB9_C2",0,0,3.7e-24,0,1
"regulation of neuron projection development","MMEB9_C2",0,1,3.7e-24,-1,0.4909
"receptor metabolic process","MMEB9_C2",0,0,3.7e-24,0,1
"maintenance of protein location in cell","MMEB9_C2",0,0,3.7e-24,0,1
"apoptotic mitochondrial changes","MMEB9_C2",0,0,3.7e-24,0,1
"response to transforming growth factor beta","MMEB9_C2",0,0,3.7e-24,0,1
"neural tube development","MMEB9_C2",0,0,3.7e-24,0,1
"maintenance of protein location","MMEB9_C2",0,0,3.7e-24,0,1
"regulation of ubiquitin-protein transferase activity","MMEB9_C2",0,0,3.7e-24,0,1
"cilium assembly","MMEB9_C2",1,1,3.7e-24,0,1
"mRNA export from nucleus","MMEB9_C2",0,0,3.7e-24,0,1
"regulation of cell-substrate junction organization","MMEB9_C2",0,0,3.7e-24,0,1
"membrane biogenesis","MMEB9_C2",0,0,3.7e-24,0,1
"cilium organization","MMEB9_C2",0,1,3.7e-24,-1,0.511
"platelet-derived growth factor receptor signaling pathway","MMEB9_C2",0,0,3.7e-24,0,1
"iron-sulfur cluster assembly","MMEB9_C2",0,0,3.7e-24,0,1
"metallo-sulfur cluster assembly","MMEB9_C2",0,0,3.7e-24,0,1
"centromere complex assembly","MMEB9_C2",0,0,3.7e-24,0,1
"cellular response to oxygen levels","MMEB9_C2",0,0,3.7e-24,0,1
"fatty acid beta-oxidation","MMEB9_C2",0,0,3.7e-24,0,1
"organelle localization by membrane tethering","MMEB9_C2",0,0,3.7e-24,0,1
"autophagosome maturation","MMEB9_C2",0,0,3.7e-24,0,1
"cellular response to transforming growth factor beta stimulus","MMEB9_C2",0,0,3.7e-24,0,1
"nucleotide catabolic process","MMEB9_C2",0,0,3.7e-24,0,1
"tube closure","MMEB9_C2",0,0,3.7e-24,0,1
"regulation of stem cell differentiation","MMEB9_C2",0,0,3.7e-24,0,1
"substrate adhesion-dependent cell spreading","MMEB9_C2",0,0,3.7e-24,0,1
"chondrocyte differentiation","MMEB9_C2",0,0,3.7e-24,0,1
"regulation of fibroblast proliferation","MMEB9_C2",0,0,3.7e-24,0,1
"morphogenesis of an epithelial sheet","MMEB9_C2",0,0,3.7e-24,0,1
"microtubule polymerization","MMEB9_C2",0,0,3.7e-24,0,1
"response to virus","MMEB9_C2",0,1,3.7e-24,-1,0.4963
"membrane assembly","MMEB9_C2",0,0,3.7e-24,0,1
"COPII vesicle coating","MMEB9_C2",0,0,3.7e-24,0,1
"erythrocyte differentiation","MMEB9_C2",0,0,3.7e-24,0,1
"organophosphate catabolic process","MMEB9_C2",0,0,3.7e-24,0,1
"regulation of embryonic development","MMEB9_C2",0,0,3.7e-24,0,1
"regulation of focal adhesion assembly","MMEB9_C2",0,0,3.7e-24,0,1
"regulation of cell-substrate junction assembly","MMEB9_C2",0,0,3.7e-24,0,1
"regulation of extracellular matrix organization","MMEB9_C2",0,0,3.7e-24,0,1
"GPI anchor biosynthetic process","MMEB9_C2",0,0,3.7e-24,0,1
"lamellipodium organization","MMEB9_C2",0,0,3.7e-24,0,1
"positive regulation of stem cell population maintenance","MMEB9_C2",0,0,3.7e-24,0,1
"monosaccharide metabolic process","MMEB9_C2",1,0,3.7e-24,1,0.3827
"U2-type prespliceosome assembly","MMEB9_C2",0,0,3.7e-24,0,1
"heterochromatin formation","MMEB9_C2",0,0,3.7e-24,0,1
"peroxisome organization","MMEB9_C2",0,0,3.7e-24,0,1
"regulation of mitochondrial fission","MMEB9_C2",0,0,3.7e-24,0,1
"cellular pigmentation","MMEB9_C2",0,0,3.7e-24,0,1
"regulation of fibroblast migration","MMEB9_C2",0,0,3.7e-24,0,1
"cellular carbohydrate metabolic process","MMEB9_C2",1,0,3.7e-24,1,0.4137
"positive regulation of axonogenesis","MMEB9_C2",0,0,3.7e-24,0,1
"kinetochore organization","MMEB9_C2",0,0,3.7e-24,0,1
"stem cell differentiation","MMEB9_C2",0,0,3.7e-24,0,1
"proton transmembrane transport","MMEB9_C2",1,0,3.7e-24,1,0.2347
"cellular response to insulin stimulus","MMEB9_C2",0,0,3.7e-24,0,1
"establishment of mitotic spindle localization","MMEB9_C2",0,0,3.7e-24,0,1
"cell redox homeostasis","MMEB9_C2",1,0,3.7e-24,1,0.1027
"stress granule assembly","MMEB9_C2",0,0,3.7e-24,0,1
"protein neddylation","MMEB9_C2",0,0,3.7e-24,0,1
"regulation of mitochondrial membrane potential","MMEB9_C2",0,0,3.7e-24,0,1
"neuron death","MMEB9_C2",0,0,3.7e-24,0,1
"defense response to virus","MMEB9_C2",0,0,3.7e-24,0,1
"sulfur compound metabolic process","MMEB9_C2",0,0,3.7e-24,0,1
"NADP metabolic process","MMEB9_C2",0,0,3.7e-24,0,1
"vacuolar acidification","MMEB9_C2",0,0,3.7e-24,0,1
"oligosaccharide-lipid intermediate biosynthetic process","MMEB9_C2",0,0,3.7e-24,0,1
"lysosomal lumen acidification","MMEB9_C2",0,0,3.7e-24,0,1
"glycosyl compound biosynthetic process","MMEB9_C2",0,0,3.7e-24,0,1
"heart valve development","MMEB9_C2",0,0,3.7e-24,0,1
"water-soluble vitamin metabolic process","MMEB9_C2",0,0,3.7e-24,0,1
"interferon-beta production","MMEB9_C2",0,0,3.7e-24,0,1
"regulation of interferon-beta production","MMEB9_C2",0,0,3.7e-24,0,1
"branched-chain amino acid metabolic process","MMEB9_C2",0,0,3.7e-24,0,1
"regulation of mitochondrial membrane permeability","MMEB9_C2",0,0,3.7e-24,0,1
"respiratory tube development","MMEB9_C2",0,0,3.7e-24,0,1
"cellular senescence","MMEB9_C2",0,0,3.7e-24,0,1
"positive regulation of neurogenesis","MMEB9_C2",0,0,3.7e-24,0,1
"mitochondrial outer membrane permeabilization","MMEB9_C2",0,0,3.7e-24,0,1
"immune system development","MMEB9_C2",0,0,3.7e-24,0,1
"clathrin-dependent endocytosis","MMEB9_C2",0,0,3.7e-24,0,1
"positive regulation of viral process","MMEB9_C2",0,0,3.7e-24,0,1
"bone development","MMEB9_C2",0,0,3.7e-24,0,1
"cell-substrate adhesion","MMEB9_C2",0,1,3.7e-24,-1,0.5233
"positive regulation of microtubule polymerization","MMEB9_C2",0,0,3.7e-24,0,1
"pteridine-containing compound metabolic process","MMEB9_C2",0,0,3.7e-24,0,1
"response to arsenic-containing substance","MMEB9_C2",0,0,3.7e-24,0,1
"response to insulin","MMEB9_C2",1,0,3.7e-24,1,0.3994
"ubiquinone metabolic process","MMEB9_C2",0,0,3.7e-24,0,1
"cellular response to arsenic-containing substance","MMEB9_C2",0,0,3.7e-24,0,1
"inositol phosphate catabolic process","MMEB9_C2",0,0,3.7e-24,0,1
"telomerase RNA localization to Cajal body","MMEB9_C2",0,0,3.7e-24,0,1
"respiratory system development","MMEB9_C2",1,0,3.7e-24,1,0.3426
"regulation of generation of precursor metabolites and energy","MMEB9_C2",0,0,3.7e-24,0,1
"mitochondrial calcium ion homeostasis","MMEB9_C2",0,0,3.7e-24,0,1
"G0 to G1 transition","MMEB9_C2",0,0,3.7e-24,0,1
"mitochondrial genome maintenance","MMEB9_C2",0,0,3.7e-24,0,1
"release of cytochrome c from mitochondria","MMEB9_C2",0,0,3.7e-24,0,1
"cortical cytoskeleton organization","MMEB9_C2",0,0,3.7e-24,0,1
"response to sterol depletion","MMEB9_C2",0,0,3.7e-24,0,1
"regulation of ncRNA transcription","MMEB9_C2",0,0,3.7e-24,0,1
"mesenchymal cell differentiation","MMEB9_C2",0,0,3.7e-24,0,1
"protein-DNA complex subunit organization","MMEB9_C2",0,0,3.7e-24,0,1
"response to fluid shear stress","MMEB9_C2",0,0,3.7e-24,0,1
"collagen fibril organization","MMEB9_C2",0,0,3.7e-24,0,1
"roof of mouth development","MMEB9_C2",0,0,3.7e-24,0,1
"regulation of protein dephosphorylation","MMEB9_C2",0,0,3.7e-24,0,1
"multicellular organism growth","MMEB9_C2",0,0,3.7e-24,0,1
"miRNA processing","MMEB9_C2",0,0,3.7e-24,0,1
"small molecule catabolic process","MMEB9_C2",0,1,3.7e-24,-1,0.519
"regulation of G0 to G1 transition","MMEB9_C2",0,0,3.7e-24,0,1
"circadian regulation of gene expression","MMEB9_C2",0,0,3.7e-24,0,1
"regulation of translational fidelity","MMEB9_C2",0,0,3.7e-24,0,1
"ubiquinone biosynthetic process","MMEB9_C2",0,0,3.7e-24,0,1
"mitochondrial calcium ion transmembrane transport","MMEB9_C2",0,0,3.7e-24,0,1
"quinone biosynthetic process","MMEB9_C2",0,0,3.7e-24,0,1
"viral release from host cell","MMEB9_C2",0,0,3.7e-24,0,1
"exit from host cell","MMEB9_C2",0,0,3.7e-24,0,1
"positive regulation of GTPase activity","MMEB9_C2",0,0,3.7e-24,0,1
"regulation of cytokinesis","MMEB9_C2",0,0,3.7e-24,0,1
"mitochondrion localization","MMEB9_C2",0,0,3.7e-24,0,1
"renal system development","MMEB9_C2",0,0,3.7e-24,0,1
"regulation of cysteine-type endopeptidase activity involved in apoptotic process","MMEB9_C2",0,0,3.7e-24,0,1
"regulation of cell-substrate adhesion","MMEB9_C2",0,0,3.7e-24,0,1
"centrosome localization","MMEB9_C2",0,0,3.7e-24,0,1
"microtubule organizing center localization","MMEB9_C2",0,0,3.7e-24,0,1
"pinocytosis","MMEB9_C2",0,0,3.7e-24,0,1
"lamellipodium assembly","MMEB9_C2",1,0,3.7e-24,1,0.1145
"cellular response to sterol depletion","MMEB9_C2",0,0,3.7e-24,0,1
"placenta development","MMEB9_C2",0,0,3.7e-24,0,1
"rhythmic process","MMEB9_C2",0,0,3.7e-24,0,1
"spindle localization","MMEB9_C2",0,0,3.7e-24,0,1
"carbohydrate derivative catabolic process","MMEB9_C2",0,0,3.7e-24,0,1
"response to amino acid","MMEB9_C2",0,0,3.7e-24,0,1
"regulation of intracellular steroid hormone receptor signaling pathway","MMEB9_C2",0,0,3.7e-24,0,1
"regulation of neuron death","MMEB9_C2",0,0,3.7e-24,0,1
"ossification","MMEB9_C2",1,1,3.7e-24,0,1
"mammary gland epithelial cell proliferation","MMEB9_C2",0,0,3.7e-24,0,1
"ribosomal subunit export from nucleus","MMEB9_C2",0,0,3.7e-24,0,1
"ribosome localization","MMEB9_C2",0,0,3.7e-24,0,1
"protein transport to vacuole involved in ubiquitin-dependent protein catabolic process via the multivesicular body sorting pathway","MMEB9_C2",0,0,3.7e-24,0,1
"seminiferous tubule development","MMEB9_C2",0,0,3.7e-24,0,1
"cellular response to acid chemical","MMEB9_C2",1,0,3.7e-24,1,0.1825
"positive regulation of kinase activity","MMEB9_C2",1,1,3.7e-24,0,1
"positive regulation by host of viral process","MMEB9_C2",0,0,3.7e-24,0,1
"mitochondrion morphogenesis","MMEB9_C2",0,0,3.7e-24,0,1
"regulation of establishment of cell polarity","MMEB9_C2",0,0,3.7e-24,0,1
"cellular lipid catabolic process","MMEB9_C2",0,0,3.7e-24,0,1
"neuron apoptotic process","MMEB9_C2",0,0,3.7e-24,0,1
"inner cell mass cell proliferation","MMEB9_C2",0,0,3.7e-24,0,1
"polyamine biosynthetic process","MMEB9_C2",0,0,3.7e-24,0,1
"folic acid metabolic process","MMEB9_C2",0,0,3.7e-24,0,1
"organelle inheritance","MMEB9_C2",0,0,3.7e-24,0,1
"polyol metabolic process","MMEB9_C2",0,0,3.7e-24,0,1
"regulation of type I interferon-mediated signaling pathway","MMEB9_C2",0,0,3.7e-24,0,1
"intracellular lipid transport","MMEB9_C2",0,0,3.7e-24,0,1
"fat cell differentiation","MMEB9_C2",0,0,3.7e-24,0,1
"iron ion homeostasis","MMEB9_C2",0,0,3.7e-24,0,1
"negative regulation of cell projection organization","MMEB9_C2",0,0,3.7e-24,0,1
"dicarboxylic acid metabolic process","MMEB9_C2",0,0,3.7e-24,0,1
"regulation of anatomical structure size","MMEB9_C2",3,1,3.7e-24,1,0.4838
"regulation of small molecule metabolic process","MMEB9_C2",0,0,3.7e-24,0,1
"pentose-phosphate shunt","MMEB9_C2",0,0,3.7e-24,0,1
"pericardium development","MMEB9_C2",0,0,3.7e-24,0,1
"lysosomal protein catabolic process","MMEB9_C2",0,0,3.7e-24,0,1
"carbohydrate derivative transport","MMEB9_C2",0,0,3.7e-24,0,1
"alcohol biosynthetic process","MMEB9_C2",0,0,3.7e-24,0,1
"regulation of membrane permeability","MMEB9_C2",0,0,3.7e-24,0,1
"signal peptide processing","MMEB9_C2",0,0,3.7e-24,0,1
"UV-damage excision repair","MMEB9_C2",0,0,3.7e-24,0,1
"biological process involved in interaction with host","MMEB9_C2",0,0,3.7e-24,0,1
"body morphogenesis","MMEB9_C2",0,0,3.7e-24,0,1
"extracellular vesicle biogenesis","MMEB9_C2",0,0,3.7e-24,0,1
"negative regulation of defense response to virus","MMEB9_C2",0,0,3.7e-24,0,1
"aminoglycan biosynthetic process","MMEB9_C2",0,0,3.7e-24,0,1
"sterol biosynthetic process","MMEB9_C2",0,0,3.7e-24,0,1
"polyamine metabolic process","MMEB9_C2",0,0,3.7e-24,0,1
"magnesium ion transport","MMEB9_C2",0,0,3.7e-24,0,1
"lamellipodium morphogenesis","MMEB9_C2",0,0,3.7e-24,0,1
"positive regulation of neuron migration","MMEB9_C2",0,0,3.7e-24,0,1
"regulation of glucose metabolic process","MMEB9_C2",0,0,3.7e-24,0,1
"monosaccharide biosynthetic process","MMEB9_C2",0,0,3.7e-24,0,1
"response to acid chemical","MMEB9_C2",0,0,3.7e-24,0,1
"regulation of carbohydrate metabolic process","MMEB9_C2",0,0,3.7e-24,0,1
"positive regulation of nervous system development","MMEB9_C2",0,0,3.7e-24,0,1
"regulation of circadian rhythm","MMEB9_C2",0,0,3.7e-24,0,1
"trabecula morphogenesis","MMEB9_C2",0,0,3.7e-24,0,1
"pigment accumulation","MMEB9_C2",0,0,3.7e-24,0,1
"cellular pigment accumulation","MMEB9_C2",0,0,3.7e-24,0,1
"regulation of pinocytosis","MMEB9_C2",0,0,3.7e-24,0,1
"regulation of ligase activity","MMEB9_C2",0,0,3.7e-24,0,1
"smoothened signaling pathway involved in dorsal/ventral neural tube patterning","MMEB9_C2",0,0,3.7e-24,0,1
"glycosyl compound metabolic process","MMEB9_C2",0,0,3.7e-24,0,1
"substantia nigra development","MMEB9_C2",0,0,3.7e-24,0,1
"negative regulation of GTPase activity","MMEB9_C2",0,0,3.7e-24,0,1
"axon extension","MMEB9_C2",0,0,3.7e-24,0,1
"positive regulation of epithelial to mesenchymal transition","MMEB9_C2",0,0,3.7e-24,0,1
"one-carbon metabolic process","MMEB9_C2",0,0,3.7e-24,0,1
"NADPH regeneration","MMEB9_C2",0,0,3.7e-24,0,1
"cellular response to dsRNA","MMEB9_C2",0,0,3.7e-24,0,1
"neuron projection organization","MMEB9_C2",0,0,3.7e-24,0,1
"postsynapse organization","MMEB9_C2",0,0,3.7e-24,0,1
"regulation of ketone biosynthetic process","MMEB9_C2",0,0,3.7e-24,0,1
"mitochondrion distribution","MMEB9_C2",0,0,3.7e-24,0,1
"regulation of autophagosome maturation","MMEB9_C2",0,0,3.7e-24,0,1
"magnesium ion transmembrane transport","MMEB9_C2",0,0,3.7e-24,0,1
"regulation of cell division","MMEB9_C2",0,0,3.7e-24,0,1
"intermembrane lipid transfer","MMEB9_C2",0,0,3.7e-24,0,1
"organophosphate ester transport","MMEB9_C2",1,0,3.7e-24,1,0.2492
"movement in host","MMEB9_C2",0,0,3.7e-24,0,1
"extracellular matrix assembly","MMEB9_C2",0,0,3.7e-24,0,1
"cellular metabolic compound salvage","MMEB9_C2",0,0,3.7e-24,0,1
"regulation of ATP-dependent activity","MMEB9_C2",0,0,3.7e-24,0,1
"cell migration involved in heart development","MMEB9_C2",0,0,3.7e-24,0,1
"cellular response to fluid shear stress","MMEB9_C2",0,0,3.7e-24,0,1
"sphingomyelin biosynthetic process","MMEB9_C2",0,0,3.7e-24,0,1
"ether lipid biosynthetic process","MMEB9_C2",0,0,3.7e-24,0,1
"embryonic body morphogenesis","MMEB9_C2",0,0,3.7e-24,0,1
"amino sugar biosynthetic process","MMEB9_C2",0,0,3.7e-24,0,1
"glycerol ether biosynthetic process","MMEB9_C2",0,0,3.7e-24,0,1
"pigmentation","MMEB9_C2",0,0,3.7e-24,0,1
"cellular response to ketone","MMEB9_C2",0,0,3.7e-24,0,1
"nonribosomal peptide biosynthetic process","MMEB9_C2",0,0,3.7e-24,0,1
"glial cell apoptotic process","MMEB9_C2",0,0,3.7e-24,0,1
"lipoprotein catabolic process","MMEB9_C2",0,0,3.7e-24,0,1
"suppression of viral release by host","MMEB9_C2",0,0,3.7e-24,0,1
"chaperone-mediated autophagy","MMEB9_C2",0,0,3.7e-24,0,1
"regulation of steroid hormone biosynthetic process","MMEB9_C2",0,0,3.7e-24,0,1
"synaptic vesicle lumen acidification","MMEB9_C2",0,0,3.7e-24,0,1
"semaphorin-plexin signaling pathway involved in neuron projection guidance","MMEB9_C2",0,0,3.7e-24,0,1
"regulation of Golgi organization","MMEB9_C2",0,0,3.7e-24,0,1
"Schwann cell differentiation","MMEB9_C2",0,0,3.7e-24,0,1
"neurotrophin signaling pathway","MMEB9_C2",0,0,3.7e-24,0,1
"regulation of microtubule depolymerization","MMEB9_C2",0,0,3.7e-24,0,1
"basement membrane organization","MMEB9_C2",0,0,3.7e-24,0,1
"establishment or maintenance of epithelial cell apical/basal polarity","MMEB9_C2",0,0,3.7e-24,0,1
"face development","MMEB9_C2",0,0,3.7e-24,0,1
"osteoblast differentiation","MMEB9_C2",0,0,3.7e-24,0,1
"appendage development","MMEB9_C2",0,0,3.7e-24,0,1
"limb development","MMEB9_C2",0,0,3.7e-24,0,1
"regulation of ATP metabolic process","MMEB9_C2",0,0,3.7e-24,0,1
"developmental growth involved in morphogenesis","MMEB9_C2",0,0,3.7e-24,0,1
"embryonic organ development","MMEB9_C2",1,1,3.7e-24,0,1
"negative regulation of growth","MMEB9_C2",0,0,3.7e-24,0,1
"microtubule depolymerization","MMEB9_C2",0,0,3.7e-24,0,1
"heme metabolic process","MMEB9_C2",0,0,3.7e-24,0,1
"regulation of neuron apoptotic process","MMEB9_C2",0,0,3.7e-24,0,1
"plasma membrane tubulation","MMEB9_C2",0,0,3.7e-24,0,1
"exosomal secretion","MMEB9_C2",0,0,3.7e-24,0,1
"vasculogenesis","MMEB9_C2",0,0,3.7e-24,0,1
"toxin transport","MMEB9_C2",0,0,3.7e-24,0,1
"ncRNA processing","MMEB9_C3",0,1,3.7e-24,-1,0.4802
"ribosome biogenesis","MMEB9_C3",1,0,3.7e-24,1,0.4989
"rRNA metabolic process","MMEB9_C3",1,0,3.7e-24,1,0.4249
"proteasome-mediated ubiquitin-dependent protein catabolic process","MMEB9_C3",0,1,3.7e-24,-1,0.4482
"regulation of response to DNA damage stimulus","MMEB9_C3",0,0,3.7e-24,0,1
"establishment of protein localization to organelle","MMEB9_C3",0,1,3.7e-24,-1,0.4764
"macroautophagy","MMEB9_C3",0,1,3.7e-24,-1,0.5287
"regulation of chromosome organization","MMEB9_C3",1,0,3.7e-24,1,0.4119
"Golgi vesicle transport","MMEB9_C3",0,0,3.7e-24,0,1
"double-strand break repair","MMEB9_C3",0,0,3.7e-24,0,1
"histone modification","MMEB9_C3",0,1,3.7e-24,-1,0.4746
"sister chromatid segregation","MMEB9_C3",0,0,3.7e-24,0,1
"DNA replication","MMEB9_C3",1,0,3.7e-24,1,0.4389
"chromosome segregation","MMEB9_C3",0,1,3.7e-24,-1,0.4976
"mitochondrial gene expression","MMEB9_C3",0,0,3.7e-24,0,1
"nucleocytoplasmic transport","MMEB9_C3",0,0,3.7e-24,0,1
"nuclear transport","MMEB9_C3",0,0,3.7e-24,0,1
"regulation of DNA repair","MMEB9_C3",2,0,3.7e-24,1.58496250072116,0.0668
"peptidyl-lysine modification","MMEB9_C3",1,0,3.7e-24,1,0.4985
"protein targeting","MMEB9_C3",0,1,3.7e-24,-1,0.527
"cytoplasmic translation","MMEB9_C3",0,0,3.7e-24,0,1
"regulation of autophagy","MMEB9_C3",0,0,3.7e-24,0,1
"signal transduction in response to DNA damage","MMEB9_C3",0,0,3.7e-24,0,1
"regulation of intracellular transport","MMEB9_C3",0,0,3.7e-24,0,1
"protein localization to nucleus","MMEB9_C3",0,0,3.7e-24,0,1
"microtubule cytoskeleton organization involved in mitosis","MMEB9_C3",0,0,3.7e-24,0,1
"telomere maintenance","MMEB9_C3",0,0,3.7e-24,0,1
"cell cycle checkpoint signaling","MMEB9_C3",1,0,3.7e-24,1,0.3476
"regulation of protein modification by small protein conjugation or removal","MMEB9_C3",0,0,3.7e-24,0,1
"cellular respiration","MMEB9_C3",1,0,3.7e-24,1,0.3938
"cellular component disassembly","MMEB9_C3",1,1,3.7e-24,0,1
"nuclear chromosome segregation","MMEB9_C3",0,0,3.7e-24,0,1
"regulation of protein stability","MMEB9_C3",1,0,3.7e-24,1,0.4587
"regulation of cell cycle phase transition","MMEB9_C3",1,1,3.7e-24,0,1
"regulation of protein catabolic process","MMEB9_C3",0,1,3.7e-24,-1,0.5233
"response to endoplasmic reticulum stress","MMEB9_C3",0,0,3.7e-24,0,1
"vesicle organization","MMEB9_C3",0,1,3.7e-24,-1,0.522
"mitochondrial respiratory chain complex assembly","MMEB9_C3",0,0,3.7e-24,0,1
"DNA-templated transcription elongation","MMEB9_C3",0,0,3.7e-24,0,1
"mitochondrial transport","MMEB9_C3",0,0,3.7e-24,0,1
"establishment of organelle localization","MMEB9_C3",0,1,3.7e-24,-1,0.4962
"regulation of intracellular protein transport","MMEB9_C3",1,0,3.7e-24,1,0.3518
"response to UV","MMEB9_C3",1,0,3.7e-24,1,0.2866
"RNA localization","MMEB9_C3",0,0,3.7e-24,0,1
"response to topologically incorrect protein","MMEB9_C3",0,0,3.7e-24,0,1
"organelle fission","MMEB9_C3",1,1,3.7e-24,0,1
"non-membrane-bounded organelle assembly","MMEB9_C3",0,1,3.7e-24,-1,0.508
"protein polyubiquitination","MMEB9_C3",1,0,3.7e-24,1,0.3968
"methylation","MMEB9_C3",0,0,3.7e-24,0,1
"phospholipid biosynthetic process","MMEB9_C3",0,0,3.7e-24,0,1
"oxidative phosphorylation","MMEB9_C3",0,0,3.7e-24,0,1
"establishment of protein localization to membrane","MMEB9_C3",0,0,3.7e-24,0,1
"in utero embryonic development","MMEB9_C3",0,1,3.7e-24,-1,0.4975
"vacuole organization","MMEB9_C3",0,0,3.7e-24,0,1
"nuclear-transcribed mRNA catabolic process","MMEB9_C3",1,0,3.7e-24,1,0.2576
"protein folding","MMEB9_C3",0,0,3.7e-24,0,1
"DNA conformation change","MMEB9_C3",2,0,3.7e-24,1.58496250072116,0.0175
"regulation of chromosome segregation","MMEB9_C3",0,0,3.7e-24,0,1
"regulation of apoptotic signaling pathway","MMEB9_C3",0,0,3.7e-24,0,1
"cell cycle G2/M phase transition","MMEB9_C3",0,0,3.7e-24,0,1
"vacuolar transport","MMEB9_C3",0,0,3.7e-24,0,1
"response to ionizing radiation","MMEB9_C3",1,0,3.7e-24,1,0.2372
"cellular response to UV","MMEB9_C3",0,0,3.7e-24,0,1
"regulation of binding","MMEB9_C3",0,0,3.7e-24,0,1
"nucleic acid transport","MMEB9_C3",0,0,3.7e-24,0,1
"RNA transport","MMEB9_C3",0,0,3.7e-24,0,1
"ribonucleoprotein complex subunit organization","MMEB9_C3",0,0,3.7e-24,0,1
"regulation of DNA replication","MMEB9_C3",0,0,3.7e-24,0,1
"ribose phosphate metabolic process","MMEB9_C3",1,1,3.7e-24,0,1
"proton motive force-driven ATP synthesis","MMEB9_C3",0,0,3.7e-24,0,1
"ribonucleotide metabolic process","MMEB9_C3",2,1,3.7e-24,0.584962500721156,0.6444
"telomere organization","MMEB9_C3",1,0,3.7e-24,1,0.2965
"cellular response to topologically incorrect protein","MMEB9_C3",0,0,3.7e-24,0,1
"Golgi organization","MMEB9_C3",0,0,3.7e-24,0,1
"ribonucleoprotein complex assembly","MMEB9_C3",0,0,3.7e-24,0,1
"cellular nitrogen compound catabolic process","MMEB9_C3",1,1,3.7e-24,0,1
"negative regulation of phosphorus metabolic process","MMEB9_C3",0,1,3.7e-24,-1,0.5039
"heterocycle catabolic process","MMEB9_C3",0,1,3.7e-24,-1,0.4867
"mitochondrial membrane organization","MMEB9_C3",0,0,3.7e-24,0,1
"regulation of protein-containing complex assembly","MMEB9_C3",0,1,3.7e-24,-1,0.5058
"positive regulation of cellular component biogenesis","MMEB9_C3",1,1,3.7e-24,0,1
"response to oxidative stress","MMEB9_C3",1,1,3.7e-24,0,1
"regulation of supramolecular fiber organization","MMEB9_C3",0,0,3.7e-24,0,1
"positive regulation of protein localization","MMEB9_C3",0,1,3.7e-24,-1,0.5053
"positive regulation of cell projection organization","MMEB9_C3",1,0,3.7e-24,1,0.4506
"negative regulation of transferase activity","MMEB9_C3",0,0,3.7e-24,0,1
"autophagy of mitochondrion","MMEB9_C3",1,0,3.7e-24,1,0.194
"positive regulation of amide metabolic process","MMEB9_C3",1,0,3.7e-24,1,0.2907
"chromatin remodeling","MMEB9_C3",0,0,3.7e-24,0,1
"viral process","MMEB9_C3",0,1,3.7e-24,-1,0.5003
"macromolecule deacylation","MMEB9_C3",0,0,3.7e-24,0,1
"mitotic cytokinesis","MMEB9_C3",0,0,3.7e-24,0,1
"aromatic compound catabolic process","MMEB9_C3",0,1,3.7e-24,-1,0.4903
"vesicle localization","MMEB9_C3",0,0,3.7e-24,0,1
"establishment or maintenance of cell polarity","MMEB9_C3",1,0,3.7e-24,1,0.3455
"Wnt signaling pathway","MMEB9_C3",0,1,3.7e-24,-1,0.4755
"cell-cell signaling by wnt","MMEB9_C3",0,1,3.7e-24,-1,0.5273
"ATP metabolic process","MMEB9_C3",1,0,3.7e-24,1,0.319
"cellular response to chemical stress","MMEB9_C3",0,0,3.7e-24,0,1
"regulation of vacuole organization","MMEB9_C3",0,0,3.7e-24,0,1
"cellular response to external stimulus","MMEB9_C3",0,0,3.7e-24,0,1
"negative regulation of protein phosphorylation","MMEB9_C3",0,0,3.7e-24,0,1
"negative regulation of catabolic process","MMEB9_C3",0,0,3.7e-24,0,1
"regulation of microtubule cytoskeleton organization","MMEB9_C3",0,0,3.7e-24,0,1
"chromosome localization","MMEB9_C3",0,0,3.7e-24,0,1
"negative regulation of mitotic nuclear division","MMEB9_C3",0,0,3.7e-24,0,1
"regulation of actin filament organization","MMEB9_C3",1,0,3.7e-24,1,0.3475
"dephosphorylation","MMEB9_C3",0,0,3.7e-24,0,1
"glycosylation","MMEB9_C3",0,0,3.7e-24,0,1
"positive regulation of establishment of protein localization","MMEB9_C3",1,0,3.7e-24,1,0.4548
"regulation of microtubule-based process","MMEB9_C3",0,0,3.7e-24,0,1
"cell-substrate junction organization","MMEB9_C3",0,0,3.7e-24,0,1
"protein-containing complex localization","MMEB9_C3",1,0,3.7e-24,1,0.2906
"mitochondrial transmembrane transport","MMEB9_C3",0,0,3.7e-24,0,1
"stem cell population maintenance","MMEB9_C3",0,0,3.7e-24,0,1
"ribosome assembly","MMEB9_C3",0,0,3.7e-24,0,1
"intraciliary transport","MMEB9_C3",0,0,3.7e-24,0,1
"Golgi to plasma membrane protein transport","MMEB9_C3",0,0,3.7e-24,0,1
"response to amino acid starvation","MMEB9_C3",0,0,3.7e-24,0,1
"cellular response to extracellular stimulus","MMEB9_C3",0,0,3.7e-24,0,1
"cell growth","MMEB9_C3",0,1,3.7e-24,-1,0.4967
"protein glycosylation","MMEB9_C3",0,0,3.7e-24,0,1
"macromolecule glycosylation","MMEB9_C3",0,0,3.7e-24,0,1
"maintenance of cell number","MMEB9_C3",0,0,3.7e-24,0,1
"response to reactive oxygen species","MMEB9_C3",1,0,3.7e-24,1,0.3266
"regulation of cell morphogenesis","MMEB9_C3",1,0,3.7e-24,1,0.3755
"regulation of cellular component size","MMEB9_C3",1,0,3.7e-24,1,0.4213
"cell-substrate junction assembly","MMEB9_C3",0,0,3.7e-24,0,1
"membrane fission","MMEB9_C3",0,0,3.7e-24,0,1
"membrane docking","MMEB9_C3",0,0,3.7e-24,0,1
"fibroblast migration","MMEB9_C3",0,0,3.7e-24,0,1
"nucleus organization","MMEB9_C3",0,0,3.7e-24,0,1
"regulation of cell growth","MMEB9_C3",1,1,3.7e-24,0,1
"fibroblast proliferation","MMEB9_C3",0,0,3.7e-24,0,1
"cell cycle G1/S phase transition","MMEB9_C3",0,0,3.7e-24,0,1
"actin filament organization","MMEB9_C3",1,0,3.7e-24,1,0.4875
"response to oxygen levels","MMEB9_C3",0,0,3.7e-24,0,1
"epigenetic regulation of gene expression","MMEB9_C3",0,0,3.7e-24,0,1
"organelle fusion","MMEB9_C3",0,0,3.7e-24,0,1
"lipoprotein metabolic process","MMEB9_C3",0,0,3.7e-24,0,1
"protein lipidation","MMEB9_C3",0,0,3.7e-24,0,1
"regulation of plasma membrane bounded cell projection assembly","MMEB9_C3",1,0,3.7e-24,1,0.2895
"regulation of actin filament-based process","MMEB9_C3",0,0,3.7e-24,0,1
"regulation of GTPase activity","MMEB9_C3",0,0,3.7e-24,0,1
"nuclear envelope organization","MMEB9_C3",0,0,3.7e-24,0,1
"protein autophosphorylation","MMEB9_C3",0,0,3.7e-24,0,1
"connective tissue development","MMEB9_C3",1,0,3.7e-24,1,0.3482
"cellular response to heat","MMEB9_C3",1,0,3.7e-24,1,0.0903
"myeloid cell homeostasis","MMEB9_C3",1,0,3.7e-24,1,0.2541
"regulation of neuron projection development","MMEB9_C3",0,1,3.7e-24,-1,0.5158
"receptor metabolic process","MMEB9_C3",0,0,3.7e-24,0,1
"maintenance of protein location in cell","MMEB9_C3",0,0,3.7e-24,0,1
"apoptotic mitochondrial changes","MMEB9_C3",2,0,3.7e-24,1.58496250072116,0.0185
"response to transforming growth factor beta","MMEB9_C3",0,0,3.7e-24,0,1
"neural tube development","MMEB9_C3",0,0,3.7e-24,0,1
"maintenance of protein location","MMEB9_C3",0,0,3.7e-24,0,1
"regulation of ubiquitin-protein transferase activity","MMEB9_C3",0,0,3.7e-24,0,1
"cilium assembly","MMEB9_C3",1,0,3.7e-24,1,0.4488
"mRNA export from nucleus","MMEB9_C3",0,0,3.7e-24,0,1
"regulation of cell-substrate junction organization","MMEB9_C3",0,0,3.7e-24,0,1
"membrane biogenesis","MMEB9_C3",0,0,3.7e-24,0,1
"cilium organization","MMEB9_C3",0,0,3.7e-24,0,1
"platelet-derived growth factor receptor signaling pathway","MMEB9_C3",0,0,3.7e-24,0,1
"iron-sulfur cluster assembly","MMEB9_C3",0,0,3.7e-24,0,1
"metallo-sulfur cluster assembly","MMEB9_C3",0,0,3.7e-24,0,1
"centromere complex assembly","MMEB9_C3",0,0,3.7e-24,0,1
"cellular response to oxygen levels","MMEB9_C3",0,0,3.7e-24,0,1
"fatty acid beta-oxidation","MMEB9_C3",0,0,3.7e-24,0,1
"organelle localization by membrane tethering","MMEB9_C3",0,0,3.7e-24,0,1
"autophagosome maturation","MMEB9_C3",0,0,3.7e-24,0,1
"cellular response to transforming growth factor beta stimulus","MMEB9_C3",0,0,3.7e-24,0,1
"nucleotide catabolic process","MMEB9_C3",0,0,3.7e-24,0,1
"tube closure","MMEB9_C3",0,0,3.7e-24,0,1
"regulation of stem cell differentiation","MMEB9_C3",0,0,3.7e-24,0,1
"substrate adhesion-dependent cell spreading","MMEB9_C3",0,0,3.7e-24,0,1
"chondrocyte differentiation","MMEB9_C3",1,0,3.7e-24,1,0.2078
"regulation of fibroblast proliferation","MMEB9_C3",0,0,3.7e-24,0,1
"morphogenesis of an epithelial sheet","MMEB9_C3",0,0,3.7e-24,0,1
"microtubule polymerization","MMEB9_C3",0,0,3.7e-24,0,1
"response to virus","MMEB9_C3",0,0,3.7e-24,0,1
"membrane assembly","MMEB9_C3",0,0,3.7e-24,0,1
"COPII vesicle coating","MMEB9_C3",0,0,3.7e-24,0,1
"erythrocyte differentiation","MMEB9_C3",0,0,3.7e-24,0,1
"organophosphate catabolic process","MMEB9_C3",0,0,3.7e-24,0,1
"regulation of embryonic development","MMEB9_C3",0,0,3.7e-24,0,1
"regulation of focal adhesion assembly","MMEB9_C3",0,0,3.7e-24,0,1
"regulation of cell-substrate junction assembly","MMEB9_C3",0,0,3.7e-24,0,1
"regulation of extracellular matrix organization","MMEB9_C3",0,0,3.7e-24,0,1
"GPI anchor biosynthetic process","MMEB9_C3",0,0,3.7e-24,0,1
"lamellipodium organization","MMEB9_C3",1,0,3.7e-24,1,0.1749
"positive regulation of stem cell population maintenance","MMEB9_C3",0,0,3.7e-24,0,1
"monosaccharide metabolic process","MMEB9_C3",0,0,3.7e-24,0,1
"U2-type prespliceosome assembly","MMEB9_C3",0,0,3.7e-24,0,1
"heterochromatin formation","MMEB9_C3",1,0,3.7e-24,1,0.1819
"peroxisome organization","MMEB9_C3",0,0,3.7e-24,0,1
"regulation of mitochondrial fission","MMEB9_C3",0,0,3.7e-24,0,1
"cellular pigmentation","MMEB9_C3",0,0,3.7e-24,0,1
"regulation of fibroblast migration","MMEB9_C3",0,0,3.7e-24,0,1
"cellular carbohydrate metabolic process","MMEB9_C3",0,0,3.7e-24,0,1
"positive regulation of axonogenesis","MMEB9_C3",0,0,3.7e-24,0,1
"kinetochore organization","MMEB9_C3",0,0,3.7e-24,0,1
"stem cell differentiation","MMEB9_C3",1,0,3.7e-24,1,0.3319
"proton transmembrane transport","MMEB9_C3",0,0,3.7e-24,0,1
"cellular response to insulin stimulus","MMEB9_C3",0,0,3.7e-24,0,1
"establishment of mitotic spindle localization","MMEB9_C3",0,0,3.7e-24,0,1
"cell redox homeostasis","MMEB9_C3",0,0,3.7e-24,0,1
"stress granule assembly","MMEB9_C3",0,0,3.7e-24,0,1
"protein neddylation","MMEB9_C3",0,0,3.7e-24,0,1
"regulation of mitochondrial membrane potential","MMEB9_C3",0,0,3.7e-24,0,1
"neuron death","MMEB9_C3",1,0,3.7e-24,1,0.4265
"defense response to virus","MMEB9_C3",0,0,3.7e-24,0,1
"sulfur compound metabolic process","MMEB9_C3",0,0,3.7e-24,0,1
"NADP metabolic process","MMEB9_C3",0,0,3.7e-24,0,1
"vacuolar acidification","MMEB9_C3",0,0,3.7e-24,0,1
"oligosaccharide-lipid intermediate biosynthetic process","MMEB9_C3",0,0,3.7e-24,0,1
"lysosomal lumen acidification","MMEB9_C3",0,0,3.7e-24,0,1
"glycosyl compound biosynthetic process","MMEB9_C3",0,0,3.7e-24,0,1
"heart valve development","MMEB9_C3",0,0,3.7e-24,0,1
"water-soluble vitamin metabolic process","MMEB9_C3",0,0,3.7e-24,0,1
"interferon-beta production","MMEB9_C3",1,0,3.7e-24,1,0.0845
"regulation of interferon-beta production","MMEB9_C3",0,0,3.7e-24,0,1
"branched-chain amino acid metabolic process","MMEB9_C3",0,0,3.7e-24,0,1
"regulation of mitochondrial membrane permeability","MMEB9_C3",0,0,3.7e-24,0,1
"respiratory tube development","MMEB9_C3",1,0,3.7e-24,1,0.2638
"cellular senescence","MMEB9_C3",0,0,3.7e-24,0,1
"positive regulation of neurogenesis","MMEB9_C3",0,0,3.7e-24,0,1
"mitochondrial outer membrane permeabilization","MMEB9_C3",0,0,3.7e-24,0,1
"immune system development","MMEB9_C3",0,0,3.7e-24,0,1
"clathrin-dependent endocytosis","MMEB9_C3",0,0,3.7e-24,0,1
"positive regulation of viral process","MMEB9_C3",0,0,3.7e-24,0,1
"bone development","MMEB9_C3",0,0,3.7e-24,0,1
"cell-substrate adhesion","MMEB9_C3",0,0,3.7e-24,0,1
"positive regulation of microtubule polymerization","MMEB9_C3",0,0,3.7e-24,0,1
"pteridine-containing compound metabolic process","MMEB9_C3",0,0,3.7e-24,0,1
"response to arsenic-containing substance","MMEB9_C3",0,0,3.7e-24,0,1
"response to insulin","MMEB9_C3",1,0,3.7e-24,1,0.345
"ubiquinone metabolic process","MMEB9_C3",0,0,3.7e-24,0,1
"cellular response to arsenic-containing substance","MMEB9_C3",1,0,3.7e-24,1,0.0339
"inositol phosphate catabolic process","MMEB9_C3",0,0,3.7e-24,0,1
"telomerase RNA localization to Cajal body","MMEB9_C3",0,0,3.7e-24,0,1
"respiratory system development","MMEB9_C3",0,0,3.7e-24,0,1
"regulation of generation of precursor metabolites and energy","MMEB9_C3",0,0,3.7e-24,0,1
"mitochondrial calcium ion homeostasis","MMEB9_C3",0,0,3.7e-24,0,1
"G0 to G1 transition","MMEB9_C3",0,0,3.7e-24,0,1
"mitochondrial genome maintenance","MMEB9_C3",0,0,3.7e-24,0,1
"release of cytochrome c from mitochondria","MMEB9_C3",0,0,3.7e-24,0,1
"cortical cytoskeleton organization","MMEB9_C3",0,0,3.7e-24,0,1
"response to sterol depletion","MMEB9_C3",0,0,3.7e-24,0,1
"regulation of ncRNA transcription","MMEB9_C3",0,0,3.7e-24,0,1
"mesenchymal cell differentiation","MMEB9_C3",0,0,3.7e-24,0,1
"protein-DNA complex subunit organization","MMEB9_C3",0,0,3.7e-24,0,1
"response to fluid shear stress","MMEB9_C3",0,0,3.7e-24,0,1
"collagen fibril organization","MMEB9_C3",0,0,3.7e-24,0,1
"roof of mouth development","MMEB9_C3",0,0,3.7e-24,0,1
"regulation of protein dephosphorylation","MMEB9_C3",0,0,3.7e-24,0,1
"multicellular organism growth","MMEB9_C3",1,0,3.7e-24,1,0.2204
"miRNA processing","MMEB9_C3",0,0,3.7e-24,0,1
"small molecule catabolic process","MMEB9_C3",0,0,3.7e-24,0,1
"regulation of G0 to G1 transition","MMEB9_C3",0,0,3.7e-24,0,1
"circadian regulation of gene expression","MMEB9_C3",0,0,3.7e-24,0,1
"regulation of translational fidelity","MMEB9_C3",0,0,3.7e-24,0,1
"ubiquinone biosynthetic process","MMEB9_C3",0,0,3.7e-24,0,1
"mitochondrial calcium ion transmembrane transport","MMEB9_C3",0,0,3.7e-24,0,1
"quinone biosynthetic process","MMEB9_C3",0,0,3.7e-24,0,1
"viral release from host cell","MMEB9_C3",0,0,3.7e-24,0,1
"exit from host cell","MMEB9_C3",0,0,3.7e-24,0,1
"positive regulation of GTPase activity","MMEB9_C3",0,0,3.7e-24,0,1
"regulation of cytokinesis","MMEB9_C3",0,0,3.7e-24,0,1
"mitochondrion localization","MMEB9_C3",0,0,3.7e-24,0,1
"renal system development","MMEB9_C3",0,0,3.7e-24,0,1
"regulation of cysteine-type endopeptidase activity involved in apoptotic process","MMEB9_C3",1,0,3.7e-24,1,0.2791
"regulation of cell-substrate adhesion","MMEB9_C3",0,0,3.7e-24,0,1
"centrosome localization","MMEB9_C3",0,0,3.7e-24,0,1
"microtubule organizing center localization","MMEB9_C3",0,0,3.7e-24,0,1
"pinocytosis","MMEB9_C3",0,0,3.7e-24,0,1
"lamellipodium assembly","MMEB9_C3",0,0,3.7e-24,0,1
"cellular response to sterol depletion","MMEB9_C3",0,0,3.7e-24,0,1
"placenta development","MMEB9_C3",0,0,3.7e-24,0,1
"rhythmic process","MMEB9_C3",0,0,3.7e-24,0,1
"spindle localization","MMEB9_C3",0,0,3.7e-24,0,1
"carbohydrate derivative catabolic process","MMEB9_C3",0,0,3.7e-24,0,1
"response to amino acid","MMEB9_C3",0,0,3.7e-24,0,1
"regulation of intracellular steroid hormone receptor signaling pathway","MMEB9_C3",0,0,3.7e-24,0,1
"regulation of neuron death","MMEB9_C3",1,0,3.7e-24,1,0.3894
"ossification","MMEB9_C3",0,0,3.7e-24,0,1
"mammary gland epithelial cell proliferation","MMEB9_C3",0,0,3.7e-24,0,1
"ribosomal subunit export from nucleus","MMEB9_C3",0,0,3.7e-24,0,1
"ribosome localization","MMEB9_C3",0,0,3.7e-24,0,1
"protein transport to vacuole involved in ubiquitin-dependent protein catabolic process via the multivesicular body sorting pathway","MMEB9_C3",0,0,3.7e-24,0,1
"seminiferous tubule development","MMEB9_C3",0,0,3.7e-24,0,1
"cellular response to acid chemical","MMEB9_C3",0,0,3.7e-24,0,1
"positive regulation of kinase activity","MMEB9_C3",1,0,3.7e-24,1,0.4552
"positive regulation by host of viral process","MMEB9_C3",0,0,3.7e-24,0,1
"mitochondrion morphogenesis","MMEB9_C3",0,0,3.7e-24,0,1
"regulation of establishment of cell polarity","MMEB9_C3",0,0,3.7e-24,0,1
"cellular lipid catabolic process","MMEB9_C3",0,0,3.7e-24,0,1
"neuron apoptotic process","MMEB9_C3",0,0,3.7e-24,0,1
"inner cell mass cell proliferation","MMEB9_C3",0,0,3.7e-24,0,1
"polyamine biosynthetic process","MMEB9_C3",0,0,3.7e-24,0,1
"folic acid metabolic process","MMEB9_C3",0,0,3.7e-24,0,1
"organelle inheritance","MMEB9_C3",0,0,3.7e-24,0,1
"polyol metabolic process","MMEB9_C3",0,0,3.7e-24,0,1
"regulation of type I interferon-mediated signaling pathway","MMEB9_C3",0,0,3.7e-24,0,1
"intracellular lipid transport","MMEB9_C3",0,0,3.7e-24,0,1
"fat cell differentiation","MMEB9_C3",0,0,3.7e-24,0,1
"iron ion homeostasis","MMEB9_C3",0,0,3.7e-24,0,1
"negative regulation of cell projection organization","MMEB9_C3",0,0,3.7e-24,0,1
"dicarboxylic acid metabolic process","MMEB9_C3",0,0,3.7e-24,0,1
"regulation of anatomical structure size","MMEB9_C3",1,1,3.7e-24,0,1
"regulation of small molecule metabolic process","MMEB9_C3",0,0,3.7e-24,0,1
"pentose-phosphate shunt","MMEB9_C3",0,0,3.7e-24,0,1
"pericardium development","MMEB9_C3",0,0,3.7e-24,0,1
"lysosomal protein catabolic process","MMEB9_C3",0,0,3.7e-24,0,1
"carbohydrate derivative transport","MMEB9_C3",0,0,3.7e-24,0,1
"alcohol biosynthetic process","MMEB9_C3",0,0,3.7e-24,0,1
"regulation of membrane permeability","MMEB9_C3",0,0,3.7e-24,0,1
"signal peptide processing","MMEB9_C3",0,0,3.7e-24,0,1
"UV-damage excision repair","MMEB9_C3",0,0,3.7e-24,0,1
"biological process involved in interaction with host","MMEB9_C3",0,0,3.7e-24,0,1
"body morphogenesis","MMEB9_C3",0,0,3.7e-24,0,1
"extracellular vesicle biogenesis","MMEB9_C3",0,0,3.7e-24,0,1
"negative regulation of defense response to virus","MMEB9_C3",0,0,3.7e-24,0,1
"aminoglycan biosynthetic process","MMEB9_C3",0,0,3.7e-24,0,1
"sterol biosynthetic process","MMEB9_C3",0,0,3.7e-24,0,1
"polyamine metabolic process","MMEB9_C3",0,0,3.7e-24,0,1
"magnesium ion transport","MMEB9_C3",0,0,3.7e-24,0,1
"lamellipodium morphogenesis","MMEB9_C3",0,0,3.7e-24,0,1
"positive regulation of neuron migration","MMEB9_C3",0,0,3.7e-24,0,1
"regulation of glucose metabolic process","MMEB9_C3",1,0,3.7e-24,1,0.1551
"monosaccharide biosynthetic process","MMEB9_C3",0,0,3.7e-24,0,1
"response to acid chemical","MMEB9_C3",0,0,3.7e-24,0,1
"regulation of carbohydrate metabolic process","MMEB9_C3",0,0,3.7e-24,0,1
"positive regulation of nervous system development","MMEB9_C3",0,0,3.7e-24,0,1
"regulation of circadian rhythm","MMEB9_C3",0,0,3.7e-24,0,1
"trabecula morphogenesis","MMEB9_C3",0,0,3.7e-24,0,1
"pigment accumulation","MMEB9_C3",0,0,3.7e-24,0,1
"cellular pigment accumulation","MMEB9_C3",0,0,3.7e-24,0,1
"regulation of pinocytosis","MMEB9_C3",0,0,3.7e-24,0,1
"regulation of ligase activity","MMEB9_C3",0,0,3.7e-24,0,1
"smoothened signaling pathway involved in dorsal/ventral neural tube patterning","MMEB9_C3",0,0,3.7e-24,0,1
"glycosyl compound metabolic process","MMEB9_C3",0,0,3.7e-24,0,1
"substantia nigra development","MMEB9_C3",0,0,3.7e-24,0,1
"negative regulation of GTPase activity","MMEB9_C3",0,0,3.7e-24,0,1
"axon extension","MMEB9_C3",0,0,3.7e-24,0,1
"positive regulation of epithelial to mesenchymal transition","MMEB9_C3",0,0,3.7e-24,0,1
"one-carbon metabolic process","MMEB9_C3",0,0,3.7e-24,0,1
"NADPH regeneration","MMEB9_C3",0,0,3.7e-24,0,1
"cellular response to dsRNA","MMEB9_C3",0,0,3.7e-24,0,1
"neuron projection organization","MMEB9_C3",0,0,3.7e-24,0,1
"postsynapse organization","MMEB9_C3",0,0,3.7e-24,0,1
"regulation of ketone biosynthetic process","MMEB9_C3",1,0,3.7e-24,1,0.0393
"mitochondrion distribution","MMEB9_C3",0,0,3.7e-24,0,1
"regulation of autophagosome maturation","MMEB9_C3",0,0,3.7e-24,0,1
"magnesium ion transmembrane transport","MMEB9_C3",0,0,3.7e-24,0,1
"regulation of cell division","MMEB9_C3",0,0,3.7e-24,0,1
"intermembrane lipid transfer","MMEB9_C3",0,0,3.7e-24,0,1
"organophosphate ester transport","MMEB9_C3",0,0,3.7e-24,0,1
"movement in host","MMEB9_C3",0,0,3.7e-24,0,1
"extracellular matrix assembly","MMEB9_C3",0,0,3.7e-24,0,1
"cellular metabolic compound salvage","MMEB9_C3",0,0,3.7e-24,0,1
"regulation of ATP-dependent activity","MMEB9_C3",0,0,3.7e-24,0,1
"cell migration involved in heart development","MMEB9_C3",0,0,3.7e-24,0,1
"cellular response to fluid shear stress","MMEB9_C3",0,0,3.7e-24,0,1
"sphingomyelin biosynthetic process","MMEB9_C3",0,0,3.7e-24,0,1
"ether lipid biosynthetic process","MMEB9_C3",0,0,3.7e-24,0,1
"embryonic body morphogenesis","MMEB9_C3",0,0,3.7e-24,0,1
"amino sugar biosynthetic process","MMEB9_C3",0,0,3.7e-24,0,1
"glycerol ether biosynthetic process","MMEB9_C3",0,0,3.7e-24,0,1
"pigmentation","MMEB9_C3",0,0,3.7e-24,0,1
"cellular response to ketone","MMEB9_C3",0,0,3.7e-24,0,1
"nonribosomal peptide biosynthetic process","MMEB9_C3",0,0,3.7e-24,0,1
"glial cell apoptotic process","MMEB9_C3",0,0,3.7e-24,0,1
"lipoprotein catabolic process","MMEB9_C3",0,0,3.7e-24,0,1
"suppression of viral release by host","MMEB9_C3",0,0,3.7e-24,0,1
"chaperone-mediated autophagy","MMEB9_C3",0,0,3.7e-24,0,1
"regulation of steroid hormone biosynthetic process","MMEB9_C3",0,0,3.7e-24,0,1
"synaptic vesicle lumen acidification","MMEB9_C3",0,0,3.7e-24,0,1
"semaphorin-plexin signaling pathway involved in neuron projection guidance","MMEB9_C3",0,0,3.7e-24,0,1
"regulation of Golgi organization","MMEB9_C3",0,0,3.7e-24,0,1
"Schwann cell differentiation","MMEB9_C3",0,0,3.7e-24,0,1
"neurotrophin signaling pathway","MMEB9_C3",0,0,3.7e-24,0,1
"regulation of microtubule depolymerization","MMEB9_C3",0,0,3.7e-24,0,1
"basement membrane organization","MMEB9_C3",0,0,3.7e-24,0,1
"establishment or maintenance of epithelial cell apical/basal polarity","MMEB9_C3",0,0,3.7e-24,0,1
"face development","MMEB9_C3",0,0,3.7e-24,0,1
"osteoblast differentiation","MMEB9_C3",0,0,3.7e-24,0,1
"appendage development","MMEB9_C3",0,0,3.7e-24,0,1
"limb development","MMEB9_C3",0,0,3.7e-24,0,1
"regulation of ATP metabolic process","MMEB9_C3",0,0,3.7e-24,0,1
"developmental growth involved in morphogenesis","MMEB9_C3",0,0,3.7e-24,0,1
"embryonic organ development","MMEB9_C3",0,0,3.7e-24,0,1
"negative regulation of growth","MMEB9_C3",1,0,3.7e-24,1,0.3134
"microtubule depolymerization","MMEB9_C3",0,0,3.7e-24,0,1
"heme metabolic process","MMEB9_C3",0,0,3.7e-24,0,1
"regulation of neuron apoptotic process","MMEB9_C3",0,0,3.7e-24,0,1
"plasma membrane tubulation","MMEB9_C3",0,0,3.7e-24,0,1
"exosomal secretion","MMEB9_C3",0,0,3.7e-24,0,1
"vasculogenesis","MMEB9_C3",1,0,3.7e-24,1,0.1415
"toxin transport","MMEB9_C3",0,0,3.7e-24,0,1
"ncRNA processing","MMEB9_E1",19,33,3.7e-24,-0.765534746362977,0.0038
"ribosome biogenesis","MMEB9_E1",33,25,3.7e-24,0.387023123109247,0.1672
"rRNA metabolic process","MMEB9_E1",12,20,3.7e-24,-0.691877704637668,0.0431
"proteasome-mediated ubiquitin-dependent protein catabolic process","MMEB9_E1",27,35,3.7e-24,-0.362570079384708,0.139
"regulation of response to DNA damage stimulus","MMEB9_E1",18,26,3.7e-24,-0.506959988719883,0.0752
"establishment of protein localization to organelle","MMEB9_E1",22,31,3.7e-24,-0.476438043942987,0.0701
"macroautophagy","MMEB9_E1",25,28,3.7e-24,-0.15754127698648,0.5707
"regulation of chromosome organization","MMEB9_E1",20,20,3.7e-24,0,1
"Golgi vesicle transport","MMEB9_E1",19,23,3.7e-24,-0.263034405833794,0.4066
"double-strand break repair","MMEB9_E1",12,23,3.7e-24,-0.884522782580064,0.0081
"histone modification","MMEB9_E1",19,35,3.7e-24,-0.84799690655495,0.0014
"sister chromatid segregation","MMEB9_E1",12,20,3.7e-24,-0.691877704637668,0.0442
"DNA replication","MMEB9_E1",23,22,3.7e-24,0.0614005446641433,0.9163
"chromosome segregation","MMEB9_E1",24,31,3.7e-24,-0.356143810225275,0.1937
"mitochondrial gene expression","MMEB9_E1",13,12,3.7e-24,0.106915203916512,0.8877
"nucleocytoplasmic transport","MMEB9_E1",8,25,3.7e-24,-1.53051471669878,0
"nuclear transport","MMEB9_E1",16,24,3.7e-24,-0.556393348524385,0.0669
"regulation of DNA repair","MMEB9_E1",12,16,3.7e-24,-0.387023123109247,0.2936
"peptidyl-lysine modification","MMEB9_E1",16,27,3.7e-24,-0.719892080807265,0.0154
"protein targeting","MMEB9_E1",17,26,3.7e-24,-0.584962500721156,0.0441
"cytoplasmic translation","MMEB9_E1",12,12,3.7e-24,0,1
"regulation of autophagy","MMEB9_E1",22,26,3.7e-24,-0.231325546106456,0.4382
"signal transduction in response to DNA damage","MMEB9_E1",10,14,3.7e-24,-0.447458976971221,0.2529
"regulation of intracellular transport","MMEB9_E1",21,23,3.7e-24,-0.125530882083859,0.6898
"protein localization to nucleus","MMEB9_E1",16,22,3.7e-24,-0.436099114806674,0.1581
"microtubule cytoskeleton organization involved in mitosis","MMEB9_E1",16,14,3.7e-24,0.180572245641821,0.6872
"telomere maintenance","MMEB9_E1",8,12,3.7e-24,-0.53051471669878,0.2169
"cell cycle checkpoint signaling","MMEB9_E1",10,17,3.7e-24,-0.710493382805015,0.0638
"regulation of protein modification by small protein conjugation or removal","MMEB9_E1",12,18,3.7e-24,-0.547487795302493,0.1209
"cellular respiration","MMEB9_E1",16,18,3.7e-24,-0.160464672193246,0.6475
"cellular component disassembly","MMEB9_E1",25,35,3.7e-24,-0.46948528330122,0.0612
"nuclear chromosome segregation","MMEB9_E1",19,24,3.7e-24,-0.321928094887362,0.2722
"regulation of protein stability","MMEB9_E1",23,23,3.7e-24,0,1
"regulation of cell cycle phase transition","MMEB9_E1",10,33,3.7e-24,-1.62803122261304,0
"regulation of protein catabolic process","MMEB9_E1",16,26,3.7e-24,-0.667424660913129,0.025
"response to endoplasmic reticulum stress","MMEB9_E1",13,21,3.7e-24,-0.652076696579693,0.0524
"vesicle organization","MMEB9_E1",16,26,3.7e-24,-0.667424660913129,0.0259
"mitochondrial respiratory chain complex assembly","MMEB9_E1",3,8,3.7e-24,-1.16992500144231,0.0326
"DNA-templated transcription elongation","MMEB9_E1",8,10,3.7e-24,-0.289506617194985,0.5421
"mitochondrial transport","MMEB9_E1",17,14,3.7e-24,0.263034405833794,0.5074
"establishment of organelle localization","MMEB9_E1",15,32,3.7e-24,-1.04439411935845,9e-04
"regulation of intracellular protein transport","MMEB9_E1",13,16,3.7e-24,-0.280107919192735,0.4644
"response to UV","MMEB9_E1",6,11,3.7e-24,-0.777607578663552,0.0731
"RNA localization","MMEB9_E1",8,16,3.7e-24,-0.917537839808027,0.0154
"response to topologically incorrect protein","MMEB9_E1",9,12,3.7e-24,-0.37851162325373,0.393
"organelle fission","MMEB9_E1",21,31,3.7e-24,-0.540568381362703,0.0427
"non-membrane-bounded organelle assembly","MMEB9_E1",20,29,3.7e-24,-0.514573172829758,0.0616
"protein polyubiquitination","MMEB9_E1",10,19,3.7e-24,-0.862496476250065,0.0182
"methylation","MMEB9_E1",20,24,3.7e-24,-0.251538766995965,0.4136
"phospholipid biosynthetic process","MMEB9_E1",10,18,3.7e-24,-0.788495894806288,0.0251
"oxidative phosphorylation","MMEB9_E1",5,11,3.7e-24,-1,0.0383
"establishment of protein localization to membrane","MMEB9_E1",15,18,3.7e-24,-0.247927513443586,0.4822
"in utero embryonic development","MMEB9_E1",26,30,3.7e-24,-0.199308808223407,0.4701
"vacuole organization","MMEB9_E1",10,15,3.7e-24,-0.540568381362703,0.1473
"nuclear-transcribed mRNA catabolic process","MMEB9_E1",7,11,3.7e-24,-0.584962500721156,0.1769
"protein folding","MMEB9_E1",12,15,3.7e-24,-0.299560281858908,0.4411
"DNA conformation change","MMEB9_E1",7,7,3.7e-24,0,1
"regulation of chromosome segregation","MMEB9_E1",7,10,3.7e-24,-0.459431618637297,0.291
"regulation of apoptotic signaling pathway","MMEB9_E1",13,24,3.7e-24,-0.83650126771712,0.0071
"cell cycle G2/M phase transition","MMEB9_E1",14,12,3.7e-24,0.206450877467426,0.6725
"vacuolar transport","MMEB9_E1",11,11,3.7e-24,0,1
"response to ionizing radiation","MMEB9_E1",5,12,3.7e-24,-1.11547721741994,0.018
"cellular response to UV","MMEB9_E1",5,7,3.7e-24,-0.415037499278844,0.4603
"regulation of binding","MMEB9_E1",12,26,3.7e-24,-1.05444778402238,0.0016
"nucleic acid transport","MMEB9_E1",10,12,3.7e-24,-0.241008099503795,0.5676
"RNA transport","MMEB9_E1",5,11,3.7e-24,-1,0.0302
"ribonucleoprotein complex subunit organization","MMEB9_E1",10,16,3.7e-24,-0.628031222613042,0.0803
"regulation of DNA replication","MMEB9_E1",6,10,3.7e-24,-0.652076696579693,0.1418
"ribose phosphate metabolic process","MMEB9_E1",25,31,3.7e-24,-0.299560281858908,0.2542
"proton motive force-driven ATP synthesis","MMEB9_E1",5,6,3.7e-24,-0.222392421336448,0.7058
"ribonucleotide metabolic process","MMEB9_E1",24,28,3.7e-24,-0.214124805352848,0.4435
"telomere organization","MMEB9_E1",12,14,3.7e-24,-0.206450877467426,0.597
"cellular response to topologically incorrect protein","MMEB9_E1",4,9,3.7e-24,-1,0.062
"Golgi organization","MMEB9_E1",8,10,3.7e-24,-0.289506617194985,0.5339
"ribonucleoprotein complex assembly","MMEB9_E1",13,17,3.7e-24,-0.362570079384708,0.2918
"cellular nitrogen compound catabolic process","MMEB9_E1",33,33,3.7e-24,0,1
"negative regulation of phosphorus metabolic process","MMEB9_E1",22,29,3.7e-24,-0.383328639551506,0.1511
"heterocycle catabolic process","MMEB9_E1",22,32,3.7e-24,-0.52083216330144,0.0478
"mitochondrial membrane organization","MMEB9_E1",5,9,3.7e-24,-0.736965594166206,0.1241
"regulation of protein-containing complex assembly","MMEB9_E1",21,27,3.7e-24,-0.347923303420307,0.2188
"positive regulation of cellular component biogenesis","MMEB9_E1",22,33,3.7e-24,-0.563900885193326,0.0309
"response to oxidative stress","MMEB9_E1",29,31,3.7e-24,-0.0931094043914815,0.721
"regulation of supramolecular fiber organization","MMEB9_E1",11,24,3.7e-24,-1.05889368905357,0.0027
"positive regulation of protein localization","MMEB9_E1",22,29,3.7e-24,-0.383328639551506,0.1546
"positive regulation of cell projection organization","MMEB9_E1",21,21,3.7e-24,0,1
"negative regulation of transferase activity","MMEB9_E1",13,20,3.7e-24,-0.584962500721156,0.0828
"autophagy of mitochondrion","MMEB9_E1",3,8,3.7e-24,-1.16992500144231,0.0416
"positive regulation of amide metabolic process","MMEB9_E1",10,12,3.7e-24,-0.241008099503795,0.5724
"chromatin remodeling","MMEB9_E1",16,24,3.7e-24,-0.556393348524385,0.0664
"viral process","MMEB9_E1",20,29,3.7e-24,-0.514573172829758,0.062
"macromolecule deacylation","MMEB9_E1",10,10,3.7e-24,0,1
"mitotic cytokinesis","MMEB9_E1",3,6,3.7e-24,-0.807354922057604,0.15
"aromatic compound catabolic process","MMEB9_E1",17,34,3.7e-24,-0.959358015502654,0.0011
"vesicle localization","MMEB9_E1",6,14,3.7e-24,-1.09953567355091,0.01
"establishment or maintenance of cell polarity","MMEB9_E1",10,15,3.7e-24,-0.540568381362703,0.1437
"Wnt signaling pathway","MMEB9_E1",28,33,3.7e-24,-0.229481846122767,0.3806
"cell-cell signaling by wnt","MMEB9_E1",26,28,3.7e-24,-0.103093492964104,0.7089
"ATP metabolic process","MMEB9_E1",4,15,3.7e-24,-1.67807190511264,9e-04
"cellular response to chemical stress","MMEB9_E1",10,21,3.7e-24,-1,0.0075
"regulation of vacuole organization","MMEB9_E1",4,4,3.7e-24,0,1
"cellular response to external stimulus","MMEB9_E1",19,23,3.7e-24,-0.263034405833794,0.4108
"negative regulation of protein phosphorylation","MMEB9_E1",22,22,3.7e-24,0,1
"negative regulation of catabolic process","MMEB9_E1",21,21,3.7e-24,0,1
"regulation of microtubule cytoskeleton organization","MMEB9_E1",9,11,3.7e-24,-0.263034405833794,0.5559
"chromosome localization","MMEB9_E1",5,7,3.7e-24,-0.415037499278844,0.4785
"negative regulation of mitotic nuclear division","MMEB9_E1",3,5,3.7e-24,-0.584962500721156,0.3544
"regulation of actin filament organization","MMEB9_E1",11,15,3.7e-24,-0.415037499278844,0.2625
"dephosphorylation","MMEB9_E1",13,22,3.7e-24,-0.716207033999409,0.0243
"glycosylation","MMEB9_E1",10,17,3.7e-24,-0.710493382805015,0.0535
"positive regulation of establishment of protein localization","MMEB9_E1",18,22,3.7e-24,-0.275634442613427,0.4005
"regulation of microtubule-based process","MMEB9_E1",12,17,3.7e-24,-0.46948528330122,0.1987
"cell-substrate junction organization","MMEB9_E1",9,8,3.7e-24,0.15200309344505,0.8631
"protein-containing complex localization","MMEB9_E1",14,12,3.7e-24,0.206450877467426,0.6676
"mitochondrial transmembrane transport","MMEB9_E1",2,7,3.7e-24,-1.41503749927884,0.035
"stem cell population maintenance","MMEB9_E1",4,12,3.7e-24,-1.37851162325373,0.0091
"ribosome assembly","MMEB9_E1",1,4,3.7e-24,-1.32192809488736,0.0715
"intraciliary transport","MMEB9_E1",3,4,3.7e-24,-0.321928094887362,0.6481
"Golgi to plasma membrane protein transport","MMEB9_E1",1,3,3.7e-24,-1,0.2064
"response to amino acid starvation","MMEB9_E1",4,4,3.7e-24,0,1
"cellular response to extracellular stimulus","MMEB9_E1",9,17,3.7e-24,-0.84799690655495,0.0229
"cell growth","MMEB9_E1",16,30,3.7e-24,-0.866733469136536,0.0031
"protein glycosylation","MMEB9_E1",12,14,3.7e-24,-0.206450877467426,0.5965
"macromolecule glycosylation","MMEB9_E1",8,15,3.7e-24,-0.830074998557688,0.0356
"maintenance of cell number","MMEB9_E1",8,12,3.7e-24,-0.53051471669878,0.2114
"response to reactive oxygen species","MMEB9_E1",13,14,3.7e-24,-0.0995356735509144,0.7961
"regulation of cell morphogenesis","MMEB9_E1",10,16,3.7e-24,-0.628031222613042,0.0786
"regulation of cellular component size","MMEB9_E1",16,22,3.7e-24,-0.436099114806674,0.1501
"cell-substrate junction assembly","MMEB9_E1",2,7,3.7e-24,-1.41503749927884,0.0246
"membrane fission","MMEB9_E1",3,4,3.7e-24,-0.321928094887362,0.6501
"membrane docking","MMEB9_E1",5,6,3.7e-24,-0.222392421336448,0.7104
"fibroblast migration","MMEB9_E1",1,4,3.7e-24,-1.32192809488736,0.0971
"nucleus organization","MMEB9_E1",6,8,3.7e-24,-0.362570079384708,0.4916
"regulation of cell growth","MMEB9_E1",18,28,3.7e-24,-0.610053481683987,0.0354
"fibroblast proliferation","MMEB9_E1",8,8,3.7e-24,0,1
"cell cycle G1/S phase transition","MMEB9_E1",22,19,3.7e-24,0.20163386116965,0.5593
"actin filament organization","MMEB9_E1",14,27,3.7e-24,-0.900464326449086,0.0039
"response to oxygen levels","MMEB9_E1",14,22,3.7e-24,-0.616671360448494,0.0519
"epigenetic regulation of gene expression","MMEB9_E1",6,12,3.7e-24,-0.893084796083488,0.0465
"organelle fusion","MMEB9_E1",6,9,3.7e-24,-0.514573172829758,0.2868
"lipoprotein metabolic process","MMEB9_E1",3,10,3.7e-24,-1.4594316186373,0.014
"protein lipidation","MMEB9_E1",6,7,3.7e-24,-0.192645077942396,0.7171
"regulation of plasma membrane bounded cell projection assembly","MMEB9_E1",11,12,3.7e-24,-0.115477217419936,0.782
"regulation of actin filament-based process","MMEB9_E1",12,22,3.7e-24,-0.823122237915921,0.0157
"regulation of GTPase activity","MMEB9_E1",12,20,3.7e-24,-0.691877704637668,0.047
"nuclear envelope organization","MMEB9_E1",3,4,3.7e-24,-0.321928094887362,0.6422
"protein autophosphorylation","MMEB9_E1",7,14,3.7e-24,-0.906890595608518,0.0277
"connective tissue development","MMEB9_E1",12,17,3.7e-24,-0.46948528330122,0.1967
"cellular response to heat","MMEB9_E1",2,4,3.7e-24,-0.736965594166206,0.253
"myeloid cell homeostasis","MMEB9_E1",6,12,3.7e-24,-0.893084796083488,0.0385
"regulation of neuron projection development","MMEB9_E1",22,26,3.7e-24,-0.231325546106456,0.4266
"receptor metabolic process","MMEB9_E1",1,5,3.7e-24,-1.58496250072116,0.0277
"maintenance of protein location in cell","MMEB9_E1",4,5,3.7e-24,-0.263034405833794,0.6707
"apoptotic mitochondrial changes","MMEB9_E1",7,8,3.7e-24,-0.169925001442312,0.7347
"response to transforming growth factor beta","MMEB9_E1",8,18,3.7e-24,-1.07800251200127,0.0088
"neural tube development","MMEB9_E1",9,11,3.7e-24,-0.263034405833794,0.5541
"maintenance of protein location","MMEB9_E1",2,5,3.7e-24,-1,0.1311
"regulation of ubiquitin-protein transferase activity","MMEB9_E1",3,4,3.7e-24,-0.321928094887362,0.6474
"cilium assembly","MMEB9_E1",16,23,3.7e-24,-0.497499659470817,0.1113
"mRNA export from nucleus","MMEB9_E1",7,5,3.7e-24,0.415037499278844,0.497
"regulation of cell-substrate junction organization","MMEB9_E1",3,4,3.7e-24,-0.321928094887362,0.6396
"membrane biogenesis","MMEB9_E1",2,4,3.7e-24,-0.736965594166206,0.2649
"cilium organization","MMEB9_E1",15,22,3.7e-24,-0.523561956057013,0.0855
"platelet-derived growth factor receptor signaling pathway","MMEB9_E1",5,4,3.7e-24,0.263034405833794,0.8126
"iron-sulfur cluster assembly","MMEB9_E1",2,2,3.7e-24,0,1
"metallo-sulfur cluster assembly","MMEB9_E1",0,1,3.7e-24,-1,0.4205
"centromere complex assembly","MMEB9_E1",4,3,3.7e-24,0.321928094887362,0.7776
"cellular response to oxygen levels","MMEB9_E1",7,10,3.7e-24,-0.459431618637297,0.2985
"fatty acid beta-oxidation","MMEB9_E1",6,5,3.7e-24,0.222392421336448,0.8325
"organelle localization by membrane tethering","MMEB9_E1",8,6,3.7e-24,0.362570079384708,0.5388
"autophagosome maturation","MMEB9_E1",8,3,3.7e-24,1.16992500144231,0.0609
"cellular response to transforming growth factor beta stimulus","MMEB9_E1",17,18,3.7e-24,-0.0780025120012732,0.82
"nucleotide catabolic process","MMEB9_E1",2,5,3.7e-24,-1,0.1165
"tube closure","MMEB9_E1",4,7,3.7e-24,-0.678071905112638,0.2105
"regulation of stem cell differentiation","MMEB9_E1",6,5,3.7e-24,0.222392421336448,0.824
"substrate adhesion-dependent cell spreading","MMEB9_E1",4,7,3.7e-24,-0.678071905112638,0.231
"chondrocyte differentiation","MMEB9_E1",3,8,3.7e-24,-1.16992500144231,0.0339
"regulation of fibroblast proliferation","MMEB9_E1",8,7,3.7e-24,0.169925001442312,0.8485
"morphogenesis of an epithelial sheet","MMEB9_E1",4,5,3.7e-24,-0.263034405833794,0.6848
"microtubule polymerization","MMEB9_E1",7,6,3.7e-24,0.192645077942396,0.8332
"response to virus","MMEB9_E1",9,26,3.7e-24,-1.43295940727611,1e-04
"membrane assembly","MMEB9_E1",5,4,3.7e-24,0.263034405833794,0.8128
"COPII vesicle coating","MMEB9_E1",3,1,3.7e-24,1,0.4279
"erythrocyte differentiation","MMEB9_E1",4,8,3.7e-24,-0.84799690655495,0.0899
"organophosphate catabolic process","MMEB9_E1",5,11,3.7e-24,-1,0.0411
"regulation of embryonic development","MMEB9_E1",6,6,3.7e-24,0,1
"regulation of focal adhesion assembly","MMEB9_E1",6,5,3.7e-24,0.222392421336448,0.8326
"regulation of cell-substrate junction assembly","MMEB9_E1",1,4,3.7e-24,-1.32192809488736,0.0838
"regulation of extracellular matrix organization","MMEB9_E1",3,4,3.7e-24,-0.321928094887362,0.6688
"GPI anchor biosynthetic process","MMEB9_E1",0,2,3.7e-24,-1.58496250072116,0.0832
"lamellipodium organization","MMEB9_E1",5,7,3.7e-24,-0.415037499278844,0.4882
"positive regulation of stem cell population maintenance","MMEB9_E1",3,3,3.7e-24,0,1
"monosaccharide metabolic process","MMEB9_E1",12,14,3.7e-24,-0.206450877467426,0.5971
"U2-type prespliceosome assembly","MMEB9_E1",1,2,3.7e-24,-0.584962500721156,0.5302
"heterochromatin formation","MMEB9_E1",6,8,3.7e-24,-0.362570079384708,0.5004
"peroxisome organization","MMEB9_E1",1,2,3.7e-24,-0.584962500721156,0.5328
"regulation of mitochondrial fission","MMEB9_E1",2,2,3.7e-24,0,1
"cellular pigmentation","MMEB9_E1",6,5,3.7e-24,0.222392421336448,0.833
"regulation of fibroblast migration","MMEB9_E1",1,3,3.7e-24,-1,0.2726
"cellular carbohydrate metabolic process","MMEB9_E1",8,18,3.7e-24,-1.07800251200127,0.0071
"positive regulation of axonogenesis","MMEB9_E1",4,5,3.7e-24,-0.263034405833794,0.682
"kinetochore organization","MMEB9_E1",0,2,3.7e-24,-1.58496250072116,0.1539
"stem cell differentiation","MMEB9_E1",7,14,3.7e-24,-0.906890595608518,0.0291
"proton transmembrane transport","MMEB9_E1",6,10,3.7e-24,-0.652076696579693,0.1497
"cellular response to insulin stimulus","MMEB9_E1",11,14,3.7e-24,-0.321928094887362,0.4344
"establishment of mitotic spindle localization","MMEB9_E1",4,3,3.7e-24,0.321928094887362,0.7803
"cell redox homeostasis","MMEB9_E1",2,3,3.7e-24,-0.415037499278844,0.6014
"stress granule assembly","MMEB9_E1",1,2,3.7e-24,-0.584962500721156,0.5366
"protein neddylation","MMEB9_E1",1,2,3.7e-24,-0.584962500721156,0.5451
"regulation of mitochondrial membrane potential","MMEB9_E1",2,4,3.7e-24,-0.736965594166206,0.2866
"neuron death","MMEB9_E1",21,23,3.7e-24,-0.125530882083859,0.6733
"defense response to virus","MMEB9_E1",18,19,3.7e-24,-0.0740005814437769,0.8206
"sulfur compound metabolic process","MMEB9_E1",14,18,3.7e-24,-0.341036917835067,0.3124
"NADP metabolic process","MMEB9_E1",1,3,3.7e-24,-1,0.2584
"vacuolar acidification","MMEB9_E1",2,3,3.7e-24,-0.415037499278844,0.6079
"oligosaccharide-lipid intermediate biosynthetic process","MMEB9_E1",2,1,3.7e-24,0.584962500721156,0.6672
"lysosomal lumen acidification","MMEB9_E1",1,1,3.7e-24,0,1
"glycosyl compound biosynthetic process","MMEB9_E1",4,2,3.7e-24,0.736965594166206,0.2882
"heart valve development","MMEB9_E1",6,7,3.7e-24,-0.192645077942396,0.724
"water-soluble vitamin metabolic process","MMEB9_E1",8,4,3.7e-24,0.84799690655495,0.1458
"interferon-beta production","MMEB9_E1",3,3,3.7e-24,0,1
"regulation of interferon-beta production","MMEB9_E1",0,5,3.7e-24,-2.58496250072116,0.0059
"branched-chain amino acid metabolic process","MMEB9_E1",1,2,3.7e-24,-0.584962500721156,0.5339
"regulation of mitochondrial membrane permeability","MMEB9_E1",11,5,3.7e-24,1,0.1442
"respiratory tube development","MMEB9_E1",10,11,3.7e-24,-0.125530882083859,0.776
"cellular senescence","MMEB9_E1",6,6,3.7e-24,0,1
"positive regulation of neurogenesis","MMEB9_E1",10,14,3.7e-24,-0.447458976971221,0.2476
"mitochondrial outer membrane permeabilization","MMEB9_E1",1,2,3.7e-24,-0.584962500721156,0.5314
"immune system development","MMEB9_E1",12,13,3.7e-24,-0.106915203916512,0.7889
"clathrin-dependent endocytosis","MMEB9_E1",2,3,3.7e-24,-0.415037499278844,0.624
"positive regulation of viral process","MMEB9_E1",3,4,3.7e-24,-0.321928094887362,0.641
"bone development","MMEB9_E1",12,13,3.7e-24,-0.106915203916512,0.79
"cell-substrate adhesion","MMEB9_E1",14,22,3.7e-24,-0.616671360448494,0.0474
"positive regulation of microtubule polymerization","MMEB9_E1",1,2,3.7e-24,-0.584962500721156,0.5341
"pteridine-containing compound metabolic process","MMEB9_E1",1,2,3.7e-24,-0.584962500721156,0.5645
"response to arsenic-containing substance","MMEB9_E1",1,2,3.7e-24,-0.584962500721156,0.531
"response to insulin","MMEB9_E1",16,16,3.7e-24,0,1
"ubiquinone metabolic process","MMEB9_E1",1,1,3.7e-24,0,1
"cellular response to arsenic-containing substance","MMEB9_E1",0,1,3.7e-24,-1,0.4155
"inositol phosphate catabolic process","MMEB9_E1",0,1,3.7e-24,-1,0.4089
"telomerase RNA localization to Cajal body","MMEB9_E1",0,1,3.7e-24,-1,0.4089
"respiratory system development","MMEB9_E1",8,14,3.7e-24,-0.736965594166206,0.0639
"regulation of generation of precursor metabolites and energy","MMEB9_E1",4,8,3.7e-24,-0.84799690655495,0.0927
"mitochondrial calcium ion homeostasis","MMEB9_E1",2,2,3.7e-24,0,1
"G0 to G1 transition","MMEB9_E1",3,3,3.7e-24,0,1
"mitochondrial genome maintenance","MMEB9_E1",1,2,3.7e-24,-0.584962500721156,0.5405
"release of cytochrome c from mitochondria","MMEB9_E1",1,4,3.7e-24,-1.32192809488736,0.1033
"cortical cytoskeleton organization","MMEB9_E1",3,3,3.7e-24,0,1
"response to sterol depletion","MMEB9_E1",0,1,3.7e-24,-1,0.4053
"regulation of ncRNA transcription","MMEB9_E1",4,2,3.7e-24,0.736965594166206,0.2734
"mesenchymal cell differentiation","MMEB9_E1",12,15,3.7e-24,-0.299560281858908,0.445
"protein-DNA complex subunit organization","MMEB9_E1",7,16,3.7e-24,-1.08746284125034,0.0087
"response to fluid shear stress","MMEB9_E1",3,4,3.7e-24,-0.321928094887362,0.6641
"collagen fibril organization","MMEB9_E1",5,5,3.7e-24,0,1
"roof of mouth development","MMEB9_E1",7,5,3.7e-24,0.415037499278844,0.5236
"regulation of protein dephosphorylation","MMEB9_E1",2,6,3.7e-24,-1.22239242133645,0.0439
"multicellular organism growth","MMEB9_E1",5,9,3.7e-24,-0.736965594166206,0.1413
"miRNA processing","MMEB9_E1",2,4,3.7e-24,-0.736965594166206,0.3183
"small molecule catabolic process","MMEB9_E1",13,23,3.7e-24,-0.777607578663552,0.0153
"regulation of G0 to G1 transition","MMEB9_E1",2,3,3.7e-24,-0.415037499278844,0.6028
"circadian regulation of gene expression","MMEB9_E1",1,4,3.7e-24,-1.32192809488736,0.0828
"regulation of translational fidelity","MMEB9_E1",2,1,3.7e-24,0.584962500721156,0.6579
"ubiquinone biosynthetic process","MMEB9_E1",2,1,3.7e-24,0.584962500721156,0.6309
"mitochondrial calcium ion transmembrane transport","MMEB9_E1",1,1,3.7e-24,0,1
"quinone biosynthetic process","MMEB9_E1",1,1,3.7e-24,0,1
"viral release from host cell","MMEB9_E1",0,2,3.7e-24,-1.58496250072116,0.1024
"exit from host cell","MMEB9_E1",0,2,3.7e-24,-1.58496250072116,0.1183
"positive regulation of GTPase activity","MMEB9_E1",9,17,3.7e-24,-0.84799690655495,0.0288
"regulation of cytokinesis","MMEB9_E1",4,6,3.7e-24,-0.485426827170242,0.4302
"mitochondrion localization","MMEB9_E1",5,4,3.7e-24,0.263034405833794,0.811
"renal system development","MMEB9_E1",18,20,3.7e-24,-0.144389909335175,0.6613
"regulation of cysteine-type endopeptidase activity involved in apoptotic process","MMEB9_E1",11,14,3.7e-24,-0.321928094887362,0.436
"regulation of cell-substrate adhesion","MMEB9_E1",13,14,3.7e-24,-0.0995356735509144,0.7929
"centrosome localization","MMEB9_E1",2,3,3.7e-24,-0.415037499278844,0.6186
"microtubule organizing center localization","MMEB9_E1",4,2,3.7e-24,0.736965594166206,0.3318
"pinocytosis","MMEB9_E1",1,1,3.7e-24,0,1
"lamellipodium assembly","MMEB9_E1",0,4,3.7e-24,-2.32192809488736,0.0184
"cellular response to sterol depletion","MMEB9_E1",1,1,3.7e-24,0,1
"placenta development","MMEB9_E1",9,10,3.7e-24,-0.137503523749935,0.762
"rhythmic process","MMEB9_E1",8,17,3.7e-24,-1,0.0106
"spindle localization","MMEB9_E1",1,4,3.7e-24,-1.32192809488736,0.1074
"carbohydrate derivative catabolic process","MMEB9_E1",11,11,3.7e-24,0,1
"response to amino acid","MMEB9_E1",6,8,3.7e-24,-0.362570079384708,0.495
"regulation of intracellular steroid hormone receptor signaling pathway","MMEB9_E1",3,4,3.7e-24,-0.321928094887362,0.6328
"regulation of neuron death","MMEB9_E1",14,19,3.7e-24,-0.415037499278844,0.2272
"ossification","MMEB9_E1",15,25,3.7e-24,-0.700439718141092,0.024
"mammary gland epithelial cell proliferation","MMEB9_E1",1,2,3.7e-24,-0.584962500721156,0.5465
"ribosomal subunit export from nucleus","MMEB9_E1",0,1,3.7e-24,-1,0.4312
"ribosome localization","MMEB9_E1",1,1,3.7e-24,0,1
"protein transport to vacuole involved in ubiquitin-dependent protein catabolic process via the multivesicular body sorting pathway","MMEB9_E1",0,1,3.7e-24,-1,0.4074
"seminiferous tubule development","MMEB9_E1",0,1,3.7e-24,-1,0.4087
"cellular response to acid chemical","MMEB9_E1",6,7,3.7e-24,-0.192645077942396,0.723
"positive regulation of kinase activity","MMEB9_E1",15,23,3.7e-24,-0.584962500721156,0.0515
"positive regulation by host of viral process","MMEB9_E1",2,1,3.7e-24,0.584962500721156,0.6542
"mitochondrion morphogenesis","MMEB9_E1",0,1,3.7e-24,-1,0.4165
"regulation of establishment of cell polarity","MMEB9_E1",3,2,3.7e-24,0.415037499278844,0.7312
"cellular lipid catabolic process","MMEB9_E1",7,14,3.7e-24,-0.906890595608518,0.0356
"neuron apoptotic process","MMEB9_E1",6,16,3.7e-24,-1.28010791919274,0.0042
"inner cell mass cell proliferation","MMEB9_E1",1,1,3.7e-24,0,1
"polyamine biosynthetic process","MMEB9_E1",1,1,3.7e-24,0,1
"folic acid metabolic process","MMEB9_E1",0,2,3.7e-24,-1.58496250072116,0.1696
"organelle inheritance","MMEB9_E1",0,2,3.7e-24,-1.58496250072116,0.149
"polyol metabolic process","MMEB9_E1",7,8,3.7e-24,-0.169925001442312,0.7351
"regulation of type I interferon-mediated signaling pathway","MMEB9_E1",2,4,3.7e-24,-0.736965594166206,0.304
"intracellular lipid transport","MMEB9_E1",1,3,3.7e-24,-1,0.2042
"fat cell differentiation","MMEB9_E1",6,16,3.7e-24,-1.28010791919274,0.0048
"iron ion homeostasis","MMEB9_E1",7,5,3.7e-24,0.415037499278844,0.5035
"negative regulation of cell projection organization","MMEB9_E1",11,11,3.7e-24,0,1
"dicarboxylic acid metabolic process","MMEB9_E1",5,6,3.7e-24,-0.222392421336448,0.6968
"regulation of anatomical structure size","MMEB9_E1",17,28,3.7e-24,-0.68805599368526,0.0178
"regulation of small molecule metabolic process","MMEB9_E1",14,21,3.7e-24,-0.552541023028779,0.093
"pentose-phosphate shunt","MMEB9_E1",0,2,3.7e-24,-1.58496250072116,0.1122
"pericardium development","MMEB9_E1",0,1,3.7e-24,-1,0.4124
"lysosomal protein catabolic process","MMEB9_E1",1,1,3.7e-24,0,1
"carbohydrate derivative transport","MMEB9_E1",5,6,3.7e-24,-0.222392421336448,0.6942
"alcohol biosynthetic process","MMEB9_E1",9,8,3.7e-24,0.15200309344505,0.8628
"regulation of membrane permeability","MMEB9_E1",2,5,3.7e-24,-1,0.1127
"signal peptide processing","MMEB9_E1",1,1,3.7e-24,0,1
"UV-damage excision repair","MMEB9_E1",1,1,3.7e-24,0,1
"biological process involved in interaction with host","MMEB9_E1",8,12,3.7e-24,-0.53051471669878,0.2123
"body morphogenesis","MMEB9_E1",2,3,3.7e-24,-0.415037499278844,0.5962
"extracellular vesicle biogenesis","MMEB9_E1",2,2,3.7e-24,0,1
"negative regulation of defense response to virus","MMEB9_E1",3,2,3.7e-24,0.415037499278844,0.7311
"aminoglycan biosynthetic process","MMEB9_E1",1,4,3.7e-24,-1.32192809488736,0.0696
"sterol biosynthetic process","MMEB9_E1",4,4,3.7e-24,0,1
"polyamine metabolic process","MMEB9_E1",0,1,3.7e-24,-1,0.4216
"magnesium ion transport","MMEB9_E1",1,1,3.7e-24,0,1
"lamellipodium morphogenesis","MMEB9_E1",1,1,3.7e-24,0,1
"positive regulation of neuron migration","MMEB9_E1",2,1,3.7e-24,0.584962500721156,0.6418
"regulation of glucose metabolic process","MMEB9_E1",2,6,3.7e-24,-1.22239242133645,0.0518
"monosaccharide biosynthetic process","MMEB9_E1",5,6,3.7e-24,-0.222392421336448,0.701
"response to acid chemical","MMEB9_E1",7,8,3.7e-24,-0.169925001442312,0.7356
"regulation of carbohydrate metabolic process","MMEB9_E1",10,10,3.7e-24,0,1
"positive regulation of nervous system development","MMEB9_E1",12,16,3.7e-24,-0.387023123109247,0.2785
"regulation of circadian rhythm","MMEB9_E1",4,6,3.7e-24,-0.485426827170242,0.4247
"trabecula morphogenesis","MMEB9_E1",2,4,3.7e-24,-0.736965594166206,0.3036
"pigment accumulation","MMEB9_E1",0,1,3.7e-24,-1,0.4639
"cellular pigment accumulation","MMEB9_E1",0,0,3.7e-24,0,1
"regulation of pinocytosis","MMEB9_E1",0,1,3.7e-24,-1,0.4469
"regulation of ligase activity","MMEB9_E1",1,1,3.7e-24,0,1
"smoothened signaling pathway involved in dorsal/ventral neural tube patterning","MMEB9_E1",1,1,3.7e-24,0,1
"glycosyl compound metabolic process","MMEB9_E1",6,5,3.7e-24,0.222392421336448,0.8286
"substantia nigra development","MMEB9_E1",3,3,3.7e-24,0,1
"negative regulation of GTPase activity","MMEB9_E1",2,2,3.7e-24,0,1
"axon extension","MMEB9_E1",6,7,3.7e-24,-0.192645077942396,0.7223
"positive regulation of epithelial to mesenchymal transition","MMEB9_E1",1,3,3.7e-24,-1,0.2135
"one-carbon metabolic process","MMEB9_E1",0,1,3.7e-24,-1,0.423
"NADPH regeneration","MMEB9_E1",0,1,3.7e-24,-1,0.421
"cellular response to dsRNA","MMEB9_E1",1,1,3.7e-24,0,1
"neuron projection organization","MMEB9_E1",4,5,3.7e-24,-0.263034405833794,0.6663
"postsynapse organization","MMEB9_E1",8,12,3.7e-24,-0.53051471669878,0.2233
"regulation of ketone biosynthetic process","MMEB9_E1",1,1,3.7e-24,0,1
"mitochondrion distribution","MMEB9_E1",1,1,3.7e-24,0,1
"regulation of autophagosome maturation","MMEB9_E1",1,1,3.7e-24,0,1
"magnesium ion transmembrane transport","MMEB9_E1",4,2,3.7e-24,0.736965594166206,0.2756
"regulation of cell division","MMEB9_E1",10,11,3.7e-24,-0.125530882083859,0.7673
"intermembrane lipid transfer","MMEB9_E1",4,3,3.7e-24,0.321928094887362,0.7714
"organophosphate ester transport","MMEB9_E1",7,9,3.7e-24,-0.321928094887362,0.5222
"movement in host","MMEB9_E1",9,11,3.7e-24,-0.263034405833794,0.5594
"extracellular matrix assembly","MMEB9_E1",0,2,3.7e-24,-1.58496250072116,0.0806
"cellular metabolic compound salvage","MMEB9_E1",3,3,3.7e-24,0,1
"regulation of ATP-dependent activity","MMEB9_E1",6,4,3.7e-24,0.485426827170242,0.4546
"cell migration involved in heart development","MMEB9_E1",1,1,3.7e-24,0,1
"cellular response to fluid shear stress","MMEB9_E1",1,1,3.7e-24,0,1
"sphingomyelin biosynthetic process","MMEB9_E1",0,1,3.7e-24,-1,0.4803
"ether lipid biosynthetic process","MMEB9_E1",1,1,3.7e-24,0,1
"embryonic body morphogenesis","MMEB9_E1",0,1,3.7e-24,-1,0.4239
"amino sugar biosynthetic process","MMEB9_E1",0,1,3.7e-24,-1,0.4766
"glycerol ether biosynthetic process","MMEB9_E1",0,1,3.7e-24,-1,0.4508
"pigmentation","MMEB9_E1",4,7,3.7e-24,-0.678071905112638,0.2337
"cellular response to ketone","MMEB9_E1",4,6,3.7e-24,-0.485426827170242,0.4403
"nonribosomal peptide biosynthetic process","MMEB9_E1",2,2,3.7e-24,0,1
"glial cell apoptotic process","MMEB9_E1",1,2,3.7e-24,-0.584962500721156,0.5789
"lipoprotein catabolic process","MMEB9_E1",1,1,3.7e-24,0,1
"suppression of viral release by host","MMEB9_E1",0,1,3.7e-24,-1,0.4823
"chaperone-mediated autophagy","MMEB9_E1",0,1,3.7e-24,-1,0.4677
"regulation of steroid hormone biosynthetic process","MMEB9_E1",0,1,3.7e-24,-1,0.4721
"synaptic vesicle lumen acidification","MMEB9_E1",1,1,3.7e-24,0,1
"semaphorin-plexin signaling pathway involved in neuron projection guidance","MMEB9_E1",1,1,3.7e-24,0,1
"regulation of Golgi organization","MMEB9_E1",1,1,3.7e-24,0,1
"Schwann cell differentiation","MMEB9_E1",4,3,3.7e-24,0.321928094887362,0.7761
"neurotrophin signaling pathway","MMEB9_E1",1,2,3.7e-24,-0.584962500721156,0.5346
"regulation of microtubule depolymerization","MMEB9_E1",2,2,3.7e-24,0,1
"basement membrane organization","MMEB9_E1",0,1,3.7e-24,-1,0.4232
"establishment or maintenance of epithelial cell apical/basal polarity","MMEB9_E1",5,4,3.7e-24,0.263034405833794,0.8085
"face development","MMEB9_E1",2,3,3.7e-24,-0.415037499278844,0.5948
"osteoblast differentiation","MMEB9_E1",13,16,3.7e-24,-0.280107919192735,0.4616
"appendage development","MMEB9_E1",4,11,3.7e-24,-1.26303440583379,0.014
"limb development","MMEB9_E1",8,11,3.7e-24,-0.415037499278844,0.3278
"regulation of ATP metabolic process","MMEB9_E1",1,4,3.7e-24,-1.32192809488736,0.0663
"developmental growth involved in morphogenesis","MMEB9_E1",7,12,3.7e-24,-0.700439718141092,0.0911
"embryonic organ development","MMEB9_E1",19,27,3.7e-24,-0.485426827170242,0.0782
"negative regulation of growth","MMEB9_E1",11,14,3.7e-24,-0.321928094887362,0.437
"microtubule depolymerization","MMEB9_E1",4,3,3.7e-24,0.321928094887362,0.7843
"heme metabolic process","MMEB9_E1",2,2,3.7e-24,0,1
"regulation of neuron apoptotic process","MMEB9_E1",10,13,3.7e-24,-0.347923303420307,0.4076
"plasma membrane tubulation","MMEB9_E1",3,2,3.7e-24,0.415037499278844,0.7289
"exosomal secretion","MMEB9_E1",3,1,3.7e-24,1,0.426
"vasculogenesis","MMEB9_E1",3,6,3.7e-24,-0.807354922057604,0.1715
"toxin transport","MMEB9_E1",3,3,3.7e-24,0,1
"ncRNA processing","MMEB9_E2",12,15,3.7e-24,-0.299560281858908,0.4522
"ribosome biogenesis","MMEB9_E2",14,11,3.7e-24,0.321928094887362,0.4511
"rRNA metabolic process","MMEB9_E2",6,10,3.7e-24,-0.652076696579693,0.1674
"proteasome-mediated ubiquitin-dependent protein catabolic process","MMEB9_E2",17,15,3.7e-24,0.169925001442312,0.6968
"regulation of response to DNA damage stimulus","MMEB9_E2",5,11,3.7e-24,-1,0.0391
"establishment of protein localization to organelle","MMEB9_E2",12,13,3.7e-24,-0.106915203916512,0.7881
"macroautophagy","MMEB9_E2",5,12,3.7e-24,-1.11547721741994,0.0143
"regulation of chromosome organization","MMEB9_E2",6,8,3.7e-24,-0.362570079384708,0.5012
"Golgi vesicle transport","MMEB9_E2",9,10,3.7e-24,-0.137503523749935,0.7624
"double-strand break repair","MMEB9_E2",13,11,3.7e-24,0.222392421336448,0.6481
"histone modification","MMEB9_E2",14,15,3.7e-24,-0.0931094043914815,0.8046
"sister chromatid segregation","MMEB9_E2",10,9,3.7e-24,0.137503523749935,0.8639
"DNA replication","MMEB9_E2",3,10,3.7e-24,-1.4594316186373,0.0115
"chromosome segregation","MMEB9_E2",9,14,3.7e-24,-0.584962500721156,0.1317
"mitochondrial gene expression","MMEB9_E2",5,6,3.7e-24,-0.222392421336448,0.6947
"nucleocytoplasmic transport","MMEB9_E2",7,10,3.7e-24,-0.459431618637297,0.3077
"nuclear transport","MMEB9_E2",4,10,3.7e-24,-1.13750352374993,0.0204
"regulation of DNA repair","MMEB9_E2",3,7,3.7e-24,-1,0.0793
"peptidyl-lysine modification","MMEB9_E2",10,12,3.7e-24,-0.241008099503795,0.5817
"protein targeting","MMEB9_E2",9,11,3.7e-24,-0.263034405833794,0.5663
"cytoplasmic translation","MMEB9_E2",3,6,3.7e-24,-0.807354922057604,0.1834
"regulation of autophagy","MMEB9_E2",10,12,3.7e-24,-0.241008099503795,0.5792
"signal transduction in response to DNA damage","MMEB9_E2",5,6,3.7e-24,-0.222392421336448,0.695
"regulation of intracellular transport","MMEB9_E2",8,10,3.7e-24,-0.289506617194985,0.5407
"protein localization to nucleus","MMEB9_E2",7,10,3.7e-24,-0.459431618637297,0.3193
"microtubule cytoskeleton organization involved in mitosis","MMEB9_E2",3,7,3.7e-24,-1,0.0981
"telomere maintenance","MMEB9_E2",8,5,3.7e-24,0.584962500721156,0.404
"cell cycle checkpoint signaling","MMEB9_E2",4,7,3.7e-24,-0.678071905112638,0.2189
"regulation of protein modification by small protein conjugation or removal","MMEB9_E2",6,8,3.7e-24,-0.362570079384708,0.5002
"cellular respiration","MMEB9_E2",6,7,3.7e-24,-0.192645077942396,0.7253
"cellular component disassembly","MMEB9_E2",7,14,3.7e-24,-0.906890595608518,0.0325
"nuclear chromosome segregation","MMEB9_E2",6,10,3.7e-24,-0.652076696579693,0.1582
"regulation of protein stability","MMEB9_E2",7,10,3.7e-24,-0.459431618637297,0.2988
"regulation of cell cycle phase transition","MMEB9_E2",9,14,3.7e-24,-0.584962500721156,0.1387
"regulation of protein catabolic process","MMEB9_E2",8,10,3.7e-24,-0.289506617194985,0.5295
"response to endoplasmic reticulum stress","MMEB9_E2",9,9,3.7e-24,0,1
"vesicle organization","MMEB9_E2",7,10,3.7e-24,-0.459431618637297,0.2848
"mitochondrial respiratory chain complex assembly","MMEB9_E2",3,3,3.7e-24,0,1
"DNA-templated transcription elongation","MMEB9_E2",2,4,3.7e-24,-0.736965594166206,0.2837
"mitochondrial transport","MMEB9_E2",7,6,3.7e-24,0.192645077942396,0.8375
"establishment of organelle localization","MMEB9_E2",17,14,3.7e-24,0.263034405833794,0.5054
"regulation of intracellular protein transport","MMEB9_E2",5,6,3.7e-24,-0.222392421336448,0.7059
"response to UV","MMEB9_E2",3,5,3.7e-24,-0.584962500721156,0.343
"RNA localization","MMEB9_E2",5,7,3.7e-24,-0.415037499278844,0.4694
"response to topologically incorrect protein","MMEB9_E2",2,4,3.7e-24,-0.736965594166206,0.2456
"organelle fission","MMEB9_E2",13,14,3.7e-24,-0.0995356735509144,0.7971
"non-membrane-bounded organelle assembly","MMEB9_E2",12,13,3.7e-24,-0.106915203916512,0.7875
"protein polyubiquitination","MMEB9_E2",7,8,3.7e-24,-0.169925001442312,0.7484
"methylation","MMEB9_E2",9,10,3.7e-24,-0.137503523749935,0.764
"phospholipid biosynthetic process","MMEB9_E2",6,8,3.7e-24,-0.362570079384708,0.5001
"oxidative phosphorylation","MMEB9_E2",2,4,3.7e-24,-0.736965594166206,0.3024
"establishment of protein localization to membrane","MMEB9_E2",5,8,3.7e-24,-0.584962500721156,0.2507
"in utero embryonic development","MMEB9_E2",11,13,3.7e-24,-0.222392421336448,0.591
"vacuole organization","MMEB9_E2",7,7,3.7e-24,0,1
"nuclear-transcribed mRNA catabolic process","MMEB9_E2",5,5,3.7e-24,0,1
"protein folding","MMEB9_E2",3,6,3.7e-24,-0.807354922057604,0.1394
"DNA conformation change","MMEB9_E2",3,3,3.7e-24,0,1
"regulation of chromosome segregation","MMEB9_E2",6,4,3.7e-24,0.485426827170242,0.4796
"regulation of apoptotic signaling pathway","MMEB9_E2",7,11,3.7e-24,-0.584962500721156,0.194
"cell cycle G2/M phase transition","MMEB9_E2",4,5,3.7e-24,-0.263034405833794,0.689
"vacuolar transport","MMEB9_E2",2,4,3.7e-24,-0.736965594166206,0.2704
"response to ionizing radiation","MMEB9_E2",4,5,3.7e-24,-0.263034405833794,0.6724
"cellular response to UV","MMEB9_E2",3,3,3.7e-24,0,1
"regulation of binding","MMEB9_E2",13,11,3.7e-24,0.222392421336448,0.6622
"nucleic acid transport","MMEB9_E2",9,6,3.7e-24,0.514573172829758,0.3072
"RNA transport","MMEB9_E2",5,5,3.7e-24,0,1
"ribonucleoprotein complex subunit organization","MMEB9_E2",10,8,3.7e-24,0.289506617194985,0.5974
"regulation of DNA replication","MMEB9_E2",2,4,3.7e-24,-0.736965594166206,0.2544
"ribose phosphate metabolic process","MMEB9_E2",7,14,3.7e-24,-0.906890595608518,0.0285
"proton motive force-driven ATP synthesis","MMEB9_E2",1,3,3.7e-24,-1,0.2633
"ribonucleotide metabolic process","MMEB9_E2",6,12,3.7e-24,-0.893084796083488,0.0433
"telomere organization","MMEB9_E2",10,6,3.7e-24,0.652076696579693,0.2333
"cellular response to topologically incorrect protein","MMEB9_E2",2,4,3.7e-24,-0.736965594166206,0.3154
"Golgi organization","MMEB9_E2",4,5,3.7e-24,-0.263034405833794,0.6799
"ribonucleoprotein complex assembly","MMEB9_E2",5,7,3.7e-24,-0.415037499278844,0.4755
"cellular nitrogen compound catabolic process","MMEB9_E2",11,14,3.7e-24,-0.321928094887362,0.4326
"negative regulation of phosphorus metabolic process","MMEB9_E2",8,12,3.7e-24,-0.53051471669878,0.2344
"heterocycle catabolic process","MMEB9_E2",8,14,3.7e-24,-0.736965594166206,0.0765
"mitochondrial membrane organization","MMEB9_E2",4,4,3.7e-24,0,1
"regulation of protein-containing complex assembly","MMEB9_E2",14,12,3.7e-24,0.206450877467426,0.6715
"positive regulation of cellular component biogenesis","MMEB9_E2",16,15,3.7e-24,0.0874628412503394,0.8926
"response to oxidative stress","MMEB9_E2",10,14,3.7e-24,-0.447458976971221,0.2461
"regulation of supramolecular fiber organization","MMEB9_E2",4,10,3.7e-24,-1.13750352374993,0.0186
"positive regulation of protein localization","MMEB9_E2",13,13,3.7e-24,0,1
"positive regulation of cell projection organization","MMEB9_E2",10,9,3.7e-24,0.137503523749935,0.8701
"negative regulation of transferase activity","MMEB9_E2",5,9,3.7e-24,-0.736965594166206,0.1545
"autophagy of mitochondrion","MMEB9_E2",4,3,3.7e-24,0.321928094887362,0.7852
"positive regulation of amide metabolic process","MMEB9_E2",2,5,3.7e-24,-1,0.1428
"chromatin remodeling","MMEB9_E2",9,10,3.7e-24,-0.137503523749935,0.7562
"viral process","MMEB9_E2",5,12,3.7e-24,-1.11547721741994,0.0152
"macromolecule deacylation","MMEB9_E2",1,4,3.7e-24,-1.32192809488736,0.1002
"mitotic cytokinesis","MMEB9_E2",1,2,3.7e-24,-0.584962500721156,0.5303
"aromatic compound catabolic process","MMEB9_E2",2,13,3.7e-24,-2.22239242133645,3e-04
"vesicle localization","MMEB9_E2",3,5,3.7e-24,-0.584962500721156,0.3085
"establishment or maintenance of cell polarity","MMEB9_E2",7,7,3.7e-24,0,1
"Wnt signaling pathway","MMEB9_E2",8,13,3.7e-24,-0.637429920615292,0.1326
"cell-cell signaling by wnt","MMEB9_E2",15,13,3.7e-24,0.192645077942396,0.6783
"ATP metabolic process","MMEB9_E2",3,6,3.7e-24,-0.807354922057604,0.1639
"cellular response to chemical stress","MMEB9_E2",5,10,3.7e-24,-0.874469117916141,0.08
"regulation of vacuole organization","MMEB9_E2",2,2,3.7e-24,0,1
"cellular response to external stimulus","MMEB9_E2",11,10,3.7e-24,0.125530882083859,0.8779
"negative regulation of protein phosphorylation","MMEB9_E2",6,9,3.7e-24,-0.514573172829758,0.2705
"negative regulation of catabolic process","MMEB9_E2",6,9,3.7e-24,-0.514573172829758,0.264
"regulation of microtubule cytoskeleton organization","MMEB9_E2",1,4,3.7e-24,-1.32192809488736,0.0787
"chromosome localization","MMEB9_E2",3,3,3.7e-24,0,1
"negative regulation of mitotic nuclear division","MMEB9_E2",1,2,3.7e-24,-0.584962500721156,0.543
"regulation of actin filament organization","MMEB9_E2",10,8,3.7e-24,0.289506617194985,0.5843
"dephosphorylation","MMEB9_E2",6,9,3.7e-24,-0.514573172829758,0.2602
"glycosylation","MMEB9_E2",8,7,3.7e-24,0.169925001442312,0.8565
"positive regulation of establishment of protein localization","MMEB9_E2",3,9,3.7e-24,-1.32192809488736,0.0179
"regulation of microtubule-based process","MMEB9_E2",7,7,3.7e-24,0,1
"cell-substrate junction organization","MMEB9_E2",3,3,3.7e-24,0,1
"protein-containing complex localization","MMEB9_E2",4,5,3.7e-24,-0.263034405833794,0.6664
"mitochondrial transmembrane transport","MMEB9_E2",4,3,3.7e-24,0.321928094887362,0.7676
"stem cell population maintenance","MMEB9_E2",4,5,3.7e-24,-0.263034405833794,0.6679
"ribosome assembly","MMEB9_E2",2,2,3.7e-24,0,1
"intraciliary transport","MMEB9_E2",2,2,3.7e-24,0,1
"Golgi to plasma membrane protein transport","MMEB9_E2",2,1,3.7e-24,0.584962500721156,0.6528
"response to amino acid starvation","MMEB9_E2",2,2,3.7e-24,0,1
"cellular response to extracellular stimulus","MMEB9_E2",4,7,3.7e-24,-0.678071905112638,0.2126
"cell growth","MMEB9_E2",5,12,3.7e-24,-1.11547721741994,0.0194
"protein glycosylation","MMEB9_E2",6,6,3.7e-24,0,1
"macromolecule glycosylation","MMEB9_E2",3,6,3.7e-24,-0.807354922057604,0.1734
"maintenance of cell number","MMEB9_E2",4,5,3.7e-24,-0.263034405833794,0.6701
"response to reactive oxygen species","MMEB9_E2",6,6,3.7e-24,0,1
"regulation of cell morphogenesis","MMEB9_E2",9,8,3.7e-24,0.15200309344505,0.8615
"regulation of cellular component size","MMEB9_E2",4,9,3.7e-24,-1,0.0529
"cell-substrate junction assembly","MMEB9_E2",2,3,3.7e-24,-0.415037499278844,0.6075
"membrane fission","MMEB9_E2",1,1,3.7e-24,0,1
"membrane docking","MMEB9_E2",2,3,3.7e-24,-0.415037499278844,0.6144
"fibroblast migration","MMEB9_E2",1,2,3.7e-24,-0.584962500721156,0.5526
"nucleus organization","MMEB9_E2",2,3,3.7e-24,-0.415037499278844,0.6017
"regulation of cell growth","MMEB9_E2",10,13,3.7e-24,-0.347923303420307,0.4203
"fibroblast proliferation","MMEB9_E2",1,3,3.7e-24,-1,0.2589
"cell cycle G1/S phase transition","MMEB9_E2",6,8,3.7e-24,-0.362570079384708,0.501
"actin filament organization","MMEB9_E2",3,11,3.7e-24,-1.58496250072116,0.0032
"response to oxygen levels","MMEB9_E2",5,9,3.7e-24,-0.736965594166206,0.1297
"epigenetic regulation of gene expression","MMEB9_E2",3,5,3.7e-24,-0.584962500721156,0.352
"organelle fusion","MMEB9_E2",5,5,3.7e-24,0,1
"lipoprotein metabolic process","MMEB9_E2",0,4,3.7e-24,-2.32192809488736,0.0106
"protein lipidation","MMEB9_E2",1,3,3.7e-24,-1,0.1953
"regulation of plasma membrane bounded cell projection assembly","MMEB9_E2",6,6,3.7e-24,0,1
"regulation of actin filament-based process","MMEB9_E2",6,9,3.7e-24,-0.514573172829758,0.2764
"regulation of GTPase activity","MMEB9_E2",8,9,3.7e-24,-0.15200309344505,0.7544
"nuclear envelope organization","MMEB9_E2",2,1,3.7e-24,0.584962500721156,0.6705
"protein autophosphorylation","MMEB9_E2",8,6,3.7e-24,0.362570079384708,0.5538
"connective tissue development","MMEB9_E2",5,8,3.7e-24,-0.584962500721156,0.2814
"cellular response to heat","MMEB9_E2",1,2,3.7e-24,-0.584962500721156,0.5565
"myeloid cell homeostasis","MMEB9_E2",6,5,3.7e-24,0.222392421336448,0.8234
"regulation of neuron projection development","MMEB9_E2",9,11,3.7e-24,-0.263034405833794,0.5515
"receptor metabolic process","MMEB9_E2",2,2,3.7e-24,0,1
"maintenance of protein location in cell","MMEB9_E2",2,2,3.7e-24,0,1
"apoptotic mitochondrial changes","MMEB9_E2",2,3,3.7e-24,-0.415037499278844,0.6306
"response to transforming growth factor beta","MMEB9_E2",3,7,3.7e-24,-1,0.0663
"neural tube development","MMEB9_E2",2,5,3.7e-24,-1,0.1302
"maintenance of protein location","MMEB9_E2",0,3,3.7e-24,-2,0.0568
"regulation of ubiquitin-protein transferase activity","MMEB9_E2",0,2,3.7e-24,-1.58496250072116,0.1092
"cilium assembly","MMEB9_E2",7,9,3.7e-24,-0.321928094887362,0.5211
"mRNA export from nucleus","MMEB9_E2",3,2,3.7e-24,0.415037499278844,0.7338
"regulation of cell-substrate junction organization","MMEB9_E2",1,1,3.7e-24,0,1
"membrane biogenesis","MMEB9_E2",0,2,3.7e-24,-1.58496250072116,0.1856
"cilium organization","MMEB9_E2",4,9,3.7e-24,-1,0.0375
"platelet-derived growth factor receptor signaling pathway","MMEB9_E2",2,1,3.7e-24,0.584962500721156,0.6345
"iron-sulfur cluster assembly","MMEB9_E2",1,1,3.7e-24,0,1
"metallo-sulfur cluster assembly","MMEB9_E2",1,1,3.7e-24,0,1
"centromere complex assembly","MMEB9_E2",1,1,3.7e-24,0,1
"cellular response to oxygen levels","MMEB9_E2",2,4,3.7e-24,-0.736965594166206,0.2495
"fatty acid beta-oxidation","MMEB9_E2",2,3,3.7e-24,-0.415037499278844,0.6245
"organelle localization by membrane tethering","MMEB9_E2",1,2,3.7e-24,-0.584962500721156,0.5374
"autophagosome maturation","MMEB9_E2",1,2,3.7e-24,-0.584962500721156,0.5743
"cellular response to transforming growth factor beta stimulus","MMEB9_E2",9,8,3.7e-24,0.15200309344505,0.8658
"nucleotide catabolic process","MMEB9_E2",0,2,3.7e-24,-1.58496250072116,0.0919
"tube closure","MMEB9_E2",1,3,3.7e-24,-1,0.257
"regulation of stem cell differentiation","MMEB9_E2",5,2,3.7e-24,1,0.1832
"substrate adhesion-dependent cell spreading","MMEB9_E2",2,3,3.7e-24,-0.415037499278844,0.6171
"chondrocyte differentiation","MMEB9_E2",5,4,3.7e-24,0.263034405833794,0.8074
"regulation of fibroblast proliferation","MMEB9_E2",2,3,3.7e-24,-0.415037499278844,0.6205
"morphogenesis of an epithelial sheet","MMEB9_E2",1,2,3.7e-24,-0.584962500721156,0.5282
"microtubule polymerization","MMEB9_E2",2,3,3.7e-24,-0.415037499278844,0.6245
"response to virus","MMEB9_E2",9,11,3.7e-24,-0.263034405833794,0.5619
"membrane assembly","MMEB9_E2",0,2,3.7e-24,-1.58496250072116,0.134
"COPII vesicle coating","MMEB9_E2",1,0,3.7e-24,1,0.4916
"erythrocyte differentiation","MMEB9_E2",4,3,3.7e-24,0.321928094887362,0.7738
"organophosphate catabolic process","MMEB9_E2",3,5,3.7e-24,-0.584962500721156,0.3566
"regulation of embryonic development","MMEB9_E2",1,2,3.7e-24,-0.584962500721156,0.5291
"regulation of focal adhesion assembly","MMEB9_E2",2,2,3.7e-24,0,1
"regulation of cell-substrate junction assembly","MMEB9_E2",0,2,3.7e-24,-1.58496250072116,0.1747
"regulation of extracellular matrix organization","MMEB9_E2",2,1,3.7e-24,0.584962500721156,0.6716
"GPI anchor biosynthetic process","MMEB9_E2",0,1,3.7e-24,-1,0.4966
"lamellipodium organization","MMEB9_E2",4,2,3.7e-24,0.736965594166206,0.3359
"positive regulation of stem cell population maintenance","MMEB9_E2",0,1,3.7e-24,-1,0.4173
"monosaccharide metabolic process","MMEB9_E2",9,6,3.7e-24,0.514573172829758,0.3243
"U2-type prespliceosome assembly","MMEB9_E2",1,1,3.7e-24,0,1
"heterochromatin formation","MMEB9_E2",4,2,3.7e-24,0.736965594166206,0.332
"peroxisome organization","MMEB9_E2",2,1,3.7e-24,0.584962500721156,0.6546
"regulation of mitochondrial fission","MMEB9_E2",0,1,3.7e-24,-1,0.4869
"cellular pigmentation","MMEB9_E2",2,2,3.7e-24,0,1
"regulation of fibroblast migration","MMEB9_E2",0,1,3.7e-24,-1,0.4163
"cellular carbohydrate metabolic process","MMEB9_E2",5,8,3.7e-24,-0.584962500721156,0.2634
"positive regulation of axonogenesis","MMEB9_E2",1,3,3.7e-24,-1,0.2491
"kinetochore organization","MMEB9_E2",1,0,3.7e-24,1,0.4995
"stem cell differentiation","MMEB9_E2",7,5,3.7e-24,0.415037499278844,0.5067
"proton transmembrane transport","MMEB9_E2",3,4,3.7e-24,-0.321928094887362,0.6411
"cellular response to insulin stimulus","MMEB9_E2",8,6,3.7e-24,0.362570079384708,0.546
"establishment of mitotic spindle localization","MMEB9_E2",1,1,3.7e-24,0,1
"cell redox homeostasis","MMEB9_E2",3,1,3.7e-24,1,0.4292
"stress granule assembly","MMEB9_E2",1,0,3.7e-24,1,0.4869
"protein neddylation","MMEB9_E2",0,1,3.7e-24,-1,0.4069
"regulation of mitochondrial membrane potential","MMEB9_E2",1,2,3.7e-24,-0.584962500721156,0.5852
"neuron death","MMEB9_E2",6,9,3.7e-24,-0.514573172829758,0.2885
"defense response to virus","MMEB9_E2",4,8,3.7e-24,-0.84799690655495,0.1059
"sulfur compound metabolic process","MMEB9_E2",9,8,3.7e-24,0.15200309344505,0.8597
"NADP metabolic process","MMEB9_E2",1,1,3.7e-24,0,1
"vacuolar acidification","MMEB9_E2",0,1,3.7e-24,-1,0.4164
"oligosaccharide-lipid intermediate biosynthetic process","MMEB9_E2",1,0,3.7e-24,1,0.49
"lysosomal lumen acidification","MMEB9_E2",1,0,3.7e-24,1,0.4347
"glycosyl compound biosynthetic process","MMEB9_E2",0,0,3.7e-24,0,1
"heart valve development","MMEB9_E2",1,2,3.7e-24,-0.584962500721156,0.5265
"water-soluble vitamin metabolic process","MMEB9_E2",3,2,3.7e-24,0.415037499278844,0.7286
"interferon-beta production","MMEB9_E2",1,1,3.7e-24,0,1
"regulation of interferon-beta production","MMEB9_E2",3,2,3.7e-24,0.415037499278844,0.7427
"branched-chain amino acid metabolic process","MMEB9_E2",0,1,3.7e-24,-1,0.4794
"regulation of mitochondrial membrane permeability","MMEB9_E2",4,2,3.7e-24,0.736965594166206,0.2894
"respiratory tube development","MMEB9_E2",5,5,3.7e-24,0,1
"cellular senescence","MMEB9_E2",2,2,3.7e-24,0,1
"positive regulation of neurogenesis","MMEB9_E2",8,5,3.7e-24,0.584962500721156,0.3918
"mitochondrial outer membrane permeabilization","MMEB9_E2",2,1,3.7e-24,0.584962500721156,0.6448
"immune system development","MMEB9_E2",3,5,3.7e-24,-0.584962500721156,0.3035
"clathrin-dependent endocytosis","MMEB9_E2",0,1,3.7e-24,-1,0.4254
"positive regulation of viral process","MMEB9_E2",0,2,3.7e-24,-1.58496250072116,0.107
"bone development","MMEB9_E2",3,6,3.7e-24,-0.807354922057604,0.1524
"cell-substrate adhesion","MMEB9_E2",8,10,3.7e-24,-0.289506617194985,0.5486
"positive regulation of microtubule polymerization","MMEB9_E2",0,1,3.7e-24,-1,0.4458
"pteridine-containing compound metabolic process","MMEB9_E2",0,1,3.7e-24,-1,0.4374
"response to arsenic-containing substance","MMEB9_E2",0,1,3.7e-24,-1,0.4581
"response to insulin","MMEB9_E2",9,7,3.7e-24,0.321928094887362,0.5733
"ubiquinone metabolic process","MMEB9_E2",1,0,3.7e-24,1,0.3562
"cellular response to arsenic-containing substance","MMEB9_E2",0,1,3.7e-24,-1,0.4997
"inositol phosphate catabolic process","MMEB9_E2",2,0,3.7e-24,1.58496250072116,0.1181
"telomerase RNA localization to Cajal body","MMEB9_E2",1,0,3.7e-24,1,0.427
"respiratory system development","MMEB9_E2",3,6,3.7e-24,-0.807354922057604,0.1424
"regulation of generation of precursor metabolites and energy","MMEB9_E2",3,4,3.7e-24,-0.321928094887362,0.6461
"mitochondrial calcium ion homeostasis","MMEB9_E2",1,1,3.7e-24,0,1
"G0 to G1 transition","MMEB9_E2",1,1,3.7e-24,0,1
"mitochondrial genome maintenance","MMEB9_E2",2,1,3.7e-24,0.584962500721156,0.6344
"release of cytochrome c from mitochondria","MMEB9_E2",3,2,3.7e-24,0.415037499278844,0.7199
"cortical cytoskeleton organization","MMEB9_E2",1,1,3.7e-24,0,1
"response to sterol depletion","MMEB9_E2",0,0,3.7e-24,0,1
"regulation of ncRNA transcription","MMEB9_E2",0,0,3.7e-24,0,1
"mesenchymal cell differentiation","MMEB9_E2",3,7,3.7e-24,-1,0.0839
"protein-DNA complex subunit organization","MMEB9_E2",1,6,3.7e-24,-1.8073549220576,0.0151
"response to fluid shear stress","MMEB9_E2",6,2,3.7e-24,1.22239242133645,0.1348
"collagen fibril organization","MMEB9_E2",3,2,3.7e-24,0.415037499278844,0.7283
"roof of mouth development","MMEB9_E2",1,2,3.7e-24,-0.584962500721156,0.5298
"regulation of protein dephosphorylation","MMEB9_E2",3,3,3.7e-24,0,1
"multicellular organism growth","MMEB9_E2",2,4,3.7e-24,-0.736965594166206,0.3226
"miRNA processing","MMEB9_E2",0,1,3.7e-24,-1,0.4263
"small molecule catabolic process","MMEB9_E2",3,10,3.7e-24,-1.4594316186373,0.0113
"regulation of G0 to G1 transition","MMEB9_E2",0,1,3.7e-24,-1,0.4166
"circadian regulation of gene expression","MMEB9_E2",0,2,3.7e-24,-1.58496250072116,0.1186
"regulation of translational fidelity","MMEB9_E2",1,0,3.7e-24,1,0.4839
"ubiquinone biosynthetic process","MMEB9_E2",1,0,3.7e-24,1,0.4274
"mitochondrial calcium ion transmembrane transport","MMEB9_E2",0,0,3.7e-24,0,1
"quinone biosynthetic process","MMEB9_E2",0,0,3.7e-24,0,1
"viral release from host cell","MMEB9_E2",0,1,3.7e-24,-1,0.4264
"exit from host cell","MMEB9_E2",0,1,3.7e-24,-1,0.5148
"positive regulation of GTPase activity","MMEB9_E2",4,7,3.7e-24,-0.678071905112638,0.2453
"regulation of cytokinesis","MMEB9_E2",1,3,3.7e-24,-1,0.2071
"mitochondrion localization","MMEB9_E2",4,2,3.7e-24,0.736965594166206,0.2935
"renal system development","MMEB9_E2",9,9,3.7e-24,0,1
"regulation of cysteine-type endopeptidase activity involved in apoptotic process","MMEB9_E2",2,6,3.7e-24,-1.22239242133645,0.0417
"regulation of cell-substrate adhesion","MMEB9_E2",4,6,3.7e-24,-0.485426827170242,0.4412
"centrosome localization","MMEB9_E2",0,1,3.7e-24,-1,0.4444
"microtubule organizing center localization","MMEB9_E2",0,1,3.7e-24,-1,0.4195
"pinocytosis","MMEB9_E2",0,0,3.7e-24,0,1
"lamellipodium assembly","MMEB9_E2",2,2,3.7e-24,0,1
"cellular response to sterol depletion","MMEB9_E2",2,0,3.7e-24,1.58496250072116,0.1512
"placenta development","MMEB9_E2",3,4,3.7e-24,-0.321928094887362,0.6357
"rhythmic process","MMEB9_E2",6,7,3.7e-24,-0.192645077942396,0.7159
"spindle localization","MMEB9_E2",0,1,3.7e-24,-1,0.4152
"carbohydrate derivative catabolic process","MMEB9_E2",9,5,3.7e-24,0.736965594166206,0.1937
"response to amino acid","MMEB9_E2",1,4,3.7e-24,-1.32192809488736,0.1142
"regulation of intracellular steroid hormone receptor signaling pathway","MMEB9_E2",2,2,3.7e-24,0,1
"regulation of neuron death","MMEB9_E2",10,8,3.7e-24,0.289506617194985,0.5966
"ossification","MMEB9_E2",11,11,3.7e-24,0,1
"mammary gland epithelial cell proliferation","MMEB9_E2",1,0,3.7e-24,1,0.4914
"ribosomal subunit export from nucleus","MMEB9_E2",1,1,3.7e-24,0,1
"ribosome localization","MMEB9_E2",0,0,3.7e-24,0,1
"protein transport to vacuole involved in ubiquitin-dependent protein catabolic process via the multivesicular body sorting pathway","MMEB9_E2",0,1,3.7e-24,-1,0.4921
"seminiferous tubule development","MMEB9_E2",0,0,3.7e-24,0,1
"cellular response to acid chemical","MMEB9_E2",1,3,3.7e-24,-1,0.234
"positive regulation of kinase activity","MMEB9_E2",9,10,3.7e-24,-0.137503523749935,0.7573
"positive regulation by host of viral process","MMEB9_E2",0,0,3.7e-24,0,1
"mitochondrion morphogenesis","MMEB9_E2",1,0,3.7e-24,1,0.4858
"regulation of establishment of cell polarity","MMEB9_E2",1,0,3.7e-24,1,0.4293
"cellular lipid catabolic process","MMEB9_E2",2,6,3.7e-24,-1.22239242133645,0.0465
"neuron apoptotic process","MMEB9_E2",2,7,3.7e-24,-1.41503749927884,0.0364
"inner cell mass cell proliferation","MMEB9_E2",0,0,3.7e-24,0,1
"polyamine biosynthetic process","MMEB9_E2",1,0,3.7e-24,1,0.426
"folic acid metabolic process","MMEB9_E2",0,1,3.7e-24,-1,0.5229
"organelle inheritance","MMEB9_E2",1,1,3.7e-24,0,1
"polyol metabolic process","MMEB9_E2",4,4,3.7e-24,0,1
"regulation of type I interferon-mediated signaling pathway","MMEB9_E2",0,1,3.7e-24,-1,0.4184
"intracellular lipid transport","MMEB9_E2",0,1,3.7e-24,-1,0.4044
"fat cell differentiation","MMEB9_E2",7,7,3.7e-24,0,1
"iron ion homeostasis","MMEB9_E2",1,2,3.7e-24,-0.584962500721156,0.5398
"negative regulation of cell projection organization","MMEB9_E2",3,5,3.7e-24,-0.584962500721156,0.3027
"dicarboxylic acid metabolic process","MMEB9_E2",3,2,3.7e-24,0.415037499278844,0.7395
"regulation of anatomical structure size","MMEB9_E2",5,12,3.7e-24,-1.11547721741994,0.015
"regulation of small molecule metabolic process","MMEB9_E2",3,7,3.7e-24,-1,0.0784
"pentose-phosphate shunt","MMEB9_E2",0,1,3.7e-24,-1,0.5031
"pericardium development","MMEB9_E2",1,1,3.7e-24,0,1
"lysosomal protein catabolic process","MMEB9_E2",0,1,3.7e-24,-1,0.5062
"carbohydrate derivative transport","MMEB9_E2",1,3,3.7e-24,-1,0.268
"alcohol biosynthetic process","MMEB9_E2",2,3,3.7e-24,-0.415037499278844,0.6036
"regulation of membrane permeability","MMEB9_E2",0,2,3.7e-24,-1.58496250072116,0.1108
"signal peptide processing","MMEB9_E2",1,0,3.7e-24,1,0.3194
"UV-damage excision repair","MMEB9_E2",0,0,3.7e-24,0,1
"biological process involved in interaction with host","MMEB9_E2",5,5,3.7e-24,0,1
"body morphogenesis","MMEB9_E2",2,1,3.7e-24,0.584962500721156,0.6477
"extracellular vesicle biogenesis","MMEB9_E2",1,1,3.7e-24,0,1
"negative regulation of defense response to virus","MMEB9_E2",0,1,3.7e-24,-1,0.4276
"aminoglycan biosynthetic process","MMEB9_E2",0,1,3.7e-24,-1,0.4195
"sterol biosynthetic process","MMEB9_E2",1,2,3.7e-24,-0.584962500721156,0.5607
"polyamine metabolic process","MMEB9_E2",0,1,3.7e-24,-1,0.4394
"magnesium ion transport","MMEB9_E2",2,0,3.7e-24,1.58496250072116,0.0847
"lamellipodium morphogenesis","MMEB9_E2",1,0,3.7e-24,1,0.4692
"positive regulation of neuron migration","MMEB9_E2",0,0,3.7e-24,0,1
"regulation of glucose metabolic process","MMEB9_E2",3,2,3.7e-24,0.415037499278844,0.7565
"monosaccharide biosynthetic process","MMEB9_E2",2,2,3.7e-24,0,1
"response to acid chemical","MMEB9_E2",0,3,3.7e-24,-2,0.0615
"regulation of carbohydrate metabolic process","MMEB9_E2",5,4,3.7e-24,0.263034405833794,0.8058
"positive regulation of nervous system development","MMEB9_E2",2,6,3.7e-24,-1.22239242133645,0.0407
"regulation of circadian rhythm","MMEB9_E2",1,3,3.7e-24,-1,0.2044
"trabecula morphogenesis","MMEB9_E2",5,2,3.7e-24,1,0.1827
"pigment accumulation","MMEB9_E2",1,0,3.7e-24,1,0.1478
"cellular pigment accumulation","MMEB9_E2",1,0,3.7e-24,1,0.2031
"regulation of pinocytosis","MMEB9_E2",0,0,3.7e-24,0,1
"regulation of ligase activity","MMEB9_E2",1,0,3.7e-24,1,0.2665
"smoothened signaling pathway involved in dorsal/ventral neural tube patterning","MMEB9_E2",0,0,3.7e-24,0,1
"glycosyl compound metabolic process","MMEB9_E2",4,2,3.7e-24,0.736965594166206,0.2762
"substantia nigra development","MMEB9_E2",0,1,3.7e-24,-1,0.4124
"negative regulation of GTPase activity","MMEB9_E2",2,1,3.7e-24,0.584962500721156,0.6286
"axon extension","MMEB9_E2",4,3,3.7e-24,0.321928094887362,0.7811
"positive regulation of epithelial to mesenchymal transition","MMEB9_E2",0,1,3.7e-24,-1,0.4193
"one-carbon metabolic process","MMEB9_E2",0,0,3.7e-24,0,1
"NADPH regeneration","MMEB9_E2",0,0,3.7e-24,0,1
"cellular response to dsRNA","MMEB9_E2",0,1,3.7e-24,-1,0.5158
"neuron projection organization","MMEB9_E2",3,2,3.7e-24,0.415037499278844,0.735
"postsynapse organization","MMEB9_E2",5,4,3.7e-24,0.263034405833794,0.8065
"regulation of ketone biosynthetic process","MMEB9_E2",1,1,3.7e-24,0,1
"mitochondrion distribution","MMEB9_E2",1,0,3.7e-24,1,0.3703
"regulation of autophagosome maturation","MMEB9_E2",1,0,3.7e-24,1,0.3667
"magnesium ion transmembrane transport","MMEB9_E2",1,0,3.7e-24,1,0.4508
"regulation of cell division","MMEB9_E2",3,5,3.7e-24,-0.584962500721156,0.3469
"intermembrane lipid transfer","MMEB9_E2",1,1,3.7e-24,0,1
"organophosphate ester transport","MMEB9_E2",3,4,3.7e-24,-0.321928094887362,0.6523
"movement in host","MMEB9_E2",6,5,3.7e-24,0.222392421336448,0.8158
"extracellular matrix assembly","MMEB9_E2",1,1,3.7e-24,0,1
"cellular metabolic compound salvage","MMEB9_E2",1,1,3.7e-24,0,1
"regulation of ATP-dependent activity","MMEB9_E2",2,1,3.7e-24,0.584962500721156,0.6898
"cell migration involved in heart development","MMEB9_E2",1,1,3.7e-24,0,1
"cellular response to fluid shear stress","MMEB9_E2",0,0,3.7e-24,0,1
"sphingomyelin biosynthetic process","MMEB9_E2",0,0,3.7e-24,0,1
"ether lipid biosynthetic process","MMEB9_E2",1,0,3.7e-24,1,0.2708
"embryonic body morphogenesis","MMEB9_E2",0,0,3.7e-24,0,1
"amino sugar biosynthetic process","MMEB9_E2",0,0,3.7e-24,0,1
"glycerol ether biosynthetic process","MMEB9_E2",0,0,3.7e-24,0,1
"pigmentation","MMEB9_E2",1,3,3.7e-24,-1,0.2314
"cellular response to ketone","MMEB9_E2",3,3,3.7e-24,0,1
"nonribosomal peptide biosynthetic process","MMEB9_E2",2,1,3.7e-24,0.584962500721156,0.6457
"glial cell apoptotic process","MMEB9_E2",1,1,3.7e-24,0,1
"lipoprotein catabolic process","MMEB9_E2",0,0,3.7e-24,0,1
"suppression of viral release by host","MMEB9_E2",1,0,3.7e-24,1,0.4945
"chaperone-mediated autophagy","MMEB9_E2",0,0,3.7e-24,0,1
"regulation of steroid hormone biosynthetic process","MMEB9_E2",0,0,3.7e-24,0,1
"synaptic vesicle lumen acidification","MMEB9_E2",2,0,3.7e-24,1.58496250072116,0.142
"semaphorin-plexin signaling pathway involved in neuron projection guidance","MMEB9_E2",0,0,3.7e-24,0,1
"regulation of Golgi organization","MMEB9_E2",0,0,3.7e-24,0,1
"Schwann cell differentiation","MMEB9_E2",3,1,3.7e-24,1,0.4176
"neurotrophin signaling pathway","MMEB9_E2",1,1,3.7e-24,0,1
"regulation of microtubule depolymerization","MMEB9_E2",2,1,3.7e-24,0.584962500721156,0.6381
"basement membrane organization","MMEB9_E2",0,1,3.7e-24,-1,0.5061
"establishment or maintenance of epithelial cell apical/basal polarity","MMEB9_E2",1,1,3.7e-24,0,1
"face development","MMEB9_E2",1,1,3.7e-24,0,1
"osteoblast differentiation","MMEB9_E2",4,6,3.7e-24,-0.485426827170242,0.4308
"appendage development","MMEB9_E2",4,5,3.7e-24,-0.263034405833794,0.6817
"limb development","MMEB9_E2",1,5,3.7e-24,-1.58496250072116,0.0483
"regulation of ATP metabolic process","MMEB9_E2",0,2,3.7e-24,-1.58496250072116,0.1412
"developmental growth involved in morphogenesis","MMEB9_E2",3,5,3.7e-24,-0.584962500721156,0.3419
"embryonic organ development","MMEB9_E2",10,12,3.7e-24,-0.241008099503795,0.5747
"negative regulation of growth","MMEB9_E2",2,7,3.7e-24,-1.41503749927884,0.0214
"microtubule depolymerization","MMEB9_E2",1,1,3.7e-24,0,1
"heme metabolic process","MMEB9_E2",0,1,3.7e-24,-1,0.5021
"regulation of neuron apoptotic process","MMEB9_E2",4,6,3.7e-24,-0.485426827170242,0.4301
"plasma membrane tubulation","MMEB9_E2",1,1,3.7e-24,0,1
"exosomal secretion","MMEB9_E2",1,0,3.7e-24,1,0.3699
"vasculogenesis","MMEB9_E2",3,2,3.7e-24,0.415037499278844,0.7319
"toxin transport","MMEB9_E2",2,1,3.7e-24,0.584962500721156,0.6801
"ncRNA processing","MMEB9_E3",12,18,3.7e-24,-0.547487795302493,0.1169
"ribosome biogenesis","MMEB9_E3",6,14,3.7e-24,-1.09953567355091,0.016
"rRNA metabolic process","MMEB9_E3",17,11,3.7e-24,0.584962500721156,0.1896
"proteasome-mediated ubiquitin-dependent protein catabolic process","MMEB9_E3",15,19,3.7e-24,-0.321928094887362,0.3639
"regulation of response to DNA damage stimulus","MMEB9_E3",15,14,3.7e-24,0.0931094043914815,0.8946
"establishment of protein localization to organelle","MMEB9_E3",10,18,3.7e-24,-0.788495894806288,0.0307
"macroautophagy","MMEB9_E3",11,16,3.7e-24,-0.502500340529183,0.1706
"regulation of chromosome organization","MMEB9_E3",9,11,3.7e-24,-0.263034405833794,0.5675
"Golgi vesicle transport","MMEB9_E3",15,13,3.7e-24,0.192645077942396,0.6771
"double-strand break repair","MMEB9_E3",15,13,3.7e-24,0.192645077942396,0.675
"histone modification","MMEB9_E3",17,19,3.7e-24,-0.15200309344505,0.644
"sister chromatid segregation","MMEB9_E3",7,11,3.7e-24,-0.584962500721156,0.1657
"DNA replication","MMEB9_E3",13,12,3.7e-24,0.106915203916512,0.8831
"chromosome segregation","MMEB9_E3",10,17,3.7e-24,-0.710493382805015,0.0555
"mitochondrial gene expression","MMEB9_E3",5,7,3.7e-24,-0.415037499278844,0.4816
"nucleocytoplasmic transport","MMEB9_E3",7,15,3.7e-24,-1,0.0162
"nuclear transport","MMEB9_E3",14,13,3.7e-24,0.0995356735509144,0.89
"regulation of DNA repair","MMEB9_E3",5,9,3.7e-24,-0.736965594166206,0.1244
"peptidyl-lysine modification","MMEB9_E3",10,14,3.7e-24,-0.447458976971221,0.2485
"protein targeting","MMEB9_E3",15,14,3.7e-24,0.0931094043914815,0.8992
"cytoplasmic translation","MMEB9_E3",6,6,3.7e-24,0,1
"regulation of autophagy","MMEB9_E3",7,13,3.7e-24,-0.807354922057604,0.0482
"signal transduction in response to DNA damage","MMEB9_E3",5,7,3.7e-24,-0.415037499278844,0.4625
"regulation of intracellular transport","MMEB9_E3",12,14,3.7e-24,-0.206450877467426,0.611
"protein localization to nucleus","MMEB9_E3",11,12,3.7e-24,-0.115477217419936,0.7777
"microtubule cytoskeleton organization involved in mitosis","MMEB9_E3",2,8,3.7e-24,-1.58496250072116,0.0145
"telomere maintenance","MMEB9_E3",8,6,3.7e-24,0.362570079384708,0.5376
"cell cycle checkpoint signaling","MMEB9_E3",6,9,3.7e-24,-0.514573172829758,0.2712
"regulation of protein modification by small protein conjugation or removal","MMEB9_E3",9,10,3.7e-24,-0.137503523749935,0.7526
"cellular respiration","MMEB9_E3",14,10,3.7e-24,0.447458976971221,0.3519
"cellular component disassembly","MMEB9_E3",9,19,3.7e-24,-1,0.0086
"nuclear chromosome segregation","MMEB9_E3",10,14,3.7e-24,-0.447458976971221,0.2515
"regulation of protein stability","MMEB9_E3",7,14,3.7e-24,-0.906890595608518,0.0375
"regulation of cell cycle phase transition","MMEB9_E3",11,19,3.7e-24,-0.736965594166206,0.0384
"regulation of protein catabolic process","MMEB9_E3",12,14,3.7e-24,-0.206450877467426,0.6018
"response to endoplasmic reticulum stress","MMEB9_E3",6,11,3.7e-24,-0.777607578663552,0.0824
"vesicle organization","MMEB9_E3",7,15,3.7e-24,-1,0.0232
"mitochondrial respiratory chain complex assembly","MMEB9_E3",3,4,3.7e-24,-0.321928094887362,0.6445
"DNA-templated transcription elongation","MMEB9_E3",1,6,3.7e-24,-1.8073549220576,0.019
"mitochondrial transport","MMEB9_E3",3,7,3.7e-24,-1,0.0685
"establishment of organelle localization","MMEB9_E3",18,18,3.7e-24,0,1
"regulation of intracellular protein transport","MMEB9_E3",4,9,3.7e-24,-1,0.0477
"response to UV","MMEB9_E3",6,6,3.7e-24,0,1
"RNA localization","MMEB9_E3",7,8,3.7e-24,-0.169925001442312,0.7366
"response to topologically incorrect protein","MMEB9_E3",5,7,3.7e-24,-0.415037499278844,0.4783
"organelle fission","MMEB9_E3",21,18,3.7e-24,0.211504105193712,0.5551
"non-membrane-bounded organelle assembly","MMEB9_E3",12,16,3.7e-24,-0.387023123109247,0.291
"protein polyubiquitination","MMEB9_E3",3,9,3.7e-24,-1.32192809488736,0.0132
"methylation","MMEB9_E3",14,14,3.7e-24,0,1
"phospholipid biosynthetic process","MMEB9_E3",8,11,3.7e-24,-0.415037499278844,0.3319
"oxidative phosphorylation","MMEB9_E3",6,6,3.7e-24,0,1
"establishment of protein localization to membrane","MMEB9_E3",8,10,3.7e-24,-0.289506617194985,0.5444
"in utero embryonic development","MMEB9_E3",6,15,3.7e-24,-1.1926450779424,0.0074
"vacuole organization","MMEB9_E3",1,8,3.7e-24,-2.16992500144231,0.0028
"nuclear-transcribed mRNA catabolic process","MMEB9_E3",5,6,3.7e-24,-0.222392421336448,0.7196
"protein folding","MMEB9_E3",8,8,3.7e-24,0,1
"DNA conformation change","MMEB9_E3",4,5,3.7e-24,-0.263034405833794,0.6915
"regulation of chromosome segregation","MMEB9_E3",3,5,3.7e-24,-0.584962500721156,0.3137
"regulation of apoptotic signaling pathway","MMEB9_E3",8,13,3.7e-24,-0.637429920615292,0.124
"cell cycle G2/M phase transition","MMEB9_E3",1,6,3.7e-24,-1.8073549220576,0.0128
"vacuolar transport","MMEB9_E3",4,6,3.7e-24,-0.485426827170242,0.4319
"response to ionizing radiation","MMEB9_E3",6,7,3.7e-24,-0.192645077942396,0.7321
"cellular response to UV","MMEB9_E3",2,4,3.7e-24,-0.736965594166206,0.2864
"regulation of binding","MMEB9_E3",7,13,3.7e-24,-0.807354922057604,0.0536
"nucleic acid transport","MMEB9_E3",4,7,3.7e-24,-0.678071905112638,0.2353
"RNA transport","MMEB9_E3",7,6,3.7e-24,0.192645077942396,0.8404
"ribonucleoprotein complex subunit organization","MMEB9_E3",7,9,3.7e-24,-0.321928094887362,0.5245
"regulation of DNA replication","MMEB9_E3",2,6,3.7e-24,-1.22239242133645,0.0699
"ribose phosphate metabolic process","MMEB9_E3",15,17,3.7e-24,-0.169925001442312,0.6395
"proton motive force-driven ATP synthesis","MMEB9_E3",2,3,3.7e-24,-0.415037499278844,0.5966
"ribonucleotide metabolic process","MMEB9_E3",12,15,3.7e-24,-0.299560281858908,0.4453
"telomere organization","MMEB9_E3",5,7,3.7e-24,-0.415037499278844,0.4571
"cellular response to topologically incorrect protein","MMEB9_E3",4,5,3.7e-24,-0.263034405833794,0.6778
"Golgi organization","MMEB9_E3",1,5,3.7e-24,-1.58496250072116,0.0249
"ribonucleoprotein complex assembly","MMEB9_E3",4,9,3.7e-24,-1,0.0582
"cellular nitrogen compound catabolic process","MMEB9_E3",14,18,3.7e-24,-0.341036917835067,0.3103
"negative regulation of phosphorus metabolic process","MMEB9_E3",10,16,3.7e-24,-0.628031222613042,0.0878
"heterocycle catabolic process","MMEB9_E3",18,17,3.7e-24,0.0780025120012732,0.9039
"mitochondrial membrane organization","MMEB9_E3",1,4,3.7e-24,-1.32192809488736,0.0676
"regulation of protein-containing complex assembly","MMEB9_E3",14,15,3.7e-24,-0.0931094043914815,0.8092
"positive regulation of cellular component biogenesis","MMEB9_E3",15,17,3.7e-24,-0.169925001442312,0.6325
"response to oxidative stress","MMEB9_E3",13,17,3.7e-24,-0.362570079384708,0.3028
"regulation of supramolecular fiber organization","MMEB9_E3",8,12,3.7e-24,-0.53051471669878,0.2105
"positive regulation of protein localization","MMEB9_E3",12,16,3.7e-24,-0.387023123109247,0.2758
"positive regulation of cell projection organization","MMEB9_E3",8,12,3.7e-24,-0.53051471669878,0.224
"negative regulation of transferase activity","MMEB9_E3",12,10,3.7e-24,0.241008099503795,0.6413
"autophagy of mitochondrion","MMEB9_E3",4,4,3.7e-24,0,1
"positive regulation of amide metabolic process","MMEB9_E3",2,7,3.7e-24,-1.41503749927884,0.0277
"chromatin remodeling","MMEB9_E3",9,13,3.7e-24,-0.485426827170242,0.2289
"viral process","MMEB9_E3",17,15,3.7e-24,0.169925001442312,0.6894
"macromolecule deacylation","MMEB9_E3",8,6,3.7e-24,0.362570079384708,0.5414
"mitotic cytokinesis","MMEB9_E3",3,3,3.7e-24,0,1
"aromatic compound catabolic process","MMEB9_E3",11,18,3.7e-24,-0.662965012722429,0.0588
"vesicle localization","MMEB9_E3",4,7,3.7e-24,-0.678071905112638,0.2211
"establishment or maintenance of cell polarity","MMEB9_E3",6,9,3.7e-24,-0.514573172829758,0.291
"Wnt signaling pathway","MMEB9_E3",10,17,3.7e-24,-0.710493382805015,0.0501
"cell-cell signaling by wnt","MMEB9_E3",13,15,3.7e-24,-0.192645077942396,0.6098
"ATP metabolic process","MMEB9_E3",5,8,3.7e-24,-0.584962500721156,0.2433
"cellular response to chemical stress","MMEB9_E3",11,12,3.7e-24,-0.115477217419936,0.7822
"regulation of vacuole organization","MMEB9_E3",0,2,3.7e-24,-1.58496250072116,0.0937
"cellular response to external stimulus","MMEB9_E3",9,12,3.7e-24,-0.37851162325373,0.4021
"negative regulation of protein phosphorylation","MMEB9_E3",12,13,3.7e-24,-0.106915203916512,0.7894
"negative regulation of catabolic process","MMEB9_E3",17,12,3.7e-24,0.46948528330122,0.2587
"regulation of microtubule cytoskeleton organization","MMEB9_E3",3,6,3.7e-24,-0.807354922057604,0.1766
"chromosome localization","MMEB9_E3",3,4,3.7e-24,-0.321928094887362,0.6418
"negative regulation of mitotic nuclear division","MMEB9_E3",4,2,3.7e-24,0.736965594166206,0.3298
"regulation of actin filament organization","MMEB9_E3",8,9,3.7e-24,-0.15200309344505,0.7552
"dephosphorylation","MMEB9_E3",12,11,3.7e-24,0.115477217419936,0.887
"glycosylation","MMEB9_E3",11,9,3.7e-24,0.263034405833794,0.6339
"positive regulation of establishment of protein localization","MMEB9_E3",11,12,3.7e-24,-0.115477217419936,0.7811
"regulation of microtubule-based process","MMEB9_E3",12,8,3.7e-24,0.53051471669878,0.2987
"cell-substrate junction organization","MMEB9_E3",2,4,3.7e-24,-0.736965594166206,0.2906
"protein-containing complex localization","MMEB9_E3",4,7,3.7e-24,-0.678071905112638,0.2289
"mitochondrial transmembrane transport","MMEB9_E3",4,3,3.7e-24,0.321928094887362,0.7868
"stem cell population maintenance","MMEB9_E3",3,7,3.7e-24,-1,0.0955
"ribosome assembly","MMEB9_E3",1,2,3.7e-24,-0.584962500721156,0.5261
"intraciliary transport","MMEB9_E3",3,2,3.7e-24,0.415037499278844,0.7357
"Golgi to plasma membrane protein transport","MMEB9_E3",1,2,3.7e-24,-0.584962500721156,0.5851
"response to amino acid starvation","MMEB9_E3",2,2,3.7e-24,0,1
"cellular response to extracellular stimulus","MMEB9_E3",4,10,3.7e-24,-1.13750352374993,0.0237
"cell growth","MMEB9_E3",15,17,3.7e-24,-0.169925001442312,0.6276
"protein glycosylation","MMEB9_E3",7,8,3.7e-24,-0.169925001442312,0.7275
"macromolecule glycosylation","MMEB9_E3",12,9,3.7e-24,0.37851162325373,0.4073
"maintenance of cell number","MMEB9_E3",6,6,3.7e-24,0,1
"response to reactive oxygen species","MMEB9_E3",5,7,3.7e-24,-0.415037499278844,0.4621
"regulation of cell morphogenesis","MMEB9_E3",2,8,3.7e-24,-1.58496250072116,0.0075
"regulation of cellular component size","MMEB9_E3",5,11,3.7e-24,-1,0.0322
"cell-substrate junction assembly","MMEB9_E3",5,3,3.7e-24,0.584962500721156,0.4261
"membrane fission","MMEB9_E3",1,2,3.7e-24,-0.584962500721156,0.5511
"membrane docking","MMEB9_E3",4,3,3.7e-24,0.321928094887362,0.7718
"fibroblast migration","MMEB9_E3",3,2,3.7e-24,0.415037499278844,0.7394
"nucleus organization","MMEB9_E3",1,5,3.7e-24,-1.58496250072116,0.0466
"regulation of cell growth","MMEB9_E3",9,14,3.7e-24,-0.584962500721156,0.132
"fibroblast proliferation","MMEB9_E3",4,5,3.7e-24,-0.263034405833794,0.6899
"cell cycle G1/S phase transition","MMEB9_E3",8,11,3.7e-24,-0.415037499278844,0.329
"actin filament organization","MMEB9_E3",12,15,3.7e-24,-0.299560281858908,0.447
"response to oxygen levels","MMEB9_E3",7,12,3.7e-24,-0.700439718141092,0.1091
"epigenetic regulation of gene expression","MMEB9_E3",5,6,3.7e-24,-0.222392421336448,0.7005
"organelle fusion","MMEB9_E3",1,5,3.7e-24,-1.58496250072116,0.0472
"lipoprotein metabolic process","MMEB9_E3",6,6,3.7e-24,0,1
"protein lipidation","MMEB9_E3",4,4,3.7e-24,0,1
"regulation of plasma membrane bounded cell projection assembly","MMEB9_E3",10,6,3.7e-24,0.652076696579693,0.2332
"regulation of actin filament-based process","MMEB9_E3",8,12,3.7e-24,-0.53051471669878,0.2161
"regulation of GTPase activity","MMEB9_E3",12,11,3.7e-24,0.115477217419936,0.8806
"nuclear envelope organization","MMEB9_E3",5,2,3.7e-24,1,0.2005
"protein autophosphorylation","MMEB9_E3",5,8,3.7e-24,-0.584962500721156,0.2519
"connective tissue development","MMEB9_E3",9,9,3.7e-24,0,1
"cellular response to heat","MMEB9_E3",0,2,3.7e-24,-1.58496250072116,0.105
"myeloid cell homeostasis","MMEB9_E3",4,6,3.7e-24,-0.485426827170242,0.4346
"regulation of neuron projection development","MMEB9_E3",10,15,3.7e-24,-0.540568381362703,0.1399
"receptor metabolic process","MMEB9_E3",4,3,3.7e-24,0.321928094887362,0.7833
"maintenance of protein location in cell","MMEB9_E3",2,3,3.7e-24,-0.415037499278844,0.6082
"apoptotic mitochondrial changes","MMEB9_E3",3,4,3.7e-24,-0.321928094887362,0.6641
"response to transforming growth factor beta","MMEB9_E3",8,10,3.7e-24,-0.289506617194985,0.535
"neural tube development","MMEB9_E3",6,6,3.7e-24,0,1
"maintenance of protein location","MMEB9_E3",3,3,3.7e-24,0,1
"regulation of ubiquitin-protein transferase activity","MMEB9_E3",3,2,3.7e-24,0.415037499278844,0.7341
"cilium assembly","MMEB9_E3",9,11,3.7e-24,-0.263034405833794,0.5641
"mRNA export from nucleus","MMEB9_E3",3,3,3.7e-24,0,1
"regulation of cell-substrate junction organization","MMEB9_E3",1,3,3.7e-24,-1,0.2719
"membrane biogenesis","MMEB9_E3",3,2,3.7e-24,0.415037499278844,0.7437
"cilium organization","MMEB9_E3",14,13,3.7e-24,0.0995356735509144,0.8862
"platelet-derived growth factor receptor signaling pathway","MMEB9_E3",0,2,3.7e-24,-1.58496250072116,0.111
"iron-sulfur cluster assembly","MMEB9_E3",0,1,3.7e-24,-1,0.4112
"metallo-sulfur cluster assembly","MMEB9_E3",0,1,3.7e-24,-1,0.521
"centromere complex assembly","MMEB9_E3",0,1,3.7e-24,-1,0.4199
"cellular response to oxygen levels","MMEB9_E3",6,6,3.7e-24,0,1
"fatty acid beta-oxidation","MMEB9_E3",1,3,3.7e-24,-1,0.251
"organelle localization by membrane tethering","MMEB9_E3",3,3,3.7e-24,0,1
"autophagosome maturation","MMEB9_E3",3,2,3.7e-24,0.415037499278844,0.7291
"cellular response to transforming growth factor beta stimulus","MMEB9_E3",4,10,3.7e-24,-1.13750352374993,0.0272
"nucleotide catabolic process","MMEB9_E3",1,3,3.7e-24,-1,0.2082
"tube closure","MMEB9_E3",3,5,3.7e-24,-0.584962500721156,0.3615
"regulation of stem cell differentiation","MMEB9_E3",2,2,3.7e-24,0,1
"substrate adhesion-dependent cell spreading","MMEB9_E3",0,3,3.7e-24,-2,0.0353
"chondrocyte differentiation","MMEB9_E3",6,4,3.7e-24,0.485426827170242,0.4759
"regulation of fibroblast proliferation","MMEB9_E3",2,3,3.7e-24,-0.415037499278844,0.5993
"morphogenesis of an epithelial sheet","MMEB9_E3",2,3,3.7e-24,-0.415037499278844,0.6188
"microtubule polymerization","MMEB9_E3",6,3,3.7e-24,0.807354922057604,0.2756
"response to virus","MMEB9_E3",10,13,3.7e-24,-0.347923303420307,0.423
"membrane assembly","MMEB9_E3",1,2,3.7e-24,-0.584962500721156,0.5315
"COPII vesicle coating","MMEB9_E3",1,1,3.7e-24,0,1
"erythrocyte differentiation","MMEB9_E3",2,4,3.7e-24,-0.736965594166206,0.2605
"organophosphate catabolic process","MMEB9_E3",7,6,3.7e-24,0.192645077942396,0.8409
"regulation of embryonic development","MMEB9_E3",2,4,3.7e-24,-0.736965594166206,0.3129
"regulation of focal adhesion assembly","MMEB9_E3",2,2,3.7e-24,0,1
"regulation of cell-substrate junction assembly","MMEB9_E3",4,2,3.7e-24,0.736965594166206,0.2919
"regulation of extracellular matrix organization","MMEB9_E3",2,2,3.7e-24,0,1
"GPI anchor biosynthetic process","MMEB9_E3",0,1,3.7e-24,-1,0.4476
"lamellipodium organization","MMEB9_E3",3,4,3.7e-24,-0.321928094887362,0.6622
"positive regulation of stem cell population maintenance","MMEB9_E3",1,1,3.7e-24,0,1
"monosaccharide metabolic process","MMEB9_E3",5,9,3.7e-24,-0.736965594166206,0.1399
"U2-type prespliceosome assembly","MMEB9_E3",0,1,3.7e-24,-1,0.4162
"heterochromatin formation","MMEB9_E3",2,4,3.7e-24,-0.736965594166206,0.3208
"peroxisome organization","MMEB9_E3",0,1,3.7e-24,-1,0.4073
"regulation of mitochondrial fission","MMEB9_E3",1,1,3.7e-24,0,1
"cellular pigmentation","MMEB9_E3",5,3,3.7e-24,0.584962500721156,0.3908
"regulation of fibroblast migration","MMEB9_E3",0,1,3.7e-24,-1,0.4106
"cellular carbohydrate metabolic process","MMEB9_E3",3,10,3.7e-24,-1.4594316186373,0.0118
"positive regulation of axonogenesis","MMEB9_E3",7,3,3.7e-24,1,0.2507
"kinetochore organization","MMEB9_E3",1,1,3.7e-24,0,1
"stem cell differentiation","MMEB9_E3",7,8,3.7e-24,-0.169925001442312,0.7331
"proton transmembrane transport","MMEB9_E3",1,5,3.7e-24,-1.58496250072116,0.0516
"cellular response to insulin stimulus","MMEB9_E3",4,7,3.7e-24,-0.678071905112638,0.2097
"establishment of mitotic spindle localization","MMEB9_E3",1,1,3.7e-24,0,1
"cell redox homeostasis","MMEB9_E3",2,2,3.7e-24,0,1
"stress granule assembly","MMEB9_E3",3,1,3.7e-24,1,0.4361
"protein neddylation","MMEB9_E3",0,1,3.7e-24,-1,0.4306
"regulation of mitochondrial membrane potential","MMEB9_E3",4,2,3.7e-24,0.736965594166206,0.3141
"neuron death","MMEB9_E3",6,12,3.7e-24,-0.893084796083488,0.0428
"defense response to virus","MMEB9_E3",7,9,3.7e-24,-0.321928094887362,0.5085
"sulfur compound metabolic process","MMEB9_E3",4,10,3.7e-24,-1.13750352374993,0.0337
"NADP metabolic process","MMEB9_E3",1,1,3.7e-24,0,1
"vacuolar acidification","MMEB9_E3",2,1,3.7e-24,0.584962500721156,0.6687
"oligosaccharide-lipid intermediate biosynthetic process","MMEB9_E3",0,1,3.7e-24,-1,0.459
"lysosomal lumen acidification","MMEB9_E3",2,1,3.7e-24,0.584962500721156,0.6332
"glycosyl compound biosynthetic process","MMEB9_E3",1,1,3.7e-24,0,1
"heart valve development","MMEB9_E3",0,4,3.7e-24,-2.32192809488736,0.0172
"water-soluble vitamin metabolic process","MMEB9_E3",3,2,3.7e-24,0.415037499278844,0.7322
"interferon-beta production","MMEB9_E3",1,2,3.7e-24,-0.584962500721156,0.5497
"regulation of interferon-beta production","MMEB9_E3",0,2,3.7e-24,-1.58496250072116,0.0855
"branched-chain amino acid metabolic process","MMEB9_E3",1,1,3.7e-24,0,1
"regulation of mitochondrial membrane permeability","MMEB9_E3",1,3,3.7e-24,-1,0.2134
"respiratory tube development","MMEB9_E3",2,6,3.7e-24,-1.22239242133645,0.0581
"cellular senescence","MMEB9_E3",5,3,3.7e-24,0.584962500721156,0.3898
"positive regulation of neurogenesis","MMEB9_E3",9,8,3.7e-24,0.15200309344505,0.8621
"mitochondrial outer membrane permeabilization","MMEB9_E3",1,2,3.7e-24,-0.584962500721156,0.5849
"immune system development","MMEB9_E3",10,8,3.7e-24,0.289506617194985,0.5904
"clathrin-dependent endocytosis","MMEB9_E3",1,1,3.7e-24,0,1
"positive regulation of viral process","MMEB9_E3",2,2,3.7e-24,0,1
"bone development","MMEB9_E3",6,7,3.7e-24,-0.192645077942396,0.7267
"cell-substrate adhesion","MMEB9_E3",8,12,3.7e-24,-0.53051471669878,0.2188
"positive regulation of microtubule polymerization","MMEB9_E3",1,1,3.7e-24,0,1
"pteridine-containing compound metabolic process","MMEB9_E3",0,1,3.7e-24,-1,0.4189
"response to arsenic-containing substance","MMEB9_E3",1,1,3.7e-24,0,1
"response to insulin","MMEB9_E3",7,9,3.7e-24,-0.321928094887362,0.518
"ubiquinone metabolic process","MMEB9_E3",0,1,3.7e-24,-1,0.4899
"cellular response to arsenic-containing substance","MMEB9_E3",1,1,3.7e-24,0,1
"inositol phosphate catabolic process","MMEB9_E3",1,1,3.7e-24,0,1
"telomerase RNA localization to Cajal body","MMEB9_E3",2,1,3.7e-24,0.584962500721156,0.6564
"respiratory system development","MMEB9_E3",12,7,3.7e-24,0.700439718141092,0.136
"regulation of generation of precursor metabolites and energy","MMEB9_E3",2,4,3.7e-24,-0.736965594166206,0.2642
"mitochondrial calcium ion homeostasis","MMEB9_E3",1,1,3.7e-24,0,1
"G0 to G1 transition","MMEB9_E3",0,1,3.7e-24,-1,0.4133
"mitochondrial genome maintenance","MMEB9_E3",0,1,3.7e-24,-1,0.4208
"release of cytochrome c from mitochondria","MMEB9_E3",2,2,3.7e-24,0,1
"cortical cytoskeleton organization","MMEB9_E3",1,2,3.7e-24,-0.584962500721156,0.5537
"response to sterol depletion","MMEB9_E3",0,1,3.7e-24,-1,0.4826
"regulation of ncRNA transcription","MMEB9_E3",3,1,3.7e-24,1,0.424
"mesenchymal cell differentiation","MMEB9_E3",7,9,3.7e-24,-0.321928094887362,0.5107
"protein-DNA complex subunit organization","MMEB9_E3",5,8,3.7e-24,-0.584962500721156,0.2427
"response to fluid shear stress","MMEB9_E3",3,2,3.7e-24,0.415037499278844,0.732
"collagen fibril organization","MMEB9_E3",2,2,3.7e-24,0,1
"roof of mouth development","MMEB9_E3",1,3,3.7e-24,-1,0.233
"regulation of protein dephosphorylation","MMEB9_E3",5,4,3.7e-24,0.263034405833794,0.8024
"multicellular organism growth","MMEB9_E3",2,4,3.7e-24,-0.736965594166206,0.2588
"miRNA processing","MMEB9_E3",1,2,3.7e-24,-0.584962500721156,0.5381
"small molecule catabolic process","MMEB9_E3",5,13,3.7e-24,-1.22239242133645,0.009
"regulation of G0 to G1 transition","MMEB9_E3",2,2,3.7e-24,0,1
"circadian regulation of gene expression","MMEB9_E3",4,2,3.7e-24,0.736965594166206,0.2993
"regulation of translational fidelity","MMEB9_E3",0,0,3.7e-24,0,1
"ubiquinone biosynthetic process","MMEB9_E3",0,0,3.7e-24,0,1
"mitochondrial calcium ion transmembrane transport","MMEB9_E3",1,1,3.7e-24,0,1
"quinone biosynthetic process","MMEB9_E3",1,1,3.7e-24,0,1
"viral release from host cell","MMEB9_E3",2,1,3.7e-24,0.584962500721156,0.6716
"exit from host cell","MMEB9_E3",1,1,3.7e-24,0,1
"positive regulation of GTPase activity","MMEB9_E3",11,9,3.7e-24,0.263034405833794,0.6311
"regulation of cytokinesis","MMEB9_E3",1,4,3.7e-24,-1.32192809488736,0.111
"mitochondrion localization","MMEB9_E3",0,2,3.7e-24,-1.58496250072116,0.0997
"renal system development","MMEB9_E3",8,11,3.7e-24,-0.415037499278844,0.3212
"regulation of cysteine-type endopeptidase activity involved in apoptotic process","MMEB9_E3",9,7,3.7e-24,0.321928094887362,0.5749
"regulation of cell-substrate adhesion","MMEB9_E3",10,8,3.7e-24,0.289506617194985,0.6037
"centrosome localization","MMEB9_E3",0,2,3.7e-24,-1.58496250072116,0.1644
"microtubule organizing center localization","MMEB9_E3",2,1,3.7e-24,0.584962500721156,0.6848
"pinocytosis","MMEB9_E3",1,1,3.7e-24,0,1
"lamellipodium assembly","MMEB9_E3",1,3,3.7e-24,-1,0.2604
"cellular response to sterol depletion","MMEB9_E3",1,1,3.7e-24,0,1
"placenta development","MMEB9_E3",2,5,3.7e-24,-1,0.1137
"rhythmic process","MMEB9_E3",3,9,3.7e-24,-1.32192809488736,0.0158
"spindle localization","MMEB9_E3",0,2,3.7e-24,-1.58496250072116,0.0947
"carbohydrate derivative catabolic process","MMEB9_E3",5,5,3.7e-24,0,1
"response to amino acid","MMEB9_E3",4,4,3.7e-24,0,1
"regulation of intracellular steroid hormone receptor signaling pathway","MMEB9_E3",1,2,3.7e-24,-0.584962500721156,0.5418
"regulation of neuron death","MMEB9_E3",8,10,3.7e-24,-0.289506617194985,0.5412
"ossification","MMEB9_E3",9,14,3.7e-24,-0.584962500721156,0.1331
"mammary gland epithelial cell proliferation","MMEB9_E3",0,1,3.7e-24,-1,0.4601
"ribosomal subunit export from nucleus","MMEB9_E3",2,1,3.7e-24,0.584962500721156,0.6286
"ribosome localization","MMEB9_E3",1,0,3.7e-24,1,0.3159
"protein transport to vacuole involved in ubiquitin-dependent protein catabolic process via the multivesicular body sorting pathway","MMEB9_E3",1,1,3.7e-24,0,1
"seminiferous tubule development","MMEB9_E3",0,1,3.7e-24,-1,0.5111
"cellular response to acid chemical","MMEB9_E3",4,4,3.7e-24,0,1
"positive regulation of kinase activity","MMEB9_E3",14,13,3.7e-24,0.0995356735509144,0.8905
"positive regulation by host of viral process","MMEB9_E3",0,1,3.7e-24,-1,0.4846
"mitochondrion morphogenesis","MMEB9_E3",1,1,3.7e-24,0,1
"regulation of establishment of cell polarity","MMEB9_E3",1,1,3.7e-24,0,1
"cellular lipid catabolic process","MMEB9_E3",10,8,3.7e-24,0.289506617194985,0.596
"neuron apoptotic process","MMEB9_E3",7,9,3.7e-24,-0.321928094887362,0.5182
"inner cell mass cell proliferation","MMEB9_E3",0,0,3.7e-24,0,1
"polyamine biosynthetic process","MMEB9_E3",1,1,3.7e-24,0,1
"folic acid metabolic process","MMEB9_E3",0,1,3.7e-24,-1,0.4453
"organelle inheritance","MMEB9_E3",1,1,3.7e-24,0,1
"polyol metabolic process","MMEB9_E3",4,4,3.7e-24,0,1
"regulation of type I interferon-mediated signaling pathway","MMEB9_E3",3,2,3.7e-24,0.415037499278844,0.7403
"intracellular lipid transport","MMEB9_E3",2,2,3.7e-24,0,1
"fat cell differentiation","MMEB9_E3",3,8,3.7e-24,-1.16992500144231,0.0282
"iron ion homeostasis","MMEB9_E3",1,3,3.7e-24,-1,0.2439
"negative regulation of cell projection organization","MMEB9_E3",6,7,3.7e-24,-0.192645077942396,0.718
"dicarboxylic acid metabolic process","MMEB9_E3",3,3,3.7e-24,0,1
"regulation of anatomical structure size","MMEB9_E3",16,16,3.7e-24,0,1
"regulation of small molecule metabolic process","MMEB9_E3",13,11,3.7e-24,0.222392421336448,0.6503
"pentose-phosphate shunt","MMEB9_E3",0,1,3.7e-24,-1,0.5005
"pericardium development","MMEB9_E3",2,0,3.7e-24,1.58496250072116,0.1483
"lysosomal protein catabolic process","MMEB9_E3",1,1,3.7e-24,0,1
"carbohydrate derivative transport","MMEB9_E3",2,3,3.7e-24,-0.415037499278844,0.6122
"alcohol biosynthetic process","MMEB9_E3",3,5,3.7e-24,-0.584962500721156,0.3606
"regulation of membrane permeability","MMEB9_E3",1,3,3.7e-24,-1,0.2135
"signal peptide processing","MMEB9_E3",1,0,3.7e-24,1,0.4212
"UV-damage excision repair","MMEB9_E3",0,0,3.7e-24,0,1
"biological process involved in interaction with host","MMEB9_E3",5,6,3.7e-24,-0.222392421336448,0.6942
"body morphogenesis","MMEB9_E3",3,2,3.7e-24,0.415037499278844,0.7375
"extracellular vesicle biogenesis","MMEB9_E3",2,1,3.7e-24,0.584962500721156,0.63
"negative regulation of defense response to virus","MMEB9_E3",1,1,3.7e-24,0,1
"aminoglycan biosynthetic process","MMEB9_E3",4,2,3.7e-24,0.736965594166206,0.3193
"sterol biosynthetic process","MMEB9_E3",2,2,3.7e-24,0,1
"polyamine metabolic process","MMEB9_E3",0,0,3.7e-24,0,1
"magnesium ion transport","MMEB9_E3",0,0,3.7e-24,0,1
"lamellipodium morphogenesis","MMEB9_E3",1,0,3.7e-24,1,0.4888
"positive regulation of neuron migration","MMEB9_E3",1,0,3.7e-24,1,0.4414
"regulation of glucose metabolic process","MMEB9_E3",2,3,3.7e-24,-0.415037499278844,0.5958
"monosaccharide biosynthetic process","MMEB9_E3",2,3,3.7e-24,-0.415037499278844,0.6008
"response to acid chemical","MMEB9_E3",3,4,3.7e-24,-0.321928094887362,0.6433
"regulation of carbohydrate metabolic process","MMEB9_E3",6,6,3.7e-24,0,1
"positive regulation of nervous system development","MMEB9_E3",11,9,3.7e-24,0.263034405833794,0.6228
"regulation of circadian rhythm","MMEB9_E3",6,4,3.7e-24,0.485426827170242,0.4473
"trabecula morphogenesis","MMEB9_E3",0,2,3.7e-24,-1.58496250072116,0.1329
"pigment accumulation","MMEB9_E3",1,0,3.7e-24,1,0.3952
"cellular pigment accumulation","MMEB9_E3",1,0,3.7e-24,1,0.3908
"regulation of pinocytosis","MMEB9_E3",1,0,3.7e-24,1,0.4181
"regulation of ligase activity","MMEB9_E3",1,1,3.7e-24,0,1
"smoothened signaling pathway involved in dorsal/ventral neural tube patterning","MMEB9_E3",0,0,3.7e-24,0,1
"glycosyl compound metabolic process","MMEB9_E3",2,3,3.7e-24,-0.415037499278844,0.6147
"substantia nigra development","MMEB9_E3",3,2,3.7e-24,0.415037499278844,0.7303
"negative regulation of GTPase activity","MMEB9_E3",3,1,3.7e-24,1,0.4069
"axon extension","MMEB9_E3",5,4,3.7e-24,0.263034405833794,0.8078
"positive regulation of epithelial to mesenchymal transition","MMEB9_E3",2,1,3.7e-24,0.584962500721156,0.682
"one-carbon metabolic process","MMEB9_E3",0,1,3.7e-24,-1,0.516
"NADPH regeneration","MMEB9_E3",2,0,3.7e-24,1.58496250072116,0.1469
"cellular response to dsRNA","MMEB9_E3",1,1,3.7e-24,0,1
"neuron projection organization","MMEB9_E3",8,3,3.7e-24,1.16992500144231,0.0647
"postsynapse organization","MMEB9_E3",7,6,3.7e-24,0.192645077942396,0.8492
"regulation of ketone biosynthetic process","MMEB9_E3",0,0,3.7e-24,0,1
"mitochondrion distribution","MMEB9_E3",0,0,3.7e-24,0,1
"regulation of autophagosome maturation","MMEB9_E3",0,0,3.7e-24,0,1
"magnesium ion transmembrane transport","MMEB9_E3",0,1,3.7e-24,-1,0.5294
"regulation of cell division","MMEB9_E3",4,6,3.7e-24,-0.485426827170242,0.4381
"intermembrane lipid transfer","MMEB9_E3",1,2,3.7e-24,-0.584962500721156,0.5501
"organophosphate ester transport","MMEB9_E3",8,5,3.7e-24,0.584962500721156,0.3924
"movement in host","MMEB9_E3",6,6,3.7e-24,0,1
"extracellular matrix assembly","MMEB9_E3",0,1,3.7e-24,-1,0.4171
"cellular metabolic compound salvage","MMEB9_E3",1,1,3.7e-24,0,1
"regulation of ATP-dependent activity","MMEB9_E3",2,2,3.7e-24,0,1
"cell migration involved in heart development","MMEB9_E3",1,1,3.7e-24,0,1
"cellular response to fluid shear stress","MMEB9_E3",0,0,3.7e-24,0,1
"sphingomyelin biosynthetic process","MMEB9_E3",0,0,3.7e-24,0,1
"ether lipid biosynthetic process","MMEB9_E3",0,0,3.7e-24,0,1
"embryonic body morphogenesis","MMEB9_E3",1,1,3.7e-24,0,1
"amino sugar biosynthetic process","MMEB9_E3",0,0,3.7e-24,0,1
"glycerol ether biosynthetic process","MMEB9_E3",0,0,3.7e-24,0,1
"pigmentation","MMEB9_E3",2,3,3.7e-24,-0.415037499278844,0.5992
"cellular response to ketone","MMEB9_E3",1,3,3.7e-24,-1,0.2043
"nonribosomal peptide biosynthetic process","MMEB9_E3",1,1,3.7e-24,0,1
"glial cell apoptotic process","MMEB9_E3",0,1,3.7e-24,-1,0.4972
"lipoprotein catabolic process","MMEB9_E3",0,0,3.7e-24,0,1
"suppression of viral release by host","MMEB9_E3",0,0,3.7e-24,0,1
"chaperone-mediated autophagy","MMEB9_E3",0,0,3.7e-24,0,1
"regulation of steroid hormone biosynthetic process","MMEB9_E3",0,0,3.7e-24,0,1
"synaptic vesicle lumen acidification","MMEB9_E3",0,1,3.7e-24,-1,0.5198
"semaphorin-plexin signaling pathway involved in neuron projection guidance","MMEB9_E3",1,0,3.7e-24,1,0.3918
"regulation of Golgi organization","MMEB9_E3",0,0,3.7e-24,0,1
"Schwann cell differentiation","MMEB9_E3",1,1,3.7e-24,0,1
"neurotrophin signaling pathway","MMEB9_E3",2,1,3.7e-24,0.584962500721156,0.6476
"regulation of microtubule depolymerization","MMEB9_E3",0,1,3.7e-24,-1,0.4487
"basement membrane organization","MMEB9_E3",2,1,3.7e-24,0.584962500721156,0.6386
"establishment or maintenance of epithelial cell apical/basal polarity","MMEB9_E3",3,2,3.7e-24,0.415037499278844,0.7342
"face development","MMEB9_E3",1,2,3.7e-24,-0.584962500721156,0.5348
"osteoblast differentiation","MMEB9_E3",7,8,3.7e-24,-0.169925001442312,0.73
"appendage development","MMEB9_E3",6,6,3.7e-24,0,1
"limb development","MMEB9_E3",7,6,3.7e-24,0.192645077942396,0.8397
"regulation of ATP metabolic process","MMEB9_E3",2,2,3.7e-24,0,1
"developmental growth involved in morphogenesis","MMEB9_E3",4,7,3.7e-24,-0.678071905112638,0.245
"embryonic organ development","MMEB9_E3",5,14,3.7e-24,-1.32192809488736,0.0042
"negative regulation of growth","MMEB9_E3",6,8,3.7e-24,-0.362570079384708,0.4945
"microtubule depolymerization","MMEB9_E3",2,2,3.7e-24,0,1
"heme metabolic process","MMEB9_E3",1,1,3.7e-24,0,1
"regulation of neuron apoptotic process","MMEB9_E3",6,7,3.7e-24,-0.192645077942396,0.7128
"plasma membrane tubulation","MMEB9_E3",1,1,3.7e-24,0,1
"exosomal secretion","MMEB9_E3",1,0,3.7e-24,1,0.4798
"vasculogenesis","MMEB9_E3",3,3,3.7e-24,0,1
"toxin transport","MMEB9_E3",3,2,3.7e-24,0.415037499278844,0.729
