"region","sample","obs.mut","sim.mut","sim.mut.normality","log2fc","pvalue"
"ncRNA processing","C1_05_24",0,1,3.7e-24,-1,0.4124
"ribosome biogenesis","C1_05_24",0,1,3.7e-24,-1,0.4485
"rRNA metabolic process","C1_05_24",0,1,3.7e-24,-1,0.4814
"proteasome-mediated ubiquitin-dependent protein catabolic process","C1_05_24",0,1,3.7e-24,-1,0.4139
"regulation of response to DNA damage stimulus","C1_05_24",0,1,3.7e-24,-1,0.4466
"establishment of protein localization to organelle","C1_05_24",1,1,3.7e-24,0,1
"macroautophagy","C1_05_24",0,1,3.7e-24,-1,0.4625
"regulation of chromosome organization","C1_05_24",0,1,3.7e-24,-1,0.5061
"Golgi vesicle transport","C1_05_24",0,1,3.7e-24,-1,0.4478
"double-strand break repair","C1_05_24",0,1,3.7e-24,-1,0.4641
"histone modification","C1_05_24",1,1,3.7e-24,0,1
"sister chromatid segregation","C1_05_24",2,1,3.7e-24,0.584962500721156,0.6285
"DNA replication","C1_05_24",0,1,3.7e-24,-1,0.4795
"chromosome segregation","C1_05_24",0,1,3.7e-24,-1,0.4104
"mitochondrial gene expression","C1_05_24",0,0,3.7e-24,0,1
"nucleocytoplasmic transport","C1_05_24",0,1,3.7e-24,-1,0.4493
"nuclear transport","C1_05_24",0,1,3.7e-24,-1,0.4465
"regulation of DNA repair","C1_05_24",0,0,3.7e-24,0,1
"peptidyl-lysine modification","C1_05_24",0,1,3.7e-24,-1,0.4253
"protein targeting","C1_05_24",1,1,3.7e-24,0,1
"cytoplasmic translation","C1_05_24",0,0,3.7e-24,0,1
"regulation of autophagy","C1_05_24",1,1,3.7e-24,0,1
"signal transduction in response to DNA damage","C1_05_24",0,0,3.7e-24,0,1
"regulation of intracellular transport","C1_05_24",1,1,3.7e-24,0,1
"protein localization to nucleus","C1_05_24",1,1,3.7e-24,0,1
"microtubule cytoskeleton organization involved in mitosis","C1_05_24",1,0,3.7e-24,1,0.4141
"telomere maintenance","C1_05_24",0,0,3.7e-24,0,1
"cell cycle checkpoint signaling","C1_05_24",0,0,3.7e-24,0,1
"regulation of protein modification by small protein conjugation or removal","C1_05_24",0,1,3.7e-24,-1,0.496
"cellular respiration","C1_05_24",0,1,3.7e-24,-1,0.5184
"cellular component disassembly","C1_05_24",1,1,3.7e-24,0,1
"nuclear chromosome segregation","C1_05_24",1,1,3.7e-24,0,1
"regulation of protein stability","C1_05_24",1,1,3.7e-24,0,1
"regulation of cell cycle phase transition","C1_05_24",0,1,3.7e-24,-1,0.4193
"regulation of protein catabolic process","C1_05_24",0,1,3.7e-24,-1,0.4223
"response to endoplasmic reticulum stress","C1_05_24",0,1,3.7e-24,-1,0.5235
"vesicle organization","C1_05_24",2,1,3.7e-24,0.584962500721156,0.6235
"mitochondrial respiratory chain complex assembly","C1_05_24",0,0,3.7e-24,0,1
"DNA-templated transcription elongation","C1_05_24",1,0,3.7e-24,1,0.3577
"mitochondrial transport","C1_05_24",0,0,3.7e-24,0,1
"establishment of organelle localization","C1_05_24",1,1,3.7e-24,0,1
"regulation of intracellular protein transport","C1_05_24",1,0,3.7e-24,1,0.4796
"response to UV","C1_05_24",0,0,3.7e-24,0,1
"RNA localization","C1_05_24",0,1,3.7e-24,-1,0.5349
"response to topologically incorrect protein","C1_05_24",0,0,3.7e-24,0,1
"organelle fission","C1_05_24",1,1,3.7e-24,0,1
"non-membrane-bounded organelle assembly","C1_05_24",0,1,3.7e-24,-1,0.4403
"protein polyubiquitination","C1_05_24",1,1,3.7e-24,0,1
"methylation","C1_05_24",1,1,3.7e-24,0,1
"phospholipid biosynthetic process","C1_05_24",2,0,3.7e-24,1.58496250072116,0.1474
"oxidative phosphorylation","C1_05_24",0,0,3.7e-24,0,1
"establishment of protein localization to membrane","C1_05_24",0,1,3.7e-24,-1,0.5129
"in utero embryonic development","C1_05_24",0,1,3.7e-24,-1,0.4465
"vacuole organization","C1_05_24",0,1,3.7e-24,-1,0.5245
"nuclear-transcribed mRNA catabolic process","C1_05_24",0,0,3.7e-24,0,1
"protein folding","C1_05_24",0,1,3.7e-24,-1,0.524
"DNA conformation change","C1_05_24",0,0,3.7e-24,0,1
"regulation of chromosome segregation","C1_05_24",0,0,3.7e-24,0,1
"regulation of apoptotic signaling pathway","C1_05_24",1,1,3.7e-24,0,1
"cell cycle G2/M phase transition","C1_05_24",0,0,3.7e-24,0,1
"vacuolar transport","C1_05_24",0,0,3.7e-24,0,1
"response to ionizing radiation","C1_05_24",0,0,3.7e-24,0,1
"cellular response to UV","C1_05_24",0,0,3.7e-24,0,1
"regulation of binding","C1_05_24",0,1,3.7e-24,-1,0.444
"nucleic acid transport","C1_05_24",0,0,3.7e-24,0,1
"RNA transport","C1_05_24",1,0,3.7e-24,1,0.4183
"ribonucleoprotein complex subunit organization","C1_05_24",1,0,3.7e-24,1,0.4837
"regulation of DNA replication","C1_05_24",1,0,3.7e-24,1,0.3836
"ribose phosphate metabolic process","C1_05_24",1,1,3.7e-24,0,1
"proton motive force-driven ATP synthesis","C1_05_24",0,0,3.7e-24,0,1
"ribonucleotide metabolic process","C1_05_24",1,1,3.7e-24,0,1
"telomere organization","C1_05_24",1,0,3.7e-24,1,0.4301
"cellular response to topologically incorrect protein","C1_05_24",0,0,3.7e-24,0,1
"Golgi organization","C1_05_24",0,0,3.7e-24,0,1
"ribonucleoprotein complex assembly","C1_05_24",1,0,3.7e-24,1,0.4336
"cellular nitrogen compound catabolic process","C1_05_24",1,1,3.7e-24,0,1
"negative regulation of phosphorus metabolic process","C1_05_24",2,1,3.7e-24,0.584962500721156,0.6298
"heterocycle catabolic process","C1_05_24",0,1,3.7e-24,-1,0.4046
"mitochondrial membrane organization","C1_05_24",1,0,3.7e-24,1,0.3162
"regulation of protein-containing complex assembly","C1_05_24",0,1,3.7e-24,-1,0.4296
"positive regulation of cellular component biogenesis","C1_05_24",1,1,3.7e-24,0,1
"response to oxidative stress","C1_05_24",1,1,3.7e-24,0,1
"regulation of supramolecular fiber organization","C1_05_24",0,1,3.7e-24,-1,0.4199
"positive regulation of protein localization","C1_05_24",0,1,3.7e-24,-1,0.4166
"positive regulation of cell projection organization","C1_05_24",0,1,3.7e-24,-1,0.443
"negative regulation of transferase activity","C1_05_24",0,1,3.7e-24,-1,0.4845
"autophagy of mitochondrion","C1_05_24",0,0,3.7e-24,0,1
"positive regulation of amide metabolic process","C1_05_24",0,0,3.7e-24,0,1
"chromatin remodeling","C1_05_24",1,1,3.7e-24,0,1
"viral process","C1_05_24",0,1,3.7e-24,-1,0.4231
"macromolecule deacylation","C1_05_24",1,0,3.7e-24,1,0.3256
"mitotic cytokinesis","C1_05_24",1,0,3.7e-24,1,0.2333
"aromatic compound catabolic process","C1_05_24",0,1,3.7e-24,-1,0.4168
"vesicle localization","C1_05_24",1,1,3.7e-24,0,1
"establishment or maintenance of cell polarity","C1_05_24",0,0,3.7e-24,0,1
"Wnt signaling pathway","C1_05_24",0,1,3.7e-24,-1,0.4145
"cell-cell signaling by wnt","C1_05_24",1,1,3.7e-24,0,1
"ATP metabolic process","C1_05_24",1,0,3.7e-24,1,0.4599
"cellular response to chemical stress","C1_05_24",0,1,3.7e-24,-1,0.4623
"regulation of vacuole organization","C1_05_24",0,0,3.7e-24,0,1
"cellular response to external stimulus","C1_05_24",0,1,3.7e-24,-1,0.4691
"negative regulation of protein phosphorylation","C1_05_24",1,1,3.7e-24,0,1
"negative regulation of catabolic process","C1_05_24",0,1,3.7e-24,-1,0.4665
"regulation of microtubule cytoskeleton organization","C1_05_24",0,0,3.7e-24,0,1
"chromosome localization","C1_05_24",0,0,3.7e-24,0,1
"negative regulation of mitotic nuclear division","C1_05_24",0,0,3.7e-24,0,1
"regulation of actin filament organization","C1_05_24",0,1,3.7e-24,-1,0.5255
"dephosphorylation","C1_05_24",0,1,3.7e-24,-1,0.46
"glycosylation","C1_05_24",2,0,3.7e-24,1.58496250072116,0.1381
"positive regulation of establishment of protein localization","C1_05_24",0,1,3.7e-24,-1,0.4831
"regulation of microtubule-based process","C1_05_24",0,0,3.7e-24,0,1
"cell-substrate junction organization","C1_05_24",0,0,3.7e-24,0,1
"protein-containing complex localization","C1_05_24",0,0,3.7e-24,0,1
"mitochondrial transmembrane transport","C1_05_24",1,0,3.7e-24,1,0.2326
"stem cell population maintenance","C1_05_24",1,0,3.7e-24,1,0.4393
"ribosome assembly","C1_05_24",0,0,3.7e-24,0,1
"intraciliary transport","C1_05_24",1,0,3.7e-24,1,0.1233
"Golgi to plasma membrane protein transport","C1_05_24",0,0,3.7e-24,0,1
"response to amino acid starvation","C1_05_24",0,0,3.7e-24,0,1
"cellular response to extracellular stimulus","C1_05_24",1,1,3.7e-24,0,1
"cell growth","C1_05_24",0,1,3.7e-24,-1,0.413
"protein glycosylation","C1_05_24",2,0,3.7e-24,1.58496250072116,0.1448
"macromolecule glycosylation","C1_05_24",0,0,3.7e-24,0,1
"maintenance of cell number","C1_05_24",1,0,3.7e-24,1,0.4723
"response to reactive oxygen species","C1_05_24",0,0,3.7e-24,0,1
"regulation of cell morphogenesis","C1_05_24",0,0,3.7e-24,0,1
"regulation of cellular component size","C1_05_24",1,1,3.7e-24,0,1
"cell-substrate junction assembly","C1_05_24",0,0,3.7e-24,0,1
"membrane fission","C1_05_24",0,0,3.7e-24,0,1
"membrane docking","C1_05_24",0,0,3.7e-24,0,1
"fibroblast migration","C1_05_24",0,0,3.7e-24,0,1
"nucleus organization","C1_05_24",0,0,3.7e-24,0,1
"regulation of cell growth","C1_05_24",1,1,3.7e-24,0,1
"fibroblast proliferation","C1_05_24",1,0,3.7e-24,1,0.2759
"cell cycle G1/S phase transition","C1_05_24",1,1,3.7e-24,0,1
"actin filament organization","C1_05_24",2,1,3.7e-24,0.584962500721156,0.6288
"response to oxygen levels","C1_05_24",1,1,3.7e-24,0,1
"epigenetic regulation of gene expression","C1_05_24",0,0,3.7e-24,0,1
"organelle fusion","C1_05_24",0,0,3.7e-24,0,1
"lipoprotein metabolic process","C1_05_24",2,0,3.7e-24,1.58496250072116,0.0825
"protein lipidation","C1_05_24",1,0,3.7e-24,1,0.2422
"regulation of plasma membrane bounded cell projection assembly","C1_05_24",1,0,3.7e-24,1,0.4023
"regulation of actin filament-based process","C1_05_24",0,1,3.7e-24,-1,0.4377
"regulation of GTPase activity","C1_05_24",0,1,3.7e-24,-1,0.4736
"nuclear envelope organization","C1_05_24",0,0,3.7e-24,0,1
"protein autophosphorylation","C1_05_24",0,0,3.7e-24,0,1
"connective tissue development","C1_05_24",2,1,3.7e-24,0.584962500721156,0.6534
"cellular response to heat","C1_05_24",0,0,3.7e-24,0,1
"myeloid cell homeostasis","C1_05_24",0,0,3.7e-24,0,1
"regulation of neuron projection development","C1_05_24",0,1,3.7e-24,-1,0.42
"receptor metabolic process","C1_05_24",0,0,3.7e-24,0,1
"maintenance of protein location in cell","C1_05_24",0,0,3.7e-24,0,1
"apoptotic mitochondrial changes","C1_05_24",0,0,3.7e-24,0,1
"response to transforming growth factor beta","C1_05_24",0,1,3.7e-24,-1,0.5324
"neural tube development","C1_05_24",0,0,3.7e-24,0,1
"maintenance of protein location","C1_05_24",1,0,3.7e-24,1,0.2471
"regulation of ubiquitin-protein transferase activity","C1_05_24",0,0,3.7e-24,0,1
"cilium assembly","C1_05_24",1,1,3.7e-24,0,1
"mRNA export from nucleus","C1_05_24",0,0,3.7e-24,0,1
"regulation of cell-substrate junction organization","C1_05_24",0,0,3.7e-24,0,1
"membrane biogenesis","C1_05_24",0,0,3.7e-24,0,1
"cilium organization","C1_05_24",2,1,3.7e-24,0.584962500721156,0.6239
"platelet-derived growth factor receptor signaling pathway","C1_05_24",0,0,3.7e-24,0,1
"iron-sulfur cluster assembly","C1_05_24",0,0,3.7e-24,0,1
"metallo-sulfur cluster assembly","C1_05_24",0,0,3.7e-24,0,1
"centromere complex assembly","C1_05_24",0,0,3.7e-24,0,1
"cellular response to oxygen levels","C1_05_24",0,0,3.7e-24,0,1
"fatty acid beta-oxidation","C1_05_24",0,0,3.7e-24,0,1
"organelle localization by membrane tethering","C1_05_24",0,0,3.7e-24,0,1
"autophagosome maturation","C1_05_24",0,0,3.7e-24,0,1
"cellular response to transforming growth factor beta stimulus","C1_05_24",0,1,3.7e-24,-1,0.5199
"nucleotide catabolic process","C1_05_24",1,0,3.7e-24,1,0.1836
"tube closure","C1_05_24",1,0,3.7e-24,1,0.1857
"regulation of stem cell differentiation","C1_05_24",0,0,3.7e-24,0,1
"substrate adhesion-dependent cell spreading","C1_05_24",0,0,3.7e-24,0,1
"chondrocyte differentiation","C1_05_24",0,0,3.7e-24,0,1
"regulation of fibroblast proliferation","C1_05_24",0,0,3.7e-24,0,1
"morphogenesis of an epithelial sheet","C1_05_24",0,0,3.7e-24,0,1
"microtubule polymerization","C1_05_24",0,0,3.7e-24,0,1
"response to virus","C1_05_24",0,1,3.7e-24,-1,0.4379
"membrane assembly","C1_05_24",1,0,3.7e-24,1,0.1886
"COPII vesicle coating","C1_05_24",0,0,3.7e-24,0,1
"erythrocyte differentiation","C1_05_24",0,0,3.7e-24,0,1
"organophosphate catabolic process","C1_05_24",0,0,3.7e-24,0,1
"regulation of embryonic development","C1_05_24",0,0,3.7e-24,0,1
"regulation of focal adhesion assembly","C1_05_24",0,0,3.7e-24,0,1
"regulation of cell-substrate junction assembly","C1_05_24",0,0,3.7e-24,0,1
"regulation of extracellular matrix organization","C1_05_24",0,0,3.7e-24,0,1
"GPI anchor biosynthetic process","C1_05_24",0,0,3.7e-24,0,1
"lamellipodium organization","C1_05_24",0,0,3.7e-24,0,1
"positive regulation of stem cell population maintenance","C1_05_24",0,0,3.7e-24,0,1
"monosaccharide metabolic process","C1_05_24",1,1,3.7e-24,0,1
"U2-type prespliceosome assembly","C1_05_24",0,0,3.7e-24,0,1
"heterochromatin formation","C1_05_24",0,0,3.7e-24,0,1
"peroxisome organization","C1_05_24",0,0,3.7e-24,0,1
"regulation of mitochondrial fission","C1_05_24",0,0,3.7e-24,0,1
"cellular pigmentation","C1_05_24",0,0,3.7e-24,0,1
"regulation of fibroblast migration","C1_05_24",0,0,3.7e-24,0,1
"cellular carbohydrate metabolic process","C1_05_24",1,1,3.7e-24,0,1
"positive regulation of axonogenesis","C1_05_24",0,0,3.7e-24,0,1
"kinetochore organization","C1_05_24",0,0,3.7e-24,0,1
"stem cell differentiation","C1_05_24",1,0,3.7e-24,1,0.4664
"proton transmembrane transport","C1_05_24",0,0,3.7e-24,0,1
"cellular response to insulin stimulus","C1_05_24",1,0,3.7e-24,1,0.4785
"establishment of mitotic spindle localization","C1_05_24",0,0,3.7e-24,0,1
"cell redox homeostasis","C1_05_24",0,0,3.7e-24,0,1
"stress granule assembly","C1_05_24",0,0,3.7e-24,0,1
"protein neddylation","C1_05_24",0,0,3.7e-24,0,1
"regulation of mitochondrial membrane potential","C1_05_24",0,0,3.7e-24,0,1
"neuron death","C1_05_24",0,1,3.7e-24,-1,0.4364
"defense response to virus","C1_05_24",0,1,3.7e-24,-1,0.5023
"sulfur compound metabolic process","C1_05_24",2,1,3.7e-24,0.584962500721156,0.6274
"NADP metabolic process","C1_05_24",0,0,3.7e-24,0,1
"vacuolar acidification","C1_05_24",0,0,3.7e-24,0,1
"oligosaccharide-lipid intermediate biosynthetic process","C1_05_24",0,0,3.7e-24,0,1
"lysosomal lumen acidification","C1_05_24",0,0,3.7e-24,0,1
"glycosyl compound biosynthetic process","C1_05_24",0,0,3.7e-24,0,1
"heart valve development","C1_05_24",0,0,3.7e-24,0,1
"water-soluble vitamin metabolic process","C1_05_24",0,0,3.7e-24,0,1
"interferon-beta production","C1_05_24",0,0,3.7e-24,0,1
"regulation of interferon-beta production","C1_05_24",1,0,3.7e-24,1,0.1286
"branched-chain amino acid metabolic process","C1_05_24",0,0,3.7e-24,0,1
"regulation of mitochondrial membrane permeability","C1_05_24",0,0,3.7e-24,0,1
"respiratory tube development","C1_05_24",0,0,3.7e-24,0,1
"cellular senescence","C1_05_24",0,0,3.7e-24,0,1
"positive regulation of neurogenesis","C1_05_24",0,0,3.7e-24,0,1
"mitochondrial outer membrane permeabilization","C1_05_24",0,0,3.7e-24,0,1
"immune system development","C1_05_24",0,0,3.7e-24,0,1
"clathrin-dependent endocytosis","C1_05_24",0,0,3.7e-24,0,1
"positive regulation of viral process","C1_05_24",0,0,3.7e-24,0,1
"bone development","C1_05_24",0,1,3.7e-24,-1,0.5301
"cell-substrate adhesion","C1_05_24",1,1,3.7e-24,0,1
"positive regulation of microtubule polymerization","C1_05_24",0,0,3.7e-24,0,1
"pteridine-containing compound metabolic process","C1_05_24",0,0,3.7e-24,0,1
"response to arsenic-containing substance","C1_05_24",0,0,3.7e-24,0,1
"response to insulin","C1_05_24",0,1,3.7e-24,-1,0.5151
"ubiquinone metabolic process","C1_05_24",0,0,3.7e-24,0,1
"cellular response to arsenic-containing substance","C1_05_24",0,0,3.7e-24,0,1
"inositol phosphate catabolic process","C1_05_24",0,0,3.7e-24,0,1
"telomerase RNA localization to Cajal body","C1_05_24",0,0,3.7e-24,0,1
"respiratory system development","C1_05_24",0,0,3.7e-24,0,1
"regulation of generation of precursor metabolites and energy","C1_05_24",0,0,3.7e-24,0,1
"mitochondrial calcium ion homeostasis","C1_05_24",0,0,3.7e-24,0,1
"G0 to G1 transition","C1_05_24",0,0,3.7e-24,0,1
"mitochondrial genome maintenance","C1_05_24",0,0,3.7e-24,0,1
"release of cytochrome c from mitochondria","C1_05_24",0,0,3.7e-24,0,1
"cortical cytoskeleton organization","C1_05_24",1,0,3.7e-24,1,0.1369
"response to sterol depletion","C1_05_24",0,0,3.7e-24,0,1
"regulation of ncRNA transcription","C1_05_24",0,0,3.7e-24,0,1
"mesenchymal cell differentiation","C1_05_24",0,0,3.7e-24,0,1
"protein-DNA complex subunit organization","C1_05_24",1,0,3.7e-24,1,0.4627
"response to fluid shear stress","C1_05_24",0,0,3.7e-24,0,1
"collagen fibril organization","C1_05_24",0,0,3.7e-24,0,1
"roof of mouth development","C1_05_24",0,0,3.7e-24,0,1
"regulation of protein dephosphorylation","C1_05_24",0,0,3.7e-24,0,1
"multicellular organism growth","C1_05_24",0,0,3.7e-24,0,1
"miRNA processing","C1_05_24",0,0,3.7e-24,0,1
"small molecule catabolic process","C1_05_24",0,1,3.7e-24,-1,0.4689
"regulation of G0 to G1 transition","C1_05_24",0,0,3.7e-24,0,1
"circadian regulation of gene expression","C1_05_24",0,0,3.7e-24,0,1
"regulation of translational fidelity","C1_05_24",0,0,3.7e-24,0,1
"ubiquinone biosynthetic process","C1_05_24",0,0,3.7e-24,0,1
"mitochondrial calcium ion transmembrane transport","C1_05_24",1,0,3.7e-24,1,0.0646
"quinone biosynthetic process","C1_05_24",0,0,3.7e-24,0,1
"viral release from host cell","C1_05_24",0,0,3.7e-24,0,1
"exit from host cell","C1_05_24",0,0,3.7e-24,0,1
"positive regulation of GTPase activity","C1_05_24",1,0,3.7e-24,1,0.4434
"regulation of cytokinesis","C1_05_24",0,0,3.7e-24,0,1
"mitochondrion localization","C1_05_24",0,0,3.7e-24,0,1
"renal system development","C1_05_24",0,1,3.7e-24,-1,0.5243
"regulation of cysteine-type endopeptidase activity involved in apoptotic process","C1_05_24",2,0,3.7e-24,1.58496250072116,0.1182
"regulation of cell-substrate adhesion","C1_05_24",0,0,3.7e-24,0,1
"centrosome localization","C1_05_24",0,0,3.7e-24,0,1
"microtubule organizing center localization","C1_05_24",0,0,3.7e-24,0,1
"pinocytosis","C1_05_24",0,0,3.7e-24,0,1
"lamellipodium assembly","C1_05_24",0,0,3.7e-24,0,1
"cellular response to sterol depletion","C1_05_24",0,0,3.7e-24,0,1
"placenta development","C1_05_24",0,0,3.7e-24,0,1
"rhythmic process","C1_05_24",0,1,3.7e-24,-1,0.5105
"spindle localization","C1_05_24",0,0,3.7e-24,0,1
"carbohydrate derivative catabolic process","C1_05_24",0,0,3.7e-24,0,1
"response to amino acid","C1_05_24",0,0,3.7e-24,0,1
"regulation of intracellular steroid hormone receptor signaling pathway","C1_05_24",0,0,3.7e-24,0,1
"regulation of neuron death","C1_05_24",0,1,3.7e-24,-1,0.5084
"ossification","C1_05_24",2,1,3.7e-24,0.584962500721156,0.6246
"mammary gland epithelial cell proliferation","C1_05_24",0,0,3.7e-24,0,1
"ribosomal subunit export from nucleus","C1_05_24",0,0,3.7e-24,0,1
"ribosome localization","C1_05_24",0,0,3.7e-24,0,1
"protein transport to vacuole involved in ubiquitin-dependent protein catabolic process via the multivesicular body sorting pathway","C1_05_24",0,0,3.7e-24,0,1
"seminiferous tubule development","C1_05_24",0,0,3.7e-24,0,1
"cellular response to acid chemical","C1_05_24",0,0,3.7e-24,0,1
"positive regulation of kinase activity","C1_05_24",0,1,3.7e-24,-1,0.424
"positive regulation by host of viral process","C1_05_24",0,0,3.7e-24,0,1
"mitochondrion morphogenesis","C1_05_24",0,0,3.7e-24,0,1
"regulation of establishment of cell polarity","C1_05_24",0,0,3.7e-24,0,1
"cellular lipid catabolic process","C1_05_24",0,0,3.7e-24,0,1
"neuron apoptotic process","C1_05_24",0,0,3.7e-24,0,1
"inner cell mass cell proliferation","C1_05_24",1,0,3.7e-24,1,0.0314
"polyamine biosynthetic process","C1_05_24",0,0,3.7e-24,0,1
"folic acid metabolic process","C1_05_24",0,0,3.7e-24,0,1
"organelle inheritance","C1_05_24",0,0,3.7e-24,0,1
"polyol metabolic process","C1_05_24",0,0,3.7e-24,0,1
"regulation of type I interferon-mediated signaling pathway","C1_05_24",0,0,3.7e-24,0,1
"intracellular lipid transport","C1_05_24",0,0,3.7e-24,0,1
"fat cell differentiation","C1_05_24",0,0,3.7e-24,0,1
"iron ion homeostasis","C1_05_24",0,0,3.7e-24,0,1
"negative regulation of cell projection organization","C1_05_24",1,0,3.7e-24,1,0.4003
"dicarboxylic acid metabolic process","C1_05_24",0,0,3.7e-24,0,1
"regulation of anatomical structure size","C1_05_24",0,1,3.7e-24,-1,0.4257
"regulation of small molecule metabolic process","C1_05_24",0,1,3.7e-24,-1,0.4912
"pentose-phosphate shunt","C1_05_24",0,0,3.7e-24,0,1
"pericardium development","C1_05_24",0,0,3.7e-24,0,1
"lysosomal protein catabolic process","C1_05_24",0,0,3.7e-24,0,1
"carbohydrate derivative transport","C1_05_24",0,0,3.7e-24,0,1
"alcohol biosynthetic process","C1_05_24",0,0,3.7e-24,0,1
"regulation of membrane permeability","C1_05_24",0,0,3.7e-24,0,1
"signal peptide processing","C1_05_24",1,0,3.7e-24,1,0.0507
"UV-damage excision repair","C1_05_24",0,0,3.7e-24,0,1
"biological process involved in interaction with host","C1_05_24",0,0,3.7e-24,0,1
"body morphogenesis","C1_05_24",0,0,3.7e-24,0,1
"extracellular vesicle biogenesis","C1_05_24",0,0,3.7e-24,0,1
"negative regulation of defense response to virus","C1_05_24",0,0,3.7e-24,0,1
"aminoglycan biosynthetic process","C1_05_24",0,0,3.7e-24,0,1
"sterol biosynthetic process","C1_05_24",0,0,3.7e-24,0,1
"polyamine metabolic process","C1_05_24",0,0,3.7e-24,0,1
"magnesium ion transport","C1_05_24",0,0,3.7e-24,0,1
"lamellipodium morphogenesis","C1_05_24",0,0,3.7e-24,0,1
"positive regulation of neuron migration","C1_05_24",1,0,3.7e-24,1,0.0607
"regulation of glucose metabolic process","C1_05_24",0,0,3.7e-24,0,1
"monosaccharide biosynthetic process","C1_05_24",0,0,3.7e-24,0,1
"response to acid chemical","C1_05_24",0,0,3.7e-24,0,1
"regulation of carbohydrate metabolic process","C1_05_24",0,0,3.7e-24,0,1
"positive regulation of nervous system development","C1_05_24",0,0,3.7e-24,0,1
"regulation of circadian rhythm","C1_05_24",0,0,3.7e-24,0,1
"trabecula morphogenesis","C1_05_24",0,0,3.7e-24,0,1
"pigment accumulation","C1_05_24",0,0,3.7e-24,0,1
"cellular pigment accumulation","C1_05_24",0,0,3.7e-24,0,1
"regulation of pinocytosis","C1_05_24",0,0,3.7e-24,0,1
"regulation of ligase activity","C1_05_24",0,0,3.7e-24,0,1
"smoothened signaling pathway involved in dorsal/ventral neural tube patterning","C1_05_24",0,0,3.7e-24,0,1
"glycosyl compound metabolic process","C1_05_24",0,0,3.7e-24,0,1
"substantia nigra development","C1_05_24",0,0,3.7e-24,0,1
"negative regulation of GTPase activity","C1_05_24",0,0,3.7e-24,0,1
"axon extension","C1_05_24",0,0,3.7e-24,0,1
"positive regulation of epithelial to mesenchymal transition","C1_05_24",0,0,3.7e-24,0,1
"one-carbon metabolic process","C1_05_24",0,0,3.7e-24,0,1
"NADPH regeneration","C1_05_24",0,0,3.7e-24,0,1
"cellular response to dsRNA","C1_05_24",0,0,3.7e-24,0,1
"neuron projection organization","C1_05_24",0,0,3.7e-24,0,1
"postsynapse organization","C1_05_24",0,0,3.7e-24,0,1
"regulation of ketone biosynthetic process","C1_05_24",0,0,3.7e-24,0,1
"mitochondrion distribution","C1_05_24",0,0,3.7e-24,0,1
"regulation of autophagosome maturation","C1_05_24",0,0,3.7e-24,0,1
"magnesium ion transmembrane transport","C1_05_24",0,0,3.7e-24,0,1
"regulation of cell division","C1_05_24",0,0,3.7e-24,0,1
"intermembrane lipid transfer","C1_05_24",0,0,3.7e-24,0,1
"organophosphate ester transport","C1_05_24",0,0,3.7e-24,0,1
"movement in host","C1_05_24",0,0,3.7e-24,0,1
"extracellular matrix assembly","C1_05_24",0,0,3.7e-24,0,1
"cellular metabolic compound salvage","C1_05_24",0,0,3.7e-24,0,1
"regulation of ATP-dependent activity","C1_05_24",0,0,3.7e-24,0,1
"cell migration involved in heart development","C1_05_24",0,0,3.7e-24,0,1
"cellular response to fluid shear stress","C1_05_24",0,0,3.7e-24,0,1
"sphingomyelin biosynthetic process","C1_05_24",0,0,3.7e-24,0,1
"ether lipid biosynthetic process","C1_05_24",0,0,3.7e-24,0,1
"embryonic body morphogenesis","C1_05_24",0,0,3.7e-24,0,1
"amino sugar biosynthetic process","C1_05_24",0,0,3.7e-24,0,1
"glycerol ether biosynthetic process","C1_05_24",0,0,3.7e-24,0,1
"pigmentation","C1_05_24",0,0,3.7e-24,0,1
"cellular response to ketone","C1_05_24",0,0,3.7e-24,0,1
"nonribosomal peptide biosynthetic process","C1_05_24",0,0,3.7e-24,0,1
"glial cell apoptotic process","C1_05_24",0,0,3.7e-24,0,1
"lipoprotein catabolic process","C1_05_24",0,0,3.7e-24,0,1
"suppression of viral release by host","C1_05_24",0,0,3.7e-24,0,1
"chaperone-mediated autophagy","C1_05_24",0,0,3.7e-24,0,1
"regulation of steroid hormone biosynthetic process","C1_05_24",0,0,3.7e-24,0,1
"synaptic vesicle lumen acidification","C1_05_24",0,0,3.7e-24,0,1
"semaphorin-plexin signaling pathway involved in neuron projection guidance","C1_05_24",0,0,3.7e-24,0,1
"regulation of Golgi organization","C1_05_24",0,0,3.7e-24,0,1
"Schwann cell differentiation","C1_05_24",0,0,3.7e-24,0,1
"neurotrophin signaling pathway","C1_05_24",0,0,3.7e-24,0,1
"regulation of microtubule depolymerization","C1_05_24",0,0,3.7e-24,0,1
"basement membrane organization","C1_05_24",0,0,3.7e-24,0,1
"establishment or maintenance of epithelial cell apical/basal polarity","C1_05_24",0,0,3.7e-24,0,1
"face development","C1_05_24",0,0,3.7e-24,0,1
"osteoblast differentiation","C1_05_24",1,0,3.7e-24,1,0.4695
"appendage development","C1_05_24",0,0,3.7e-24,0,1
"limb development","C1_05_24",0,0,3.7e-24,0,1
"regulation of ATP metabolic process","C1_05_24",0,0,3.7e-24,0,1
"developmental growth involved in morphogenesis","C1_05_24",0,0,3.7e-24,0,1
"embryonic organ development","C1_05_24",1,1,3.7e-24,0,1
"negative regulation of growth","C1_05_24",0,0,3.7e-24,0,1
"microtubule depolymerization","C1_05_24",0,0,3.7e-24,0,1
"heme metabolic process","C1_05_24",0,0,3.7e-24,0,1
"regulation of neuron apoptotic process","C1_05_24",1,0,3.7e-24,1,0.4783
"plasma membrane tubulation","C1_05_24",0,0,3.7e-24,0,1
"exosomal secretion","C1_05_24",0,0,3.7e-24,0,1
"vasculogenesis","C1_05_24",0,0,3.7e-24,0,1
"toxin transport","C1_05_24",0,0,3.7e-24,0,1
"ncRNA processing","C2_05_24",1,1,3.7e-24,0,1
"ribosome biogenesis","C2_05_24",1,0,3.7e-24,1,0.4931
"rRNA metabolic process","C2_05_24",0,0,3.7e-24,0,1
"proteasome-mediated ubiquitin-dependent protein catabolic process","C2_05_24",1,1,3.7e-24,0,1
"regulation of response to DNA damage stimulus","C2_05_24",2,1,3.7e-24,0.584962500721156,0.6518
"establishment of protein localization to organelle","C2_05_24",0,1,3.7e-24,-1,0.459
"macroautophagy","C2_05_24",0,1,3.7e-24,-1,0.5297
"regulation of chromosome organization","C2_05_24",1,0,3.7e-24,1,0.443
"Golgi vesicle transport","C2_05_24",0,0,3.7e-24,0,1
"double-strand break repair","C2_05_24",2,0,3.7e-24,1.58496250072116,0.1283
"histone modification","C2_05_24",0,1,3.7e-24,-1,0.4661
"sister chromatid segregation","C2_05_24",0,0,3.7e-24,0,1
"DNA replication","C2_05_24",0,0,3.7e-24,0,1
"chromosome segregation","C2_05_24",1,1,3.7e-24,0,1
"mitochondrial gene expression","C2_05_24",1,0,3.7e-24,1,0.3198
"nucleocytoplasmic transport","C2_05_24",0,0,3.7e-24,0,1
"nuclear transport","C2_05_24",0,1,3.7e-24,-1,0.5075
"regulation of DNA repair","C2_05_24",0,0,3.7e-24,0,1
"peptidyl-lysine modification","C2_05_24",0,1,3.7e-24,-1,0.5122
"protein targeting","C2_05_24",0,0,3.7e-24,0,1
"cytoplasmic translation","C2_05_24",0,0,3.7e-24,0,1
"regulation of autophagy","C2_05_24",0,0,3.7e-24,0,1
"signal transduction in response to DNA damage","C2_05_24",0,0,3.7e-24,0,1
"regulation of intracellular transport","C2_05_24",0,0,3.7e-24,0,1
"protein localization to nucleus","C2_05_24",1,0,3.7e-24,1,0.4426
"microtubule cytoskeleton organization involved in mitosis","C2_05_24",0,0,3.7e-24,0,1
"telomere maintenance","C2_05_24",1,0,3.7e-24,1,0.3146
"cell cycle checkpoint signaling","C2_05_24",1,0,3.7e-24,1,0.3389
"regulation of protein modification by small protein conjugation or removal","C2_05_24",1,0,3.7e-24,1,0.3898
"cellular respiration","C2_05_24",1,0,3.7e-24,1,0.4005
"cellular component disassembly","C2_05_24",1,1,3.7e-24,0,1
"nuclear chromosome segregation","C2_05_24",1,1,3.7e-24,0,1
"regulation of protein stability","C2_05_24",1,0,3.7e-24,1,0.4748
"regulation of cell cycle phase transition","C2_05_24",2,1,3.7e-24,0.584962500721156,0.6387
"regulation of protein catabolic process","C2_05_24",0,1,3.7e-24,-1,0.4911
"response to endoplasmic reticulum stress","C2_05_24",1,0,3.7e-24,1,0.4008
"vesicle organization","C2_05_24",2,1,3.7e-24,0.584962500721156,0.6449
"mitochondrial respiratory chain complex assembly","C2_05_24",0,0,3.7e-24,0,1
"DNA-templated transcription elongation","C2_05_24",0,0,3.7e-24,0,1
"mitochondrial transport","C2_05_24",0,0,3.7e-24,0,1
"establishment of organelle localization","C2_05_24",1,1,3.7e-24,0,1
"regulation of intracellular protein transport","C2_05_24",1,0,3.7e-24,1,0.3687
"response to UV","C2_05_24",1,0,3.7e-24,1,0.2841
"RNA localization","C2_05_24",0,0,3.7e-24,0,1
"response to topologically incorrect protein","C2_05_24",0,0,3.7e-24,0,1
"organelle fission","C2_05_24",0,1,3.7e-24,-1,0.463
"non-membrane-bounded organelle assembly","C2_05_24",0,0,3.7e-24,0,1
"protein polyubiquitination","C2_05_24",1,0,3.7e-24,1,0.4028
"methylation","C2_05_24",0,1,3.7e-24,-1,0.5355
"phospholipid biosynthetic process","C2_05_24",1,0,3.7e-24,1,0.3881
"oxidative phosphorylation","C2_05_24",2,0,3.7e-24,1.58496250072116,0.0356
"establishment of protein localization to membrane","C2_05_24",0,0,3.7e-24,0,1
"in utero embryonic development","C2_05_24",1,1,3.7e-24,0,1
"vacuole organization","C2_05_24",1,0,3.7e-24,1,0.396
"nuclear-transcribed mRNA catabolic process","C2_05_24",0,0,3.7e-24,0,1
"protein folding","C2_05_24",0,0,3.7e-24,0,1
"DNA conformation change","C2_05_24",0,0,3.7e-24,0,1
"regulation of chromosome segregation","C2_05_24",0,0,3.7e-24,0,1
"regulation of apoptotic signaling pathway","C2_05_24",0,1,3.7e-24,-1,0.5136
"cell cycle G2/M phase transition","C2_05_24",1,0,3.7e-24,1,0.307
"vacuolar transport","C2_05_24",2,0,3.7e-24,1.58496250072116,0.0479
"response to ionizing radiation","C2_05_24",0,0,3.7e-24,0,1
"cellular response to UV","C2_05_24",1,0,3.7e-24,1,0.1877
"regulation of binding","C2_05_24",0,1,3.7e-24,-1,0.5216
"nucleic acid transport","C2_05_24",0,0,3.7e-24,0,1
"RNA transport","C2_05_24",0,0,3.7e-24,0,1
"ribonucleoprotein complex subunit organization","C2_05_24",0,0,3.7e-24,0,1
"regulation of DNA replication","C2_05_24",0,0,3.7e-24,0,1
"ribose phosphate metabolic process","C2_05_24",0,1,3.7e-24,-1,0.4989
"proton motive force-driven ATP synthesis","C2_05_24",0,0,3.7e-24,0,1
"ribonucleotide metabolic process","C2_05_24",0,1,3.7e-24,-1,0.4955
"telomere organization","C2_05_24",0,0,3.7e-24,0,1
"cellular response to topologically incorrect protein","C2_05_24",0,0,3.7e-24,0,1
"Golgi organization","C2_05_24",0,0,3.7e-24,0,1
"ribonucleoprotein complex assembly","C2_05_24",2,0,3.7e-24,1.58496250072116,0.0607
"cellular nitrogen compound catabolic process","C2_05_24",2,1,3.7e-24,0.584962500721156,0.6423
"negative regulation of phosphorus metabolic process","C2_05_24",0,1,3.7e-24,-1,0.5091
"heterocycle catabolic process","C2_05_24",1,1,3.7e-24,0,1
"mitochondrial membrane organization","C2_05_24",0,0,3.7e-24,0,1
"regulation of protein-containing complex assembly","C2_05_24",0,1,3.7e-24,-1,0.5196
"positive regulation of cellular component biogenesis","C2_05_24",0,1,3.7e-24,-1,0.4423
"response to oxidative stress","C2_05_24",0,1,3.7e-24,-1,0.5147
"regulation of supramolecular fiber organization","C2_05_24",2,1,3.7e-24,0.584962500721156,0.6311
"positive regulation of protein localization","C2_05_24",1,1,3.7e-24,0,1
"positive regulation of cell projection organization","C2_05_24",0,0,3.7e-24,0,1
"negative regulation of transferase activity","C2_05_24",1,0,3.7e-24,1,0.4154
"autophagy of mitochondrion","C2_05_24",0,0,3.7e-24,0,1
"positive regulation of amide metabolic process","C2_05_24",0,0,3.7e-24,0,1
"chromatin remodeling","C2_05_24",1,0,3.7e-24,1,0.4991
"viral process","C2_05_24",1,1,3.7e-24,0,1
"macromolecule deacylation","C2_05_24",0,0,3.7e-24,0,1
"mitotic cytokinesis","C2_05_24",0,0,3.7e-24,0,1
"aromatic compound catabolic process","C2_05_24",1,1,3.7e-24,0,1
"vesicle localization","C2_05_24",1,0,3.7e-24,1,0.3951
"establishment or maintenance of cell polarity","C2_05_24",0,0,3.7e-24,0,1
"Wnt signaling pathway","C2_05_24",1,1,3.7e-24,0,1
"cell-cell signaling by wnt","C2_05_24",2,1,3.7e-24,0.584962500721156,0.6371
"ATP metabolic process","C2_05_24",0,0,3.7e-24,0,1
"cellular response to chemical stress","C2_05_24",3,0,3.7e-24,2,0.0197
"regulation of vacuole organization","C2_05_24",0,0,3.7e-24,0,1
"cellular response to external stimulus","C2_05_24",0,0,3.7e-24,0,1
"negative regulation of protein phosphorylation","C2_05_24",1,0,3.7e-24,1,0.4367
"negative regulation of catabolic process","C2_05_24",1,0,3.7e-24,1,0.4429
"regulation of microtubule cytoskeleton organization","C2_05_24",0,0,3.7e-24,0,1
"chromosome localization","C2_05_24",0,0,3.7e-24,0,1
"negative regulation of mitotic nuclear division","C2_05_24",0,0,3.7e-24,0,1
"regulation of actin filament organization","C2_05_24",1,0,3.7e-24,1,0.3997
"dephosphorylation","C2_05_24",1,0,3.7e-24,1,0.4507
"glycosylation","C2_05_24",0,0,3.7e-24,0,1
"positive regulation of establishment of protein localization","C2_05_24",0,0,3.7e-24,0,1
"regulation of microtubule-based process","C2_05_24",0,0,3.7e-24,0,1
"cell-substrate junction organization","C2_05_24",0,0,3.7e-24,0,1
"protein-containing complex localization","C2_05_24",1,0,3.7e-24,1,0.3173
"mitochondrial transmembrane transport","C2_05_24",0,0,3.7e-24,0,1
"stem cell population maintenance","C2_05_24",0,0,3.7e-24,0,1
"ribosome assembly","C2_05_24",0,0,3.7e-24,0,1
"intraciliary transport","C2_05_24",0,0,3.7e-24,0,1
"Golgi to plasma membrane protein transport","C2_05_24",1,0,3.7e-24,1,0.094
"response to amino acid starvation","C2_05_24",0,0,3.7e-24,0,1
"cellular response to extracellular stimulus","C2_05_24",2,0,3.7e-24,1.58496250072116,0.0935
"cell growth","C2_05_24",1,1,3.7e-24,0,1
"protein glycosylation","C2_05_24",1,0,3.7e-24,1,0.3639
"macromolecule glycosylation","C2_05_24",0,0,3.7e-24,0,1
"maintenance of cell number","C2_05_24",2,0,3.7e-24,1.58496250072116,0.0526
"response to reactive oxygen species","C2_05_24",0,0,3.7e-24,0,1
"regulation of cell morphogenesis","C2_05_24",0,0,3.7e-24,0,1
"regulation of cellular component size","C2_05_24",2,1,3.7e-24,0.584962500721156,0.6502
"cell-substrate junction assembly","C2_05_24",0,0,3.7e-24,0,1
"membrane fission","C2_05_24",1,0,3.7e-24,1,0.1115
"membrane docking","C2_05_24",0,0,3.7e-24,0,1
"fibroblast migration","C2_05_24",0,0,3.7e-24,0,1
"nucleus organization","C2_05_24",0,0,3.7e-24,0,1
"regulation of cell growth","C2_05_24",1,1,3.7e-24,0,1
"fibroblast proliferation","C2_05_24",0,0,3.7e-24,0,1
"cell cycle G1/S phase transition","C2_05_24",1,0,3.7e-24,1,0.3798
"actin filament organization","C2_05_24",2,1,3.7e-24,0.584962500721156,0.6361
"response to oxygen levels","C2_05_24",0,0,3.7e-24,0,1
"epigenetic regulation of gene expression","C2_05_24",0,0,3.7e-24,0,1
"organelle fusion","C2_05_24",0,0,3.7e-24,0,1
"lipoprotein metabolic process","C2_05_24",0,0,3.7e-24,0,1
"protein lipidation","C2_05_24",0,0,3.7e-24,0,1
"regulation of plasma membrane bounded cell projection assembly","C2_05_24",0,0,3.7e-24,0,1
"regulation of actin filament-based process","C2_05_24",2,1,3.7e-24,0.584962500721156,0.6493
"regulation of GTPase activity","C2_05_24",1,0,3.7e-24,1,0.4499
"nuclear envelope organization","C2_05_24",0,0,3.7e-24,0,1
"protein autophosphorylation","C2_05_24",0,0,3.7e-24,0,1
"connective tissue development","C2_05_24",0,0,3.7e-24,0,1
"cellular response to heat","C2_05_24",0,0,3.7e-24,0,1
"myeloid cell homeostasis","C2_05_24",0,0,3.7e-24,0,1
"regulation of neuron projection development","C2_05_24",3,1,3.7e-24,1,0.4927
"receptor metabolic process","C2_05_24",0,0,3.7e-24,0,1
"maintenance of protein location in cell","C2_05_24",0,0,3.7e-24,0,1
"apoptotic mitochondrial changes","C2_05_24",1,0,3.7e-24,1,0.1548
"response to transforming growth factor beta","C2_05_24",0,0,3.7e-24,0,1
"neural tube development","C2_05_24",2,0,3.7e-24,1.58496250072116,0.0393
"maintenance of protein location","C2_05_24",0,0,3.7e-24,0,1
"regulation of ubiquitin-protein transferase activity","C2_05_24",0,0,3.7e-24,0,1
"cilium assembly","C2_05_24",1,0,3.7e-24,1,0.4793
"mRNA export from nucleus","C2_05_24",0,0,3.7e-24,0,1
"regulation of cell-substrate junction organization","C2_05_24",0,0,3.7e-24,0,1
"membrane biogenesis","C2_05_24",0,0,3.7e-24,0,1
"cilium organization","C2_05_24",3,0,3.7e-24,2,0.0277
"platelet-derived growth factor receptor signaling pathway","C2_05_24",0,0,3.7e-24,0,1
"iron-sulfur cluster assembly","C2_05_24",0,0,3.7e-24,0,1
"metallo-sulfur cluster assembly","C2_05_24",0,0,3.7e-24,0,1
"centromere complex assembly","C2_05_24",0,0,3.7e-24,0,1
"cellular response to oxygen levels","C2_05_24",0,0,3.7e-24,0,1
"fatty acid beta-oxidation","C2_05_24",0,0,3.7e-24,0,1
"organelle localization by membrane tethering","C2_05_24",0,0,3.7e-24,0,1
"autophagosome maturation","C2_05_24",0,0,3.7e-24,0,1
"cellular response to transforming growth factor beta stimulus","C2_05_24",2,0,3.7e-24,1.58496250072116,0.0844
"nucleotide catabolic process","C2_05_24",0,0,3.7e-24,0,1
"tube closure","C2_05_24",1,0,3.7e-24,1,0.129
"regulation of stem cell differentiation","C2_05_24",0,0,3.7e-24,0,1
"substrate adhesion-dependent cell spreading","C2_05_24",0,0,3.7e-24,0,1
"chondrocyte differentiation","C2_05_24",0,0,3.7e-24,0,1
"regulation of fibroblast proliferation","C2_05_24",0,0,3.7e-24,0,1
"morphogenesis of an epithelial sheet","C2_05_24",0,0,3.7e-24,0,1
"microtubule polymerization","C2_05_24",0,0,3.7e-24,0,1
"response to virus","C2_05_24",2,1,3.7e-24,0.584962500721156,0.6365
"membrane assembly","C2_05_24",0,0,3.7e-24,0,1
"COPII vesicle coating","C2_05_24",0,0,3.7e-24,0,1
"erythrocyte differentiation","C2_05_24",0,0,3.7e-24,0,1
"organophosphate catabolic process","C2_05_24",0,0,3.7e-24,0,1
"regulation of embryonic development","C2_05_24",0,0,3.7e-24,0,1
"regulation of focal adhesion assembly","C2_05_24",1,0,3.7e-24,1,0.1244
"regulation of cell-substrate junction assembly","C2_05_24",0,0,3.7e-24,0,1
"regulation of extracellular matrix organization","C2_05_24",0,0,3.7e-24,0,1
"GPI anchor biosynthetic process","C2_05_24",0,0,3.7e-24,0,1
"lamellipodium organization","C2_05_24",0,0,3.7e-24,0,1
"positive regulation of stem cell population maintenance","C2_05_24",0,0,3.7e-24,0,1
"monosaccharide metabolic process","C2_05_24",2,0,3.7e-24,1.58496250072116,0.0776
"U2-type prespliceosome assembly","C2_05_24",0,0,3.7e-24,0,1
"heterochromatin formation","C2_05_24",0,0,3.7e-24,0,1
"peroxisome organization","C2_05_24",0,0,3.7e-24,0,1
"regulation of mitochondrial fission","C2_05_24",0,0,3.7e-24,0,1
"cellular pigmentation","C2_05_24",0,0,3.7e-24,0,1
"regulation of fibroblast migration","C2_05_24",0,0,3.7e-24,0,1
"cellular carbohydrate metabolic process","C2_05_24",0,0,3.7e-24,0,1
"positive regulation of axonogenesis","C2_05_24",0,0,3.7e-24,0,1
"kinetochore organization","C2_05_24",0,0,3.7e-24,0,1
"stem cell differentiation","C2_05_24",1,0,3.7e-24,1,0.3716
"proton transmembrane transport","C2_05_24",0,0,3.7e-24,0,1
"cellular response to insulin stimulus","C2_05_24",2,0,3.7e-24,1.58496250072116,0.0844
"establishment of mitotic spindle localization","C2_05_24",0,0,3.7e-24,0,1
"cell redox homeostasis","C2_05_24",0,0,3.7e-24,0,1
"stress granule assembly","C2_05_24",0,0,3.7e-24,0,1
"protein neddylation","C2_05_24",0,0,3.7e-24,0,1
"regulation of mitochondrial membrane potential","C2_05_24",0,0,3.7e-24,0,1
"neuron death","C2_05_24",0,1,3.7e-24,-1,0.5295
"defense response to virus","C2_05_24",0,0,3.7e-24,0,1
"sulfur compound metabolic process","C2_05_24",0,0,3.7e-24,0,1
"NADP metabolic process","C2_05_24",0,0,3.7e-24,0,1
"vacuolar acidification","C2_05_24",0,0,3.7e-24,0,1
"oligosaccharide-lipid intermediate biosynthetic process","C2_05_24",0,0,3.7e-24,0,1
"lysosomal lumen acidification","C2_05_24",0,0,3.7e-24,0,1
"glycosyl compound biosynthetic process","C2_05_24",0,0,3.7e-24,0,1
"heart valve development","C2_05_24",0,0,3.7e-24,0,1
"water-soluble vitamin metabolic process","C2_05_24",0,0,3.7e-24,0,1
"interferon-beta production","C2_05_24",0,0,3.7e-24,0,1
"regulation of interferon-beta production","C2_05_24",0,0,3.7e-24,0,1
"branched-chain amino acid metabolic process","C2_05_24",0,0,3.7e-24,0,1
"regulation of mitochondrial membrane permeability","C2_05_24",0,0,3.7e-24,0,1
"respiratory tube development","C2_05_24",0,0,3.7e-24,0,1
"cellular senescence","C2_05_24",0,0,3.7e-24,0,1
"positive regulation of neurogenesis","C2_05_24",0,0,3.7e-24,0,1
"mitochondrial outer membrane permeabilization","C2_05_24",0,0,3.7e-24,0,1
"immune system development","C2_05_24",0,0,3.7e-24,0,1
"clathrin-dependent endocytosis","C2_05_24",0,0,3.7e-24,0,1
"positive regulation of viral process","C2_05_24",0,0,3.7e-24,0,1
"bone development","C2_05_24",1,0,3.7e-24,1,0.3355
"cell-substrate adhesion","C2_05_24",0,0,3.7e-24,0,1
"positive regulation of microtubule polymerization","C2_05_24",0,0,3.7e-24,0,1
"pteridine-containing compound metabolic process","C2_05_24",0,0,3.7e-24,0,1
"response to arsenic-containing substance","C2_05_24",0,0,3.7e-24,0,1
"response to insulin","C2_05_24",1,0,3.7e-24,1,0.3965
"ubiquinone metabolic process","C2_05_24",0,0,3.7e-24,0,1
"cellular response to arsenic-containing substance","C2_05_24",0,0,3.7e-24,0,1
"inositol phosphate catabolic process","C2_05_24",2,0,3.7e-24,1.58496250072116,0.0013
"telomerase RNA localization to Cajal body","C2_05_24",0,0,3.7e-24,0,1
"respiratory system development","C2_05_24",0,0,3.7e-24,0,1
"regulation of generation of precursor metabolites and energy","C2_05_24",0,0,3.7e-24,0,1
"mitochondrial calcium ion homeostasis","C2_05_24",0,0,3.7e-24,0,1
"G0 to G1 transition","C2_05_24",0,0,3.7e-24,0,1
"mitochondrial genome maintenance","C2_05_24",0,0,3.7e-24,0,1
"release of cytochrome c from mitochondria","C2_05_24",0,0,3.7e-24,0,1
"cortical cytoskeleton organization","C2_05_24",0,0,3.7e-24,0,1
"response to sterol depletion","C2_05_24",0,0,3.7e-24,0,1
"regulation of ncRNA transcription","C2_05_24",0,0,3.7e-24,0,1
"mesenchymal cell differentiation","C2_05_24",0,0,3.7e-24,0,1
"protein-DNA complex subunit organization","C2_05_24",0,0,3.7e-24,0,1
"response to fluid shear stress","C2_05_24",0,0,3.7e-24,0,1
"collagen fibril organization","C2_05_24",0,0,3.7e-24,0,1
"roof of mouth development","C2_05_24",0,0,3.7e-24,0,1
"regulation of protein dephosphorylation","C2_05_24",0,0,3.7e-24,0,1
"multicellular organism growth","C2_05_24",1,0,3.7e-24,1,0.2665
"miRNA processing","C2_05_24",0,0,3.7e-24,0,1
"small molecule catabolic process","C2_05_24",3,0,3.7e-24,2,0.0268
"regulation of G0 to G1 transition","C2_05_24",0,0,3.7e-24,0,1
"circadian regulation of gene expression","C2_05_24",0,0,3.7e-24,0,1
"regulation of translational fidelity","C2_05_24",0,0,3.7e-24,0,1
"ubiquinone biosynthetic process","C2_05_24",0,0,3.7e-24,0,1
"mitochondrial calcium ion transmembrane transport","C2_05_24",0,0,3.7e-24,0,1
"quinone biosynthetic process","C2_05_24",0,0,3.7e-24,0,1
"viral release from host cell","C2_05_24",0,0,3.7e-24,0,1
"exit from host cell","C2_05_24",0,0,3.7e-24,0,1
"positive regulation of GTPase activity","C2_05_24",1,0,3.7e-24,1,0.367
"regulation of cytokinesis","C2_05_24",0,0,3.7e-24,0,1
"mitochondrion localization","C2_05_24",0,0,3.7e-24,0,1
"renal system development","C2_05_24",0,0,3.7e-24,0,1
"regulation of cysteine-type endopeptidase activity involved in apoptotic process","C2_05_24",0,0,3.7e-24,0,1
"regulation of cell-substrate adhesion","C2_05_24",0,0,3.7e-24,0,1
"centrosome localization","C2_05_24",0,0,3.7e-24,0,1
"microtubule organizing center localization","C2_05_24",0,0,3.7e-24,0,1
"pinocytosis","C2_05_24",0,0,3.7e-24,0,1
"lamellipodium assembly","C2_05_24",0,0,3.7e-24,0,1
"cellular response to sterol depletion","C2_05_24",0,0,3.7e-24,0,1
"placenta development","C2_05_24",0,0,3.7e-24,0,1
"rhythmic process","C2_05_24",0,0,3.7e-24,0,1
"spindle localization","C2_05_24",0,0,3.7e-24,0,1
"carbohydrate derivative catabolic process","C2_05_24",0,0,3.7e-24,0,1
"response to amino acid","C2_05_24",0,0,3.7e-24,0,1
"regulation of intracellular steroid hormone receptor signaling pathway","C2_05_24",0,0,3.7e-24,0,1
"regulation of neuron death","C2_05_24",1,0,3.7e-24,1,0.4139
"ossification","C2_05_24",0,1,3.7e-24,-1,0.5188
"mammary gland epithelial cell proliferation","C2_05_24",0,0,3.7e-24,0,1
"ribosomal subunit export from nucleus","C2_05_24",0,0,3.7e-24,0,1
"ribosome localization","C2_05_24",0,0,3.7e-24,0,1
"protein transport to vacuole involved in ubiquitin-dependent protein catabolic process via the multivesicular body sorting pathway","C2_05_24",0,0,3.7e-24,0,1
"seminiferous tubule development","C2_05_24",1,0,3.7e-24,1,0.0259
"cellular response to acid chemical","C2_05_24",0,0,3.7e-24,0,1
"positive regulation of kinase activity","C2_05_24",1,1,3.7e-24,0,1
"positive regulation by host of viral process","C2_05_24",0,0,3.7e-24,0,1
"mitochondrion morphogenesis","C2_05_24",0,0,3.7e-24,0,1
"regulation of establishment of cell polarity","C2_05_24",0,0,3.7e-24,0,1
"cellular lipid catabolic process","C2_05_24",0,0,3.7e-24,0,1
"neuron apoptotic process","C2_05_24",0,0,3.7e-24,0,1
"inner cell mass cell proliferation","C2_05_24",0,0,3.7e-24,0,1
"polyamine biosynthetic process","C2_05_24",0,0,3.7e-24,0,1
"folic acid metabolic process","C2_05_24",0,0,3.7e-24,0,1
"organelle inheritance","C2_05_24",0,0,3.7e-24,0,1
"polyol metabolic process","C2_05_24",0,0,3.7e-24,0,1
"regulation of type I interferon-mediated signaling pathway","C2_05_24",0,0,3.7e-24,0,1
"intracellular lipid transport","C2_05_24",0,0,3.7e-24,0,1
"fat cell differentiation","C2_05_24",0,0,3.7e-24,0,1
"iron ion homeostasis","C2_05_24",0,0,3.7e-24,0,1
"negative regulation of cell projection organization","C2_05_24",1,0,3.7e-24,1,0.2318
"dicarboxylic acid metabolic process","C2_05_24",0,0,3.7e-24,0,1
"regulation of anatomical structure size","C2_05_24",1,1,3.7e-24,0,1
"regulation of small molecule metabolic process","C2_05_24",1,0,3.7e-24,1,0.4522
"pentose-phosphate shunt","C2_05_24",0,0,3.7e-24,0,1
"pericardium development","C2_05_24",0,0,3.7e-24,0,1
"lysosomal protein catabolic process","C2_05_24",0,0,3.7e-24,0,1
"carbohydrate derivative transport","C2_05_24",0,0,3.7e-24,0,1
"alcohol biosynthetic process","C2_05_24",0,0,3.7e-24,0,1
"regulation of membrane permeability","C2_05_24",0,0,3.7e-24,0,1
"signal peptide processing","C2_05_24",0,0,3.7e-24,0,1
"UV-damage excision repair","C2_05_24",0,0,3.7e-24,0,1
"biological process involved in interaction with host","C2_05_24",0,0,3.7e-24,0,1
"body morphogenesis","C2_05_24",0,0,3.7e-24,0,1
"extracellular vesicle biogenesis","C2_05_24",0,0,3.7e-24,0,1
"negative regulation of defense response to virus","C2_05_24",0,0,3.7e-24,0,1
"aminoglycan biosynthetic process","C2_05_24",0,0,3.7e-24,0,1
"sterol biosynthetic process","C2_05_24",0,0,3.7e-24,0,1
"polyamine metabolic process","C2_05_24",0,0,3.7e-24,0,1
"magnesium ion transport","C2_05_24",0,0,3.7e-24,0,1
"lamellipodium morphogenesis","C2_05_24",0,0,3.7e-24,0,1
"positive regulation of neuron migration","C2_05_24",0,0,3.7e-24,0,1
"regulation of glucose metabolic process","C2_05_24",0,0,3.7e-24,0,1
"monosaccharide biosynthetic process","C2_05_24",3,0,3.7e-24,2,0.0011
"response to acid chemical","C2_05_24",0,0,3.7e-24,0,1
"regulation of carbohydrate metabolic process","C2_05_24",0,0,3.7e-24,0,1
"positive regulation of nervous system development","C2_05_24",0,0,3.7e-24,0,1
"regulation of circadian rhythm","C2_05_24",0,0,3.7e-24,0,1
"trabecula morphogenesis","C2_05_24",0,0,3.7e-24,0,1
"pigment accumulation","C2_05_24",0,0,3.7e-24,0,1
"cellular pigment accumulation","C2_05_24",0,0,3.7e-24,0,1
"regulation of pinocytosis","C2_05_24",0,0,3.7e-24,0,1
"regulation of ligase activity","C2_05_24",0,0,3.7e-24,0,1
"smoothened signaling pathway involved in dorsal/ventral neural tube patterning","C2_05_24",0,0,3.7e-24,0,1
"glycosyl compound metabolic process","C2_05_24",0,0,3.7e-24,0,1
"substantia nigra development","C2_05_24",0,0,3.7e-24,0,1
"negative regulation of GTPase activity","C2_05_24",0,0,3.7e-24,0,1
"axon extension","C2_05_24",1,0,3.7e-24,1,0.1962
"positive regulation of epithelial to mesenchymal transition","C2_05_24",0,0,3.7e-24,0,1
"one-carbon metabolic process","C2_05_24",0,0,3.7e-24,0,1
"NADPH regeneration","C2_05_24",0,0,3.7e-24,0,1
"cellular response to dsRNA","C2_05_24",0,0,3.7e-24,0,1
"neuron projection organization","C2_05_24",0,0,3.7e-24,0,1
"postsynapse organization","C2_05_24",0,0,3.7e-24,0,1
"regulation of ketone biosynthetic process","C2_05_24",1,0,3.7e-24,1,0.0437
"mitochondrion distribution","C2_05_24",0,0,3.7e-24,0,1
"regulation of autophagosome maturation","C2_05_24",0,0,3.7e-24,0,1
"magnesium ion transmembrane transport","C2_05_24",0,0,3.7e-24,0,1
"regulation of cell division","C2_05_24",0,0,3.7e-24,0,1
"intermembrane lipid transfer","C2_05_24",0,0,3.7e-24,0,1
"organophosphate ester transport","C2_05_24",0,0,3.7e-24,0,1
"movement in host","C2_05_24",0,0,3.7e-24,0,1
"extracellular matrix assembly","C2_05_24",0,0,3.7e-24,0,1
"cellular metabolic compound salvage","C2_05_24",0,0,3.7e-24,0,1
"regulation of ATP-dependent activity","C2_05_24",1,0,3.7e-24,1,0.1576
"cell migration involved in heart development","C2_05_24",0,0,3.7e-24,0,1
"cellular response to fluid shear stress","C2_05_24",0,0,3.7e-24,0,1
"sphingomyelin biosynthetic process","C2_05_24",0,0,3.7e-24,0,1
"ether lipid biosynthetic process","C2_05_24",0,0,3.7e-24,0,1
"embryonic body morphogenesis","C2_05_24",0,0,3.7e-24,0,1
"amino sugar biosynthetic process","C2_05_24",0,0,3.7e-24,0,1
"glycerol ether biosynthetic process","C2_05_24",0,0,3.7e-24,0,1
"pigmentation","C2_05_24",1,0,3.7e-24,1,0.1981
"cellular response to ketone","C2_05_24",0,0,3.7e-24,0,1
"nonribosomal peptide biosynthetic process","C2_05_24",0,0,3.7e-24,0,1
"glial cell apoptotic process","C2_05_24",0,0,3.7e-24,0,1
"lipoprotein catabolic process","C2_05_24",0,0,3.7e-24,0,1
"suppression of viral release by host","C2_05_24",0,0,3.7e-24,0,1
"chaperone-mediated autophagy","C2_05_24",0,0,3.7e-24,0,1
"regulation of steroid hormone biosynthetic process","C2_05_24",0,0,3.7e-24,0,1
"synaptic vesicle lumen acidification","C2_05_24",0,0,3.7e-24,0,1
"semaphorin-plexin signaling pathway involved in neuron projection guidance","C2_05_24",0,0,3.7e-24,0,1
"regulation of Golgi organization","C2_05_24",0,0,3.7e-24,0,1
"Schwann cell differentiation","C2_05_24",0,0,3.7e-24,0,1
"neurotrophin signaling pathway","C2_05_24",0,0,3.7e-24,0,1
"regulation of microtubule depolymerization","C2_05_24",0,0,3.7e-24,0,1
"basement membrane organization","C2_05_24",0,0,3.7e-24,0,1
"establishment or maintenance of epithelial cell apical/basal polarity","C2_05_24",1,0,3.7e-24,1,0.0704
"face development","C2_05_24",0,0,3.7e-24,0,1
"osteoblast differentiation","C2_05_24",0,0,3.7e-24,0,1
"appendage development","C2_05_24",0,0,3.7e-24,0,1
"limb development","C2_05_24",1,0,3.7e-24,1,0.3172
"regulation of ATP metabolic process","C2_05_24",0,0,3.7e-24,0,1
"developmental growth involved in morphogenesis","C2_05_24",0,0,3.7e-24,0,1
"embryonic organ development","C2_05_24",0,1,3.7e-24,-1,0.5119
"negative regulation of growth","C2_05_24",0,0,3.7e-24,0,1
"microtubule depolymerization","C2_05_24",0,0,3.7e-24,0,1
"heme metabolic process","C2_05_24",0,0,3.7e-24,0,1
"regulation of neuron apoptotic process","C2_05_24",2,0,3.7e-24,1.58496250072116,0.0601
"plasma membrane tubulation","C2_05_24",0,0,3.7e-24,0,1
"exosomal secretion","C2_05_24",0,0,3.7e-24,0,1
"vasculogenesis","C2_05_24",0,0,3.7e-24,0,1
"toxin transport","C2_05_24",0,0,3.7e-24,0,1
"ncRNA processing","C3_05_24",1,1,3.7e-24,0,1
"ribosome biogenesis","C3_05_24",0,1,3.7e-24,-1,0.4724
"rRNA metabolic process","C3_05_24",1,1,3.7e-24,0,1
"proteasome-mediated ubiquitin-dependent protein catabolic process","C3_05_24",0,1,3.7e-24,-1,0.4185
"regulation of response to DNA damage stimulus","C3_05_24",0,1,3.7e-24,-1,0.4778
"establishment of protein localization to organelle","C3_05_24",0,1,3.7e-24,-1,0.4189
"macroautophagy","C3_05_24",0,1,3.7e-24,-1,0.4908
"regulation of chromosome organization","C3_05_24",0,1,3.7e-24,-1,0.5274
"Golgi vesicle transport","C3_05_24",2,1,3.7e-24,0.584962500721156,0.6373
"double-strand break repair","C3_05_24",2,1,3.7e-24,0.584962500721156,0.6386
"histone modification","C3_05_24",1,1,3.7e-24,0,1
"sister chromatid segregation","C3_05_24",1,1,3.7e-24,0,1
"DNA replication","C3_05_24",1,1,3.7e-24,0,1
"chromosome segregation","C3_05_24",0,1,3.7e-24,-1,0.4278
"mitochondrial gene expression","C3_05_24",0,0,3.7e-24,0,1
"nucleocytoplasmic transport","C3_05_24",0,1,3.7e-24,-1,0.4722
"nuclear transport","C3_05_24",0,1,3.7e-24,-1,0.4685
"regulation of DNA repair","C3_05_24",0,0,3.7e-24,0,1
"peptidyl-lysine modification","C3_05_24",1,1,3.7e-24,0,1
"protein targeting","C3_05_24",2,1,3.7e-24,0.584962500721156,0.6325
"cytoplasmic translation","C3_05_24",0,0,3.7e-24,0,1
"regulation of autophagy","C3_05_24",1,1,3.7e-24,0,1
"signal transduction in response to DNA damage","C3_05_24",1,0,3.7e-24,1,0.3935
"regulation of intracellular transport","C3_05_24",0,1,3.7e-24,-1,0.5091
"protein localization to nucleus","C3_05_24",1,1,3.7e-24,0,1
"microtubule cytoskeleton organization involved in mitosis","C3_05_24",0,0,3.7e-24,0,1
"telomere maintenance","C3_05_24",0,0,3.7e-24,0,1
"cell cycle checkpoint signaling","C3_05_24",0,0,3.7e-24,0,1
"regulation of protein modification by small protein conjugation or removal","C3_05_24",0,0,3.7e-24,0,1
"cellular respiration","C3_05_24",0,1,3.7e-24,-1,0.5238
"cellular component disassembly","C3_05_24",0,1,3.7e-24,-1,0.4285
"nuclear chromosome segregation","C3_05_24",1,1,3.7e-24,0,1
"regulation of protein stability","C3_05_24",1,1,3.7e-24,0,1
"regulation of cell cycle phase transition","C3_05_24",0,1,3.7e-24,-1,0.4253
"regulation of protein catabolic process","C3_05_24",0,1,3.7e-24,-1,0.4376
"response to endoplasmic reticulum stress","C3_05_24",0,0,3.7e-24,0,1
"vesicle organization","C3_05_24",3,1,3.7e-24,1,0.4757
"mitochondrial respiratory chain complex assembly","C3_05_24",1,0,3.7e-24,1,0.2617
"DNA-templated transcription elongation","C3_05_24",0,0,3.7e-24,0,1
"mitochondrial transport","C3_05_24",0,0,3.7e-24,0,1
"establishment of organelle localization","C3_05_24",1,1,3.7e-24,0,1
"regulation of intracellular protein transport","C3_05_24",0,0,3.7e-24,0,1
"response to UV","C3_05_24",0,0,3.7e-24,0,1
"RNA localization","C3_05_24",2,0,3.7e-24,1.58496250072116,0.1067
"response to topologically incorrect protein","C3_05_24",1,0,3.7e-24,1,0.3415
"organelle fission","C3_05_24",0,1,3.7e-24,-1,0.4181
"non-membrane-bounded organelle assembly","C3_05_24",1,1,3.7e-24,0,1
"protein polyubiquitination","C3_05_24",1,0,3.7e-24,1,0.464
"methylation","C3_05_24",0,1,3.7e-24,-1,0.5086
"phospholipid biosynthetic process","C3_05_24",0,0,3.7e-24,0,1
"oxidative phosphorylation","C3_05_24",0,0,3.7e-24,0,1
"establishment of protein localization to membrane","C3_05_24",0,1,3.7e-24,-1,0.5225
"in utero embryonic development","C3_05_24",0,1,3.7e-24,-1,0.4393
"vacuole organization","C3_05_24",0,0,3.7e-24,0,1
"nuclear-transcribed mRNA catabolic process","C3_05_24",0,0,3.7e-24,0,1
"protein folding","C3_05_24",0,0,3.7e-24,0,1
"DNA conformation change","C3_05_24",1,0,3.7e-24,1,0.2085
"regulation of chromosome segregation","C3_05_24",0,0,3.7e-24,0,1
"regulation of apoptotic signaling pathway","C3_05_24",0,1,3.7e-24,-1,0.463
"cell cycle G2/M phase transition","C3_05_24",0,0,3.7e-24,0,1
"vacuolar transport","C3_05_24",1,0,3.7e-24,1,0.3706
"response to ionizing radiation","C3_05_24",0,0,3.7e-24,0,1
"cellular response to UV","C3_05_24",0,0,3.7e-24,0,1
"regulation of binding","C3_05_24",0,1,3.7e-24,-1,0.46
"nucleic acid transport","C3_05_24",0,0,3.7e-24,0,1
"RNA transport","C3_05_24",0,0,3.7e-24,0,1
"ribonucleoprotein complex subunit organization","C3_05_24",1,0,3.7e-24,1,0.4358
"regulation of DNA replication","C3_05_24",0,0,3.7e-24,0,1
"ribose phosphate metabolic process","C3_05_24",2,1,3.7e-24,0.584962500721156,0.6408
"proton motive force-driven ATP synthesis","C3_05_24",0,0,3.7e-24,0,1
"ribonucleotide metabolic process","C3_05_24",0,1,3.7e-24,-1,0.4427
"telomere organization","C3_05_24",1,0,3.7e-24,1,0.3822
"cellular response to topologically incorrect protein","C3_05_24",0,0,3.7e-24,0,1
"Golgi organization","C3_05_24",1,0,3.7e-24,1,0.3298
"ribonucleoprotein complex assembly","C3_05_24",1,0,3.7e-24,1,0.4142
"cellular nitrogen compound catabolic process","C3_05_24",0,1,3.7e-24,-1,0.4252
"negative regulation of phosphorus metabolic process","C3_05_24",1,1,3.7e-24,0,1
"heterocycle catabolic process","C3_05_24",1,1,3.7e-24,0,1
"mitochondrial membrane organization","C3_05_24",0,0,3.7e-24,0,1
"regulation of protein-containing complex assembly","C3_05_24",0,1,3.7e-24,-1,0.4656
"positive regulation of cellular component biogenesis","C3_05_24",1,1,3.7e-24,0,1
"response to oxidative stress","C3_05_24",1,1,3.7e-24,0,1
"regulation of supramolecular fiber organization","C3_05_24",1,1,3.7e-24,0,1
"positive regulation of protein localization","C3_05_24",3,1,3.7e-24,1,0.4328
"positive regulation of cell projection organization","C3_05_24",1,1,3.7e-24,0,1
"negative regulation of transferase activity","C3_05_24",1,0,3.7e-24,1,0.4717
"autophagy of mitochondrion","C3_05_24",0,0,3.7e-24,0,1
"positive regulation of amide metabolic process","C3_05_24",0,0,3.7e-24,0,1
"chromatin remodeling","C3_05_24",0,1,3.7e-24,-1,0.4877
"viral process","C3_05_24",1,1,3.7e-24,0,1
"macromolecule deacylation","C3_05_24",1,0,3.7e-24,1,0.3125
"mitotic cytokinesis","C3_05_24",0,0,3.7e-24,0,1
"aromatic compound catabolic process","C3_05_24",2,1,3.7e-24,0.584962500721156,0.6363
"vesicle localization","C3_05_24",0,0,3.7e-24,0,1
"establishment or maintenance of cell polarity","C3_05_24",0,0,3.7e-24,0,1
"Wnt signaling pathway","C3_05_24",0,1,3.7e-24,-1,0.4333
"cell-cell signaling by wnt","C3_05_24",1,1,3.7e-24,0,1
"ATP metabolic process","C3_05_24",0,0,3.7e-24,0,1
"cellular response to chemical stress","C3_05_24",0,1,3.7e-24,-1,0.5197
"regulation of vacuole organization","C3_05_24",0,0,3.7e-24,0,1
"cellular response to external stimulus","C3_05_24",0,1,3.7e-24,-1,0.492
"negative regulation of protein phosphorylation","C3_05_24",0,1,3.7e-24,-1,0.506
"negative regulation of catabolic process","C3_05_24",2,1,3.7e-24,0.584962500721156,0.6516
"regulation of microtubule cytoskeleton organization","C3_05_24",0,0,3.7e-24,0,1
"chromosome localization","C3_05_24",0,0,3.7e-24,0,1
"negative regulation of mitotic nuclear division","C3_05_24",0,0,3.7e-24,0,1
"regulation of actin filament organization","C3_05_24",1,0,3.7e-24,1,0.4836
"dephosphorylation","C3_05_24",1,1,3.7e-24,0,1
"glycosylation","C3_05_24",2,0,3.7e-24,1.58496250072116,0.0866
"positive regulation of establishment of protein localization","C3_05_24",1,1,3.7e-24,0,1
"regulation of microtubule-based process","C3_05_24",0,0,3.7e-24,0,1
"cell-substrate junction organization","C3_05_24",0,0,3.7e-24,0,1
"protein-containing complex localization","C3_05_24",0,0,3.7e-24,0,1
"mitochondrial transmembrane transport","C3_05_24",0,0,3.7e-24,0,1
"stem cell population maintenance","C3_05_24",0,0,3.7e-24,0,1
"ribosome assembly","C3_05_24",0,0,3.7e-24,0,1
"intraciliary transport","C3_05_24",1,0,3.7e-24,1,0.1264
"Golgi to plasma membrane protein transport","C3_05_24",0,0,3.7e-24,0,1
"response to amino acid starvation","C3_05_24",0,0,3.7e-24,0,1
"cellular response to extracellular stimulus","C3_05_24",3,0,3.7e-24,2,0.0296
"cell growth","C3_05_24",1,1,3.7e-24,0,1
"protein glycosylation","C3_05_24",0,0,3.7e-24,0,1
"macromolecule glycosylation","C3_05_24",1,0,3.7e-24,1,0.4061
"maintenance of cell number","C3_05_24",0,0,3.7e-24,0,1
"response to reactive oxygen species","C3_05_24",0,0,3.7e-24,0,1
"regulation of cell morphogenesis","C3_05_24",0,0,3.7e-24,0,1
"regulation of cellular component size","C3_05_24",0,1,3.7e-24,-1,0.4584
"cell-substrate junction assembly","C3_05_24",0,0,3.7e-24,0,1
"membrane fission","C3_05_24",0,0,3.7e-24,0,1
"membrane docking","C3_05_24",0,0,3.7e-24,0,1
"fibroblast migration","C3_05_24",0,0,3.7e-24,0,1
"nucleus organization","C3_05_24",0,0,3.7e-24,0,1
"regulation of cell growth","C3_05_24",0,1,3.7e-24,-1,0.4596
"fibroblast proliferation","C3_05_24",0,0,3.7e-24,0,1
"cell cycle G1/S phase transition","C3_05_24",0,0,3.7e-24,0,1
"actin filament organization","C3_05_24",1,1,3.7e-24,0,1
"response to oxygen levels","C3_05_24",2,1,3.7e-24,0.584962500721156,0.6437
"epigenetic regulation of gene expression","C3_05_24",0,0,3.7e-24,0,1
"organelle fusion","C3_05_24",0,0,3.7e-24,0,1
"lipoprotein metabolic process","C3_05_24",1,0,3.7e-24,1,0.3361
"protein lipidation","C3_05_24",1,0,3.7e-24,1,0.2282
"regulation of plasma membrane bounded cell projection assembly","C3_05_24",0,0,3.7e-24,0,1
"regulation of actin filament-based process","C3_05_24",0,1,3.7e-24,-1,0.453
"regulation of GTPase activity","C3_05_24",0,1,3.7e-24,-1,0.5177
"nuclear envelope organization","C3_05_24",0,0,3.7e-24,0,1
"protein autophosphorylation","C3_05_24",0,0,3.7e-24,0,1
"connective tissue development","C3_05_24",2,0,3.7e-24,1.58496250072116,0.1471
"cellular response to heat","C3_05_24",0,0,3.7e-24,0,1
"myeloid cell homeostasis","C3_05_24",0,0,3.7e-24,0,1
"regulation of neuron projection development","C3_05_24",0,1,3.7e-24,-1,0.4375
"receptor metabolic process","C3_05_24",0,0,3.7e-24,0,1
"maintenance of protein location in cell","C3_05_24",0,0,3.7e-24,0,1
"apoptotic mitochondrial changes","C3_05_24",0,0,3.7e-24,0,1
"response to transforming growth factor beta","C3_05_24",0,0,3.7e-24,0,1
"neural tube development","C3_05_24",0,0,3.7e-24,0,1
"maintenance of protein location","C3_05_24",0,0,3.7e-24,0,1
"regulation of ubiquitin-protein transferase activity","C3_05_24",0,0,3.7e-24,0,1
"cilium assembly","C3_05_24",1,1,3.7e-24,0,1
"mRNA export from nucleus","C3_05_24",0,0,3.7e-24,0,1
"regulation of cell-substrate junction organization","C3_05_24",0,0,3.7e-24,0,1
"membrane biogenesis","C3_05_24",0,0,3.7e-24,0,1
"cilium organization","C3_05_24",2,1,3.7e-24,0.584962500721156,0.6299
"platelet-derived growth factor receptor signaling pathway","C3_05_24",1,0,3.7e-24,1,0.1962
"iron-sulfur cluster assembly","C3_05_24",0,0,3.7e-24,0,1
"metallo-sulfur cluster assembly","C3_05_24",0,0,3.7e-24,0,1
"centromere complex assembly","C3_05_24",0,0,3.7e-24,0,1
"cellular response to oxygen levels","C3_05_24",0,0,3.7e-24,0,1
"fatty acid beta-oxidation","C3_05_24",1,0,3.7e-24,1,0.1694
"organelle localization by membrane tethering","C3_05_24",1,0,3.7e-24,1,0.208
"autophagosome maturation","C3_05_24",0,0,3.7e-24,0,1
"cellular response to transforming growth factor beta stimulus","C3_05_24",0,0,3.7e-24,0,1
"nucleotide catabolic process","C3_05_24",1,0,3.7e-24,1,0.161
"tube closure","C3_05_24",0,0,3.7e-24,0,1
"regulation of stem cell differentiation","C3_05_24",1,0,3.7e-24,1,0.1799
"substrate adhesion-dependent cell spreading","C3_05_24",0,0,3.7e-24,0,1
"chondrocyte differentiation","C3_05_24",0,0,3.7e-24,0,1
"regulation of fibroblast proliferation","C3_05_24",0,0,3.7e-24,0,1
"morphogenesis of an epithelial sheet","C3_05_24",0,0,3.7e-24,0,1
"microtubule polymerization","C3_05_24",0,0,3.7e-24,0,1
"response to virus","C3_05_24",1,1,3.7e-24,0,1
"membrane assembly","C3_05_24",0,0,3.7e-24,0,1
"COPII vesicle coating","C3_05_24",0,0,3.7e-24,0,1
"erythrocyte differentiation","C3_05_24",0,0,3.7e-24,0,1
"organophosphate catabolic process","C3_05_24",0,0,3.7e-24,0,1
"regulation of embryonic development","C3_05_24",0,0,3.7e-24,0,1
"regulation of focal adhesion assembly","C3_05_24",0,0,3.7e-24,0,1
"regulation of cell-substrate junction assembly","C3_05_24",0,0,3.7e-24,0,1
"regulation of extracellular matrix organization","C3_05_24",0,0,3.7e-24,0,1
"GPI anchor biosynthetic process","C3_05_24",1,0,3.7e-24,1,0.0778
"lamellipodium organization","C3_05_24",0,0,3.7e-24,0,1
"positive regulation of stem cell population maintenance","C3_05_24",0,0,3.7e-24,0,1
"monosaccharide metabolic process","C3_05_24",0,0,3.7e-24,0,1
"U2-type prespliceosome assembly","C3_05_24",0,0,3.7e-24,0,1
"heterochromatin formation","C3_05_24",0,0,3.7e-24,0,1
"peroxisome organization","C3_05_24",0,0,3.7e-24,0,1
"regulation of mitochondrial fission","C3_05_24",0,0,3.7e-24,0,1
"cellular pigmentation","C3_05_24",0,0,3.7e-24,0,1
"regulation of fibroblast migration","C3_05_24",0,0,3.7e-24,0,1
"cellular carbohydrate metabolic process","C3_05_24",1,0,3.7e-24,1,0.4564
"positive regulation of axonogenesis","C3_05_24",1,0,3.7e-24,1,0.1878
"kinetochore organization","C3_05_24",0,0,3.7e-24,0,1
"stem cell differentiation","C3_05_24",0,0,3.7e-24,0,1
"proton transmembrane transport","C3_05_24",0,0,3.7e-24,0,1
"cellular response to insulin stimulus","C3_05_24",1,0,3.7e-24,1,0.4303
"establishment of mitotic spindle localization","C3_05_24",0,0,3.7e-24,0,1
"cell redox homeostasis","C3_05_24",0,0,3.7e-24,0,1
"stress granule assembly","C3_05_24",0,0,3.7e-24,0,1
"protein neddylation","C3_05_24",0,0,3.7e-24,0,1
"regulation of mitochondrial membrane potential","C3_05_24",0,0,3.7e-24,0,1
"neuron death","C3_05_24",2,1,3.7e-24,0.584962500721156,0.6362
"defense response to virus","C3_05_24",0,1,3.7e-24,-1,0.531
"sulfur compound metabolic process","C3_05_24",1,1,3.7e-24,0,1
"NADP metabolic process","C3_05_24",0,0,3.7e-24,0,1
"vacuolar acidification","C3_05_24",0,0,3.7e-24,0,1
"oligosaccharide-lipid intermediate biosynthetic process","C3_05_24",0,0,3.7e-24,0,1
"lysosomal lumen acidification","C3_05_24",0,0,3.7e-24,0,1
"glycosyl compound biosynthetic process","C3_05_24",0,0,3.7e-24,0,1
"heart valve development","C3_05_24",0,0,3.7e-24,0,1
"water-soluble vitamin metabolic process","C3_05_24",0,0,3.7e-24,0,1
"interferon-beta production","C3_05_24",0,0,3.7e-24,0,1
"regulation of interferon-beta production","C3_05_24",0,0,3.7e-24,0,1
"branched-chain amino acid metabolic process","C3_05_24",0,0,3.7e-24,0,1
"regulation of mitochondrial membrane permeability","C3_05_24",0,0,3.7e-24,0,1
"respiratory tube development","C3_05_24",0,0,3.7e-24,0,1
"cellular senescence","C3_05_24",0,0,3.7e-24,0,1
"positive regulation of neurogenesis","C3_05_24",1,0,3.7e-24,1,0.4096
"mitochondrial outer membrane permeabilization","C3_05_24",0,0,3.7e-24,0,1
"immune system development","C3_05_24",0,0,3.7e-24,0,1
"clathrin-dependent endocytosis","C3_05_24",1,0,3.7e-24,1,0.0848
"positive regulation of viral process","C3_05_24",0,0,3.7e-24,0,1
"bone development","C3_05_24",1,0,3.7e-24,1,0.4461
"cell-substrate adhesion","C3_05_24",0,1,3.7e-24,-1,0.512
"positive regulation of microtubule polymerization","C3_05_24",0,0,3.7e-24,0,1
"pteridine-containing compound metabolic process","C3_05_24",0,0,3.7e-24,0,1
"response to arsenic-containing substance","C3_05_24",0,0,3.7e-24,0,1
"response to insulin","C3_05_24",0,0,3.7e-24,0,1
"ubiquinone metabolic process","C3_05_24",0,0,3.7e-24,0,1
"cellular response to arsenic-containing substance","C3_05_24",0,0,3.7e-24,0,1
"inositol phosphate catabolic process","C3_05_24",0,0,3.7e-24,0,1
"telomerase RNA localization to Cajal body","C3_05_24",0,0,3.7e-24,0,1
"respiratory system development","C3_05_24",0,0,3.7e-24,0,1
"regulation of generation of precursor metabolites and energy","C3_05_24",1,0,3.7e-24,1,0.2747
"mitochondrial calcium ion homeostasis","C3_05_24",1,0,3.7e-24,1,0.0545
"G0 to G1 transition","C3_05_24",0,0,3.7e-24,0,1
"mitochondrial genome maintenance","C3_05_24",0,0,3.7e-24,0,1
"release of cytochrome c from mitochondria","C3_05_24",0,0,3.7e-24,0,1
"cortical cytoskeleton organization","C3_05_24",0,0,3.7e-24,0,1
"response to sterol depletion","C3_05_24",0,0,3.7e-24,0,1
"regulation of ncRNA transcription","C3_05_24",0,0,3.7e-24,0,1
"mesenchymal cell differentiation","C3_05_24",0,0,3.7e-24,0,1
"protein-DNA complex subunit organization","C3_05_24",0,0,3.7e-24,0,1
"response to fluid shear stress","C3_05_24",0,0,3.7e-24,0,1
"collagen fibril organization","C3_05_24",0,0,3.7e-24,0,1
"roof of mouth development","C3_05_24",0,0,3.7e-24,0,1
"regulation of protein dephosphorylation","C3_05_24",0,0,3.7e-24,0,1
"multicellular organism growth","C3_05_24",0,0,3.7e-24,0,1
"miRNA processing","C3_05_24",0,0,3.7e-24,0,1
"small molecule catabolic process","C3_05_24",0,1,3.7e-24,-1,0.4937
"regulation of G0 to G1 transition","C3_05_24",0,0,3.7e-24,0,1
"circadian regulation of gene expression","C3_05_24",0,0,3.7e-24,0,1
"regulation of translational fidelity","C3_05_24",0,0,3.7e-24,0,1
"ubiquinone biosynthetic process","C3_05_24",0,0,3.7e-24,0,1
"mitochondrial calcium ion transmembrane transport","C3_05_24",0,0,3.7e-24,0,1
"quinone biosynthetic process","C3_05_24",1,0,3.7e-24,1,0.0564
"viral release from host cell","C3_05_24",0,0,3.7e-24,0,1
"exit from host cell","C3_05_24",0,0,3.7e-24,0,1
"positive regulation of GTPase activity","C3_05_24",2,0,3.7e-24,1.58496250072116,0.105
"regulation of cytokinesis","C3_05_24",0,0,3.7e-24,0,1
"mitochondrion localization","C3_05_24",0,0,3.7e-24,0,1
"renal system development","C3_05_24",1,0,3.7e-24,1,0.4696
"regulation of cysteine-type endopeptidase activity involved in apoptotic process","C3_05_24",0,0,3.7e-24,0,1
"regulation of cell-substrate adhesion","C3_05_24",0,0,3.7e-24,0,1
"centrosome localization","C3_05_24",0,0,3.7e-24,0,1
"microtubule organizing center localization","C3_05_24",0,0,3.7e-24,0,1
"pinocytosis","C3_05_24",0,0,3.7e-24,0,1
"lamellipodium assembly","C3_05_24",0,0,3.7e-24,0,1
"cellular response to sterol depletion","C3_05_24",0,0,3.7e-24,0,1
"placenta development","C3_05_24",0,0,3.7e-24,0,1
"rhythmic process","C3_05_24",1,0,3.7e-24,1,0.4888
"spindle localization","C3_05_24",0,0,3.7e-24,0,1
"carbohydrate derivative catabolic process","C3_05_24",0,0,3.7e-24,0,1
"response to amino acid","C3_05_24",0,0,3.7e-24,0,1
"regulation of intracellular steroid hormone receptor signaling pathway","C3_05_24",0,0,3.7e-24,0,1
"regulation of neuron death","C3_05_24",2,0,3.7e-24,1.58496250072116,0.1305
"ossification","C3_05_24",1,1,3.7e-24,0,1
"mammary gland epithelial cell proliferation","C3_05_24",0,0,3.7e-24,0,1
"ribosomal subunit export from nucleus","C3_05_24",0,0,3.7e-24,0,1
"ribosome localization","C3_05_24",0,0,3.7e-24,0,1
"protein transport to vacuole involved in ubiquitin-dependent protein catabolic process via the multivesicular body sorting pathway","C3_05_24",0,0,3.7e-24,0,1
"seminiferous tubule development","C3_05_24",0,0,3.7e-24,0,1
"cellular response to acid chemical","C3_05_24",1,0,3.7e-24,1,0.1981
"positive regulation of kinase activity","C3_05_24",1,1,3.7e-24,0,1
"positive regulation by host of viral process","C3_05_24",0,0,3.7e-24,0,1
"mitochondrion morphogenesis","C3_05_24",0,0,3.7e-24,0,1
"regulation of establishment of cell polarity","C3_05_24",0,0,3.7e-24,0,1
"cellular lipid catabolic process","C3_05_24",1,0,3.7e-24,1,0.396
"neuron apoptotic process","C3_05_24",0,0,3.7e-24,0,1
"inner cell mass cell proliferation","C3_05_24",0,0,3.7e-24,0,1
"polyamine biosynthetic process","C3_05_24",0,0,3.7e-24,0,1
"folic acid metabolic process","C3_05_24",0,0,3.7e-24,0,1
"organelle inheritance","C3_05_24",0,0,3.7e-24,0,1
"polyol metabolic process","C3_05_24",0,0,3.7e-24,0,1
"regulation of type I interferon-mediated signaling pathway","C3_05_24",0,0,3.7e-24,0,1
"intracellular lipid transport","C3_05_24",0,0,3.7e-24,0,1
"fat cell differentiation","C3_05_24",0,0,3.7e-24,0,1
"iron ion homeostasis","C3_05_24",1,0,3.7e-24,1,0.1676
"negative regulation of cell projection organization","C3_05_24",0,0,3.7e-24,0,1
"dicarboxylic acid metabolic process","C3_05_24",1,0,3.7e-24,1,0.207
"regulation of anatomical structure size","C3_05_24",0,1,3.7e-24,-1,0.4422
"regulation of small molecule metabolic process","C3_05_24",1,1,3.7e-24,0,1
"pentose-phosphate shunt","C3_05_24",0,0,3.7e-24,0,1
"pericardium development","C3_05_24",0,0,3.7e-24,0,1
"lysosomal protein catabolic process","C3_05_24",0,0,3.7e-24,0,1
"carbohydrate derivative transport","C3_05_24",0,0,3.7e-24,0,1
"alcohol biosynthetic process","C3_05_24",0,0,3.7e-24,0,1
"regulation of membrane permeability","C3_05_24",0,0,3.7e-24,0,1
"signal peptide processing","C3_05_24",0,0,3.7e-24,0,1
"UV-damage excision repair","C3_05_24",0,0,3.7e-24,0,1
"biological process involved in interaction with host","C3_05_24",0,0,3.7e-24,0,1
"body morphogenesis","C3_05_24",0,0,3.7e-24,0,1
"extracellular vesicle biogenesis","C3_05_24",0,0,3.7e-24,0,1
"negative regulation of defense response to virus","C3_05_24",0,0,3.7e-24,0,1
"aminoglycan biosynthetic process","C3_05_24",0,0,3.7e-24,0,1
"sterol biosynthetic process","C3_05_24",0,0,3.7e-24,0,1
"polyamine metabolic process","C3_05_24",0,0,3.7e-24,0,1
"magnesium ion transport","C3_05_24",0,0,3.7e-24,0,1
"lamellipodium morphogenesis","C3_05_24",0,0,3.7e-24,0,1
"positive regulation of neuron migration","C3_05_24",0,0,3.7e-24,0,1
"regulation of glucose metabolic process","C3_05_24",0,0,3.7e-24,0,1
"monosaccharide biosynthetic process","C3_05_24",0,0,3.7e-24,0,1
"response to acid chemical","C3_05_24",0,0,3.7e-24,0,1
"regulation of carbohydrate metabolic process","C3_05_24",0,0,3.7e-24,0,1
"positive regulation of nervous system development","C3_05_24",2,0,3.7e-24,1.58496250072116,0.1264
"regulation of circadian rhythm","C3_05_24",2,0,3.7e-24,1.58496250072116,0.0295
"trabecula morphogenesis","C3_05_24",0,0,3.7e-24,0,1
"pigment accumulation","C3_05_24",1,0,3.7e-24,1,0.045
"cellular pigment accumulation","C3_05_24",0,0,3.7e-24,0,1
"regulation of pinocytosis","C3_05_24",0,0,3.7e-24,0,1
"regulation of ligase activity","C3_05_24",0,0,3.7e-24,0,1
"smoothened signaling pathway involved in dorsal/ventral neural tube patterning","C3_05_24",0,0,3.7e-24,0,1
"glycosyl compound metabolic process","C3_05_24",0,0,3.7e-24,0,1
"substantia nigra development","C3_05_24",0,0,3.7e-24,0,1
"negative regulation of GTPase activity","C3_05_24",0,0,3.7e-24,0,1
"axon extension","C3_05_24",1,0,3.7e-24,1,0.2312
"positive regulation of epithelial to mesenchymal transition","C3_05_24",0,0,3.7e-24,0,1
"one-carbon metabolic process","C3_05_24",0,0,3.7e-24,0,1
"NADPH regeneration","C3_05_24",0,0,3.7e-24,0,1
"cellular response to dsRNA","C3_05_24",0,0,3.7e-24,0,1
"neuron projection organization","C3_05_24",0,0,3.7e-24,0,1
"postsynapse organization","C3_05_24",0,0,3.7e-24,0,1
"regulation of ketone biosynthetic process","C3_05_24",0,0,3.7e-24,0,1
"mitochondrion distribution","C3_05_24",0,0,3.7e-24,0,1
"regulation of autophagosome maturation","C3_05_24",0,0,3.7e-24,0,1
"magnesium ion transmembrane transport","C3_05_24",1,0,3.7e-24,1,0.0631
"regulation of cell division","C3_05_24",0,0,3.7e-24,0,1
"intermembrane lipid transfer","C3_05_24",0,0,3.7e-24,0,1
"organophosphate ester transport","C3_05_24",0,0,3.7e-24,0,1
"movement in host","C3_05_24",0,0,3.7e-24,0,1
"extracellular matrix assembly","C3_05_24",0,0,3.7e-24,0,1
"cellular metabolic compound salvage","C3_05_24",0,0,3.7e-24,0,1
"regulation of ATP-dependent activity","C3_05_24",0,0,3.7e-24,0,1
"cell migration involved in heart development","C3_05_24",0,0,3.7e-24,0,1
"cellular response to fluid shear stress","C3_05_24",0,0,3.7e-24,0,1
"sphingomyelin biosynthetic process","C3_05_24",0,0,3.7e-24,0,1
"ether lipid biosynthetic process","C3_05_24",0,0,3.7e-24,0,1
"embryonic body morphogenesis","C3_05_24",0,0,3.7e-24,0,1
"amino sugar biosynthetic process","C3_05_24",0,0,3.7e-24,0,1
"glycerol ether biosynthetic process","C3_05_24",0,0,3.7e-24,0,1
"pigmentation","C3_05_24",0,0,3.7e-24,0,1
"cellular response to ketone","C3_05_24",0,0,3.7e-24,0,1
"nonribosomal peptide biosynthetic process","C3_05_24",0,0,3.7e-24,0,1
"glial cell apoptotic process","C3_05_24",0,0,3.7e-24,0,1
"lipoprotein catabolic process","C3_05_24",0,0,3.7e-24,0,1
"suppression of viral release by host","C3_05_24",0,0,3.7e-24,0,1
"chaperone-mediated autophagy","C3_05_24",0,0,3.7e-24,0,1
"regulation of steroid hormone biosynthetic process","C3_05_24",0,0,3.7e-24,0,1
"synaptic vesicle lumen acidification","C3_05_24",0,0,3.7e-24,0,1
"semaphorin-plexin signaling pathway involved in neuron projection guidance","C3_05_24",0,0,3.7e-24,0,1
"regulation of Golgi organization","C3_05_24",0,0,3.7e-24,0,1
"Schwann cell differentiation","C3_05_24",0,0,3.7e-24,0,1
"neurotrophin signaling pathway","C3_05_24",0,0,3.7e-24,0,1
"regulation of microtubule depolymerization","C3_05_24",0,0,3.7e-24,0,1
"basement membrane organization","C3_05_24",0,0,3.7e-24,0,1
"establishment or maintenance of epithelial cell apical/basal polarity","C3_05_24",0,0,3.7e-24,0,1
"face development","C3_05_24",0,0,3.7e-24,0,1
"osteoblast differentiation","C3_05_24",0,0,3.7e-24,0,1
"appendage development","C3_05_24",0,0,3.7e-24,0,1
"limb development","C3_05_24",0,0,3.7e-24,0,1
"regulation of ATP metabolic process","C3_05_24",0,0,3.7e-24,0,1
"developmental growth involved in morphogenesis","C3_05_24",0,0,3.7e-24,0,1
"embryonic organ development","C3_05_24",2,1,3.7e-24,0.584962500721156,0.6241
"negative regulation of growth","C3_05_24",0,0,3.7e-24,0,1
"microtubule depolymerization","C3_05_24",0,0,3.7e-24,0,1
"heme metabolic process","C3_05_24",0,0,3.7e-24,0,1
"regulation of neuron apoptotic process","C3_05_24",0,0,3.7e-24,0,1
"plasma membrane tubulation","C3_05_24",0,0,3.7e-24,0,1
"exosomal secretion","C3_05_24",0,0,3.7e-24,0,1
"vasculogenesis","C3_05_24",1,0,3.7e-24,1,0.1926
"toxin transport","C3_05_24",0,0,3.7e-24,0,1
"ncRNA processing","E1_06_14",7,6,3.7e-24,0.192645077942396,0.8404
"ribosome biogenesis","E1_06_14",6,4,3.7e-24,0.485426827170242,0.4484
"rRNA metabolic process","E1_06_14",3,3,3.7e-24,0,1
"proteasome-mediated ubiquitin-dependent protein catabolic process","E1_06_14",5,6,3.7e-24,-0.222392421336448,0.7079
"regulation of response to DNA damage stimulus","E1_06_14",1,4,3.7e-24,-1.32192809488736,0.0865
"establishment of protein localization to organelle","E1_06_14",6,6,3.7e-24,0,1
"macroautophagy","E1_06_14",5,4,3.7e-24,0.263034405833794,0.8008
"regulation of chromosome organization","E1_06_14",3,3,3.7e-24,0,1
"Golgi vesicle transport","E1_06_14",1,4,3.7e-24,-1.32192809488736,0.0857
"double-strand break repair","E1_06_14",3,4,3.7e-24,-0.321928094887362,0.6451
"histone modification","E1_06_14",4,6,3.7e-24,-0.485426827170242,0.441
"sister chromatid segregation","E1_06_14",2,3,3.7e-24,-0.415037499278844,0.5896
"DNA replication","E1_06_14",0,4,3.7e-24,-2.32192809488736,0.0198
"chromosome segregation","E1_06_14",4,5,3.7e-24,-0.263034405833794,0.6724
"mitochondrial gene expression","E1_06_14",2,2,3.7e-24,0,1
"nucleocytoplasmic transport","E1_06_14",5,4,3.7e-24,0.263034405833794,0.8008
"nuclear transport","E1_06_14",2,4,3.7e-24,-0.736965594166206,0.2576
"regulation of DNA repair","E1_06_14",4,3,3.7e-24,0.321928094887362,0.7827
"peptidyl-lysine modification","E1_06_14",1,4,3.7e-24,-1.32192809488736,0.0586
"protein targeting","E1_06_14",4,4,3.7e-24,0,1
"cytoplasmic translation","E1_06_14",1,2,3.7e-24,-0.584962500721156,0.5363
"regulation of autophagy","E1_06_14",3,5,3.7e-24,-0.584962500721156,0.3566
"signal transduction in response to DNA damage","E1_06_14",3,2,3.7e-24,0.415037499278844,0.7517
"regulation of intracellular transport","E1_06_14",2,4,3.7e-24,-0.736965594166206,0.298
"protein localization to nucleus","E1_06_14",3,3,3.7e-24,0,1
"microtubule cytoskeleton organization involved in mitosis","E1_06_14",3,2,3.7e-24,0.415037499278844,0.7337
"telomere maintenance","E1_06_14",3,2,3.7e-24,0.415037499278844,0.7472
"cell cycle checkpoint signaling","E1_06_14",3,2,3.7e-24,0.415037499278844,0.7445
"regulation of protein modification by small protein conjugation or removal","E1_06_14",3,3,3.7e-24,0,1
"cellular respiration","E1_06_14",1,3,3.7e-24,-1,0.2034
"cellular component disassembly","E1_06_14",6,5,3.7e-24,0.222392421336448,0.8282
"nuclear chromosome segregation","E1_06_14",4,5,3.7e-24,-0.263034405833794,0.6895
"regulation of protein stability","E1_06_14",4,4,3.7e-24,0,1
"regulation of cell cycle phase transition","E1_06_14",8,5,3.7e-24,0.584962500721156,0.3962
"regulation of protein catabolic process","E1_06_14",3,5,3.7e-24,-0.584962500721156,0.3478
"response to endoplasmic reticulum stress","E1_06_14",3,3,3.7e-24,0,1
"vesicle organization","E1_06_14",2,4,3.7e-24,-0.736965594166206,0.2576
"mitochondrial respiratory chain complex assembly","E1_06_14",2,1,3.7e-24,0.584962500721156,0.6566
"DNA-templated transcription elongation","E1_06_14",3,2,3.7e-24,0.415037499278844,0.7335
"mitochondrial transport","E1_06_14",2,3,3.7e-24,-0.415037499278844,0.6284
"establishment of organelle localization","E1_06_14",3,5,3.7e-24,-0.584962500721156,0.3132
"regulation of intracellular protein transport","E1_06_14",1,3,3.7e-24,-1,0.2514
"response to UV","E1_06_14",0,2,3.7e-24,-1.58496250072116,0.1244
"RNA localization","E1_06_14",7,2,3.7e-24,1.41503749927884,0.0953
"response to topologically incorrect protein","E1_06_14",0,2,3.7e-24,-1.58496250072116,0.1158
"organelle fission","E1_06_14",3,6,3.7e-24,-0.807354922057604,0.1693
"non-membrane-bounded organelle assembly","E1_06_14",5,5,3.7e-24,0,1
"protein polyubiquitination","E1_06_14",2,3,3.7e-24,-0.415037499278844,0.5973
"methylation","E1_06_14",1,4,3.7e-24,-1.32192809488736,0.0707
"phospholipid biosynthetic process","E1_06_14",2,3,3.7e-24,-0.415037499278844,0.6096
"oxidative phosphorylation","E1_06_14",3,2,3.7e-24,0.415037499278844,0.7338
"establishment of protein localization to membrane","E1_06_14",4,3,3.7e-24,0.321928094887362,0.7839
"in utero embryonic development","E1_06_14",2,4,3.7e-24,-0.736965594166206,0.2578
"vacuole organization","E1_06_14",3,3,3.7e-24,0,1
"nuclear-transcribed mRNA catabolic process","E1_06_14",0,2,3.7e-24,-1.58496250072116,0.1807
"protein folding","E1_06_14",4,3,3.7e-24,0.321928094887362,0.7713
"DNA conformation change","E1_06_14",0,1,3.7e-24,-1,0.4247
"regulation of chromosome segregation","E1_06_14",2,1,3.7e-24,0.584962500721156,0.6731
"regulation of apoptotic signaling pathway","E1_06_14",1,5,3.7e-24,-1.58496250072116,0.0466
"cell cycle G2/M phase transition","E1_06_14",1,2,3.7e-24,-0.584962500721156,0.5405
"vacuolar transport","E1_06_14",1,2,3.7e-24,-0.584962500721156,0.5407
"response to ionizing radiation","E1_06_14",0,2,3.7e-24,-1.58496250072116,0.1301
"cellular response to UV","E1_06_14",1,1,3.7e-24,0,1
"regulation of binding","E1_06_14",1,4,3.7e-24,-1.32192809488736,0.0812
"nucleic acid transport","E1_06_14",5,2,3.7e-24,1,0.1907
"RNA transport","E1_06_14",3,2,3.7e-24,0.415037499278844,0.7296
"ribonucleoprotein complex subunit organization","E1_06_14",2,3,3.7e-24,-0.415037499278844,0.6077
"regulation of DNA replication","E1_06_14",0,2,3.7e-24,-1.58496250072116,0.1616
"ribose phosphate metabolic process","E1_06_14",2,5,3.7e-24,-1,0.1261
"proton motive force-driven ATP synthesis","E1_06_14",3,1,3.7e-24,1,0.4221
"ribonucleotide metabolic process","E1_06_14",5,5,3.7e-24,0,1
"telomere organization","E1_06_14",2,2,3.7e-24,0,1
"cellular response to topologically incorrect protein","E1_06_14",2,1,3.7e-24,0.584962500721156,0.678
"Golgi organization","E1_06_14",3,2,3.7e-24,0.415037499278844,0.731
"ribonucleoprotein complex assembly","E1_06_14",2,2,3.7e-24,0,1
"cellular nitrogen compound catabolic process","E1_06_14",5,6,3.7e-24,-0.222392421336448,0.704
"negative regulation of phosphorus metabolic process","E1_06_14",4,4,3.7e-24,0,1
"heterocycle catabolic process","E1_06_14",6,6,3.7e-24,0,1
"mitochondrial membrane organization","E1_06_14",2,1,3.7e-24,0.584962500721156,0.6671
"regulation of protein-containing complex assembly","E1_06_14",3,5,3.7e-24,-0.584962500721156,0.3517
"positive regulation of cellular component biogenesis","E1_06_14",6,6,3.7e-24,0,1
"response to oxidative stress","E1_06_14",1,5,3.7e-24,-1.58496250072116,0.0382
"regulation of supramolecular fiber organization","E1_06_14",6,4,3.7e-24,0.485426827170242,0.4755
"positive regulation of protein localization","E1_06_14",4,6,3.7e-24,-0.485426827170242,0.4441
"positive regulation of cell projection organization","E1_06_14",2,4,3.7e-24,-0.736965594166206,0.2737
"negative regulation of transferase activity","E1_06_14",2,3,3.7e-24,-0.415037499278844,0.6026
"autophagy of mitochondrion","E1_06_14",0,1,3.7e-24,-1,0.408
"positive regulation of amide metabolic process","E1_06_14",1,2,3.7e-24,-0.584962500721156,0.5424
"chromatin remodeling","E1_06_14",2,4,3.7e-24,-0.736965594166206,0.2668
"viral process","E1_06_14",4,5,3.7e-24,-0.263034405833794,0.6795
"macromolecule deacylation","E1_06_14",2,1,3.7e-24,0.584962500721156,0.6856
"mitotic cytokinesis","E1_06_14",2,1,3.7e-24,0.584962500721156,0.6535
"aromatic compound catabolic process","E1_06_14",3,5,3.7e-24,-0.584962500721156,0.3033
"vesicle localization","E1_06_14",1,3,3.7e-24,-1,0.2694
"establishment or maintenance of cell polarity","E1_06_14",3,3,3.7e-24,0,1
"Wnt signaling pathway","E1_06_14",5,5,3.7e-24,0,1
"cell-cell signaling by wnt","E1_06_14",1,5,3.7e-24,-1.58496250072116,0.0323
"ATP metabolic process","E1_06_14",0,2,3.7e-24,-1.58496250072116,0.0934
"cellular response to chemical stress","E1_06_14",3,4,3.7e-24,-0.321928094887362,0.6605
"regulation of vacuole organization","E1_06_14",0,1,3.7e-24,-1,0.5246
"cellular response to external stimulus","E1_06_14",0,4,3.7e-24,-2.32192809488736,0.0196
"negative regulation of protein phosphorylation","E1_06_14",4,3,3.7e-24,0.321928094887362,0.777
"negative regulation of catabolic process","E1_06_14",2,4,3.7e-24,-0.736965594166206,0.2878
"regulation of microtubule cytoskeleton organization","E1_06_14",3,2,3.7e-24,0.415037499278844,0.7361
"chromosome localization","E1_06_14",2,1,3.7e-24,0.584962500721156,0.6309
"negative regulation of mitotic nuclear division","E1_06_14",1,1,3.7e-24,0,1
"regulation of actin filament organization","E1_06_14",5,3,3.7e-24,0.584962500721156,0.3845
"dephosphorylation","E1_06_14",2,4,3.7e-24,-0.736965594166206,0.3087
"glycosylation","E1_06_14",0,3,3.7e-24,-2,0.0721
"positive regulation of establishment of protein localization","E1_06_14",2,4,3.7e-24,-0.736965594166206,0.3134
"regulation of microtubule-based process","E1_06_14",0,3,3.7e-24,-2,0.0524
"cell-substrate junction organization","E1_06_14",2,1,3.7e-24,0.584962500721156,0.6389
"protein-containing complex localization","E1_06_14",4,2,3.7e-24,0.736965594166206,0.2834
"mitochondrial transmembrane transport","E1_06_14",0,1,3.7e-24,-1,0.4394
"stem cell population maintenance","E1_06_14",5,2,3.7e-24,1,0.1844
"ribosome assembly","E1_06_14",0,1,3.7e-24,-1,0.463
"intraciliary transport","E1_06_14",0,0,3.7e-24,0,1
"Golgi to plasma membrane protein transport","E1_06_14",0,0,3.7e-24,0,1
"response to amino acid starvation","E1_06_14",2,0,3.7e-24,1.58496250072116,0.1437
"cellular response to extracellular stimulus","E1_06_14",1,3,3.7e-24,-1,0.2185
"cell growth","E1_06_14",2,5,3.7e-24,-1,0.1126
"protein glycosylation","E1_06_14",2,3,3.7e-24,-0.415037499278844,0.623
"macromolecule glycosylation","E1_06_14",1,2,3.7e-24,-0.584962500721156,0.5298
"maintenance of cell number","E1_06_14",0,2,3.7e-24,-1.58496250072116,0.0777
"response to reactive oxygen species","E1_06_14",5,2,3.7e-24,1,0.1863
"regulation of cell morphogenesis","E1_06_14",3,3,3.7e-24,0,1
"regulation of cellular component size","E1_06_14",2,5,3.7e-24,-1,0.1666
"cell-substrate junction assembly","E1_06_14",2,1,3.7e-24,0.584962500721156,0.6295
"membrane fission","E1_06_14",0,1,3.7e-24,-1,0.5133
"membrane docking","E1_06_14",3,1,3.7e-24,1,0.4228
"fibroblast migration","E1_06_14",1,1,3.7e-24,0,1
"nucleus organization","E1_06_14",0,1,3.7e-24,-1,0.4252
"regulation of cell growth","E1_06_14",3,5,3.7e-24,-0.584962500721156,0.3298
"fibroblast proliferation","E1_06_14",3,1,3.7e-24,1,0.4235
"cell cycle G1/S phase transition","E1_06_14",1,3,3.7e-24,-1,0.2367
"actin filament organization","E1_06_14",2,4,3.7e-24,-0.736965594166206,0.258
"response to oxygen levels","E1_06_14",2,3,3.7e-24,-0.415037499278844,0.5892
"epigenetic regulation of gene expression","E1_06_14",1,2,3.7e-24,-0.584962500721156,0.5298
"organelle fusion","E1_06_14",0,2,3.7e-24,-1.58496250072116,0.1688
"lipoprotein metabolic process","E1_06_14",2,2,3.7e-24,0,1
"protein lipidation","E1_06_14",1,1,3.7e-24,0,1
"regulation of plasma membrane bounded cell projection assembly","E1_06_14",3,2,3.7e-24,0.415037499278844,0.7325
"regulation of actin filament-based process","E1_06_14",7,5,3.7e-24,0.415037499278844,0.496
"regulation of GTPase activity","E1_06_14",5,4,3.7e-24,0.263034405833794,0.8135
"nuclear envelope organization","E1_06_14",0,1,3.7e-24,-1,0.4955
"protein autophosphorylation","E1_06_14",3,2,3.7e-24,0.415037499278844,0.7422
"connective tissue development","E1_06_14",1,3,3.7e-24,-1,0.2071
"cellular response to heat","E1_06_14",1,1,3.7e-24,0,1
"myeloid cell homeostasis","E1_06_14",0,2,3.7e-24,-1.58496250072116,0.1755
"regulation of neuron projection development","E1_06_14",5,5,3.7e-24,0,1
"receptor metabolic process","E1_06_14",0,1,3.7e-24,-1,0.5008
"maintenance of protein location in cell","E1_06_14",1,1,3.7e-24,0,1
"apoptotic mitochondrial changes","E1_06_14",1,1,3.7e-24,0,1
"response to transforming growth factor beta","E1_06_14",1,3,3.7e-24,-1,0.219
"neural tube development","E1_06_14",2,2,3.7e-24,0,1
"maintenance of protein location","E1_06_14",2,1,3.7e-24,0.584962500721156,0.6404
"regulation of ubiquitin-protein transferase activity","E1_06_14",1,1,3.7e-24,0,1
"cilium assembly","E1_06_14",5,4,3.7e-24,0.263034405833794,0.8082
"mRNA export from nucleus","E1_06_14",0,1,3.7e-24,-1,0.4666
"regulation of cell-substrate junction organization","E1_06_14",0,1,3.7e-24,-1,0.4622
"membrane biogenesis","E1_06_14",0,1,3.7e-24,-1,0.4838
"cilium organization","E1_06_14",1,4,3.7e-24,-1.32192809488736,0.0677
"platelet-derived growth factor receptor signaling pathway","E1_06_14",1,1,3.7e-24,0,1
"iron-sulfur cluster assembly","E1_06_14",0,1,3.7e-24,-1,0.5347
"metallo-sulfur cluster assembly","E1_06_14",0,0,3.7e-24,0,1
"centromere complex assembly","E1_06_14",0,0,3.7e-24,0,1
"cellular response to oxygen levels","E1_06_14",4,2,3.7e-24,0.736965594166206,0.2764
"fatty acid beta-oxidation","E1_06_14",1,1,3.7e-24,0,1
"organelle localization by membrane tethering","E1_06_14",1,1,3.7e-24,0,1
"autophagosome maturation","E1_06_14",1,1,3.7e-24,0,1
"cellular response to transforming growth factor beta stimulus","E1_06_14",2,3,3.7e-24,-0.415037499278844,0.6362
"nucleotide catabolic process","E1_06_14",0,1,3.7e-24,-1,0.4614
"tube closure","E1_06_14",1,1,3.7e-24,0,1
"regulation of stem cell differentiation","E1_06_14",1,1,3.7e-24,0,1
"substrate adhesion-dependent cell spreading","E1_06_14",0,1,3.7e-24,-1,0.4473
"chondrocyte differentiation","E1_06_14",4,1,3.7e-24,1.32192809488736,0.0564
"regulation of fibroblast proliferation","E1_06_14",0,1,3.7e-24,-1,0.4451
"morphogenesis of an epithelial sheet","E1_06_14",1,1,3.7e-24,0,1
"microtubule polymerization","E1_06_14",2,1,3.7e-24,0.584962500721156,0.6244
"response to virus","E1_06_14",7,4,3.7e-24,0.678071905112638,0.3411
"membrane assembly","E1_06_14",2,1,3.7e-24,0.584962500721156,0.6416
"COPII vesicle coating","E1_06_14",2,0,3.7e-24,1.58496250072116,0.0739
"erythrocyte differentiation","E1_06_14",0,1,3.7e-24,-1,0.4091
"organophosphate catabolic process","E1_06_14",2,2,3.7e-24,0,1
"regulation of embryonic development","E1_06_14",0,1,3.7e-24,-1,0.4182
"regulation of focal adhesion assembly","E1_06_14",0,0,3.7e-24,0,1
"regulation of cell-substrate junction assembly","E1_06_14",0,1,3.7e-24,-1,0.5141
"regulation of extracellular matrix organization","E1_06_14",0,0,3.7e-24,0,1
"GPI anchor biosynthetic process","E1_06_14",0,0,3.7e-24,0,1
"lamellipodium organization","E1_06_14",0,1,3.7e-24,-1,0.4189
"positive regulation of stem cell population maintenance","E1_06_14",1,0,3.7e-24,1,0.4355
"monosaccharide metabolic process","E1_06_14",4,3,3.7e-24,0.321928094887362,0.7687
"U2-type prespliceosome assembly","E1_06_14",0,0,3.7e-24,0,1
"heterochromatin formation","E1_06_14",1,1,3.7e-24,0,1
"peroxisome organization","E1_06_14",1,0,3.7e-24,1,0.3615
"regulation of mitochondrial fission","E1_06_14",0,0,3.7e-24,0,1
"cellular pigmentation","E1_06_14",1,1,3.7e-24,0,1
"regulation of fibroblast migration","E1_06_14",1,0,3.7e-24,1,0.294
"cellular carbohydrate metabolic process","E1_06_14",1,3,3.7e-24,-1,0.2329
"positive regulation of axonogenesis","E1_06_14",3,1,3.7e-24,1,0.4471
"kinetochore organization","E1_06_14",0,0,3.7e-24,0,1
"stem cell differentiation","E1_06_14",1,3,3.7e-24,-1,0.2466
"proton transmembrane transport","E1_06_14",0,1,3.7e-24,-1,0.4202
"cellular response to insulin stimulus","E1_06_14",0,3,3.7e-24,-2,0.0653
"establishment of mitotic spindle localization","E1_06_14",0,0,3.7e-24,0,1
"cell redox homeostasis","E1_06_14",1,0,3.7e-24,1,0.4066
"stress granule assembly","E1_06_14",0,0,3.7e-24,0,1
"protein neddylation","E1_06_14",0,0,3.7e-24,0,1
"regulation of mitochondrial membrane potential","E1_06_14",0,1,3.7e-24,-1,0.4812
"neuron death","E1_06_14",3,4,3.7e-24,-0.321928094887362,0.6368
"defense response to virus","E1_06_14",4,3,3.7e-24,0.321928094887362,0.7891
"sulfur compound metabolic process","E1_06_14",2,3,3.7e-24,-0.415037499278844,0.5912
"NADP metabolic process","E1_06_14",0,0,3.7e-24,0,1
"vacuolar acidification","E1_06_14",1,0,3.7e-24,1,0.2904
"oligosaccharide-lipid intermediate biosynthetic process","E1_06_14",0,0,3.7e-24,0,1
"lysosomal lumen acidification","E1_06_14",2,0,3.7e-24,1.58496250072116,0.0577
"glycosyl compound biosynthetic process","E1_06_14",0,0,3.7e-24,0,1
"heart valve development","E1_06_14",1,1,3.7e-24,0,1
"water-soluble vitamin metabolic process","E1_06_14",1,0,3.7e-24,1,0.4769
"interferon-beta production","E1_06_14",0,0,3.7e-24,0,1
"regulation of interferon-beta production","E1_06_14",1,0,3.7e-24,1,0.458
"branched-chain amino acid metabolic process","E1_06_14",0,0,3.7e-24,0,1
"regulation of mitochondrial membrane permeability","E1_06_14",2,1,3.7e-24,0.584962500721156,0.6401
"respiratory tube development","E1_06_14",4,2,3.7e-24,0.736965594166206,0.325
"cellular senescence","E1_06_14",0,1,3.7e-24,-1,0.4149
"positive regulation of neurogenesis","E1_06_14",1,3,3.7e-24,-1,0.2531
"mitochondrial outer membrane permeabilization","E1_06_14",1,0,3.7e-24,1,0.4302
"immune system development","E1_06_14",1,2,3.7e-24,-0.584962500721156,0.5327
"clathrin-dependent endocytosis","E1_06_14",1,0,3.7e-24,1,0.4015
"positive regulation of viral process","E1_06_14",0,0,3.7e-24,0,1
"bone development","E1_06_14",2,3,3.7e-24,-0.415037499278844,0.6271
"cell-substrate adhesion","E1_06_14",4,4,3.7e-24,0,1
"positive regulation of microtubule polymerization","E1_06_14",0,0,3.7e-24,0,1
"pteridine-containing compound metabolic process","E1_06_14",0,0,3.7e-24,0,1
"response to arsenic-containing substance","E1_06_14",1,0,3.7e-24,1,0.3425
"response to insulin","E1_06_14",3,3,3.7e-24,0,1
"ubiquinone metabolic process","E1_06_14",1,0,3.7e-24,1,0.2777
"cellular response to arsenic-containing substance","E1_06_14",0,0,3.7e-24,0,1
"inositol phosphate catabolic process","E1_06_14",0,0,3.7e-24,0,1
"telomerase RNA localization to Cajal body","E1_06_14",0,0,3.7e-24,0,1
"respiratory system development","E1_06_14",6,2,3.7e-24,1.22239242133645,0.1218
"regulation of generation of precursor metabolites and energy","E1_06_14",1,1,3.7e-24,0,1
"mitochondrial calcium ion homeostasis","E1_06_14",0,0,3.7e-24,0,1
"G0 to G1 transition","E1_06_14",0,0,3.7e-24,0,1
"mitochondrial genome maintenance","E1_06_14",1,0,3.7e-24,1,0.445
"release of cytochrome c from mitochondria","E1_06_14",1,0,3.7e-24,1,0.4837
"cortical cytoskeleton organization","E1_06_14",1,1,3.7e-24,0,1
"response to sterol depletion","E1_06_14",0,0,3.7e-24,0,1
"regulation of ncRNA transcription","E1_06_14",0,0,3.7e-24,0,1
"mesenchymal cell differentiation","E1_06_14",2,3,3.7e-24,-0.415037499278844,0.6243
"protein-DNA complex subunit organization","E1_06_14",3,3,3.7e-24,0,1
"response to fluid shear stress","E1_06_14",1,0,3.7e-24,1,0.3369
"collagen fibril organization","E1_06_14",2,1,3.7e-24,0.584962500721156,0.6482
"roof of mouth development","E1_06_14",1,1,3.7e-24,0,1
"regulation of protein dephosphorylation","E1_06_14",2,1,3.7e-24,0.584962500721156,0.6301
"multicellular organism growth","E1_06_14",1,2,3.7e-24,-0.584962500721156,0.5724
"miRNA processing","E1_06_14",0,0,3.7e-24,0,1
"small molecule catabolic process","E1_06_14",2,4,3.7e-24,-0.736965594166206,0.2936
"regulation of G0 to G1 transition","E1_06_14",0,0,3.7e-24,0,1
"circadian regulation of gene expression","E1_06_14",1,1,3.7e-24,0,1
"regulation of translational fidelity","E1_06_14",0,0,3.7e-24,0,1
"ubiquinone biosynthetic process","E1_06_14",1,0,3.7e-24,1,0.2506
"mitochondrial calcium ion transmembrane transport","E1_06_14",1,0,3.7e-24,1,0.202
"quinone biosynthetic process","E1_06_14",0,0,3.7e-24,0,1
"viral release from host cell","E1_06_14",1,0,3.7e-24,1,0.2847
"exit from host cell","E1_06_14",0,0,3.7e-24,0,1
"positive regulation of GTPase activity","E1_06_14",2,3,3.7e-24,-0.415037499278844,0.6255
"regulation of cytokinesis","E1_06_14",0,1,3.7e-24,-1,0.4303
"mitochondrion localization","E1_06_14",0,0,3.7e-24,0,1
"renal system development","E1_06_14",8,3,3.7e-24,1.16992500144231,0.062
"regulation of cysteine-type endopeptidase activity involved in apoptotic process","E1_06_14",8,2,3.7e-24,1.58496250072116,0.0922
"regulation of cell-substrate adhesion","E1_06_14",3,2,3.7e-24,0.415037499278844,0.7479
"centrosome localization","E1_06_14",0,0,3.7e-24,0,1
"microtubule organizing center localization","E1_06_14",0,0,3.7e-24,0,1
"pinocytosis","E1_06_14",0,0,3.7e-24,0,1
"lamellipodium assembly","E1_06_14",0,1,3.7e-24,-1,0.4783
"cellular response to sterol depletion","E1_06_14",0,0,3.7e-24,0,1
"placenta development","E1_06_14",2,1,3.7e-24,0.584962500721156,0.6653
"rhythmic process","E1_06_14",5,3,3.7e-24,0.584962500721156,0.3961
"spindle localization","E1_06_14",0,1,3.7e-24,-1,0.5109
"carbohydrate derivative catabolic process","E1_06_14",1,2,3.7e-24,-0.584962500721156,0.5574
"response to amino acid","E1_06_14",1,1,3.7e-24,0,1
"regulation of intracellular steroid hormone receptor signaling pathway","E1_06_14",0,1,3.7e-24,-1,0.5138
"regulation of neuron death","E1_06_14",2,3,3.7e-24,-0.415037499278844,0.5902
"ossification","E1_06_14",3,4,3.7e-24,-0.321928094887362,0.6443
"mammary gland epithelial cell proliferation","E1_06_14",0,0,3.7e-24,0,1
"ribosomal subunit export from nucleus","E1_06_14",0,0,3.7e-24,0,1
"ribosome localization","E1_06_14",0,0,3.7e-24,0,1
"protein transport to vacuole involved in ubiquitin-dependent protein catabolic process via the multivesicular body sorting pathway","E1_06_14",0,0,3.7e-24,0,1
"seminiferous tubule development","E1_06_14",1,0,3.7e-24,1,0.2422
"cellular response to acid chemical","E1_06_14",1,1,3.7e-24,0,1
"positive regulation of kinase activity","E1_06_14",6,4,3.7e-24,0.485426827170242,0.4754
"positive regulation by host of viral process","E1_06_14",1,0,3.7e-24,1,0.1791
"mitochondrion morphogenesis","E1_06_14",0,0,3.7e-24,0,1
"regulation of establishment of cell polarity","E1_06_14",0,0,3.7e-24,0,1
"cellular lipid catabolic process","E1_06_14",2,2,3.7e-24,0,1
"neuron apoptotic process","E1_06_14",2,2,3.7e-24,0,1
"inner cell mass cell proliferation","E1_06_14",0,0,3.7e-24,0,1
"polyamine biosynthetic process","E1_06_14",0,0,3.7e-24,0,1
"folic acid metabolic process","E1_06_14",0,0,3.7e-24,0,1
"organelle inheritance","E1_06_14",0,0,3.7e-24,0,1
"polyol metabolic process","E1_06_14",3,1,3.7e-24,1,0.4109
"regulation of type I interferon-mediated signaling pathway","E1_06_14",0,0,3.7e-24,0,1
"intracellular lipid transport","E1_06_14",0,1,3.7e-24,-1,0.5324
"fat cell differentiation","E1_06_14",3,3,3.7e-24,0,1
"iron ion homeostasis","E1_06_14",0,1,3.7e-24,-1,0.4694
"negative regulation of cell projection organization","E1_06_14",1,2,3.7e-24,-0.584962500721156,0.5581
"dicarboxylic acid metabolic process","E1_06_14",1,1,3.7e-24,0,1
"regulation of anatomical structure size","E1_06_14",3,5,3.7e-24,-0.584962500721156,0.3141
"regulation of small molecule metabolic process","E1_06_14",8,4,3.7e-24,0.84799690655495,0.1465
"pentose-phosphate shunt","E1_06_14",0,0,3.7e-24,0,1
"pericardium development","E1_06_14",1,0,3.7e-24,1,0.2317
"lysosomal protein catabolic process","E1_06_14",0,0,3.7e-24,0,1
"carbohydrate derivative transport","E1_06_14",1,1,3.7e-24,0,1
"alcohol biosynthetic process","E1_06_14",1,1,3.7e-24,0,1
"regulation of membrane permeability","E1_06_14",1,1,3.7e-24,0,1
"signal peptide processing","E1_06_14",0,0,3.7e-24,0,1
"UV-damage excision repair","E1_06_14",0,0,3.7e-24,0,1
"biological process involved in interaction with host","E1_06_14",3,2,3.7e-24,0.415037499278844,0.7367
"body morphogenesis","E1_06_14",1,0,3.7e-24,1,0.3821
"extracellular vesicle biogenesis","E1_06_14",0,0,3.7e-24,0,1
"negative regulation of defense response to virus","E1_06_14",0,0,3.7e-24,0,1
"aminoglycan biosynthetic process","E1_06_14",0,1,3.7e-24,-1,0.4851
"sterol biosynthetic process","E1_06_14",1,0,3.7e-24,1,0.4745
"polyamine metabolic process","E1_06_14",0,0,3.7e-24,0,1
"magnesium ion transport","E1_06_14",0,0,3.7e-24,0,1
"lamellipodium morphogenesis","E1_06_14",1,0,3.7e-24,1,0.17
"positive regulation of neuron migration","E1_06_14",1,0,3.7e-24,1,0.2022
"regulation of glucose metabolic process","E1_06_14",0,1,3.7e-24,-1,0.4371
"monosaccharide biosynthetic process","E1_06_14",0,1,3.7e-24,-1,0.4117
"response to acid chemical","E1_06_14",2,1,3.7e-24,0.584962500721156,0.6678
"regulation of carbohydrate metabolic process","E1_06_14",1,2,3.7e-24,-0.584962500721156,0.5347
"positive regulation of nervous system development","E1_06_14",1,3,3.7e-24,-1,0.2431
"regulation of circadian rhythm","E1_06_14",0,1,3.7e-24,-1,0.4214
"trabecula morphogenesis","E1_06_14",0,0,3.7e-24,0,1
"pigment accumulation","E1_06_14",1,0,3.7e-24,1,0.2021
"cellular pigment accumulation","E1_06_14",0,0,3.7e-24,0,1
"regulation of pinocytosis","E1_06_14",2,0,3.7e-24,1.58496250072116,0.0179
"regulation of ligase activity","E1_06_14",1,0,3.7e-24,1,0.1099
"smoothened signaling pathway involved in dorsal/ventral neural tube patterning","E1_06_14",1,0,3.7e-24,1,0.1826
"glycosyl compound metabolic process","E1_06_14",1,1,3.7e-24,0,1
"substantia nigra development","E1_06_14",0,0,3.7e-24,0,1
"negative regulation of GTPase activity","E1_06_14",0,0,3.7e-24,0,1
"axon extension","E1_06_14",3,1,3.7e-24,1,0.41
"positive regulation of epithelial to mesenchymal transition","E1_06_14",1,0,3.7e-24,1,0.4069
"one-carbon metabolic process","E1_06_14",0,0,3.7e-24,0,1
"NADPH regeneration","E1_06_14",0,0,3.7e-24,0,1
"cellular response to dsRNA","E1_06_14",0,0,3.7e-24,0,1
"neuron projection organization","E1_06_14",2,1,3.7e-24,0.584962500721156,0.6262
"postsynapse organization","E1_06_14",3,2,3.7e-24,0.415037499278844,0.7337
"regulation of ketone biosynthetic process","E1_06_14",0,0,3.7e-24,0,1
"mitochondrion distribution","E1_06_14",1,0,3.7e-24,1,0.1735
"regulation of autophagosome maturation","E1_06_14",0,0,3.7e-24,0,1
"magnesium ion transmembrane transport","E1_06_14",0,0,3.7e-24,0,1
"regulation of cell division","E1_06_14",0,2,3.7e-24,-1.58496250072116,0.1388
"intermembrane lipid transfer","E1_06_14",0,0,3.7e-24,0,1
"organophosphate ester transport","E1_06_14",0,1,3.7e-24,-1,0.4184
"movement in host","E1_06_14",0,2,3.7e-24,-1.58496250072116,0.1842
"extracellular matrix assembly","E1_06_14",0,0,3.7e-24,0,1
"cellular metabolic compound salvage","E1_06_14",0,0,3.7e-24,0,1
"regulation of ATP-dependent activity","E1_06_14",0,1,3.7e-24,-1,0.518
"cell migration involved in heart development","E1_06_14",1,0,3.7e-24,1,0.2404
"cellular response to fluid shear stress","E1_06_14",1,0,3.7e-24,1,0.2297
"sphingomyelin biosynthetic process","E1_06_14",0,0,3.7e-24,0,1
"ether lipid biosynthetic process","E1_06_14",0,0,3.7e-24,0,1
"embryonic body morphogenesis","E1_06_14",0,0,3.7e-24,0,1
"amino sugar biosynthetic process","E1_06_14",0,0,3.7e-24,0,1
"glycerol ether biosynthetic process","E1_06_14",0,0,3.7e-24,0,1
"pigmentation","E1_06_14",1,1,3.7e-24,0,1
"cellular response to ketone","E1_06_14",2,1,3.7e-24,0.584962500721156,0.6447
"nonribosomal peptide biosynthetic process","E1_06_14",0,0,3.7e-24,0,1
"glial cell apoptotic process","E1_06_14",0,0,3.7e-24,0,1
"lipoprotein catabolic process","E1_06_14",0,0,3.7e-24,0,1
"suppression of viral release by host","E1_06_14",0,0,3.7e-24,0,1
"chaperone-mediated autophagy","E1_06_14",0,0,3.7e-24,0,1
"regulation of steroid hormone biosynthetic process","E1_06_14",0,0,3.7e-24,0,1
"synaptic vesicle lumen acidification","E1_06_14",0,0,3.7e-24,0,1
"semaphorin-plexin signaling pathway involved in neuron projection guidance","E1_06_14",0,0,3.7e-24,0,1
"regulation of Golgi organization","E1_06_14",0,0,3.7e-24,0,1
"Schwann cell differentiation","E1_06_14",1,0,3.7e-24,1,0.4582
"neurotrophin signaling pathway","E1_06_14",0,0,3.7e-24,0,1
"regulation of microtubule depolymerization","E1_06_14",0,0,3.7e-24,0,1
"basement membrane organization","E1_06_14",0,0,3.7e-24,0,1
"establishment or maintenance of epithelial cell apical/basal polarity","E1_06_14",2,0,3.7e-24,1.58496250072116,0.1303
"face development","E1_06_14",3,1,3.7e-24,1,0.5099
"osteoblast differentiation","E1_06_14",4,2,3.7e-24,0.736965594166206,0.3362
"appendage development","E1_06_14",2,2,3.7e-24,0,1
"limb development","E1_06_14",2,2,3.7e-24,0,1
"regulation of ATP metabolic process","E1_06_14",0,1,3.7e-24,-1,0.4495
"developmental growth involved in morphogenesis","E1_06_14",2,2,3.7e-24,0,1
"embryonic organ development","E1_06_14",6,5,3.7e-24,0.222392421336448,0.823
"negative regulation of growth","E1_06_14",1,3,3.7e-24,-1,0.2489
"microtubule depolymerization","E1_06_14",0,0,3.7e-24,0,1
"heme metabolic process","E1_06_14",0,0,3.7e-24,0,1
"regulation of neuron apoptotic process","E1_06_14",2,2,3.7e-24,0,1
"plasma membrane tubulation","E1_06_14",0,0,3.7e-24,0,1
"exosomal secretion","E1_06_14",1,0,3.7e-24,1,0.2626
"vasculogenesis","E1_06_14",0,1,3.7e-24,-1,0.4542
"toxin transport","E1_06_14",0,0,3.7e-24,0,1
"ncRNA processing","E1_08_16",7,7,3.7e-24,0,1
"ribosome biogenesis","E1_08_16",6,4,3.7e-24,0.485426827170242,0.4704
"rRNA metabolic process","E1_08_16",2,4,3.7e-24,-0.736965594166206,0.2961
"proteasome-mediated ubiquitin-dependent protein catabolic process","E1_08_16",5,7,3.7e-24,-0.415037499278844,0.4665
"regulation of response to DNA damage stimulus","E1_08_16",3,5,3.7e-24,-0.584962500721156,0.3203
"establishment of protein localization to organelle","E1_08_16",7,7,3.7e-24,0,1
"macroautophagy","E1_08_16",7,5,3.7e-24,0.415037499278844,0.5134
"regulation of chromosome organization","E1_08_16",2,4,3.7e-24,-0.736965594166206,0.2863
"Golgi vesicle transport","E1_08_16",0,5,3.7e-24,-2.58496250072116,0.0062
"double-strand break repair","E1_08_16",1,4,3.7e-24,-1.32192809488736,0.067
"histone modification","E1_08_16",5,7,3.7e-24,-0.415037499278844,0.4753
"sister chromatid segregation","E1_08_16",6,4,3.7e-24,0.485426827170242,0.4638
"DNA replication","E1_08_16",5,4,3.7e-24,0.263034405833794,0.8106
"chromosome segregation","E1_08_16",4,6,3.7e-24,-0.485426827170242,0.4335
"mitochondrial gene expression","E1_08_16",1,3,3.7e-24,-1,0.2287
"nucleocytoplasmic transport","E1_08_16",6,5,3.7e-24,0.222392421336448,0.8295
"nuclear transport","E1_08_16",6,5,3.7e-24,0.222392421336448,0.8334
"regulation of DNA repair","E1_08_16",1,3,3.7e-24,-1,0.2066
"peptidyl-lysine modification","E1_08_16",3,6,3.7e-24,-0.807354922057604,0.1929
"protein targeting","E1_08_16",2,5,3.7e-24,-1,0.1239
"cytoplasmic translation","E1_08_16",1,3,3.7e-24,-1,0.2657
"regulation of autophagy","E1_08_16",4,5,3.7e-24,-0.263034405833794,0.6653
"signal transduction in response to DNA damage","E1_08_16",1,2,3.7e-24,-0.584962500721156,0.5305
"regulation of intracellular transport","E1_08_16",6,4,3.7e-24,0.485426827170242,0.4664
"protein localization to nucleus","E1_08_16",1,4,3.7e-24,-1.32192809488736,0.0897
"microtubule cytoskeleton organization involved in mitosis","E1_08_16",0,2,3.7e-24,-1.58496250072116,0.1078
"telomere maintenance","E1_08_16",3,2,3.7e-24,0.415037499278844,0.7518
"cell cycle checkpoint signaling","E1_08_16",0,3,3.7e-24,-2,0.0423
"regulation of protein modification by small protein conjugation or removal","E1_08_16",4,4,3.7e-24,0,1
"cellular respiration","E1_08_16",2,4,3.7e-24,-0.736965594166206,0.3061
"cellular component disassembly","E1_08_16",4,6,3.7e-24,-0.485426827170242,0.4271
"nuclear chromosome segregation","E1_08_16",5,5,3.7e-24,0,1
"regulation of protein stability","E1_08_16",3,4,3.7e-24,-0.321928094887362,0.641
"regulation of cell cycle phase transition","E1_08_16",6,6,3.7e-24,0,1
"regulation of protein catabolic process","E1_08_16",6,5,3.7e-24,0.222392421336448,0.8214
"response to endoplasmic reticulum stress","E1_08_16",5,4,3.7e-24,0.263034405833794,0.809
"vesicle organization","E1_08_16",6,5,3.7e-24,0.222392421336448,0.8186
"mitochondrial respiratory chain complex assembly","E1_08_16",1,1,3.7e-24,0,1
"DNA-templated transcription elongation","E1_08_16",1,2,3.7e-24,-0.584962500721156,0.5327
"mitochondrial transport","E1_08_16",3,3,3.7e-24,0,1
"establishment of organelle localization","E1_08_16",2,6,3.7e-24,-1.22239242133645,0.0777
"regulation of intracellular protein transport","E1_08_16",0,3,3.7e-24,-2,0.0396
"response to UV","E1_08_16",5,2,3.7e-24,1,0.1981
"RNA localization","E1_08_16",5,3,3.7e-24,0.584962500721156,0.3803
"response to topologically incorrect protein","E1_08_16",2,3,3.7e-24,-0.415037499278844,0.6349
"organelle fission","E1_08_16",5,7,3.7e-24,-0.415037499278844,0.4653
"non-membrane-bounded organelle assembly","E1_08_16",6,6,3.7e-24,0,1
"protein polyubiquitination","E1_08_16",2,3,3.7e-24,-0.415037499278844,0.5932
"methylation","E1_08_16",3,5,3.7e-24,-0.584962500721156,0.3134
"phospholipid biosynthetic process","E1_08_16",1,3,3.7e-24,-1,0.1968
"oxidative phosphorylation","E1_08_16",3,2,3.7e-24,0.415037499278844,0.732
"establishment of protein localization to membrane","E1_08_16",4,4,3.7e-24,0,1
"in utero embryonic development","E1_08_16",4,5,3.7e-24,-0.263034405833794,0.6769
"vacuole organization","E1_08_16",2,3,3.7e-24,-0.415037499278844,0.6085
"nuclear-transcribed mRNA catabolic process","E1_08_16",1,2,3.7e-24,-0.584962500721156,0.5553
"protein folding","E1_08_16",1,3,3.7e-24,-1,0.2026
"DNA conformation change","E1_08_16",1,1,3.7e-24,0,1
"regulation of chromosome segregation","E1_08_16",0,2,3.7e-24,-1.58496250072116,0.1201
"regulation of apoptotic signaling pathway","E1_08_16",5,5,3.7e-24,0,1
"cell cycle G2/M phase transition","E1_08_16",1,2,3.7e-24,-0.584962500721156,0.53
"vacuolar transport","E1_08_16",2,2,3.7e-24,0,1
"response to ionizing radiation","E1_08_16",2,2,3.7e-24,0,1
"cellular response to UV","E1_08_16",1,2,3.7e-24,-0.584962500721156,0.5884
"regulation of binding","E1_08_16",3,5,3.7e-24,-0.584962500721156,0.3028
"nucleic acid transport","E1_08_16",4,2,3.7e-24,0.736965594166206,0.2903
"RNA transport","E1_08_16",1,2,3.7e-24,-0.584962500721156,0.5335
"ribonucleoprotein complex subunit organization","E1_08_16",3,3,3.7e-24,0,1
"regulation of DNA replication","E1_08_16",0,2,3.7e-24,-1.58496250072116,0.0918
"ribose phosphate metabolic process","E1_08_16",3,6,3.7e-24,-0.807354922057604,0.1683
"proton motive force-driven ATP synthesis","E1_08_16",2,1,3.7e-24,0.584962500721156,0.652
"ribonucleotide metabolic process","E1_08_16",9,6,3.7e-24,0.514573172829758,0.3177
"telomere organization","E1_08_16",3,2,3.7e-24,0.415037499278844,0.7442
"cellular response to topologically incorrect protein","E1_08_16",2,2,3.7e-24,0,1
"Golgi organization","E1_08_16",1,2,3.7e-24,-0.584962500721156,0.5266
"ribonucleoprotein complex assembly","E1_08_16",1,3,3.7e-24,-1,0.2357
"cellular nitrogen compound catabolic process","E1_08_16",6,7,3.7e-24,-0.192645077942396,0.7207
"negative regulation of phosphorus metabolic process","E1_08_16",4,6,3.7e-24,-0.485426827170242,0.4336
"heterocycle catabolic process","E1_08_16",3,7,3.7e-24,-1,0.0976
"mitochondrial membrane organization","E1_08_16",1,2,3.7e-24,-0.584962500721156,0.5598
"regulation of protein-containing complex assembly","E1_08_16",7,5,3.7e-24,0.415037499278844,0.5186
"positive regulation of cellular component biogenesis","E1_08_16",3,7,3.7e-24,-1,0.0646
"response to oxidative stress","E1_08_16",5,6,3.7e-24,-0.222392421336448,0.6916
"regulation of supramolecular fiber organization","E1_08_16",4,5,3.7e-24,-0.263034405833794,0.6777
"positive regulation of protein localization","E1_08_16",9,7,3.7e-24,0.321928094887362,0.5722
"positive regulation of cell projection organization","E1_08_16",3,5,3.7e-24,-0.584962500721156,0.3325
"negative regulation of transferase activity","E1_08_16",3,4,3.7e-24,-0.321928094887362,0.6501
"autophagy of mitochondrion","E1_08_16",0,1,3.7e-24,-1,0.4192
"positive regulation of amide metabolic process","E1_08_16",2,2,3.7e-24,0,1
"chromatin remodeling","E1_08_16",4,5,3.7e-24,-0.263034405833794,0.6821
"viral process","E1_08_16",3,5,3.7e-24,-0.584962500721156,0.3071
"macromolecule deacylation","E1_08_16",3,2,3.7e-24,0.415037499278844,0.7326
"mitotic cytokinesis","E1_08_16",1,1,3.7e-24,0,1
"aromatic compound catabolic process","E1_08_16",7,6,3.7e-24,0.192645077942396,0.8372
"vesicle localization","E1_08_16",0,3,3.7e-24,-2,0.0286
"establishment or maintenance of cell polarity","E1_08_16",2,3,3.7e-24,-0.415037499278844,0.5956
"Wnt signaling pathway","E1_08_16",5,6,3.7e-24,-0.222392421336448,0.6952
"cell-cell signaling by wnt","E1_08_16",3,6,3.7e-24,-0.807354922057604,0.1791
"ATP metabolic process","E1_08_16",1,3,3.7e-24,-1,0.2522
"cellular response to chemical stress","E1_08_16",6,5,3.7e-24,0.222392421336448,0.8193
"regulation of vacuole organization","E1_08_16",2,1,3.7e-24,0.584962500721156,0.629
"cellular response to external stimulus","E1_08_16",3,4,3.7e-24,-0.321928094887362,0.637
"negative regulation of protein phosphorylation","E1_08_16",3,4,3.7e-24,-0.321928094887362,0.6308
"negative regulation of catabolic process","E1_08_16",2,5,3.7e-24,-1,0.1515
"regulation of microtubule cytoskeleton organization","E1_08_16",3,2,3.7e-24,0.415037499278844,0.7419
"chromosome localization","E1_08_16",0,1,3.7e-24,-1,0.4188
"negative regulation of mitotic nuclear division","E1_08_16",0,1,3.7e-24,-1,0.4935
"regulation of actin filament organization","E1_08_16",1,3,3.7e-24,-1,0.1962
"dephosphorylation","E1_08_16",5,5,3.7e-24,0,1
"glycosylation","E1_08_16",4,3,3.7e-24,0.321928094887362,0.7802
"positive regulation of establishment of protein localization","E1_08_16",1,4,3.7e-24,-1.32192809488736,0.0786
"regulation of microtubule-based process","E1_08_16",4,3,3.7e-24,0.321928094887362,0.7808
"cell-substrate junction organization","E1_08_16",3,1,3.7e-24,1,0.41
"protein-containing complex localization","E1_08_16",1,2,3.7e-24,-0.584962500721156,0.529
"mitochondrial transmembrane transport","E1_08_16",1,1,3.7e-24,0,1
"stem cell population maintenance","E1_08_16",0,2,3.7e-24,-1.58496250072116,0.076
"ribosome assembly","E1_08_16",0,1,3.7e-24,-1,0.4574
"intraciliary transport","E1_08_16",1,0,3.7e-24,1,0.4557
"Golgi to plasma membrane protein transport","E1_08_16",0,1,3.7e-24,-1,0.4791
"response to amino acid starvation","E1_08_16",0,1,3.7e-24,-1,0.5035
"cellular response to extracellular stimulus","E1_08_16",4,3,3.7e-24,0.321928094887362,0.7778
"cell growth","E1_08_16",4,6,3.7e-24,-0.485426827170242,0.4269
"protein glycosylation","E1_08_16",6,3,3.7e-24,0.807354922057604,0.2729
"macromolecule glycosylation","E1_08_16",4,3,3.7e-24,0.321928094887362,0.7806
"maintenance of cell number","E1_08_16",2,3,3.7e-24,-0.415037499278844,0.6008
"response to reactive oxygen species","E1_08_16",3,2,3.7e-24,0.415037499278844,0.7442
"regulation of cell morphogenesis","E1_08_16",2,4,3.7e-24,-0.736965594166206,0.3253
"regulation of cellular component size","E1_08_16",4,5,3.7e-24,-0.263034405833794,0.6681
"cell-substrate junction assembly","E1_08_16",1,1,3.7e-24,0,1
"membrane fission","E1_08_16",0,1,3.7e-24,-1,0.4874
"membrane docking","E1_08_16",1,1,3.7e-24,0,1
"fibroblast migration","E1_08_16",1,1,3.7e-24,0,1
"nucleus organization","E1_08_16",0,2,3.7e-24,-1.58496250072116,0.1807
"regulation of cell growth","E1_08_16",0,6,3.7e-24,-2.8073549220576,0.0038
"fibroblast proliferation","E1_08_16",0,1,3.7e-24,-1,0.4248
"cell cycle G1/S phase transition","E1_08_16",4,3,3.7e-24,0.321928094887362,0.7879
"actin filament organization","E1_08_16",4,6,3.7e-24,-0.485426827170242,0.4436
"response to oxygen levels","E1_08_16",3,4,3.7e-24,-0.321928094887362,0.641
"epigenetic regulation of gene expression","E1_08_16",2,3,3.7e-24,-0.415037499278844,0.6096
"organelle fusion","E1_08_16",0,2,3.7e-24,-1.58496250072116,0.1122
"lipoprotein metabolic process","E1_08_16",0,2,3.7e-24,-1.58496250072116,0.1027
"protein lipidation","E1_08_16",2,1,3.7e-24,0.584962500721156,0.652
"regulation of plasma membrane bounded cell projection assembly","E1_08_16",0,2,3.7e-24,-1.58496250072116,0.076
"regulation of actin filament-based process","E1_08_16",5,6,3.7e-24,-0.222392421336448,0.7011
"regulation of GTPase activity","E1_08_16",3,4,3.7e-24,-0.321928094887362,0.6406
"nuclear envelope organization","E1_08_16",0,1,3.7e-24,-1,0.4653
"protein autophosphorylation","E1_08_16",2,3,3.7e-24,-0.415037499278844,0.5952
"connective tissue development","E1_08_16",1,3,3.7e-24,-1,0.2017
"cellular response to heat","E1_08_16",0,1,3.7e-24,-1,0.4538
"myeloid cell homeostasis","E1_08_16",3,2,3.7e-24,0.415037499278844,0.7306
"regulation of neuron projection development","E1_08_16",2,6,3.7e-24,-1.22239242133645,0.0743
"receptor metabolic process","E1_08_16",1,1,3.7e-24,0,1
"maintenance of protein location in cell","E1_08_16",3,1,3.7e-24,1,0.4678
"apoptotic mitochondrial changes","E1_08_16",0,1,3.7e-24,-1,0.4118
"response to transforming growth factor beta","E1_08_16",4,4,3.7e-24,0,1
"neural tube development","E1_08_16",1,2,3.7e-24,-0.584962500721156,0.5349
"maintenance of protein location","E1_08_16",4,1,3.7e-24,1.32192809488736,0.0734
"regulation of ubiquitin-protein transferase activity","E1_08_16",0,1,3.7e-24,-1,0.4416
"cilium assembly","E1_08_16",3,5,3.7e-24,-0.584962500721156,0.3164
"mRNA export from nucleus","E1_08_16",1,1,3.7e-24,0,1
"regulation of cell-substrate junction organization","E1_08_16",1,1,3.7e-24,0,1
"membrane biogenesis","E1_08_16",0,1,3.7e-24,-1,0.4626
"cilium organization","E1_08_16",3,5,3.7e-24,-0.584962500721156,0.2987
"platelet-derived growth factor receptor signaling pathway","E1_08_16",1,1,3.7e-24,0,1
"iron-sulfur cluster assembly","E1_08_16",0,0,3.7e-24,0,1
"metallo-sulfur cluster assembly","E1_08_16",0,0,3.7e-24,0,1
"centromere complex assembly","E1_08_16",0,0,3.7e-24,0,1
"cellular response to oxygen levels","E1_08_16",1,2,3.7e-24,-0.584962500721156,0.546
"fatty acid beta-oxidation","E1_08_16",1,1,3.7e-24,0,1
"organelle localization by membrane tethering","E1_08_16",0,1,3.7e-24,-1,0.4156
"autophagosome maturation","E1_08_16",0,1,3.7e-24,-1,0.4426
"cellular response to transforming growth factor beta stimulus","E1_08_16",3,3,3.7e-24,0,1
"nucleotide catabolic process","E1_08_16",0,1,3.7e-24,-1,0.4187
"tube closure","E1_08_16",2,1,3.7e-24,0.584962500721156,0.6325
"regulation of stem cell differentiation","E1_08_16",1,1,3.7e-24,0,1
"substrate adhesion-dependent cell spreading","E1_08_16",1,1,3.7e-24,0,1
"chondrocyte differentiation","E1_08_16",1,1,3.7e-24,0,1
"regulation of fibroblast proliferation","E1_08_16",0,1,3.7e-24,-1,0.4252
"morphogenesis of an epithelial sheet","E1_08_16",1,1,3.7e-24,0,1
"microtubule polymerization","E1_08_16",0,1,3.7e-24,-1,0.4173
"response to virus","E1_08_16",5,5,3.7e-24,0,1
"membrane assembly","E1_08_16",0,1,3.7e-24,-1,0.4594
"COPII vesicle coating","E1_08_16",0,0,3.7e-24,0,1
"erythrocyte differentiation","E1_08_16",1,2,3.7e-24,-0.584962500721156,0.5462
"organophosphate catabolic process","E1_08_16",1,2,3.7e-24,-0.584962500721156,0.5355
"regulation of embryonic development","E1_08_16",0,1,3.7e-24,-1,0.4211
"regulation of focal adhesion assembly","E1_08_16",1,1,3.7e-24,0,1
"regulation of cell-substrate junction assembly","E1_08_16",1,1,3.7e-24,0,1
"regulation of extracellular matrix organization","E1_08_16",3,1,3.7e-24,1,0.4679
"GPI anchor biosynthetic process","E1_08_16",0,0,3.7e-24,0,1
"lamellipodium organization","E1_08_16",0,1,3.7e-24,-1,0.4044
"positive regulation of stem cell population maintenance","E1_08_16",0,0,3.7e-24,0,1
"monosaccharide metabolic process","E1_08_16",2,3,3.7e-24,-0.415037499278844,0.5954
"U2-type prespliceosome assembly","E1_08_16",0,0,3.7e-24,0,1
"heterochromatin formation","E1_08_16",1,1,3.7e-24,0,1
"peroxisome organization","E1_08_16",1,0,3.7e-24,1,0.4203
"regulation of mitochondrial fission","E1_08_16",1,0,3.7e-24,1,0.3973
"cellular pigmentation","E1_08_16",0,1,3.7e-24,-1,0.5124
"regulation of fibroblast migration","E1_08_16",0,0,3.7e-24,0,1
"cellular carbohydrate metabolic process","E1_08_16",2,3,3.7e-24,-0.415037499278844,0.5967
"positive regulation of axonogenesis","E1_08_16",2,1,3.7e-24,0.584962500721156,0.6434
"kinetochore organization","E1_08_16",0,0,3.7e-24,0,1
"stem cell differentiation","E1_08_16",4,3,3.7e-24,0.321928094887362,0.7723
"proton transmembrane transport","E1_08_16",1,1,3.7e-24,0,1
"cellular response to insulin stimulus","E1_08_16",2,3,3.7e-24,-0.415037499278844,0.5998
"establishment of mitotic spindle localization","E1_08_16",0,1,3.7e-24,-1,0.4956
"cell redox homeostasis","E1_08_16",1,0,3.7e-24,1,0.4671
"stress granule assembly","E1_08_16",0,0,3.7e-24,0,1
"protein neddylation","E1_08_16",0,1,3.7e-24,-1,0.4975
"regulation of mitochondrial membrane potential","E1_08_16",3,1,3.7e-24,1,0.4388
"neuron death","E1_08_16",3,5,3.7e-24,-0.584962500721156,0.3267
"defense response to virus","E1_08_16",2,4,3.7e-24,-0.736965594166206,0.2672
"sulfur compound metabolic process","E1_08_16",1,4,3.7e-24,-1.32192809488736,0.0774
"NADP metabolic process","E1_08_16",0,0,3.7e-24,0,1
"vacuolar acidification","E1_08_16",0,0,3.7e-24,0,1
"oligosaccharide-lipid intermediate biosynthetic process","E1_08_16",1,0,3.7e-24,1,0.3049
"lysosomal lumen acidification","E1_08_16",1,0,3.7e-24,1,0.2861
"glycosyl compound biosynthetic process","E1_08_16",0,0,3.7e-24,0,1
"heart valve development","E1_08_16",1,1,3.7e-24,0,1
"water-soluble vitamin metabolic process","E1_08_16",0,1,3.7e-24,-1,0.475
"interferon-beta production","E1_08_16",0,0,3.7e-24,0,1
"regulation of interferon-beta production","E1_08_16",1,0,3.7e-24,1,0.4773
"branched-chain amino acid metabolic process","E1_08_16",0,0,3.7e-24,0,1
"regulation of mitochondrial membrane permeability","E1_08_16",2,1,3.7e-24,0.584962500721156,0.6395
"respiratory tube development","E1_08_16",0,2,3.7e-24,-1.58496250072116,0.0881
"cellular senescence","E1_08_16",0,2,3.7e-24,-1.58496250072116,0.1859
"positive regulation of neurogenesis","E1_08_16",3,3,3.7e-24,0,1
"mitochondrial outer membrane permeabilization","E1_08_16",1,0,3.7e-24,1,0.387
"immune system development","E1_08_16",4,2,3.7e-24,0.736965594166206,0.3122
"clathrin-dependent endocytosis","E1_08_16",0,0,3.7e-24,0,1
"positive regulation of viral process","E1_08_16",1,1,3.7e-24,0,1
"bone development","E1_08_16",3,3,3.7e-24,0,1
"cell-substrate adhesion","E1_08_16",3,4,3.7e-24,-0.321928094887362,0.6379
"positive regulation of microtubule polymerization","E1_08_16",1,0,3.7e-24,1,0.3843
"pteridine-containing compound metabolic process","E1_08_16",0,0,3.7e-24,0,1
"response to arsenic-containing substance","E1_08_16",0,0,3.7e-24,0,1
"response to insulin","E1_08_16",5,4,3.7e-24,0.263034405833794,0.8052
"ubiquinone metabolic process","E1_08_16",0,0,3.7e-24,0,1
"cellular response to arsenic-containing substance","E1_08_16",0,0,3.7e-24,0,1
"inositol phosphate catabolic process","E1_08_16",0,0,3.7e-24,0,1
"telomerase RNA localization to Cajal body","E1_08_16",0,0,3.7e-24,0,1
"respiratory system development","E1_08_16",2,2,3.7e-24,0,1
"regulation of generation of precursor metabolites and energy","E1_08_16",0,1,3.7e-24,-1,0.4266
"mitochondrial calcium ion homeostasis","E1_08_16",0,0,3.7e-24,0,1
"G0 to G1 transition","E1_08_16",0,0,3.7e-24,0,1
"mitochondrial genome maintenance","E1_08_16",1,0,3.7e-24,1,0.4583
"release of cytochrome c from mitochondria","E1_08_16",0,1,3.7e-24,-1,0.4699
"cortical cytoskeleton organization","E1_08_16",1,1,3.7e-24,0,1
"response to sterol depletion","E1_08_16",0,0,3.7e-24,0,1
"regulation of ncRNA transcription","E1_08_16",0,0,3.7e-24,0,1
"mesenchymal cell differentiation","E1_08_16",4,3,3.7e-24,0.321928094887362,0.7789
"protein-DNA complex subunit organization","E1_08_16",3,3,3.7e-24,0,1
"response to fluid shear stress","E1_08_16",1,0,3.7e-24,1,0.3843
"collagen fibril organization","E1_08_16",0,1,3.7e-24,-1,0.4858
"roof of mouth development","E1_08_16",0,1,3.7e-24,-1,0.433
"regulation of protein dephosphorylation","E1_08_16",0,1,3.7e-24,-1,0.4173
"multicellular organism growth","E1_08_16",1,2,3.7e-24,-0.584962500721156,0.5317
"miRNA processing","E1_08_16",0,1,3.7e-24,-1,0.5306
"small molecule catabolic process","E1_08_16",3,5,3.7e-24,-0.584962500721156,0.3254
"regulation of G0 to G1 transition","E1_08_16",1,0,3.7e-24,1,0.4026
"circadian regulation of gene expression","E1_08_16",2,1,3.7e-24,0.584962500721156,0.6297
"regulation of translational fidelity","E1_08_16",0,0,3.7e-24,0,1
"ubiquinone biosynthetic process","E1_08_16",0,0,3.7e-24,0,1
"mitochondrial calcium ion transmembrane transport","E1_08_16",0,0,3.7e-24,0,1
"quinone biosynthetic process","E1_08_16",0,0,3.7e-24,0,1
"viral release from host cell","E1_08_16",1,0,3.7e-24,1,0.3182
"exit from host cell","E1_08_16",0,0,3.7e-24,0,1
"positive regulation of GTPase activity","E1_08_16",3,3,3.7e-24,0,1
"regulation of cytokinesis","E1_08_16",1,1,3.7e-24,0,1
"mitochondrion localization","E1_08_16",0,1,3.7e-24,-1,0.5069
"renal system development","E1_08_16",3,3,3.7e-24,0,1
"regulation of cysteine-type endopeptidase activity involved in apoptotic process","E1_08_16",1,2,3.7e-24,-0.584962500721156,0.5348
"regulation of cell-substrate adhesion","E1_08_16",2,3,3.7e-24,-0.415037499278844,0.6237
"centrosome localization","E1_08_16",0,0,3.7e-24,0,1
"microtubule organizing center localization","E1_08_16",0,0,3.7e-24,0,1
"pinocytosis","E1_08_16",0,0,3.7e-24,0,1
"lamellipodium assembly","E1_08_16",1,1,3.7e-24,0,1
"cellular response to sterol depletion","E1_08_16",1,0,3.7e-24,1,0.2511
"placenta development","E1_08_16",1,2,3.7e-24,-0.584962500721156,0.5788
"rhythmic process","E1_08_16",3,4,3.7e-24,-0.321928094887362,0.6635
"spindle localization","E1_08_16",2,1,3.7e-24,0.584962500721156,0.6321
"carbohydrate derivative catabolic process","E1_08_16",1,2,3.7e-24,-0.584962500721156,0.5318
"response to amino acid","E1_08_16",1,1,3.7e-24,0,1
"regulation of intracellular steroid hormone receptor signaling pathway","E1_08_16",2,1,3.7e-24,0.584962500721156,0.6385
"regulation of neuron death","E1_08_16",3,3,3.7e-24,0,1
"ossification","E1_08_16",6,5,3.7e-24,0.222392421336448,0.8285
"mammary gland epithelial cell proliferation","E1_08_16",0,0,3.7e-24,0,1
"ribosomal subunit export from nucleus","E1_08_16",0,0,3.7e-24,0,1
"ribosome localization","E1_08_16",0,0,3.7e-24,0,1
"protein transport to vacuole involved in ubiquitin-dependent protein catabolic process via the multivesicular body sorting pathway","E1_08_16",0,0,3.7e-24,0,1
"seminiferous tubule development","E1_08_16",0,0,3.7e-24,0,1
"cellular response to acid chemical","E1_08_16",0,1,3.7e-24,-1,0.4244
"positive regulation of kinase activity","E1_08_16",6,5,3.7e-24,0.222392421336448,0.8196
"positive regulation by host of viral process","E1_08_16",1,0,3.7e-24,1,0.2662
"mitochondrion morphogenesis","E1_08_16",0,0,3.7e-24,0,1
"regulation of establishment of cell polarity","E1_08_16",0,0,3.7e-24,0,1
"cellular lipid catabolic process","E1_08_16",1,3,3.7e-24,-1,0.2637
"neuron apoptotic process","E1_08_16",0,3,3.7e-24,-2,0.0583
"inner cell mass cell proliferation","E1_08_16",0,0,3.7e-24,0,1
"polyamine biosynthetic process","E1_08_16",0,0,3.7e-24,0,1
"folic acid metabolic process","E1_08_16",0,0,3.7e-24,0,1
"organelle inheritance","E1_08_16",0,0,3.7e-24,0,1
"polyol metabolic process","E1_08_16",1,1,3.7e-24,0,1
"regulation of type I interferon-mediated signaling pathway","E1_08_16",0,0,3.7e-24,0,1
"intracellular lipid transport","E1_08_16",1,1,3.7e-24,0,1
"fat cell differentiation","E1_08_16",0,3,3.7e-24,-2,0.0483
"iron ion homeostasis","E1_08_16",3,1,3.7e-24,1,0.4493
"negative regulation of cell projection organization","E1_08_16",1,2,3.7e-24,-0.584962500721156,0.5328
"dicarboxylic acid metabolic process","E1_08_16",0,1,3.7e-24,-1,0.4177
"regulation of anatomical structure size","E1_08_16",1,6,3.7e-24,-1.8073549220576,0.0201
"regulation of small molecule metabolic process","E1_08_16",6,4,3.7e-24,0.485426827170242,0.4514
"pentose-phosphate shunt","E1_08_16",0,0,3.7e-24,0,1
"pericardium development","E1_08_16",0,0,3.7e-24,0,1
"lysosomal protein catabolic process","E1_08_16",0,0,3.7e-24,0,1
"carbohydrate derivative transport","E1_08_16",1,1,3.7e-24,0,1
"alcohol biosynthetic process","E1_08_16",1,2,3.7e-24,-0.584962500721156,0.5529
"regulation of membrane permeability","E1_08_16",1,1,3.7e-24,0,1
"signal peptide processing","E1_08_16",0,0,3.7e-24,0,1
"UV-damage excision repair","E1_08_16",0,0,3.7e-24,0,1
"biological process involved in interaction with host","E1_08_16",1,3,3.7e-24,-1,0.2353
"body morphogenesis","E1_08_16",0,0,3.7e-24,0,1
"extracellular vesicle biogenesis","E1_08_16",0,0,3.7e-24,0,1
"negative regulation of defense response to virus","E1_08_16",1,0,3.7e-24,1,0.4046
"aminoglycan biosynthetic process","E1_08_16",0,1,3.7e-24,-1,0.4648
"sterol biosynthetic process","E1_08_16",0,1,3.7e-24,-1,0.4973
"polyamine metabolic process","E1_08_16",0,0,3.7e-24,0,1
"magnesium ion transport","E1_08_16",0,0,3.7e-24,0,1
"lamellipodium morphogenesis","E1_08_16",0,0,3.7e-24,0,1
"positive regulation of neuron migration","E1_08_16",0,0,3.7e-24,0,1
"regulation of glucose metabolic process","E1_08_16",0,1,3.7e-24,-1,0.4269
"monosaccharide biosynthetic process","E1_08_16",0,1,3.7e-24,-1,0.4157
"response to acid chemical","E1_08_16",2,2,3.7e-24,0,1
"regulation of carbohydrate metabolic process","E1_08_16",4,2,3.7e-24,0.736965594166206,0.329
"positive regulation of nervous system development","E1_08_16",5,3,3.7e-24,0.584962500721156,0.3867
"regulation of circadian rhythm","E1_08_16",1,1,3.7e-24,0,1
"trabecula morphogenesis","E1_08_16",0,0,3.7e-24,0,1
"pigment accumulation","E1_08_16",0,0,3.7e-24,0,1
"cellular pigment accumulation","E1_08_16",0,0,3.7e-24,0,1
"regulation of pinocytosis","E1_08_16",0,0,3.7e-24,0,1
"regulation of ligase activity","E1_08_16",0,0,3.7e-24,0,1
"smoothened signaling pathway involved in dorsal/ventral neural tube patterning","E1_08_16",0,0,3.7e-24,0,1
"glycosyl compound metabolic process","E1_08_16",1,1,3.7e-24,0,1
"substantia nigra development","E1_08_16",1,0,3.7e-24,1,0.4347
"negative regulation of GTPase activity","E1_08_16",1,0,3.7e-24,1,0.4628
"axon extension","E1_08_16",1,2,3.7e-24,-0.584962500721156,0.5791
"positive regulation of epithelial to mesenchymal transition","E1_08_16",0,1,3.7e-24,-1,0.5024
"one-carbon metabolic process","E1_08_16",0,0,3.7e-24,0,1
"NADPH regeneration","E1_08_16",0,0,3.7e-24,0,1
"cellular response to dsRNA","E1_08_16",0,0,3.7e-24,0,1
"neuron projection organization","E1_08_16",0,1,3.7e-24,-1,0.4355
"postsynapse organization","E1_08_16",1,2,3.7e-24,-0.584962500721156,0.5438
"regulation of ketone biosynthetic process","E1_08_16",0,0,3.7e-24,0,1
"mitochondrion distribution","E1_08_16",0,0,3.7e-24,0,1
"regulation of autophagosome maturation","E1_08_16",0,0,3.7e-24,0,1
"magnesium ion transmembrane transport","E1_08_16",0,0,3.7e-24,0,1
"regulation of cell division","E1_08_16",2,2,3.7e-24,0,1
"intermembrane lipid transfer","E1_08_16",0,1,3.7e-24,-1,0.5301
"organophosphate ester transport","E1_08_16",0,2,3.7e-24,-1.58496250072116,0.1745
"movement in host","E1_08_16",2,2,3.7e-24,0,1
"extracellular matrix assembly","E1_08_16",0,0,3.7e-24,0,1
"cellular metabolic compound salvage","E1_08_16",0,0,3.7e-24,0,1
"regulation of ATP-dependent activity","E1_08_16",0,1,3.7e-24,-1,0.4287
"cell migration involved in heart development","E1_08_16",1,0,3.7e-24,1,0.2595
"cellular response to fluid shear stress","E1_08_16",0,0,3.7e-24,0,1
"sphingomyelin biosynthetic process","E1_08_16",0,0,3.7e-24,0,1
"ether lipid biosynthetic process","E1_08_16",1,0,3.7e-24,1,0.1785
"embryonic body morphogenesis","E1_08_16",0,0,3.7e-24,0,1
"amino sugar biosynthetic process","E1_08_16",0,0,3.7e-24,0,1
"glycerol ether biosynthetic process","E1_08_16",0,0,3.7e-24,0,1
"pigmentation","E1_08_16",2,1,3.7e-24,0.584962500721156,0.6822
"cellular response to ketone","E1_08_16",1,1,3.7e-24,0,1
"nonribosomal peptide biosynthetic process","E1_08_16",0,0,3.7e-24,0,1
"glial cell apoptotic process","E1_08_16",0,0,3.7e-24,0,1
"lipoprotein catabolic process","E1_08_16",0,0,3.7e-24,0,1
"suppression of viral release by host","E1_08_16",0,0,3.7e-24,0,1
"chaperone-mediated autophagy","E1_08_16",0,0,3.7e-24,0,1
"regulation of steroid hormone biosynthetic process","E1_08_16",1,0,3.7e-24,1,0.1554
"synaptic vesicle lumen acidification","E1_08_16",0,0,3.7e-24,0,1
"semaphorin-plexin signaling pathway involved in neuron projection guidance","E1_08_16",0,0,3.7e-24,0,1
"regulation of Golgi organization","E1_08_16",0,0,3.7e-24,0,1
"Schwann cell differentiation","E1_08_16",1,0,3.7e-24,1,0.437
"neurotrophin signaling pathway","E1_08_16",0,0,3.7e-24,0,1
"regulation of microtubule depolymerization","E1_08_16",0,0,3.7e-24,0,1
"basement membrane organization","E1_08_16",0,0,3.7e-24,0,1
"establishment or maintenance of epithelial cell apical/basal polarity","E1_08_16",0,0,3.7e-24,0,1
"face development","E1_08_16",1,1,3.7e-24,0,1
"osteoblast differentiation","E1_08_16",3,3,3.7e-24,0,1
"appendage development","E1_08_16",3,2,3.7e-24,0.415037499278844,0.7281
"limb development","E1_08_16",1,3,3.7e-24,-1,0.2313
"regulation of ATP metabolic process","E1_08_16",0,1,3.7e-24,-1,0.4175
"developmental growth involved in morphogenesis","E1_08_16",1,2,3.7e-24,-0.584962500721156,0.5278
"embryonic organ development","E1_08_16",4,6,3.7e-24,-0.485426827170242,0.4513
"negative regulation of growth","E1_08_16",4,3,3.7e-24,0.321928094887362,0.7768
"microtubule depolymerization","E1_08_16",0,0,3.7e-24,0,1
"heme metabolic process","E1_08_16",1,0,3.7e-24,1,0.4225
"regulation of neuron apoptotic process","E1_08_16",3,3,3.7e-24,0,1
"plasma membrane tubulation","E1_08_16",0,0,3.7e-24,0,1
"exosomal secretion","E1_08_16",1,0,3.7e-24,1,0.2586
"vasculogenesis","E1_08_16",1,1,3.7e-24,0,1
"toxin transport","E1_08_16",1,0,3.7e-24,1,0.3486
"ncRNA processing","E2_06_14",5,7,3.7e-24,-0.415037499278844,0.4664
"ribosome biogenesis","E2_06_14",1,5,3.7e-24,-1.58496250072116,0.0272
"rRNA metabolic process","E2_06_14",5,4,3.7e-24,0.263034405833794,0.8078
"proteasome-mediated ubiquitin-dependent protein catabolic process","E2_06_14",5,7,3.7e-24,-0.415037499278844,0.4637
"regulation of response to DNA damage stimulus","E2_06_14",3,5,3.7e-24,-0.584962500721156,0.3025
"establishment of protein localization to organelle","E2_06_14",7,7,3.7e-24,0,1
"macroautophagy","E2_06_14",8,5,3.7e-24,0.584962500721156,0.3837
"regulation of chromosome organization","E2_06_14",4,4,3.7e-24,0,1
"Golgi vesicle transport","E2_06_14",4,5,3.7e-24,-0.263034405833794,0.6765
"double-strand break repair","E2_06_14",4,5,3.7e-24,-0.263034405833794,0.6831
"histone modification","E2_06_14",7,7,3.7e-24,0,1
"sister chromatid segregation","E2_06_14",2,4,3.7e-24,-0.736965594166206,0.2593
"DNA replication","E2_06_14",3,5,3.7e-24,-0.584962500721156,0.3545
"chromosome segregation","E2_06_14",7,6,3.7e-24,0.192645077942396,0.8438
"mitochondrial gene expression","E2_06_14",4,3,3.7e-24,0.321928094887362,0.7856
"nucleocytoplasmic transport","E2_06_14",6,5,3.7e-24,0.222392421336448,0.8302
"nuclear transport","E2_06_14",5,6,3.7e-24,-0.222392421336448,0.7071
"regulation of DNA repair","E2_06_14",3,4,3.7e-24,-0.321928094887362,0.6585
"peptidyl-lysine modification","E2_06_14",4,5,3.7e-24,-0.263034405833794,0.675
"protein targeting","E2_06_14",5,5,3.7e-24,0,1
"cytoplasmic translation","E2_06_14",2,3,3.7e-24,-0.415037499278844,0.5982
"regulation of autophagy","E2_06_14",5,6,3.7e-24,-0.222392421336448,0.6955
"signal transduction in response to DNA damage","E2_06_14",2,3,3.7e-24,-0.415037499278844,0.6037
"regulation of intracellular transport","E2_06_14",3,5,3.7e-24,-0.584962500721156,0.36
"protein localization to nucleus","E2_06_14",4,4,3.7e-24,0,1
"microtubule cytoskeleton organization involved in mitosis","E2_06_14",2,3,3.7e-24,-0.415037499278844,0.6362
"telomere maintenance","E2_06_14",4,2,3.7e-24,0.736965594166206,0.3427
"cell cycle checkpoint signaling","E2_06_14",1,3,3.7e-24,-1,0.2167
"regulation of protein modification by small protein conjugation or removal","E2_06_14",6,4,3.7e-24,0.485426827170242,0.4663
"cellular respiration","E2_06_14",1,4,3.7e-24,-1.32192809488736,0.0783
"cellular component disassembly","E2_06_14",9,7,3.7e-24,0.321928094887362,0.5726
"nuclear chromosome segregation","E2_06_14",4,5,3.7e-24,-0.263034405833794,0.6766
"regulation of protein stability","E2_06_14",3,5,3.7e-24,-0.584962500721156,0.3179
"regulation of cell cycle phase transition","E2_06_14",7,7,3.7e-24,0,1
"regulation of protein catabolic process","E2_06_14",1,6,3.7e-24,-1.8073549220576,0.0213
"response to endoplasmic reticulum stress","E2_06_14",4,4,3.7e-24,0,1
"vesicle organization","E2_06_14",7,5,3.7e-24,0.415037499278844,0.5091
"mitochondrial respiratory chain complex assembly","E2_06_14",0,2,3.7e-24,-1.58496250072116,0.17
"DNA-templated transcription elongation","E2_06_14",0,2,3.7e-24,-1.58496250072116,0.097
"mitochondrial transport","E2_06_14",0,3,3.7e-24,-2,0.0429
"establishment of organelle localization","E2_06_14",5,6,3.7e-24,-0.222392421336448,0.6953
"regulation of intracellular protein transport","E2_06_14",5,3,3.7e-24,0.584962500721156,0.4084
"response to UV","E2_06_14",2,3,3.7e-24,-0.415037499278844,0.6173
"RNA localization","E2_06_14",3,3,3.7e-24,0,1
"response to topologically incorrect protein","E2_06_14",1,2,3.7e-24,-0.584962500721156,0.5287
"organelle fission","E2_06_14",10,7,3.7e-24,0.459431618637297,0.3607
"non-membrane-bounded organelle assembly","E2_06_14",4,6,3.7e-24,-0.485426827170242,0.4483
"protein polyubiquitination","E2_06_14",3,4,3.7e-24,-0.321928094887362,0.6356
"methylation","E2_06_14",7,5,3.7e-24,0.415037499278844,0.5022
"phospholipid biosynthetic process","E2_06_14",5,4,3.7e-24,0.263034405833794,0.7989
"oxidative phosphorylation","E2_06_14",2,2,3.7e-24,0,1
"establishment of protein localization to membrane","E2_06_14",3,4,3.7e-24,-0.321928094887362,0.6464
"in utero embryonic development","E2_06_14",7,6,3.7e-24,0.192645077942396,0.8371
"vacuole organization","E2_06_14",4,4,3.7e-24,0,1
"nuclear-transcribed mRNA catabolic process","E2_06_14",4,2,3.7e-24,0.736965594166206,0.274
"protein folding","E2_06_14",7,4,3.7e-24,0.678071905112638,0.3567
"DNA conformation change","E2_06_14",1,1,3.7e-24,0,1
"regulation of chromosome segregation","E2_06_14",2,2,3.7e-24,0,1
"regulation of apoptotic signaling pathway","E2_06_14",5,6,3.7e-24,-0.222392421336448,0.7024
"cell cycle G2/M phase transition","E2_06_14",1,3,3.7e-24,-1,0.2661
"vacuolar transport","E2_06_14",2,3,3.7e-24,-0.415037499278844,0.6261
"response to ionizing radiation","E2_06_14",1,3,3.7e-24,-1,0.2534
"cellular response to UV","E2_06_14",2,2,3.7e-24,0,1
"regulation of binding","E2_06_14",4,5,3.7e-24,-0.263034405833794,0.6734
"nucleic acid transport","E2_06_14",5,2,3.7e-24,1,0.1918
"RNA transport","E2_06_14",1,2,3.7e-24,-0.584962500721156,0.5345
"ribonucleoprotein complex subunit organization","E2_06_14",1,3,3.7e-24,-1,0.2132
"regulation of DNA replication","E2_06_14",4,2,3.7e-24,0.736965594166206,0.3129
"ribose phosphate metabolic process","E2_06_14",4,6,3.7e-24,-0.485426827170242,0.4377
"proton motive force-driven ATP synthesis","E2_06_14",1,1,3.7e-24,0,1
"ribonucleotide metabolic process","E2_06_14",3,6,3.7e-24,-0.807354922057604,0.139
"telomere organization","E2_06_14",3,3,3.7e-24,0,1
"cellular response to topologically incorrect protein","E2_06_14",4,2,3.7e-24,0.736965594166206,0.2762
"Golgi organization","E2_06_14",2,2,3.7e-24,0,1
"ribonucleoprotein complex assembly","E2_06_14",2,3,3.7e-24,-0.415037499278844,0.6054
"cellular nitrogen compound catabolic process","E2_06_14",5,7,3.7e-24,-0.415037499278844,0.4608
"negative regulation of phosphorus metabolic process","E2_06_14",3,6,3.7e-24,-0.807354922057604,0.1649
"heterocycle catabolic process","E2_06_14",2,7,3.7e-24,-1.41503749927884,0.0227
"mitochondrial membrane organization","E2_06_14",2,2,3.7e-24,0,1
"regulation of protein-containing complex assembly","E2_06_14",3,6,3.7e-24,-0.807354922057604,0.1932
"positive regulation of cellular component biogenesis","E2_06_14",6,7,3.7e-24,-0.192645077942396,0.7137
"response to oxidative stress","E2_06_14",4,6,3.7e-24,-0.485426827170242,0.4267
"regulation of supramolecular fiber organization","E2_06_14",6,5,3.7e-24,0.222392421336448,0.8274
"positive regulation of protein localization","E2_06_14",12,7,3.7e-24,0.700439718141092,0.1346
"positive regulation of cell projection organization","E2_06_14",6,6,3.7e-24,0,1
"negative regulation of transferase activity","E2_06_14",5,4,3.7e-24,0.263034405833794,0.8089
"autophagy of mitochondrion","E2_06_14",2,1,3.7e-24,0.584962500721156,0.6715
"positive regulation of amide metabolic process","E2_06_14",0,2,3.7e-24,-1.58496250072116,0.0888
"chromatin remodeling","E2_06_14",2,6,3.7e-24,-1.22239242133645,0.0779
"viral process","E2_06_14",6,6,3.7e-24,0,1
"macromolecule deacylation","E2_06_14",2,2,3.7e-24,0,1
"mitotic cytokinesis","E2_06_14",1,1,3.7e-24,0,1
"aromatic compound catabolic process","E2_06_14",6,6,3.7e-24,0,1
"vesicle localization","E2_06_14",3,3,3.7e-24,0,1
"establishment or maintenance of cell polarity","E2_06_14",1,3,3.7e-24,-1,0.2075
"Wnt signaling pathway","E2_06_14",1,7,3.7e-24,-2,0.0078
"cell-cell signaling by wnt","E2_06_14",4,6,3.7e-24,-0.485426827170242,0.4389
"ATP metabolic process","E2_06_14",2,3,3.7e-24,-0.415037499278844,0.6012
"cellular response to chemical stress","E2_06_14",6,5,3.7e-24,0.222392421336448,0.8298
"regulation of vacuole organization","E2_06_14",0,1,3.7e-24,-1,0.4482
"cellular response to external stimulus","E2_06_14",4,5,3.7e-24,-0.263034405833794,0.6905
"negative regulation of protein phosphorylation","E2_06_14",6,4,3.7e-24,0.485426827170242,0.4769
"negative regulation of catabolic process","E2_06_14",4,4,3.7e-24,0,1
"regulation of microtubule cytoskeleton organization","E2_06_14",0,2,3.7e-24,-1.58496250072116,0.0998
"chromosome localization","E2_06_14",4,1,3.7e-24,1.32192809488736,0.0763
"negative regulation of mitotic nuclear division","E2_06_14",1,1,3.7e-24,0,1
"regulation of actin filament organization","E2_06_14",5,4,3.7e-24,0.263034405833794,0.8008
"dephosphorylation","E2_06_14",4,5,3.7e-24,-0.263034405833794,0.6799
"glycosylation","E2_06_14",1,3,3.7e-24,-1,0.2092
"positive regulation of establishment of protein localization","E2_06_14",2,4,3.7e-24,-0.736965594166206,0.2704
"regulation of microtubule-based process","E2_06_14",4,4,3.7e-24,0,1
"cell-substrate junction organization","E2_06_14",1,1,3.7e-24,0,1
"protein-containing complex localization","E2_06_14",4,3,3.7e-24,0.321928094887362,0.776
"mitochondrial transmembrane transport","E2_06_14",2,1,3.7e-24,0.584962500721156,0.657
"stem cell population maintenance","E2_06_14",2,2,3.7e-24,0,1
"ribosome assembly","E2_06_14",1,1,3.7e-24,0,1
"intraciliary transport","E2_06_14",0,0,3.7e-24,0,1
"Golgi to plasma membrane protein transport","E2_06_14",0,0,3.7e-24,0,1
"response to amino acid starvation","E2_06_14",0,1,3.7e-24,-1,0.4737
"cellular response to extracellular stimulus","E2_06_14",4,3,3.7e-24,0.321928094887362,0.7803
"cell growth","E2_06_14",5,7,3.7e-24,-0.415037499278844,0.4772
"protein glycosylation","E2_06_14",6,3,3.7e-24,0.807354922057604,0.2738
"macromolecule glycosylation","E2_06_14",1,3,3.7e-24,-1,0.2259
"maintenance of cell number","E2_06_14",4,3,3.7e-24,0.321928094887362,0.7756
"response to reactive oxygen species","E2_06_14",1,3,3.7e-24,-1,0.2419
"regulation of cell morphogenesis","E2_06_14",4,3,3.7e-24,0.321928094887362,0.7805
"regulation of cellular component size","E2_06_14",6,6,3.7e-24,0,1
"cell-substrate junction assembly","E2_06_14",2,1,3.7e-24,0.584962500721156,0.6742
"membrane fission","E2_06_14",0,1,3.7e-24,-1,0.445
"membrane docking","E2_06_14",0,1,3.7e-24,-1,0.4169
"fibroblast migration","E2_06_14",0,1,3.7e-24,-1,0.4545
"nucleus organization","E2_06_14",2,2,3.7e-24,0,1
"regulation of cell growth","E2_06_14",2,6,3.7e-24,-1.22239242133645,0.0641
"fibroblast proliferation","E2_06_14",3,1,3.7e-24,1,0.4209
"cell cycle G1/S phase transition","E2_06_14",6,4,3.7e-24,0.485426827170242,0.448
"actin filament organization","E2_06_14",3,6,3.7e-24,-0.807354922057604,0.1821
"response to oxygen levels","E2_06_14",4,4,3.7e-24,0,1
"epigenetic regulation of gene expression","E2_06_14",0,3,3.7e-24,-2,0.0452
"organelle fusion","E2_06_14",3,2,3.7e-24,0.415037499278844,0.7417
"lipoprotein metabolic process","E2_06_14",0,2,3.7e-24,-1.58496250072116,0.1199
"protein lipidation","E2_06_14",1,1,3.7e-24,0,1
"regulation of plasma membrane bounded cell projection assembly","E2_06_14",1,3,3.7e-24,-1,0.2318
"regulation of actin filament-based process","E2_06_14",6,6,3.7e-24,0,1
"regulation of GTPase activity","E2_06_14",1,5,3.7e-24,-1.58496250072116,0.0415
"nuclear envelope organization","E2_06_14",0,1,3.7e-24,-1,0.5061
"protein autophosphorylation","E2_06_14",3,3,3.7e-24,0,1
"connective tissue development","E2_06_14",4,4,3.7e-24,0,1
"cellular response to heat","E2_06_14",0,1,3.7e-24,-1,0.4701
"myeloid cell homeostasis","E2_06_14",1,2,3.7e-24,-0.584962500721156,0.5301
"regulation of neuron projection development","E2_06_14",5,6,3.7e-24,-0.222392421336448,0.6983
"receptor metabolic process","E2_06_14",0,1,3.7e-24,-1,0.458
"maintenance of protein location in cell","E2_06_14",0,1,3.7e-24,-1,0.4443
"apoptotic mitochondrial changes","E2_06_14",2,1,3.7e-24,0.584962500721156,0.6812
"response to transforming growth factor beta","E2_06_14",4,4,3.7e-24,0,1
"neural tube development","E2_06_14",2,2,3.7e-24,0,1
"maintenance of protein location","E2_06_14",0,1,3.7e-24,-1,0.4196
"regulation of ubiquitin-protein transferase activity","E2_06_14",2,1,3.7e-24,0.584962500721156,0.6403
"cilium assembly","E2_06_14",6,6,3.7e-24,0,1
"mRNA export from nucleus","E2_06_14",0,1,3.7e-24,-1,0.4265
"regulation of cell-substrate junction organization","E2_06_14",1,1,3.7e-24,0,1
"membrane biogenesis","E2_06_14",1,1,3.7e-24,0,1
"cilium organization","E2_06_14",5,5,3.7e-24,0,1
"platelet-derived growth factor receptor signaling pathway","E2_06_14",0,1,3.7e-24,-1,0.4241
"iron-sulfur cluster assembly","E2_06_14",0,0,3.7e-24,0,1
"metallo-sulfur cluster assembly","E2_06_14",0,0,3.7e-24,0,1
"centromere complex assembly","E2_06_14",0,0,3.7e-24,0,1
"cellular response to oxygen levels","E2_06_14",3,2,3.7e-24,0.415037499278844,0.7349
"fatty acid beta-oxidation","E2_06_14",0,1,3.7e-24,-1,0.4195
"organelle localization by membrane tethering","E2_06_14",5,1,3.7e-24,1.58496250072116,0.0116
"autophagosome maturation","E2_06_14",1,1,3.7e-24,0,1
"cellular response to transforming growth factor beta stimulus","E2_06_14",3,4,3.7e-24,-0.321928094887362,0.6642
"nucleotide catabolic process","E2_06_14",1,1,3.7e-24,0,1
"tube closure","E2_06_14",0,1,3.7e-24,-1,0.4422
"regulation of stem cell differentiation","E2_06_14",1,1,3.7e-24,0,1
"substrate adhesion-dependent cell spreading","E2_06_14",1,1,3.7e-24,0,1
"chondrocyte differentiation","E2_06_14",1,2,3.7e-24,-0.584962500721156,0.5682
"regulation of fibroblast proliferation","E2_06_14",0,1,3.7e-24,-1,0.4237
"morphogenesis of an epithelial sheet","E2_06_14",0,1,3.7e-24,-1,0.4983
"microtubule polymerization","E2_06_14",0,1,3.7e-24,-1,0.4149
"response to virus","E2_06_14",4,5,3.7e-24,-0.263034405833794,0.6644
"membrane assembly","E2_06_14",1,1,3.7e-24,0,1
"COPII vesicle coating","E2_06_14",1,0,3.7e-24,1,0.407
"erythrocyte differentiation","E2_06_14",1,2,3.7e-24,-0.584962500721156,0.5317
"organophosphate catabolic process","E2_06_14",1,2,3.7e-24,-0.584962500721156,0.5331
"regulation of embryonic development","E2_06_14",2,1,3.7e-24,0.584962500721156,0.6403
"regulation of focal adhesion assembly","E2_06_14",2,1,3.7e-24,0.584962500721156,0.6342
"regulation of cell-substrate junction assembly","E2_06_14",2,1,3.7e-24,0.584962500721156,0.6353
"regulation of extracellular matrix organization","E2_06_14",1,1,3.7e-24,0,1
"GPI anchor biosynthetic process","E2_06_14",0,0,3.7e-24,0,1
"lamellipodium organization","E2_06_14",0,1,3.7e-24,-1,0.4132
"positive regulation of stem cell population maintenance","E2_06_14",2,1,3.7e-24,0.584962500721156,0.6438
"monosaccharide metabolic process","E2_06_14",3,3,3.7e-24,0,1
"U2-type prespliceosome assembly","E2_06_14",0,0,3.7e-24,0,1
"heterochromatin formation","E2_06_14",2,1,3.7e-24,0.584962500721156,0.6407
"peroxisome organization","E2_06_14",0,0,3.7e-24,0,1
"regulation of mitochondrial fission","E2_06_14",1,0,3.7e-24,1,0.3568
"cellular pigmentation","E2_06_14",3,1,3.7e-24,1,0.4942
"regulation of fibroblast migration","E2_06_14",0,0,3.7e-24,0,1
"cellular carbohydrate metabolic process","E2_06_14",2,4,3.7e-24,-0.736965594166206,0.302
"positive regulation of axonogenesis","E2_06_14",1,1,3.7e-24,0,1
"kinetochore organization","E2_06_14",0,0,3.7e-24,0,1
"stem cell differentiation","E2_06_14",0,3,3.7e-24,-2,0.0373
"proton transmembrane transport","E2_06_14",0,2,3.7e-24,-1.58496250072116,0.1337
"cellular response to insulin stimulus","E2_06_14",5,3,3.7e-24,0.584962500721156,0.4091
"establishment of mitotic spindle localization","E2_06_14",1,1,3.7e-24,0,1
"cell redox homeostasis","E2_06_14",0,0,3.7e-24,0,1
"stress granule assembly","E2_06_14",0,0,3.7e-24,0,1
"protein neddylation","E2_06_14",0,0,3.7e-24,0,1
"regulation of mitochondrial membrane potential","E2_06_14",1,1,3.7e-24,0,1
"neuron death","E2_06_14",4,5,3.7e-24,-0.263034405833794,0.6782
"defense response to virus","E2_06_14",5,4,3.7e-24,0.263034405833794,0.8144
"sulfur compound metabolic process","E2_06_14",2,4,3.7e-24,-0.736965594166206,0.2552
"NADP metabolic process","E2_06_14",1,0,3.7e-24,1,0.4355
"vacuolar acidification","E2_06_14",1,0,3.7e-24,1,0.345
"oligosaccharide-lipid intermediate biosynthetic process","E2_06_14",0,0,3.7e-24,0,1
"lysosomal lumen acidification","E2_06_14",0,0,3.7e-24,0,1
"glycosyl compound biosynthetic process","E2_06_14",0,0,3.7e-24,0,1
"heart valve development","E2_06_14",1,1,3.7e-24,0,1
"water-soluble vitamin metabolic process","E2_06_14",2,1,3.7e-24,0.584962500721156,0.6358
"interferon-beta production","E2_06_14",3,1,3.7e-24,1,0.48
"regulation of interferon-beta production","E2_06_14",1,1,3.7e-24,0,1
"branched-chain amino acid metabolic process","E2_06_14",0,0,3.7e-24,0,1
"regulation of mitochondrial membrane permeability","E2_06_14",0,1,3.7e-24,-1,0.4317
"respiratory tube development","E2_06_14",2,2,3.7e-24,0,1
"cellular senescence","E2_06_14",3,2,3.7e-24,0.415037499278844,0.7325
"positive regulation of neurogenesis","E2_06_14",5,3,3.7e-24,0.584962500721156,0.4075
"mitochondrial outer membrane permeabilization","E2_06_14",0,0,3.7e-24,0,1
"immune system development","E2_06_14",0,2,3.7e-24,-1.58496250072116,0.0743
"clathrin-dependent endocytosis","E2_06_14",0,0,3.7e-24,0,1
"positive regulation of viral process","E2_06_14",1,1,3.7e-24,0,1
"bone development","E2_06_14",1,3,3.7e-24,-1,0.1968
"cell-substrate adhesion","E2_06_14",2,4,3.7e-24,-0.736965594166206,0.2607
"positive regulation of microtubule polymerization","E2_06_14",1,0,3.7e-24,1,0.4763
"pteridine-containing compound metabolic process","E2_06_14",0,0,3.7e-24,0,1
"response to arsenic-containing substance","E2_06_14",0,0,3.7e-24,0,1
"response to insulin","E2_06_14",2,3,3.7e-24,-0.415037499278844,0.6027
"ubiquinone metabolic process","E2_06_14",0,0,3.7e-24,0,1
"cellular response to arsenic-containing substance","E2_06_14",0,0,3.7e-24,0,1
"inositol phosphate catabolic process","E2_06_14",0,0,3.7e-24,0,1
"telomerase RNA localization to Cajal body","E2_06_14",0,0,3.7e-24,0,1
"respiratory system development","E2_06_14",1,3,3.7e-24,-1,0.2227
"regulation of generation of precursor metabolites and energy","E2_06_14",1,2,3.7e-24,-0.584962500721156,0.5617
"mitochondrial calcium ion homeostasis","E2_06_14",0,0,3.7e-24,0,1
"G0 to G1 transition","E2_06_14",2,0,3.7e-24,1.58496250072116,0.124
"mitochondrial genome maintenance","E2_06_14",1,0,3.7e-24,1,0.4742
"release of cytochrome c from mitochondria","E2_06_14",0,1,3.7e-24,-1,0.4927
"cortical cytoskeleton organization","E2_06_14",0,1,3.7e-24,-1,0.5017
"response to sterol depletion","E2_06_14",0,0,3.7e-24,0,1
"regulation of ncRNA transcription","E2_06_14",1,0,3.7e-24,1,0.3343
"mesenchymal cell differentiation","E2_06_14",3,3,3.7e-24,0,1
"protein-DNA complex subunit organization","E2_06_14",5,3,3.7e-24,0.584962500721156,0.4296
"response to fluid shear stress","E2_06_14",0,0,3.7e-24,0,1
"collagen fibril organization","E2_06_14",1,1,3.7e-24,0,1
"roof of mouth development","E2_06_14",2,1,3.7e-24,0.584962500721156,0.6439
"regulation of protein dephosphorylation","E2_06_14",0,1,3.7e-24,-1,0.4141
"multicellular organism growth","E2_06_14",2,2,3.7e-24,0,1
"miRNA processing","E2_06_14",0,1,3.7e-24,-1,0.507
"small molecule catabolic process","E2_06_14",3,5,3.7e-24,-0.584962500721156,0.3408
"regulation of G0 to G1 transition","E2_06_14",3,0,3.7e-24,2,0.0173
"circadian regulation of gene expression","E2_06_14",0,1,3.7e-24,-1,0.4415
"regulation of translational fidelity","E2_06_14",0,0,3.7e-24,0,1
"ubiquinone biosynthetic process","E2_06_14",0,0,3.7e-24,0,1
"mitochondrial calcium ion transmembrane transport","E2_06_14",0,0,3.7e-24,0,1
"quinone biosynthetic process","E2_06_14",1,0,3.7e-24,1,0.2312
"viral release from host cell","E2_06_14",1,0,3.7e-24,1,0.3325
"exit from host cell","E2_06_14",0,0,3.7e-24,0,1
"positive regulation of GTPase activity","E2_06_14",2,3,3.7e-24,-0.415037499278844,0.5955
"regulation of cytokinesis","E2_06_14",4,1,3.7e-24,1.32192809488736,0.0804
"mitochondrion localization","E2_06_14",0,1,3.7e-24,-1,0.4766
"renal system development","E2_06_14",5,4,3.7e-24,0.263034405833794,0.8023
"regulation of cysteine-type endopeptidase activity involved in apoptotic process","E2_06_14",0,2,3.7e-24,-1.58496250072116,0.0915
"regulation of cell-substrate adhesion","E2_06_14",3,3,3.7e-24,0,1
"centrosome localization","E2_06_14",1,0,3.7e-24,1,0.386
"microtubule organizing center localization","E2_06_14",0,0,3.7e-24,0,1
"pinocytosis","E2_06_14",0,0,3.7e-24,0,1
"lamellipodium assembly","E2_06_14",2,1,3.7e-24,0.584962500721156,0.638
"cellular response to sterol depletion","E2_06_14",1,0,3.7e-24,1,0.3032
"placenta development","E2_06_14",1,2,3.7e-24,-0.584962500721156,0.5479
"rhythmic process","E2_06_14",3,4,3.7e-24,-0.321928094887362,0.6465
"spindle localization","E2_06_14",1,1,3.7e-24,0,1
"carbohydrate derivative catabolic process","E2_06_14",2,2,3.7e-24,0,1
"response to amino acid","E2_06_14",2,1,3.7e-24,0.584962500721156,0.6621
"regulation of intracellular steroid hormone receptor signaling pathway","E2_06_14",1,1,3.7e-24,0,1
"regulation of neuron death","E2_06_14",6,4,3.7e-24,0.485426827170242,0.457
"ossification","E2_06_14",6,5,3.7e-24,0.222392421336448,0.8354
"mammary gland epithelial cell proliferation","E2_06_14",0,0,3.7e-24,0,1
"ribosomal subunit export from nucleus","E2_06_14",0,0,3.7e-24,0,1
"ribosome localization","E2_06_14",0,0,3.7e-24,0,1
"protein transport to vacuole involved in ubiquitin-dependent protein catabolic process via the multivesicular body sorting pathway","E2_06_14",0,0,3.7e-24,0,1
"seminiferous tubule development","E2_06_14",0,0,3.7e-24,0,1
"cellular response to acid chemical","E2_06_14",0,1,3.7e-24,-1,0.4245
"positive regulation of kinase activity","E2_06_14",2,6,3.7e-24,-1.22239242133645,0.0681
"positive regulation by host of viral process","E2_06_14",0,0,3.7e-24,0,1
"mitochondrion morphogenesis","E2_06_14",1,0,3.7e-24,1,0.3212
"regulation of establishment of cell polarity","E2_06_14",0,0,3.7e-24,0,1
"cellular lipid catabolic process","E2_06_14",3,3,3.7e-24,0,1
"neuron apoptotic process","E2_06_14",3,3,3.7e-24,0,1
"inner cell mass cell proliferation","E2_06_14",0,0,3.7e-24,0,1
"polyamine biosynthetic process","E2_06_14",0,0,3.7e-24,0,1
"folic acid metabolic process","E2_06_14",0,0,3.7e-24,0,1
"organelle inheritance","E2_06_14",2,0,3.7e-24,1.58496250072116,0.0464
"polyol metabolic process","E2_06_14",1,1,3.7e-24,0,1
"regulation of type I interferon-mediated signaling pathway","E2_06_14",1,0,3.7e-24,1,0.4457
"intracellular lipid transport","E2_06_14",0,1,3.7e-24,-1,0.5066
"fat cell differentiation","E2_06_14",1,3,3.7e-24,-1,0.2165
"iron ion homeostasis","E2_06_14",0,1,3.7e-24,-1,0.4253
"negative regulation of cell projection organization","E2_06_14",3,2,3.7e-24,0.415037499278844,0.7393
"dicarboxylic acid metabolic process","E2_06_14",2,1,3.7e-24,0.584962500721156,0.6712
"regulation of anatomical structure size","E2_06_14",9,6,3.7e-24,0.514573172829758,0.3144
"regulation of small molecule metabolic process","E2_06_14",1,5,3.7e-24,-1.58496250072116,0.0531
"pentose-phosphate shunt","E2_06_14",0,0,3.7e-24,0,1
"pericardium development","E2_06_14",2,0,3.7e-24,1.58496250072116,0.0312
"lysosomal protein catabolic process","E2_06_14",1,0,3.7e-24,1,0.2256
"carbohydrate derivative transport","E2_06_14",1,1,3.7e-24,0,1
"alcohol biosynthetic process","E2_06_14",4,2,3.7e-24,0.736965594166206,0.2782
"regulation of membrane permeability","E2_06_14",0,1,3.7e-24,-1,0.4516
"signal peptide processing","E2_06_14",0,0,3.7e-24,0,1
"UV-damage excision repair","E2_06_14",0,0,3.7e-24,0,1
"biological process involved in interaction with host","E2_06_14",3,3,3.7e-24,0,1
"body morphogenesis","E2_06_14",1,0,3.7e-24,1,0.4529
"extracellular vesicle biogenesis","E2_06_14",0,0,3.7e-24,0,1
"negative regulation of defense response to virus","E2_06_14",0,0,3.7e-24,0,1
"aminoglycan biosynthetic process","E2_06_14",0,1,3.7e-24,-1,0.4359
"sterol biosynthetic process","E2_06_14",0,1,3.7e-24,-1,0.4562
"polyamine metabolic process","E2_06_14",0,0,3.7e-24,0,1
"magnesium ion transport","E2_06_14",0,0,3.7e-24,0,1
"lamellipodium morphogenesis","E2_06_14",0,0,3.7e-24,0,1
"positive regulation of neuron migration","E2_06_14",0,0,3.7e-24,0,1
"regulation of glucose metabolic process","E2_06_14",2,1,3.7e-24,0.584962500721156,0.6249
"monosaccharide biosynthetic process","E2_06_14",1,1,3.7e-24,0,1
"response to acid chemical","E2_06_14",0,2,3.7e-24,-1.58496250072116,0.123
"regulation of carbohydrate metabolic process","E2_06_14",7,2,3.7e-24,1.41503749927884,0.093
"positive regulation of nervous system development","E2_06_14",7,3,3.7e-24,1,0.2049
"regulation of circadian rhythm","E2_06_14",1,1,3.7e-24,0,1
"trabecula morphogenesis","E2_06_14",1,0,3.7e-24,1,0.4349
"pigment accumulation","E2_06_14",0,0,3.7e-24,0,1
"cellular pigment accumulation","E2_06_14",0,0,3.7e-24,0,1
"regulation of pinocytosis","E2_06_14",0,0,3.7e-24,0,1
"regulation of ligase activity","E2_06_14",0,0,3.7e-24,0,1
"smoothened signaling pathway involved in dorsal/ventral neural tube patterning","E2_06_14",0,0,3.7e-24,0,1
"glycosyl compound metabolic process","E2_06_14",3,1,3.7e-24,1,0.4084
"substantia nigra development","E2_06_14",2,0,3.7e-24,1.58496250072116,0.1351
"negative regulation of GTPase activity","E2_06_14",0,0,3.7e-24,0,1
"axon extension","E2_06_14",1,2,3.7e-24,-0.584962500721156,0.5756
"positive regulation of epithelial to mesenchymal transition","E2_06_14",0,1,3.7e-24,-1,0.5145
"one-carbon metabolic process","E2_06_14",0,0,3.7e-24,0,1
"NADPH regeneration","E2_06_14",0,0,3.7e-24,0,1
"cellular response to dsRNA","E2_06_14",0,0,3.7e-24,0,1
"neuron projection organization","E2_06_14",0,1,3.7e-24,-1,0.4194
"postsynapse organization","E2_06_14",1,2,3.7e-24,-0.584962500721156,0.525
"regulation of ketone biosynthetic process","E2_06_14",0,0,3.7e-24,0,1
"mitochondrion distribution","E2_06_14",0,0,3.7e-24,0,1
"regulation of autophagosome maturation","E2_06_14",0,0,3.7e-24,0,1
"magnesium ion transmembrane transport","E2_06_14",0,0,3.7e-24,0,1
"regulation of cell division","E2_06_14",3,2,3.7e-24,0.415037499278844,0.7335
"intermembrane lipid transfer","E2_06_14",0,0,3.7e-24,0,1
"organophosphate ester transport","E2_06_14",4,2,3.7e-24,0.736965594166206,0.2819
"movement in host","E2_06_14",2,2,3.7e-24,0,1
"extracellular matrix assembly","E2_06_14",0,0,3.7e-24,0,1
"cellular metabolic compound salvage","E2_06_14",0,0,3.7e-24,0,1
"regulation of ATP-dependent activity","E2_06_14",0,1,3.7e-24,-1,0.4413
"cell migration involved in heart development","E2_06_14",0,0,3.7e-24,0,1
"cellular response to fluid shear stress","E2_06_14",0,0,3.7e-24,0,1
"sphingomyelin biosynthetic process","E2_06_14",1,0,3.7e-24,1,0.2469
"ether lipid biosynthetic process","E2_06_14",0,0,3.7e-24,0,1
"embryonic body morphogenesis","E2_06_14",1,0,3.7e-24,1,0.1904
"amino sugar biosynthetic process","E2_06_14",0,0,3.7e-24,0,1
"glycerol ether biosynthetic process","E2_06_14",0,0,3.7e-24,0,1
"pigmentation","E2_06_14",0,2,3.7e-24,-1.58496250072116,0.186
"cellular response to ketone","E2_06_14",3,1,3.7e-24,1,0.4114
"nonribosomal peptide biosynthetic process","E2_06_14",1,0,3.7e-24,1,0.2205
"glial cell apoptotic process","E2_06_14",0,0,3.7e-24,0,1
"lipoprotein catabolic process","E2_06_14",0,0,3.7e-24,0,1
"suppression of viral release by host","E2_06_14",0,0,3.7e-24,0,1
"chaperone-mediated autophagy","E2_06_14",0,0,3.7e-24,0,1
"regulation of steroid hormone biosynthetic process","E2_06_14",0,0,3.7e-24,0,1
"synaptic vesicle lumen acidification","E2_06_14",0,0,3.7e-24,0,1
"semaphorin-plexin signaling pathway involved in neuron projection guidance","E2_06_14",0,0,3.7e-24,0,1
"regulation of Golgi organization","E2_06_14",0,0,3.7e-24,0,1
"Schwann cell differentiation","E2_06_14",1,0,3.7e-24,1,0.4776
"neurotrophin signaling pathway","E2_06_14",1,0,3.7e-24,1,0.4647
"regulation of microtubule depolymerization","E2_06_14",0,0,3.7e-24,0,1
"basement membrane organization","E2_06_14",0,0,3.7e-24,0,1
"establishment or maintenance of epithelial cell apical/basal polarity","E2_06_14",1,0,3.7e-24,1,0.4552
"face development","E2_06_14",2,1,3.7e-24,0.584962500721156,0.6351
"osteoblast differentiation","E2_06_14",3,3,3.7e-24,0,1
"appendage development","E2_06_14",2,2,3.7e-24,0,1
"limb development","E2_06_14",0,3,3.7e-24,-2,0.0536
"regulation of ATP metabolic process","E2_06_14",0,1,3.7e-24,-1,0.428
"developmental growth involved in morphogenesis","E2_06_14",6,3,3.7e-24,0.807354922057604,0.2982
"embryonic organ development","E2_06_14",7,6,3.7e-24,0.192645077942396,0.8422
"negative regulation of growth","E2_06_14",1,3,3.7e-24,-1,0.2011
"microtubule depolymerization","E2_06_14",0,0,3.7e-24,0,1
"heme metabolic process","E2_06_14",1,0,3.7e-24,1,0.399
"regulation of neuron apoptotic process","E2_06_14",2,3,3.7e-24,-0.415037499278844,0.6022
"plasma membrane tubulation","E2_06_14",0,0,3.7e-24,0,1
"exosomal secretion","E2_06_14",0,0,3.7e-24,0,1
"vasculogenesis","E2_06_14",0,1,3.7e-24,-1,0.4132
"toxin transport","E2_06_14",0,0,3.7e-24,0,1
"ncRNA processing","E2_08_16",8,10,3.7e-24,-0.289506617194985,0.5381
"ribosome biogenesis","E2_08_16",5,7,3.7e-24,-0.415037499278844,0.4696
"rRNA metabolic process","E2_08_16",3,6,3.7e-24,-0.807354922057604,0.1453
"proteasome-mediated ubiquitin-dependent protein catabolic process","E2_08_16",5,11,3.7e-24,-1,0.0437
"regulation of response to DNA damage stimulus","E2_08_16",10,8,3.7e-24,0.289506617194985,0.6014
"establishment of protein localization to organelle","E2_08_16",9,10,3.7e-24,-0.137503523749935,0.7559
"macroautophagy","E2_08_16",7,8,3.7e-24,-0.169925001442312,0.7361
"regulation of chromosome organization","E2_08_16",1,5,3.7e-24,-1.58496250072116,0.0249
"Golgi vesicle transport","E2_08_16",8,8,3.7e-24,0,1
"double-strand break repair","E2_08_16",3,7,3.7e-24,-1,0.0829
"histone modification","E2_08_16",9,10,3.7e-24,-0.137503523749935,0.7632
"sister chromatid segregation","E2_08_16",5,6,3.7e-24,-0.222392421336448,0.6941
"DNA replication","E2_08_16",5,7,3.7e-24,-0.415037499278844,0.4625
"chromosome segregation","E2_08_16",4,9,3.7e-24,-1,0.0434
"mitochondrial gene expression","E2_08_16",1,4,3.7e-24,-1.32192809488736,0.0675
"nucleocytoplasmic transport","E2_08_16",4,7,3.7e-24,-0.678071905112638,0.2421
"nuclear transport","E2_08_16",8,8,3.7e-24,0,1
"regulation of DNA repair","E2_08_16",7,6,3.7e-24,0.192645077942396,0.8342
"peptidyl-lysine modification","E2_08_16",9,9,3.7e-24,0,1
"protein targeting","E2_08_16",8,7,3.7e-24,0.169925001442312,0.8551
"cytoplasmic translation","E2_08_16",7,4,3.7e-24,0.678071905112638,0.3475
"regulation of autophagy","E2_08_16",3,8,3.7e-24,-1.16992500144231,0.0395
"signal transduction in response to DNA damage","E2_08_16",4,4,3.7e-24,0,1
"regulation of intracellular transport","E2_08_16",5,7,3.7e-24,-0.415037499278844,0.4795
"protein localization to nucleus","E2_08_16",2,6,3.7e-24,-1.22239242133645,0.0487
"microtubule cytoskeleton organization involved in mitosis","E2_08_16",2,4,3.7e-24,-0.736965594166206,0.2996
"telomere maintenance","E2_08_16",0,4,3.7e-24,-2.32192809488736,0.014
"cell cycle checkpoint signaling","E2_08_16",5,4,3.7e-24,0.263034405833794,0.8042
"regulation of protein modification by small protein conjugation or removal","E2_08_16",5,6,3.7e-24,-0.222392421336448,0.7062
"cellular respiration","E2_08_16",7,6,3.7e-24,0.192645077942396,0.8435
"cellular component disassembly","E2_08_16",8,10,3.7e-24,-0.289506617194985,0.5349
"nuclear chromosome segregation","E2_08_16",6,8,3.7e-24,-0.362570079384708,0.498
"regulation of protein stability","E2_08_16",8,7,3.7e-24,0.169925001442312,0.8489
"regulation of cell cycle phase transition","E2_08_16",5,9,3.7e-24,-0.736965594166206,0.1323
"regulation of protein catabolic process","E2_08_16",8,8,3.7e-24,0,1
"response to endoplasmic reticulum stress","E2_08_16",0,6,3.7e-24,-2.8073549220576,0.0021
"vesicle organization","E2_08_16",5,8,3.7e-24,-0.584962500721156,0.2611
"mitochondrial respiratory chain complex assembly","E2_08_16",4,2,3.7e-24,0.736965594166206,0.3216
"DNA-templated transcription elongation","E2_08_16",4,3,3.7e-24,0.321928094887362,0.7825
"mitochondrial transport","E2_08_16",6,4,3.7e-24,0.485426827170242,0.4826
"establishment of organelle localization","E2_08_16",11,9,3.7e-24,0.263034405833794,0.6254
"regulation of intracellular protein transport","E2_08_16",3,5,3.7e-24,-0.584962500721156,0.3432
"response to UV","E2_08_16",2,3,3.7e-24,-0.415037499278844,0.5936
"RNA localization","E2_08_16",5,4,3.7e-24,0.263034405833794,0.8069
"response to topologically incorrect protein","E2_08_16",4,4,3.7e-24,0,1
"organelle fission","E2_08_16",5,11,3.7e-24,-1,0.035
"non-membrane-bounded organelle assembly","E2_08_16",8,8,3.7e-24,0,1
"protein polyubiquitination","E2_08_16",6,5,3.7e-24,0.222392421336448,0.8272
"methylation","E2_08_16",6,8,3.7e-24,-0.362570079384708,0.5038
"phospholipid biosynthetic process","E2_08_16",4,5,3.7e-24,-0.263034405833794,0.6748
"oxidative phosphorylation","E2_08_16",5,3,3.7e-24,0.584962500721156,0.3877
"establishment of protein localization to membrane","E2_08_16",2,6,3.7e-24,-1.22239242133645,0.072
"in utero embryonic development","E2_08_16",7,8,3.7e-24,-0.169925001442312,0.7296
"vacuole organization","E2_08_16",2,5,3.7e-24,-1,0.1088
"nuclear-transcribed mRNA catabolic process","E2_08_16",5,3,3.7e-24,0.584962500721156,0.3903
"protein folding","E2_08_16",2,5,3.7e-24,-1,0.1067
"DNA conformation change","E2_08_16",1,2,3.7e-24,-0.584962500721156,0.5409
"regulation of chromosome segregation","E2_08_16",4,3,3.7e-24,0.321928094887362,0.7815
"regulation of apoptotic signaling pathway","E2_08_16",12,8,3.7e-24,0.53051471669878,0.3004
"cell cycle G2/M phase transition","E2_08_16",3,4,3.7e-24,-0.321928094887362,0.6411
"vacuolar transport","E2_08_16",6,4,3.7e-24,0.485426827170242,0.4579
"response to ionizing radiation","E2_08_16",3,4,3.7e-24,-0.321928094887362,0.6559
"cellular response to UV","E2_08_16",2,2,3.7e-24,0,1
"regulation of binding","E2_08_16",4,7,3.7e-24,-0.678071905112638,0.2206
"nucleic acid transport","E2_08_16",3,3,3.7e-24,0,1
"RNA transport","E2_08_16",4,3,3.7e-24,0.321928094887362,0.7865
"ribonucleoprotein complex subunit organization","E2_08_16",5,5,3.7e-24,0,1
"regulation of DNA replication","E2_08_16",6,3,3.7e-24,0.807354922057604,0.281
"ribose phosphate metabolic process","E2_08_16",3,9,3.7e-24,-1.32192809488736,0.0197
"proton motive force-driven ATP synthesis","E2_08_16",3,2,3.7e-24,0.415037499278844,0.7319
"ribonucleotide metabolic process","E2_08_16",13,9,3.7e-24,0.485426827170242,0.3336
"telomere organization","E2_08_16",0,4,3.7e-24,-2.32192809488736,0.0131
"cellular response to topologically incorrect protein","E2_08_16",4,3,3.7e-24,0.321928094887362,0.7768
"Golgi organization","E2_08_16",1,3,3.7e-24,-1,0.2148
"ribonucleoprotein complex assembly","E2_08_16",2,4,3.7e-24,-0.736965594166206,0.2638
"cellular nitrogen compound catabolic process","E2_08_16",8,10,3.7e-24,-0.289506617194985,0.548
"negative regulation of phosphorus metabolic process","E2_08_16",10,9,3.7e-24,0.137503523749935,0.864
"heterocycle catabolic process","E2_08_16",10,10,3.7e-24,0,1
"mitochondrial membrane organization","E2_08_16",5,3,3.7e-24,0.584962500721156,0.3915
"regulation of protein-containing complex assembly","E2_08_16",3,8,3.7e-24,-1.16992500144231,0.0295
"positive regulation of cellular component biogenesis","E2_08_16",17,11,3.7e-24,0.584962500721156,0.1929
"response to oxidative stress","E2_08_16",8,9,3.7e-24,-0.15200309344505,0.7452
"regulation of supramolecular fiber organization","E2_08_16",3,8,3.7e-24,-1.16992500144231,0.0478
"positive regulation of protein localization","E2_08_16",7,10,3.7e-24,-0.459431618637297,0.2826
"positive regulation of cell projection organization","E2_08_16",11,8,3.7e-24,0.415037499278844,0.3722
"negative regulation of transferase activity","E2_08_16",2,6,3.7e-24,-1.22239242133645,0.0759
"autophagy of mitochondrion","E2_08_16",2,2,3.7e-24,0,1
"positive regulation of amide metabolic process","E2_08_16",5,3,3.7e-24,0.584962500721156,0.4303
"chromatin remodeling","E2_08_16",7,8,3.7e-24,-0.169925001442312,0.7357
"viral process","E2_08_16",18,8,3.7e-24,1.07800251200127,0.0274
"macromolecule deacylation","E2_08_16",2,3,3.7e-24,-0.415037499278844,0.6132
"mitotic cytokinesis","E2_08_16",0,2,3.7e-24,-1.58496250072116,0.1566
"aromatic compound catabolic process","E2_08_16",6,9,3.7e-24,-0.514573172829758,0.2742
"vesicle localization","E2_08_16",4,5,3.7e-24,-0.263034405833794,0.6692
"establishment or maintenance of cell polarity","E2_08_16",2,5,3.7e-24,-1,0.1311
"Wnt signaling pathway","E2_08_16",8,10,3.7e-24,-0.289506617194985,0.5463
"cell-cell signaling by wnt","E2_08_16",11,10,3.7e-24,0.125530882083859,0.8656
"ATP metabolic process","E2_08_16",3,4,3.7e-24,-0.321928094887362,0.6473
"cellular response to chemical stress","E2_08_16",5,7,3.7e-24,-0.415037499278844,0.4628
"regulation of vacuole organization","E2_08_16",2,1,3.7e-24,0.584962500721156,0.6587
"cellular response to external stimulus","E2_08_16",7,7,3.7e-24,0,1
"negative regulation of protein phosphorylation","E2_08_16",7,6,3.7e-24,0.192645077942396,0.8438
"negative regulation of catabolic process","E2_08_16",5,7,3.7e-24,-0.415037499278844,0.4661
"regulation of microtubule cytoskeleton organization","E2_08_16",0,3,3.7e-24,-2,0.0311
"chromosome localization","E2_08_16",1,2,3.7e-24,-0.584962500721156,0.5331
"negative regulation of mitotic nuclear division","E2_08_16",0,1,3.7e-24,-1,0.4133
"regulation of actin filament organization","E2_08_16",6,5,3.7e-24,0.222392421336448,0.8259
"dephosphorylation","E2_08_16",8,7,3.7e-24,0.169925001442312,0.8554
"glycosylation","E2_08_16",6,5,3.7e-24,0.222392421336448,0.8247
"positive regulation of establishment of protein localization","E2_08_16",2,6,3.7e-24,-1.22239242133645,0.051
"regulation of microtubule-based process","E2_08_16",4,5,3.7e-24,-0.263034405833794,0.6658
"cell-substrate junction organization","E2_08_16",1,2,3.7e-24,-0.584962500721156,0.5488
"protein-containing complex localization","E2_08_16",2,4,3.7e-24,-0.736965594166206,0.3081
"mitochondrial transmembrane transport","E2_08_16",2,2,3.7e-24,0,1
"stem cell population maintenance","E2_08_16",5,4,3.7e-24,0.263034405833794,0.7994
"ribosome assembly","E2_08_16",0,1,3.7e-24,-1,0.4177
"intraciliary transport","E2_08_16",1,1,3.7e-24,0,1
"Golgi to plasma membrane protein transport","E2_08_16",0,1,3.7e-24,-1,0.4773
"response to amino acid starvation","E2_08_16",1,1,3.7e-24,0,1
"cellular response to extracellular stimulus","E2_08_16",10,6,3.7e-24,0.652076696579693,0.2476
"cell growth","E2_08_16",8,10,3.7e-24,-0.289506617194985,0.5402
"protein glycosylation","E2_08_16",4,5,3.7e-24,-0.263034405833794,0.671
"macromolecule glycosylation","E2_08_16",6,4,3.7e-24,0.485426827170242,0.4716
"maintenance of cell number","E2_08_16",0,4,3.7e-24,-2.32192809488736,0.0118
"response to reactive oxygen species","E2_08_16",1,4,3.7e-24,-1.32192809488736,0.0816
"regulation of cell morphogenesis","E2_08_16",6,5,3.7e-24,0.222392421336448,0.8272
"regulation of cellular component size","E2_08_16",8,8,3.7e-24,0,1
"cell-substrate junction assembly","E2_08_16",1,2,3.7e-24,-0.584962500721156,0.542
"membrane fission","E2_08_16",1,1,3.7e-24,0,1
"membrane docking","E2_08_16",3,2,3.7e-24,0.415037499278844,0.7262
"fibroblast migration","E2_08_16",4,1,3.7e-24,1.32192809488736,0.062
"nucleus organization","E2_08_16",3,3,3.7e-24,0,1
"regulation of cell growth","E2_08_16",6,8,3.7e-24,-0.362570079384708,0.487
"fibroblast proliferation","E2_08_16",4,2,3.7e-24,0.736965594166206,0.303
"cell cycle G1/S phase transition","E2_08_16",7,5,3.7e-24,0.415037499278844,0.5193
"actin filament organization","E2_08_16",6,9,3.7e-24,-0.514573172829758,0.2712
"response to oxygen levels","E2_08_16",5,6,3.7e-24,-0.222392421336448,0.6951
"epigenetic regulation of gene expression","E2_08_16",6,4,3.7e-24,0.485426827170242,0.4841
"organelle fusion","E2_08_16",1,3,3.7e-24,-1,0.2007
"lipoprotein metabolic process","E2_08_16",3,4,3.7e-24,-0.321928094887362,0.6737
"protein lipidation","E2_08_16",5,2,3.7e-24,1,0.1909
"regulation of plasma membrane bounded cell projection assembly","E2_08_16",2,4,3.7e-24,-0.736965594166206,0.2864
"regulation of actin filament-based process","E2_08_16",5,8,3.7e-24,-0.584962500721156,0.2363
"regulation of GTPase activity","E2_08_16",7,7,3.7e-24,0,1
"nuclear envelope organization","E2_08_16",0,1,3.7e-24,-1,0.4144
"protein autophosphorylation","E2_08_16",4,5,3.7e-24,-0.263034405833794,0.6887
"connective tissue development","E2_08_16",2,5,3.7e-24,-1,0.1093
"cellular response to heat","E2_08_16",0,2,3.7e-24,-1.58496250072116,0.1832
"myeloid cell homeostasis","E2_08_16",2,3,3.7e-24,-0.415037499278844,0.5968
"regulation of neuron projection development","E2_08_16",9,9,3.7e-24,0,1
"receptor metabolic process","E2_08_16",3,1,3.7e-24,1,0.4119
"maintenance of protein location in cell","E2_08_16",1,1,3.7e-24,0,1
"apoptotic mitochondrial changes","E2_08_16",4,2,3.7e-24,0.736965594166206,0.2951
"response to transforming growth factor beta","E2_08_16",5,6,3.7e-24,-0.222392421336448,0.7039
"neural tube development","E2_08_16",5,3,3.7e-24,0.584962500721156,0.4237
"maintenance of protein location","E2_08_16",2,2,3.7e-24,0,1
"regulation of ubiquitin-protein transferase activity","E2_08_16",2,1,3.7e-24,0.584962500721156,0.6709
"cilium assembly","E2_08_16",10,8,3.7e-24,0.289506617194985,0.5978
"mRNA export from nucleus","E2_08_16",0,2,3.7e-24,-1.58496250072116,0.1726
"regulation of cell-substrate junction organization","E2_08_16",1,2,3.7e-24,-0.584962500721156,0.556
"membrane biogenesis","E2_08_16",0,1,3.7e-24,-1,0.4198
"cilium organization","E2_08_16",6,8,3.7e-24,-0.362570079384708,0.4892
"platelet-derived growth factor receptor signaling pathway","E2_08_16",3,2,3.7e-24,0.415037499278844,0.7329
"iron-sulfur cluster assembly","E2_08_16",1,1,3.7e-24,0,1
"metallo-sulfur cluster assembly","E2_08_16",1,1,3.7e-24,0,1
"centromere complex assembly","E2_08_16",1,1,3.7e-24,0,1
"cellular response to oxygen levels","E2_08_16",1,3,3.7e-24,-1,0.2187
"fatty acid beta-oxidation","E2_08_16",2,2,3.7e-24,0,1
"organelle localization by membrane tethering","E2_08_16",1,2,3.7e-24,-0.584962500721156,0.5463
"autophagosome maturation","E2_08_16",1,2,3.7e-24,-0.584962500721156,0.5847
"cellular response to transforming growth factor beta stimulus","E2_08_16",5,5,3.7e-24,0,1
"nucleotide catabolic process","E2_08_16",2,2,3.7e-24,0,1
"tube closure","E2_08_16",2,2,3.7e-24,0,1
"regulation of stem cell differentiation","E2_08_16",0,1,3.7e-24,-1,0.4092
"substrate adhesion-dependent cell spreading","E2_08_16",0,2,3.7e-24,-1.58496250072116,0.1413
"chondrocyte differentiation","E2_08_16",1,2,3.7e-24,-0.584962500721156,0.5364
"regulation of fibroblast proliferation","E2_08_16",1,2,3.7e-24,-0.584962500721156,0.5464
"morphogenesis of an epithelial sheet","E2_08_16",0,1,3.7e-24,-1,0.4171
"microtubule polymerization","E2_08_16",0,2,3.7e-24,-1.58496250072116,0.1422
"response to virus","E2_08_16",5,8,3.7e-24,-0.584962500721156,0.2512
"membrane assembly","E2_08_16",0,1,3.7e-24,-1,0.4118
"COPII vesicle coating","E2_08_16",1,1,3.7e-24,0,1
"erythrocyte differentiation","E2_08_16",6,3,3.7e-24,0.807354922057604,0.2988
"organophosphate catabolic process","E2_08_16",1,3,3.7e-24,-1,0.1926
"regulation of embryonic development","E2_08_16",2,2,3.7e-24,0,1
"regulation of focal adhesion assembly","E2_08_16",2,1,3.7e-24,0.584962500721156,0.6558
"regulation of cell-substrate junction assembly","E2_08_16",0,1,3.7e-24,-1,0.399
"regulation of extracellular matrix organization","E2_08_16",0,1,3.7e-24,-1,0.4263
"GPI anchor biosynthetic process","E2_08_16",0,0,3.7e-24,0,1
"lamellipodium organization","E2_08_16",1,2,3.7e-24,-0.584962500721156,0.5295
"positive regulation of stem cell population maintenance","E2_08_16",2,1,3.7e-24,0.584962500721156,0.6316
"monosaccharide metabolic process","E2_08_16",2,5,3.7e-24,-1,0.1195
"U2-type prespliceosome assembly","E2_08_16",0,1,3.7e-24,-1,0.5303
"heterochromatin formation","E2_08_16",1,2,3.7e-24,-0.584962500721156,0.5815
"peroxisome organization","E2_08_16",0,1,3.7e-24,-1,0.4587
"regulation of mitochondrial fission","E2_08_16",0,0,3.7e-24,0,1
"cellular pigmentation","E2_08_16",1,1,3.7e-24,0,1
"regulation of fibroblast migration","E2_08_16",0,1,3.7e-24,-1,0.4565
"cellular carbohydrate metabolic process","E2_08_16",2,6,3.7e-24,-1.22239242133645,0.0728
"positive regulation of axonogenesis","E2_08_16",2,2,3.7e-24,0,1
"kinetochore organization","E2_08_16",0,0,3.7e-24,0,1
"stem cell differentiation","E2_08_16",3,5,3.7e-24,-0.584962500721156,0.3299
"proton transmembrane transport","E2_08_16",5,2,3.7e-24,1,0.1931
"cellular response to insulin stimulus","E2_08_16",2,5,3.7e-24,-1,0.1458
"establishment of mitotic spindle localization","E2_08_16",2,1,3.7e-24,0.584962500721156,0.6305
"cell redox homeostasis","E2_08_16",1,1,3.7e-24,0,1
"stress granule assembly","E2_08_16",0,0,3.7e-24,0,1
"protein neddylation","E2_08_16",0,1,3.7e-24,-1,0.4637
"regulation of mitochondrial membrane potential","E2_08_16",0,1,3.7e-24,-1,0.4175
"neuron death","E2_08_16",6,8,3.7e-24,-0.362570079384708,0.4996
"defense response to virus","E2_08_16",3,6,3.7e-24,-0.807354922057604,0.1584
"sulfur compound metabolic process","E2_08_16",10,6,3.7e-24,0.652076696579693,0.2415
"NADP metabolic process","E2_08_16",0,0,3.7e-24,0,1
"vacuolar acidification","E2_08_16",0,1,3.7e-24,-1,0.5127
"oligosaccharide-lipid intermediate biosynthetic process","E2_08_16",0,0,3.7e-24,0,1
"lysosomal lumen acidification","E2_08_16",0,1,3.7e-24,-1,0.537
"glycosyl compound biosynthetic process","E2_08_16",0,0,3.7e-24,0,1
"heart valve development","E2_08_16",2,1,3.7e-24,0.584962500721156,0.6759
"water-soluble vitamin metabolic process","E2_08_16",1,1,3.7e-24,0,1
"interferon-beta production","E2_08_16",2,1,3.7e-24,0.584962500721156,0.6576
"regulation of interferon-beta production","E2_08_16",0,1,3.7e-24,-1,0.4337
"branched-chain amino acid metabolic process","E2_08_16",0,1,3.7e-24,-1,0.509
"regulation of mitochondrial membrane permeability","E2_08_16",0,1,3.7e-24,-1,0.4212
"respiratory tube development","E2_08_16",4,4,3.7e-24,0,1
"cellular senescence","E2_08_16",3,2,3.7e-24,0.415037499278844,0.7456
"positive regulation of neurogenesis","E2_08_16",3,5,3.7e-24,-0.584962500721156,0.3385
"mitochondrial outer membrane permeabilization","E2_08_16",0,1,3.7e-24,-1,0.491
"immune system development","E2_08_16",2,4,3.7e-24,-0.736965594166206,0.282
"clathrin-dependent endocytosis","E2_08_16",1,1,3.7e-24,0,1
"positive regulation of viral process","E2_08_16",0,1,3.7e-24,-1,0.4185
"bone development","E2_08_16",2,5,3.7e-24,-1,0.1613
"cell-substrate adhesion","E2_08_16",3,7,3.7e-24,-1,0.1026
"positive regulation of microtubule polymerization","E2_08_16",1,1,3.7e-24,0,1
"pteridine-containing compound metabolic process","E2_08_16",0,1,3.7e-24,-1,0.5266
"response to arsenic-containing substance","E2_08_16",0,1,3.7e-24,-1,0.4869
"response to insulin","E2_08_16",5,5,3.7e-24,0,1
"ubiquinone metabolic process","E2_08_16",0,0,3.7e-24,0,1
"cellular response to arsenic-containing substance","E2_08_16",0,0,3.7e-24,0,1
"inositol phosphate catabolic process","E2_08_16",0,0,3.7e-24,0,1
"telomerase RNA localization to Cajal body","E2_08_16",0,0,3.7e-24,0,1
"respiratory system development","E2_08_16",6,4,3.7e-24,0.485426827170242,0.4674
"regulation of generation of precursor metabolites and energy","E2_08_16",5,3,3.7e-24,0.584962500721156,0.3872
"mitochondrial calcium ion homeostasis","E2_08_16",0,0,3.7e-24,0,1
"G0 to G1 transition","E2_08_16",0,1,3.7e-24,-1,0.439
"mitochondrial genome maintenance","E2_08_16",1,1,3.7e-24,0,1
"release of cytochrome c from mitochondria","E2_08_16",1,1,3.7e-24,0,1
"cortical cytoskeleton organization","E2_08_16",0,1,3.7e-24,-1,0.4532
"response to sterol depletion","E2_08_16",0,0,3.7e-24,0,1
"regulation of ncRNA transcription","E2_08_16",0,0,3.7e-24,0,1
"mesenchymal cell differentiation","E2_08_16",3,5,3.7e-24,-0.584962500721156,0.3273
"protein-DNA complex subunit organization","E2_08_16",5,5,3.7e-24,0,1
"response to fluid shear stress","E2_08_16",1,1,3.7e-24,0,1
"collagen fibril organization","E2_08_16",1,1,3.7e-24,0,1
"roof of mouth development","E2_08_16",2,2,3.7e-24,0,1
"regulation of protein dephosphorylation","E2_08_16",2,1,3.7e-24,0.584962500721156,0.6819
"multicellular organism growth","E2_08_16",2,3,3.7e-24,-0.415037499278844,0.5987
"miRNA processing","E2_08_16",1,1,3.7e-24,0,1
"small molecule catabolic process","E2_08_16",7,7,3.7e-24,0,1
"regulation of G0 to G1 transition","E2_08_16",0,1,3.7e-24,-1,0.4698
"circadian regulation of gene expression","E2_08_16",0,1,3.7e-24,-1,0.4196
"regulation of translational fidelity","E2_08_16",0,0,3.7e-24,0,1
"ubiquinone biosynthetic process","E2_08_16",0,0,3.7e-24,0,1
"mitochondrial calcium ion transmembrane transport","E2_08_16",1,0,3.7e-24,1,0.4335
"quinone biosynthetic process","E2_08_16",0,0,3.7e-24,0,1
"viral release from host cell","E2_08_16",0,0,3.7e-24,0,1
"exit from host cell","E2_08_16",0,0,3.7e-24,0,1
"positive regulation of GTPase activity","E2_08_16",2,4,3.7e-24,-0.736965594166206,0.2636
"regulation of cytokinesis","E2_08_16",5,2,3.7e-24,1,0.1987
"mitochondrion localization","E2_08_16",0,1,3.7e-24,-1,0.4274
"renal system development","E2_08_16",4,5,3.7e-24,-0.263034405833794,0.6777
"regulation of cysteine-type endopeptidase activity involved in apoptotic process","E2_08_16",3,4,3.7e-24,-0.321928094887362,0.6438
"regulation of cell-substrate adhesion","E2_08_16",2,4,3.7e-24,-0.736965594166206,0.2632
"centrosome localization","E2_08_16",0,1,3.7e-24,-1,0.4939
"microtubule organizing center localization","E2_08_16",1,0,3.7e-24,1,0.4652
"pinocytosis","E2_08_16",1,0,3.7e-24,1,0.3146
"lamellipodium assembly","E2_08_16",3,1,3.7e-24,1,0.4162
"cellular response to sterol depletion","E2_08_16",1,0,3.7e-24,1,0.3198
"placenta development","E2_08_16",2,3,3.7e-24,-0.415037499278844,0.6356
"rhythmic process","E2_08_16",3,6,3.7e-24,-0.807354922057604,0.1798
"spindle localization","E2_08_16",0,1,3.7e-24,-1,0.4185
"carbohydrate derivative catabolic process","E2_08_16",1,4,3.7e-24,-1.32192809488736,0.1175
"response to amino acid","E2_08_16",1,2,3.7e-24,-0.584962500721156,0.5614
"regulation of intracellular steroid hormone receptor signaling pathway","E2_08_16",0,1,3.7e-24,-1,0.4135
"regulation of neuron death","E2_08_16",4,6,3.7e-24,-0.485426827170242,0.4372
"ossification","E2_08_16",6,8,3.7e-24,-0.362570079384708,0.4931
"mammary gland epithelial cell proliferation","E2_08_16",0,0,3.7e-24,0,1
"ribosomal subunit export from nucleus","E2_08_16",0,0,3.7e-24,0,1
"ribosome localization","E2_08_16",0,0,3.7e-24,0,1
"protein transport to vacuole involved in ubiquitin-dependent protein catabolic process via the multivesicular body sorting pathway","E2_08_16",0,0,3.7e-24,0,1
"seminiferous tubule development","E2_08_16",0,0,3.7e-24,0,1
"cellular response to acid chemical","E2_08_16",0,2,3.7e-24,-1.58496250072116,0.1519
"positive regulation of kinase activity","E2_08_16",8,8,3.7e-24,0,1
"positive regulation by host of viral process","E2_08_16",0,0,3.7e-24,0,1
"mitochondrion morphogenesis","E2_08_16",1,0,3.7e-24,1,0.4345
"regulation of establishment of cell polarity","E2_08_16",0,0,3.7e-24,0,1
"cellular lipid catabolic process","E2_08_16",5,4,3.7e-24,0.263034405833794,0.7969
"neuron apoptotic process","E2_08_16",3,5,3.7e-24,-0.584962500721156,0.332
"inner cell mass cell proliferation","E2_08_16",0,0,3.7e-24,0,1
"polyamine biosynthetic process","E2_08_16",0,0,3.7e-24,0,1
"folic acid metabolic process","E2_08_16",1,0,3.7e-24,1,0.417
"organelle inheritance","E2_08_16",0,0,3.7e-24,0,1
"polyol metabolic process","E2_08_16",3,2,3.7e-24,0.415037499278844,0.7478
"regulation of type I interferon-mediated signaling pathway","E2_08_16",1,1,3.7e-24,0,1
"intracellular lipid transport","E2_08_16",3,1,3.7e-24,1,0.4073
"fat cell differentiation","E2_08_16",4,4,3.7e-24,0,1
"iron ion homeostasis","E2_08_16",1,1,3.7e-24,0,1
"negative regulation of cell projection organization","E2_08_16",1,4,3.7e-24,-1.32192809488736,0.111
"dicarboxylic acid metabolic process","E2_08_16",1,2,3.7e-24,-0.584962500721156,0.5461
"regulation of anatomical structure size","E2_08_16",4,9,3.7e-24,-1,0.0498
"regulation of small molecule metabolic process","E2_08_16",5,6,3.7e-24,-0.222392421336448,0.6909
"pentose-phosphate shunt","E2_08_16",0,0,3.7e-24,0,1
"pericardium development","E2_08_16",1,0,3.7e-24,1,0.3626
"lysosomal protein catabolic process","E2_08_16",1,0,3.7e-24,1,0.3852
"carbohydrate derivative transport","E2_08_16",1,2,3.7e-24,-0.584962500721156,0.5646
"alcohol biosynthetic process","E2_08_16",3,3,3.7e-24,0,1
"regulation of membrane permeability","E2_08_16",0,2,3.7e-24,-1.58496250072116,0.1785
"signal peptide processing","E2_08_16",0,0,3.7e-24,0,1
"UV-damage excision repair","E2_08_16",0,0,3.7e-24,0,1
"biological process involved in interaction with host","E2_08_16",6,4,3.7e-24,0.485426827170242,0.4533
"body morphogenesis","E2_08_16",1,1,3.7e-24,0,1
"extracellular vesicle biogenesis","E2_08_16",0,0,3.7e-24,0,1
"negative regulation of defense response to virus","E2_08_16",0,1,3.7e-24,-1,0.499
"aminoglycan biosynthetic process","E2_08_16",0,1,3.7e-24,-1,0.4114
"sterol biosynthetic process","E2_08_16",2,1,3.7e-24,0.584962500721156,0.646
"polyamine metabolic process","E2_08_16",0,0,3.7e-24,0,1
"magnesium ion transport","E2_08_16",0,0,3.7e-24,0,1
"lamellipodium morphogenesis","E2_08_16",0,0,3.7e-24,0,1
"positive regulation of neuron migration","E2_08_16",1,0,3.7e-24,1,0.3693
"regulation of glucose metabolic process","E2_08_16",3,1,3.7e-24,1,0.42
"monosaccharide biosynthetic process","E2_08_16",1,2,3.7e-24,-0.584962500721156,0.5334
"response to acid chemical","E2_08_16",2,3,3.7e-24,-0.415037499278844,0.627
"regulation of carbohydrate metabolic process","E2_08_16",3,4,3.7e-24,-0.321928094887362,0.6666
"positive regulation of nervous system development","E2_08_16",5,4,3.7e-24,0.263034405833794,0.8063
"regulation of circadian rhythm","E2_08_16",2,2,3.7e-24,0,1
"trabecula morphogenesis","E2_08_16",1,1,3.7e-24,0,1
"pigment accumulation","E2_08_16",0,0,3.7e-24,0,1
"cellular pigment accumulation","E2_08_16",1,0,3.7e-24,1,0.1943
"regulation of pinocytosis","E2_08_16",0,0,3.7e-24,0,1
"regulation of ligase activity","E2_08_16",0,0,3.7e-24,0,1
"smoothened signaling pathway involved in dorsal/ventral neural tube patterning","E2_08_16",0,0,3.7e-24,0,1
"glycosyl compound metabolic process","E2_08_16",0,1,3.7e-24,-1,0.4243
"substantia nigra development","E2_08_16",0,1,3.7e-24,-1,0.4446
"negative regulation of GTPase activity","E2_08_16",1,1,3.7e-24,0,1
"axon extension","E2_08_16",4,2,3.7e-24,0.736965594166206,0.3223
"positive regulation of epithelial to mesenchymal transition","E2_08_16",3,1,3.7e-24,1,0.4414
"one-carbon metabolic process","E2_08_16",0,0,3.7e-24,0,1
"NADPH regeneration","E2_08_16",0,0,3.7e-24,0,1
"cellular response to dsRNA","E2_08_16",0,0,3.7e-24,0,1
"neuron projection organization","E2_08_16",1,2,3.7e-24,-0.584962500721156,0.5411
"postsynapse organization","E2_08_16",2,3,3.7e-24,-0.415037499278844,0.5989
"regulation of ketone biosynthetic process","E2_08_16",0,0,3.7e-24,0,1
"mitochondrion distribution","E2_08_16",0,0,3.7e-24,0,1
"regulation of autophagosome maturation","E2_08_16",0,0,3.7e-24,0,1
"magnesium ion transmembrane transport","E2_08_16",1,0,3.7e-24,1,0.3775
"regulation of cell division","E2_08_16",2,3,3.7e-24,-0.415037499278844,0.593
"intermembrane lipid transfer","E2_08_16",1,1,3.7e-24,0,1
"organophosphate ester transport","E2_08_16",5,3,3.7e-24,0.584962500721156,0.3804
"movement in host","E2_08_16",4,3,3.7e-24,0.321928094887362,0.7774
"extracellular matrix assembly","E2_08_16",0,1,3.7e-24,-1,0.5033
"cellular metabolic compound salvage","E2_08_16",0,0,3.7e-24,0,1
"regulation of ATP-dependent activity","E2_08_16",1,1,3.7e-24,0,1
"cell migration involved in heart development","E2_08_16",1,0,3.7e-24,1,0.3388
"cellular response to fluid shear stress","E2_08_16",0,0,3.7e-24,0,1
"sphingomyelin biosynthetic process","E2_08_16",0,0,3.7e-24,0,1
"ether lipid biosynthetic process","E2_08_16",0,0,3.7e-24,0,1
"embryonic body morphogenesis","E2_08_16",0,0,3.7e-24,0,1
"amino sugar biosynthetic process","E2_08_16",0,0,3.7e-24,0,1
"glycerol ether biosynthetic process","E2_08_16",0,0,3.7e-24,0,1
"pigmentation","E2_08_16",2,2,3.7e-24,0,1
"cellular response to ketone","E2_08_16",2,2,3.7e-24,0,1
"nonribosomal peptide biosynthetic process","E2_08_16",0,0,3.7e-24,0,1
"glial cell apoptotic process","E2_08_16",0,0,3.7e-24,0,1
"lipoprotein catabolic process","E2_08_16",0,0,3.7e-24,0,1
"suppression of viral release by host","E2_08_16",0,0,3.7e-24,0,1
"chaperone-mediated autophagy","E2_08_16",0,0,3.7e-24,0,1
"regulation of steroid hormone biosynthetic process","E2_08_16",2,0,3.7e-24,1.58496250072116,0.0506
"synaptic vesicle lumen acidification","E2_08_16",3,0,3.7e-24,2,0.0069
"semaphorin-plexin signaling pathway involved in neuron projection guidance","E2_08_16",1,0,3.7e-24,1,0.2375
"regulation of Golgi organization","E2_08_16",0,0,3.7e-24,0,1
"Schwann cell differentiation","E2_08_16",0,1,3.7e-24,-1,0.4655
"neurotrophin signaling pathway","E2_08_16",1,0,3.7e-24,1,0.4824
"regulation of microtubule depolymerization","E2_08_16",0,1,3.7e-24,-1,0.5094
"basement membrane organization","E2_08_16",1,0,3.7e-24,1,0.4221
"establishment or maintenance of epithelial cell apical/basal polarity","E2_08_16",1,1,3.7e-24,0,1
"face development","E2_08_16",2,1,3.7e-24,0.584962500721156,0.6386
"osteoblast differentiation","E2_08_16",2,4,3.7e-24,-0.736965594166206,0.2588
"appendage development","E2_08_16",2,3,3.7e-24,-0.415037499278844,0.612
"limb development","E2_08_16",1,4,3.7e-24,-1.32192809488736,0.0905
"regulation of ATP metabolic process","E2_08_16",1,2,3.7e-24,-0.584962500721156,0.531
"developmental growth involved in morphogenesis","E2_08_16",3,4,3.7e-24,-0.321928094887362,0.6408
"embryonic organ development","E2_08_16",3,9,3.7e-24,-1.32192809488736,0.0163
"negative regulation of growth","E2_08_16",3,4,3.7e-24,-0.321928094887362,0.6337
"microtubule depolymerization","E2_08_16",1,1,3.7e-24,0,1
"heme metabolic process","E2_08_16",1,1,3.7e-24,0,1
"regulation of neuron apoptotic process","E2_08_16",6,5,3.7e-24,0.222392421336448,0.8197
"plasma membrane tubulation","E2_08_16",1,0,3.7e-24,1,0.3508
"exosomal secretion","E2_08_16",0,0,3.7e-24,0,1
"vasculogenesis","E2_08_16",0,1,3.7e-24,-1,0.4083
"toxin transport","E2_08_16",0,1,3.7e-24,-1,0.4784
"ncRNA processing","E3_06_14",16,19,3.7e-24,-0.234465253637023,0.506
"ribosome biogenesis","E3_06_14",5,13,3.7e-24,-1.22239242133645,0.0072
"rRNA metabolic process","E3_06_14",9,11,3.7e-24,-0.263034405833794,0.5611
"proteasome-mediated ubiquitin-dependent protein catabolic process","E3_06_14",15,20,3.7e-24,-0.39231742277876,0.2351
"regulation of response to DNA damage stimulus","E3_06_14",9,14,3.7e-24,-0.584962500721156,0.1247
"establishment of protein localization to organelle","E3_06_14",13,20,3.7e-24,-0.584962500721156,0.077
"macroautophagy","E3_06_14",12,13,3.7e-24,-0.106915203916512,0.7822
"regulation of chromosome organization","E3_06_14",13,11,3.7e-24,0.222392421336448,0.6522
"Golgi vesicle transport","E3_06_14",10,14,3.7e-24,-0.447458976971221,0.2601
"double-strand break repair","E3_06_14",18,13,3.7e-24,0.440572591385981,0.2743
"histone modification","E3_06_14",20,19,3.7e-24,0.070389327891398,0.9097
"sister chromatid segregation","E3_06_14",6,11,3.7e-24,-0.777607578663552,0.0868
"DNA replication","E3_06_14",4,12,3.7e-24,-1.37851162325373,0.007
"chromosome segregation","E3_06_14",14,17,3.7e-24,-0.263034405833794,0.4617
"mitochondrial gene expression","E3_06_14",6,8,3.7e-24,-0.362570079384708,0.4946
"nucleocytoplasmic transport","E3_06_14",10,13,3.7e-24,-0.347923303420307,0.4192
"nuclear transport","E3_06_14",18,14,3.7e-24,0.341036917835067,0.3558
"regulation of DNA repair","E3_06_14",2,9,3.7e-24,-1.73696559416621,0.0042
"peptidyl-lysine modification","E3_06_14",18,15,3.7e-24,0.247927513443586,0.5167
"protein targeting","E3_06_14",13,14,3.7e-24,-0.0995356735509144,0.7938
"cytoplasmic translation","E3_06_14",5,7,3.7e-24,-0.415037499278844,0.4666
"regulation of autophagy","E3_06_14",16,14,3.7e-24,0.180572245641821,0.6894
"signal transduction in response to DNA damage","E3_06_14",3,7,3.7e-24,-1,0.0688
"regulation of intracellular transport","E3_06_14",9,12,3.7e-24,-0.37851162325373,0.3972
"protein localization to nucleus","E3_06_14",13,11,3.7e-24,0.222392421336448,0.6528
"microtubule cytoskeleton organization involved in mitosis","E3_06_14",3,7,3.7e-24,-1,0.0862
"telomere maintenance","E3_06_14",3,7,3.7e-24,-1,0.067
"cell cycle checkpoint signaling","E3_06_14",3,9,3.7e-24,-1.32192809488736,0.0234
"regulation of protein modification by small protein conjugation or removal","E3_06_14",4,10,3.7e-24,-1.13750352374993,0.0208
"cellular respiration","E3_06_14",7,10,3.7e-24,-0.459431618637297,0.2924
"cellular component disassembly","E3_06_14",11,19,3.7e-24,-0.736965594166206,0.0401
"nuclear chromosome segregation","E3_06_14",10,14,3.7e-24,-0.447458976971221,0.246
"regulation of protein stability","E3_06_14",12,13,3.7e-24,-0.106915203916512,0.7778
"regulation of cell cycle phase transition","E3_06_14",10,17,3.7e-24,-0.710493382805015,0.0527
"regulation of protein catabolic process","E3_06_14",9,16,3.7e-24,-0.765534746362977,0.0413
"response to endoplasmic reticulum stress","E3_06_14",6,11,3.7e-24,-0.777607578663552,0.0875
"vesicle organization","E3_06_14",11,14,3.7e-24,-0.321928094887362,0.4381
"mitochondrial respiratory chain complex assembly","E3_06_14",2,5,3.7e-24,-1,0.1568
"DNA-templated transcription elongation","E3_06_14",8,6,3.7e-24,0.362570079384708,0.5357
"mitochondrial transport","E3_06_14",7,8,3.7e-24,-0.169925001442312,0.7316
"establishment of organelle localization","E3_06_14",16,17,3.7e-24,-0.082462160191973,0.8114
"regulation of intracellular protein transport","E3_06_14",6,9,3.7e-24,-0.514573172829758,0.2867
"response to UV","E3_06_14",7,7,3.7e-24,0,1
"RNA localization","E3_06_14",7,8,3.7e-24,-0.169925001442312,0.7277
"response to topologically incorrect protein","E3_06_14",3,6,3.7e-24,-0.807354922057604,0.1418
"organelle fission","E3_06_14",12,19,3.7e-24,-0.62148837674627,0.0662
"non-membrane-bounded organelle assembly","E3_06_14",10,15,3.7e-24,-0.540568381362703,0.1402
"protein polyubiquitination","E3_06_14",6,10,3.7e-24,-0.652076696579693,0.1489
"methylation","E3_06_14",8,14,3.7e-24,-0.736965594166206,0.0571
"phospholipid biosynthetic process","E3_06_14",8,10,3.7e-24,-0.289506617194985,0.5349
"oxidative phosphorylation","E3_06_14",7,6,3.7e-24,0.192645077942396,0.8419
"establishment of protein localization to membrane","E3_06_14",9,11,3.7e-24,-0.263034405833794,0.5582
"in utero embryonic development","E3_06_14",13,15,3.7e-24,-0.192645077942396,0.6125
"vacuole organization","E3_06_14",13,9,3.7e-24,0.485426827170242,0.3283
"nuclear-transcribed mRNA catabolic process","E3_06_14",4,5,3.7e-24,-0.263034405833794,0.6757
"protein folding","E3_06_14",5,9,3.7e-24,-0.736965594166206,0.1429
"DNA conformation change","E3_06_14",5,4,3.7e-24,0.263034405833794,0.8031
"regulation of chromosome segregation","E3_06_14",3,6,3.7e-24,-0.807354922057604,0.1852
"regulation of apoptotic signaling pathway","E3_06_14",9,15,3.7e-24,-0.678071905112638,0.0891
"cell cycle G2/M phase transition","E3_06_14",6,7,3.7e-24,-0.192645077942396,0.7204
"vacuolar transport","E3_06_14",8,7,3.7e-24,0.169925001442312,0.8541
"response to ionizing radiation","E3_06_14",5,7,3.7e-24,-0.415037499278844,0.4778
"cellular response to UV","E3_06_14",5,4,3.7e-24,0.263034405833794,0.8109
"regulation of binding","E3_06_14",17,14,3.7e-24,0.263034405833794,0.5059
"nucleic acid transport","E3_06_14",2,6,3.7e-24,-1.22239242133645,0.0629
"RNA transport","E3_06_14",7,6,3.7e-24,0.192645077942396,0.8473
"ribonucleoprotein complex subunit organization","E3_06_14",7,9,3.7e-24,-0.321928094887362,0.5124
"regulation of DNA replication","E3_06_14",5,6,3.7e-24,-0.222392421336448,0.702
"ribose phosphate metabolic process","E3_06_14",16,16,3.7e-24,0,1
"proton motive force-driven ATP synthesis","E3_06_14",5,4,3.7e-24,0.263034405833794,0.8091
"ribonucleotide metabolic process","E3_06_14",13,17,3.7e-24,-0.362570079384708,0.2985
"telomere organization","E3_06_14",5,7,3.7e-24,-0.415037499278844,0.4671
"cellular response to topologically incorrect protein","E3_06_14",3,5,3.7e-24,-0.584962500721156,0.3243
"Golgi organization","E3_06_14",7,6,3.7e-24,0.192645077942396,0.8388
"ribonucleoprotein complex assembly","E3_06_14",7,8,3.7e-24,-0.169925001442312,0.7307
"cellular nitrogen compound catabolic process","E3_06_14",12,19,3.7e-24,-0.62148837674627,0.073
"negative regulation of phosphorus metabolic process","E3_06_14",16,15,3.7e-24,0.0874628412503394,0.9021
"heterocycle catabolic process","E3_06_14",11,19,3.7e-24,-0.736965594166206,0.0295
"mitochondrial membrane organization","E3_06_14",4,5,3.7e-24,-0.263034405833794,0.6678
"regulation of protein-containing complex assembly","E3_06_14",15,15,3.7e-24,0,1
"positive regulation of cellular component biogenesis","E3_06_14",14,20,3.7e-24,-0.485426827170242,0.1318
"response to oxidative stress","E3_06_14",18,17,3.7e-24,0.0780025120012732,0.9036
"regulation of supramolecular fiber organization","E3_06_14",14,15,3.7e-24,-0.0931094043914815,0.8017
"positive regulation of protein localization","E3_06_14",17,18,3.7e-24,-0.0780025120012732,0.8184
"positive regulation of cell projection organization","E3_06_14",10,14,3.7e-24,-0.447458976971221,0.2384
"negative regulation of transferase activity","E3_06_14",4,11,3.7e-24,-1.26303440583379,0.0162
"autophagy of mitochondrion","E3_06_14",3,4,3.7e-24,-0.321928094887362,0.644
"positive regulation of amide metabolic process","E3_06_14",10,7,3.7e-24,0.459431618637297,0.3482
"chromatin remodeling","E3_06_14",19,15,3.7e-24,0.321928094887362,0.3616
"viral process","E3_06_14",8,16,3.7e-24,-0.917537839808027,0.0231
"macromolecule deacylation","E3_06_14",6,6,3.7e-24,0,1
"mitotic cytokinesis","E3_06_14",4,4,3.7e-24,0,1
"aromatic compound catabolic process","E3_06_14",16,18,3.7e-24,-0.160464672193246,0.6412
"vesicle localization","E3_06_14",6,10,3.7e-24,-0.652076696579693,0.1572
"establishment or maintenance of cell polarity","E3_06_14",9,9,3.7e-24,0,1
"Wnt signaling pathway","E3_06_14",16,17,3.7e-24,-0.082462160191973,0.8171
"cell-cell signaling by wnt","E3_06_14",13,15,3.7e-24,-0.192645077942396,0.6181
"ATP metabolic process","E3_06_14",8,8,3.7e-24,0,1
"cellular response to chemical stress","E3_06_14",10,13,3.7e-24,-0.347923303420307,0.415
"regulation of vacuole organization","E3_06_14",0,2,3.7e-24,-1.58496250072116,0.074
"cellular response to external stimulus","E3_06_14",11,13,3.7e-24,-0.222392421336448,0.5945
"negative regulation of protein phosphorylation","E3_06_14",9,12,3.7e-24,-0.37851162325373,0.3905
"negative regulation of catabolic process","E3_06_14",17,13,3.7e-24,0.362570079384708,0.3314
"regulation of microtubule cytoskeleton organization","E3_06_14",4,6,3.7e-24,-0.485426827170242,0.4349
"chromosome localization","E3_06_14",5,4,3.7e-24,0.263034405833794,0.807
"negative regulation of mitotic nuclear division","E3_06_14",3,2,3.7e-24,0.415037499278844,0.748
"regulation of actin filament organization","E3_06_14",13,9,3.7e-24,0.485426827170242,0.3313
"dephosphorylation","E3_06_14",12,13,3.7e-24,-0.106915203916512,0.7882
"glycosylation","E3_06_14",6,9,3.7e-24,-0.514573172829758,0.2858
"positive regulation of establishment of protein localization","E3_06_14",13,12,3.7e-24,0.106915203916512,0.883
"regulation of microtubule-based process","E3_06_14",6,10,3.7e-24,-0.652076696579693,0.1696
"cell-substrate junction organization","E3_06_14",5,4,3.7e-24,0.263034405833794,0.803
"protein-containing complex localization","E3_06_14",4,7,3.7e-24,-0.678071905112638,0.2173
"mitochondrial transmembrane transport","E3_06_14",5,4,3.7e-24,0.263034405833794,0.8104
"stem cell population maintenance","E3_06_14",5,7,3.7e-24,-0.415037499278844,0.4629
"ribosome assembly","E3_06_14",0,3,3.7e-24,-2,0.0637
"intraciliary transport","E3_06_14",0,2,3.7e-24,-1.58496250072116,0.1439
"Golgi to plasma membrane protein transport","E3_06_14",1,2,3.7e-24,-0.584962500721156,0.5363
"response to amino acid starvation","E3_06_14",1,2,3.7e-24,-0.584962500721156,0.5283
"cellular response to extracellular stimulus","E3_06_14",7,10,3.7e-24,-0.459431618637297,0.3124
"cell growth","E3_06_14",21,18,3.7e-24,0.211504105193712,0.5623
"protein glycosylation","E3_06_14",6,9,3.7e-24,-0.514573172829758,0.2651
"macromolecule glycosylation","E3_06_14",7,8,3.7e-24,-0.169925001442312,0.7385
"maintenance of cell number","E3_06_14",9,8,3.7e-24,0.15200309344505,0.8594
"response to reactive oxygen species","E3_06_14",4,8,3.7e-24,-0.84799690655495,0.1162
"regulation of cell morphogenesis","E3_06_14",8,10,3.7e-24,-0.289506617194985,0.5523
"regulation of cellular component size","E3_06_14",16,14,3.7e-24,0.180572245641821,0.68
"cell-substrate junction assembly","E3_06_14",3,4,3.7e-24,-0.321928094887362,0.6483
"membrane fission","E3_06_14",0,2,3.7e-24,-1.58496250072116,0.0913
"membrane docking","E3_06_14",3,4,3.7e-24,-0.321928094887362,0.6334
"fibroblast migration","E3_06_14",1,3,3.7e-24,-1,0.2481
"nucleus organization","E3_06_14",2,5,3.7e-24,-1,0.1563
"regulation of cell growth","E3_06_14",9,16,3.7e-24,-0.765534746362977,0.0393
"fibroblast proliferation","E3_06_14",2,4,3.7e-24,-0.736965594166206,0.2778
"cell cycle G1/S phase transition","E3_06_14",7,10,3.7e-24,-0.459431618637297,0.3132
"actin filament organization","E3_06_14",11,16,3.7e-24,-0.502500340529183,0.1536
"response to oxygen levels","E3_06_14",13,12,3.7e-24,0.106915203916512,0.884
"epigenetic regulation of gene expression","E3_06_14",8,8,3.7e-24,0,1
"organelle fusion","E3_06_14",7,6,3.7e-24,0.192645077942396,0.8391
"lipoprotein metabolic process","E3_06_14",4,6,3.7e-24,-0.485426827170242,0.4284
"protein lipidation","E3_06_14",5,4,3.7e-24,0.263034405833794,0.8109
"regulation of plasma membrane bounded cell projection assembly","E3_06_14",6,7,3.7e-24,-0.192645077942396,0.7239
"regulation of actin filament-based process","E3_06_14",15,15,3.7e-24,0,1
"regulation of GTPase activity","E3_06_14",12,13,3.7e-24,-0.106915203916512,0.7864
"nuclear envelope organization","E3_06_14",2,2,3.7e-24,0,1
"protein autophosphorylation","E3_06_14",8,9,3.7e-24,-0.15200309344505,0.7528
"connective tissue development","E3_06_14",7,10,3.7e-24,-0.459431618637297,0.3087
"cellular response to heat","E3_06_14",2,3,3.7e-24,-0.415037499278844,0.628
"myeloid cell homeostasis","E3_06_14",4,6,3.7e-24,-0.485426827170242,0.4476
"regulation of neuron projection development","E3_06_14",22,17,3.7e-24,0.3536369546147,0.339
"receptor metabolic process","E3_06_14",2,2,3.7e-24,0,1
"maintenance of protein location in cell","E3_06_14",4,3,3.7e-24,0.321928094887362,0.7731
"apoptotic mitochondrial changes","E3_06_14",2,4,3.7e-24,-0.736965594166206,0.2581
"response to transforming growth factor beta","E3_06_14",8,10,3.7e-24,-0.289506617194985,0.5369
"neural tube development","E3_06_14",9,7,3.7e-24,0.321928094887362,0.5775
"maintenance of protein location","E3_06_14",2,4,3.7e-24,-0.736965594166206,0.2932
"regulation of ubiquitin-protein transferase activity","E3_06_14",2,3,3.7e-24,-0.415037499278844,0.6296
"cilium assembly","E3_06_14",10,14,3.7e-24,-0.447458976971221,0.2466
"mRNA export from nucleus","E3_06_14",2,3,3.7e-24,-0.415037499278844,0.6104
"regulation of cell-substrate junction organization","E3_06_14",4,3,3.7e-24,0.321928094887362,0.7792
"membrane biogenesis","E3_06_14",1,3,3.7e-24,-1,0.2653
"cilium organization","E3_06_14",9,14,3.7e-24,-0.584962500721156,0.1327
"platelet-derived growth factor receptor signaling pathway","E3_06_14",0,3,3.7e-24,-2,0.0317
"iron-sulfur cluster assembly","E3_06_14",0,2,3.7e-24,-1.58496250072116,0.1407
"metallo-sulfur cluster assembly","E3_06_14",0,2,3.7e-24,-1.58496250072116,0.1698
"centromere complex assembly","E3_06_14",0,1,3.7e-24,-1,0.4253
"cellular response to oxygen levels","E3_06_14",6,6,3.7e-24,0,1
"fatty acid beta-oxidation","E3_06_14",5,3,3.7e-24,0.584962500721156,0.4173
"organelle localization by membrane tethering","E3_06_14",3,3,3.7e-24,0,1
"autophagosome maturation","E3_06_14",2,2,3.7e-24,0,1
"cellular response to transforming growth factor beta stimulus","E3_06_14",9,9,3.7e-24,0,1
"nucleotide catabolic process","E3_06_14",4,3,3.7e-24,0.321928094887362,0.7784
"tube closure","E3_06_14",2,3,3.7e-24,-0.415037499278844,0.6056
"regulation of stem cell differentiation","E3_06_14",1,3,3.7e-24,-1,0.2338
"substrate adhesion-dependent cell spreading","E3_06_14",2,3,3.7e-24,-0.415037499278844,0.5966
"chondrocyte differentiation","E3_06_14",2,4,3.7e-24,-0.736965594166206,0.2596
"regulation of fibroblast proliferation","E3_06_14",2,3,3.7e-24,-0.415037499278844,0.5971
"morphogenesis of an epithelial sheet","E3_06_14",3,2,3.7e-24,0.415037499278844,0.7469
"microtubule polymerization","E3_06_14",3,3,3.7e-24,0,1
"response to virus","E3_06_14",10,15,3.7e-24,-0.540568381362703,0.1544
"membrane assembly","E3_06_14",4,2,3.7e-24,0.736965594166206,0.3242
"COPII vesicle coating","E3_06_14",3,1,3.7e-24,1,0.4261
"erythrocyte differentiation","E3_06_14",2,5,3.7e-24,-1,0.115
"organophosphate catabolic process","E3_06_14",4,6,3.7e-24,-0.485426827170242,0.4289
"regulation of embryonic development","E3_06_14",4,4,3.7e-24,0,1
"regulation of focal adhesion assembly","E3_06_14",0,2,3.7e-24,-1.58496250072116,0.0797
"regulation of cell-substrate junction assembly","E3_06_14",3,2,3.7e-24,0.415037499278844,0.7402
"regulation of extracellular matrix organization","E3_06_14",2,2,3.7e-24,0,1
"GPI anchor biosynthetic process","E3_06_14",1,1,3.7e-24,0,1
"lamellipodium organization","E3_06_14",1,4,3.7e-24,-1.32192809488736,0.099
"positive regulation of stem cell population maintenance","E3_06_14",1,2,3.7e-24,-0.584962500721156,0.554
"monosaccharide metabolic process","E3_06_14",10,9,3.7e-24,0.137503523749935,0.8709
"U2-type prespliceosome assembly","E3_06_14",1,1,3.7e-24,0,1
"heterochromatin formation","E3_06_14",2,3,3.7e-24,-0.415037499278844,0.5922
"peroxisome organization","E3_06_14",1,1,3.7e-24,0,1
"regulation of mitochondrial fission","E3_06_14",5,1,3.7e-24,1.58496250072116,0.0091
"cellular pigmentation","E3_06_14",1,2,3.7e-24,-0.584962500721156,0.5383
"regulation of fibroblast migration","E3_06_14",1,1,3.7e-24,0,1
"cellular carbohydrate metabolic process","E3_06_14",6,10,3.7e-24,-0.652076696579693,0.1563
"positive regulation of axonogenesis","E3_06_14",5,3,3.7e-24,0.584962500721156,0.4042
"kinetochore organization","E3_06_14",1,1,3.7e-24,0,1
"stem cell differentiation","E3_06_14",3,8,3.7e-24,-1.16992500144231,0.0256
"proton transmembrane transport","E3_06_14",4,5,3.7e-24,-0.263034405833794,0.6881
"cellular response to insulin stimulus","E3_06_14",11,8.5,3.7e-24,0.337034987277571,0.494
"establishment of mitotic spindle localization","E3_06_14",1,2,3.7e-24,-0.584962500721156,0.5646
"cell redox homeostasis","E3_06_14",1,2,3.7e-24,-0.584962500721156,0.5801
"stress granule assembly","E3_06_14",1,1,3.7e-24,0,1
"protein neddylation","E3_06_14",2,2,3.7e-24,0,1
"regulation of mitochondrial membrane potential","E3_06_14",1,3,3.7e-24,-1,0.2354
"neuron death","E3_06_14",12,14,3.7e-24,-0.206450877467426,0.6022
"defense response to virus","E3_06_14",9,11,3.7e-24,-0.263034405833794,0.5637
"sulfur compound metabolic process","E3_06_14",12,12,3.7e-24,0,1
"NADP metabolic process","E3_06_14",5,1,3.7e-24,1.58496250072116,0.0108
"vacuolar acidification","E3_06_14",0,1,3.7e-24,-1,0.4209
"oligosaccharide-lipid intermediate biosynthetic process","E3_06_14",1,1,3.7e-24,0,1
"lysosomal lumen acidification","E3_06_14",0,1,3.7e-24,-1,0.4333
"glycosyl compound biosynthetic process","E3_06_14",0,0,3.7e-24,0,1
"heart valve development","E3_06_14",2,2,3.7e-24,0,1
"water-soluble vitamin metabolic process","E3_06_14",2,2,3.7e-24,0,1
"interferon-beta production","E3_06_14",1,2,3.7e-24,-0.584962500721156,0.5375
"regulation of interferon-beta production","E3_06_14",4,2,3.7e-24,0.736965594166206,0.2745
"branched-chain amino acid metabolic process","E3_06_14",0,1,3.7e-24,-1,0.4188
"regulation of mitochondrial membrane permeability","E3_06_14",1,2,3.7e-24,-0.584962500721156,0.5369
"respiratory tube development","E3_06_14",4,7,3.7e-24,-0.678071905112638,0.2268
"cellular senescence","E3_06_14",3,4,3.7e-24,-0.321928094887362,0.6361
"positive regulation of neurogenesis","E3_06_14",8,9,3.7e-24,-0.15200309344505,0.7522
"mitochondrial outer membrane permeabilization","E3_06_14",1,1,3.7e-24,0,1
"immune system development","E3_06_14",7,6,3.7e-24,0.192645077942396,0.8414
"clathrin-dependent endocytosis","E3_06_14",4,1,3.7e-24,1.32192809488736,0.0663
"positive regulation of viral process","E3_06_14",1,2,3.7e-24,-0.584962500721156,0.5452
"bone development","E3_06_14",7,9,3.7e-24,-0.321928094887362,0.5117
"cell-substrate adhesion","E3_06_14",12,12,3.7e-24,0,1
"positive regulation of microtubule polymerization","E3_06_14",1,1,3.7e-24,0,1
"pteridine-containing compound metabolic process","E3_06_14",4,1,3.7e-24,1.32192809488736,0.047
"response to arsenic-containing substance","E3_06_14",1,1,3.7e-24,0,1
"response to insulin","E3_06_14",6,10,3.7e-24,-0.652076696579693,0.1661
"ubiquinone metabolic process","E3_06_14",3,1,3.7e-24,1,0.4466
"cellular response to arsenic-containing substance","E3_06_14",0,1,3.7e-24,-1,0.4385
"inositol phosphate catabolic process","E3_06_14",0,1,3.7e-24,-1,0.4234
"telomerase RNA localization to Cajal body","E3_06_14",1,0,3.7e-24,1,0.4963
"respiratory system development","E3_06_14",5,7,3.7e-24,-0.415037499278844,0.4654
"regulation of generation of precursor metabolites and energy","E3_06_14",6,5,3.7e-24,0.222392421336448,0.8227
"mitochondrial calcium ion homeostasis","E3_06_14",0,1,3.7e-24,-1,0.4953
"G0 to G1 transition","E3_06_14",3,1,3.7e-24,1,0.4129
"mitochondrial genome maintenance","E3_06_14",3,1,3.7e-24,1,0.419
"release of cytochrome c from mitochondria","E3_06_14",0,2,3.7e-24,-1.58496250072116,0.1005
"cortical cytoskeleton organization","E3_06_14",0,2,3.7e-24,-1.58496250072116,0.0923
"response to sterol depletion","E3_06_14",0,1,3.7e-24,-1,0.474
"regulation of ncRNA transcription","E3_06_14",0,1,3.7e-24,-1,0.4451
"mesenchymal cell differentiation","E3_06_14",11,9,3.7e-24,0.263034405833794,0.615
"protein-DNA complex subunit organization","E3_06_14",9,10,3.7e-24,-0.137503523749935,0.7576
"response to fluid shear stress","E3_06_14",2,1,3.7e-24,0.584962500721156,0.6351
"collagen fibril organization","E3_06_14",2,2,3.7e-24,0,1
"roof of mouth development","E3_06_14",1,3,3.7e-24,-1,0.2152
"regulation of protein dephosphorylation","E3_06_14",4,3,3.7e-24,0.321928094887362,0.7763
"multicellular organism growth","E3_06_14",3,6,3.7e-24,-0.807354922057604,0.182
"miRNA processing","E3_06_14",1,2,3.7e-24,-0.584962500721156,0.5664
"small molecule catabolic process","E3_06_14",11,13,3.7e-24,-0.222392421336448,0.5978
"regulation of G0 to G1 transition","E3_06_14",1,1,3.7e-24,0,1
"circadian regulation of gene expression","E3_06_14",0,2,3.7e-24,-1.58496250072116,0.0789
"regulation of translational fidelity","E3_06_14",0,0,3.7e-24,0,1
"ubiquinone biosynthetic process","E3_06_14",0,1,3.7e-24,-1,0.5035
"mitochondrial calcium ion transmembrane transport","E3_06_14",1,1,3.7e-24,0,1
"quinone biosynthetic process","E3_06_14",0,1,3.7e-24,-1,0.4732
"viral release from host cell","E3_06_14",0,1,3.7e-24,-1,0.4642
"exit from host cell","E3_06_14",1,1,3.7e-24,0,1
"positive regulation of GTPase activity","E3_06_14",10,9,3.7e-24,0.137503523749935,0.868
"regulation of cytokinesis","E3_06_14",5,4,3.7e-24,0.263034405833794,0.799
"mitochondrion localization","E3_06_14",2,2,3.7e-24,0,1
"renal system development","E3_06_14",7,10,3.7e-24,-0.459431618637297,0.3164
"regulation of cysteine-type endopeptidase activity involved in apoptotic process","E3_06_14",5,7,3.7e-24,-0.415037499278844,0.4694
"regulation of cell-substrate adhesion","E3_06_14",8,8,3.7e-24,0,1
"centrosome localization","E3_06_14",1,1,3.7e-24,0,1
"microtubule organizing center localization","E3_06_14",2,1,3.7e-24,0.584962500721156,0.656
"pinocytosis","E3_06_14",0,1,3.7e-24,-1,0.5249
"lamellipodium assembly","E3_06_14",2,2,3.7e-24,0,1
"cellular response to sterol depletion","E3_06_14",0,1,3.7e-24,-1,0.5236
"placenta development","E3_06_14",5,5,3.7e-24,0,1
"rhythmic process","E3_06_14",7,10,3.7e-24,-0.459431618637297,0.2944
"spindle localization","E3_06_14",1,3,3.7e-24,-1,0.2373
"carbohydrate derivative catabolic process","E3_06_14",4,6,3.7e-24,-0.485426827170242,0.4457
"response to amino acid","E3_06_14",2,4,3.7e-24,-0.736965594166206,0.2889
"regulation of intracellular steroid hormone receptor signaling pathway","E3_06_14",3,2,3.7e-24,0.415037499278844,0.7426
"regulation of neuron death","E3_06_14",8,10,3.7e-24,-0.289506617194985,0.5442
"ossification","E3_06_14",14,14,3.7e-24,0,1
"mammary gland epithelial cell proliferation","E3_06_14",0,1,3.7e-24,-1,0.4171
"ribosomal subunit export from nucleus","E3_06_14",0,0,3.7e-24,0,1
"ribosome localization","E3_06_14",0,0,3.7e-24,0,1
"protein transport to vacuole involved in ubiquitin-dependent protein catabolic process via the multivesicular body sorting pathway","E3_06_14",1,1,3.7e-24,0,1
"seminiferous tubule development","E3_06_14",0,0,3.7e-24,0,1
"cellular response to acid chemical","E3_06_14",2,3,3.7e-24,-0.415037499278844,0.5939
"positive regulation of kinase activity","E3_06_14",20,15,3.7e-24,0.39231742277876,0.3109
"positive regulation by host of viral process","E3_06_14",1,1,3.7e-24,0,1
"mitochondrion morphogenesis","E3_06_14",0,1,3.7e-24,-1,0.4925
"regulation of establishment of cell polarity","E3_06_14",2,1,3.7e-24,0.584962500721156,0.6445
"cellular lipid catabolic process","E3_06_14",9,8,3.7e-24,0.15200309344505,0.8619
"neuron apoptotic process","E3_06_14",4,8,3.7e-24,-0.84799690655495,0.1007
"inner cell mass cell proliferation","E3_06_14",0,0,3.7e-24,0,1
"polyamine biosynthetic process","E3_06_14",0,1,3.7e-24,-1,0.482
"folic acid metabolic process","E3_06_14",1,1,3.7e-24,0,1
"organelle inheritance","E3_06_14",2,0,3.7e-24,1.58496250072116,0.1386
"polyol metabolic process","E3_06_14",1,4,3.7e-24,-1.32192809488736,0.0653
"regulation of type I interferon-mediated signaling pathway","E3_06_14",2,1,3.7e-24,0.584962500721156,0.682
"intracellular lipid transport","E3_06_14",1,2,3.7e-24,-0.584962500721156,0.5504
"fat cell differentiation","E3_06_14",6,8,3.7e-24,-0.362570079384708,0.4956
"iron ion homeostasis","E3_06_14",1,3,3.7e-24,-1,0.2131
"negative regulation of cell projection organization","E3_06_14",2,6,3.7e-24,-1.22239242133645,0.0543
"dicarboxylic acid metabolic process","E3_06_14",2,3,3.7e-24,-0.415037499278844,0.5975
"regulation of anatomical structure size","E3_06_14",11,16,3.7e-24,-0.502500340529183,0.1514
"regulation of small molecule metabolic process","E3_06_14",7,12,3.7e-24,-0.700439718141092,0.0997
"pentose-phosphate shunt","E3_06_14",0,1,3.7e-24,-1,0.5052
"pericardium development","E3_06_14",0,1,3.7e-24,-1,0.5168
"lysosomal protein catabolic process","E3_06_14",0,1,3.7e-24,-1,0.4955
"carbohydrate derivative transport","E3_06_14",1,3,3.7e-24,-1,0.2363
"alcohol biosynthetic process","E3_06_14",5,5,3.7e-24,0,1
"regulation of membrane permeability","E3_06_14",2,3,3.7e-24,-0.415037499278844,0.6086
"signal peptide processing","E3_06_14",0,1,3.7e-24,-1,0.5265
"UV-damage excision repair","E3_06_14",1,0,3.7e-24,1,0.4357
"biological process involved in interaction with host","E3_06_14",12,8,3.7e-24,0.53051471669878,0.3037
"body morphogenesis","E3_06_14",0,1,3.7e-24,-1,0.41
"extracellular vesicle biogenesis","E3_06_14",2,1,3.7e-24,0.584962500721156,0.6248
"negative regulation of defense response to virus","E3_06_14",0,1,3.7e-24,-1,0.4156
"aminoglycan biosynthetic process","E3_06_14",4,2,3.7e-24,0.736965594166206,0.3228
"sterol biosynthetic process","E3_06_14",1,2,3.7e-24,-0.584962500721156,0.534
"polyamine metabolic process","E3_06_14",2,1,3.7e-24,0.584962500721156,0.6405
"magnesium ion transport","E3_06_14",1,1,3.7e-24,0,1
"lamellipodium morphogenesis","E3_06_14",0,0,3.7e-24,0,1
"positive regulation of neuron migration","E3_06_14",0,1,3.7e-24,-1,0.4841
"regulation of glucose metabolic process","E3_06_14",4,3,3.7e-24,0.321928094887362,0.7762
"monosaccharide biosynthetic process","E3_06_14",0,4,3.7e-24,-2.32192809488736,0.0156
"response to acid chemical","E3_06_14",2,5,3.7e-24,-1,0.1394
"regulation of carbohydrate metabolic process","E3_06_14",3,7,3.7e-24,-1,0.1011
"positive regulation of nervous system development","E3_06_14",3,9,3.7e-24,-1.32192809488736,0.0253
"regulation of circadian rhythm","E3_06_14",3,4,3.7e-24,-0.321928094887362,0.6527
"trabecula morphogenesis","E3_06_14",0,1,3.7e-24,-1,0.4085
"pigment accumulation","E3_06_14",2,1,3.7e-24,0.584962500721156,0.6463
"cellular pigment accumulation","E3_06_14",1,0,3.7e-24,1,0.3943
"regulation of pinocytosis","E3_06_14",0,1,3.7e-24,-1,0.5316
"regulation of ligase activity","E3_06_14",2,0,3.7e-24,1.58496250072116,0.0589
"smoothened signaling pathway involved in dorsal/ventral neural tube patterning","E3_06_14",0,0,3.7e-24,0,1
"glycosyl compound metabolic process","E3_06_14",3,3,3.7e-24,0,1
"substantia nigra development","E3_06_14",1,1,3.7e-24,0,1
"negative regulation of GTPase activity","E3_06_14",1,1,3.7e-24,0,1
"axon extension","E3_06_14",8,4,3.7e-24,0.84799690655495,0.1479
"positive regulation of epithelial to mesenchymal transition","E3_06_14",1,2,3.7e-24,-0.584962500721156,0.5646
"one-carbon metabolic process","E3_06_14",1,1,3.7e-24,0,1
"NADPH regeneration","E3_06_14",0,1,3.7e-24,-1,0.492
"cellular response to dsRNA","E3_06_14",1,1,3.7e-24,0,1
"neuron projection organization","E3_06_14",1,3,3.7e-24,-1,0.2047
"postsynapse organization","E3_06_14",8,6,3.7e-24,0.362570079384708,0.5421
"regulation of ketone biosynthetic process","E3_06_14",1,1,3.7e-24,0,1
"mitochondrion distribution","E3_06_14",0,0,3.7e-24,0,1
"regulation of autophagosome maturation","E3_06_14",0,0,3.7e-24,0,1
"magnesium ion transmembrane transport","E3_06_14",0,1,3.7e-24,-1,0.4715
"regulation of cell division","E3_06_14",2,6,3.7e-24,-1.22239242133645,0.0535
"intermembrane lipid transfer","E3_06_14",3,2,3.7e-24,0.415037499278844,0.7257
"organophosphate ester transport","E3_06_14",3,4,3.7e-24,-0.321928094887362,0.63
"movement in host","E3_06_14",5,6,3.7e-24,-0.222392421336448,0.7076
"extracellular matrix assembly","E3_06_14",1,1,3.7e-24,0,1
"cellular metabolic compound salvage","E3_06_14",0,1,3.7e-24,-1,0.4461
"regulation of ATP-dependent activity","E3_06_14",4,3,3.7e-24,0.321928094887362,0.7786
"cell migration involved in heart development","E3_06_14",1,1,3.7e-24,0,1
"cellular response to fluid shear stress","E3_06_14",0,1,3.7e-24,-1,0.5125
"sphingomyelin biosynthetic process","E3_06_14",0,1,3.7e-24,-1,0.5306
"ether lipid biosynthetic process","E3_06_14",0,0,3.7e-24,0,1
"embryonic body morphogenesis","E3_06_14",0,1,3.7e-24,-1,0.4376
"amino sugar biosynthetic process","E3_06_14",0,0,3.7e-24,0,1
"glycerol ether biosynthetic process","E3_06_14",1,0,3.7e-24,1,0.4025
"pigmentation","E3_06_14",2,4,3.7e-24,-0.736965594166206,0.26
"cellular response to ketone","E3_06_14",3,4,3.7e-24,-0.321928094887362,0.6393
"nonribosomal peptide biosynthetic process","E3_06_14",0,0,3.7e-24,0,1
"glial cell apoptotic process","E3_06_14",1,1,3.7e-24,0,1
"lipoprotein catabolic process","E3_06_14",1,1,3.7e-24,0,1
"suppression of viral release by host","E3_06_14",1,0,3.7e-24,1,0.4523
"chaperone-mediated autophagy","E3_06_14",1,1,3.7e-24,0,1
"regulation of steroid hormone biosynthetic process","E3_06_14",0,0,3.7e-24,0,1
"synaptic vesicle lumen acidification","E3_06_14",1,0,3.7e-24,1,0.4648
"semaphorin-plexin signaling pathway involved in neuron projection guidance","E3_06_14",0,0,3.7e-24,0,1
"regulation of Golgi organization","E3_06_14",1,1,3.7e-24,0,1
"Schwann cell differentiation","E3_06_14",1,1,3.7e-24,0,1
"neurotrophin signaling pathway","E3_06_14",1,1,3.7e-24,0,1
"regulation of microtubule depolymerization","E3_06_14",0,1,3.7e-24,-1,0.4175
"basement membrane organization","E3_06_14",2,1,3.7e-24,0.584962500721156,0.6346
"establishment or maintenance of epithelial cell apical/basal polarity","E3_06_14",1,1,3.7e-24,0,1
"face development","E3_06_14",0,2,3.7e-24,-1.58496250072116,0.0929
"osteoblast differentiation","E3_06_14",8,8,3.7e-24,0,1
"appendage development","E3_06_14",6,6,3.7e-24,0,1
"limb development","E3_06_14",8,8,3.7e-24,0,1
"regulation of ATP metabolic process","E3_06_14",1,3,3.7e-24,-1,0.2073
"developmental growth involved in morphogenesis","E3_06_14",5,7,3.7e-24,-0.415037499278844,0.4664
"embryonic organ development","E3_06_14",11,16,3.7e-24,-0.502500340529183,0.1682
"negative regulation of growth","E3_06_14",9,9,3.7e-24,0,1
"microtubule depolymerization","E3_06_14",1,1,3.7e-24,0,1
"heme metabolic process","E3_06_14",2,1,3.7e-24,0.584962500721156,0.6467
"regulation of neuron apoptotic process","E3_06_14",11,8,3.7e-24,0.415037499278844,0.386
"plasma membrane tubulation","E3_06_14",0,1,3.7e-24,-1,0.4411
"exosomal secretion","E3_06_14",0,1,3.7e-24,-1,0.499
"vasculogenesis","E3_06_14",7,3,3.7e-24,1,0.2321
"toxin transport","E3_06_14",1,1,3.7e-24,0,1
"ncRNA processing","E3_08_16",14,16,3.7e-24,-0.180572245641821,0.6205
"ribosome biogenesis","E3_08_16",8,11,3.7e-24,-0.415037499278844,0.3109
"rRNA metabolic process","E3_08_16",4,10,3.7e-24,-1.13750352374993,0.031
"proteasome-mediated ubiquitin-dependent protein catabolic process","E3_08_16",3,16,3.7e-24,-2.08746284125034,2e-04
"regulation of response to DNA damage stimulus","E3_08_16",9,12,3.7e-24,-0.37851162325373,0.3984
"establishment of protein localization to organelle","E3_08_16",9,16,3.7e-24,-0.765534746362977,0.0452
"macroautophagy","E3_08_16",7,11,3.7e-24,-0.584962500721156,0.1706
"regulation of chromosome organization","E3_08_16",7,9,3.7e-24,-0.321928094887362,0.5188
"Golgi vesicle transport","E3_08_16",5,11,3.7e-24,-1,0.0436
"double-strand break repair","E3_08_16",9,10,3.7e-24,-0.137503523749935,0.7619
"histone modification","E3_08_16",10,16,3.7e-24,-0.628031222613042,0.0975
"sister chromatid segregation","E3_08_16",9,10,3.7e-24,-0.137503523749935,0.7679
"DNA replication","E3_08_16",5,11,3.7e-24,-1,0.045
"chromosome segregation","E3_08_16",10,14,3.7e-24,-0.447458976971221,0.2506
"mitochondrial gene expression","E3_08_16",3,7,3.7e-24,-1,0.1039
"nucleocytoplasmic transport","E3_08_16",6,10,3.7e-24,-0.652076696579693,0.1645
"nuclear transport","E3_08_16",13,12,3.7e-24,0.106915203916512,0.8854
"regulation of DNA repair","E3_08_16",5,7,3.7e-24,-0.415037499278844,0.4584
"peptidyl-lysine modification","E3_08_16",14,12,3.7e-24,0.206450877467426,0.6636
"protein targeting","E3_08_16",8,11,3.7e-24,-0.415037499278844,0.317
"cytoplasmic translation","E3_08_16",7,6,3.7e-24,0.192645077942396,0.8355
"regulation of autophagy","E3_08_16",10,12,3.7e-24,-0.241008099503795,0.5767
"signal transduction in response to DNA damage","E3_08_16",10,7,3.7e-24,0.459431618637297,0.3476
"regulation of intracellular transport","E3_08_16",8,10,3.7e-24,-0.289506617194985,0.5381
"protein localization to nucleus","E3_08_16",7,9,3.7e-24,-0.321928094887362,0.5164
"microtubule cytoskeleton organization involved in mitosis","E3_08_16",3,5,3.7e-24,-0.584962500721156,0.3106
"telomere maintenance","E3_08_16",4,6,3.7e-24,-0.485426827170242,0.4306
"cell cycle checkpoint signaling","E3_08_16",1,7,3.7e-24,-2,0.0078
"regulation of protein modification by small protein conjugation or removal","E3_08_16",5,9,3.7e-24,-0.736965594166206,0.1249
"cellular respiration","E3_08_16",6,9,3.7e-24,-0.514573172829758,0.2923
"cellular component disassembly","E3_08_16",12,15,3.7e-24,-0.299560281858908,0.4463
"nuclear chromosome segregation","E3_08_16",7,11,3.7e-24,-0.584962500721156,0.1561
"regulation of protein stability","E3_08_16",7,10,3.7e-24,-0.459431618637297,0.287
"regulation of cell cycle phase transition","E3_08_16",8,14,3.7e-24,-0.736965594166206,0.0666
"regulation of protein catabolic process","E3_08_16",12,12,3.7e-24,0,1
"response to endoplasmic reticulum stress","E3_08_16",5,9,3.7e-24,-0.736965594166206,0.1473
"vesicle organization","E3_08_16",6,11,3.7e-24,-0.777607578663552,0.0778
"mitochondrial respiratory chain complex assembly","E3_08_16",1,4,3.7e-24,-1.32192809488736,0.1133
"DNA-templated transcription elongation","E3_08_16",3,5,3.7e-24,-0.584962500721156,0.326
"mitochondrial transport","E3_08_16",5,7,3.7e-24,-0.415037499278844,0.4619
"establishment of organelle localization","E3_08_16",13,14,3.7e-24,-0.0995356735509144,0.7932
"regulation of intracellular protein transport","E3_08_16",4,7,3.7e-24,-0.678071905112638,0.2161
"response to UV","E3_08_16",5,6,3.7e-24,-0.222392421336448,0.7103
"RNA localization","E3_08_16",3,7,3.7e-24,-1,0.0694
"response to topologically incorrect protein","E3_08_16",5,6,3.7e-24,-0.222392421336448,0.7111
"organelle fission","E3_08_16",15,16,3.7e-24,-0.0874628412503394,0.8094
"non-membrane-bounded organelle assembly","E3_08_16",17,13,3.7e-24,0.362570079384708,0.3283
"protein polyubiquitination","E3_08_16",9,8,3.7e-24,0.15200309344505,0.8637
"methylation","E3_08_16",7,11,3.7e-24,-0.584962500721156,0.1607
"phospholipid biosynthetic process","E3_08_16",10,8,3.7e-24,0.289506617194985,0.6043
"oxidative phosphorylation","E3_08_16",4,5,3.7e-24,-0.263034405833794,0.6888
"establishment of protein localization to membrane","E3_08_16",5,9,3.7e-24,-0.736965594166206,0.1318
"in utero embryonic development","E3_08_16",9,13,3.7e-24,-0.485426827170242,0.2384
"vacuole organization","E3_08_16",2,8,3.7e-24,-1.58496250072116,0.0124
"nuclear-transcribed mRNA catabolic process","E3_08_16",2,4,3.7e-24,-0.736965594166206,0.2556
"protein folding","E3_08_16",8,7,3.7e-24,0.169925001442312,0.8521
"DNA conformation change","E3_08_16",3,2,3.7e-24,0.415037499278844,0.7498
"regulation of chromosome segregation","E3_08_16",2,4,3.7e-24,-0.736965594166206,0.263
"regulation of apoptotic signaling pathway","E3_08_16",11,12,3.7e-24,-0.115477217419936,0.7774
"cell cycle G2/M phase transition","E3_08_16",5,6,3.7e-24,-0.222392421336448,0.7025
"vacuolar transport","E3_08_16",6,6,3.7e-24,0,1
"response to ionizing radiation","E3_08_16",7,5,3.7e-24,0.415037499278844,0.5271
"cellular response to UV","E3_08_16",2,4,3.7e-24,-0.736965594166206,0.2909
"regulation of binding","E3_08_16",12,12,3.7e-24,0,1
"nucleic acid transport","E3_08_16",4,5,3.7e-24,-0.263034405833794,0.6759
"RNA transport","E3_08_16",6,5,3.7e-24,0.222392421336448,0.8303
"ribonucleoprotein complex subunit organization","E3_08_16",5,7,3.7e-24,-0.415037499278844,0.4658
"regulation of DNA replication","E3_08_16",4,5,3.7e-24,-0.263034405833794,0.6925
"ribose phosphate metabolic process","E3_08_16",7,13,3.7e-24,-0.807354922057604,0.0481
"proton motive force-driven ATP synthesis","E3_08_16",3,3,3.7e-24,0,1
"ribonucleotide metabolic process","E3_08_16",10,14,3.7e-24,-0.447458976971221,0.2481
"telomere organization","E3_08_16",2,6,3.7e-24,-1.22239242133645,0.0598
"cellular response to topologically incorrect protein","E3_08_16",5,4,3.7e-24,0.263034405833794,0.8073
"Golgi organization","E3_08_16",3,5,3.7e-24,-0.584962500721156,0.3295
"ribonucleoprotein complex assembly","E3_08_16",1,7,3.7e-24,-2,0.0101
"cellular nitrogen compound catabolic process","E3_08_16",12,14,3.7e-24,-0.206450877467426,0.6042
"negative regulation of phosphorus metabolic process","E3_08_16",5,13,3.7e-24,-1.22239242133645,0.0095
"heterocycle catabolic process","E3_08_16",17,15,3.7e-24,0.169925001442312,0.7023
"mitochondrial membrane organization","E3_08_16",7,4,3.7e-24,0.678071905112638,0.3439
"regulation of protein-containing complex assembly","E3_08_16",10,13,3.7e-24,-0.347923303420307,0.4195
"positive regulation of cellular component biogenesis","E3_08_16",9,17,3.7e-24,-0.84799690655495,0.0289
"response to oxidative stress","E3_08_16",8,14,3.7e-24,-0.736965594166206,0.074
"regulation of supramolecular fiber organization","E3_08_16",11,12,3.7e-24,-0.115477217419936,0.7747
"positive regulation of protein localization","E3_08_16",11,15,3.7e-24,-0.415037499278844,0.2489
"positive regulation of cell projection organization","E3_08_16",8,11,3.7e-24,-0.415037499278844,0.3363
"negative regulation of transferase activity","E3_08_16",5,8,3.7e-24,-0.584962500721156,0.2415
"autophagy of mitochondrion","E3_08_16",3,3,3.7e-24,0,1
"positive regulation of amide metabolic process","E3_08_16",3,5,3.7e-24,-0.584962500721156,0.3119
"chromatin remodeling","E3_08_16",8,11,3.7e-24,-0.415037499278844,0.3157
"viral process","E3_08_16",11,14,3.7e-24,-0.321928094887362,0.4378
"macromolecule deacylation","E3_08_16",5,5,3.7e-24,0,1
"mitotic cytokinesis","E3_08_16",1,3,3.7e-24,-1,0.2372
"aromatic compound catabolic process","E3_08_16",12,14,3.7e-24,-0.206450877467426,0.5925
"vesicle localization","E3_08_16",8,8,3.7e-24,0,1
"establishment or maintenance of cell polarity","E3_08_16",4,7,3.7e-24,-0.678071905112638,0.2051
"Wnt signaling pathway","E3_08_16",15,14,3.7e-24,0.0931094043914815,0.8977
"cell-cell signaling by wnt","E3_08_16",8,13,3.7e-24,-0.637429920615292,0.1138
"ATP metabolic process","E3_08_16",2,6,3.7e-24,-1.22239242133645,0.0496
"cellular response to chemical stress","E3_08_16",12,10,3.7e-24,0.241008099503795,0.6357
"regulation of vacuole organization","E3_08_16",1,2,3.7e-24,-0.584962500721156,0.5589
"cellular response to external stimulus","E3_08_16",10,11,3.7e-24,-0.125530882083859,0.7744
"negative regulation of protein phosphorylation","E3_08_16",8,9,3.7e-24,-0.15200309344505,0.7467
"negative regulation of catabolic process","E3_08_16",4,10,3.7e-24,-1.13750352374993,0.0256
"regulation of microtubule cytoskeleton organization","E3_08_16",1,5,3.7e-24,-1.58496250072116,0.0344
"chromosome localization","E3_08_16",0,3,3.7e-24,-2,0.0344
"negative regulation of mitotic nuclear division","E3_08_16",2,2,3.7e-24,0,1
"regulation of actin filament organization","E3_08_16",4,9,3.7e-24,-1,0.0726
"dephosphorylation","E3_08_16",7,10,3.7e-24,-0.459431618637297,0.2975
"glycosylation","E3_08_16",5,7,3.7e-24,-0.415037499278844,0.471
"positive regulation of establishment of protein localization","E3_08_16",10,10,3.7e-24,0,1
"regulation of microtubule-based process","E3_08_16",5,8,3.7e-24,-0.584962500721156,0.2644
"cell-substrate junction organization","E3_08_16",0,3,3.7e-24,-2,0.0366
"protein-containing complex localization","E3_08_16",5,6,3.7e-24,-0.222392421336448,0.7033
"mitochondrial transmembrane transport","E3_08_16",1,3,3.7e-24,-1,0.2184
"stem cell population maintenance","E3_08_16",6,6,3.7e-24,0,1
"ribosome assembly","E3_08_16",2,2,3.7e-24,0,1
"intraciliary transport","E3_08_16",2,1,3.7e-24,0.584962500721156,0.6793
"Golgi to plasma membrane protein transport","E3_08_16",1,1,3.7e-24,0,1
"response to amino acid starvation","E3_08_16",3,2,3.7e-24,0.415037499278844,0.7397
"cellular response to extracellular stimulus","E3_08_16",2,8,3.7e-24,-1.58496250072116,0.0123
"cell growth","E3_08_16",7,14,3.7e-24,-0.906890595608518,0.0335
"protein glycosylation","E3_08_16",5,7,3.7e-24,-0.415037499278844,0.4687
"macromolecule glycosylation","E3_08_16",3,7,3.7e-24,-1,0.0843
"maintenance of cell number","E3_08_16",5,6,3.7e-24,-0.222392421336448,0.6949
"response to reactive oxygen species","E3_08_16",13,6,3.7e-24,1,0.0648
"regulation of cell morphogenesis","E3_08_16",6,7,3.7e-24,-0.192645077942396,0.7131
"regulation of cellular component size","E3_08_16",9,12,3.7e-24,-0.37851162325373,0.3979
"cell-substrate junction assembly","E3_08_16",3,3,3.7e-24,0,1
"membrane fission","E3_08_16",2,2,3.7e-24,0,1
"membrane docking","E3_08_16",0,3,3.7e-24,-2,0.049
"fibroblast migration","E3_08_16",4,2,3.7e-24,0.736965594166206,0.2863
"nucleus organization","E3_08_16",2,4,3.7e-24,-0.736965594166206,0.295
"regulation of cell growth","E3_08_16",11,13,3.7e-24,-0.222392421336448,0.5927
"fibroblast proliferation","E3_08_16",6,3,3.7e-24,0.807354922057604,0.278
"cell cycle G1/S phase transition","E3_08_16",8,7,3.7e-24,0.169925001442312,0.8487
"actin filament organization","E3_08_16",5,13,3.7e-24,-1.22239242133645,0.0085
"response to oxygen levels","E3_08_16",10,10,3.7e-24,0,1
"epigenetic regulation of gene expression","E3_08_16",7,6,3.7e-24,0.192645077942396,0.845
"organelle fusion","E3_08_16",6,5,3.7e-24,0.222392421336448,0.8262
"lipoprotein metabolic process","E3_08_16",1,5,3.7e-24,-1.58496250072116,0.0476
"protein lipidation","E3_08_16",3,3,3.7e-24,0,1
"regulation of plasma membrane bounded cell projection assembly","E3_08_16",5,5,3.7e-24,0,1
"regulation of actin filament-based process","E3_08_16",16,12,3.7e-24,0.387023123109247,0.3113
"regulation of GTPase activity","E3_08_16",6,10,3.7e-24,-0.652076696579693,0.1469
"nuclear envelope organization","E3_08_16",2,1,3.7e-24,0.584962500721156,0.685
"protein autophosphorylation","E3_08_16",6,7,3.7e-24,-0.192645077942396,0.7178
"connective tissue development","E3_08_16",10,8,3.7e-24,0.289506617194985,0.5981
"cellular response to heat","E3_08_16",1,2,3.7e-24,-0.584962500721156,0.5293
"myeloid cell homeostasis","E3_08_16",4,5,3.7e-24,-0.263034405833794,0.6784
"regulation of neuron projection development","E3_08_16",12,13,3.7e-24,-0.106915203916512,0.7836
"receptor metabolic process","E3_08_16",2,2,3.7e-24,0,1
"maintenance of protein location in cell","E3_08_16",3,2,3.7e-24,0.415037499278844,0.7291
"apoptotic mitochondrial changes","E3_08_16",4,3,3.7e-24,0.321928094887362,0.7847
"response to transforming growth factor beta","E3_08_16",7,8,3.7e-24,-0.169925001442312,0.7371
"neural tube development","E3_08_16",3,5,3.7e-24,-0.584962500721156,0.3068
"maintenance of protein location","E3_08_16",2,3,3.7e-24,-0.415037499278844,0.5951
"regulation of ubiquitin-protein transferase activity","E3_08_16",2,2,3.7e-24,0,1
"cilium assembly","E3_08_16",11,11,3.7e-24,0,1
"mRNA export from nucleus","E3_08_16",3,2,3.7e-24,0.415037499278844,0.7425
"regulation of cell-substrate junction organization","E3_08_16",1,2,3.7e-24,-0.584962500721156,0.5288
"membrane biogenesis","E3_08_16",4,2,3.7e-24,0.736965594166206,0.2708
"cilium organization","E3_08_16",5,12,3.7e-24,-1.11547721741994,0.0211
"platelet-derived growth factor receptor signaling pathway","E3_08_16",2,3,3.7e-24,-0.415037499278844,0.6294
"iron-sulfur cluster assembly","E3_08_16",3,1,3.7e-24,1,0.4167
"metallo-sulfur cluster assembly","E3_08_16",0,1,3.7e-24,-1,0.4237
"centromere complex assembly","E3_08_16",1,1,3.7e-24,0,1
"cellular response to oxygen levels","E3_08_16",2,5,3.7e-24,-1,0.1239
"fatty acid beta-oxidation","E3_08_16",1,3,3.7e-24,-1,0.2651
"organelle localization by membrane tethering","E3_08_16",0,2,3.7e-24,-1.58496250072116,0.0836
"autophagosome maturation","E3_08_16",1,2,3.7e-24,-0.584962500721156,0.5426
"cellular response to transforming growth factor beta stimulus","E3_08_16",8,8,3.7e-24,0,1
"nucleotide catabolic process","E3_08_16",5,2,3.7e-24,1,0.2019
"tube closure","E3_08_16",4,3,3.7e-24,0.321928094887362,0.7865
"regulation of stem cell differentiation","E3_08_16",0,2,3.7e-24,-1.58496250072116,0.0735
"substrate adhesion-dependent cell spreading","E3_08_16",1,3,3.7e-24,-1,0.2211
"chondrocyte differentiation","E3_08_16",1,3,3.7e-24,-1,0.1961
"regulation of fibroblast proliferation","E3_08_16",4,3,3.7e-24,0.321928094887362,0.7762
"morphogenesis of an epithelial sheet","E3_08_16",1,2,3.7e-24,-0.584962500721156,0.542
"microtubule polymerization","E3_08_16",4,3,3.7e-24,0.321928094887362,0.777
"response to virus","E3_08_16",16,12,3.7e-24,0.387023123109247,0.3132
"membrane assembly","E3_08_16",2,2,3.7e-24,0,1
"COPII vesicle coating","E3_08_16",0,1,3.7e-24,-1,0.4278
"erythrocyte differentiation","E3_08_16",2,4,3.7e-24,-0.736965594166206,0.2851
"organophosphate catabolic process","E3_08_16",4,5,3.7e-24,-0.263034405833794,0.6816
"regulation of embryonic development","E3_08_16",9,3,3.7e-24,1.32192809488736,0.0434
"regulation of focal adhesion assembly","E3_08_16",0,2,3.7e-24,-1.58496250072116,0.1662
"regulation of cell-substrate junction assembly","E3_08_16",1,2,3.7e-24,-0.584962500721156,0.5761
"regulation of extracellular matrix organization","E3_08_16",1,2,3.7e-24,-0.584962500721156,0.5593
"GPI anchor biosynthetic process","E3_08_16",1,1,3.7e-24,0,1
"lamellipodium organization","E3_08_16",3,3,3.7e-24,0,1
"positive regulation of stem cell population maintenance","E3_08_16",3,1,3.7e-24,1,0.4132
"monosaccharide metabolic process","E3_08_16",7,7,3.7e-24,0,1
"U2-type prespliceosome assembly","E3_08_16",3,1,3.7e-24,1,0.4174
"heterochromatin formation","E3_08_16",3,2,3.7e-24,0.415037499278844,0.7449
"peroxisome organization","E3_08_16",1,1,3.7e-24,0,1
"regulation of mitochondrial fission","E3_08_16",1,1,3.7e-24,0,1
"cellular pigmentation","E3_08_16",2,2,3.7e-24,0,1
"regulation of fibroblast migration","E3_08_16",2,1,3.7e-24,0.584962500721156,0.6328
"cellular carbohydrate metabolic process","E3_08_16",6,8,3.7e-24,-0.362570079384708,0.4901
"positive regulation of axonogenesis","E3_08_16",0,3,3.7e-24,-2,0.06
"kinetochore organization","E3_08_16",0,0,3.7e-24,0,1
"stem cell differentiation","E3_08_16",7,7,3.7e-24,0,1
"proton transmembrane transport","E3_08_16",0,4,3.7e-24,-2.32192809488736,0.0156
"cellular response to insulin stimulus","E3_08_16",4,7,3.7e-24,-0.678071905112638,0.212
"establishment of mitotic spindle localization","E3_08_16",3,2,3.7e-24,0.415037499278844,0.7328
"cell redox homeostasis","E3_08_16",2,1,3.7e-24,0.584962500721156,0.6516
"stress granule assembly","E3_08_16",1,1,3.7e-24,0,1
"protein neddylation","E3_08_16",1,1,3.7e-24,0,1
"regulation of mitochondrial membrane potential","E3_08_16",1,2,3.7e-24,-0.584962500721156,0.5321
"neuron death","E3_08_16",3,11,3.7e-24,-1.58496250072116,0.0042
"defense response to virus","E3_08_16",8,9,3.7e-24,-0.15200309344505,0.7462
"sulfur compound metabolic process","E3_08_16",3,9,3.7e-24,-1.32192809488736,0.0203
"NADP metabolic process","E3_08_16",0,1,3.7e-24,-1,0.4305
"vacuolar acidification","E3_08_16",0,1,3.7e-24,-1,0.4585
"oligosaccharide-lipid intermediate biosynthetic process","E3_08_16",1,1,3.7e-24,0,1
"lysosomal lumen acidification","E3_08_16",0,1,3.7e-24,-1,0.4763
"glycosyl compound biosynthetic process","E3_08_16",0,0,3.7e-24,0,1
"heart valve development","E3_08_16",2,2,3.7e-24,0,1
"water-soluble vitamin metabolic process","E3_08_16",1,2,3.7e-24,-0.584962500721156,0.5894
"interferon-beta production","E3_08_16",2,2,3.7e-24,0,1
"regulation of interferon-beta production","E3_08_16",3,1,3.7e-24,1,0.4127
"branched-chain amino acid metabolic process","E3_08_16",1,1,3.7e-24,0,1
"regulation of mitochondrial membrane permeability","E3_08_16",2,2,3.7e-24,0,1
"respiratory tube development","E3_08_16",10,6,3.7e-24,0.652076696579693,0.2331
"cellular senescence","E3_08_16",0,3,3.7e-24,-2,0.051
"positive regulation of neurogenesis","E3_08_16",7,7,3.7e-24,0,1
"mitochondrial outer membrane permeabilization","E3_08_16",1,1,3.7e-24,0,1
"immune system development","E3_08_16",8,6,3.7e-24,0.362570079384708,0.5382
"clathrin-dependent endocytosis","E3_08_16",0,1,3.7e-24,-1,0.4129
"positive regulation of viral process","E3_08_16",0,1,3.7e-24,-1,0.4154
"bone development","E3_08_16",6,7,3.7e-24,-0.192645077942396,0.7233
"cell-substrate adhesion","E3_08_16",8,10,3.7e-24,-0.289506617194985,0.5387
"positive regulation of microtubule polymerization","E3_08_16",1,1,3.7e-24,0,1
"pteridine-containing compound metabolic process","E3_08_16",1,1,3.7e-24,0,1
"response to arsenic-containing substance","E3_08_16",0,1,3.7e-24,-1,0.4387
"response to insulin","E3_08_16",5,8,3.7e-24,-0.584962500721156,0.2543
"ubiquinone metabolic process","E3_08_16",0,1,3.7e-24,-1,0.4843
"cellular response to arsenic-containing substance","E3_08_16",0,1,3.7e-24,-1,0.5301
"inositol phosphate catabolic process","E3_08_16",1,1,3.7e-24,0,1
"telomerase RNA localization to Cajal body","E3_08_16",0,0,3.7e-24,0,1
"respiratory system development","E3_08_16",4,6,3.7e-24,-0.485426827170242,0.4363
"regulation of generation of precursor metabolites and energy","E3_08_16",1,4,3.7e-24,-1.32192809488736,0.0729
"mitochondrial calcium ion homeostasis","E3_08_16",0,1,3.7e-24,-1,0.5288
"G0 to G1 transition","E3_08_16",1,1,3.7e-24,0,1
"mitochondrial genome maintenance","E3_08_16",1,1,3.7e-24,0,1
"release of cytochrome c from mitochondria","E3_08_16",1,2,3.7e-24,-0.584962500721156,0.5361
"cortical cytoskeleton organization","E3_08_16",0,2,3.7e-24,-1.58496250072116,0.1527
"response to sterol depletion","E3_08_16",0,1,3.7e-24,-1,0.5208
"regulation of ncRNA transcription","E3_08_16",0,1,3.7e-24,-1,0.4524
"mesenchymal cell differentiation","E3_08_16",6,7,3.7e-24,-0.192645077942396,0.716
"protein-DNA complex subunit organization","E3_08_16",5,8,3.7e-24,-0.584962500721156,0.2553
"response to fluid shear stress","E3_08_16",0,1,3.7e-24,-1,0.4486
"collagen fibril organization","E3_08_16",0,2,3.7e-24,-1.58496250072116,0.173
"roof of mouth development","E3_08_16",1,2,3.7e-24,-0.584962500721156,0.525
"regulation of protein dephosphorylation","E3_08_16",1,2,3.7e-24,-0.584962500721156,0.5282
"multicellular organism growth","E3_08_16",3,5,3.7e-24,-0.584962500721156,0.363
"miRNA processing","E3_08_16",0,1,3.7e-24,-1,0.416
"small molecule catabolic process","E3_08_16",9,11,3.7e-24,-0.263034405833794,0.5608
"regulation of G0 to G1 transition","E3_08_16",2,1,3.7e-24,0.584962500721156,0.6434
"circadian regulation of gene expression","E3_08_16",3,2,3.7e-24,0.415037499278844,0.7444
"regulation of translational fidelity","E3_08_16",1,0,3.7e-24,1,0.4505
"ubiquinone biosynthetic process","E3_08_16",1,0,3.7e-24,1,0.4293
"mitochondrial calcium ion transmembrane transport","E3_08_16",0,0,3.7e-24,0,1
"quinone biosynthetic process","E3_08_16",3,1,3.7e-24,1,0.513
"viral release from host cell","E3_08_16",2,1,3.7e-24,0.584962500721156,0.6361
"exit from host cell","E3_08_16",2,1,3.7e-24,0.584962500721156,0.6304
"positive regulation of GTPase activity","E3_08_16",7,7,3.7e-24,0,1
"regulation of cytokinesis","E3_08_16",2,3,3.7e-24,-0.415037499278844,0.5952
"mitochondrion localization","E3_08_16",3,2,3.7e-24,0.415037499278844,0.731
"renal system development","E3_08_16",10,8,3.7e-24,0.289506617194985,0.6023
"regulation of cysteine-type endopeptidase activity involved in apoptotic process","E3_08_16",4,6,3.7e-24,-0.485426827170242,0.4341
"regulation of cell-substrate adhesion","E3_08_16",9,6,3.7e-24,0.514573172829758,0.3168
"centrosome localization","E3_08_16",1,1,3.7e-24,0,1
"microtubule organizing center localization","E3_08_16",0,1,3.7e-24,-1,0.4919
"pinocytosis","E3_08_16",0,1,3.7e-24,-1,0.5328
"lamellipodium assembly","E3_08_16",0,2,3.7e-24,-1.58496250072116,0.0989
"cellular response to sterol depletion","E3_08_16",0,0,3.7e-24,0,1
"placenta development","E3_08_16",3,4,3.7e-24,-0.321928094887362,0.6423
"rhythmic process","E3_08_16",10,8,3.7e-24,0.289506617194985,0.6
"spindle localization","E3_08_16",1,2,3.7e-24,-0.584962500721156,0.5308
"carbohydrate derivative catabolic process","E3_08_16",3,5,3.7e-24,-0.584962500721156,0.3358
"response to amino acid","E3_08_16",3,3,3.7e-24,0,1
"regulation of intracellular steroid hormone receptor signaling pathway","E3_08_16",2,2,3.7e-24,0,1
"regulation of neuron death","E3_08_16",7,9,3.7e-24,-0.321928094887362,0.5215
"ossification","E3_08_16",8,12,3.7e-24,-0.53051471669878,0.2263
"mammary gland epithelial cell proliferation","E3_08_16",1,1,3.7e-24,0,1
"ribosomal subunit export from nucleus","E3_08_16",1,0,3.7e-24,1,0.394
"ribosome localization","E3_08_16",0,0,3.7e-24,0,1
"protein transport to vacuole involved in ubiquitin-dependent protein catabolic process via the multivesicular body sorting pathway","E3_08_16",0,0,3.7e-24,0,1
"seminiferous tubule development","E3_08_16",0,0,3.7e-24,0,1
"cellular response to acid chemical","E3_08_16",1,3,3.7e-24,-1,0.2474
"positive regulation of kinase activity","E3_08_16",8,13,3.7e-24,-0.637429920615292,0.1226
"positive regulation by host of viral process","E3_08_16",0,0,3.7e-24,0,1
"mitochondrion morphogenesis","E3_08_16",0,1,3.7e-24,-1,0.5224
"regulation of establishment of cell polarity","E3_08_16",0,1,3.7e-24,-1,0.4437
"cellular lipid catabolic process","E3_08_16",5,6,3.7e-24,-0.222392421336448,0.7032
"neuron apoptotic process","E3_08_16",7,6,3.7e-24,0.192645077942396,0.8478
"inner cell mass cell proliferation","E3_08_16",2,0,3.7e-24,1.58496250072116,0.0933
"polyamine biosynthetic process","E3_08_16",0,1,3.7e-24,-1,0.514
"folic acid metabolic process","E3_08_16",0,0,3.7e-24,0,1
"organelle inheritance","E3_08_16",0,0,3.7e-24,0,1
"polyol metabolic process","E3_08_16",3,3,3.7e-24,0,1
"regulation of type I interferon-mediated signaling pathway","E3_08_16",2,1,3.7e-24,0.584962500721156,0.6385
"intracellular lipid transport","E3_08_16",1,2,3.7e-24,-0.584962500721156,0.5781
"fat cell differentiation","E3_08_16",6,7,3.7e-24,-0.192645077942396,0.716
"iron ion homeostasis","E3_08_16",1,2,3.7e-24,-0.584962500721156,0.5292
"negative regulation of cell projection organization","E3_08_16",2,5,3.7e-24,-1,0.1261
"dicarboxylic acid metabolic process","E3_08_16",2,3,3.7e-24,-0.415037499278844,0.6027
"regulation of anatomical structure size","E3_08_16",7,13,3.7e-24,-0.807354922057604,0.0477
"regulation of small molecule metabolic process","E3_08_16",6,10,3.7e-24,-0.652076696579693,0.1636
"pentose-phosphate shunt","E3_08_16",1,0,3.7e-24,1,0.4785
"pericardium development","E3_08_16",0,0,3.7e-24,0,1
"lysosomal protein catabolic process","E3_08_16",0,1,3.7e-24,-1,0.5046
"carbohydrate derivative transport","E3_08_16",2,2,3.7e-24,0,1
"alcohol biosynthetic process","E3_08_16",3,4,3.7e-24,-0.321928094887362,0.6524
"regulation of membrane permeability","E3_08_16",0,2,3.7e-24,-1.58496250072116,0.1446
"signal peptide processing","E3_08_16",0,0,3.7e-24,0,1
"UV-damage excision repair","E3_08_16",0,0,3.7e-24,0,1
"biological process involved in interaction with host","E3_08_16",9,6,3.7e-24,0.514573172829758,0.3215
"body morphogenesis","E3_08_16",0,1,3.7e-24,-1,0.4082
"extracellular vesicle biogenesis","E3_08_16",3,1,3.7e-24,1,0.5087
"negative regulation of defense response to virus","E3_08_16",1,1,3.7e-24,0,1
"aminoglycan biosynthetic process","E3_08_16",3,2,3.7e-24,0.415037499278844,0.7259
"sterol biosynthetic process","E3_08_16",1,2,3.7e-24,-0.584962500721156,0.5778
"polyamine metabolic process","E3_08_16",1,0,3.7e-24,1,0.4655
"magnesium ion transport","E3_08_16",0,0,3.7e-24,0,1
"lamellipodium morphogenesis","E3_08_16",0,0,3.7e-24,0,1
"positive regulation of neuron migration","E3_08_16",0,0,3.7e-24,0,1
"regulation of glucose metabolic process","E3_08_16",3,2,3.7e-24,0.415037499278844,0.7439
"monosaccharide biosynthetic process","E3_08_16",1,3,3.7e-24,-1,0.2195
"response to acid chemical","E3_08_16",5,4,3.7e-24,0.263034405833794,0.8001
"regulation of carbohydrate metabolic process","E3_08_16",5,5,3.7e-24,0,1
"positive regulation of nervous system development","E3_08_16",3,7,3.7e-24,-1,0.0723
"regulation of circadian rhythm","E3_08_16",2,4,3.7e-24,-0.736965594166206,0.315
"trabecula morphogenesis","E3_08_16",1,1,3.7e-24,0,1
"pigment accumulation","E3_08_16",0,0,3.7e-24,0,1
"cellular pigment accumulation","E3_08_16",1,0,3.7e-24,1,0.2605
"regulation of pinocytosis","E3_08_16",0,0,3.7e-24,0,1
"regulation of ligase activity","E3_08_16",1,0,3.7e-24,1,0.3099
"smoothened signaling pathway involved in dorsal/ventral neural tube patterning","E3_08_16",0,0,3.7e-24,0,1
"glycosyl compound metabolic process","E3_08_16",4,2,3.7e-24,0.736965594166206,0.313
"substantia nigra development","E3_08_16",0,1,3.7e-24,-1,0.4122
"negative regulation of GTPase activity","E3_08_16",0,1,3.7e-24,-1,0.424
"axon extension","E3_08_16",0,4,3.7e-24,-2.32192809488736,0.0186
"positive regulation of epithelial to mesenchymal transition","E3_08_16",2,1,3.7e-24,0.584962500721156,0.6597
"one-carbon metabolic process","E3_08_16",0,1,3.7e-24,-1,0.4952
"NADPH regeneration","E3_08_16",1,1,3.7e-24,0,1
"cellular response to dsRNA","E3_08_16",0,1,3.7e-24,-1,0.4612
"neuron projection organization","E3_08_16",2,2,3.7e-24,0,1
"postsynapse organization","E3_08_16",1,5,3.7e-24,-1.58496250072116,0.0386
"regulation of ketone biosynthetic process","E3_08_16",2,1,3.7e-24,0.584962500721156,0.633
"mitochondrion distribution","E3_08_16",1,0,3.7e-24,1,0.4666
"regulation of autophagosome maturation","E3_08_16",2,0,3.7e-24,1.58496250072116,0.0993
"magnesium ion transmembrane transport","E3_08_16",0,1,3.7e-24,-1,0.4898
"regulation of cell division","E3_08_16",1,5,3.7e-24,-1.58496250072116,0.0362
"intermembrane lipid transfer","E3_08_16",0,2,3.7e-24,-1.58496250072116,0.1886
"organophosphate ester transport","E3_08_16",3,4,3.7e-24,-0.321928094887362,0.642
"movement in host","E3_08_16",4,4,3.7e-24,0,1
"extracellular matrix assembly","E3_08_16",2,1,3.7e-24,0.584962500721156,0.6326
"cellular metabolic compound salvage","E3_08_16",0,1,3.7e-24,-1,0.4787
"regulation of ATP-dependent activity","E3_08_16",3,2,3.7e-24,0.415037499278844,0.7311
"cell migration involved in heart development","E3_08_16",1,0,3.7e-24,1,0.4736
"cellular response to fluid shear stress","E3_08_16",0,0,3.7e-24,0,1
"sphingomyelin biosynthetic process","E3_08_16",0,0,3.7e-24,0,1
"ether lipid biosynthetic process","E3_08_16",0,0,3.7e-24,0,1
"embryonic body morphogenesis","E3_08_16",1,0,3.7e-24,1,0.4534
"amino sugar biosynthetic process","E3_08_16",0,0,3.7e-24,0,1
"glycerol ether biosynthetic process","E3_08_16",0,0,3.7e-24,0,1
"pigmentation","E3_08_16",6,4,3.7e-24,0.485426827170242,0.4494
"cellular response to ketone","E3_08_16",2,3,3.7e-24,-0.415037499278844,0.5992
"nonribosomal peptide biosynthetic process","E3_08_16",0,0,3.7e-24,0,1
"glial cell apoptotic process","E3_08_16",1,1,3.7e-24,0,1
"lipoprotein catabolic process","E3_08_16",0,0,3.7e-24,0,1
"suppression of viral release by host","E3_08_16",0,0,3.7e-24,0,1
"chaperone-mediated autophagy","E3_08_16",0,0,3.7e-24,0,1
"regulation of steroid hormone biosynthetic process","E3_08_16",1,0,3.7e-24,1,0.3865
"synaptic vesicle lumen acidification","E3_08_16",1,0,3.7e-24,1,0.3868
"semaphorin-plexin signaling pathway involved in neuron projection guidance","E3_08_16",0,0,3.7e-24,0,1
"regulation of Golgi organization","E3_08_16",0,1,3.7e-24,-1,0.5167
"Schwann cell differentiation","E3_08_16",1,1,3.7e-24,0,1
"neurotrophin signaling pathway","E3_08_16",0,1,3.7e-24,-1,0.425
"regulation of microtubule depolymerization","E3_08_16",2,1,3.7e-24,0.584962500721156,0.6288
"basement membrane organization","E3_08_16",1,1,3.7e-24,0,1
"establishment or maintenance of epithelial cell apical/basal polarity","E3_08_16",0,1,3.7e-24,-1,0.4171
"face development","E3_08_16",2,2,3.7e-24,0,1
"osteoblast differentiation","E3_08_16",9,7,3.7e-24,0.321928094887362,0.5725
"appendage development","E3_08_16",10,5,3.7e-24,0.874469117916141,0.1513
"limb development","E3_08_16",7,6,3.7e-24,0.192645077942396,0.839
"regulation of ATP metabolic process","E3_08_16",4,2,3.7e-24,0.736965594166206,0.3296
"developmental growth involved in morphogenesis","E3_08_16",5,6,3.7e-24,-0.222392421336448,0.6963
"embryonic organ development","E3_08_16",5,13,3.7e-24,-1.22239242133645,0.0122
"negative regulation of growth","E3_08_16",6,7,3.7e-24,-0.192645077942396,0.7245
"microtubule depolymerization","E3_08_16",1,1,3.7e-24,0,1
"heme metabolic process","E3_08_16",3,1,3.7e-24,1,0.4128
"regulation of neuron apoptotic process","E3_08_16",6,7,3.7e-24,-0.192645077942396,0.724
"plasma membrane tubulation","E3_08_16",1,0,3.7e-24,1,0.491
"exosomal secretion","E3_08_16",3,0,3.7e-24,2,0.0264
"vasculogenesis","E3_08_16",0,2,3.7e-24,-1.58496250072116,0.0925
"toxin transport","E3_08_16",0,1,3.7e-24,-1,0.4365
"ncRNA processing","MMEA9_C1",0,1,3.7e-24,-1,0.4328
"ribosome biogenesis","MMEA9_C1",0,1,3.7e-24,-1,0.4866
"rRNA metabolic process","MMEA9_C1",0,1,3.7e-24,-1,0.5036
"proteasome-mediated ubiquitin-dependent protein catabolic process","MMEA9_C1",1,1,3.7e-24,0,1
"regulation of response to DNA damage stimulus","MMEA9_C1",2,1,3.7e-24,0.584962500721156,0.641
"establishment of protein localization to organelle","MMEA9_C1",1,1,3.7e-24,0,1
"macroautophagy","MMEA9_C1",0,1,3.7e-24,-1,0.4759
"regulation of chromosome organization","MMEA9_C1",1,1,3.7e-24,0,1
"Golgi vesicle transport","MMEA9_C1",0,1,3.7e-24,-1,0.4897
"double-strand break repair","MMEA9_C1",0,1,3.7e-24,-1,0.4833
"histone modification","MMEA9_C1",0,1,3.7e-24,-1,0.4361
"sister chromatid segregation","MMEA9_C1",2,1,3.7e-24,0.584962500721156,0.6474
"DNA replication","MMEA9_C1",0,1,3.7e-24,-1,0.5276
"chromosome segregation","MMEA9_C1",0,1,3.7e-24,-1,0.4522
"mitochondrial gene expression","MMEA9_C1",0,0,3.7e-24,0,1
"nucleocytoplasmic transport","MMEA9_C1",0,1,3.7e-24,-1,0.5153
"nuclear transport","MMEA9_C1",1,1,3.7e-24,0,1
"regulation of DNA repair","MMEA9_C1",0,0,3.7e-24,0,1
"peptidyl-lysine modification","MMEA9_C1",1,1,3.7e-24,0,1
"protein targeting","MMEA9_C1",1,1,3.7e-24,0,1
"cytoplasmic translation","MMEA9_C1",0,0,3.7e-24,0,1
"regulation of autophagy","MMEA9_C1",0,1,3.7e-24,-1,0.4715
"signal transduction in response to DNA damage","MMEA9_C1",1,0,3.7e-24,1,0.3941
"regulation of intracellular transport","MMEA9_C1",0,1,3.7e-24,-1,0.506
"protein localization to nucleus","MMEA9_C1",0,1,3.7e-24,-1,0.5239
"microtubule cytoskeleton organization involved in mitosis","MMEA9_C1",0,0,3.7e-24,0,1
"telomere maintenance","MMEA9_C1",1,0,3.7e-24,1,0.3818
"cell cycle checkpoint signaling","MMEA9_C1",0,0,3.7e-24,0,1
"regulation of protein modification by small protein conjugation or removal","MMEA9_C1",0,0,3.7e-24,0,1
"cellular respiration","MMEA9_C1",0,0,3.7e-24,0,1
"cellular component disassembly","MMEA9_C1",1,1,3.7e-24,0,1
"nuclear chromosome segregation","MMEA9_C1",1,1,3.7e-24,0,1
"regulation of protein stability","MMEA9_C1",0,1,3.7e-24,-1,0.4965
"regulation of cell cycle phase transition","MMEA9_C1",0,1,3.7e-24,-1,0.4257
"regulation of protein catabolic process","MMEA9_C1",0,1,3.7e-24,-1,0.4457
"response to endoplasmic reticulum stress","MMEA9_C1",0,0,3.7e-24,0,1
"vesicle organization","MMEA9_C1",0,1,3.7e-24,-1,0.4687
"mitochondrial respiratory chain complex assembly","MMEA9_C1",0,0,3.7e-24,0,1
"DNA-templated transcription elongation","MMEA9_C1",0,0,3.7e-24,0,1
"mitochondrial transport","MMEA9_C1",0,0,3.7e-24,0,1
"establishment of organelle localization","MMEA9_C1",0,1,3.7e-24,-1,0.4383
"regulation of intracellular protein transport","MMEA9_C1",1,0,3.7e-24,1,0.4331
"response to UV","MMEA9_C1",0,0,3.7e-24,0,1
"RNA localization","MMEA9_C1",0,0,3.7e-24,0,1
"response to topologically incorrect protein","MMEA9_C1",0,0,3.7e-24,0,1
"organelle fission","MMEA9_C1",1,1,3.7e-24,0,1
"non-membrane-bounded organelle assembly","MMEA9_C1",0,1,3.7e-24,-1,0.4532
"protein polyubiquitination","MMEA9_C1",1,0,3.7e-24,1,0.4661
"methylation","MMEA9_C1",1,1,3.7e-24,0,1
"phospholipid biosynthetic process","MMEA9_C1",0,0,3.7e-24,0,1
"oxidative phosphorylation","MMEA9_C1",0,0,3.7e-24,0,1
"establishment of protein localization to membrane","MMEA9_C1",0,1,3.7e-24,-1,0.5254
"in utero embryonic development","MMEA9_C1",0,1,3.7e-24,-1,0.4498
"vacuole organization","MMEA9_C1",0,0,3.7e-24,0,1
"nuclear-transcribed mRNA catabolic process","MMEA9_C1",0,0,3.7e-24,0,1
"protein folding","MMEA9_C1",0,0,3.7e-24,0,1
"DNA conformation change","MMEA9_C1",0,0,3.7e-24,0,1
"regulation of chromosome segregation","MMEA9_C1",1,0,3.7e-24,1,0.2843
"regulation of apoptotic signaling pathway","MMEA9_C1",1,1,3.7e-24,0,1
"cell cycle G2/M phase transition","MMEA9_C1",0,0,3.7e-24,0,1
"vacuolar transport","MMEA9_C1",0,0,3.7e-24,0,1
"response to ionizing radiation","MMEA9_C1",0,0,3.7e-24,0,1
"cellular response to UV","MMEA9_C1",0,0,3.7e-24,0,1
"regulation of binding","MMEA9_C1",0,1,3.7e-24,-1,0.4814
"nucleic acid transport","MMEA9_C1",0,0,3.7e-24,0,1
"RNA transport","MMEA9_C1",0,0,3.7e-24,0,1
"ribonucleoprotein complex subunit organization","MMEA9_C1",1,0,3.7e-24,1,0.4302
"regulation of DNA replication","MMEA9_C1",0,0,3.7e-24,0,1
"ribose phosphate metabolic process","MMEA9_C1",0,1,3.7e-24,-1,0.4397
"proton motive force-driven ATP synthesis","MMEA9_C1",0,0,3.7e-24,0,1
"ribonucleotide metabolic process","MMEA9_C1",1,1,3.7e-24,0,1
"telomere organization","MMEA9_C1",0,0,3.7e-24,0,1
"cellular response to topologically incorrect protein","MMEA9_C1",0,0,3.7e-24,0,1
"Golgi organization","MMEA9_C1",0,0,3.7e-24,0,1
"ribonucleoprotein complex assembly","MMEA9_C1",0,0,3.7e-24,0,1
"cellular nitrogen compound catabolic process","MMEA9_C1",0,1,3.7e-24,-1,0.4243
"negative regulation of phosphorus metabolic process","MMEA9_C1",0,1,3.7e-24,-1,0.4519
"heterocycle catabolic process","MMEA9_C1",0,1,3.7e-24,-1,0.4183
"mitochondrial membrane organization","MMEA9_C1",0,0,3.7e-24,0,1
"regulation of protein-containing complex assembly","MMEA9_C1",1,1,3.7e-24,0,1
"positive regulation of cellular component biogenesis","MMEA9_C1",0,1,3.7e-24,-1,0.4245
"response to oxidative stress","MMEA9_C1",0,1,3.7e-24,-1,0.4459
"regulation of supramolecular fiber organization","MMEA9_C1",0,1,3.7e-24,-1,0.4742
"positive regulation of protein localization","MMEA9_C1",1,1,3.7e-24,0,1
"positive regulation of cell projection organization","MMEA9_C1",0,1,3.7e-24,-1,0.4922
"negative regulation of transferase activity","MMEA9_C1",1,0,3.7e-24,1,0.4833
"autophagy of mitochondrion","MMEA9_C1",0,0,3.7e-24,0,1
"positive regulation of amide metabolic process","MMEA9_C1",0,0,3.7e-24,0,1
"chromatin remodeling","MMEA9_C1",0,1,3.7e-24,-1,0.4624
"viral process","MMEA9_C1",0,1,3.7e-24,-1,0.4509
"macromolecule deacylation","MMEA9_C1",0,0,3.7e-24,0,1
"mitotic cytokinesis","MMEA9_C1",0,0,3.7e-24,0,1
"aromatic compound catabolic process","MMEA9_C1",1,1,3.7e-24,0,1
"vesicle localization","MMEA9_C1",0,0,3.7e-24,0,1
"establishment or maintenance of cell polarity","MMEA9_C1",1,0,3.7e-24,1,0.4587
"Wnt signaling pathway","MMEA9_C1",0,1,3.7e-24,-1,0.4352
"cell-cell signaling by wnt","MMEA9_C1",0,1,3.7e-24,-1,0.4371
"ATP metabolic process","MMEA9_C1",0,0,3.7e-24,0,1
"cellular response to chemical stress","MMEA9_C1",0,1,3.7e-24,-1,0.5306
"regulation of vacuole organization","MMEA9_C1",1,0,3.7e-24,1,0.1589
"cellular response to external stimulus","MMEA9_C1",0,1,3.7e-24,-1,0.513
"negative regulation of protein phosphorylation","MMEA9_C1",1,1,3.7e-24,0,1
"negative regulation of catabolic process","MMEA9_C1",0,1,3.7e-24,-1,0.5107
"regulation of microtubule cytoskeleton organization","MMEA9_C1",0,0,3.7e-24,0,1
"chromosome localization","MMEA9_C1",0,0,3.7e-24,0,1
"negative regulation of mitotic nuclear division","MMEA9_C1",0,0,3.7e-24,0,1
"regulation of actin filament organization","MMEA9_C1",1,0,3.7e-24,1,0.4683
"dephosphorylation","MMEA9_C1",0,1,3.7e-24,-1,0.4866
"glycosylation","MMEA9_C1",0,0,3.7e-24,0,1
"positive regulation of establishment of protein localization","MMEA9_C1",0,1,3.7e-24,-1,0.5088
"regulation of microtubule-based process","MMEA9_C1",1,0,3.7e-24,1,0.4449
"cell-substrate junction organization","MMEA9_C1",0,0,3.7e-24,0,1
"protein-containing complex localization","MMEA9_C1",0,0,3.7e-24,0,1
"mitochondrial transmembrane transport","MMEA9_C1",0,0,3.7e-24,0,1
"stem cell population maintenance","MMEA9_C1",0,0,3.7e-24,0,1
"ribosome assembly","MMEA9_C1",0,0,3.7e-24,0,1
"intraciliary transport","MMEA9_C1",0,0,3.7e-24,0,1
"Golgi to plasma membrane protein transport","MMEA9_C1",0,0,3.7e-24,0,1
"response to amino acid starvation","MMEA9_C1",0,0,3.7e-24,0,1
"cellular response to extracellular stimulus","MMEA9_C1",0,0,3.7e-24,0,1
"cell growth","MMEA9_C1",0,1,3.7e-24,-1,0.4242
"protein glycosylation","MMEA9_C1",0,0,3.7e-24,0,1
"macromolecule glycosylation","MMEA9_C1",0,0,3.7e-24,0,1
"maintenance of cell number","MMEA9_C1",0,0,3.7e-24,0,1
"response to reactive oxygen species","MMEA9_C1",0,0,3.7e-24,0,1
"regulation of cell morphogenesis","MMEA9_C1",1,0,3.7e-24,1,0.4466
"regulation of cellular component size","MMEA9_C1",0,1,3.7e-24,-1,0.4747
"cell-substrate junction assembly","MMEA9_C1",0,0,3.7e-24,0,1
"membrane fission","MMEA9_C1",0,0,3.7e-24,0,1
"membrane docking","MMEA9_C1",0,0,3.7e-24,0,1
"fibroblast migration","MMEA9_C1",0,0,3.7e-24,0,1
"nucleus organization","MMEA9_C1",0,0,3.7e-24,0,1
"regulation of cell growth","MMEA9_C1",2,1,3.7e-24,0.584962500721156,0.6342
"fibroblast proliferation","MMEA9_C1",0,0,3.7e-24,0,1
"cell cycle G1/S phase transition","MMEA9_C1",0,0,3.7e-24,0,1
"actin filament organization","MMEA9_C1",1,1,3.7e-24,0,1
"response to oxygen levels","MMEA9_C1",0,1,3.7e-24,-1,0.5173
"epigenetic regulation of gene expression","MMEA9_C1",1,0,3.7e-24,1,0.3939
"organelle fusion","MMEA9_C1",1,0,3.7e-24,1,0.3554
"lipoprotein metabolic process","MMEA9_C1",0,0,3.7e-24,0,1
"protein lipidation","MMEA9_C1",0,0,3.7e-24,0,1
"regulation of plasma membrane bounded cell projection assembly","MMEA9_C1",0,0,3.7e-24,0,1
"regulation of actin filament-based process","MMEA9_C1",0,1,3.7e-24,-1,0.4773
"regulation of GTPase activity","MMEA9_C1",1,1,3.7e-24,0,1
"nuclear envelope organization","MMEA9_C1",0,0,3.7e-24,0,1
"protein autophosphorylation","MMEA9_C1",0,0,3.7e-24,0,1
"connective tissue development","MMEA9_C1",0,0,3.7e-24,0,1
"cellular response to heat","MMEA9_C1",0,0,3.7e-24,0,1
"myeloid cell homeostasis","MMEA9_C1",1,0,3.7e-24,1,0.3093
"regulation of neuron projection development","MMEA9_C1",1,1,3.7e-24,0,1
"receptor metabolic process","MMEA9_C1",0,0,3.7e-24,0,1
"maintenance of protein location in cell","MMEA9_C1",0,0,3.7e-24,0,1
"apoptotic mitochondrial changes","MMEA9_C1",1,0,3.7e-24,1,0.2091
"response to transforming growth factor beta","MMEA9_C1",0,0,3.7e-24,0,1
"neural tube development","MMEA9_C1",1,0,3.7e-24,1,0.3453
"maintenance of protein location","MMEA9_C1",0,0,3.7e-24,0,1
"regulation of ubiquitin-protein transferase activity","MMEA9_C1",0,0,3.7e-24,0,1
"cilium assembly","MMEA9_C1",0,1,3.7e-24,-1,0.4941
"mRNA export from nucleus","MMEA9_C1",0,0,3.7e-24,0,1
"regulation of cell-substrate junction organization","MMEA9_C1",0,0,3.7e-24,0,1
"membrane biogenesis","MMEA9_C1",0,0,3.7e-24,0,1
"cilium organization","MMEA9_C1",0,1,3.7e-24,-1,0.4685
"platelet-derived growth factor receptor signaling pathway","MMEA9_C1",0,0,3.7e-24,0,1
"iron-sulfur cluster assembly","MMEA9_C1",0,0,3.7e-24,0,1
"metallo-sulfur cluster assembly","MMEA9_C1",0,0,3.7e-24,0,1
"centromere complex assembly","MMEA9_C1",0,0,3.7e-24,0,1
"cellular response to oxygen levels","MMEA9_C1",0,0,3.7e-24,0,1
"fatty acid beta-oxidation","MMEA9_C1",0,0,3.7e-24,0,1
"organelle localization by membrane tethering","MMEA9_C1",0,0,3.7e-24,0,1
"autophagosome maturation","MMEA9_C1",0,0,3.7e-24,0,1
"cellular response to transforming growth factor beta stimulus","MMEA9_C1",0,0,3.7e-24,0,1
"nucleotide catabolic process","MMEA9_C1",0,0,3.7e-24,0,1
"tube closure","MMEA9_C1",0,0,3.7e-24,0,1
"regulation of stem cell differentiation","MMEA9_C1",0,0,3.7e-24,0,1
"substrate adhesion-dependent cell spreading","MMEA9_C1",0,0,3.7e-24,0,1
"chondrocyte differentiation","MMEA9_C1",0,0,3.7e-24,0,1
"regulation of fibroblast proliferation","MMEA9_C1",0,0,3.7e-24,0,1
"morphogenesis of an epithelial sheet","MMEA9_C1",0,0,3.7e-24,0,1
"microtubule polymerization","MMEA9_C1",0,0,3.7e-24,0,1
"response to virus","MMEA9_C1",0,1,3.7e-24,-1,0.4744
"membrane assembly","MMEA9_C1",0,0,3.7e-24,0,1
"COPII vesicle coating","MMEA9_C1",0,0,3.7e-24,0,1
"erythrocyte differentiation","MMEA9_C1",1,0,3.7e-24,1,0.279
"organophosphate catabolic process","MMEA9_C1",0,0,3.7e-24,0,1
"regulation of embryonic development","MMEA9_C1",0,0,3.7e-24,0,1
"regulation of focal adhesion assembly","MMEA9_C1",0,0,3.7e-24,0,1
"regulation of cell-substrate junction assembly","MMEA9_C1",0,0,3.7e-24,0,1
"regulation of extracellular matrix organization","MMEA9_C1",1,0,3.7e-24,1,0.1073
"GPI anchor biosynthetic process","MMEA9_C1",0,0,3.7e-24,0,1
"lamellipodium organization","MMEA9_C1",0,0,3.7e-24,0,1
"positive regulation of stem cell population maintenance","MMEA9_C1",0,0,3.7e-24,0,1
"monosaccharide metabolic process","MMEA9_C1",1,0,3.7e-24,1,0.4345
"U2-type prespliceosome assembly","MMEA9_C1",0,0,3.7e-24,0,1
"heterochromatin formation","MMEA9_C1",0,0,3.7e-24,0,1
"peroxisome organization","MMEA9_C1",0,0,3.7e-24,0,1
"regulation of mitochondrial fission","MMEA9_C1",0,0,3.7e-24,0,1
"cellular pigmentation","MMEA9_C1",0,0,3.7e-24,0,1
"regulation of fibroblast migration","MMEA9_C1",0,0,3.7e-24,0,1
"cellular carbohydrate metabolic process","MMEA9_C1",0,0,3.7e-24,0,1
"positive regulation of axonogenesis","MMEA9_C1",1,0,3.7e-24,1,0.1642
"kinetochore organization","MMEA9_C1",0,0,3.7e-24,0,1
"stem cell differentiation","MMEA9_C1",1,0,3.7e-24,1,0.4287
"proton transmembrane transport","MMEA9_C1",0,0,3.7e-24,0,1
"cellular response to insulin stimulus","MMEA9_C1",0,0,3.7e-24,0,1
"establishment of mitotic spindle localization","MMEA9_C1",0,0,3.7e-24,0,1
"cell redox homeostasis","MMEA9_C1",0,0,3.7e-24,0,1
"stress granule assembly","MMEA9_C1",0,0,3.7e-24,0,1
"protein neddylation","MMEA9_C1",0,0,3.7e-24,0,1
"regulation of mitochondrial membrane potential","MMEA9_C1",0,0,3.7e-24,0,1
"neuron death","MMEA9_C1",0,1,3.7e-24,-1,0.4701
"defense response to virus","MMEA9_C1",0,0,3.7e-24,0,1
"sulfur compound metabolic process","MMEA9_C1",0,1,3.7e-24,-1,0.5141
"NADP metabolic process","MMEA9_C1",0,0,3.7e-24,0,1
"vacuolar acidification","MMEA9_C1",0,0,3.7e-24,0,1
"oligosaccharide-lipid intermediate biosynthetic process","MMEA9_C1",0,0,3.7e-24,0,1
"lysosomal lumen acidification","MMEA9_C1",0,0,3.7e-24,0,1
"glycosyl compound biosynthetic process","MMEA9_C1",0,0,3.7e-24,0,1
"heart valve development","MMEA9_C1",0,0,3.7e-24,0,1
"water-soluble vitamin metabolic process","MMEA9_C1",0,0,3.7e-24,0,1
"interferon-beta production","MMEA9_C1",0,0,3.7e-24,0,1
"regulation of interferon-beta production","MMEA9_C1",0,0,3.7e-24,0,1
"branched-chain amino acid metabolic process","MMEA9_C1",0,0,3.7e-24,0,1
"regulation of mitochondrial membrane permeability","MMEA9_C1",0,0,3.7e-24,0,1
"respiratory tube development","MMEA9_C1",0,0,3.7e-24,0,1
"cellular senescence","MMEA9_C1",0,0,3.7e-24,0,1
"positive regulation of neurogenesis","MMEA9_C1",0,0,3.7e-24,0,1
"mitochondrial outer membrane permeabilization","MMEA9_C1",0,0,3.7e-24,0,1
"immune system development","MMEA9_C1",1,0,3.7e-24,1,0.3433
"clathrin-dependent endocytosis","MMEA9_C1",0,0,3.7e-24,0,1
"positive regulation of viral process","MMEA9_C1",1,0,3.7e-24,1,0.1114
"bone development","MMEA9_C1",0,0,3.7e-24,0,1
"cell-substrate adhesion","MMEA9_C1",0,1,3.7e-24,-1,0.5118
"positive regulation of microtubule polymerization","MMEA9_C1",0,0,3.7e-24,0,1
"pteridine-containing compound metabolic process","MMEA9_C1",0,0,3.7e-24,0,1
"response to arsenic-containing substance","MMEA9_C1",0,0,3.7e-24,0,1
"response to insulin","MMEA9_C1",0,0,3.7e-24,0,1
"ubiquinone metabolic process","MMEA9_C1",0,0,3.7e-24,0,1
"cellular response to arsenic-containing substance","MMEA9_C1",0,0,3.7e-24,0,1
"inositol phosphate catabolic process","MMEA9_C1",0,0,3.7e-24,0,1
"telomerase RNA localization to Cajal body","MMEA9_C1",0,0,3.7e-24,0,1
"respiratory system development","MMEA9_C1",0,0,3.7e-24,0,1
"regulation of generation of precursor metabolites and energy","MMEA9_C1",0,0,3.7e-24,0,1
"mitochondrial calcium ion homeostasis","MMEA9_C1",0,0,3.7e-24,0,1
"G0 to G1 transition","MMEA9_C1",0,0,3.7e-24,0,1
"mitochondrial genome maintenance","MMEA9_C1",0,0,3.7e-24,0,1
"release of cytochrome c from mitochondria","MMEA9_C1",0,0,3.7e-24,0,1
"cortical cytoskeleton organization","MMEA9_C1",0,0,3.7e-24,0,1
"response to sterol depletion","MMEA9_C1",0,0,3.7e-24,0,1
"regulation of ncRNA transcription","MMEA9_C1",0,0,3.7e-24,0,1
"mesenchymal cell differentiation","MMEA9_C1",0,0,3.7e-24,0,1
"protein-DNA complex subunit organization","MMEA9_C1",0,0,3.7e-24,0,1
"response to fluid shear stress","MMEA9_C1",0,0,3.7e-24,0,1
"collagen fibril organization","MMEA9_C1",0,0,3.7e-24,0,1
"roof of mouth development","MMEA9_C1",0,0,3.7e-24,0,1
"regulation of protein dephosphorylation","MMEA9_C1",0,0,3.7e-24,0,1
"multicellular organism growth","MMEA9_C1",0,0,3.7e-24,0,1
"miRNA processing","MMEA9_C1",0,0,3.7e-24,0,1
"small molecule catabolic process","MMEA9_C1",0,1,3.7e-24,-1,0.4972
"regulation of G0 to G1 transition","MMEA9_C1",0,0,3.7e-24,0,1
"circadian regulation of gene expression","MMEA9_C1",0,0,3.7e-24,0,1
"regulation of translational fidelity","MMEA9_C1",0,0,3.7e-24,0,1
"ubiquinone biosynthetic process","MMEA9_C1",0,0,3.7e-24,0,1
"mitochondrial calcium ion transmembrane transport","MMEA9_C1",0,0,3.7e-24,0,1
"quinone biosynthetic process","MMEA9_C1",0,0,3.7e-24,0,1
"viral release from host cell","MMEA9_C1",0,0,3.7e-24,0,1
"exit from host cell","MMEA9_C1",0,0,3.7e-24,0,1
"positive regulation of GTPase activity","MMEA9_C1",0,0,3.7e-24,0,1
"regulation of cytokinesis","MMEA9_C1",0,0,3.7e-24,0,1
"mitochondrion localization","MMEA9_C1",0,0,3.7e-24,0,1
"renal system development","MMEA9_C1",0,0,3.7e-24,0,1
"regulation of cysteine-type endopeptidase activity involved in apoptotic process","MMEA9_C1",0,0,3.7e-24,0,1
"regulation of cell-substrate adhesion","MMEA9_C1",0,0,3.7e-24,0,1
"centrosome localization","MMEA9_C1",0,0,3.7e-24,0,1
"microtubule organizing center localization","MMEA9_C1",0,0,3.7e-24,0,1
"pinocytosis","MMEA9_C1",0,0,3.7e-24,0,1
"lamellipodium assembly","MMEA9_C1",0,0,3.7e-24,0,1
"cellular response to sterol depletion","MMEA9_C1",0,0,3.7e-24,0,1
"placenta development","MMEA9_C1",0,0,3.7e-24,0,1
"rhythmic process","MMEA9_C1",1,0,3.7e-24,1,0.4658
"spindle localization","MMEA9_C1",0,0,3.7e-24,0,1
"carbohydrate derivative catabolic process","MMEA9_C1",0,0,3.7e-24,0,1
"response to amino acid","MMEA9_C1",0,0,3.7e-24,0,1
"regulation of intracellular steroid hormone receptor signaling pathway","MMEA9_C1",0,0,3.7e-24,0,1
"regulation of neuron death","MMEA9_C1",1,0,3.7e-24,1,0.4657
"ossification","MMEA9_C1",0,1,3.7e-24,-1,0.4637
"mammary gland epithelial cell proliferation","MMEA9_C1",0,0,3.7e-24,0,1
"ribosomal subunit export from nucleus","MMEA9_C1",0,0,3.7e-24,0,1
"ribosome localization","MMEA9_C1",0,0,3.7e-24,0,1
"protein transport to vacuole involved in ubiquitin-dependent protein catabolic process via the multivesicular body sorting pathway","MMEA9_C1",0,0,3.7e-24,0,1
"seminiferous tubule development","MMEA9_C1",0,0,3.7e-24,0,1
"cellular response to acid chemical","MMEA9_C1",0,0,3.7e-24,0,1
"positive regulation of kinase activity","MMEA9_C1",1,1,3.7e-24,0,1
"positive regulation by host of viral process","MMEA9_C1",0,0,3.7e-24,0,1
"mitochondrion morphogenesis","MMEA9_C1",0,0,3.7e-24,0,1
"regulation of establishment of cell polarity","MMEA9_C1",0,0,3.7e-24,0,1
"cellular lipid catabolic process","MMEA9_C1",2,0,3.7e-24,1.58496250072116,0.0726
"neuron apoptotic process","MMEA9_C1",1,0,3.7e-24,1,0.3905
"inner cell mass cell proliferation","MMEA9_C1",0,0,3.7e-24,0,1
"polyamine biosynthetic process","MMEA9_C1",0,0,3.7e-24,0,1
"folic acid metabolic process","MMEA9_C1",0,0,3.7e-24,0,1
"organelle inheritance","MMEA9_C1",0,0,3.7e-24,0,1
"polyol metabolic process","MMEA9_C1",0,0,3.7e-24,0,1
"regulation of type I interferon-mediated signaling pathway","MMEA9_C1",0,0,3.7e-24,0,1
"intracellular lipid transport","MMEA9_C1",0,0,3.7e-24,0,1
"fat cell differentiation","MMEA9_C1",2,0,3.7e-24,1.58496250072116,0.0909
"iron ion homeostasis","MMEA9_C1",0,0,3.7e-24,0,1
"negative regulation of cell projection organization","MMEA9_C1",0,0,3.7e-24,0,1
"dicarboxylic acid metabolic process","MMEA9_C1",0,0,3.7e-24,0,1
"regulation of anatomical structure size","MMEA9_C1",0,1,3.7e-24,-1,0.4543
"regulation of small molecule metabolic process","MMEA9_C1",0,1,3.7e-24,-1,0.498
"pentose-phosphate shunt","MMEA9_C1",0,0,3.7e-24,0,1
"pericardium development","MMEA9_C1",0,0,3.7e-24,0,1
"lysosomal protein catabolic process","MMEA9_C1",0,0,3.7e-24,0,1
"carbohydrate derivative transport","MMEA9_C1",0,0,3.7e-24,0,1
"alcohol biosynthetic process","MMEA9_C1",0,0,3.7e-24,0,1
"regulation of membrane permeability","MMEA9_C1",0,0,3.7e-24,0,1
"signal peptide processing","MMEA9_C1",0,0,3.7e-24,0,1
"UV-damage excision repair","MMEA9_C1",0,0,3.7e-24,0,1
"biological process involved in interaction with host","MMEA9_C1",0,0,3.7e-24,0,1
"body morphogenesis","MMEA9_C1",0,0,3.7e-24,0,1
"extracellular vesicle biogenesis","MMEA9_C1",0,0,3.7e-24,0,1
"negative regulation of defense response to virus","MMEA9_C1",0,0,3.7e-24,0,1
"aminoglycan biosynthetic process","MMEA9_C1",0,0,3.7e-24,0,1
"sterol biosynthetic process","MMEA9_C1",0,0,3.7e-24,0,1
"polyamine metabolic process","MMEA9_C1",0,0,3.7e-24,0,1
"magnesium ion transport","MMEA9_C1",0,0,3.7e-24,0,1
"lamellipodium morphogenesis","MMEA9_C1",0,0,3.7e-24,0,1
"positive regulation of neuron migration","MMEA9_C1",0,0,3.7e-24,0,1
"regulation of glucose metabolic process","MMEA9_C1",0,0,3.7e-24,0,1
"monosaccharide biosynthetic process","MMEA9_C1",0,0,3.7e-24,0,1
"response to acid chemical","MMEA9_C1",0,0,3.7e-24,0,1
"regulation of carbohydrate metabolic process","MMEA9_C1",0,0,3.7e-24,0,1
"positive regulation of nervous system development","MMEA9_C1",0,0,3.7e-24,0,1
"regulation of circadian rhythm","MMEA9_C1",0,0,3.7e-24,0,1
"trabecula morphogenesis","MMEA9_C1",0,0,3.7e-24,0,1
"pigment accumulation","MMEA9_C1",0,0,3.7e-24,0,1
"cellular pigment accumulation","MMEA9_C1",0,0,3.7e-24,0,1
"regulation of pinocytosis","MMEA9_C1",0,0,3.7e-24,0,1
"regulation of ligase activity","MMEA9_C1",0,0,3.7e-24,0,1
"smoothened signaling pathway involved in dorsal/ventral neural tube patterning","MMEA9_C1",0,0,3.7e-24,0,1
"glycosyl compound metabolic process","MMEA9_C1",0,0,3.7e-24,0,1
"substantia nigra development","MMEA9_C1",0,0,3.7e-24,0,1
"negative regulation of GTPase activity","MMEA9_C1",0,0,3.7e-24,0,1
"axon extension","MMEA9_C1",0,0,3.7e-24,0,1
"positive regulation of epithelial to mesenchymal transition","MMEA9_C1",0,0,3.7e-24,0,1
"one-carbon metabolic process","MMEA9_C1",0,0,3.7e-24,0,1
"NADPH regeneration","MMEA9_C1",0,0,3.7e-24,0,1
"cellular response to dsRNA","MMEA9_C1",0,0,3.7e-24,0,1
"neuron projection organization","MMEA9_C1",0,0,3.7e-24,0,1
"postsynapse organization","MMEA9_C1",0,0,3.7e-24,0,1
"regulation of ketone biosynthetic process","MMEA9_C1",0,0,3.7e-24,0,1
"mitochondrion distribution","MMEA9_C1",0,0,3.7e-24,0,1
"regulation of autophagosome maturation","MMEA9_C1",1,0,3.7e-24,1,0.0498
"magnesium ion transmembrane transport","MMEA9_C1",0,0,3.7e-24,0,1
"regulation of cell division","MMEA9_C1",0,0,3.7e-24,0,1
"intermembrane lipid transfer","MMEA9_C1",0,0,3.7e-24,0,1
"organophosphate ester transport","MMEA9_C1",0,0,3.7e-24,0,1
"movement in host","MMEA9_C1",0,0,3.7e-24,0,1
"extracellular matrix assembly","MMEA9_C1",0,0,3.7e-24,0,1
"cellular metabolic compound salvage","MMEA9_C1",0,0,3.7e-24,0,1
"regulation of ATP-dependent activity","MMEA9_C1",0,0,3.7e-24,0,1
"cell migration involved in heart development","MMEA9_C1",0,0,3.7e-24,0,1
"cellular response to fluid shear stress","MMEA9_C1",0,0,3.7e-24,0,1
"sphingomyelin biosynthetic process","MMEA9_C1",0,0,3.7e-24,0,1
"ether lipid biosynthetic process","MMEA9_C1",0,0,3.7e-24,0,1
"embryonic body morphogenesis","MMEA9_C1",0,0,3.7e-24,0,1
"amino sugar biosynthetic process","MMEA9_C1",0,0,3.7e-24,0,1
"glycerol ether biosynthetic process","MMEA9_C1",0,0,3.7e-24,0,1
"pigmentation","MMEA9_C1",0,0,3.7e-24,0,1
"cellular response to ketone","MMEA9_C1",0,0,3.7e-24,0,1
"nonribosomal peptide biosynthetic process","MMEA9_C1",0,0,3.7e-24,0,1
"glial cell apoptotic process","MMEA9_C1",0,0,3.7e-24,0,1
"lipoprotein catabolic process","MMEA9_C1",0,0,3.7e-24,0,1
"suppression of viral release by host","MMEA9_C1",0,0,3.7e-24,0,1
"chaperone-mediated autophagy","MMEA9_C1",0,0,3.7e-24,0,1
"regulation of steroid hormone biosynthetic process","MMEA9_C1",0,0,3.7e-24,0,1
"synaptic vesicle lumen acidification","MMEA9_C1",0,0,3.7e-24,0,1
"semaphorin-plexin signaling pathway involved in neuron projection guidance","MMEA9_C1",0,0,3.7e-24,0,1
"regulation of Golgi organization","MMEA9_C1",0,0,3.7e-24,0,1
"Schwann cell differentiation","MMEA9_C1",0,0,3.7e-24,0,1
"neurotrophin signaling pathway","MMEA9_C1",0,0,3.7e-24,0,1
"regulation of microtubule depolymerization","MMEA9_C1",0,0,3.7e-24,0,1
"basement membrane organization","MMEA9_C1",0,0,3.7e-24,0,1
"establishment or maintenance of epithelial cell apical/basal polarity","MMEA9_C1",0,0,3.7e-24,0,1
"face development","MMEA9_C1",0,0,3.7e-24,0,1
"osteoblast differentiation","MMEA9_C1",1,0,3.7e-24,1,0.3998
"appendage development","MMEA9_C1",0,0,3.7e-24,0,1
"limb development","MMEA9_C1",0,0,3.7e-24,0,1
"regulation of ATP metabolic process","MMEA9_C1",2,0,3.7e-24,1.58496250072116,0.0162
"developmental growth involved in morphogenesis","MMEA9_C1",0,0,3.7e-24,0,1
"embryonic organ development","MMEA9_C1",1,1,3.7e-24,0,1
"negative regulation of growth","MMEA9_C1",0,0,3.7e-24,0,1
"microtubule depolymerization","MMEA9_C1",0,0,3.7e-24,0,1
"heme metabolic process","MMEA9_C1",0,0,3.7e-24,0,1
"regulation of neuron apoptotic process","MMEA9_C1",0,0,3.7e-24,0,1
"plasma membrane tubulation","MMEA9_C1",0,0,3.7e-24,0,1
"exosomal secretion","MMEA9_C1",0,0,3.7e-24,0,1
"vasculogenesis","MMEA9_C1",0,0,3.7e-24,0,1
"toxin transport","MMEA9_C1",0,0,3.7e-24,0,1
"ncRNA processing","MMEA9_C2",0,1,3.7e-24,-1,0.4839
"ribosome biogenesis","MMEA9_C2",0,0,3.7e-24,0,1
"rRNA metabolic process","MMEA9_C2",1,0,3.7e-24,1,0.4184
"proteasome-mediated ubiquitin-dependent protein catabolic process","MMEA9_C2",0,1,3.7e-24,-1,0.4393
"regulation of response to DNA damage stimulus","MMEA9_C2",0,0,3.7e-24,0,1
"establishment of protein localization to organelle","MMEA9_C2",0,1,3.7e-24,-1,0.4583
"macroautophagy","MMEA9_C2",0,0,3.7e-24,0,1
"regulation of chromosome organization","MMEA9_C2",0,0,3.7e-24,0,1
"Golgi vesicle transport","MMEA9_C2",1,1,3.7e-24,0,1
"double-strand break repair","MMEA9_C2",1,0,3.7e-24,1,0.4654
"histone modification","MMEA9_C2",0,1,3.7e-24,-1,0.479
"sister chromatid segregation","MMEA9_C2",0,0,3.7e-24,0,1
"DNA replication","MMEA9_C2",0,0,3.7e-24,0,1
"chromosome segregation","MMEA9_C2",0,1,3.7e-24,-1,0.4983
"mitochondrial gene expression","MMEA9_C2",0,0,3.7e-24,0,1
"nucleocytoplasmic transport","MMEA9_C2",1,0,3.7e-24,1,0.432
"nuclear transport","MMEA9_C2",2,1,3.7e-24,0.584962500721156,0.6432
"regulation of DNA repair","MMEA9_C2",0,0,3.7e-24,0,1
"peptidyl-lysine modification","MMEA9_C2",0,1,3.7e-24,-1,0.5224
"protein targeting","MMEA9_C2",0,0,3.7e-24,0,1
"cytoplasmic translation","MMEA9_C2",0,0,3.7e-24,0,1
"regulation of autophagy","MMEA9_C2",0,1,3.7e-24,-1,0.5325
"signal transduction in response to DNA damage","MMEA9_C2",0,0,3.7e-24,0,1
"regulation of intracellular transport","MMEA9_C2",0,0,3.7e-24,0,1
"protein localization to nucleus","MMEA9_C2",1,0,3.7e-24,1,0.4235
"microtubule cytoskeleton organization involved in mitosis","MMEA9_C2",0,0,3.7e-24,0,1
"telomere maintenance","MMEA9_C2",0,0,3.7e-24,0,1
"cell cycle checkpoint signaling","MMEA9_C2",0,0,3.7e-24,0,1
"regulation of protein modification by small protein conjugation or removal","MMEA9_C2",1,0,3.7e-24,1,0.4082
"cellular respiration","MMEA9_C2",0,0,3.7e-24,0,1
"cellular component disassembly","MMEA9_C2",1,1,3.7e-24,0,1
"nuclear chromosome segregation","MMEA9_C2",0,0,3.7e-24,0,1
"regulation of protein stability","MMEA9_C2",0,0,3.7e-24,0,1
"regulation of cell cycle phase transition","MMEA9_C2",1,1,3.7e-24,0,1
"regulation of protein catabolic process","MMEA9_C2",0,1,3.7e-24,-1,0.5108
"response to endoplasmic reticulum stress","MMEA9_C2",0,0,3.7e-24,0,1
"vesicle organization","MMEA9_C2",0,0,3.7e-24,0,1
"mitochondrial respiratory chain complex assembly","MMEA9_C2",0,0,3.7e-24,0,1
"DNA-templated transcription elongation","MMEA9_C2",0,0,3.7e-24,0,1
"mitochondrial transport","MMEA9_C2",0,0,3.7e-24,0,1
"establishment of organelle localization","MMEA9_C2",0,1,3.7e-24,-1,0.5072
"regulation of intracellular protein transport","MMEA9_C2",0,0,3.7e-24,0,1
"response to UV","MMEA9_C2",0,0,3.7e-24,0,1
"RNA localization","MMEA9_C2",0,0,3.7e-24,0,1
"response to topologically incorrect protein","MMEA9_C2",0,0,3.7e-24,0,1
"organelle fission","MMEA9_C2",1,1,3.7e-24,0,1
"non-membrane-bounded organelle assembly","MMEA9_C2",0,0,3.7e-24,0,1
"protein polyubiquitination","MMEA9_C2",0,0,3.7e-24,0,1
"methylation","MMEA9_C2",0,1,3.7e-24,-1,0.527
"phospholipid biosynthetic process","MMEA9_C2",0,0,3.7e-24,0,1
"oxidative phosphorylation","MMEA9_C2",0,0,3.7e-24,0,1
"establishment of protein localization to membrane","MMEA9_C2",1,0,3.7e-24,1,0.4276
"in utero embryonic development","MMEA9_C2",0,1,3.7e-24,-1,0.5101
"vacuole organization","MMEA9_C2",0,0,3.7e-24,0,1
"nuclear-transcribed mRNA catabolic process","MMEA9_C2",0,0,3.7e-24,0,1
"protein folding","MMEA9_C2",1,0,3.7e-24,1,0.3166
"DNA conformation change","MMEA9_C2",0,0,3.7e-24,0,1
"regulation of chromosome segregation","MMEA9_C2",1,0,3.7e-24,1,0.2309
"regulation of apoptotic signaling pathway","MMEA9_C2",0,1,3.7e-24,-1,0.5213
"cell cycle G2/M phase transition","MMEA9_C2",0,0,3.7e-24,0,1
"vacuolar transport","MMEA9_C2",0,0,3.7e-24,0,1
"response to ionizing radiation","MMEA9_C2",0,0,3.7e-24,0,1
"cellular response to UV","MMEA9_C2",0,0,3.7e-24,0,1
"regulation of binding","MMEA9_C2",0,0,3.7e-24,0,1
"nucleic acid transport","MMEA9_C2",0,0,3.7e-24,0,1
"RNA transport","MMEA9_C2",0,0,3.7e-24,0,1
"ribonucleoprotein complex subunit organization","MMEA9_C2",0,0,3.7e-24,0,1
"regulation of DNA replication","MMEA9_C2",0,0,3.7e-24,0,1
"ribose phosphate metabolic process","MMEA9_C2",0,1,3.7e-24,-1,0.5042
"proton motive force-driven ATP synthesis","MMEA9_C2",1,0,3.7e-24,1,0.1777
"ribonucleotide metabolic process","MMEA9_C2",0,1,3.7e-24,-1,0.4979
"telomere organization","MMEA9_C2",1,0,3.7e-24,1,0.31
"cellular response to topologically incorrect protein","MMEA9_C2",0,0,3.7e-24,0,1
"Golgi organization","MMEA9_C2",0,0,3.7e-24,0,1
"ribonucleoprotein complex assembly","MMEA9_C2",0,0,3.7e-24,0,1
"cellular nitrogen compound catabolic process","MMEA9_C2",0,1,3.7e-24,-1,0.4864
"negative regulation of phosphorus metabolic process","MMEA9_C2",0,1,3.7e-24,-1,0.5149
"heterocycle catabolic process","MMEA9_C2",0,1,3.7e-24,-1,0.4636
"mitochondrial membrane organization","MMEA9_C2",0,0,3.7e-24,0,1
"regulation of protein-containing complex assembly","MMEA9_C2",1,1,3.7e-24,0,1
"positive regulation of cellular component biogenesis","MMEA9_C2",0,1,3.7e-24,-1,0.4542
"response to oxidative stress","MMEA9_C2",0,1,3.7e-24,-1,0.5112
"regulation of supramolecular fiber organization","MMEA9_C2",1,0,3.7e-24,1,0.4818
"positive regulation of protein localization","MMEA9_C2",1,1,3.7e-24,0,1
"positive regulation of cell projection organization","MMEA9_C2",0,0,3.7e-24,0,1
"negative regulation of transferase activity","MMEA9_C2",0,0,3.7e-24,0,1
"autophagy of mitochondrion","MMEA9_C2",0,0,3.7e-24,0,1
"positive regulation of amide metabolic process","MMEA9_C2",0,0,3.7e-24,0,1
"chromatin remodeling","MMEA9_C2",0,0,3.7e-24,0,1
"viral process","MMEA9_C2",0,1,3.7e-24,-1,0.5176
"macromolecule deacylation","MMEA9_C2",0,0,3.7e-24,0,1
"mitotic cytokinesis","MMEA9_C2",0,0,3.7e-24,0,1
"aromatic compound catabolic process","MMEA9_C2",1,1,3.7e-24,0,1
"vesicle localization","MMEA9_C2",0,0,3.7e-24,0,1
"establishment or maintenance of cell polarity","MMEA9_C2",1,0,3.7e-24,1,0.3708
"Wnt signaling pathway","MMEA9_C2",0,1,3.7e-24,-1,0.4683
"cell-cell signaling by wnt","MMEA9_C2",0,1,3.7e-24,-1,0.5143
"ATP metabolic process","MMEA9_C2",0,0,3.7e-24,0,1
"cellular response to chemical stress","MMEA9_C2",1,0,3.7e-24,1,0.4275
"regulation of vacuole organization","MMEA9_C2",0,0,3.7e-24,0,1
"cellular response to external stimulus","MMEA9_C2",0,0,3.7e-24,0,1
"negative regulation of protein phosphorylation","MMEA9_C2",0,0,3.7e-24,0,1
"negative regulation of catabolic process","MMEA9_C2",0,0,3.7e-24,0,1
"regulation of microtubule cytoskeleton organization","MMEA9_C2",0,0,3.7e-24,0,1
"chromosome localization","MMEA9_C2",0,0,3.7e-24,0,1
"negative regulation of mitotic nuclear division","MMEA9_C2",0,0,3.7e-24,0,1
"regulation of actin filament organization","MMEA9_C2",0,0,3.7e-24,0,1
"dephosphorylation","MMEA9_C2",0,0,3.7e-24,0,1
"glycosylation","MMEA9_C2",0,0,3.7e-24,0,1
"positive regulation of establishment of protein localization","MMEA9_C2",0,0,3.7e-24,0,1
"regulation of microtubule-based process","MMEA9_C2",0,0,3.7e-24,0,1
"cell-substrate junction organization","MMEA9_C2",0,0,3.7e-24,0,1
"protein-containing complex localization","MMEA9_C2",0,0,3.7e-24,0,1
"mitochondrial transmembrane transport","MMEA9_C2",0,0,3.7e-24,0,1
"stem cell population maintenance","MMEA9_C2",1,0,3.7e-24,1,0.3113
"ribosome assembly","MMEA9_C2",0,0,3.7e-24,0,1
"intraciliary transport","MMEA9_C2",0,0,3.7e-24,0,1
"Golgi to plasma membrane protein transport","MMEA9_C2",0,0,3.7e-24,0,1
"response to amino acid starvation","MMEA9_C2",0,0,3.7e-24,0,1
"cellular response to extracellular stimulus","MMEA9_C2",0,0,3.7e-24,0,1
"cell growth","MMEA9_C2",1,1,3.7e-24,0,1
"protein glycosylation","MMEA9_C2",0,0,3.7e-24,0,1
"macromolecule glycosylation","MMEA9_C2",0,0,3.7e-24,0,1
"maintenance of cell number","MMEA9_C2",0,0,3.7e-24,0,1
"response to reactive oxygen species","MMEA9_C2",1,0,3.7e-24,1,0.3142
"regulation of cell morphogenesis","MMEA9_C2",0,0,3.7e-24,0,1
"regulation of cellular component size","MMEA9_C2",1,0,3.7e-24,1,0.4973
"cell-substrate junction assembly","MMEA9_C2",0,0,3.7e-24,0,1
"membrane fission","MMEA9_C2",0,0,3.7e-24,0,1
"membrane docking","MMEA9_C2",0,0,3.7e-24,0,1
"fibroblast migration","MMEA9_C2",0,0,3.7e-24,0,1
"nucleus organization","MMEA9_C2",0,0,3.7e-24,0,1
"regulation of cell growth","MMEA9_C2",0,1,3.7e-24,-1,0.5198
"fibroblast proliferation","MMEA9_C2",0,0,3.7e-24,0,1
"cell cycle G1/S phase transition","MMEA9_C2",0,0,3.7e-24,0,1
"actin filament organization","MMEA9_C2",0,1,3.7e-24,-1,0.5262
"response to oxygen levels","MMEA9_C2",0,0,3.7e-24,0,1
"epigenetic regulation of gene expression","MMEA9_C2",0,0,3.7e-24,0,1
"organelle fusion","MMEA9_C2",0,0,3.7e-24,0,1
"lipoprotein metabolic process","MMEA9_C2",0,0,3.7e-24,0,1
"protein lipidation","MMEA9_C2",0,0,3.7e-24,0,1
"regulation of plasma membrane bounded cell projection assembly","MMEA9_C2",0,0,3.7e-24,0,1
"regulation of actin filament-based process","MMEA9_C2",1,1,3.7e-24,0,1
"regulation of GTPase activity","MMEA9_C2",0,0,3.7e-24,0,1
"nuclear envelope organization","MMEA9_C2",0,0,3.7e-24,0,1
"protein autophosphorylation","MMEA9_C2",0,0,3.7e-24,0,1
"connective tissue development","MMEA9_C2",0,0,3.7e-24,0,1
"cellular response to heat","MMEA9_C2",0,0,3.7e-24,0,1
"myeloid cell homeostasis","MMEA9_C2",0,0,3.7e-24,0,1
"regulation of neuron projection development","MMEA9_C2",0,1,3.7e-24,-1,0.5148
"receptor metabolic process","MMEA9_C2",0,0,3.7e-24,0,1
"maintenance of protein location in cell","MMEA9_C2",0,0,3.7e-24,0,1
"apoptotic mitochondrial changes","MMEA9_C2",0,0,3.7e-24,0,1
"response to transforming growth factor beta","MMEA9_C2",0,0,3.7e-24,0,1
"neural tube development","MMEA9_C2",0,0,3.7e-24,0,1
"maintenance of protein location","MMEA9_C2",0,0,3.7e-24,0,1
"regulation of ubiquitin-protein transferase activity","MMEA9_C2",0,0,3.7e-24,0,1
"cilium assembly","MMEA9_C2",1,0,3.7e-24,1,0.4699
"mRNA export from nucleus","MMEA9_C2",0,0,3.7e-24,0,1
"regulation of cell-substrate junction organization","MMEA9_C2",0,0,3.7e-24,0,1
"membrane biogenesis","MMEA9_C2",0,0,3.7e-24,0,1
"cilium organization","MMEA9_C2",0,0,3.7e-24,0,1
"platelet-derived growth factor receptor signaling pathway","MMEA9_C2",0,0,3.7e-24,0,1
"iron-sulfur cluster assembly","MMEA9_C2",0,0,3.7e-24,0,1
"metallo-sulfur cluster assembly","MMEA9_C2",0,0,3.7e-24,0,1
"centromere complex assembly","MMEA9_C2",0,0,3.7e-24,0,1
"cellular response to oxygen levels","MMEA9_C2",0,0,3.7e-24,0,1
"fatty acid beta-oxidation","MMEA9_C2",0,0,3.7e-24,0,1
"organelle localization by membrane tethering","MMEA9_C2",0,0,3.7e-24,0,1
"autophagosome maturation","MMEA9_C2",0,0,3.7e-24,0,1
"cellular response to transforming growth factor beta stimulus","MMEA9_C2",0,0,3.7e-24,0,1
"nucleotide catabolic process","MMEA9_C2",0,0,3.7e-24,0,1
"tube closure","MMEA9_C2",1,0,3.7e-24,1,0.1466
"regulation of stem cell differentiation","MMEA9_C2",0,0,3.7e-24,0,1
"substrate adhesion-dependent cell spreading","MMEA9_C2",0,0,3.7e-24,0,1
"chondrocyte differentiation","MMEA9_C2",0,0,3.7e-24,0,1
"regulation of fibroblast proliferation","MMEA9_C2",1,0,3.7e-24,1,0.1402
"morphogenesis of an epithelial sheet","MMEA9_C2",0,0,3.7e-24,0,1
"microtubule polymerization","MMEA9_C2",0,0,3.7e-24,0,1
"response to virus","MMEA9_C2",1,1,3.7e-24,0,1
"membrane assembly","MMEA9_C2",0,0,3.7e-24,0,1
"COPII vesicle coating","MMEA9_C2",0,0,3.7e-24,0,1
"erythrocyte differentiation","MMEA9_C2",0,0,3.7e-24,0,1
"organophosphate catabolic process","MMEA9_C2",0,0,3.7e-24,0,1
"regulation of embryonic development","MMEA9_C2",0,0,3.7e-24,0,1
"regulation of focal adhesion assembly","MMEA9_C2",0,0,3.7e-24,0,1
"regulation of cell-substrate junction assembly","MMEA9_C2",0,0,3.7e-24,0,1
"regulation of extracellular matrix organization","MMEA9_C2",0,0,3.7e-24,0,1
"GPI anchor biosynthetic process","MMEA9_C2",0,0,3.7e-24,0,1
"lamellipodium organization","MMEA9_C2",0,0,3.7e-24,0,1
"positive regulation of stem cell population maintenance","MMEA9_C2",0,0,3.7e-24,0,1
"monosaccharide metabolic process","MMEA9_C2",1,0,3.7e-24,1,0.3473
"U2-type prespliceosome assembly","MMEA9_C2",0,0,3.7e-24,0,1
"heterochromatin formation","MMEA9_C2",0,0,3.7e-24,0,1
"peroxisome organization","MMEA9_C2",0,0,3.7e-24,0,1
"regulation of mitochondrial fission","MMEA9_C2",0,0,3.7e-24,0,1
"cellular pigmentation","MMEA9_C2",0,0,3.7e-24,0,1
"regulation of fibroblast migration","MMEA9_C2",0,0,3.7e-24,0,1
"cellular carbohydrate metabolic process","MMEA9_C2",0,0,3.7e-24,0,1
"positive regulation of axonogenesis","MMEA9_C2",0,0,3.7e-24,0,1
"kinetochore organization","MMEA9_C2",0,0,3.7e-24,0,1
"stem cell differentiation","MMEA9_C2",1,0,3.7e-24,1,0.3303
"proton transmembrane transport","MMEA9_C2",0,0,3.7e-24,0,1
"cellular response to insulin stimulus","MMEA9_C2",0,0,3.7e-24,0,1
"establishment of mitotic spindle localization","MMEA9_C2",0,0,3.7e-24,0,1
"cell redox homeostasis","MMEA9_C2",0,0,3.7e-24,0,1
"stress granule assembly","MMEA9_C2",0,0,3.7e-24,0,1
"protein neddylation","MMEA9_C2",0,0,3.7e-24,0,1
"regulation of mitochondrial membrane potential","MMEA9_C2",0,0,3.7e-24,0,1
"neuron death","MMEA9_C2",0,1,3.7e-24,-1,0.5201
"defense response to virus","MMEA9_C2",2,0,3.7e-24,1.58496250072116,0.1086
"sulfur compound metabolic process","MMEA9_C2",1,0,3.7e-24,1,0.4551
"NADP metabolic process","MMEA9_C2",0,0,3.7e-24,0,1
"vacuolar acidification","MMEA9_C2",0,0,3.7e-24,0,1
"oligosaccharide-lipid intermediate biosynthetic process","MMEA9_C2",0,0,3.7e-24,0,1
"lysosomal lumen acidification","MMEA9_C2",0,0,3.7e-24,0,1
"glycosyl compound biosynthetic process","MMEA9_C2",0,0,3.7e-24,0,1
"heart valve development","MMEA9_C2",0,0,3.7e-24,0,1
"water-soluble vitamin metabolic process","MMEA9_C2",0,0,3.7e-24,0,1
"interferon-beta production","MMEA9_C2",1,0,3.7e-24,1,0.1036
"regulation of interferon-beta production","MMEA9_C2",0,0,3.7e-24,0,1
"branched-chain amino acid metabolic process","MMEA9_C2",0,0,3.7e-24,0,1
"regulation of mitochondrial membrane permeability","MMEA9_C2",0,0,3.7e-24,0,1
"respiratory tube development","MMEA9_C2",1,0,3.7e-24,1,0.3073
"cellular senescence","MMEA9_C2",0,0,3.7e-24,0,1
"positive regulation of neurogenesis","MMEA9_C2",1,0,3.7e-24,1,0.3344
"mitochondrial outer membrane permeabilization","MMEA9_C2",0,0,3.7e-24,0,1
"immune system development","MMEA9_C2",0,0,3.7e-24,0,1
"clathrin-dependent endocytosis","MMEA9_C2",0,0,3.7e-24,0,1
"positive regulation of viral process","MMEA9_C2",0,0,3.7e-24,0,1
"bone development","MMEA9_C2",0,0,3.7e-24,0,1
"cell-substrate adhesion","MMEA9_C2",0,0,3.7e-24,0,1
"positive regulation of microtubule polymerization","MMEA9_C2",0,0,3.7e-24,0,1
"pteridine-containing compound metabolic process","MMEA9_C2",0,0,3.7e-24,0,1
"response to arsenic-containing substance","MMEA9_C2",0,0,3.7e-24,0,1
"response to insulin","MMEA9_C2",0,0,3.7e-24,0,1
"ubiquinone metabolic process","MMEA9_C2",0,0,3.7e-24,0,1
"cellular response to arsenic-containing substance","MMEA9_C2",0,0,3.7e-24,0,1
"inositol phosphate catabolic process","MMEA9_C2",0,0,3.7e-24,0,1
"telomerase RNA localization to Cajal body","MMEA9_C2",0,0,3.7e-24,0,1
"respiratory system development","MMEA9_C2",0,0,3.7e-24,0,1
"regulation of generation of precursor metabolites and energy","MMEA9_C2",0,0,3.7e-24,0,1
"mitochondrial calcium ion homeostasis","MMEA9_C2",0,0,3.7e-24,0,1
"G0 to G1 transition","MMEA9_C2",0,0,3.7e-24,0,1
"mitochondrial genome maintenance","MMEA9_C2",0,0,3.7e-24,0,1
"release of cytochrome c from mitochondria","MMEA9_C2",0,0,3.7e-24,0,1
"cortical cytoskeleton organization","MMEA9_C2",0,0,3.7e-24,0,1
"response to sterol depletion","MMEA9_C2",0,0,3.7e-24,0,1
"regulation of ncRNA transcription","MMEA9_C2",0,0,3.7e-24,0,1
"mesenchymal cell differentiation","MMEA9_C2",0,0,3.7e-24,0,1
"protein-DNA complex subunit organization","MMEA9_C2",1,0,3.7e-24,1,0.3638
"response to fluid shear stress","MMEA9_C2",0,0,3.7e-24,0,1
"collagen fibril organization","MMEA9_C2",0,0,3.7e-24,0,1
"roof of mouth development","MMEA9_C2",0,0,3.7e-24,0,1
"regulation of protein dephosphorylation","MMEA9_C2",0,0,3.7e-24,0,1
"multicellular organism growth","MMEA9_C2",0,0,3.7e-24,0,1
"miRNA processing","MMEA9_C2",0,0,3.7e-24,0,1
"small molecule catabolic process","MMEA9_C2",1,0,3.7e-24,1,0.469
"regulation of G0 to G1 transition","MMEA9_C2",0,0,3.7e-24,0,1
"circadian regulation of gene expression","MMEA9_C2",0,0,3.7e-24,0,1
"regulation of translational fidelity","MMEA9_C2",0,0,3.7e-24,0,1
"ubiquinone biosynthetic process","MMEA9_C2",0,0,3.7e-24,0,1
"mitochondrial calcium ion transmembrane transport","MMEA9_C2",0,0,3.7e-24,0,1
"quinone biosynthetic process","MMEA9_C2",0,0,3.7e-24,0,1
"viral release from host cell","MMEA9_C2",0,0,3.7e-24,0,1
"exit from host cell","MMEA9_C2",0,0,3.7e-24,0,1
"positive regulation of GTPase activity","MMEA9_C2",0,0,3.7e-24,0,1
"regulation of cytokinesis","MMEA9_C2",0,0,3.7e-24,0,1
"mitochondrion localization","MMEA9_C2",0,0,3.7e-24,0,1
"renal system development","MMEA9_C2",0,0,3.7e-24,0,1
"regulation of cysteine-type endopeptidase activity involved in apoptotic process","MMEA9_C2",0,0,3.7e-24,0,1
"regulation of cell-substrate adhesion","MMEA9_C2",0,0,3.7e-24,0,1
"centrosome localization","MMEA9_C2",0,0,3.7e-24,0,1
"microtubule organizing center localization","MMEA9_C2",0,0,3.7e-24,0,1
"pinocytosis","MMEA9_C2",0,0,3.7e-24,0,1
"lamellipodium assembly","MMEA9_C2",1,0,3.7e-24,1,0.1167
"cellular response to sterol depletion","MMEA9_C2",0,0,3.7e-24,0,1
"placenta development","MMEA9_C2",0,0,3.7e-24,0,1
"rhythmic process","MMEA9_C2",0,0,3.7e-24,0,1
"spindle localization","MMEA9_C2",1,0,3.7e-24,1,0.1195
"carbohydrate derivative catabolic process","MMEA9_C2",0,0,3.7e-24,0,1
"response to amino acid","MMEA9_C2",0,0,3.7e-24,0,1
"regulation of intracellular steroid hormone receptor signaling pathway","MMEA9_C2",0,0,3.7e-24,0,1
"regulation of neuron death","MMEA9_C2",0,0,3.7e-24,0,1
"ossification","MMEA9_C2",1,1,3.7e-24,0,1
"mammary gland epithelial cell proliferation","MMEA9_C2",0,0,3.7e-24,0,1
"ribosomal subunit export from nucleus","MMEA9_C2",1,0,3.7e-24,1,0.0308
"ribosome localization","MMEA9_C2",0,0,3.7e-24,0,1
"protein transport to vacuole involved in ubiquitin-dependent protein catabolic process via the multivesicular body sorting pathway","MMEA9_C2",0,0,3.7e-24,0,1
"seminiferous tubule development","MMEA9_C2",0,0,3.7e-24,0,1
"cellular response to acid chemical","MMEA9_C2",0,0,3.7e-24,0,1
"positive regulation of kinase activity","MMEA9_C2",0,1,3.7e-24,-1,0.5086
"positive regulation by host of viral process","MMEA9_C2",0,0,3.7e-24,0,1
"mitochondrion morphogenesis","MMEA9_C2",0,0,3.7e-24,0,1
"regulation of establishment of cell polarity","MMEA9_C2",0,0,3.7e-24,0,1
"cellular lipid catabolic process","MMEA9_C2",0,0,3.7e-24,0,1
"neuron apoptotic process","MMEA9_C2",0,0,3.7e-24,0,1
"inner cell mass cell proliferation","MMEA9_C2",0,0,3.7e-24,0,1
"polyamine biosynthetic process","MMEA9_C2",0,0,3.7e-24,0,1
"folic acid metabolic process","MMEA9_C2",0,0,3.7e-24,0,1
"organelle inheritance","MMEA9_C2",0,0,3.7e-24,0,1
"polyol metabolic process","MMEA9_C2",0,0,3.7e-24,0,1
"regulation of type I interferon-mediated signaling pathway","MMEA9_C2",0,0,3.7e-24,0,1
"intracellular lipid transport","MMEA9_C2",0,0,3.7e-24,0,1
"fat cell differentiation","MMEA9_C2",0,0,3.7e-24,0,1
"iron ion homeostasis","MMEA9_C2",0,0,3.7e-24,0,1
"negative regulation of cell projection organization","MMEA9_C2",0,0,3.7e-24,0,1
"dicarboxylic acid metabolic process","MMEA9_C2",0,0,3.7e-24,0,1
"regulation of anatomical structure size","MMEA9_C2",1,1,3.7e-24,0,1
"regulation of small molecule metabolic process","MMEA9_C2",0,0,3.7e-24,0,1
"pentose-phosphate shunt","MMEA9_C2",0,0,3.7e-24,0,1
"pericardium development","MMEA9_C2",0,0,3.7e-24,0,1
"lysosomal protein catabolic process","MMEA9_C2",0,0,3.7e-24,0,1
"carbohydrate derivative transport","MMEA9_C2",0,0,3.7e-24,0,1
"alcohol biosynthetic process","MMEA9_C2",0,0,3.7e-24,0,1
"regulation of membrane permeability","MMEA9_C2",0,0,3.7e-24,0,1
"signal peptide processing","MMEA9_C2",0,0,3.7e-24,0,1
"UV-damage excision repair","MMEA9_C2",0,0,3.7e-24,0,1
"biological process involved in interaction with host","MMEA9_C2",0,0,3.7e-24,0,1
"body morphogenesis","MMEA9_C2",0,0,3.7e-24,0,1
"extracellular vesicle biogenesis","MMEA9_C2",0,0,3.7e-24,0,1
"negative regulation of defense response to virus","MMEA9_C2",0,0,3.7e-24,0,1
"aminoglycan biosynthetic process","MMEA9_C2",1,0,3.7e-24,1,0.1168
"sterol biosynthetic process","MMEA9_C2",0,0,3.7e-24,0,1
"polyamine metabolic process","MMEA9_C2",0,0,3.7e-24,0,1
"magnesium ion transport","MMEA9_C2",0,0,3.7e-24,0,1
"lamellipodium morphogenesis","MMEA9_C2",0,0,3.7e-24,0,1
"positive regulation of neuron migration","MMEA9_C2",0,0,3.7e-24,0,1
"regulation of glucose metabolic process","MMEA9_C2",0,0,3.7e-24,0,1
"monosaccharide biosynthetic process","MMEA9_C2",0,0,3.7e-24,0,1
"response to acid chemical","MMEA9_C2",0,0,3.7e-24,0,1
"regulation of carbohydrate metabolic process","MMEA9_C2",0,0,3.7e-24,0,1
"positive regulation of nervous system development","MMEA9_C2",0,0,3.7e-24,0,1
"regulation of circadian rhythm","MMEA9_C2",0,0,3.7e-24,0,1
"trabecula morphogenesis","MMEA9_C2",0,0,3.7e-24,0,1
"pigment accumulation","MMEA9_C2",0,0,3.7e-24,0,1
"cellular pigment accumulation","MMEA9_C2",0,0,3.7e-24,0,1
"regulation of pinocytosis","MMEA9_C2",0,0,3.7e-24,0,1
"regulation of ligase activity","MMEA9_C2",0,0,3.7e-24,0,1
"smoothened signaling pathway involved in dorsal/ventral neural tube patterning","MMEA9_C2",0,0,3.7e-24,0,1
"glycosyl compound metabolic process","MMEA9_C2",0,0,3.7e-24,0,1
"substantia nigra development","MMEA9_C2",0,0,3.7e-24,0,1
"negative regulation of GTPase activity","MMEA9_C2",0,0,3.7e-24,0,1
"axon extension","MMEA9_C2",1,0,3.7e-24,1,0.2147
"positive regulation of epithelial to mesenchymal transition","MMEA9_C2",0,0,3.7e-24,0,1
"one-carbon metabolic process","MMEA9_C2",0,0,3.7e-24,0,1
"NADPH regeneration","MMEA9_C2",0,0,3.7e-24,0,1
"cellular response to dsRNA","MMEA9_C2",0,0,3.7e-24,0,1
"neuron projection organization","MMEA9_C2",0,0,3.7e-24,0,1
"postsynapse organization","MMEA9_C2",1,0,3.7e-24,1,0.2285
"regulation of ketone biosynthetic process","MMEA9_C2",0,0,3.7e-24,0,1
"mitochondrion distribution","MMEA9_C2",0,0,3.7e-24,0,1
"regulation of autophagosome maturation","MMEA9_C2",0,0,3.7e-24,0,1
"magnesium ion transmembrane transport","MMEA9_C2",0,0,3.7e-24,0,1
"regulation of cell division","MMEA9_C2",0,0,3.7e-24,0,1
"intermembrane lipid transfer","MMEA9_C2",0,0,3.7e-24,0,1
"organophosphate ester transport","MMEA9_C2",0,0,3.7e-24,0,1
"movement in host","MMEA9_C2",0,0,3.7e-24,0,1
"extracellular matrix assembly","MMEA9_C2",0,0,3.7e-24,0,1
"cellular metabolic compound salvage","MMEA9_C2",0,0,3.7e-24,0,1
"regulation of ATP-dependent activity","MMEA9_C2",0,0,3.7e-24,0,1
"cell migration involved in heart development","MMEA9_C2",0,0,3.7e-24,0,1
"cellular response to fluid shear stress","MMEA9_C2",0,0,3.7e-24,0,1
"sphingomyelin biosynthetic process","MMEA9_C2",0,0,3.7e-24,0,1
"ether lipid biosynthetic process","MMEA9_C2",0,0,3.7e-24,0,1
"embryonic body morphogenesis","MMEA9_C2",0,0,3.7e-24,0,1
"amino sugar biosynthetic process","MMEA9_C2",0,0,3.7e-24,0,1
"glycerol ether biosynthetic process","MMEA9_C2",0,0,3.7e-24,0,1
"pigmentation","MMEA9_C2",0,0,3.7e-24,0,1
"cellular response to ketone","MMEA9_C2",0,0,3.7e-24,0,1
"nonribosomal peptide biosynthetic process","MMEA9_C2",0,0,3.7e-24,0,1
"glial cell apoptotic process","MMEA9_C2",0,0,3.7e-24,0,1
"lipoprotein catabolic process","MMEA9_C2",0,0,3.7e-24,0,1
"suppression of viral release by host","MMEA9_C2",0,0,3.7e-24,0,1
"chaperone-mediated autophagy","MMEA9_C2",1,0,3.7e-24,1,0.0259
"regulation of steroid hormone biosynthetic process","MMEA9_C2",0,0,3.7e-24,0,1
"synaptic vesicle lumen acidification","MMEA9_C2",0,0,3.7e-24,0,1
"semaphorin-plexin signaling pathway involved in neuron projection guidance","MMEA9_C2",0,0,3.7e-24,0,1
"regulation of Golgi organization","MMEA9_C2",0,0,3.7e-24,0,1
"Schwann cell differentiation","MMEA9_C2",0,0,3.7e-24,0,1
"neurotrophin signaling pathway","MMEA9_C2",0,0,3.7e-24,0,1
"regulation of microtubule depolymerization","MMEA9_C2",0,0,3.7e-24,0,1
"basement membrane organization","MMEA9_C2",0,0,3.7e-24,0,1
"establishment or maintenance of epithelial cell apical/basal polarity","MMEA9_C2",0,0,3.7e-24,0,1
"face development","MMEA9_C2",0,0,3.7e-24,0,1
"osteoblast differentiation","MMEA9_C2",2,0,3.7e-24,1.58496250072116,0.057
"appendage development","MMEA9_C2",0,0,3.7e-24,0,1
"limb development","MMEA9_C2",1,0,3.7e-24,1,0.2964
"regulation of ATP metabolic process","MMEA9_C2",0,0,3.7e-24,0,1
"developmental growth involved in morphogenesis","MMEA9_C2",0,0,3.7e-24,0,1
"embryonic organ development","MMEA9_C2",0,1,3.7e-24,-1,0.4982
"negative regulation of growth","MMEA9_C2",0,0,3.7e-24,0,1
"microtubule depolymerization","MMEA9_C2",0,0,3.7e-24,0,1
"heme metabolic process","MMEA9_C2",0,0,3.7e-24,0,1
"regulation of neuron apoptotic process","MMEA9_C2",0,0,3.7e-24,0,1
"plasma membrane tubulation","MMEA9_C2",0,0,3.7e-24,0,1
"exosomal secretion","MMEA9_C2",0,0,3.7e-24,0,1
"vasculogenesis","MMEA9_C2",0,0,3.7e-24,0,1
"toxin transport","MMEA9_C2",0,0,3.7e-24,0,1
"ncRNA processing","MMEA9_C3",0,1,3.7e-24,-1,0.4134
"ribosome biogenesis","MMEA9_C3",0,1,3.7e-24,-1,0.4709
"rRNA metabolic process","MMEA9_C3",2,1,3.7e-24,0.584962500721156,0.6528
"proteasome-mediated ubiquitin-dependent protein catabolic process","MMEA9_C3",0,1,3.7e-24,-1,0.413
"regulation of response to DNA damage stimulus","MMEA9_C3",1,1,3.7e-24,0,1
"establishment of protein localization to organelle","MMEA9_C3",0,1,3.7e-24,-1,0.4154
"macroautophagy","MMEA9_C3",0,1,3.7e-24,-1,0.472
"regulation of chromosome organization","MMEA9_C3",0,1,3.7e-24,-1,0.5108
"Golgi vesicle transport","MMEA9_C3",1,1,3.7e-24,0,1
"double-strand break repair","MMEA9_C3",1,1,3.7e-24,0,1
"histone modification","MMEA9_C3",2,1,3.7e-24,0.584962500721156,0.6361
"sister chromatid segregation","MMEA9_C3",0,1,3.7e-24,-1,0.5166
"DNA replication","MMEA9_C3",0,1,3.7e-24,-1,0.498
"chromosome segregation","MMEA9_C3",0,1,3.7e-24,-1,0.4193
"mitochondrial gene expression","MMEA9_C3",0,0,3.7e-24,0,1
"nucleocytoplasmic transport","MMEA9_C3",0,1,3.7e-24,-1,0.4835
"nuclear transport","MMEA9_C3",1,1,3.7e-24,0,1
"regulation of DNA repair","MMEA9_C3",0,0,3.7e-24,0,1
"peptidyl-lysine modification","MMEA9_C3",1,1,3.7e-24,0,1
"protein targeting","MMEA9_C3",0,1,3.7e-24,-1,0.4654
"cytoplasmic translation","MMEA9_C3",0,0,3.7e-24,0,1
"regulation of autophagy","MMEA9_C3",0,1,3.7e-24,-1,0.4696
"signal transduction in response to DNA damage","MMEA9_C3",0,0,3.7e-24,0,1
"regulation of intracellular transport","MMEA9_C3",0,1,3.7e-24,-1,0.4999
"protein localization to nucleus","MMEA9_C3",2,1,3.7e-24,0.584962500721156,0.6404
"microtubule cytoskeleton organization involved in mitosis","MMEA9_C3",0,0,3.7e-24,0,1
"telomere maintenance","MMEA9_C3",0,0,3.7e-24,0,1
"cell cycle checkpoint signaling","MMEA9_C3",1,0,3.7e-24,1,0.4127
"regulation of protein modification by small protein conjugation or removal","MMEA9_C3",1,0,3.7e-24,1,0.491
"cellular respiration","MMEA9_C3",0,0,3.7e-24,0,1
"cellular component disassembly","MMEA9_C3",0,1,3.7e-24,-1,0.4156
"nuclear chromosome segregation","MMEA9_C3",1,1,3.7e-24,0,1
"regulation of protein stability","MMEA9_C3",0,1,3.7e-24,-1,0.4808
"regulation of cell cycle phase transition","MMEA9_C3",1,1,3.7e-24,0,1
"regulation of protein catabolic process","MMEA9_C3",0,1,3.7e-24,-1,0.4509
"response to endoplasmic reticulum stress","MMEA9_C3",0,0,3.7e-24,0,1
"vesicle organization","MMEA9_C3",0,1,3.7e-24,-1,0.4622
"mitochondrial respiratory chain complex assembly","MMEA9_C3",1,0,3.7e-24,1,0.2394
"DNA-templated transcription elongation","MMEA9_C3",0,0,3.7e-24,0,1
"mitochondrial transport","MMEA9_C3",0,0,3.7e-24,0,1
"establishment of organelle localization","MMEA9_C3",1,1,3.7e-24,0,1
"regulation of intracellular protein transport","MMEA9_C3",0,0,3.7e-24,0,1
"response to UV","MMEA9_C3",0,0,3.7e-24,0,1
"RNA localization","MMEA9_C3",1,0,3.7e-24,1,0.439
"response to topologically incorrect protein","MMEA9_C3",0,0,3.7e-24,0,1
"organelle fission","MMEA9_C3",2,1,3.7e-24,0.584962500721156,0.6303
"non-membrane-bounded organelle assembly","MMEA9_C3",1,1,3.7e-24,0,1
"protein polyubiquitination","MMEA9_C3",1,0,3.7e-24,1,0.4749
"methylation","MMEA9_C3",0,1,3.7e-24,-1,0.4613
"phospholipid biosynthetic process","MMEA9_C3",0,0,3.7e-24,0,1
"oxidative phosphorylation","MMEA9_C3",0,0,3.7e-24,0,1
"establishment of protein localization to membrane","MMEA9_C3",0,1,3.7e-24,-1,0.5332
"in utero embryonic development","MMEA9_C3",0,1,3.7e-24,-1,0.4541
"vacuole organization","MMEA9_C3",0,0,3.7e-24,0,1
"nuclear-transcribed mRNA catabolic process","MMEA9_C3",0,0,3.7e-24,0,1
"protein folding","MMEA9_C3",1,0,3.7e-24,1,0.4538
"DNA conformation change","MMEA9_C3",0,0,3.7e-24,0,1
"regulation of chromosome segregation","MMEA9_C3",0,0,3.7e-24,0,1
"regulation of apoptotic signaling pathway","MMEA9_C3",0,1,3.7e-24,-1,0.4624
"cell cycle G2/M phase transition","MMEA9_C3",2,0,3.7e-24,1.58496250072116,0.0777
"vacuolar transport","MMEA9_C3",0,0,3.7e-24,0,1
"response to ionizing radiation","MMEA9_C3",1,0,3.7e-24,1,0.3287
"cellular response to UV","MMEA9_C3",0,0,3.7e-24,0,1
"regulation of binding","MMEA9_C3",0,1,3.7e-24,-1,0.4679
"nucleic acid transport","MMEA9_C3",1,0,3.7e-24,1,0.3233
"RNA transport","MMEA9_C3",1,0,3.7e-24,1,0.3914
"ribonucleoprotein complex subunit organization","MMEA9_C3",0,0,3.7e-24,0,1
"regulation of DNA replication","MMEA9_C3",0,0,3.7e-24,0,1
"ribose phosphate metabolic process","MMEA9_C3",1,1,3.7e-24,0,1
"proton motive force-driven ATP synthesis","MMEA9_C3",0,0,3.7e-24,0,1
"ribonucleotide metabolic process","MMEA9_C3",1,1,3.7e-24,0,1
"telomere organization","MMEA9_C3",0,0,3.7e-24,0,1
"cellular response to topologically incorrect protein","MMEA9_C3",0,0,3.7e-24,0,1
"Golgi organization","MMEA9_C3",0,0,3.7e-24,0,1
"ribonucleoprotein complex assembly","MMEA9_C3",0,0,3.7e-24,0,1
"cellular nitrogen compound catabolic process","MMEA9_C3",0,1,3.7e-24,-1,0.4322
"negative regulation of phosphorus metabolic process","MMEA9_C3",1,1,3.7e-24,0,1
"heterocycle catabolic process","MMEA9_C3",1,1,3.7e-24,0,1
"mitochondrial membrane organization","MMEA9_C3",0,0,3.7e-24,0,1
"regulation of protein-containing complex assembly","MMEA9_C3",1,1,3.7e-24,0,1
"positive regulation of cellular component biogenesis","MMEA9_C3",1,1,3.7e-24,0,1
"response to oxidative stress","MMEA9_C3",0,1,3.7e-24,-1,0.4377
"regulation of supramolecular fiber organization","MMEA9_C3",0,1,3.7e-24,-1,0.4561
"positive regulation of protein localization","MMEA9_C3",0,1,3.7e-24,-1,0.4154
"positive regulation of cell projection organization","MMEA9_C3",0,1,3.7e-24,-1,0.4716
"negative regulation of transferase activity","MMEA9_C3",3,0,3.7e-24,2,0.03
"autophagy of mitochondrion","MMEA9_C3",0,0,3.7e-24,0,1
"positive regulation of amide metabolic process","MMEA9_C3",0,0,3.7e-24,0,1
"chromatin remodeling","MMEA9_C3",0,1,3.7e-24,-1,0.465
"viral process","MMEA9_C3",0,1,3.7e-24,-1,0.4376
"macromolecule deacylation","MMEA9_C3",0,0,3.7e-24,0,1
"mitotic cytokinesis","MMEA9_C3",0,0,3.7e-24,0,1
"aromatic compound catabolic process","MMEA9_C3",1,1,3.7e-24,0,1
"vesicle localization","MMEA9_C3",2,0,3.7e-24,1.58496250072116,0.1179
"establishment or maintenance of cell polarity","MMEA9_C3",0,0,3.7e-24,0,1
"Wnt signaling pathway","MMEA9_C3",2,1,3.7e-24,0.584962500721156,0.6306
"cell-cell signaling by wnt","MMEA9_C3",1,1,3.7e-24,0,1
"ATP metabolic process","MMEA9_C3",0,0,3.7e-24,0,1
"cellular response to chemical stress","MMEA9_C3",0,1,3.7e-24,-1,0.4928
"regulation of vacuole organization","MMEA9_C3",0,0,3.7e-24,0,1
"cellular response to external stimulus","MMEA9_C3",0,1,3.7e-24,-1,0.4914
"negative regulation of protein phosphorylation","MMEA9_C3",0,1,3.7e-24,-1,0.5254
"negative regulation of catabolic process","MMEA9_C3",0,1,3.7e-24,-1,0.498
"regulation of microtubule cytoskeleton organization","MMEA9_C3",0,0,3.7e-24,0,1
"chromosome localization","MMEA9_C3",0,0,3.7e-24,0,1
"negative regulation of mitotic nuclear division","MMEA9_C3",0,0,3.7e-24,0,1
"regulation of actin filament organization","MMEA9_C3",0,0,3.7e-24,0,1
"dephosphorylation","MMEA9_C3",0,1,3.7e-24,-1,0.5047
"glycosylation","MMEA9_C3",1,0,3.7e-24,1,0.4334
"positive regulation of establishment of protein localization","MMEA9_C3",1,1,3.7e-24,0,1
"regulation of microtubule-based process","MMEA9_C3",1,0,3.7e-24,1,0.4351
"cell-substrate junction organization","MMEA9_C3",0,0,3.7e-24,0,1
"protein-containing complex localization","MMEA9_C3",0,0,3.7e-24,0,1
"mitochondrial transmembrane transport","MMEA9_C3",0,0,3.7e-24,0,1
"stem cell population maintenance","MMEA9_C3",0,0,3.7e-24,0,1
"ribosome assembly","MMEA9_C3",0,0,3.7e-24,0,1
"intraciliary transport","MMEA9_C3",0,0,3.7e-24,0,1
"Golgi to plasma membrane protein transport","MMEA9_C3",0,0,3.7e-24,0,1
"response to amino acid starvation","MMEA9_C3",0,0,3.7e-24,0,1
"cellular response to extracellular stimulus","MMEA9_C3",0,0,3.7e-24,0,1
"cell growth","MMEA9_C3",0,1,3.7e-24,-1,0.4342
"protein glycosylation","MMEA9_C3",0,0,3.7e-24,0,1
"macromolecule glycosylation","MMEA9_C3",0,0,3.7e-24,0,1
"maintenance of cell number","MMEA9_C3",0,0,3.7e-24,0,1
"response to reactive oxygen species","MMEA9_C3",0,0,3.7e-24,0,1
"regulation of cell morphogenesis","MMEA9_C3",0,0,3.7e-24,0,1
"regulation of cellular component size","MMEA9_C3",0,1,3.7e-24,-1,0.455
"cell-substrate junction assembly","MMEA9_C3",0,0,3.7e-24,0,1
"membrane fission","MMEA9_C3",0,0,3.7e-24,0,1
"membrane docking","MMEA9_C3",0,0,3.7e-24,0,1
"fibroblast migration","MMEA9_C3",0,0,3.7e-24,0,1
"nucleus organization","MMEA9_C3",0,0,3.7e-24,0,1
"regulation of cell growth","MMEA9_C3",0,1,3.7e-24,-1,0.453
"fibroblast proliferation","MMEA9_C3",0,0,3.7e-24,0,1
"cell cycle G1/S phase transition","MMEA9_C3",0,0,3.7e-24,0,1
"actin filament organization","MMEA9_C3",0,1,3.7e-24,-1,0.4398
"response to oxygen levels","MMEA9_C3",0,1,3.7e-24,-1,0.5102
"epigenetic regulation of gene expression","MMEA9_C3",0,0,3.7e-24,0,1
"organelle fusion","MMEA9_C3",0,0,3.7e-24,0,1
"lipoprotein metabolic process","MMEA9_C3",0,0,3.7e-24,0,1
"protein lipidation","MMEA9_C3",0,0,3.7e-24,0,1
"regulation of plasma membrane bounded cell projection assembly","MMEA9_C3",0,0,3.7e-24,0,1
"regulation of actin filament-based process","MMEA9_C3",2,1,3.7e-24,0.584962500721156,0.6335
"regulation of GTPase activity","MMEA9_C3",1,1,3.7e-24,0,1
"nuclear envelope organization","MMEA9_C3",0,0,3.7e-24,0,1
"protein autophosphorylation","MMEA9_C3",0,0,3.7e-24,0,1
"connective tissue development","MMEA9_C3",0,0,3.7e-24,0,1
"cellular response to heat","MMEA9_C3",0,0,3.7e-24,0,1
"myeloid cell homeostasis","MMEA9_C3",0,0,3.7e-24,0,1
"regulation of neuron projection development","MMEA9_C3",0,1,3.7e-24,-1,0.4391
"receptor metabolic process","MMEA9_C3",0,0,3.7e-24,0,1
"maintenance of protein location in cell","MMEA9_C3",0,0,3.7e-24,0,1
"apoptotic mitochondrial changes","MMEA9_C3",0,0,3.7e-24,0,1
"response to transforming growth factor beta","MMEA9_C3",0,0,3.7e-24,0,1
"neural tube development","MMEA9_C3",1,0,3.7e-24,1,0.3488
"maintenance of protein location","MMEA9_C3",0,0,3.7e-24,0,1
"regulation of ubiquitin-protein transferase activity","MMEA9_C3",0,0,3.7e-24,0,1
"cilium assembly","MMEA9_C3",2,1,3.7e-24,0.584962500721156,0.6408
"mRNA export from nucleus","MMEA9_C3",0,0,3.7e-24,0,1
"regulation of cell-substrate junction organization","MMEA9_C3",0,0,3.7e-24,0,1
"membrane biogenesis","MMEA9_C3",0,0,3.7e-24,0,1
"cilium organization","MMEA9_C3",0,1,3.7e-24,-1,0.4637
"platelet-derived growth factor receptor signaling pathway","MMEA9_C3",0,0,3.7e-24,0,1
"iron-sulfur cluster assembly","MMEA9_C3",0,0,3.7e-24,0,1
"metallo-sulfur cluster assembly","MMEA9_C3",0,0,3.7e-24,0,1
"centromere complex assembly","MMEA9_C3",0,0,3.7e-24,0,1
"cellular response to oxygen levels","MMEA9_C3",0,0,3.7e-24,0,1
"fatty acid beta-oxidation","MMEA9_C3",0,0,3.7e-24,0,1
"organelle localization by membrane tethering","MMEA9_C3",0,0,3.7e-24,0,1
"autophagosome maturation","MMEA9_C3",0,0,3.7e-24,0,1
"cellular response to transforming growth factor beta stimulus","MMEA9_C3",1,0,3.7e-24,1,0.4616
"nucleotide catabolic process","MMEA9_C3",0,0,3.7e-24,0,1
"tube closure","MMEA9_C3",0,0,3.7e-24,0,1
"regulation of stem cell differentiation","MMEA9_C3",0,0,3.7e-24,0,1
"substrate adhesion-dependent cell spreading","MMEA9_C3",0,0,3.7e-24,0,1
"chondrocyte differentiation","MMEA9_C3",0,0,3.7e-24,0,1
"regulation of fibroblast proliferation","MMEA9_C3",0,0,3.7e-24,0,1
"morphogenesis of an epithelial sheet","MMEA9_C3",1,0,3.7e-24,1,0.134
"microtubule polymerization","MMEA9_C3",0,0,3.7e-24,0,1
"response to virus","MMEA9_C3",0,1,3.7e-24,-1,0.4681
"membrane assembly","MMEA9_C3",0,0,3.7e-24,0,1
"COPII vesicle coating","MMEA9_C3",0,0,3.7e-24,0,1
"erythrocyte differentiation","MMEA9_C3",0,0,3.7e-24,0,1
"organophosphate catabolic process","MMEA9_C3",0,0,3.7e-24,0,1
"regulation of embryonic development","MMEA9_C3",0,0,3.7e-24,0,1
"regulation of focal adhesion assembly","MMEA9_C3",0,0,3.7e-24,0,1
"regulation of cell-substrate junction assembly","MMEA9_C3",0,0,3.7e-24,0,1
"regulation of extracellular matrix organization","MMEA9_C3",0,0,3.7e-24,0,1
"GPI anchor biosynthetic process","MMEA9_C3",0,0,3.7e-24,0,1
"lamellipodium organization","MMEA9_C3",0,0,3.7e-24,0,1
"positive regulation of stem cell population maintenance","MMEA9_C3",0,0,3.7e-24,0,1
"monosaccharide metabolic process","MMEA9_C3",0,0,3.7e-24,0,1
"U2-type prespliceosome assembly","MMEA9_C3",0,0,3.7e-24,0,1
"heterochromatin formation","MMEA9_C3",0,0,3.7e-24,0,1
"peroxisome organization","MMEA9_C3",0,0,3.7e-24,0,1
"regulation of mitochondrial fission","MMEA9_C3",0,0,3.7e-24,0,1
"cellular pigmentation","MMEA9_C3",1,0,3.7e-24,1,0.128
"regulation of fibroblast migration","MMEA9_C3",0,0,3.7e-24,0,1
"cellular carbohydrate metabolic process","MMEA9_C3",1,0,3.7e-24,1,0.4833
"positive regulation of axonogenesis","MMEA9_C3",0,0,3.7e-24,0,1
"kinetochore organization","MMEA9_C3",0,0,3.7e-24,0,1
"stem cell differentiation","MMEA9_C3",0,0,3.7e-24,0,1
"proton transmembrane transport","MMEA9_C3",1,0,3.7e-24,1,0.2944
"cellular response to insulin stimulus","MMEA9_C3",1,0,3.7e-24,1,0.386
"establishment of mitotic spindle localization","MMEA9_C3",0,0,3.7e-24,0,1
"cell redox homeostasis","MMEA9_C3",0,0,3.7e-24,0,1
"stress granule assembly","MMEA9_C3",0,0,3.7e-24,0,1
"protein neddylation","MMEA9_C3",0,0,3.7e-24,0,1
"regulation of mitochondrial membrane potential","MMEA9_C3",0,0,3.7e-24,0,1
"neuron death","MMEA9_C3",0,1,3.7e-24,-1,0.4615
"defense response to virus","MMEA9_C3",1,1,3.7e-24,0,1
"sulfur compound metabolic process","MMEA9_C3",0,1,3.7e-24,-1,0.4803
"NADP metabolic process","MMEA9_C3",0,0,3.7e-24,0,1
"vacuolar acidification","MMEA9_C3",0,0,3.7e-24,0,1
"oligosaccharide-lipid intermediate biosynthetic process","MMEA9_C3",1,0,3.7e-24,1,0.0664
"lysosomal lumen acidification","MMEA9_C3",0,0,3.7e-24,0,1
"glycosyl compound biosynthetic process","MMEA9_C3",0,0,3.7e-24,0,1
"heart valve development","MMEA9_C3",0,0,3.7e-24,0,1
"water-soluble vitamin metabolic process","MMEA9_C3",0,0,3.7e-24,0,1
"interferon-beta production","MMEA9_C3",0,0,3.7e-24,0,1
"regulation of interferon-beta production","MMEA9_C3",0,0,3.7e-24,0,1
"branched-chain amino acid metabolic process","MMEA9_C3",0,0,3.7e-24,0,1
"regulation of mitochondrial membrane permeability","MMEA9_C3",0,0,3.7e-24,0,1
"respiratory tube development","MMEA9_C3",0,0,3.7e-24,0,1
"cellular senescence","MMEA9_C3",0,0,3.7e-24,0,1
"positive regulation of neurogenesis","MMEA9_C3",0,0,3.7e-24,0,1
"mitochondrial outer membrane permeabilization","MMEA9_C3",0,0,3.7e-24,0,1
"immune system development","MMEA9_C3",0,0,3.7e-24,0,1
"clathrin-dependent endocytosis","MMEA9_C3",0,0,3.7e-24,0,1
"positive regulation of viral process","MMEA9_C3",0,0,3.7e-24,0,1
"bone development","MMEA9_C3",0,0,3.7e-24,0,1
"cell-substrate adhesion","MMEA9_C3",1,1,3.7e-24,0,1
"positive regulation of microtubule polymerization","MMEA9_C3",0,0,3.7e-24,0,1
"pteridine-containing compound metabolic process","MMEA9_C3",0,0,3.7e-24,0,1
"response to arsenic-containing substance","MMEA9_C3",0,0,3.7e-24,0,1
"response to insulin","MMEA9_C3",0,0,3.7e-24,0,1
"ubiquinone metabolic process","MMEA9_C3",0,0,3.7e-24,0,1
"cellular response to arsenic-containing substance","MMEA9_C3",0,0,3.7e-24,0,1
"inositol phosphate catabolic process","MMEA9_C3",0,0,3.7e-24,0,1
"telomerase RNA localization to Cajal body","MMEA9_C3",0,0,3.7e-24,0,1
"respiratory system development","MMEA9_C3",0,0,3.7e-24,0,1
"regulation of generation of precursor metabolites and energy","MMEA9_C3",0,0,3.7e-24,0,1
"mitochondrial calcium ion homeostasis","MMEA9_C3",0,0,3.7e-24,0,1
"G0 to G1 transition","MMEA9_C3",0,0,3.7e-24,0,1
"mitochondrial genome maintenance","MMEA9_C3",0,0,3.7e-24,0,1
"release of cytochrome c from mitochondria","MMEA9_C3",0,0,3.7e-24,0,1
"cortical cytoskeleton organization","MMEA9_C3",0,0,3.7e-24,0,1
"response to sterol depletion","MMEA9_C3",0,0,3.7e-24,0,1
"regulation of ncRNA transcription","MMEA9_C3",0,0,3.7e-24,0,1
"mesenchymal cell differentiation","MMEA9_C3",0,0,3.7e-24,0,1
"protein-DNA complex subunit organization","MMEA9_C3",0,0,3.7e-24,0,1
"response to fluid shear stress","MMEA9_C3",0,0,3.7e-24,0,1
"collagen fibril organization","MMEA9_C3",0,0,3.7e-24,0,1
"roof of mouth development","MMEA9_C3",0,0,3.7e-24,0,1
"regulation of protein dephosphorylation","MMEA9_C3",0,0,3.7e-24,0,1
"multicellular organism growth","MMEA9_C3",0,0,3.7e-24,0,1
"miRNA processing","MMEA9_C3",0,0,3.7e-24,0,1
"small molecule catabolic process","MMEA9_C3",1,1,3.7e-24,0,1
"regulation of G0 to G1 transition","MMEA9_C3",0,0,3.7e-24,0,1
"circadian regulation of gene expression","MMEA9_C3",0,0,3.7e-24,0,1
"regulation of translational fidelity","MMEA9_C3",0,0,3.7e-24,0,1
"ubiquinone biosynthetic process","MMEA9_C3",0,0,3.7e-24,0,1
"mitochondrial calcium ion transmembrane transport","MMEA9_C3",0,0,3.7e-24,0,1
"quinone biosynthetic process","MMEA9_C3",0,0,3.7e-24,0,1
"viral release from host cell","MMEA9_C3",0,0,3.7e-24,0,1
"exit from host cell","MMEA9_C3",0,0,3.7e-24,0,1
"positive regulation of GTPase activity","MMEA9_C3",0,0,3.7e-24,0,1
"regulation of cytokinesis","MMEA9_C3",0,0,3.7e-24,0,1
"mitochondrion localization","MMEA9_C3",0,0,3.7e-24,0,1
"renal system development","MMEA9_C3",1,0,3.7e-24,1,0.4584
"regulation of cysteine-type endopeptidase activity involved in apoptotic process","MMEA9_C3",0,0,3.7e-24,0,1
"regulation of cell-substrate adhesion","MMEA9_C3",0,0,3.7e-24,0,1
"centrosome localization","MMEA9_C3",0,0,3.7e-24,0,1
"microtubule organizing center localization","MMEA9_C3",0,0,3.7e-24,0,1
"pinocytosis","MMEA9_C3",0,0,3.7e-24,0,1
"lamellipodium assembly","MMEA9_C3",1,0,3.7e-24,1,0.1675
"cellular response to sterol depletion","MMEA9_C3",0,0,3.7e-24,0,1
"placenta development","MMEA9_C3",0,0,3.7e-24,0,1
"rhythmic process","MMEA9_C3",0,0,3.7e-24,0,1
"spindle localization","MMEA9_C3",0,0,3.7e-24,0,1
"carbohydrate derivative catabolic process","MMEA9_C3",0,0,3.7e-24,0,1
"response to amino acid","MMEA9_C3",0,0,3.7e-24,0,1
"regulation of intracellular steroid hormone receptor signaling pathway","MMEA9_C3",0,0,3.7e-24,0,1
"regulation of neuron death","MMEA9_C3",0,0,3.7e-24,0,1
"ossification","MMEA9_C3",0,1,3.7e-24,-1,0.4579
"mammary gland epithelial cell proliferation","MMEA9_C3",0,0,3.7e-24,0,1
"ribosomal subunit export from nucleus","MMEA9_C3",0,0,3.7e-24,0,1
"ribosome localization","MMEA9_C3",0,0,3.7e-24,0,1
"protein transport to vacuole involved in ubiquitin-dependent protein catabolic process via the multivesicular body sorting pathway","MMEA9_C3",0,0,3.7e-24,0,1
"seminiferous tubule development","MMEA9_C3",0,0,3.7e-24,0,1
"cellular response to acid chemical","MMEA9_C3",0,0,3.7e-24,0,1
"positive regulation of kinase activity","MMEA9_C3",0,1,3.7e-24,-1,0.4287
"positive regulation by host of viral process","MMEA9_C3",0,0,3.7e-24,0,1
"mitochondrion morphogenesis","MMEA9_C3",0,0,3.7e-24,0,1
"regulation of establishment of cell polarity","MMEA9_C3",0,0,3.7e-24,0,1
"cellular lipid catabolic process","MMEA9_C3",0,0,3.7e-24,0,1
"neuron apoptotic process","MMEA9_C3",0,0,3.7e-24,0,1
"inner cell mass cell proliferation","MMEA9_C3",0,0,3.7e-24,0,1
"polyamine biosynthetic process","MMEA9_C3",0,0,3.7e-24,0,1
"folic acid metabolic process","MMEA9_C3",0,0,3.7e-24,0,1
"organelle inheritance","MMEA9_C3",0,0,3.7e-24,0,1
"polyol metabolic process","MMEA9_C3",0,0,3.7e-24,0,1
"regulation of type I interferon-mediated signaling pathway","MMEA9_C3",0,0,3.7e-24,0,1
"intracellular lipid transport","MMEA9_C3",0,0,3.7e-24,0,1
"fat cell differentiation","MMEA9_C3",1,0,3.7e-24,1,0.4131
"iron ion homeostasis","MMEA9_C3",0,0,3.7e-24,0,1
"negative regulation of cell projection organization","MMEA9_C3",0,0,3.7e-24,0,1
"dicarboxylic acid metabolic process","MMEA9_C3",0,0,3.7e-24,0,1
"regulation of anatomical structure size","MMEA9_C3",0,1,3.7e-24,-1,0.4518
"regulation of small molecule metabolic process","MMEA9_C3",0,1,3.7e-24,-1,0.5021
"pentose-phosphate shunt","MMEA9_C3",0,0,3.7e-24,0,1
"pericardium development","MMEA9_C3",0,0,3.7e-24,0,1
"lysosomal protein catabolic process","MMEA9_C3",0,0,3.7e-24,0,1
"carbohydrate derivative transport","MMEA9_C3",0,0,3.7e-24,0,1
"alcohol biosynthetic process","MMEA9_C3",0,0,3.7e-24,0,1
"regulation of membrane permeability","MMEA9_C3",0,0,3.7e-24,0,1
"signal peptide processing","MMEA9_C3",0,0,3.7e-24,0,1
"UV-damage excision repair","MMEA9_C3",0,0,3.7e-24,0,1
"biological process involved in interaction with host","MMEA9_C3",0,0,3.7e-24,0,1
"body morphogenesis","MMEA9_C3",0,0,3.7e-24,0,1
"extracellular vesicle biogenesis","MMEA9_C3",0,0,3.7e-24,0,1
"negative regulation of defense response to virus","MMEA9_C3",0,0,3.7e-24,0,1
"aminoglycan biosynthetic process","MMEA9_C3",0,0,3.7e-24,0,1
"sterol biosynthetic process","MMEA9_C3",0,0,3.7e-24,0,1
"polyamine metabolic process","MMEA9_C3",0,0,3.7e-24,0,1
"magnesium ion transport","MMEA9_C3",0,0,3.7e-24,0,1
"lamellipodium morphogenesis","MMEA9_C3",0,0,3.7e-24,0,1
"positive regulation of neuron migration","MMEA9_C3",0,0,3.7e-24,0,1
"regulation of glucose metabolic process","MMEA9_C3",0,0,3.7e-24,0,1
"monosaccharide biosynthetic process","MMEA9_C3",0,0,3.7e-24,0,1
"response to acid chemical","MMEA9_C3",0,0,3.7e-24,0,1
"regulation of carbohydrate metabolic process","MMEA9_C3",0,0,3.7e-24,0,1
"positive regulation of nervous system development","MMEA9_C3",0,0,3.7e-24,0,1
"regulation of circadian rhythm","MMEA9_C3",0,0,3.7e-24,0,1
"trabecula morphogenesis","MMEA9_C3",0,0,3.7e-24,0,1
"pigment accumulation","MMEA9_C3",0,0,3.7e-24,0,1
"cellular pigment accumulation","MMEA9_C3",0,0,3.7e-24,0,1
"regulation of pinocytosis","MMEA9_C3",0,0,3.7e-24,0,1
"regulation of ligase activity","MMEA9_C3",0,0,3.7e-24,0,1
"smoothened signaling pathway involved in dorsal/ventral neural tube patterning","MMEA9_C3",0,0,3.7e-24,0,1
"glycosyl compound metabolic process","MMEA9_C3",0,0,3.7e-24,0,1
"substantia nigra development","MMEA9_C3",0,0,3.7e-24,0,1
"negative regulation of GTPase activity","MMEA9_C3",0,0,3.7e-24,0,1
"axon extension","MMEA9_C3",1,0,3.7e-24,1,0.2516
"positive regulation of epithelial to mesenchymal transition","MMEA9_C3",0,0,3.7e-24,0,1
"one-carbon metabolic process","MMEA9_C3",0,0,3.7e-24,0,1
"NADPH regeneration","MMEA9_C3",0,0,3.7e-24,0,1
"cellular response to dsRNA","MMEA9_C3",1,0,3.7e-24,1,0.0836
"neuron projection organization","MMEA9_C3",0,0,3.7e-24,0,1
"postsynapse organization","MMEA9_C3",0,0,3.7e-24,0,1
"regulation of ketone biosynthetic process","MMEA9_C3",0,0,3.7e-24,0,1
"mitochondrion distribution","MMEA9_C3",0,0,3.7e-24,0,1
"regulation of autophagosome maturation","MMEA9_C3",0,0,3.7e-24,0,1
"magnesium ion transmembrane transport","MMEA9_C3",0,0,3.7e-24,0,1
"regulation of cell division","MMEA9_C3",0,0,3.7e-24,0,1
"intermembrane lipid transfer","MMEA9_C3",0,0,3.7e-24,0,1
"organophosphate ester transport","MMEA9_C3",0,0,3.7e-24,0,1
"movement in host","MMEA9_C3",0,0,3.7e-24,0,1
"extracellular matrix assembly","MMEA9_C3",0,0,3.7e-24,0,1
"cellular metabolic compound salvage","MMEA9_C3",0,0,3.7e-24,0,1
"regulation of ATP-dependent activity","MMEA9_C3",1,0,3.7e-24,1,0.1665
"cell migration involved in heart development","MMEA9_C3",0,0,3.7e-24,0,1
"cellular response to fluid shear stress","MMEA9_C3",0,0,3.7e-24,0,1
"sphingomyelin biosynthetic process","MMEA9_C3",0,0,3.7e-24,0,1
"ether lipid biosynthetic process","MMEA9_C3",0,0,3.7e-24,0,1
"embryonic body morphogenesis","MMEA9_C3",0,0,3.7e-24,0,1
"amino sugar biosynthetic process","MMEA9_C3",0,0,3.7e-24,0,1
"glycerol ether biosynthetic process","MMEA9_C3",0,0,3.7e-24,0,1
"pigmentation","MMEA9_C3",0,0,3.7e-24,0,1
"cellular response to ketone","MMEA9_C3",0,0,3.7e-24,0,1
"nonribosomal peptide biosynthetic process","MMEA9_C3",0,0,3.7e-24,0,1
"glial cell apoptotic process","MMEA9_C3",0,0,3.7e-24,0,1
"lipoprotein catabolic process","MMEA9_C3",0,0,3.7e-24,0,1
"suppression of viral release by host","MMEA9_C3",0,0,3.7e-24,0,1
"chaperone-mediated autophagy","MMEA9_C3",1,0,3.7e-24,1,0.041
"regulation of steroid hormone biosynthetic process","MMEA9_C3",0,0,3.7e-24,0,1
"synaptic vesicle lumen acidification","MMEA9_C3",0,0,3.7e-24,0,1
"semaphorin-plexin signaling pathway involved in neuron projection guidance","MMEA9_C3",0,0,3.7e-24,0,1
"regulation of Golgi organization","MMEA9_C3",0,0,3.7e-24,0,1
"Schwann cell differentiation","MMEA9_C3",0,0,3.7e-24,0,1
"neurotrophin signaling pathway","MMEA9_C3",0,0,3.7e-24,0,1
"regulation of microtubule depolymerization","MMEA9_C3",0,0,3.7e-24,0,1
"basement membrane organization","MMEA9_C3",0,0,3.7e-24,0,1
"establishment or maintenance of epithelial cell apical/basal polarity","MMEA9_C3",0,0,3.7e-24,0,1
"face development","MMEA9_C3",1,0,3.7e-24,1,0.1329
"osteoblast differentiation","MMEA9_C3",0,0,3.7e-24,0,1
"appendage development","MMEA9_C3",0,0,3.7e-24,0,1
"limb development","MMEA9_C3",0,0,3.7e-24,0,1
"regulation of ATP metabolic process","MMEA9_C3",2,0,3.7e-24,1.58496250072116,0.0207
"developmental growth involved in morphogenesis","MMEA9_C3",0,0,3.7e-24,0,1
"embryonic organ development","MMEA9_C3",0,1,3.7e-24,-1,0.4482
"negative regulation of growth","MMEA9_C3",0,0,3.7e-24,0,1
"microtubule depolymerization","MMEA9_C3",1,0,3.7e-24,1,0.0858
"heme metabolic process","MMEA9_C3",0,0,3.7e-24,0,1
"regulation of neuron apoptotic process","MMEA9_C3",0,0,3.7e-24,0,1
"plasma membrane tubulation","MMEA9_C3",0,0,3.7e-24,0,1
"exosomal secretion","MMEA9_C3",0,0,3.7e-24,0,1
"vasculogenesis","MMEA9_C3",1,0,3.7e-24,1,0.1808
"toxin transport","MMEA9_C3",0,0,3.7e-24,0,1
"ncRNA processing","MMEA9_E1",9,22,3.7e-24,-1.20163386116965,0.0017
"ribosome biogenesis","MMEA9_E1",9,16,3.7e-24,-0.765534746362977,0.0523
"rRNA metabolic process","MMEA9_E1",10,13,3.7e-24,-0.347923303420307,0.403
"proteasome-mediated ubiquitin-dependent protein catabolic process","MMEA9_E1",18,22,3.7e-24,-0.275634442613427,0.4029
"regulation of response to DNA damage stimulus","MMEA9_E1",9,16,3.7e-24,-0.765534746362977,0.0395
"establishment of protein localization to organelle","MMEA9_E1",25,24,3.7e-24,0.0565835283663675,0.9142
"macroautophagy","MMEA9_E1",12,15,3.7e-24,-0.299560281858908,0.4518
"regulation of chromosome organization","MMEA9_E1",8,13,3.7e-24,-0.637429920615292,0.1193
"Golgi vesicle transport","MMEA9_E1",12,15,3.7e-24,-0.299560281858908,0.4502
"double-strand break repair","MMEA9_E1",18,16,3.7e-24,0.160464672193246,0.7065
"histone modification","MMEA9_E1",12,21,3.7e-24,-0.758991900496205,0.0229
"sister chromatid segregation","MMEA9_E1",12,13,3.7e-24,-0.106915203916512,0.7724
"DNA replication","MMEA9_E1",9,15,3.7e-24,-0.678071905112638,0.0891
"chromosome segregation","MMEA9_E1",11,20,3.7e-24,-0.807354922057604,0.0194
"mitochondrial gene expression","MMEA9_E1",5,9,3.7e-24,-0.736965594166206,0.1315
"nucleocytoplasmic transport","MMEA9_E1",22,15,3.7e-24,0.523561956057013,0.1694
"nuclear transport","MMEA9_E1",11,18,3.7e-24,-0.662965012722429,0.0635
"regulation of DNA repair","MMEA9_E1",10,11,3.7e-24,-0.125530882083859,0.7671
"peptidyl-lysine modification","MMEA9_E1",13,18,3.7e-24,-0.440572591385981,0.2113
"protein targeting","MMEA9_E1",12,17,3.7e-24,-0.46948528330122,0.1966
"cytoplasmic translation","MMEA9_E1",6,8,3.7e-24,-0.362570079384708,0.4879
"regulation of autophagy","MMEA9_E1",13,17,3.7e-24,-0.362570079384708,0.2879
"signal transduction in response to DNA damage","MMEA9_E1",8,10,3.7e-24,-0.289506617194985,0.5573
"regulation of intracellular transport","MMEA9_E1",12,14,3.7e-24,-0.206450877467426,0.6079
"protein localization to nucleus","MMEA9_E1",11,14,3.7e-24,-0.321928094887362,0.4405
"microtubule cytoskeleton organization involved in mitosis","MMEA9_E1",8,8,3.7e-24,0,1
"telomere maintenance","MMEA9_E1",8,9,3.7e-24,-0.15200309344505,0.7458
"cell cycle checkpoint signaling","MMEA9_E1",12,9,3.7e-24,0.37851162325373,0.4153
"regulation of protein modification by small protein conjugation or removal","MMEA9_E1",13,13,3.7e-24,0,1
"cellular respiration","MMEA9_E1",10,13,3.7e-24,-0.347923303420307,0.4197
"cellular component disassembly","MMEA9_E1",12,23,3.7e-24,-0.884522782580064,0.0084
"nuclear chromosome segregation","MMEA9_E1",10,16,3.7e-24,-0.628031222613042,0.0891
"regulation of protein stability","MMEA9_E1",14,14,3.7e-24,0,1
"regulation of cell cycle phase transition","MMEA9_E1",23,21,3.7e-24,0.125530882083859,0.7443
"regulation of protein catabolic process","MMEA9_E1",9,19,3.7e-24,-1,0.0087
"response to endoplasmic reticulum stress","MMEA9_E1",9,13,3.7e-24,-0.485426827170242,0.2285
"vesicle organization","MMEA9_E1",11,17,3.7e-24,-0.584962500721156,0.0952
"mitochondrial respiratory chain complex assembly","MMEA9_E1",3,5,3.7e-24,-0.584962500721156,0.3134
"DNA-templated transcription elongation","MMEA9_E1",7,7,3.7e-24,0,1
"mitochondrial transport","MMEA9_E1",3,10,3.7e-24,-1.4594316186373,0.0091
"establishment of organelle localization","MMEA9_E1",13,19.5,3.7e-24,-0.550197082560479,0.0926
"regulation of intracellular protein transport","MMEA9_E1",15,10,3.7e-24,0.540568381362703,0.2113
"response to UV","MMEA9_E1",9,9,3.7e-24,0,1
"RNA localization","MMEA9_E1",12,9,3.7e-24,0.37851162325373,0.4195
"response to topologically incorrect protein","MMEA9_E1",7,8,3.7e-24,-0.169925001442312,0.7357
"organelle fission","MMEA9_E1",23,24,3.7e-24,-0.0588936890535686,0.8405
"non-membrane-bounded organelle assembly","MMEA9_E1",15,19,3.7e-24,-0.321928094887362,0.3638
"protein polyubiquitination","MMEA9_E1",14,12,3.7e-24,0.206450877467426,0.6614
"methylation","MMEA9_E1",13,18,3.7e-24,-0.440572591385981,0.2178
"phospholipid biosynthetic process","MMEA9_E1",11,12,3.7e-24,-0.115477217419936,0.7704
"oxidative phosphorylation","MMEA9_E1",7,7,3.7e-24,0,1
"establishment of protein localization to membrane","MMEA9_E1",10,13,3.7e-24,-0.347923303420307,0.4172
"in utero embryonic development","MMEA9_E1",17,19,3.7e-24,-0.15200309344505,0.6559
"vacuole organization","MMEA9_E1",7,11,3.7e-24,-0.584962500721156,0.1767
"nuclear-transcribed mRNA catabolic process","MMEA9_E1",8,6,3.7e-24,0.362570079384708,0.5433
"protein folding","MMEA9_E1",8,10,3.7e-24,-0.289506617194985,0.5376
"DNA conformation change","MMEA9_E1",2,4,3.7e-24,-0.736965594166206,0.2558
"regulation of chromosome segregation","MMEA9_E1",7,7,3.7e-24,0,1
"regulation of apoptotic signaling pathway","MMEA9_E1",10,19,3.7e-24,-0.862496476250065,0.0163
"cell cycle G2/M phase transition","MMEA9_E1",5,9,3.7e-24,-0.736965594166206,0.1262
"vacuolar transport","MMEA9_E1",11,8,3.7e-24,0.415037499278844,0.3929
"response to ionizing radiation","MMEA9_E1",7,9,3.7e-24,-0.321928094887362,0.5214
"cellular response to UV","MMEA9_E1",2,5,3.7e-24,-1,0.1241
"regulation of binding","MMEA9_E1",13,16,3.7e-24,-0.280107919192735,0.4647
"nucleic acid transport","MMEA9_E1",5,7,3.7e-24,-0.415037499278844,0.471
"RNA transport","MMEA9_E1",6,8,3.7e-24,-0.362570079384708,0.4968
"ribonucleoprotein complex subunit organization","MMEA9_E1",11,12,3.7e-24,-0.115477217419936,0.7812
"regulation of DNA replication","MMEA9_E1",3,7,3.7e-24,-1,0.0757
"ribose phosphate metabolic process","MMEA9_E1",17,20,3.7e-24,-0.222392421336448,0.5122
"proton motive force-driven ATP synthesis","MMEA9_E1",3,5,3.7e-24,-0.584962500721156,0.3167
"ribonucleotide metabolic process","MMEA9_E1",17,21,3.7e-24,-0.289506617194985,0.3847
"telomere organization","MMEA9_E1",7,9,3.7e-24,-0.321928094887362,0.5116
"cellular response to topologically incorrect protein","MMEA9_E1",6,6,3.7e-24,0,1
"Golgi organization","MMEA9_E1",7,8,3.7e-24,-0.169925001442312,0.7418
"ribonucleoprotein complex assembly","MMEA9_E1",9,10,3.7e-24,-0.137503523749935,0.7596
"cellular nitrogen compound catabolic process","MMEA9_E1",23,22,3.7e-24,0.0614005446641433,0.9187
"negative regulation of phosphorus metabolic process","MMEA9_E1",13,20,3.7e-24,-0.584962500721156,0.0808
"heterocycle catabolic process","MMEA9_E1",18,23,3.7e-24,-0.337034987277571,0.2735
"mitochondrial membrane organization","MMEA9_E1",8,6,3.7e-24,0.362570079384708,0.5415
"regulation of protein-containing complex assembly","MMEA9_E1",8,19,3.7e-24,-1.15200309344505,0.0034
"positive regulation of cellular component biogenesis","MMEA9_E1",16,21,3.7e-24,-0.371968777386958,0.2447
"response to oxidative stress","MMEA9_E1",13,20,3.7e-24,-0.584962500721156,0.077
"regulation of supramolecular fiber organization","MMEA9_E1",16,17,3.7e-24,-0.082462160191973,0.8089
"positive regulation of protein localization","MMEA9_E1",20,22,3.7e-24,-0.131244533278253,0.6751
"positive regulation of cell projection organization","MMEA9_E1",13,17,3.7e-24,-0.362570079384708,0.2919
"negative regulation of transferase activity","MMEA9_E1",9,12,3.7e-24,-0.37851162325373,0.3933
"autophagy of mitochondrion","MMEA9_E1",3,5,3.7e-24,-0.584962500721156,0.356
"positive regulation of amide metabolic process","MMEA9_E1",11,9,3.7e-24,0.263034405833794,0.6138
"chromatin remodeling","MMEA9_E1",11,17,3.7e-24,-0.584962500721156,0.0986
"viral process","MMEA9_E1",10,18,3.7e-24,-0.788495894806288,0.028
"macromolecule deacylation","MMEA9_E1",1,6,3.7e-24,-1.8073549220576,0.0128
"mitotic cytokinesis","MMEA9_E1",4,4,3.7e-24,0,1
"aromatic compound catabolic process","MMEA9_E1",19,20,3.7e-24,-0.070389327891398,0.8345
"vesicle localization","MMEA9_E1",16,12,3.7e-24,0.387023123109247,0.3177
"establishment or maintenance of cell polarity","MMEA9_E1",6,11,3.7e-24,-0.777607578663552,0.0826
"Wnt signaling pathway","MMEA9_E1",9,21,3.7e-24,-1.13750352374993,0.003
"cell-cell signaling by wnt","MMEA9_E1",10,20,3.7e-24,-0.932885804141463,0.0123
"ATP metabolic process","MMEA9_E1",9,9,3.7e-24,0,1
"cellular response to chemical stress","MMEA9_E1",17,15,3.7e-24,0.169925001442312,0.7053
"regulation of vacuole organization","MMEA9_E1",2,3,3.7e-24,-0.415037499278844,0.6211
"cellular response to external stimulus","MMEA9_E1",10,15,3.7e-24,-0.540568381362703,0.1445
"negative regulation of protein phosphorylation","MMEA9_E1",12,15,3.7e-24,-0.299560281858908,0.4542
"negative regulation of catabolic process","MMEA9_E1",16,15,3.7e-24,0.0874628412503394,0.8987
"regulation of microtubule cytoskeleton organization","MMEA9_E1",1,8,3.7e-24,-2.16992500144231,0.0025
"chromosome localization","MMEA9_E1",5,5,3.7e-24,0,1
"negative regulation of mitotic nuclear division","MMEA9_E1",2,3,3.7e-24,-0.415037499278844,0.5952
"regulation of actin filament organization","MMEA9_E1",6,12,3.7e-24,-0.893084796083488,0.0393
"dephosphorylation","MMEA9_E1",6,15,3.7e-24,-1.1926450779424,0.0058
"glycosylation","MMEA9_E1",8,9,3.7e-24,-0.15200309344505,0.7492
"positive regulation of establishment of protein localization","MMEA9_E1",10,14,3.7e-24,-0.447458976971221,0.2478
"regulation of microtubule-based process","MMEA9_E1",10,11,3.7e-24,-0.125530882083859,0.7618
"cell-substrate junction organization","MMEA9_E1",3,5,3.7e-24,-0.584962500721156,0.3564
"protein-containing complex localization","MMEA9_E1",8,10,3.7e-24,-0.289506617194985,0.5512
"mitochondrial transmembrane transport","MMEA9_E1",3,4,3.7e-24,-0.321928094887362,0.6436
"stem cell population maintenance","MMEA9_E1",8,8,3.7e-24,0,1
"ribosome assembly","MMEA9_E1",3,3,3.7e-24,0,1
"intraciliary transport","MMEA9_E1",3,2,3.7e-24,0.415037499278844,0.7359
"Golgi to plasma membrane protein transport","MMEA9_E1",1,2,3.7e-24,-0.584962500721156,0.5303
"response to amino acid starvation","MMEA9_E1",2,3,3.7e-24,-0.415037499278844,0.6319
"cellular response to extracellular stimulus","MMEA9_E1",8,11,3.7e-24,-0.415037499278844,0.3119
"cell growth","MMEA9_E1",15,22,3.7e-24,-0.523561956057013,0.0848
"protein glycosylation","MMEA9_E1",13,10,3.7e-24,0.347923303420307,0.4267
"macromolecule glycosylation","MMEA9_E1",6,10,3.7e-24,-0.652076696579693,0.1425
"maintenance of cell number","MMEA9_E1",9,10,3.7e-24,-0.137503523749935,0.7554
"response to reactive oxygen species","MMEA9_E1",9,9,3.7e-24,0,1
"regulation of cell morphogenesis","MMEA9_E1",6,10,3.7e-24,-0.652076696579693,0.143
"regulation of cellular component size","MMEA9_E1",11,18,3.7e-24,-0.662965012722429,0.0599
"cell-substrate junction assembly","MMEA9_E1",3,5,3.7e-24,-0.584962500721156,0.3096
"membrane fission","MMEA9_E1",0,2,3.7e-24,-1.58496250072116,0.0932
"membrane docking","MMEA9_E1",4,5,3.7e-24,-0.263034405833794,0.6755
"fibroblast migration","MMEA9_E1",5,3,3.7e-24,0.584962500721156,0.4031
"nucleus organization","MMEA9_E1",5,5,3.7e-24,0,1
"regulation of cell growth","MMEA9_E1",9,16,3.7e-24,-0.765534746362977,0.0389
"fibroblast proliferation","MMEA9_E1",3,5,3.7e-24,-0.584962500721156,0.3035
"cell cycle G1/S phase transition","MMEA9_E1",7,12,3.7e-24,-0.700439718141092,0.0815
"actin filament organization","MMEA9_E1",16,18,3.7e-24,-0.160464672193246,0.6485
"response to oxygen levels","MMEA9_E1",15,14,3.7e-24,0.0931094043914815,0.8958
"epigenetic regulation of gene expression","MMEA9_E1",5,8,3.7e-24,-0.584962500721156,0.2366
"organelle fusion","MMEA9_E1",8,8,3.7e-24,0,1
"lipoprotein metabolic process","MMEA9_E1",4,8,3.7e-24,-0.84799690655495,0.1043
"protein lipidation","MMEA9_E1",6,4,3.7e-24,0.485426827170242,0.458
"regulation of plasma membrane bounded cell projection assembly","MMEA9_E1",4,9,3.7e-24,-1,0.0638
"regulation of actin filament-based process","MMEA9_E1",10,17,3.7e-24,-0.710493382805015,0.0489
"regulation of GTPase activity","MMEA9_E1",11,15,3.7e-24,-0.415037499278844,0.2509
"nuclear envelope organization","MMEA9_E1",1,3,3.7e-24,-1,0.2322
"protein autophosphorylation","MMEA9_E1",8,10,3.7e-24,-0.289506617194985,0.547
"connective tissue development","MMEA9_E1",8,13,3.7e-24,-0.637429920615292,0.1281
"cellular response to heat","MMEA9_E1",1,3,3.7e-24,-1,0.2354
"myeloid cell homeostasis","MMEA9_E1",3,8,3.7e-24,-1.16992500144231,0.0497
"regulation of neuron projection development","MMEA9_E1",11,20,3.7e-24,-0.807354922057604,0.0228
"receptor metabolic process","MMEA9_E1",2,3,3.7e-24,-0.415037499278844,0.5938
"maintenance of protein location in cell","MMEA9_E1",1,3,3.7e-24,-1,0.2074
"apoptotic mitochondrial changes","MMEA9_E1",2,5,3.7e-24,-1,0.1434
"response to transforming growth factor beta","MMEA9_E1",6,12,3.7e-24,-0.893084796083488,0.0414
"neural tube development","MMEA9_E1",4,8,3.7e-24,-0.84799690655495,0.0978
"maintenance of protein location","MMEA9_E1",1,5,3.7e-24,-1.58496250072116,0.05
"regulation of ubiquitin-protein transferase activity","MMEA9_E1",3,3,3.7e-24,0,1
"cilium assembly","MMEA9_E1",11,16,3.7e-24,-0.502500340529183,0.1541
"mRNA export from nucleus","MMEA9_E1",0,3,3.7e-24,-2,0.0312
"regulation of cell-substrate junction organization","MMEA9_E1",3,3,3.7e-24,0,1
"membrane biogenesis","MMEA9_E1",5,2,3.7e-24,1,0.1945
"cilium organization","MMEA9_E1",6,18,3.7e-24,-1.44057259138598,4e-04
"platelet-derived growth factor receptor signaling pathway","MMEA9_E1",3,4,3.7e-24,-0.321928094887362,0.6345
"iron-sulfur cluster assembly","MMEA9_E1",2,2,3.7e-24,0,1
"metallo-sulfur cluster assembly","MMEA9_E1",2,2,3.7e-24,0,1
"centromere complex assembly","MMEA9_E1",4,2,3.7e-24,0.736965594166206,0.2772
"cellular response to oxygen levels","MMEA9_E1",7,8,3.7e-24,-0.169925001442312,0.7339
"fatty acid beta-oxidation","MMEA9_E1",2,3,3.7e-24,-0.415037499278844,0.5967
"organelle localization by membrane tethering","MMEA9_E1",3,4,3.7e-24,-0.321928094887362,0.6463
"autophagosome maturation","MMEA9_E1",3,3,3.7e-24,0,1
"cellular response to transforming growth factor beta stimulus","MMEA9_E1",2,11,3.7e-24,-2,0.0013
"nucleotide catabolic process","MMEA9_E1",2,4,3.7e-24,-0.736965594166206,0.2987
"tube closure","MMEA9_E1",1,4,3.7e-24,-1.32192809488736,0.1195
"regulation of stem cell differentiation","MMEA9_E1",2,4,3.7e-24,-0.736965594166206,0.31
"substrate adhesion-dependent cell spreading","MMEA9_E1",2,4,3.7e-24,-0.736965594166206,0.2769
"chondrocyte differentiation","MMEA9_E1",2,5,3.7e-24,-1,0.1323
"regulation of fibroblast proliferation","MMEA9_E1",5,4,3.7e-24,0.263034405833794,0.8082
"morphogenesis of an epithelial sheet","MMEA9_E1",3,3,3.7e-24,0,1
"microtubule polymerization","MMEA9_E1",3,4,3.7e-24,-0.321928094887362,0.6604
"response to virus","MMEA9_E1",13,16,3.7e-24,-0.280107919192735,0.4687
"membrane assembly","MMEA9_E1",4,3,3.7e-24,0.321928094887362,0.7748
"COPII vesicle coating","MMEA9_E1",4,1,3.7e-24,1.32192809488736,0.0563
"erythrocyte differentiation","MMEA9_E1",3,7,3.7e-24,-1,0.0959
"organophosphate catabolic process","MMEA9_E1",5,8,3.7e-24,-0.584962500721156,0.264
"regulation of embryonic development","MMEA9_E1",3,5,3.7e-24,-0.584962500721156,0.3387
"regulation of focal adhesion assembly","MMEA9_E1",1,3,3.7e-24,-1,0.2322
"regulation of cell-substrate junction assembly","MMEA9_E1",3,3,3.7e-24,0,1
"regulation of extracellular matrix organization","MMEA9_E1",0,2,3.7e-24,-1.58496250072116,0.0905
"GPI anchor biosynthetic process","MMEA9_E1",1,1,3.7e-24,0,1
"lamellipodium organization","MMEA9_E1",6,4,3.7e-24,0.485426827170242,0.4799
"positive regulation of stem cell population maintenance","MMEA9_E1",1,3,3.7e-24,-1,0.2598
"monosaccharide metabolic process","MMEA9_E1",10,12,3.7e-24,-0.241008099503795,0.5807
"U2-type prespliceosome assembly","MMEA9_E1",1,1,3.7e-24,0,1
"heterochromatin formation","MMEA9_E1",3,4,3.7e-24,-0.321928094887362,0.6672
"peroxisome organization","MMEA9_E1",3,2,3.7e-24,0.415037499278844,0.7411
"regulation of mitochondrial fission","MMEA9_E1",1,1,3.7e-24,0,1
"cellular pigmentation","MMEA9_E1",0,2,3.7e-24,-1.58496250072116,0.0828
"regulation of fibroblast migration","MMEA9_E1",1,1,3.7e-24,0,1
"cellular carbohydrate metabolic process","MMEA9_E1",15,12,3.7e-24,0.299560281858908,0.4736
"positive regulation of axonogenesis","MMEA9_E1",2,3,3.7e-24,-0.415037499278844,0.5896
"kinetochore organization","MMEA9_E1",1,1,3.7e-24,0,1
"stem cell differentiation","MMEA9_E1",7,11,3.7e-24,-0.584962500721156,0.1842
"proton transmembrane transport","MMEA9_E1",9,7,3.7e-24,0.321928094887362,0.5698
"cellular response to insulin stimulus","MMEA9_E1",7,10,3.7e-24,-0.459431618637297,0.2936
"establishment of mitotic spindle localization","MMEA9_E1",4,3,3.7e-24,0.321928094887362,0.7723
"cell redox homeostasis","MMEA9_E1",3,2,3.7e-24,0.415037499278844,0.7375
"stress granule assembly","MMEA9_E1",1,1,3.7e-24,0,1
"protein neddylation","MMEA9_E1",0,2,3.7e-24,-1.58496250072116,0.0949
"regulation of mitochondrial membrane potential","MMEA9_E1",2,3,3.7e-24,-0.415037499278844,0.6022
"neuron death","MMEA9_E1",11,15,3.7e-24,-0.415037499278844,0.2708
"defense response to virus","MMEA9_E1",5,12,3.7e-24,-1.11547721741994,0.0218
"sulfur compound metabolic process","MMEA9_E1",10,14,3.7e-24,-0.447458976971221,0.2583
"NADP metabolic process","MMEA9_E1",2,2,3.7e-24,0,1
"vacuolar acidification","MMEA9_E1",1,1,3.7e-24,0,1
"oligosaccharide-lipid intermediate biosynthetic process","MMEA9_E1",1,1,3.7e-24,0,1
"lysosomal lumen acidification","MMEA9_E1",1,1,3.7e-24,0,1
"glycosyl compound biosynthetic process","MMEA9_E1",0,1,3.7e-24,-1,0.4807
"heart valve development","MMEA9_E1",2,3,3.7e-24,-0.415037499278844,0.6105
"water-soluble vitamin metabolic process","MMEA9_E1",1,2,3.7e-24,-0.584962500721156,0.5256
"interferon-beta production","MMEA9_E1",1,2,3.7e-24,-0.584962500721156,0.531
"regulation of interferon-beta production","MMEA9_E1",3,2,3.7e-24,0.415037499278844,0.7485
"branched-chain amino acid metabolic process","MMEA9_E1",0,1,3.7e-24,-1,0.416
"regulation of mitochondrial membrane permeability","MMEA9_E1",2,3,3.7e-24,-0.415037499278844,0.6049
"respiratory tube development","MMEA9_E1",7,9,3.7e-24,-0.321928094887362,0.5145
"cellular senescence","MMEA9_E1",2,5,3.7e-24,-1,0.1222
"positive regulation of neurogenesis","MMEA9_E1",8,11,3.7e-24,-0.415037499278844,0.3395
"mitochondrial outer membrane permeabilization","MMEA9_E1",4,2,3.7e-24,0.736965594166206,0.2696
"immune system development","MMEA9_E1",2,8,3.7e-24,-1.58496250072116,0.0069
"clathrin-dependent endocytosis","MMEA9_E1",0,1,3.7e-24,-1,0.4122
"positive regulation of viral process","MMEA9_E1",4,3,3.7e-24,0.321928094887362,0.7752
"bone development","MMEA9_E1",5,10,3.7e-24,-0.874469117916141,0.0601
"cell-substrate adhesion","MMEA9_E1",9,15,3.7e-24,-0.678071905112638,0.074
"positive regulation of microtubule polymerization","MMEA9_E1",0,1,3.7e-24,-1,0.416
"pteridine-containing compound metabolic process","MMEA9_E1",1,2,3.7e-24,-0.584962500721156,0.553
"response to arsenic-containing substance","MMEA9_E1",1,1,3.7e-24,0,1
"response to insulin","MMEA9_E1",9,11,3.7e-24,-0.263034405833794,0.5536
"ubiquinone metabolic process","MMEA9_E1",0,1,3.7e-24,-1,0.4171
"cellular response to arsenic-containing substance","MMEA9_E1",1,1,3.7e-24,0,1
"inositol phosphate catabolic process","MMEA9_E1",0,1,3.7e-24,-1,0.4221
"telomerase RNA localization to Cajal body","MMEA9_E1",2,1,3.7e-24,0.584962500721156,0.6394
"respiratory system development","MMEA9_E1",6,9,3.7e-24,-0.514573172829758,0.2828
"regulation of generation of precursor metabolites and energy","MMEA9_E1",3,5,3.7e-24,-0.584962500721156,0.3154
"mitochondrial calcium ion homeostasis","MMEA9_E1",1,1,3.7e-24,0,1
"G0 to G1 transition","MMEA9_E1",4,2,3.7e-24,0.736965594166206,0.2731
"mitochondrial genome maintenance","MMEA9_E1",2,2,3.7e-24,0,1
"release of cytochrome c from mitochondria","MMEA9_E1",1,2,3.7e-24,-0.584962500721156,0.5317
"cortical cytoskeleton organization","MMEA9_E1",3,2,3.7e-24,0.415037499278844,0.7326
"response to sterol depletion","MMEA9_E1",1,1,3.7e-24,0,1
"regulation of ncRNA transcription","MMEA9_E1",0,2,3.7e-24,-1.58496250072116,0.1729
"mesenchymal cell differentiation","MMEA9_E1",10,10,3.7e-24,0,1
"protein-DNA complex subunit organization","MMEA9_E1",7,11,3.7e-24,-0.584962500721156,0.1722
"response to fluid shear stress","MMEA9_E1",1,1,3.7e-24,0,1
"collagen fibril organization","MMEA9_E1",1,3,3.7e-24,-1,0.2268
"roof of mouth development","MMEA9_E1",2,4,3.7e-24,-0.736965594166206,0.3175
"regulation of protein dephosphorylation","MMEA9_E1",2,4,3.7e-24,-0.736965594166206,0.3167
"multicellular organism growth","MMEA9_E1",6,6,3.7e-24,0,1
"miRNA processing","MMEA9_E1",4,2,3.7e-24,0.736965594166206,0.3434
"small molecule catabolic process","MMEA9_E1",14,15,3.7e-24,-0.0931094043914815,0.7993
"regulation of G0 to G1 transition","MMEA9_E1",4,2,3.7e-24,0.736965594166206,0.2883
"circadian regulation of gene expression","MMEA9_E1",2,3,3.7e-24,-0.415037499278844,0.6006
"regulation of translational fidelity","MMEA9_E1",0,1,3.7e-24,-1,0.4926
"ubiquinone biosynthetic process","MMEA9_E1",0,1,3.7e-24,-1,0.5119
"mitochondrial calcium ion transmembrane transport","MMEA9_E1",0,1,3.7e-24,-1,0.4351
"quinone biosynthetic process","MMEA9_E1",0,1,3.7e-24,-1,0.4444
"viral release from host cell","MMEA9_E1",0,1,3.7e-24,-1,0.4532
"exit from host cell","MMEA9_E1",2,2,3.7e-24,0,1
"positive regulation of GTPase activity","MMEA9_E1",3,10,3.7e-24,-1.4594316186373,0.0127
"regulation of cytokinesis","MMEA9_E1",2,4,3.7e-24,-0.736965594166206,0.2791
"mitochondrion localization","MMEA9_E1",2,2,3.7e-24,0,1
"renal system development","MMEA9_E1",9,12,3.7e-24,-0.37851162325373,0.3898
"regulation of cysteine-type endopeptidase activity involved in apoptotic process","MMEA9_E1",6,8,3.7e-24,-0.362570079384708,0.4929
"regulation of cell-substrate adhesion","MMEA9_E1",7,9,3.7e-24,-0.321928094887362,0.5277
"centrosome localization","MMEA9_E1",1,2,3.7e-24,-0.584962500721156,0.5761
"microtubule organizing center localization","MMEA9_E1",1,1,3.7e-24,0,1
"pinocytosis","MMEA9_E1",0,1,3.7e-24,-1,0.5108
"lamellipodium assembly","MMEA9_E1",1,3,3.7e-24,-1,0.2406
"cellular response to sterol depletion","MMEA9_E1",0,1,3.7e-24,-1,0.425
"placenta development","MMEA9_E1",4,7,3.7e-24,-0.678071905112638,0.2341
"rhythmic process","MMEA9_E1",8,11,3.7e-24,-0.415037499278844,0.3032
"spindle localization","MMEA9_E1",2,3,3.7e-24,-0.415037499278844,0.5849
"carbohydrate derivative catabolic process","MMEA9_E1",5,8,3.7e-24,-0.584962500721156,0.2463
"response to amino acid","MMEA9_E1",5,4,3.7e-24,0.263034405833794,0.8078
"regulation of intracellular steroid hormone receptor signaling pathway","MMEA9_E1",1,3,3.7e-24,-1,0.2096
"regulation of neuron death","MMEA9_E1",14,12,3.7e-24,0.206450877467426,0.6638
"ossification","MMEA9_E1",19,17,3.7e-24,0.15200309344505,0.714
"mammary gland epithelial cell proliferation","MMEA9_E1",0,1,3.7e-24,-1,0.4298
"ribosomal subunit export from nucleus","MMEA9_E1",0,0,3.7e-24,0,1
"ribosome localization","MMEA9_E1",0,1,3.7e-24,-1,0.4864
"protein transport to vacuole involved in ubiquitin-dependent protein catabolic process via the multivesicular body sorting pathway","MMEA9_E1",1,1,3.7e-24,0,1
"seminiferous tubule development","MMEA9_E1",0,1,3.7e-24,-1,0.4442
"cellular response to acid chemical","MMEA9_E1",3,4,3.7e-24,-0.321928094887362,0.6426
"positive regulation of kinase activity","MMEA9_E1",12,18,3.7e-24,-0.547487795302493,0.116
"positive regulation by host of viral process","MMEA9_E1",1,1,3.7e-24,0,1
"mitochondrion morphogenesis","MMEA9_E1",1,1,3.7e-24,0,1
"regulation of establishment of cell polarity","MMEA9_E1",2,1,3.7e-24,0.584962500721156,0.6495
"cellular lipid catabolic process","MMEA9_E1",5,9,3.7e-24,-0.736965594166206,0.1417
"neuron apoptotic process","MMEA9_E1",8,10,3.7e-24,-0.289506617194985,0.5403
"inner cell mass cell proliferation","MMEA9_E1",0,1,3.7e-24,-1,0.5111
"polyamine biosynthetic process","MMEA9_E1",0,1,3.7e-24,-1,0.4591
"folic acid metabolic process","MMEA9_E1",0,1,3.7e-24,-1,0.4562
"organelle inheritance","MMEA9_E1",0,1,3.7e-24,-1,0.4849
"polyol metabolic process","MMEA9_E1",6,6,3.7e-24,0,1
"regulation of type I interferon-mediated signaling pathway","MMEA9_E1",0,2,3.7e-24,-1.58496250072116,0.1359
"intracellular lipid transport","MMEA9_E1",0,2,3.7e-24,-1.58496250072116,0.085
"fat cell differentiation","MMEA9_E1",4,10,3.7e-24,-1.13750352374993,0.0269
"iron ion homeostasis","MMEA9_E1",10,4,3.7e-24,1.13750352374994,0.107
"negative regulation of cell projection organization","MMEA9_E1",10,7,3.7e-24,0.459431618637297,0.3595
"dicarboxylic acid metabolic process","MMEA9_E1",5,4,3.7e-24,0.263034405833794,0.8073
"regulation of anatomical structure size","MMEA9_E1",17,20,3.7e-24,-0.222392421336448,0.5147
"regulation of small molecule metabolic process","MMEA9_E1",10,15,3.7e-24,-0.540568381362703,0.15
"pentose-phosphate shunt","MMEA9_E1",0,1,3.7e-24,-1,0.4853
"pericardium development","MMEA9_E1",3,1,3.7e-24,1,0.4495
"lysosomal protein catabolic process","MMEA9_E1",1,1,3.7e-24,0,1
"carbohydrate derivative transport","MMEA9_E1",4,3,3.7e-24,0.321928094887362,0.7787
"alcohol biosynthetic process","MMEA9_E1",7,6,3.7e-24,0.192645077942396,0.8388
"regulation of membrane permeability","MMEA9_E1",3,3,3.7e-24,0,1
"signal peptide processing","MMEA9_E1",0,1,3.7e-24,-1,0.4447
"UV-damage excision repair","MMEA9_E1",0,0,3.7e-24,0,1
"biological process involved in interaction with host","MMEA9_E1",5,9,3.7e-24,-0.736965594166206,0.1386
"body morphogenesis","MMEA9_E1",2,2,3.7e-24,0,1
"extracellular vesicle biogenesis","MMEA9_E1",2,1,3.7e-24,0.584962500721156,0.6482
"negative regulation of defense response to virus","MMEA9_E1",2,2,3.7e-24,0,1
"aminoglycan biosynthetic process","MMEA9_E1",2,3,3.7e-24,-0.415037499278844,0.6032
"sterol biosynthetic process","MMEA9_E1",3,2,3.7e-24,0.415037499278844,0.732
"polyamine metabolic process","MMEA9_E1",0,1,3.7e-24,-1,0.4735
"magnesium ion transport","MMEA9_E1",2,1,3.7e-24,0.584962500721156,0.635
"lamellipodium morphogenesis","MMEA9_E1",1,0,3.7e-24,1,0.493
"positive regulation of neuron migration","MMEA9_E1",0,1,3.7e-24,-1,0.5023
"regulation of glucose metabolic process","MMEA9_E1",1,4,3.7e-24,-1.32192809488736,0.0623
"monosaccharide biosynthetic process","MMEA9_E1",4,5,3.7e-24,-0.263034405833794,0.676
"response to acid chemical","MMEA9_E1",5,6,3.7e-24,-0.222392421336448,0.7
"regulation of carbohydrate metabolic process","MMEA9_E1",5,7,3.7e-24,-0.415037499278844,0.4723
"positive regulation of nervous system development","MMEA9_E1",9,10,3.7e-24,-0.137503523749935,0.7572
"regulation of circadian rhythm","MMEA9_E1",5,5,3.7e-24,0,1
"trabecula morphogenesis","MMEA9_E1",2,2,3.7e-24,0,1
"pigment accumulation","MMEA9_E1",1,0,3.7e-24,1,0.3191
"cellular pigment accumulation","MMEA9_E1",1,1,3.7e-24,0,1
"regulation of pinocytosis","MMEA9_E1",0,1,3.7e-24,-1,0.4535
"regulation of ligase activity","MMEA9_E1",1,0,3.7e-24,1,0.4402
"smoothened signaling pathway involved in dorsal/ventral neural tube patterning","MMEA9_E1",0,0,3.7e-24,0,1
"glycosyl compound metabolic process","MMEA9_E1",7,4,3.7e-24,0.678071905112638,0.3452
"substantia nigra development","MMEA9_E1",1,2,3.7e-24,-0.584962500721156,0.5359
"negative regulation of GTPase activity","MMEA9_E1",0,1,3.7e-24,-1,0.4259
"axon extension","MMEA9_E1",4,5,3.7e-24,-0.263034405833794,0.6711
"positive regulation of epithelial to mesenchymal transition","MMEA9_E1",3,2,3.7e-24,0.415037499278844,0.7336
"one-carbon metabolic process","MMEA9_E1",2,1,3.7e-24,0.584962500721156,0.6353
"NADPH regeneration","MMEA9_E1",0,1,3.7e-24,-1,0.4246
"cellular response to dsRNA","MMEA9_E1",0,1,3.7e-24,-1,0.414
"neuron projection organization","MMEA9_E1",6,4,3.7e-24,0.485426827170242,0.4523
"postsynapse organization","MMEA9_E1",3,7,3.7e-24,-1,0.0693
"regulation of ketone biosynthetic process","MMEA9_E1",0,1,3.7e-24,-1,0.4307
"mitochondrion distribution","MMEA9_E1",0,1,3.7e-24,-1,0.4838
"regulation of autophagosome maturation","MMEA9_E1",2,1,3.7e-24,0.584962500721156,0.6348
"magnesium ion transmembrane transport","MMEA9_E1",1,1,3.7e-24,0,1
"regulation of cell division","MMEA9_E1",6,7,3.7e-24,-0.192645077942396,0.7146
"intermembrane lipid transfer","MMEA9_E1",2,2,3.7e-24,0,1
"organophosphate ester transport","MMEA9_E1",4,6,3.7e-24,-0.485426827170242,0.4328
"movement in host","MMEA9_E1",4,7,3.7e-24,-0.678071905112638,0.2192
"extracellular matrix assembly","MMEA9_E1",2,2,3.7e-24,0,1
"cellular metabolic compound salvage","MMEA9_E1",1,1,3.7e-24,0,1
"regulation of ATP-dependent activity","MMEA9_E1",3,3,3.7e-24,0,1
"cell migration involved in heart development","MMEA9_E1",1,1,3.7e-24,0,1
"cellular response to fluid shear stress","MMEA9_E1",0,1,3.7e-24,-1,0.4479
"sphingomyelin biosynthetic process","MMEA9_E1",1,1,3.7e-24,0,1
"ether lipid biosynthetic process","MMEA9_E1",0,0,3.7e-24,0,1
"embryonic body morphogenesis","MMEA9_E1",1,1,3.7e-24,0,1
"amino sugar biosynthetic process","MMEA9_E1",0,0,3.7e-24,0,1
"glycerol ether biosynthetic process","MMEA9_E1",0,1,3.7e-24,-1,0.5032
"pigmentation","MMEA9_E1",4,5,3.7e-24,-0.263034405833794,0.6792
"cellular response to ketone","MMEA9_E1",1,5,3.7e-24,-1.58496250072116,0.0478
"nonribosomal peptide biosynthetic process","MMEA9_E1",1,1,3.7e-24,0,1
"glial cell apoptotic process","MMEA9_E1",0,1,3.7e-24,-1,0.41
"lipoprotein catabolic process","MMEA9_E1",1,1,3.7e-24,0,1
"suppression of viral release by host","MMEA9_E1",1,1,3.7e-24,0,1
"chaperone-mediated autophagy","MMEA9_E1",0,1,3.7e-24,-1,0.5101
"regulation of steroid hormone biosynthetic process","MMEA9_E1",0,0,3.7e-24,0,1
"synaptic vesicle lumen acidification","MMEA9_E1",1,1,3.7e-24,0,1
"semaphorin-plexin signaling pathway involved in neuron projection guidance","MMEA9_E1",1,1,3.7e-24,0,1
"regulation of Golgi organization","MMEA9_E1",0,1,3.7e-24,-1,0.456
"Schwann cell differentiation","MMEA9_E1",0,2,3.7e-24,-1.58496250072116,0.132
"neurotrophin signaling pathway","MMEA9_E1",0,1,3.7e-24,-1,0.4087
"regulation of microtubule depolymerization","MMEA9_E1",1,1,3.7e-24,0,1
"basement membrane organization","MMEA9_E1",3,1,3.7e-24,1,0.4124
"establishment or maintenance of epithelial cell apical/basal polarity","MMEA9_E1",0,2,3.7e-24,-1.58496250072116,0.1285
"face development","MMEA9_E1",4,2,3.7e-24,0.736965594166206,0.2963
"osteoblast differentiation","MMEA9_E1",8,10,3.7e-24,-0.289506617194985,0.5384
"appendage development","MMEA9_E1",5,7,3.7e-24,-0.415037499278844,0.4776
"limb development","MMEA9_E1",5,8,3.7e-24,-0.584962500721156,0.2532
"regulation of ATP metabolic process","MMEA9_E1",1,4,3.7e-24,-1.32192809488736,0.073
"developmental growth involved in morphogenesis","MMEA9_E1",6,9,3.7e-24,-0.514573172829758,0.2668
"embryonic organ development","MMEA9_E1",20,19,3.7e-24,0.070389327891398,0.9138
"negative regulation of growth","MMEA9_E1",9,10,3.7e-24,-0.137503523749935,0.7621
"microtubule depolymerization","MMEA9_E1",2,2,3.7e-24,0,1
"heme metabolic process","MMEA9_E1",1,1,3.7e-24,0,1
"regulation of neuron apoptotic process","MMEA9_E1",6,9,3.7e-24,-0.514573172829758,0.2852
"plasma membrane tubulation","MMEA9_E1",1,1,3.7e-24,0,1
"exosomal secretion","MMEA9_E1",1,1,3.7e-24,0,1
"vasculogenesis","MMEA9_E1",2,4,3.7e-24,-0.736965594166206,0.3145
"toxin transport","MMEA9_E1",2,2,3.7e-24,0,1
"ncRNA processing","MMEA9_E2",4,10,3.7e-24,-1.13750352374993,0.0177
"ribosome biogenesis","MMEA9_E2",3,7,3.7e-24,-1,0.0852
"rRNA metabolic process","MMEA9_E2",4,5,3.7e-24,-0.263034405833794,0.6731
"proteasome-mediated ubiquitin-dependent protein catabolic process","MMEA9_E2",9,10,3.7e-24,-0.137503523749935,0.7512
"regulation of response to DNA damage stimulus","MMEA9_E2",8,7,3.7e-24,0.169925001442312,0.8582
"establishment of protein localization to organelle","MMEA9_E2",5,10,3.7e-24,-0.874469117916141,0.0606
"macroautophagy","MMEA9_E2",4,8,3.7e-24,-0.84799690655495,0.1225
"regulation of chromosome organization","MMEA9_E2",10,6,3.7e-24,0.652076696579693,0.2267
"Golgi vesicle transport","MMEA9_E2",6,7,3.7e-24,-0.192645077942396,0.7149
"double-strand break repair","MMEA9_E2",6,7,3.7e-24,-0.192645077942396,0.723
"histone modification","MMEA9_E2",9,10,3.7e-24,-0.137503523749935,0.7622
"sister chromatid segregation","MMEA9_E2",4,6,3.7e-24,-0.485426827170242,0.4322
"DNA replication","MMEA9_E2",6,7,3.7e-24,-0.192645077942396,0.7184
"chromosome segregation","MMEA9_E2",7,9,3.7e-24,-0.321928094887362,0.5248
"mitochondrial gene expression","MMEA9_E2",2,4,3.7e-24,-0.736965594166206,0.268
"nucleocytoplasmic transport","MMEA9_E2",6,8,3.7e-24,-0.362570079384708,0.5078
"nuclear transport","MMEA9_E2",6,7,3.7e-24,-0.192645077942396,0.7096
"regulation of DNA repair","MMEA9_E2",1,5,3.7e-24,-1.58496250072116,0.0403
"peptidyl-lysine modification","MMEA9_E2",6,8,3.7e-24,-0.362570079384708,0.5055
"protein targeting","MMEA9_E2",5,7,3.7e-24,-0.415037499278844,0.4655
"cytoplasmic translation","MMEA9_E2",3,3,3.7e-24,0,1
"regulation of autophagy","MMEA9_E2",6,8,3.7e-24,-0.362570079384708,0.503
"signal transduction in response to DNA damage","MMEA9_E2",5,5,3.7e-24,0,1
"regulation of intracellular transport","MMEA9_E2",2,6,3.7e-24,-1.22239242133645,0.0621
"protein localization to nucleus","MMEA9_E2",7,6,3.7e-24,0.192645077942396,0.83
"microtubule cytoskeleton organization involved in mitosis","MMEA9_E2",4,3,3.7e-24,0.321928094887362,0.7738
"telomere maintenance","MMEA9_E2",6,4,3.7e-24,0.485426827170242,0.4528
"cell cycle checkpoint signaling","MMEA9_E2",4,4,3.7e-24,0,1
"regulation of protein modification by small protein conjugation or removal","MMEA9_E2",3,6,3.7e-24,-0.807354922057604,0.1809
"cellular respiration","MMEA9_E2",3,5,3.7e-24,-0.584962500721156,0.313
"cellular component disassembly","MMEA9_E2",11,10,3.7e-24,0.125530882083859,0.881
"nuclear chromosome segregation","MMEA9_E2",7,7,3.7e-24,0,1
"regulation of protein stability","MMEA9_E2",4,6,3.7e-24,-0.485426827170242,0.4384
"regulation of cell cycle phase transition","MMEA9_E2",5,9,3.7e-24,-0.736965594166206,0.1539
"regulation of protein catabolic process","MMEA9_E2",3,8,3.7e-24,-1.16992500144231,0.0466
"response to endoplasmic reticulum stress","MMEA9_E2",5,5,3.7e-24,0,1
"vesicle organization","MMEA9_E2",12,7,3.7e-24,0.700439718141092,0.1316
"mitochondrial respiratory chain complex assembly","MMEA9_E2",4,3,3.7e-24,0.321928094887362,0.7761
"DNA-templated transcription elongation","MMEA9_E2",5,3,3.7e-24,0.584962500721156,0.3967
"mitochondrial transport","MMEA9_E2",4,4,3.7e-24,0,1
"establishment of organelle localization","MMEA9_E2",5,9,3.7e-24,-0.736965594166206,0.1481
"regulation of intracellular protein transport","MMEA9_E2",1,5,3.7e-24,-1.58496250072116,0.0391
"response to UV","MMEA9_E2",0,4,3.7e-24,-2.32192809488736,0.0148
"RNA localization","MMEA9_E2",5,4,3.7e-24,0.263034405833794,0.8105
"response to topologically incorrect protein","MMEA9_E2",2,3,3.7e-24,-0.415037499278844,0.5928
"organelle fission","MMEA9_E2",13,10,3.7e-24,0.347923303420307,0.4263
"non-membrane-bounded organelle assembly","MMEA9_E2",5,7,3.7e-24,-0.415037499278844,0.4774
"protein polyubiquitination","MMEA9_E2",2,6,3.7e-24,-1.22239242133645,0.0767
"methylation","MMEA9_E2",1,7,3.7e-24,-2,0.0077
"phospholipid biosynthetic process","MMEA9_E2",3,6,3.7e-24,-0.807354922057604,0.1807
"oxidative phosphorylation","MMEA9_E2",5,3,3.7e-24,0.584962500721156,0.4051
"establishment of protein localization to membrane","MMEA9_E2",8,6,3.7e-24,0.362570079384708,0.5422
"in utero embryonic development","MMEA9_E2",4,8,3.7e-24,-0.84799690655495,0.1024
"vacuole organization","MMEA9_E2",3,4,3.7e-24,-0.321928094887362,0.6398
"nuclear-transcribed mRNA catabolic process","MMEA9_E2",4,3,3.7e-24,0.321928094887362,0.7759
"protein folding","MMEA9_E2",4,3,3.7e-24,0.321928094887362,0.7869
"DNA conformation change","MMEA9_E2",0,2,3.7e-24,-1.58496250072116,0.1535
"regulation of chromosome segregation","MMEA9_E2",2,4,3.7e-24,-0.736965594166206,0.2964
"regulation of apoptotic signaling pathway","MMEA9_E2",11,8,3.7e-24,0.415037499278844,0.3745
"cell cycle G2/M phase transition","MMEA9_E2",3,4,3.7e-24,-0.321928094887362,0.6503
"vacuolar transport","MMEA9_E2",0,4,3.7e-24,-2.32192809488736,0.0245
"response to ionizing radiation","MMEA9_E2",5,3,3.7e-24,0.584962500721156,0.4249
"cellular response to UV","MMEA9_E2",0,2,3.7e-24,-1.58496250072116,0.1108
"regulation of binding","MMEA9_E2",3,7,3.7e-24,-1,0.0831
"nucleic acid transport","MMEA9_E2",3,3,3.7e-24,0,1
"RNA transport","MMEA9_E2",4,3,3.7e-24,0.321928094887362,0.7814
"ribonucleoprotein complex subunit organization","MMEA9_E2",3,5,3.7e-24,-0.584962500721156,0.3102
"regulation of DNA replication","MMEA9_E2",2,3,3.7e-24,-0.415037499278844,0.5969
"ribose phosphate metabolic process","MMEA9_E2",8,9,3.7e-24,-0.15200309344505,0.7457
"proton motive force-driven ATP synthesis","MMEA9_E2",1,2,3.7e-24,-0.584962500721156,0.5473
"ribonucleotide metabolic process","MMEA9_E2",9,9,3.7e-24,0,1
"telomere organization","MMEA9_E2",4,4,3.7e-24,0,1
"cellular response to topologically incorrect protein","MMEA9_E2",1,2,3.7e-24,-0.584962500721156,0.527
"Golgi organization","MMEA9_E2",6,3,3.7e-24,0.807354922057604,0.27
"ribonucleoprotein complex assembly","MMEA9_E2",2,4,3.7e-24,-0.736965594166206,0.2678
"cellular nitrogen compound catabolic process","MMEA9_E2",13,9,3.7e-24,0.485426827170242,0.3266
"negative regulation of phosphorus metabolic process","MMEA9_E2",11,9,3.7e-24,0.263034405833794,0.6273
"heterocycle catabolic process","MMEA9_E2",9,9,3.7e-24,0,1
"mitochondrial membrane organization","MMEA9_E2",4,2,3.7e-24,0.736965594166206,0.291
"regulation of protein-containing complex assembly","MMEA9_E2",6,8,3.7e-24,-0.362570079384708,0.4819
"positive regulation of cellular component biogenesis","MMEA9_E2",11,12,3.7e-24,-0.115477217419936,0.7708
"response to oxidative stress","MMEA9_E2",7,9,3.7e-24,-0.321928094887362,0.5163
"regulation of supramolecular fiber organization","MMEA9_E2",7,8,3.7e-24,-0.169925001442312,0.7419
"positive regulation of protein localization","MMEA9_E2",5,9,3.7e-24,-0.736965594166206,0.1223
"positive regulation of cell projection organization","MMEA9_E2",3,7,3.7e-24,-1,0.0832
"negative regulation of transferase activity","MMEA9_E2",8,5,3.7e-24,0.584962500721156,0.3955
"autophagy of mitochondrion","MMEA9_E2",0,2,3.7e-24,-1.58496250072116,0.1009
"positive regulation of amide metabolic process","MMEA9_E2",3,3,3.7e-24,0,1
"chromatin remodeling","MMEA9_E2",3,8,3.7e-24,-1.16992500144231,0.0486
"viral process","MMEA9_E2",6,8,3.7e-24,-0.362570079384708,0.4922
"macromolecule deacylation","MMEA9_E2",4,3,3.7e-24,0.321928094887362,0.7804
"mitotic cytokinesis","MMEA9_E2",1,2,3.7e-24,-0.584962500721156,0.5865
"aromatic compound catabolic process","MMEA9_E2",5,9,3.7e-24,-0.736965594166206,0.1322
"vesicle localization","MMEA9_E2",6,5,3.7e-24,0.222392421336448,0.8281
"establishment or maintenance of cell polarity","MMEA9_E2",4,5,3.7e-24,-0.263034405833794,0.6875
"Wnt signaling pathway","MMEA9_E2",6,10,3.7e-24,-0.652076696579693,0.168
"cell-cell signaling by wnt","MMEA9_E2",7,8,3.7e-24,-0.169925001442312,0.7488
"ATP metabolic process","MMEA9_E2",7,5,3.7e-24,0.415037499278844,0.5032
"cellular response to chemical stress","MMEA9_E2",8,7,3.7e-24,0.169925001442312,0.8499
"regulation of vacuole organization","MMEA9_E2",2,2,3.7e-24,0,1
"cellular response to external stimulus","MMEA9_E2",2,7,3.7e-24,-1.41503749927884,0.0379
"negative regulation of protein phosphorylation","MMEA9_E2",6,6,3.7e-24,0,1
"negative regulation of catabolic process","MMEA9_E2",5,7,3.7e-24,-0.415037499278844,0.4652
"regulation of microtubule cytoskeleton organization","MMEA9_E2",3,3,3.7e-24,0,1
"chromosome localization","MMEA9_E2",0,2,3.7e-24,-1.58496250072116,0.1636
"negative regulation of mitotic nuclear division","MMEA9_E2",0,1,3.7e-24,-1,0.4159
"regulation of actin filament organization","MMEA9_E2",2,5,3.7e-24,-1,0.1294
"dephosphorylation","MMEA9_E2",6,6,3.7e-24,0,1
"glycosylation","MMEA9_E2",6,5,3.7e-24,0.222392421336448,0.8267
"positive regulation of establishment of protein localization","MMEA9_E2",3,5,3.7e-24,-0.584962500721156,0.3101
"regulation of microtubule-based process","MMEA9_E2",5,6,3.7e-24,-0.222392421336448,0.7051
"cell-substrate junction organization","MMEA9_E2",1,2,3.7e-24,-0.584962500721156,0.5428
"protein-containing complex localization","MMEA9_E2",1,3,3.7e-24,-1,0.2269
"mitochondrial transmembrane transport","MMEA9_E2",2,2,3.7e-24,0,1
"stem cell population maintenance","MMEA9_E2",3,3,3.7e-24,0,1
"ribosome assembly","MMEA9_E2",2,1,3.7e-24,0.584962500721156,0.6437
"intraciliary transport","MMEA9_E2",1,1,3.7e-24,0,1
"Golgi to plasma membrane protein transport","MMEA9_E2",0,1,3.7e-24,-1,0.4536
"response to amino acid starvation","MMEA9_E2",4,1,3.7e-24,1.32192809488736,0.0588
"cellular response to extracellular stimulus","MMEA9_E2",2,5,3.7e-24,-1,0.1274
"cell growth","MMEA9_E2",8,9,3.7e-24,-0.15200309344505,0.7422
"protein glycosylation","MMEA9_E2",1,4,3.7e-24,-1.32192809488736,0.0856
"macromolecule glycosylation","MMEA9_E2",1,5,3.7e-24,-1.58496250072116,0.0535
"maintenance of cell number","MMEA9_E2",2,4,3.7e-24,-0.736965594166206,0.3049
"response to reactive oxygen species","MMEA9_E2",2,4,3.7e-24,-0.736965594166206,0.2659
"regulation of cell morphogenesis","MMEA9_E2",4,5,3.7e-24,-0.263034405833794,0.6853
"regulation of cellular component size","MMEA9_E2",7,8,3.7e-24,-0.169925001442312,0.7308
"cell-substrate junction assembly","MMEA9_E2",3,2,3.7e-24,0.415037499278844,0.7346
"membrane fission","MMEA9_E2",0,1,3.7e-24,-1,0.4128
"membrane docking","MMEA9_E2",1,2,3.7e-24,-0.584962500721156,0.5709
"fibroblast migration","MMEA9_E2",1,1,3.7e-24,0,1
"nucleus organization","MMEA9_E2",3,2,3.7e-24,0.415037499278844,0.7336
"regulation of cell growth","MMEA9_E2",10,7,3.7e-24,0.459431618637297,0.3409
"fibroblast proliferation","MMEA9_E2",2,2,3.7e-24,0,1
"cell cycle G1/S phase transition","MMEA9_E2",4,5,3.7e-24,-0.263034405833794,0.6691
"actin filament organization","MMEA9_E2",5,9,3.7e-24,-0.736965594166206,0.1452
"response to oxygen levels","MMEA9_E2",3,6,3.7e-24,-0.807354922057604,0.151
"epigenetic regulation of gene expression","MMEA9_E2",3,3,3.7e-24,0,1
"organelle fusion","MMEA9_E2",3,2,3.7e-24,0.415037499278844,0.742
"lipoprotein metabolic process","MMEA9_E2",3,3,3.7e-24,0,1
"protein lipidation","MMEA9_E2",0,2,3.7e-24,-1.58496250072116,0.1779
"regulation of plasma membrane bounded cell projection assembly","MMEA9_E2",2,4,3.7e-24,-0.736965594166206,0.292
"regulation of actin filament-based process","MMEA9_E2",8,8,3.7e-24,0,1
"regulation of GTPase activity","MMEA9_E2",2,6,3.7e-24,-1.22239242133645,0.0432
"nuclear envelope organization","MMEA9_E2",2,1,3.7e-24,0.584962500721156,0.6346
"protein autophosphorylation","MMEA9_E2",2,4,3.7e-24,-0.736965594166206,0.303
"connective tissue development","MMEA9_E2",4,6,3.7e-24,-0.485426827170242,0.4388
"cellular response to heat","MMEA9_E2",1,1,3.7e-24,0,1
"myeloid cell homeostasis","MMEA9_E2",4,3,3.7e-24,0.321928094887362,0.7781
"regulation of neuron projection development","MMEA9_E2",3,10,3.7e-24,-1.4594316186373,0.012
"receptor metabolic process","MMEA9_E2",0,1,3.7e-24,-1,0.4783
"maintenance of protein location in cell","MMEA9_E2",1,1,3.7e-24,0,1
"apoptotic mitochondrial changes","MMEA9_E2",0,2,3.7e-24,-1.58496250072116,0.1394
"response to transforming growth factor beta","MMEA9_E2",2,5,3.7e-24,-1,0.1484
"neural tube development","MMEA9_E2",2,3,3.7e-24,-0.415037499278844,0.6095
"maintenance of protein location","MMEA9_E2",1,2,3.7e-24,-0.584962500721156,0.5218
"regulation of ubiquitin-protein transferase activity","MMEA9_E2",0,1,3.7e-24,-1,0.4489
"cilium assembly","MMEA9_E2",7,7,3.7e-24,0,1
"mRNA export from nucleus","MMEA9_E2",2,1,3.7e-24,0.584962500721156,0.6844
"regulation of cell-substrate junction organization","MMEA9_E2",2,1,3.7e-24,0.584962500721156,0.6867
"membrane biogenesis","MMEA9_E2",2,1,3.7e-24,0.584962500721156,0.6733
"cilium organization","MMEA9_E2",4,7,3.7e-24,-0.678071905112638,0.2205
"platelet-derived growth factor receptor signaling pathway","MMEA9_E2",0,1,3.7e-24,-1,0.4196
"iron-sulfur cluster assembly","MMEA9_E2",0,1,3.7e-24,-1,0.4167
"metallo-sulfur cluster assembly","MMEA9_E2",0,1,3.7e-24,-1,0.4461
"centromere complex assembly","MMEA9_E2",0,1,3.7e-24,-1,0.475
"cellular response to oxygen levels","MMEA9_E2",4,3,3.7e-24,0.321928094887362,0.7794
"fatty acid beta-oxidation","MMEA9_E2",0,1,3.7e-24,-1,0.4136
"organelle localization by membrane tethering","MMEA9_E2",1,2,3.7e-24,-0.584962500721156,0.5605
"autophagosome maturation","MMEA9_E2",0,1,3.7e-24,-1,0.427
"cellular response to transforming growth factor beta stimulus","MMEA9_E2",5,5,3.7e-24,0,1
"nucleotide catabolic process","MMEA9_E2",1,1,3.7e-24,0,1
"tube closure","MMEA9_E2",1,1,3.7e-24,0,1
"regulation of stem cell differentiation","MMEA9_E2",0,1,3.7e-24,-1,0.4155
"substrate adhesion-dependent cell spreading","MMEA9_E2",1,2,3.7e-24,-0.584962500721156,0.5473
"chondrocyte differentiation","MMEA9_E2",4,2,3.7e-24,0.736965594166206,0.3436
"regulation of fibroblast proliferation","MMEA9_E2",2,1,3.7e-24,0.584962500721156,0.6619
"morphogenesis of an epithelial sheet","MMEA9_E2",1,1,3.7e-24,0,1
"microtubule polymerization","MMEA9_E2",2,1,3.7e-24,0.584962500721156,0.6856
"response to virus","MMEA9_E2",11,8,3.7e-24,0.415037499278844,0.376
"membrane assembly","MMEA9_E2",1,1,3.7e-24,0,1
"COPII vesicle coating","MMEA9_E2",0,0,3.7e-24,0,1
"erythrocyte differentiation","MMEA9_E2",0,3,3.7e-24,-2,0.0631
"organophosphate catabolic process","MMEA9_E2",5,3,3.7e-24,0.584962500721156,0.3931
"regulation of embryonic development","MMEA9_E2",1,2,3.7e-24,-0.584962500721156,0.561
"regulation of focal adhesion assembly","MMEA9_E2",0,1,3.7e-24,-1,0.4981
"regulation of cell-substrate junction assembly","MMEA9_E2",3,1,3.7e-24,1,0.4132
"regulation of extracellular matrix organization","MMEA9_E2",0,1,3.7e-24,-1,0.4287
"GPI anchor biosynthetic process","MMEA9_E2",0,1,3.7e-24,-1,0.4824
"lamellipodium organization","MMEA9_E2",1,2,3.7e-24,-0.584962500721156,0.5593
"positive regulation of stem cell population maintenance","MMEA9_E2",0,1,3.7e-24,-1,0.4107
"monosaccharide metabolic process","MMEA9_E2",1,5,3.7e-24,-1.58496250072116,0.0459
"U2-type prespliceosome assembly","MMEA9_E2",0,1,3.7e-24,-1,0.4797
"heterochromatin formation","MMEA9_E2",1,2,3.7e-24,-0.584962500721156,0.5219
"peroxisome organization","MMEA9_E2",4,0,3.7e-24,2.32192809488736,0.0047
"regulation of mitochondrial fission","MMEA9_E2",0,1,3.7e-24,-1,0.5023
"cellular pigmentation","MMEA9_E2",1,1,3.7e-24,0,1
"regulation of fibroblast migration","MMEA9_E2",2,1,3.7e-24,0.584962500721156,0.6399
"cellular carbohydrate metabolic process","MMEA9_E2",5,5,3.7e-24,0,1
"positive regulation of axonogenesis","MMEA9_E2",1,2,3.7e-24,-0.584962500721156,0.5767
"kinetochore organization","MMEA9_E2",0,0,3.7e-24,0,1
"stem cell differentiation","MMEA9_E2",5,5,3.7e-24,0,1
"proton transmembrane transport","MMEA9_E2",3,3,3.7e-24,0,1
"cellular response to insulin stimulus","MMEA9_E2",2,4,3.7e-24,-0.736965594166206,0.2567
"establishment of mitotic spindle localization","MMEA9_E2",0,1,3.7e-24,-1,0.4908
"cell redox homeostasis","MMEA9_E2",0,1,3.7e-24,-1,0.4645
"stress granule assembly","MMEA9_E2",0,0,3.7e-24,0,1
"protein neddylation","MMEA9_E2",0,1,3.7e-24,-1,0.5335
"regulation of mitochondrial membrane potential","MMEA9_E2",0,1,3.7e-24,-1,0.4152
"neuron death","MMEA9_E2",4,7,3.7e-24,-0.678071905112638,0.2232
"defense response to virus","MMEA9_E2",4,5,3.7e-24,-0.263034405833794,0.6949
"sulfur compound metabolic process","MMEA9_E2",3,5,3.7e-24,-0.584962500721156,0.3042
"NADP metabolic process","MMEA9_E2",2,0,3.7e-24,1.58496250072116,0.1364
"vacuolar acidification","MMEA9_E2",0,1,3.7e-24,-1,0.4909
"oligosaccharide-lipid intermediate biosynthetic process","MMEA9_E2",2,0,3.7e-24,1.58496250072116,0.0606
"lysosomal lumen acidification","MMEA9_E2",0,0,3.7e-24,0,1
"glycosyl compound biosynthetic process","MMEA9_E2",1,0,3.7e-24,1,0.3579
"heart valve development","MMEA9_E2",1,1,3.7e-24,0,1
"water-soluble vitamin metabolic process","MMEA9_E2",0,1,3.7e-24,-1,0.4273
"interferon-beta production","MMEA9_E2",2,1,3.7e-24,0.584962500721156,0.6357
"regulation of interferon-beta production","MMEA9_E2",1,1,3.7e-24,0,1
"branched-chain amino acid metabolic process","MMEA9_E2",0,0,3.7e-24,0,1
"regulation of mitochondrial membrane permeability","MMEA9_E2",1,2,3.7e-24,-0.584962500721156,0.5828
"respiratory tube development","MMEA9_E2",2,3,3.7e-24,-0.415037499278844,0.5968
"cellular senescence","MMEA9_E2",2,2,3.7e-24,0,1
"positive regulation of neurogenesis","MMEA9_E2",3,4,3.7e-24,-0.321928094887362,0.6407
"mitochondrial outer membrane permeabilization","MMEA9_E2",0,0,3.7e-24,0,1
"immune system development","MMEA9_E2",3,3,3.7e-24,0,1
"clathrin-dependent endocytosis","MMEA9_E2",0,1,3.7e-24,-1,0.4785
"positive regulation of viral process","MMEA9_E2",0,1,3.7e-24,-1,0.5032
"bone development","MMEA9_E2",5,3,3.7e-24,0.584962500721156,0.4101
"cell-substrate adhesion","MMEA9_E2",4,6,3.7e-24,-0.485426827170242,0.4358
"positive regulation of microtubule polymerization","MMEA9_E2",1,0,3.7e-24,1,0.3934
"pteridine-containing compound metabolic process","MMEA9_E2",2,1,3.7e-24,0.584962500721156,0.6416
"response to arsenic-containing substance","MMEA9_E2",1,0,3.7e-24,1,0.4625
"response to insulin","MMEA9_E2",4,5,3.7e-24,-0.263034405833794,0.6695
"ubiquinone metabolic process","MMEA9_E2",1,0,3.7e-24,1,0.42
"cellular response to arsenic-containing substance","MMEA9_E2",1,0,3.7e-24,1,0.3812
"inositol phosphate catabolic process","MMEA9_E2",0,0,3.7e-24,0,1
"telomerase RNA localization to Cajal body","MMEA9_E2",0,0,3.7e-24,0,1
"respiratory system development","MMEA9_E2",1,4,3.7e-24,-1.32192809488736,0.0853
"regulation of generation of precursor metabolites and energy","MMEA9_E2",2,3,3.7e-24,-0.415037499278844,0.6155
"mitochondrial calcium ion homeostasis","MMEA9_E2",2,0,3.7e-24,1.58496250072116,0.0912
"G0 to G1 transition","MMEA9_E2",0,0,3.7e-24,0,1
"mitochondrial genome maintenance","MMEA9_E2",1,1,3.7e-24,0,1
"release of cytochrome c from mitochondria","MMEA9_E2",0,1,3.7e-24,-1,0.429
"cortical cytoskeleton organization","MMEA9_E2",1,1,3.7e-24,0,1
"response to sterol depletion","MMEA9_E2",0,0,3.7e-24,0,1
"regulation of ncRNA transcription","MMEA9_E2",1,1,3.7e-24,0,1
"mesenchymal cell differentiation","MMEA9_E2",5,5,3.7e-24,0,1
"protein-DNA complex subunit organization","MMEA9_E2",4,5,3.7e-24,-0.263034405833794,0.6772
"response to fluid shear stress","MMEA9_E2",1,1,3.7e-24,0,1
"collagen fibril organization","MMEA9_E2",0,1,3.7e-24,-1,0.424
"roof of mouth development","MMEA9_E2",1,1,3.7e-24,0,1
"regulation of protein dephosphorylation","MMEA9_E2",1,2,3.7e-24,-0.584962500721156,0.5711
"multicellular organism growth","MMEA9_E2",4,2,3.7e-24,0.736965594166206,0.3496
"miRNA processing","MMEA9_E2",1,1,3.7e-24,0,1
"small molecule catabolic process","MMEA9_E2",7,6,3.7e-24,0.192645077942396,0.8397
"regulation of G0 to G1 transition","MMEA9_E2",0,0,3.7e-24,0,1
"circadian regulation of gene expression","MMEA9_E2",1,1,3.7e-24,0,1
"regulation of translational fidelity","MMEA9_E2",1,0,3.7e-24,1,0.294
"ubiquinone biosynthetic process","MMEA9_E2",0,0,3.7e-24,0,1
"mitochondrial calcium ion transmembrane transport","MMEA9_E2",0,0,3.7e-24,0,1
"quinone biosynthetic process","MMEA9_E2",0,0,3.7e-24,0,1
"viral release from host cell","MMEA9_E2",0,0,3.7e-24,0,1
"exit from host cell","MMEA9_E2",1,1,3.7e-24,0,1
"positive regulation of GTPase activity","MMEA9_E2",2,4,3.7e-24,-0.736965594166206,0.2574
"regulation of cytokinesis","MMEA9_E2",2,2,3.7e-24,0,1
"mitochondrion localization","MMEA9_E2",0,1,3.7e-24,-1,0.411
"renal system development","MMEA9_E2",2,5,3.7e-24,-1,0.143
"regulation of cysteine-type endopeptidase activity involved in apoptotic process","MMEA9_E2",6,4,3.7e-24,0.485426827170242,0.4528
"regulation of cell-substrate adhesion","MMEA9_E2",3,4,3.7e-24,-0.321928094887362,0.6482
"centrosome localization","MMEA9_E2",0,0,3.7e-24,0,1
"microtubule organizing center localization","MMEA9_E2",1,1,3.7e-24,0,1
"pinocytosis","MMEA9_E2",1,0,3.7e-24,1,0.3637
"lamellipodium assembly","MMEA9_E2",2,1,3.7e-24,0.584962500721156,0.6455
"cellular response to sterol depletion","MMEA9_E2",0,0,3.7e-24,0,1
"placenta development","MMEA9_E2",2,2,3.7e-24,0,1
"rhythmic process","MMEA9_E2",7,5,3.7e-24,0.415037499278844,0.503
"spindle localization","MMEA9_E2",2,1,3.7e-24,0.584962500721156,0.6426
"carbohydrate derivative catabolic process","MMEA9_E2",2,3,3.7e-24,-0.415037499278844,0.6055
"response to amino acid","MMEA9_E2",3,2,3.7e-24,0.415037499278844,0.7281
"regulation of intracellular steroid hormone receptor signaling pathway","MMEA9_E2",1,1,3.7e-24,0,1
"regulation of neuron death","MMEA9_E2",4,4,3.7e-24,0,1
"ossification","MMEA9_E2",6,7,3.7e-24,-0.192645077942396,0.7187
"mammary gland epithelial cell proliferation","MMEA9_E2",0,0,3.7e-24,0,1
"ribosomal subunit export from nucleus","MMEA9_E2",1,0,3.7e-24,1,0.2018
"ribosome localization","MMEA9_E2",0,0,3.7e-24,0,1
"protein transport to vacuole involved in ubiquitin-dependent protein catabolic process via the multivesicular body sorting pathway","MMEA9_E2",0,0,3.7e-24,0,1
"seminiferous tubule development","MMEA9_E2",0,0,3.7e-24,0,1
"cellular response to acid chemical","MMEA9_E2",0,1,3.7e-24,-1,0.4256
"positive regulation of kinase activity","MMEA9_E2",6,9,3.7e-24,-0.514573172829758,0.2815
"positive regulation by host of viral process","MMEA9_E2",0,0,3.7e-24,0,1
"mitochondrion morphogenesis","MMEA9_E2",0,0,3.7e-24,0,1
"regulation of establishment of cell polarity","MMEA9_E2",1,0,3.7e-24,1,0.3983
"cellular lipid catabolic process","MMEA9_E2",4,3,3.7e-24,0.321928094887362,0.7852
"neuron apoptotic process","MMEA9_E2",2,4,3.7e-24,-0.736965594166206,0.293
"inner cell mass cell proliferation","MMEA9_E2",0,0,3.7e-24,0,1
"polyamine biosynthetic process","MMEA9_E2",0,0,3.7e-24,0,1
"folic acid metabolic process","MMEA9_E2",1,0,3.7e-24,1,0.3091
"organelle inheritance","MMEA9_E2",1,0,3.7e-24,1,0.23
"polyol metabolic process","MMEA9_E2",1,2,3.7e-24,-0.584962500721156,0.5483
"regulation of type I interferon-mediated signaling pathway","MMEA9_E2",0,1,3.7e-24,-1,0.5001
"intracellular lipid transport","MMEA9_E2",0,1,3.7e-24,-1,0.4343
"fat cell differentiation","MMEA9_E2",1,4,3.7e-24,-1.32192809488736,0.0692
"iron ion homeostasis","MMEA9_E2",0,1,3.7e-24,-1,0.4182
"negative regulation of cell projection organization","MMEA9_E2",3,4,3.7e-24,-0.321928094887362,0.6469
"dicarboxylic acid metabolic process","MMEA9_E2",1,1,3.7e-24,0,1
"regulation of anatomical structure size","MMEA9_E2",4,9,3.7e-24,-1,0.0562
"regulation of small molecule metabolic process","MMEA9_E2",10,6,3.7e-24,0.652076696579693,0.227
"pentose-phosphate shunt","MMEA9_E2",0,0,3.7e-24,0,1
"pericardium development","MMEA9_E2",0,0,3.7e-24,0,1
"lysosomal protein catabolic process","MMEA9_E2",1,0,3.7e-24,1,0.4483
"carbohydrate derivative transport","MMEA9_E2",1,1,3.7e-24,0,1
"alcohol biosynthetic process","MMEA9_E2",5,3,3.7e-24,0.584962500721156,0.3826
"regulation of membrane permeability","MMEA9_E2",1,2,3.7e-24,-0.584962500721156,0.5919
"signal peptide processing","MMEA9_E2",0,0,3.7e-24,0,1
"UV-damage excision repair","MMEA9_E2",0,0,3.7e-24,0,1
"biological process involved in interaction with host","MMEA9_E2",4,4,3.7e-24,0,1
"body morphogenesis","MMEA9_E2",0,1,3.7e-24,-1,0.4888
"extracellular vesicle biogenesis","MMEA9_E2",0,0,3.7e-24,0,1
"negative regulation of defense response to virus","MMEA9_E2",0,0,3.7e-24,0,1
"aminoglycan biosynthetic process","MMEA9_E2",0,1,3.7e-24,-1,0.4152
"sterol biosynthetic process","MMEA9_E2",2,1,3.7e-24,0.584962500721156,0.6428
"polyamine metabolic process","MMEA9_E2",0,0,3.7e-24,0,1
"magnesium ion transport","MMEA9_E2",0,0,3.7e-24,0,1
"lamellipodium morphogenesis","MMEA9_E2",0,0,3.7e-24,0,1
"positive regulation of neuron migration","MMEA9_E2",0,0,3.7e-24,0,1
"regulation of glucose metabolic process","MMEA9_E2",0,1,3.7e-24,-1,0.4084
"monosaccharide biosynthetic process","MMEA9_E2",2,1,3.7e-24,0.584962500721156,0.6728
"response to acid chemical","MMEA9_E2",0,3,3.7e-24,-2,0.0648
"regulation of carbohydrate metabolic process","MMEA9_E2",2,3,3.7e-24,-0.415037499278844,0.5947
"positive regulation of nervous system development","MMEA9_E2",7,5,3.7e-24,0.415037499278844,0.5066
"regulation of circadian rhythm","MMEA9_E2",2,2,3.7e-24,0,1
"trabecula morphogenesis","MMEA9_E2",1,1,3.7e-24,0,1
"pigment accumulation","MMEA9_E2",0,0,3.7e-24,0,1
"cellular pigment accumulation","MMEA9_E2",0,0,3.7e-24,0,1
"regulation of pinocytosis","MMEA9_E2",1,0,3.7e-24,1,0.1915
"regulation of ligase activity","MMEA9_E2",0,0,3.7e-24,0,1
"smoothened signaling pathway involved in dorsal/ventral neural tube patterning","MMEA9_E2",1,0,3.7e-24,1,0.3452
"glycosyl compound metabolic process","MMEA9_E2",0,1,3.7e-24,-1,0.4107
"substantia nigra development","MMEA9_E2",1,1,3.7e-24,0,1
"negative regulation of GTPase activity","MMEA9_E2",1,1,3.7e-24,0,1
"axon extension","MMEA9_E2",0,2,3.7e-24,-1.58496250072116,0.1264
"positive regulation of epithelial to mesenchymal transition","MMEA9_E2",0,1,3.7e-24,-1,0.4838
"one-carbon metabolic process","MMEA9_E2",0,0,3.7e-24,0,1
"NADPH regeneration","MMEA9_E2",0,0,3.7e-24,0,1
"cellular response to dsRNA","MMEA9_E2",2,0,3.7e-24,1.58496250072116,0.1263
"neuron projection organization","MMEA9_E2",0,1,3.7e-24,-1,0.4171
"postsynapse organization","MMEA9_E2",2,3,3.7e-24,-0.415037499278844,0.595
"regulation of ketone biosynthetic process","MMEA9_E2",0,0,3.7e-24,0,1
"mitochondrion distribution","MMEA9_E2",0,0,3.7e-24,0,1
"regulation of autophagosome maturation","MMEA9_E2",1,0,3.7e-24,1,0.3035
"magnesium ion transmembrane transport","MMEA9_E2",1,0,3.7e-24,1,0.3046
"regulation of cell division","MMEA9_E2",2,3,3.7e-24,-0.415037499278844,0.5958
"intermembrane lipid transfer","MMEA9_E2",0,1,3.7e-24,-1,0.4793
"organophosphate ester transport","MMEA9_E2",0,2,3.7e-24,-1.58496250072116,0.0882
"movement in host","MMEA9_E2",3,2,3.7e-24,0.415037499278844,0.748
"extracellular matrix assembly","MMEA9_E2",0,1,3.7e-24,-1,0.4816
"cellular metabolic compound salvage","MMEA9_E2",1,0,3.7e-24,1,0.3858
"regulation of ATP-dependent activity","MMEA9_E2",1,1,3.7e-24,0,1
"cell migration involved in heart development","MMEA9_E2",2,0,3.7e-24,1.58496250072116,0.1276
"cellular response to fluid shear stress","MMEA9_E2",0,0,3.7e-24,0,1
"sphingomyelin biosynthetic process","MMEA9_E2",0,0,3.7e-24,0,1
"ether lipid biosynthetic process","MMEA9_E2",0,0,3.7e-24,0,1
"embryonic body morphogenesis","MMEA9_E2",0,0,3.7e-24,0,1
"amino sugar biosynthetic process","MMEA9_E2",0,0,3.7e-24,0,1
"glycerol ether biosynthetic process","MMEA9_E2",0,0,3.7e-24,0,1
"pigmentation","MMEA9_E2",4,2,3.7e-24,0.736965594166206,0.329
"cellular response to ketone","MMEA9_E2",1,2,3.7e-24,-0.584962500721156,0.5404
"nonribosomal peptide biosynthetic process","MMEA9_E2",0,0,3.7e-24,0,1
"glial cell apoptotic process","MMEA9_E2",1,0,3.7e-24,1,0.4316
"lipoprotein catabolic process","MMEA9_E2",0,0,3.7e-24,0,1
"suppression of viral release by host","MMEA9_E2",0,0,3.7e-24,0,1
"chaperone-mediated autophagy","MMEA9_E2",0,0,3.7e-24,0,1
"regulation of steroid hormone biosynthetic process","MMEA9_E2",0,0,3.7e-24,0,1
"synaptic vesicle lumen acidification","MMEA9_E2",1,0,3.7e-24,1,0.3066
"semaphorin-plexin signaling pathway involved in neuron projection guidance","MMEA9_E2",0,0,3.7e-24,0,1
"regulation of Golgi organization","MMEA9_E2",0,0,3.7e-24,0,1
"Schwann cell differentiation","MMEA9_E2",0,1,3.7e-24,-1,0.4164
"neurotrophin signaling pathway","MMEA9_E2",0,0,3.7e-24,0,1
"regulation of microtubule depolymerization","MMEA9_E2",0,0,3.7e-24,0,1
"basement membrane organization","MMEA9_E2",0,1,3.7e-24,-1,0.5231
"establishment or maintenance of epithelial cell apical/basal polarity","MMEA9_E2",1,1,3.7e-24,0,1
"face development","MMEA9_E2",2,1,3.7e-24,0.584962500721156,0.6381
"osteoblast differentiation","MMEA9_E2",2,4,3.7e-24,-0.736965594166206,0.2717
"appendage development","MMEA9_E2",3,3,3.7e-24,0,1
"limb development","MMEA9_E2",8,3,3.7e-24,1.16992500144231,0.0552
"regulation of ATP metabolic process","MMEA9_E2",0,2,3.7e-24,-1.58496250072116,0.1556
"developmental growth involved in morphogenesis","MMEA9_E2",1,3,3.7e-24,-1,0.1988
"embryonic organ development","MMEA9_E2",3,7,3.7e-24,-1,0.0637
"negative regulation of growth","MMEA9_E2",2,4,3.7e-24,-0.736965594166206,0.2626
"microtubule depolymerization","MMEA9_E2",0,0,3.7e-24,0,1
"heme metabolic process","MMEA9_E2",1,0,3.7e-24,1,0.4876
"regulation of neuron apoptotic process","MMEA9_E2",2,3,3.7e-24,-0.415037499278844,0.5946
"plasma membrane tubulation","MMEA9_E2",0,0,3.7e-24,0,1
"exosomal secretion","MMEA9_E2",0,0,3.7e-24,0,1
"vasculogenesis","MMEA9_E2",1,2,3.7e-24,-0.584962500721156,0.5277
"toxin transport","MMEA9_E2",0,0,3.7e-24,0,1
"ncRNA processing","MMEA9_E3",23,34,3.7e-24,-0.54432051622381,0.031
"ribosome biogenesis","MMEA9_E3",14,23,3.7e-24,-0.678071905112638,0.0345
"rRNA metabolic process","MMEA9_E3",14,20,3.7e-24,-0.485426827170242,0.131
"proteasome-mediated ubiquitin-dependent protein catabolic process","MMEA9_E3",29,35,3.7e-24,-0.263034405833794,0.2767
"regulation of response to DNA damage stimulus","MMEA9_E3",27,26,3.7e-24,0.0524674198941355,0.9231
"establishment of protein localization to organelle","MMEA9_E3",33,33,3.7e-24,0,1
"macroautophagy","MMEA9_E3",18,23,3.7e-24,-0.337034987277571,0.2638
"regulation of chromosome organization","MMEA9_E3",16,21,3.7e-24,-0.371968777386958,0.2558
"Golgi vesicle transport","MMEA9_E3",31,25,3.7e-24,0.299560281858908,0.3178
"double-strand break repair","MMEA9_E3",13,22,3.7e-24,-0.716207033999409,0.0235
"histone modification","MMEA9_E3",22,34,3.7e-24,-0.605721060887954,0.0221
"sister chromatid segregation","MMEA9_E3",10,20,3.7e-24,-0.932885804141463,0.0106
"DNA replication","MMEA9_E3",22,22,3.7e-24,0,1
"chromosome segregation","MMEA9_E3",29,31,3.7e-24,-0.0931094043914815,0.7232
"mitochondrial gene expression","MMEA9_E3",13,13,3.7e-24,0,1
"nucleocytoplasmic transport","MMEA9_E3",15,23,3.7e-24,-0.584962500721156,0.0603
"nuclear transport","MMEA9_E3",23,26,3.7e-24,-0.169925001442312,0.5629
"regulation of DNA repair","MMEA9_E3",14,16,3.7e-24,-0.180572245641821,0.6213
"peptidyl-lysine modification","MMEA9_E3",22,27,3.7e-24,-0.283792966000591,0.2945
"protein targeting","MMEA9_E3",17,25,3.7e-24,-0.53051471669878,0.0705
"cytoplasmic translation","MMEA9_E3",3,13,3.7e-24,-1.8073549220576,8e-04
"regulation of autophagy","MMEA9_E3",26,25,3.7e-24,0.0544477840223765,0.9204
"signal transduction in response to DNA damage","MMEA9_E3",11,14,3.7e-24,-0.321928094887362,0.4262
"regulation of intracellular transport","MMEA9_E3",15,22,3.7e-24,-0.523561956057013,0.0844
"protein localization to nucleus","MMEA9_E3",15,20,3.7e-24,-0.39231742277876,0.2415
"microtubule cytoskeleton organization involved in mitosis","MMEA9_E3",12,13,3.7e-24,-0.106915203916512,0.7862
"telomere maintenance","MMEA9_E3",11,12,3.7e-24,-0.115477217419936,0.7787
"cell cycle checkpoint signaling","MMEA9_E3",10,15,3.7e-24,-0.540568381362703,0.1418
"regulation of protein modification by small protein conjugation or removal","MMEA9_E3",11,19,3.7e-24,-0.736965594166206,0.0358
"cellular respiration","MMEA9_E3",13,19,3.7e-24,-0.514573172829758,0.1215
"cellular component disassembly","MMEA9_E3",27,32,3.7e-24,-0.237039197300849,0.3779
"nuclear chromosome segregation","MMEA9_E3",22,27,3.7e-24,-0.283792966000591,0.3131
"regulation of protein stability","MMEA9_E3",13,23,3.7e-24,-0.777607578663552,0.0142
"regulation of cell cycle phase transition","MMEA9_E3",23,31,3.7e-24,-0.415037499278844,0.1192
"regulation of protein catabolic process","MMEA9_E3",32,29,3.7e-24,0.137503523749935,0.6328
"response to endoplasmic reticulum stress","MMEA9_E3",14,18,3.7e-24,-0.341036917835067,0.3149
"vesicle organization","MMEA9_E3",18,25,3.7e-24,-0.452512204697507,0.1193
"mitochondrial respiratory chain complex assembly","MMEA9_E3",5,8,3.7e-24,-0.584962500721156,0.2356
"DNA-templated transcription elongation","MMEA9_E3",8,10,3.7e-24,-0.289506617194985,0.5376
"mitochondrial transport","MMEA9_E3",9,15,3.7e-24,-0.678071905112638,0.0728
"establishment of organelle localization","MMEA9_E3",21,30,3.7e-24,-0.494764691749578,0.0713
"regulation of intracellular protein transport","MMEA9_E3",13,16,3.7e-24,-0.280107919192735,0.4609
"response to UV","MMEA9_E3",11,12,3.7e-24,-0.115477217419936,0.7805
"RNA localization","MMEA9_E3",14,15,3.7e-24,-0.0931094043914815,0.8053
"response to topologically incorrect protein","MMEA9_E3",5,11,3.7e-24,-1,0.0278
"organelle fission","MMEA9_E3",22,33,3.7e-24,-0.563900885193326,0.0278
"non-membrane-bounded organelle assembly","MMEA9_E3",30,28,3.7e-24,0.096215315259303,0.7748
"protein polyubiquitination","MMEA9_E3",15,19,3.7e-24,-0.321928094887362,0.3688
"methylation","MMEA9_E3",18,25,3.7e-24,-0.452512204697507,0.1293
"phospholipid biosynthetic process","MMEA9_E3",15,17,3.7e-24,-0.169925001442312,0.645
"oxidative phosphorylation","MMEA9_E3",4,11,3.7e-24,-1.26303440583379,0.0153
"establishment of protein localization to membrane","MMEA9_E3",18,20,3.7e-24,-0.144389909335175,0.6528
"in utero embryonic development","MMEA9_E3",18,27,3.7e-24,-0.559427408614019,0.0495
"vacuole organization","MMEA9_E3",19,16,3.7e-24,0.234465253637023,0.5308
"nuclear-transcribed mRNA catabolic process","MMEA9_E3",8,9,3.7e-24,-0.15200309344505,0.743
"protein folding","MMEA9_E3",13,16,3.7e-24,-0.280107919192735,0.4722
"DNA conformation change","MMEA9_E3",3,6,3.7e-24,-0.807354922057604,0.1477
"regulation of chromosome segregation","MMEA9_E3",10,9,3.7e-24,0.137503523749935,0.8727
"regulation of apoptotic signaling pathway","MMEA9_E3",18,26,3.7e-24,-0.506959988719883,0.0891
"cell cycle G2/M phase transition","MMEA9_E3",9,13,3.7e-24,-0.485426827170242,0.2235
"vacuolar transport","MMEA9_E3",15,13,3.7e-24,0.192645077942396,0.6848
"response to ionizing radiation","MMEA9_E3",12,12,3.7e-24,0,1
"cellular response to UV","MMEA9_E3",10,8,3.7e-24,0.289506617194985,0.605
"regulation of binding","MMEA9_E3",18,24,3.7e-24,-0.395928676331139,0.1916
"nucleic acid transport","MMEA9_E3",8,10,3.7e-24,-0.289506617194985,0.5312
"RNA transport","MMEA9_E3",9,12,3.7e-24,-0.37851162325373,0.3974
"ribonucleoprotein complex subunit organization","MMEA9_E3",18,17,3.7e-24,0.0780025120012732,0.9008
"regulation of DNA replication","MMEA9_E3",4,11,3.7e-24,-1.26303440583379,0.0183
"ribose phosphate metabolic process","MMEA9_E3",21,28,3.7e-24,-0.398549376490275,0.1454
"proton motive force-driven ATP synthesis","MMEA9_E3",4,6,3.7e-24,-0.485426827170242,0.4285
"ribonucleotide metabolic process","MMEA9_E3",21,29,3.7e-24,-0.447458976971221,0.0991
"telomere organization","MMEA9_E3",8,13,3.7e-24,-0.637429920615292,0.1268
"cellular response to topologically incorrect protein","MMEA9_E3",10,9,3.7e-24,0.137503523749935,0.8727
"Golgi organization","MMEA9_E3",7,11,3.7e-24,-0.584962500721156,0.1876
"ribonucleoprotein complex assembly","MMEA9_E3",9,15,3.7e-24,-0.678071905112638,0.0751
"cellular nitrogen compound catabolic process","MMEA9_E3",22,32,3.7e-24,-0.52083216330144,0.0435
"negative regulation of phosphorus metabolic process","MMEA9_E3",32,29,3.7e-24,0.137503523749935,0.645
"heterocycle catabolic process","MMEA9_E3",17,32,3.7e-24,-0.874469117916141,0.0013
"mitochondrial membrane organization","MMEA9_E3",8,8,3.7e-24,0,1
"regulation of protein-containing complex assembly","MMEA9_E3",20,27,3.7e-24,-0.415037499278844,0.131
"positive regulation of cellular component biogenesis","MMEA9_E3",32,34,3.7e-24,-0.0848888975865131,0.7313
"response to oxidative stress","MMEA9_E3",20,28,3.7e-24,-0.465663572348812,0.0789
"regulation of supramolecular fiber organization","MMEA9_E3",28,26,3.7e-24,0.103093492964104,0.766
"positive regulation of protein localization","MMEA9_E3",28,33,3.7e-24,-0.229481846122767,0.3891
"positive regulation of cell projection organization","MMEA9_E3",18,24,3.7e-24,-0.395928676331139,0.1996
"negative regulation of transferase activity","MMEA9_E3",15,19,3.7e-24,-0.321928094887362,0.3675
"autophagy of mitochondrion","MMEA9_E3",7,7,3.7e-24,0,1
"positive regulation of amide metabolic process","MMEA9_E3",8,12,3.7e-24,-0.53051471669878,0.2251
"chromatin remodeling","MMEA9_E3",21,26,3.7e-24,-0.295455883526171,0.2963
"viral process","MMEA9_E3",32,27,3.7e-24,0.237039197300849,0.3895
"macromolecule deacylation","MMEA9_E3",7,9,3.7e-24,-0.321928094887362,0.5147
"mitotic cytokinesis","MMEA9_E3",2,6,3.7e-24,-1.22239242133645,0.0472
"aromatic compound catabolic process","MMEA9_E3",20,31,3.7e-24,-0.60768257722124,0.0243
"vesicle localization","MMEA9_E3",10,17,3.7e-24,-0.710493382805015,0.0515
"establishment or maintenance of cell polarity","MMEA9_E3",10,16,3.7e-24,-0.628031222613042,0.0783
"Wnt signaling pathway","MMEA9_E3",22,31,3.7e-24,-0.476438043942987,0.0726
"cell-cell signaling by wnt","MMEA9_E3",14,28,3.7e-24,-0.951090399519053,0.0026
"ATP metabolic process","MMEA9_E3",16,14,3.7e-24,0.180572245641821,0.6911
"cellular response to chemical stress","MMEA9_E3",20,22,3.7e-24,-0.131244533278253,0.6786
"regulation of vacuole organization","MMEA9_E3",2,4,3.7e-24,-0.736965594166206,0.2963
"cellular response to external stimulus","MMEA9_E3",12,22,3.7e-24,-0.823122237915921,0.0172
"negative regulation of protein phosphorylation","MMEA9_E3",17,21,3.7e-24,-0.289506617194985,0.3883
"negative regulation of catabolic process","MMEA9_E3",25,22,3.7e-24,0.176877762084079,0.5935
"regulation of microtubule cytoskeleton organization","MMEA9_E3",11,11,3.7e-24,0,1
"chromosome localization","MMEA9_E3",9,8,3.7e-24,0.15200309344505,0.8664
"negative regulation of mitotic nuclear division","MMEA9_E3",4,4,3.7e-24,0,1
"regulation of actin filament organization","MMEA9_E3",19,18,3.7e-24,0.0740005814437768,0.9059
"dephosphorylation","MMEA9_E3",18,22.5,3.7e-24,-0.306661338234052,0.31
"glycosylation","MMEA9_E3",19,15,3.7e-24,0.321928094887362,0.3656
"positive regulation of establishment of protein localization","MMEA9_E3",17,21,3.7e-24,-0.289506617194985,0.3895
"regulation of microtubule-based process","MMEA9_E3",18,16,3.7e-24,0.160464672193246,0.7121
"cell-substrate junction organization","MMEA9_E3",5,6,3.7e-24,-0.222392421336448,0.6991
"protein-containing complex localization","MMEA9_E3",14,14,3.7e-24,0,1
"mitochondrial transmembrane transport","MMEA9_E3",1,7,3.7e-24,-2,0.0061
"stem cell population maintenance","MMEA9_E3",7,13,3.7e-24,-0.807354922057604,0.0648
"ribosome assembly","MMEA9_E3",1,5,3.7e-24,-1.58496250072116,0.0363
"intraciliary transport","MMEA9_E3",4,3,3.7e-24,0.321928094887362,0.7896
"Golgi to plasma membrane protein transport","MMEA9_E3",2,4,3.7e-24,-0.736965594166206,0.3205
"response to amino acid starvation","MMEA9_E3",1,4,3.7e-24,-1.32192809488736,0.1055
"cellular response to extracellular stimulus","MMEA9_E3",15,17,3.7e-24,-0.169925001442312,0.633
"cell growth","MMEA9_E3",22,33,3.7e-24,-0.563900885193326,0.0329
"protein glycosylation","MMEA9_E3",9,16,3.7e-24,-0.765534746362977,0.0473
"macromolecule glycosylation","MMEA9_E3",9,16,3.7e-24,-0.765534746362977,0.0498
"maintenance of cell number","MMEA9_E3",13,13,3.7e-24,0,1
"response to reactive oxygen species","MMEA9_E3",12,14,3.7e-24,-0.206450877467426,0.5994
"regulation of cell morphogenesis","MMEA9_E3",19,15,3.7e-24,0.321928094887362,0.3636
"regulation of cellular component size","MMEA9_E3",14,25,3.7e-24,-0.793549122532574,0.011
"cell-substrate junction assembly","MMEA9_E3",7,7,3.7e-24,0,1
"membrane fission","MMEA9_E3",3,4,3.7e-24,-0.321928094887362,0.6421
"membrane docking","MMEA9_E3",5,7,3.7e-24,-0.415037499278844,0.4801
"fibroblast migration","MMEA9_E3",4,5,3.7e-24,-0.263034405833794,0.6762
"nucleus organization","MMEA9_E3",16,9,3.7e-24,0.765534746362977,0.0745
"regulation of cell growth","MMEA9_E3",27,28,3.7e-24,-0.050626073069968,0.8473
"fibroblast proliferation","MMEA9_E3",3,7,3.7e-24,-1,0.0788
"cell cycle G1/S phase transition","MMEA9_E3",8,17,3.7e-24,-1,0.0088
"actin filament organization","MMEA9_E3",28,29,3.7e-24,-0.0489096004809464,0.8528
"response to oxygen levels","MMEA9_E3",18,20,3.7e-24,-0.144389909335175,0.6608
"epigenetic regulation of gene expression","MMEA9_E3",10,14,3.7e-24,-0.447458976971221,0.2516
"organelle fusion","MMEA9_E3",7,10,3.7e-24,-0.459431618637297,0.2894
"lipoprotein metabolic process","MMEA9_E3",10,10,3.7e-24,0,1
"protein lipidation","MMEA9_E3",6,6,3.7e-24,0,1
"regulation of plasma membrane bounded cell projection assembly","MMEA9_E3",3,12,3.7e-24,-1.70043971814109,0.0014
"regulation of actin filament-based process","MMEA9_E3",20,26,3.7e-24,-0.362570079384708,0.2125
"regulation of GTPase activity","MMEA9_E3",11,22,3.7e-24,-0.938599455335857,0.0086
"nuclear envelope organization","MMEA9_E3",2,4,3.7e-24,-0.736965594166206,0.2916
"protein autophosphorylation","MMEA9_E3",11,15,3.7e-24,-0.415037499278844,0.2673
"connective tissue development","MMEA9_E3",19,18,3.7e-24,0.0740005814437768,0.9039
"cellular response to heat","MMEA9_E3",1,4,3.7e-24,-1.32192809488736,0.0666
"myeloid cell homeostasis","MMEA9_E3",9,10,3.7e-24,-0.137503523749935,0.7483
"regulation of neuron projection development","MMEA9_E3",24,28.5,3.7e-24,-0.238786859587117,0.4001
"receptor metabolic process","MMEA9_E3",4,4,3.7e-24,0,1
"maintenance of protein location in cell","MMEA9_E3",5,4,3.7e-24,0.263034405833794,0.8175
"apoptotic mitochondrial changes","MMEA9_E3",7,7,3.7e-24,0,1
"response to transforming growth factor beta","MMEA9_E3",12,18,3.7e-24,-0.547487795302493,0.1315
"neural tube development","MMEA9_E3",11,11,3.7e-24,0,1
"maintenance of protein location","MMEA9_E3",3,7,3.7e-24,-1,0.0678
"regulation of ubiquitin-protein transferase activity","MMEA9_E3",3,5,3.7e-24,-0.584962500721156,0.3601
"cilium assembly","MMEA9_E3",19,27,3.7e-24,-0.485426827170242,0.0827
"mRNA export from nucleus","MMEA9_E3",5,5,3.7e-24,0,1
"regulation of cell-substrate junction organization","MMEA9_E3",6,5,3.7e-24,0.222392421336448,0.8256
"membrane biogenesis","MMEA9_E3",0,4,3.7e-24,-2.32192809488736,0.0139
"cilium organization","MMEA9_E3",26,26,3.7e-24,0,1
"platelet-derived growth factor receptor signaling pathway","MMEA9_E3",5,6,3.7e-24,-0.222392421336448,0.7105
"iron-sulfur cluster assembly","MMEA9_E3",1,3,3.7e-24,-1,0.2085
"metallo-sulfur cluster assembly","MMEA9_E3",2,3,3.7e-24,-0.415037499278844,0.6261
"centromere complex assembly","MMEA9_E3",4,3,3.7e-24,0.321928094887362,0.776
"cellular response to oxygen levels","MMEA9_E3",8,10,3.7e-24,-0.289506617194985,0.5275
"fatty acid beta-oxidation","MMEA9_E3",2,5,3.7e-24,-1,0.1191
"organelle localization by membrane tethering","MMEA9_E3",4,6,3.7e-24,-0.485426827170242,0.4483
"autophagosome maturation","MMEA9_E3",2,5,3.7e-24,-1,0.125
"cellular response to transforming growth factor beta stimulus","MMEA9_E3",14,17,3.7e-24,-0.263034405833794,0.478
"nucleotide catabolic process","MMEA9_E3",4,5,3.7e-24,-0.263034405833794,0.6768
"tube closure","MMEA9_E3",2,5,3.7e-24,-1,0.1146
"regulation of stem cell differentiation","MMEA9_E3",5,6,3.7e-24,-0.222392421336448,0.7096
"substrate adhesion-dependent cell spreading","MMEA9_E3",6,6,3.7e-24,0,1
"chondrocyte differentiation","MMEA9_E3",7,8,3.7e-24,-0.169925001442312,0.728
"regulation of fibroblast proliferation","MMEA9_E3",5,6,3.7e-24,-0.222392421336448,0.7056
"morphogenesis of an epithelial sheet","MMEA9_E3",1,4,3.7e-24,-1.32192809488736,0.0759
"microtubule polymerization","MMEA9_E3",3,5,3.7e-24,-0.584962500721156,0.2967
"response to virus","MMEA9_E3",25,25,3.7e-24,0,1
"membrane assembly","MMEA9_E3",3,4,3.7e-24,-0.321928094887362,0.6395
"COPII vesicle coating","MMEA9_E3",2,2,3.7e-24,0,1
"erythrocyte differentiation","MMEA9_E3",9,9,3.7e-24,0,1
"organophosphate catabolic process","MMEA9_E3",12,10,3.7e-24,0.241008099503795,0.641
"regulation of embryonic development","MMEA9_E3",3,7,3.7e-24,-1,0.0789
"regulation of focal adhesion assembly","MMEA9_E3",3,4,3.7e-24,-0.321928094887362,0.6444
"regulation of cell-substrate junction assembly","MMEA9_E3",2,4,3.7e-24,-0.736965594166206,0.2689
"regulation of extracellular matrix organization","MMEA9_E3",2,3,3.7e-24,-0.415037499278844,0.599
"GPI anchor biosynthetic process","MMEA9_E3",2,2,3.7e-24,0,1
"lamellipodium organization","MMEA9_E3",9,7,3.7e-24,0.321928094887362,0.5699
"positive regulation of stem cell population maintenance","MMEA9_E3",1,3,3.7e-24,-1,0.2005
"monosaccharide metabolic process","MMEA9_E3",11,16,3.7e-24,-0.502500340529183,0.1461
"U2-type prespliceosome assembly","MMEA9_E3",2,2,3.7e-24,0,1
"heterochromatin formation","MMEA9_E3",4,5,3.7e-24,-0.263034405833794,0.6691
"peroxisome organization","MMEA9_E3",3,2,3.7e-24,0.415037499278844,0.7239
"regulation of mitochondrial fission","MMEA9_E3",1,2,3.7e-24,-0.584962500721156,0.5489
"cellular pigmentation","MMEA9_E3",2,4,3.7e-24,-0.736965594166206,0.3007
"regulation of fibroblast migration","MMEA9_E3",2,2,3.7e-24,0,1
"cellular carbohydrate metabolic process","MMEA9_E3",13,17,3.7e-24,-0.362570079384708,0.2889
"positive regulation of axonogenesis","MMEA9_E3",3,6,3.7e-24,-0.807354922057604,0.1942
"kinetochore organization","MMEA9_E3",0,1,3.7e-24,-1,0.4178
"stem cell differentiation","MMEA9_E3",8,15,3.7e-24,-0.830074998557688,0.0398
"proton transmembrane transport","MMEA9_E3",8,9,3.7e-24,-0.15200309344505,0.75
"cellular response to insulin stimulus","MMEA9_E3",11,15,3.7e-24,-0.415037499278844,0.259
"establishment of mitotic spindle localization","MMEA9_E3",4,4,3.7e-24,0,1
"cell redox homeostasis","MMEA9_E3",3,3,3.7e-24,0,1
"stress granule assembly","MMEA9_E3",2,2,3.7e-24,0,1
"protein neddylation","MMEA9_E3",4,3,3.7e-24,0.321928094887362,0.7781
"regulation of mitochondrial membrane potential","MMEA9_E3",1,5,3.7e-24,-1.58496250072116,0.0358
"neuron death","MMEA9_E3",18,23,3.7e-24,-0.337034987277571,0.2601
"defense response to virus","MMEA9_E3",10,20,3.7e-24,-0.932885804141463,0.0098
"sulfur compound metabolic process","MMEA9_E3",16,20,3.7e-24,-0.304854581528421,0.3783
"NADP metabolic process","MMEA9_E3",1,2,3.7e-24,-0.584962500721156,0.5282
"vacuolar acidification","MMEA9_E3",1,2,3.7e-24,-0.584962500721156,0.529
"oligosaccharide-lipid intermediate biosynthetic process","MMEA9_E3",3,1,3.7e-24,1,0.4234
"lysosomal lumen acidification","MMEA9_E3",1,1,3.7e-24,0,1
"glycosyl compound biosynthetic process","MMEA9_E3",0,1,3.7e-24,-1,0.4152
"heart valve development","MMEA9_E3",9,5,3.7e-24,0.736965594166206,0.1915
"water-soluble vitamin metabolic process","MMEA9_E3",2,4,3.7e-24,-0.736965594166206,0.293
"interferon-beta production","MMEA9_E3",3,3,3.7e-24,0,1
"regulation of interferon-beta production","MMEA9_E3",5,4,3.7e-24,0.263034405833794,0.8011
"branched-chain amino acid metabolic process","MMEA9_E3",1,2,3.7e-24,-0.584962500721156,0.5321
"regulation of mitochondrial membrane permeability","MMEA9_E3",0,4,3.7e-24,-2.32192809488736,0.0107
"respiratory tube development","MMEA9_E3",10,13,3.7e-24,-0.347923303420307,0.4204
"cellular senescence","MMEA9_E3",5,7,3.7e-24,-0.415037499278844,0.4757
"positive regulation of neurogenesis","MMEA9_E3",9,16,3.7e-24,-0.765534746362977,0.0426
"mitochondrial outer membrane permeabilization","MMEA9_E3",2,3,3.7e-24,-0.415037499278844,0.6245
"immune system development","MMEA9_E3",7,12,3.7e-24,-0.700439718141092,0.0995
"clathrin-dependent endocytosis","MMEA9_E3",2,3,3.7e-24,-0.415037499278844,0.6262
"positive regulation of viral process","MMEA9_E3",7,4,3.7e-24,0.678071905112638,0.3461
"bone development","MMEA9_E3",12,15,3.7e-24,-0.299560281858908,0.4455
"cell-substrate adhesion","MMEA9_E3",13,22,3.7e-24,-0.716207033999409,0.0336
"positive regulation of microtubule polymerization","MMEA9_E3",1,2,3.7e-24,-0.584962500721156,0.5244
"pteridine-containing compound metabolic process","MMEA9_E3",2,2,3.7e-24,0,1
"response to arsenic-containing substance","MMEA9_E3",3,2,3.7e-24,0.415037499278844,0.7506
"response to insulin","MMEA9_E3",15,17,3.7e-24,-0.169925001442312,0.6292
"ubiquinone metabolic process","MMEA9_E3",5,1,3.7e-24,1.58496250072116,0.0202
"cellular response to arsenic-containing substance","MMEA9_E3",0,2,3.7e-24,-1.58496250072116,0.1586
"inositol phosphate catabolic process","MMEA9_E3",1,2,3.7e-24,-0.584962500721156,0.5682
"telomerase RNA localization to Cajal body","MMEA9_E3",2,1,3.7e-24,0.584962500721156,0.6656
"respiratory system development","MMEA9_E3",14,14,3.7e-24,0,1
"regulation of generation of precursor metabolites and energy","MMEA9_E3",2,9,3.7e-24,-1.73696559416621,0.0059
"mitochondrial calcium ion homeostasis","MMEA9_E3",0,2,3.7e-24,-1.58496250072116,0.1539
"G0 to G1 transition","MMEA9_E3",4,3,3.7e-24,0.321928094887362,0.7763
"mitochondrial genome maintenance","MMEA9_E3",1,2,3.7e-24,-0.584962500721156,0.5276
"release of cytochrome c from mitochondria","MMEA9_E3",2,4,3.7e-24,-0.736965594166206,0.2615
"cortical cytoskeleton organization","MMEA9_E3",3,4,3.7e-24,-0.321928094887362,0.6402
"response to sterol depletion","MMEA9_E3",0,1,3.7e-24,-1,0.4128
"regulation of ncRNA transcription","MMEA9_E3",0,2,3.7e-24,-1.58496250072116,0.1439
"mesenchymal cell differentiation","MMEA9_E3",10,16,3.7e-24,-0.628031222613042,0.0957
"protein-DNA complex subunit organization","MMEA9_E3",18,16,3.7e-24,0.160464672193246,0.7108
"response to fluid shear stress","MMEA9_E3",0,2,3.7e-24,-1.58496250072116,0.1558
"collagen fibril organization","MMEA9_E3",1,4,3.7e-24,-1.32192809488736,0.0613
"roof of mouth development","MMEA9_E3",1,5,3.7e-24,-1.58496250072116,0.037
"regulation of protein dephosphorylation","MMEA9_E3",3,5,3.7e-24,-0.584962500721156,0.3093
"multicellular organism growth","MMEA9_E3",4,11,3.7e-24,-1.26303440583379,0.0171
"miRNA processing","MMEA9_E3",1,4,3.7e-24,-1.32192809488736,0.1089
"small molecule catabolic process","MMEA9_E3",19,23,3.7e-24,-0.263034405833794,0.4133
"regulation of G0 to G1 transition","MMEA9_E3",1,2,3.7e-24,-0.584962500721156,0.5317
"circadian regulation of gene expression","MMEA9_E3",3,5,3.7e-24,-0.584962500721156,0.3509
"regulation of translational fidelity","MMEA9_E3",0,1,3.7e-24,-1,0.4138
"ubiquinone biosynthetic process","MMEA9_E3",4,1,3.7e-24,1.32192809488736,0.0438
"mitochondrial calcium ion transmembrane transport","MMEA9_E3",2,1,3.7e-24,0.584962500721156,0.6831
"quinone biosynthetic process","MMEA9_E3",2,1,3.7e-24,0.584962500721156,0.6513
"viral release from host cell","MMEA9_E3",0,1,3.7e-24,-1,0.4128
"exit from host cell","MMEA9_E3",0,2,3.7e-24,-1.58496250072116,0.0958
"positive regulation of GTPase activity","MMEA9_E3",6,16,3.7e-24,-1.28010791919274,0.0049
"regulation of cytokinesis","MMEA9_E3",7,7,3.7e-24,0,1
"mitochondrion localization","MMEA9_E3",2,4,3.7e-24,-0.736965594166206,0.3015
"renal system development","MMEA9_E3",17,19,3.7e-24,-0.15200309344505,0.6568
"regulation of cysteine-type endopeptidase activity involved in apoptotic process","MMEA9_E3",7,13,3.7e-24,-0.807354922057604,0.0494
"regulation of cell-substrate adhesion","MMEA9_E3",10,14,3.7e-24,-0.447458976971221,0.25
"centrosome localization","MMEA9_E3",2,2,3.7e-24,0,1
"microtubule organizing center localization","MMEA9_E3",1,2,3.7e-24,-0.584962500721156,0.5285
"pinocytosis","MMEA9_E3",3,1,3.7e-24,1,0.423
"lamellipodium assembly","MMEA9_E3",1,4,3.7e-24,-1.32192809488736,0.0641
"cellular response to sterol depletion","MMEA9_E3",3,1,3.7e-24,1,0.4249
"placenta development","MMEA9_E3",7,9,3.7e-24,-0.321928094887362,0.5163
"rhythmic process","MMEA9_E3",6,19,3.7e-24,-1.51457317282976,4e-04
"spindle localization","MMEA9_E3",4,4,3.7e-24,0,1
"carbohydrate derivative catabolic process","MMEA9_E3",8,11,3.7e-24,-0.415037499278844,0.3099
"response to amino acid","MMEA9_E3",6,7,3.7e-24,-0.192645077942396,0.7233
"regulation of intracellular steroid hormone receptor signaling pathway","MMEA9_E3",2,4,3.7e-24,-0.736965594166206,0.264
"regulation of neuron death","MMEA9_E3",14,19,3.7e-24,-0.415037499278844,0.2193
"ossification","MMEA9_E3",12,26,3.7e-24,-1.05444778402238,0.0028
"mammary gland epithelial cell proliferation","MMEA9_E3",1,2,3.7e-24,-0.584962500721156,0.5678
"ribosomal subunit export from nucleus","MMEA9_E3",1,1,3.7e-24,0,1
"ribosome localization","MMEA9_E3",1,1,3.7e-24,0,1
"protein transport to vacuole involved in ubiquitin-dependent protein catabolic process via the multivesicular body sorting pathway","MMEA9_E3",1,1,3.7e-24,0,1
"seminiferous tubule development","MMEA9_E3",1,1,3.7e-24,0,1
"cellular response to acid chemical","MMEA9_E3",6,6,3.7e-24,0,1
"positive regulation of kinase activity","MMEA9_E3",23,26,3.7e-24,-0.169925001442312,0.5614
"positive regulation by host of viral process","MMEA9_E3",1,1,3.7e-24,0,1
"mitochondrion morphogenesis","MMEA9_E3",1,1,3.7e-24,0,1
"regulation of establishment of cell polarity","MMEA9_E3",0,2,3.7e-24,-1.58496250072116,0.1604
"cellular lipid catabolic process","MMEA9_E3",17,13,3.7e-24,0.362570079384708,0.3213
"neuron apoptotic process","MMEA9_E3",8,16,3.7e-24,-0.917537839808027,0.0258
"inner cell mass cell proliferation","MMEA9_E3",0,1,3.7e-24,-1,0.4232
"polyamine biosynthetic process","MMEA9_E3",1,1,3.7e-24,0,1
"folic acid metabolic process","MMEA9_E3",0,1,3.7e-24,-1,0.4162
"organelle inheritance","MMEA9_E3",0,1,3.7e-24,-1,0.4811
"polyol metabolic process","MMEA9_E3",6,7,3.7e-24,-0.192645077942396,0.714
"regulation of type I interferon-mediated signaling pathway","MMEA9_E3",0,3,3.7e-24,-2,0.0442
"intracellular lipid transport","MMEA9_E3",3,4,3.7e-24,-0.321928094887362,0.6548
"fat cell differentiation","MMEA9_E3",12,15,3.7e-24,-0.299560281858908,0.4423
"iron ion homeostasis","MMEA9_E3",5,6,3.7e-24,-0.222392421336448,0.7042
"negative regulation of cell projection organization","MMEA9_E3",7,11,3.7e-24,-0.584962500721156,0.1604
"dicarboxylic acid metabolic process","MMEA9_E3",5,6,3.7e-24,-0.222392421336448,0.7046
"regulation of anatomical structure size","MMEA9_E3",19,28,3.7e-24,-0.53605290024021,0.0498
"regulation of small molecule metabolic process","MMEA9_E3",16,21,3.7e-24,-0.371968777386958,0.2454
"pentose-phosphate shunt","MMEA9_E3",0,1,3.7e-24,-1,0.4147
"pericardium development","MMEA9_E3",1,1,3.7e-24,0,1
"lysosomal protein catabolic process","MMEA9_E3",0,1,3.7e-24,-1,0.419
"carbohydrate derivative transport","MMEA9_E3",2,5,3.7e-24,-1,0.1233
"alcohol biosynthetic process","MMEA9_E3",4,9,3.7e-24,-1,0.0563
"regulation of membrane permeability","MMEA9_E3",7,5,3.7e-24,0.415037499278844,0.5014
"signal peptide processing","MMEA9_E3",2,1,3.7e-24,0.584962500721156,0.6568
"UV-damage excision repair","MMEA9_E3",2,1,3.7e-24,0.584962500721156,0.6418
"biological process involved in interaction with host","MMEA9_E3",10,14,3.7e-24,-0.447458976971221,0.259
"body morphogenesis","MMEA9_E3",2,2,3.7e-24,0,1
"extracellular vesicle biogenesis","MMEA9_E3",2,2,3.7e-24,0,1
"negative regulation of defense response to virus","MMEA9_E3",2,2,3.7e-24,0,1
"aminoglycan biosynthetic process","MMEA9_E3",3,5,3.7e-24,-0.584962500721156,0.3668
"sterol biosynthetic process","MMEA9_E3",2,4,3.7e-24,-0.736965594166206,0.2732
"polyamine metabolic process","MMEA9_E3",1,1,3.7e-24,0,1
"magnesium ion transport","MMEA9_E3",3,1,3.7e-24,1,0.4431
"lamellipodium morphogenesis","MMEA9_E3",1,1,3.7e-24,0,1
"positive regulation of neuron migration","MMEA9_E3",1,1,3.7e-24,0,1
"regulation of glucose metabolic process","MMEA9_E3",2,6,3.7e-24,-1.22239242133645,0.0659
"monosaccharide biosynthetic process","MMEA9_E3",7,7,3.7e-24,0,1
"response to acid chemical","MMEA9_E3",10,9,3.7e-24,0.137503523749935,0.873
"regulation of carbohydrate metabolic process","MMEA9_E3",3,11,3.7e-24,-1.58496250072116,0.0049
"positive regulation of nervous system development","MMEA9_E3",16,16,3.7e-24,0,1
"regulation of circadian rhythm","MMEA9_E3",3,6,3.7e-24,-0.807354922057604,0.1393
"trabecula morphogenesis","MMEA9_E3",3,3,3.7e-24,0,1
"pigment accumulation","MMEA9_E3",1,1,3.7e-24,0,1
"cellular pigment accumulation","MMEA9_E3",1,1,3.7e-24,0,1
"regulation of pinocytosis","MMEA9_E3",0,1,3.7e-24,-1,0.4481
"regulation of ligase activity","MMEA9_E3",0,1,3.7e-24,-1,0.5068
"smoothened signaling pathway involved in dorsal/ventral neural tube patterning","MMEA9_E3",1,1,3.7e-24,0,1
"glycosyl compound metabolic process","MMEA9_E3",2,5,3.7e-24,-1,0.105
"substantia nigra development","MMEA9_E3",0,2,3.7e-24,-1.58496250072116,0.091
"negative regulation of GTPase activity","MMEA9_E3",3,3,3.7e-24,0,1
"axon extension","MMEA9_E3",13,8,3.7e-24,0.637429920615292,0.1707
"positive regulation of epithelial to mesenchymal transition","MMEA9_E3",3,3,3.7e-24,0,1
"one-carbon metabolic process","MMEA9_E3",1,1,3.7e-24,0,1
"NADPH regeneration","MMEA9_E3",2,2,3.7e-24,0,1
"cellular response to dsRNA","MMEA9_E3",3,2,3.7e-24,0.415037499278844,0.732
"neuron projection organization","MMEA9_E3",1,6,3.7e-24,-1.8073549220576,0.0174
"postsynapse organization","MMEA9_E3",7,11,3.7e-24,-0.584962500721156,0.1749
"regulation of ketone biosynthetic process","MMEA9_E3",1,2,3.7e-24,-0.584962500721156,0.5458
"mitochondrion distribution","MMEA9_E3",0,1,3.7e-24,-1,0.4291
"regulation of autophagosome maturation","MMEA9_E3",0,1,3.7e-24,-1,0.4187
"magnesium ion transmembrane transport","MMEA9_E3",3,1,3.7e-24,1,0.4206
"regulation of cell division","MMEA9_E3",8,11,3.7e-24,-0.415037499278844,0.3276
"intermembrane lipid transfer","MMEA9_E3",0,3,3.7e-24,-2,0.0273
"organophosphate ester transport","MMEA9_E3",5,8,3.7e-24,-0.584962500721156,0.2518
"movement in host","MMEA9_E3",5,10,3.7e-24,-0.874469117916141,0.079
"extracellular matrix assembly","MMEA9_E3",0,2,3.7e-24,-1.58496250072116,0.0736
"cellular metabolic compound salvage","MMEA9_E3",0,2,3.7e-24,-1.58496250072116,0.1474
"regulation of ATP-dependent activity","MMEA9_E3",1,5,3.7e-24,-1.58496250072116,0.0385
"cell migration involved in heart development","MMEA9_E3",1,1,3.7e-24,0,1
"cellular response to fluid shear stress","MMEA9_E3",1,1,3.7e-24,0,1
"sphingomyelin biosynthetic process","MMEA9_E3",2,1,3.7e-24,0.584962500721156,0.6411
"ether lipid biosynthetic process","MMEA9_E3",2,1,3.7e-24,0.584962500721156,0.6346
"embryonic body morphogenesis","MMEA9_E3",0,1,3.7e-24,-1,0.4189
"amino sugar biosynthetic process","MMEA9_E3",0,1,3.7e-24,-1,0.4328
"glycerol ether biosynthetic process","MMEA9_E3",2,1,3.7e-24,0.584962500721156,0.6577
"pigmentation","MMEA9_E3",6,8,3.7e-24,-0.362570079384708,0.4873
"cellular response to ketone","MMEA9_E3",3,8,3.7e-24,-1.16992500144231,0.0468
"nonribosomal peptide biosynthetic process","MMEA9_E3",0,1,3.7e-24,-1,0.4512
"glial cell apoptotic process","MMEA9_E3",0,1,3.7e-24,-1,0.4196
"lipoprotein catabolic process","MMEA9_E3",4,1,3.7e-24,1.32192809488736,0.065
"suppression of viral release by host","MMEA9_E3",1,1,3.7e-24,0,1
"chaperone-mediated autophagy","MMEA9_E3",0,1,3.7e-24,-1,0.415
"regulation of steroid hormone biosynthetic process","MMEA9_E3",1,1,3.7e-24,0,1
"synaptic vesicle lumen acidification","MMEA9_E3",0,1,3.7e-24,-1,0.4124
"semaphorin-plexin signaling pathway involved in neuron projection guidance","MMEA9_E3",2,1,3.7e-24,0.584962500721156,0.6365
"regulation of Golgi organization","MMEA9_E3",0,1,3.7e-24,-1,0.4184
"Schwann cell differentiation","MMEA9_E3",0,2,3.7e-24,-1.58496250072116,0.0729
"neurotrophin signaling pathway","MMEA9_E3",0,2,3.7e-24,-1.58496250072116,0.0876
"regulation of microtubule depolymerization","MMEA9_E3",1,2,3.7e-24,-0.584962500721156,0.5312
"basement membrane organization","MMEA9_E3",3,2,3.7e-24,0.415037499278844,0.7359
"establishment or maintenance of epithelial cell apical/basal polarity","MMEA9_E3",1,3,3.7e-24,-1,0.2514
"face development","MMEA9_E3",3,3,3.7e-24,0,1
"osteoblast differentiation","MMEA9_E3",9,15,3.7e-24,-0.678071905112638,0.0845
"appendage development","MMEA9_E3",9,10,3.7e-24,-0.137503523749935,0.7678
"limb development","MMEA9_E3",8,12,3.7e-24,-0.53051471669878,0.2132
"regulation of ATP metabolic process","MMEA9_E3",2,5,3.7e-24,-1,0.1112
"developmental growth involved in morphogenesis","MMEA9_E3",11,13,3.7e-24,-0.222392421336448,0.5933
"embryonic organ development","MMEA9_E3",28,27,3.7e-24,0.0506260730699681,0.9209
"negative regulation of growth","MMEA9_E3",10,15,3.7e-24,-0.540568381362703,0.139
"microtubule depolymerization","MMEA9_E3",1,2,3.7e-24,-0.584962500721156,0.5337
"heme metabolic process","MMEA9_E3",4,2,3.7e-24,0.736965594166206,0.3042
"regulation of neuron apoptotic process","MMEA9_E3",6,15,3.7e-24,-1.1926450779424,0.0088
"plasma membrane tubulation","MMEA9_E3",5,1,3.7e-24,1.58496250072116,0.0118
"exosomal secretion","MMEA9_E3",2,1,3.7e-24,0.584962500721156,0.666
"vasculogenesis","MMEA9_E3",6,5,3.7e-24,0.222392421336448,0.8329
"toxin transport","MMEA9_E3",2,3,3.7e-24,-0.415037499278844,0.6243
"ncRNA processing","MMEB9_C1",1,1,3.7e-24,0,1
"ribosome biogenesis","MMEB9_C1",0,0,3.7e-24,0,1
"rRNA metabolic process","MMEB9_C1",0,0,3.7e-24,0,1
"proteasome-mediated ubiquitin-dependent protein catabolic process","MMEB9_C1",0,1,3.7e-24,-1,0.47
"regulation of response to DNA damage stimulus","MMEB9_C1",0,0,3.7e-24,0,1
"establishment of protein localization to organelle","MMEB9_C1",0,1,3.7e-24,-1,0.4749
"macroautophagy","MMEB9_C1",0,0,3.7e-24,0,1
"regulation of chromosome organization","MMEB9_C1",1,0,3.7e-24,1,0.3834
"Golgi vesicle transport","MMEB9_C1",0,0,3.7e-24,0,1
"double-strand break repair","MMEB9_C1",0,0,3.7e-24,0,1
"histone modification","MMEB9_C1",0,1,3.7e-24,-1,0.4826
"sister chromatid segregation","MMEB9_C1",0,0,3.7e-24,0,1
"DNA replication","MMEB9_C1",0,0,3.7e-24,0,1
"chromosome segregation","MMEB9_C1",1,1,3.7e-24,0,1
"mitochondrial gene expression","MMEB9_C1",0,0,3.7e-24,0,1
"nucleocytoplasmic transport","MMEB9_C1",0,0,3.7e-24,0,1
"nuclear transport","MMEB9_C1",0,0,3.7e-24,0,1
"regulation of DNA repair","MMEB9_C1",0,0,3.7e-24,0,1
"peptidyl-lysine modification","MMEB9_C1",0,0,3.7e-24,0,1
"protein targeting","MMEB9_C1",0,0,3.7e-24,0,1
"cytoplasmic translation","MMEB9_C1",0,0,3.7e-24,0,1
"regulation of autophagy","MMEB9_C1",2,0,3.7e-24,1.58496250072116,0.1317
"signal transduction in response to DNA damage","MMEB9_C1",0,0,3.7e-24,0,1
"regulation of intracellular transport","MMEB9_C1",0,0,3.7e-24,0,1
"protein localization to nucleus","MMEB9_C1",0,0,3.7e-24,0,1
"microtubule cytoskeleton organization involved in mitosis","MMEB9_C1",0,0,3.7e-24,0,1
"telomere maintenance","MMEB9_C1",0,0,3.7e-24,0,1
"cell cycle checkpoint signaling","MMEB9_C1",0,0,3.7e-24,0,1
"regulation of protein modification by small protein conjugation or removal","MMEB9_C1",0,0,3.7e-24,0,1
"cellular respiration","MMEB9_C1",0,0,3.7e-24,0,1
"cellular component disassembly","MMEB9_C1",0,1,3.7e-24,-1,0.4845
"nuclear chromosome segregation","MMEB9_C1",0,0,3.7e-24,0,1
"regulation of protein stability","MMEB9_C1",0,0,3.7e-24,0,1
"regulation of cell cycle phase transition","MMEB9_C1",1,1,3.7e-24,0,1
"regulation of protein catabolic process","MMEB9_C1",0,0,3.7e-24,0,1
"response to endoplasmic reticulum stress","MMEB9_C1",0,0,3.7e-24,0,1
"vesicle organization","MMEB9_C1",0,0,3.7e-24,0,1
"mitochondrial respiratory chain complex assembly","MMEB9_C1",0,0,3.7e-24,0,1
"DNA-templated transcription elongation","MMEB9_C1",0,0,3.7e-24,0,1
"mitochondrial transport","MMEB9_C1",0,0,3.7e-24,0,1
"establishment of organelle localization","MMEB9_C1",0,1,3.7e-24,-1,0.5108
"regulation of intracellular protein transport","MMEB9_C1",0,0,3.7e-24,0,1
"response to UV","MMEB9_C1",0,0,3.7e-24,0,1
"RNA localization","MMEB9_C1",0,0,3.7e-24,0,1
"response to topologically incorrect protein","MMEB9_C1",0,0,3.7e-24,0,1
"organelle fission","MMEB9_C1",0,1,3.7e-24,-1,0.4708
"non-membrane-bounded organelle assembly","MMEB9_C1",0,1,3.7e-24,-1,0.5133
"protein polyubiquitination","MMEB9_C1",1,0,3.7e-24,1,0.3383
"methylation","MMEB9_C1",0,0,3.7e-24,0,1
"phospholipid biosynthetic process","MMEB9_C1",0,0,3.7e-24,0,1
"oxidative phosphorylation","MMEB9_C1",0,0,3.7e-24,0,1
"establishment of protein localization to membrane","MMEB9_C1",2,0,3.7e-24,1.58496250072116,0.08
"in utero embryonic development","MMEB9_C1",1,0,3.7e-24,1,0.4875
"vacuole organization","MMEB9_C1",0,0,3.7e-24,0,1
"nuclear-transcribed mRNA catabolic process","MMEB9_C1",1,0,3.7e-24,1,0.1908
"protein folding","MMEB9_C1",1,0,3.7e-24,1,0.3416
"DNA conformation change","MMEB9_C1",0,0,3.7e-24,0,1
"regulation of chromosome segregation","MMEB9_C1",0,0,3.7e-24,0,1
"regulation of apoptotic signaling pathway","MMEB9_C1",1,0,3.7e-24,1,0.4786
"cell cycle G2/M phase transition","MMEB9_C1",0,0,3.7e-24,0,1
"vacuolar transport","MMEB9_C1",0,0,3.7e-24,0,1
"response to ionizing radiation","MMEB9_C1",0,0,3.7e-24,0,1
"cellular response to UV","MMEB9_C1",0,0,3.7e-24,0,1
"regulation of binding","MMEB9_C1",0,0,3.7e-24,0,1
"nucleic acid transport","MMEB9_C1",0,0,3.7e-24,0,1
"RNA transport","MMEB9_C1",0,0,3.7e-24,0,1
"ribonucleoprotein complex subunit organization","MMEB9_C1",0,0,3.7e-24,0,1
"regulation of DNA replication","MMEB9_C1",0,0,3.7e-24,0,1
"ribose phosphate metabolic process","MMEB9_C1",1,1,3.7e-24,0,1
"proton motive force-driven ATP synthesis","MMEB9_C1",0,0,3.7e-24,0,1
"ribonucleotide metabolic process","MMEB9_C1",0,1,3.7e-24,-1,0.5099
"telomere organization","MMEB9_C1",1,0,3.7e-24,1,0.2745
"cellular response to topologically incorrect protein","MMEB9_C1",0,0,3.7e-24,0,1
"Golgi organization","MMEB9_C1",0,0,3.7e-24,0,1
"ribonucleoprotein complex assembly","MMEB9_C1",1,0,3.7e-24,1,0.3136
"cellular nitrogen compound catabolic process","MMEB9_C1",0,1,3.7e-24,-1,0.4856
"negative regulation of phosphorus metabolic process","MMEB9_C1",0,1,3.7e-24,-1,0.5238
"heterocycle catabolic process","MMEB9_C1",1,1,3.7e-24,0,1
"mitochondrial membrane organization","MMEB9_C1",0,0,3.7e-24,0,1
"regulation of protein-containing complex assembly","MMEB9_C1",1,1,3.7e-24,0,1
"positive regulation of cellular component biogenesis","MMEB9_C1",0,1,3.7e-24,-1,0.4928
"response to oxidative stress","MMEB9_C1",0,0,3.7e-24,0,1
"regulation of supramolecular fiber organization","MMEB9_C1",0,0,3.7e-24,0,1
"positive regulation of protein localization","MMEB9_C1",0,1,3.7e-24,-1,0.4944
"positive regulation of cell projection organization","MMEB9_C1",1,0,3.7e-24,1,0.4559
"negative regulation of transferase activity","MMEB9_C1",0,0,3.7e-24,0,1
"autophagy of mitochondrion","MMEB9_C1",1,0,3.7e-24,1,0.1571
"positive regulation of amide metabolic process","MMEB9_C1",0,0,3.7e-24,0,1
"chromatin remodeling","MMEB9_C1",0,0,3.7e-24,0,1
"viral process","MMEB9_C1",0,0,3.7e-24,0,1
"macromolecule deacylation","MMEB9_C1",0,0,3.7e-24,0,1
"mitotic cytokinesis","MMEB9_C1",0,0,3.7e-24,0,1
"aromatic compound catabolic process","MMEB9_C1",0,1,3.7e-24,-1,0.5038
"vesicle localization","MMEB9_C1",0,0,3.7e-24,0,1
"establishment or maintenance of cell polarity","MMEB9_C1",0,0,3.7e-24,0,1
"Wnt signaling pathway","MMEB9_C1",1,1,3.7e-24,0,1
"cell-cell signaling by wnt","MMEB9_C1",0,1,3.7e-24,-1,0.5277
"ATP metabolic process","MMEB9_C1",1,0,3.7e-24,1,0.3071
"cellular response to chemical stress","MMEB9_C1",0,0,3.7e-24,0,1
"regulation of vacuole organization","MMEB9_C1",0,0,3.7e-24,0,1
"cellular response to external stimulus","MMEB9_C1",0,0,3.7e-24,0,1
"negative regulation of protein phosphorylation","MMEB9_C1",1,0,3.7e-24,1,0.4255
"negative regulation of catabolic process","MMEB9_C1",1,0,3.7e-24,1,0.4114
"regulation of microtubule cytoskeleton organization","MMEB9_C1",1,0,3.7e-24,1,0.228
"chromosome localization","MMEB9_C1",0,0,3.7e-24,0,1
"negative regulation of mitotic nuclear division","MMEB9_C1",0,0,3.7e-24,0,1
"regulation of actin filament organization","MMEB9_C1",0,0,3.7e-24,0,1
"dephosphorylation","MMEB9_C1",0,0,3.7e-24,0,1
"glycosylation","MMEB9_C1",0,0,3.7e-24,0,1
"positive regulation of establishment of protein localization","MMEB9_C1",0,0,3.7e-24,0,1
"regulation of microtubule-based process","MMEB9_C1",0,0,3.7e-24,0,1
"cell-substrate junction organization","MMEB9_C1",0,0,3.7e-24,0,1
"protein-containing complex localization","MMEB9_C1",0,0,3.7e-24,0,1
"mitochondrial transmembrane transport","MMEB9_C1",0,0,3.7e-24,0,1
"stem cell population maintenance","MMEB9_C1",0,0,3.7e-24,0,1
"ribosome assembly","MMEB9_C1",0,0,3.7e-24,0,1
"intraciliary transport","MMEB9_C1",0,0,3.7e-24,0,1
"Golgi to plasma membrane protein transport","MMEB9_C1",0,0,3.7e-24,0,1
"response to amino acid starvation","MMEB9_C1",0,0,3.7e-24,0,1
"cellular response to extracellular stimulus","MMEB9_C1",1,0,3.7e-24,1,0.375
"cell growth","MMEB9_C1",0,1,3.7e-24,-1,0.5269
"protein glycosylation","MMEB9_C1",0,0,3.7e-24,0,1
"macromolecule glycosylation","MMEB9_C1",0,0,3.7e-24,0,1
"maintenance of cell number","MMEB9_C1",0,0,3.7e-24,0,1
"response to reactive oxygen species","MMEB9_C1",0,0,3.7e-24,0,1
"regulation of cell morphogenesis","MMEB9_C1",0,0,3.7e-24,0,1
"regulation of cellular component size","MMEB9_C1",1,0,3.7e-24,1,0.4476
"cell-substrate junction assembly","MMEB9_C1",0,0,3.7e-24,0,1
"membrane fission","MMEB9_C1",0,0,3.7e-24,0,1
"membrane docking","MMEB9_C1",0,0,3.7e-24,0,1
"fibroblast migration","MMEB9_C1",0,0,3.7e-24,0,1
"nucleus organization","MMEB9_C1",0,0,3.7e-24,0,1
"regulation of cell growth","MMEB9_C1",0,1,3.7e-24,-1,0.5136
"fibroblast proliferation","MMEB9_C1",0,0,3.7e-24,0,1
"cell cycle G1/S phase transition","MMEB9_C1",1,0,3.7e-24,1,0.3413
"actin filament organization","MMEB9_C1",0,1,3.7e-24,-1,0.5238
"response to oxygen levels","MMEB9_C1",0,0,3.7e-24,0,1
"epigenetic regulation of gene expression","MMEB9_C1",0,0,3.7e-24,0,1
"organelle fusion","MMEB9_C1",0,0,3.7e-24,0,1
"lipoprotein metabolic process","MMEB9_C1",0,0,3.7e-24,0,1
"protein lipidation","MMEB9_C1",0,0,3.7e-24,0,1
"regulation of plasma membrane bounded cell projection assembly","MMEB9_C1",0,0,3.7e-24,0,1
"regulation of actin filament-based process","MMEB9_C1",0,0,3.7e-24,0,1
"regulation of GTPase activity","MMEB9_C1",0,0,3.7e-24,0,1
"nuclear envelope organization","MMEB9_C1",0,0,3.7e-24,0,1
"protein autophosphorylation","MMEB9_C1",0,0,3.7e-24,0,1
"connective tissue development","MMEB9_C1",0,0,3.7e-24,0,1
"cellular response to heat","MMEB9_C1",0,0,3.7e-24,0,1
"myeloid cell homeostasis","MMEB9_C1",0,0,3.7e-24,0,1
"regulation of neuron projection development","MMEB9_C1",0,0,3.7e-24,0,1
"receptor metabolic process","MMEB9_C1",0,0,3.7e-24,0,1
"maintenance of protein location in cell","MMEB9_C1",0,0,3.7e-24,0,1
"apoptotic mitochondrial changes","MMEB9_C1",0,0,3.7e-24,0,1
"response to transforming growth factor beta","MMEB9_C1",0,0,3.7e-24,0,1
"neural tube development","MMEB9_C1",0,0,3.7e-24,0,1
"maintenance of protein location","MMEB9_C1",0,0,3.7e-24,0,1
"regulation of ubiquitin-protein transferase activity","MMEB9_C1",0,0,3.7e-24,0,1
"cilium assembly","MMEB9_C1",1,0,3.7e-24,1,0.4156
"mRNA export from nucleus","MMEB9_C1",0,0,3.7e-24,0,1
"regulation of cell-substrate junction organization","MMEB9_C1",0,0,3.7e-24,0,1
"membrane biogenesis","MMEB9_C1",0,0,3.7e-24,0,1
"cilium organization","MMEB9_C1",0,1,3.7e-24,-1,0.5231
"platelet-derived growth factor receptor signaling pathway","MMEB9_C1",0,0,3.7e-24,0,1
"iron-sulfur cluster assembly","MMEB9_C1",0,0,3.7e-24,0,1
"metallo-sulfur cluster assembly","MMEB9_C1",0,0,3.7e-24,0,1
"centromere complex assembly","MMEB9_C1",0,0,3.7e-24,0,1
"cellular response to oxygen levels","MMEB9_C1",0,0,3.7e-24,0,1
"fatty acid beta-oxidation","MMEB9_C1",0,0,3.7e-24,0,1
"organelle localization by membrane tethering","MMEB9_C1",1,0,3.7e-24,1,0.1214
"autophagosome maturation","MMEB9_C1",0,0,3.7e-24,0,1
"cellular response to transforming growth factor beta stimulus","MMEB9_C1",0,0,3.7e-24,0,1
"nucleotide catabolic process","MMEB9_C1",0,0,3.7e-24,0,1
"tube closure","MMEB9_C1",0,0,3.7e-24,0,1
"regulation of stem cell differentiation","MMEB9_C1",0,0,3.7e-24,0,1
"substrate adhesion-dependent cell spreading","MMEB9_C1",0,0,3.7e-24,0,1
"chondrocyte differentiation","MMEB9_C1",0,0,3.7e-24,0,1
"regulation of fibroblast proliferation","MMEB9_C1",0,0,3.7e-24,0,1
"morphogenesis of an epithelial sheet","MMEB9_C1",0,0,3.7e-24,0,1
"microtubule polymerization","MMEB9_C1",0,0,3.7e-24,0,1
"response to virus","MMEB9_C1",0,0,3.7e-24,0,1
"membrane assembly","MMEB9_C1",0,0,3.7e-24,0,1
"COPII vesicle coating","MMEB9_C1",0,0,3.7e-24,0,1
"erythrocyte differentiation","MMEB9_C1",0,0,3.7e-24,0,1
"organophosphate catabolic process","MMEB9_C1",1,0,3.7e-24,1,0.2338
"regulation of embryonic development","MMEB9_C1",1,0,3.7e-24,1,0.1358
"regulation of focal adhesion assembly","MMEB9_C1",1,0,3.7e-24,1,0.0877
"regulation of cell-substrate junction assembly","MMEB9_C1",0,0,3.7e-24,0,1
"regulation of extracellular matrix organization","MMEB9_C1",0,0,3.7e-24,0,1
"GPI anchor biosynthetic process","MMEB9_C1",0,0,3.7e-24,0,1
"lamellipodium organization","MMEB9_C1",1,0,3.7e-24,1,0.1606
"positive regulation of stem cell population maintenance","MMEB9_C1",0,0,3.7e-24,0,1
"monosaccharide metabolic process","MMEB9_C1",0,0,3.7e-24,0,1
"U2-type prespliceosome assembly","MMEB9_C1",0,0,3.7e-24,0,1
"heterochromatin formation","MMEB9_C1",0,0,3.7e-24,0,1
"peroxisome organization","MMEB9_C1",0,0,3.7e-24,0,1
"regulation of mitochondrial fission","MMEB9_C1",0,0,3.7e-24,0,1
"cellular pigmentation","MMEB9_C1",0,0,3.7e-24,0,1
"regulation of fibroblast migration","MMEB9_C1",0,0,3.7e-24,0,1
"cellular carbohydrate metabolic process","MMEB9_C1",0,0,3.7e-24,0,1
"positive regulation of axonogenesis","MMEB9_C1",0,0,3.7e-24,0,1
"kinetochore organization","MMEB9_C1",0,0,3.7e-24,0,1
"stem cell differentiation","MMEB9_C1",0,0,3.7e-24,0,1
"proton transmembrane transport","MMEB9_C1",0,0,3.7e-24,0,1
"cellular response to insulin stimulus","MMEB9_C1",0,0,3.7e-24,0,1
"establishment of mitotic spindle localization","MMEB9_C1",1,0,3.7e-24,1,0.0767
"cell redox homeostasis","MMEB9_C1",0,0,3.7e-24,0,1
"stress granule assembly","MMEB9_C1",0,0,3.7e-24,0,1
"protein neddylation","MMEB9_C1",0,0,3.7e-24,0,1
"regulation of mitochondrial membrane potential","MMEB9_C1",0,0,3.7e-24,0,1
"neuron death","MMEB9_C1",1,0,3.7e-24,1,0.4628
"defense response to virus","MMEB9_C1",0,0,3.7e-24,0,1
"sulfur compound metabolic process","MMEB9_C1",1,0,3.7e-24,1,0.3846
"NADP metabolic process","MMEB9_C1",0,0,3.7e-24,0,1
"vacuolar acidification","MMEB9_C1",0,0,3.7e-24,0,1
"oligosaccharide-lipid intermediate biosynthetic process","MMEB9_C1",0,0,3.7e-24,0,1
"lysosomal lumen acidification","MMEB9_C1",0,0,3.7e-24,0,1
"glycosyl compound biosynthetic process","MMEB9_C1",0,0,3.7e-24,0,1
"heart valve development","MMEB9_C1",0,0,3.7e-24,0,1
"water-soluble vitamin metabolic process","MMEB9_C1",0,0,3.7e-24,0,1
"interferon-beta production","MMEB9_C1",0,0,3.7e-24,0,1
"regulation of interferon-beta production","MMEB9_C1",0,0,3.7e-24,0,1
"branched-chain amino acid metabolic process","MMEB9_C1",0,0,3.7e-24,0,1
"regulation of mitochondrial membrane permeability","MMEB9_C1",0,0,3.7e-24,0,1
"respiratory tube development","MMEB9_C1",0,0,3.7e-24,0,1
"cellular senescence","MMEB9_C1",1,0,3.7e-24,1,0.1799
"positive regulation of neurogenesis","MMEB9_C1",0,0,3.7e-24,0,1
"mitochondrial outer membrane permeabilization","MMEB9_C1",0,0,3.7e-24,0,1
"immune system development","MMEB9_C1",0,0,3.7e-24,0,1
"clathrin-dependent endocytosis","MMEB9_C1",0,0,3.7e-24,0,1
"positive regulation of viral process","MMEB9_C1",0,0,3.7e-24,0,1
"bone development","MMEB9_C1",1,0,3.7e-24,1,0.3441
"cell-substrate adhesion","MMEB9_C1",0,0,3.7e-24,0,1
"positive regulation of microtubule polymerization","MMEB9_C1",0,0,3.7e-24,0,1
"pteridine-containing compound metabolic process","MMEB9_C1",0,0,3.7e-24,0,1
"response to arsenic-containing substance","MMEB9_C1",0,0,3.7e-24,0,1
"response to insulin","MMEB9_C1",0,0,3.7e-24,0,1
"ubiquinone metabolic process","MMEB9_C1",0,0,3.7e-24,0,1
"cellular response to arsenic-containing substance","MMEB9_C1",0,0,3.7e-24,0,1
"inositol phosphate catabolic process","MMEB9_C1",0,0,3.7e-24,0,1
"telomerase RNA localization to Cajal body","MMEB9_C1",0,0,3.7e-24,0,1
"respiratory system development","MMEB9_C1",0,0,3.7e-24,0,1
"regulation of generation of precursor metabolites and energy","MMEB9_C1",0,0,3.7e-24,0,1
"mitochondrial calcium ion homeostasis","MMEB9_C1",0,0,3.7e-24,0,1
"G0 to G1 transition","MMEB9_C1",0,0,3.7e-24,0,1
"mitochondrial genome maintenance","MMEB9_C1",0,0,3.7e-24,0,1
"release of cytochrome c from mitochondria","MMEB9_C1",0,0,3.7e-24,0,1
"cortical cytoskeleton organization","MMEB9_C1",0,0,3.7e-24,0,1
"response to sterol depletion","MMEB9_C1",0,0,3.7e-24,0,1
"regulation of ncRNA transcription","MMEB9_C1",0,0,3.7e-24,0,1
"mesenchymal cell differentiation","MMEB9_C1",0,0,3.7e-24,0,1
"protein-DNA complex subunit organization","MMEB9_C1",0,0,3.7e-24,0,1
"response to fluid shear stress","MMEB9_C1",0,0,3.7e-24,0,1
"collagen fibril organization","MMEB9_C1",0,0,3.7e-24,0,1
"roof of mouth development","MMEB9_C1",0,0,3.7e-24,0,1
"regulation of protein dephosphorylation","MMEB9_C1",0,0,3.7e-24,0,1
"multicellular organism growth","MMEB9_C1",1,0,3.7e-24,1,0.2228
"miRNA processing","MMEB9_C1",0,0,3.7e-24,0,1
"small molecule catabolic process","MMEB9_C1",1,0,3.7e-24,1,0.4329
"regulation of G0 to G1 transition","MMEB9_C1",0,0,3.7e-24,0,1
"circadian regulation of gene expression","MMEB9_C1",1,0,3.7e-24,1,0.1073
"regulation of translational fidelity","MMEB9_C1",0,0,3.7e-24,0,1
"ubiquinone biosynthetic process","MMEB9_C1",0,0,3.7e-24,0,1
"mitochondrial calcium ion transmembrane transport","MMEB9_C1",0,0,3.7e-24,0,1
"quinone biosynthetic process","MMEB9_C1",0,0,3.7e-24,0,1
"viral release from host cell","MMEB9_C1",0,0,3.7e-24,0,1
"exit from host cell","MMEB9_C1",0,0,3.7e-24,0,1
"positive regulation of GTPase activity","MMEB9_C1",1,0,3.7e-24,1,0.3111
"regulation of cytokinesis","MMEB9_C1",0,0,3.7e-24,0,1
"mitochondrion localization","MMEB9_C1",0,0,3.7e-24,0,1
"renal system development","MMEB9_C1",0,0,3.7e-24,0,1
"regulation of cysteine-type endopeptidase activity involved in apoptotic process","MMEB9_C1",1,0,3.7e-24,1,0.2825
"regulation of cell-substrate adhesion","MMEB9_C1",0,0,3.7e-24,0,1
"centrosome localization","MMEB9_C1",0,0,3.7e-24,0,1
"microtubule organizing center localization","MMEB9_C1",0,0,3.7e-24,0,1
"pinocytosis","MMEB9_C1",0,0,3.7e-24,0,1
"lamellipodium assembly","MMEB9_C1",0,0,3.7e-24,0,1
"cellular response to sterol depletion","MMEB9_C1",0,0,3.7e-24,0,1
"placenta development","MMEB9_C1",0,0,3.7e-24,0,1
"rhythmic process","MMEB9_C1",1,0,3.7e-24,1,0.3498
"spindle localization","MMEB9_C1",0,0,3.7e-24,0,1
"carbohydrate derivative catabolic process","MMEB9_C1",0,0,3.7e-24,0,1
"response to amino acid","MMEB9_C1",1,0,3.7e-24,1,0.149
"regulation of intracellular steroid hormone receptor signaling pathway","MMEB9_C1",0,0,3.7e-24,0,1
"regulation of neuron death","MMEB9_C1",1,0,3.7e-24,1,0.3648
"ossification","MMEB9_C1",1,0,3.7e-24,1,0.4984
"mammary gland epithelial cell proliferation","MMEB9_C1",0,0,3.7e-24,0,1
"ribosomal subunit export from nucleus","MMEB9_C1",0,0,3.7e-24,0,1
"ribosome localization","MMEB9_C1",0,0,3.7e-24,0,1
"protein transport to vacuole involved in ubiquitin-dependent protein catabolic process via the multivesicular body sorting pathway","MMEB9_C1",0,0,3.7e-24,0,1
"seminiferous tubule development","MMEB9_C1",0,0,3.7e-24,0,1
"cellular response to acid chemical","MMEB9_C1",0,0,3.7e-24,0,1
"positive regulation of kinase activity","MMEB9_C1",1,1,3.7e-24,0,1
"positive regulation by host of viral process","MMEB9_C1",0,0,3.7e-24,0,1
"mitochondrion morphogenesis","MMEB9_C1",0,0,3.7e-24,0,1
"regulation of establishment of cell polarity","MMEB9_C1",0,0,3.7e-24,0,1
"cellular lipid catabolic process","MMEB9_C1",0,0,3.7e-24,0,1
"neuron apoptotic process","MMEB9_C1",0,0,3.7e-24,0,1
"inner cell mass cell proliferation","MMEB9_C1",0,0,3.7e-24,0,1
"polyamine biosynthetic process","MMEB9_C1",0,0,3.7e-24,0,1
"folic acid metabolic process","MMEB9_C1",0,0,3.7e-24,0,1
"organelle inheritance","MMEB9_C1",0,0,3.7e-24,0,1
"polyol metabolic process","MMEB9_C1",0,0,3.7e-24,0,1
"regulation of type I interferon-mediated signaling pathway","MMEB9_C1",0,0,3.7e-24,0,1
"intracellular lipid transport","MMEB9_C1",0,0,3.7e-24,0,1
"fat cell differentiation","MMEB9_C1",0,0,3.7e-24,0,1
"iron ion homeostasis","MMEB9_C1",0,0,3.7e-24,0,1
"negative regulation of cell projection organization","MMEB9_C1",1,0,3.7e-24,1,0.255
"dicarboxylic acid metabolic process","MMEB9_C1",0,0,3.7e-24,0,1
"regulation of anatomical structure size","MMEB9_C1",1,1,3.7e-24,0,1
"regulation of small molecule metabolic process","MMEB9_C1",1,0,3.7e-24,1,0.3947
"pentose-phosphate shunt","MMEB9_C1",0,0,3.7e-24,0,1
"pericardium development","MMEB9_C1",0,0,3.7e-24,0,1
"lysosomal protein catabolic process","MMEB9_C1",0,0,3.7e-24,0,1
"carbohydrate derivative transport","MMEB9_C1",1,0,3.7e-24,1,0.1384
"alcohol biosynthetic process","MMEB9_C1",0,0,3.7e-24,0,1
"regulation of membrane permeability","MMEB9_C1",0,0,3.7e-24,0,1
"signal peptide processing","MMEB9_C1",0,0,3.7e-24,0,1
"UV-damage excision repair","MMEB9_C1",0,0,3.7e-24,0,1
"biological process involved in interaction with host","MMEB9_C1",0,0,3.7e-24,0,1
"body morphogenesis","MMEB9_C1",0,0,3.7e-24,0,1
"extracellular vesicle biogenesis","MMEB9_C1",0,0,3.7e-24,0,1
"negative regulation of defense response to virus","MMEB9_C1",1,0,3.7e-24,1,0.0568
"aminoglycan biosynthetic process","MMEB9_C1",0,0,3.7e-24,0,1
"sterol biosynthetic process","MMEB9_C1",0,0,3.7e-24,0,1
"polyamine metabolic process","MMEB9_C1",0,0,3.7e-24,0,1
"magnesium ion transport","MMEB9_C1",0,0,3.7e-24,0,1
"lamellipodium morphogenesis","MMEB9_C1",0,0,3.7e-24,0,1
"positive regulation of neuron migration","MMEB9_C1",0,0,3.7e-24,0,1
"regulation of glucose metabolic process","MMEB9_C1",0,0,3.7e-24,0,1
"monosaccharide biosynthetic process","MMEB9_C1",0,0,3.7e-24,0,1
"response to acid chemical","MMEB9_C1",0,0,3.7e-24,0,1
"regulation of carbohydrate metabolic process","MMEB9_C1",0,0,3.7e-24,0,1
"positive regulation of nervous system development","MMEB9_C1",0,0,3.7e-24,0,1
"regulation of circadian rhythm","MMEB9_C1",0,0,3.7e-24,0,1
"trabecula morphogenesis","MMEB9_C1",0,0,3.7e-24,0,1
"pigment accumulation","MMEB9_C1",0,0,3.7e-24,0,1
"cellular pigment accumulation","MMEB9_C1",0,0,3.7e-24,0,1
"regulation of pinocytosis","MMEB9_C1",1,0,3.7e-24,1,0.0237
"regulation of ligase activity","MMEB9_C1",0,0,3.7e-24,0,1
"smoothened signaling pathway involved in dorsal/ventral neural tube patterning","MMEB9_C1",0,0,3.7e-24,0,1
"glycosyl compound metabolic process","MMEB9_C1",0,0,3.7e-24,0,1
"substantia nigra development","MMEB9_C1",0,0,3.7e-24,0,1
"negative regulation of GTPase activity","MMEB9_C1",0,0,3.7e-24,0,1
"axon extension","MMEB9_C1",1,0,3.7e-24,1,0.1777
"positive regulation of epithelial to mesenchymal transition","MMEB9_C1",0,0,3.7e-24,0,1
"one-carbon metabolic process","MMEB9_C1",0,0,3.7e-24,0,1
"NADPH regeneration","MMEB9_C1",0,0,3.7e-24,0,1
"cellular response to dsRNA","MMEB9_C1",0,0,3.7e-24,0,1
"neuron projection organization","MMEB9_C1",0,0,3.7e-24,0,1
"postsynapse organization","MMEB9_C1",1,0,3.7e-24,1,0.252
"regulation of ketone biosynthetic process","MMEB9_C1",0,0,3.7e-24,0,1
"mitochondrion distribution","MMEB9_C1",0,0,3.7e-24,0,1
"regulation of autophagosome maturation","MMEB9_C1",0,0,3.7e-24,0,1
"magnesium ion transmembrane transport","MMEB9_C1",0,0,3.7e-24,0,1
"regulation of cell division","MMEB9_C1",1,0,3.7e-24,1,0.2415
"intermembrane lipid transfer","MMEB9_C1",0,0,3.7e-24,0,1
"organophosphate ester transport","MMEB9_C1",0,0,3.7e-24,0,1
"movement in host","MMEB9_C1",1,0,3.7e-24,1,0.2151
"extracellular matrix assembly","MMEB9_C1",0,0,3.7e-24,0,1
"cellular metabolic compound salvage","MMEB9_C1",0,0,3.7e-24,0,1
"regulation of ATP-dependent activity","MMEB9_C1",0,0,3.7e-24,0,1
"cell migration involved in heart development","MMEB9_C1",0,0,3.7e-24,0,1
"cellular response to fluid shear stress","MMEB9_C1",0,0,3.7e-24,0,1
"sphingomyelin biosynthetic process","MMEB9_C1",1,0,3.7e-24,1,0.026
"ether lipid biosynthetic process","MMEB9_C1",0,0,3.7e-24,0,1
"embryonic body morphogenesis","MMEB9_C1",0,0,3.7e-24,0,1
"amino sugar biosynthetic process","MMEB9_C1",0,0,3.7e-24,0,1
"glycerol ether biosynthetic process","MMEB9_C1",0,0,3.7e-24,0,1
"pigmentation","MMEB9_C1",0,0,3.7e-24,0,1
"cellular response to ketone","MMEB9_C1",0,0,3.7e-24,0,1
"nonribosomal peptide biosynthetic process","MMEB9_C1",0,0,3.7e-24,0,1
"glial cell apoptotic process","MMEB9_C1",0,0,3.7e-24,0,1
"lipoprotein catabolic process","MMEB9_C1",0,0,3.7e-24,0,1
"suppression of viral release by host","MMEB9_C1",0,0,3.7e-24,0,1
"chaperone-mediated autophagy","MMEB9_C1",0,0,3.7e-24,0,1
"regulation of steroid hormone biosynthetic process","MMEB9_C1",0,0,3.7e-24,0,1
"synaptic vesicle lumen acidification","MMEB9_C1",0,0,3.7e-24,0,1
"semaphorin-plexin signaling pathway involved in neuron projection guidance","MMEB9_C1",0,0,3.7e-24,0,1
"regulation of Golgi organization","MMEB9_C1",0,0,3.7e-24,0,1
"Schwann cell differentiation","MMEB9_C1",0,0,3.7e-24,0,1
"neurotrophin signaling pathway","MMEB9_C1",0,0,3.7e-24,0,1
"regulation of microtubule depolymerization","MMEB9_C1",0,0,3.7e-24,0,1
"basement membrane organization","MMEB9_C1",0,0,3.7e-24,0,1
"establishment or maintenance of epithelial cell apical/basal polarity","MMEB9_C1",0,0,3.7e-24,0,1
"face development","MMEB9_C1",0,0,3.7e-24,0,1
"osteoblast differentiation","MMEB9_C1",0,0,3.7e-24,0,1
"appendage development","MMEB9_C1",0,0,3.7e-24,0,1
"limb development","MMEB9_C1",0,0,3.7e-24,0,1
"regulation of ATP metabolic process","MMEB9_C1",0,0,3.7e-24,0,1
"developmental growth involved in morphogenesis","MMEB9_C1",0,0,3.7e-24,0,1
"embryonic organ development","MMEB9_C1",0,1,3.7e-24,-1,0.518
"negative regulation of growth","MMEB9_C1",1,0,3.7e-24,1,0.3179
"microtubule depolymerization","MMEB9_C1",0,0,3.7e-24,0,1
"heme metabolic process","MMEB9_C1",0,0,3.7e-24,0,1
"regulation of neuron apoptotic process","MMEB9_C1",0,0,3.7e-24,0,1
"plasma membrane tubulation","MMEB9_C1",0,0,3.7e-24,0,1
"exosomal secretion","MMEB9_C1",0,0,3.7e-24,0,1
"vasculogenesis","MMEB9_C1",1,0,3.7e-24,1,0.1254
"toxin transport","MMEB9_C1",0,0,3.7e-24,0,1
"ncRNA processing","MMEB9_C2",0,1,3.7e-24,-1,0.4523
"ribosome biogenesis","MMEB9_C2",1,1,3.7e-24,0,1
"rRNA metabolic process","MMEB9_C2",0,0,3.7e-24,0,1
"proteasome-mediated ubiquitin-dependent protein catabolic process","MMEB9_C2",1,1,3.7e-24,0,1
"regulation of response to DNA damage stimulus","MMEB9_C2",1,1,3.7e-24,0,1
"establishment of protein localization to organelle","MMEB9_C2",1,1,3.7e-24,0,1
"macroautophagy","MMEB9_C2",0,1,3.7e-24,-1,0.5118
"regulation of chromosome organization","MMEB9_C2",0,0,3.7e-24,0,1
"Golgi vesicle transport","MMEB9_C2",0,1,3.7e-24,-1,0.5024
"double-strand break repair","MMEB9_C2",0,1,3.7e-24,-1,0.5197
"histone modification","MMEB9_C2",0,1,3.7e-24,-1,0.434
"sister chromatid segregation","MMEB9_C2",0,0,3.7e-24,0,1
"DNA replication","MMEB9_C2",1,0,3.7e-24,1,0.4753
"chromosome segregation","MMEB9_C2",0,1,3.7e-24,-1,0.4513
"mitochondrial gene expression","MMEB9_C2",1,0,3.7e-24,1,0.3699
"nucleocytoplasmic transport","MMEB9_C2",0,1,3.7e-24,-1,0.4957
"nuclear transport","MMEB9_C2",2,1,3.7e-24,0.584962500721156,0.6375
"regulation of DNA repair","MMEB9_C2",0,0,3.7e-24,0,1
"peptidyl-lysine modification","MMEB9_C2",0,1,3.7e-24,-1,0.5068
"protein targeting","MMEB9_C2",0,1,3.7e-24,-1,0.5127
"cytoplasmic translation","MMEB9_C2",1,0,3.7e-24,1,0.3515
"regulation of autophagy","MMEB9_C2",0,1,3.7e-24,-1,0.4808
"signal transduction in response to DNA damage","MMEB9_C2",0,0,3.7e-24,0,1
"regulation of intracellular transport","MMEB9_C2",0,0,3.7e-24,0,1
"protein localization to nucleus","MMEB9_C2",0,0,3.7e-24,0,1
"microtubule cytoskeleton organization involved in mitosis","MMEB9_C2",2,0,3.7e-24,1.58496250072116,0.0528
"telomere maintenance","MMEB9_C2",0,0,3.7e-24,0,1
"cell cycle checkpoint signaling","MMEB9_C2",0,0,3.7e-24,0,1
"regulation of protein modification by small protein conjugation or removal","MMEB9_C2",1,0,3.7e-24,1,0.4156
"cellular respiration","MMEB9_C2",0,0,3.7e-24,0,1
"cellular component disassembly","MMEB9_C2",0,1,3.7e-24,-1,0.4485
"nuclear chromosome segregation","MMEB9_C2",0,1,3.7e-24,-1,0.4895
"regulation of protein stability","MMEB9_C2",0,0,3.7e-24,0,1
"regulation of cell cycle phase transition","MMEB9_C2",0,1,3.7e-24,-1,0.4491
"regulation of protein catabolic process","MMEB9_C2",2,1,3.7e-24,0.584962500721156,0.6461
"response to endoplasmic reticulum stress","MMEB9_C2",0,0,3.7e-24,0,1
"vesicle organization","MMEB9_C2",0,1,3.7e-24,-1,0.4876
"mitochondrial respiratory chain complex assembly","MMEB9_C2",0,0,3.7e-24,0,1
"DNA-templated transcription elongation","MMEB9_C2",0,0,3.7e-24,0,1
"mitochondrial transport","MMEB9_C2",1,0,3.7e-24,1,0.3617
"establishment of organelle localization","MMEB9_C2",1,1,3.7e-24,0,1
"regulation of intracellular protein transport","MMEB9_C2",1,0,3.7e-24,1,0.391
"response to UV","MMEB9_C2",0,0,3.7e-24,0,1
"RNA localization","MMEB9_C2",1,0,3.7e-24,1,0.3494
"response to topologically incorrect protein","MMEB9_C2",0,0,3.7e-24,0,1
"organelle fission","MMEB9_C2",0,1,3.7e-24,-1,0.4418
"non-membrane-bounded organelle assembly","MMEB9_C2",0,1,3.7e-24,-1,0.4829
"protein polyubiquitination","MMEB9_C2",0,0,3.7e-24,0,1
"methylation","MMEB9_C2",0,1,3.7e-24,-1,0.5167
"phospholipid biosynthetic process","MMEB9_C2",0,0,3.7e-24,0,1
"oxidative phosphorylation","MMEB9_C2",0,0,3.7e-24,0,1
"establishment of protein localization to membrane","MMEB9_C2",0,0,3.7e-24,0,1
"in utero embryonic development","MMEB9_C2",2,1,3.7e-24,0.584962500721156,0.6339
"vacuole organization","MMEB9_C2",0,0,3.7e-24,0,1
"nuclear-transcribed mRNA catabolic process","MMEB9_C2",0,0,3.7e-24,0,1
"protein folding","MMEB9_C2",0,0,3.7e-24,0,1
"DNA conformation change","MMEB9_C2",0,0,3.7e-24,0,1
"regulation of chromosome segregation","MMEB9_C2",1,0,3.7e-24,1,0.2837
"regulation of apoptotic signaling pathway","MMEB9_C2",1,1,3.7e-24,0,1
"cell cycle G2/M phase transition","MMEB9_C2",0,0,3.7e-24,0,1
"vacuolar transport","MMEB9_C2",0,0,3.7e-24,0,1
"response to ionizing radiation","MMEB9_C2",1,0,3.7e-24,1,0.325
"cellular response to UV","MMEB9_C2",1,0,3.7e-24,1,0.2199
"regulation of binding","MMEB9_C2",0,1,3.7e-24,-1,0.4799
"nucleic acid transport","MMEB9_C2",0,0,3.7e-24,0,1
"RNA transport","MMEB9_C2",1,0,3.7e-24,1,0.3242
"ribonucleoprotein complex subunit organization","MMEB9_C2",0,0,3.7e-24,0,1
"regulation of DNA replication","MMEB9_C2",0,0,3.7e-24,0,1
"ribose phosphate metabolic process","MMEB9_C2",1,1,3.7e-24,0,1
"proton motive force-driven ATP synthesis","MMEB9_C2",0,0,3.7e-24,0,1
"ribonucleotide metabolic process","MMEB9_C2",0,1,3.7e-24,-1,0.4757
"telomere organization","MMEB9_C2",1,0,3.7e-24,1,0.3206
"cellular response to topologically incorrect protein","MMEB9_C2",0,0,3.7e-24,0,1
"Golgi organization","MMEB9_C2",1,0,3.7e-24,1,0.3005
"ribonucleoprotein complex assembly","MMEB9_C2",0,0,3.7e-24,0,1
"cellular nitrogen compound catabolic process","MMEB9_C2",1,1,3.7e-24,0,1
"negative regulation of phosphorus metabolic process","MMEB9_C2",0,1,3.7e-24,-1,0.4779
"heterocycle catabolic process","MMEB9_C2",1,1,3.7e-24,0,1
"mitochondrial membrane organization","MMEB9_C2",0,0,3.7e-24,0,1
"regulation of protein-containing complex assembly","MMEB9_C2",0,1,3.7e-24,-1,0.492
"positive regulation of cellular component biogenesis","MMEB9_C2",0,1,3.7e-24,-1,0.442
"response to oxidative stress","MMEB9_C2",0,1,3.7e-24,-1,0.4727
"regulation of supramolecular fiber organization","MMEB9_C2",0,1,3.7e-24,-1,0.4883
"positive regulation of protein localization","MMEB9_C2",0,1,3.7e-24,-1,0.4542
"positive regulation of cell projection organization","MMEB9_C2",0,1,3.7e-24,-1,0.4918
"negative regulation of transferase activity","MMEB9_C2",1,0,3.7e-24,1,0.4405
"autophagy of mitochondrion","MMEB9_C2",0,0,3.7e-24,0,1
"positive regulation of amide metabolic process","MMEB9_C2",0,0,3.7e-24,0,1
"chromatin remodeling","MMEB9_C2",0,1,3.7e-24,-1,0.4801
"viral process","MMEB9_C2",0,1,3.7e-24,-1,0.479
"macromolecule deacylation","MMEB9_C2",0,0,3.7e-24,0,1
"mitotic cytokinesis","MMEB9_C2",0,0,3.7e-24,0,1
"aromatic compound catabolic process","MMEB9_C2",0,1,3.7e-24,-1,0.4867
"vesicle localization","MMEB9_C2",0,0,3.7e-24,0,1
"establishment or maintenance of cell polarity","MMEB9_C2",0,0,3.7e-24,0,1
"Wnt signaling pathway","MMEB9_C2",0,1,3.7e-24,-1,0.4534
"cell-cell signaling by wnt","MMEB9_C2",0,1,3.7e-24,-1,0.4682
"ATP metabolic process","MMEB9_C2",0,0,3.7e-24,0,1
"cellular response to chemical stress","MMEB9_C2",0,1,3.7e-24,-1,0.5331
"regulation of vacuole organization","MMEB9_C2",0,0,3.7e-24,0,1
"cellular response to external stimulus","MMEB9_C2",1,0,3.7e-24,1,0.4945
"negative regulation of protein phosphorylation","MMEB9_C2",0,0,3.7e-24,0,1
"negative regulation of catabolic process","MMEB9_C2",0,0.5,3.7e-24,-0.584962500721156,0.6549
"regulation of microtubule cytoskeleton organization","MMEB9_C2",1,0,3.7e-24,1,0.3087
"chromosome localization","MMEB9_C2",0,0,3.7e-24,0,1
"negative regulation of mitotic nuclear division","MMEB9_C2",0,0,3.7e-24,0,1
"regulation of actin filament organization","MMEB9_C2",1,0,3.7e-24,1,0.4615
"dephosphorylation","MMEB9_C2",0,1,3.7e-24,-1,0.521
"glycosylation","MMEB9_C2",0,0,3.7e-24,0,1
"positive regulation of establishment of protein localization","MMEB9_C2",0,0,3.7e-24,0,1
"regulation of microtubule-based process","MMEB9_C2",0,0,3.7e-24,0,1
"cell-substrate junction organization","MMEB9_C2",0,0,3.7e-24,0,1
"protein-containing complex localization","MMEB9_C2",0,0,3.7e-24,0,1
"mitochondrial transmembrane transport","MMEB9_C2",0,0,3.7e-24,0,1
"stem cell population maintenance","MMEB9_C2",0,0,3.7e-24,0,1
"ribosome assembly","MMEB9_C2",0,0,3.7e-24,0,1
"intraciliary transport","MMEB9_C2",0,0,3.7e-24,0,1
"Golgi to plasma membrane protein transport","MMEB9_C2",0,0,3.7e-24,0,1
"response to amino acid starvation","MMEB9_C2",0,0,3.7e-24,0,1
"cellular response to extracellular stimulus","MMEB9_C2",1,0,3.7e-24,1,0.4406
"cell growth","MMEB9_C2",0,1,3.7e-24,-1,0.4514
"protein glycosylation","MMEB9_C2",0,0,3.7e-24,0,1
"macromolecule glycosylation","MMEB9_C2",0,0,3.7e-24,0,1
"maintenance of cell number","MMEB9_C2",1,0,3.7e-24,1,0.3428
"response to reactive oxygen species","MMEB9_C2",0,0,3.7e-24,0,1
"regulation of cell morphogenesis","MMEB9_C2",0,0,3.7e-24,0,1
"regulation of cellular component size","MMEB9_C2",0,1,3.7e-24,-1,0.5031
"cell-substrate junction assembly","MMEB9_C2",0,0,3.7e-24,0,1
"membrane fission","MMEB9_C2",0,0,3.7e-24,0,1
"membrane docking","MMEB9_C2",0,0,3.7e-24,0,1
"fibroblast migration","MMEB9_C2",0,0,3.7e-24,0,1
"nucleus organization","MMEB9_C2",0,0,3.7e-24,0,1
"regulation of cell growth","MMEB9_C2",1,1,3.7e-24,0,1
"fibroblast proliferation","MMEB9_C2",0,0,3.7e-24,0,1
"cell cycle G1/S phase transition","MMEB9_C2",0,0,3.7e-24,0,1
"actin filament organization","MMEB9_C2",0,1,3.7e-24,-1,0.4703
"response to oxygen levels","MMEB9_C2",0,0,3.7e-24,0,1
"epigenetic regulation of gene expression","MMEB9_C2",0,0,3.7e-24,0,1
"organelle fusion","MMEB9_C2",0,0,3.7e-24,0,1
"lipoprotein metabolic process","MMEB9_C2",0,0,3.7e-24,0,1
"protein lipidation","MMEB9_C2",0,0,3.7e-24,0,1
"regulation of plasma membrane bounded cell projection assembly","MMEB9_C2",1,0,3.7e-24,1,0.3464
"regulation of actin filament-based process","MMEB9_C2",0,1,3.7e-24,-1,0.5079
"regulation of GTPase activity","MMEB9_C2",1,0,3.7e-24,1,0.489
"nuclear envelope organization","MMEB9_C2",0,0,3.7e-24,0,1
"protein autophosphorylation","MMEB9_C2",0,0,3.7e-24,0,1
"connective tissue development","MMEB9_C2",1,0,3.7e-24,1,0.4195
"cellular response to heat","MMEB9_C2",0,0,3.7e-24,0,1
"myeloid cell homeostasis","MMEB9_C2",0,0,3.7e-24,0,1
"regulation of neuron projection development","MMEB9_C2",0,1,3.7e-24,-1,0.4984
"receptor metabolic process","MMEB9_C2",1,0,3.7e-24,1,0.1294
"maintenance of protein location in cell","MMEB9_C2",0,0,3.7e-24,0,1
"apoptotic mitochondrial changes","MMEB9_C2",0,0,3.7e-24,0,1
"response to transforming growth factor beta","MMEB9_C2",0,0,3.7e-24,0,1
"neural tube development","MMEB9_C2",0,0,3.7e-24,0,1
"maintenance of protein location","MMEB9_C2",0,0,3.7e-24,0,1
"regulation of ubiquitin-protein transferase activity","MMEB9_C2",0,0,3.7e-24,0,1
"cilium assembly","MMEB9_C2",0,1,3.7e-24,-1,0.5113
"mRNA export from nucleus","MMEB9_C2",0,0,3.7e-24,0,1
"regulation of cell-substrate junction organization","MMEB9_C2",0,0,3.7e-24,0,1
"membrane biogenesis","MMEB9_C2",0,0,3.7e-24,0,1
"cilium organization","MMEB9_C2",0,1,3.7e-24,-1,0.5038
"platelet-derived growth factor receptor signaling pathway","MMEB9_C2",0,0,3.7e-24,0,1
"iron-sulfur cluster assembly","MMEB9_C2",0,0,3.7e-24,0,1
"metallo-sulfur cluster assembly","MMEB9_C2",0,0,3.7e-24,0,1
"centromere complex assembly","MMEB9_C2",0,0,3.7e-24,0,1
"cellular response to oxygen levels","MMEB9_C2",0,0,3.7e-24,0,1
"fatty acid beta-oxidation","MMEB9_C2",0,0,3.7e-24,0,1
"organelle localization by membrane tethering","MMEB9_C2",0,0,3.7e-24,0,1
"autophagosome maturation","MMEB9_C2",0,0,3.7e-24,0,1
"cellular response to transforming growth factor beta stimulus","MMEB9_C2",1,0,3.7e-24,1,0.4149
"nucleotide catabolic process","MMEB9_C2",0,0,3.7e-24,0,1
"tube closure","MMEB9_C2",0,0,3.7e-24,0,1
"regulation of stem cell differentiation","MMEB9_C2",0,0,3.7e-24,0,1
"substrate adhesion-dependent cell spreading","MMEB9_C2",0,0,3.7e-24,0,1
"chondrocyte differentiation","MMEB9_C2",0,0,3.7e-24,0,1
"regulation of fibroblast proliferation","MMEB9_C2",0,0,3.7e-24,0,1
"morphogenesis of an epithelial sheet","MMEB9_C2",0,0,3.7e-24,0,1
"microtubule polymerization","MMEB9_C2",0,0,3.7e-24,0,1
"response to virus","MMEB9_C2",0,1,3.7e-24,-1,0.5004
"membrane assembly","MMEB9_C2",0,0,3.7e-24,0,1
"COPII vesicle coating","MMEB9_C2",0,0,3.7e-24,0,1
"erythrocyte differentiation","MMEB9_C2",0,0,3.7e-24,0,1
"organophosphate catabolic process","MMEB9_C2",1,0,3.7e-24,1,0.3079
"regulation of embryonic development","MMEB9_C2",0,0,3.7e-24,0,1
"regulation of focal adhesion assembly","MMEB9_C2",0,0,3.7e-24,0,1
"regulation of cell-substrate junction assembly","MMEB9_C2",0,0,3.7e-24,0,1
"regulation of extracellular matrix organization","MMEB9_C2",0,0,3.7e-24,0,1
"GPI anchor biosynthetic process","MMEB9_C2",0,0,3.7e-24,0,1
"lamellipodium organization","MMEB9_C2",0,0,3.7e-24,0,1
"positive regulation of stem cell population maintenance","MMEB9_C2",0,0,3.7e-24,0,1
"monosaccharide metabolic process","MMEB9_C2",1,0,3.7e-24,1,0.3743
"U2-type prespliceosome assembly","MMEB9_C2",0,0,3.7e-24,0,1
"heterochromatin formation","MMEB9_C2",0,0,3.7e-24,0,1
"peroxisome organization","MMEB9_C2",0,0,3.7e-24,0,1
"regulation of mitochondrial fission","MMEB9_C2",0,0,3.7e-24,0,1
"cellular pigmentation","MMEB9_C2",0,0,3.7e-24,0,1
"regulation of fibroblast migration","MMEB9_C2",0,0,3.7e-24,0,1
"cellular carbohydrate metabolic process","MMEB9_C2",0,0,3.7e-24,0,1
"positive regulation of axonogenesis","MMEB9_C2",1,0,3.7e-24,1,0.1521
"kinetochore organization","MMEB9_C2",0,0,3.7e-24,0,1
"stem cell differentiation","MMEB9_C2",0,0,3.7e-24,0,1
"proton transmembrane transport","MMEB9_C2",0,0,3.7e-24,0,1
"cellular response to insulin stimulus","MMEB9_C2",0,0,3.7e-24,0,1
"establishment of mitotic spindle localization","MMEB9_C2",0,0,3.7e-24,0,1
"cell redox homeostasis","MMEB9_C2",0,0,3.7e-24,0,1
"stress granule assembly","MMEB9_C2",0,0,3.7e-24,0,1
"protein neddylation","MMEB9_C2",0,0,3.7e-24,0,1
"regulation of mitochondrial membrane potential","MMEB9_C2",0,0,3.7e-24,0,1
"neuron death","MMEB9_C2",0,1,3.7e-24,-1,0.4985
"defense response to virus","MMEB9_C2",0,0,3.7e-24,0,1
"sulfur compound metabolic process","MMEB9_C2",0,1,3.7e-24,-1,0.5092
"NADP metabolic process","MMEB9_C2",0,0,3.7e-24,0,1
"vacuolar acidification","MMEB9_C2",0,0,3.7e-24,0,1
"oligosaccharide-lipid intermediate biosynthetic process","MMEB9_C2",0,0,3.7e-24,0,1
"lysosomal lumen acidification","MMEB9_C2",0,0,3.7e-24,0,1
"glycosyl compound biosynthetic process","MMEB9_C2",0,0,3.7e-24,0,1
"heart valve development","MMEB9_C2",1,0,3.7e-24,1,0.1298
"water-soluble vitamin metabolic process","MMEB9_C2",0,0,3.7e-24,0,1
"interferon-beta production","MMEB9_C2",0,0,3.7e-24,0,1
"regulation of interferon-beta production","MMEB9_C2",0,0,3.7e-24,0,1
"branched-chain amino acid metabolic process","MMEB9_C2",0,0,3.7e-24,0,1
"regulation of mitochondrial membrane permeability","MMEB9_C2",0,0,3.7e-24,0,1
"respiratory tube development","MMEB9_C2",0,0,3.7e-24,0,1
"cellular senescence","MMEB9_C2",0,0,3.7e-24,0,1
"positive regulation of neurogenesis","MMEB9_C2",0,0,3.7e-24,0,1
"mitochondrial outer membrane permeabilization","MMEB9_C2",0,0,3.7e-24,0,1
"immune system development","MMEB9_C2",0,0,3.7e-24,0,1
"clathrin-dependent endocytosis","MMEB9_C2",0,0,3.7e-24,0,1
"positive regulation of viral process","MMEB9_C2",0,0,3.7e-24,0,1
"bone development","MMEB9_C2",0,0,3.7e-24,0,1
"cell-substrate adhesion","MMEB9_C2",0,0,3.7e-24,0,1
"positive regulation of microtubule polymerization","MMEB9_C2",0,0,3.7e-24,0,1
"pteridine-containing compound metabolic process","MMEB9_C2",0,0,3.7e-24,0,1
"response to arsenic-containing substance","MMEB9_C2",0,0,3.7e-24,0,1
"response to insulin","MMEB9_C2",0,0,3.7e-24,0,1
"ubiquinone metabolic process","MMEB9_C2",0,0,3.7e-24,0,1
"cellular response to arsenic-containing substance","MMEB9_C2",0,0,3.7e-24,0,1
"inositol phosphate catabolic process","MMEB9_C2",0,0,3.7e-24,0,1
"telomerase RNA localization to Cajal body","MMEB9_C2",0,0,3.7e-24,0,1
"respiratory system development","MMEB9_C2",0,0,3.7e-24,0,1
"regulation of generation of precursor metabolites and energy","MMEB9_C2",0,0,3.7e-24,0,1
"mitochondrial calcium ion homeostasis","MMEB9_C2",0,0,3.7e-24,0,1
"G0 to G1 transition","MMEB9_C2",0,0,3.7e-24,0,1
"mitochondrial genome maintenance","MMEB9_C2",0,0,3.7e-24,0,1
"release of cytochrome c from mitochondria","MMEB9_C2",0,0,3.7e-24,0,1
"cortical cytoskeleton organization","MMEB9_C2",0,0,3.7e-24,0,1
"response to sterol depletion","MMEB9_C2",0,0,3.7e-24,0,1
"regulation of ncRNA transcription","MMEB9_C2",0,0,3.7e-24,0,1
"mesenchymal cell differentiation","MMEB9_C2",0,0,3.7e-24,0,1
"protein-DNA complex subunit organization","MMEB9_C2",0,0,3.7e-24,0,1
"response to fluid shear stress","MMEB9_C2",0,0,3.7e-24,0,1
"collagen fibril organization","MMEB9_C2",0,0,3.7e-24,0,1
"roof of mouth development","MMEB9_C2",0,0,3.7e-24,0,1
"regulation of protein dephosphorylation","MMEB9_C2",0,0,3.7e-24,0,1
"multicellular organism growth","MMEB9_C2",0,0,3.7e-24,0,1
"miRNA processing","MMEB9_C2",0,0,3.7e-24,0,1
"small molecule catabolic process","MMEB9_C2",0,0,3.7e-24,0,1
"regulation of G0 to G1 transition","MMEB9_C2",0,0,3.7e-24,0,1
"circadian regulation of gene expression","MMEB9_C2",0,0,3.7e-24,0,1
"regulation of translational fidelity","MMEB9_C2",0,0,3.7e-24,0,1
"ubiquinone biosynthetic process","MMEB9_C2",0,0,3.7e-24,0,1
"mitochondrial calcium ion transmembrane transport","MMEB9_C2",0,0,3.7e-24,0,1
"quinone biosynthetic process","MMEB9_C2",0,0,3.7e-24,0,1
"viral release from host cell","MMEB9_C2",0,0,3.7e-24,0,1
"exit from host cell","MMEB9_C2",1,0,3.7e-24,1,0.0749
"positive regulation of GTPase activity","MMEB9_C2",1,0,3.7e-24,1,0.3676
"regulation of cytokinesis","MMEB9_C2",0,0,3.7e-24,0,1
"mitochondrion localization","MMEB9_C2",1,0,3.7e-24,1,0.1093
"renal system development","MMEB9_C2",0,0,3.7e-24,0,1
"regulation of cysteine-type endopeptidase activity involved in apoptotic process","MMEB9_C2",0,0,3.7e-24,0,1
"regulation of cell-substrate adhesion","MMEB9_C2",0,0,3.7e-24,0,1
"centrosome localization","MMEB9_C2",0,0,3.7e-24,0,1
"microtubule organizing center localization","MMEB9_C2",0,0,3.7e-24,0,1
"pinocytosis","MMEB9_C2",0,0,3.7e-24,0,1
"lamellipodium assembly","MMEB9_C2",0,0,3.7e-24,0,1
"cellular response to sterol depletion","MMEB9_C2",0,0,3.7e-24,0,1
"placenta development","MMEB9_C2",0,0,3.7e-24,0,1
"rhythmic process","MMEB9_C2",0,0,3.7e-24,0,1
"spindle localization","MMEB9_C2",0,0,3.7e-24,0,1
"carbohydrate derivative catabolic process","MMEB9_C2",0,0,3.7e-24,0,1
"response to amino acid","MMEB9_C2",0,0,3.7e-24,0,1
"regulation of intracellular steroid hormone receptor signaling pathway","MMEB9_C2",0,0,3.7e-24,0,1
"regulation of neuron death","MMEB9_C2",0,0,3.7e-24,0,1
"ossification","MMEB9_C2",0,1,3.7e-24,-1,0.495
"mammary gland epithelial cell proliferation","MMEB9_C2",1,0,3.7e-24,1,0.0572
"ribosomal subunit export from nucleus","MMEB9_C2",0,0,3.7e-24,0,1
"ribosome localization","MMEB9_C2",0,0,3.7e-24,0,1
"protein transport to vacuole involved in ubiquitin-dependent protein catabolic process via the multivesicular body sorting pathway","MMEB9_C2",0,0,3.7e-24,0,1
"seminiferous tubule development","MMEB9_C2",0,0,3.7e-24,0,1
"cellular response to acid chemical","MMEB9_C2",0,0,3.7e-24,0,1
"positive regulation of kinase activity","MMEB9_C2",1,1,3.7e-24,0,1
"positive regulation by host of viral process","MMEB9_C2",1,0,3.7e-24,1,0.045
"mitochondrion morphogenesis","MMEB9_C2",0,0,3.7e-24,0,1
"regulation of establishment of cell polarity","MMEB9_C2",0,0,3.7e-24,0,1
"cellular lipid catabolic process","MMEB9_C2",0,0,3.7e-24,0,1
"neuron apoptotic process","MMEB9_C2",0,0,3.7e-24,0,1
"inner cell mass cell proliferation","MMEB9_C2",0,0,3.7e-24,0,1
"polyamine biosynthetic process","MMEB9_C2",0,0,3.7e-24,0,1
"folic acid metabolic process","MMEB9_C2",0,0,3.7e-24,0,1
"organelle inheritance","MMEB9_C2",0,0,3.7e-24,0,1
"polyol metabolic process","MMEB9_C2",1,0,3.7e-24,1,0.1958
"regulation of type I interferon-mediated signaling pathway","MMEB9_C2",0,0,3.7e-24,0,1
"intracellular lipid transport","MMEB9_C2",0,0,3.7e-24,0,1
"fat cell differentiation","MMEB9_C2",0,0,3.7e-24,0,1
"iron ion homeostasis","MMEB9_C2",0,0,3.7e-24,0,1
"negative regulation of cell projection organization","MMEB9_C2",0,0,3.7e-24,0,1
"dicarboxylic acid metabolic process","MMEB9_C2",0,0,3.7e-24,0,1
"regulation of anatomical structure size","MMEB9_C2",0,1,3.7e-24,-1,0.4794
"regulation of small molecule metabolic process","MMEB9_C2",0,0,3.7e-24,0,1
"pentose-phosphate shunt","MMEB9_C2",0,0,3.7e-24,0,1
"pericardium development","MMEB9_C2",0,0,3.7e-24,0,1
"lysosomal protein catabolic process","MMEB9_C2",0,0,3.7e-24,0,1
"carbohydrate derivative transport","MMEB9_C2",0,0,3.7e-24,0,1
"alcohol biosynthetic process","MMEB9_C2",0,0,3.7e-24,0,1
"regulation of membrane permeability","MMEB9_C2",0,0,3.7e-24,0,1
"signal peptide processing","MMEB9_C2",0,0,3.7e-24,0,1
"UV-damage excision repair","MMEB9_C2",0,0,3.7e-24,0,1
"biological process involved in interaction with host","MMEB9_C2",0,0,3.7e-24,0,1
"body morphogenesis","MMEB9_C2",1,0,3.7e-24,1,0.0844
"extracellular vesicle biogenesis","MMEB9_C2",0,0,3.7e-24,0,1
"negative regulation of defense response to virus","MMEB9_C2",0,0,3.7e-24,0,1
"aminoglycan biosynthetic process","MMEB9_C2",0,0,3.7e-24,0,1
"sterol biosynthetic process","MMEB9_C2",0,0,3.7e-24,0,1
"polyamine metabolic process","MMEB9_C2",0,0,3.7e-24,0,1
"magnesium ion transport","MMEB9_C2",0,0,3.7e-24,0,1
"lamellipodium morphogenesis","MMEB9_C2",0,0,3.7e-24,0,1
"positive regulation of neuron migration","MMEB9_C2",0,0,3.7e-24,0,1
"regulation of glucose metabolic process","MMEB9_C2",0,0,3.7e-24,0,1
"monosaccharide biosynthetic process","MMEB9_C2",0,0,3.7e-24,0,1
"response to acid chemical","MMEB9_C2",0,0,3.7e-24,0,1
"regulation of carbohydrate metabolic process","MMEB9_C2",0,0,3.7e-24,0,1
"positive regulation of nervous system development","MMEB9_C2",1,0,3.7e-24,1,0.3883
"regulation of circadian rhythm","MMEB9_C2",0,0,3.7e-24,0,1
"trabecula morphogenesis","MMEB9_C2",0,0,3.7e-24,0,1
"pigment accumulation","MMEB9_C2",0,0,3.7e-24,0,1
"cellular pigment accumulation","MMEB9_C2",0,0,3.7e-24,0,1
"regulation of pinocytosis","MMEB9_C2",0,0,3.7e-24,0,1
"regulation of ligase activity","MMEB9_C2",0,0,3.7e-24,0,1
"smoothened signaling pathway involved in dorsal/ventral neural tube patterning","MMEB9_C2",0,0,3.7e-24,0,1
"glycosyl compound metabolic process","MMEB9_C2",0,0,3.7e-24,0,1
"substantia nigra development","MMEB9_C2",0,0,3.7e-24,0,1
"negative regulation of GTPase activity","MMEB9_C2",0,0,3.7e-24,0,1
"axon extension","MMEB9_C2",0,0,3.7e-24,0,1
"positive regulation of epithelial to mesenchymal transition","MMEB9_C2",0,0,3.7e-24,0,1
"one-carbon metabolic process","MMEB9_C2",0,0,3.7e-24,0,1
"NADPH regeneration","MMEB9_C2",0,0,3.7e-24,0,1
"cellular response to dsRNA","MMEB9_C2",0,0,3.7e-24,0,1
"neuron projection organization","MMEB9_C2",0,0,3.7e-24,0,1
"postsynapse organization","MMEB9_C2",0,0,3.7e-24,0,1
"regulation of ketone biosynthetic process","MMEB9_C2",0,0,3.7e-24,0,1
"mitochondrion distribution","MMEB9_C2",0,0,3.7e-24,0,1
"regulation of autophagosome maturation","MMEB9_C2",0,0,3.7e-24,0,1
"magnesium ion transmembrane transport","MMEB9_C2",0,0,3.7e-24,0,1
"regulation of cell division","MMEB9_C2",0,0,3.7e-24,0,1
"intermembrane lipid transfer","MMEB9_C2",0,0,3.7e-24,0,1
"organophosphate ester transport","MMEB9_C2",0,0,3.7e-24,0,1
"movement in host","MMEB9_C2",0,0,3.7e-24,0,1
"extracellular matrix assembly","MMEB9_C2",0,0,3.7e-24,0,1
"cellular metabolic compound salvage","MMEB9_C2",0,0,3.7e-24,0,1
"regulation of ATP-dependent activity","MMEB9_C2",0,0,3.7e-24,0,1
"cell migration involved in heart development","MMEB9_C2",0,0,3.7e-24,0,1
"cellular response to fluid shear stress","MMEB9_C2",0,0,3.7e-24,0,1
"sphingomyelin biosynthetic process","MMEB9_C2",0,0,3.7e-24,0,1
"ether lipid biosynthetic process","MMEB9_C2",0,0,3.7e-24,0,1
"embryonic body morphogenesis","MMEB9_C2",0,0,3.7e-24,0,1
"amino sugar biosynthetic process","MMEB9_C2",0,0,3.7e-24,0,1
"glycerol ether biosynthetic process","MMEB9_C2",0,0,3.7e-24,0,1
"pigmentation","MMEB9_C2",0,0,3.7e-24,0,1
"cellular response to ketone","MMEB9_C2",0,0,3.7e-24,0,1
"nonribosomal peptide biosynthetic process","MMEB9_C2",0,0,3.7e-24,0,1
"glial cell apoptotic process","MMEB9_C2",0,0,3.7e-24,0,1
"lipoprotein catabolic process","MMEB9_C2",0,0,3.7e-24,0,1
"suppression of viral release by host","MMEB9_C2",0,0,3.7e-24,0,1
"chaperone-mediated autophagy","MMEB9_C2",0,0,3.7e-24,0,1
"regulation of steroid hormone biosynthetic process","MMEB9_C2",0,0,3.7e-24,0,1
"synaptic vesicle lumen acidification","MMEB9_C2",0,0,3.7e-24,0,1
"semaphorin-plexin signaling pathway involved in neuron projection guidance","MMEB9_C2",0,0,3.7e-24,0,1
"regulation of Golgi organization","MMEB9_C2",0,0,3.7e-24,0,1
"Schwann cell differentiation","MMEB9_C2",0,0,3.7e-24,0,1
"neurotrophin signaling pathway","MMEB9_C2",0,0,3.7e-24,0,1
"regulation of microtubule depolymerization","MMEB9_C2",0,0,3.7e-24,0,1
"basement membrane organization","MMEB9_C2",0,0,3.7e-24,0,1
"establishment or maintenance of epithelial cell apical/basal polarity","MMEB9_C2",0,0,3.7e-24,0,1
"face development","MMEB9_C2",0,0,3.7e-24,0,1
"osteoblast differentiation","MMEB9_C2",1,0,3.7e-24,1,0.3954
"appendage development","MMEB9_C2",1,0,3.7e-24,1,0.2576
"limb development","MMEB9_C2",0,0,3.7e-24,0,1
"regulation of ATP metabolic process","MMEB9_C2",0,0,3.7e-24,0,1
"developmental growth involved in morphogenesis","MMEB9_C2",1,0,3.7e-24,1,0.3373
"embryonic organ development","MMEB9_C2",0,1,3.7e-24,-1,0.4849
"negative regulation of growth","MMEB9_C2",0,0,3.7e-24,0,1
"microtubule depolymerization","MMEB9_C2",0,0,3.7e-24,0,1
"heme metabolic process","MMEB9_C2",0,0,3.7e-24,0,1
"regulation of neuron apoptotic process","MMEB9_C2",0,0,3.7e-24,0,1
"plasma membrane tubulation","MMEB9_C2",0,0,3.7e-24,0,1
"exosomal secretion","MMEB9_C2",0,0,3.7e-24,0,1
"vasculogenesis","MMEB9_C2",0,0,3.7e-24,0,1
"toxin transport","MMEB9_C2",0,0,3.7e-24,0,1
"ncRNA processing","MMEB9_C3",1,1,3.7e-24,0,1
"ribosome biogenesis","MMEB9_C3",1,0,3.7e-24,1,0.4594
"rRNA metabolic process","MMEB9_C3",0,0,3.7e-24,0,1
"proteasome-mediated ubiquitin-dependent protein catabolic process","MMEB9_C3",0,1,3.7e-24,-1,0.4725
"regulation of response to DNA damage stimulus","MMEB9_C3",1,0,3.7e-24,1,0.4695
"establishment of protein localization to organelle","MMEB9_C3",1,1,3.7e-24,0,1
"macroautophagy","MMEB9_C3",0,0,3.7e-24,0,1
"regulation of chromosome organization","MMEB9_C3",0,0,3.7e-24,0,1
"Golgi vesicle transport","MMEB9_C3",1,0,3.7e-24,1,0.4516
"double-strand break repair","MMEB9_C3",1,0,3.7e-24,1,0.4421
"histone modification","MMEB9_C3",0,1,3.7e-24,-1,0.4926
"sister chromatid segregation","MMEB9_C3",1,0,3.7e-24,1,0.403
"DNA replication","MMEB9_C3",0,0,3.7e-24,0,1
"chromosome segregation","MMEB9_C3",0,1,3.7e-24,-1,0.5025
"mitochondrial gene expression","MMEB9_C3",0,0,3.7e-24,0,1
"nucleocytoplasmic transport","MMEB9_C3",0,0,3.7e-24,0,1
"nuclear transport","MMEB9_C3",1,0,3.7e-24,1,0.4859
"regulation of DNA repair","MMEB9_C3",0,0,3.7e-24,0,1
"peptidyl-lysine modification","MMEB9_C3",0,0,3.7e-24,0,1
"protein targeting","MMEB9_C3",1,0,3.7e-24,1,0.4842
"cytoplasmic translation","MMEB9_C3",0,0,3.7e-24,0,1
"regulation of autophagy","MMEB9_C3",1,0,3.7e-24,1,0.4836
"signal transduction in response to DNA damage","MMEB9_C3",2,0,3.7e-24,1.58496250072116,0.0636
"regulation of intracellular transport","MMEB9_C3",1,0,3.7e-24,1,0.4379
"protein localization to nucleus","MMEB9_C3",0,0,3.7e-24,0,1
"microtubule cytoskeleton organization involved in mitosis","MMEB9_C3",1,0,3.7e-24,1,0.2775
"telomere maintenance","MMEB9_C3",0,0,3.7e-24,0,1
"cell cycle checkpoint signaling","MMEB9_C3",1,0,3.7e-24,1,0.3126
"regulation of protein modification by small protein conjugation or removal","MMEB9_C3",0,0,3.7e-24,0,1
"cellular respiration","MMEB9_C3",0,0,3.7e-24,0,1
"cellular component disassembly","MMEB9_C3",1,1,3.7e-24,0,1
"nuclear chromosome segregation","MMEB9_C3",0,1,3.7e-24,-1,0.5286
"regulation of protein stability","MMEB9_C3",0,0,3.7e-24,0,1
"regulation of cell cycle phase transition","MMEB9_C3",1,1,3.7e-24,0,1
"regulation of protein catabolic process","MMEB9_C3",0,1,3.7e-24,-1,0.5285
"response to endoplasmic reticulum stress","MMEB9_C3",0,0,3.7e-24,0,1
"vesicle organization","MMEB9_C3",0,1,3.7e-24,-1,0.5274
"mitochondrial respiratory chain complex assembly","MMEB9_C3",0,0,3.7e-24,0,1
"DNA-templated transcription elongation","MMEB9_C3",0,0,3.7e-24,0,1
"mitochondrial transport","MMEB9_C3",0,0,3.7e-24,0,1
"establishment of organelle localization","MMEB9_C3",1,1,3.7e-24,0,1
"regulation of intracellular protein transport","MMEB9_C3",0,0,3.7e-24,0,1
"response to UV","MMEB9_C3",0,0,3.7e-24,0,1
"RNA localization","MMEB9_C3",0,0,3.7e-24,0,1
"response to topologically incorrect protein","MMEB9_C3",2,0,3.7e-24,1.58496250072116,0.047
"organelle fission","MMEB9_C3",1,1,3.7e-24,0,1
"non-membrane-bounded organelle assembly","MMEB9_C3",1,1,3.7e-24,0,1
"protein polyubiquitination","MMEB9_C3",0,0,3.7e-24,0,1
"methylation","MMEB9_C3",0,0,3.7e-24,0,1
"phospholipid biosynthetic process","MMEB9_C3",1,0,3.7e-24,1,0.3878
"oxidative phosphorylation","MMEB9_C3",0,0,3.7e-24,0,1
"establishment of protein localization to membrane","MMEB9_C3",0,0,3.7e-24,0,1
"in utero embryonic development","MMEB9_C3",0,1,3.7e-24,-1,0.5234
"vacuole organization","MMEB9_C3",1,0,3.7e-24,1,0.3803
"nuclear-transcribed mRNA catabolic process","MMEB9_C3",1,0,3.7e-24,1,0.1947
"protein folding","MMEB9_C3",0,0,3.7e-24,0,1
"DNA conformation change","MMEB9_C3",0,0,3.7e-24,0,1
"regulation of chromosome segregation","MMEB9_C3",0,0,3.7e-24,0,1
"regulation of apoptotic signaling pathway","MMEB9_C3",0,1,3.7e-24,-1,0.5266
"cell cycle G2/M phase transition","MMEB9_C3",0,0,3.7e-24,0,1
"vacuolar transport","MMEB9_C3",0,0,3.7e-24,0,1
"response to ionizing radiation","MMEB9_C3",0,0,3.7e-24,0,1
"cellular response to UV","MMEB9_C3",0,0,3.7e-24,0,1
"regulation of binding","MMEB9_C3",0,0,3.7e-24,0,1
"nucleic acid transport","MMEB9_C3",0,0,3.7e-24,0,1
"RNA transport","MMEB9_C3",1,0,3.7e-24,1,0.3024
"ribonucleoprotein complex subunit organization","MMEB9_C3",1,0,3.7e-24,1,0.3448
"regulation of DNA replication","MMEB9_C3",0,0,3.7e-24,0,1
"ribose phosphate metabolic process","MMEB9_C3",0,1,3.7e-24,-1,0.5082
"proton motive force-driven ATP synthesis","MMEB9_C3",0,0,3.7e-24,0,1
"ribonucleotide metabolic process","MMEB9_C3",0,1,3.7e-24,-1,0.4948
"telomere organization","MMEB9_C3",0,0,3.7e-24,0,1
"cellular response to topologically incorrect protein","MMEB9_C3",0,0,3.7e-24,0,1
"Golgi organization","MMEB9_C3",1,0,3.7e-24,1,0.256
"ribonucleoprotein complex assembly","MMEB9_C3",0,0,3.7e-24,0,1
"cellular nitrogen compound catabolic process","MMEB9_C3",1,1,3.7e-24,0,1
"negative regulation of phosphorus metabolic process","MMEB9_C3",0,1,3.7e-24,-1,0.5148
"heterocycle catabolic process","MMEB9_C3",1,1,3.7e-24,0,1
"mitochondrial membrane organization","MMEB9_C3",0,0,3.7e-24,0,1
"regulation of protein-containing complex assembly","MMEB9_C3",0,0,3.7e-24,0,1
"positive regulation of cellular component biogenesis","MMEB9_C3",0,1,3.7e-24,-1,0.4731
"response to oxidative stress","MMEB9_C3",3,1,3.7e-24,1,0.521
"regulation of supramolecular fiber organization","MMEB9_C3",0,1,3.7e-24,-1,0.5243
"positive regulation of protein localization","MMEB9_C3",0,1,3.7e-24,-1,0.4804
"positive regulation of cell projection organization","MMEB9_C3",0,0,3.7e-24,0,1
"negative regulation of transferase activity","MMEB9_C3",0,0,3.7e-24,0,1
"autophagy of mitochondrion","MMEB9_C3",0,0,3.7e-24,0,1
"positive regulation of amide metabolic process","MMEB9_C3",0,0,3.7e-24,0,1
"chromatin remodeling","MMEB9_C3",1,0,3.7e-24,1,0.4814
"viral process","MMEB9_C3",1,1,3.7e-24,0,1
"macromolecule deacylation","MMEB9_C3",1,0,3.7e-24,1,0.2176
"mitotic cytokinesis","MMEB9_C3",0,0,3.7e-24,0,1
"aromatic compound catabolic process","MMEB9_C3",0,1,3.7e-24,-1,0.4922
"vesicle localization","MMEB9_C3",0,0,3.7e-24,0,1
"establishment or maintenance of cell polarity","MMEB9_C3",1,0,3.7e-24,1,0.3497
"Wnt signaling pathway","MMEB9_C3",0,1,3.7e-24,-1,0.4892
"cell-cell signaling by wnt","MMEB9_C3",0,0,3.7e-24,0,1
"ATP metabolic process","MMEB9_C3",0,0,3.7e-24,0,1
"cellular response to chemical stress","MMEB9_C3",0,0,3.7e-24,0,1
"regulation of vacuole organization","MMEB9_C3",0,0,3.7e-24,0,1
"cellular response to external stimulus","MMEB9_C3",1,0,3.7e-24,1,0.4496
"negative regulation of protein phosphorylation","MMEB9_C3",0,0,3.7e-24,0,1
"negative regulation of catabolic process","MMEB9_C3",0,0,3.7e-24,0,1
"regulation of microtubule cytoskeleton organization","MMEB9_C3",0,0,3.7e-24,0,1
"chromosome localization","MMEB9_C3",0,0,3.7e-24,0,1
"negative regulation of mitotic nuclear division","MMEB9_C3",0,0,3.7e-24,0,1
"regulation of actin filament organization","MMEB9_C3",0,0,3.7e-24,0,1
"dephosphorylation","MMEB9_C3",0,0,3.7e-24,0,1
"glycosylation","MMEB9_C3",0,0,3.7e-24,0,1
"positive regulation of establishment of protein localization","MMEB9_C3",0,0,3.7e-24,0,1
"regulation of microtubule-based process","MMEB9_C3",1,0,3.7e-24,1,0.3551
"cell-substrate junction organization","MMEB9_C3",0,0,3.7e-24,0,1
"protein-containing complex localization","MMEB9_C3",1,0,3.7e-24,1,0.3228
"mitochondrial transmembrane transport","MMEB9_C3",0,0,3.7e-24,0,1
"stem cell population maintenance","MMEB9_C3",1,0,3.7e-24,1,0.2897
"ribosome assembly","MMEB9_C3",0,0,3.7e-24,0,1
"intraciliary transport","MMEB9_C3",0,0,3.7e-24,0,1
"Golgi to plasma membrane protein transport","MMEB9_C3",0,0,3.7e-24,0,1
"response to amino acid starvation","MMEB9_C3",0,0,3.7e-24,0,1
"cellular response to extracellular stimulus","MMEB9_C3",1,0,3.7e-24,1,0.3679
"cell growth","MMEB9_C3",0,1,3.7e-24,-1,0.4812
"protein glycosylation","MMEB9_C3",0,0,3.7e-24,0,1
"macromolecule glycosylation","MMEB9_C3",0,0,3.7e-24,0,1
"maintenance of cell number","MMEB9_C3",1,0,3.7e-24,1,0.2955
"response to reactive oxygen species","MMEB9_C3",0,0,3.7e-24,0,1
"regulation of cell morphogenesis","MMEB9_C3",0,0,3.7e-24,0,1
"regulation of cellular component size","MMEB9_C3",1,0,3.7e-24,1,0.493
"cell-substrate junction assembly","MMEB9_C3",0,0,3.7e-24,0,1
"membrane fission","MMEB9_C3",0,0,3.7e-24,0,1
"membrane docking","MMEB9_C3",0,0,3.7e-24,0,1
"fibroblast migration","MMEB9_C3",0,0,3.7e-24,0,1
"nucleus organization","MMEB9_C3",0,0,3.7e-24,0,1
"regulation of cell growth","MMEB9_C3",0,1,3.7e-24,-1,0.5212
"fibroblast proliferation","MMEB9_C3",1,0,3.7e-24,1,0.1883
"cell cycle G1/S phase transition","MMEB9_C3",1,0,3.7e-24,1,0.3577
"actin filament organization","MMEB9_C3",0,1,3.7e-24,-1,0.5241
"response to oxygen levels","MMEB9_C3",0,0,3.7e-24,0,1
"epigenetic regulation of gene expression","MMEB9_C3",1,0,3.7e-24,1,0.3094
"organelle fusion","MMEB9_C3",0,0,3.7e-24,0,1
"lipoprotein metabolic process","MMEB9_C3",0,0,3.7e-24,0,1
"protein lipidation","MMEB9_C3",0,0,3.7e-24,0,1
"regulation of plasma membrane bounded cell projection assembly","MMEB9_C3",0,0,3.7e-24,0,1
"regulation of actin filament-based process","MMEB9_C3",0,0,3.7e-24,0,1
"regulation of GTPase activity","MMEB9_C3",1,0,3.7e-24,1,0.4168
"nuclear envelope organization","MMEB9_C3",0,0,3.7e-24,0,1
"protein autophosphorylation","MMEB9_C3",0,0,3.7e-24,0,1
"connective tissue development","MMEB9_C3",0,0,3.7e-24,0,1
"cellular response to heat","MMEB9_C3",0,0,3.7e-24,0,1
"myeloid cell homeostasis","MMEB9_C3",0,0,3.7e-24,0,1
"regulation of neuron projection development","MMEB9_C3",0,1,3.7e-24,-1,0.5158
"receptor metabolic process","MMEB9_C3",0,0,3.7e-24,0,1
"maintenance of protein location in cell","MMEB9_C3",0,0,3.7e-24,0,1
"apoptotic mitochondrial changes","MMEB9_C3",1,0,3.7e-24,1,0.1664
"response to transforming growth factor beta","MMEB9_C3",0,0,3.7e-24,0,1
"neural tube development","MMEB9_C3",0,0,3.7e-24,0,1
"maintenance of protein location","MMEB9_C3",0,0,3.7e-24,0,1
"regulation of ubiquitin-protein transferase activity","MMEB9_C3",0,0,3.7e-24,0,1
"cilium assembly","MMEB9_C3",0,0,3.7e-24,0,1
"mRNA export from nucleus","MMEB9_C3",0,0,3.7e-24,0,1
"regulation of cell-substrate junction organization","MMEB9_C3",0,0,3.7e-24,0,1
"membrane biogenesis","MMEB9_C3",0,0,3.7e-24,0,1
"cilium organization","MMEB9_C3",0,1,3.7e-24,-1,0.5334
"platelet-derived growth factor receptor signaling pathway","MMEB9_C3",0,0,3.7e-24,0,1
"iron-sulfur cluster assembly","MMEB9_C3",1,0,3.7e-24,1,0.0868
"metallo-sulfur cluster assembly","MMEB9_C3",0,0,3.7e-24,0,1
"centromere complex assembly","MMEB9_C3",0,0,3.7e-24,0,1
"cellular response to oxygen levels","MMEB9_C3",0,0,3.7e-24,0,1
"fatty acid beta-oxidation","MMEB9_C3",0,0,3.7e-24,0,1
"organelle localization by membrane tethering","MMEB9_C3",0,0,3.7e-24,0,1
"autophagosome maturation","MMEB9_C3",0,0,3.7e-24,0,1
"cellular response to transforming growth factor beta stimulus","MMEB9_C3",0,0,3.7e-24,0,1
"nucleotide catabolic process","MMEB9_C3",0,0,3.7e-24,0,1
"tube closure","MMEB9_C3",0,0,3.7e-24,0,1
"regulation of stem cell differentiation","MMEB9_C3",0,0,3.7e-24,0,1
"substrate adhesion-dependent cell spreading","MMEB9_C3",1,0,3.7e-24,1,0.1517
"chondrocyte differentiation","MMEB9_C3",0,0,3.7e-24,0,1
"regulation of fibroblast proliferation","MMEB9_C3",0,0,3.7e-24,0,1
"morphogenesis of an epithelial sheet","MMEB9_C3",0,0,3.7e-24,0,1
"microtubule polymerization","MMEB9_C3",0,0,3.7e-24,0,1
"response to virus","MMEB9_C3",0,0,3.7e-24,0,1
"membrane assembly","MMEB9_C3",1,0,3.7e-24,1,0.1192
"COPII vesicle coating","MMEB9_C3",0,0,3.7e-24,0,1
"erythrocyte differentiation","MMEB9_C3",0,0,3.7e-24,0,1
"organophosphate catabolic process","MMEB9_C3",0,0,3.7e-24,0,1
"regulation of embryonic development","MMEB9_C3",0,0,3.7e-24,0,1
"regulation of focal adhesion assembly","MMEB9_C3",0,0,3.7e-24,0,1
"regulation of cell-substrate junction assembly","MMEB9_C3",0,0,3.7e-24,0,1
"regulation of extracellular matrix organization","MMEB9_C3",0,0,3.7e-24,0,1
"GPI anchor biosynthetic process","MMEB9_C3",0,0,3.7e-24,0,1
"lamellipodium organization","MMEB9_C3",0,0,3.7e-24,0,1
"positive regulation of stem cell population maintenance","MMEB9_C3",0,0,3.7e-24,0,1
"monosaccharide metabolic process","MMEB9_C3",0,0,3.7e-24,0,1
"U2-type prespliceosome assembly","MMEB9_C3",0,0,3.7e-24,0,1
"heterochromatin formation","MMEB9_C3",0,0,3.7e-24,0,1
"peroxisome organization","MMEB9_C3",0,0,3.7e-24,0,1
"regulation of mitochondrial fission","MMEB9_C3",0,0,3.7e-24,0,1
"cellular pigmentation","MMEB9_C3",0,0,3.7e-24,0,1
"regulation of fibroblast migration","MMEB9_C3",0,0,3.7e-24,0,1
"cellular carbohydrate metabolic process","MMEB9_C3",0,0,3.7e-24,0,1
"positive regulation of axonogenesis","MMEB9_C3",0,0,3.7e-24,0,1
"kinetochore organization","MMEB9_C3",0,0,3.7e-24,0,1
"stem cell differentiation","MMEB9_C3",0,0,3.7e-24,0,1
"proton transmembrane transport","MMEB9_C3",0,0,3.7e-24,0,1
"cellular response to insulin stimulus","MMEB9_C3",0,0,3.7e-24,0,1
"establishment of mitotic spindle localization","MMEB9_C3",0,0,3.7e-24,0,1
"cell redox homeostasis","MMEB9_C3",0,0,3.7e-24,0,1
"stress granule assembly","MMEB9_C3",0,0,3.7e-24,0,1
"protein neddylation","MMEB9_C3",0,0,3.7e-24,0,1
"regulation of mitochondrial membrane potential","MMEB9_C3",0,0,3.7e-24,0,1
"neuron death","MMEB9_C3",1,0,3.7e-24,1,0.4946
"defense response to virus","MMEB9_C3",0,0,3.7e-24,0,1
"sulfur compound metabolic process","MMEB9_C3",0,0,3.7e-24,0,1
"NADP metabolic process","MMEB9_C3",0,0,3.7e-24,0,1
"vacuolar acidification","MMEB9_C3",0,0,3.7e-24,0,1
"oligosaccharide-lipid intermediate biosynthetic process","MMEB9_C3",0,0,3.7e-24,0,1
"lysosomal lumen acidification","MMEB9_C3",0,0,3.7e-24,0,1
"glycosyl compound biosynthetic process","MMEB9_C3",0,0,3.7e-24,0,1
"heart valve development","MMEB9_C3",0,0,3.7e-24,0,1
"water-soluble vitamin metabolic process","MMEB9_C3",0,0,3.7e-24,0,1
"interferon-beta production","MMEB9_C3",0,0,3.7e-24,0,1
"regulation of interferon-beta production","MMEB9_C3",0,0,3.7e-24,0,1
"branched-chain amino acid metabolic process","MMEB9_C3",0,0,3.7e-24,0,1
"regulation of mitochondrial membrane permeability","MMEB9_C3",0,0,3.7e-24,0,1
"respiratory tube development","MMEB9_C3",0,0,3.7e-24,0,1
"cellular senescence","MMEB9_C3",0,0,3.7e-24,0,1
"positive regulation of neurogenesis","MMEB9_C3",0,0,3.7e-24,0,1
"mitochondrial outer membrane permeabilization","MMEB9_C3",0,0,3.7e-24,0,1
"immune system development","MMEB9_C3",1,0,3.7e-24,1,0.2639
"clathrin-dependent endocytosis","MMEB9_C3",0,0,3.7e-24,0,1
"positive regulation of viral process","MMEB9_C3",0,0,3.7e-24,0,1
"bone development","MMEB9_C3",0,0,3.7e-24,0,1
"cell-substrate adhesion","MMEB9_C3",1,0,3.7e-24,1,0.4331
"positive regulation of microtubule polymerization","MMEB9_C3",0,0,3.7e-24,0,1
"pteridine-containing compound metabolic process","MMEB9_C3",1,0,3.7e-24,1,0.0642
"response to arsenic-containing substance","MMEB9_C3",0,0,3.7e-24,0,1
"response to insulin","MMEB9_C3",0,0,3.7e-24,0,1
"ubiquinone metabolic process","MMEB9_C3",0,0,3.7e-24,0,1
"cellular response to arsenic-containing substance","MMEB9_C3",0,0,3.7e-24,0,1
"inositol phosphate catabolic process","MMEB9_C3",0,0,3.7e-24,0,1
"telomerase RNA localization to Cajal body","MMEB9_C3",0,0,3.7e-24,0,1
"respiratory system development","MMEB9_C3",0,0,3.7e-24,0,1
"regulation of generation of precursor metabolites and energy","MMEB9_C3",0,0,3.7e-24,0,1
"mitochondrial calcium ion homeostasis","MMEB9_C3",0,0,3.7e-24,0,1
"G0 to G1 transition","MMEB9_C3",1,0,3.7e-24,1,0.0664
"mitochondrial genome maintenance","MMEB9_C3",0,0,3.7e-24,0,1
"release of cytochrome c from mitochondria","MMEB9_C3",0,0,3.7e-24,0,1
"cortical cytoskeleton organization","MMEB9_C3",0,0,3.7e-24,0,1
"response to sterol depletion","MMEB9_C3",0,0,3.7e-24,0,1
"regulation of ncRNA transcription","MMEB9_C3",0,0,3.7e-24,0,1
"mesenchymal cell differentiation","MMEB9_C3",0,0,3.7e-24,0,1
"protein-DNA complex subunit organization","MMEB9_C3",0,0,3.7e-24,0,1
"response to fluid shear stress","MMEB9_C3",0,0,3.7e-24,0,1
"collagen fibril organization","MMEB9_C3",0,0,3.7e-24,0,1
"roof of mouth development","MMEB9_C3",0,0,3.7e-24,0,1
"regulation of protein dephosphorylation","MMEB9_C3",0,0,3.7e-24,0,1
"multicellular organism growth","MMEB9_C3",0,0,3.7e-24,0,1
"miRNA processing","MMEB9_C3",0,0,3.7e-24,0,1
"small molecule catabolic process","MMEB9_C3",0,0,3.7e-24,0,1
"regulation of G0 to G1 transition","MMEB9_C3",0,0,3.7e-24,0,1
"circadian regulation of gene expression","MMEB9_C3",0,0,3.7e-24,0,1
"regulation of translational fidelity","MMEB9_C3",0,0,3.7e-24,0,1
"ubiquinone biosynthetic process","MMEB9_C3",0,0,3.7e-24,0,1
"mitochondrial calcium ion transmembrane transport","MMEB9_C3",0,0,3.7e-24,0,1
"quinone biosynthetic process","MMEB9_C3",0,0,3.7e-24,0,1
"viral release from host cell","MMEB9_C3",0,0,3.7e-24,0,1
"exit from host cell","MMEB9_C3",0,0,3.7e-24,0,1
"positive regulation of GTPase activity","MMEB9_C3",0,0,3.7e-24,0,1
"regulation of cytokinesis","MMEB9_C3",0,0,3.7e-24,0,1
"mitochondrion localization","MMEB9_C3",0,0,3.7e-24,0,1
"renal system development","MMEB9_C3",1,0,3.7e-24,1,0.358
"regulation of cysteine-type endopeptidase activity involved in apoptotic process","MMEB9_C3",0,0,3.7e-24,0,1
"regulation of cell-substrate adhesion","MMEB9_C3",0,0,3.7e-24,0,1
"centrosome localization","MMEB9_C3",0,0,3.7e-24,0,1
"microtubule organizing center localization","MMEB9_C3",1,0,3.7e-24,1,0.0632
"pinocytosis","MMEB9_C3",0,0,3.7e-24,0,1
"lamellipodium assembly","MMEB9_C3",0,0,3.7e-24,0,1
"cellular response to sterol depletion","MMEB9_C3",0,0,3.7e-24,0,1
"placenta development","MMEB9_C3",0,0,3.7e-24,0,1
"rhythmic process","MMEB9_C3",0,0,3.7e-24,0,1
"spindle localization","MMEB9_C3",0,0,3.7e-24,0,1
"carbohydrate derivative catabolic process","MMEB9_C3",0,0,3.7e-24,0,1
"response to amino acid","MMEB9_C3",0,0,3.7e-24,0,1
"regulation of intracellular steroid hormone receptor signaling pathway","MMEB9_C3",0,0,3.7e-24,0,1
"regulation of neuron death","MMEB9_C3",0,0,3.7e-24,0,1
"ossification","MMEB9_C3",0,0,3.7e-24,0,1
"mammary gland epithelial cell proliferation","MMEB9_C3",0,0,3.7e-24,0,1
"ribosomal subunit export from nucleus","MMEB9_C3",0,0,3.7e-24,0,1
"ribosome localization","MMEB9_C3",0,0,3.7e-24,0,1
"protein transport to vacuole involved in ubiquitin-dependent protein catabolic process via the multivesicular body sorting pathway","MMEB9_C3",0,0,3.7e-24,0,1
"seminiferous tubule development","MMEB9_C3",0,0,3.7e-24,0,1
"cellular response to acid chemical","MMEB9_C3",0,0,3.7e-24,0,1
"positive regulation of kinase activity","MMEB9_C3",1,1,3.7e-24,0,1
"positive regulation by host of viral process","MMEB9_C3",0,0,3.7e-24,0,1
"mitochondrion morphogenesis","MMEB9_C3",0,0,3.7e-24,0,1
"regulation of establishment of cell polarity","MMEB9_C3",0,0,3.7e-24,0,1
"cellular lipid catabolic process","MMEB9_C3",0,0,3.7e-24,0,1
"neuron apoptotic process","MMEB9_C3",0,0,3.7e-24,0,1
"inner cell mass cell proliferation","MMEB9_C3",0,0,3.7e-24,0,1
"polyamine biosynthetic process","MMEB9_C3",0,0,3.7e-24,0,1
"folic acid metabolic process","MMEB9_C3",0,0,3.7e-24,0,1
"organelle inheritance","MMEB9_C3",0,0,3.7e-24,0,1
"polyol metabolic process","MMEB9_C3",1,0,3.7e-24,1,0.1777
"regulation of type I interferon-mediated signaling pathway","MMEB9_C3",0,0,3.7e-24,0,1
"intracellular lipid transport","MMEB9_C3",0,0,3.7e-24,0,1
"fat cell differentiation","MMEB9_C3",0,0,3.7e-24,0,1
"iron ion homeostasis","MMEB9_C3",0,0,3.7e-24,0,1
"negative regulation of cell projection organization","MMEB9_C3",0,0,3.7e-24,0,1
"dicarboxylic acid metabolic process","MMEB9_C3",0,0,3.7e-24,0,1
"regulation of anatomical structure size","MMEB9_C3",1,1,3.7e-24,0,1
"regulation of small molecule metabolic process","MMEB9_C3",0,0,3.7e-24,0,1
"pentose-phosphate shunt","MMEB9_C3",0,0,3.7e-24,0,1
"pericardium development","MMEB9_C3",0,0,3.7e-24,0,1
"lysosomal protein catabolic process","MMEB9_C3",0,0,3.7e-24,0,1
"carbohydrate derivative transport","MMEB9_C3",0,0,3.7e-24,0,1
"alcohol biosynthetic process","MMEB9_C3",1,0,3.7e-24,1,0.2322
"regulation of membrane permeability","MMEB9_C3",0,0,3.7e-24,0,1
"signal peptide processing","MMEB9_C3",0,0,3.7e-24,0,1
"UV-damage excision repair","MMEB9_C3",0,0,3.7e-24,0,1
"biological process involved in interaction with host","MMEB9_C3",0,0,3.7e-24,0,1
"body morphogenesis","MMEB9_C3",0,0,3.7e-24,0,1
"extracellular vesicle biogenesis","MMEB9_C3",0,0,3.7e-24,0,1
"negative regulation of defense response to virus","MMEB9_C3",0,0,3.7e-24,0,1
"aminoglycan biosynthetic process","MMEB9_C3",0,0,3.7e-24,0,1
"sterol biosynthetic process","MMEB9_C3",0,0,3.7e-24,0,1
"polyamine metabolic process","MMEB9_C3",0,0,3.7e-24,0,1
"magnesium ion transport","MMEB9_C3",0,0,3.7e-24,0,1
"lamellipodium morphogenesis","MMEB9_C3",0,0,3.7e-24,0,1
"positive regulation of neuron migration","MMEB9_C3",0,0,3.7e-24,0,1
"regulation of glucose metabolic process","MMEB9_C3",0,0,3.7e-24,0,1
"monosaccharide biosynthetic process","MMEB9_C3",0,0,3.7e-24,0,1
"response to acid chemical","MMEB9_C3",1,0,3.7e-24,1,0.214
"regulation of carbohydrate metabolic process","MMEB9_C3",0,0,3.7e-24,0,1
"positive regulation of nervous system development","MMEB9_C3",0,0,3.7e-24,0,1
"regulation of circadian rhythm","MMEB9_C3",0,0,3.7e-24,0,1
"trabecula morphogenesis","MMEB9_C3",1,0,3.7e-24,1,0.0691
"pigment accumulation","MMEB9_C3",0,0,3.7e-24,0,1
"cellular pigment accumulation","MMEB9_C3",0,0,3.7e-24,0,1
"regulation of pinocytosis","MMEB9_C3",0,0,3.7e-24,0,1
"regulation of ligase activity","MMEB9_C3",0,0,3.7e-24,0,1
"smoothened signaling pathway involved in dorsal/ventral neural tube patterning","MMEB9_C3",0,0,3.7e-24,0,1
"glycosyl compound metabolic process","MMEB9_C3",0,0,3.7e-24,0,1
"substantia nigra development","MMEB9_C3",0,0,3.7e-24,0,1
"negative regulation of GTPase activity","MMEB9_C3",0,0,3.7e-24,0,1
"axon extension","MMEB9_C3",0,0,3.7e-24,0,1
"positive regulation of epithelial to mesenchymal transition","MMEB9_C3",0,0,3.7e-24,0,1
"one-carbon metabolic process","MMEB9_C3",0,0,3.7e-24,0,1
"NADPH regeneration","MMEB9_C3",0,0,3.7e-24,0,1
"cellular response to dsRNA","MMEB9_C3",0,0,3.7e-24,0,1
"neuron projection organization","MMEB9_C3",0,0,3.7e-24,0,1
"postsynapse organization","MMEB9_C3",0,0,3.7e-24,0,1
"regulation of ketone biosynthetic process","MMEB9_C3",0,0,3.7e-24,0,1
"mitochondrion distribution","MMEB9_C3",0,0,3.7e-24,0,1
"regulation of autophagosome maturation","MMEB9_C3",0,0,3.7e-24,0,1
"magnesium ion transmembrane transport","MMEB9_C3",0,0,3.7e-24,0,1
"regulation of cell division","MMEB9_C3",1,0,3.7e-24,1,0.2638
"intermembrane lipid transfer","MMEB9_C3",0,0,3.7e-24,0,1
"organophosphate ester transport","MMEB9_C3",0,0,3.7e-24,0,1
"movement in host","MMEB9_C3",1,0,3.7e-24,1,0.2268
"extracellular matrix assembly","MMEB9_C3",0,0,3.7e-24,0,1
"cellular metabolic compound salvage","MMEB9_C3",0,0,3.7e-24,0,1
"regulation of ATP-dependent activity","MMEB9_C3",0,0,3.7e-24,0,1
"cell migration involved in heart development","MMEB9_C3",0,0,3.7e-24,0,1
"cellular response to fluid shear stress","MMEB9_C3",0,0,3.7e-24,0,1
"sphingomyelin biosynthetic process","MMEB9_C3",0,0,3.7e-24,0,1
"ether lipid biosynthetic process","MMEB9_C3",0,0,3.7e-24,0,1
"embryonic body morphogenesis","MMEB9_C3",0,0,3.7e-24,0,1
"amino sugar biosynthetic process","MMEB9_C3",0,0,3.7e-24,0,1
"glycerol ether biosynthetic process","MMEB9_C3",0,0,3.7e-24,0,1
"pigmentation","MMEB9_C3",0,0,3.7e-24,0,1
"cellular response to ketone","MMEB9_C3",0,0,3.7e-24,0,1
"nonribosomal peptide biosynthetic process","MMEB9_C3",0,0,3.7e-24,0,1
"glial cell apoptotic process","MMEB9_C3",0,0,3.7e-24,0,1
"lipoprotein catabolic process","MMEB9_C3",0,0,3.7e-24,0,1
"suppression of viral release by host","MMEB9_C3",0,0,3.7e-24,0,1
"chaperone-mediated autophagy","MMEB9_C3",0,0,3.7e-24,0,1
"regulation of steroid hormone biosynthetic process","MMEB9_C3",0,0,3.7e-24,0,1
"synaptic vesicle lumen acidification","MMEB9_C3",0,0,3.7e-24,0,1
"semaphorin-plexin signaling pathway involved in neuron projection guidance","MMEB9_C3",0,0,3.7e-24,0,1
"regulation of Golgi organization","MMEB9_C3",0,0,3.7e-24,0,1
"Schwann cell differentiation","MMEB9_C3",0,0,3.7e-24,0,1
"neurotrophin signaling pathway","MMEB9_C3",0,0,3.7e-24,0,1
"regulation of microtubule depolymerization","MMEB9_C3",0,0,3.7e-24,0,1
"basement membrane organization","MMEB9_C3",0,0,3.7e-24,0,1
"establishment or maintenance of epithelial cell apical/basal polarity","MMEB9_C3",0,0,3.7e-24,0,1
"face development","MMEB9_C3",0,0,3.7e-24,0,1
"osteoblast differentiation","MMEB9_C3",0,0,3.7e-24,0,1
"appendage development","MMEB9_C3",0,0,3.7e-24,0,1
"limb development","MMEB9_C3",1,0,3.7e-24,1,0.2958
"regulation of ATP metabolic process","MMEB9_C3",0,0,3.7e-24,0,1
"developmental growth involved in morphogenesis","MMEB9_C3",0,0,3.7e-24,0,1
"embryonic organ development","MMEB9_C3",0,1,3.7e-24,-1,0.5094
"negative regulation of growth","MMEB9_C3",0,0,3.7e-24,0,1
"microtubule depolymerization","MMEB9_C3",0,0,3.7e-24,0,1
"heme metabolic process","MMEB9_C3",0,0,3.7e-24,0,1
"regulation of neuron apoptotic process","MMEB9_C3",0,0,3.7e-24,0,1
"plasma membrane tubulation","MMEB9_C3",0,0,3.7e-24,0,1
"exosomal secretion","MMEB9_C3",0,0,3.7e-24,0,1
"vasculogenesis","MMEB9_C3",0,0,3.7e-24,0,1
"toxin transport","MMEB9_C3",0,0,3.7e-24,0,1
"ncRNA processing","MMEB9_E1",22,34,3.7e-24,-0.605721060887954,0.0201
"ribosome biogenesis","MMEB9_E1",16,24,3.7e-24,-0.556393348524385,0.0771
"rRNA metabolic process","MMEB9_E1",16,20,3.7e-24,-0.304854581528421,0.3761
"proteasome-mediated ubiquitin-dependent protein catabolic process","MMEB9_E1",17,35,3.7e-24,-1,5e-04
"regulation of response to DNA damage stimulus","MMEB9_E1",21,24,3.7e-24,-0.184424571137427,0.5483
"establishment of protein localization to organelle","MMEB9_E1",22,33,3.7e-24,-0.563900885193326,0.0269
"macroautophagy","MMEB9_E1",12,23,3.7e-24,-0.884522782580064,0.0077
"regulation of chromosome organization","MMEB9_E1",16,19,3.7e-24,-0.234465253637023,0.5009
"Golgi vesicle transport","MMEB9_E1",16,24,3.7e-24,-0.556393348524385,0.0612
"double-strand break repair","MMEB9_E1",16,23,3.7e-24,-0.497499659470817,0.1081
"histone modification","MMEB9_E1",23,34,3.7e-24,-0.54432051622381,0.0289
"sister chromatid segregation","MMEB9_E1",10,20,3.7e-24,-0.932885804141463,0.0091
"DNA replication","MMEB9_E1",16,21,3.7e-24,-0.371968777386958,0.2396
"chromosome segregation","MMEB9_E1",24,30,3.7e-24,-0.310340120612151,0.2448
"mitochondrial gene expression","MMEB9_E1",15,14,3.7e-24,0.0931094043914815,0.893
"nucleocytoplasmic transport","MMEB9_E1",17,22,3.7e-24,-0.3536369546147,0.2499
"nuclear transport","MMEB9_E1",16,25,3.7e-24,-0.612976876890753,0.043
"regulation of DNA repair","MMEB9_E1",7,16,3.7e-24,-1.08746284125034,0.0116
"peptidyl-lysine modification","MMEB9_E1",20,25,3.7e-24,-0.308122295362332,0.2822
"protein targeting","MMEB9_E1",20,26,3.7e-24,-0.362570079384708,0.2178
"cytoplasmic translation","MMEB9_E1",8,13,3.7e-24,-0.637429920615292,0.1033
"regulation of autophagy","MMEB9_E1",16,25,3.7e-24,-0.612976876890753,0.0373
"signal transduction in response to DNA damage","MMEB9_E1",8,14,3.7e-24,-0.736965594166206,0.0773
"regulation of intracellular transport","MMEB9_E1",15,22,3.7e-24,-0.523561956057013,0.0879
"protein localization to nucleus","MMEB9_E1",11,20,3.7e-24,-0.807354922057604,0.0196
"microtubule cytoskeleton organization involved in mitosis","MMEB9_E1",9,12,3.7e-24,-0.37851162325373,0.3983
"telomere maintenance","MMEB9_E1",8,13,3.7e-24,-0.637429920615292,0.112
"cell cycle checkpoint signaling","MMEB9_E1",7,14,3.7e-24,-0.906890595608518,0.0215
"regulation of protein modification by small protein conjugation or removal","MMEB9_E1",12,19,3.7e-24,-0.62148837674627,0.0684
"cellular respiration","MMEB9_E1",10,19,3.7e-24,-0.862496476250065,0.0168
"cellular component disassembly","MMEB9_E1",26,32,3.7e-24,-0.289506617194985,0.2595
"nuclear chromosome segregation","MMEB9_E1",18,26,3.7e-24,-0.506959988719883,0.0732
"regulation of protein stability","MMEB9_E1",14,23,3.7e-24,-0.678071905112638,0.034
"regulation of cell cycle phase transition","MMEB9_E1",20,32,3.7e-24,-0.652076696579693,0.0175
"regulation of protein catabolic process","MMEB9_E1",17,27,3.7e-24,-0.637429920615292,0.0241
"response to endoplasmic reticulum stress","MMEB9_E1",20,18,3.7e-24,0.144389909335175,0.732
"vesicle organization","MMEB9_E1",21,25,3.7e-24,-0.241008099503795,0.4313
"mitochondrial respiratory chain complex assembly","MMEB9_E1",6,8,3.7e-24,-0.362570079384708,0.4945
"DNA-templated transcription elongation","MMEB9_E1",11,11,3.7e-24,0,1
"mitochondrial transport","MMEB9_E1",8,15,3.7e-24,-0.830074998557688,0.0462
"establishment of organelle localization","MMEB9_E1",21,31,3.7e-24,-0.540568381362703,0.0476
"regulation of intracellular protein transport","MMEB9_E1",8,16,3.7e-24,-0.917537839808027,0.0265
"response to UV","MMEB9_E1",9,13,3.7e-24,-0.485426827170242,0.2437
"RNA localization","MMEB9_E1",10,14,3.7e-24,-0.447458976971221,0.2436
"response to topologically incorrect protein","MMEB9_E1",7,11,3.7e-24,-0.584962500721156,0.1578
"organelle fission","MMEB9_E1",30,34,3.7e-24,-0.175086706558091,0.4874
"non-membrane-bounded organelle assembly","MMEB9_E1",20,27,3.7e-24,-0.415037499278844,0.1439
"protein polyubiquitination","MMEB9_E1",13,17,3.7e-24,-0.362570079384708,0.2983
"methylation","MMEB9_E1",8,25,3.7e-24,-1.53051471669878,2e-04
"phospholipid biosynthetic process","MMEB9_E1",17,18,3.7e-24,-0.0780025120012732,0.8146
"oxidative phosphorylation","MMEB9_E1",6,10,3.7e-24,-0.652076696579693,0.1337
"establishment of protein localization to membrane","MMEB9_E1",11,19,3.7e-24,-0.736965594166206,0.0364
"in utero embryonic development","MMEB9_E1",18,26,3.7e-24,-0.506959988719883,0.0814
"vacuole organization","MMEB9_E1",11,16,3.7e-24,-0.502500340529183,0.1699
"nuclear-transcribed mRNA catabolic process","MMEB9_E1",10,9,3.7e-24,0.137503523749935,0.8713
"protein folding","MMEB9_E1",12,16,3.7e-24,-0.387023123109247,0.2811
"DNA conformation change","MMEB9_E1",3,6,3.7e-24,-0.807354922057604,0.1423
"regulation of chromosome segregation","MMEB9_E1",10,10,3.7e-24,0,1
"regulation of apoptotic signaling pathway","MMEB9_E1",18,26,3.7e-24,-0.506959988719883,0.073
"cell cycle G2/M phase transition","MMEB9_E1",9,12,3.7e-24,-0.37851162325373,0.3969
"vacuolar transport","MMEB9_E1",10,12,3.7e-24,-0.241008099503795,0.5688
"response to ionizing radiation","MMEB9_E1",8,13,3.7e-24,-0.637429920615292,0.1263
"cellular response to UV","MMEB9_E1",8,8,3.7e-24,0,1
"regulation of binding","MMEB9_E1",19,25,3.7e-24,-0.37851162325373,0.2012
"nucleic acid transport","MMEB9_E1",5,11,3.7e-24,-1,0.0377
"RNA transport","MMEB9_E1",4,13,3.7e-24,-1.48542682717024,0.004
"ribonucleoprotein complex subunit organization","MMEB9_E1",10,16,3.7e-24,-0.628031222613042,0.0847
"regulation of DNA replication","MMEB9_E1",9,10,3.7e-24,-0.137503523749935,0.7488
"ribose phosphate metabolic process","MMEB9_E1",25,30,3.7e-24,-0.253756592245783,0.3694
"proton motive force-driven ATP synthesis","MMEB9_E1",7,6,3.7e-24,0.192645077942396,0.8395
"ribonucleotide metabolic process","MMEB9_E1",17,30,3.7e-24,-0.784271308944563,0.0047
"telomere organization","MMEB9_E1",13,13,3.7e-24,0,1
"cellular response to topologically incorrect protein","MMEB9_E1",3,9,3.7e-24,-1.32192809488736,0.0152
"Golgi organization","MMEB9_E1",10,12,3.7e-24,-0.241008099503795,0.574
"ribonucleoprotein complex assembly","MMEB9_E1",6,15,3.7e-24,-1.1926450779424,0.0094
"cellular nitrogen compound catabolic process","MMEB9_E1",20,32,3.7e-24,-0.652076696579693,0.014
"negative regulation of phosphorus metabolic process","MMEB9_E1",20,28,3.7e-24,-0.465663572348812,0.0976
"heterocycle catabolic process","MMEB9_E1",23,34,3.7e-24,-0.54432051622381,0.0359
"mitochondrial membrane organization","MMEB9_E1",5,9,3.7e-24,-0.736965594166206,0.1402
"regulation of protein-containing complex assembly","MMEB9_E1",17,25,3.7e-24,-0.53051471669878,0.0692
"positive regulation of cellular component biogenesis","MMEB9_E1",29,34,3.7e-24,-0.222392421336448,0.3939
"response to oxidative stress","MMEB9_E1",28,28,3.7e-24,0,1
"regulation of supramolecular fiber organization","MMEB9_E1",16,25,3.7e-24,-0.612976876890753,0.0418
"positive regulation of protein localization","MMEB9_E1",23,33,3.7e-24,-0.502500340529183,0.0551
"positive regulation of cell projection organization","MMEB9_E1",19,24,3.7e-24,-0.321928094887362,0.2667
"negative regulation of transferase activity","MMEB9_E1",14,20,3.7e-24,-0.485426827170242,0.146
"autophagy of mitochondrion","MMEB9_E1",5,7,3.7e-24,-0.415037499278844,0.4601
"positive regulation of amide metabolic process","MMEB9_E1",9,12,3.7e-24,-0.37851162325373,0.391
"chromatin remodeling","MMEB9_E1",19,26,3.7e-24,-0.432959407276106,0.1261
"viral process","MMEB9_E1",22,28,3.7e-24,-0.334419039070559,0.2412
"macromolecule deacylation","MMEB9_E1",11,9,3.7e-24,0.263034405833794,0.6225
"mitotic cytokinesis","MMEB9_E1",0,7,3.7e-24,-3,0.0016
"aromatic compound catabolic process","MMEB9_E1",23,32,3.7e-24,-0.459431618637297,0.0739
"vesicle localization","MMEB9_E1",17,17,3.7e-24,0,1
"establishment or maintenance of cell polarity","MMEB9_E1",10,16,3.7e-24,-0.628031222613042,0.0959
"Wnt signaling pathway","MMEB9_E1",29,31,3.7e-24,-0.0931094043914815,0.7168
"cell-cell signaling by wnt","MMEB9_E1",15,29,3.7e-24,-0.906890595608518,0.0026
"ATP metabolic process","MMEB9_E1",5,14,3.7e-24,-1.32192809488736,0.0064
"cellular response to chemical stress","MMEB9_E1",10,21,3.7e-24,-1,0.0038
"regulation of vacuole organization","MMEB9_E1",3,5,3.7e-24,-0.584962500721156,0.3158
"cellular response to external stimulus","MMEB9_E1",13,22,3.7e-24,-0.716207033999409,0.03
"negative regulation of protein phosphorylation","MMEB9_E1",15,21,3.7e-24,-0.459431618637297,0.1525
"negative regulation of catabolic process","MMEB9_E1",21,22,3.7e-24,-0.0641303374197156,0.8335
"regulation of microtubule cytoskeleton organization","MMEB9_E1",8,11,3.7e-24,-0.415037499278844,0.3332
"chromosome localization","MMEB9_E1",6,7,3.7e-24,-0.192645077942396,0.7223
"negative regulation of mitotic nuclear division","MMEB9_E1",1,4,3.7e-24,-1.32192809488736,0.0655
"regulation of actin filament organization","MMEB9_E1",14,17,3.7e-24,-0.263034405833794,0.4785
"dephosphorylation","MMEB9_E1",18,23,3.7e-24,-0.337034987277571,0.2556
"glycosylation","MMEB9_E1",9,15,3.7e-24,-0.678071905112638,0.0746
"positive regulation of establishment of protein localization","MMEB9_E1",10,21,3.7e-24,-1,0.0056
"regulation of microtubule-based process","MMEB9_E1",14,17,3.7e-24,-0.263034405833794,0.4784
"cell-substrate junction organization","MMEB9_E1",3,7,3.7e-24,-1,0.0866
"protein-containing complex localization","MMEB9_E1",8,13,3.7e-24,-0.637429920615292,0.1219
"mitochondrial transmembrane transport","MMEB9_E1",7,6,3.7e-24,0.192645077942396,0.8474
"stem cell population maintenance","MMEB9_E1",7,13,3.7e-24,-0.807354922057604,0.0618
"ribosome assembly","MMEB9_E1",3,5,3.7e-24,-0.584962500721156,0.3329
"intraciliary transport","MMEB9_E1",1,3,3.7e-24,-1,0.2401
"Golgi to plasma membrane protein transport","MMEB9_E1",4,3,3.7e-24,0.321928094887362,0.7904
"response to amino acid starvation","MMEB9_E1",4,4,3.7e-24,0,1
"cellular response to extracellular stimulus","MMEB9_E1",10,18,3.7e-24,-0.788495894806288,0.0348
"cell growth","MMEB9_E1",23,32,3.7e-24,-0.459431618637297,0.0804
"protein glycosylation","MMEB9_E1",17,16,3.7e-24,0.082462160191973,0.9069
"macromolecule glycosylation","MMEB9_E1",2,15,3.7e-24,-2.41503749927884,0
"maintenance of cell number","MMEB9_E1",4,14,3.7e-24,-1.58496250072116,0.0036
"response to reactive oxygen species","MMEB9_E1",4,13,3.7e-24,-1.48542682717024,0.0034
"regulation of cell morphogenesis","MMEB9_E1",7,16,3.7e-24,-1.08746284125034,0.0102
"regulation of cellular component size","MMEB9_E1",24,26,3.7e-24,-0.111031312388744,0.697
"cell-substrate junction assembly","MMEB9_E1",5,6,3.7e-24,-0.222392421336448,0.6878
"membrane fission","MMEB9_E1",5,4,3.7e-24,0.263034405833794,0.8043
"membrane docking","MMEB9_E1",5,7,3.7e-24,-0.415037499278844,0.472
"fibroblast migration","MMEB9_E1",6,5,3.7e-24,0.222392421336448,0.8212
"nucleus organization","MMEB9_E1",4,9,3.7e-24,-1,0.0608
"regulation of cell growth","MMEB9_E1",21,27,3.7e-24,-0.347923303420307,0.2072
"fibroblast proliferation","MMEB9_E1",6,8,3.7e-24,-0.362570079384708,0.512
"cell cycle G1/S phase transition","MMEB9_E1",12,17,3.7e-24,-0.46948528330122,0.1917
"actin filament organization","MMEB9_E1",20,28,3.7e-24,-0.465663572348812,0.0849
"response to oxygen levels","MMEB9_E1",18,20,3.7e-24,-0.144389909335175,0.6516
"epigenetic regulation of gene expression","MMEB9_E1",4,13,3.7e-24,-1.48542682717024,0.0033
"organelle fusion","MMEB9_E1",5,11,3.7e-24,-1,0.0322
"lipoprotein metabolic process","MMEB9_E1",10,10,3.7e-24,0,1
"protein lipidation","MMEB9_E1",2,6,3.7e-24,-1.22239242133645,0.0537
"regulation of plasma membrane bounded cell projection assembly","MMEB9_E1",9,13,3.7e-24,-0.485426827170242,0.2367
"regulation of actin filament-based process","MMEB9_E1",14,26,3.7e-24,-0.84799690655495,0.0085
"regulation of GTPase activity","MMEB9_E1",12,21,3.7e-24,-0.758991900496205,0.0242
"nuclear envelope organization","MMEB9_E1",1,4,3.7e-24,-1.32192809488736,0.1001
"protein autophosphorylation","MMEB9_E1",15,15,3.7e-24,0,1
"connective tissue development","MMEB9_E1",15,18,3.7e-24,-0.247927513443586,0.4841
"cellular response to heat","MMEB9_E1",6,5,3.7e-24,0.222392421336448,0.8218
"myeloid cell homeostasis","MMEB9_E1",6,10,3.7e-24,-0.652076696579693,0.1476
"regulation of neuron projection development","MMEB9_E1",21,29,3.7e-24,-0.447458976971221,0.1063
"receptor metabolic process","MMEB9_E1",1,4,3.7e-24,-1.32192809488736,0.0758
"maintenance of protein location in cell","MMEB9_E1",2,4,3.7e-24,-0.736965594166206,0.2583
"apoptotic mitochondrial changes","MMEB9_E1",8,7,3.7e-24,0.169925001442312,0.8544
"response to transforming growth factor beta","MMEB9_E1",11,17,3.7e-24,-0.584962500721156,0.0922
"neural tube development","MMEB9_E1",7,12,3.7e-24,-0.700439718141092,0.1089
"maintenance of protein location","MMEB9_E1",3,8,3.7e-24,-1.16992500144231,0.0471
"regulation of ubiquitin-protein transferase activity","MMEB9_E1",4,4,3.7e-24,0,1
"cilium assembly","MMEB9_E1",14,25,3.7e-24,-0.793549122532574,0.011
"mRNA export from nucleus","MMEB9_E1",5,6,3.7e-24,-0.222392421336448,0.7091
"regulation of cell-substrate junction organization","MMEB9_E1",2,5,3.7e-24,-1,0.1359
"membrane biogenesis","MMEB9_E1",2,4,3.7e-24,-0.736965594166206,0.2734
"cilium organization","MMEB9_E1",14,25,3.7e-24,-0.793549122532574,0.0126
"platelet-derived growth factor receptor signaling pathway","MMEB9_E1",6,5,3.7e-24,0.222392421336448,0.8264
"iron-sulfur cluster assembly","MMEB9_E1",2,3,3.7e-24,-0.415037499278844,0.5924
"metallo-sulfur cluster assembly","MMEB9_E1",1,3,3.7e-24,-1,0.2583
"centromere complex assembly","MMEB9_E1",4,2,3.7e-24,0.736965594166206,0.3118
"cellular response to oxygen levels","MMEB9_E1",13,11,3.7e-24,0.222392421336448,0.6477
"fatty acid beta-oxidation","MMEB9_E1",3,6,3.7e-24,-0.807354922057604,0.1889
"organelle localization by membrane tethering","MMEB9_E1",5,6,3.7e-24,-0.222392421336448,0.7077
"autophagosome maturation","MMEB9_E1",1,4,3.7e-24,-1.32192809488736,0.0675
"cellular response to transforming growth factor beta stimulus","MMEB9_E1",9,16,3.7e-24,-0.765534746362977,0.0423
"nucleotide catabolic process","MMEB9_E1",3,5,3.7e-24,-0.584962500721156,0.3052
"tube closure","MMEB9_E1",3,5,3.7e-24,-0.584962500721156,0.3081
"regulation of stem cell differentiation","MMEB9_E1",3,5,3.7e-24,-0.584962500721156,0.3067
"substrate adhesion-dependent cell spreading","MMEB9_E1",6,6,3.7e-24,0,1
"chondrocyte differentiation","MMEB9_E1",7,8,3.7e-24,-0.169925001442312,0.7377
"regulation of fibroblast proliferation","MMEB9_E1",6,6,3.7e-24,0,1
"morphogenesis of an epithelial sheet","MMEB9_E1",4,4,3.7e-24,0,1
"microtubule polymerization","MMEB9_E1",4,6,3.7e-24,-0.485426827170242,0.4416
"response to virus","MMEB9_E1",22,26,3.7e-24,-0.231325546106456,0.4375
"membrane assembly","MMEB9_E1",5,4,3.7e-24,0.263034405833794,0.8049
"COPII vesicle coating","MMEB9_E1",0,2,3.7e-24,-1.58496250072116,0.1362
"erythrocyte differentiation","MMEB9_E1",8,8,3.7e-24,0,1
"organophosphate catabolic process","MMEB9_E1",14,11,3.7e-24,0.321928094887362,0.4442
"regulation of embryonic development","MMEB9_E1",9,7,3.7e-24,0.321928094887362,0.582
"regulation of focal adhesion assembly","MMEB9_E1",5,4,3.7e-24,0.263034405833794,0.8061
"regulation of cell-substrate junction assembly","MMEB9_E1",4,4,3.7e-24,0,1
"regulation of extracellular matrix organization","MMEB9_E1",5,4,3.7e-24,0.263034405833794,0.8041
"GPI anchor biosynthetic process","MMEB9_E1",2,2,3.7e-24,0,1
"lamellipodium organization","MMEB9_E1",7,7,3.7e-24,0,1
"positive regulation of stem cell population maintenance","MMEB9_E1",3,3,3.7e-24,0,1
"monosaccharide metabolic process","MMEB9_E1",10,16,3.7e-24,-0.628031222613042,0.0842
"U2-type prespliceosome assembly","MMEB9_E1",2,2,3.7e-24,0,1
"heterochromatin formation","MMEB9_E1",3,6,3.7e-24,-0.807354922057604,0.15
"peroxisome organization","MMEB9_E1",2,2,3.7e-24,0,1
"regulation of mitochondrial fission","MMEB9_E1",1,2,3.7e-24,-0.584962500721156,0.5401
"cellular pigmentation","MMEB9_E1",4,3,3.7e-24,0.321928094887362,0.7895
"regulation of fibroblast migration","MMEB9_E1",0,2,3.7e-24,-1.58496250072116,0.0898
"cellular carbohydrate metabolic process","MMEB9_E1",8,18,3.7e-24,-1.07800251200127,0.0069
"positive regulation of axonogenesis","MMEB9_E1",5,6,3.7e-24,-0.222392421336448,0.7083
"kinetochore organization","MMEB9_E1",0,1,3.7e-24,-1,0.4129
"stem cell differentiation","MMEB9_E1",10,15,3.7e-24,-0.540568381362703,0.1504
"proton transmembrane transport","MMEB9_E1",6,9,3.7e-24,-0.514573172829758,0.2912
"cellular response to insulin stimulus","MMEB9_E1",11,14,3.7e-24,-0.321928094887362,0.4393
"establishment of mitotic spindle localization","MMEB9_E1",1,3,3.7e-24,-1,0.1986
"cell redox homeostasis","MMEB9_E1",0,2,3.7e-24,-1.58496250072116,0.0784
"stress granule assembly","MMEB9_E1",4,2,3.7e-24,0.736965594166206,0.3182
"protein neddylation","MMEB9_E1",3,2,3.7e-24,0.415037499278844,0.7427
"regulation of mitochondrial membrane potential","MMEB9_E1",6,4,3.7e-24,0.485426827170242,0.4815
"neuron death","MMEB9_E1",18,24,3.7e-24,-0.395928676331139,0.1978
"defense response to virus","MMEB9_E1",16,19,3.7e-24,-0.234465253637023,0.5043
"sulfur compound metabolic process","MMEB9_E1",17,21,3.7e-24,-0.289506617194985,0.3946
"NADP metabolic process","MMEB9_E1",2,2,3.7e-24,0,1
"vacuolar acidification","MMEB9_E1",4,2,3.7e-24,0.736965594166206,0.3071
"oligosaccharide-lipid intermediate biosynthetic process","MMEB9_E1",1,2,3.7e-24,-0.584962500721156,0.5771
"lysosomal lumen acidification","MMEB9_E1",1,2,3.7e-24,-0.584962500721156,0.5737
"glycosyl compound biosynthetic process","MMEB9_E1",1,1,3.7e-24,0,1
"heart valve development","MMEB9_E1",0,5,3.7e-24,-2.58496250072116,0.0074
"water-soluble vitamin metabolic process","MMEB9_E1",5,3,3.7e-24,0.584962500721156,0.3942
"interferon-beta production","MMEB9_E1",3,3,3.7e-24,0,1
"regulation of interferon-beta production","MMEB9_E1",1,3,3.7e-24,-1,0.1942
"branched-chain amino acid metabolic process","MMEB9_E1",1,2,3.7e-24,-0.584962500721156,0.5312
"regulation of mitochondrial membrane permeability","MMEB9_E1",2,5,3.7e-24,-1,0.1528
"respiratory tube development","MMEB9_E1",9,13,3.7e-24,-0.485426827170242,0.2325
"cellular senescence","MMEB9_E1",4,7,3.7e-24,-0.678071905112638,0.2172
"positive regulation of neurogenesis","MMEB9_E1",9,15,3.7e-24,-0.678071905112638,0.0717
"mitochondrial outer membrane permeabilization","MMEB9_E1",1,2,3.7e-24,-0.584962500721156,0.5339
"immune system development","MMEB9_E1",9,12,3.7e-24,-0.37851162325373,0.3986
"clathrin-dependent endocytosis","MMEB9_E1",2,3,3.7e-24,-0.415037499278844,0.6307
"positive regulation of viral process","MMEB9_E1",2,4,3.7e-24,-0.736965594166206,0.3209
"bone development","MMEB9_E1",10,15,3.7e-24,-0.540568381362703,0.1364
"cell-substrate adhesion","MMEB9_E1",21,22,3.7e-24,-0.0641303374197156,0.8311
"positive regulation of microtubule polymerization","MMEB9_E1",1,2,3.7e-24,-0.584962500721156,0.5385
"pteridine-containing compound metabolic process","MMEB9_E1",0,2,3.7e-24,-1.58496250072116,0.0982
"response to arsenic-containing substance","MMEB9_E1",0,2,3.7e-24,-1.58496250072116,0.1206
"response to insulin","MMEB9_E1",17,17,3.7e-24,0,1
"ubiquinone metabolic process","MMEB9_E1",2,1,3.7e-24,0.584962500721156,0.669
"cellular response to arsenic-containing substance","MMEB9_E1",0,2,3.7e-24,-1.58496250072116,0.1598
"inositol phosphate catabolic process","MMEB9_E1",2,2,3.7e-24,0,1
"telomerase RNA localization to Cajal body","MMEB9_E1",2,1,3.7e-24,0.584962500721156,0.6415
"respiratory system development","MMEB9_E1",6,14,3.7e-24,-1.09953567355091,0.0106
"regulation of generation of precursor metabolites and energy","MMEB9_E1",3,8,3.7e-24,-1.16992500144231,0.0293
"mitochondrial calcium ion homeostasis","MMEB9_E1",1,1,3.7e-24,0,1
"G0 to G1 transition","MMEB9_E1",2,3,3.7e-24,-0.415037499278844,0.5996
"mitochondrial genome maintenance","MMEB9_E1",2,3,3.7e-24,-0.415037499278844,0.6249
"release of cytochrome c from mitochondria","MMEB9_E1",1,4,3.7e-24,-1.32192809488736,0.0723
"cortical cytoskeleton organization","MMEB9_E1",3,4,3.7e-24,-0.321928094887362,0.6446
"response to sterol depletion","MMEB9_E1",1,2,3.7e-24,-0.584962500721156,0.5895
"regulation of ncRNA transcription","MMEB9_E1",1,2,3.7e-24,-0.584962500721156,0.5308
"mesenchymal cell differentiation","MMEB9_E1",9,15,3.7e-24,-0.678071905112638,0.0755
"protein-DNA complex subunit organization","MMEB9_E1",15,16,3.7e-24,-0.0874628412503394,0.807
"response to fluid shear stress","MMEB9_E1",0,2,3.7e-24,-1.58496250072116,0.0717
"collagen fibril organization","MMEB9_E1",4,4,3.7e-24,0,1
"roof of mouth development","MMEB9_E1",8,5,3.7e-24,0.584962500721156,0.3908
"regulation of protein dephosphorylation","MMEB9_E1",3,6,3.7e-24,-0.807354922057604,0.1769
"multicellular organism growth","MMEB9_E1",7,10,3.7e-24,-0.459431618637297,0.3017
"miRNA processing","MMEB9_E1",2,4,3.7e-24,-0.736965594166206,0.3164
"small molecule catabolic process","MMEB9_E1",25,24,3.7e-24,0.0565835283663675,0.9186
"regulation of G0 to G1 transition","MMEB9_E1",1,2,3.7e-24,-0.584962500721156,0.5239
"circadian regulation of gene expression","MMEB9_E1",2,4,3.7e-24,-0.736965594166206,0.2868
"regulation of translational fidelity","MMEB9_E1",0,1,3.7e-24,-1,0.4476
"ubiquinone biosynthetic process","MMEB9_E1",0,1,3.7e-24,-1,0.4166
"mitochondrial calcium ion transmembrane transport","MMEB9_E1",1,1,3.7e-24,0,1
"quinone biosynthetic process","MMEB9_E1",2,1,3.7e-24,0.584962500721156,0.6611
"viral release from host cell","MMEB9_E1",3,1,3.7e-24,1,0.4183
"exit from host cell","MMEB9_E1",1,2,3.7e-24,-0.584962500721156,0.532
"positive regulation of GTPase activity","MMEB9_E1",14,15,3.7e-24,-0.0931094043914815,0.811
"regulation of cytokinesis","MMEB9_E1",4,6,3.7e-24,-0.485426827170242,0.4277
"mitochondrion localization","MMEB9_E1",5,4,3.7e-24,0.263034405833794,0.8085
"renal system development","MMEB9_E1",10,17,3.7e-24,-0.710493382805015,0.0436
"regulation of cysteine-type endopeptidase activity involved in apoptotic process","MMEB9_E1",9,13,3.7e-24,-0.485426827170242,0.2328
"regulation of cell-substrate adhesion","MMEB9_E1",9,13,3.7e-24,-0.485426827170242,0.2268
"centrosome localization","MMEB9_E1",0,2,3.7e-24,-1.58496250072116,0.0894
"microtubule organizing center localization","MMEB9_E1",1,2,3.7e-24,-0.584962500721156,0.5369
"pinocytosis","MMEB9_E1",1,1,3.7e-24,0,1
"lamellipodium assembly","MMEB9_E1",4,5,3.7e-24,-0.263034405833794,0.6685
"cellular response to sterol depletion","MMEB9_E1",1,1,3.7e-24,0,1
"placenta development","MMEB9_E1",11,9,3.7e-24,0.263034405833794,0.625
"rhythmic process","MMEB9_E1",17,18,3.7e-24,-0.0780025120012732,0.8181
"spindle localization","MMEB9_E1",0,5,3.7e-24,-2.58496250072116,0.0093
"carbohydrate derivative catabolic process","MMEB9_E1",8,11,3.7e-24,-0.415037499278844,0.33
"response to amino acid","MMEB9_E1",5,7,3.7e-24,-0.415037499278844,0.4599
"regulation of intracellular steroid hormone receptor signaling pathway","MMEB9_E1",2,4,3.7e-24,-0.736965594166206,0.261
"regulation of neuron death","MMEB9_E1",13,19,3.7e-24,-0.514573172829758,0.136
"ossification","MMEB9_E1",14,25,3.7e-24,-0.793549122532574,0.0134
"mammary gland epithelial cell proliferation","MMEB9_E1",3,2,3.7e-24,0.415037499278844,0.7315
"ribosomal subunit export from nucleus","MMEB9_E1",0,1,3.7e-24,-1,0.4926
"ribosome localization","MMEB9_E1",1,1,3.7e-24,0,1
"protein transport to vacuole involved in ubiquitin-dependent protein catabolic process via the multivesicular body sorting pathway","MMEB9_E1",1,1,3.7e-24,0,1
"seminiferous tubule development","MMEB9_E1",0,1,3.7e-24,-1,0.4625
"cellular response to acid chemical","MMEB9_E1",6,6,3.7e-24,0,1
"positive regulation of kinase activity","MMEB9_E1",16,26,3.7e-24,-0.667424660913129,0.0248
"positive regulation by host of viral process","MMEB9_E1",0,1,3.7e-24,-1,0.4229
"mitochondrion morphogenesis","MMEB9_E1",2,2,3.7e-24,0,1
"regulation of establishment of cell polarity","MMEB9_E1",1,2,3.7e-24,-0.584962500721156,0.5489
"cellular lipid catabolic process","MMEB9_E1",12,13,3.7e-24,-0.106915203916512,0.7869
"neuron apoptotic process","MMEB9_E1",5,14,3.7e-24,-1.32192809488736,0.0034
"inner cell mass cell proliferation","MMEB9_E1",2,1,3.7e-24,0.584962500721156,0.6252
"polyamine biosynthetic process","MMEB9_E1",1,1,3.7e-24,0,1
"folic acid metabolic process","MMEB9_E1",1,1,3.7e-24,0,1
"organelle inheritance","MMEB9_E1",0,1,3.7e-24,-1,0.4504
"polyol metabolic process","MMEB9_E1",8,7,3.7e-24,0.169925001442312,0.8556
"regulation of type I interferon-mediated signaling pathway","MMEB9_E1",1,3,3.7e-24,-1,0.239
"intracellular lipid transport","MMEB9_E1",0,3,3.7e-24,-2,0.0274
"fat cell differentiation","MMEB9_E1",11,15,3.7e-24,-0.415037499278844,0.2731
"iron ion homeostasis","MMEB9_E1",7,5,3.7e-24,0.415037499278844,0.5194
"negative regulation of cell projection organization","MMEB9_E1",13,11,3.7e-24,0.222392421336448,0.6609
"dicarboxylic acid metabolic process","MMEB9_E1",3,6,3.7e-24,-0.807354922057604,0.138
"regulation of anatomical structure size","MMEB9_E1",20,29,3.7e-24,-0.514573172829758,0.0613
"regulation of small molecule metabolic process","MMEB9_E1",11,21,3.7e-24,-0.874469117916141,0.0118
"pentose-phosphate shunt","MMEB9_E1",1,1,3.7e-24,0,1
"pericardium development","MMEB9_E1",0,1,3.7e-24,-1,0.4225
"lysosomal protein catabolic process","MMEB9_E1",0,1,3.7e-24,-1,0.4199
"carbohydrate derivative transport","MMEB9_E1",5,5,3.7e-24,0,1
"alcohol biosynthetic process","MMEB9_E1",7,9,3.7e-24,-0.321928094887362,0.5229
"regulation of membrane permeability","MMEB9_E1",3,5,3.7e-24,-0.584962500721156,0.329
"signal peptide processing","MMEB9_E1",1,1,3.7e-24,0,1
"UV-damage excision repair","MMEB9_E1",2,0,3.7e-24,1.58496250072116,0.1438
"biological process involved in interaction with host","MMEB9_E1",14,13,3.7e-24,0.0995356735509144,0.8925
"body morphogenesis","MMEB9_E1",5,3,3.7e-24,0.584962500721156,0.4091
"extracellular vesicle biogenesis","MMEB9_E1",2,1,3.7e-24,0.584962500721156,0.6702
"negative regulation of defense response to virus","MMEB9_E1",2,2,3.7e-24,0,1
"aminoglycan biosynthetic process","MMEB9_E1",5,5,3.7e-24,0,1
"sterol biosynthetic process","MMEB9_E1",2,4,3.7e-24,-0.736965594166206,0.2637
"polyamine metabolic process","MMEB9_E1",2,1,3.7e-24,0.584962500721156,0.6708
"magnesium ion transport","MMEB9_E1",2,1,3.7e-24,0.584962500721156,0.6326
"lamellipodium morphogenesis","MMEB9_E1",3,1,3.7e-24,1,0.4267
"positive regulation of neuron migration","MMEB9_E1",1,1,3.7e-24,0,1
"regulation of glucose metabolic process","MMEB9_E1",4,5,3.7e-24,-0.263034405833794,0.6732
"monosaccharide biosynthetic process","MMEB9_E1",4,6,3.7e-24,-0.485426827170242,0.4301
"response to acid chemical","MMEB9_E1",7,8,3.7e-24,-0.169925001442312,0.7421
"regulation of carbohydrate metabolic process","MMEB9_E1",9,11,3.7e-24,-0.263034405833794,0.5539
"positive regulation of nervous system development","MMEB9_E1",10,16,3.7e-24,-0.628031222613042,0.0998
"regulation of circadian rhythm","MMEB9_E1",4,7,3.7e-24,-0.678071905112638,0.2155
"trabecula morphogenesis","MMEB9_E1",3,3,3.7e-24,0,1
"pigment accumulation","MMEB9_E1",0,1,3.7e-24,-1,0.4213
"cellular pigment accumulation","MMEB9_E1",1,1,3.7e-24,0,1
"regulation of pinocytosis","MMEB9_E1",1,1,3.7e-24,0,1
"regulation of ligase activity","MMEB9_E1",0,0,3.7e-24,0,1
"smoothened signaling pathway involved in dorsal/ventral neural tube patterning","MMEB9_E1",0,1,3.7e-24,-1,0.4231
"glycosyl compound metabolic process","MMEB9_E1",7,5,3.7e-24,0.415037499278844,0.5218
"substantia nigra development","MMEB9_E1",0,2,3.7e-24,-1.58496250072116,0.1026
"negative regulation of GTPase activity","MMEB9_E1",2,3,3.7e-24,-0.415037499278844,0.6138
"axon extension","MMEB9_E1",7,8,3.7e-24,-0.169925001442312,0.7357
"positive regulation of epithelial to mesenchymal transition","MMEB9_E1",0,3,3.7e-24,-2,0.0379
"one-carbon metabolic process","MMEB9_E1",0,2,3.7e-24,-1.58496250072116,0.1677
"NADPH regeneration","MMEB9_E1",1,2,3.7e-24,-0.584962500721156,0.5918
"cellular response to dsRNA","MMEB9_E1",1,2,3.7e-24,-0.584962500721156,0.5713
"neuron projection organization","MMEB9_E1",5,6,3.7e-24,-0.222392421336448,0.7013
"postsynapse organization","MMEB9_E1",9,10,3.7e-24,-0.137503523749935,0.7592
"regulation of ketone biosynthetic process","MMEB9_E1",0,1,3.7e-24,-1,0.4231
"mitochondrion distribution","MMEB9_E1",1,1,3.7e-24,0,1
"regulation of autophagosome maturation","MMEB9_E1",0,1,3.7e-24,-1,0.4293
"magnesium ion transmembrane transport","MMEB9_E1",1,1,3.7e-24,0,1
"regulation of cell division","MMEB9_E1",6,11,3.7e-24,-0.777607578663552,0.0909
"intermembrane lipid transfer","MMEB9_E1",2,3,3.7e-24,-0.415037499278844,0.5913
"organophosphate ester transport","MMEB9_E1",5,9,3.7e-24,-0.736965594166206,0.1388
"movement in host","MMEB9_E1",2,9,3.7e-24,-1.73696559416621,0.0036
"extracellular matrix assembly","MMEB9_E1",4,2,3.7e-24,0.736965594166206,0.3141
"cellular metabolic compound salvage","MMEB9_E1",0,2,3.7e-24,-1.58496250072116,0.1593
"regulation of ATP-dependent activity","MMEB9_E1",4,5,3.7e-24,-0.263034405833794,0.6728
"cell migration involved in heart development","MMEB9_E1",0,1,3.7e-24,-1,0.4171
"cellular response to fluid shear stress","MMEB9_E1",1,1,3.7e-24,0,1
"sphingomyelin biosynthetic process","MMEB9_E1",0,1,3.7e-24,-1,0.4486
"ether lipid biosynthetic process","MMEB9_E1",1,1,3.7e-24,0,1
"embryonic body morphogenesis","MMEB9_E1",1,1,3.7e-24,0,1
"amino sugar biosynthetic process","MMEB9_E1",1,1,3.7e-24,0,1
"glycerol ether biosynthetic process","MMEB9_E1",2,1,3.7e-24,0.584962500721156,0.6375
"pigmentation","MMEB9_E1",3,7,3.7e-24,-1,0.0891
"cellular response to ketone","MMEB9_E1",4,7,3.7e-24,-0.678071905112638,0.2174
"nonribosomal peptide biosynthetic process","MMEB9_E1",1,1,3.7e-24,0,1
"glial cell apoptotic process","MMEB9_E1",1,1,3.7e-24,0,1
"lipoprotein catabolic process","MMEB9_E1",1,1,3.7e-24,0,1
"suppression of viral release by host","MMEB9_E1",0,1,3.7e-24,-1,0.4576
"chaperone-mediated autophagy","MMEB9_E1",2,1,3.7e-24,0.584962500721156,0.6315
"regulation of steroid hormone biosynthetic process","MMEB9_E1",1,1,3.7e-24,0,1
"synaptic vesicle lumen acidification","MMEB9_E1",2,1,3.7e-24,0.584962500721156,0.6481
"semaphorin-plexin signaling pathway involved in neuron projection guidance","MMEB9_E1",1,1,3.7e-24,0,1
"regulation of Golgi organization","MMEB9_E1",1,1,3.7e-24,0,1
"Schwann cell differentiation","MMEB9_E1",1,3,3.7e-24,-1,0.2072
"neurotrophin signaling pathway","MMEB9_E1",0,2,3.7e-24,-1.58496250072116,0.0714
"regulation of microtubule depolymerization","MMEB9_E1",0,2,3.7e-24,-1.58496250072116,0.1522
"basement membrane organization","MMEB9_E1",1,2,3.7e-24,-0.584962500721156,0.5642
"establishment or maintenance of epithelial cell apical/basal polarity","MMEB9_E1",1,3,3.7e-24,-1,0.2649
"face development","MMEB9_E1",4,4,3.7e-24,0,1
"osteoblast differentiation","MMEB9_E1",9,14,3.7e-24,-0.584962500721156,0.1274
"appendage development","MMEB9_E1",11,10,3.7e-24,0.125530882083859,0.8753
"limb development","MMEB9_E1",8,13,3.7e-24,-0.637429920615292,0.1226
"regulation of ATP metabolic process","MMEB9_E1",4,5,3.7e-24,-0.263034405833794,0.6752
"developmental growth involved in morphogenesis","MMEB9_E1",6,13,3.7e-24,-1,0.0286
"embryonic organ development","MMEB9_E1",10,26,3.7e-24,-1.29545588352617,2e-04
"negative regulation of growth","MMEB9_E1",16,17,3.7e-24,-0.082462160191973,0.8107
"microtubule depolymerization","MMEB9_E1",1,3,3.7e-24,-1,0.2469
"heme metabolic process","MMEB9_E1",1,2,3.7e-24,-0.584962500721156,0.5332
"regulation of neuron apoptotic process","MMEB9_E1",10,14,3.7e-24,-0.447458976971221,0.2562
"plasma membrane tubulation","MMEB9_E1",1,2,3.7e-24,-0.584962500721156,0.5782
"exosomal secretion","MMEB9_E1",1,1,3.7e-24,0,1
"vasculogenesis","MMEB9_E1",0,5,3.7e-24,-2.58496250072116,0.0047
"toxin transport","MMEB9_E1",2,2,3.7e-24,0,1
"ncRNA processing","MMEB9_E2",10,15,3.7e-24,-0.540568381362703,0.1559
"ribosome biogenesis","MMEB9_E2",4,10,3.7e-24,-1.13750352374993,0.0266
"rRNA metabolic process","MMEB9_E2",7,8,3.7e-24,-0.169925001442312,0.7248
"proteasome-mediated ubiquitin-dependent protein catabolic process","MMEB9_E2",10,15,3.7e-24,-0.540568381362703,0.1461
"regulation of response to DNA damage stimulus","MMEB9_E2",7,12,3.7e-24,-0.700439718141092,0.0986
"establishment of protein localization to organelle","MMEB9_E2",10,13,3.7e-24,-0.347923303420307,0.4097
"macroautophagy","MMEB9_E2",10,9,3.7e-24,0.137503523749935,0.8717
"regulation of chromosome organization","MMEB9_E2",9,9,3.7e-24,0,1
"Golgi vesicle transport","MMEB9_E2",5,9,3.7e-24,-0.736965594166206,0.1225
"double-strand break repair","MMEB9_E2",9,10,3.7e-24,-0.137503523749935,0.7587
"histone modification","MMEB9_E2",13,14,3.7e-24,-0.0995356735509144,0.7892
"sister chromatid segregation","MMEB9_E2",6,10,3.7e-24,-0.652076696579693,0.1677
"DNA replication","MMEB9_E2",10,9,3.7e-24,0.137503523749935,0.8664
"chromosome segregation","MMEB9_E2",11,14,3.7e-24,-0.321928094887362,0.4277
"mitochondrial gene expression","MMEB9_E2",8,7,3.7e-24,0.169925001442312,0.8575
"nucleocytoplasmic transport","MMEB9_E2",9,10,3.7e-24,-0.137503523749935,0.7531
"nuclear transport","MMEB9_E2",7,11,3.7e-24,-0.584962500721156,0.1772
"regulation of DNA repair","MMEB9_E2",7,7,3.7e-24,0,1
"peptidyl-lysine modification","MMEB9_E2",8,12,3.7e-24,-0.53051471669878,0.2151
"protein targeting","MMEB9_E2",6,9,3.7e-24,-0.514573172829758,0.2758
"cytoplasmic translation","MMEB9_E2",9,5,3.7e-24,0.736965594166206,0.1941
"regulation of autophagy","MMEB9_E2",4,10,3.7e-24,-1.13750352374993,0.0212
"signal transduction in response to DNA damage","MMEB9_E2",4,6,3.7e-24,-0.485426827170242,0.4449
"regulation of intracellular transport","MMEB9_E2",4,9,3.7e-24,-1,0.0398
"protein localization to nucleus","MMEB9_E2",6,9,3.7e-24,-0.514573172829758,0.2878
"microtubule cytoskeleton organization involved in mitosis","MMEB9_E2",2,4,3.7e-24,-0.736965594166206,0.2667
"telomere maintenance","MMEB9_E2",1,5,3.7e-24,-1.58496250072116,0.0333
"cell cycle checkpoint signaling","MMEB9_E2",6,6,3.7e-24,0,1
"regulation of protein modification by small protein conjugation or removal","MMEB9_E2",5,7,3.7e-24,-0.415037499278844,0.469
"cellular respiration","MMEB9_E2",11,9,3.7e-24,0.263034405833794,0.6126
"cellular component disassembly","MMEB9_E2",7,14,3.7e-24,-0.906890595608518,0.0244
"nuclear chromosome segregation","MMEB9_E2",10,11,3.7e-24,-0.125530882083859,0.7766
"regulation of protein stability","MMEB9_E2",10,9,3.7e-24,0.137503523749935,0.8646
"regulation of cell cycle phase transition","MMEB9_E2",8,14,3.7e-24,-0.736965594166206,0.068
"regulation of protein catabolic process","MMEB9_E2",10,10,3.7e-24,0,1
"response to endoplasmic reticulum stress","MMEB9_E2",6,9,3.7e-24,-0.514573172829758,0.2965
"vesicle organization","MMEB9_E2",4,11,3.7e-24,-1.26303440583379,0.0118
"mitochondrial respiratory chain complex assembly","MMEB9_E2",1,3,3.7e-24,-1,0.2123
"DNA-templated transcription elongation","MMEB9_E2",2,4,3.7e-24,-0.736965594166206,0.2712
"mitochondrial transport","MMEB9_E2",7,6,3.7e-24,0.192645077942396,0.8441
"establishment of organelle localization","MMEB9_E2",10,13,3.7e-24,-0.347923303420307,0.4175
"regulation of intracellular protein transport","MMEB9_E2",2,6,3.7e-24,-1.22239242133645,0.0425
"response to UV","MMEB9_E2",5,5,3.7e-24,0,1
"RNA localization","MMEB9_E2",7,7,3.7e-24,0,1
"response to topologically incorrect protein","MMEB9_E2",3,4,3.7e-24,-0.321928094887362,0.6394
"organelle fission","MMEB9_E2",9,15,3.7e-24,-0.678071905112638,0.076
"non-membrane-bounded organelle assembly","MMEB9_E2",5,11,3.7e-24,-1,0.0333
"protein polyubiquitination","MMEB9_E2",4,8,3.7e-24,-0.84799690655495,0.1065
"methylation","MMEB9_E2",4,10,3.7e-24,-1.13750352374993,0.023
"phospholipid biosynthetic process","MMEB9_E2",1,8,3.7e-24,-2.16992500144231,0.0024
"oxidative phosphorylation","MMEB9_E2",3,4,3.7e-24,-0.321928094887362,0.6477
"establishment of protein localization to membrane","MMEB9_E2",4,8,3.7e-24,-0.84799690655495,0.0886
"in utero embryonic development","MMEB9_E2",7,12,3.7e-24,-0.700439718141092,0.1114
"vacuole organization","MMEB9_E2",5,6,3.7e-24,-0.222392421336448,0.6929
"nuclear-transcribed mRNA catabolic process","MMEB9_E2",5,4,3.7e-24,0.263034405833794,0.8192
"protein folding","MMEB9_E2",2,7,3.7e-24,-1.41503749927884,0.0232
"DNA conformation change","MMEB9_E2",3,3,3.7e-24,0,1
"regulation of chromosome segregation","MMEB9_E2",7,4,3.7e-24,0.678071905112638,0.3388
"regulation of apoptotic signaling pathway","MMEB9_E2",10,11,3.7e-24,-0.125530882083859,0.7723
"cell cycle G2/M phase transition","MMEB9_E2",1,5,3.7e-24,-1.58496250072116,0.0419
"vacuolar transport","MMEB9_E2",5,4,3.7e-24,0.263034405833794,0.8062
"response to ionizing radiation","MMEB9_E2",5,5,3.7e-24,0,1
"cellular response to UV","MMEB9_E2",4,3,3.7e-24,0.321928094887362,0.7787
"regulation of binding","MMEB9_E2",6,10,3.7e-24,-0.652076696579693,0.1444
"nucleic acid transport","MMEB9_E2",4,5,3.7e-24,-0.263034405833794,0.685
"RNA transport","MMEB9_E2",3,6,3.7e-24,-0.807354922057604,0.1842
"ribonucleoprotein complex subunit organization","MMEB9_E2",7,8,3.7e-24,-0.169925001442312,0.738
"regulation of DNA replication","MMEB9_E2",4,4,3.7e-24,0,1
"ribose phosphate metabolic process","MMEB9_E2",8,13,3.7e-24,-0.637429920615292,0.1188
"proton motive force-driven ATP synthesis","MMEB9_E2",5,3,3.7e-24,0.584962500721156,0.393
"ribonucleotide metabolic process","MMEB9_E2",5,13,3.7e-24,-1.22239242133645,0.0097
"telomere organization","MMEB9_E2",7,5,3.7e-24,0.415037499278844,0.5146
"cellular response to topologically incorrect protein","MMEB9_E2",2,3,3.7e-24,-0.415037499278844,0.5976
"Golgi organization","MMEB9_E2",4,5,3.7e-24,-0.263034405833794,0.686
"ribonucleoprotein complex assembly","MMEB9_E2",4,6,3.7e-24,-0.485426827170242,0.4307
"cellular nitrogen compound catabolic process","MMEB9_E2",13,12,3.7e-24,0.106915203916512,0.8846
"negative regulation of phosphorus metabolic process","MMEB9_E2",6,11,3.7e-24,-0.777607578663552,0.0713
"heterocycle catabolic process","MMEB9_E2",9,13,3.7e-24,-0.485426827170242,0.2263
"mitochondrial membrane organization","MMEB9_E2",2,4,3.7e-24,-0.736965594166206,0.2911
"regulation of protein-containing complex assembly","MMEB9_E2",9,11,3.7e-24,-0.263034405833794,0.549
"positive regulation of cellular component biogenesis","MMEB9_E2",4,15,3.7e-24,-1.67807190511264,6e-04
"response to oxidative stress","MMEB9_E2",9,13,3.7e-24,-0.485426827170242,0.2278
"regulation of supramolecular fiber organization","MMEB9_E2",11,11,3.7e-24,0,1
"positive regulation of protein localization","MMEB9_E2",11,13,3.7e-24,-0.222392421336448,0.5921
"positive regulation of cell projection organization","MMEB9_E2",14,10,3.7e-24,0.447458976971221,0.3539
"negative regulation of transferase activity","MMEB9_E2",6,8,3.7e-24,-0.362570079384708,0.4916
"autophagy of mitochondrion","MMEB9_E2",0,3,3.7e-24,-2,0.0346
"positive regulation of amide metabolic process","MMEB9_E2",1,5,3.7e-24,-1.58496250072116,0.032
"chromatin remodeling","MMEB9_E2",9,11,3.7e-24,-0.263034405833794,0.5583
"viral process","MMEB9_E2",6,11,3.7e-24,-0.777607578663552,0.0751
"macromolecule deacylation","MMEB9_E2",1,4,3.7e-24,-1.32192809488736,0.0922
"mitotic cytokinesis","MMEB9_E2",2,2,3.7e-24,0,1
"aromatic compound catabolic process","MMEB9_E2",13,13,3.7e-24,0,1
"vesicle localization","MMEB9_E2",7,8,3.7e-24,-0.169925001442312,0.7354
"establishment or maintenance of cell polarity","MMEB9_E2",4,7,3.7e-24,-0.678071905112638,0.2066
"Wnt signaling pathway","MMEB9_E2",8,13,3.7e-24,-0.637429920615292,0.1151
"cell-cell signaling by wnt","MMEB9_E2",5,12,3.7e-24,-1.11547721741994,0.018
"ATP metabolic process","MMEB9_E2",11,6,3.7e-24,0.777607578663552,0.1823
"cellular response to chemical stress","MMEB9_E2",4,9,3.7e-24,-1,0.0432
"regulation of vacuole organization","MMEB9_E2",0,1,3.7e-24,-1,0.4149
"cellular response to external stimulus","MMEB9_E2",15,10,3.7e-24,0.540568381362703,0.2064
"negative regulation of protein phosphorylation","MMEB9_E2",5,9,3.7e-24,-0.736965594166206,0.1289
"negative regulation of catabolic process","MMEB9_E2",6,9,3.7e-24,-0.514573172829758,0.2578
"regulation of microtubule cytoskeleton organization","MMEB9_E2",1,4,3.7e-24,-1.32192809488736,0.0748
"chromosome localization","MMEB9_E2",3,3,3.7e-24,0,1
"negative regulation of mitotic nuclear division","MMEB9_E2",3,2,3.7e-24,0.415037499278844,0.731
"regulation of actin filament organization","MMEB9_E2",3,7,3.7e-24,-1,0.0814
"dephosphorylation","MMEB9_E2",7,8,3.7e-24,-0.169925001442312,0.7365
"glycosylation","MMEB9_E2",4,5,3.7e-24,-0.263034405833794,0.677
"positive regulation of establishment of protein localization","MMEB9_E2",7,8,3.7e-24,-0.169925001442312,0.7386
"regulation of microtubule-based process","MMEB9_E2",5,7,3.7e-24,-0.415037499278844,0.465
"cell-substrate junction organization","MMEB9_E2",0,3,3.7e-24,-2,0.043
"protein-containing complex localization","MMEB9_E2",5,5,3.7e-24,0,1
"mitochondrial transmembrane transport","MMEB9_E2",1,2,3.7e-24,-0.584962500721156,0.5331
"stem cell population maintenance","MMEB9_E2",3,5,3.7e-24,-0.584962500721156,0.3096
"ribosome assembly","MMEB9_E2",0,1,3.7e-24,-1,0.4287
"intraciliary transport","MMEB9_E2",2,2,3.7e-24,0,1
"Golgi to plasma membrane protein transport","MMEB9_E2",1,1,3.7e-24,0,1
"response to amino acid starvation","MMEB9_E2",2,1,3.7e-24,0.584962500721156,0.6803
"cellular response to extracellular stimulus","MMEB9_E2",6,8,3.7e-24,-0.362570079384708,0.4884
"cell growth","MMEB9_E2",6,12,3.7e-24,-0.893084796083488,0.0394
"protein glycosylation","MMEB9_E2",3,7,3.7e-24,-1,0.0876
"macromolecule glycosylation","MMEB9_E2",3,6,3.7e-24,-0.807354922057604,0.1481
"maintenance of cell number","MMEB9_E2",4,6,3.7e-24,-0.485426827170242,0.4268
"response to reactive oxygen species","MMEB9_E2",5,6,3.7e-24,-0.222392421336448,0.7021
"regulation of cell morphogenesis","MMEB9_E2",3,6,3.7e-24,-0.807354922057604,0.1403
"regulation of cellular component size","MMEB9_E2",5,10,3.7e-24,-0.874469117916141,0.0594
"cell-substrate junction assembly","MMEB9_E2",8,3,3.7e-24,1.16992500144231,0.068
"membrane fission","MMEB9_E2",2,2,3.7e-24,0,1
"membrane docking","MMEB9_E2",2,2,3.7e-24,0,1
"fibroblast migration","MMEB9_E2",1,2,3.7e-24,-0.584962500721156,0.5641
"nucleus organization","MMEB9_E2",5,4,3.7e-24,0.263034405833794,0.8024
"regulation of cell growth","MMEB9_E2",3,10,3.7e-24,-1.4594316186373,0.0075
"fibroblast proliferation","MMEB9_E2",6,3,3.7e-24,0.807354922057604,0.2757
"cell cycle G1/S phase transition","MMEB9_E2",9,7,3.7e-24,0.321928094887362,0.5908
"actin filament organization","MMEB9_E2",7,12,3.7e-24,-0.700439718141092,0.0879
"response to oxygen levels","MMEB9_E2",6,9,3.7e-24,-0.514573172829758,0.2748
"epigenetic regulation of gene expression","MMEB9_E2",9,6,3.7e-24,0.514573172829758,0.311
"organelle fusion","MMEB9_E2",3,5,3.7e-24,-0.584962500721156,0.332
"lipoprotein metabolic process","MMEB9_E2",1,5,3.7e-24,-1.58496250072116,0.0496
"protein lipidation","MMEB9_E2",3,2,3.7e-24,0.415037499278844,0.7379
"regulation of plasma membrane bounded cell projection assembly","MMEB9_E2",8,6,3.7e-24,0.362570079384708,0.5418
"regulation of actin filament-based process","MMEB9_E2",9,12,3.7e-24,-0.37851162325373,0.4038
"regulation of GTPase activity","MMEB9_E2",5,9,3.7e-24,-0.736965594166206,0.1247
"nuclear envelope organization","MMEB9_E2",1,2,3.7e-24,-0.584962500721156,0.5846
"protein autophosphorylation","MMEB9_E2",0,5,3.7e-24,-2.58496250072116,0.0069
"connective tissue development","MMEB9_E2",3,7,3.7e-24,-1,0.0835
"cellular response to heat","MMEB9_E2",0,2,3.7e-24,-1.58496250072116,0.1332
"myeloid cell homeostasis","MMEB9_E2",4,5,3.7e-24,-0.263034405833794,0.6854
"regulation of neuron projection development","MMEB9_E2",11,12,3.7e-24,-0.115477217419936,0.7851
"receptor metabolic process","MMEB9_E2",1,1,3.7e-24,0,1
"maintenance of protein location in cell","MMEB9_E2",1,2,3.7e-24,-0.584962500721156,0.5793
"apoptotic mitochondrial changes","MMEB9_E2",1,3,3.7e-24,-1,0.2398
"response to transforming growth factor beta","MMEB9_E2",2,7,3.7e-24,-1.41503749927884,0.0316
"neural tube development","MMEB9_E2",8,5,3.7e-24,0.584962500721156,0.39
"maintenance of protein location","MMEB9_E2",1,4,3.7e-24,-1.32192809488736,0.1223
"regulation of ubiquitin-protein transferase activity","MMEB9_E2",0,2,3.7e-24,-1.58496250072116,0.137
"cilium assembly","MMEB9_E2",6,10,3.7e-24,-0.652076696579693,0.1341
"mRNA export from nucleus","MMEB9_E2",1,2,3.7e-24,-0.584962500721156,0.5447
"regulation of cell-substrate junction organization","MMEB9_E2",2,2,3.7e-24,0,1
"membrane biogenesis","MMEB9_E2",1,2,3.7e-24,-0.584962500721156,0.5587
"cilium organization","MMEB9_E2",9,12,3.7e-24,-0.37851162325373,0.4018
"platelet-derived growth factor receptor signaling pathway","MMEB9_E2",0,3,3.7e-24,-2,0.0679
"iron-sulfur cluster assembly","MMEB9_E2",0,1,3.7e-24,-1,0.4154
"metallo-sulfur cluster assembly","MMEB9_E2",0,1,3.7e-24,-1,0.4259
"centromere complex assembly","MMEB9_E2",2,1,3.7e-24,0.584962500721156,0.6556
"cellular response to oxygen levels","MMEB9_E2",1,4,3.7e-24,-1.32192809488736,0.0672
"fatty acid beta-oxidation","MMEB9_E2",2,2,3.7e-24,0,1
"organelle localization by membrane tethering","MMEB9_E2",0,3,3.7e-24,-2,0.0608
"autophagosome maturation","MMEB9_E2",0,2,3.7e-24,-1.58496250072116,0.1796
"cellular response to transforming growth factor beta stimulus","MMEB9_E2",5,8,3.7e-24,-0.584962500721156,0.263
"nucleotide catabolic process","MMEB9_E2",3,2,3.7e-24,0.415037499278844,0.7415
"tube closure","MMEB9_E2",0,2,3.7e-24,-1.58496250072116,0.1276
"regulation of stem cell differentiation","MMEB9_E2",1,2,3.7e-24,-0.584962500721156,0.5303
"substrate adhesion-dependent cell spreading","MMEB9_E2",3,3,3.7e-24,0,1
"chondrocyte differentiation","MMEB9_E2",5,3,3.7e-24,0.584962500721156,0.4199
"regulation of fibroblast proliferation","MMEB9_E2",4,3,3.7e-24,0.321928094887362,0.776
"morphogenesis of an epithelial sheet","MMEB9_E2",0,2,3.7e-24,-1.58496250072116,0.1288
"microtubule polymerization","MMEB9_E2",0,2,3.7e-24,-1.58496250072116,0.1288
"response to virus","MMEB9_E2",7,11,3.7e-24,-0.584962500721156,0.1793
"membrane assembly","MMEB9_E2",4,2,3.7e-24,0.736965594166206,0.2765
"COPII vesicle coating","MMEB9_E2",0,0,3.7e-24,0,1
"erythrocyte differentiation","MMEB9_E2",2,4,3.7e-24,-0.736965594166206,0.27
"organophosphate catabolic process","MMEB9_E2",3,4,3.7e-24,-0.321928094887362,0.6369
"regulation of embryonic development","MMEB9_E2",2,3,3.7e-24,-0.415037499278844,0.5949
"regulation of focal adhesion assembly","MMEB9_E2",0,1,3.7e-24,-1,0.4189
"regulation of cell-substrate junction assembly","MMEB9_E2",1,2,3.7e-24,-0.584962500721156,0.5786
"regulation of extracellular matrix organization","MMEB9_E2",2,2,3.7e-24,0,1
"GPI anchor biosynthetic process","MMEB9_E2",1,1,3.7e-24,0,1
"lamellipodium organization","MMEB9_E2",2,3,3.7e-24,-0.415037499278844,0.5937
"positive regulation of stem cell population maintenance","MMEB9_E2",4,1,3.7e-24,1.32192809488736,0.0801
"monosaccharide metabolic process","MMEB9_E2",8,6,3.7e-24,0.362570079384708,0.5431
"U2-type prespliceosome assembly","MMEB9_E2",0,1,3.7e-24,-1,0.4676
"heterochromatin formation","MMEB9_E2",3,2,3.7e-24,0.415037499278844,0.7355
"peroxisome organization","MMEB9_E2",2,1,3.7e-24,0.584962500721156,0.6397
"regulation of mitochondrial fission","MMEB9_E2",0,1,3.7e-24,-1,0.51
"cellular pigmentation","MMEB9_E2",0,1,3.7e-24,-1,0.4135
"regulation of fibroblast migration","MMEB9_E2",0,1,3.7e-24,-1,0.4481
"cellular carbohydrate metabolic process","MMEB9_E2",4,8,3.7e-24,-0.84799690655495,0.1152
"positive regulation of axonogenesis","MMEB9_E2",0,1,3.7e-24,-1,0.4145
"kinetochore organization","MMEB9_E2",1,1,3.7e-24,0,1
"stem cell differentiation","MMEB9_E2",5,6,3.7e-24,-0.222392421336448,0.7041
"proton transmembrane transport","MMEB9_E2",5,4,3.7e-24,0.263034405833794,0.8035
"cellular response to insulin stimulus","MMEB9_E2",3,6,3.7e-24,-0.807354922057604,0.143
"establishment of mitotic spindle localization","MMEB9_E2",1,1,3.7e-24,0,1
"cell redox homeostasis","MMEB9_E2",0,1,3.7e-24,-1,0.4197
"stress granule assembly","MMEB9_E2",3,1,3.7e-24,1,0.5046
"protein neddylation","MMEB9_E2",0,1,3.7e-24,-1,0.4245
"regulation of mitochondrial membrane potential","MMEB9_E2",0,2,3.7e-24,-1.58496250072116,0.1559
"neuron death","MMEB9_E2",10,10,3.7e-24,0,1
"defense response to virus","MMEB9_E2",4,7,3.7e-24,-0.678071905112638,0.2151
"sulfur compound metabolic process","MMEB9_E2",8,10,3.7e-24,-0.289506617194985,0.548
"NADP metabolic process","MMEB9_E2",0,1,3.7e-24,-1,0.4194
"vacuolar acidification","MMEB9_E2",0,1,3.7e-24,-1,0.5243
"oligosaccharide-lipid intermediate biosynthetic process","MMEB9_E2",0,1,3.7e-24,-1,0.513
"lysosomal lumen acidification","MMEB9_E2",1,1,3.7e-24,0,1
"glycosyl compound biosynthetic process","MMEB9_E2",1,0,3.7e-24,1,0.4699
"heart valve development","MMEB9_E2",2,2,3.7e-24,0,1
"water-soluble vitamin metabolic process","MMEB9_E2",1,1,3.7e-24,0,1
"interferon-beta production","MMEB9_E2",1,2,3.7e-24,-0.584962500721156,0.5867
"regulation of interferon-beta production","MMEB9_E2",2,1,3.7e-24,0.584962500721156,0.6697
"branched-chain amino acid metabolic process","MMEB9_E2",2,1,3.7e-24,0.584962500721156,0.6373
"regulation of mitochondrial membrane permeability","MMEB9_E2",0,2,3.7e-24,-1.58496250072116,0.1498
"respiratory tube development","MMEB9_E2",3,5,3.7e-24,-0.584962500721156,0.3291
"cellular senescence","MMEB9_E2",1,3,3.7e-24,-1,0.2508
"positive regulation of neurogenesis","MMEB9_E2",7,7,3.7e-24,0,1
"mitochondrial outer membrane permeabilization","MMEB9_E2",1,1,3.7e-24,0,1
"immune system development","MMEB9_E2",3,5,3.7e-24,-0.584962500721156,0.3272
"clathrin-dependent endocytosis","MMEB9_E2",1,1,3.7e-24,0,1
"positive regulation of viral process","MMEB9_E2",2,2,3.7e-24,0,1
"bone development","MMEB9_E2",7,7,3.7e-24,0,1
"cell-substrate adhesion","MMEB9_E2",12,10,3.7e-24,0.241008099503795,0.6415
"positive regulation of microtubule polymerization","MMEB9_E2",1,1,3.7e-24,0,1
"pteridine-containing compound metabolic process","MMEB9_E2",0,1,3.7e-24,-1,0.5042
"response to arsenic-containing substance","MMEB9_E2",0,1,3.7e-24,-1,0.4196
"response to insulin","MMEB9_E2",3,7,3.7e-24,-1,0.0764
"ubiquinone metabolic process","MMEB9_E2",0,0,3.7e-24,0,1
"cellular response to arsenic-containing substance","MMEB9_E2",0,0,3.7e-24,0,1
"inositol phosphate catabolic process","MMEB9_E2",0,0,3.7e-24,0,1
"telomerase RNA localization to Cajal body","MMEB9_E2",1,0,3.7e-24,1,0.2918
"respiratory system development","MMEB9_E2",5,6,3.7e-24,-0.222392421336448,0.6949
"regulation of generation of precursor metabolites and energy","MMEB9_E2",4,4,3.7e-24,0,1
"mitochondrial calcium ion homeostasis","MMEB9_E2",1,1,3.7e-24,0,1
"G0 to G1 transition","MMEB9_E2",3,1,3.7e-24,1,0.4348
"mitochondrial genome maintenance","MMEB9_E2",3,1,3.7e-24,1,0.4342
"release of cytochrome c from mitochondria","MMEB9_E2",0,1,3.7e-24,-1,0.4128
"cortical cytoskeleton organization","MMEB9_E2",3,2,3.7e-24,0.415037499278844,0.733
"response to sterol depletion","MMEB9_E2",0,1,3.7e-24,-1,0.526
"regulation of ncRNA transcription","MMEB9_E2",2,1,3.7e-24,0.584962500721156,0.6354
"mesenchymal cell differentiation","MMEB9_E2",4,6,3.7e-24,-0.485426827170242,0.4252
"protein-DNA complex subunit organization","MMEB9_E2",2,7,3.7e-24,-1.41503749927884,0.0406
"response to fluid shear stress","MMEB9_E2",0,1,3.7e-24,-1,0.477
"collagen fibril organization","MMEB9_E2",1,2,3.7e-24,-0.584962500721156,0.5417
"roof of mouth development","MMEB9_E2",0,2,3.7e-24,-1.58496250072116,0.0922
"regulation of protein dephosphorylation","MMEB9_E2",1,2,3.7e-24,-0.584962500721156,0.5412
"multicellular organism growth","MMEB9_E2",2,5,3.7e-24,-1,0.1638
"miRNA processing","MMEB9_E2",3,1,3.7e-24,1,0.4223
"small molecule catabolic process","MMEB9_E2",15,10,3.7e-24,0.540568381362703,0.2198
"regulation of G0 to G1 transition","MMEB9_E2",2,1,3.7e-24,0.584962500721156,0.6448
"circadian regulation of gene expression","MMEB9_E2",0,2,3.7e-24,-1.58496250072116,0.1817
"regulation of translational fidelity","MMEB9_E2",0,0,3.7e-24,0,1
"ubiquinone biosynthetic process","MMEB9_E2",0,0,3.7e-24,0,1
"mitochondrial calcium ion transmembrane transport","MMEB9_E2",0,0,3.7e-24,0,1
"quinone biosynthetic process","MMEB9_E2",3,1,3.7e-24,1,0.5313
"viral release from host cell","MMEB9_E2",1,1,3.7e-24,0,1
"exit from host cell","MMEB9_E2",0,1,3.7e-24,-1,0.4501
"positive regulation of GTPase activity","MMEB9_E2",2,6,3.7e-24,-1.22239242133645,0.0611
"regulation of cytokinesis","MMEB9_E2",5,3,3.7e-24,0.584962500721156,0.3857
"mitochondrion localization","MMEB9_E2",4,2,3.7e-24,0.736965594166206,0.2803
"renal system development","MMEB9_E2",7,7,3.7e-24,0,1
"regulation of cysteine-type endopeptidase activity involved in apoptotic process","MMEB9_E2",3,5,3.7e-24,-0.584962500721156,0.3294
"regulation of cell-substrate adhesion","MMEB9_E2",2,5,3.7e-24,-1,0.1164
"centrosome localization","MMEB9_E2",0,1,3.7e-24,-1,0.4423
"microtubule organizing center localization","MMEB9_E2",0,1,3.7e-24,-1,0.5185
"pinocytosis","MMEB9_E2",1,1,3.7e-24,0,1
"lamellipodium assembly","MMEB9_E2",0,2,3.7e-24,-1.58496250072116,0.1316
"cellular response to sterol depletion","MMEB9_E2",1,0,3.7e-24,1,0.3471
"placenta development","MMEB9_E2",3,4,3.7e-24,-0.321928094887362,0.6585
"rhythmic process","MMEB9_E2",4,8,3.7e-24,-0.84799690655495,0.123
"spindle localization","MMEB9_E2",3,2,3.7e-24,0.415037499278844,0.7399
"carbohydrate derivative catabolic process","MMEB9_E2",2,4,3.7e-24,-0.736965594166206,0.2753
"response to amino acid","MMEB9_E2",2,4,3.7e-24,-0.736965594166206,0.322
"regulation of intracellular steroid hormone receptor signaling pathway","MMEB9_E2",0,2,3.7e-24,-1.58496250072116,0.1796
"regulation of neuron death","MMEB9_E2",3,7,3.7e-24,-1,0.0876
"ossification","MMEB9_E2",4,10,3.7e-24,-1.13750352374993,0.0269
"mammary gland epithelial cell proliferation","MMEB9_E2",1,1,3.7e-24,0,1
"ribosomal subunit export from nucleus","MMEB9_E2",0,0,3.7e-24,0,1
"ribosome localization","MMEB9_E2",0,0,3.7e-24,0,1
"protein transport to vacuole involved in ubiquitin-dependent protein catabolic process via the multivesicular body sorting pathway","MMEB9_E2",1,0,3.7e-24,1,0.3755
"seminiferous tubule development","MMEB9_E2",0,0,3.7e-24,0,1
"cellular response to acid chemical","MMEB9_E2",2,3,3.7e-24,-0.415037499278844,0.636
"positive regulation of kinase activity","MMEB9_E2",3,12,3.7e-24,-1.70043971814109,0.0022
"positive regulation by host of viral process","MMEB9_E2",0,0,3.7e-24,0,1
"mitochondrion morphogenesis","MMEB9_E2",2,0,3.7e-24,1.58496250072116,0.1496
"regulation of establishment of cell polarity","MMEB9_E2",0,1,3.7e-24,-1,0.4734
"cellular lipid catabolic process","MMEB9_E2",7,5,3.7e-24,0.415037499278844,0.5094
"neuron apoptotic process","MMEB9_E2",5,6,3.7e-24,-0.222392421336448,0.7066
"inner cell mass cell proliferation","MMEB9_E2",0,0,3.7e-24,0,1
"polyamine biosynthetic process","MMEB9_E2",0,0,3.7e-24,0,1
"folic acid metabolic process","MMEB9_E2",0,0,3.7e-24,0,1
"organelle inheritance","MMEB9_E2",0,0,3.7e-24,0,1
"polyol metabolic process","MMEB9_E2",1,3,3.7e-24,-1,0.1943
"regulation of type I interferon-mediated signaling pathway","MMEB9_E2",1,1,3.7e-24,0,1
"intracellular lipid transport","MMEB9_E2",0,1,3.7e-24,-1,0.4061
"fat cell differentiation","MMEB9_E2",4,6,3.7e-24,-0.485426827170242,0.4451
"iron ion homeostasis","MMEB9_E2",1,2,3.7e-24,-0.584962500721156,0.5286
"negative regulation of cell projection organization","MMEB9_E2",6,4,3.7e-24,0.485426827170242,0.4572
"dicarboxylic acid metabolic process","MMEB9_E2",1,2,3.7e-24,-0.584962500721156,0.5312
"regulation of anatomical structure size","MMEB9_E2",16,13,3.7e-24,0.280107919192735,0.5062
"regulation of small molecule metabolic process","MMEB9_E2",6,10,3.7e-24,-0.652076696579693,0.1618
"pentose-phosphate shunt","MMEB9_E2",0,0,3.7e-24,0,1
"pericardium development","MMEB9_E2",1,0,3.7e-24,1,0.4423
"lysosomal protein catabolic process","MMEB9_E2",0,0,3.7e-24,0,1
"carbohydrate derivative transport","MMEB9_E2",2,2,3.7e-24,0,1
"alcohol biosynthetic process","MMEB9_E2",4,3,3.7e-24,0.321928094887362,0.7871
"regulation of membrane permeability","MMEB9_E2",2,2,3.7e-24,0,1
"signal peptide processing","MMEB9_E2",0,0,3.7e-24,0,1
"UV-damage excision repair","MMEB9_E2",0,0,3.7e-24,0,1
"biological process involved in interaction with host","MMEB9_E2",6,6,3.7e-24,0,1
"body morphogenesis","MMEB9_E2",2,1,3.7e-24,0.584962500721156,0.6694
"extracellular vesicle biogenesis","MMEB9_E2",2,1,3.7e-24,0.584962500721156,0.6287
"negative regulation of defense response to virus","MMEB9_E2",0,1,3.7e-24,-1,0.4421
"aminoglycan biosynthetic process","MMEB9_E2",0,2,3.7e-24,-1.58496250072116,0.1227
"sterol biosynthetic process","MMEB9_E2",1,2,3.7e-24,-0.584962500721156,0.555
"polyamine metabolic process","MMEB9_E2",0,0,3.7e-24,0,1
"magnesium ion transport","MMEB9_E2",0,0,3.7e-24,0,1
"lamellipodium morphogenesis","MMEB9_E2",2,0,3.7e-24,1.58496250072116,0.1095
"positive regulation of neuron migration","MMEB9_E2",0,1,3.7e-24,-1,0.531
"regulation of glucose metabolic process","MMEB9_E2",2,2,3.7e-24,0,1
"monosaccharide biosynthetic process","MMEB9_E2",4,3,3.7e-24,0.321928094887362,0.7732
"response to acid chemical","MMEB9_E2",2,3,3.7e-24,-0.415037499278844,0.6002
"regulation of carbohydrate metabolic process","MMEB9_E2",4,5,3.7e-24,-0.263034405833794,0.6859
"positive regulation of nervous system development","MMEB9_E2",3,8,3.7e-24,-1.16992500144231,0.0524
"regulation of circadian rhythm","MMEB9_E2",5,3,3.7e-24,0.584962500721156,0.4211
"trabecula morphogenesis","MMEB9_E2",1,1,3.7e-24,0,1
"pigment accumulation","MMEB9_E2",2,0,3.7e-24,1.58496250072116,0.0799
"cellular pigment accumulation","MMEB9_E2",1,0,3.7e-24,1,0.3642
"regulation of pinocytosis","MMEB9_E2",0,0,3.7e-24,0,1
"regulation of ligase activity","MMEB9_E2",0,0,3.7e-24,0,1
"smoothened signaling pathway involved in dorsal/ventral neural tube patterning","MMEB9_E2",0,0,3.7e-24,0,1
"glycosyl compound metabolic process","MMEB9_E2",1,2,3.7e-24,-0.584962500721156,0.5326
"substantia nigra development","MMEB9_E2",1,1,3.7e-24,0,1
"negative regulation of GTPase activity","MMEB9_E2",0,1,3.7e-24,-1,0.4185
"axon extension","MMEB9_E2",1,3,3.7e-24,-1,0.2521
"positive regulation of epithelial to mesenchymal transition","MMEB9_E2",0,1,3.7e-24,-1,0.4039
"one-carbon metabolic process","MMEB9_E2",0,0,3.7e-24,0,1
"NADPH regeneration","MMEB9_E2",0,1,3.7e-24,-1,0.4767
"cellular response to dsRNA","MMEB9_E2",0,1,3.7e-24,-1,0.5292
"neuron projection organization","MMEB9_E2",1,2,3.7e-24,-0.584962500721156,0.5276
"postsynapse organization","MMEB9_E2",5,5,3.7e-24,0,1
"regulation of ketone biosynthetic process","MMEB9_E2",1,1,3.7e-24,0,1
"mitochondrion distribution","MMEB9_E2",0,0,3.7e-24,0,1
"regulation of autophagosome maturation","MMEB9_E2",1,0,3.7e-24,1,0.3556
"magnesium ion transmembrane transport","MMEB9_E2",1,0,3.7e-24,1,0.4426
"regulation of cell division","MMEB9_E2",6,5,3.7e-24,0.222392421336448,0.8259
"intermembrane lipid transfer","MMEB9_E2",1,1,3.7e-24,0,1
"organophosphate ester transport","MMEB9_E2",1,4,3.7e-24,-1.32192809488736,0.076
"movement in host","MMEB9_E2",3,5,3.7e-24,-0.584962500721156,0.3567
"extracellular matrix assembly","MMEB9_E2",1,1,3.7e-24,0,1
"cellular metabolic compound salvage","MMEB9_E2",0,1,3.7e-24,-1,0.5095
"regulation of ATP-dependent activity","MMEB9_E2",3,2,3.7e-24,0.415037499278844,0.7384
"cell migration involved in heart development","MMEB9_E2",0,1,3.7e-24,-1,0.5186
"cellular response to fluid shear stress","MMEB9_E2",1,0,3.7e-24,1,0.3889
"sphingomyelin biosynthetic process","MMEB9_E2",0,0,3.7e-24,0,1
"ether lipid biosynthetic process","MMEB9_E2",0,0,3.7e-24,0,1
"embryonic body morphogenesis","MMEB9_E2",1,1,3.7e-24,0,1
"amino sugar biosynthetic process","MMEB9_E2",0,0,3.7e-24,0,1
"glycerol ether biosynthetic process","MMEB9_E2",3,0,3.7e-24,2,0.0129
"pigmentation","MMEB9_E2",5,3,3.7e-24,0.584962500721156,0.396
"cellular response to ketone","MMEB9_E2",5,4,3.7e-24,0.263034405833794,0.81
"nonribosomal peptide biosynthetic process","MMEB9_E2",0,0,3.7e-24,0,1
"glial cell apoptotic process","MMEB9_E2",0,0,3.7e-24,0,1
"lipoprotein catabolic process","MMEB9_E2",1,0,3.7e-24,1,0.497
"suppression of viral release by host","MMEB9_E2",0,0,3.7e-24,0,1
"chaperone-mediated autophagy","MMEB9_E2",0,0,3.7e-24,0,1
"regulation of steroid hormone biosynthetic process","MMEB9_E2",0,0,3.7e-24,0,1
"synaptic vesicle lumen acidification","MMEB9_E2",1,0,3.7e-24,1,0.3085
"semaphorin-plexin signaling pathway involved in neuron projection guidance","MMEB9_E2",0,0,3.7e-24,0,1
"regulation of Golgi organization","MMEB9_E2",0,0,3.7e-24,0,1
"Schwann cell differentiation","MMEB9_E2",1,1,3.7e-24,0,1
"neurotrophin signaling pathway","MMEB9_E2",1,1,3.7e-24,0,1
"regulation of microtubule depolymerization","MMEB9_E2",1,1,3.7e-24,0,1
"basement membrane organization","MMEB9_E2",1,1,3.7e-24,0,1
"establishment or maintenance of epithelial cell apical/basal polarity","MMEB9_E2",1,1,3.7e-24,0,1
"face development","MMEB9_E2",2,2,3.7e-24,0,1
"osteoblast differentiation","MMEB9_E2",4,7,3.7e-24,-0.678071905112638,0.245
"appendage development","MMEB9_E2",3,4,3.7e-24,-0.321928094887362,0.6426
"limb development","MMEB9_E2",6,6,3.7e-24,0,1
"regulation of ATP metabolic process","MMEB9_E2",0,2,3.7e-24,-1.58496250072116,0.0884
"developmental growth involved in morphogenesis","MMEB9_E2",5,5,3.7e-24,0,1
"embryonic organ development","MMEB9_E2",10,12,3.7e-24,-0.241008099503795,0.5688
"negative regulation of growth","MMEB9_E2",5,6,3.7e-24,-0.222392421336448,0.6949
"microtubule depolymerization","MMEB9_E2",1,1,3.7e-24,0,1
"heme metabolic process","MMEB9_E2",0,1,3.7e-24,-1,0.427
"regulation of neuron apoptotic process","MMEB9_E2",2,5,3.7e-24,-1,0.1073
"plasma membrane tubulation","MMEB9_E2",1,1,3.7e-24,0,1
"exosomal secretion","MMEB9_E2",0,1,3.7e-24,-1,0.4807
"vasculogenesis","MMEB9_E2",3,2,3.7e-24,0.415037499278844,0.7323
"toxin transport","MMEB9_E2",0,0,3.7e-24,0,1
"ncRNA processing","MMEB9_E3",22,19,3.7e-24,0.20163386116965,0.5681
"ribosome biogenesis","MMEB9_E3",10,13,3.7e-24,-0.347923303420307,0.4186
"rRNA metabolic process","MMEB9_E3",7,10,3.7e-24,-0.459431618637297,0.2946
"proteasome-mediated ubiquitin-dependent protein catabolic process","MMEB9_E3",10,19,3.7e-24,-0.862496476250065,0.0167
"regulation of response to DNA damage stimulus","MMEB9_E3",11,13,3.7e-24,-0.222392421336448,0.5831
"establishment of protein localization to organelle","MMEB9_E3",13,19,3.7e-24,-0.514573172829758,0.1351
"macroautophagy","MMEB9_E3",8,12,3.7e-24,-0.53051471669878,0.2101
"regulation of chromosome organization","MMEB9_E3",10,10,3.7e-24,0,1
"Golgi vesicle transport","MMEB9_E3",12,14,3.7e-24,-0.206450877467426,0.5978
"double-strand break repair","MMEB9_E3",9,12,3.7e-24,-0.37851162325373,0.3902
"histone modification","MMEB9_E3",18,19,3.7e-24,-0.0740005814437769,0.8289
"sister chromatid segregation","MMEB9_E3",10,10,3.7e-24,0,1
"DNA replication","MMEB9_E3",12,11,3.7e-24,0.115477217419936,0.8813
"chromosome segregation","MMEB9_E3",21,18,3.7e-24,0.211504105193712,0.5626
"mitochondrial gene expression","MMEB9_E3",4,8,3.7e-24,-0.84799690655495,0.1202
"nucleocytoplasmic transport","MMEB9_E3",11,12,3.7e-24,-0.115477217419936,0.7791
"nuclear transport","MMEB9_E3",4,15,3.7e-24,-1.67807190511264,5e-04
"regulation of DNA repair","MMEB9_E3",6,10,3.7e-24,-0.652076696579693,0.1567
"peptidyl-lysine modification","MMEB9_E3",9,14,3.7e-24,-0.584962500721156,0.1269
"protein targeting","MMEB9_E3",5,13,3.7e-24,-1.22239242133645,0.0113
"cytoplasmic translation","MMEB9_E3",1,7,3.7e-24,-2,0.0078
"regulation of autophagy","MMEB9_E3",12,14,3.7e-24,-0.206450877467426,0.5975
"signal transduction in response to DNA damage","MMEB9_E3",4,7,3.7e-24,-0.678071905112638,0.2132
"regulation of intracellular transport","MMEB9_E3",9,12,3.7e-24,-0.37851162325373,0.3965
"protein localization to nucleus","MMEB9_E3",6,11,3.7e-24,-0.777607578663552,0.0902
"microtubule cytoskeleton organization involved in mitosis","MMEB9_E3",0,6,3.7e-24,-2.8073549220576,0.0016
"telomere maintenance","MMEB9_E3",8,7,3.7e-24,0.169925001442312,0.8427
"cell cycle checkpoint signaling","MMEB9_E3",7,7,3.7e-24,0,1
"regulation of protein modification by small protein conjugation or removal","MMEB9_E3",12,10,3.7e-24,0.241008099503795,0.6391
"cellular respiration","MMEB9_E3",14,10,3.7e-24,0.447458976971221,0.3553
"cellular component disassembly","MMEB9_E3",15,18,3.7e-24,-0.247927513443586,0.4876
"nuclear chromosome segregation","MMEB9_E3",12,13,3.7e-24,-0.106915203916512,0.7881
"regulation of protein stability","MMEB9_E3",15,13,3.7e-24,0.192645077942396,0.6829
"regulation of cell cycle phase transition","MMEB9_E3",13,17,3.7e-24,-0.362570079384708,0.2927
"regulation of protein catabolic process","MMEB9_E3",11,15,3.7e-24,-0.415037499278844,0.2641
"response to endoplasmic reticulum stress","MMEB9_E3",8,10,3.7e-24,-0.289506617194985,0.546
"vesicle organization","MMEB9_E3",11,13,3.7e-24,-0.222392421336448,0.5868
"mitochondrial respiratory chain complex assembly","MMEB9_E3",5,4,3.7e-24,0.263034405833794,0.8087
"DNA-templated transcription elongation","MMEB9_E3",6,6,3.7e-24,0,1
"mitochondrial transport","MMEB9_E3",9,8,3.7e-24,0.15200309344505,0.8534
"establishment of organelle localization","MMEB9_E3",21,15,3.7e-24,0.459431618637297,0.198
"regulation of intracellular protein transport","MMEB9_E3",12,8,3.7e-24,0.53051471669878,0.3086
"response to UV","MMEB9_E3",8,6,3.7e-24,0.362570079384708,0.5415
"RNA localization","MMEB9_E3",11,7,3.7e-24,0.584962500721156,0.2755
"response to topologically incorrect protein","MMEB9_E3",4,6,3.7e-24,-0.485426827170242,0.431
"organelle fission","MMEB9_E3",18,18,3.7e-24,0,1
"non-membrane-bounded organelle assembly","MMEB9_E3",16,15,3.7e-24,0.0874628412503394,0.8989
"protein polyubiquitination","MMEB9_E3",12,9,3.7e-24,0.37851162325373,0.4117
"methylation","MMEB9_E3",7,13,3.7e-24,-0.807354922057604,0.0631
"phospholipid biosynthetic process","MMEB9_E3",12,9,3.7e-24,0.37851162325373,0.4124
"oxidative phosphorylation","MMEB9_E3",5,6,3.7e-24,-0.222392421336448,0.7063
"establishment of protein localization to membrane","MMEB9_E3",7,10,3.7e-24,-0.459431618637297,0.2906
"in utero embryonic development","MMEB9_E3",13,15,3.7e-24,-0.192645077942396,0.6106
"vacuole organization","MMEB9_E3",9,9,3.7e-24,0,1
"nuclear-transcribed mRNA catabolic process","MMEB9_E3",4,5,3.7e-24,-0.263034405833794,0.6811
"protein folding","MMEB9_E3",4,8,3.7e-24,-0.84799690655495,0.0839
"DNA conformation change","MMEB9_E3",1,3,3.7e-24,-1,0.2106
"regulation of chromosome segregation","MMEB9_E3",2,5,3.7e-24,-1,0.1115
"regulation of apoptotic signaling pathway","MMEB9_E3",6,14,3.7e-24,-1.09953567355091,0.0157
"cell cycle G2/M phase transition","MMEB9_E3",11,7,3.7e-24,0.584962500721156,0.2689
"vacuolar transport","MMEB9_E3",1,7,3.7e-24,-2,0.0055
"response to ionizing radiation","MMEB9_E3",7,7,3.7e-24,0,1
"cellular response to UV","MMEB9_E3",3,4,3.7e-24,-0.321928094887362,0.6606
"regulation of binding","MMEB9_E3",14,13,3.7e-24,0.0995356735509144,0.8921
"nucleic acid transport","MMEB9_E3",8,6,3.7e-24,0.362570079384708,0.5441
"RNA transport","MMEB9_E3",5,6,3.7e-24,-0.222392421336448,0.6991
"ribonucleoprotein complex subunit organization","MMEB9_E3",6,9,3.7e-24,-0.514573172829758,0.2701
"regulation of DNA replication","MMEB9_E3",6,6,3.7e-24,0,1
"ribose phosphate metabolic process","MMEB9_E3",11,17,3.7e-24,-0.584962500721156,0.1133
"proton motive force-driven ATP synthesis","MMEB9_E3",4,3,3.7e-24,0.321928094887362,0.7879
"ribonucleotide metabolic process","MMEB9_E3",17,15,3.7e-24,0.169925001442312,0.6966
"telomere organization","MMEB9_E3",9,7,3.7e-24,0.321928094887362,0.5699
"cellular response to topologically incorrect protein","MMEB9_E3",2,5,3.7e-24,-1,0.1493
"Golgi organization","MMEB9_E3",5,6,3.7e-24,-0.222392421336448,0.7042
"ribonucleoprotein complex assembly","MMEB9_E3",7,8,3.7e-24,-0.169925001442312,0.7319
"cellular nitrogen compound catabolic process","MMEB9_E3",14,18,3.7e-24,-0.341036917835067,0.3134
"negative regulation of phosphorus metabolic process","MMEB9_E3",11,15,3.7e-24,-0.415037499278844,0.2776
"heterocycle catabolic process","MMEB9_E3",18,18,3.7e-24,0,1
"mitochondrial membrane organization","MMEB9_E3",3,5,3.7e-24,-0.584962500721156,0.3423
"regulation of protein-containing complex assembly","MMEB9_E3",12,14,3.7e-24,-0.206450877467426,0.607
"positive regulation of cellular component biogenesis","MMEB9_E3",10,19,3.7e-24,-0.862496476250065,0.0145
"response to oxidative stress","MMEB9_E3",15,16,3.7e-24,-0.0874628412503394,0.8025
"regulation of supramolecular fiber organization","MMEB9_E3",11,13,3.7e-24,-0.222392421336448,0.585
"positive regulation of protein localization","MMEB9_E3",13,17,3.7e-24,-0.362570079384708,0.2846
"positive regulation of cell projection organization","MMEB9_E3",10,14,3.7e-24,-0.447458976971221,0.2487
"negative regulation of transferase activity","MMEB9_E3",4,10,3.7e-24,-1.13750352374993,0.0219
"autophagy of mitochondrion","MMEB9_E3",6,4,3.7e-24,0.485426827170242,0.4459
"positive regulation of amide metabolic process","MMEB9_E3",1,7,3.7e-24,-2,0.0064
"chromatin remodeling","MMEB9_E3",11,14,3.7e-24,-0.321928094887362,0.4262
"viral process","MMEB9_E3",12,16,3.7e-24,-0.387023123109247,0.2814
"macromolecule deacylation","MMEB9_E3",3,5,3.7e-24,-0.584962500721156,0.3192
"mitotic cytokinesis","MMEB9_E3",6,4,3.7e-24,0.485426827170242,0.4421
"aromatic compound catabolic process","MMEB9_E3",16,17,3.7e-24,-0.082462160191973,0.8134
"vesicle localization","MMEB9_E3",8,9,3.7e-24,-0.15200309344505,0.7502
"establishment or maintenance of cell polarity","MMEB9_E3",2,8,3.7e-24,-1.58496250072116,0.0086
"Wnt signaling pathway","MMEB9_E3",20,18,3.7e-24,0.144389909335175,0.7222
"cell-cell signaling by wnt","MMEB9_E3",11,15,3.7e-24,-0.415037499278844,0.2701
"ATP metabolic process","MMEB9_E3",4,8,3.7e-24,-0.84799690655495,0.1144
"cellular response to chemical stress","MMEB9_E3",9,12,3.7e-24,-0.37851162325373,0.3901
"regulation of vacuole organization","MMEB9_E3",1,2,3.7e-24,-0.584962500721156,0.525
"cellular response to external stimulus","MMEB9_E3",9,12,3.7e-24,-0.37851162325373,0.3985
"negative regulation of protein phosphorylation","MMEB9_E3",7,12,3.7e-24,-0.700439718141092,0.1107
"negative regulation of catabolic process","MMEB9_E3",12,12,3.7e-24,0,1
"regulation of microtubule cytoskeleton organization","MMEB9_E3",6,6,3.7e-24,0,1
"chromosome localization","MMEB9_E3",6,4,3.7e-24,0.485426827170242,0.4599
"negative regulation of mitotic nuclear division","MMEB9_E3",1,2,3.7e-24,-0.584962500721156,0.5346
"regulation of actin filament organization","MMEB9_E3",7,10,3.7e-24,-0.459431618637297,0.3158
"dephosphorylation","MMEB9_E3",8,13,3.7e-24,-0.637429920615292,0.1359
"glycosylation","MMEB9_E3",9,8,3.7e-24,0.15200309344505,0.8609
"positive regulation of establishment of protein localization","MMEB9_E3",9,12,3.7e-24,-0.37851162325373,0.4046
"regulation of microtubule-based process","MMEB9_E3",9,10,3.7e-24,-0.137503523749935,0.7604
"cell-substrate junction organization","MMEB9_E3",7,4,3.7e-24,0.678071905112638,0.342
"protein-containing complex localization","MMEB9_E3",5,7,3.7e-24,-0.415037499278844,0.463
"mitochondrial transmembrane transport","MMEB9_E3",2,4,3.7e-24,-0.736965594166206,0.284
"stem cell population maintenance","MMEB9_E3",15,6,3.7e-24,1.1926450779424,0.0431
"ribosome assembly","MMEB9_E3",2,2,3.7e-24,0,1
"intraciliary transport","MMEB9_E3",0,1,3.7e-24,-1,0.4185
"Golgi to plasma membrane protein transport","MMEB9_E3",3,1,3.7e-24,1,0.4211
"response to amino acid starvation","MMEB9_E3",0,2,3.7e-24,-1.58496250072116,0.1288
"cellular response to extracellular stimulus","MMEB9_E3",5,10,3.7e-24,-0.874469117916141,0.078
"cell growth","MMEB9_E3",10,18,3.7e-24,-0.788495894806288,0.0389
"protein glycosylation","MMEB9_E3",4,9,3.7e-24,-1,0.0635
"macromolecule glycosylation","MMEB9_E3",6,8,3.7e-24,-0.362570079384708,0.4919
"maintenance of cell number","MMEB9_E3",4,8,3.7e-24,-0.84799690655495,0.1119
"response to reactive oxygen species","MMEB9_E3",4,7,3.7e-24,-0.678071905112638,0.2235
"regulation of cell morphogenesis","MMEB9_E3",8,9,3.7e-24,-0.15200309344505,0.753
"regulation of cellular component size","MMEB9_E3",14,14,3.7e-24,0,1
"cell-substrate junction assembly","MMEB9_E3",3,4,3.7e-24,-0.321928094887362,0.664
"membrane fission","MMEB9_E3",1,2,3.7e-24,-0.584962500721156,0.5396
"membrane docking","MMEB9_E3",5,4,3.7e-24,0.263034405833794,0.8059
"fibroblast migration","MMEB9_E3",7,3,3.7e-24,1,0.2406
"nucleus organization","MMEB9_E3",4,5,3.7e-24,-0.263034405833794,0.6859
"regulation of cell growth","MMEB9_E3",8,15,3.7e-24,-0.830074998557688,0.0387
"fibroblast proliferation","MMEB9_E3",7,4,3.7e-24,0.678071905112638,0.3491
"cell cycle G1/S phase transition","MMEB9_E3",10,10,3.7e-24,0,1
"actin filament organization","MMEB9_E3",14,15,3.7e-24,-0.0931094043914815,0.7983
"response to oxygen levels","MMEB9_E3",9,11,3.7e-24,-0.263034405833794,0.5551
"epigenetic regulation of gene expression","MMEB9_E3",4,7,3.7e-24,-0.678071905112638,0.2414
"organelle fusion","MMEB9_E3",5,6,3.7e-24,-0.222392421336448,0.6983
"lipoprotein metabolic process","MMEB9_E3",3,6,3.7e-24,-0.807354922057604,0.1809
"protein lipidation","MMEB9_E3",2,3,3.7e-24,-0.415037499278844,0.6107
"regulation of plasma membrane bounded cell projection assembly","MMEB9_E3",4,7,3.7e-24,-0.678071905112638,0.2163
"regulation of actin filament-based process","MMEB9_E3",15,15,3.7e-24,0,1
"regulation of GTPase activity","MMEB9_E3",9,13,3.7e-24,-0.485426827170242,0.2366
"nuclear envelope organization","MMEB9_E3",0,2,3.7e-24,-1.58496250072116,0.101
"protein autophosphorylation","MMEB9_E3",7,7,3.7e-24,0,1
"connective tissue development","MMEB9_E3",8,9,3.7e-24,-0.15200309344505,0.7412
"cellular response to heat","MMEB9_E3",2,3,3.7e-24,-0.415037499278844,0.6155
"myeloid cell homeostasis","MMEB9_E3",4,5,3.7e-24,-0.263034405833794,0.6715
"regulation of neuron projection development","MMEB9_E3",20,16,3.7e-24,0.304854581528421,0.3763
"receptor metabolic process","MMEB9_E3",1,2,3.7e-24,-0.584962500721156,0.5405
"maintenance of protein location in cell","MMEB9_E3",0,2,3.7e-24,-1.58496250072116,0.0826
"apoptotic mitochondrial changes","MMEB9_E3",1,4,3.7e-24,-1.32192809488736,0.0854
"response to transforming growth factor beta","MMEB9_E3",10,9,3.7e-24,0.137503523749935,0.8702
"neural tube development","MMEB9_E3",1,6,3.7e-24,-1.8073549220576,0.0105
"maintenance of protein location","MMEB9_E3",3,4,3.7e-24,-0.321928094887362,0.6593
"regulation of ubiquitin-protein transferase activity","MMEB9_E3",2,2,3.7e-24,0,1
"cilium assembly","MMEB9_E3",8,14,3.7e-24,-0.736965594166206,0.0701
"mRNA export from nucleus","MMEB9_E3",4,3,3.7e-24,0.321928094887362,0.7804
"regulation of cell-substrate junction organization","MMEB9_E3",1,3,3.7e-24,-1,0.2764
"membrane biogenesis","MMEB9_E3",2,2,3.7e-24,0,1
"cilium organization","MMEB9_E3",9,14,3.7e-24,-0.584962500721156,0.1278
"platelet-derived growth factor receptor signaling pathway","MMEB9_E3",2,3,3.7e-24,-0.415037499278844,0.6262
"iron-sulfur cluster assembly","MMEB9_E3",0,1,3.7e-24,-1,0.4168
"metallo-sulfur cluster assembly","MMEB9_E3",1,1,3.7e-24,0,1
"centromere complex assembly","MMEB9_E3",4,2,3.7e-24,0.736965594166206,0.2734
"cellular response to oxygen levels","MMEB9_E3",1,6,3.7e-24,-1.8073549220576,0.0185
"fatty acid beta-oxidation","MMEB9_E3",4,3,3.7e-24,0.321928094887362,0.7834
"organelle localization by membrane tethering","MMEB9_E3",1,3,3.7e-24,-1,0.2098
"autophagosome maturation","MMEB9_E3",3,2,3.7e-24,0.415037499278844,0.7494
"cellular response to transforming growth factor beta stimulus","MMEB9_E3",5,9,3.7e-24,-0.736965594166206,0.1289
"nucleotide catabolic process","MMEB9_E3",1,3,3.7e-24,-1,0.2149
"tube closure","MMEB9_E3",0,2,3.7e-24,-1.58496250072116,0.0832
"regulation of stem cell differentiation","MMEB9_E3",3,3,3.7e-24,0,1
"substrate adhesion-dependent cell spreading","MMEB9_E3",1,4,3.7e-24,-1.32192809488736,0.0988
"chondrocyte differentiation","MMEB9_E3",1,4,3.7e-24,-1.32192809488736,0.076
"regulation of fibroblast proliferation","MMEB9_E3",3,3,3.7e-24,0,1
"morphogenesis of an epithelial sheet","MMEB9_E3",0,2,3.7e-24,-1.58496250072116,0.1141
"microtubule polymerization","MMEB9_E3",2,3,3.7e-24,-0.415037499278844,0.5873
"response to virus","MMEB9_E3",10,14,3.7e-24,-0.447458976971221,0.2435
"membrane assembly","MMEB9_E3",1,2,3.7e-24,-0.584962500721156,0.5455
"COPII vesicle coating","MMEB9_E3",1,1,3.7e-24,0,1
"erythrocyte differentiation","MMEB9_E3",4,5,3.7e-24,-0.263034405833794,0.6734
"organophosphate catabolic process","MMEB9_E3",1,6,3.7e-24,-1.8073549220576,0.0149
"regulation of embryonic development","MMEB9_E3",5,3,3.7e-24,0.584962500721156,0.3981
"regulation of focal adhesion assembly","MMEB9_E3",0,2,3.7e-24,-1.58496250072116,0.109
"regulation of cell-substrate junction assembly","MMEB9_E3",3,2,3.7e-24,0.415037499278844,0.7324
"regulation of extracellular matrix organization","MMEB9_E3",2,2,3.7e-24,0,1
"GPI anchor biosynthetic process","MMEB9_E3",1,1,3.7e-24,0,1
"lamellipodium organization","MMEB9_E3",2,4,3.7e-24,-0.736965594166206,0.3044
"positive regulation of stem cell population maintenance","MMEB9_E3",2,2,3.7e-24,0,1
"monosaccharide metabolic process","MMEB9_E3",9,9,3.7e-24,0,1
"U2-type prespliceosome assembly","MMEB9_E3",0,1,3.7e-24,-1,0.4199
"heterochromatin formation","MMEB9_E3",2,3,3.7e-24,-0.415037499278844,0.602
"peroxisome organization","MMEB9_E3",1,1,3.7e-24,0,1
"regulation of mitochondrial fission","MMEB9_E3",1,1,3.7e-24,0,1
"cellular pigmentation","MMEB9_E3",0,2,3.7e-24,-1.58496250072116,0.122
"regulation of fibroblast migration","MMEB9_E3",1,1,3.7e-24,0,1
"cellular carbohydrate metabolic process","MMEB9_E3",4,9,3.7e-24,-1,0.0603
"positive regulation of axonogenesis","MMEB9_E3",3,3,3.7e-24,0,1
"kinetochore organization","MMEB9_E3",0,1,3.7e-24,-1,0.5228
"stem cell differentiation","MMEB9_E3",10,8,3.7e-24,0.289506617194985,0.5931
"proton transmembrane transport","MMEB9_E3",4,5,3.7e-24,-0.263034405833794,0.6732
"cellular response to insulin stimulus","MMEB9_E3",5,8,3.7e-24,-0.584962500721156,0.2642
"establishment of mitotic spindle localization","MMEB9_E3",4,2,3.7e-24,0.736965594166206,0.276
"cell redox homeostasis","MMEB9_E3",0,1,3.7e-24,-1,0.4137
"stress granule assembly","MMEB9_E3",2,1,3.7e-24,0.584962500721156,0.6406
"protein neddylation","MMEB9_E3",0,1,3.7e-24,-1,0.4242
"regulation of mitochondrial membrane potential","MMEB9_E3",0,3,3.7e-24,-2,0.0485
"neuron death","MMEB9_E3",10,12,3.7e-24,-0.241008099503795,0.5595
"defense response to virus","MMEB9_E3",7,11,3.7e-24,-0.584962500721156,0.1635
"sulfur compound metabolic process","MMEB9_E3",7,11,3.7e-24,-0.584962500721156,0.155
"NADP metabolic process","MMEB9_E3",0,1,3.7e-24,-1,0.414
"vacuolar acidification","MMEB9_E3",1,1,3.7e-24,0,1
"oligosaccharide-lipid intermediate biosynthetic process","MMEB9_E3",0,1,3.7e-24,-1,0.5071
"lysosomal lumen acidification","MMEB9_E3",2,1,3.7e-24,0.584962500721156,0.6425
"glycosyl compound biosynthetic process","MMEB9_E3",0,0,3.7e-24,0,1
"heart valve development","MMEB9_E3",1,3,3.7e-24,-1,0.2484
"water-soluble vitamin metabolic process","MMEB9_E3",4,2,3.7e-24,0.736965594166206,0.2918
"interferon-beta production","MMEB9_E3",2,2,3.7e-24,0,1
"regulation of interferon-beta production","MMEB9_E3",0,2,3.7e-24,-1.58496250072116,0.1403
"branched-chain amino acid metabolic process","MMEB9_E3",1,1,3.7e-24,0,1
"regulation of mitochondrial membrane permeability","MMEB9_E3",3,3,3.7e-24,0,1
"respiratory tube development","MMEB9_E3",4,7,3.7e-24,-0.678071905112638,0.2177
"cellular senescence","MMEB9_E3",5,4,3.7e-24,0.263034405833794,0.8101
"positive regulation of neurogenesis","MMEB9_E3",6,8,3.7e-24,-0.362570079384708,0.4909
"mitochondrial outer membrane permeabilization","MMEB9_E3",0,1,3.7e-24,-1,0.4159
"immune system development","MMEB9_E3",6,7,3.7e-24,-0.192645077942396,0.7187
"clathrin-dependent endocytosis","MMEB9_E3",1,1,3.7e-24,0,1
"positive regulation of viral process","MMEB9_E3",3,2,3.7e-24,0.415037499278844,0.7311
"bone development","MMEB9_E3",9,8,3.7e-24,0.15200309344505,0.8608
"cell-substrate adhesion","MMEB9_E3",14,12,3.7e-24,0.206450877467426,0.6732
"positive regulation of microtubule polymerization","MMEB9_E3",1,1,3.7e-24,0,1
"pteridine-containing compound metabolic process","MMEB9_E3",1,1,3.7e-24,0,1
"response to arsenic-containing substance","MMEB9_E3",1,1,3.7e-24,0,1
"response to insulin","MMEB9_E3",9,10,3.7e-24,-0.137503523749935,0.7633
"ubiquinone metabolic process","MMEB9_E3",0,1,3.7e-24,-1,0.4317
"cellular response to arsenic-containing substance","MMEB9_E3",1,1,3.7e-24,0,1
"inositol phosphate catabolic process","MMEB9_E3",1,1,3.7e-24,0,1
"telomerase RNA localization to Cajal body","MMEB9_E3",0,0,3.7e-24,0,1
"respiratory system development","MMEB9_E3",5,7,3.7e-24,-0.415037499278844,0.4597
"regulation of generation of precursor metabolites and energy","MMEB9_E3",2,5,3.7e-24,-1,0.1481
"mitochondrial calcium ion homeostasis","MMEB9_E3",1,1,3.7e-24,0,1
"G0 to G1 transition","MMEB9_E3",1,2,3.7e-24,-0.584962500721156,0.5857
"mitochondrial genome maintenance","MMEB9_E3",1,1,3.7e-24,0,1
"release of cytochrome c from mitochondria","MMEB9_E3",3,2,3.7e-24,0.415037499278844,0.7305
"cortical cytoskeleton organization","MMEB9_E3",3,2,3.7e-24,0.415037499278844,0.7301
"response to sterol depletion","MMEB9_E3",1,1,3.7e-24,0,1
"regulation of ncRNA transcription","MMEB9_E3",1,1,3.7e-24,0,1
"mesenchymal cell differentiation","MMEB9_E3",2,9,3.7e-24,-1.73696559416621,0.009
"protein-DNA complex subunit organization","MMEB9_E3",6,9,3.7e-24,-0.514573172829758,0.2871
"response to fluid shear stress","MMEB9_E3",2,1,3.7e-24,0.584962500721156,0.6423
"collagen fibril organization","MMEB9_E3",3,2,3.7e-24,0.415037499278844,0.7373
"roof of mouth development","MMEB9_E3",1,2,3.7e-24,-0.584962500721156,0.5247
"regulation of protein dephosphorylation","MMEB9_E3",2,3,3.7e-24,-0.415037499278844,0.5974
"multicellular organism growth","MMEB9_E3",6,6,3.7e-24,0,1
"miRNA processing","MMEB9_E3",2,2,3.7e-24,0,1
"small molecule catabolic process","MMEB9_E3",10,11,3.7e-24,-0.125530882083859,0.7708
"regulation of G0 to G1 transition","MMEB9_E3",3,1,3.7e-24,1,0.4274
"circadian regulation of gene expression","MMEB9_E3",1,3,3.7e-24,-1,0.2258
"regulation of translational fidelity","MMEB9_E3",1,0,3.7e-24,1,0.4707
"ubiquinone biosynthetic process","MMEB9_E3",1,1,3.7e-24,0,1
"mitochondrial calcium ion transmembrane transport","MMEB9_E3",1,1,3.7e-24,0,1
"quinone biosynthetic process","MMEB9_E3",1,1,3.7e-24,0,1
"viral release from host cell","MMEB9_E3",0,1,3.7e-24,-1,0.4324
"exit from host cell","MMEB9_E3",3,1,3.7e-24,1,0.4421
"positive regulation of GTPase activity","MMEB9_E3",7,8,3.7e-24,-0.169925001442312,0.7328
"regulation of cytokinesis","MMEB9_E3",4,3,3.7e-24,0.321928094887362,0.7834
"mitochondrion localization","MMEB9_E3",2,2,3.7e-24,0,1
"renal system development","MMEB9_E3",7,10,3.7e-24,-0.459431618637297,0.3072
"regulation of cysteine-type endopeptidase activity involved in apoptotic process","MMEB9_E3",5,7,3.7e-24,-0.415037499278844,0.4741
"regulation of cell-substrate adhesion","MMEB9_E3",8,7,3.7e-24,0.169925001442312,0.8535
"centrosome localization","MMEB9_E3",1,1,3.7e-24,0,1
"microtubule organizing center localization","MMEB9_E3",1,1,3.7e-24,0,1
"pinocytosis","MMEB9_E3",1,1,3.7e-24,0,1
"lamellipodium assembly","MMEB9_E3",1,3,3.7e-24,-1,0.2609
"cellular response to sterol depletion","MMEB9_E3",0,1,3.7e-24,-1,0.4736
"placenta development","MMEB9_E3",3,5,3.7e-24,-0.584962500721156,0.3235
"rhythmic process","MMEB9_E3",6,10,3.7e-24,-0.652076696579693,0.1513
"spindle localization","MMEB9_E3",3,3,3.7e-24,0,1
"carbohydrate derivative catabolic process","MMEB9_E3",3,6,3.7e-24,-0.807354922057604,0.1661
"response to amino acid","MMEB9_E3",3,4,3.7e-24,-0.321928094887362,0.6653
"regulation of intracellular steroid hormone receptor signaling pathway","MMEB9_E3",4,3,3.7e-24,0.321928094887362,0.7744
"regulation of neuron death","MMEB9_E3",8,10,3.7e-24,-0.289506617194985,0.5417
"ossification","MMEB9_E3",19,13,3.7e-24,0.514573172829758,0.1743
"mammary gland epithelial cell proliferation","MMEB9_E3",1,1,3.7e-24,0,1
"ribosomal subunit export from nucleus","MMEB9_E3",1,0,3.7e-24,1,0.307
"ribosome localization","MMEB9_E3",1,0,3.7e-24,1,0.4793
"protein transport to vacuole involved in ubiquitin-dependent protein catabolic process via the multivesicular body sorting pathway","MMEB9_E3",0,0,3.7e-24,0,1
"seminiferous tubule development","MMEB9_E3",0,0,3.7e-24,0,1
"cellular response to acid chemical","MMEB9_E3",4,4,3.7e-24,0,1
"positive regulation of kinase activity","MMEB9_E3",13,15,3.7e-24,-0.192645077942396,0.6039
"positive regulation by host of viral process","MMEB9_E3",1,1,3.7e-24,0,1
"mitochondrion morphogenesis","MMEB9_E3",0,1,3.7e-24,-1,0.4975
"regulation of establishment of cell polarity","MMEB9_E3",1,1,3.7e-24,0,1
"cellular lipid catabolic process","MMEB9_E3",5,7,3.7e-24,-0.415037499278844,0.4687
"neuron apoptotic process","MMEB9_E3",6,8,3.7e-24,-0.362570079384708,0.4968
"inner cell mass cell proliferation","MMEB9_E3",0,0,3.7e-24,0,1
"polyamine biosynthetic process","MMEB9_E3",0,1,3.7e-24,-1,0.4851
"folic acid metabolic process","MMEB9_E3",1,1,3.7e-24,0,1
"organelle inheritance","MMEB9_E3",0,0,3.7e-24,0,1
"polyol metabolic process","MMEB9_E3",6,4,3.7e-24,0.485426827170242,0.4545
"regulation of type I interferon-mediated signaling pathway","MMEB9_E3",3,1,3.7e-24,1,0.4158
"intracellular lipid transport","MMEB9_E3",1,2,3.7e-24,-0.584962500721156,0.556
"fat cell differentiation","MMEB9_E3",6,8,3.7e-24,-0.362570079384708,0.4874
"iron ion homeostasis","MMEB9_E3",5,3,3.7e-24,0.584962500721156,0.3814
"negative regulation of cell projection organization","MMEB9_E3",5,6,3.7e-24,-0.222392421336448,0.6985
"dicarboxylic acid metabolic process","MMEB9_E3",2,3,3.7e-24,-0.415037499278844,0.5997
"regulation of anatomical structure size","MMEB9_E3",13,15,3.7e-24,-0.192645077942396,0.6116
"regulation of small molecule metabolic process","MMEB9_E3",11,11,3.7e-24,0,1
"pentose-phosphate shunt","MMEB9_E3",0,1,3.7e-24,-1,0.4664
"pericardium development","MMEB9_E3",0,1,3.7e-24,-1,0.4631
"lysosomal protein catabolic process","MMEB9_E3",0,1,3.7e-24,-1,0.4601
"carbohydrate derivative transport","MMEB9_E3",4,3,3.7e-24,0.321928094887362,0.7808
"alcohol biosynthetic process","MMEB9_E3",3,4,3.7e-24,-0.321928094887362,0.6406
"regulation of membrane permeability","MMEB9_E3",1,3,3.7e-24,-1,0.2455
"signal peptide processing","MMEB9_E3",0,0,3.7e-24,0,1
"UV-damage excision repair","MMEB9_E3",1,0,3.7e-24,1,0.3055
"biological process involved in interaction with host","MMEB9_E3",5,7,3.7e-24,-0.415037499278844,0.472
"body morphogenesis","MMEB9_E3",3,2,3.7e-24,0.415037499278844,0.7389
"extracellular vesicle biogenesis","MMEB9_E3",2,1,3.7e-24,0.584962500721156,0.6327
"negative regulation of defense response to virus","MMEB9_E3",2,1,3.7e-24,0.584962500721156,0.6672
"aminoglycan biosynthetic process","MMEB9_E3",4,2,3.7e-24,0.736965594166206,0.322
"sterol biosynthetic process","MMEB9_E3",3,2,3.7e-24,0.415037499278844,0.7246
"polyamine metabolic process","MMEB9_E3",0,1,3.7e-24,-1,0.5148
"magnesium ion transport","MMEB9_E3",0,1,3.7e-24,-1,0.498
"lamellipodium morphogenesis","MMEB9_E3",1,0,3.7e-24,1,0.4421
"positive regulation of neuron migration","MMEB9_E3",0,1,3.7e-24,-1,0.5292
"regulation of glucose metabolic process","MMEB9_E3",2,3,3.7e-24,-0.415037499278844,0.6035
"monosaccharide biosynthetic process","MMEB9_E3",2,4,3.7e-24,-0.736965594166206,0.2942
"response to acid chemical","MMEB9_E3",7,4,3.7e-24,0.678071905112638,0.3366
"regulation of carbohydrate metabolic process","MMEB9_E3",10,6,3.7e-24,0.652076696579693,0.2311
"positive regulation of nervous system development","MMEB9_E3",6,8,3.7e-24,-0.362570079384708,0.4947
"regulation of circadian rhythm","MMEB9_E3",2,4,3.7e-24,-0.736965594166206,0.2843
"trabecula morphogenesis","MMEB9_E3",0,1,3.7e-24,-1,0.4123
"pigment accumulation","MMEB9_E3",1,0,3.7e-24,1,0.4423
"cellular pigment accumulation","MMEB9_E3",1,0,3.7e-24,1,0.3239
"regulation of pinocytosis","MMEB9_E3",1,0,3.7e-24,1,0.4804
"regulation of ligase activity","MMEB9_E3",0,0,3.7e-24,0,1
"smoothened signaling pathway involved in dorsal/ventral neural tube patterning","MMEB9_E3",2,0,3.7e-24,1.58496250072116,0.1246
"glycosyl compound metabolic process","MMEB9_E3",3,3,3.7e-24,0,1
"substantia nigra development","MMEB9_E3",0,1,3.7e-24,-1,0.4095
"negative regulation of GTPase activity","MMEB9_E3",4,2,3.7e-24,0.736965594166206,0.2713
"axon extension","MMEB9_E3",5,4,3.7e-24,0.263034405833794,0.8027
"positive regulation of epithelial to mesenchymal transition","MMEB9_E3",0,2,3.7e-24,-1.58496250072116,0.1673
"one-carbon metabolic process","MMEB9_E3",2,1,3.7e-24,0.584962500721156,0.6248
"NADPH regeneration","MMEB9_E3",1,1,3.7e-24,0,1
"cellular response to dsRNA","MMEB9_E3",0,1,3.7e-24,-1,0.457
"neuron projection organization","MMEB9_E3",0,3,3.7e-24,-2,0.0537
"postsynapse organization","MMEB9_E3",2,6,3.7e-24,-1.22239242133645,0.0704
"regulation of ketone biosynthetic process","MMEB9_E3",1,1,3.7e-24,0,1
"mitochondrion distribution","MMEB9_E3",0,1,3.7e-24,-1,0.5198
"regulation of autophagosome maturation","MMEB9_E3",1,1,3.7e-24,0,1
"magnesium ion transmembrane transport","MMEB9_E3",0,1,3.7e-24,-1,0.4862
"regulation of cell division","MMEB9_E3",6,6,3.7e-24,0,1
"intermembrane lipid transfer","MMEB9_E3",1,2,3.7e-24,-0.584962500721156,0.5505
"organophosphate ester transport","MMEB9_E3",3,5,3.7e-24,-0.584962500721156,0.3502
"movement in host","MMEB9_E3",5,5,3.7e-24,0,1
"extracellular matrix assembly","MMEB9_E3",2,1,3.7e-24,0.584962500721156,0.6761
"cellular metabolic compound salvage","MMEB9_E3",2,1,3.7e-24,0.584962500721156,0.6429
"regulation of ATP-dependent activity","MMEB9_E3",0,2,3.7e-24,-1.58496250072116,0.0814
"cell migration involved in heart development","MMEB9_E3",0,0,3.7e-24,0,1
"cellular response to fluid shear stress","MMEB9_E3",0,1,3.7e-24,-1,0.5087
"sphingomyelin biosynthetic process","MMEB9_E3",0,0,3.7e-24,0,1
"ether lipid biosynthetic process","MMEB9_E3",0,0,3.7e-24,0,1
"embryonic body morphogenesis","MMEB9_E3",0,0,3.7e-24,0,1
"amino sugar biosynthetic process","MMEB9_E3",0,0,3.7e-24,0,1
"glycerol ether biosynthetic process","MMEB9_E3",0,0,3.7e-24,0,1
"pigmentation","MMEB9_E3",3,4,3.7e-24,-0.321928094887362,0.6501
"cellular response to ketone","MMEB9_E3",2,4,3.7e-24,-0.736965594166206,0.295
"nonribosomal peptide biosynthetic process","MMEB9_E3",1,1,3.7e-24,0,1
"glial cell apoptotic process","MMEB9_E3",2,0,3.7e-24,1.58496250072116,0.1327
"lipoprotein catabolic process","MMEB9_E3",1,1,3.7e-24,0,1
"suppression of viral release by host","MMEB9_E3",0,0,3.7e-24,0,1
"chaperone-mediated autophagy","MMEB9_E3",1,0,3.7e-24,1,0.4552
"regulation of steroid hormone biosynthetic process","MMEB9_E3",1,1,3.7e-24,0,1
"synaptic vesicle lumen acidification","MMEB9_E3",1,0,3.7e-24,1,0.4509
"semaphorin-plexin signaling pathway involved in neuron projection guidance","MMEB9_E3",0,0,3.7e-24,0,1
"regulation of Golgi organization","MMEB9_E3",1,1,3.7e-24,0,1
"Schwann cell differentiation","MMEB9_E3",2,1,3.7e-24,0.584962500721156,0.6622
"neurotrophin signaling pathway","MMEB9_E3",0,1,3.7e-24,-1,0.4233
"regulation of microtubule depolymerization","MMEB9_E3",1,1,3.7e-24,0,1
"basement membrane organization","MMEB9_E3",1,1,3.7e-24,0,1
"establishment or maintenance of epithelial cell apical/basal polarity","MMEB9_E3",1,2,3.7e-24,-0.584962500721156,0.5637
"face development","MMEB9_E3",3,2,3.7e-24,0.415037499278844,0.7275
"osteoblast differentiation","MMEB9_E3",7,8,3.7e-24,-0.169925001442312,0.7362
"appendage development","MMEB9_E3",6,6,3.7e-24,0,1
"limb development","MMEB9_E3",8,7,3.7e-24,0.169925001442312,0.8547
"regulation of ATP metabolic process","MMEB9_E3",0,3,3.7e-24,-2,0.0461
"developmental growth involved in morphogenesis","MMEB9_E3",3,6,3.7e-24,-0.807354922057604,0.1441
"embryonic organ development","MMEB9_E3",9,15,3.7e-24,-0.678071905112638,0.0877
"negative regulation of growth","MMEB9_E3",10,8,3.7e-24,0.289506617194985,0.6008
"microtubule depolymerization","MMEB9_E3",0,1,3.7e-24,-1,0.4254
"heme metabolic process","MMEB9_E3",3,1,3.7e-24,1,0.4068
"regulation of neuron apoptotic process","MMEB9_E3",8,8,3.7e-24,0,1
"plasma membrane tubulation","MMEB9_E3",2,1,3.7e-24,0.584962500721156,0.6301
"exosomal secretion","MMEB9_E3",0,1,3.7e-24,-1,0.4533
"vasculogenesis","MMEB9_E3",3,3,3.7e-24,0,1
"toxin transport","MMEB9_E3",0,1,3.7e-24,-1,0.4061
