"region","sample","obs.mut","sim.mut","sim.mut.normality","log2fc","pvalue"
"ncRNA processing","C1_05_24",5,5,3.7e-24,0,1
"ribosome biogenesis","C1_05_24",2,4,3.7e-24,-0.736965594166206,0.2979
"rRNA metabolic process","C1_05_24",1,4,3.7e-24,-1.32192809488736,0.1144
"proteasome-mediated ubiquitin-dependent protein catabolic process","C1_05_24",6,5,3.7e-24,0.222392421336448,0.8249
"regulation of response to DNA damage stimulus","C1_05_24",5,3,3.7e-24,0.584962500721156,0.4069
"establishment of protein localization to organelle","C1_05_24",5,6,3.7e-24,-0.222392421336448,0.7039
"macroautophagy","C1_05_24",3,3,3.7e-24,0,1
"regulation of chromosome organization","C1_05_24",2,3,3.7e-24,-0.415037499278844,0.5971
"Golgi vesicle transport","C1_05_24",3,4,3.7e-24,-0.321928094887362,0.6403
"double-strand break repair","C1_05_24",3,3,3.7e-24,0,1
"histone modification","C1_05_24",5,4,3.7e-24,0.263034405833794,0.806
"sister chromatid segregation","C1_05_24",3,3,3.7e-24,0,1
"DNA replication","C1_05_24",4,3,3.7e-24,0.321928094887362,0.7859
"chromosome segregation","C1_05_24",6,5,3.7e-24,0.222392421336448,0.8179
"mitochondrial gene expression","C1_05_24",2,2,3.7e-24,0,1
"nucleocytoplasmic transport","C1_05_24",1,4,3.7e-24,-1.32192809488736,0.0757
"nuclear transport","C1_05_24",2,4,3.7e-24,-0.736965594166206,0.2848
"regulation of DNA repair","C1_05_24",2,3,3.7e-24,-0.415037499278844,0.6122
"peptidyl-lysine modification","C1_05_24",7,4,3.7e-24,0.678071905112638,0.3401
"protein targeting","C1_05_24",2,4,3.7e-24,-0.736965594166206,0.2868
"cytoplasmic translation","C1_05_24",1,2,3.7e-24,-0.584962500721156,0.5854
"regulation of autophagy","C1_05_24",4,4,3.7e-24,0,1
"signal transduction in response to DNA damage","C1_05_24",3,2,3.7e-24,0.415037499278844,0.7315
"regulation of intracellular transport","C1_05_24",3,4,3.7e-24,-0.321928094887362,0.6415
"protein localization to nucleus","C1_05_24",4,3,3.7e-24,0.321928094887362,0.7821
"microtubule cytoskeleton organization involved in mitosis","C1_05_24",2,2,3.7e-24,0,1
"telomere maintenance","C1_05_24",1,2,3.7e-24,-0.584962500721156,0.5611
"cell cycle checkpoint signaling","C1_05_24",0,2,3.7e-24,-1.58496250072116,0.1474
"regulation of protein modification by small protein conjugation or removal","C1_05_24",3,3,3.7e-24,0,1
"cellular respiration","C1_05_24",3,2,3.7e-24,0.415037499278844,0.7507
"cellular component disassembly","C1_05_24",3,5,3.7e-24,-0.584962500721156,0.3175
"nuclear chromosome segregation","C1_05_24",1,3,3.7e-24,-1,0.1905
"regulation of protein stability","C1_05_24",3,3,3.7e-24,0,1
"regulation of cell cycle phase transition","C1_05_24",3,5,3.7e-24,-0.584962500721156,0.335
"regulation of protein catabolic process","C1_05_24",3,4,3.7e-24,-0.321928094887362,0.6529
"response to endoplasmic reticulum stress","C1_05_24",2,3,3.7e-24,-0.415037499278844,0.5824
"vesicle organization","C1_05_24",0,4,3.7e-24,-2.32192809488736,0.0186
"mitochondrial respiratory chain complex assembly","C1_05_24",1,1,3.7e-24,0,1
"DNA-templated transcription elongation","C1_05_24",2,2,3.7e-24,0,1
"mitochondrial transport","C1_05_24",3,2,3.7e-24,0.415037499278844,0.734
"establishment of organelle localization","C1_05_24",4,4,3.7e-24,0,1
"regulation of intracellular protein transport","C1_05_24",1,2,3.7e-24,-0.584962500721156,0.5326
"response to UV","C1_05_24",1,2,3.7e-24,-0.584962500721156,0.5595
"RNA localization","C1_05_24",3,2,3.7e-24,0.415037499278844,0.7338
"response to topologically incorrect protein","C1_05_24",4,2,3.7e-24,0.736965594166206,0.2964
"organelle fission","C1_05_24",3,4,3.7e-24,-0.321928094887362,0.643
"non-membrane-bounded organelle assembly","C1_05_24",4,4,3.7e-24,0,1
"protein polyubiquitination","C1_05_24",1,2,3.7e-24,-0.584962500721156,0.5269
"methylation","C1_05_24",3,3,3.7e-24,0,1
"phospholipid biosynthetic process","C1_05_24",3,3,3.7e-24,0,1
"oxidative phosphorylation","C1_05_24",2,1,3.7e-24,0.584962500721156,0.6875
"establishment of protein localization to membrane","C1_05_24",1,2,3.7e-24,-0.584962500721156,0.5279
"in utero embryonic development","C1_05_24",2,4,3.7e-24,-0.736965594166206,0.3073
"vacuole organization","C1_05_24",4,3,3.7e-24,0.321928094887362,0.7793
"nuclear-transcribed mRNA catabolic process","C1_05_24",2,1,3.7e-24,0.584962500721156,0.636
"protein folding","C1_05_24",1,2,3.7e-24,-0.584962500721156,0.5239
"DNA conformation change","C1_05_24",1,1,3.7e-24,0,1
"regulation of chromosome segregation","C1_05_24",3,1,3.7e-24,1,0.4111
"regulation of apoptotic signaling pathway","C1_05_24",3,4,3.7e-24,-0.321928094887362,0.6464
"cell cycle G2/M phase transition","C1_05_24",2,2,3.7e-24,0,1
"vacuolar transport","C1_05_24",0,2,3.7e-24,-1.58496250072116,0.1846
"response to ionizing radiation","C1_05_24",3,2,3.7e-24,0.415037499278844,0.7229
"cellular response to UV","C1_05_24",0,1,3.7e-24,-1,0.4452
"regulation of binding","C1_05_24",4,4,3.7e-24,0,1
"nucleic acid transport","C1_05_24",2,2,3.7e-24,0,1
"RNA transport","C1_05_24",1,1,3.7e-24,0,1
"ribonucleoprotein complex subunit organization","C1_05_24",0,2,3.7e-24,-1.58496250072116,0.0807
"regulation of DNA replication","C1_05_24",2,2,3.7e-24,0,1
"ribose phosphate metabolic process","C1_05_24",2,4,3.7e-24,-0.736965594166206,0.2607
"proton motive force-driven ATP synthesis","C1_05_24",0,1,3.7e-24,-1,0.416
"ribonucleotide metabolic process","C1_05_24",3,5,3.7e-24,-0.584962500721156,0.3557
"telomere organization","C1_05_24",2,2,3.7e-24,0,1
"cellular response to topologically incorrect protein","C1_05_24",0,1,3.7e-24,-1,0.4426
"Golgi organization","C1_05_24",0,1,3.7e-24,-1,0.414
"ribonucleoprotein complex assembly","C1_05_24",3,3,3.7e-24,0,1
"cellular nitrogen compound catabolic process","C1_05_24",3,6,3.7e-24,-0.807354922057604,0.1985
"negative regulation of phosphorus metabolic process","C1_05_24",3,5,3.7e-24,-0.584962500721156,0.3319
"heterocycle catabolic process","C1_05_24",1,4,3.7e-24,-1.32192809488736,0.094
"mitochondrial membrane organization","C1_05_24",2,1,3.7e-24,0.584962500721156,0.6313
"regulation of protein-containing complex assembly","C1_05_24",3,4,3.7e-24,-0.321928094887362,0.6476
"positive regulation of cellular component biogenesis","C1_05_24",1,5,3.7e-24,-1.58496250072116,0.0281
"response to oxidative stress","C1_05_24",6,4,3.7e-24,0.485426827170242,0.4586
"regulation of supramolecular fiber organization","C1_05_24",5,4,3.7e-24,0.263034405833794,0.8067
"positive regulation of protein localization","C1_05_24",1,4,3.7e-24,-1.32192809488736,0.0707
"positive regulation of cell projection organization","C1_05_24",4,4,3.7e-24,0,1
"negative regulation of transferase activity","C1_05_24",2,2,3.7e-24,0,1
"autophagy of mitochondrion","C1_05_24",1,1,3.7e-24,0,1
"positive regulation of amide metabolic process","C1_05_24",1,2,3.7e-24,-0.584962500721156,0.5445
"chromatin remodeling","C1_05_24",5,4,3.7e-24,0.263034405833794,0.807
"viral process","C1_05_24",6,4,3.7e-24,0.485426827170242,0.4549
"macromolecule deacylation","C1_05_24",2,1,3.7e-24,0.584962500721156,0.6849
"mitotic cytokinesis","C1_05_24",0,1,3.7e-24,-1,0.4472
"aromatic compound catabolic process","C1_05_24",2,5,3.7e-24,-1,0.1051
"vesicle localization","C1_05_24",1,2,3.7e-24,-0.584962500721156,0.5298
"establishment or maintenance of cell polarity","C1_05_24",2,2,3.7e-24,0,1
"Wnt signaling pathway","C1_05_24",5,4,3.7e-24,0.263034405833794,0.8151
"cell-cell signaling by wnt","C1_05_24",2,5,3.7e-24,-1,0.1328
"ATP metabolic process","C1_05_24",1,3,3.7e-24,-1,0.2513
"cellular response to chemical stress","C1_05_24",1,3,3.7e-24,-1,0.2008
"regulation of vacuole organization","C1_05_24",0,0,3.7e-24,0,1
"cellular response to external stimulus","C1_05_24",4,3,3.7e-24,0.321928094887362,0.777
"negative regulation of protein phosphorylation","C1_05_24",3,4,3.7e-24,-0.321928094887362,0.6478
"negative regulation of catabolic process","C1_05_24",0,3,3.7e-24,-2,0.0558
"regulation of microtubule cytoskeleton organization","C1_05_24",1,1,3.7e-24,0,1
"chromosome localization","C1_05_24",2,1,3.7e-24,0.584962500721156,0.658
"negative regulation of mitotic nuclear division","C1_05_24",0,0,3.7e-24,0,1
"regulation of actin filament organization","C1_05_24",1,2,3.7e-24,-0.584962500721156,0.5316
"dephosphorylation","C1_05_24",3,3,3.7e-24,0,1
"glycosylation","C1_05_24",1,2,3.7e-24,-0.584962500721156,0.5347
"positive regulation of establishment of protein localization","C1_05_24",5,3,3.7e-24,0.584962500721156,0.4116
"regulation of microtubule-based process","C1_05_24",3,2,3.7e-24,0.415037499278844,0.7366
"cell-substrate junction organization","C1_05_24",0,1,3.7e-24,-1,0.4417
"protein-containing complex localization","C1_05_24",3,2,3.7e-24,0.415037499278844,0.7302
"mitochondrial transmembrane transport","C1_05_24",2,1,3.7e-24,0.584962500721156,0.6367
"stem cell population maintenance","C1_05_24",0,2,3.7e-24,-1.58496250072116,0.1357
"ribosome assembly","C1_05_24",0,1,3.7e-24,-1,0.4791
"intraciliary transport","C1_05_24",0,0,3.7e-24,0,1
"Golgi to plasma membrane protein transport","C1_05_24",0,0,3.7e-24,0,1
"response to amino acid starvation","C1_05_24",0,0,3.7e-24,0,1
"cellular response to extracellular stimulus","C1_05_24",0,3,3.7e-24,-2,0.0642
"cell growth","C1_05_24",5,4,3.7e-24,0.263034405833794,0.8074
"protein glycosylation","C1_05_24",1,2,3.7e-24,-0.584962500721156,0.5296
"macromolecule glycosylation","C1_05_24",2,2,3.7e-24,0,1
"maintenance of cell number","C1_05_24",2,2,3.7e-24,0,1
"response to reactive oxygen species","C1_05_24",1,2,3.7e-24,-0.584962500721156,0.576
"regulation of cell morphogenesis","C1_05_24",3,2,3.7e-24,0.415037499278844,0.7429
"regulation of cellular component size","C1_05_24",6,3,3.7e-24,0.807354922057604,0.2742
"cell-substrate junction assembly","C1_05_24",1,1,3.7e-24,0,1
"membrane fission","C1_05_24",2,1,3.7e-24,0.584962500721156,0.6444
"membrane docking","C1_05_24",0,1,3.7e-24,-1,0.5047
"fibroblast migration","C1_05_24",2,1,3.7e-24,0.584962500721156,0.6525
"nucleus organization","C1_05_24",1,1,3.7e-24,0,1
"regulation of cell growth","C1_05_24",2,4,3.7e-24,-0.736965594166206,0.281
"fibroblast proliferation","C1_05_24",1,1,3.7e-24,0,1
"cell cycle G1/S phase transition","C1_05_24",1,2,3.7e-24,-0.584962500721156,0.5229
"actin filament organization","C1_05_24",3,5,3.7e-24,-0.584962500721156,0.3535
"response to oxygen levels","C1_05_24",3,4,3.7e-24,-0.321928094887362,0.6579
"epigenetic regulation of gene expression","C1_05_24",3,1,3.7e-24,1,0.419
"organelle fusion","C1_05_24",2,1,3.7e-24,0.584962500721156,0.643
"lipoprotein metabolic process","C1_05_24",0,1,3.7e-24,-1,0.4438
"protein lipidation","C1_05_24",1,1,3.7e-24,0,1
"regulation of plasma membrane bounded cell projection assembly","C1_05_24",2,2,3.7e-24,0,1
"regulation of actin filament-based process","C1_05_24",0,4,3.7e-24,-2.32192809488736,0.0209
"regulation of GTPase activity","C1_05_24",1,3,3.7e-24,-1,0.2363
"nuclear envelope organization","C1_05_24",2,0,3.7e-24,1.58496250072116,0.1376
"protein autophosphorylation","C1_05_24",2,2,3.7e-24,0,1
"connective tissue development","C1_05_24",0,3,3.7e-24,-2,0.0596
"cellular response to heat","C1_05_24",0,0,3.7e-24,0,1
"myeloid cell homeostasis","C1_05_24",2,2,3.7e-24,0,1
"regulation of neuron projection development","C1_05_24",4,4,3.7e-24,0,1
"receptor metabolic process","C1_05_24",2,1,3.7e-24,0.584962500721156,0.6439
"maintenance of protein location in cell","C1_05_24",0,0,3.7e-24,0,1
"apoptotic mitochondrial changes","C1_05_24",0,1,3.7e-24,-1,0.4036
"response to transforming growth factor beta","C1_05_24",3,2,3.7e-24,0.415037499278844,0.734
"neural tube development","C1_05_24",2,1,3.7e-24,0.584962500721156,0.6656
"maintenance of protein location","C1_05_24",0,1,3.7e-24,-1,0.436
"regulation of ubiquitin-protein transferase activity","C1_05_24",0,0,3.7e-24,0,1
"cilium assembly","C1_05_24",4,4,3.7e-24,0,1
"mRNA export from nucleus","C1_05_24",0,1,3.7e-24,-1,0.5091
"regulation of cell-substrate junction organization","C1_05_24",0,1,3.7e-24,-1,0.4419
"membrane biogenesis","C1_05_24",0,1,3.7e-24,-1,0.526
"cilium organization","C1_05_24",0,3,3.7e-24,-2,0.0297
"platelet-derived growth factor receptor signaling pathway","C1_05_24",0,0,3.7e-24,0,1
"iron-sulfur cluster assembly","C1_05_24",0,0,3.7e-24,0,1
"metallo-sulfur cluster assembly","C1_05_24",0,0,3.7e-24,0,1
"centromere complex assembly","C1_05_24",0,0,3.7e-24,0,1
"cellular response to oxygen levels","C1_05_24",0,1,3.7e-24,-1,0.4065
"fatty acid beta-oxidation","C1_05_24",1,1,3.7e-24,0,1
"organelle localization by membrane tethering","C1_05_24",1,1,3.7e-24,0,1
"autophagosome maturation","C1_05_24",0,1,3.7e-24,-1,0.4737
"cellular response to transforming growth factor beta stimulus","C1_05_24",3,2,3.7e-24,0.415037499278844,0.736
"nucleotide catabolic process","C1_05_24",0,0,3.7e-24,0,1
"tube closure","C1_05_24",0,1,3.7e-24,-1,0.4479
"regulation of stem cell differentiation","C1_05_24",1,1,3.7e-24,0,1
"substrate adhesion-dependent cell spreading","C1_05_24",0,0,3.7e-24,0,1
"chondrocyte differentiation","C1_05_24",0,1,3.7e-24,-1,0.4296
"regulation of fibroblast proliferation","C1_05_24",1,1,3.7e-24,0,1
"morphogenesis of an epithelial sheet","C1_05_24",0,1,3.7e-24,-1,0.5073
"microtubule polymerization","C1_05_24",1,0,3.7e-24,1,0.4287
"response to virus","C1_05_24",2,3,3.7e-24,-0.415037499278844,0.5939
"membrane assembly","C1_05_24",1,0,3.7e-24,1,0.4507
"COPII vesicle coating","C1_05_24",0,0,3.7e-24,0,1
"erythrocyte differentiation","C1_05_24",1,1,3.7e-24,0,1
"organophosphate catabolic process","C1_05_24",2,2,3.7e-24,0,1
"regulation of embryonic development","C1_05_24",0,1,3.7e-24,-1,0.4597
"regulation of focal adhesion assembly","C1_05_24",0,0,3.7e-24,0,1
"regulation of cell-substrate junction assembly","C1_05_24",0,0,3.7e-24,0,1
"regulation of extracellular matrix organization","C1_05_24",2,0,3.7e-24,1.58496250072116,0.1132
"GPI anchor biosynthetic process","C1_05_24",0,0,3.7e-24,0,1
"lamellipodium organization","C1_05_24",0,1,3.7e-24,-1,0.4876
"positive regulation of stem cell population maintenance","C1_05_24",0,1,3.7e-24,-1,0.5293
"monosaccharide metabolic process","C1_05_24",2,2,3.7e-24,0,1
"U2-type prespliceosome assembly","C1_05_24",0,0,3.7e-24,0,1
"heterochromatin formation","C1_05_24",0,1,3.7e-24,-1,0.4972
"peroxisome organization","C1_05_24",2,0,3.7e-24,1.58496250072116,0.0748
"regulation of mitochondrial fission","C1_05_24",0,0,3.7e-24,0,1
"cellular pigmentation","C1_05_24",1,1,3.7e-24,0,1
"regulation of fibroblast migration","C1_05_24",1,0,3.7e-24,1,0.4177
"cellular carbohydrate metabolic process","C1_05_24",1,3,3.7e-24,-1,0.266
"positive regulation of axonogenesis","C1_05_24",0,1,3.7e-24,-1,0.4742
"kinetochore organization","C1_05_24",0,0,3.7e-24,0,1
"stem cell differentiation","C1_05_24",1,3,3.7e-24,-1,0.2713
"proton transmembrane transport","C1_05_24",1,1,3.7e-24,0,1
"cellular response to insulin stimulus","C1_05_24",2,2,3.7e-24,0,1
"establishment of mitotic spindle localization","C1_05_24",0,0,3.7e-24,0,1
"cell redox homeostasis","C1_05_24",0,0,3.7e-24,0,1
"stress granule assembly","C1_05_24",0,0,3.7e-24,0,1
"protein neddylation","C1_05_24",0,0,3.7e-24,0,1
"regulation of mitochondrial membrane potential","C1_05_24",1,0,3.7e-24,1,0.4472
"neuron death","C1_05_24",5,3,3.7e-24,0.584962500721156,0.3977
"defense response to virus","C1_05_24",3,3,3.7e-24,0,1
"sulfur compound metabolic process","C1_05_24",1,3,3.7e-24,-1,0.218
"NADP metabolic process","C1_05_24",0,0,3.7e-24,0,1
"vacuolar acidification","C1_05_24",0,0,3.7e-24,0,1
"oligosaccharide-lipid intermediate biosynthetic process","C1_05_24",1,0,3.7e-24,1,0.2078
"lysosomal lumen acidification","C1_05_24",0,0,3.7e-24,0,1
"glycosyl compound biosynthetic process","C1_05_24",0,0,3.7e-24,0,1
"heart valve development","C1_05_24",0,1,3.7e-24,-1,0.5277
"water-soluble vitamin metabolic process","C1_05_24",1,0,3.7e-24,1,0.4999
"interferon-beta production","C1_05_24",1,1,3.7e-24,0,1
"regulation of interferon-beta production","C1_05_24",0,0,3.7e-24,0,1
"branched-chain amino acid metabolic process","C1_05_24",1,0,3.7e-24,1,0.2318
"regulation of mitochondrial membrane permeability","C1_05_24",0,0,3.7e-24,0,1
"respiratory tube development","C1_05_24",1,2,3.7e-24,-0.584962500721156,0.5587
"cellular senescence","C1_05_24",2,1,3.7e-24,0.584962500721156,0.6302
"positive regulation of neurogenesis","C1_05_24",1,2,3.7e-24,-0.584962500721156,0.5634
"mitochondrial outer membrane permeabilization","C1_05_24",2,0,3.7e-24,1.58496250072116,0.0979
"immune system development","C1_05_24",1,2,3.7e-24,-0.584962500721156,0.5543
"clathrin-dependent endocytosis","C1_05_24",0,1,3.7e-24,-1,0.4558
"positive regulation of viral process","C1_05_24",0,0,3.7e-24,0,1
"bone development","C1_05_24",2,3,3.7e-24,-0.415037499278844,0.629
"cell-substrate adhesion","C1_05_24",2,3,3.7e-24,-0.415037499278844,0.6087
"positive regulation of microtubule polymerization","C1_05_24",1,0,3.7e-24,1,0.3054
"pteridine-containing compound metabolic process","C1_05_24",1,0,3.7e-24,1,0.3111
"response to arsenic-containing substance","C1_05_24",0,0,3.7e-24,0,1
"response to insulin","C1_05_24",0,2,3.7e-24,-1.58496250072116,0.0865
"ubiquinone metabolic process","C1_05_24",0,0,3.7e-24,0,1
"cellular response to arsenic-containing substance","C1_05_24",0,0,3.7e-24,0,1
"inositol phosphate catabolic process","C1_05_24",0,0,3.7e-24,0,1
"telomerase RNA localization to Cajal body","C1_05_24",0,0,3.7e-24,0,1
"respiratory system development","C1_05_24",1,2,3.7e-24,-0.584962500721156,0.5265
"regulation of generation of precursor metabolites and energy","C1_05_24",0,1,3.7e-24,-1,0.4281
"mitochondrial calcium ion homeostasis","C1_05_24",1,0,3.7e-24,1,0.2951
"G0 to G1 transition","C1_05_24",0,0,3.7e-24,0,1
"mitochondrial genome maintenance","C1_05_24",0,0,3.7e-24,0,1
"release of cytochrome c from mitochondria","C1_05_24",0,0,3.7e-24,0,1
"cortical cytoskeleton organization","C1_05_24",0,0,3.7e-24,0,1
"response to sterol depletion","C1_05_24",0,0,3.7e-24,0,1
"regulation of ncRNA transcription","C1_05_24",0,0,3.7e-24,0,1
"mesenchymal cell differentiation","C1_05_24",1,2,3.7e-24,-0.584962500721156,0.5445
"protein-DNA complex subunit organization","C1_05_24",2,2,3.7e-24,0,1
"response to fluid shear stress","C1_05_24",1,0,3.7e-24,1,0.3077
"collagen fibril organization","C1_05_24",0,0,3.7e-24,0,1
"roof of mouth development","C1_05_24",0,1,3.7e-24,-1,0.4935
"regulation of protein dephosphorylation","C1_05_24",0,1,3.7e-24,-1,0.4943
"multicellular organism growth","C1_05_24",0,1,3.7e-24,-1,0.4218
"miRNA processing","C1_05_24",2,0,3.7e-24,1.58496250072116,0.0444
"small molecule catabolic process","C1_05_24",0,3,3.7e-24,-2,0.0309
"regulation of G0 to G1 transition","C1_05_24",0,0,3.7e-24,0,1
"circadian regulation of gene expression","C1_05_24",1,0,3.7e-24,1,0.4986
"regulation of translational fidelity","C1_05_24",0,0,3.7e-24,0,1
"ubiquinone biosynthetic process","C1_05_24",0,0,3.7e-24,0,1
"mitochondrial calcium ion transmembrane transport","C1_05_24",0,0,3.7e-24,0,1
"quinone biosynthetic process","C1_05_24",0,0,3.7e-24,0,1
"viral release from host cell","C1_05_24",1,0,3.7e-24,1,0.2628
"exit from host cell","C1_05_24",0,0,3.7e-24,0,1
"positive regulation of GTPase activity","C1_05_24",3,3,3.7e-24,0,1
"regulation of cytokinesis","C1_05_24",1,1,3.7e-24,0,1
"mitochondrion localization","C1_05_24",0,0,3.7e-24,0,1
"renal system development","C1_05_24",2,3,3.7e-24,-0.415037499278844,0.6029
"regulation of cysteine-type endopeptidase activity involved in apoptotic process","C1_05_24",1,2,3.7e-24,-0.584962500721156,0.585
"regulation of cell-substrate adhesion","C1_05_24",6,2,3.7e-24,1.22239242133645,0.1284
"centrosome localization","C1_05_24",0,0,3.7e-24,0,1
"microtubule organizing center localization","C1_05_24",0,0,3.7e-24,0,1
"pinocytosis","C1_05_24",0,0,3.7e-24,0,1
"lamellipodium assembly","C1_05_24",1,1,3.7e-24,0,1
"cellular response to sterol depletion","C1_05_24",1,0,3.7e-24,1,0.2045
"placenta development","C1_05_24",2,2,3.7e-24,0,1
"rhythmic process","C1_05_24",1,3,3.7e-24,-1,0.2109
"spindle localization","C1_05_24",1,1,3.7e-24,0,1
"carbohydrate derivative catabolic process","C1_05_24",1,1,3.7e-24,0,1
"response to amino acid","C1_05_24",1,1,3.7e-24,0,1
"regulation of intracellular steroid hormone receptor signaling pathway","C1_05_24",0,0,3.7e-24,0,1
"regulation of neuron death","C1_05_24",1,3,3.7e-24,-1,0.2369
"ossification","C1_05_24",2,4,3.7e-24,-0.736965594166206,0.2779
"mammary gland epithelial cell proliferation","C1_05_24",0,0,3.7e-24,0,1
"ribosomal subunit export from nucleus","C1_05_24",0,0,3.7e-24,0,1
"ribosome localization","C1_05_24",0,0,3.7e-24,0,1
"protein transport to vacuole involved in ubiquitin-dependent protein catabolic process via the multivesicular body sorting pathway","C1_05_24",1,0,3.7e-24,1,0.2588
"seminiferous tubule development","C1_05_24",0,0,3.7e-24,0,1
"cellular response to acid chemical","C1_05_24",1,1,3.7e-24,0,1
"positive regulation of kinase activity","C1_05_24",4,4,3.7e-24,0,1
"positive regulation by host of viral process","C1_05_24",1,0,3.7e-24,1,0.1851
"mitochondrion morphogenesis","C1_05_24",0,0,3.7e-24,0,1
"regulation of establishment of cell polarity","C1_05_24",0,0,3.7e-24,0,1
"cellular lipid catabolic process","C1_05_24",1,2,3.7e-24,-0.584962500721156,0.5773
"neuron apoptotic process","C1_05_24",2,2,3.7e-24,0,1
"inner cell mass cell proliferation","C1_05_24",0,0,3.7e-24,0,1
"polyamine biosynthetic process","C1_05_24",1,0,3.7e-24,1,0.1911
"folic acid metabolic process","C1_05_24",0,0,3.7e-24,0,1
"organelle inheritance","C1_05_24",0,0,3.7e-24,0,1
"polyol metabolic process","C1_05_24",4,1,3.7e-24,1.32192809488736,0.011
"regulation of type I interferon-mediated signaling pathway","C1_05_24",1,0,3.7e-24,1,0.3278
"intracellular lipid transport","C1_05_24",0,0,3.7e-24,0,1
"fat cell differentiation","C1_05_24",2,2,3.7e-24,0,1
"iron ion homeostasis","C1_05_24",2,1,3.7e-24,0.584962500721156,0.6344
"negative regulation of cell projection organization","C1_05_24",0,1,3.7e-24,-1,0.417
"dicarboxylic acid metabolic process","C1_05_24",0,1,3.7e-24,-1,0.5106
"regulation of anatomical structure size","C1_05_24",8,5,3.7e-24,0.584962500721156,0.3895
"regulation of small molecule metabolic process","C1_05_24",2,3,3.7e-24,-0.415037499278844,0.6331
"pentose-phosphate shunt","C1_05_24",0,0,3.7e-24,0,1
"pericardium development","C1_05_24",0,0,3.7e-24,0,1
"lysosomal protein catabolic process","C1_05_24",1,0,3.7e-24,1,0.342
"carbohydrate derivative transport","C1_05_24",0,1,3.7e-24,-1,0.4841
"alcohol biosynthetic process","C1_05_24",0,1,3.7e-24,-1,0.4185
"regulation of membrane permeability","C1_05_24",0,0,3.7e-24,0,1
"signal peptide processing","C1_05_24",0,0,3.7e-24,0,1
"UV-damage excision repair","C1_05_24",0,0,3.7e-24,0,1
"biological process involved in interaction with host","C1_05_24",1,2,3.7e-24,-0.584962500721156,0.5361
"body morphogenesis","C1_05_24",0,0,3.7e-24,0,1
"extracellular vesicle biogenesis","C1_05_24",2,0,3.7e-24,1.58496250072116,0.0726
"negative regulation of defense response to virus","C1_05_24",0,0,3.7e-24,0,1
"aminoglycan biosynthetic process","C1_05_24",2,1,3.7e-24,0.584962500721156,0.636
"sterol biosynthetic process","C1_05_24",0,0,3.7e-24,0,1
"polyamine metabolic process","C1_05_24",0,0,3.7e-24,0,1
"magnesium ion transport","C1_05_24",0,0,3.7e-24,0,1
"lamellipodium morphogenesis","C1_05_24",0,0,3.7e-24,0,1
"positive regulation of neuron migration","C1_05_24",0,0,3.7e-24,0,1
"regulation of glucose metabolic process","C1_05_24",0,1,3.7e-24,-1,0.4928
"monosaccharide biosynthetic process","C1_05_24",0,1,3.7e-24,-1,0.4136
"response to acid chemical","C1_05_24",1,1,3.7e-24,0,1
"regulation of carbohydrate metabolic process","C1_05_24",3,2,3.7e-24,0.415037499278844,0.7279
"positive regulation of nervous system development","C1_05_24",4,2,3.7e-24,0.736965594166206,0.3328
"regulation of circadian rhythm","C1_05_24",0,1,3.7e-24,-1,0.4219
"trabecula morphogenesis","C1_05_24",0,0,3.7e-24,0,1
"pigment accumulation","C1_05_24",0,0,3.7e-24,0,1
"cellular pigment accumulation","C1_05_24",0,0,3.7e-24,0,1
"regulation of pinocytosis","C1_05_24",0,0,3.7e-24,0,1
"regulation of ligase activity","C1_05_24",1,0,3.7e-24,1,0.1528
"smoothened signaling pathway involved in dorsal/ventral neural tube patterning","C1_05_24",0,0,3.7e-24,0,1
"glycosyl compound metabolic process","C1_05_24",0,0,3.7e-24,0,1
"substantia nigra development","C1_05_24",0,0,3.7e-24,0,1
"negative regulation of GTPase activity","C1_05_24",0,0,3.7e-24,0,1
"axon extension","C1_05_24",0,1,3.7e-24,-1,0.4518
"positive regulation of epithelial to mesenchymal transition","C1_05_24",1,0,3.7e-24,1,0.4264
"one-carbon metabolic process","C1_05_24",0,0,3.7e-24,0,1
"NADPH regeneration","C1_05_24",0,0,3.7e-24,0,1
"cellular response to dsRNA","C1_05_24",0,0,3.7e-24,0,1
"neuron projection organization","C1_05_24",0,1,3.7e-24,-1,0.5063
"postsynapse organization","C1_05_24",2,1,3.7e-24,0.584962500721156,0.68
"regulation of ketone biosynthetic process","C1_05_24",0,0,3.7e-24,0,1
"mitochondrion distribution","C1_05_24",0,0,3.7e-24,0,1
"regulation of autophagosome maturation","C1_05_24",0,0,3.7e-24,0,1
"magnesium ion transmembrane transport","C1_05_24",0,0,3.7e-24,0,1
"regulation of cell division","C1_05_24",3,2,3.7e-24,0.415037499278844,0.7342
"intermembrane lipid transfer","C1_05_24",0,0,3.7e-24,0,1
"organophosphate ester transport","C1_05_24",1,1,3.7e-24,0,1
"movement in host","C1_05_24",1,2,3.7e-24,-0.584962500721156,0.5707
"extracellular matrix assembly","C1_05_24",0,0,3.7e-24,0,1
"cellular metabolic compound salvage","C1_05_24",1,0,3.7e-24,1,0.2452
"regulation of ATP-dependent activity","C1_05_24",0,0,3.7e-24,0,1
"cell migration involved in heart development","C1_05_24",0,0,3.7e-24,0,1
"cellular response to fluid shear stress","C1_05_24",0,0,3.7e-24,0,1
"sphingomyelin biosynthetic process","C1_05_24",0,0,3.7e-24,0,1
"ether lipid biosynthetic process","C1_05_24",0,0,3.7e-24,0,1
"embryonic body morphogenesis","C1_05_24",0,0,3.7e-24,0,1
"amino sugar biosynthetic process","C1_05_24",0,0,3.7e-24,0,1
"glycerol ether biosynthetic process","C1_05_24",0,0,3.7e-24,0,1
"pigmentation","C1_05_24",1,1,3.7e-24,0,1
"cellular response to ketone","C1_05_24",2,1,3.7e-24,0.584962500721156,0.6382
"nonribosomal peptide biosynthetic process","C1_05_24",1,0,3.7e-24,1,0.1227
"glial cell apoptotic process","C1_05_24",0,0,3.7e-24,0,1
"lipoprotein catabolic process","C1_05_24",0,0,3.7e-24,0,1
"suppression of viral release by host","C1_05_24",0,0,3.7e-24,0,1
"chaperone-mediated autophagy","C1_05_24",0,0,3.7e-24,0,1
"regulation of steroid hormone biosynthetic process","C1_05_24",0,0,3.7e-24,0,1
"synaptic vesicle lumen acidification","C1_05_24",0,0,3.7e-24,0,1
"semaphorin-plexin signaling pathway involved in neuron projection guidance","C1_05_24",0,0,3.7e-24,0,1
"regulation of Golgi organization","C1_05_24",0,0,3.7e-24,0,1
"Schwann cell differentiation","C1_05_24",0,0,3.7e-24,0,1
"neurotrophin signaling pathway","C1_05_24",0,0,3.7e-24,0,1
"regulation of microtubule depolymerization","C1_05_24",1,0,3.7e-24,1,0.1802
"basement membrane organization","C1_05_24",0,0,3.7e-24,0,1
"establishment or maintenance of epithelial cell apical/basal polarity","C1_05_24",1,0,3.7e-24,1,0.4446
"face development","C1_05_24",0,0,3.7e-24,0,1
"osteoblast differentiation","C1_05_24",1,2,3.7e-24,-0.584962500721156,0.5534
"appendage development","C1_05_24",0,1,3.7e-24,-1,0.419
"limb development","C1_05_24",2,1,3.7e-24,0.584962500721156,0.6785
"regulation of ATP metabolic process","C1_05_24",1,0,3.7e-24,1,0.4245
"developmental growth involved in morphogenesis","C1_05_24",2,2,3.7e-24,0,1
"embryonic organ development","C1_05_24",2,4,3.7e-24,-0.736965594166206,0.2898
"negative regulation of growth","C1_05_24",2,2,3.7e-24,0,1
"microtubule depolymerization","C1_05_24",1,0,3.7e-24,1,0.4513
"heme metabolic process","C1_05_24",0,0,3.7e-24,0,1
"regulation of neuron apoptotic process","C1_05_24",2,2,3.7e-24,0,1
"plasma membrane tubulation","C1_05_24",0,0,3.7e-24,0,1
"exosomal secretion","C1_05_24",1,0,3.7e-24,1,0.2157
"vasculogenesis","C1_05_24",0,0,3.7e-24,0,1
"toxin transport","C1_05_24",0,0,3.7e-24,0,1
"ncRNA processing","C2_05_24",2,4,3.7e-24,-0.736965594166206,0.2883
"ribosome biogenesis","C2_05_24",1,3,3.7e-24,-1,0.2364
"rRNA metabolic process","C2_05_24",4,3,3.7e-24,0.321928094887362,0.7757
"proteasome-mediated ubiquitin-dependent protein catabolic process","C2_05_24",5,4,3.7e-24,0.263034405833794,0.8046
"regulation of response to DNA damage stimulus","C2_05_24",5,3,3.7e-24,0.584962500721156,0.386
"establishment of protein localization to organelle","C2_05_24",2,4,3.7e-24,-0.736965594166206,0.2538
"macroautophagy","C2_05_24",4,2,3.7e-24,0.736965594166206,0.3239
"regulation of chromosome organization","C2_05_24",1,2,3.7e-24,-0.584962500721156,0.5266
"Golgi vesicle transport","C2_05_24",1,3,3.7e-24,-1,0.22
"double-strand break repair","C2_05_24",5,3,3.7e-24,0.584962500721156,0.3829
"histone modification","C2_05_24",3,3,3.7e-24,0,1
"sister chromatid segregation","C2_05_24",1,2,3.7e-24,-0.584962500721156,0.5349
"DNA replication","C2_05_24",2,3,3.7e-24,-0.415037499278844,0.6223
"chromosome segregation","C2_05_24",4,4,3.7e-24,0,1
"mitochondrial gene expression","C2_05_24",2,1,3.7e-24,0.584962500721156,0.6517
"nucleocytoplasmic transport","C2_05_24",4,3,3.7e-24,0.321928094887362,0.7718
"nuclear transport","C2_05_24",2,3,3.7e-24,-0.415037499278844,0.6035
"regulation of DNA repair","C2_05_24",2,2,3.7e-24,0,1
"peptidyl-lysine modification","C2_05_24",5,3,3.7e-24,0.584962500721156,0.4036
"protein targeting","C2_05_24",1,3,3.7e-24,-1,0.2446
"cytoplasmic translation","C2_05_24",2,1,3.7e-24,0.584962500721156,0.6609
"regulation of autophagy","C2_05_24",2,3,3.7e-24,-0.415037499278844,0.6248
"signal transduction in response to DNA damage","C2_05_24",1,1,3.7e-24,0,1
"regulation of intracellular transport","C2_05_24",3,3,3.7e-24,0,1
"protein localization to nucleus","C2_05_24",1,2,3.7e-24,-0.584962500721156,0.5305
"microtubule cytoskeleton organization involved in mitosis","C2_05_24",3,1,3.7e-24,1,0.4122
"telomere maintenance","C2_05_24",0,1,3.7e-24,-1,0.4255
"cell cycle checkpoint signaling","C2_05_24",0,1,3.7e-24,-1,0.4194
"regulation of protein modification by small protein conjugation or removal","C2_05_24",1,2,3.7e-24,-0.584962500721156,0.5496
"cellular respiration","C2_05_24",2,2,3.7e-24,0,1
"cellular component disassembly","C2_05_24",0,4,3.7e-24,-2.32192809488736,0.017
"nuclear chromosome segregation","C2_05_24",1,3,3.7e-24,-1,0.233
"regulation of protein stability","C2_05_24",2,2,3.7e-24,0,1
"regulation of cell cycle phase transition","C2_05_24",4,4,3.7e-24,0,1
"regulation of protein catabolic process","C2_05_24",1,3,3.7e-24,-1,0.2577
"response to endoplasmic reticulum stress","C2_05_24",3,2,3.7e-24,0.415037499278844,0.7467
"vesicle organization","C2_05_24",0,3,3.7e-24,-2,0.0466
"mitochondrial respiratory chain complex assembly","C2_05_24",2,1,3.7e-24,0.584962500721156,0.6247
"DNA-templated transcription elongation","C2_05_24",1,1,3.7e-24,0,1
"mitochondrial transport","C2_05_24",1,1,3.7e-24,0,1
"establishment of organelle localization","C2_05_24",3,3,3.7e-24,0,1
"regulation of intracellular protein transport","C2_05_24",1,1,3.7e-24,0,1
"response to UV","C2_05_24",0,1,3.7e-24,-1,0.4208
"RNA localization","C2_05_24",0,2,3.7e-24,-1.58496250072116,0.175
"response to topologically incorrect protein","C2_05_24",2,1,3.7e-24,0.584962500721156,0.6903
"organelle fission","C2_05_24",2,3,3.7e-24,-0.415037499278844,0.6064
"non-membrane-bounded organelle assembly","C2_05_24",3,3,3.7e-24,0,1
"protein polyubiquitination","C2_05_24",0,2,3.7e-24,-1.58496250072116,0.1171
"methylation","C2_05_24",4,2,3.7e-24,0.736965594166206,0.3337
"phospholipid biosynthetic process","C2_05_24",1,2,3.7e-24,-0.584962500721156,0.537
"oxidative phosphorylation","C2_05_24",1,1,3.7e-24,0,1
"establishment of protein localization to membrane","C2_05_24",1,2,3.7e-24,-0.584962500721156,0.5457
"in utero embryonic development","C2_05_24",2,3,3.7e-24,-0.415037499278844,0.5934
"vacuole organization","C2_05_24",4,2,3.7e-24,0.736965594166206,0.2982
"nuclear-transcribed mRNA catabolic process","C2_05_24",1,1,3.7e-24,0,1
"protein folding","C2_05_24",1,2,3.7e-24,-0.584962500721156,0.5539
"DNA conformation change","C2_05_24",1,1,3.7e-24,0,1
"regulation of chromosome segregation","C2_05_24",2,1,3.7e-24,0.584962500721156,0.6322
"regulation of apoptotic signaling pathway","C2_05_24",2,3,3.7e-24,-0.415037499278844,0.5905
"cell cycle G2/M phase transition","C2_05_24",0,1,3.7e-24,-1,0.4218
"vacuolar transport","C2_05_24",0,1,3.7e-24,-1,0.4145
"response to ionizing radiation","C2_05_24",2,1,3.7e-24,0.584962500721156,0.6678
"cellular response to UV","C2_05_24",2,1,3.7e-24,0.584962500721156,0.6487
"regulation of binding","C2_05_24",2,3,3.7e-24,-0.415037499278844,0.5913
"nucleic acid transport","C2_05_24",2,1,3.7e-24,0.584962500721156,0.6406
"RNA transport","C2_05_24",0,1,3.7e-24,-1,0.4347
"ribonucleoprotein complex subunit organization","C2_05_24",2,2,3.7e-24,0,1
"regulation of DNA replication","C2_05_24",0,1,3.7e-24,-1,0.4233
"ribose phosphate metabolic process","C2_05_24",1,3,3.7e-24,-1,0.1994
"proton motive force-driven ATP synthesis","C2_05_24",1,1,3.7e-24,0,1
"ribonucleotide metabolic process","C2_05_24",2,4,3.7e-24,-0.736965594166206,0.318
"telomere organization","C2_05_24",1,1,3.7e-24,0,1
"cellular response to topologically incorrect protein","C2_05_24",0,1,3.7e-24,-1,0.4953
"Golgi organization","C2_05_24",1,1,3.7e-24,0,1
"ribonucleoprotein complex assembly","C2_05_24",2,2,3.7e-24,0,1
"cellular nitrogen compound catabolic process","C2_05_24",0,4,3.7e-24,-2.32192809488736,0.0142
"negative regulation of phosphorus metabolic process","C2_05_24",3,4,3.7e-24,-0.321928094887362,0.6316
"heterocycle catabolic process","C2_05_24",2,3,3.7e-24,-0.415037499278844,0.5999
"mitochondrial membrane organization","C2_05_24",3,1,3.7e-24,1,0.4624
"regulation of protein-containing complex assembly","C2_05_24",1,3,3.7e-24,-1,0.221
"positive regulation of cellular component biogenesis","C2_05_24",5,4,3.7e-24,0.263034405833794,0.8049
"response to oxidative stress","C2_05_24",6,3,3.7e-24,0.807354922057604,0.2726
"regulation of supramolecular fiber organization","C2_05_24",3,3,3.7e-24,0,1
"positive regulation of protein localization","C2_05_24",4,3,3.7e-24,0.321928094887362,0.7871
"positive regulation of cell projection organization","C2_05_24",2,3,3.7e-24,-0.415037499278844,0.6251
"negative regulation of transferase activity","C2_05_24",2,2,3.7e-24,0,1
"autophagy of mitochondrion","C2_05_24",0,0,3.7e-24,0,1
"positive regulation of amide metabolic process","C2_05_24",2,2,3.7e-24,0,1
"chromatin remodeling","C2_05_24",2,3,3.7e-24,-0.415037499278844,0.5954
"viral process","C2_05_24",4,3,3.7e-24,0.321928094887362,0.7846
"macromolecule deacylation","C2_05_24",0,1,3.7e-24,-1,0.4186
"mitotic cytokinesis","C2_05_24",0,1,3.7e-24,-1,0.4963
"aromatic compound catabolic process","C2_05_24",3,4,3.7e-24,-0.321928094887362,0.6437
"vesicle localization","C2_05_24",3,1,3.7e-24,1,0.4073
"establishment or maintenance of cell polarity","C2_05_24",0,1,3.7e-24,-1,0.4103
"Wnt signaling pathway","C2_05_24",4,3,3.7e-24,0.321928094887362,0.7854
"cell-cell signaling by wnt","C2_05_24",7,3,3.7e-24,1,0.2041
"ATP metabolic process","C2_05_24",2,1,3.7e-24,0.584962500721156,0.6775
"cellular response to chemical stress","C2_05_24",2,2,3.7e-24,0,1
"regulation of vacuole organization","C2_05_24",0,0,3.7e-24,0,1
"cellular response to external stimulus","C2_05_24",0,2,3.7e-24,-1.58496250072116,0.1013
"negative regulation of protein phosphorylation","C2_05_24",2,3,3.7e-24,-0.415037499278844,0.6012
"negative regulation of catabolic process","C2_05_24",0,2,3.7e-24,-1.58496250072116,0.1079
"regulation of microtubule cytoskeleton organization","C2_05_24",1,1,3.7e-24,0,1
"chromosome localization","C2_05_24",1,1,3.7e-24,0,1
"negative regulation of mitotic nuclear division","C2_05_24",0,0,3.7e-24,0,1
"regulation of actin filament organization","C2_05_24",0,2,3.7e-24,-1.58496250072116,0.1676
"dephosphorylation","C2_05_24",2,3,3.7e-24,-0.415037499278844,0.6181
"glycosylation","C2_05_24",2,2,3.7e-24,0,1
"positive regulation of establishment of protein localization","C2_05_24",0,2,3.7e-24,-1.58496250072116,0.0803
"regulation of microtubule-based process","C2_05_24",3,2,3.7e-24,0.415037499278844,0.7339
"cell-substrate junction organization","C2_05_24",1,1,3.7e-24,0,1
"protein-containing complex localization","C2_05_24",1,2,3.7e-24,-0.584962500721156,0.5706
"mitochondrial transmembrane transport","C2_05_24",1,0,3.7e-24,1,0.4396
"stem cell population maintenance","C2_05_24",1,1,3.7e-24,0,1
"ribosome assembly","C2_05_24",0,0,3.7e-24,0,1
"intraciliary transport","C2_05_24",0,0,3.7e-24,0,1
"Golgi to plasma membrane protein transport","C2_05_24",1,0,3.7e-24,1,0.2436
"response to amino acid starvation","C2_05_24",0,0,3.7e-24,0,1
"cellular response to extracellular stimulus","C2_05_24",1,2,3.7e-24,-0.584962500721156,0.5374
"cell growth","C2_05_24",0,3,3.7e-24,-2,0.0456
"protein glycosylation","C2_05_24",3,1,3.7e-24,1,0.4226
"macromolecule glycosylation","C2_05_24",0,2,3.7e-24,-1.58496250072116,0.1085
"maintenance of cell number","C2_05_24",1,2,3.7e-24,-0.584962500721156,0.5789
"response to reactive oxygen species","C2_05_24",2,1,3.7e-24,0.584962500721156,0.641
"regulation of cell morphogenesis","C2_05_24",1,2,3.7e-24,-0.584962500721156,0.571
"regulation of cellular component size","C2_05_24",5,2,3.7e-24,1,0.1923
"cell-substrate junction assembly","C2_05_24",2,1,3.7e-24,0.584962500721156,0.6456
"membrane fission","C2_05_24",2,0,3.7e-24,1.58496250072116,0.1359
"membrane docking","C2_05_24",1,0,3.7e-24,1,0.4961
"fibroblast migration","C2_05_24",1,0,3.7e-24,1,0.445
"nucleus organization","C2_05_24",1,1,3.7e-24,0,1
"regulation of cell growth","C2_05_24",2,3,3.7e-24,-0.415037499278844,0.606
"fibroblast proliferation","C2_05_24",1,1,3.7e-24,0,1
"cell cycle G1/S phase transition","C2_05_24",0,1,3.7e-24,-1,0.4158
"actin filament organization","C2_05_24",0,3,3.7e-24,-2,0.0277
"response to oxygen levels","C2_05_24",2,3,3.7e-24,-0.415037499278844,0.6049
"epigenetic regulation of gene expression","C2_05_24",0,1,3.7e-24,-1,0.4455
"organelle fusion","C2_05_24",1,1,3.7e-24,0,1
"lipoprotein metabolic process","C2_05_24",1,1,3.7e-24,0,1
"protein lipidation","C2_05_24",1,1,3.7e-24,0,1
"regulation of plasma membrane bounded cell projection assembly","C2_05_24",0,1,3.7e-24,-1,0.4061
"regulation of actin filament-based process","C2_05_24",1,3,3.7e-24,-1,0.2606
"regulation of GTPase activity","C2_05_24",0,2,3.7e-24,-1.58496250072116,0.1079
"nuclear envelope organization","C2_05_24",0,0,3.7e-24,0,1
"protein autophosphorylation","C2_05_24",1,1,3.7e-24,0,1
"connective tissue development","C2_05_24",0,2,3.7e-24,-1.58496250072116,0.1278
"cellular response to heat","C2_05_24",0,0,3.7e-24,0,1
"myeloid cell homeostasis","C2_05_24",3,1,3.7e-24,1,0.415
"regulation of neuron projection development","C2_05_24",2,3,3.7e-24,-0.415037499278844,0.6038
"receptor metabolic process","C2_05_24",1,0,3.7e-24,1,0.4506
"maintenance of protein location in cell","C2_05_24",0,0,3.7e-24,0,1
"apoptotic mitochondrial changes","C2_05_24",1,1,3.7e-24,0,1
"response to transforming growth factor beta","C2_05_24",2,2,3.7e-24,0,1
"neural tube development","C2_05_24",1,1,3.7e-24,0,1
"maintenance of protein location","C2_05_24",0,1,3.7e-24,-1,0.4581
"regulation of ubiquitin-protein transferase activity","C2_05_24",0,0,3.7e-24,0,1
"cilium assembly","C2_05_24",4,3,3.7e-24,0.321928094887362,0.7792
"mRNA export from nucleus","C2_05_24",0,0,3.7e-24,0,1
"regulation of cell-substrate junction organization","C2_05_24",0,0,3.7e-24,0,1
"membrane biogenesis","C2_05_24",1,0,3.7e-24,1,0.3782
"cilium organization","C2_05_24",0,3,3.7e-24,-2,0.0662
"platelet-derived growth factor receptor signaling pathway","C2_05_24",0,0,3.7e-24,0,1
"iron-sulfur cluster assembly","C2_05_24",0,0,3.7e-24,0,1
"metallo-sulfur cluster assembly","C2_05_24",0,0,3.7e-24,0,1
"centromere complex assembly","C2_05_24",0,0,3.7e-24,0,1
"cellular response to oxygen levels","C2_05_24",0,1,3.7e-24,-1,0.4501
"fatty acid beta-oxidation","C2_05_24",0,0,3.7e-24,0,1
"organelle localization by membrane tethering","C2_05_24",0,1,3.7e-24,-1,0.4851
"autophagosome maturation","C2_05_24",0,0,3.7e-24,0,1
"cellular response to transforming growth factor beta stimulus","C2_05_24",3,1,3.7e-24,1,0.4212
"nucleotide catabolic process","C2_05_24",1,0,3.7e-24,1,0.3748
"tube closure","C2_05_24",0,1,3.7e-24,-1,0.5008
"regulation of stem cell differentiation","C2_05_24",0,0,3.7e-24,0,1
"substrate adhesion-dependent cell spreading","C2_05_24",0,0,3.7e-24,0,1
"chondrocyte differentiation","C2_05_24",1,1,3.7e-24,0,1
"regulation of fibroblast proliferation","C2_05_24",0,1,3.7e-24,-1,0.467
"morphogenesis of an epithelial sheet","C2_05_24",0,1,3.7e-24,-1,0.5136
"microtubule polymerization","C2_05_24",1,0,3.7e-24,1,0.3765
"response to virus","C2_05_24",3,2,3.7e-24,0.415037499278844,0.7402
"membrane assembly","C2_05_24",0,0,3.7e-24,0,1
"COPII vesicle coating","C2_05_24",0,0,3.7e-24,0,1
"erythrocyte differentiation","C2_05_24",0,1,3.7e-24,-1,0.4938
"organophosphate catabolic process","C2_05_24",0,1,3.7e-24,-1,0.415
"regulation of embryonic development","C2_05_24",0,0,3.7e-24,0,1
"regulation of focal adhesion assembly","C2_05_24",0,0,3.7e-24,0,1
"regulation of cell-substrate junction assembly","C2_05_24",0,0,3.7e-24,0,1
"regulation of extracellular matrix organization","C2_05_24",0,0,3.7e-24,0,1
"GPI anchor biosynthetic process","C2_05_24",0,0,3.7e-24,0,1
"lamellipodium organization","C2_05_24",1,1,3.7e-24,0,1
"positive regulation of stem cell population maintenance","C2_05_24",1,0,3.7e-24,1,0.3963
"monosaccharide metabolic process","C2_05_24",1,2,3.7e-24,-0.584962500721156,0.5759
"U2-type prespliceosome assembly","C2_05_24",1,0,3.7e-24,1,0.2091
"heterochromatin formation","C2_05_24",1,0,3.7e-24,1,0.446
"peroxisome organization","C2_05_24",1,0,3.7e-24,1,0.3019
"regulation of mitochondrial fission","C2_05_24",1,0,3.7e-24,1,0.2252
"cellular pigmentation","C2_05_24",2,1,3.7e-24,0.584962500721156,0.6378
"regulation of fibroblast migration","C2_05_24",0,0,3.7e-24,0,1
"cellular carbohydrate metabolic process","C2_05_24",1,2,3.7e-24,-0.584962500721156,0.5404
"positive regulation of axonogenesis","C2_05_24",0,0,3.7e-24,0,1
"kinetochore organization","C2_05_24",0,0,3.7e-24,0,1
"stem cell differentiation","C2_05_24",5,2,3.7e-24,1,0.184
"proton transmembrane transport","C2_05_24",0,1,3.7e-24,-1,0.4945
"cellular response to insulin stimulus","C2_05_24",0,1,3.7e-24,-1,0.4099
"establishment of mitotic spindle localization","C2_05_24",0,0,3.7e-24,0,1
"cell redox homeostasis","C2_05_24",0,0,3.7e-24,0,1
"stress granule assembly","C2_05_24",0,0,3.7e-24,0,1
"protein neddylation","C2_05_24",0,0,3.7e-24,0,1
"regulation of mitochondrial membrane potential","C2_05_24",0,0,3.7e-24,0,1
"neuron death","C2_05_24",4,2,3.7e-24,0.736965594166206,0.3053
"defense response to virus","C2_05_24",1,2,3.7e-24,-0.584962500721156,0.5303
"sulfur compound metabolic process","C2_05_24",4,2,3.7e-24,0.736965594166206,0.3111
"NADP metabolic process","C2_05_24",0,0,3.7e-24,0,1
"vacuolar acidification","C2_05_24",0,0,3.7e-24,0,1
"oligosaccharide-lipid intermediate biosynthetic process","C2_05_24",0,0,3.7e-24,0,1
"lysosomal lumen acidification","C2_05_24",0,0,3.7e-24,0,1
"glycosyl compound biosynthetic process","C2_05_24",0,0,3.7e-24,0,1
"heart valve development","C2_05_24",0,0,3.7e-24,0,1
"water-soluble vitamin metabolic process","C2_05_24",0,0,3.7e-24,0,1
"interferon-beta production","C2_05_24",0,0,3.7e-24,0,1
"regulation of interferon-beta production","C2_05_24",0,0,3.7e-24,0,1
"branched-chain amino acid metabolic process","C2_05_24",0,0,3.7e-24,0,1
"regulation of mitochondrial membrane permeability","C2_05_24",0,0,3.7e-24,0,1
"respiratory tube development","C2_05_24",2,1,3.7e-24,0.584962500721156,0.6613
"cellular senescence","C2_05_24",1,1,3.7e-24,0,1
"positive regulation of neurogenesis","C2_05_24",0,1,3.7e-24,-1,0.4105
"mitochondrial outer membrane permeabilization","C2_05_24",0,0,3.7e-24,0,1
"immune system development","C2_05_24",1,1,3.7e-24,0,1
"clathrin-dependent endocytosis","C2_05_24",1,0,3.7e-24,1,0.4277
"positive regulation of viral process","C2_05_24",0,0,3.7e-24,0,1
"bone development","C2_05_24",1,2,3.7e-24,-0.584962500721156,0.5508
"cell-substrate adhesion","C2_05_24",0,2,3.7e-24,-1.58496250072116,0.0982
"positive regulation of microtubule polymerization","C2_05_24",0,0,3.7e-24,0,1
"pteridine-containing compound metabolic process","C2_05_24",0,0,3.7e-24,0,1
"response to arsenic-containing substance","C2_05_24",1,0,3.7e-24,1,0.308
"response to insulin","C2_05_24",1,2,3.7e-24,-0.584962500721156,0.5401
"ubiquinone metabolic process","C2_05_24",0,0,3.7e-24,0,1
"cellular response to arsenic-containing substance","C2_05_24",1,0,3.7e-24,1,0.1619
"inositol phosphate catabolic process","C2_05_24",0,0,3.7e-24,0,1
"telomerase RNA localization to Cajal body","C2_05_24",0,0,3.7e-24,0,1
"respiratory system development","C2_05_24",0,1,3.7e-24,-1,0.4193
"regulation of generation of precursor metabolites and energy","C2_05_24",1,1,3.7e-24,0,1
"mitochondrial calcium ion homeostasis","C2_05_24",0,0,3.7e-24,0,1
"G0 to G1 transition","C2_05_24",0,0,3.7e-24,0,1
"mitochondrial genome maintenance","C2_05_24",0,0,3.7e-24,0,1
"release of cytochrome c from mitochondria","C2_05_24",0,0,3.7e-24,0,1
"cortical cytoskeleton organization","C2_05_24",0,0,3.7e-24,0,1
"response to sterol depletion","C2_05_24",0,0,3.7e-24,0,1
"regulation of ncRNA transcription","C2_05_24",0,0,3.7e-24,0,1
"mesenchymal cell differentiation","C2_05_24",0,1,3.7e-24,-1,0.4158
"protein-DNA complex subunit organization","C2_05_24",2,2,3.7e-24,0,1
"response to fluid shear stress","C2_05_24",1,0,3.7e-24,1,0.251
"collagen fibril organization","C2_05_24",0,0,3.7e-24,0,1
"roof of mouth development","C2_05_24",1,0,3.7e-24,1,0.4476
"regulation of protein dephosphorylation","C2_05_24",0,0,3.7e-24,0,1
"multicellular organism growth","C2_05_24",2,1,3.7e-24,0.584962500721156,0.6352
"miRNA processing","C2_05_24",0,0,3.7e-24,0,1
"small molecule catabolic process","C2_05_24",4,3,3.7e-24,0.321928094887362,0.7758
"regulation of G0 to G1 transition","C2_05_24",0,0,3.7e-24,0,1
"circadian regulation of gene expression","C2_05_24",0,0,3.7e-24,0,1
"regulation of translational fidelity","C2_05_24",2,0,3.7e-24,1.58496250072116,0.0032
"ubiquinone biosynthetic process","C2_05_24",0,0,3.7e-24,0,1
"mitochondrial calcium ion transmembrane transport","C2_05_24",0,0,3.7e-24,0,1
"quinone biosynthetic process","C2_05_24",0,0,3.7e-24,0,1
"viral release from host cell","C2_05_24",0,0,3.7e-24,0,1
"exit from host cell","C2_05_24",0,0,3.7e-24,0,1
"positive regulation of GTPase activity","C2_05_24",3,2,3.7e-24,0.415037499278844,0.7343
"regulation of cytokinesis","C2_05_24",0,1,3.7e-24,-1,0.4805
"mitochondrion localization","C2_05_24",0,0,3.7e-24,0,1
"renal system development","C2_05_24",2,2,3.7e-24,0,1
"regulation of cysteine-type endopeptidase activity involved in apoptotic process","C2_05_24",0,1,3.7e-24,-1,0.4115
"regulation of cell-substrate adhesion","C2_05_24",1,1,3.7e-24,0,1
"centrosome localization","C2_05_24",1,0,3.7e-24,1,0.2017
"microtubule organizing center localization","C2_05_24",0,0,3.7e-24,0,1
"pinocytosis","C2_05_24",0,0,3.7e-24,0,1
"lamellipodium assembly","C2_05_24",0,1,3.7e-24,-1,0.4945
"cellular response to sterol depletion","C2_05_24",0,0,3.7e-24,0,1
"placenta development","C2_05_24",0,1,3.7e-24,-1,0.4349
"rhythmic process","C2_05_24",0,2,3.7e-24,-1.58496250072116,0.0793
"spindle localization","C2_05_24",0,0,3.7e-24,0,1
"carbohydrate derivative catabolic process","C2_05_24",2,1,3.7e-24,0.584962500721156,0.6355
"response to amino acid","C2_05_24",0,1,3.7e-24,-1,0.4324
"regulation of intracellular steroid hormone receptor signaling pathway","C2_05_24",1,0,3.7e-24,1,0.28
"regulation of neuron death","C2_05_24",1,2,3.7e-24,-0.584962500721156,0.5349
"ossification","C2_05_24",3,3,3.7e-24,0,1
"mammary gland epithelial cell proliferation","C2_05_24",0,0,3.7e-24,0,1
"ribosomal subunit export from nucleus","C2_05_24",0,0,3.7e-24,0,1
"ribosome localization","C2_05_24",0,0,3.7e-24,0,1
"protein transport to vacuole involved in ubiquitin-dependent protein catabolic process via the multivesicular body sorting pathway","C2_05_24",1,0,3.7e-24,1,0.2098
"seminiferous tubule development","C2_05_24",0,0,3.7e-24,0,1
"cellular response to acid chemical","C2_05_24",0,1,3.7e-24,-1,0.4441
"positive regulation of kinase activity","C2_05_24",2,3,3.7e-24,-0.415037499278844,0.5951
"positive regulation by host of viral process","C2_05_24",0,0,3.7e-24,0,1
"mitochondrion morphogenesis","C2_05_24",0,0,3.7e-24,0,1
"regulation of establishment of cell polarity","C2_05_24",0,0,3.7e-24,0,1
"cellular lipid catabolic process","C2_05_24",3,1,3.7e-24,1,0.4128
"neuron apoptotic process","C2_05_24",1,2,3.7e-24,-0.584962500721156,0.5372
"inner cell mass cell proliferation","C2_05_24",0,0,3.7e-24,0,1
"polyamine biosynthetic process","C2_05_24",0,0,3.7e-24,0,1
"folic acid metabolic process","C2_05_24",0,0,3.7e-24,0,1
"organelle inheritance","C2_05_24",0,0,3.7e-24,0,1
"polyol metabolic process","C2_05_24",0,0,3.7e-24,0,1
"regulation of type I interferon-mediated signaling pathway","C2_05_24",0,0,3.7e-24,0,1
"intracellular lipid transport","C2_05_24",0,0,3.7e-24,0,1
"fat cell differentiation","C2_05_24",2,2,3.7e-24,0,1
"iron ion homeostasis","C2_05_24",0,0,3.7e-24,0,1
"negative regulation of cell projection organization","C2_05_24",0,1,3.7e-24,-1,0.4279
"dicarboxylic acid metabolic process","C2_05_24",1,0,3.7e-24,1,0.4488
"regulation of anatomical structure size","C2_05_24",2,3,3.7e-24,-0.415037499278844,0.5902
"regulation of small molecule metabolic process","C2_05_24",1,2,3.7e-24,-0.584962500721156,0.5248
"pentose-phosphate shunt","C2_05_24",0,0,3.7e-24,0,1
"pericardium development","C2_05_24",0,0,3.7e-24,0,1
"lysosomal protein catabolic process","C2_05_24",0,0,3.7e-24,0,1
"carbohydrate derivative transport","C2_05_24",1,0,3.7e-24,1,0.4639
"alcohol biosynthetic process","C2_05_24",2,1,3.7e-24,0.584962500721156,0.635
"regulation of membrane permeability","C2_05_24",0,0,3.7e-24,0,1
"signal peptide processing","C2_05_24",0,0,3.7e-24,0,1
"UV-damage excision repair","C2_05_24",0,0,3.7e-24,0,1
"biological process involved in interaction with host","C2_05_24",1,1,3.7e-24,0,1
"body morphogenesis","C2_05_24",0,0,3.7e-24,0,1
"extracellular vesicle biogenesis","C2_05_24",0,0,3.7e-24,0,1
"negative regulation of defense response to virus","C2_05_24",0,0,3.7e-24,0,1
"aminoglycan biosynthetic process","C2_05_24",0,0,3.7e-24,0,1
"sterol biosynthetic process","C2_05_24",0,0,3.7e-24,0,1
"polyamine metabolic process","C2_05_24",0,0,3.7e-24,0,1
"magnesium ion transport","C2_05_24",0,0,3.7e-24,0,1
"lamellipodium morphogenesis","C2_05_24",0,0,3.7e-24,0,1
"positive regulation of neuron migration","C2_05_24",0,0,3.7e-24,0,1
"regulation of glucose metabolic process","C2_05_24",1,0,3.7e-24,1,0.4039
"monosaccharide biosynthetic process","C2_05_24",0,1,3.7e-24,-1,0.4858
"response to acid chemical","C2_05_24",0,1,3.7e-24,-1,0.4858
"regulation of carbohydrate metabolic process","C2_05_24",0,1,3.7e-24,-1,0.4219
"positive regulation of nervous system development","C2_05_24",1,2,3.7e-24,-0.584962500721156,0.5635
"regulation of circadian rhythm","C2_05_24",0,1,3.7e-24,-1,0.4718
"trabecula morphogenesis","C2_05_24",0,0,3.7e-24,0,1
"pigment accumulation","C2_05_24",0,0,3.7e-24,0,1
"cellular pigment accumulation","C2_05_24",0,0,3.7e-24,0,1
"regulation of pinocytosis","C2_05_24",0,0,3.7e-24,0,1
"regulation of ligase activity","C2_05_24",0,0,3.7e-24,0,1
"smoothened signaling pathway involved in dorsal/ventral neural tube patterning","C2_05_24",0,0,3.7e-24,0,1
"glycosyl compound metabolic process","C2_05_24",1,0,3.7e-24,1,0.3117
"substantia nigra development","C2_05_24",0,0,3.7e-24,0,1
"negative regulation of GTPase activity","C2_05_24",0,0,3.7e-24,0,1
"axon extension","C2_05_24",1,1,3.7e-24,0,1
"positive regulation of epithelial to mesenchymal transition","C2_05_24",0,0,3.7e-24,0,1
"one-carbon metabolic process","C2_05_24",0,0,3.7e-24,0,1
"NADPH regeneration","C2_05_24",0,0,3.7e-24,0,1
"cellular response to dsRNA","C2_05_24",0,0,3.7e-24,0,1
"neuron projection organization","C2_05_24",1,0,3.7e-24,1,0.4673
"postsynapse organization","C2_05_24",1,1,3.7e-24,0,1
"regulation of ketone biosynthetic process","C2_05_24",0,0,3.7e-24,0,1
"mitochondrion distribution","C2_05_24",0,0,3.7e-24,0,1
"regulation of autophagosome maturation","C2_05_24",0,0,3.7e-24,0,1
"magnesium ion transmembrane transport","C2_05_24",0,0,3.7e-24,0,1
"regulation of cell division","C2_05_24",0,1,3.7e-24,-1,0.4223
"intermembrane lipid transfer","C2_05_24",1,0,3.7e-24,1,0.3337
"organophosphate ester transport","C2_05_24",0,1,3.7e-24,-1,0.4345
"movement in host","C2_05_24",2,1,3.7e-24,0.584962500721156,0.6613
"extracellular matrix assembly","C2_05_24",1,0,3.7e-24,1,0.2399
"cellular metabolic compound salvage","C2_05_24",0,0,3.7e-24,0,1
"regulation of ATP-dependent activity","C2_05_24",0,0,3.7e-24,0,1
"cell migration involved in heart development","C2_05_24",0,0,3.7e-24,0,1
"cellular response to fluid shear stress","C2_05_24",0,0,3.7e-24,0,1
"sphingomyelin biosynthetic process","C2_05_24",0,0,3.7e-24,0,1
"ether lipid biosynthetic process","C2_05_24",0,0,3.7e-24,0,1
"embryonic body morphogenesis","C2_05_24",0,0,3.7e-24,0,1
"amino sugar biosynthetic process","C2_05_24",0,0,3.7e-24,0,1
"glycerol ether biosynthetic process","C2_05_24",0,0,3.7e-24,0,1
"pigmentation","C2_05_24",0,1,3.7e-24,-1,0.4804
"cellular response to ketone","C2_05_24",0,1,3.7e-24,-1,0.466
"nonribosomal peptide biosynthetic process","C2_05_24",0,0,3.7e-24,0,1
"glial cell apoptotic process","C2_05_24",0,0,3.7e-24,0,1
"lipoprotein catabolic process","C2_05_24",0,0,3.7e-24,0,1
"suppression of viral release by host","C2_05_24",0,0,3.7e-24,0,1
"chaperone-mediated autophagy","C2_05_24",0,0,3.7e-24,0,1
"regulation of steroid hormone biosynthetic process","C2_05_24",0,0,3.7e-24,0,1
"synaptic vesicle lumen acidification","C2_05_24",0,0,3.7e-24,0,1
"semaphorin-plexin signaling pathway involved in neuron projection guidance","C2_05_24",0,0,3.7e-24,0,1
"regulation of Golgi organization","C2_05_24",0,0,3.7e-24,0,1
"Schwann cell differentiation","C2_05_24",1,0,3.7e-24,1,0.2121
"neurotrophin signaling pathway","C2_05_24",0,0,3.7e-24,0,1
"regulation of microtubule depolymerization","C2_05_24",0,0,3.7e-24,0,1
"basement membrane organization","C2_05_24",1,0,3.7e-24,1,0.2764
"establishment or maintenance of epithelial cell apical/basal polarity","C2_05_24",1,0,3.7e-24,1,0.375
"face development","C2_05_24",0,0,3.7e-24,0,1
"osteoblast differentiation","C2_05_24",1,1,3.7e-24,0,1
"appendage development","C2_05_24",0,1,3.7e-24,-1,0.4197
"limb development","C2_05_24",0,1,3.7e-24,-1,0.4361
"regulation of ATP metabolic process","C2_05_24",0,0,3.7e-24,0,1
"developmental growth involved in morphogenesis","C2_05_24",2,1,3.7e-24,0.584962500721156,0.6707
"embryonic organ development","C2_05_24",2,3,3.7e-24,-0.415037499278844,0.6038
"negative regulation of growth","C2_05_24",1,1,3.7e-24,0,1
"microtubule depolymerization","C2_05_24",1,0,3.7e-24,1,0.366
"heme metabolic process","C2_05_24",0,0,3.7e-24,0,1
"regulation of neuron apoptotic process","C2_05_24",0,2,3.7e-24,-1.58496250072116,0.1709
"plasma membrane tubulation","C2_05_24",0,0,3.7e-24,0,1
"exosomal secretion","C2_05_24",0,0,3.7e-24,0,1
"vasculogenesis","C2_05_24",1,0,3.7e-24,1,0.3799
"toxin transport","C2_05_24",0,0,3.7e-24,0,1
"ncRNA processing","C3_05_24",3,4,3.7e-24,-0.321928094887362,0.6368
"ribosome biogenesis","C3_05_24",4,3,3.7e-24,0.321928094887362,0.784
"rRNA metabolic process","C3_05_24",1,3,3.7e-24,-1,0.221
"proteasome-mediated ubiquitin-dependent protein catabolic process","C3_05_24",3,4,3.7e-24,-0.321928094887362,0.6333
"regulation of response to DNA damage stimulus","C3_05_24",4,3,3.7e-24,0.321928094887362,0.7739
"establishment of protein localization to organelle","C3_05_24",2,5,3.7e-24,-1,0.1285
"macroautophagy","C3_05_24",0,3,3.7e-24,-2,0.0611
"regulation of chromosome organization","C3_05_24",3,3,3.7e-24,0,1
"Golgi vesicle transport","C3_05_24",4,3,3.7e-24,0.321928094887362,0.79
"double-strand break repair","C3_05_24",4,3,3.7e-24,0.321928094887362,0.7784
"histone modification","C3_05_24",8,4,3.7e-24,0.84799690655495,0.1455
"sister chromatid segregation","C3_05_24",1,2,3.7e-24,-0.584962500721156,0.5406
"DNA replication","C3_05_24",3,3,3.7e-24,0,1
"chromosome segregation","C3_05_24",4,5,3.7e-24,-0.263034405833794,0.6812
"mitochondrial gene expression","C3_05_24",3,2,3.7e-24,0.415037499278844,0.7334
"nucleocytoplasmic transport","C3_05_24",6,4,3.7e-24,0.485426827170242,0.4515
"nuclear transport","C3_05_24",2,3,3.7e-24,-0.415037499278844,0.5935
"regulation of DNA repair","C3_05_24",2,3,3.7e-24,-0.415037499278844,0.6291
"peptidyl-lysine modification","C3_05_24",1,4,3.7e-24,-1.32192809488736,0.0851
"protein targeting","C3_05_24",5,3,3.7e-24,0.584962500721156,0.4168
"cytoplasmic translation","C3_05_24",3,1,3.7e-24,1,0.4325
"regulation of autophagy","C3_05_24",7,3,3.7e-24,1,0.2136
"signal transduction in response to DNA damage","C3_05_24",1,2,3.7e-24,-0.584962500721156,0.563
"regulation of intracellular transport","C3_05_24",3,3,3.7e-24,0,1
"protein localization to nucleus","C3_05_24",6,3,3.7e-24,0.807354922057604,0.2851
"microtubule cytoskeleton organization involved in mitosis","C3_05_24",1,2,3.7e-24,-0.584962500721156,0.5766
"telomere maintenance","C3_05_24",3,1,3.7e-24,1,0.4197
"cell cycle checkpoint signaling","C3_05_24",2,2,3.7e-24,0,1
"regulation of protein modification by small protein conjugation or removal","C3_05_24",3,2,3.7e-24,0.415037499278844,0.7547
"cellular respiration","C3_05_24",0,3,3.7e-24,-2,0.0597
"cellular component disassembly","C3_05_24",2,4,3.7e-24,-0.736965594166206,0.2582
"nuclear chromosome segregation","C3_05_24",5,3,3.7e-24,0.584962500721156,0.3977
"regulation of protein stability","C3_05_24",1,3,3.7e-24,-1,0.2549
"regulation of cell cycle phase transition","C3_05_24",6,4,3.7e-24,0.485426827170242,0.4704
"regulation of protein catabolic process","C3_05_24",3,3,3.7e-24,0,1
"response to endoplasmic reticulum stress","C3_05_24",2,3,3.7e-24,-0.415037499278844,0.6366
"vesicle organization","C3_05_24",2,3,3.7e-24,-0.415037499278844,0.596
"mitochondrial respiratory chain complex assembly","C3_05_24",2,1,3.7e-24,0.584962500721156,0.641
"DNA-templated transcription elongation","C3_05_24",1,1,3.7e-24,0,1
"mitochondrial transport","C3_05_24",1,2,3.7e-24,-0.584962500721156,0.5852
"establishment of organelle localization","C3_05_24",7,4,3.7e-24,0.678071905112638,0.3462
"regulation of intracellular protein transport","C3_05_24",4,2,3.7e-24,0.736965594166206,0.2764
"response to UV","C3_05_24",3,1,3.7e-24,1,0.4178
"RNA localization","C3_05_24",1,2,3.7e-24,-0.584962500721156,0.564
"response to topologically incorrect protein","C3_05_24",2,2,3.7e-24,0,1
"organelle fission","C3_05_24",1,3,3.7e-24,-1,0.1972
"non-membrane-bounded organelle assembly","C3_05_24",2,4,3.7e-24,-0.736965594166206,0.3224
"protein polyubiquitination","C3_05_24",2,2,3.7e-24,0,1
"methylation","C3_05_24",1,3,3.7e-24,-1,0.2236
"phospholipid biosynthetic process","C3_05_24",4,3,3.7e-24,0.321928094887362,0.7811
"oxidative phosphorylation","C3_05_24",4,1,3.7e-24,1.32192809488736,0.0876
"establishment of protein localization to membrane","C3_05_24",0,2,3.7e-24,-1.58496250072116,0.0965
"in utero embryonic development","C3_05_24",2,3,3.7e-24,-0.415037499278844,0.591
"vacuole organization","C3_05_24",3,2,3.7e-24,0.415037499278844,0.7479
"nuclear-transcribed mRNA catabolic process","C3_05_24",0,1,3.7e-24,-1,0.4711
"protein folding","C3_05_24",1,2,3.7e-24,-0.584962500721156,0.5218
"DNA conformation change","C3_05_24",1,1,3.7e-24,0,1
"regulation of chromosome segregation","C3_05_24",3,1,3.7e-24,1,0.4107
"regulation of apoptotic signaling pathway","C3_05_24",2,3,3.7e-24,-0.415037499278844,0.5846
"cell cycle G2/M phase transition","C3_05_24",2,2,3.7e-24,0,1
"vacuolar transport","C3_05_24",1,1,3.7e-24,0,1
"response to ionizing radiation","C3_05_24",2,2,3.7e-24,0,1
"cellular response to UV","C3_05_24",1,1,3.7e-24,0,1
"regulation of binding","C3_05_24",3,4,3.7e-24,-0.321928094887362,0.6451
"nucleic acid transport","C3_05_24",1,1,3.7e-24,0,1
"RNA transport","C3_05_24",2,1,3.7e-24,0.584962500721156,0.6434
"ribonucleoprotein complex subunit organization","C3_05_24",3,2,3.7e-24,0.415037499278844,0.7301
"regulation of DNA replication","C3_05_24",0,1,3.7e-24,-1,0.4146
"ribose phosphate metabolic process","C3_05_24",5,3,3.7e-24,0.584962500721156,0.4261
"proton motive force-driven ATP synthesis","C3_05_24",1,1,3.7e-24,0,1
"ribonucleotide metabolic process","C3_05_24",4,4,3.7e-24,0,1
"telomere organization","C3_05_24",2,2,3.7e-24,0,1
"cellular response to topologically incorrect protein","C3_05_24",0,1,3.7e-24,-1,0.5054
"Golgi organization","C3_05_24",0,1,3.7e-24,-1,0.4114
"ribonucleoprotein complex assembly","C3_05_24",1,3,3.7e-24,-1,0.2674
"cellular nitrogen compound catabolic process","C3_05_24",7,5,3.7e-24,0.415037499278844,0.499
"negative regulation of phosphorus metabolic process","C3_05_24",5,5,3.7e-24,0,1
"heterocycle catabolic process","C3_05_24",8,3,3.7e-24,1.16992500144231,0.06
"mitochondrial membrane organization","C3_05_24",2,1,3.7e-24,0.584962500721156,0.6346
"regulation of protein-containing complex assembly","C3_05_24",2,3,3.7e-24,-0.415037499278844,0.5959
"positive regulation of cellular component biogenesis","C3_05_24",6,5,3.7e-24,0.222392421336448,0.8281
"response to oxidative stress","C3_05_24",0,3,3.7e-24,-2,0.0269
"regulation of supramolecular fiber organization","C3_05_24",2,4,3.7e-24,-0.736965594166206,0.307
"positive regulation of protein localization","C3_05_24",5,4,3.7e-24,0.263034405833794,0.7995
"positive regulation of cell projection organization","C3_05_24",5,3,3.7e-24,0.584962500721156,0.3963
"negative regulation of transferase activity","C3_05_24",1,2,3.7e-24,-0.584962500721156,0.5344
"autophagy of mitochondrion","C3_05_24",0,0,3.7e-24,0,1
"positive regulation of amide metabolic process","C3_05_24",1,2,3.7e-24,-0.584962500721156,0.5616
"chromatin remodeling","C3_05_24",5,4,3.7e-24,0.263034405833794,0.8015
"viral process","C3_05_24",0,3,3.7e-24,-2,0.0308
"macromolecule deacylation","C3_05_24",2,1,3.7e-24,0.584962500721156,0.6495
"mitotic cytokinesis","C3_05_24",0,1,3.7e-24,-1,0.4849
"aromatic compound catabolic process","C3_05_24",4,4,3.7e-24,0,1
"vesicle localization","C3_05_24",0,2,3.7e-24,-1.58496250072116,0.1576
"establishment or maintenance of cell polarity","C3_05_24",0,2,3.7e-24,-1.58496250072116,0.1731
"Wnt signaling pathway","C3_05_24",5,4,3.7e-24,0.263034405833794,0.8031
"cell-cell signaling by wnt","C3_05_24",4,4,3.7e-24,0,1
"ATP metabolic process","C3_05_24",2,2,3.7e-24,0,1
"cellular response to chemical stress","C3_05_24",1,3,3.7e-24,-1,0.2329
"regulation of vacuole organization","C3_05_24",0,0,3.7e-24,0,1
"cellular response to external stimulus","C3_05_24",4,2,3.7e-24,0.736965594166206,0.3337
"negative regulation of protein phosphorylation","C3_05_24",3,3,3.7e-24,0,1
"negative regulation of catabolic process","C3_05_24",5,2,3.7e-24,1,0.1966
"regulation of microtubule cytoskeleton organization","C3_05_24",0,1,3.7e-24,-1,0.4097
"chromosome localization","C3_05_24",0,1,3.7e-24,-1,0.4291
"negative regulation of mitotic nuclear division","C3_05_24",0,0,3.7e-24,0,1
"regulation of actin filament organization","C3_05_24",2,2,3.7e-24,0,1
"dephosphorylation","C3_05_24",3,3,3.7e-24,0,1
"glycosylation","C3_05_24",2,2,3.7e-24,0,1
"positive regulation of establishment of protein localization","C3_05_24",2,3,3.7e-24,-0.415037499278844,0.6133
"regulation of microtubule-based process","C3_05_24",1,2,3.7e-24,-0.584962500721156,0.5338
"cell-substrate junction organization","C3_05_24",2,1,3.7e-24,0.584962500721156,0.6406
"protein-containing complex localization","C3_05_24",3,2,3.7e-24,0.415037499278844,0.7248
"mitochondrial transmembrane transport","C3_05_24",1,0,3.7e-24,1,0.4849
"stem cell population maintenance","C3_05_24",0,2,3.7e-24,-1.58496250072116,0.1532
"ribosome assembly","C3_05_24",0,1,3.7e-24,-1,0.5248
"intraciliary transport","C3_05_24",1,0,3.7e-24,1,0.3802
"Golgi to plasma membrane protein transport","C3_05_24",1,0,3.7e-24,1,0.237
"response to amino acid starvation","C3_05_24",1,0,3.7e-24,1,0.4201
"cellular response to extracellular stimulus","C3_05_24",2,2,3.7e-24,0,1
"cell growth","C3_05_24",6,3,3.7e-24,0.807354922057604,0.2753
"protein glycosylation","C3_05_24",2,2,3.7e-24,0,1
"macromolecule glycosylation","C3_05_24",6,2,3.7e-24,1.22239242133645,0.1182
"maintenance of cell number","C3_05_24",2,2,3.7e-24,0,1
"response to reactive oxygen species","C3_05_24",1,1,3.7e-24,0,1
"regulation of cell morphogenesis","C3_05_24",2,2,3.7e-24,0,1
"regulation of cellular component size","C3_05_24",5,3,3.7e-24,0.584962500721156,0.3767
"cell-substrate junction assembly","C3_05_24",0,1,3.7e-24,-1,0.4961
"membrane fission","C3_05_24",1,1,3.7e-24,0,1
"membrane docking","C3_05_24",2,1,3.7e-24,0.584962500721156,0.6401
"fibroblast migration","C3_05_24",0,0,3.7e-24,0,1
"nucleus organization","C3_05_24",1,1,3.7e-24,0,1
"regulation of cell growth","C3_05_24",2,4,3.7e-24,-0.736965594166206,0.3218
"fibroblast proliferation","C3_05_24",1,1,3.7e-24,0,1
"cell cycle G1/S phase transition","C3_05_24",1,2,3.7e-24,-0.584962500721156,0.554
"actin filament organization","C3_05_24",5,4,3.7e-24,0.263034405833794,0.801
"response to oxygen levels","C3_05_24",4,3,3.7e-24,0.321928094887362,0.7847
"epigenetic regulation of gene expression","C3_05_24",1,1,3.7e-24,0,1
"organelle fusion","C3_05_24",1,1,3.7e-24,0,1
"lipoprotein metabolic process","C3_05_24",0,1,3.7e-24,-1,0.4445
"protein lipidation","C3_05_24",0,1,3.7e-24,-1,0.4551
"regulation of plasma membrane bounded cell projection assembly","C3_05_24",0,1,3.7e-24,-1,0.4045
"regulation of actin filament-based process","C3_05_24",8,3,3.7e-24,1.16992500144231,0.0604
"regulation of GTPase activity","C3_05_24",1,2,3.7e-24,-0.584962500721156,0.5256
"nuclear envelope organization","C3_05_24",2,0,3.7e-24,1.58496250072116,0.0936
"protein autophosphorylation","C3_05_24",0,2,3.7e-24,-1.58496250072116,0.1668
"connective tissue development","C3_05_24",1,2,3.7e-24,-0.584962500721156,0.5225
"cellular response to heat","C3_05_24",0,0,3.7e-24,0,1
"myeloid cell homeostasis","C3_05_24",3,2,3.7e-24,0.415037499278844,0.7345
"regulation of neuron projection development","C3_05_24",4,3,3.7e-24,0.321928094887362,0.7881
"receptor metabolic process","C3_05_24",0,0,3.7e-24,0,1
"maintenance of protein location in cell","C3_05_24",0,0,3.7e-24,0,1
"apoptotic mitochondrial changes","C3_05_24",1,1,3.7e-24,0,1
"response to transforming growth factor beta","C3_05_24",2,2,3.7e-24,0,1
"neural tube development","C3_05_24",2,1,3.7e-24,0.584962500721156,0.66
"maintenance of protein location","C3_05_24",1,1,3.7e-24,0,1
"regulation of ubiquitin-protein transferase activity","C3_05_24",0,0,3.7e-24,0,1
"cilium assembly","C3_05_24",2,3,3.7e-24,-0.415037499278844,0.594
"mRNA export from nucleus","C3_05_24",1,0,3.7e-24,1,0.492
"regulation of cell-substrate junction organization","C3_05_24",1,1,3.7e-24,0,1
"membrane biogenesis","C3_05_24",0,0,3.7e-24,0,1
"cilium organization","C3_05_24",0,3,3.7e-24,-2,0.0411
"platelet-derived growth factor receptor signaling pathway","C3_05_24",1,0,3.7e-24,1,0.3203
"iron-sulfur cluster assembly","C3_05_24",0,0,3.7e-24,0,1
"metallo-sulfur cluster assembly","C3_05_24",2,0,3.7e-24,1.58496250072116,0.1117
"centromere complex assembly","C3_05_24",0,0,3.7e-24,0,1
"cellular response to oxygen levels","C3_05_24",1,1,3.7e-24,0,1
"fatty acid beta-oxidation","C3_05_24",2,1,3.7e-24,0.584962500721156,0.6532
"organelle localization by membrane tethering","C3_05_24",3,1,3.7e-24,1,0.4276
"autophagosome maturation","C3_05_24",1,1,3.7e-24,0,1
"cellular response to transforming growth factor beta stimulus","C3_05_24",1,2,3.7e-24,-0.584962500721156,0.555
"nucleotide catabolic process","C3_05_24",1,0,3.7e-24,1,0.4497
"tube closure","C3_05_24",1,1,3.7e-24,0,1
"regulation of stem cell differentiation","C3_05_24",1,0,3.7e-24,1,0.469
"substrate adhesion-dependent cell spreading","C3_05_24",2,1,3.7e-24,0.584962500721156,0.642
"chondrocyte differentiation","C3_05_24",0,1,3.7e-24,-1,0.4669
"regulation of fibroblast proliferation","C3_05_24",1,1,3.7e-24,0,1
"morphogenesis of an epithelial sheet","C3_05_24",1,0,3.7e-24,1,0.4885
"microtubule polymerization","C3_05_24",0,0,3.7e-24,0,1
"response to virus","C3_05_24",1,3,3.7e-24,-1,0.2258
"membrane assembly","C3_05_24",0,0,3.7e-24,0,1
"COPII vesicle coating","C3_05_24",1,0,3.7e-24,1,0.1788
"erythrocyte differentiation","C3_05_24",0,1,3.7e-24,-1,0.4658
"organophosphate catabolic process","C3_05_24",2,1,3.7e-24,0.584962500721156,0.6633
"regulation of embryonic development","C3_05_24",1,1,3.7e-24,0,1
"regulation of focal adhesion assembly","C3_05_24",1,0,3.7e-24,1,0.4315
"regulation of cell-substrate junction assembly","C3_05_24",0,0,3.7e-24,0,1
"regulation of extracellular matrix organization","C3_05_24",0,0,3.7e-24,0,1
"GPI anchor biosynthetic process","C3_05_24",0,0,3.7e-24,0,1
"lamellipodium organization","C3_05_24",0,1,3.7e-24,-1,0.4863
"positive regulation of stem cell population maintenance","C3_05_24",2,0,3.7e-24,1.58496250072116,0.1312
"monosaccharide metabolic process","C3_05_24",2,2,3.7e-24,0,1
"U2-type prespliceosome assembly","C3_05_24",0,0,3.7e-24,0,1
"heterochromatin formation","C3_05_24",0,0,3.7e-24,0,1
"peroxisome organization","C3_05_24",0,0,3.7e-24,0,1
"regulation of mitochondrial fission","C3_05_24",0,0,3.7e-24,0,1
"cellular pigmentation","C3_05_24",2,1,3.7e-24,0.584962500721156,0.6307
"regulation of fibroblast migration","C3_05_24",1,0,3.7e-24,1,0.3738
"cellular carbohydrate metabolic process","C3_05_24",0,2,3.7e-24,-1.58496250072116,0.1131
"positive regulation of axonogenesis","C3_05_24",0,1,3.7e-24,-1,0.5043
"kinetochore organization","C3_05_24",0,0,3.7e-24,0,1
"stem cell differentiation","C3_05_24",2,2,3.7e-24,0,1
"proton transmembrane transport","C3_05_24",0,1,3.7e-24,-1,0.448
"cellular response to insulin stimulus","C3_05_24",1,2,3.7e-24,-0.584962500721156,0.5708
"establishment of mitotic spindle localization","C3_05_24",0,0,3.7e-24,0,1
"cell redox homeostasis","C3_05_24",0,0,3.7e-24,0,1
"stress granule assembly","C3_05_24",0,0,3.7e-24,0,1
"protein neddylation","C3_05_24",0,0,3.7e-24,0,1
"regulation of mitochondrial membrane potential","C3_05_24",1,0,3.7e-24,1,0.3848
"neuron death","C3_05_24",4,3,3.7e-24,0.321928094887362,0.7817
"defense response to virus","C3_05_24",5,2,3.7e-24,1,0.1976
"sulfur compound metabolic process","C3_05_24",1,2,3.7e-24,-0.584962500721156,0.5382
"NADP metabolic process","C3_05_24",0,0,3.7e-24,0,1
"vacuolar acidification","C3_05_24",0,0,3.7e-24,0,1
"oligosaccharide-lipid intermediate biosynthetic process","C3_05_24",0,0,3.7e-24,0,1
"lysosomal lumen acidification","C3_05_24",0,0,3.7e-24,0,1
"glycosyl compound biosynthetic process","C3_05_24",0,0,3.7e-24,0,1
"heart valve development","C3_05_24",1,0,3.7e-24,1,0.4645
"water-soluble vitamin metabolic process","C3_05_24",2,0,3.7e-24,1.58496250072116,0.1223
"interferon-beta production","C3_05_24",0,0,3.7e-24,0,1
"regulation of interferon-beta production","C3_05_24",0,0,3.7e-24,0,1
"branched-chain amino acid metabolic process","C3_05_24",1,0,3.7e-24,1,0.189
"regulation of mitochondrial membrane permeability","C3_05_24",1,0,3.7e-24,1,0.4012
"respiratory tube development","C3_05_24",2,2,3.7e-24,0,1
"cellular senescence","C3_05_24",1,1,3.7e-24,0,1
"positive regulation of neurogenesis","C3_05_24",0,1,3.7e-24,-1,0.4062
"mitochondrial outer membrane permeabilization","C3_05_24",0,0,3.7e-24,0,1
"immune system development","C3_05_24",3,2,3.7e-24,0.415037499278844,0.7293
"clathrin-dependent endocytosis","C3_05_24",3,1,3.7e-24,1,0.495
"positive regulation of viral process","C3_05_24",0,0,3.7e-24,0,1
"bone development","C3_05_24",3,2,3.7e-24,0.415037499278844,0.7407
"cell-substrate adhesion","C3_05_24",6,3,3.7e-24,0.807354922057604,0.2997
"positive regulation of microtubule polymerization","C3_05_24",0,0,3.7e-24,0,1
"pteridine-containing compound metabolic process","C3_05_24",0,0,3.7e-24,0,1
"response to arsenic-containing substance","C3_05_24",3,0,3.7e-24,2,0.0164
"response to insulin","C3_05_24",2,2,3.7e-24,0,1
"ubiquinone metabolic process","C3_05_24",0,0,3.7e-24,0,1
"cellular response to arsenic-containing substance","C3_05_24",0,0,3.7e-24,0,1
"inositol phosphate catabolic process","C3_05_24",0,0,3.7e-24,0,1
"telomerase RNA localization to Cajal body","C3_05_24",0,0,3.7e-24,0,1
"respiratory system development","C3_05_24",2,2,3.7e-24,0,1
"regulation of generation of precursor metabolites and energy","C3_05_24",0,1,3.7e-24,-1,0.4221
"mitochondrial calcium ion homeostasis","C3_05_24",1,0,3.7e-24,1,0.2887
"G0 to G1 transition","C3_05_24",0,0,3.7e-24,0,1
"mitochondrial genome maintenance","C3_05_24",0,0,3.7e-24,0,1
"release of cytochrome c from mitochondria","C3_05_24",0,0,3.7e-24,0,1
"cortical cytoskeleton organization","C3_05_24",0,0,3.7e-24,0,1
"response to sterol depletion","C3_05_24",0,0,3.7e-24,0,1
"regulation of ncRNA transcription","C3_05_24",0,0,3.7e-24,0,1
"mesenchymal cell differentiation","C3_05_24",1,2,3.7e-24,-0.584962500721156,0.5719
"protein-DNA complex subunit organization","C3_05_24",3,2,3.7e-24,0.415037499278844,0.7215
"response to fluid shear stress","C3_05_24",0,0,3.7e-24,0,1
"collagen fibril organization","C3_05_24",1,0,3.7e-24,1,0.4387
"roof of mouth development","C3_05_24",1,1,3.7e-24,0,1
"regulation of protein dephosphorylation","C3_05_24",1,1,3.7e-24,0,1
"multicellular organism growth","C3_05_24",1,1,3.7e-24,0,1
"miRNA processing","C3_05_24",0,0,3.7e-24,0,1
"small molecule catabolic process","C3_05_24",3,3,3.7e-24,0,1
"regulation of G0 to G1 transition","C3_05_24",0,0,3.7e-24,0,1
"circadian regulation of gene expression","C3_05_24",0,0,3.7e-24,0,1
"regulation of translational fidelity","C3_05_24",0,0,3.7e-24,0,1
"ubiquinone biosynthetic process","C3_05_24",0,0,3.7e-24,0,1
"mitochondrial calcium ion transmembrane transport","C3_05_24",1,0,3.7e-24,1,0.1203
"quinone biosynthetic process","C3_05_24",0,0,3.7e-24,0,1
"viral release from host cell","C3_05_24",0,0,3.7e-24,0,1
"exit from host cell","C3_05_24",0,0,3.7e-24,0,1
"positive regulation of GTPase activity","C3_05_24",3,2,3.7e-24,0.415037499278844,0.7371
"regulation of cytokinesis","C3_05_24",1,1,3.7e-24,0,1
"mitochondrion localization","C3_05_24",1,0,3.7e-24,1,0.3096
"renal system development","C3_05_24",0,3,3.7e-24,-2,0.0667
"regulation of cysteine-type endopeptidase activity involved in apoptotic process","C3_05_24",1,1,3.7e-24,0,1
"regulation of cell-substrate adhesion","C3_05_24",2,2,3.7e-24,0,1
"centrosome localization","C3_05_24",0,0,3.7e-24,0,1
"microtubule organizing center localization","C3_05_24",1,0,3.7e-24,1,0.3469
"pinocytosis","C3_05_24",0,0,3.7e-24,0,1
"lamellipodium assembly","C3_05_24",2,1,3.7e-24,0.584962500721156,0.6269
"cellular response to sterol depletion","C3_05_24",0,0,3.7e-24,0,1
"placenta development","C3_05_24",1,1,3.7e-24,0,1
"rhythmic process","C3_05_24",4,3,3.7e-24,0.321928094887362,0.7658
"spindle localization","C3_05_24",2,1,3.7e-24,0.584962500721156,0.6374
"carbohydrate derivative catabolic process","C3_05_24",0,1,3.7e-24,-1,0.4171
"response to amino acid","C3_05_24",0,1,3.7e-24,-1,0.4224
"regulation of intracellular steroid hormone receptor signaling pathway","C3_05_24",1,0,3.7e-24,1,0.275
"regulation of neuron death","C3_05_24",2,2,3.7e-24,0,1
"ossification","C3_05_24",4,4,3.7e-24,0,1
"mammary gland epithelial cell proliferation","C3_05_24",0,0,3.7e-24,0,1
"ribosomal subunit export from nucleus","C3_05_24",0,0,3.7e-24,0,1
"ribosome localization","C3_05_24",0,0,3.7e-24,0,1
"protein transport to vacuole involved in ubiquitin-dependent protein catabolic process via the multivesicular body sorting pathway","C3_05_24",0,0,3.7e-24,0,1
"seminiferous tubule development","C3_05_24",0,0,3.7e-24,0,1
"cellular response to acid chemical","C3_05_24",1,1,3.7e-24,0,1
"positive regulation of kinase activity","C3_05_24",1,3,3.7e-24,-1,0.1975
"positive regulation by host of viral process","C3_05_24",1,0,3.7e-24,1,0.1659
"mitochondrion morphogenesis","C3_05_24",0,0,3.7e-24,0,1
"regulation of establishment of cell polarity","C3_05_24",1,0,3.7e-24,1,0.1612
"cellular lipid catabolic process","C3_05_24",2,2,3.7e-24,0,1
"neuron apoptotic process","C3_05_24",2,2,3.7e-24,0,1
"inner cell mass cell proliferation","C3_05_24",0,0,3.7e-24,0,1
"polyamine biosynthetic process","C3_05_24",0,0,3.7e-24,0,1
"folic acid metabolic process","C3_05_24",0,0,3.7e-24,0,1
"organelle inheritance","C3_05_24",0,0,3.7e-24,0,1
"polyol metabolic process","C3_05_24",0,1,3.7e-24,-1,0.4966
"regulation of type I interferon-mediated signaling pathway","C3_05_24",0,0,3.7e-24,0,1
"intracellular lipid transport","C3_05_24",0,0,3.7e-24,0,1
"fat cell differentiation","C3_05_24",2,2,3.7e-24,0,1
"iron ion homeostasis","C3_05_24",1,1,3.7e-24,0,1
"negative regulation of cell projection organization","C3_05_24",1,1,3.7e-24,0,1
"dicarboxylic acid metabolic process","C3_05_24",1,1,3.7e-24,0,1
"regulation of anatomical structure size","C3_05_24",2,4,3.7e-24,-0.736965594166206,0.2588
"regulation of small molecule metabolic process","C3_05_24",5,2,3.7e-24,1,0.193
"pentose-phosphate shunt","C3_05_24",0,0,3.7e-24,0,1
"pericardium development","C3_05_24",0,0,3.7e-24,0,1
"lysosomal protein catabolic process","C3_05_24",0,0,3.7e-24,0,1
"carbohydrate derivative transport","C3_05_24",0,1,3.7e-24,-1,0.5151
"alcohol biosynthetic process","C3_05_24",1,1,3.7e-24,0,1
"regulation of membrane permeability","C3_05_24",0,0,3.7e-24,0,1
"signal peptide processing","C3_05_24",0,0,3.7e-24,0,1
"UV-damage excision repair","C3_05_24",0,0,3.7e-24,0,1
"biological process involved in interaction with host","C3_05_24",2,2,3.7e-24,0,1
"body morphogenesis","C3_05_24",0,0,3.7e-24,0,1
"extracellular vesicle biogenesis","C3_05_24",1,0,3.7e-24,1,0.2922
"negative regulation of defense response to virus","C3_05_24",1,0,3.7e-24,1,0.1865
"aminoglycan biosynthetic process","C3_05_24",1,1,3.7e-24,0,1
"sterol biosynthetic process","C3_05_24",0,0,3.7e-24,0,1
"polyamine metabolic process","C3_05_24",1,0,3.7e-24,1,0.2753
"magnesium ion transport","C3_05_24",0,0,3.7e-24,0,1
"lamellipodium morphogenesis","C3_05_24",0,0,3.7e-24,0,1
"positive regulation of neuron migration","C3_05_24",0,0,3.7e-24,0,1
"regulation of glucose metabolic process","C3_05_24",1,1,3.7e-24,0,1
"monosaccharide biosynthetic process","C3_05_24",0,1,3.7e-24,-1,0.4269
"response to acid chemical","C3_05_24",1,1,3.7e-24,0,1
"regulation of carbohydrate metabolic process","C3_05_24",1,1,3.7e-24,0,1
"positive regulation of nervous system development","C3_05_24",3,2,3.7e-24,0.415037499278844,0.7266
"regulation of circadian rhythm","C3_05_24",0,1,3.7e-24,-1,0.4301
"trabecula morphogenesis","C3_05_24",1,0,3.7e-24,1,0.3081
"pigment accumulation","C3_05_24",0,0,3.7e-24,0,1
"cellular pigment accumulation","C3_05_24",0,0,3.7e-24,0,1
"regulation of pinocytosis","C3_05_24",0,0,3.7e-24,0,1
"regulation of ligase activity","C3_05_24",0,0,3.7e-24,0,1
"smoothened signaling pathway involved in dorsal/ventral neural tube patterning","C3_05_24",0,0,3.7e-24,0,1
"glycosyl compound metabolic process","C3_05_24",0,0,3.7e-24,0,1
"substantia nigra development","C3_05_24",0,0,3.7e-24,0,1
"negative regulation of GTPase activity","C3_05_24",0,0,3.7e-24,0,1
"axon extension","C3_05_24",0,1,3.7e-24,-1,0.4802
"positive regulation of epithelial to mesenchymal transition","C3_05_24",0,0,3.7e-24,0,1
"one-carbon metabolic process","C3_05_24",0,0,3.7e-24,0,1
"NADPH regeneration","C3_05_24",0,0,3.7e-24,0,1
"cellular response to dsRNA","C3_05_24",0,0,3.7e-24,0,1
"neuron projection organization","C3_05_24",3,1,3.7e-24,1,0.5259
"postsynapse organization","C3_05_24",1,1,3.7e-24,0,1
"regulation of ketone biosynthetic process","C3_05_24",0,0,3.7e-24,0,1
"mitochondrion distribution","C3_05_24",0,0,3.7e-24,0,1
"regulation of autophagosome maturation","C3_05_24",0,0,3.7e-24,0,1
"magnesium ion transmembrane transport","C3_05_24",0,0,3.7e-24,0,1
"regulation of cell division","C3_05_24",1,1,3.7e-24,0,1
"intermembrane lipid transfer","C3_05_24",0,0,3.7e-24,0,1
"organophosphate ester transport","C3_05_24",1,1,3.7e-24,0,1
"movement in host","C3_05_24",3,2,3.7e-24,0.415037499278844,0.739
"extracellular matrix assembly","C3_05_24",0,0,3.7e-24,0,1
"cellular metabolic compound salvage","C3_05_24",1,0,3.7e-24,1,0.1797
"regulation of ATP-dependent activity","C3_05_24",1,0,3.7e-24,1,0.3885
"cell migration involved in heart development","C3_05_24",1,0,3.7e-24,1,0.2938
"cellular response to fluid shear stress","C3_05_24",0,0,3.7e-24,0,1
"sphingomyelin biosynthetic process","C3_05_24",0,0,3.7e-24,0,1
"ether lipid biosynthetic process","C3_05_24",1,0,3.7e-24,1,0.071
"embryonic body morphogenesis","C3_05_24",0,0,3.7e-24,0,1
"amino sugar biosynthetic process","C3_05_24",0,0,3.7e-24,0,1
"glycerol ether biosynthetic process","C3_05_24",0,0,3.7e-24,0,1
"pigmentation","C3_05_24",0,1,3.7e-24,-1,0.4808
"cellular response to ketone","C3_05_24",3,1,3.7e-24,1,0.4488
"nonribosomal peptide biosynthetic process","C3_05_24",0,0,3.7e-24,0,1
"glial cell apoptotic process","C3_05_24",0,0,3.7e-24,0,1
"lipoprotein catabolic process","C3_05_24",0,0,3.7e-24,0,1
"suppression of viral release by host","C3_05_24",0,0,3.7e-24,0,1
"chaperone-mediated autophagy","C3_05_24",0,0,3.7e-24,0,1
"regulation of steroid hormone biosynthetic process","C3_05_24",0,0,3.7e-24,0,1
"synaptic vesicle lumen acidification","C3_05_24",0,0,3.7e-24,0,1
"semaphorin-plexin signaling pathway involved in neuron projection guidance","C3_05_24",0,0,3.7e-24,0,1
"regulation of Golgi organization","C3_05_24",0,0,3.7e-24,0,1
"Schwann cell differentiation","C3_05_24",0,0,3.7e-24,0,1
"neurotrophin signaling pathway","C3_05_24",1,0,3.7e-24,1,0.2608
"regulation of microtubule depolymerization","C3_05_24",0,0,3.7e-24,0,1
"basement membrane organization","C3_05_24",0,0,3.7e-24,0,1
"establishment or maintenance of epithelial cell apical/basal polarity","C3_05_24",0,0,3.7e-24,0,1
"face development","C3_05_24",0,0,3.7e-24,0,1
"osteoblast differentiation","C3_05_24",2,2,3.7e-24,0,1
"appendage development","C3_05_24",2,1,3.7e-24,0.584962500721156,0.6637
"limb development","C3_05_24",3,1,3.7e-24,1,0.4136
"regulation of ATP metabolic process","C3_05_24",0,0,3.7e-24,0,1
"developmental growth involved in morphogenesis","C3_05_24",2,2,3.7e-24,0,1
"embryonic organ development","C3_05_24",4,4,3.7e-24,0,1
"negative regulation of growth","C3_05_24",0,2,3.7e-24,-1.58496250072116,0.1487
"microtubule depolymerization","C3_05_24",0,0,3.7e-24,0,1
"heme metabolic process","C3_05_24",0,0,3.7e-24,0,1
"regulation of neuron apoptotic process","C3_05_24",1,2,3.7e-24,-0.584962500721156,0.5478
"plasma membrane tubulation","C3_05_24",0,0,3.7e-24,0,1
"exosomal secretion","C3_05_24",0,0,3.7e-24,0,1
"vasculogenesis","C3_05_24",0,0,3.7e-24,0,1
"toxin transport","C3_05_24",0,0,3.7e-24,0,1
"ncRNA processing","E1_06_14",24,23,3.7e-24,0.0588936890535686,0.9191
"ribosome biogenesis","E1_06_14",10,17,3.7e-24,-0.710493382805015,0.0481
"rRNA metabolic process","E1_06_14",16,17,3.7e-24,-0.082462160191973,0.8157
"proteasome-mediated ubiquitin-dependent protein catabolic process","E1_06_14",25,26,3.7e-24,-0.0544477840223765,0.8417
"regulation of response to DNA damage stimulus","E1_06_14",10,17,3.7e-24,-0.710493382805015,0.0478
"establishment of protein localization to organelle","E1_06_14",21,26,3.7e-24,-0.295455883526171,0.2888
"macroautophagy","E1_06_14",18,15,3.7e-24,0.247927513443586,0.5174
"regulation of chromosome organization","E1_06_14",15,16,3.7e-24,-0.0874628412503394,0.8126
"Golgi vesicle transport","E1_06_14",15,17,3.7e-24,-0.169925001442312,0.638
"double-strand break repair","E1_06_14",21,17,3.7e-24,0.289506617194985,0.4018
"histone modification","E1_06_14",15,20,3.7e-24,-0.39231742277876,0.224
"sister chromatid segregation","E1_06_14",10,13,3.7e-24,-0.347923303420307,0.4143
"DNA replication","E1_06_14",24,17,3.7e-24,0.473931188332412,0.1513
"chromosome segregation","E1_06_14",28,25,3.7e-24,0.15754127698648,0.6154
"mitochondrial gene expression","E1_06_14",8,8,3.7e-24,0,1
"nucleocytoplasmic transport","E1_06_14",21,20,3.7e-24,0.067114195858537,0.9097
"nuclear transport","E1_06_14",21,17,3.7e-24,0.289506617194985,0.3955
"regulation of DNA repair","E1_06_14",11,14,3.7e-24,-0.321928094887362,0.4329
"peptidyl-lysine modification","E1_06_14",15,22,3.7e-24,-0.523561956057013,0.0896
"protein targeting","E1_06_14",15,19,3.7e-24,-0.321928094887362,0.3596
"cytoplasmic translation","E1_06_14",13,8,3.7e-24,0.637429920615292,0.1626
"regulation of autophagy","E1_06_14",21,18,3.7e-24,0.211504105193712,0.5591
"signal transduction in response to DNA damage","E1_06_14",8,9,3.7e-24,-0.15200309344505,0.7436
"regulation of intracellular transport","E1_06_14",18,20,3.7e-24,-0.144389909335175,0.6619
"protein localization to nucleus","E1_06_14",15,14,3.7e-24,0.0931094043914815,0.8953
"microtubule cytoskeleton organization involved in mitosis","E1_06_14",8,10,3.7e-24,-0.289506617194985,0.5299
"telomere maintenance","E1_06_14",9,8,3.7e-24,0.15200309344505,0.8617
"cell cycle checkpoint signaling","E1_06_14",5,9,3.7e-24,-0.736965594166206,0.1189
"regulation of protein modification by small protein conjugation or removal","E1_06_14",12,13,3.7e-24,-0.106915203916512,0.7885
"cellular respiration","E1_06_14",8,12,3.7e-24,-0.53051471669878,0.2056
"cellular component disassembly","E1_06_14",17,25,3.7e-24,-0.53051471669878,0.0769
"nuclear chromosome segregation","E1_06_14",11,16,3.7e-24,-0.502500340529183,0.1734
"regulation of protein stability","E1_06_14",17,15,3.7e-24,0.169925001442312,0.6994
"regulation of cell cycle phase transition","E1_06_14",18,24,3.7e-24,-0.395928676331139,0.1919
"regulation of protein catabolic process","E1_06_14",14,17,3.7e-24,-0.263034405833794,0.4757
"response to endoplasmic reticulum stress","E1_06_14",17,16,3.7e-24,0.082462160191973,0.901
"vesicle organization","E1_06_14",18,19,3.7e-24,-0.0740005814437769,0.8206
"mitochondrial respiratory chain complex assembly","E1_06_14",6,6,3.7e-24,0,1
"DNA-templated transcription elongation","E1_06_14",10,9,3.7e-24,0.137503523749935,0.8697
"mitochondrial transport","E1_06_14",8,8,3.7e-24,0,1
"establishment of organelle localization","E1_06_14",16,21,3.7e-24,-0.371968777386958,0.2409
"regulation of intracellular protein transport","E1_06_14",8,9,3.7e-24,-0.15200309344505,0.751
"response to UV","E1_06_14",9,9,3.7e-24,0,1
"RNA localization","E1_06_14",11,10,3.7e-24,0.125530882083859,0.869
"response to topologically incorrect protein","E1_06_14",7,11,3.7e-24,-0.584962500721156,0.1689
"organelle fission","E1_06_14",19,17,3.7e-24,0.15200309344505,0.7134
"non-membrane-bounded organelle assembly","E1_06_14",18,21,3.7e-24,-0.211504105193712,0.5241
"protein polyubiquitination","E1_06_14",17,13,3.7e-24,0.362570079384708,0.3359
"methylation","E1_06_14",15,15,3.7e-24,0,1
"phospholipid biosynthetic process","E1_06_14",16,14,3.7e-24,0.180572245641821,0.6895
"oxidative phosphorylation","E1_06_14",6,9,3.7e-24,-0.514573172829758,0.2931
"establishment of protein localization to membrane","E1_06_14",7,11,3.7e-24,-0.584962500721156,0.1676
"in utero embryonic development","E1_06_14",13,18,3.7e-24,-0.440572591385981,0.2068
"vacuole organization","E1_06_14",17,12,3.7e-24,0.46948528330122,0.2547
"nuclear-transcribed mRNA catabolic process","E1_06_14",5,4,3.7e-24,0.263034405833794,0.8059
"protein folding","E1_06_14",20,13,3.7e-24,0.584962500721156,0.1463
"DNA conformation change","E1_06_14",3,5,3.7e-24,-0.584962500721156,0.3334
"regulation of chromosome segregation","E1_06_14",6,7,3.7e-24,-0.192645077942396,0.7295
"regulation of apoptotic signaling pathway","E1_06_14",16,20,3.7e-24,-0.304854581528421,0.3709
"cell cycle G2/M phase transition","E1_06_14",18,10,3.7e-24,0.788495894806288,0.0715
"vacuolar transport","E1_06_14",5,7,3.7e-24,-0.415037499278844,0.465
"response to ionizing radiation","E1_06_14",8,9,3.7e-24,-0.15200309344505,0.7521
"cellular response to UV","E1_06_14",11,5,3.7e-24,1,0.1183
"regulation of binding","E1_06_14",18,20,3.7e-24,-0.144389909335175,0.6525
"nucleic acid transport","E1_06_14",8,7,3.7e-24,0.169925001442312,0.851
"RNA transport","E1_06_14",4,7,3.7e-24,-0.678071905112638,0.2377
"ribonucleoprotein complex subunit organization","E1_06_14",14,11,3.7e-24,0.321928094887362,0.4499
"regulation of DNA replication","E1_06_14",10,8,3.7e-24,0.289506617194985,0.6009
"ribose phosphate metabolic process","E1_06_14",23,20,3.7e-24,0.192645077942396,0.5774
"proton motive force-driven ATP synthesis","E1_06_14",1,4,3.7e-24,-1.32192809488736,0.0603
"ribonucleotide metabolic process","E1_06_14",24,22,3.7e-24,0.120294233717712,0.7385
"telomere organization","E1_06_14",8,8,3.7e-24,0,1
"cellular response to topologically incorrect protein","E1_06_14",5,5,3.7e-24,0,1
"Golgi organization","E1_06_14",8,7,3.7e-24,0.169925001442312,0.8502
"ribonucleoprotein complex assembly","E1_06_14",13,15,3.7e-24,-0.192645077942396,0.611
"cellular nitrogen compound catabolic process","E1_06_14",24,26,3.7e-24,-0.111031312388744,0.6948
"negative regulation of phosphorus metabolic process","E1_06_14",34,25,3.7e-24,0.428843298803874,0.1405
"heterocycle catabolic process","E1_06_14",17,20,3.7e-24,-0.222392421336448,0.5024
"mitochondrial membrane organization","E1_06_14",4,5,3.7e-24,-0.263034405833794,0.6767
"regulation of protein-containing complex assembly","E1_06_14",30,20,3.7e-24,0.561878887608115,0.092
"positive regulation of cellular component biogenesis","E1_06_14",23,25,3.7e-24,-0.115477217419936,0.6971
"response to oxidative stress","E1_06_14",17,18,3.7e-24,-0.0780025120012732,0.822
"regulation of supramolecular fiber organization","E1_06_14",14,18,3.7e-24,-0.341036917835067,0.3103
"positive regulation of protein localization","E1_06_14",20,20,3.7e-24,0,1
"positive regulation of cell projection organization","E1_06_14",25,19,3.7e-24,0.37851162325373,0.253
"negative regulation of transferase activity","E1_06_14",10,12,3.7e-24,-0.241008099503795,0.5641
"autophagy of mitochondrion","E1_06_14",2,3,3.7e-24,-0.415037499278844,0.5913
"positive regulation of amide metabolic process","E1_06_14",11,10,3.7e-24,0.125530882083859,0.8772
"chromatin remodeling","E1_06_14",17,22,3.7e-24,-0.3536369546147,0.2557
"viral process","E1_06_14",19,19,3.7e-24,0,1
"macromolecule deacylation","E1_06_14",9,7,3.7e-24,0.321928094887362,0.5637
"mitotic cytokinesis","E1_06_14",2,4,3.7e-24,-0.736965594166206,0.2712
"aromatic compound catabolic process","E1_06_14",26,24,3.7e-24,0.111031312388744,0.7521
"vesicle localization","E1_06_14",3,9,3.7e-24,-1.32192809488736,0.0174
"establishment or maintenance of cell polarity","E1_06_14",5,7,3.7e-24,-0.415037499278844,0.471
"Wnt signaling pathway","E1_06_14",21,20,3.7e-24,0.067114195858537,0.9049
"cell-cell signaling by wnt","E1_06_14",28,22,3.7e-24,0.334419039070559,0.2775
"ATP metabolic process","E1_06_14",14,13,3.7e-24,0.0995356735509144,0.8911
"cellular response to chemical stress","E1_06_14",13,17,3.7e-24,-0.362570079384708,0.2873
"regulation of vacuole organization","E1_06_14",3,2,3.7e-24,0.415037499278844,0.7291
"cellular response to external stimulus","E1_06_14",8,12,3.7e-24,-0.53051471669878,0.2082
"negative regulation of protein phosphorylation","E1_06_14",21,20,3.7e-24,0.067114195858537,0.9101
"negative regulation of catabolic process","E1_06_14",10,13,3.7e-24,-0.347923303420307,0.4109
"regulation of microtubule cytoskeleton organization","E1_06_14",11,7,3.7e-24,0.584962500721156,0.2609
"chromosome localization","E1_06_14",7,6,3.7e-24,0.192645077942396,0.8459
"negative regulation of mitotic nuclear division","E1_06_14",0,3,3.7e-24,-2,0.0591
"regulation of actin filament organization","E1_06_14",11,11,3.7e-24,0,1
"dephosphorylation","E1_06_14",17,15,3.7e-24,0.169925001442312,0.6992
"glycosylation","E1_06_14",10,11,3.7e-24,-0.125530882083859,0.7674
"positive regulation of establishment of protein localization","E1_06_14",14,16,3.7e-24,-0.180572245641821,0.6368
"regulation of microtubule-based process","E1_06_14",10,12,3.7e-24,-0.241008099503795,0.5703
"cell-substrate junction organization","E1_06_14",4,6,3.7e-24,-0.485426827170242,0.4283
"protein-containing complex localization","E1_06_14",9,10,3.7e-24,-0.137503523749935,0.7631
"mitochondrial transmembrane transport","E1_06_14",5,4,3.7e-24,0.263034405833794,0.8077
"stem cell population maintenance","E1_06_14",5,9,3.7e-24,-0.736965594166206,0.1231
"ribosome assembly","E1_06_14",4,4,3.7e-24,0,1
"intraciliary transport","E1_06_14",1,3,3.7e-24,-1,0.2508
"Golgi to plasma membrane protein transport","E1_06_14",0,1,3.7e-24,-1,0.4503
"response to amino acid starvation","E1_06_14",4,2,3.7e-24,0.736965594166206,0.333
"cellular response to extracellular stimulus","E1_06_14",11,13,3.7e-24,-0.222392421336448,0.6026
"cell growth","E1_06_14",14,19,3.7e-24,-0.415037499278844,0.2245
"protein glycosylation","E1_06_14",7,11,3.7e-24,-0.584962500721156,0.1821
"macromolecule glycosylation","E1_06_14",9,13,3.7e-24,-0.485426827170242,0.2361
"maintenance of cell number","E1_06_14",11,11,3.7e-24,0,1
"response to reactive oxygen species","E1_06_14",8,8,3.7e-24,0,1
"regulation of cell morphogenesis","E1_06_14",15,11,3.7e-24,0.415037499278844,0.3673
"regulation of cellular component size","E1_06_14",16,17,3.7e-24,-0.082462160191973,0.8147
"cell-substrate junction assembly","E1_06_14",4,4,3.7e-24,0,1
"membrane fission","E1_06_14",2,3,3.7e-24,-0.415037499278844,0.6077
"membrane docking","E1_06_14",4,3,3.7e-24,0.321928094887362,0.783
"fibroblast migration","E1_06_14",3,3,3.7e-24,0,1
"nucleus organization","E1_06_14",4,6,3.7e-24,-0.485426827170242,0.4295
"regulation of cell growth","E1_06_14",11,20,3.7e-24,-0.807354922057604,0.0183
"fibroblast proliferation","E1_06_14",6,5,3.7e-24,0.222392421336448,0.8313
"cell cycle G1/S phase transition","E1_06_14",9,11,3.7e-24,-0.263034405833794,0.5583
"actin filament organization","E1_06_14",23,23,3.7e-24,0,1
"response to oxygen levels","E1_06_14",17,20,3.7e-24,-0.222392421336448,0.5057
"epigenetic regulation of gene expression","E1_06_14",5,6,3.7e-24,-0.222392421336448,0.7049
"organelle fusion","E1_06_14",2,5,3.7e-24,-1,0.1132
"lipoprotein metabolic process","E1_06_14",6,4,3.7e-24,0.485426827170242,0.4621
"protein lipidation","E1_06_14",2,5,3.7e-24,-1,0.1046
"regulation of plasma membrane bounded cell projection assembly","E1_06_14",6,7,3.7e-24,-0.192645077942396,0.7112
"regulation of actin filament-based process","E1_06_14",14,18,3.7e-24,-0.341036917835067,0.3031
"regulation of GTPase activity","E1_06_14",16,15,3.7e-24,0.0874628412503394,0.9015
"nuclear envelope organization","E1_06_14",2,3,3.7e-24,-0.415037499278844,0.6091
"protein autophosphorylation","E1_06_14",9,9,3.7e-24,0,1
"connective tissue development","E1_06_14",15,14,3.7e-24,0.0931094043914815,0.8937
"cellular response to heat","E1_06_14",0,2,3.7e-24,-1.58496250072116,0.1211
"myeloid cell homeostasis","E1_06_14",4,10,3.7e-24,-1.13750352374993,0.0258
"regulation of neuron projection development","E1_06_14",12,18,3.7e-24,-0.547487795302493,0.1068
"receptor metabolic process","E1_06_14",3,3,3.7e-24,0,1
"maintenance of protein location in cell","E1_06_14",3,2,3.7e-24,0.415037499278844,0.7489
"apoptotic mitochondrial changes","E1_06_14",3,6,3.7e-24,-0.807354922057604,0.1365
"response to transforming growth factor beta","E1_06_14",13,11,3.7e-24,0.222392421336448,0.6474
"neural tube development","E1_06_14",8,8,3.7e-24,0,1
"maintenance of protein location","E1_06_14",8,6,3.7e-24,0.362570079384708,0.5424
"regulation of ubiquitin-protein transferase activity","E1_06_14",4,3,3.7e-24,0.321928094887362,0.7797
"cilium assembly","E1_06_14",13,16,3.7e-24,-0.280107919192735,0.4634
"mRNA export from nucleus","E1_06_14",5,3,3.7e-24,0.584962500721156,0.3853
"regulation of cell-substrate junction organization","E1_06_14",7,4,3.7e-24,0.678071905112638,0.3492
"membrane biogenesis","E1_06_14",1,4,3.7e-24,-1.32192809488736,0.1205
"cilium organization","E1_06_14",14,16,3.7e-24,-0.180572245641821,0.6158
"platelet-derived growth factor receptor signaling pathway","E1_06_14",5,2,3.7e-24,1,0.1885
"iron-sulfur cluster assembly","E1_06_14",0,1,3.7e-24,-1,0.523
"metallo-sulfur cluster assembly","E1_06_14",5,3,3.7e-24,0.584962500721156,0.3858
"centromere complex assembly","E1_06_14",0,2,3.7e-24,-1.58496250072116,0.1846
"cellular response to oxygen levels","E1_06_14",5,6,3.7e-24,-0.222392421336448,0.7005
"fatty acid beta-oxidation","E1_06_14",0,3,3.7e-24,-2,0.0338
"organelle localization by membrane tethering","E1_06_14",7,7,3.7e-24,0,1
"autophagosome maturation","E1_06_14",5,4,3.7e-24,0.263034405833794,0.8073
"cellular response to transforming growth factor beta stimulus","E1_06_14",15,11,3.7e-24,0.415037499278844,0.3685
"nucleotide catabolic process","E1_06_14",3,3,3.7e-24,0,1
"tube closure","E1_06_14",5,4,3.7e-24,0.263034405833794,0.8099
"regulation of stem cell differentiation","E1_06_14",4,3,3.7e-24,0.321928094887362,0.786
"substrate adhesion-dependent cell spreading","E1_06_14",4,4,3.7e-24,0,1
"chondrocyte differentiation","E1_06_14",3,4,3.7e-24,-0.321928094887362,0.6326
"regulation of fibroblast proliferation","E1_06_14",4,6,3.7e-24,-0.485426827170242,0.437
"morphogenesis of an epithelial sheet","E1_06_14",6,3,3.7e-24,0.807354922057604,0.2845
"microtubule polymerization","E1_06_14",4,2,3.7e-24,0.736965594166206,0.2904
"response to virus","E1_06_14",17,16,3.7e-24,0.082462160191973,0.8969
"membrane assembly","E1_06_14",1,3,3.7e-24,-1,0.2561
"COPII vesicle coating","E1_06_14",3,1,3.7e-24,1,0.4157
"erythrocyte differentiation","E1_06_14",10,5,3.7e-24,0.874469117916141,0.1433
"organophosphate catabolic process","E1_06_14",9,9,3.7e-24,0,1
"regulation of embryonic development","E1_06_14",3,4,3.7e-24,-0.321928094887362,0.6581
"regulation of focal adhesion assembly","E1_06_14",3,3,3.7e-24,0,1
"regulation of cell-substrate junction assembly","E1_06_14",1,3,3.7e-24,-1,0.2414
"regulation of extracellular matrix organization","E1_06_14",0,3,3.7e-24,-2,0.0283
"GPI anchor biosynthetic process","E1_06_14",0,1,3.7e-24,-1,0.4284
"lamellipodium organization","E1_06_14",1,4,3.7e-24,-1.32192809488736,0.0662
"positive regulation of stem cell population maintenance","E1_06_14",3,3,3.7e-24,0,1
"monosaccharide metabolic process","E1_06_14",11,11,3.7e-24,0,1
"U2-type prespliceosome assembly","E1_06_14",4,1,3.7e-24,1.32192809488736,0.0564
"heterochromatin formation","E1_06_14",6,4,3.7e-24,0.485426827170242,0.4533
"peroxisome organization","E1_06_14",0,1,3.7e-24,-1,0.4097
"regulation of mitochondrial fission","E1_06_14",6,2,3.7e-24,1.22239242133645,0.1219
"cellular pigmentation","E1_06_14",6,5,3.7e-24,0.222392421336448,0.8199
"regulation of fibroblast migration","E1_06_14",7,2,3.7e-24,1.41503749927884,0.0843
"cellular carbohydrate metabolic process","E1_06_14",4,11,3.7e-24,-1.26303440583379,0.0111
"positive regulation of axonogenesis","E1_06_14",6,5,3.7e-24,0.222392421336448,0.8243
"kinetochore organization","E1_06_14",1,1,3.7e-24,0,1
"stem cell differentiation","E1_06_14",18,13,3.7e-24,0.440572591385981,0.28
"proton transmembrane transport","E1_06_14",5,5,3.7e-24,0,1
"cellular response to insulin stimulus","E1_06_14",10,11,3.7e-24,-0.125530882083859,0.7639
"establishment of mitotic spindle localization","E1_06_14",4,1,3.7e-24,1.32192809488736,0.0372
"cell redox homeostasis","E1_06_14",0,2,3.7e-24,-1.58496250072116,0.1477
"stress granule assembly","E1_06_14",0,1,3.7e-24,-1,0.4162
"protein neddylation","E1_06_14",2,1,3.7e-24,0.584962500721156,0.6253
"regulation of mitochondrial membrane potential","E1_06_14",2,3,3.7e-24,-0.415037499278844,0.5944
"neuron death","E1_06_14",16,16,3.7e-24,0,1
"defense response to virus","E1_06_14",11,12,3.7e-24,-0.115477217419936,0.7852
"sulfur compound metabolic process","E1_06_14",11,16,3.7e-24,-0.502500340529183,0.1801
"NADP metabolic process","E1_06_14",1,1,3.7e-24,0,1
"vacuolar acidification","E1_06_14",1,1,3.7e-24,0,1
"oligosaccharide-lipid intermediate biosynthetic process","E1_06_14",0,1,3.7e-24,-1,0.514
"lysosomal lumen acidification","E1_06_14",1,1,3.7e-24,0,1
"glycosyl compound biosynthetic process","E1_06_14",2,1,3.7e-24,0.584962500721156,0.6788
"heart valve development","E1_06_14",0,2,3.7e-24,-1.58496250072116,0.0943
"water-soluble vitamin metabolic process","E1_06_14",3,3,3.7e-24,0,1
"interferon-beta production","E1_06_14",3,3,3.7e-24,0,1
"regulation of interferon-beta production","E1_06_14",4,2,3.7e-24,0.736965594166206,0.3
"branched-chain amino acid metabolic process","E1_06_14",1,1,3.7e-24,0,1
"regulation of mitochondrial membrane permeability","E1_06_14",1,2,3.7e-24,-0.584962500721156,0.529
"respiratory tube development","E1_06_14",6,9,3.7e-24,-0.514573172829758,0.3002
"cellular senescence","E1_06_14",8,5,3.7e-24,0.584962500721156,0.3947
"positive regulation of neurogenesis","E1_06_14",9,7,3.7e-24,0.321928094887362,0.5783
"mitochondrial outer membrane permeabilization","E1_06_14",2,3,3.7e-24,-0.415037499278844,0.6071
"immune system development","E1_06_14",11,10,3.7e-24,0.125530882083859,0.8736
"clathrin-dependent endocytosis","E1_06_14",4,4,3.7e-24,0,1
"positive regulation of viral process","E1_06_14",1,2,3.7e-24,-0.584962500721156,0.5705
"bone development","E1_06_14",21,13,3.7e-24,0.652076696579693,0.077
"cell-substrate adhesion","E1_06_14",12,15,3.7e-24,-0.299560281858908,0.4539
"positive regulation of microtubule polymerization","E1_06_14",1,1,3.7e-24,0,1
"pteridine-containing compound metabolic process","E1_06_14",2,2,3.7e-24,0,1
"response to arsenic-containing substance","E1_06_14",2,3,3.7e-24,-0.415037499278844,0.6
"response to insulin","E1_06_14",13,12,3.7e-24,0.106915203916512,0.8835
"ubiquinone metabolic process","E1_06_14",1,0,3.7e-24,1,0.4697
"cellular response to arsenic-containing substance","E1_06_14",0,1,3.7e-24,-1,0.4616
"inositol phosphate catabolic process","E1_06_14",0,0,3.7e-24,0,1
"telomerase RNA localization to Cajal body","E1_06_14",1,1,3.7e-24,0,1
"respiratory system development","E1_06_14",12,10,3.7e-24,0.241008099503795,0.6434
"regulation of generation of precursor metabolites and energy","E1_06_14",7,6,3.7e-24,0.192645077942396,0.8373
"mitochondrial calcium ion homeostasis","E1_06_14",3,1,3.7e-24,1,0.4208
"G0 to G1 transition","E1_06_14",1,2,3.7e-24,-0.584962500721156,0.5789
"mitochondrial genome maintenance","E1_06_14",0,1,3.7e-24,-1,0.4684
"release of cytochrome c from mitochondria","E1_06_14",2,2,3.7e-24,0,1
"cortical cytoskeleton organization","E1_06_14",1,1,3.7e-24,0,1
"response to sterol depletion","E1_06_14",2,1,3.7e-24,0.584962500721156,0.6304
"regulation of ncRNA transcription","E1_06_14",1,1,3.7e-24,0,1
"mesenchymal cell differentiation","E1_06_14",6,9,3.7e-24,-0.514573172829758,0.2648
"protein-DNA complex subunit organization","E1_06_14",13,12,3.7e-24,0.106915203916512,0.8897
"response to fluid shear stress","E1_06_14",0,1,3.7e-24,-1,0.4191
"collagen fibril organization","E1_06_14",4,3,3.7e-24,0.321928094887362,0.7755
"roof of mouth development","E1_06_14",4,4,3.7e-24,0,1
"regulation of protein dephosphorylation","E1_06_14",3,3,3.7e-24,0,1
"multicellular organism growth","E1_06_14",6,6,3.7e-24,0,1
"miRNA processing","E1_06_14",0,2,3.7e-24,-1.58496250072116,0.1549
"small molecule catabolic process","E1_06_14",13,17,3.7e-24,-0.362570079384708,0.2857
"regulation of G0 to G1 transition","E1_06_14",0,1,3.7e-24,-1,0.4148
"circadian regulation of gene expression","E1_06_14",3,4,3.7e-24,-0.321928094887362,0.6454
"regulation of translational fidelity","E1_06_14",1,1,3.7e-24,0,1
"ubiquinone biosynthetic process","E1_06_14",0,0,3.7e-24,0,1
"mitochondrial calcium ion transmembrane transport","E1_06_14",0,1,3.7e-24,-1,0.5348
"quinone biosynthetic process","E1_06_14",0,0,3.7e-24,0,1
"viral release from host cell","E1_06_14",1,2,3.7e-24,-0.584962500721156,0.5655
"exit from host cell","E1_06_14",0,1,3.7e-24,-1,0.499
"positive regulation of GTPase activity","E1_06_14",9,13,3.7e-24,-0.485426827170242,0.2298
"regulation of cytokinesis","E1_06_14",4,5,3.7e-24,-0.263034405833794,0.6748
"mitochondrion localization","E1_06_14",3,1,3.7e-24,1,0.4142
"renal system development","E1_06_14",13,15,3.7e-24,-0.192645077942396,0.6081
"regulation of cysteine-type endopeptidase activity involved in apoptotic process","E1_06_14",9,8,3.7e-24,0.15200309344505,0.8643
"regulation of cell-substrate adhesion","E1_06_14",8,11,3.7e-24,-0.415037499278844,0.3362
"centrosome localization","E1_06_14",1,1,3.7e-24,0,1
"microtubule organizing center localization","E1_06_14",6,3,3.7e-24,0.807354922057604,0.3065
"pinocytosis","E1_06_14",1,0,3.7e-24,1,0.4566
"lamellipodium assembly","E1_06_14",6,5,3.7e-24,0.222392421336448,0.8265
"cellular response to sterol depletion","E1_06_14",2,1,3.7e-24,0.584962500721156,0.6429
"placenta development","E1_06_14",7,8,3.7e-24,-0.169925001442312,0.7378
"rhythmic process","E1_06_14",12,16,3.7e-24,-0.387023123109247,0.2807
"spindle localization","E1_06_14",3,4,3.7e-24,-0.321928094887362,0.643
"carbohydrate derivative catabolic process","E1_06_14",10,8,3.7e-24,0.289506617194985,0.5992
"response to amino acid","E1_06_14",4,6,3.7e-24,-0.485426827170242,0.4471
"regulation of intracellular steroid hormone receptor signaling pathway","E1_06_14",1,2,3.7e-24,-0.584962500721156,0.5323
"regulation of neuron death","E1_06_14",11,14,3.7e-24,-0.321928094887362,0.4372
"ossification","E1_06_14",21,20,3.7e-24,0.067114195858537,0.9121
"mammary gland epithelial cell proliferation","E1_06_14",3,2,3.7e-24,0.415037499278844,0.7448
"ribosomal subunit export from nucleus","E1_06_14",3,1,3.7e-24,1,0.4155
"ribosome localization","E1_06_14",1,0,3.7e-24,1,0.3699
"protein transport to vacuole involved in ubiquitin-dependent protein catabolic process via the multivesicular body sorting pathway","E1_06_14",2,1,3.7e-24,0.584962500721156,0.6717
"seminiferous tubule development","E1_06_14",0,0,3.7e-24,0,1
"cellular response to acid chemical","E1_06_14",7,6,3.7e-24,0.192645077942396,0.8405
"positive regulation of kinase activity","E1_06_14",19,19,3.7e-24,0,1
"positive regulation by host of viral process","E1_06_14",1,1,3.7e-24,0,1
"mitochondrion morphogenesis","E1_06_14",0,1,3.7e-24,-1,0.4615
"regulation of establishment of cell polarity","E1_06_14",2,1,3.7e-24,0.584962500721156,0.6542
"cellular lipid catabolic process","E1_06_14",9,9,3.7e-24,0,1
"neuron apoptotic process","E1_06_14",7,13,3.7e-24,-0.807354922057604,0.053
"inner cell mass cell proliferation","E1_06_14",0,0,3.7e-24,0,1
"polyamine biosynthetic process","E1_06_14",1,0,3.7e-24,1,0.4985
"folic acid metabolic process","E1_06_14",0,0,3.7e-24,0,1
"organelle inheritance","E1_06_14",1,0,3.7e-24,1,0.378
"polyol metabolic process","E1_06_14",2,4,3.7e-24,-0.736965594166206,0.2766
"regulation of type I interferon-mediated signaling pathway","E1_06_14",2,2,3.7e-24,0,1
"intracellular lipid transport","E1_06_14",2,1,3.7e-24,0.584962500721156,0.6803
"fat cell differentiation","E1_06_14",4,9,3.7e-24,-1,0.0508
"iron ion homeostasis","E1_06_14",5,4,3.7e-24,0.263034405833794,0.8136
"negative regulation of cell projection organization","E1_06_14",7,7,3.7e-24,0,1
"dicarboxylic acid metabolic process","E1_06_14",2,3,3.7e-24,-0.415037499278844,0.5967
"regulation of anatomical structure size","E1_06_14",19,24,3.7e-24,-0.321928094887362,0.2691
"regulation of small molecule metabolic process","E1_06_14",5,14,3.7e-24,-1.32192809488736,0.0044
"pentose-phosphate shunt","E1_06_14",1,1,3.7e-24,0,1
"pericardium development","E1_06_14",2,1,3.7e-24,0.584962500721156,0.6432
"lysosomal protein catabolic process","E1_06_14",4,2,3.7e-24,0.736965594166206,0.272
"carbohydrate derivative transport","E1_06_14",5,4,3.7e-24,0.263034405833794,0.812
"alcohol biosynthetic process","E1_06_14",6,7,3.7e-24,-0.192645077942396,0.7132
"regulation of membrane permeability","E1_06_14",4,2,3.7e-24,0.736965594166206,0.3169
"signal peptide processing","E1_06_14",0,0,3.7e-24,0,1
"UV-damage excision repair","E1_06_14",0,0,3.7e-24,0,1
"biological process involved in interaction with host","E1_06_14",10,10,3.7e-24,0,1
"body morphogenesis","E1_06_14",1,3,3.7e-24,-1,0.265
"extracellular vesicle biogenesis","E1_06_14",5,2,3.7e-24,1,0.191
"negative regulation of defense response to virus","E1_06_14",0,1,3.7e-24,-1,0.43
"aminoglycan biosynthetic process","E1_06_14",1,3,3.7e-24,-1,0.1978
"sterol biosynthetic process","E1_06_14",1,2,3.7e-24,-0.584962500721156,0.5375
"polyamine metabolic process","E1_06_14",2,1,3.7e-24,0.584962500721156,0.6376
"magnesium ion transport","E1_06_14",0,1,3.7e-24,-1,0.428
"lamellipodium morphogenesis","E1_06_14",1,1,3.7e-24,0,1
"positive regulation of neuron migration","E1_06_14",2,1,3.7e-24,0.584962500721156,0.6343
"regulation of glucose metabolic process","E1_06_14",1,3,3.7e-24,-1,0.2048
"monosaccharide biosynthetic process","E1_06_14",4,5,3.7e-24,-0.263034405833794,0.6746
"response to acid chemical","E1_06_14",7,4,3.7e-24,0.678071905112638,0.3374
"regulation of carbohydrate metabolic process","E1_06_14",9,8,3.7e-24,0.15200309344505,0.8582
"positive regulation of nervous system development","E1_06_14",9,11,3.7e-24,-0.263034405833794,0.5568
"regulation of circadian rhythm","E1_06_14",4,5,3.7e-24,-0.263034405833794,0.669
"trabecula morphogenesis","E1_06_14",2,2,3.7e-24,0,1
"pigment accumulation","E1_06_14",0,0,3.7e-24,0,1
"cellular pigment accumulation","E1_06_14",0,0,3.7e-24,0,1
"regulation of pinocytosis","E1_06_14",0,0,3.7e-24,0,1
"regulation of ligase activity","E1_06_14",2,0,3.7e-24,1.58496250072116,0.0764
"smoothened signaling pathway involved in dorsal/ventral neural tube patterning","E1_06_14",0,0,3.7e-24,0,1
"glycosyl compound metabolic process","E1_06_14",3,2,3.7e-24,0.415037499278844,0.7443
"substantia nigra development","E1_06_14",5,2,3.7e-24,1,0.1778
"negative regulation of GTPase activity","E1_06_14",3,1,3.7e-24,1,0.4227
"axon extension","E1_06_14",3,5,3.7e-24,-0.584962500721156,0.321
"positive regulation of epithelial to mesenchymal transition","E1_06_14",3,3,3.7e-24,0,1
"one-carbon metabolic process","E1_06_14",1,1,3.7e-24,0,1
"NADPH regeneration","E1_06_14",1,1,3.7e-24,0,1
"cellular response to dsRNA","E1_06_14",0,0,3.7e-24,0,1
"neuron projection organization","E1_06_14",3,4,3.7e-24,-0.321928094887362,0.6609
"postsynapse organization","E1_06_14",10,8,3.7e-24,0.289506617194985,0.5959
"regulation of ketone biosynthetic process","E1_06_14",0,1,3.7e-24,-1,0.4849
"mitochondrion distribution","E1_06_14",0,0,3.7e-24,0,1
"regulation of autophagosome maturation","E1_06_14",3,1,3.7e-24,1,0.4593
"magnesium ion transmembrane transport","E1_06_14",0,1,3.7e-24,-1,0.4088
"regulation of cell division","E1_06_14",7,7,3.7e-24,0,1
"intermembrane lipid transfer","E1_06_14",2,2,3.7e-24,0,1
"organophosphate ester transport","E1_06_14",11,6,3.7e-24,0.777607578663552,0.1752
"movement in host","E1_06_14",4,8,3.7e-24,-0.84799690655495,0.0862
"extracellular matrix assembly","E1_06_14",3,1,3.7e-24,1,0.4299
"cellular metabolic compound salvage","E1_06_14",1,1,3.7e-24,0,1
"regulation of ATP-dependent activity","E1_06_14",2,2,3.7e-24,0,1
"cell migration involved in heart development","E1_06_14",1,1,3.7e-24,0,1
"cellular response to fluid shear stress","E1_06_14",0,1,3.7e-24,-1,0.4203
"sphingomyelin biosynthetic process","E1_06_14",3,0,3.7e-24,2,0.0145
"ether lipid biosynthetic process","E1_06_14",0,0,3.7e-24,0,1
"embryonic body morphogenesis","E1_06_14",1,1,3.7e-24,0,1
"amino sugar biosynthetic process","E1_06_14",1,0,3.7e-24,1,0.3794
"glycerol ether biosynthetic process","E1_06_14",0,0,3.7e-24,0,1
"pigmentation","E1_06_14",3,4,3.7e-24,-0.321928094887362,0.6496
"cellular response to ketone","E1_06_14",8,5,3.7e-24,0.584962500721156,0.3965
"nonribosomal peptide biosynthetic process","E1_06_14",1,1,3.7e-24,0,1
"glial cell apoptotic process","E1_06_14",1,0,3.7e-24,1,0.1931
"lipoprotein catabolic process","E1_06_14",0,0,3.7e-24,0,1
"suppression of viral release by host","E1_06_14",0,0,3.7e-24,0,1
"chaperone-mediated autophagy","E1_06_14",1,0,3.7e-24,1,0.4845
"regulation of steroid hormone biosynthetic process","E1_06_14",0,1,3.7e-24,-1,0.5127
"synaptic vesicle lumen acidification","E1_06_14",0,1,3.7e-24,-1,0.4478
"semaphorin-plexin signaling pathway involved in neuron projection guidance","E1_06_14",0,1,3.7e-24,-1,0.4839
"regulation of Golgi organization","E1_06_14",0,1,3.7e-24,-1,0.5315
"Schwann cell differentiation","E1_06_14",2,1,3.7e-24,0.584962500721156,0.6621
"neurotrophin signaling pathway","E1_06_14",0,1,3.7e-24,-1,0.4707
"regulation of microtubule depolymerization","E1_06_14",0,1,3.7e-24,-1,0.4543
"basement membrane organization","E1_06_14",2,1,3.7e-24,0.584962500721156,0.6697
"establishment or maintenance of epithelial cell apical/basal polarity","E1_06_14",3,3,3.7e-24,0,1
"face development","E1_06_14",2,2,3.7e-24,0,1
"osteoblast differentiation","E1_06_14",14,10,3.7e-24,0.447458976971221,0.3584
"appendage development","E1_06_14",7,7,3.7e-24,0,1
"limb development","E1_06_14",2,7,3.7e-24,-1.41503749927884,0.0206
"regulation of ATP metabolic process","E1_06_14",4,3,3.7e-24,0.321928094887362,0.7719
"developmental growth involved in morphogenesis","E1_06_14",9,9,3.7e-24,0,1
"embryonic organ development","E1_06_14",17,21,3.7e-24,-0.289506617194985,0.3757
"negative regulation of growth","E1_06_14",7,9,3.7e-24,-0.321928094887362,0.5128
"microtubule depolymerization","E1_06_14",2,2,3.7e-24,0,1
"heme metabolic process","E1_06_14",1,3,3.7e-24,-1,0.2226
"regulation of neuron apoptotic process","E1_06_14",14,12,3.7e-24,0.206450877467426,0.665
"plasma membrane tubulation","E1_06_14",0,1,3.7e-24,-1,0.4279
"exosomal secretion","E1_06_14",0,1,3.7e-24,-1,0.4195
"vasculogenesis","E1_06_14",4,3,3.7e-24,0.321928094887362,0.7772
"toxin transport","E1_06_14",0,1,3.7e-24,-1,0.4603
"ncRNA processing","E1_08_16",19,31,3.7e-24,-0.678071905112638,0.0152
"ribosome biogenesis","E1_08_16",14,24,3.7e-24,-0.736965594166206,0.0225
"rRNA metabolic process","E1_08_16",20,21,3.7e-24,-0.0671141958585369,0.8334
"proteasome-mediated ubiquitin-dependent protein catabolic process","E1_08_16",37,33,3.7e-24,0.160464672193246,0.5339
"regulation of response to DNA damage stimulus","E1_08_16",27,22,3.7e-24,0.283792966000591,0.3353
"establishment of protein localization to organelle","E1_08_16",30,37,3.7e-24,-0.29373120305671,0.2283
"macroautophagy","E1_08_16",16,19,3.7e-24,-0.234465253637023,0.4957
"regulation of chromosome organization","E1_08_16",13,21,3.7e-24,-0.652076696579693,0.0429
"Golgi vesicle transport","E1_08_16",21,23,3.7e-24,-0.125530882083859,0.6739
"double-strand break repair","E1_08_16",16,21,3.7e-24,-0.371968777386958,0.2377
"histone modification","E1_08_16",25,27,3.7e-24,-0.106915203916512,0.6943
"sister chromatid segregation","E1_08_16",15,17,3.7e-24,-0.169925001442312,0.6326
"DNA replication","E1_08_16",13,21,3.7e-24,-0.652076696579693,0.0441
"chromosome segregation","E1_08_16",22,32,3.7e-24,-0.52083216330144,0.0456
"mitochondrial gene expression","E1_08_16",10,10,3.7e-24,0,1
"nucleocytoplasmic transport","E1_08_16",23,24,3.7e-24,-0.0588936890535686,0.839
"nuclear transport","E1_08_16",23,23,3.7e-24,0,1
"regulation of DNA repair","E1_08_16",17,19,3.7e-24,-0.15200309344505,0.6471
"peptidyl-lysine modification","E1_08_16",30,29,3.7e-24,0.0473057147783568,0.9274
"protein targeting","E1_08_16",19,25,3.7e-24,-0.37851162325373,0.2045
"cytoplasmic translation","E1_08_16",17,11,3.7e-24,0.584962500721156,0.1992
"regulation of autophagy","E1_08_16",25,22,3.7e-24,0.176877762084079,0.5958
"signal transduction in response to DNA damage","E1_08_16",12,12,3.7e-24,0,1
"regulation of intracellular transport","E1_08_16",28,25,3.7e-24,0.15754127698648,0.6121
"protein localization to nucleus","E1_08_16",22,18,3.7e-24,0.275634442613427,0.4203
"microtubule cytoskeleton organization involved in mitosis","E1_08_16",16,11,3.7e-24,0.502500340529183,0.2379
"telomere maintenance","E1_08_16",11,10,3.7e-24,0.125530882083859,0.8715
"cell cycle checkpoint signaling","E1_08_16",15,12,3.7e-24,0.299560281858908,0.4746
"regulation of protein modification by small protein conjugation or removal","E1_08_16",16,17,3.7e-24,-0.082462160191973,0.8153
"cellular respiration","E1_08_16",19,19,3.7e-24,0,1
"cellular component disassembly","E1_08_16",19,29,3.7e-24,-0.584962500721156,0.0342
"nuclear chromosome segregation","E1_08_16",21,23,3.7e-24,-0.125530882083859,0.6754
"regulation of protein stability","E1_08_16",19,19,3.7e-24,0,1
"regulation of cell cycle phase transition","E1_08_16",23,30,3.7e-24,-0.369233809665719,0.1496
"regulation of protein catabolic process","E1_08_16",23,23,3.7e-24,0,1
"response to endoplasmic reticulum stress","E1_08_16",17,19,3.7e-24,-0.15200309344505,0.6565
"vesicle organization","E1_08_16",16,24,3.7e-24,-0.556393348524385,0.0672
"mitochondrial respiratory chain complex assembly","E1_08_16",10,8,3.7e-24,0.289506617194985,0.595
"DNA-templated transcription elongation","E1_08_16",13,12,3.7e-24,0.106915203916512,0.8859
"mitochondrial transport","E1_08_16",13,11,3.7e-24,0.222392421336448,0.6519
"establishment of organelle localization","E1_08_16",29,28,3.7e-24,0.0489096004809465,0.9252
"regulation of intracellular protein transport","E1_08_16",9,12,3.7e-24,-0.37851162325373,0.4081
"response to UV","E1_08_16",8,10,3.7e-24,-0.289506617194985,0.5372
"RNA localization","E1_08_16",8,14,3.7e-24,-0.736965594166206,0.0702
"response to topologically incorrect protein","E1_08_16",11,13,3.7e-24,-0.222392421336448,0.5904
"organelle fission","E1_08_16",25,23,3.7e-24,0.115477217419936,0.7511
"non-membrane-bounded organelle assembly","E1_08_16",19,27,3.7e-24,-0.485426827170242,0.0906
"protein polyubiquitination","E1_08_16",11,18,3.7e-24,-0.662965012722429,0.0644
"methylation","E1_08_16",21,21,3.7e-24,0,1
"phospholipid biosynthetic process","E1_08_16",26,19,3.7e-24,0.432959407276106,0.1721
"oxidative phosphorylation","E1_08_16",8,12,3.7e-24,-0.53051471669878,0.2007
"establishment of protein localization to membrane","E1_08_16",16,16,3.7e-24,0,1
"in utero embryonic development","E1_08_16",18,24,3.7e-24,-0.395928676331139,0.1912
"vacuole organization","E1_08_16",9,17,3.7e-24,-0.84799690655495,0.0281
"nuclear-transcribed mRNA catabolic process","E1_08_16",7,5,3.7e-24,0.415037499278844,0.5155
"protein folding","E1_08_16",15,16,3.7e-24,-0.0874628412503394,0.8057
"DNA conformation change","E1_08_16",5,5,3.7e-24,0,1
"regulation of chromosome segregation","E1_08_16",5,8,3.7e-24,-0.584962500721156,0.2559
"regulation of apoptotic signaling pathway","E1_08_16",26,25,3.7e-24,0.0544477840223765,0.9166
"cell cycle G2/M phase transition","E1_08_16",9,12,3.7e-24,-0.37851162325373,0.3938
"vacuolar transport","E1_08_16",14,10,3.7e-24,0.447458976971221,0.3523
"response to ionizing radiation","E1_08_16",12,10,3.7e-24,0.241008099503795,0.6438
"cellular response to UV","E1_08_16",5,6,3.7e-24,-0.222392421336448,0.6929
"regulation of binding","E1_08_16",20,26,3.7e-24,-0.362570079384708,0.2124
"nucleic acid transport","E1_08_16",12,9,3.7e-24,0.37851162325373,0.4059
"RNA transport","E1_08_16",6,9,3.7e-24,-0.514573172829758,0.2966
"ribonucleoprotein complex subunit organization","E1_08_16",19,14,3.7e-24,0.415037499278844,0.291
"regulation of DNA replication","E1_08_16",5,10,3.7e-24,-0.874469117916141,0.0639
"ribose phosphate metabolic process","E1_08_16",20,25,3.7e-24,-0.308122295362332,0.2925
"proton motive force-driven ATP synthesis","E1_08_16",6,7,3.7e-24,-0.192645077942396,0.7234
"ribonucleotide metabolic process","E1_08_16",24,27,3.7e-24,-0.163498732282879,0.5641
"telomere organization","E1_08_16",4,11,3.7e-24,-1.26303440583379,0.0129
"cellular response to topologically incorrect protein","E1_08_16",3,6,3.7e-24,-0.807354922057604,0.1526
"Golgi organization","E1_08_16",11,10,3.7e-24,0.125530882083859,0.8783
"ribonucleoprotein complex assembly","E1_08_16",16,19,3.7e-24,-0.234465253637023,0.499
"cellular nitrogen compound catabolic process","E1_08_16",32,33,3.7e-24,-0.043068721891886,0.8607
"negative regulation of phosphorus metabolic process","E1_08_16",23,34,3.7e-24,-0.54432051622381,0.0321
"heterocycle catabolic process","E1_08_16",24,25,3.7e-24,-0.0565835283663674,0.8413
"mitochondrial membrane organization","E1_08_16",7,7,3.7e-24,0,1
"regulation of protein-containing complex assembly","E1_08_16",19,24,3.7e-24,-0.321928094887362,0.2815
"positive regulation of cellular component biogenesis","E1_08_16",26,33,3.7e-24,-0.332575339086871,0.1971
"response to oxidative stress","E1_08_16",32,25,3.7e-24,0.343954401217361,0.2286
"regulation of supramolecular fiber organization","E1_08_16",21,25,3.7e-24,-0.241008099503795,0.4249
"positive regulation of protein localization","E1_08_16",19,24,3.7e-24,-0.321928094887362,0.2698
"positive regulation of cell projection organization","E1_08_16",37,23,3.7e-24,0.662965012722429,0.0324
"negative regulation of transferase activity","E1_08_16",18,15,3.7e-24,0.247927513443586,0.5152
"autophagy of mitochondrion","E1_08_16",5,4,3.7e-24,0.263034405833794,0.8021
"positive regulation of amide metabolic process","E1_08_16",7,13,3.7e-24,-0.807354922057604,0.0588
"chromatin remodeling","E1_08_16",19,28,3.7e-24,-0.53605290024021,0.0536
"viral process","E1_08_16",13,24,3.7e-24,-0.83650126771712,0.0096
"macromolecule deacylation","E1_08_16",8,9,3.7e-24,-0.15200309344505,0.7416
"mitotic cytokinesis","E1_08_16",3,5,3.7e-24,-0.584962500721156,0.3459
"aromatic compound catabolic process","E1_08_16",20,31,3.7e-24,-0.60768257722124,0.0222
"vesicle localization","E1_08_16",10,13,3.7e-24,-0.347923303420307,0.423
"establishment or maintenance of cell polarity","E1_08_16",14,11,3.7e-24,0.321928094887362,0.4521
"Wnt signaling pathway","E1_08_16",23,26,3.7e-24,-0.169925001442312,0.5606
"cell-cell signaling by wnt","E1_08_16",24,28,3.7e-24,-0.214124805352848,0.4596
"ATP metabolic process","E1_08_16",22,16,3.7e-24,0.436099114806674,0.214
"cellular response to chemical stress","E1_08_16",21,22,3.7e-24,-0.0641303374197156,0.8339
"regulation of vacuole organization","E1_08_16",0,3,3.7e-24,-2,0.057
"cellular response to external stimulus","E1_08_16",8,16,3.7e-24,-0.917537839808027,0.0199
"negative regulation of protein phosphorylation","E1_08_16",17,25,3.7e-24,-0.53051471669878,0.0715
"negative regulation of catabolic process","E1_08_16",12,16,3.7e-24,-0.387023123109247,0.2785
"regulation of microtubule cytoskeleton organization","E1_08_16",0,8,3.7e-24,-3.16992500144231,5e-04
"chromosome localization","E1_08_16",4,8,3.7e-24,-0.84799690655495,0.105
"negative regulation of mitotic nuclear division","E1_08_16",3,4,3.7e-24,-0.321928094887362,0.6633
"regulation of actin filament organization","E1_08_16",15,13,3.7e-24,0.192645077942396,0.6714
"dephosphorylation","E1_08_16",19,20,3.7e-24,-0.070389327891398,0.8261
"glycosylation","E1_08_16",13,15,3.7e-24,-0.192645077942396,0.6092
"positive regulation of establishment of protein localization","E1_08_16",15,20,3.7e-24,-0.39231742277876,0.2264
"regulation of microtubule-based process","E1_08_16",5,12,3.7e-24,-1.11547721741994,0.0172
"cell-substrate junction organization","E1_08_16",10,7,3.7e-24,0.459431618637297,0.3475
"protein-containing complex localization","E1_08_16",13,14,3.7e-24,-0.0995356735509144,0.7956
"mitochondrial transmembrane transport","E1_08_16",6,5,3.7e-24,0.222392421336448,0.8244
"stem cell population maintenance","E1_08_16",13,12,3.7e-24,0.106915203916512,0.8916
"ribosome assembly","E1_08_16",5,5,3.7e-24,0,1
"intraciliary transport","E1_08_16",3,3,3.7e-24,0,1
"Golgi to plasma membrane protein transport","E1_08_16",1,2,3.7e-24,-0.584962500721156,0.5382
"response to amino acid starvation","E1_08_16",3,4,3.7e-24,-0.321928094887362,0.6595
"cellular response to extracellular stimulus","E1_08_16",18,16,3.7e-24,0.160464672193246,0.7088
"cell growth","E1_08_16",13,25,3.7e-24,-0.893084796083488,0.0053
"protein glycosylation","E1_08_16",13,13,3.7e-24,0,1
"macromolecule glycosylation","E1_08_16",18,18,3.7e-24,0,1
"maintenance of cell number","E1_08_16",15,14,3.7e-24,0.0931094043914815,0.8948
"response to reactive oxygen species","E1_08_16",9,10,3.7e-24,-0.137503523749935,0.7665
"regulation of cell morphogenesis","E1_08_16",14,14,3.7e-24,0,1
"regulation of cellular component size","E1_08_16",22,20,3.7e-24,0.131244533278253,0.7348
"cell-substrate junction assembly","E1_08_16",10,6,3.7e-24,0.652076696579693,0.2388
"membrane fission","E1_08_16",6,4,3.7e-24,0.485426827170242,0.4623
"membrane docking","E1_08_16",7,5,3.7e-24,0.415037499278844,0.5046
"fibroblast migration","E1_08_16",4,5,3.7e-24,-0.263034405833794,0.6963
"nucleus organization","E1_08_16",10,9,3.7e-24,0.137503523749935,0.8661
"regulation of cell growth","E1_08_16",24,25,3.7e-24,-0.0565835283663674,0.8412
"fibroblast proliferation","E1_08_16",13,8,3.7e-24,0.637429920615292,0.1627
"cell cycle G1/S phase transition","E1_08_16",17,13,3.7e-24,0.362570079384708,0.3347
"actin filament organization","E1_08_16",26,27,3.7e-24,-0.0524674198941355,0.8528
"response to oxygen levels","E1_08_16",29,26,3.7e-24,0.15200309344505,0.6343
"epigenetic regulation of gene expression","E1_08_16",5,7,3.7e-24,-0.415037499278844,0.4736
"organelle fusion","E1_08_16",4,7,3.7e-24,-0.678071905112638,0.2107
"lipoprotein metabolic process","E1_08_16",7,6,3.7e-24,0.192645077942396,0.8407
"protein lipidation","E1_08_16",9,7,3.7e-24,0.321928094887362,0.5814
"regulation of plasma membrane bounded cell projection assembly","E1_08_16",11,9,3.7e-24,0.263034405833794,0.6244
"regulation of actin filament-based process","E1_08_16",24,23,3.7e-24,0.0588936890535686,0.9143
"regulation of GTPase activity","E1_08_16",21,19,3.7e-24,0.137503523749935,0.7254
"nuclear envelope organization","E1_08_16",4,4,3.7e-24,0,1
"protein autophosphorylation","E1_08_16",12,11,3.7e-24,0.115477217419936,0.8778
"connective tissue development","E1_08_16",17,17,3.7e-24,0,1
"cellular response to heat","E1_08_16",2,3,3.7e-24,-0.415037499278844,0.623
"myeloid cell homeostasis","E1_08_16",12,12,3.7e-24,0,1
"regulation of neuron projection development","E1_08_16",25,23,3.7e-24,0.115477217419936,0.749
"receptor metabolic process","E1_08_16",5,5,3.7e-24,0,1
"maintenance of protein location in cell","E1_08_16",1,3,3.7e-24,-1,0.2021
"apoptotic mitochondrial changes","E1_08_16",9,9,3.7e-24,0,1
"response to transforming growth factor beta","E1_08_16",18,13,3.7e-24,0.440572591385981,0.2733
"neural tube development","E1_08_16",2,10,3.7e-24,-1.87446911791614,0.002
"maintenance of protein location","E1_08_16",7,7,3.7e-24,0,1
"regulation of ubiquitin-protein transferase activity","E1_08_16",6,4,3.7e-24,0.485426827170242,0.4611
"cilium assembly","E1_08_16",28,22,3.7e-24,0.334419039070559,0.2898
"mRNA export from nucleus","E1_08_16",3,4,3.7e-24,-0.321928094887362,0.6441
"regulation of cell-substrate junction organization","E1_08_16",7,6,3.7e-24,0.192645077942396,0.8411
"membrane biogenesis","E1_08_16",5,4,3.7e-24,0.263034405833794,0.8097
"cilium organization","E1_08_16",18,21,3.7e-24,-0.211504105193712,0.5135
"platelet-derived growth factor receptor signaling pathway","E1_08_16",4,2,3.7e-24,0.736965594166206,0.2988
"iron-sulfur cluster assembly","E1_08_16",0,1,3.7e-24,-1,0.4504
"metallo-sulfur cluster assembly","E1_08_16",0,4,3.7e-24,-2.32192809488736,0.0275
"centromere complex assembly","E1_08_16",4,2,3.7e-24,0.736965594166206,0.3204
"cellular response to oxygen levels","E1_08_16",2,7,3.7e-24,-1.41503749927884,0.0199
"fatty acid beta-oxidation","E1_08_16",3,4,3.7e-24,-0.321928094887362,0.638
"organelle localization by membrane tethering","E1_08_16",9,8,3.7e-24,0.15200309344505,0.8635
"autophagosome maturation","E1_08_16",9,5,3.7e-24,0.736965594166206,0.1981
"cellular response to transforming growth factor beta stimulus","E1_08_16",8,12,3.7e-24,-0.53051471669878,0.2202
"nucleotide catabolic process","E1_08_16",4,4,3.7e-24,0,1
"tube closure","E1_08_16",7,6,3.7e-24,0.192645077942396,0.8423
"regulation of stem cell differentiation","E1_08_16",3,5,3.7e-24,-0.584962500721156,0.3321
"substrate adhesion-dependent cell spreading","E1_08_16",4,5,3.7e-24,-0.263034405833794,0.6643
"chondrocyte differentiation","E1_08_16",10,6,3.7e-24,0.652076696579693,0.2357
"regulation of fibroblast proliferation","E1_08_16",6,7,3.7e-24,-0.192645077942396,0.7167
"morphogenesis of an epithelial sheet","E1_08_16",4,5,3.7e-24,-0.263034405833794,0.6703
"microtubule polymerization","E1_08_16",3,3,3.7e-24,0,1
"response to virus","E1_08_16",19,20,3.7e-24,-0.070389327891398,0.8203
"membrane assembly","E1_08_16",5,4,3.7e-24,0.263034405833794,0.8094
"COPII vesicle coating","E1_08_16",1,1,3.7e-24,0,1
"erythrocyte differentiation","E1_08_16",6,6,3.7e-24,0,1
"organophosphate catabolic process","E1_08_16",9,11,3.7e-24,-0.263034405833794,0.5619
"regulation of embryonic development","E1_08_16",9,5,3.7e-24,0.736965594166206,0.1993
"regulation of focal adhesion assembly","E1_08_16",4,3,3.7e-24,0.321928094887362,0.7804
"regulation of cell-substrate junction assembly","E1_08_16",2,3,3.7e-24,-0.415037499278844,0.5963
"regulation of extracellular matrix organization","E1_08_16",3,4,3.7e-24,-0.321928094887362,0.6477
"GPI anchor biosynthetic process","E1_08_16",2,2,3.7e-24,0,1
"lamellipodium organization","E1_08_16",4,6,3.7e-24,-0.485426827170242,0.4333
"positive regulation of stem cell population maintenance","E1_08_16",5,3,3.7e-24,0.584962500721156,0.4029
"monosaccharide metabolic process","E1_08_16",16,13,3.7e-24,0.280107919192735,0.4898
"U2-type prespliceosome assembly","E1_08_16",0,1,3.7e-24,-1,0.4144
"heterochromatin formation","E1_08_16",2,5,3.7e-24,-1,0.1453
"peroxisome organization","E1_08_16",4,2,3.7e-24,0.736965594166206,0.3057
"regulation of mitochondrial fission","E1_08_16",3,2,3.7e-24,0.415037499278844,0.7443
"cellular pigmentation","E1_08_16",5,7,3.7e-24,-0.415037499278844,0.4716
"regulation of fibroblast migration","E1_08_16",3,3,3.7e-24,0,1
"cellular carbohydrate metabolic process","E1_08_16",7,14,3.7e-24,-0.906890595608518,0.0271
"positive regulation of axonogenesis","E1_08_16",9,5,3.7e-24,0.736965594166206,0.1948
"kinetochore organization","E1_08_16",2,1,3.7e-24,0.584962500721156,0.6581
"stem cell differentiation","E1_08_16",8,16,3.7e-24,-0.917537839808027,0.0163
"proton transmembrane transport","E1_08_16",7,7,3.7e-24,0,1
"cellular response to insulin stimulus","E1_08_16",14,12,3.7e-24,0.206450877467426,0.671
"establishment of mitotic spindle localization","E1_08_16",0,1,3.7e-24,-1,0.4209
"cell redox homeostasis","E1_08_16",3,2,3.7e-24,0.415037499278844,0.7336
"stress granule assembly","E1_08_16",1,1,3.7e-24,0,1
"protein neddylation","E1_08_16",2,1,3.7e-24,0.584962500721156,0.6728
"regulation of mitochondrial membrane potential","E1_08_16",5,4,3.7e-24,0.263034405833794,0.8085
"neuron death","E1_08_16",15,21,3.7e-24,-0.459431618637297,0.1507
"defense response to virus","E1_08_16",14,17,3.7e-24,-0.263034405833794,0.4715
"sulfur compound metabolic process","E1_08_16",17,20,3.7e-24,-0.222392421336448,0.5123
"NADP metabolic process","E1_08_16",1,1,3.7e-24,0,1
"vacuolar acidification","E1_08_16",2,2,3.7e-24,0,1
"oligosaccharide-lipid intermediate biosynthetic process","E1_08_16",1,1,3.7e-24,0,1
"lysosomal lumen acidification","E1_08_16",1,1,3.7e-24,0,1
"glycosyl compound biosynthetic process","E1_08_16",1,2,3.7e-24,-0.584962500721156,0.5877
"heart valve development","E1_08_16",7,4,3.7e-24,0.678071905112638,0.3598
"water-soluble vitamin metabolic process","E1_08_16",2,4,3.7e-24,-0.736965594166206,0.2563
"interferon-beta production","E1_08_16",6,3,3.7e-24,0.807354922057604,0.2873
"regulation of interferon-beta production","E1_08_16",1,2,3.7e-24,-0.584962500721156,0.5298
"branched-chain amino acid metabolic process","E1_08_16",1,1,3.7e-24,0,1
"regulation of mitochondrial membrane permeability","E1_08_16",2,3,3.7e-24,-0.415037499278844,0.5981
"respiratory tube development","E1_08_16",10,11,3.7e-24,-0.125530882083859,0.775
"cellular senescence","E1_08_16",4,6,3.7e-24,-0.485426827170242,0.4321
"positive regulation of neurogenesis","E1_08_16",13,11,3.7e-24,0.222392421336448,0.6562
"mitochondrial outer membrane permeabilization","E1_08_16",3,3,3.7e-24,0,1
"immune system development","E1_08_16",10,13,3.7e-24,-0.347923303420307,0.4189
"clathrin-dependent endocytosis","E1_08_16",7,6,3.7e-24,0.192645077942396,0.8442
"positive regulation of viral process","E1_08_16",4,2,3.7e-24,0.736965594166206,0.344
"bone development","E1_08_16",12,16,3.7e-24,-0.387023123109247,0.2703
"cell-substrate adhesion","E1_08_16",17,18,3.7e-24,-0.0780025120012732,0.8138
"positive regulation of microtubule polymerization","E1_08_16",1,2,3.7e-24,-0.584962500721156,0.5707
"pteridine-containing compound metabolic process","E1_08_16",1,2,3.7e-24,-0.584962500721156,0.5429
"response to arsenic-containing substance","E1_08_16",4,3,3.7e-24,0.321928094887362,0.7879
"response to insulin","E1_08_16",15,15,3.7e-24,0,1
"ubiquinone metabolic process","E1_08_16",1,1,3.7e-24,0,1
"cellular response to arsenic-containing substance","E1_08_16",3,1,3.7e-24,1,0.4114
"inositol phosphate catabolic process","E1_08_16",0,1,3.7e-24,-1,0.494
"telomerase RNA localization to Cajal body","E1_08_16",0,1,3.7e-24,-1,0.4142
"respiratory system development","E1_08_16",13,14,3.7e-24,-0.0995356735509144,0.7907
"regulation of generation of precursor metabolites and energy","E1_08_16",9,7,3.7e-24,0.321928094887362,0.5748
"mitochondrial calcium ion homeostasis","E1_08_16",2,2,3.7e-24,0,1
"G0 to G1 transition","E1_08_16",0,2,3.7e-24,-1.58496250072116,0.094
"mitochondrial genome maintenance","E1_08_16",0,1,3.7e-24,-1,0.4176
"release of cytochrome c from mitochondria","E1_08_16",2,3,3.7e-24,-0.415037499278844,0.6083
"cortical cytoskeleton organization","E1_08_16",0,2,3.7e-24,-1.58496250072116,0.0911
"response to sterol depletion","E1_08_16",1,1,3.7e-24,0,1
"regulation of ncRNA transcription","E1_08_16",1,1,3.7e-24,0,1
"mesenchymal cell differentiation","E1_08_16",11,13,3.7e-24,-0.222392421336448,0.5924
"protein-DNA complex subunit organization","E1_08_16",11,15,3.7e-24,-0.415037499278844,0.274
"response to fluid shear stress","E1_08_16",1,2,3.7e-24,-0.584962500721156,0.577
"collagen fibril organization","E1_08_16",3,4,3.7e-24,-0.321928094887362,0.6508
"roof of mouth development","E1_08_16",4,5,3.7e-24,-0.263034405833794,0.6734
"regulation of protein dephosphorylation","E1_08_16",4,5,3.7e-24,-0.263034405833794,0.6698
"multicellular organism growth","E1_08_16",4,8,3.7e-24,-0.84799690655495,0.1216
"miRNA processing","E1_08_16",4,3,3.7e-24,0.321928094887362,0.7761
"small molecule catabolic process","E1_08_16",14,22,3.7e-24,-0.616671360448494,0.0577
"regulation of G0 to G1 transition","E1_08_16",0,2,3.7e-24,-1.58496250072116,0.1787
"circadian regulation of gene expression","E1_08_16",7,4,3.7e-24,0.678071905112638,0.3408
"regulation of translational fidelity","E1_08_16",1,1,3.7e-24,0,1
"ubiquinone biosynthetic process","E1_08_16",0,0,3.7e-24,0,1
"mitochondrial calcium ion transmembrane transport","E1_08_16",0,1,3.7e-24,-1,0.4773
"quinone biosynthetic process","E1_08_16",0,1,3.7e-24,-1,0.5016
"viral release from host cell","E1_08_16",1,2,3.7e-24,-0.584962500721156,0.5431
"exit from host cell","E1_08_16",1,1,3.7e-24,0,1
"positive regulation of GTPase activity","E1_08_16",18,16,3.7e-24,0.160464672193246,0.7019
"regulation of cytokinesis","E1_08_16",1,6,3.7e-24,-1.8073549220576,0.0186
"mitochondrion localization","E1_08_16",0,3,3.7e-24,-2,0.0662
"renal system development","E1_08_16",10,20,3.7e-24,-0.932885804141463,0.012
"regulation of cysteine-type endopeptidase activity involved in apoptotic process","E1_08_16",3,9,3.7e-24,-1.32192809488736,0.0143
"regulation of cell-substrate adhesion","E1_08_16",10,15,3.7e-24,-0.540568381362703,0.1404
"centrosome localization","E1_08_16",1,2,3.7e-24,-0.584962500721156,0.5566
"microtubule organizing center localization","E1_08_16",4,3,3.7e-24,0.321928094887362,0.782
"pinocytosis","E1_08_16",4,1,3.7e-24,1.32192809488736,0.0429
"lamellipodium assembly","E1_08_16",10,7,3.7e-24,0.459431618637297,0.3451
"cellular response to sterol depletion","E1_08_16",1,1,3.7e-24,0,1
"placenta development","E1_08_16",9,10,3.7e-24,-0.137503523749935,0.7654
"rhythmic process","E1_08_16",13,20,3.7e-24,-0.584962500721156,0.0759
"spindle localization","E1_08_16",5,4,3.7e-24,0.263034405833794,0.8054
"carbohydrate derivative catabolic process","E1_08_16",9,9,3.7e-24,0,1
"response to amino acid","E1_08_16",4,8,3.7e-24,-0.84799690655495,0.1047
"regulation of intracellular steroid hormone receptor signaling pathway","E1_08_16",0,2,3.7e-24,-1.58496250072116,0.0853
"regulation of neuron death","E1_08_16",20,17,3.7e-24,0.222392421336448,0.5457
"ossification","E1_08_16",18,24,3.7e-24,-0.395928676331139,0.2028
"mammary gland epithelial cell proliferation","E1_08_16",1,2,3.7e-24,-0.584962500721156,0.5372
"ribosomal subunit export from nucleus","E1_08_16",1,2,3.7e-24,-0.584962500721156,0.5818
"ribosome localization","E1_08_16",0,0,3.7e-24,0,1
"protein transport to vacuole involved in ubiquitin-dependent protein catabolic process via the multivesicular body sorting pathway","E1_08_16",0,2,3.7e-24,-1.58496250072116,0.1797
"seminiferous tubule development","E1_08_16",0,0,3.7e-24,0,1
"cellular response to acid chemical","E1_08_16",7,7,3.7e-24,0,1
"positive regulation of kinase activity","E1_08_16",19,25,3.7e-24,-0.37851162325373,0.2057
"positive regulation by host of viral process","E1_08_16",1,1,3.7e-24,0,1
"mitochondrion morphogenesis","E1_08_16",0,1,3.7e-24,-1,0.5068
"regulation of establishment of cell polarity","E1_08_16",0,2,3.7e-24,-1.58496250072116,0.1809
"cellular lipid catabolic process","E1_08_16",12,11,3.7e-24,0.115477217419936,0.881
"neuron apoptotic process","E1_08_16",16,15,3.7e-24,0.0874628412503394,0.8966
"inner cell mass cell proliferation","E1_08_16",0,1,3.7e-24,-1,0.4192
"polyamine biosynthetic process","E1_08_16",0,1,3.7e-24,-1,0.4195
"folic acid metabolic process","E1_08_16",5,1,3.7e-24,1.58496250072116,0.0053
"organelle inheritance","E1_08_16",0,0,3.7e-24,0,1
"polyol metabolic process","E1_08_16",2,5,3.7e-24,-1,0.1247
"regulation of type I interferon-mediated signaling pathway","E1_08_16",2,3,3.7e-24,-0.415037499278844,0.6255
"intracellular lipid transport","E1_08_16",3,3,3.7e-24,0,1
"fat cell differentiation","E1_08_16",12,13,3.7e-24,-0.106915203916512,0.7883
"iron ion homeostasis","E1_08_16",8,5,3.7e-24,0.584962500721156,0.3912
"negative regulation of cell projection organization","E1_08_16",11,8,3.7e-24,0.415037499278844,0.3765
"dicarboxylic acid metabolic process","E1_08_16",8,4,3.7e-24,0.84799690655495,0.1431
"regulation of anatomical structure size","E1_08_16",29,30,3.7e-24,-0.0473057147783566,0.855
"regulation of small molecule metabolic process","E1_08_16",7,15,3.7e-24,-1,0.0116
"pentose-phosphate shunt","E1_08_16",0,1,3.7e-24,-1,0.4081
"pericardium development","E1_08_16",0,2,3.7e-24,-1.58496250072116,0.1442
"lysosomal protein catabolic process","E1_08_16",4,2,3.7e-24,0.736965594166206,0.2881
"carbohydrate derivative transport","E1_08_16",2,5,3.7e-24,-1,0.1271
"alcohol biosynthetic process","E1_08_16",10,10,3.7e-24,0,1
"regulation of membrane permeability","E1_08_16",1,3,3.7e-24,-1,0.2367
"signal peptide processing","E1_08_16",0,0,3.7e-24,0,1
"UV-damage excision repair","E1_08_16",1,0,3.7e-24,1,0.3859
"biological process involved in interaction with host","E1_08_16",8,13,3.7e-24,-0.637429920615292,0.1259
"body morphogenesis","E1_08_16",6,3,3.7e-24,0.807354922057604,0.2749
"extracellular vesicle biogenesis","E1_08_16",1,3,3.7e-24,-1,0.2259
"negative regulation of defense response to virus","E1_08_16",2,1,3.7e-24,0.584962500721156,0.6683
"aminoglycan biosynthetic process","E1_08_16",6,4,3.7e-24,0.485426827170242,0.4857
"sterol biosynthetic process","E1_08_16",3,3,3.7e-24,0,1
"polyamine metabolic process","E1_08_16",0,2,3.7e-24,-1.58496250072116,0.1482
"magnesium ion transport","E1_08_16",1,2,3.7e-24,-0.584962500721156,0.5779
"lamellipodium morphogenesis","E1_08_16",0,1,3.7e-24,-1,0.488
"positive regulation of neuron migration","E1_08_16",0,2,3.7e-24,-1.58496250072116,0.1306
"regulation of glucose metabolic process","E1_08_16",4,4,3.7e-24,0,1
"monosaccharide biosynthetic process","E1_08_16",2,7,3.7e-24,-1.41503749927884,0.021
"response to acid chemical","E1_08_16",4,5,3.7e-24,-0.263034405833794,0.667
"regulation of carbohydrate metabolic process","E1_08_16",8,9,3.7e-24,-0.15200309344505,0.7442
"positive regulation of nervous system development","E1_08_16",13,15,3.7e-24,-0.192645077942396,0.6132
"regulation of circadian rhythm","E1_08_16",8,6,3.7e-24,0.362570079384708,0.5487
"trabecula morphogenesis","E1_08_16",1,2,3.7e-24,-0.584962500721156,0.529
"pigment accumulation","E1_08_16",2,1,3.7e-24,0.584962500721156,0.6358
"cellular pigment accumulation","E1_08_16",0,1,3.7e-24,-1,0.4408
"regulation of pinocytosis","E1_08_16",0,0,3.7e-24,0,1
"regulation of ligase activity","E1_08_16",1,1,3.7e-24,0,1
"smoothened signaling pathway involved in dorsal/ventral neural tube patterning","E1_08_16",1,0,3.7e-24,1,0.4702
"glycosyl compound metabolic process","E1_08_16",8,3,3.7e-24,1.16992500144231,0.0563
"substantia nigra development","E1_08_16",3,3,3.7e-24,0,1
"negative regulation of GTPase activity","E1_08_16",5,2,3.7e-24,1,0.1876
"axon extension","E1_08_16",6,6,3.7e-24,0,1
"positive regulation of epithelial to mesenchymal transition","E1_08_16",2,3,3.7e-24,-0.415037499278844,0.5942
"one-carbon metabolic process","E1_08_16",2,1,3.7e-24,0.584962500721156,0.6609
"NADPH regeneration","E1_08_16",3,1,3.7e-24,1,0.4138
"cellular response to dsRNA","E1_08_16",1,1,3.7e-24,0,1
"neuron projection organization","E1_08_16",3,4,3.7e-24,-0.321928094887362,0.6399
"postsynapse organization","E1_08_16",5,9,3.7e-24,-0.736965594166206,0.1187
"regulation of ketone biosynthetic process","E1_08_16",1,1,3.7e-24,0,1
"mitochondrion distribution","E1_08_16",0,1,3.7e-24,-1,0.4957
"regulation of autophagosome maturation","E1_08_16",2,1,3.7e-24,0.584962500721156,0.6396
"magnesium ion transmembrane transport","E1_08_16",1,2,3.7e-24,-0.584962500721156,0.5256
"regulation of cell division","E1_08_16",10,10,3.7e-24,0,1
"intermembrane lipid transfer","E1_08_16",0,3,3.7e-24,-2,0.0677
"organophosphate ester transport","E1_08_16",6,8,3.7e-24,-0.362570079384708,0.4922
"movement in host","E1_08_16",10,11,3.7e-24,-0.125530882083859,0.7642
"extracellular matrix assembly","E1_08_16",1,2,3.7e-24,-0.584962500721156,0.5465
"cellular metabolic compound salvage","E1_08_16",1,1,3.7e-24,0,1
"regulation of ATP-dependent activity","E1_08_16",2,3,3.7e-24,-0.415037499278844,0.6066
"cell migration involved in heart development","E1_08_16",3,2,3.7e-24,0.415037499278844,0.7317
"cellular response to fluid shear stress","E1_08_16",1,1,3.7e-24,0,1
"sphingomyelin biosynthetic process","E1_08_16",0,1,3.7e-24,-1,0.4275
"ether lipid biosynthetic process","E1_08_16",0,0,3.7e-24,0,1
"embryonic body morphogenesis","E1_08_16",1,0,3.7e-24,1,0.4943
"amino sugar biosynthetic process","E1_08_16",0,0,3.7e-24,0,1
"glycerol ether biosynthetic process","E1_08_16",0,0,3.7e-24,0,1
"pigmentation","E1_08_16",4,6,3.7e-24,-0.485426827170242,0.4428
"cellular response to ketone","E1_08_16",7,8,3.7e-24,-0.169925001442312,0.7431
"nonribosomal peptide biosynthetic process","E1_08_16",0,1,3.7e-24,-1,0.4855
"glial cell apoptotic process","E1_08_16",0,0,3.7e-24,0,1
"lipoprotein catabolic process","E1_08_16",1,0,3.7e-24,1,0.483
"suppression of viral release by host","E1_08_16",1,1,3.7e-24,0,1
"chaperone-mediated autophagy","E1_08_16",3,1,3.7e-24,1,0.4534
"regulation of steroid hormone biosynthetic process","E1_08_16",0,1,3.7e-24,-1,0.4642
"synaptic vesicle lumen acidification","E1_08_16",2,1,3.7e-24,0.584962500721156,0.6311
"semaphorin-plexin signaling pathway involved in neuron projection guidance","E1_08_16",2,1,3.7e-24,0.584962500721156,0.6428
"regulation of Golgi organization","E1_08_16",0,1,3.7e-24,-1,0.429
"Schwann cell differentiation","E1_08_16",2,2,3.7e-24,0,1
"neurotrophin signaling pathway","E1_08_16",1,1,3.7e-24,0,1
"regulation of microtubule depolymerization","E1_08_16",0,1,3.7e-24,-1,0.4586
"basement membrane organization","E1_08_16",2,2,3.7e-24,0,1
"establishment or maintenance of epithelial cell apical/basal polarity","E1_08_16",5,4,3.7e-24,0.263034405833794,0.8081
"face development","E1_08_16",6,3,3.7e-24,0.807354922057604,0.2841
"osteoblast differentiation","E1_08_16",12,13,3.7e-24,-0.106915203916512,0.7797
"appendage development","E1_08_16",2,8,3.7e-24,-1.58496250072116,0.0168
"limb development","E1_08_16",11,9,3.7e-24,0.263034405833794,0.6286
"regulation of ATP metabolic process","E1_08_16",5,4,3.7e-24,0.263034405833794,0.8116
"developmental growth involved in morphogenesis","E1_08_16",17,13,3.7e-24,0.362570079384708,0.3245
"embryonic organ development","E1_08_16",25,26,3.7e-24,-0.0544477840223765,0.847
"negative regulation of growth","E1_08_16",13,12,3.7e-24,0.106915203916512,0.8807
"microtubule depolymerization","E1_08_16",2,4,3.7e-24,-0.736965594166206,0.3191
"heme metabolic process","E1_08_16",4,4,3.7e-24,0,1
"regulation of neuron apoptotic process","E1_08_16",13,13,3.7e-24,0,1
"plasma membrane tubulation","E1_08_16",1,1,3.7e-24,0,1
"exosomal secretion","E1_08_16",0,1,3.7e-24,-1,0.4177
"vasculogenesis","E1_08_16",1,4,3.7e-24,-1.32192809488736,0.0686
"toxin transport","E1_08_16",2,1,3.7e-24,0.584962500721156,0.6597
"ncRNA processing","E2_06_14",30,30,3.7e-24,0,1
"ribosome biogenesis","E2_06_14",14,21,3.7e-24,-0.552541023028779,0.0788
"rRNA metabolic process","E2_06_14",22,22,3.7e-24,0,1
"proteasome-mediated ubiquitin-dependent protein catabolic process","E2_06_14",33,34,3.7e-24,-0.0418201756946271,0.8625
"regulation of response to DNA damage stimulus","E2_06_14",12,22,3.7e-24,-0.823122237915921,0.0119
"establishment of protein localization to organelle","E2_06_14",22,34,3.7e-24,-0.605721060887954,0.0175
"macroautophagy","E2_06_14",25,20,3.7e-24,0.308122295362332,0.3137
"regulation of chromosome organization","E2_06_14",15,20,3.7e-24,-0.39231742277876,0.2239
"Golgi vesicle transport","E2_06_14",24,24,3.7e-24,0,1
"double-strand break repair","E2_06_14",22,21,3.7e-24,0.0641303374197156,0.9087
"histone modification","E2_06_14",21,26,3.7e-24,-0.295455883526171,0.2848
"sister chromatid segregation","E2_06_14",16,17,3.7e-24,-0.082462160191973,0.8045
"DNA replication","E2_06_14",16,22,3.7e-24,-0.436099114806674,0.1663
"chromosome segregation","E2_06_14",20,30,3.7e-24,-0.561878887608115,0.0379
"mitochondrial gene expression","E2_06_14",6,10,3.7e-24,-0.652076696579693,0.1402
"nucleocytoplasmic transport","E2_06_14",26,22,3.7e-24,0.231325546106456,0.4541
"nuclear transport","E2_06_14",28,24,3.7e-24,0.214124805352847,0.4761
"regulation of DNA repair","E2_06_14",16,18,3.7e-24,-0.160464672193246,0.6455
"peptidyl-lysine modification","E2_06_14",21,27,3.7e-24,-0.347923303420307,0.2178
"protein targeting","E2_06_14",19,23,3.7e-24,-0.263034405833794,0.4113
"cytoplasmic translation","E2_06_14",5,10,3.7e-24,-0.874469117916141,0.0549
"regulation of autophagy","E2_06_14",11,22,3.7e-24,-0.938599455335857,0.0062
"signal transduction in response to DNA damage","E2_06_14",8,11,3.7e-24,-0.415037499278844,0.3159
"regulation of intracellular transport","E2_06_14",19,24,3.7e-24,-0.321928094887362,0.2773
"protein localization to nucleus","E2_06_14",12,20,3.7e-24,-0.691877704637668,0.0378
"microtubule cytoskeleton organization involved in mitosis","E2_06_14",8,11,3.7e-24,-0.415037499278844,0.2996
"telomere maintenance","E2_06_14",6,10,3.7e-24,-0.652076696579693,0.1532
"cell cycle checkpoint signaling","E2_06_14",12,13,3.7e-24,-0.106915203916512,0.7817
"regulation of protein modification by small protein conjugation or removal","E2_06_14",19,17,3.7e-24,0.15200309344505,0.7107
"cellular respiration","E2_06_14",17,17,3.7e-24,0,1
"cellular component disassembly","E2_06_14",32,31,3.7e-24,0.0443941193584534,0.93
"nuclear chromosome segregation","E2_06_14",24,23,3.7e-24,0.0588936890535686,0.9196
"regulation of protein stability","E2_06_14",21,17,3.7e-24,0.289506617194985,0.3941
"regulation of cell cycle phase transition","E2_06_14",17,29,3.7e-24,-0.736965594166206,0.012
"regulation of protein catabolic process","E2_06_14",18,21,3.7e-24,-0.211504105193712,0.5247
"response to endoplasmic reticulum stress","E2_06_14",18,20,3.7e-24,-0.144389909335175,0.6533
"vesicle organization","E2_06_14",18,22,3.7e-24,-0.275634442613427,0.4037
"mitochondrial respiratory chain complex assembly","E2_06_14",8,9,3.7e-24,-0.15200309344505,0.7506
"DNA-templated transcription elongation","E2_06_14",8,10,3.7e-24,-0.289506617194985,0.5329
"mitochondrial transport","E2_06_14",7,11,3.7e-24,-0.584962500721156,0.1809
"establishment of organelle localization","E2_06_14",25,27,3.7e-24,-0.106915203916512,0.7005
"regulation of intracellular protein transport","E2_06_14",14,12,3.7e-24,0.206450877467426,0.6648
"response to UV","E2_06_14",11,11,3.7e-24,0,1
"RNA localization","E2_06_14",15,13,3.7e-24,0.192645077942396,0.6721
"response to topologically incorrect protein","E2_06_14",13,12,3.7e-24,0.106915203916512,0.8825
"organelle fission","E2_06_14",24,24,3.7e-24,0,1
"non-membrane-bounded organelle assembly","E2_06_14",26,24,3.7e-24,0.111031312388744,0.7614
"protein polyubiquitination","E2_06_14",12,16,3.7e-24,-0.387023123109247,0.2788
"methylation","E2_06_14",21,20,3.7e-24,0.067114195858537,0.9167
"phospholipid biosynthetic process","E2_06_14",20,18,3.7e-24,0.144389909335175,0.725
"oxidative phosphorylation","E2_06_14",17,11,3.7e-24,0.584962500721156,0.2013
"establishment of protein localization to membrane","E2_06_14",19,16,3.7e-24,0.234465253637023,0.534
"in utero embryonic development","E2_06_14",14,22,3.7e-24,-0.616671360448494,0.0529
"vacuole organization","E2_06_14",16,16,3.7e-24,0,1
"nuclear-transcribed mRNA catabolic process","E2_06_14",2,5,3.7e-24,-1,0.121
"protein folding","E2_06_14",13,16,3.7e-24,-0.280107919192735,0.4631
"DNA conformation change","E2_06_14",4,4,3.7e-24,0,1
"regulation of chromosome segregation","E2_06_14",6,8,3.7e-24,-0.362570079384708,0.4906
"regulation of apoptotic signaling pathway","E2_06_14",15,22,3.7e-24,-0.523561956057013,0.0856
"cell cycle G2/M phase transition","E2_06_14",9,12,3.7e-24,-0.37851162325373,0.3951
"vacuolar transport","E2_06_14",8,9,3.7e-24,-0.15200309344505,0.7583
"response to ionizing radiation","E2_06_14",9,12,3.7e-24,-0.37851162325373,0.413
"cellular response to UV","E2_06_14",9,6,3.7e-24,0.514573172829758,0.3056
"regulation of binding","E2_06_14",26,27,3.7e-24,-0.0524674198941355,0.8504
"nucleic acid transport","E2_06_14",6,10,3.7e-24,-0.652076696579693,0.1716
"RNA transport","E2_06_14",7,8,3.7e-24,-0.169925001442312,0.732
"ribonucleoprotein complex subunit organization","E2_06_14",11,15,3.7e-24,-0.415037499278844,0.2537
"regulation of DNA replication","E2_06_14",16,10,3.7e-24,0.628031222613042,0.1828
"ribose phosphate metabolic process","E2_06_14",28,25,3.7e-24,0.15754127698648,0.6205
"proton motive force-driven ATP synthesis","E2_06_14",9,6,3.7e-24,0.514573172829758,0.3113
"ribonucleotide metabolic process","E2_06_14",38,29,3.7e-24,0.37851162325373,0.1722
"telomere organization","E2_06_14",11,11,3.7e-24,0,1
"cellular response to topologically incorrect protein","E2_06_14",5,6,3.7e-24,-0.222392421336448,0.7061
"Golgi organization","E2_06_14",9,10,3.7e-24,-0.137503523749935,0.7625
"ribonucleoprotein complex assembly","E2_06_14",21,18,3.7e-24,0.211504105193712,0.5546
"cellular nitrogen compound catabolic process","E2_06_14",39,35,3.7e-24,0.15200309344505,0.5575
"negative regulation of phosphorus metabolic process","E2_06_14",25,30,3.7e-24,-0.253756592245783,0.3553
"heterocycle catabolic process","E2_06_14",29,25,3.7e-24,0.206450877467426,0.4857
"mitochondrial membrane organization","E2_06_14",2,8,3.7e-24,-1.58496250072116,0.0124
"regulation of protein-containing complex assembly","E2_06_14",23,22,3.7e-24,0.0614005446641433,0.9149
"positive regulation of cellular component biogenesis","E2_06_14",37,32,3.7e-24,0.203533394085132,0.4274
"response to oxidative stress","E2_06_14",27,26,3.7e-24,0.0524674198941355,0.9224
"regulation of supramolecular fiber organization","E2_06_14",26,25,3.7e-24,0.0544477840223765,0.9205
"positive regulation of protein localization","E2_06_14",17,25,3.7e-24,-0.53051471669878,0.0707
"positive regulation of cell projection organization","E2_06_14",15,22,3.7e-24,-0.523561956057013,0.0865
"negative regulation of transferase activity","E2_06_14",14,14,3.7e-24,0,1
"autophagy of mitochondrion","E2_06_14",3,4,3.7e-24,-0.321928094887362,0.6436
"positive regulation of amide metabolic process","E2_06_14",15,13,3.7e-24,0.192645077942396,0.6854
"chromatin remodeling","E2_06_14",20,27,3.7e-24,-0.415037499278844,0.1357
"viral process","E2_06_14",29,24,3.7e-24,0.263034405833794,0.3591
"macromolecule deacylation","E2_06_14",8,9,3.7e-24,-0.15200309344505,0.7416
"mitotic cytokinesis","E2_06_14",6,5,3.7e-24,0.222392421336448,0.8237
"aromatic compound catabolic process","E2_06_14",28,33,3.7e-24,-0.229481846122767,0.383
"vesicle localization","E2_06_14",15,13,3.7e-24,0.192645077942396,0.6784
"establishment or maintenance of cell polarity","E2_06_14",14,11,3.7e-24,0.321928094887362,0.4572
"Wnt signaling pathway","E2_06_14",19,24,3.7e-24,-0.321928094887362,0.2643
"cell-cell signaling by wnt","E2_06_14",25,28,3.7e-24,-0.15754127698648,0.5705
"ATP metabolic process","E2_06_14",9,14,3.7e-24,-0.584962500721156,0.1289
"cellular response to chemical stress","E2_06_14",20,21,3.7e-24,-0.0671141958585369,0.8332
"regulation of vacuole organization","E2_06_14",2,2,3.7e-24,0,1
"cellular response to external stimulus","E2_06_14",20,17,3.7e-24,0.222392421336448,0.538
"negative regulation of protein phosphorylation","E2_06_14",22,25,3.7e-24,-0.176877762084079,0.547
"negative regulation of catabolic process","E2_06_14",11,16,3.7e-24,-0.502500340529183,0.1617
"regulation of microtubule cytoskeleton organization","E2_06_14",7,9,3.7e-24,-0.321928094887362,0.5124
"chromosome localization","E2_06_14",10,9,3.7e-24,0.137503523749935,0.8666
"negative regulation of mitotic nuclear division","E2_06_14",9,4,3.7e-24,1,0.1224
"regulation of actin filament organization","E2_06_14",13,12,3.7e-24,0.106915203916512,0.8857
"dephosphorylation","E2_06_14",18,23,3.7e-24,-0.337034987277571,0.2656
"glycosylation","E2_06_14",14,13,3.7e-24,0.0995356735509144,0.8956
"positive regulation of establishment of protein localization","E2_06_14",18,19,3.7e-24,-0.0740005814437769,0.8198
"regulation of microtubule-based process","E2_06_14",12,13,3.7e-24,-0.106915203916512,0.7892
"cell-substrate junction organization","E2_06_14",5,6,3.7e-24,-0.222392421336448,0.6974
"protein-containing complex localization","E2_06_14",13,13,3.7e-24,0,1
"mitochondrial transmembrane transport","E2_06_14",4,4,3.7e-24,0,1
"stem cell population maintenance","E2_06_14",9,12,3.7e-24,-0.37851162325373,0.4018
"ribosome assembly","E2_06_14",1,4,3.7e-24,-1.32192809488736,0.1025
"intraciliary transport","E2_06_14",4,4,3.7e-24,0,1
"Golgi to plasma membrane protein transport","E2_06_14",3,2,3.7e-24,0.415037499278844,0.7305
"response to amino acid starvation","E2_06_14",9,4,3.7e-24,1,0.1119
"cellular response to extracellular stimulus","E2_06_14",15,16,3.7e-24,-0.0874628412503394,0.8083
"cell growth","E2_06_14",21,24,3.7e-24,-0.184424571137427,0.5533
"protein glycosylation","E2_06_14",12,11.5,3.7e-24,0.0565835283663675,1
"macromolecule glycosylation","E2_06_14",18,18,3.7e-24,0,1
"maintenance of cell number","E2_06_14",15,13,3.7e-24,0.192645077942396,0.6703
"response to reactive oxygen species","E2_06_14",10,10,3.7e-24,0,1
"regulation of cell morphogenesis","E2_06_14",10,14,3.7e-24,-0.447458976971221,0.2589
"regulation of cellular component size","E2_06_14",16,23,3.7e-24,-0.497499659470817,0.1115
"cell-substrate junction assembly","E2_06_14",8,6,3.7e-24,0.362570079384708,0.5451
"membrane fission","E2_06_14",5,5,3.7e-24,0,1
"membrane docking","E2_06_14",4,5,3.7e-24,-0.263034405833794,0.6747
"fibroblast migration","E2_06_14",4,5,3.7e-24,-0.263034405833794,0.6713
"nucleus organization","E2_06_14",5,8,3.7e-24,-0.584962500721156,0.2452
"regulation of cell growth","E2_06_14",32,22,3.7e-24,0.520832163301441,0.0956
"fibroblast proliferation","E2_06_14",10,7,3.7e-24,0.459431618637297,0.3351
"cell cycle G1/S phase transition","E2_06_14",11,12,3.7e-24,-0.115477217419936,0.7755
"actin filament organization","E2_06_14",22,28,3.7e-24,-0.334419039070559,0.2207
"response to oxygen levels","E2_06_14",29,24,3.7e-24,0.263034405833794,0.3642
"epigenetic regulation of gene expression","E2_06_14",3,7,3.7e-24,-1,0.0821
"organelle fusion","E2_06_14",2,6,3.7e-24,-1.22239242133645,0.0554
"lipoprotein metabolic process","E2_06_14",5,7,3.7e-24,-0.415037499278844,0.4788
"protein lipidation","E2_06_14",2,6,3.7e-24,-1.22239242133645,0.0537
"regulation of plasma membrane bounded cell projection assembly","E2_06_14",8,10,3.7e-24,-0.289506617194985,0.5462
"regulation of actin filament-based process","E2_06_14",19,23,3.7e-24,-0.263034405833794,0.4148
"regulation of GTPase activity","E2_06_14",13,19,3.7e-24,-0.514573172829758,0.1309
"nuclear envelope organization","E2_06_14",4,3,3.7e-24,0.321928094887362,0.774
"protein autophosphorylation","E2_06_14",10,12,3.7e-24,-0.241008099503795,0.5849
"connective tissue development","E2_06_14",17,16,3.7e-24,0.082462160191973,0.8994
"cellular response to heat","E2_06_14",5,3,3.7e-24,0.584962500721156,0.3829
"myeloid cell homeostasis","E2_06_14",6,12,3.7e-24,-0.893084796083488,0.0439
"regulation of neuron projection development","E2_06_14",21,23,3.7e-24,-0.125530882083859,0.683
"receptor metabolic process","E2_06_14",2,4,3.7e-24,-0.736965594166206,0.2904
"maintenance of protein location in cell","E2_06_14",3,4,3.7e-24,-0.321928094887362,0.6521
"apoptotic mitochondrial changes","E2_06_14",10,8,3.7e-24,0.289506617194985,0.5922
"response to transforming growth factor beta","E2_06_14",12,13,3.7e-24,-0.106915203916512,0.785
"neural tube development","E2_06_14",5,9,3.7e-24,-0.736965594166206,0.1429
"maintenance of protein location","E2_06_14",7,7,3.7e-24,0,1
"regulation of ubiquitin-protein transferase activity","E2_06_14",6,4,3.7e-24,0.485426827170242,0.4724
"cilium assembly","E2_06_14",24,24,3.7e-24,0,1
"mRNA export from nucleus","E2_06_14",5,4,3.7e-24,0.263034405833794,0.8027
"regulation of cell-substrate junction organization","E2_06_14",4,5,3.7e-24,-0.263034405833794,0.6669
"membrane biogenesis","E2_06_14",4,4,3.7e-24,0,1
"cilium organization","E2_06_14",21,21,3.7e-24,0,1
"platelet-derived growth factor receptor signaling pathway","E2_06_14",3,2,3.7e-24,0.415037499278844,0.7402
"iron-sulfur cluster assembly","E2_06_14",0,1,3.7e-24,-1,0.444
"metallo-sulfur cluster assembly","E2_06_14",0,2,3.7e-24,-1.58496250072116,0.1206
"centromere complex assembly","E2_06_14",3,2,3.7e-24,0.415037499278844,0.7283
"cellular response to oxygen levels","E2_06_14",7,7,3.7e-24,0,1
"fatty acid beta-oxidation","E2_06_14",5,5,3.7e-24,0,1
"organelle localization by membrane tethering","E2_06_14",12,8,3.7e-24,0.53051471669878,0.3014
"autophagosome maturation","E2_06_14",3,5,3.7e-24,-0.584962500721156,0.3256
"cellular response to transforming growth factor beta stimulus","E2_06_14",18,13,3.7e-24,0.440572591385981,0.2774
"nucleotide catabolic process","E2_06_14",5,3,3.7e-24,0.584962500721156,0.411
"tube closure","E2_06_14",7,6,3.7e-24,0.192645077942396,0.8331
"regulation of stem cell differentiation","E2_06_14",7,5,3.7e-24,0.415037499278844,0.503
"substrate adhesion-dependent cell spreading","E2_06_14",2,5,3.7e-24,-1,0.1278
"chondrocyte differentiation","E2_06_14",4,6,3.7e-24,-0.485426827170242,0.4302
"regulation of fibroblast proliferation","E2_06_14",7,6,3.7e-24,0.192645077942396,0.8404
"morphogenesis of an epithelial sheet","E2_06_14",9,5,3.7e-24,0.736965594166206,0.2021
"microtubule polymerization","E2_06_14",3,3,3.7e-24,0,1
"response to virus","E2_06_14",11,19,3.7e-24,-0.736965594166206,0.0327
"membrane assembly","E2_06_14",2,4,3.7e-24,-0.736965594166206,0.3207
"COPII vesicle coating","E2_06_14",1,1,3.7e-24,0,1
"erythrocyte differentiation","E2_06_14",5,6,3.7e-24,-0.222392421336448,0.7115
"organophosphate catabolic process","E2_06_14",8,10,3.7e-24,-0.289506617194985,0.5384
"regulation of embryonic development","E2_06_14",11,6,3.7e-24,0.777607578663552,0.1952
"regulation of focal adhesion assembly","E2_06_14",3,3,3.7e-24,0,1
"regulation of cell-substrate junction assembly","E2_06_14",3,4,3.7e-24,-0.321928094887362,0.6569
"regulation of extracellular matrix organization","E2_06_14",2,4,3.7e-24,-0.736965594166206,0.3096
"GPI anchor biosynthetic process","E2_06_14",3,2,3.7e-24,0.415037499278844,0.7302
"lamellipodium organization","E2_06_14",7,6,3.7e-24,0.192645077942396,0.8454
"positive regulation of stem cell population maintenance","E2_06_14",3,4,3.7e-24,-0.321928094887362,0.6331
"monosaccharide metabolic process","E2_06_14",15,14,3.7e-24,0.0931094043914815,0.8959
"U2-type prespliceosome assembly","E2_06_14",0,1,3.7e-24,-1,0.4257
"heterochromatin formation","E2_06_14",3,4,3.7e-24,-0.321928094887362,0.6426
"peroxisome organization","E2_06_14",0,3,3.7e-24,-2,0.0655
"regulation of mitochondrial fission","E2_06_14",4,2,3.7e-24,0.736965594166206,0.2979
"cellular pigmentation","E2_06_14",9,7,3.7e-24,0.321928094887362,0.5731
"regulation of fibroblast migration","E2_06_14",3,3,3.7e-24,0,1
"cellular carbohydrate metabolic process","E2_06_14",21,17,3.7e-24,0.289506617194985,0.3997
"positive regulation of axonogenesis","E2_06_14",8,5,3.7e-24,0.584962500721156,0.4164
"kinetochore organization","E2_06_14",1,1,3.7e-24,0,1
"stem cell differentiation","E2_06_14",16,16,3.7e-24,0,1
"proton transmembrane transport","E2_06_14",7,7,3.7e-24,0,1
"cellular response to insulin stimulus","E2_06_14",5,12,3.7e-24,-1.11547721741994,0.0188
"establishment of mitotic spindle localization","E2_06_14",1,1,3.7e-24,0,1
"cell redox homeostasis","E2_06_14",2,2,3.7e-24,0,1
"stress granule assembly","E2_06_14",1,1,3.7e-24,0,1
"protein neddylation","E2_06_14",1,1,3.7e-24,0,1
"regulation of mitochondrial membrane potential","E2_06_14",3,3,3.7e-24,0,1
"neuron death","E2_06_14",15,19,3.7e-24,-0.321928094887362,0.3564
"defense response to virus","E2_06_14",15,16,3.7e-24,-0.0874628412503394,0.8072
"sulfur compound metabolic process","E2_06_14",14,19,3.7e-24,-0.415037499278844,0.2264
"NADP metabolic process","E2_06_14",2,1,3.7e-24,0.584962500721156,0.649
"vacuolar acidification","E2_06_14",1,1,3.7e-24,0,1
"oligosaccharide-lipid intermediate biosynthetic process","E2_06_14",1,1,3.7e-24,0,1
"lysosomal lumen acidification","E2_06_14",2,1,3.7e-24,0.584962500721156,0.6714
"glycosyl compound biosynthetic process","E2_06_14",3,1,3.7e-24,1,0.4138
"heart valve development","E2_06_14",4,4,3.7e-24,0,1
"water-soluble vitamin metabolic process","E2_06_14",5,4,3.7e-24,0.263034405833794,0.8035
"interferon-beta production","E2_06_14",6,4,3.7e-24,0.485426827170242,0.4493
"regulation of interferon-beta production","E2_06_14",4,3,3.7e-24,0.321928094887362,0.7792
"branched-chain amino acid metabolic process","E2_06_14",1,1,3.7e-24,0,1
"regulation of mitochondrial membrane permeability","E2_06_14",3,3,3.7e-24,0,1
"respiratory tube development","E2_06_14",8,10,3.7e-24,-0.289506617194985,0.5434
"cellular senescence","E2_06_14",6,7,3.7e-24,-0.192645077942396,0.727
"positive regulation of neurogenesis","E2_06_14",10,12,3.7e-24,-0.241008099503795,0.5818
"mitochondrial outer membrane permeabilization","E2_06_14",1,3,3.7e-24,-1,0.2067
"immune system development","E2_06_14",12,12,3.7e-24,0,1
"clathrin-dependent endocytosis","E2_06_14",3,5,3.7e-24,-0.584962500721156,0.3052
"positive regulation of viral process","E2_06_14",4,2,3.7e-24,0.736965594166206,0.3172
"bone development","E2_06_14",15,16,3.7e-24,-0.0874628412503394,0.8099
"cell-substrate adhesion","E2_06_14",19,19,3.7e-24,0,1
"positive regulation of microtubule polymerization","E2_06_14",1,2,3.7e-24,-0.584962500721156,0.5719
"pteridine-containing compound metabolic process","E2_06_14",4,2,3.7e-24,0.736965594166206,0.2803
"response to arsenic-containing substance","E2_06_14",2,3,3.7e-24,-0.415037499278844,0.6004
"response to insulin","E2_06_14",13,14,3.7e-24,-0.0995356735509144,0.7887
"ubiquinone metabolic process","E2_06_14",0,1,3.7e-24,-1,0.4378
"cellular response to arsenic-containing substance","E2_06_14",0,1,3.7e-24,-1,0.4181
"inositol phosphate catabolic process","E2_06_14",1,1,3.7e-24,0,1
"telomerase RNA localization to Cajal body","E2_06_14",1,1,3.7e-24,0,1
"respiratory system development","E2_06_14",15,13,3.7e-24,0.192645077942396,0.681
"regulation of generation of precursor metabolites and energy","E2_06_14",6,7,3.7e-24,-0.192645077942396,0.7152
"mitochondrial calcium ion homeostasis","E2_06_14",3,2,3.7e-24,0.415037499278844,0.736
"G0 to G1 transition","E2_06_14",5,2,3.7e-24,1,0.1768
"mitochondrial genome maintenance","E2_06_14",0,1,3.7e-24,-1,0.4246
"release of cytochrome c from mitochondria","E2_06_14",4,3,3.7e-24,0.321928094887362,0.7884
"cortical cytoskeleton organization","E2_06_14",1,2,3.7e-24,-0.584962500721156,0.5308
"response to sterol depletion","E2_06_14",3,2,3.7e-24,0.415037499278844,0.7355
"regulation of ncRNA transcription","E2_06_14",0,1,3.7e-24,-1,0.5012
"mesenchymal cell differentiation","E2_06_14",10,12,3.7e-24,-0.241008099503795,0.5768
"protein-DNA complex subunit organization","E2_06_14",12,15,3.7e-24,-0.299560281858908,0.4464
"response to fluid shear stress","E2_06_14",2,2,3.7e-24,0,1
"collagen fibril organization","E2_06_14",3,4,3.7e-24,-0.321928094887362,0.6329
"roof of mouth development","E2_06_14",4,5,3.7e-24,-0.263034405833794,0.6799
"regulation of protein dephosphorylation","E2_06_14",4,4,3.7e-24,0,1
"multicellular organism growth","E2_06_14",4,7,3.7e-24,-0.678071905112638,0.2253
"miRNA processing","E2_06_14",2,2,3.7e-24,0,1
"small molecule catabolic process","E2_06_14",19,21,3.7e-24,-0.137503523749935,0.6661
"regulation of G0 to G1 transition","E2_06_14",1,2,3.7e-24,-0.584962500721156,0.5777
"circadian regulation of gene expression","E2_06_14",4,5,3.7e-24,-0.263034405833794,0.6762
"regulation of translational fidelity","E2_06_14",1,1,3.7e-24,0,1
"ubiquinone biosynthetic process","E2_06_14",0,0,3.7e-24,0,1
"mitochondrial calcium ion transmembrane transport","E2_06_14",2,1,3.7e-24,0.584962500721156,0.6432
"quinone biosynthetic process","E2_06_14",0,1,3.7e-24,-1,0.4395
"viral release from host cell","E2_06_14",3,2,3.7e-24,0.415037499278844,0.7424
"exit from host cell","E2_06_14",0,1,3.7e-24,-1,0.442
"positive regulation of GTPase activity","E2_06_14",21,14,3.7e-24,0.552541023028779,0.1506
"regulation of cytokinesis","E2_06_14",6,7,3.7e-24,-0.192645077942396,0.7159
"mitochondrion localization","E2_06_14",4,3,3.7e-24,0.321928094887362,0.78
"renal system development","E2_06_14",17,19,3.7e-24,-0.15200309344505,0.6504
"regulation of cysteine-type endopeptidase activity involved in apoptotic process","E2_06_14",9,10,3.7e-24,-0.137503523749935,0.7597
"regulation of cell-substrate adhesion","E2_06_14",12,13,3.7e-24,-0.106915203916512,0.78
"centrosome localization","E2_06_14",3,2,3.7e-24,0.415037499278844,0.7362
"microtubule organizing center localization","E2_06_14",3,3,3.7e-24,0,1
"pinocytosis","E2_06_14",1,1,3.7e-24,0,1
"lamellipodium assembly","E2_06_14",10,7,3.7e-24,0.459431618637297,0.3396
"cellular response to sterol depletion","E2_06_14",1,1,3.7e-24,0,1
"placenta development","E2_06_14",12,10,3.7e-24,0.241008099503795,0.6382
"rhythmic process","E2_06_14",14,18,3.7e-24,-0.341036917835067,0.3235
"spindle localization","E2_06_14",3,5,3.7e-24,-0.584962500721156,0.3297
"carbohydrate derivative catabolic process","E2_06_14",5,8,3.7e-24,-0.584962500721156,0.2508
"response to amino acid","E2_06_14",9,7,3.7e-24,0.321928094887362,0.5848
"regulation of intracellular steroid hormone receptor signaling pathway","E2_06_14",0,2,3.7e-24,-1.58496250072116,0.0976
"regulation of neuron death","E2_06_14",11,17,3.7e-24,-0.584962500721156,0.0912
"ossification","E2_06_14",23,27,3.7e-24,-0.222392421336448,0.4526
"mammary gland epithelial cell proliferation","E2_06_14",1,3,3.7e-24,-1,0.2454
"ribosomal subunit export from nucleus","E2_06_14",2,1,3.7e-24,0.584962500721156,0.6745
"ribosome localization","E2_06_14",3,0,3.7e-24,2,0.0197
"protein transport to vacuole involved in ubiquitin-dependent protein catabolic process via the multivesicular body sorting pathway","E2_06_14",1,1,3.7e-24,0,1
"seminiferous tubule development","E2_06_14",0,0,3.7e-24,0,1
"cellular response to acid chemical","E2_06_14",8,7,3.7e-24,0.169925001442312,0.8505
"positive regulation of kinase activity","E2_06_14",18,23,3.7e-24,-0.337034987277571,0.2603
"positive regulation by host of viral process","E2_06_14",1,1,3.7e-24,0,1
"mitochondrion morphogenesis","E2_06_14",0,1,3.7e-24,-1,0.4138
"regulation of establishment of cell polarity","E2_06_14",2,1,3.7e-24,0.584962500721156,0.6542
"cellular lipid catabolic process","E2_06_14",11,10,3.7e-24,0.125530882083859,0.875
"neuron apoptotic process","E2_06_14",15,15,3.7e-24,0,1
"inner cell mass cell proliferation","E2_06_14",0,1,3.7e-24,-1,0.5099
"polyamine biosynthetic process","E2_06_14",0,1,3.7e-24,-1,0.4249
"folic acid metabolic process","E2_06_14",0,0,3.7e-24,0,1
"organelle inheritance","E2_06_14",1,0,3.7e-24,1,0.4267
"polyol metabolic process","E2_06_14",6,5,3.7e-24,0.222392421336448,0.8216
"regulation of type I interferon-mediated signaling pathway","E2_06_14",4,3,3.7e-24,0.321928094887362,0.7778
"intracellular lipid transport","E2_06_14",0,2,3.7e-24,-1.58496250072116,0.1022
"fat cell differentiation","E2_06_14",13,13,3.7e-24,0,1
"iron ion homeostasis","E2_06_14",5,6,3.7e-24,-0.222392421336448,0.7049
"negative regulation of cell projection organization","E2_06_14",10,8,3.7e-24,0.289506617194985,0.5907
"dicarboxylic acid metabolic process","E2_06_14",3,4,3.7e-24,-0.321928094887362,0.6447
"regulation of anatomical structure size","E2_06_14",31,29,3.7e-24,0.0931094043914815,0.7775
"regulation of small molecule metabolic process","E2_06_14",14,17,3.7e-24,-0.263034405833794,0.4695
"pentose-phosphate shunt","E2_06_14",0,1,3.7e-24,-1,0.4722
"pericardium development","E2_06_14",3,2,3.7e-24,0.415037499278844,0.7232
"lysosomal protein catabolic process","E2_06_14",3,2,3.7e-24,0.415037499278844,0.7349
"carbohydrate derivative transport","E2_06_14",4,4,3.7e-24,0,1
"alcohol biosynthetic process","E2_06_14",3,9,3.7e-24,-1.32192809488736,0.0132
"regulation of membrane permeability","E2_06_14",4,3,3.7e-24,0.321928094887362,0.7735
"signal peptide processing","E2_06_14",0,0,3.7e-24,0,1
"UV-damage excision repair","E2_06_14",0,0,3.7e-24,0,1
"biological process involved in interaction with host","E2_06_14",10,12,3.7e-24,-0.241008099503795,0.5769
"body morphogenesis","E2_06_14",4,3,3.7e-24,0.321928094887362,0.7822
"extracellular vesicle biogenesis","E2_06_14",1,2,3.7e-24,-0.584962500721156,0.5909
"negative regulation of defense response to virus","E2_06_14",2,1,3.7e-24,0.584962500721156,0.6808
"aminoglycan biosynthetic process","E2_06_14",3,5,3.7e-24,-0.584962500721156,0.3554
"sterol biosynthetic process","E2_06_14",4,3,3.7e-24,0.321928094887362,0.7617
"polyamine metabolic process","E2_06_14",3,2,3.7e-24,0.415037499278844,0.7404
"magnesium ion transport","E2_06_14",0,1,3.7e-24,-1,0.4198
"lamellipodium morphogenesis","E2_06_14",2,1,3.7e-24,0.584962500721156,0.6254
"positive regulation of neuron migration","E2_06_14",3,2,3.7e-24,0.415037499278844,0.7215
"regulation of glucose metabolic process","E2_06_14",3,4,3.7e-24,-0.321928094887362,0.6366
"monosaccharide biosynthetic process","E2_06_14",4,6,3.7e-24,-0.485426827170242,0.433
"response to acid chemical","E2_06_14",5,5,3.7e-24,0,1
"regulation of carbohydrate metabolic process","E2_06_14",11,10,3.7e-24,0.125530882083859,0.8761
"positive regulation of nervous system development","E2_06_14",9,14,3.7e-24,-0.584962500721156,0.1368
"regulation of circadian rhythm","E2_06_14",10,8,3.7e-24,0.289506617194985,0.5909
"trabecula morphogenesis","E2_06_14",1,2,3.7e-24,-0.584962500721156,0.5255
"pigment accumulation","E2_06_14",0,1,3.7e-24,-1,0.449
"cellular pigment accumulation","E2_06_14",1,1,3.7e-24,0,1
"regulation of pinocytosis","E2_06_14",0,0,3.7e-24,0,1
"regulation of ligase activity","E2_06_14",0,0,3.7e-24,0,1
"smoothened signaling pathway involved in dorsal/ventral neural tube patterning","E2_06_14",1,1,3.7e-24,0,1
"glycosyl compound metabolic process","E2_06_14",2,2,3.7e-24,0,1
"substantia nigra development","E2_06_14",2,4,3.7e-24,-0.736965594166206,0.3181
"negative regulation of GTPase activity","E2_06_14",0,1,3.7e-24,-1,0.4127
"axon extension","E2_06_14",4,6,3.7e-24,-0.485426827170242,0.4319
"positive regulation of epithelial to mesenchymal transition","E2_06_14",2,3,3.7e-24,-0.415037499278844,0.6161
"one-carbon metabolic process","E2_06_14",4,1,3.7e-24,1.32192809488736,0.0864
"NADPH regeneration","E2_06_14",0,1,3.7e-24,-1,0.4072
"cellular response to dsRNA","E2_06_14",1,1,3.7e-24,0,1
"neuron projection organization","E2_06_14",6,4,3.7e-24,0.485426827170242,0.4557
"postsynapse organization","E2_06_14",7,10,3.7e-24,-0.459431618637297,0.3007
"regulation of ketone biosynthetic process","E2_06_14",0,1,3.7e-24,-1,0.465
"mitochondrion distribution","E2_06_14",2,0,3.7e-24,1.58496250072116,0.1466
"regulation of autophagosome maturation","E2_06_14",1,1,3.7e-24,0,1
"magnesium ion transmembrane transport","E2_06_14",1,1,3.7e-24,0,1
"regulation of cell division","E2_06_14",9,9,3.7e-24,0,1
"intermembrane lipid transfer","E2_06_14",3,3,3.7e-24,0,1
"organophosphate ester transport","E2_06_14",7,8,3.7e-24,-0.169925001442312,0.7397
"movement in host","E2_06_14",11,13,3.7e-24,-0.222392421336448,0.5867
"extracellular matrix assembly","E2_06_14",2,2,3.7e-24,0,1
"cellular metabolic compound salvage","E2_06_14",3,1,3.7e-24,1,0.4104
"regulation of ATP-dependent activity","E2_06_14",4,3,3.7e-24,0.321928094887362,0.7745
"cell migration involved in heart development","E2_06_14",1,2,3.7e-24,-0.584962500721156,0.5891
"cellular response to fluid shear stress","E2_06_14",0,1,3.7e-24,-1,0.4292
"sphingomyelin biosynthetic process","E2_06_14",1,1,3.7e-24,0,1
"ether lipid biosynthetic process","E2_06_14",1,0,3.7e-24,1,0.4271
"embryonic body morphogenesis","E2_06_14",0,0,3.7e-24,0,1
"amino sugar biosynthetic process","E2_06_14",0,0,3.7e-24,0,1
"glycerol ether biosynthetic process","E2_06_14",0,0,3.7e-24,0,1
"pigmentation","E2_06_14",5,6,3.7e-24,-0.222392421336448,0.7023
"cellular response to ketone","E2_06_14",4,7,3.7e-24,-0.678071905112638,0.2195
"nonribosomal peptide biosynthetic process","E2_06_14",2,1,3.7e-24,0.584962500721156,0.6357
"glial cell apoptotic process","E2_06_14",0,0,3.7e-24,0,1
"lipoprotein catabolic process","E2_06_14",0,0,3.7e-24,0,1
"suppression of viral release by host","E2_06_14",1,1,3.7e-24,0,1
"chaperone-mediated autophagy","E2_06_14",0,1,3.7e-24,-1,0.4373
"regulation of steroid hormone biosynthetic process","E2_06_14",0,1,3.7e-24,-1,0.4373
"synaptic vesicle lumen acidification","E2_06_14",3,1,3.7e-24,1,0.4118
"semaphorin-plexin signaling pathway involved in neuron projection guidance","E2_06_14",0,1,3.7e-24,-1,0.4586
"regulation of Golgi organization","E2_06_14",3,1,3.7e-24,1,0.5179
"Schwann cell differentiation","E2_06_14",0,1,3.7e-24,-1,0.4137
"neurotrophin signaling pathway","E2_06_14",2,1,3.7e-24,0.584962500721156,0.6333
"regulation of microtubule depolymerization","E2_06_14",2,1,3.7e-24,0.584962500721156,0.6353
"basement membrane organization","E2_06_14",1,3,3.7e-24,-1,0.2529
"establishment or maintenance of epithelial cell apical/basal polarity","E2_06_14",3,3,3.7e-24,0,1
"face development","E2_06_14",5,3,3.7e-24,0.584962500721156,0.418
"osteoblast differentiation","E2_06_14",15,12,3.7e-24,0.299560281858908,0.4756
"appendage development","E2_06_14",10,10,3.7e-24,0,1
"limb development","E2_06_14",6,8,3.7e-24,-0.362570079384708,0.4883
"regulation of ATP metabolic process","E2_06_14",9,4,3.7e-24,1,0.0989
"developmental growth involved in morphogenesis","E2_06_14",15,13,3.7e-24,0.192645077942396,0.6757
"embryonic organ development","E2_06_14",19,24,3.7e-24,-0.321928094887362,0.2757
"negative regulation of growth","E2_06_14",12,12,3.7e-24,0,1
"microtubule depolymerization","E2_06_14",5,3,3.7e-24,0.584962500721156,0.4163
"heme metabolic process","E2_06_14",4,4,3.7e-24,0,1
"regulation of neuron apoptotic process","E2_06_14",8,12,3.7e-24,-0.53051471669878,0.2058
"plasma membrane tubulation","E2_06_14",0,1,3.7e-24,-1,0.408
"exosomal secretion","E2_06_14",2,1,3.7e-24,0.584962500721156,0.653
"vasculogenesis","E2_06_14",1,4,3.7e-24,-1.32192809488736,0.1165
"toxin transport","E2_06_14",3,2,3.7e-24,0.415037499278844,0.7298
"ncRNA processing","E2_08_16",41,43,3.7e-24,-0.0671141958585369,0.768
"ribosome biogenesis","E2_08_16",23,33,3.7e-24,-0.502500340529183,0.0544
"rRNA metabolic process","E2_08_16",25,31,3.7e-24,-0.299560281858908,0.2576
"proteasome-mediated ubiquitin-dependent protein catabolic process","E2_08_16",30,47,3.7e-24,-0.630766190334281,0.0072
"regulation of response to DNA damage stimulus","E2_08_16",27,32,3.7e-24,-0.237039197300849,0.3818
"establishment of protein localization to organelle","E2_08_16",35,52,5.80356566648942e-24,-0.557995453120887,0.0086
"macroautophagy","E2_08_16",30,28,3.7e-24,0.096215315259303,0.772
"regulation of chromosome organization","E2_08_16",27,32,3.7e-24,-0.237039197300849,0.3742
"Golgi vesicle transport","E2_08_16",26,37,3.7e-24,-0.493040011280117,0.048
"double-strand break repair","E2_08_16",25,30,3.7e-24,-0.253756592245783,0.3564
"histone modification","E2_08_16",38,36,3.7e-24,0.0759488532332984,0.7974
"sister chromatid segregation","E2_08_16",28,25,3.7e-24,0.15754127698648,0.6151
"DNA replication","E2_08_16",27,31,3.7e-24,-0.192645077942396,0.4765
"chromosome segregation","E2_08_16",35,46,3.7e-24,-0.384663850235325,0.0792
"mitochondrial gene expression","E2_08_16",7,15,3.7e-24,-1,0.0152
"nucleocytoplasmic transport","E2_08_16",36,37,3.7e-24,-0.0384741478146357,0.866
"nuclear transport","E2_08_16",27,34,3.7e-24,-0.321928094887362,0.2103
"regulation of DNA repair","E2_08_16",22,28,3.7e-24,-0.334419039070559,0.2252
"peptidyl-lysine modification","E2_08_16",32,39,3.7e-24,-0.277533975528909,0.2358
"protein targeting","E2_08_16",25,34,3.7e-24,-0.428843298803874,0.0858
"cytoplasmic translation","E2_08_16",12,16,3.7e-24,-0.387023123109247,0.2712
"regulation of autophagy","E2_08_16",23,31,3.7e-24,-0.415037499278844,0.1184
"signal transduction in response to DNA damage","E2_08_16",14,19,3.7e-24,-0.415037499278844,0.227
"regulation of intracellular transport","E2_08_16",37,38,3.7e-24,-0.0374747054186629,0.8715
"protein localization to nucleus","E2_08_16",22,29,3.7e-24,-0.383328639551506,0.1497
"microtubule cytoskeleton organization involved in mitosis","E2_08_16",15,17,3.7e-24,-0.169925001442312,0.6274
"telomere maintenance","E2_08_16",7,15,3.7e-24,-1,0.0185
"cell cycle checkpoint signaling","E2_08_16",18,18,3.7e-24,0,1
"regulation of protein modification by small protein conjugation or removal","E2_08_16",20,25,3.7e-24,-0.308122295362332,0.2828
"cellular respiration","E2_08_16",23,26,3.7e-24,-0.169925001442312,0.5644
"cellular component disassembly","E2_08_16",22,44,3.7e-24,-0.968291140272662,1e-04
"nuclear chromosome segregation","E2_08_16",16,32,3.7e-24,-0.956931278108114,0.001
"regulation of protein stability","E2_08_16",18,27,3.7e-24,-0.559427408614019,0.053
"regulation of cell cycle phase transition","E2_08_16",40,48,3.7e-24,-0.257157839497124,0.2247
"regulation of protein catabolic process","E2_08_16",23,32,3.7e-24,-0.459431618637297,0.0723
"response to endoplasmic reticulum stress","E2_08_16",18,27,3.7e-24,-0.559427408614019,0.0415
"vesicle organization","E2_08_16",28,33,3.7e-24,-0.229481846122767,0.3887
"mitochondrial respiratory chain complex assembly","E2_08_16",9,12,3.7e-24,-0.37851162325373,0.3989
"DNA-templated transcription elongation","E2_08_16",9,15,3.7e-24,-0.678071905112638,0.075
"mitochondrial transport","E2_08_16",12,18,3.7e-24,-0.547487795302493,0.1176
"establishment of organelle localization","E2_08_16",42,39,3.7e-24,0.104336659814736,0.6859
"regulation of intracellular protein transport","E2_08_16",15,19,3.7e-24,-0.321928094887362,0.3669
"response to UV","E2_08_16",13,17,3.7e-24,-0.362570079384708,0.2948
"RNA localization","E2_08_16",14,20,3.7e-24,-0.485426827170242,0.1359
"response to topologically incorrect protein","E2_08_16",7,19,3.7e-24,-1.32192809488736,0.0018
"organelle fission","E2_08_16",29,34,3.7e-24,-0.222392421336448,0.3975
"non-membrane-bounded organelle assembly","E2_08_16",30,36,3.7e-24,-0.255257055242075,0.2876
"protein polyubiquitination","E2_08_16",16,24,3.7e-24,-0.556393348524385,0.0614
"methylation","E2_08_16",29,30,3.7e-24,-0.0473057147783566,0.85
"phospholipid biosynthetic process","E2_08_16",22,25,3.7e-24,-0.176877762084079,0.5578
"oxidative phosphorylation","E2_08_16",12,15,3.7e-24,-0.299560281858908,0.4574
"establishment of protein localization to membrane","E2_08_16",22,22,3.7e-24,0,1
"in utero embryonic development","E2_08_16",27,34,3.7e-24,-0.321928094887362,0.2123
"vacuole organization","E2_08_16",28,26,3.7e-24,0.103093492964104,0.7672
"nuclear-transcribed mRNA catabolic process","E2_08_16",6,9,3.7e-24,-0.514573172829758,0.2832
"protein folding","E2_08_16",19,22,3.7e-24,-0.201633861169651,0.5291
"DNA conformation change","E2_08_16",3,7,3.7e-24,-1,0.0932
"regulation of chromosome segregation","E2_08_16",9,11,3.7e-24,-0.263034405833794,0.5663
"regulation of apoptotic signaling pathway","E2_08_16",20,34,3.7e-24,-0.736965594166206,0.0056
"cell cycle G2/M phase transition","E2_08_16",8,20,3.7e-24,-1.22239242133645,0.0026
"vacuolar transport","E2_08_16",7,13,3.7e-24,-0.807354922057604,0.0501
"response to ionizing radiation","E2_08_16",12,16,3.7e-24,-0.387023123109247,0.2679
"cellular response to UV","E2_08_16",7,8,3.7e-24,-0.169925001442312,0.7315
"regulation of binding","E2_08_16",32,36,3.7e-24,-0.165059246270496,0.5062
"nucleic acid transport","E2_08_16",13,14,3.7e-24,-0.0995356735509144,0.7906
"RNA transport","E2_08_16",9,12,3.7e-24,-0.37851162325373,0.3876
"ribonucleoprotein complex subunit organization","E2_08_16",20,22,3.7e-24,-0.131244533278253,0.6781
"regulation of DNA replication","E2_08_16",12,15,3.7e-24,-0.299560281858908,0.4504
"ribose phosphate metabolic process","E2_08_16",33,35,3.7e-24,-0.082462160191973,0.738
"proton motive force-driven ATP synthesis","E2_08_16",8,10,3.7e-24,-0.289506617194985,0.5317
"ribonucleotide metabolic process","E2_08_16",33,38,3.7e-24,-0.197939377611909,0.4232
"telomere organization","E2_08_16",14,15,3.7e-24,-0.0931094043914815,0.7997
"cellular response to topologically incorrect protein","E2_08_16",5,9,3.7e-24,-0.736965594166206,0.1226
"Golgi organization","E2_08_16",5,14,3.7e-24,-1.32192809488736,0.0068
"ribonucleoprotein complex assembly","E2_08_16",21,28,3.7e-24,-0.398549376490275,0.1415
"cellular nitrogen compound catabolic process","E2_08_16",47,52,9.4812102261522e-24,-0.142957953842043,0.4858
"negative regulation of phosphorus metabolic process","E2_08_16",45,47,3.7e-24,-0.0614005446641433,0.7678
"heterocycle catabolic process","E2_08_16",36,36,3.7e-24,0,1
"mitochondrial membrane organization","E2_08_16",16,10,3.7e-24,0.628031222613042,0.1744
"regulation of protein-containing complex assembly","E2_08_16",22,34,3.7e-24,-0.605721060887954,0.0181
"positive regulation of cellular component biogenesis","E2_08_16",46,49,3.7e-24,-0.0892673380970874,0.6708
"response to oxidative stress","E2_08_16",36,36,3.7e-24,0,1
"regulation of supramolecular fiber organization","E2_08_16",30,37,3.7e-24,-0.29373120305671,0.2252
"positive regulation of protein localization","E2_08_16",42,40,3.7e-24,0.0687127500840143,0.8118
"positive regulation of cell projection organization","E2_08_16",30,34,3.7e-24,-0.175086706558091,0.4941
"negative regulation of transferase activity","E2_08_16",14,22,3.7e-24,-0.616671360448494,0.0507
"autophagy of mitochondrion","E2_08_16",3,6,3.7e-24,-0.807354922057604,0.1826
"positive regulation of amide metabolic process","E2_08_16",14,19,3.7e-24,-0.415037499278844,0.2181
"chromatin remodeling","E2_08_16",24,38,3.7e-24,-0.641546029087523,0.0114
"viral process","E2_08_16",19,33,3.7e-24,-0.765534746362977,0.0047
"macromolecule deacylation","E2_08_16",5,13,3.7e-24,-1.22239242133645,0.0065
"mitotic cytokinesis","E2_08_16",8,7,3.7e-24,0.169925001442312,0.8526
"aromatic compound catabolic process","E2_08_16",34,44,3.7e-24,-0.362570079384708,0.1075
"vesicle localization","E2_08_16",15,19,3.7e-24,-0.321928094887362,0.3611
"establishment or maintenance of cell polarity","E2_08_16",8,17,3.7e-24,-1,0.0088
"Wnt signaling pathway","E2_08_16",37,39,3.7e-24,-0.0740005814437769,0.7528
"cell-cell signaling by wnt","E2_08_16",32,41,3.7e-24,-0.347923303420307,0.1287
"ATP metabolic process","E2_08_16",22,24,3.7e-24,-0.120294233717712,0.6872
"cellular response to chemical stress","E2_08_16",22,32,3.7e-24,-0.52083216330144,0.0481
"regulation of vacuole organization","E2_08_16",3,4,3.7e-24,-0.321928094887362,0.6658
"cellular response to external stimulus","E2_08_16",18,21.5,3.7e-24,-0.243925582886089,0.4613
"negative regulation of protein phosphorylation","E2_08_16",39,37,3.7e-24,0.0740005814437768,0.7997
"negative regulation of catabolic process","E2_08_16",20,24,3.7e-24,-0.251538766995965,0.4135
"regulation of microtubule cytoskeleton organization","E2_08_16",13,14,3.7e-24,-0.0995356735509144,0.7858
"chromosome localization","E2_08_16",14,12,3.7e-24,0.206450877467426,0.668
"negative regulation of mitotic nuclear division","E2_08_16",8,5,3.7e-24,0.584962500721156,0.397
"regulation of actin filament organization","E2_08_16",14,18,3.7e-24,-0.341036917835067,0.296
"dephosphorylation","E2_08_16",25,30,3.7e-24,-0.253756592245783,0.3709
"glycosylation","E2_08_16",15,20,3.7e-24,-0.39231742277876,0.2263
"positive regulation of establishment of protein localization","E2_08_16",25,30,3.7e-24,-0.253756592245783,0.3542
"regulation of microtubule-based process","E2_08_16",20,20,3.7e-24,0,1
"cell-substrate junction organization","E2_08_16",4,10,3.7e-24,-1.13750352374993,0.0356
"protein-containing complex localization","E2_08_16",25,20,3.7e-24,0.308122295362332,0.3141
"mitochondrial transmembrane transport","E2_08_16",4,7,3.7e-24,-0.678071905112638,0.231
"stem cell population maintenance","E2_08_16",6,16,3.7e-24,-1.28010791919274,0.0039
"ribosome assembly","E2_08_16",3,7,3.7e-24,-1,0.0964
"intraciliary transport","E2_08_16",5,4,3.7e-24,0.263034405833794,0.7978
"Golgi to plasma membrane protein transport","E2_08_16",1,2,3.7e-24,-0.584962500721156,0.5334
"response to amino acid starvation","E2_08_16",4,5,3.7e-24,-0.263034405833794,0.6735
"cellular response to extracellular stimulus","E2_08_16",18,23,3.7e-24,-0.337034987277571,0.261
"cell growth","E2_08_16",39,35,3.7e-24,0.15200309344505,0.5571
"protein glycosylation","E2_08_16",15,18,3.7e-24,-0.247927513443586,0.4729
"macromolecule glycosylation","E2_08_16",26,27,3.7e-24,-0.0524674198941355,0.8525
"maintenance of cell number","E2_08_16",20,21,3.7e-24,-0.0671141958585369,0.8353
"response to reactive oxygen species","E2_08_16",11,15,3.7e-24,-0.415037499278844,0.2595
"regulation of cell morphogenesis","E2_08_16",15,19,3.7e-24,-0.321928094887362,0.3702
"regulation of cellular component size","E2_08_16",26,30,3.7e-24,-0.199308808223407,0.4715
"cell-substrate junction assembly","E2_08_16",4,8,3.7e-24,-0.84799690655495,0.098
"membrane fission","E2_08_16",12,7,3.7e-24,0.700439718141092,0.1442
"membrane docking","E2_08_16",4,7,3.7e-24,-0.678071905112638,0.2365
"fibroblast migration","E2_08_16",3,6,3.7e-24,-0.807354922057604,0.1496
"nucleus organization","E2_08_16",11,14,3.7e-24,-0.321928094887362,0.4369
"regulation of cell growth","E2_08_16",31,37,3.7e-24,-0.247927513443586,0.2935
"fibroblast proliferation","E2_08_16",11,11,3.7e-24,0,1
"cell cycle G1/S phase transition","E2_08_16",11,19,3.7e-24,-0.736965594166206,0.0348
"actin filament organization","E2_08_16",39,41,3.7e-24,-0.070389327891398,0.7572
"response to oxygen levels","E2_08_16",27,35,3.7e-24,-0.362570079384708,0.1366
"epigenetic regulation of gene expression","E2_08_16",7,10,3.7e-24,-0.459431618637297,0.2963
"organelle fusion","E2_08_16",6,11,3.7e-24,-0.777607578663552,0.096
"lipoprotein metabolic process","E2_08_16",6,8,3.7e-24,-0.362570079384708,0.4989
"protein lipidation","E2_08_16",11,9,3.7e-24,0.263034405833794,0.6258
"regulation of plasma membrane bounded cell projection assembly","E2_08_16",13,13,3.7e-24,0,1
"regulation of actin filament-based process","E2_08_16",26,31,3.7e-24,-0.245112497836531,0.3759
"regulation of GTPase activity","E2_08_16",18,26,3.7e-24,-0.506959988719883,0.0861
"nuclear envelope organization","E2_08_16",7,5,3.7e-24,0.415037499278844,0.5035
"protein autophosphorylation","E2_08_16",16,16,3.7e-24,0,1
"connective tissue development","E2_08_16",24,24,3.7e-24,0,1
"cellular response to heat","E2_08_16",1,3,3.7e-24,-1,0.2033
"myeloid cell homeostasis","E2_08_16",14,19,3.7e-24,-0.415037499278844,0.2243
"regulation of neuron projection development","E2_08_16",23,33,3.7e-24,-0.502500340529183,0.0498
"receptor metabolic process","E2_08_16",10,7,3.7e-24,0.459431618637297,0.3414
"maintenance of protein location in cell","E2_08_16",4,5,3.7e-24,-0.263034405833794,0.6648
"apoptotic mitochondrial changes","E2_08_16",11,12,3.7e-24,-0.115477217419936,0.7876
"response to transforming growth factor beta","E2_08_16",16,20,3.7e-24,-0.304854581528421,0.3802
"neural tube development","E2_08_16",11,15,3.7e-24,-0.415037499278844,0.2679
"maintenance of protein location","E2_08_16",9,10,3.7e-24,-0.137503523749935,0.7565
"regulation of ubiquitin-protein transferase activity","E2_08_16",8,6,3.7e-24,0.362570079384708,0.5472
"cilium assembly","E2_08_16",30,32,3.7e-24,-0.0901978089715781,0.7215
"mRNA export from nucleus","E2_08_16",2,6,3.7e-24,-1.22239242133645,0.057
"regulation of cell-substrate junction organization","E2_08_16",6,7,3.7e-24,-0.192645077942396,0.7266
"membrane biogenesis","E2_08_16",6,6,3.7e-24,0,1
"cilium organization","E2_08_16",28,29,3.7e-24,-0.0489096004809464,0.8595
"platelet-derived growth factor receptor signaling pathway","E2_08_16",6,4,3.7e-24,0.485426827170242,0.4643
"iron-sulfur cluster assembly","E2_08_16",1,1,3.7e-24,0,1
"metallo-sulfur cluster assembly","E2_08_16",4,5,3.7e-24,-0.263034405833794,0.6718
"centromere complex assembly","E2_08_16",1,3,3.7e-24,-1,0.2627
"cellular response to oxygen levels","E2_08_16",9,11,3.7e-24,-0.263034405833794,0.5606
"fatty acid beta-oxidation","E2_08_16",3,6,3.7e-24,-0.807354922057604,0.1405
"organelle localization by membrane tethering","E2_08_16",13,13,3.7e-24,0,1
"autophagosome maturation","E2_08_16",7,8,3.7e-24,-0.169925001442312,0.7359
"cellular response to transforming growth factor beta stimulus","E2_08_16",15,19,3.7e-24,-0.321928094887362,0.3691
"nucleotide catabolic process","E2_08_16",1,5,3.7e-24,-1.58496250072116,0.0311
"tube closure","E2_08_16",8,10,3.7e-24,-0.289506617194985,0.5456
"regulation of stem cell differentiation","E2_08_16",7,7,3.7e-24,0,1
"substrate adhesion-dependent cell spreading","E2_08_16",5,8,3.7e-24,-0.584962500721156,0.2602
"chondrocyte differentiation","E2_08_16",6,9,3.7e-24,-0.514573172829758,0.267
"regulation of fibroblast proliferation","E2_08_16",10,10,3.7e-24,0,1
"morphogenesis of an epithelial sheet","E2_08_16",5,7,3.7e-24,-0.415037499278844,0.4628
"microtubule polymerization","E2_08_16",5,5,3.7e-24,0,1
"response to virus","E2_08_16",26,32,3.7e-24,-0.289506617194985,0.2607
"membrane assembly","E2_08_16",7,6,3.7e-24,0.192645077942396,0.8346
"COPII vesicle coating","E2_08_16",3,2,3.7e-24,0.415037499278844,0.7368
"erythrocyte differentiation","E2_08_16",4,10,3.7e-24,-1.13750352374993,0.0318
"organophosphate catabolic process","E2_08_16",10,17,3.7e-24,-0.710493382805015,0.0602
"regulation of embryonic development","E2_08_16",4,7,3.7e-24,-0.678071905112638,0.2226
"regulation of focal adhesion assembly","E2_08_16",7,5,3.7e-24,0.415037499278844,0.5111
"regulation of cell-substrate junction assembly","E2_08_16",8,5,3.7e-24,0.584962500721156,0.4073
"regulation of extracellular matrix organization","E2_08_16",3,5,3.7e-24,-0.584962500721156,0.3486
"GPI anchor biosynthetic process","E2_08_16",3,3,3.7e-24,0,1
"lamellipodium organization","E2_08_16",3,7,3.7e-24,-1,0.0929
"positive regulation of stem cell population maintenance","E2_08_16",1,7,3.7e-24,-2,0.0052
"monosaccharide metabolic process","E2_08_16",18,19,3.7e-24,-0.0740005814437769,0.8228
"U2-type prespliceosome assembly","E2_08_16",1,2,3.7e-24,-0.584962500721156,0.5298
"heterochromatin formation","E2_08_16",7,7,3.7e-24,0,1
"peroxisome organization","E2_08_16",4,4,3.7e-24,0,1
"regulation of mitochondrial fission","E2_08_16",4,3,3.7e-24,0.321928094887362,0.7842
"cellular pigmentation","E2_08_16",10,10,3.7e-24,0,1
"regulation of fibroblast migration","E2_08_16",5,5,3.7e-24,0,1
"cellular carbohydrate metabolic process","E2_08_16",25,21,3.7e-24,0.241008099503795,0.4374
"positive regulation of axonogenesis","E2_08_16",5,7,3.7e-24,-0.415037499278844,0.4696
"kinetochore organization","E2_08_16",2,1,3.7e-24,0.584962500721156,0.6709
"stem cell differentiation","E2_08_16",13,22,3.7e-24,-0.716207033999409,0.025
"proton transmembrane transport","E2_08_16",6,9,3.7e-24,-0.514573172829758,0.286
"cellular response to insulin stimulus","E2_08_16",12,16,3.7e-24,-0.387023123109247,0.2762
"establishment of mitotic spindle localization","E2_08_16",3,2,3.7e-24,0.415037499278844,0.7284
"cell redox homeostasis","E2_08_16",1,3,3.7e-24,-1,0.2073
"stress granule assembly","E2_08_16",3,2,3.7e-24,0.415037499278844,0.7404
"protein neddylation","E2_08_16",2,2,3.7e-24,0,1
"regulation of mitochondrial membrane potential","E2_08_16",7,5,3.7e-24,0.415037499278844,0.5038
"neuron death","E2_08_16",31,27,3.7e-24,0.192645077942396,0.4998
"defense response to virus","E2_08_16",23,26,3.7e-24,-0.169925001442312,0.5568
"sulfur compound metabolic process","E2_08_16",20,28,3.7e-24,-0.465663572348812,0.0898
"NADP metabolic process","E2_08_16",0,2,3.7e-24,-1.58496250072116,0.1407
"vacuolar acidification","E2_08_16",3,3,3.7e-24,0,1
"oligosaccharide-lipid intermediate biosynthetic process","E2_08_16",0,2,3.7e-24,-1.58496250072116,0.1805
"lysosomal lumen acidification","E2_08_16",3,2,3.7e-24,0.415037499278844,0.748
"glycosyl compound biosynthetic process","E2_08_16",1,2,3.7e-24,-0.584962500721156,0.5278
"heart valve development","E2_08_16",3,7,3.7e-24,-1,0.0921
"water-soluble vitamin metabolic process","E2_08_16",4,6,3.7e-24,-0.485426827170242,0.4315
"interferon-beta production","E2_08_16",11,6,3.7e-24,0.777607578663552,0.1795
"regulation of interferon-beta production","E2_08_16",5,4,3.7e-24,0.263034405833794,0.8033
"branched-chain amino acid metabolic process","E2_08_16",2,2,3.7e-24,0,1
"regulation of mitochondrial membrane permeability","E2_08_16",0,4,3.7e-24,-2.32192809488736,0.0137
"respiratory tube development","E2_08_16",10,18,3.7e-24,-0.788495894806288,0.0358
"cellular senescence","E2_08_16",9,9,3.7e-24,0,1
"positive regulation of neurogenesis","E2_08_16",7,16,3.7e-24,-1.08746284125034,0.0091
"mitochondrial outer membrane permeabilization","E2_08_16",8,4,3.7e-24,0.84799690655495,0.1531
"immune system development","E2_08_16",19,19,3.7e-24,0,1
"clathrin-dependent endocytosis","E2_08_16",9,8,3.7e-24,0.15200309344505,0.8639
"positive regulation of viral process","E2_08_16",3,4,3.7e-24,-0.321928094887362,0.6486
"bone development","E2_08_16",21,23,3.7e-24,-0.125530882083859,0.6816
"cell-substrate adhesion","E2_08_16",16,28,3.7e-24,-0.770518153877233,0.0104
"positive regulation of microtubule polymerization","E2_08_16",0,3,3.7e-24,-2,0.048
"pteridine-containing compound metabolic process","E2_08_16",2,2,3.7e-24,0,1
"response to arsenic-containing substance","E2_08_16",7,6,3.7e-24,0.192645077942396,0.8376
"response to insulin","E2_08_16",19,24,3.7e-24,-0.321928094887362,0.2882
"ubiquinone metabolic process","E2_08_16",2,2,3.7e-24,0,1
"cellular response to arsenic-containing substance","E2_08_16",1,1,3.7e-24,0,1
"inositol phosphate catabolic process","E2_08_16",2,1,3.7e-24,0.584962500721156,0.635
"telomerase RNA localization to Cajal body","E2_08_16",1,2,3.7e-24,-0.584962500721156,0.5767
"respiratory system development","E2_08_16",25,22,3.7e-24,0.176877762084079,0.5908
"regulation of generation of precursor metabolites and energy","E2_08_16",8,11,3.7e-24,-0.415037499278844,0.3315
"mitochondrial calcium ion homeostasis","E2_08_16",1,3,3.7e-24,-1,0.246
"G0 to G1 transition","E2_08_16",4,4,3.7e-24,0,1
"mitochondrial genome maintenance","E2_08_16",3,2,3.7e-24,0.415037499278844,0.7278
"release of cytochrome c from mitochondria","E2_08_16",7,4,3.7e-24,0.678071905112638,0.3587
"cortical cytoskeleton organization","E2_08_16",4,4,3.7e-24,0,1
"response to sterol depletion","E2_08_16",3,2,3.7e-24,0.415037499278844,0.7315
"regulation of ncRNA transcription","E2_08_16",0,1,3.7e-24,-1,0.4241
"mesenchymal cell differentiation","E2_08_16",10,19,3.7e-24,-0.862496476250065,0.0193
"protein-DNA complex subunit organization","E2_08_16",18,21,3.7e-24,-0.211504105193712,0.5203
"response to fluid shear stress","E2_08_16",5,4,3.7e-24,0.263034405833794,0.8039
"collagen fibril organization","E2_08_16",0,5,3.7e-24,-2.58496250072116,0.0081
"roof of mouth development","E2_08_16",5,8,3.7e-24,-0.584962500721156,0.2699
"regulation of protein dephosphorylation","E2_08_16",5,6,3.7e-24,-0.222392421336448,0.6947
"multicellular organism growth","E2_08_16",11,10,3.7e-24,0.125530882083859,0.8741
"miRNA processing","E2_08_16",1,3,3.7e-24,-1,0.1952
"small molecule catabolic process","E2_08_16",24,31,3.7e-24,-0.356143810225275,0.1827
"regulation of G0 to G1 transition","E2_08_16",1,2,3.7e-24,-0.584962500721156,0.5232
"circadian regulation of gene expression","E2_08_16",2,6,3.7e-24,-1.22239242133645,0.0422
"regulation of translational fidelity","E2_08_16",2,1,3.7e-24,0.584962500721156,0.6436
"ubiquinone biosynthetic process","E2_08_16",1,1,3.7e-24,0,1
"mitochondrial calcium ion transmembrane transport","E2_08_16",2,1,3.7e-24,0.584962500721156,0.6228
"quinone biosynthetic process","E2_08_16",1,1,3.7e-24,0,1
"viral release from host cell","E2_08_16",1,3,3.7e-24,-1,0.2117
"exit from host cell","E2_08_16",3,1,3.7e-24,1,0.4235
"positive regulation of GTPase activity","E2_08_16",20,24,3.7e-24,-0.251538766995965,0.4169
"regulation of cytokinesis","E2_08_16",6,9,3.7e-24,-0.514573172829758,0.28
"mitochondrion localization","E2_08_16",5,4,3.7e-24,0.263034405833794,0.8105
"renal system development","E2_08_16",23,30,3.7e-24,-0.369233809665719,0.1603
"regulation of cysteine-type endopeptidase activity involved in apoptotic process","E2_08_16",12,13,3.7e-24,-0.106915203916512,0.7759
"regulation of cell-substrate adhesion","E2_08_16",24,21,3.7e-24,0.184424571137428,0.5843
"centrosome localization","E2_08_16",0,2,3.7e-24,-1.58496250072116,0.0681
"microtubule organizing center localization","E2_08_16",2,4,3.7e-24,-0.736965594166206,0.3169
"pinocytosis","E2_08_16",1,2,3.7e-24,-0.584962500721156,0.535
"lamellipodium assembly","E2_08_16",14,10,3.7e-24,0.447458976971221,0.3558
"cellular response to sterol depletion","E2_08_16",0,2,3.7e-24,-1.58496250072116,0.1367
"placenta development","E2_08_16",10,14,3.7e-24,-0.447458976971221,0.2567
"rhythmic process","E2_08_16",31,29,3.7e-24,0.0931094043914815,0.7736
"spindle localization","E2_08_16",5,6,3.7e-24,-0.222392421336448,0.7049
"carbohydrate derivative catabolic process","E2_08_16",9,13,3.7e-24,-0.485426827170242,0.2351
"response to amino acid","E2_08_16",6,10,3.7e-24,-0.652076696579693,0.1678
"regulation of intracellular steroid hormone receptor signaling pathway","E2_08_16",2,3,3.7e-24,-0.415037499278844,0.6058
"regulation of neuron death","E2_08_16",21,25,3.7e-24,-0.241008099503795,0.4334
"ossification","E2_08_16",26,35,3.7e-24,-0.415037499278844,0.0942
"mammary gland epithelial cell proliferation","E2_08_16",2,3,3.7e-24,-0.415037499278844,0.5968
"ribosomal subunit export from nucleus","E2_08_16",1,1,3.7e-24,0,1
"ribosome localization","E2_08_16",0,1,3.7e-24,-1,0.4527
"protein transport to vacuole involved in ubiquitin-dependent protein catabolic process via the multivesicular body sorting pathway","E2_08_16",1,2,3.7e-24,-0.584962500721156,0.5284
"seminiferous tubule development","E2_08_16",2,1,3.7e-24,0.584962500721156,0.6436
"cellular response to acid chemical","E2_08_16",6,10,3.7e-24,-0.652076696579693,0.1487
"positive regulation of kinase activity","E2_08_16",32,36,3.7e-24,-0.165059246270496,0.5073
"positive regulation by host of viral process","E2_08_16",2,1,3.7e-24,0.584962500721156,0.6728
"mitochondrion morphogenesis","E2_08_16",0,1,3.7e-24,-1,0.4077
"regulation of establishment of cell polarity","E2_08_16",4,2,3.7e-24,0.736965594166206,0.293
"cellular lipid catabolic process","E2_08_16",14,17,3.7e-24,-0.263034405833794,0.483
"neuron apoptotic process","E2_08_16",22,22,3.7e-24,0,1
"inner cell mass cell proliferation","E2_08_16",2,1,3.7e-24,0.584962500721156,0.6405
"polyamine biosynthetic process","E2_08_16",0,2,3.7e-24,-1.58496250072116,0.1801
"folic acid metabolic process","E2_08_16",2,1,3.7e-24,0.584962500721156,0.6339
"organelle inheritance","E2_08_16",0,1,3.7e-24,-1,0.4958
"polyol metabolic process","E2_08_16",7,7,3.7e-24,0,1
"regulation of type I interferon-mediated signaling pathway","E2_08_16",1,4,3.7e-24,-1.32192809488736,0.1052
"intracellular lipid transport","E2_08_16",2,4,3.7e-24,-0.736965594166206,0.2979
"fat cell differentiation","E2_08_16",12,20,3.7e-24,-0.691877704637668,0.0451
"iron ion homeostasis","E2_08_16",6,9,3.7e-24,-0.514573172829758,0.2818
"negative regulation of cell projection organization","E2_08_16",8,12,3.7e-24,-0.53051471669878,0.2107
"dicarboxylic acid metabolic process","E2_08_16",2,7,3.7e-24,-1.41503749927884,0.0337
"regulation of anatomical structure size","E2_08_16",32,39,3.7e-24,-0.277533975528909,0.2358
"regulation of small molecule metabolic process","E2_08_16",26,23,3.7e-24,0.169925001442312,0.6015
"pentose-phosphate shunt","E2_08_16",1,2,3.7e-24,-0.584962500721156,0.5313
"pericardium development","E2_08_16",2,3,3.7e-24,-0.415037499278844,0.6254
"lysosomal protein catabolic process","E2_08_16",2,2,3.7e-24,0,1
"carbohydrate derivative transport","E2_08_16",4,7,3.7e-24,-0.678071905112638,0.2114
"alcohol biosynthetic process","E2_08_16",8,13,3.7e-24,-0.637429920615292,0.1147
"regulation of membrane permeability","E2_08_16",5,4,3.7e-24,0.263034405833794,0.8115
"signal peptide processing","E2_08_16",0,1,3.7e-24,-1,0.4683
"UV-damage excision repair","E2_08_16",0,0,3.7e-24,0,1
"biological process involved in interaction with host","E2_08_16",16,20,3.7e-24,-0.304854581528421,0.3806
"body morphogenesis","E2_08_16",3,5,3.7e-24,-0.584962500721156,0.3501
"extracellular vesicle biogenesis","E2_08_16",3,4,3.7e-24,-0.321928094887362,0.64
"negative regulation of defense response to virus","E2_08_16",1,2,3.7e-24,-0.584962500721156,0.523
"aminoglycan biosynthetic process","E2_08_16",5,7,3.7e-24,-0.415037499278844,0.4745
"sterol biosynthetic process","E2_08_16",3,3,3.7e-24,0,1
"polyamine metabolic process","E2_08_16",2,3,3.7e-24,-0.415037499278844,0.6068
"magnesium ion transport","E2_08_16",1,2,3.7e-24,-0.584962500721156,0.5591
"lamellipodium morphogenesis","E2_08_16",0,1,3.7e-24,-1,0.4273
"positive regulation of neuron migration","E2_08_16",3,2,3.7e-24,0.415037499278844,0.752
"regulation of glucose metabolic process","E2_08_16",4,6,3.7e-24,-0.485426827170242,0.4329
"monosaccharide biosynthetic process","E2_08_16",5,9,3.7e-24,-0.736965594166206,0.1177
"response to acid chemical","E2_08_16",12,8,3.7e-24,0.53051471669878,0.3101
"regulation of carbohydrate metabolic process","E2_08_16",16,14,3.7e-24,0.180572245641821,0.7013
"positive regulation of nervous system development","E2_08_16",17,20,3.7e-24,-0.222392421336448,0.5068
"regulation of circadian rhythm","E2_08_16",6,10,3.7e-24,-0.652076696579693,0.1549
"trabecula morphogenesis","E2_08_16",2,3,3.7e-24,-0.415037499278844,0.5971
"pigment accumulation","E2_08_16",0,1,3.7e-24,-1,0.4935
"cellular pigment accumulation","E2_08_16",2,1,3.7e-24,0.584962500721156,0.6383
"regulation of pinocytosis","E2_08_16",1,0,3.7e-24,1,0.4181
"regulation of ligase activity","E2_08_16",2,1,3.7e-24,0.584962500721156,0.6417
"smoothened signaling pathway involved in dorsal/ventral neural tube patterning","E2_08_16",2,1,3.7e-24,0.584962500721156,0.6359
"glycosyl compound metabolic process","E2_08_16",5,4,3.7e-24,0.263034405833794,0.809
"substantia nigra development","E2_08_16",5,4,3.7e-24,0.263034405833794,0.8024
"negative regulation of GTPase activity","E2_08_16",2,2,3.7e-24,0,1
"axon extension","E2_08_16",3,9,3.7e-24,-1.32192809488736,0.0268
"positive regulation of epithelial to mesenchymal transition","E2_08_16",7,5,3.7e-24,0.415037499278844,0.5124
"one-carbon metabolic process","E2_08_16",8,3,3.7e-24,1.16992500144231,0.0611
"NADPH regeneration","E2_08_16",2,1,3.7e-24,0.584962500721156,0.6488
"cellular response to dsRNA","E2_08_16",0,1,3.7e-24,-1,0.4635
"neuron projection organization","E2_08_16",8,7,3.7e-24,0.169925001442312,0.8546
"postsynapse organization","E2_08_16",8,15,3.7e-24,-0.830074998557688,0.0448
"regulation of ketone biosynthetic process","E2_08_16",1,1,3.7e-24,0,1
"mitochondrion distribution","E2_08_16",0,1,3.7e-24,-1,0.5328
"regulation of autophagosome maturation","E2_08_16",1,1,3.7e-24,0,1
"magnesium ion transmembrane transport","E2_08_16",1,2,3.7e-24,-0.584962500721156,0.5223
"regulation of cell division","E2_08_16",14,14,3.7e-24,0,1
"intermembrane lipid transfer","E2_08_16",2,4,3.7e-24,-0.736965594166206,0.27
"organophosphate ester transport","E2_08_16",8,12,3.7e-24,-0.53051471669878,0.2234
"movement in host","E2_08_16",14,16,3.7e-24,-0.180572245641821,0.623
"extracellular matrix assembly","E2_08_16",2,2,3.7e-24,0,1
"cellular metabolic compound salvage","E2_08_16",0,2,3.7e-24,-1.58496250072116,0.1479
"regulation of ATP-dependent activity","E2_08_16",6,5,3.7e-24,0.222392421336448,0.823
"cell migration involved in heart development","E2_08_16",3,3,3.7e-24,0,1
"cellular response to fluid shear stress","E2_08_16",3,2,3.7e-24,0.415037499278844,0.7355
"sphingomyelin biosynthetic process","E2_08_16",1,1,3.7e-24,0,1
"ether lipid biosynthetic process","E2_08_16",2,1,3.7e-24,0.584962500721156,0.6522
"embryonic body morphogenesis","E2_08_16",3,1,3.7e-24,1,0.4325
"amino sugar biosynthetic process","E2_08_16",0,1,3.7e-24,-1,0.4756
"glycerol ether biosynthetic process","E2_08_16",2,1,3.7e-24,0.584962500721156,0.6382
"pigmentation","E2_08_16",6,7,3.7e-24,-0.192645077942396,0.7198
"cellular response to ketone","E2_08_16",9,11,3.7e-24,-0.263034405833794,0.5599
"nonribosomal peptide biosynthetic process","E2_08_16",2,1,3.7e-24,0.584962500721156,0.6786
"glial cell apoptotic process","E2_08_16",0,0,3.7e-24,0,1
"lipoprotein catabolic process","E2_08_16",2,1,3.7e-24,0.584962500721156,0.6413
"suppression of viral release by host","E2_08_16",1,1,3.7e-24,0,1
"chaperone-mediated autophagy","E2_08_16",0,1,3.7e-24,-1,0.4376
"regulation of steroid hormone biosynthetic process","E2_08_16",1,1,3.7e-24,0,1
"synaptic vesicle lumen acidification","E2_08_16",4,1,3.7e-24,1.32192809488736,0.0223
"semaphorin-plexin signaling pathway involved in neuron projection guidance","E2_08_16",1,1,3.7e-24,0,1
"regulation of Golgi organization","E2_08_16",1,1,3.7e-24,0,1
"Schwann cell differentiation","E2_08_16",1,2,3.7e-24,-0.584962500721156,0.5333
"neurotrophin signaling pathway","E2_08_16",0,2,3.7e-24,-1.58496250072116,0.0811
"regulation of microtubule depolymerization","E2_08_16",0,1,3.7e-24,-1,0.4171
"basement membrane organization","E2_08_16",2,3,3.7e-24,-0.415037499278844,0.5927
"establishment or maintenance of epithelial cell apical/basal polarity","E2_08_16",8,6,3.7e-24,0.362570079384708,0.5496
"face development","E2_08_16",7,5,3.7e-24,0.415037499278844,0.4992
"osteoblast differentiation","E2_08_16",11,17,3.7e-24,-0.584962500721156,0.0904
"appendage development","E2_08_16",6,13,3.7e-24,-1,0.0285
"limb development","E2_08_16",9,14,3.7e-24,-0.584962500721156,0.1344
"regulation of ATP metabolic process","E2_08_16",11,7,3.7e-24,0.584962500721156,0.2726
"developmental growth involved in morphogenesis","E2_08_16",16,16,3.7e-24,0,1
"embryonic organ development","E2_08_16",34,35,3.7e-24,-0.0406419844973459,0.8685
"negative regulation of growth","E2_08_16",16,18,3.7e-24,-0.160464672193246,0.6507
"microtubule depolymerization","E2_08_16",5,4,3.7e-24,0.263034405833794,0.8078
"heme metabolic process","E2_08_16",7,6,3.7e-24,0.192645077942396,0.8396
"regulation of neuron apoptotic process","E2_08_16",18,18,3.7e-24,0,1
"plasma membrane tubulation","E2_08_16",5,3,3.7e-24,0.584962500721156,0.3822
"exosomal secretion","E2_08_16",1,2,3.7e-24,-0.584962500721156,0.5427
"vasculogenesis","E2_08_16",4,6,3.7e-24,-0.485426827170242,0.4416
"toxin transport","E2_08_16",1,2,3.7e-24,-0.584962500721156,0.5615
"ncRNA processing","MMEA9_C1",0,5,3.7e-24,-2.58496250072116,0.0048
"ribosome biogenesis","MMEA9_C1",1,4,3.7e-24,-1.32192809488736,0.0847
"rRNA metabolic process","MMEA9_C1",1,3,3.7e-24,-1,0.2049
"proteasome-mediated ubiquitin-dependent protein catabolic process","MMEA9_C1",3,5,3.7e-24,-0.584962500721156,0.3057
"regulation of response to DNA damage stimulus","MMEA9_C1",3,3,3.7e-24,0,1
"establishment of protein localization to organelle","MMEA9_C1",6,6,3.7e-24,0,1
"macroautophagy","MMEA9_C1",1,3,3.7e-24,-1,0.2189
"regulation of chromosome organization","MMEA9_C1",2,3,3.7e-24,-0.415037499278844,0.5991
"Golgi vesicle transport","MMEA9_C1",3,4,3.7e-24,-0.321928094887362,0.6543
"double-strand break repair","MMEA9_C1",4,3,3.7e-24,0.321928094887362,0.7852
"histone modification","MMEA9_C1",0,4,3.7e-24,-2.32192809488736,0.0185
"sister chromatid segregation","MMEA9_C1",3,3,3.7e-24,0,1
"DNA replication","MMEA9_C1",2,3,3.7e-24,-0.415037499278844,0.5958
"chromosome segregation","MMEA9_C1",2,5,3.7e-24,-1,0.1279
"mitochondrial gene expression","MMEA9_C1",0,1,3.7e-24,-1,0.4123
"nucleocytoplasmic transport","MMEA9_C1",2,3,3.7e-24,-0.415037499278844,0.5965
"nuclear transport","MMEA9_C1",5,4,3.7e-24,0.263034405833794,0.8007
"regulation of DNA repair","MMEA9_C1",0,3,3.7e-24,-2,0.0596
"peptidyl-lysine modification","MMEA9_C1",5,4,3.7e-24,0.263034405833794,0.8038
"protein targeting","MMEA9_C1",2,4,3.7e-24,-0.736965594166206,0.2874
"cytoplasmic translation","MMEA9_C1",2,2,3.7e-24,0,1
"regulation of autophagy","MMEA9_C1",3,4,3.7e-24,-0.321928094887362,0.664
"signal transduction in response to DNA damage","MMEA9_C1",1,2,3.7e-24,-0.584962500721156,0.5394
"regulation of intracellular transport","MMEA9_C1",2,3,3.7e-24,-0.415037499278844,0.5992
"protein localization to nucleus","MMEA9_C1",3,3,3.7e-24,0,1
"microtubule cytoskeleton organization involved in mitosis","MMEA9_C1",1,2,3.7e-24,-0.584962500721156,0.5675
"telomere maintenance","MMEA9_C1",1,1,3.7e-24,0,1
"cell cycle checkpoint signaling","MMEA9_C1",1,2,3.7e-24,-0.584962500721156,0.5391
"regulation of protein modification by small protein conjugation or removal","MMEA9_C1",1,2,3.7e-24,-0.584962500721156,0.5225
"cellular respiration","MMEA9_C1",3,3,3.7e-24,0,1
"cellular component disassembly","MMEA9_C1",2,5,3.7e-24,-1,0.152
"nuclear chromosome segregation","MMEA9_C1",3,4,3.7e-24,-0.321928094887362,0.6442
"regulation of protein stability","MMEA9_C1",1,3,3.7e-24,-1,0.228
"regulation of cell cycle phase transition","MMEA9_C1",4,5,3.7e-24,-0.263034405833794,0.6632
"regulation of protein catabolic process","MMEA9_C1",1,3,3.7e-24,-1,0.2082
"response to endoplasmic reticulum stress","MMEA9_C1",2,3,3.7e-24,-0.415037499278844,0.6032
"vesicle organization","MMEA9_C1",2,4,3.7e-24,-0.736965594166206,0.2871
"mitochondrial respiratory chain complex assembly","MMEA9_C1",1,1,3.7e-24,0,1
"DNA-templated transcription elongation","MMEA9_C1",2,2,3.7e-24,0,1
"mitochondrial transport","MMEA9_C1",0,1.5,3.7e-24,-1.32192809488736,0.1868
"establishment of organelle localization","MMEA9_C1",1,5,3.7e-24,-1.58496250072116,0.045
"regulation of intracellular protein transport","MMEA9_C1",1,2,3.7e-24,-0.584962500721156,0.5343
"response to UV","MMEA9_C1",1,2,3.7e-24,-0.584962500721156,0.5465
"RNA localization","MMEA9_C1",3,2,3.7e-24,0.415037499278844,0.7432
"response to topologically incorrect protein","MMEA9_C1",3,2,3.7e-24,0.415037499278844,0.7294
"organelle fission","MMEA9_C1",0,4,3.7e-24,-2.32192809488736,0.0106
"non-membrane-bounded organelle assembly","MMEA9_C1",4,4,3.7e-24,0,1
"protein polyubiquitination","MMEA9_C1",2,3,3.7e-24,-0.415037499278844,0.6126
"methylation","MMEA9_C1",0,3,3.7e-24,-2,0.0415
"phospholipid biosynthetic process","MMEA9_C1",3,3,3.7e-24,0,1
"oxidative phosphorylation","MMEA9_C1",1,1,3.7e-24,0,1
"establishment of protein localization to membrane","MMEA9_C1",3,3,3.7e-24,0,1
"in utero embryonic development","MMEA9_C1",4,4,3.7e-24,0,1
"vacuole organization","MMEA9_C1",2,2,3.7e-24,0,1
"nuclear-transcribed mRNA catabolic process","MMEA9_C1",1,1,3.7e-24,0,1
"protein folding","MMEA9_C1",1,2,3.7e-24,-0.584962500721156,0.5263
"DNA conformation change","MMEA9_C1",0,1,3.7e-24,-1,0.4379
"regulation of chromosome segregation","MMEA9_C1",0,1,3.7e-24,-1,0.4186
"regulation of apoptotic signaling pathway","MMEA9_C1",1,4,3.7e-24,-1.32192809488736,0.1105
"cell cycle G2/M phase transition","MMEA9_C1",1,2,3.7e-24,-0.584962500721156,0.5504
"vacuolar transport","MMEA9_C1",1,1,3.7e-24,0,1
"response to ionizing radiation","MMEA9_C1",0,1,3.7e-24,-1,0.4154
"cellular response to UV","MMEA9_C1",1,1,3.7e-24,0,1
"regulation of binding","MMEA9_C1",2,4,3.7e-24,-0.736965594166206,0.2598
"nucleic acid transport","MMEA9_C1",2,1,3.7e-24,0.584962500721156,0.6698
"RNA transport","MMEA9_C1",1,1,3.7e-24,0,1
"ribonucleoprotein complex subunit organization","MMEA9_C1",2,2,3.7e-24,0,1
"regulation of DNA replication","MMEA9_C1",0,1,3.7e-24,-1,0.4221
"ribose phosphate metabolic process","MMEA9_C1",1,4,3.7e-24,-1.32192809488736,0.0855
"proton motive force-driven ATP synthesis","MMEA9_C1",2,1,3.7e-24,0.584962500721156,0.6603
"ribonucleotide metabolic process","MMEA9_C1",2,5,3.7e-24,-1,0.1607
"telomere organization","MMEA9_C1",1,2,3.7e-24,-0.584962500721156,0.5834
"cellular response to topologically incorrect protein","MMEA9_C1",0,1,3.7e-24,-1,0.4283
"Golgi organization","MMEA9_C1",2,2,3.7e-24,0,1
"ribonucleoprotein complex assembly","MMEA9_C1",0,3,3.7e-24,-2,0.055
"cellular nitrogen compound catabolic process","MMEA9_C1",5,5,3.7e-24,0,1
"negative regulation of phosphorus metabolic process","MMEA9_C1",6,5,3.7e-24,0.222392421336448,0.825
"heterocycle catabolic process","MMEA9_C1",2,4,3.7e-24,-0.736965594166206,0.2979
"mitochondrial membrane organization","MMEA9_C1",1,1,3.7e-24,0,1
"regulation of protein-containing complex assembly","MMEA9_C1",0,4,3.7e-24,-2.32192809488736,0.024
"positive regulation of cellular component biogenesis","MMEA9_C1",3,5,3.7e-24,-0.584962500721156,0.3178
"response to oxidative stress","MMEA9_C1",6,4,3.7e-24,0.485426827170242,0.449
"regulation of supramolecular fiber organization","MMEA9_C1",2,4,3.7e-24,-0.736965594166206,0.2597
"positive regulation of protein localization","MMEA9_C1",2,4,3.7e-24,-0.736965594166206,0.2535
"positive regulation of cell projection organization","MMEA9_C1",0,3,3.7e-24,-2,0.0301
"negative regulation of transferase activity","MMEA9_C1",4,2,3.7e-24,0.736965594166206,0.316
"autophagy of mitochondrion","MMEA9_C1",1,1,3.7e-24,0,1
"positive regulation of amide metabolic process","MMEA9_C1",0,2,3.7e-24,-1.58496250072116,0.1115
"chromatin remodeling","MMEA9_C1",3,4,3.7e-24,-0.321928094887362,0.637
"viral process","MMEA9_C1",4,4,3.7e-24,0,1
"macromolecule deacylation","MMEA9_C1",0,2,3.7e-24,-1.58496250072116,0.1772
"mitotic cytokinesis","MMEA9_C1",0,1,3.7e-24,-1,0.4478
"aromatic compound catabolic process","MMEA9_C1",4,5,3.7e-24,-0.263034405833794,0.6737
"vesicle localization","MMEA9_C1",0,2,3.7e-24,-1.58496250072116,0.129
"establishment or maintenance of cell polarity","MMEA9_C1",4,2,3.7e-24,0.736965594166206,0.2869
"Wnt signaling pathway","MMEA9_C1",3,5,3.7e-24,-0.584962500721156,0.3411
"cell-cell signaling by wnt","MMEA9_C1",4,5,3.7e-24,-0.263034405833794,0.6757
"ATP metabolic process","MMEA9_C1",3,2,3.7e-24,0.415037499278844,0.735
"cellular response to chemical stress","MMEA9_C1",3,4,3.7e-24,-0.321928094887362,0.6616
"regulation of vacuole organization","MMEA9_C1",0,0,3.7e-24,0,1
"cellular response to external stimulus","MMEA9_C1",0,3,3.7e-24,-2,0.0451
"negative regulation of protein phosphorylation","MMEA9_C1",3,4,3.7e-24,-0.321928094887362,0.6619
"negative regulation of catabolic process","MMEA9_C1",3,3,3.7e-24,0,1
"regulation of microtubule cytoskeleton organization","MMEA9_C1",2,1,3.7e-24,0.584962500721156,0.6769
"chromosome localization","MMEA9_C1",0,1,3.7e-24,-1,0.4282
"negative regulation of mitotic nuclear division","MMEA9_C1",1,0,3.7e-24,1,0.3782
"regulation of actin filament organization","MMEA9_C1",1,2,3.7e-24,-0.584962500721156,0.561
"dephosphorylation","MMEA9_C1",1,3,3.7e-24,-1,0.1938
"glycosylation","MMEA9_C1",3,2,3.7e-24,0.415037499278844,0.7395
"positive regulation of establishment of protein localization","MMEA9_C1",1,3,3.7e-24,-1,0.2086
"regulation of microtubule-based process","MMEA9_C1",1,2,3.7e-24,-0.584962500721156,0.5307
"cell-substrate junction organization","MMEA9_C1",1,1,3.7e-24,0,1
"protein-containing complex localization","MMEA9_C1",1,2,3.7e-24,-0.584962500721156,0.5371
"mitochondrial transmembrane transport","MMEA9_C1",0,1,3.7e-24,-1,0.4878
"stem cell population maintenance","MMEA9_C1",0,2,3.7e-24,-1.58496250072116,0.1357
"ribosome assembly","MMEA9_C1",2,1,3.7e-24,0.584962500721156,0.6422
"intraciliary transport","MMEA9_C1",0,0,3.7e-24,0,1
"Golgi to plasma membrane protein transport","MMEA9_C1",1,0,3.7e-24,1,0.3062
"response to amino acid starvation","MMEA9_C1",1,1,3.7e-24,0,1
"cellular response to extracellular stimulus","MMEA9_C1",4,3,3.7e-24,0.321928094887362,0.7815
"cell growth","MMEA9_C1",2,4,3.7e-24,-0.736965594166206,0.2594
"protein glycosylation","MMEA9_C1",1,2,3.7e-24,-0.584962500721156,0.5612
"macromolecule glycosylation","MMEA9_C1",1,2,3.7e-24,-0.584962500721156,0.5282
"maintenance of cell number","MMEA9_C1",2,2,3.7e-24,0,1
"response to reactive oxygen species","MMEA9_C1",2,2,3.7e-24,0,1
"regulation of cell morphogenesis","MMEA9_C1",1,2,3.7e-24,-0.584962500721156,0.547
"regulation of cellular component size","MMEA9_C1",1,3,3.7e-24,-1,0.2105
"cell-substrate junction assembly","MMEA9_C1",0,1,3.7e-24,-1,0.4794
"membrane fission","MMEA9_C1",0,0,3.7e-24,0,1
"membrane docking","MMEA9_C1",2,1,3.7e-24,0.584962500721156,0.6237
"fibroblast migration","MMEA9_C1",0,0,3.7e-24,0,1
"nucleus organization","MMEA9_C1",1,1,3.7e-24,0,1
"regulation of cell growth","MMEA9_C1",2,4,3.7e-24,-0.736965594166206,0.2818
"fibroblast proliferation","MMEA9_C1",1,1,3.7e-24,0,1
"cell cycle G1/S phase transition","MMEA9_C1",1,2,3.7e-24,-0.584962500721156,0.5386
"actin filament organization","MMEA9_C1",1,4,3.7e-24,-1.32192809488736,0.0813
"response to oxygen levels","MMEA9_C1",2,3,3.7e-24,-0.415037499278844,0.5874
"epigenetic regulation of gene expression","MMEA9_C1",1,1,3.7e-24,0,1
"organelle fusion","MMEA9_C1",0,1,3.7e-24,-1,0.4092
"lipoprotein metabolic process","MMEA9_C1",1,1,3.7e-24,0,1
"protein lipidation","MMEA9_C1",1,1,3.7e-24,0,1
"regulation of plasma membrane bounded cell projection assembly","MMEA9_C1",2,1,3.7e-24,0.584962500721156,0.67
"regulation of actin filament-based process","MMEA9_C1",0,3,3.7e-24,-2,0.028
"regulation of GTPase activity","MMEA9_C1",1,3,3.7e-24,-1,0.2274
"nuclear envelope organization","MMEA9_C1",1,0,3.7e-24,1,0.471
"protein autophosphorylation","MMEA9_C1",1,2,3.7e-24,-0.584962500721156,0.5596
"connective tissue development","MMEA9_C1",1,3,3.7e-24,-1,0.2338
"cellular response to heat","MMEA9_C1",1,0,3.7e-24,1,0.4038
"myeloid cell homeostasis","MMEA9_C1",1,2,3.7e-24,-0.584962500721156,0.5284
"regulation of neuron projection development","MMEA9_C1",0,4,3.7e-24,-2.32192809488736,0.0241
"receptor metabolic process","MMEA9_C1",0,1,3.7e-24,-1,0.534
"maintenance of protein location in cell","MMEA9_C1",0,0,3.7e-24,0,1
"apoptotic mitochondrial changes","MMEA9_C1",0,1,3.7e-24,-1,0.4122
"response to transforming growth factor beta","MMEA9_C1",1,2,3.7e-24,-0.584962500721156,0.5422
"neural tube development","MMEA9_C1",2,2,3.7e-24,0,1
"maintenance of protein location","MMEA9_C1",1,1,3.7e-24,0,1
"regulation of ubiquitin-protein transferase activity","MMEA9_C1",1,1,3.7e-24,0,1
"cilium assembly","MMEA9_C1",1,3,3.7e-24,-1,0.1964
"mRNA export from nucleus","MMEA9_C1",0,0,3.7e-24,0,1
"regulation of cell-substrate junction organization","MMEA9_C1",1,1,3.7e-24,0,1
"membrane biogenesis","MMEA9_C1",0,0,3.7e-24,0,1
"cilium organization","MMEA9_C1",3,3,3.7e-24,0,1
"platelet-derived growth factor receptor signaling pathway","MMEA9_C1",2,0,3.7e-24,1.58496250072116,0.056
"iron-sulfur cluster assembly","MMEA9_C1",0,0,3.7e-24,0,1
"metallo-sulfur cluster assembly","MMEA9_C1",0,0,3.7e-24,0,1
"centromere complex assembly","MMEA9_C1",1,0,3.7e-24,1,0.3515
"cellular response to oxygen levels","MMEA9_C1",2,1,3.7e-24,0.584962500721156,0.6514
"fatty acid beta-oxidation","MMEA9_C1",0,1,3.7e-24,-1,0.4978
"organelle localization by membrane tethering","MMEA9_C1",0,1,3.7e-24,-1,0.4389
"autophagosome maturation","MMEA9_C1",1,0,3.7e-24,1,0.4645
"cellular response to transforming growth factor beta stimulus","MMEA9_C1",2,2,3.7e-24,0,1
"nucleotide catabolic process","MMEA9_C1",1,0,3.7e-24,1,0.4746
"tube closure","MMEA9_C1",1,1,3.7e-24,0,1
"regulation of stem cell differentiation","MMEA9_C1",1,1,3.7e-24,0,1
"substrate adhesion-dependent cell spreading","MMEA9_C1",1,1,3.7e-24,0,1
"chondrocyte differentiation","MMEA9_C1",2,1,3.7e-24,0.584962500721156,0.6299
"regulation of fibroblast proliferation","MMEA9_C1",0,1,3.7e-24,-1,0.4189
"morphogenesis of an epithelial sheet","MMEA9_C1",1,1,3.7e-24,0,1
"microtubule polymerization","MMEA9_C1",0,0,3.7e-24,0,1
"response to virus","MMEA9_C1",1,3,3.7e-24,-1,0.2065
"membrane assembly","MMEA9_C1",0,0,3.7e-24,0,1
"COPII vesicle coating","MMEA9_C1",0,0,3.7e-24,0,1
"erythrocyte differentiation","MMEA9_C1",0,1,3.7e-24,-1,0.4381
"organophosphate catabolic process","MMEA9_C1",1,2,3.7e-24,-0.584962500721156,0.5836
"regulation of embryonic development","MMEA9_C1",1,1,3.7e-24,0,1
"regulation of focal adhesion assembly","MMEA9_C1",0,0,3.7e-24,0,1
"regulation of cell-substrate junction assembly","MMEA9_C1",0,0,3.7e-24,0,1
"regulation of extracellular matrix organization","MMEA9_C1",1,0,3.7e-24,1,0.4644
"GPI anchor biosynthetic process","MMEA9_C1",0,0,3.7e-24,0,1
"lamellipodium organization","MMEA9_C1",0,1,3.7e-24,-1,0.439
"positive regulation of stem cell population maintenance","MMEA9_C1",0,1,3.7e-24,-1,0.5219
"monosaccharide metabolic process","MMEA9_C1",0,2,3.7e-24,-1.58496250072116,0.0948
"U2-type prespliceosome assembly","MMEA9_C1",0,0,3.7e-24,0,1
"heterochromatin formation","MMEA9_C1",1,1,3.7e-24,0,1
"peroxisome organization","MMEA9_C1",0,0,3.7e-24,0,1
"regulation of mitochondrial fission","MMEA9_C1",0,0,3.7e-24,0,1
"cellular pigmentation","MMEA9_C1",0,1,3.7e-24,-1,0.4228
"regulation of fibroblast migration","MMEA9_C1",0,0,3.7e-24,0,1
"cellular carbohydrate metabolic process","MMEA9_C1",1,3,3.7e-24,-1,0.2702
"positive regulation of axonogenesis","MMEA9_C1",1,1,3.7e-24,0,1
"kinetochore organization","MMEA9_C1",0,0,3.7e-24,0,1
"stem cell differentiation","MMEA9_C1",1,3,3.7e-24,-1,0.2244
"proton transmembrane transport","MMEA9_C1",2,1,3.7e-24,0.584962500721156,0.6481
"cellular response to insulin stimulus","MMEA9_C1",0,2,3.7e-24,-1.58496250072116,0.1397
"establishment of mitotic spindle localization","MMEA9_C1",0,0,3.7e-24,0,1
"cell redox homeostasis","MMEA9_C1",0,0,3.7e-24,0,1
"stress granule assembly","MMEA9_C1",2,0,3.7e-24,1.58496250072116,0.0431
"protein neddylation","MMEA9_C1",1,0,3.7e-24,1,0.2376
"regulation of mitochondrial membrane potential","MMEA9_C1",0,0,3.7e-24,0,1
"neuron death","MMEA9_C1",2,3,3.7e-24,-0.415037499278844,0.5875
"defense response to virus","MMEA9_C1",2,2,3.7e-24,0,1
"sulfur compound metabolic process","MMEA9_C1",1,3,3.7e-24,-1,0.2469
"NADP metabolic process","MMEA9_C1",0,0,3.7e-24,0,1
"vacuolar acidification","MMEA9_C1",0,0,3.7e-24,0,1
"oligosaccharide-lipid intermediate biosynthetic process","MMEA9_C1",0,0,3.7e-24,0,1
"lysosomal lumen acidification","MMEA9_C1",0,0,3.7e-24,0,1
"glycosyl compound biosynthetic process","MMEA9_C1",0,0,3.7e-24,0,1
"heart valve development","MMEA9_C1",0,0,3.7e-24,0,1
"water-soluble vitamin metabolic process","MMEA9_C1",0,0,3.7e-24,0,1
"interferon-beta production","MMEA9_C1",0,0,3.7e-24,0,1
"regulation of interferon-beta production","MMEA9_C1",0,0,3.7e-24,0,1
"branched-chain amino acid metabolic process","MMEA9_C1",0,0,3.7e-24,0,1
"regulation of mitochondrial membrane permeability","MMEA9_C1",0,0,3.7e-24,0,1
"respiratory tube development","MMEA9_C1",2,2,3.7e-24,0,1
"cellular senescence","MMEA9_C1",1,1,3.7e-24,0,1
"positive regulation of neurogenesis","MMEA9_C1",5,2,3.7e-24,1,0.206
"mitochondrial outer membrane permeabilization","MMEA9_C1",0,0,3.7e-24,0,1
"immune system development","MMEA9_C1",0,2,3.7e-24,-1.58496250072116,0.1534
"clathrin-dependent endocytosis","MMEA9_C1",0,0,3.7e-24,0,1
"positive regulation of viral process","MMEA9_C1",0,0,3.7e-24,0,1
"bone development","MMEA9_C1",1,2,3.7e-24,-0.584962500721156,0.5333
"cell-substrate adhesion","MMEA9_C1",1,3,3.7e-24,-1,0.2256
"positive regulation of microtubule polymerization","MMEA9_C1",0,0,3.7e-24,0,1
"pteridine-containing compound metabolic process","MMEA9_C1",0,0,3.7e-24,0,1
"response to arsenic-containing substance","MMEA9_C1",1,0,3.7e-24,1,0.3795
"response to insulin","MMEA9_C1",3,3,3.7e-24,0,1
"ubiquinone metabolic process","MMEA9_C1",0,0,3.7e-24,0,1
"cellular response to arsenic-containing substance","MMEA9_C1",0,0,3.7e-24,0,1
"inositol phosphate catabolic process","MMEA9_C1",0,0,3.7e-24,0,1
"telomerase RNA localization to Cajal body","MMEA9_C1",0,0,3.7e-24,0,1
"respiratory system development","MMEA9_C1",2,2,3.7e-24,0,1
"regulation of generation of precursor metabolites and energy","MMEA9_C1",1,1,3.7e-24,0,1
"mitochondrial calcium ion homeostasis","MMEA9_C1",0,0,3.7e-24,0,1
"G0 to G1 transition","MMEA9_C1",0,0,3.7e-24,0,1
"mitochondrial genome maintenance","MMEA9_C1",0,0,3.7e-24,0,1
"release of cytochrome c from mitochondria","MMEA9_C1",0,0,3.7e-24,0,1
"cortical cytoskeleton organization","MMEA9_C1",1,0,3.7e-24,1,0.2977
"response to sterol depletion","MMEA9_C1",0,0,3.7e-24,0,1
"regulation of ncRNA transcription","MMEA9_C1",0,0,3.7e-24,0,1
"mesenchymal cell differentiation","MMEA9_C1",1,2,3.7e-24,-0.584962500721156,0.5416
"protein-DNA complex subunit organization","MMEA9_C1",1,2,3.7e-24,-0.584962500721156,0.5328
"response to fluid shear stress","MMEA9_C1",0,0,3.7e-24,0,1
"collagen fibril organization","MMEA9_C1",1,0,3.7e-24,1,0.4743
"roof of mouth development","MMEA9_C1",0,1,3.7e-24,-1,0.4969
"regulation of protein dephosphorylation","MMEA9_C1",1,1,3.7e-24,0,1
"multicellular organism growth","MMEA9_C1",0,1,3.7e-24,-1,0.4127
"miRNA processing","MMEA9_C1",0,0,3.7e-24,0,1
"small molecule catabolic process","MMEA9_C1",3,4,3.7e-24,-0.321928094887362,0.661
"regulation of G0 to G1 transition","MMEA9_C1",0,0,3.7e-24,0,1
"circadian regulation of gene expression","MMEA9_C1",1,0,3.7e-24,1,0.4503
"regulation of translational fidelity","MMEA9_C1",1,0,3.7e-24,1,0.1463
"ubiquinone biosynthetic process","MMEA9_C1",0,0,3.7e-24,0,1
"mitochondrial calcium ion transmembrane transport","MMEA9_C1",0,0,3.7e-24,0,1
"quinone biosynthetic process","MMEA9_C1",0,0,3.7e-24,0,1
"viral release from host cell","MMEA9_C1",0,0,3.7e-24,0,1
"exit from host cell","MMEA9_C1",0,0,3.7e-24,0,1
"positive regulation of GTPase activity","MMEA9_C1",1,2,3.7e-24,-0.584962500721156,0.5323
"regulation of cytokinesis","MMEA9_C1",1,1,3.7e-24,0,1
"mitochondrion localization","MMEA9_C1",0,0,3.7e-24,0,1
"renal system development","MMEA9_C1",6,3,3.7e-24,0.807354922057604,0.2928
"regulation of cysteine-type endopeptidase activity involved in apoptotic process","MMEA9_C1",0,2,3.7e-24,-1.58496250072116,0.1678
"regulation of cell-substrate adhesion","MMEA9_C1",0,2,3.7e-24,-1.58496250072116,0.1391
"centrosome localization","MMEA9_C1",0,0,3.7e-24,0,1
"microtubule organizing center localization","MMEA9_C1",0,0,3.7e-24,0,1
"pinocytosis","MMEA9_C1",0,0,3.7e-24,0,1
"lamellipodium assembly","MMEA9_C1",0,1,3.7e-24,-1,0.4778
"cellular response to sterol depletion","MMEA9_C1",0,0,3.7e-24,0,1
"placenta development","MMEA9_C1",0,1,3.7e-24,-1,0.4186
"rhythmic process","MMEA9_C1",2,3,3.7e-24,-0.415037499278844,0.5885
"spindle localization","MMEA9_C1",0,0,3.7e-24,0,1
"carbohydrate derivative catabolic process","MMEA9_C1",1,1,3.7e-24,0,1
"response to amino acid","MMEA9_C1",0,1,3.7e-24,-1,0.4069
"regulation of intracellular steroid hormone receptor signaling pathway","MMEA9_C1",0,0,3.7e-24,0,1
"regulation of neuron death","MMEA9_C1",0,3,3.7e-24,-2,0.0624
"ossification","MMEA9_C1",3,4,3.7e-24,-0.321928094887362,0.6382
"mammary gland epithelial cell proliferation","MMEA9_C1",0,0,3.7e-24,0,1
"ribosomal subunit export from nucleus","MMEA9_C1",0,0,3.7e-24,0,1
"ribosome localization","MMEA9_C1",0,0,3.7e-24,0,1
"protein transport to vacuole involved in ubiquitin-dependent protein catabolic process via the multivesicular body sorting pathway","MMEA9_C1",0,0,3.7e-24,0,1
"seminiferous tubule development","MMEA9_C1",0,0,3.7e-24,0,1
"cellular response to acid chemical","MMEA9_C1",0,1,3.7e-24,-1,0.4244
"positive regulation of kinase activity","MMEA9_C1",3,4,3.7e-24,-0.321928094887362,0.643
"positive regulation by host of viral process","MMEA9_C1",0,0,3.7e-24,0,1
"mitochondrion morphogenesis","MMEA9_C1",0,0,3.7e-24,0,1
"regulation of establishment of cell polarity","MMEA9_C1",1,0,3.7e-24,1,0.3544
"cellular lipid catabolic process","MMEA9_C1",2,2,3.7e-24,0,1
"neuron apoptotic process","MMEA9_C1",1,2,3.7e-24,-0.584962500721156,0.5324
"inner cell mass cell proliferation","MMEA9_C1",0,0,3.7e-24,0,1
"polyamine biosynthetic process","MMEA9_C1",1,0,3.7e-24,1,0.2424
"folic acid metabolic process","MMEA9_C1",0,0,3.7e-24,0,1
"organelle inheritance","MMEA9_C1",0,0,3.7e-24,0,1
"polyol metabolic process","MMEA9_C1",1,1,3.7e-24,0,1
"regulation of type I interferon-mediated signaling pathway","MMEA9_C1",1,0,3.7e-24,1,0.3913
"intracellular lipid transport","MMEA9_C1",0,0,3.7e-24,0,1
"fat cell differentiation","MMEA9_C1",0,2,3.7e-24,-1.58496250072116,0.101
"iron ion homeostasis","MMEA9_C1",1,1,3.7e-24,0,1
"negative regulation of cell projection organization","MMEA9_C1",2,1,3.7e-24,0.584962500721156,0.6862
"dicarboxylic acid metabolic process","MMEA9_C1",1,0,3.7e-24,1,0.4968
"regulation of anatomical structure size","MMEA9_C1",4,4,3.7e-24,0,1
"regulation of small molecule metabolic process","MMEA9_C1",0,3,3.7e-24,-2,0.065
"pentose-phosphate shunt","MMEA9_C1",0,0,3.7e-24,0,1
"pericardium development","MMEA9_C1",0,0,3.7e-24,0,1
"lysosomal protein catabolic process","MMEA9_C1",1,0,3.7e-24,1,0.3069
"carbohydrate derivative transport","MMEA9_C1",0,1,3.7e-24,-1,0.4799
"alcohol biosynthetic process","MMEA9_C1",0,1,3.7e-24,-1,0.4183
"regulation of membrane permeability","MMEA9_C1",0,0,3.7e-24,0,1
"signal peptide processing","MMEA9_C1",0,0,3.7e-24,0,1
"UV-damage excision repair","MMEA9_C1",0,0,3.7e-24,0,1
"biological process involved in interaction with host","MMEA9_C1",1,2,3.7e-24,-0.584962500721156,0.5863
"body morphogenesis","MMEA9_C1",1,0,3.7e-24,1,0.4748
"extracellular vesicle biogenesis","MMEA9_C1",0,0,3.7e-24,0,1
"negative regulation of defense response to virus","MMEA9_C1",3,0,3.7e-24,2,0.0087
"aminoglycan biosynthetic process","MMEA9_C1",0,1,3.7e-24,-1,0.5201
"sterol biosynthetic process","MMEA9_C1",0,0,3.7e-24,0,1
"polyamine metabolic process","MMEA9_C1",0,0,3.7e-24,0,1
"magnesium ion transport","MMEA9_C1",0,0,3.7e-24,0,1
"lamellipodium morphogenesis","MMEA9_C1",0,0,3.7e-24,0,1
"positive regulation of neuron migration","MMEA9_C1",0,0,3.7e-24,0,1
"regulation of glucose metabolic process","MMEA9_C1",0,1,3.7e-24,-1,0.5042
"monosaccharide biosynthetic process","MMEA9_C1",0,1,3.7e-24,-1,0.4283
"response to acid chemical","MMEA9_C1",3,1,3.7e-24,1,0.4378
"regulation of carbohydrate metabolic process","MMEA9_C1",1,1,3.7e-24,0,1
"positive regulation of nervous system development","MMEA9_C1",0,3,3.7e-24,-2,0.0647
"regulation of circadian rhythm","MMEA9_C1",1,1,3.7e-24,0,1
"trabecula morphogenesis","MMEA9_C1",1,0,3.7e-24,1,0.3789
"pigment accumulation","MMEA9_C1",0,0,3.7e-24,0,1
"cellular pigment accumulation","MMEA9_C1",0,0,3.7e-24,0,1
"regulation of pinocytosis","MMEA9_C1",0,0,3.7e-24,0,1
"regulation of ligase activity","MMEA9_C1",0,0,3.7e-24,0,1
"smoothened signaling pathway involved in dorsal/ventral neural tube patterning","MMEA9_C1",0,0,3.7e-24,0,1
"glycosyl compound metabolic process","MMEA9_C1",0,0,3.7e-24,0,1
"substantia nigra development","MMEA9_C1",0,0,3.7e-24,0,1
"negative regulation of GTPase activity","MMEA9_C1",0,0,3.7e-24,0,1
"axon extension","MMEA9_C1",0,1,3.7e-24,-1,0.4413
"positive regulation of epithelial to mesenchymal transition","MMEA9_C1",1,1,3.7e-24,0,1
"one-carbon metabolic process","MMEA9_C1",0,0,3.7e-24,0,1
"NADPH regeneration","MMEA9_C1",0,0,3.7e-24,0,1
"cellular response to dsRNA","MMEA9_C1",0,0,3.7e-24,0,1
"neuron projection organization","MMEA9_C1",0,1,3.7e-24,-1,0.5007
"postsynapse organization","MMEA9_C1",0,2,3.7e-24,-1.58496250072116,0.1762
"regulation of ketone biosynthetic process","MMEA9_C1",0,0,3.7e-24,0,1
"mitochondrion distribution","MMEA9_C1",0,0,3.7e-24,0,1
"regulation of autophagosome maturation","MMEA9_C1",0,0,3.7e-24,0,1
"magnesium ion transmembrane transport","MMEA9_C1",0,0,3.7e-24,0,1
"regulation of cell division","MMEA9_C1",1,1,3.7e-24,0,1
"intermembrane lipid transfer","MMEA9_C1",0,0,3.7e-24,0,1
"organophosphate ester transport","MMEA9_C1",3,1,3.7e-24,1,0.416
"movement in host","MMEA9_C1",0,2,3.7e-24,-1.58496250072116,0.1495
"extracellular matrix assembly","MMEA9_C1",0,0,3.7e-24,0,1
"cellular metabolic compound salvage","MMEA9_C1",0,0,3.7e-24,0,1
"regulation of ATP-dependent activity","MMEA9_C1",0,0,3.7e-24,0,1
"cell migration involved in heart development","MMEA9_C1",0,0,3.7e-24,0,1
"cellular response to fluid shear stress","MMEA9_C1",0,0,3.7e-24,0,1
"sphingomyelin biosynthetic process","MMEA9_C1",0,0,3.7e-24,0,1
"ether lipid biosynthetic process","MMEA9_C1",0,0,3.7e-24,0,1
"embryonic body morphogenesis","MMEA9_C1",0,0,3.7e-24,0,1
"amino sugar biosynthetic process","MMEA9_C1",0,0,3.7e-24,0,1
"glycerol ether biosynthetic process","MMEA9_C1",0,0,3.7e-24,0,1
"pigmentation","MMEA9_C1",1,1,3.7e-24,0,1
"cellular response to ketone","MMEA9_C1",1,1,3.7e-24,0,1
"nonribosomal peptide biosynthetic process","MMEA9_C1",0,0,3.7e-24,0,1
"glial cell apoptotic process","MMEA9_C1",0,0,3.7e-24,0,1
"lipoprotein catabolic process","MMEA9_C1",0,0,3.7e-24,0,1
"suppression of viral release by host","MMEA9_C1",0,0,3.7e-24,0,1
"chaperone-mediated autophagy","MMEA9_C1",0,0,3.7e-24,0,1
"regulation of steroid hormone biosynthetic process","MMEA9_C1",1,0,3.7e-24,1,0.1845
"synaptic vesicle lumen acidification","MMEA9_C1",0,0,3.7e-24,0,1
"semaphorin-plexin signaling pathway involved in neuron projection guidance","MMEA9_C1",0,0,3.7e-24,0,1
"regulation of Golgi organization","MMEA9_C1",0,0,3.7e-24,0,1
"Schwann cell differentiation","MMEA9_C1",0,0,3.7e-24,0,1
"neurotrophin signaling pathway","MMEA9_C1",0,0,3.7e-24,0,1
"regulation of microtubule depolymerization","MMEA9_C1",0,0,3.7e-24,0,1
"basement membrane organization","MMEA9_C1",0,0,3.7e-24,0,1
"establishment or maintenance of epithelial cell apical/basal polarity","MMEA9_C1",1,1,3.7e-24,0,1
"face development","MMEA9_C1",0,0,3.7e-24,0,1
"osteoblast differentiation","MMEA9_C1",3,2,3.7e-24,0.415037499278844,0.7307
"appendage development","MMEA9_C1",0,1,3.7e-24,-1,0.4118
"limb development","MMEA9_C1",0,1,3.7e-24,-1,0.4157
"regulation of ATP metabolic process","MMEA9_C1",0,1,3.7e-24,-1,0.4682
"developmental growth involved in morphogenesis","MMEA9_C1",0,2,3.7e-24,-1.58496250072116,0.1502
"embryonic organ development","MMEA9_C1",3,4,3.7e-24,-0.321928094887362,0.6313
"negative regulation of growth","MMEA9_C1",0,2,3.7e-24,-1.58496250072116,0.1083
"microtubule depolymerization","MMEA9_C1",2,0,3.7e-24,1.58496250072116,0.103
"heme metabolic process","MMEA9_C1",0,1,3.7e-24,-1,0.5246
"regulation of neuron apoptotic process","MMEA9_C1",0,2,3.7e-24,-1.58496250072116,0.1087
"plasma membrane tubulation","MMEA9_C1",1,0,3.7e-24,1,0.2891
"exosomal secretion","MMEA9_C1",0,0,3.7e-24,0,1
"vasculogenesis","MMEA9_C1",1,0,3.7e-24,1,0.453
"toxin transport","MMEA9_C1",0,0,3.7e-24,0,1
"ncRNA processing","MMEA9_C2",1,4,3.7e-24,-1.32192809488736,0.1143
"ribosome biogenesis","MMEA9_C2",1,3,3.7e-24,-1,0.2528
"rRNA metabolic process","MMEA9_C2",1,3,3.7e-24,-1,0.2675
"proteasome-mediated ubiquitin-dependent protein catabolic process","MMEA9_C2",7,4,3.7e-24,0.678071905112638,0.3493
"regulation of response to DNA damage stimulus","MMEA9_C2",2,2,3.7e-24,0,1
"establishment of protein localization to organelle","MMEA9_C2",2,4,3.7e-24,-0.736965594166206,0.3006
"macroautophagy","MMEA9_C2",1,2,3.7e-24,-0.584962500721156,0.5316
"regulation of chromosome organization","MMEA9_C2",1,2,3.7e-24,-0.584962500721156,0.5226
"Golgi vesicle transport","MMEA9_C2",2,3,3.7e-24,-0.415037499278844,0.6104
"double-strand break repair","MMEA9_C2",2,3,3.7e-24,-0.415037499278844,0.6022
"histone modification","MMEA9_C2",2,3,3.7e-24,-0.415037499278844,0.6078
"sister chromatid segregation","MMEA9_C2",3,2,3.7e-24,0.415037499278844,0.7323
"DNA replication","MMEA9_C2",2,2,3.7e-24,0,1
"chromosome segregation","MMEA9_C2",3,4,3.7e-24,-0.321928094887362,0.6376
"mitochondrial gene expression","MMEA9_C2",1,1,3.7e-24,0,1
"nucleocytoplasmic transport","MMEA9_C2",2,3,3.7e-24,-0.415037499278844,0.6225
"nuclear transport","MMEA9_C2",2,3,3.7e-24,-0.415037499278844,0.5998
"regulation of DNA repair","MMEA9_C2",3,2,3.7e-24,0.415037499278844,0.7282
"peptidyl-lysine modification","MMEA9_C2",2,3,3.7e-24,-0.415037499278844,0.5965
"protein targeting","MMEA9_C2",0,3,3.7e-24,-2,0.0558
"cytoplasmic translation","MMEA9_C2",0,1,3.7e-24,-1,0.4131
"regulation of autophagy","MMEA9_C2",2,3,3.7e-24,-0.415037499278844,0.6215
"signal transduction in response to DNA damage","MMEA9_C2",2,2,3.7e-24,0,1
"regulation of intracellular transport","MMEA9_C2",2,2,3.7e-24,0,1
"protein localization to nucleus","MMEA9_C2",1,2,3.7e-24,-0.584962500721156,0.5496
"microtubule cytoskeleton organization involved in mitosis","MMEA9_C2",0,1,3.7e-24,-1,0.4092
"telomere maintenance","MMEA9_C2",0,1,3.7e-24,-1,0.4173
"cell cycle checkpoint signaling","MMEA9_C2",0,2,3.7e-24,-1.58496250072116,0.1707
"regulation of protein modification by small protein conjugation or removal","MMEA9_C2",0,2,3.7e-24,-1.58496250072116,0.1317
"cellular respiration","MMEA9_C2",3,2,3.7e-24,0.415037499278844,0.7289
"cellular component disassembly","MMEA9_C2",4,4,3.7e-24,0,1
"nuclear chromosome segregation","MMEA9_C2",3,3,3.7e-24,0,1
"regulation of protein stability","MMEA9_C2",0,2,3.7e-24,-1.58496250072116,0.0979
"regulation of cell cycle phase transition","MMEA9_C2",2,3,3.7e-24,-0.415037499278844,0.6005
"regulation of protein catabolic process","MMEA9_C2",1,3,3.7e-24,-1,0.2173
"response to endoplasmic reticulum stress","MMEA9_C2",3,2,3.7e-24,0.415037499278844,0.7484
"vesicle organization","MMEA9_C2",2,3,3.7e-24,-0.415037499278844,0.5992
"mitochondrial respiratory chain complex assembly","MMEA9_C2",1,1,3.7e-24,0,1
"DNA-templated transcription elongation","MMEA9_C2",0,1,3.7e-24,-1,0.4138
"mitochondrial transport","MMEA9_C2",2,1,3.7e-24,0.584962500721156,0.6708
"establishment of organelle localization","MMEA9_C2",3,4,3.7e-24,-0.321928094887362,0.6633
"regulation of intracellular protein transport","MMEA9_C2",2,1,3.7e-24,0.584962500721156,0.6647
"response to UV","MMEA9_C2",0,1,3.7e-24,-1,0.4213
"RNA localization","MMEA9_C2",1,2,3.7e-24,-0.584962500721156,0.5794
"response to topologically incorrect protein","MMEA9_C2",1,1,3.7e-24,0,1
"organelle fission","MMEA9_C2",4,3,3.7e-24,0.321928094887362,0.7796
"non-membrane-bounded organelle assembly","MMEA9_C2",2,2,3.7e-24,0,1
"protein polyubiquitination","MMEA9_C2",2,2,3.7e-24,0,1
"methylation","MMEA9_C2",3,2,3.7e-24,0.415037499278844,0.7338
"phospholipid biosynthetic process","MMEA9_C2",1,2,3.7e-24,-0.584962500721156,0.5402
"oxidative phosphorylation","MMEA9_C2",1,1,3.7e-24,0,1
"establishment of protein localization to membrane","MMEA9_C2",0,2,3.7e-24,-1.58496250072116,0.145
"in utero embryonic development","MMEA9_C2",1,3,3.7e-24,-1,0.2294
"vacuole organization","MMEA9_C2",3,2,3.7e-24,0.415037499278844,0.7486
"nuclear-transcribed mRNA catabolic process","MMEA9_C2",1,0,3.7e-24,1,0.4565
"protein folding","MMEA9_C2",0,2,3.7e-24,-1.58496250072116,0.1451
"DNA conformation change","MMEA9_C2",0,1,3.7e-24,-1,0.5086
"regulation of chromosome segregation","MMEA9_C2",0,1,3.7e-24,-1,0.447
"regulation of apoptotic signaling pathway","MMEA9_C2",2,3,3.7e-24,-0.415037499278844,0.6101
"cell cycle G2/M phase transition","MMEA9_C2",2,1,3.7e-24,0.584962500721156,0.6642
"vacuolar transport","MMEA9_C2",0,1,3.7e-24,-1,0.4357
"response to ionizing radiation","MMEA9_C2",0,1,3.7e-24,-1,0.4058
"cellular response to UV","MMEA9_C2",0,1,3.7e-24,-1,0.5067
"regulation of binding","MMEA9_C2",2,3,3.7e-24,-0.415037499278844,0.5907
"nucleic acid transport","MMEA9_C2",0,1,3.7e-24,-1,0.4316
"RNA transport","MMEA9_C2",0,1,3.7e-24,-1,0.412
"ribonucleoprotein complex subunit organization","MMEA9_C2",2,2,3.7e-24,0,1
"regulation of DNA replication","MMEA9_C2",2,1,3.7e-24,0.584962500721156,0.6459
"ribose phosphate metabolic process","MMEA9_C2",3,3,3.7e-24,0,1
"proton motive force-driven ATP synthesis","MMEA9_C2",0,1,3.7e-24,-1,0.5199
"ribonucleotide metabolic process","MMEA9_C2",5,4,3.7e-24,0.263034405833794,0.795
"telomere organization","MMEA9_C2",2,1,3.7e-24,0.584962500721156,0.6646
"cellular response to topologically incorrect protein","MMEA9_C2",0,0,3.7e-24,0,1
"Golgi organization","MMEA9_C2",1,1,3.7e-24,0,1
"ribonucleoprotein complex assembly","MMEA9_C2",0,2,3.7e-24,-1.58496250072116,0.0894
"cellular nitrogen compound catabolic process","MMEA9_C2",2,4,3.7e-24,-0.736965594166206,0.3033
"negative regulation of phosphorus metabolic process","MMEA9_C2",3,4,3.7e-24,-0.321928094887362,0.6465
"heterocycle catabolic process","MMEA9_C2",2,3,3.7e-24,-0.415037499278844,0.6001
"mitochondrial membrane organization","MMEA9_C2",1,1,3.7e-24,0,1
"regulation of protein-containing complex assembly","MMEA9_C2",2,3,3.7e-24,-0.415037499278844,0.6012
"positive regulation of cellular component biogenesis","MMEA9_C2",5,4,3.7e-24,0.263034405833794,0.8047
"response to oxidative stress","MMEA9_C2",2,3,3.7e-24,-0.415037499278844,0.6027
"regulation of supramolecular fiber organization","MMEA9_C2",4,3,3.7e-24,0.321928094887362,0.7857
"positive regulation of protein localization","MMEA9_C2",0,3,3.7e-24,-2,0.0509
"positive regulation of cell projection organization","MMEA9_C2",6,3,3.7e-24,0.807354922057604,0.2716
"negative regulation of transferase activity","MMEA9_C2",4,2,3.7e-24,0.736965594166206,0.2763
"autophagy of mitochondrion","MMEA9_C2",0,0,3.7e-24,0,1
"positive regulation of amide metabolic process","MMEA9_C2",0,2,3.7e-24,-1.58496250072116,0.1544
"chromatin remodeling","MMEA9_C2",1,3,3.7e-24,-1,0.2098
"viral process","MMEA9_C2",2,3,3.7e-24,-0.415037499278844,0.6068
"macromolecule deacylation","MMEA9_C2",2,1,3.7e-24,0.584962500721156,0.6313
"mitotic cytokinesis","MMEA9_C2",0,1,3.7e-24,-1,0.5265
"aromatic compound catabolic process","MMEA9_C2",4,4,3.7e-24,0,1
"vesicle localization","MMEA9_C2",0,1,3.7e-24,-1,0.4107
"establishment or maintenance of cell polarity","MMEA9_C2",1,1,3.7e-24,0,1
"Wnt signaling pathway","MMEA9_C2",2,3,3.7e-24,-0.415037499278844,0.5986
"cell-cell signaling by wnt","MMEA9_C2",3,3,3.7e-24,0,1
"ATP metabolic process","MMEA9_C2",3,2,3.7e-24,0.415037499278844,0.7375
"cellular response to chemical stress","MMEA9_C2",2,2,3.7e-24,0,1
"regulation of vacuole organization","MMEA9_C2",0,0,3.7e-24,0,1
"cellular response to external stimulus","MMEA9_C2",2,2,3.7e-24,0,1
"negative regulation of protein phosphorylation","MMEA9_C2",3,3,3.7e-24,0,1
"negative regulation of catabolic process","MMEA9_C2",1,2,3.7e-24,-0.584962500721156,0.5325
"regulation of microtubule cytoskeleton organization","MMEA9_C2",1,1,3.7e-24,0,1
"chromosome localization","MMEA9_C2",0,1,3.7e-24,-1,0.4693
"negative regulation of mitotic nuclear division","MMEA9_C2",0,0,3.7e-24,0,1
"regulation of actin filament organization","MMEA9_C2",0,1,3.7e-24,-1,0.4188
"dephosphorylation","MMEA9_C2",2,3,3.7e-24,-0.415037499278844,0.6044
"glycosylation","MMEA9_C2",1,2,3.7e-24,-0.584962500721156,0.5635
"positive regulation of establishment of protein localization","MMEA9_C2",1,2,3.7e-24,-0.584962500721156,0.5283
"regulation of microtubule-based process","MMEA9_C2",1,2,3.7e-24,-0.584962500721156,0.5835
"cell-substrate junction organization","MMEA9_C2",0,1,3.7e-24,-1,0.501
"protein-containing complex localization","MMEA9_C2",0,1,3.7e-24,-1,0.4236
"mitochondrial transmembrane transport","MMEA9_C2",0,0,3.7e-24,0,1
"stem cell population maintenance","MMEA9_C2",1,1,3.7e-24,0,1
"ribosome assembly","MMEA9_C2",1,0,3.7e-24,1,0.4121
"intraciliary transport","MMEA9_C2",1,0,3.7e-24,1,0.3269
"Golgi to plasma membrane protein transport","MMEA9_C2",0,0,3.7e-24,0,1
"response to amino acid starvation","MMEA9_C2",1,0,3.7e-24,1,0.3786
"cellular response to extracellular stimulus","MMEA9_C2",1,2,3.7e-24,-0.584962500721156,0.5317
"cell growth","MMEA9_C2",3,3,3.7e-24,0,1
"protein glycosylation","MMEA9_C2",2,1,3.7e-24,0.584962500721156,0.6675
"macromolecule glycosylation","MMEA9_C2",0,2,3.7e-24,-1.58496250072116,0.1536
"maintenance of cell number","MMEA9_C2",0,2,3.7e-24,-1.58496250072116,0.1789
"response to reactive oxygen species","MMEA9_C2",1,1,3.7e-24,0,1
"regulation of cell morphogenesis","MMEA9_C2",1,2,3.7e-24,-0.584962500721156,0.5607
"regulation of cellular component size","MMEA9_C2",3,3,3.7e-24,0,1
"cell-substrate junction assembly","MMEA9_C2",0,1,3.7e-24,-1,0.4924
"membrane fission","MMEA9_C2",2,1,3.7e-24,0.584962500721156,0.635
"membrane docking","MMEA9_C2",0,0,3.7e-24,0,1
"fibroblast migration","MMEA9_C2",1,0,3.7e-24,1,0.4658
"nucleus organization","MMEA9_C2",1,1,3.7e-24,0,1
"regulation of cell growth","MMEA9_C2",2,3,3.7e-24,-0.415037499278844,0.6146
"fibroblast proliferation","MMEA9_C2",2,1,3.7e-24,0.584962500721156,0.6244
"cell cycle G1/S phase transition","MMEA9_C2",0,1,3.7e-24,-1,0.423
"actin filament organization","MMEA9_C2",4,4,3.7e-24,0,1
"response to oxygen levels","MMEA9_C2",2,2,3.7e-24,0,1
"epigenetic regulation of gene expression","MMEA9_C2",0,1,3.7e-24,-1,0.4388
"organelle fusion","MMEA9_C2",3,1,3.7e-24,1,0.4821
"lipoprotein metabolic process","MMEA9_C2",1,1,3.7e-24,0,1
"protein lipidation","MMEA9_C2",1,1,3.7e-24,0,1
"regulation of plasma membrane bounded cell projection assembly","MMEA9_C2",0,1,3.7e-24,-1,0.4265
"regulation of actin filament-based process","MMEA9_C2",0,3,3.7e-24,-2,0.0497
"regulation of GTPase activity","MMEA9_C2",0,2,3.7e-24,-1.58496250072116,0.0876
"nuclear envelope organization","MMEA9_C2",0,0,3.7e-24,0,1
"protein autophosphorylation","MMEA9_C2",0,1,3.7e-24,-1,0.4195
"connective tissue development","MMEA9_C2",4,2,3.7e-24,0.736965594166206,0.2789
"cellular response to heat","MMEA9_C2",0,0,3.7e-24,0,1
"myeloid cell homeostasis","MMEA9_C2",1,1,3.7e-24,0,1
"regulation of neuron projection development","MMEA9_C2",4,3,3.7e-24,0.321928094887362,0.7751
"receptor metabolic process","MMEA9_C2",1,0,3.7e-24,1,0.4064
"maintenance of protein location in cell","MMEA9_C2",0,0,3.7e-24,0,1
"apoptotic mitochondrial changes","MMEA9_C2",1,1,3.7e-24,0,1
"response to transforming growth factor beta","MMEA9_C2",2,2,3.7e-24,0,1
"neural tube development","MMEA9_C2",1,1,3.7e-24,0,1
"maintenance of protein location","MMEA9_C2",1,1,3.7e-24,0,1
"regulation of ubiquitin-protein transferase activity","MMEA9_C2",0,0,3.7e-24,0,1
"cilium assembly","MMEA9_C2",2,3,3.7e-24,-0.415037499278844,0.6161
"mRNA export from nucleus","MMEA9_C2",0,0,3.7e-24,0,1
"regulation of cell-substrate junction organization","MMEA9_C2",1,0,3.7e-24,1,0.4944
"membrane biogenesis","MMEA9_C2",0,0,3.7e-24,0,1
"cilium organization","MMEA9_C2",0,2,3.7e-24,-1.58496250072116,0.083
"platelet-derived growth factor receptor signaling pathway","MMEA9_C2",0,0,3.7e-24,0,1
"iron-sulfur cluster assembly","MMEA9_C2",0,0,3.7e-24,0,1
"metallo-sulfur cluster assembly","MMEA9_C2",0,0,3.7e-24,0,1
"centromere complex assembly","MMEA9_C2",0,0,3.7e-24,0,1
"cellular response to oxygen levels","MMEA9_C2",0,1,3.7e-24,-1,0.4569
"fatty acid beta-oxidation","MMEA9_C2",1,0,3.7e-24,1,0.4832
"organelle localization by membrane tethering","MMEA9_C2",0,1,3.7e-24,-1,0.4336
"autophagosome maturation","MMEA9_C2",1,1,3.7e-24,0,1
"cellular response to transforming growth factor beta stimulus","MMEA9_C2",3,1,3.7e-24,1,0.4198
"nucleotide catabolic process","MMEA9_C2",0,0,3.7e-24,0,1
"tube closure","MMEA9_C2",1,1,3.7e-24,0,1
"regulation of stem cell differentiation","MMEA9_C2",2,1,3.7e-24,0.584962500721156,0.6551
"substrate adhesion-dependent cell spreading","MMEA9_C2",0,0,3.7e-24,0,1
"chondrocyte differentiation","MMEA9_C2",1,0,3.7e-24,1,0.4702
"regulation of fibroblast proliferation","MMEA9_C2",0,1,3.7e-24,-1,0.4429
"morphogenesis of an epithelial sheet","MMEA9_C2",2,1,3.7e-24,0.584962500721156,0.6457
"microtubule polymerization","MMEA9_C2",0,0,3.7e-24,0,1
"response to virus","MMEA9_C2",1,2,3.7e-24,-0.584962500721156,0.5299
"membrane assembly","MMEA9_C2",0,0,3.7e-24,0,1
"COPII vesicle coating","MMEA9_C2",0,0,3.7e-24,0,1
"erythrocyte differentiation","MMEA9_C2",0,0,3.7e-24,0,1
"organophosphate catabolic process","MMEA9_C2",1,1,3.7e-24,0,1
"regulation of embryonic development","MMEA9_C2",0,0,3.7e-24,0,1
"regulation of focal adhesion assembly","MMEA9_C2",0,0,3.7e-24,0,1
"regulation of cell-substrate junction assembly","MMEA9_C2",0,0,3.7e-24,0,1
"regulation of extracellular matrix organization","MMEA9_C2",1,0,3.7e-24,1,0.3048
"GPI anchor biosynthetic process","MMEA9_C2",0,0,3.7e-24,0,1
"lamellipodium organization","MMEA9_C2",0,0,3.7e-24,0,1
"positive regulation of stem cell population maintenance","MMEA9_C2",0,0,3.7e-24,0,1
"monosaccharide metabolic process","MMEA9_C2",1,2,3.7e-24,-0.584962500721156,0.5744
"U2-type prespliceosome assembly","MMEA9_C2",1,0,3.7e-24,1,0.2089
"heterochromatin formation","MMEA9_C2",3,0,3.7e-24,2,0.0294
"peroxisome organization","MMEA9_C2",0,0,3.7e-24,0,1
"regulation of mitochondrial fission","MMEA9_C2",0,0,3.7e-24,0,1
"cellular pigmentation","MMEA9_C2",0,1,3.7e-24,-1,0.4356
"regulation of fibroblast migration","MMEA9_C2",0,0,3.7e-24,0,1
"cellular carbohydrate metabolic process","MMEA9_C2",3,2,3.7e-24,0.415037499278844,0.7267
"positive regulation of axonogenesis","MMEA9_C2",0,0,3.7e-24,0,1
"kinetochore organization","MMEA9_C2",1,0,3.7e-24,1,0.2357
"stem cell differentiation","MMEA9_C2",3,2,3.7e-24,0.415037499278844,0.7321
"proton transmembrane transport","MMEA9_C2",1,1,3.7e-24,0,1
"cellular response to insulin stimulus","MMEA9_C2",1,1,3.7e-24,0,1
"establishment of mitotic spindle localization","MMEA9_C2",0,0,3.7e-24,0,1
"cell redox homeostasis","MMEA9_C2",0,0,3.7e-24,0,1
"stress granule assembly","MMEA9_C2",0,0,3.7e-24,0,1
"protein neddylation","MMEA9_C2",1,0,3.7e-24,1,0.1954
"regulation of mitochondrial membrane potential","MMEA9_C2",0,0,3.7e-24,0,1
"neuron death","MMEA9_C2",1,2,3.7e-24,-0.584962500721156,0.5256
"defense response to virus","MMEA9_C2",0,2,3.7e-24,-1.58496250072116,0.1056
"sulfur compound metabolic process","MMEA9_C2",3,3,3.7e-24,0,1
"NADP metabolic process","MMEA9_C2",0,0,3.7e-24,0,1
"vacuolar acidification","MMEA9_C2",0,0,3.7e-24,0,1
"oligosaccharide-lipid intermediate biosynthetic process","MMEA9_C2",0,0,3.7e-24,0,1
"lysosomal lumen acidification","MMEA9_C2",0,0,3.7e-24,0,1
"glycosyl compound biosynthetic process","MMEA9_C2",0,0,3.7e-24,0,1
"heart valve development","MMEA9_C2",0,0,3.7e-24,0,1
"water-soluble vitamin metabolic process","MMEA9_C2",0,0,3.7e-24,0,1
"interferon-beta production","MMEA9_C2",1,0,3.7e-24,1,0.4197
"regulation of interferon-beta production","MMEA9_C2",0,0,3.7e-24,0,1
"branched-chain amino acid metabolic process","MMEA9_C2",0,0,3.7e-24,0,1
"regulation of mitochondrial membrane permeability","MMEA9_C2",0,0,3.7e-24,0,1
"respiratory tube development","MMEA9_C2",0,1,3.7e-24,-1,0.4118
"cellular senescence","MMEA9_C2",0,0,3.7e-24,0,1
"positive regulation of neurogenesis","MMEA9_C2",0,1,3.7e-24,-1,0.4213
"mitochondrial outer membrane permeabilization","MMEA9_C2",1,0,3.7e-24,1,0.3535
"immune system development","MMEA9_C2",1,1,3.7e-24,0,1
"clathrin-dependent endocytosis","MMEA9_C2",0,1,3.7e-24,-1,0.5296
"positive regulation of viral process","MMEA9_C2",0,0,3.7e-24,0,1
"bone development","MMEA9_C2",0,2,3.7e-24,-1.58496250072116,0.1038
"cell-substrate adhesion","MMEA9_C2",1,2,3.7e-24,-0.584962500721156,0.5342
"positive regulation of microtubule polymerization","MMEA9_C2",0,0,3.7e-24,0,1
"pteridine-containing compound metabolic process","MMEA9_C2",0,0,3.7e-24,0,1
"response to arsenic-containing substance","MMEA9_C2",1,0,3.7e-24,1,0.2957
"response to insulin","MMEA9_C2",2,2,3.7e-24,0,1
"ubiquinone metabolic process","MMEA9_C2",0,0,3.7e-24,0,1
"cellular response to arsenic-containing substance","MMEA9_C2",0,0,3.7e-24,0,1
"inositol phosphate catabolic process","MMEA9_C2",0,0,3.7e-24,0,1
"telomerase RNA localization to Cajal body","MMEA9_C2",0,0,3.7e-24,0,1
"respiratory system development","MMEA9_C2",2,1,3.7e-24,0.584962500721156,0.6639
"regulation of generation of precursor metabolites and energy","MMEA9_C2",0,1,3.7e-24,-1,0.4734
"mitochondrial calcium ion homeostasis","MMEA9_C2",0,0,3.7e-24,0,1
"G0 to G1 transition","MMEA9_C2",0,0,3.7e-24,0,1
"mitochondrial genome maintenance","MMEA9_C2",0,0,3.7e-24,0,1
"release of cytochrome c from mitochondria","MMEA9_C2",0,0,3.7e-24,0,1
"cortical cytoskeleton organization","MMEA9_C2",1,0,3.7e-24,1,0.3559
"response to sterol depletion","MMEA9_C2",0,0,3.7e-24,0,1
"regulation of ncRNA transcription","MMEA9_C2",0,0,3.7e-24,0,1
"mesenchymal cell differentiation","MMEA9_C2",1,2,3.7e-24,-0.584962500721156,0.576
"protein-DNA complex subunit organization","MMEA9_C2",3,1,3.7e-24,1,0.4234
"response to fluid shear stress","MMEA9_C2",0,0,3.7e-24,0,1
"collagen fibril organization","MMEA9_C2",1,0,3.7e-24,1,0.379
"roof of mouth development","MMEA9_C2",0,0,3.7e-24,0,1
"regulation of protein dephosphorylation","MMEA9_C2",0,1,3.7e-24,-1,0.5142
"multicellular organism growth","MMEA9_C2",1,1,3.7e-24,0,1
"miRNA processing","MMEA9_C2",1,0,3.7e-24,1,0.1619
"small molecule catabolic process","MMEA9_C2",0,3,3.7e-24,-2,0.0645
"regulation of G0 to G1 transition","MMEA9_C2",0,0,3.7e-24,0,1
"circadian regulation of gene expression","MMEA9_C2",0,0,3.7e-24,0,1
"regulation of translational fidelity","MMEA9_C2",0,0,3.7e-24,0,1
"ubiquinone biosynthetic process","MMEA9_C2",0,0,3.7e-24,0,1
"mitochondrial calcium ion transmembrane transport","MMEA9_C2",0,0,3.7e-24,0,1
"quinone biosynthetic process","MMEA9_C2",0,0,3.7e-24,0,1
"viral release from host cell","MMEA9_C2",0,0,3.7e-24,0,1
"exit from host cell","MMEA9_C2",0,0,3.7e-24,0,1
"positive regulation of GTPase activity","MMEA9_C2",1,2,3.7e-24,-0.584962500721156,0.5368
"regulation of cytokinesis","MMEA9_C2",0,1,3.7e-24,-1,0.5217
"mitochondrion localization","MMEA9_C2",1,0,3.7e-24,1,0.2563
"renal system development","MMEA9_C2",0,2,3.7e-24,-1.58496250072116,0.1576
"regulation of cysteine-type endopeptidase activity involved in apoptotic process","MMEA9_C2",1,1,3.7e-24,0,1
"regulation of cell-substrate adhesion","MMEA9_C2",1,1,3.7e-24,0,1
"centrosome localization","MMEA9_C2",0,0,3.7e-24,0,1
"microtubule organizing center localization","MMEA9_C2",0,0,3.7e-24,0,1
"pinocytosis","MMEA9_C2",0,0,3.7e-24,0,1
"lamellipodium assembly","MMEA9_C2",1,1,3.7e-24,0,1
"cellular response to sterol depletion","MMEA9_C2",0,0,3.7e-24,0,1
"placenta development","MMEA9_C2",0,1,3.7e-24,-1,0.4268
"rhythmic process","MMEA9_C2",0,2,3.7e-24,-1.58496250072116,0.1144
"spindle localization","MMEA9_C2",0,1,3.7e-24,-1,0.5308
"carbohydrate derivative catabolic process","MMEA9_C2",2,1,3.7e-24,0.584962500721156,0.6421
"response to amino acid","MMEA9_C2",0,1,3.7e-24,-1,0.4542
"regulation of intracellular steroid hormone receptor signaling pathway","MMEA9_C2",0,0,3.7e-24,0,1
"regulation of neuron death","MMEA9_C2",2,2,3.7e-24,0,1
"ossification","MMEA9_C2",0,3,3.7e-24,-2,0.0454
"mammary gland epithelial cell proliferation","MMEA9_C2",0,0,3.7e-24,0,1
"ribosomal subunit export from nucleus","MMEA9_C2",0,0,3.7e-24,0,1
"ribosome localization","MMEA9_C2",0,0,3.7e-24,0,1
"protein transport to vacuole involved in ubiquitin-dependent protein catabolic process via the multivesicular body sorting pathway","MMEA9_C2",0,0,3.7e-24,0,1
"seminiferous tubule development","MMEA9_C2",0,0,3.7e-24,0,1
"cellular response to acid chemical","MMEA9_C2",0,1,3.7e-24,-1,0.4666
"positive regulation of kinase activity","MMEA9_C2",1,3,3.7e-24,-1,0.2288
"positive regulation by host of viral process","MMEA9_C2",0,0,3.7e-24,0,1
"mitochondrion morphogenesis","MMEA9_C2",0,0,3.7e-24,0,1
"regulation of establishment of cell polarity","MMEA9_C2",0,0,3.7e-24,0,1
"cellular lipid catabolic process","MMEA9_C2",1,1,3.7e-24,0,1
"neuron apoptotic process","MMEA9_C2",0,2,3.7e-24,-1.58496250072116,0.1063
"inner cell mass cell proliferation","MMEA9_C2",0,0,3.7e-24,0,1
"polyamine biosynthetic process","MMEA9_C2",0,0,3.7e-24,0,1
"folic acid metabolic process","MMEA9_C2",0,0,3.7e-24,0,1
"organelle inheritance","MMEA9_C2",0,0,3.7e-24,0,1
"polyol metabolic process","MMEA9_C2",0,0,3.7e-24,0,1
"regulation of type I interferon-mediated signaling pathway","MMEA9_C2",0,0,3.7e-24,0,1
"intracellular lipid transport","MMEA9_C2",1,0,3.7e-24,1,0.2764
"fat cell differentiation","MMEA9_C2",0,1,3.7e-24,-1,0.4211
"iron ion homeostasis","MMEA9_C2",0,1,3.7e-24,-1,0.5177
"negative regulation of cell projection organization","MMEA9_C2",0,1,3.7e-24,-1,0.4271
"dicarboxylic acid metabolic process","MMEA9_C2",0,0,3.7e-24,0,1
"regulation of anatomical structure size","MMEA9_C2",1,3,3.7e-24,-1,0.2001
"regulation of small molecule metabolic process","MMEA9_C2",1,2,3.7e-24,-0.584962500721156,0.5504
"pentose-phosphate shunt","MMEA9_C2",0,0,3.7e-24,0,1
"pericardium development","MMEA9_C2",0,0,3.7e-24,0,1
"lysosomal protein catabolic process","MMEA9_C2",0,0,3.7e-24,0,1
"carbohydrate derivative transport","MMEA9_C2",0,0,3.7e-24,0,1
"alcohol biosynthetic process","MMEA9_C2",0,1,3.7e-24,-1,0.4104
"regulation of membrane permeability","MMEA9_C2",1,0,3.7e-24,1,0.3019
"signal peptide processing","MMEA9_C2",0,0,3.7e-24,0,1
"UV-damage excision repair","MMEA9_C2",0,0,3.7e-24,0,1
"biological process involved in interaction with host","MMEA9_C2",1,1,3.7e-24,0,1
"body morphogenesis","MMEA9_C2",0,0,3.7e-24,0,1
"extracellular vesicle biogenesis","MMEA9_C2",2,0,3.7e-24,1.58496250072116,0.0815
"negative regulation of defense response to virus","MMEA9_C2",0,0,3.7e-24,0,1
"aminoglycan biosynthetic process","MMEA9_C2",0,0,3.7e-24,0,1
"sterol biosynthetic process","MMEA9_C2",0,0,3.7e-24,0,1
"polyamine metabolic process","MMEA9_C2",1,0,3.7e-24,1,0.3079
"magnesium ion transport","MMEA9_C2",0,0,3.7e-24,0,1
"lamellipodium morphogenesis","MMEA9_C2",0,0,3.7e-24,0,1
"positive regulation of neuron migration","MMEA9_C2",0,0,3.7e-24,0,1
"regulation of glucose metabolic process","MMEA9_C2",0,0,3.7e-24,0,1
"monosaccharide biosynthetic process","MMEA9_C2",1,1,3.7e-24,0,1
"response to acid chemical","MMEA9_C2",0,1,3.7e-24,-1,0.5214
"regulation of carbohydrate metabolic process","MMEA9_C2",0,1,3.7e-24,-1,0.405
"positive regulation of nervous system development","MMEA9_C2",4,2,3.7e-24,0.736965594166206,0.2687
"regulation of circadian rhythm","MMEA9_C2",0,1,3.7e-24,-1,0.4854
"trabecula morphogenesis","MMEA9_C2",0,0,3.7e-24,0,1
"pigment accumulation","MMEA9_C2",0,0,3.7e-24,0,1
"cellular pigment accumulation","MMEA9_C2",0,0,3.7e-24,0,1
"regulation of pinocytosis","MMEA9_C2",0,0,3.7e-24,0,1
"regulation of ligase activity","MMEA9_C2",0,0,3.7e-24,0,1
"smoothened signaling pathway involved in dorsal/ventral neural tube patterning","MMEA9_C2",0,0,3.7e-24,0,1
"glycosyl compound metabolic process","MMEA9_C2",0,0,3.7e-24,0,1
"substantia nigra development","MMEA9_C2",0,0,3.7e-24,0,1
"negative regulation of GTPase activity","MMEA9_C2",0,0,3.7e-24,0,1
"axon extension","MMEA9_C2",0,1,3.7e-24,-1,0.5024
"positive regulation of epithelial to mesenchymal transition","MMEA9_C2",0,0,3.7e-24,0,1
"one-carbon metabolic process","MMEA9_C2",0,0,3.7e-24,0,1
"NADPH regeneration","MMEA9_C2",0,0,3.7e-24,0,1
"cellular response to dsRNA","MMEA9_C2",0,0,3.7e-24,0,1
"neuron projection organization","MMEA9_C2",0,0,3.7e-24,0,1
"postsynapse organization","MMEA9_C2",1,1,3.7e-24,0,1
"regulation of ketone biosynthetic process","MMEA9_C2",0,0,3.7e-24,0,1
"mitochondrion distribution","MMEA9_C2",0,0,3.7e-24,0,1
"regulation of autophagosome maturation","MMEA9_C2",0,0,3.7e-24,0,1
"magnesium ion transmembrane transport","MMEA9_C2",0,0,3.7e-24,0,1
"regulation of cell division","MMEA9_C2",0,1,3.7e-24,-1,0.4409
"intermembrane lipid transfer","MMEA9_C2",0,0,3.7e-24,0,1
"organophosphate ester transport","MMEA9_C2",0,1,3.7e-24,-1,0.4243
"movement in host","MMEA9_C2",2,1,3.7e-24,0.584962500721156,0.6692
"extracellular matrix assembly","MMEA9_C2",1,0,3.7e-24,1,0.1823
"cellular metabolic compound salvage","MMEA9_C2",0,0,3.7e-24,0,1
"regulation of ATP-dependent activity","MMEA9_C2",0,0,3.7e-24,0,1
"cell migration involved in heart development","MMEA9_C2",0,0,3.7e-24,0,1
"cellular response to fluid shear stress","MMEA9_C2",0,0,3.7e-24,0,1
"sphingomyelin biosynthetic process","MMEA9_C2",0,0,3.7e-24,0,1
"ether lipid biosynthetic process","MMEA9_C2",0,0,3.7e-24,0,1
"embryonic body morphogenesis","MMEA9_C2",0,0,3.7e-24,0,1
"amino sugar biosynthetic process","MMEA9_C2",0,0,3.7e-24,0,1
"glycerol ether biosynthetic process","MMEA9_C2",0,0,3.7e-24,0,1
"pigmentation","MMEA9_C2",1,1,3.7e-24,0,1
"cellular response to ketone","MMEA9_C2",0,1,3.7e-24,-1,0.4419
"nonribosomal peptide biosynthetic process","MMEA9_C2",0,0,3.7e-24,0,1
"glial cell apoptotic process","MMEA9_C2",0,0,3.7e-24,0,1
"lipoprotein catabolic process","MMEA9_C2",0,0,3.7e-24,0,1
"suppression of viral release by host","MMEA9_C2",0,0,3.7e-24,0,1
"chaperone-mediated autophagy","MMEA9_C2",0,0,3.7e-24,0,1
"regulation of steroid hormone biosynthetic process","MMEA9_C2",0,0,3.7e-24,0,1
"synaptic vesicle lumen acidification","MMEA9_C2",0,0,3.7e-24,0,1
"semaphorin-plexin signaling pathway involved in neuron projection guidance","MMEA9_C2",0,0,3.7e-24,0,1
"regulation of Golgi organization","MMEA9_C2",0,0,3.7e-24,0,1
"Schwann cell differentiation","MMEA9_C2",0,0,3.7e-24,0,1
"neurotrophin signaling pathway","MMEA9_C2",0,0,3.7e-24,0,1
"regulation of microtubule depolymerization","MMEA9_C2",0,0,3.7e-24,0,1
"basement membrane organization","MMEA9_C2",0,0,3.7e-24,0,1
"establishment or maintenance of epithelial cell apical/basal polarity","MMEA9_C2",1,0,3.7e-24,1,0.2909
"face development","MMEA9_C2",0,0,3.7e-24,0,1
"osteoblast differentiation","MMEA9_C2",3,1,3.7e-24,1,0.4148
"appendage development","MMEA9_C2",0,1,3.7e-24,-1,0.4447
"limb development","MMEA9_C2",1,1,3.7e-24,0,1
"regulation of ATP metabolic process","MMEA9_C2",0,0,3.7e-24,0,1
"developmental growth involved in morphogenesis","MMEA9_C2",0,1,3.7e-24,-1,0.4212
"embryonic organ development","MMEA9_C2",3,3,3.7e-24,0,1
"negative regulation of growth","MMEA9_C2",2,1,3.7e-24,0.584962500721156,0.6752
"microtubule depolymerization","MMEA9_C2",0,0,3.7e-24,0,1
"heme metabolic process","MMEA9_C2",0,0,3.7e-24,0,1
"regulation of neuron apoptotic process","MMEA9_C2",0,2,3.7e-24,-1.58496250072116,0.1765
"plasma membrane tubulation","MMEA9_C2",1,0,3.7e-24,1,0.2223
"exosomal secretion","MMEA9_C2",0,0,3.7e-24,0,1
"vasculogenesis","MMEA9_C2",0,0,3.7e-24,0,1
"toxin transport","MMEA9_C2",0,0,3.7e-24,0,1
"ncRNA processing","MMEA9_C3",9,5,3.7e-24,0.736965594166206,0.1974
"ribosome biogenesis","MMEA9_C3",4,4,3.7e-24,0,1
"rRNA metabolic process","MMEA9_C3",2,3,3.7e-24,-0.415037499278844,0.6028
"proteasome-mediated ubiquitin-dependent protein catabolic process","MMEA9_C3",4,5,3.7e-24,-0.263034405833794,0.6653
"regulation of response to DNA damage stimulus","MMEA9_C3",2,4,3.7e-24,-0.736965594166206,0.3149
"establishment of protein localization to organelle","MMEA9_C3",2,5,3.7e-24,-1,0.1075
"macroautophagy","MMEA9_C3",1,3,3.7e-24,-1,0.2091
"regulation of chromosome organization","MMEA9_C3",4,3,3.7e-24,0.321928094887362,0.7885
"Golgi vesicle transport","MMEA9_C3",2,4,3.7e-24,-0.736965594166206,0.3099
"double-strand break repair","MMEA9_C3",2,4,3.7e-24,-0.736965594166206,0.3045
"histone modification","MMEA9_C3",3,4,3.7e-24,-0.321928094887362,0.6355
"sister chromatid segregation","MMEA9_C3",2,3,3.7e-24,-0.415037499278844,0.6002
"DNA replication","MMEA9_C3",1,4,3.7e-24,-1.32192809488736,0.1207
"chromosome segregation","MMEA9_C3",3,5,3.7e-24,-0.584962500721156,0.3082
"mitochondrial gene expression","MMEA9_C3",2,2,3.7e-24,0,1
"nucleocytoplasmic transport","MMEA9_C3",9,4,3.7e-24,1,0.1057
"nuclear transport","MMEA9_C3",2,4,3.7e-24,-0.736965594166206,0.2718
"regulation of DNA repair","MMEA9_C3",4,3,3.7e-24,0.321928094887362,0.7721
"peptidyl-lysine modification","MMEA9_C3",1,4,3.7e-24,-1.32192809488736,0.0586
"protein targeting","MMEA9_C3",0,4,3.7e-24,-2.32192809488736,0.0136
"cytoplasmic translation","MMEA9_C3",1,2,3.7e-24,-0.584962500721156,0.5701
"regulation of autophagy","MMEA9_C3",1,4,3.7e-24,-1.32192809488736,0.0991
"signal transduction in response to DNA damage","MMEA9_C3",0,2,3.7e-24,-1.58496250072116,0.1161
"regulation of intracellular transport","MMEA9_C3",1,4,3.7e-24,-1.32192809488736,0.062
"protein localization to nucleus","MMEA9_C3",0,3,3.7e-24,-2,0.0454
"microtubule cytoskeleton organization involved in mitosis","MMEA9_C3",1,2,3.7e-24,-0.584962500721156,0.5392
"telomere maintenance","MMEA9_C3",2,2,3.7e-24,0,1
"cell cycle checkpoint signaling","MMEA9_C3",0,2,3.7e-24,-1.58496250072116,0.0904
"regulation of protein modification by small protein conjugation or removal","MMEA9_C3",3,3,3.7e-24,0,1
"cellular respiration","MMEA9_C3",1,3,3.7e-24,-1,0.239
"cellular component disassembly","MMEA9_C3",2,5,3.7e-24,-1,0.1261
"nuclear chromosome segregation","MMEA9_C3",1,4,3.7e-24,-1.32192809488736,0.1052
"regulation of protein stability","MMEA9_C3",4,3,3.7e-24,0.321928094887362,0.7817
"regulation of cell cycle phase transition","MMEA9_C3",3,5,3.7e-24,-0.584962500721156,0.3209
"regulation of protein catabolic process","MMEA9_C3",4,4,3.7e-24,0,1
"response to endoplasmic reticulum stress","MMEA9_C3",1,3,3.7e-24,-1,0.205
"vesicle organization","MMEA9_C3",1,4,3.7e-24,-1.32192809488736,0.064
"mitochondrial respiratory chain complex assembly","MMEA9_C3",2,1,3.7e-24,0.584962500721156,0.6605
"DNA-templated transcription elongation","MMEA9_C3",0,2,3.7e-24,-1.58496250072116,0.1236
"mitochondrial transport","MMEA9_C3",2,2,3.7e-24,0,1
"establishment of organelle localization","MMEA9_C3",1,5,3.7e-24,-1.58496250072116,0.0304
"regulation of intracellular protein transport","MMEA9_C3",1,2,3.7e-24,-0.584962500721156,0.5245
"response to UV","MMEA9_C3",2,2,3.7e-24,0,1
"RNA localization","MMEA9_C3",3,2,3.7e-24,0.415037499278844,0.7402
"response to topologically incorrect protein","MMEA9_C3",0,2,3.7e-24,-1.58496250072116,0.0869
"organelle fission","MMEA9_C3",2,4,3.7e-24,-0.736965594166206,0.2666
"non-membrane-bounded organelle assembly","MMEA9_C3",5,4,3.7e-24,0.263034405833794,0.8046
"protein polyubiquitination","MMEA9_C3",3,3,3.7e-24,0,1
"methylation","MMEA9_C3",3,3,3.7e-24,0,1
"phospholipid biosynthetic process","MMEA9_C3",2,3,3.7e-24,-0.415037499278844,0.6024
"oxidative phosphorylation","MMEA9_C3",0,2,3.7e-24,-1.58496250072116,0.1486
"establishment of protein localization to membrane","MMEA9_C3",2,3,3.7e-24,-0.415037499278844,0.6068
"in utero embryonic development","MMEA9_C3",2,4,3.7e-24,-0.736965594166206,0.2706
"vacuole organization","MMEA9_C3",1,3,3.7e-24,-1,0.249
"nuclear-transcribed mRNA catabolic process","MMEA9_C3",0,1,3.7e-24,-1,0.4362
"protein folding","MMEA9_C3",2,2,3.7e-24,0,1
"DNA conformation change","MMEA9_C3",1,1,3.7e-24,0,1
"regulation of chromosome segregation","MMEA9_C3",1,1,3.7e-24,0,1
"regulation of apoptotic signaling pathway","MMEA9_C3",0,4,3.7e-24,-2.32192809488736,0.0195
"cell cycle G2/M phase transition","MMEA9_C3",0,2,3.7e-24,-1.58496250072116,0.0849
"vacuolar transport","MMEA9_C3",0,2,3.7e-24,-1.58496250072116,0.1754
"response to ionizing radiation","MMEA9_C3",4,2,3.7e-24,0.736965594166206,0.2807
"cellular response to UV","MMEA9_C3",0,1,3.7e-24,-1,0.4544
"regulation of binding","MMEA9_C3",3,5,3.7e-24,-0.584962500721156,0.3309
"nucleic acid transport","MMEA9_C3",1,2,3.7e-24,-0.584962500721156,0.5805
"RNA transport","MMEA9_C3",2,1,3.7e-24,0.584962500721156,0.6806
"ribonucleoprotein complex subunit organization","MMEA9_C3",2,2,3.7e-24,0,1
"regulation of DNA replication","MMEA9_C3",1,2,3.7e-24,-0.584962500721156,0.5791
"ribose phosphate metabolic process","MMEA9_C3",3,4,3.7e-24,-0.321928094887362,0.6266
"proton motive force-driven ATP synthesis","MMEA9_C3",0,1,3.7e-24,-1,0.4311
"ribonucleotide metabolic process","MMEA9_C3",5,5,3.7e-24,0,1
"telomere organization","MMEA9_C3",0,2,3.7e-24,-1.58496250072116,0.1433
"cellular response to topologically incorrect protein","MMEA9_C3",0,1,3.7e-24,-1,0.4307
"Golgi organization","MMEA9_C3",1,2,3.7e-24,-0.584962500721156,0.5769
"ribonucleoprotein complex assembly","MMEA9_C3",4,3,3.7e-24,0.321928094887362,0.7749
"cellular nitrogen compound catabolic process","MMEA9_C3",4,6,3.7e-24,-0.485426827170242,0.4382
"negative regulation of phosphorus metabolic process","MMEA9_C3",3,6,3.7e-24,-0.807354922057604,0.1877
"heterocycle catabolic process","MMEA9_C3",2,4,3.7e-24,-0.736965594166206,0.2562
"mitochondrial membrane organization","MMEA9_C3",2,1,3.7e-24,0.584962500721156,0.6267
"regulation of protein-containing complex assembly","MMEA9_C3",1,4,3.7e-24,-1.32192809488736,0.1013
"positive regulation of cellular component biogenesis","MMEA9_C3",2,5,3.7e-24,-1,0.1084
"response to oxidative stress","MMEA9_C3",1,4,3.7e-24,-1.32192809488736,0.0748
"regulation of supramolecular fiber organization","MMEA9_C3",2,4,3.7e-24,-0.736965594166206,0.275
"positive regulation of protein localization","MMEA9_C3",2,4,3.7e-24,-0.736965594166206,0.2518
"positive regulation of cell projection organization","MMEA9_C3",3,4,3.7e-24,-0.321928094887362,0.652
"negative regulation of transferase activity","MMEA9_C3",1,2,3.7e-24,-0.584962500721156,0.5249
"autophagy of mitochondrion","MMEA9_C3",1,1,3.7e-24,0,1
"positive regulation of amide metabolic process","MMEA9_C3",2,2,3.7e-24,0,1
"chromatin remodeling","MMEA9_C3",2,5,3.7e-24,-1,0.126
"viral process","MMEA9_C3",0,4,3.7e-24,-2.32192809488736,0.0106
"macromolecule deacylation","MMEA9_C3",0,2,3.7e-24,-1.58496250072116,0.1706
"mitotic cytokinesis","MMEA9_C3",0,1,3.7e-24,-1,0.4181
"aromatic compound catabolic process","MMEA9_C3",4,5,3.7e-24,-0.263034405833794,0.6701
"vesicle localization","MMEA9_C3",0,2,3.7e-24,-1.58496250072116,0.1098
"establishment or maintenance of cell polarity","MMEA9_C3",1,2,3.7e-24,-0.584962500721156,0.5459
"Wnt signaling pathway","MMEA9_C3",1,4,3.7e-24,-1.32192809488736,0.0554
"cell-cell signaling by wnt","MMEA9_C3",0,5,3.7e-24,-2.58496250072116,0.0071
"ATP metabolic process","MMEA9_C3",0,3,3.7e-24,-2,0.0655
"cellular response to chemical stress","MMEA9_C3",0,4,3.7e-24,-2.32192809488736,0.021
"regulation of vacuole organization","MMEA9_C3",0,0,3.7e-24,0,1
"cellular response to external stimulus","MMEA9_C3",1,3,3.7e-24,-1,0.2252
"negative regulation of protein phosphorylation","MMEA9_C3",1,4,3.7e-24,-1.32192809488736,0.0632
"negative regulation of catabolic process","MMEA9_C3",2,3,3.7e-24,-0.415037499278844,0.6084
"regulation of microtubule cytoskeleton organization","MMEA9_C3",0,1,3.7e-24,-1,0.4245
"chromosome localization","MMEA9_C3",0,1,3.7e-24,-1,0.4095
"negative regulation of mitotic nuclear division","MMEA9_C3",0,0,3.7e-24,0,1
"regulation of actin filament organization","MMEA9_C3",3,2,3.7e-24,0.415037499278844,0.7367
"dephosphorylation","MMEA9_C3",0,4,3.7e-24,-2.32192809488736,0.022
"glycosylation","MMEA9_C3",4,2,3.7e-24,0.736965594166206,0.3346
"positive regulation of establishment of protein localization","MMEA9_C3",3,3,3.7e-24,0,1
"regulation of microtubule-based process","MMEA9_C3",2,2,3.7e-24,0,1
"cell-substrate junction organization","MMEA9_C3",0,1,3.7e-24,-1,0.4278
"protein-containing complex localization","MMEA9_C3",2,2,3.7e-24,0,1
"mitochondrial transmembrane transport","MMEA9_C3",1,1,3.7e-24,0,1
"stem cell population maintenance","MMEA9_C3",0,2,3.7e-24,-1.58496250072116,0.1119
"ribosome assembly","MMEA9_C3",0,1,3.7e-24,-1,0.4869
"intraciliary transport","MMEA9_C3",0,0,3.7e-24,0,1
"Golgi to plasma membrane protein transport","MMEA9_C3",0,0,3.7e-24,0,1
"response to amino acid starvation","MMEA9_C3",1,1,3.7e-24,0,1
"cellular response to extracellular stimulus","MMEA9_C3",2,3,3.7e-24,-0.415037499278844,0.6186
"cell growth","MMEA9_C3",1,4,3.7e-24,-1.32192809488736,0.0637
"protein glycosylation","MMEA9_C3",2,2,3.7e-24,0,1
"macromolecule glycosylation","MMEA9_C3",1,3,3.7e-24,-1,0.216
"maintenance of cell number","MMEA9_C3",2,2,3.7e-24,0,1
"response to reactive oxygen species","MMEA9_C3",0,2,3.7e-24,-1.58496250072116,0.1704
"regulation of cell morphogenesis","MMEA9_C3",1,2,3.7e-24,-0.584962500721156,0.5271
"regulation of cellular component size","MMEA9_C3",2,3,3.7e-24,-0.415037499278844,0.5937
"cell-substrate junction assembly","MMEA9_C3",0,1,3.7e-24,-1,0.4375
"membrane fission","MMEA9_C3",0,0,3.7e-24,0,1
"membrane docking","MMEA9_C3",1,1,3.7e-24,0,1
"fibroblast migration","MMEA9_C3",0,1,3.7e-24,-1,0.5328
"nucleus organization","MMEA9_C3",0,1,3.7e-24,-1,0.4111
"regulation of cell growth","MMEA9_C3",3,4,3.7e-24,-0.321928094887362,0.6472
"fibroblast proliferation","MMEA9_C3",0,1,3.7e-24,-1,0.4275
"cell cycle G1/S phase transition","MMEA9_C3",0,2,3.7e-24,-1.58496250072116,0.11
"actin filament organization","MMEA9_C3",1,5,3.7e-24,-1.58496250072116,0.0474
"response to oxygen levels","MMEA9_C3",2,4,3.7e-24,-0.736965594166206,0.3023
"epigenetic regulation of gene expression","MMEA9_C3",1,1,3.7e-24,0,1
"organelle fusion","MMEA9_C3",0,1,3.7e-24,-1,0.4229
"lipoprotein metabolic process","MMEA9_C3",0,1,3.7e-24,-1,0.4316
"protein lipidation","MMEA9_C3",0,1,3.7e-24,-1,0.4074
"regulation of plasma membrane bounded cell projection assembly","MMEA9_C3",1,2,3.7e-24,-0.584962500721156,0.5674
"regulation of actin filament-based process","MMEA9_C3",2,4,3.7e-24,-0.736965594166206,0.2816
"regulation of GTPase activity","MMEA9_C3",1,3,3.7e-24,-1,0.2352
"nuclear envelope organization","MMEA9_C3",0,1,3.7e-24,-1,0.5272
"protein autophosphorylation","MMEA9_C3",1,2,3.7e-24,-0.584962500721156,0.557
"connective tissue development","MMEA9_C3",1,3,3.7e-24,-1,0.2245
"cellular response to heat","MMEA9_C3",0,0,3.7e-24,0,1
"myeloid cell homeostasis","MMEA9_C3",1,2,3.7e-24,-0.584962500721156,0.5324
"regulation of neuron projection development","MMEA9_C3",2,4,3.7e-24,-0.736965594166206,0.2884
"receptor metabolic process","MMEA9_C3",0,1,3.7e-24,-1,0.4905
"maintenance of protein location in cell","MMEA9_C3",0,0,3.7e-24,0,1
"apoptotic mitochondrial changes","MMEA9_C3",0,1,3.7e-24,-1,0.4117
"response to transforming growth factor beta","MMEA9_C3",3,2,3.7e-24,0.415037499278844,0.7294
"neural tube development","MMEA9_C3",1,2,3.7e-24,-0.584962500721156,0.554
"maintenance of protein location","MMEA9_C3",0,1,3.7e-24,-1,0.466
"regulation of ubiquitin-protein transferase activity","MMEA9_C3",0,1,3.7e-24,-1,0.5103
"cilium assembly","MMEA9_C3",2,4,3.7e-24,-0.736965594166206,0.3159
"mRNA export from nucleus","MMEA9_C3",2,1,3.7e-24,0.584962500721156,0.6431
"regulation of cell-substrate junction organization","MMEA9_C3",2,1,3.7e-24,0.584962500721156,0.6334
"membrane biogenesis","MMEA9_C3",1,1,3.7e-24,0,1
"cilium organization","MMEA9_C3",3,3,3.7e-24,0,1
"platelet-derived growth factor receptor signaling pathway","MMEA9_C3",0,0,3.7e-24,0,1
"iron-sulfur cluster assembly","MMEA9_C3",0,0,3.7e-24,0,1
"metallo-sulfur cluster assembly","MMEA9_C3",0,0,3.7e-24,0,1
"centromere complex assembly","MMEA9_C3",0,0,3.7e-24,0,1
"cellular response to oxygen levels","MMEA9_C3",0,1,3.7e-24,-1,0.411
"fatty acid beta-oxidation","MMEA9_C3",0,1,3.7e-24,-1,0.5141
"organelle localization by membrane tethering","MMEA9_C3",0,1,3.7e-24,-1,0.4161
"autophagosome maturation","MMEA9_C3",0,1,3.7e-24,-1,0.488
"cellular response to transforming growth factor beta stimulus","MMEA9_C3",0,2,3.7e-24,-1.58496250072116,0.1017
"nucleotide catabolic process","MMEA9_C3",0,0,3.7e-24,0,1
"tube closure","MMEA9_C3",1,1,3.7e-24,0,1
"regulation of stem cell differentiation","MMEA9_C3",0,1,3.7e-24,-1,0.4818
"substrate adhesion-dependent cell spreading","MMEA9_C3",0,1,3.7e-24,-1,0.5066
"chondrocyte differentiation","MMEA9_C3",0,1,3.7e-24,-1,0.4367
"regulation of fibroblast proliferation","MMEA9_C3",0,1,3.7e-24,-1,0.4138
"morphogenesis of an epithelial sheet","MMEA9_C3",1,1,3.7e-24,0,1
"microtubule polymerization","MMEA9_C3",0,0,3.7e-24,0,1
"response to virus","MMEA9_C3",3,3,3.7e-24,0,1
"membrane assembly","MMEA9_C3",0,0,3.7e-24,0,1
"COPII vesicle coating","MMEA9_C3",0,0,3.7e-24,0,1
"erythrocyte differentiation","MMEA9_C3",2,1,3.7e-24,0.584962500721156,0.6328
"organophosphate catabolic process","MMEA9_C3",3,2,3.7e-24,0.415037499278844,0.7352
"regulation of embryonic development","MMEA9_C3",1,1,3.7e-24,0,1
"regulation of focal adhesion assembly","MMEA9_C3",1,0,3.7e-24,1,0.4629
"regulation of cell-substrate junction assembly","MMEA9_C3",0,0,3.7e-24,0,1
"regulation of extracellular matrix organization","MMEA9_C3",0,0,3.7e-24,0,1
"GPI anchor biosynthetic process","MMEA9_C3",0,0,3.7e-24,0,1
"lamellipodium organization","MMEA9_C3",1,1,3.7e-24,0,1
"positive regulation of stem cell population maintenance","MMEA9_C3",1,0,3.7e-24,1,0.464
"monosaccharide metabolic process","MMEA9_C3",0,2,3.7e-24,-1.58496250072116,0.0733
"U2-type prespliceosome assembly","MMEA9_C3",0,0,3.7e-24,0,1
"heterochromatin formation","MMEA9_C3",1,1,3.7e-24,0,1
"peroxisome organization","MMEA9_C3",0,0,3.7e-24,0,1
"regulation of mitochondrial fission","MMEA9_C3",0,0,3.7e-24,0,1
"cellular pigmentation","MMEA9_C3",2,1,3.7e-24,0.584962500721156,0.6359
"regulation of fibroblast migration","MMEA9_C3",0,1,3.7e-24,-1,0.527
"cellular carbohydrate metabolic process","MMEA9_C3",2,2,3.7e-24,0,1
"positive regulation of axonogenesis","MMEA9_C3",0,1,3.7e-24,-1,0.4576
"kinetochore organization","MMEA9_C3",0,0,3.7e-24,0,1
"stem cell differentiation","MMEA9_C3",2,3,3.7e-24,-0.415037499278844,0.6027
"proton transmembrane transport","MMEA9_C3",0,1,3.7e-24,-1,0.4085
"cellular response to insulin stimulus","MMEA9_C3",1,2,3.7e-24,-0.584962500721156,0.5292
"establishment of mitotic spindle localization","MMEA9_C3",0,0,3.7e-24,0,1
"cell redox homeostasis","MMEA9_C3",0,0,3.7e-24,0,1
"stress granule assembly","MMEA9_C3",0,0,3.7e-24,0,1
"protein neddylation","MMEA9_C3",0,0,3.7e-24,0,1
"regulation of mitochondrial membrane potential","MMEA9_C3",0,0,3.7e-24,0,1
"neuron death","MMEA9_C3",1,3,3.7e-24,-1,0.2029
"defense response to virus","MMEA9_C3",2,3,3.7e-24,-0.415037499278844,0.6136
"sulfur compound metabolic process","MMEA9_C3",1,3,3.7e-24,-1,0.2065
"NADP metabolic process","MMEA9_C3",0,0,3.7e-24,0,1
"vacuolar acidification","MMEA9_C3",1,0,3.7e-24,1,0.2988
"oligosaccharide-lipid intermediate biosynthetic process","MMEA9_C3",0,0,3.7e-24,0,1
"lysosomal lumen acidification","MMEA9_C3",1,0,3.7e-24,1,0.2039
"glycosyl compound biosynthetic process","MMEA9_C3",0,0,3.7e-24,0,1
"heart valve development","MMEA9_C3",2,1,3.7e-24,0.584962500721156,0.649
"water-soluble vitamin metabolic process","MMEA9_C3",0,0,3.7e-24,0,1
"interferon-beta production","MMEA9_C3",0,0,3.7e-24,0,1
"regulation of interferon-beta production","MMEA9_C3",0,0,3.7e-24,0,1
"branched-chain amino acid metabolic process","MMEA9_C3",0,0,3.7e-24,0,1
"regulation of mitochondrial membrane permeability","MMEA9_C3",2,0,3.7e-24,1.58496250072116,0.1141
"respiratory tube development","MMEA9_C3",2,2,3.7e-24,0,1
"cellular senescence","MMEA9_C3",0,1,3.7e-24,-1,0.4378
"positive regulation of neurogenesis","MMEA9_C3",0,2,3.7e-24,-1.58496250072116,0.1494
"mitochondrial outer membrane permeabilization","MMEA9_C3",1,0,3.7e-24,1,0.4028
"immune system development","MMEA9_C3",0,2,3.7e-24,-1.58496250072116,0.1323
"clathrin-dependent endocytosis","MMEA9_C3",0,1,3.7e-24,-1,0.4463
"positive regulation of viral process","MMEA9_C3",0,0,3.7e-24,0,1
"bone development","MMEA9_C3",1,3,3.7e-24,-1,0.2731
"cell-substrate adhesion","MMEA9_C3",1,3,3.7e-24,-1,0.2048
"positive regulation of microtubule polymerization","MMEA9_C3",1,0,3.7e-24,1,0.3276
"pteridine-containing compound metabolic process","MMEA9_C3",0,0,3.7e-24,0,1
"response to arsenic-containing substance","MMEA9_C3",0,1,3.7e-24,-1,0.5099
"response to insulin","MMEA9_C3",0,3,3.7e-24,-2,0.0419
"ubiquinone metabolic process","MMEA9_C3",0,0,3.7e-24,0,1
"cellular response to arsenic-containing substance","MMEA9_C3",0,0,3.7e-24,0,1
"inositol phosphate catabolic process","MMEA9_C3",0,0,3.7e-24,0,1
"telomerase RNA localization to Cajal body","MMEA9_C3",0,0,3.7e-24,0,1
"respiratory system development","MMEA9_C3",1,2,3.7e-24,-0.584962500721156,0.5306
"regulation of generation of precursor metabolites and energy","MMEA9_C3",2,1,3.7e-24,0.584962500721156,0.6447
"mitochondrial calcium ion homeostasis","MMEA9_C3",0,0,3.7e-24,0,1
"G0 to G1 transition","MMEA9_C3",0,0,3.7e-24,0,1
"mitochondrial genome maintenance","MMEA9_C3",0,0,3.7e-24,0,1
"release of cytochrome c from mitochondria","MMEA9_C3",0,0,3.7e-24,0,1
"cortical cytoskeleton organization","MMEA9_C3",0,0,3.7e-24,0,1
"response to sterol depletion","MMEA9_C3",0,0,3.7e-24,0,1
"regulation of ncRNA transcription","MMEA9_C3",0,0,3.7e-24,0,1
"mesenchymal cell differentiation","MMEA9_C3",2,2,3.7e-24,0,1
"protein-DNA complex subunit organization","MMEA9_C3",1,2,3.7e-24,-0.584962500721156,0.5361
"response to fluid shear stress","MMEA9_C3",0,0,3.7e-24,0,1
"collagen fibril organization","MMEA9_C3",0,0,3.7e-24,0,1
"roof of mouth development","MMEA9_C3",0,1,3.7e-24,-1,0.4823
"regulation of protein dephosphorylation","MMEA9_C3",1,1,3.7e-24,0,1
"multicellular organism growth","MMEA9_C3",2,1,3.7e-24,0.584962500721156,0.6551
"miRNA processing","MMEA9_C3",0,0,3.7e-24,0,1
"small molecule catabolic process","MMEA9_C3",2,4,3.7e-24,-0.736965594166206,0.299
"regulation of G0 to G1 transition","MMEA9_C3",0,0,3.7e-24,0,1
"circadian regulation of gene expression","MMEA9_C3",0,1,3.7e-24,-1,0.4651
"regulation of translational fidelity","MMEA9_C3",0,0,3.7e-24,0,1
"ubiquinone biosynthetic process","MMEA9_C3",0,0,3.7e-24,0,1
"mitochondrial calcium ion transmembrane transport","MMEA9_C3",0,0,3.7e-24,0,1
"quinone biosynthetic process","MMEA9_C3",0,0,3.7e-24,0,1
"viral release from host cell","MMEA9_C3",1,0,3.7e-24,1,0.3574
"exit from host cell","MMEA9_C3",0,0,3.7e-24,0,1
"positive regulation of GTPase activity","MMEA9_C3",2,3,3.7e-24,-0.415037499278844,0.6105
"regulation of cytokinesis","MMEA9_C3",0,1,3.7e-24,-1,0.4162
"mitochondrion localization","MMEA9_C3",0,0,3.7e-24,0,1
"renal system development","MMEA9_C3",1,3,3.7e-24,-1,0.2288
"regulation of cysteine-type endopeptidase activity involved in apoptotic process","MMEA9_C3",3,2,3.7e-24,0.415037499278844,0.7226
"regulation of cell-substrate adhesion","MMEA9_C3",1,2,3.7e-24,-0.584962500721156,0.5331
"centrosome localization","MMEA9_C3",0,0,3.7e-24,0,1
"microtubule organizing center localization","MMEA9_C3",1,0,3.7e-24,1,0.388
"pinocytosis","MMEA9_C3",0,0,3.7e-24,0,1
"lamellipodium assembly","MMEA9_C3",1,1,3.7e-24,0,1
"cellular response to sterol depletion","MMEA9_C3",0,0,3.7e-24,0,1
"placenta development","MMEA9_C3",1,2,3.7e-24,-0.584962500721156,0.5836
"rhythmic process","MMEA9_C3",0,3,3.7e-24,-2,0.03
"spindle localization","MMEA9_C3",1,1,3.7e-24,0,1
"carbohydrate derivative catabolic process","MMEA9_C3",1,1,3.7e-24,0,1
"response to amino acid","MMEA9_C3",0,1,3.7e-24,-1,0.4152
"regulation of intracellular steroid hormone receptor signaling pathway","MMEA9_C3",0,0,3.7e-24,0,1
"regulation of neuron death","MMEA9_C3",0,3,3.7e-24,-2,0.0551
"ossification","MMEA9_C3",2,4,3.7e-24,-0.736965594166206,0.2678
"mammary gland epithelial cell proliferation","MMEA9_C3",0,0,3.7e-24,0,1
"ribosomal subunit export from nucleus","MMEA9_C3",0,0,3.7e-24,0,1
"ribosome localization","MMEA9_C3",0,0,3.7e-24,0,1
"protein transport to vacuole involved in ubiquitin-dependent protein catabolic process via the multivesicular body sorting pathway","MMEA9_C3",1,0,3.7e-24,1,0.2395
"seminiferous tubule development","MMEA9_C3",0,0,3.7e-24,0,1
"cellular response to acid chemical","MMEA9_C3",0,1,3.7e-24,-1,0.4217
"positive regulation of kinase activity","MMEA9_C3",2,4,3.7e-24,-0.736965594166206,0.266
"positive regulation by host of viral process","MMEA9_C3",0,0,3.7e-24,0,1
"mitochondrion morphogenesis","MMEA9_C3",0,0,3.7e-24,0,1
"regulation of establishment of cell polarity","MMEA9_C3",0,0,3.7e-24,0,1
"cellular lipid catabolic process","MMEA9_C3",2,2,3.7e-24,0,1
"neuron apoptotic process","MMEA9_C3",0,3,3.7e-24,-2,0.056
"inner cell mass cell proliferation","MMEA9_C3",0,0,3.7e-24,0,1
"polyamine biosynthetic process","MMEA9_C3",0,0,3.7e-24,0,1
"folic acid metabolic process","MMEA9_C3",0,0,3.7e-24,0,1
"organelle inheritance","MMEA9_C3",0,0,3.7e-24,0,1
"polyol metabolic process","MMEA9_C3",2,1,3.7e-24,0.584962500721156,0.6357
"regulation of type I interferon-mediated signaling pathway","MMEA9_C3",1,0,3.7e-24,1,0.3182
"intracellular lipid transport","MMEA9_C3",0,0,3.7e-24,0,1
"fat cell differentiation","MMEA9_C3",0,2,3.7e-24,-1.58496250072116,0.0813
"iron ion homeostasis","MMEA9_C3",0,1,3.7e-24,-1,0.436
"negative regulation of cell projection organization","MMEA9_C3",1,1,3.7e-24,0,1
"dicarboxylic acid metabolic process","MMEA9_C3",0,1,3.7e-24,-1,0.4849
"regulation of anatomical structure size","MMEA9_C3",3,5,3.7e-24,-0.584962500721156,0.3639
"regulation of small molecule metabolic process","MMEA9_C3",1,3,3.7e-24,-1,0.2395
"pentose-phosphate shunt","MMEA9_C3",0,0,3.7e-24,0,1
"pericardium development","MMEA9_C3",0,0,3.7e-24,0,1
"lysosomal protein catabolic process","MMEA9_C3",0,0,3.7e-24,0,1
"carbohydrate derivative transport","MMEA9_C3",0,1,3.7e-24,-1,0.4895
"alcohol biosynthetic process","MMEA9_C3",0,1,3.7e-24,-1,0.4108
"regulation of membrane permeability","MMEA9_C3",0,0,3.7e-24,0,1
"signal peptide processing","MMEA9_C3",0,0,3.7e-24,0,1
"UV-damage excision repair","MMEA9_C3",0,0,3.7e-24,0,1
"biological process involved in interaction with host","MMEA9_C3",1,2,3.7e-24,-0.584962500721156,0.5316
"body morphogenesis","MMEA9_C3",1,0,3.7e-24,1,0.4702
"extracellular vesicle biogenesis","MMEA9_C3",1,0,3.7e-24,1,0.4208
"negative regulation of defense response to virus","MMEA9_C3",0,0,3.7e-24,0,1
"aminoglycan biosynthetic process","MMEA9_C3",1,1,3.7e-24,0,1
"sterol biosynthetic process","MMEA9_C3",0,0,3.7e-24,0,1
"polyamine metabolic process","MMEA9_C3",0,0,3.7e-24,0,1
"magnesium ion transport","MMEA9_C3",0,0,3.7e-24,0,1
"lamellipodium morphogenesis","MMEA9_C3",0,0,3.7e-24,0,1
"positive regulation of neuron migration","MMEA9_C3",0,0,3.7e-24,0,1
"regulation of glucose metabolic process","MMEA9_C3",0,1,3.7e-24,-1,0.5178
"monosaccharide biosynthetic process","MMEA9_C3",0,1,3.7e-24,-1,0.4357
"response to acid chemical","MMEA9_C3",0,1,3.7e-24,-1,0.4458
"regulation of carbohydrate metabolic process","MMEA9_C3",0,1,3.7e-24,-1,0.4193
"positive regulation of nervous system development","MMEA9_C3",0,3,3.7e-24,-2,0.0643
"regulation of circadian rhythm","MMEA9_C3",0,1,3.7e-24,-1,0.4211
"trabecula morphogenesis","MMEA9_C3",0,0,3.7e-24,0,1
"pigment accumulation","MMEA9_C3",0,0,3.7e-24,0,1
"cellular pigment accumulation","MMEA9_C3",0,0,3.7e-24,0,1
"regulation of pinocytosis","MMEA9_C3",0,0,3.7e-24,0,1
"regulation of ligase activity","MMEA9_C3",0,0,3.7e-24,0,1
"smoothened signaling pathway involved in dorsal/ventral neural tube patterning","MMEA9_C3",0,0,3.7e-24,0,1
"glycosyl compound metabolic process","MMEA9_C3",0,0,3.7e-24,0,1
"substantia nigra development","MMEA9_C3",0,0,3.7e-24,0,1
"negative regulation of GTPase activity","MMEA9_C3",0,0,3.7e-24,0,1
"axon extension","MMEA9_C3",0,1,3.7e-24,-1,0.4335
"positive regulation of epithelial to mesenchymal transition","MMEA9_C3",0,1,3.7e-24,-1,0.5199
"one-carbon metabolic process","MMEA9_C3",0,0,3.7e-24,0,1
"NADPH regeneration","MMEA9_C3",0,0,3.7e-24,0,1
"cellular response to dsRNA","MMEA9_C3",0,0,3.7e-24,0,1
"neuron projection organization","MMEA9_C3",0,1,3.7e-24,-1,0.4653
"postsynapse organization","MMEA9_C3",0,2,3.7e-24,-1.58496250072116,0.1641
"regulation of ketone biosynthetic process","MMEA9_C3",0,0,3.7e-24,0,1
"mitochondrion distribution","MMEA9_C3",0,0,3.7e-24,0,1
"regulation of autophagosome maturation","MMEA9_C3",0,0,3.7e-24,0,1
"magnesium ion transmembrane transport","MMEA9_C3",1,0,3.7e-24,1,0.2995
"regulation of cell division","MMEA9_C3",0,2,3.7e-24,-1.58496250072116,0.1767
"intermembrane lipid transfer","MMEA9_C3",0,0,3.7e-24,0,1
"organophosphate ester transport","MMEA9_C3",0,1,3.7e-24,-1,0.4044
"movement in host","MMEA9_C3",0,2,3.7e-24,-1.58496250072116,0.1267
"extracellular matrix assembly","MMEA9_C3",1,0,3.7e-24,1,0.2885
"cellular metabolic compound salvage","MMEA9_C3",0,0,3.7e-24,0,1
"regulation of ATP-dependent activity","MMEA9_C3",0,0,3.7e-24,0,1
"cell migration involved in heart development","MMEA9_C3",0,0,3.7e-24,0,1
"cellular response to fluid shear stress","MMEA9_C3",0,0,3.7e-24,0,1
"sphingomyelin biosynthetic process","MMEA9_C3",0,0,3.7e-24,0,1
"ether lipid biosynthetic process","MMEA9_C3",0,0,3.7e-24,0,1
"embryonic body morphogenesis","MMEA9_C3",0,0,3.7e-24,0,1
"amino sugar biosynthetic process","MMEA9_C3",0,0,3.7e-24,0,1
"glycerol ether biosynthetic process","MMEA9_C3",0,0,3.7e-24,0,1
"pigmentation","MMEA9_C3",0,1,3.7e-24,-1,0.4532
"cellular response to ketone","MMEA9_C3",0,1,3.7e-24,-1,0.4156
"nonribosomal peptide biosynthetic process","MMEA9_C3",0,0,3.7e-24,0,1
"glial cell apoptotic process","MMEA9_C3",0,0,3.7e-24,0,1
"lipoprotein catabolic process","MMEA9_C3",0,0,3.7e-24,0,1
"suppression of viral release by host","MMEA9_C3",1,0,3.7e-24,1,0.1542
"chaperone-mediated autophagy","MMEA9_C3",0,0,3.7e-24,0,1
"regulation of steroid hormone biosynthetic process","MMEA9_C3",0,0,3.7e-24,0,1
"synaptic vesicle lumen acidification","MMEA9_C3",0,0,3.7e-24,0,1
"semaphorin-plexin signaling pathway involved in neuron projection guidance","MMEA9_C3",0,0,3.7e-24,0,1
"regulation of Golgi organization","MMEA9_C3",0,0,3.7e-24,0,1
"Schwann cell differentiation","MMEA9_C3",0,0,3.7e-24,0,1
"neurotrophin signaling pathway","MMEA9_C3",0,0,3.7e-24,0,1
"regulation of microtubule depolymerization","MMEA9_C3",0,0,3.7e-24,0,1
"basement membrane organization","MMEA9_C3",0,0,3.7e-24,0,1
"establishment or maintenance of epithelial cell apical/basal polarity","MMEA9_C3",1,1,3.7e-24,0,1
"face development","MMEA9_C3",0,0,3.7e-24,0,1
"osteoblast differentiation","MMEA9_C3",2,2,3.7e-24,0,1
"appendage development","MMEA9_C3",2,1,3.7e-24,0.584962500721156,0.6658
"limb development","MMEA9_C3",1,1,3.7e-24,0,1
"regulation of ATP metabolic process","MMEA9_C3",0,1,3.7e-24,-1,0.4738
"developmental growth involved in morphogenesis","MMEA9_C3",0,2,3.7e-24,-1.58496250072116,0.1248
"embryonic organ development","MMEA9_C3",3,4,3.7e-24,-0.321928094887362,0.6473
"negative regulation of growth","MMEA9_C3",3,2,3.7e-24,0.415037499278844,0.7356
"microtubule depolymerization","MMEA9_C3",0,0,3.7e-24,0,1
"heme metabolic process","MMEA9_C3",0,1,3.7e-24,-1,0.5109
"regulation of neuron apoptotic process","MMEA9_C3",3,2,3.7e-24,0.415037499278844,0.7336
"plasma membrane tubulation","MMEA9_C3",0,0,3.7e-24,0,1
"exosomal secretion","MMEA9_C3",1,0,3.7e-24,1,0.2075
"vasculogenesis","MMEA9_C3",0,1,3.7e-24,-1,0.4785
"toxin transport","MMEA9_C3",0,0,3.7e-24,0,1
"ncRNA processing","MMEA9_E2",29,45,3.7e-24,-0.616671360448494,0.0067
"ribosome biogenesis","MMEA9_E2",28,34,3.7e-24,-0.271302021817394,0.2756
"rRNA metabolic process","MMEA9_E2",31,31,3.7e-24,0,1
"proteasome-mediated ubiquitin-dependent protein catabolic process","MMEA9_E2",49,48,3.7e-24,0.0291463456595165,0.9391
"regulation of response to DNA damage stimulus","MMEA9_E2",20,28,3.7e-24,-0.465663572348812,0.0853
"establishment of protein localization to organelle","MMEA9_E2",61,55,6.50634135198152e-24,0.146841388329271,0.4632
"macroautophagy","MMEA9_E2",30,33,3.7e-24,-0.133266530863464,0.6086
"regulation of chromosome organization","MMEA9_E2",39,36,3.7e-24,0.112474729258413,0.6744
"Golgi vesicle transport","MMEA9_E2",18,34,3.7e-24,-0.881355503501381,0.0017
"double-strand break repair","MMEA9_E2",33,28,3.7e-24,0.229481846122767,0.403
"histone modification","MMEA9_E2",32,40,3.7e-24,-0.31315788525963,0.1825
"sister chromatid segregation","MMEA9_E2",30,27,3.7e-24,0.146841388329271,0.6168
"DNA replication","MMEA9_E2",32,31,3.7e-24,0.0443941193584534,0.9312
"chromosome segregation","MMEA9_E2",47,44,3.7e-24,0.0931094043914815,0.7084
"mitochondrial gene expression","MMEA9_E2",13,15,3.7e-24,-0.192645077942396,0.6064
"nucleocytoplasmic transport","MMEA9_E2",26,34,3.7e-24,-0.374395514781498,0.1327
"nuclear transport","MMEA9_E2",27,33,3.7e-24,-0.280107919192735,0.2706
"regulation of DNA repair","MMEA9_E2",38,23,3.7e-24,0.700439718141092,0.0238
"peptidyl-lysine modification","MMEA9_E2",31,34,3.7e-24,-0.129283016944966,0.6057
"protein targeting","MMEA9_E2",31,34,3.7e-24,-0.129283016944966,0.6115
"cytoplasmic translation","MMEA9_E2",15,12,3.7e-24,0.299560281858908,0.4802
"regulation of autophagy","MMEA9_E2",36,32,3.7e-24,0.165059246270496,0.5396
"signal transduction in response to DNA damage","MMEA9_E2",14,14,3.7e-24,0,1
"regulation of intracellular transport","MMEA9_E2",44,44,3.7e-24,0,1
"protein localization to nucleus","MMEA9_E2",21,24,3.7e-24,-0.184424571137427,0.541
"microtubule cytoskeleton organization involved in mitosis","MMEA9_E2",9,14,3.7e-24,-0.584962500721156,0.1301
"telomere maintenance","MMEA9_E2",17,17,3.7e-24,0,1
"cell cycle checkpoint signaling","MMEA9_E2",19,16,3.7e-24,0.234465253637023,0.5367
"regulation of protein modification by small protein conjugation or removal","MMEA9_E2",19,23,3.7e-24,-0.263034405833794,0.3999
"cellular respiration","MMEA9_E2",38,25,3.7e-24,0.584962500721156,0.0431
"cellular component disassembly","MMEA9_E2",29,41,3.7e-24,-0.485426827170242,0.0382
"nuclear chromosome segregation","MMEA9_E2",38,34,3.7e-24,0.156119201917282,0.5381
"regulation of protein stability","MMEA9_E2",40,27,3.7e-24,0.55019708256048,0.0529
"regulation of cell cycle phase transition","MMEA9_E2",38,41,3.7e-24,-0.106915203916512,0.6458
"regulation of protein catabolic process","MMEA9_E2",19,32,3.7e-24,-0.722466024471091,0.0074
"response to endoplasmic reticulum stress","MMEA9_E2",37,34,3.7e-24,0.118644496498619,0.6656
"vesicle organization","MMEA9_E2",35,35,3.7e-24,0,1
"mitochondrial respiratory chain complex assembly","MMEA9_E2",10,14,3.7e-24,-0.447458976971221,0.2524
"DNA-templated transcription elongation","MMEA9_E2",12,15,3.7e-24,-0.299560281858908,0.4477
"mitochondrial transport","MMEA9_E2",23,19,3.7e-24,0.263034405833794,0.4263
"establishment of organelle localization","MMEA9_E2",57,47,3.7e-24,0.273018494406416,0.1946
"regulation of intracellular protein transport","MMEA9_E2",22,24,3.7e-24,-0.120294233717712,0.6806
"response to UV","MMEA9_E2",16,15,3.7e-24,0.0874628412503394,0.8998
"RNA localization","MMEA9_E2",18,21,3.7e-24,-0.211504105193712,0.5238
"response to topologically incorrect protein","MMEA9_E2",14,16,3.7e-24,-0.180572245641821,0.6207
"organelle fission","MMEA9_E2",29,34,3.7e-24,-0.222392421336448,0.3851
"non-membrane-bounded organelle assembly","MMEA9_E2",40,35,3.7e-24,0.187627003175771,0.4528
"protein polyubiquitination","MMEA9_E2",28,28,3.7e-24,0,1
"methylation","MMEA9_E2",45,27,3.7e-24,0.716207033999409,0.0146
"phospholipid biosynthetic process","MMEA9_E2",32,30,3.7e-24,0.0901978089715781,0.78
"oxidative phosphorylation","MMEA9_E2",6,13,3.7e-24,-1,0.026
"establishment of protein localization to membrane","MMEA9_E2",20,23,3.7e-24,-0.192645077942396,0.5347
"in utero embryonic development","MMEA9_E2",43,38,3.7e-24,0.174029399775049,0.4687
"vacuole organization","MMEA9_E2",28,21,3.7e-24,0.398549376490275,0.1904
"nuclear-transcribed mRNA catabolic process","MMEA9_E2",10,10,3.7e-24,0,1
"protein folding","MMEA9_E2",19,21,3.7e-24,-0.137503523749935,0.668
"DNA conformation change","MMEA9_E2",12,8,3.7e-24,0.53051471669878,0.3068
"regulation of chromosome segregation","MMEA9_E2",11,12,3.7e-24,-0.115477217419936,0.7802
"regulation of apoptotic signaling pathway","MMEA9_E2",33,37,3.7e-24,-0.160464672193246,0.5138
"cell cycle G2/M phase transition","MMEA9_E2",17,16,3.7e-24,0.082462160191973,0.9019
"vacuolar transport","MMEA9_E2",9,11,3.7e-24,-0.263034405833794,0.5558
"response to ionizing radiation","MMEA9_E2",13,15,3.7e-24,-0.192645077942396,0.6059
"cellular response to UV","MMEA9_E2",11,9,3.7e-24,0.263034405833794,0.625
"regulation of binding","MMEA9_E2",46,34,3.7e-24,0.425305834732671,0.0937
"nucleic acid transport","MMEA9_E2",17,15,3.7e-24,0.169925001442312,0.7052
"RNA transport","MMEA9_E2",18,13,3.7e-24,0.440572591385981,0.2756
"ribonucleoprotein complex subunit organization","MMEA9_E2",13,19,3.7e-24,-0.514573172829758,0.1202
"regulation of DNA replication","MMEA9_E2",14,12,3.7e-24,0.206450877467426,0.666
"ribose phosphate metabolic process","MMEA9_E2",34,33,3.7e-24,0.0418201756946269,0.9346
"proton motive force-driven ATP synthesis","MMEA9_E2",6,9,3.7e-24,-0.514573172829758,0.2873
"ribonucleotide metabolic process","MMEA9_E2",39,40,3.7e-24,-0.0356239097307214,0.8729
"telomere organization","MMEA9_E2",12,16,3.7e-24,-0.387023123109247,0.2761
"cellular response to topologically incorrect protein","MMEA9_E2",7,9,3.7e-24,-0.321928094887362,0.5164
"Golgi organization","MMEA9_E2",17,14,3.7e-24,0.263034405833794,0.4997
"ribonucleoprotein complex assembly","MMEA9_E2",33,28,3.7e-24,0.229481846122767,0.3867
"cellular nitrogen compound catabolic process","MMEA9_E2",47,47,3.7e-24,0,1
"negative regulation of phosphorus metabolic process","MMEA9_E2",49,41,3.7e-24,0.251538766995964,0.273
"heterocycle catabolic process","MMEA9_E2",32,37,3.7e-24,-0.203533394085132,0.4054
"mitochondrial membrane organization","MMEA9_E2",16,14,3.7e-24,0.180572245641821,0.6982
"regulation of protein-containing complex assembly","MMEA9_E2",36,35,3.7e-24,0.0395283641866373,0.9363
"positive regulation of cellular component biogenesis","MMEA9_E2",43,54,3.7e-24,-0.321928094887362,0.1014
"response to oxidative stress","MMEA9_E2",34,30,3.7e-24,0.175086706558091,0.5277
"regulation of supramolecular fiber organization","MMEA9_E2",47,37,3.7e-24,0.337034987277571,0.1659
"positive regulation of protein localization","MMEA9_E2",38,41,3.7e-24,-0.106915203916512,0.6404
"positive regulation of cell projection organization","MMEA9_E2",37,31,3.7e-24,0.247927513443586,0.317
"negative regulation of transferase activity","MMEA9_E2",34,23,3.7e-24,0.54432051622381,0.0687
"autophagy of mitochondrion","MMEA9_E2",4,5,3.7e-24,-0.263034405833794,0.6832
"positive regulation of amide metabolic process","MMEA9_E2",11,16,3.7e-24,-0.502500340529183,0.1606
"chromatin remodeling","MMEA9_E2",38,38,3.7e-24,0,1
"viral process","MMEA9_E2",47,41,3.7e-24,0.192645077942396,0.3923
"macromolecule deacylation","MMEA9_E2",19,14,3.7e-24,0.415037499278844,0.296
"mitotic cytokinesis","MMEA9_E2",7,7,3.7e-24,0,1
"aromatic compound catabolic process","MMEA9_E2",41,49,3.7e-24,-0.251538766995965,0.2319
"vesicle localization","MMEA9_E2",33,19,3.7e-24,0.765534746362977,0.0163
"establishment or maintenance of cell polarity","MMEA9_E2",20,20,3.7e-24,0,1
"Wnt signaling pathway","MMEA9_E2",33,34,3.7e-24,-0.0418201756946271,0.8627
"cell-cell signaling by wnt","MMEA9_E2",54,46,3.7e-24,0.226770861847022,0.2954
"ATP metabolic process","MMEA9_E2",16,18,3.7e-24,-0.160464672193246,0.6379
"cellular response to chemical stress","MMEA9_E2",21,29,3.7e-24,-0.447458976971221,0.105
"regulation of vacuole organization","MMEA9_E2",3,3,3.7e-24,0,1
"cellular response to external stimulus","MMEA9_E2",27,29,3.7e-24,-0.0995356735509144,0.7087
"negative regulation of protein phosphorylation","MMEA9_E2",22,27,3.7e-24,-0.283792966000591,0.2981
"negative regulation of catabolic process","MMEA9_E2",34,30,3.7e-24,0.175086706558091,0.5204
"regulation of microtubule cytoskeleton organization","MMEA9_E2",14,12,3.7e-24,0.206450877467426,0.6696
"chromosome localization","MMEA9_E2",17,15,3.7e-24,0.169925001442312,0.6992
"negative regulation of mitotic nuclear division","MMEA9_E2",7,5,3.7e-24,0.415037499278844,0.5149
"regulation of actin filament organization","MMEA9_E2",21,19,3.7e-24,0.137503523749935,0.7232
"dephosphorylation","MMEA9_E2",30,27,3.7e-24,0.146841388329271,0.6367
"glycosylation","MMEA9_E2",26,23,3.7e-24,0.169925001442312,0.6057
"positive regulation of establishment of protein localization","MMEA9_E2",27,26,3.7e-24,0.0524674198941355,0.9228
"regulation of microtubule-based process","MMEA9_E2",22,20,3.7e-24,0.131244533278253,0.7418
"cell-substrate junction organization","MMEA9_E2",13,9,3.7e-24,0.485426827170242,0.3314
"protein-containing complex localization","MMEA9_E2",24,19,3.7e-24,0.321928094887362,0.3069
"mitochondrial transmembrane transport","MMEA9_E2",2,5,3.7e-24,-1,0.147
"stem cell population maintenance","MMEA9_E2",13,14,3.7e-24,-0.0995356735509144,0.7947
"ribosome assembly","MMEA9_E2",8,8,3.7e-24,0,1
"intraciliary transport","MMEA9_E2",1,5,3.7e-24,-1.58496250072116,0.0464
"Golgi to plasma membrane protein transport","MMEA9_E2",2,2,3.7e-24,0,1
"response to amino acid starvation","MMEA9_E2",2,3,3.7e-24,-0.415037499278844,0.598
"cellular response to extracellular stimulus","MMEA9_E2",24,24,3.7e-24,0,1
"cell growth","MMEA9_E2",36,36,3.7e-24,0,1
"protein glycosylation","MMEA9_E2",21,19,3.7e-24,0.137503523749935,0.725
"macromolecule glycosylation","MMEA9_E2",29,29,3.7e-24,0,1
"maintenance of cell number","MMEA9_E2",14,15,3.7e-24,-0.0931094043914815,0.8005
"response to reactive oxygen species","MMEA9_E2",8,13,3.7e-24,-0.637429920615292,0.1257
"regulation of cell morphogenesis","MMEA9_E2",20,21,3.7e-24,-0.0671141958585369,0.8303
"regulation of cellular component size","MMEA9_E2",28,37,3.7e-24,-0.389946518316013,0.1024
"cell-substrate junction assembly","MMEA9_E2",5,5,3.7e-24,0,1
"membrane fission","MMEA9_E2",16,8,3.7e-24,0.917537839808027,0.0441
"membrane docking","MMEA9_E2",7,10,3.7e-24,-0.459431618637297,0.3179
"fibroblast migration","MMEA9_E2",8,7,3.7e-24,0.169925001442312,0.8485
"nucleus organization","MMEA9_E2",8,13,3.7e-24,-0.637429920615292,0.1362
"regulation of cell growth","MMEA9_E2",46,37,3.7e-24,0.306661338234052,0.1918
"fibroblast proliferation","MMEA9_E2",9,10,3.7e-24,-0.137503523749935,0.7558
"cell cycle G1/S phase transition","MMEA9_E2",16,21,3.7e-24,-0.371968777386958,0.2446
"actin filament organization","MMEA9_E2",41,40,3.7e-24,0.0347654181606766,0.932
"response to oxygen levels","MMEA9_E2",34,28,3.7e-24,0.271302021817394,0.3434
"epigenetic regulation of gene expression","MMEA9_E2",3,7,3.7e-24,-1,0.0979
"organelle fusion","MMEA9_E2",6,11,3.7e-24,-0.777607578663552,0.0828
"lipoprotein metabolic process","MMEA9_E2",6,9,3.7e-24,-0.514573172829758,0.2672
"protein lipidation","MMEA9_E2",9,11,3.7e-24,-0.263034405833794,0.5684
"regulation of plasma membrane bounded cell projection assembly","MMEA9_E2",7,13,3.7e-24,-0.807354922057604,0.0459
"regulation of actin filament-based process","MMEA9_E2",28,27,3.7e-24,0.0506260730699681,0.9226
"regulation of GTPase activity","MMEA9_E2",18,24,3.7e-24,-0.395928676331139,0.1925
"nuclear envelope organization","MMEA9_E2",7,6,3.7e-24,0.192645077942396,0.8415
"protein autophosphorylation","MMEA9_E2",19,19,3.7e-24,0,1
"connective tissue development","MMEA9_E2",24,24,3.7e-24,0,1
"cellular response to heat","MMEA9_E2",2,4,3.7e-24,-0.736965594166206,0.276
"myeloid cell homeostasis","MMEA9_E2",15,16,3.7e-24,-0.0874628412503394,0.8093
"regulation of neuron projection development","MMEA9_E2",37,32,3.7e-24,0.203533394085132,0.4284
"receptor metabolic process","MMEA9_E2",7,7,3.7e-24,0,1
"maintenance of protein location in cell","MMEA9_E2",13,7,3.7e-24,0.807354922057604,0.0996
"apoptotic mitochondrial changes","MMEA9_E2",13,12,3.7e-24,0.106915203916512,0.8854
"response to transforming growth factor beta","MMEA9_E2",25,20,3.7e-24,0.308122295362332,0.3144
"neural tube development","MMEA9_E2",10,13,3.7e-24,-0.347923303420307,0.4127
"maintenance of protein location","MMEA9_E2",9,9,3.7e-24,0,1
"regulation of ubiquitin-protein transferase activity","MMEA9_E2",3,4,3.7e-24,-0.321928094887362,0.633
"cilium assembly","MMEA9_E2",30,28,3.7e-24,0.096215315259303,0.7797
"mRNA export from nucleus","MMEA9_E2",8,7,3.7e-24,0.169925001442312,0.8519
"regulation of cell-substrate junction organization","MMEA9_E2",8,8,3.7e-24,0,1
"membrane biogenesis","MMEA9_E2",3,6,3.7e-24,-0.807354922057604,0.1664
"cilium organization","MMEA9_E2",35,35,3.7e-24,0,1
"platelet-derived growth factor receptor signaling pathway","MMEA9_E2",7,2,3.7e-24,1.41503749927884,0.0954
"iron-sulfur cluster assembly","MMEA9_E2",0,1,3.7e-24,-1,0.4085
"metallo-sulfur cluster assembly","MMEA9_E2",2,3,3.7e-24,-0.415037499278844,0.5983
"centromere complex assembly","MMEA9_E2",0,2,3.7e-24,-1.58496250072116,0.1261
"cellular response to oxygen levels","MMEA9_E2",14,10,3.7e-24,0.447458976971221,0.3589
"fatty acid beta-oxidation","MMEA9_E2",8,6,3.7e-24,0.362570079384708,0.5393
"organelle localization by membrane tethering","MMEA9_E2",4,11,3.7e-24,-1.26303440583379,0.0113
"autophagosome maturation","MMEA9_E2",16,10,3.7e-24,0.628031222613042,0.1854
"cellular response to transforming growth factor beta stimulus","MMEA9_E2",25,21,3.7e-24,0.241008099503795,0.453
"nucleotide catabolic process","MMEA9_E2",8,7,3.7e-24,0.169925001442312,0.847
"tube closure","MMEA9_E2",7,9,3.7e-24,-0.321928094887362,0.5272
"regulation of stem cell differentiation","MMEA9_E2",7,8,3.7e-24,-0.169925001442312,0.7377
"substrate adhesion-dependent cell spreading","MMEA9_E2",8,10,3.7e-24,-0.289506617194985,0.5336
"chondrocyte differentiation","MMEA9_E2",14,10,3.7e-24,0.447458976971221,0.3464
"regulation of fibroblast proliferation","MMEA9_E2",11,14,3.7e-24,-0.321928094887362,0.4313
"morphogenesis of an epithelial sheet","MMEA9_E2",4,7,3.7e-24,-0.678071905112638,0.2182
"microtubule polymerization","MMEA9_E2",2,5,3.7e-24,-1,0.1182
"response to virus","MMEA9_E2",29,27,3.7e-24,0.0995356735509144,0.7749
"membrane assembly","MMEA9_E2",7,5,3.7e-24,0.415037499278844,0.5052
"COPII vesicle coating","MMEA9_E2",1,1,3.7e-24,0,1
"erythrocyte differentiation","MMEA9_E2",11,11,3.7e-24,0,1
"organophosphate catabolic process","MMEA9_E2",21,19,3.7e-24,0.137503523749935,0.7286
"regulation of embryonic development","MMEA9_E2",6,6,3.7e-24,0,1
"regulation of focal adhesion assembly","MMEA9_E2",7,4,3.7e-24,0.678071905112638,0.352
"regulation of cell-substrate junction assembly","MMEA9_E2",3,3,3.7e-24,0,1
"regulation of extracellular matrix organization","MMEA9_E2",6,6,3.7e-24,0,1
"GPI anchor biosynthetic process","MMEA9_E2",4,4,3.7e-24,0,1
"lamellipodium organization","MMEA9_E2",3,8,3.7e-24,-1.16992500144231,0.0483
"positive regulation of stem cell population maintenance","MMEA9_E2",12,8,3.7e-24,0.53051471669878,0.3068
"monosaccharide metabolic process","MMEA9_E2",12,20,3.7e-24,-0.691877704637668,0.0488
"U2-type prespliceosome assembly","MMEA9_E2",4,2,3.7e-24,0.736965594166206,0.2954
"heterochromatin formation","MMEA9_E2",8,8,3.7e-24,0,1
"peroxisome organization","MMEA9_E2",1,5,3.7e-24,-1.58496250072116,0.0506
"regulation of mitochondrial fission","MMEA9_E2",1,2,3.7e-24,-0.584962500721156,0.5282
"cellular pigmentation","MMEA9_E2",9,7,3.7e-24,0.321928094887362,0.5705
"regulation of fibroblast migration","MMEA9_E2",5,6,3.7e-24,-0.222392421336448,0.698
"cellular carbohydrate metabolic process","MMEA9_E2",17,27,3.7e-24,-0.637429920615292,0.0263
"positive regulation of axonogenesis","MMEA9_E2",18,10,3.7e-24,0.788495894806288,0.076
"kinetochore organization","MMEA9_E2",6,2,3.7e-24,1.22239242133645,0.1279
"stem cell differentiation","MMEA9_E2",11,23,3.7e-24,-1,0.0035
"proton transmembrane transport","MMEA9_E2",4,7,3.7e-24,-0.678071905112638,0.2172
"cellular response to insulin stimulus","MMEA9_E2",18,17,3.7e-24,0.0780025120012732,0.9022
"establishment of mitotic spindle localization","MMEA9_E2",2,2,3.7e-24,0,1
"cell redox homeostasis","MMEA9_E2",3,3,3.7e-24,0,1
"stress granule assembly","MMEA9_E2",1,1,3.7e-24,0,1
"protein neddylation","MMEA9_E2",3,3,3.7e-24,0,1
"regulation of mitochondrial membrane potential","MMEA9_E2",1,4,3.7e-24,-1.32192809488736,0.0898
"neuron death","MMEA9_E2",25,29,3.7e-24,-0.206450877467426,0.463
"defense response to virus","MMEA9_E2",16,24,3.7e-24,-0.556393348524385,0.0731
"sulfur compound metabolic process","MMEA9_E2",22,28,3.7e-24,-0.334419039070559,0.2295
"NADP metabolic process","MMEA9_E2",2,2,3.7e-24,0,1
"vacuolar acidification","MMEA9_E2",3,2,3.7e-24,0.415037499278844,0.7478
"oligosaccharide-lipid intermediate biosynthetic process","MMEA9_E2",1,1,3.7e-24,0,1
"lysosomal lumen acidification","MMEA9_E2",2,3,3.7e-24,-0.415037499278844,0.6092
"glycosyl compound biosynthetic process","MMEA9_E2",2,3,3.7e-24,-0.415037499278844,0.6003
"heart valve development","MMEA9_E2",4,5,3.7e-24,-0.263034405833794,0.6764
"water-soluble vitamin metabolic process","MMEA9_E2",6,5,3.7e-24,0.222392421336448,0.83
"interferon-beta production","MMEA9_E2",4,7,3.7e-24,-0.678071905112638,0.2187
"regulation of interferon-beta production","MMEA9_E2",10,5,3.7e-24,0.874469117916141,0.1554
"branched-chain amino acid metabolic process","MMEA9_E2",0,1,3.7e-24,-1,0.4189
"regulation of mitochondrial membrane permeability","MMEA9_E2",0,3,3.7e-24,-2,0.0368
"respiratory tube development","MMEA9_E2",21,18,3.7e-24,0.211504105193712,0.5624
"cellular senescence","MMEA9_E2",12,8,3.7e-24,0.53051471669878,0.2965
"positive regulation of neurogenesis","MMEA9_E2",13,17,3.7e-24,-0.362570079384708,0.2834
"mitochondrial outer membrane permeabilization","MMEA9_E2",2,3,3.7e-24,-0.415037499278844,0.5953
"immune system development","MMEA9_E2",30,19,3.7e-24,0.632268215499513,0.0455
"clathrin-dependent endocytosis","MMEA9_E2",4,8,3.7e-24,-0.84799690655495,0.1015
"positive regulation of viral process","MMEA9_E2",0,3,3.7e-24,-2,0.0284
"bone development","MMEA9_E2",22,21,3.7e-24,0.0641303374197156,0.9118
"cell-substrate adhesion","MMEA9_E2",18,22,3.7e-24,-0.275634442613427,0.3926
"positive regulation of microtubule polymerization","MMEA9_E2",5,4,3.7e-24,0.263034405833794,0.8112
"pteridine-containing compound metabolic process","MMEA9_E2",6,4,3.7e-24,0.485426827170242,0.45
"response to arsenic-containing substance","MMEA9_E2",4,8,3.7e-24,-0.84799690655495,0.0883
"response to insulin","MMEA9_E2",15,24,3.7e-24,-0.643856189774725,0.0295
"ubiquinone metabolic process","MMEA9_E2",1,2,3.7e-24,-0.584962500721156,0.5825
"cellular response to arsenic-containing substance","MMEA9_E2",2,1,3.7e-24,0.584962500721156,0.6347
"inositol phosphate catabolic process","MMEA9_E2",1,1,3.7e-24,0,1
"telomerase RNA localization to Cajal body","MMEA9_E2",1,2,3.7e-24,-0.584962500721156,0.5431
"respiratory system development","MMEA9_E2",14,14,3.7e-24,0,1
"regulation of generation of precursor metabolites and energy","MMEA9_E2",13,10,3.7e-24,0.347923303420307,0.4308
"mitochondrial calcium ion homeostasis","MMEA9_E2",0,2,3.7e-24,-1.58496250072116,0.1505
"G0 to G1 transition","MMEA9_E2",4,4,3.7e-24,0,1
"mitochondrial genome maintenance","MMEA9_E2",2,2,3.7e-24,0,1
"release of cytochrome c from mitochondria","MMEA9_E2",0,3,3.7e-24,-2,0.0455
"cortical cytoskeleton organization","MMEA9_E2",4,3,3.7e-24,0.321928094887362,0.7721
"response to sterol depletion","MMEA9_E2",2,1,3.7e-24,0.584962500721156,0.6311
"regulation of ncRNA transcription","MMEA9_E2",1,1,3.7e-24,0,1
"mesenchymal cell differentiation","MMEA9_E2",14,18,3.7e-24,-0.341036917835067,0.2977
"protein-DNA complex subunit organization","MMEA9_E2",29,20,3.7e-24,0.514573172829758,0.0995
"response to fluid shear stress","MMEA9_E2",2,3,3.7e-24,-0.415037499278844,0.5952
"collagen fibril organization","MMEA9_E2",4,4,3.7e-24,0,1
"roof of mouth development","MMEA9_E2",6,6,3.7e-24,0,1
"regulation of protein dephosphorylation","MMEA9_E2",6,6,3.7e-24,0,1
"multicellular organism growth","MMEA9_E2",15,13,3.7e-24,0.192645077942396,0.6767
"miRNA processing","MMEA9_E2",4,3,3.7e-24,0.321928094887362,0.7762
"small molecule catabolic process","MMEA9_E2",14,30,3.7e-24,-1.04730571477836,0.0012
"regulation of G0 to G1 transition","MMEA9_E2",0,2,3.7e-24,-1.58496250072116,0.1234
"circadian regulation of gene expression","MMEA9_E2",8,7,3.7e-24,0.169925001442312,0.8508
"regulation of translational fidelity","MMEA9_E2",0,1,3.7e-24,-1,0.4353
"ubiquinone biosynthetic process","MMEA9_E2",0,0,3.7e-24,0,1
"mitochondrial calcium ion transmembrane transport","MMEA9_E2",2,1,3.7e-24,0.584962500721156,0.6369
"quinone biosynthetic process","MMEA9_E2",0,1,3.7e-24,-1,0.4242
"viral release from host cell","MMEA9_E2",4,5,3.7e-24,-0.263034405833794,0.6732
"exit from host cell","MMEA9_E2",1,1,3.7e-24,0,1
"positive regulation of GTPase activity","MMEA9_E2",18,20,3.7e-24,-0.144389909335175,0.6566
"regulation of cytokinesis","MMEA9_E2",7,10,3.7e-24,-0.459431618637297,0.3147
"mitochondrion localization","MMEA9_E2",8,5,3.7e-24,0.584962500721156,0.415
"renal system development","MMEA9_E2",38,28,3.7e-24,0.427421223734676,0.1096
"regulation of cysteine-type endopeptidase activity involved in apoptotic process","MMEA9_E2",9,14,3.7e-24,-0.584962500721156,0.1388
"regulation of cell-substrate adhesion","MMEA9_E2",19,20,3.7e-24,-0.070389327891398,0.8278
"centrosome localization","MMEA9_E2",5,3,3.7e-24,0.584962500721156,0.3818
"microtubule organizing center localization","MMEA9_E2",1,3,3.7e-24,-1,0.2033
"pinocytosis","MMEA9_E2",2,1,3.7e-24,0.584962500721156,0.6374
"lamellipodium assembly","MMEA9_E2",15,13,3.7e-24,0.192645077942396,0.677
"cellular response to sterol depletion","MMEA9_E2",3,2,3.7e-24,0.415037499278844,0.7358
"placenta development","MMEA9_E2",9,8,3.7e-24,0.15200309344505,0.8629
"rhythmic process","MMEA9_E2",34,29,3.7e-24,0.222392421336448,0.4054
"spindle localization","MMEA9_E2",3,8,3.7e-24,-1.16992500144231,0.0506
"carbohydrate derivative catabolic process","MMEA9_E2",20,11,3.7e-24,0.807354922057604,0.0432
"response to amino acid","MMEA9_E2",13,8,3.7e-24,0.637429920615292,0.1563
"regulation of intracellular steroid hormone receptor signaling pathway","MMEA9_E2",8,5,3.7e-24,0.584962500721156,0.3953
"regulation of neuron death","MMEA9_E2",27,25,3.7e-24,0.106915203916512,0.764
"ossification","MMEA9_E2",26,37,3.7e-24,-0.493040011280117,0.0388
"mammary gland epithelial cell proliferation","MMEA9_E2",4,5,3.7e-24,-0.263034405833794,0.675
"ribosomal subunit export from nucleus","MMEA9_E2",6,2,3.7e-24,1.22239242133645,0.1486
"ribosome localization","MMEA9_E2",6,1,3.7e-24,1.8073549220576,0.0084
"protein transport to vacuole involved in ubiquitin-dependent protein catabolic process via the multivesicular body sorting pathway","MMEA9_E2",2,4,3.7e-24,-0.736965594166206,0.2813
"seminiferous tubule development","MMEA9_E2",0,0,3.7e-24,0,1
"cellular response to acid chemical","MMEA9_E2",8,10,3.7e-24,-0.289506617194985,0.5378
"positive regulation of kinase activity","MMEA9_E2",33,40,3.7e-24,-0.270089163367744,0.2418
"positive regulation by host of viral process","MMEA9_E2",1,1,3.7e-24,0,1
"mitochondrion morphogenesis","MMEA9_E2",2,2,3.7e-24,0,1
"regulation of establishment of cell polarity","MMEA9_E2",1,2,3.7e-24,-0.584962500721156,0.544
"cellular lipid catabolic process","MMEA9_E2",15,21,3.7e-24,-0.459431618637297,0.1373
"neuron apoptotic process","MMEA9_E2",26,18,3.7e-24,0.506959988719883,0.1335
"inner cell mass cell proliferation","MMEA9_E2",3,1,3.7e-24,1,0.4177
"polyamine biosynthetic process","MMEA9_E2",3,2,3.7e-24,0.415037499278844,0.7469
"folic acid metabolic process","MMEA9_E2",0,2,3.7e-24,-1.58496250072116,0.172
"organelle inheritance","MMEA9_E2",0,1,3.7e-24,-1,0.4183
"polyol metabolic process","MMEA9_E2",7,7,3.7e-24,0,1
"regulation of type I interferon-mediated signaling pathway","MMEA9_E2",9,7,3.7e-24,0.321928094887362,0.5658
"intracellular lipid transport","MMEA9_E2",4,4,3.7e-24,0,1
"fat cell differentiation","MMEA9_E2",10,16,3.7e-24,-0.628031222613042,0.0904
"iron ion homeostasis","MMEA9_E2",9,7,3.7e-24,0.321928094887362,0.5671
"negative regulation of cell projection organization","MMEA9_E2",7,10,3.7e-24,-0.459431618637297,0.299
"dicarboxylic acid metabolic process","MMEA9_E2",8,7,3.7e-24,0.169925001442312,0.8545
"regulation of anatomical structure size","MMEA9_E2",40,41,3.7e-24,-0.0347654181606766,0.8801
"regulation of small molecule metabolic process","MMEA9_E2",26,27,3.7e-24,-0.0524674198941355,0.8471
"pentose-phosphate shunt","MMEA9_E2",2,1,3.7e-24,0.584962500721156,0.6375
"pericardium development","MMEA9_E2",4,2,3.7e-24,0.736965594166206,0.2766
"lysosomal protein catabolic process","MMEA9_E2",4,3,3.7e-24,0.321928094887362,0.7703
"carbohydrate derivative transport","MMEA9_E2",14,8,3.7e-24,0.736965594166206,0.1272
"alcohol biosynthetic process","MMEA9_E2",9,8,3.7e-24,0.15200309344505,0.8554
"regulation of membrane permeability","MMEA9_E2",6,6,3.7e-24,0,1
"signal peptide processing","MMEA9_E2",1,0,3.7e-24,1,0.4899
"UV-damage excision repair","MMEA9_E2",0,0,3.7e-24,0,1
"biological process involved in interaction with host","MMEA9_E2",14,17,3.7e-24,-0.263034405833794,0.4696
"body morphogenesis","MMEA9_E2",9,3,3.7e-24,1.32192809488736,0.0378
"extracellular vesicle biogenesis","MMEA9_E2",1,3,3.7e-24,-1,0.209
"negative regulation of defense response to virus","MMEA9_E2",2,2,3.7e-24,0,1
"aminoglycan biosynthetic process","MMEA9_E2",7,9,3.7e-24,-0.321928094887362,0.5314
"sterol biosynthetic process","MMEA9_E2",1,3,3.7e-24,-1,0.2212
"polyamine metabolic process","MMEA9_E2",2,4,3.7e-24,-0.736965594166206,0.3199
"magnesium ion transport","MMEA9_E2",0,3,3.7e-24,-2,0.0509
"lamellipodium morphogenesis","MMEA9_E2",1,1,3.7e-24,0,1
"positive regulation of neuron migration","MMEA9_E2",5,2,3.7e-24,1,0.1839
"regulation of glucose metabolic process","MMEA9_E2",10,6,3.7e-24,0.652076696579693,0.2366
"monosaccharide biosynthetic process","MMEA9_E2",8,9,3.7e-24,-0.15200309344505,0.7537
"response to acid chemical","MMEA9_E2",15,10,3.7e-24,0.540568381362703,0.2161
"regulation of carbohydrate metabolic process","MMEA9_E2",15,15,3.7e-24,0,1
"positive regulation of nervous system development","MMEA9_E2",23,20,3.7e-24,0.192645077942396,0.5724
"regulation of circadian rhythm","MMEA9_E2",13,10,3.7e-24,0.347923303420307,0.4382
"trabecula morphogenesis","MMEA9_E2",3,5,3.7e-24,-0.584962500721156,0.3217
"pigment accumulation","MMEA9_E2",4,2,3.7e-24,0.736965594166206,0.2639
"cellular pigment accumulation","MMEA9_E2",2,1,3.7e-24,0.584962500721156,0.6431
"regulation of pinocytosis","MMEA9_E2",1,1,3.7e-24,0,1
"regulation of ligase activity","MMEA9_E2",0,0,3.7e-24,0,1
"smoothened signaling pathway involved in dorsal/ventral neural tube patterning","MMEA9_E2",1,1,3.7e-24,0,1
"glycosyl compound metabolic process","MMEA9_E2",0,2,3.7e-24,-1.58496250072116,0.0787
"substantia nigra development","MMEA9_E2",3,3,3.7e-24,0,1
"negative regulation of GTPase activity","MMEA9_E2",3,2,3.7e-24,0.415037499278844,0.7339
"axon extension","MMEA9_E2",10,11,3.7e-24,-0.125530882083859,0.7692
"positive regulation of epithelial to mesenchymal transition","MMEA9_E2",1,3,3.7e-24,-1,0.2206
"one-carbon metabolic process","MMEA9_E2",0,1,3.7e-24,-1,0.4795
"NADPH regeneration","MMEA9_E2",2,3,3.7e-24,-0.415037499278844,0.6124
"cellular response to dsRNA","MMEA9_E2",5,2,3.7e-24,1,0.1954
"neuron projection organization","MMEA9_E2",4,6,3.7e-24,-0.485426827170242,0.4356
"postsynapse organization","MMEA9_E2",26,17,3.7e-24,0.584962500721156,0.1136
"regulation of ketone biosynthetic process","MMEA9_E2",1,2,3.7e-24,-0.584962500721156,0.5527
"mitochondrion distribution","MMEA9_E2",0,0,3.7e-24,0,1
"regulation of autophagosome maturation","MMEA9_E2",3,3,3.7e-24,0,1
"magnesium ion transmembrane transport","MMEA9_E2",3,4,3.7e-24,-0.321928094887362,0.6446
"regulation of cell division","MMEA9_E2",14,18,3.7e-24,-0.341036917835067,0.308
"intermembrane lipid transfer","MMEA9_E2",8,5,3.7e-24,0.584962500721156,0.4093
"organophosphate ester transport","MMEA9_E2",17,13,3.7e-24,0.362570079384708,0.3343
"movement in host","MMEA9_E2",11,17,3.7e-24,-0.584962500721156,0.1079
"extracellular matrix assembly","MMEA9_E2",5,3,3.7e-24,0.584962500721156,0.3889
"cellular metabolic compound salvage","MMEA9_E2",4,2,3.7e-24,0.736965594166206,0.2809
"regulation of ATP-dependent activity","MMEA9_E2",4,4,3.7e-24,0,1
"cell migration involved in heart development","MMEA9_E2",4,2,3.7e-24,0.736965594166206,0.2836
"cellular response to fluid shear stress","MMEA9_E2",7,2,3.7e-24,1.41503749927884,0.1395
"sphingomyelin biosynthetic process","MMEA9_E2",1,1,3.7e-24,0,1
"ether lipid biosynthetic process","MMEA9_E2",0,0,3.7e-24,0,1
"embryonic body morphogenesis","MMEA9_E2",6,2,3.7e-24,1.22239242133645,0.1925
"amino sugar biosynthetic process","MMEA9_E2",1,1,3.7e-24,0,1
"glycerol ether biosynthetic process","MMEA9_E2",1,1,3.7e-24,0,1
"pigmentation","MMEA9_E2",11,11,3.7e-24,0,1
"cellular response to ketone","MMEA9_E2",5,7,3.7e-24,-0.415037499278844,0.4641
"nonribosomal peptide biosynthetic process","MMEA9_E2",0,1,3.7e-24,-1,0.4336
"glial cell apoptotic process","MMEA9_E2",0,0,3.7e-24,0,1
"lipoprotein catabolic process","MMEA9_E2",1,1,3.7e-24,0,1
"suppression of viral release by host","MMEA9_E2",2,1,3.7e-24,0.584962500721156,0.659
"chaperone-mediated autophagy","MMEA9_E2",6,2,3.7e-24,1.22239242133645,0.1262
"regulation of steroid hormone biosynthetic process","MMEA9_E2",1,1,3.7e-24,0,1
"synaptic vesicle lumen acidification","MMEA9_E2",6,2,3.7e-24,1.22239242133645,0.1231
"semaphorin-plexin signaling pathway involved in neuron projection guidance","MMEA9_E2",2,2,3.7e-24,0,1
"regulation of Golgi organization","MMEA9_E2",2,1,3.7e-24,0.584962500721156,0.6268
"Schwann cell differentiation","MMEA9_E2",1,3,3.7e-24,-1,0.2318
"neurotrophin signaling pathway","MMEA9_E2",7,3,3.7e-24,1,0.2458
"regulation of microtubule depolymerization","MMEA9_E2",1,2,3.7e-24,-0.584962500721156,0.5272
"basement membrane organization","MMEA9_E2",6,4,3.7e-24,0.485426827170242,0.4637
"establishment or maintenance of epithelial cell apical/basal polarity","MMEA9_E2",3,3,3.7e-24,0,1
"face development","MMEA9_E2",2,4,3.7e-24,-0.736965594166206,0.2911
"osteoblast differentiation","MMEA9_E2",11,18,3.7e-24,-0.662965012722429,0.0583
"appendage development","MMEA9_E2",11,13,3.7e-24,-0.222392421336448,0.5834
"limb development","MMEA9_E2",12,14,3.7e-24,-0.206450877467426,0.6098
"regulation of ATP metabolic process","MMEA9_E2",1,4,3.7e-24,-1.32192809488736,0.0581
"developmental growth involved in morphogenesis","MMEA9_E2",16,18,3.7e-24,-0.160464672193246,0.6294
"embryonic organ development","MMEA9_E2",40,42,3.7e-24,-0.0687127500840142,0.7575
"negative regulation of growth","MMEA9_E2",20,14,3.7e-24,0.485426827170242,0.1886
"microtubule depolymerization","MMEA9_E2",2,4,3.7e-24,-0.736965594166206,0.2838
"heme metabolic process","MMEA9_E2",4,3,3.7e-24,0.321928094887362,0.7714
"regulation of neuron apoptotic process","MMEA9_E2",17,18,3.7e-24,-0.0780025120012732,0.8191
"plasma membrane tubulation","MMEA9_E2",0,2,3.7e-24,-1.58496250072116,0.1347
"exosomal secretion","MMEA9_E2",1,1,3.7e-24,0,1
"vasculogenesis","MMEA9_E2",6,9,3.7e-24,-0.514573172829758,0.2768
"toxin transport","MMEA9_E2",0,2,3.7e-24,-1.58496250072116,0.1382
"ncRNA processing","MMEB9_C1",2,4,3.7e-24,-0.736965594166206,0.3164
"ribosome biogenesis","MMEB9_C1",4,3,3.7e-24,0.321928094887362,0.7748
"rRNA metabolic process","MMEB9_C1",2,2,3.7e-24,0,1
"proteasome-mediated ubiquitin-dependent protein catabolic process","MMEB9_C1",2,4,3.7e-24,-0.736965594166206,0.292
"regulation of response to DNA damage stimulus","MMEB9_C1",2,2,3.7e-24,0,1
"establishment of protein localization to organelle","MMEB9_C1",1,4,3.7e-24,-1.32192809488736,0.0714
"macroautophagy","MMEB9_C1",0,2,3.7e-24,-1.58496250072116,0.0947
"regulation of chromosome organization","MMEB9_C1",3,2,3.7e-24,0.415037499278844,0.7371
"Golgi vesicle transport","MMEB9_C1",1,3,3.7e-24,-1,0.2395
"double-strand break repair","MMEB9_C1",3,2,3.7e-24,0.415037499278844,0.7407
"histone modification","MMEB9_C1",2,3,3.7e-24,-0.415037499278844,0.6114
"sister chromatid segregation","MMEB9_C1",1,2,3.7e-24,-0.584962500721156,0.5516
"DNA replication","MMEB9_C1",1,2,3.7e-24,-0.584962500721156,0.5312
"chromosome segregation","MMEB9_C1",2,3,3.7e-24,-0.415037499278844,0.5902
"mitochondrial gene expression","MMEB9_C1",1,1,3.7e-24,0,1
"nucleocytoplasmic transport","MMEB9_C1",0,3,3.7e-24,-2,0.062
"nuclear transport","MMEB9_C1",2,3,3.7e-24,-0.415037499278844,0.6272
"regulation of DNA repair","MMEB9_C1",2,2,3.7e-24,0,1
"peptidyl-lysine modification","MMEB9_C1",0,3,3.7e-24,-2,0.0595
"protein targeting","MMEB9_C1",0,3,3.7e-24,-2,0.0647
"cytoplasmic translation","MMEB9_C1",1,1,3.7e-24,0,1
"regulation of autophagy","MMEB9_C1",1,2,3.7e-24,-0.584962500721156,0.538
"signal transduction in response to DNA damage","MMEB9_C1",3,1,3.7e-24,1,0.411
"regulation of intracellular transport","MMEB9_C1",0,3,3.7e-24,-2,0.0488
"protein localization to nucleus","MMEB9_C1",0,2,3.7e-24,-1.58496250072116,0.1071
"microtubule cytoskeleton organization involved in mitosis","MMEB9_C1",1,1,3.7e-24,0,1
"telomere maintenance","MMEB9_C1",0,1,3.7e-24,-1,0.4088
"cell cycle checkpoint signaling","MMEB9_C1",0,1,3.7e-24,-1,0.4119
"regulation of protein modification by small protein conjugation or removal","MMEB9_C1",1,2,3.7e-24,-0.584962500721156,0.5486
"cellular respiration","MMEB9_C1",0,2,3.7e-24,-1.58496250072116,0.1194
"cellular component disassembly","MMEB9_C1",2,4,3.7e-24,-0.736965594166206,0.2976
"nuclear chromosome segregation","MMEB9_C1",2,3,3.7e-24,-0.415037499278844,0.6262
"regulation of protein stability","MMEB9_C1",3,2,3.7e-24,0.415037499278844,0.7281
"regulation of cell cycle phase transition","MMEB9_C1",2,4,3.7e-24,-0.736965594166206,0.3125
"regulation of protein catabolic process","MMEB9_C1",2,3,3.7e-24,-0.415037499278844,0.6219
"response to endoplasmic reticulum stress","MMEB9_C1",2,2,3.7e-24,0,1
"vesicle organization","MMEB9_C1",2,3,3.7e-24,-0.415037499278844,0.6251
"mitochondrial respiratory chain complex assembly","MMEB9_C1",0,1,3.7e-24,-1,0.4416
"DNA-templated transcription elongation","MMEB9_C1",0,1,3.7e-24,-1,0.4217
"mitochondrial transport","MMEB9_C1",0,1,3.7e-24,-1,0.4181
"establishment of organelle localization","MMEB9_C1",1,3,3.7e-24,-1,0.2284
"regulation of intracellular protein transport","MMEB9_C1",0,1,3.7e-24,-1,0.4059
"response to UV","MMEB9_C1",1,1,3.7e-24,0,1
"RNA localization","MMEB9_C1",1,2,3.7e-24,-0.584962500721156,0.5587
"response to topologically incorrect protein","MMEB9_C1",0,1,3.7e-24,-1,0.421
"organelle fission","MMEB9_C1",3,3,3.7e-24,0,1
"non-membrane-bounded organelle assembly","MMEB9_C1",1,3,3.7e-24,-1,0.2163
"protein polyubiquitination","MMEB9_C1",0,2,3.7e-24,-1.58496250072116,0.1401
"methylation","MMEB9_C1",0,2,3.7e-24,-1.58496250072116,0.0982
"phospholipid biosynthetic process","MMEB9_C1",0,2,3.7e-24,-1.58496250072116,0.0965
"oxidative phosphorylation","MMEB9_C1",0,1,3.7e-24,-1,0.445
"establishment of protein localization to membrane","MMEB9_C1",0,2,3.7e-24,-1.58496250072116,0.1487
"in utero embryonic development","MMEB9_C1",2,3,3.7e-24,-0.415037499278844,0.5976
"vacuole organization","MMEB9_C1",0,2,3.7e-24,-1.58496250072116,0.1649
"nuclear-transcribed mRNA catabolic process","MMEB9_C1",2,1,3.7e-24,0.584962500721156,0.6349
"protein folding","MMEB9_C1",1,1,3.7e-24,0,1
"DNA conformation change","MMEB9_C1",1,0,3.7e-24,1,0.4943
"regulation of chromosome segregation","MMEB9_C1",2,1,3.7e-24,0.584962500721156,0.6373
"regulation of apoptotic signaling pathway","MMEB9_C1",1,3,3.7e-24,-1,0.2307
"cell cycle G2/M phase transition","MMEB9_C1",0,1,3.7e-24,-1,0.4175
"vacuolar transport","MMEB9_C1",0,1,3.7e-24,-1,0.4454
"response to ionizing radiation","MMEB9_C1",0,1,3.7e-24,-1,0.4183
"cellular response to UV","MMEB9_C1",0,1,3.7e-24,-1,0.4732
"regulation of binding","MMEB9_C1",0,3,3.7e-24,-2,0.051
"nucleic acid transport","MMEB9_C1",3,1,3.7e-24,1,0.4331
"RNA transport","MMEB9_C1",0,1,3.7e-24,-1,0.4274
"ribonucleoprotein complex subunit organization","MMEB9_C1",1,2,3.7e-24,-0.584962500721156,0.5731
"regulation of DNA replication","MMEB9_C1",1,1,3.7e-24,0,1
"ribose phosphate metabolic process","MMEB9_C1",3,3,3.7e-24,0,1
"proton motive force-driven ATP synthesis","MMEB9_C1",0,1,3.7e-24,-1,0.4702
"ribonucleotide metabolic process","MMEB9_C1",3,3,3.7e-24,0,1
"telomere organization","MMEB9_C1",1,1,3.7e-24,0,1
"cellular response to topologically incorrect protein","MMEB9_C1",1,0,3.7e-24,1,0.46
"Golgi organization","MMEB9_C1",3,1,3.7e-24,1,0.4227
"ribonucleoprotein complex assembly","MMEB9_C1",3,2,3.7e-24,0.415037499278844,0.7309
"cellular nitrogen compound catabolic process","MMEB9_C1",2,4,3.7e-24,-0.736965594166206,0.27
"negative regulation of phosphorus metabolic process","MMEB9_C1",4,4,3.7e-24,0,1
"heterocycle catabolic process","MMEB9_C1",1,3,3.7e-24,-1,0.27
"mitochondrial membrane organization","MMEB9_C1",1,1,3.7e-24,0,1
"regulation of protein-containing complex assembly","MMEB9_C1",1,2,3.7e-24,-0.584962500721156,0.5319
"positive regulation of cellular component biogenesis","MMEB9_C1",4,4,3.7e-24,0,1
"response to oxidative stress","MMEB9_C1",1,3,3.7e-24,-1,0.2283
"regulation of supramolecular fiber organization","MMEB9_C1",3,3,3.7e-24,0,1
"positive regulation of protein localization","MMEB9_C1",5,3,3.7e-24,0.584962500721156,0.386
"positive regulation of cell projection organization","MMEB9_C1",0,2,3.7e-24,-1.58496250072116,0.0838
"negative regulation of transferase activity","MMEB9_C1",2,1,3.7e-24,0.584962500721156,0.6759
"autophagy of mitochondrion","MMEB9_C1",0,0,3.7e-24,0,1
"positive regulation of amide metabolic process","MMEB9_C1",0,1,3.7e-24,-1,0.4099
"chromatin remodeling","MMEB9_C1",0,3,3.7e-24,-2,0.0438
"viral process","MMEB9_C1",3,3,3.7e-24,0,1
"macromolecule deacylation","MMEB9_C1",1,1,3.7e-24,0,1
"mitotic cytokinesis","MMEB9_C1",0,0,3.7e-24,0,1
"aromatic compound catabolic process","MMEB9_C1",1,4,3.7e-24,-1.32192809488736,0.0794
"vesicle localization","MMEB9_C1",0,1,3.7e-24,-1,0.4096
"establishment or maintenance of cell polarity","MMEB9_C1",0,1,3.7e-24,-1,0.4042
"Wnt signaling pathway","MMEB9_C1",1,3,3.7e-24,-1,0.1993
"cell-cell signaling by wnt","MMEB9_C1",3,3,3.7e-24,0,1
"ATP metabolic process","MMEB9_C1",3,2,3.7e-24,0.415037499278844,0.7327
"cellular response to chemical stress","MMEB9_C1",1,2,3.7e-24,-0.584962500721156,0.5269
"regulation of vacuole organization","MMEB9_C1",0,0,3.7e-24,0,1
"cellular response to external stimulus","MMEB9_C1",3,2,3.7e-24,0.415037499278844,0.7283
"negative regulation of protein phosphorylation","MMEB9_C1",2,3,3.7e-24,-0.415037499278844,0.6054
"negative regulation of catabolic process","MMEB9_C1",2,2,3.7e-24,0,1
"regulation of microtubule cytoskeleton organization","MMEB9_C1",1,1,3.7e-24,0,1
"chromosome localization","MMEB9_C1",0,1,3.7e-24,-1,0.5031
"negative regulation of mitotic nuclear division","MMEB9_C1",0,0,3.7e-24,0,1
"regulation of actin filament organization","MMEB9_C1",0,1,3.7e-24,-1,0.4203
"dephosphorylation","MMEB9_C1",3,2,3.7e-24,0.415037499278844,0.7365
"glycosylation","MMEB9_C1",0,2,3.7e-24,-1.58496250072116,0.1636
"positive regulation of establishment of protein localization","MMEB9_C1",3,2,3.7e-24,0.415037499278844,0.7295
"regulation of microtubule-based process","MMEB9_C1",2,2,3.7e-24,0,1
"cell-substrate junction organization","MMEB9_C1",0,1,3.7e-24,-1,0.4942
"protein-containing complex localization","MMEB9_C1",0,1,3.7e-24,-1,0.4075
"mitochondrial transmembrane transport","MMEB9_C1",0,0,3.7e-24,0,1
"stem cell population maintenance","MMEB9_C1",0,1,3.7e-24,-1,0.4095
"ribosome assembly","MMEB9_C1",0,0,3.7e-24,0,1
"intraciliary transport","MMEB9_C1",0,0,3.7e-24,0,1
"Golgi to plasma membrane protein transport","MMEB9_C1",0,0,3.7e-24,0,1
"response to amino acid starvation","MMEB9_C1",0,0,3.7e-24,0,1
"cellular response to extracellular stimulus","MMEB9_C1",5,2,3.7e-24,1,0.1832
"cell growth","MMEB9_C1",2,3,3.7e-24,-0.415037499278844,0.6061
"protein glycosylation","MMEB9_C1",1,1,3.7e-24,0,1
"macromolecule glycosylation","MMEB9_C1",1,2,3.7e-24,-0.584962500721156,0.5426
"maintenance of cell number","MMEB9_C1",1,2,3.7e-24,-0.584962500721156,0.5873
"response to reactive oxygen species","MMEB9_C1",0,1,3.7e-24,-1,0.4107
"regulation of cell morphogenesis","MMEB9_C1",0,1,3.7e-24,-1,0.4164
"regulation of cellular component size","MMEB9_C1",2,2,3.7e-24,0,1
"cell-substrate junction assembly","MMEB9_C1",0,1,3.7e-24,-1,0.5276
"membrane fission","MMEB9_C1",0,0,3.7e-24,0,1
"membrane docking","MMEB9_C1",0,0,3.7e-24,0,1
"fibroblast migration","MMEB9_C1",0,0,3.7e-24,0,1
"nucleus organization","MMEB9_C1",0,1,3.7e-24,-1,0.4428
"regulation of cell growth","MMEB9_C1",1,3,3.7e-24,-1,0.2254
"fibroblast proliferation","MMEB9_C1",0,1,3.7e-24,-1,0.478
"cell cycle G1/S phase transition","MMEB9_C1",2,1,3.7e-24,0.584962500721156,0.6782
"actin filament organization","MMEB9_C1",1,3,3.7e-24,-1,0.2086
"response to oxygen levels","MMEB9_C1",0,3,3.7e-24,-2,0.0427
"epigenetic regulation of gene expression","MMEB9_C1",0,1,3.7e-24,-1,0.4731
"organelle fusion","MMEB9_C1",0,0,3.7e-24,0,1
"lipoprotein metabolic process","MMEB9_C1",0,1,3.7e-24,-1,0.5133
"protein lipidation","MMEB9_C1",2,1,3.7e-24,0.584962500721156,0.6379
"regulation of plasma membrane bounded cell projection assembly","MMEB9_C1",3,1,3.7e-24,1,0.4269
"regulation of actin filament-based process","MMEB9_C1",1,2,3.7e-24,-0.584962500721156,0.5256
"regulation of GTPase activity","MMEB9_C1",2,2,3.7e-24,0,1
"nuclear envelope organization","MMEB9_C1",0,0,3.7e-24,0,1
"protein autophosphorylation","MMEB9_C1",1,1,3.7e-24,0,1
"connective tissue development","MMEB9_C1",0,2,3.7e-24,-1.58496250072116,0.1202
"cellular response to heat","MMEB9_C1",0,0,3.7e-24,0,1
"myeloid cell homeostasis","MMEB9_C1",3,1,3.7e-24,1,0.4219
"regulation of neuron projection development","MMEB9_C1",1,3,3.7e-24,-1,0.2618
"receptor metabolic process","MMEB9_C1",1,0,3.7e-24,1,0.3632
"maintenance of protein location in cell","MMEB9_C1",0,0,3.7e-24,0,1
"apoptotic mitochondrial changes","MMEB9_C1",0,1,3.7e-24,-1,0.4769
"response to transforming growth factor beta","MMEB9_C1",0,1,3.7e-24,-1,0.4238
"neural tube development","MMEB9_C1",0,1,3.7e-24,-1,0.4246
"maintenance of protein location","MMEB9_C1",1,1,3.7e-24,0,1
"regulation of ubiquitin-protein transferase activity","MMEB9_C1",0,0,3.7e-24,0,1
"cilium assembly","MMEB9_C1",0,2,3.7e-24,-1.58496250072116,0.0848
"mRNA export from nucleus","MMEB9_C1",1,0,3.7e-24,1,0.492
"regulation of cell-substrate junction organization","MMEB9_C1",0,0,3.7e-24,0,1
"membrane biogenesis","MMEB9_C1",0,0,3.7e-24,0,1
"cilium organization","MMEB9_C1",4,2,3.7e-24,0.736965594166206,0.3247
"platelet-derived growth factor receptor signaling pathway","MMEB9_C1",0,0,3.7e-24,0,1
"iron-sulfur cluster assembly","MMEB9_C1",0,0,3.7e-24,0,1
"metallo-sulfur cluster assembly","MMEB9_C1",0,0,3.7e-24,0,1
"centromere complex assembly","MMEB9_C1",0,0,3.7e-24,0,1
"cellular response to oxygen levels","MMEB9_C1",0,1,3.7e-24,-1,0.4598
"fatty acid beta-oxidation","MMEB9_C1",0,0,3.7e-24,0,1
"organelle localization by membrane tethering","MMEB9_C1",1,1,3.7e-24,0,1
"autophagosome maturation","MMEB9_C1",0,0,3.7e-24,0,1
"cellular response to transforming growth factor beta stimulus","MMEB9_C1",0,1,3.7e-24,-1,0.4103
"nucleotide catabolic process","MMEB9_C1",0,0,3.7e-24,0,1
"tube closure","MMEB9_C1",0,1,3.7e-24,-1,0.4912
"regulation of stem cell differentiation","MMEB9_C1",0,0,3.7e-24,0,1
"substrate adhesion-dependent cell spreading","MMEB9_C1",0,0,3.7e-24,0,1
"chondrocyte differentiation","MMEB9_C1",0,0,3.7e-24,0,1
"regulation of fibroblast proliferation","MMEB9_C1",0,1,3.7e-24,-1,0.498
"morphogenesis of an epithelial sheet","MMEB9_C1",0,1,3.7e-24,-1,0.523
"microtubule polymerization","MMEB9_C1",0,0,3.7e-24,0,1
"response to virus","MMEB9_C1",2,2,3.7e-24,0,1
"membrane assembly","MMEB9_C1",0,0,3.7e-24,0,1
"COPII vesicle coating","MMEB9_C1",0,0,3.7e-24,0,1
"erythrocyte differentiation","MMEB9_C1",1,1,3.7e-24,0,1
"organophosphate catabolic process","MMEB9_C1",3,1,3.7e-24,1,0.4176
"regulation of embryonic development","MMEB9_C1",1,1,3.7e-24,0,1
"regulation of focal adhesion assembly","MMEB9_C1",1,0,3.7e-24,1,0.3677
"regulation of cell-substrate junction assembly","MMEB9_C1",2,0,3.7e-24,1.58496250072116,0.0497
"regulation of extracellular matrix organization","MMEB9_C1",0,0,3.7e-24,0,1
"GPI anchor biosynthetic process","MMEB9_C1",0,0,3.7e-24,0,1
"lamellipodium organization","MMEB9_C1",0,1,3.7e-24,-1,0.5247
"positive regulation of stem cell population maintenance","MMEB9_C1",0,0,3.7e-24,0,1
"monosaccharide metabolic process","MMEB9_C1",0,2,3.7e-24,-1.58496250072116,0.1677
"U2-type prespliceosome assembly","MMEB9_C1",0,0,3.7e-24,0,1
"heterochromatin formation","MMEB9_C1",0,0,3.7e-24,0,1
"peroxisome organization","MMEB9_C1",0,0,3.7e-24,0,1
"regulation of mitochondrial fission","MMEB9_C1",0,0,3.7e-24,0,1
"cellular pigmentation","MMEB9_C1",0,0,3.7e-24,0,1
"regulation of fibroblast migration","MMEB9_C1",1,0,3.7e-24,1,0.3254
"cellular carbohydrate metabolic process","MMEB9_C1",2,2,3.7e-24,0,1
"positive regulation of axonogenesis","MMEB9_C1",2,0,3.7e-24,1.58496250072116,0.1262
"kinetochore organization","MMEB9_C1",0,0,3.7e-24,0,1
"stem cell differentiation","MMEB9_C1",2,2,3.7e-24,0,1
"proton transmembrane transport","MMEB9_C1",0,1,3.7e-24,-1,0.5039
"cellular response to insulin stimulus","MMEB9_C1",1,1,3.7e-24,0,1
"establishment of mitotic spindle localization","MMEB9_C1",1,0,3.7e-24,1,0.1307
"cell redox homeostasis","MMEB9_C1",0,0,3.7e-24,0,1
"stress granule assembly","MMEB9_C1",0,0,3.7e-24,0,1
"protein neddylation","MMEB9_C1",0,0,3.7e-24,0,1
"regulation of mitochondrial membrane potential","MMEB9_C1",0,0,3.7e-24,0,1
"neuron death","MMEB9_C1",0,2,3.7e-24,-1.58496250072116,0.0819
"defense response to virus","MMEB9_C1",0,2,3.7e-24,-1.58496250072116,0.1486
"sulfur compound metabolic process","MMEB9_C1",2,2,3.7e-24,0,1
"NADP metabolic process","MMEB9_C1",0,0,3.7e-24,0,1
"vacuolar acidification","MMEB9_C1",0,0,3.7e-24,0,1
"oligosaccharide-lipid intermediate biosynthetic process","MMEB9_C1",0,0,3.7e-24,0,1
"lysosomal lumen acidification","MMEB9_C1",1,0,3.7e-24,1,0.1431
"glycosyl compound biosynthetic process","MMEB9_C1",0,0,3.7e-24,0,1
"heart valve development","MMEB9_C1",0,0,3.7e-24,0,1
"water-soluble vitamin metabolic process","MMEB9_C1",0,0,3.7e-24,0,1
"interferon-beta production","MMEB9_C1",0,0,3.7e-24,0,1
"regulation of interferon-beta production","MMEB9_C1",0,0,3.7e-24,0,1
"branched-chain amino acid metabolic process","MMEB9_C1",0,0,3.7e-24,0,1
"regulation of mitochondrial membrane permeability","MMEB9_C1",0,0,3.7e-24,0,1
"respiratory tube development","MMEB9_C1",1,1,3.7e-24,0,1
"cellular senescence","MMEB9_C1",0,1,3.7e-24,-1,0.5061
"positive regulation of neurogenesis","MMEB9_C1",0,1,3.7e-24,-1,0.4191
"mitochondrial outer membrane permeabilization","MMEB9_C1",0,0,3.7e-24,0,1
"immune system development","MMEB9_C1",0,1,3.7e-24,-1,0.4075
"clathrin-dependent endocytosis","MMEB9_C1",0,0,3.7e-24,0,1
"positive regulation of viral process","MMEB9_C1",0,0,3.7e-24,0,1
"bone development","MMEB9_C1",1,2,3.7e-24,-0.584962500721156,0.576
"cell-substrate adhesion","MMEB9_C1",1,2,3.7e-24,-0.584962500721156,0.5452
"positive regulation of microtubule polymerization","MMEB9_C1",1,0,3.7e-24,1,0.2301
"pteridine-containing compound metabolic process","MMEB9_C1",0,0,3.7e-24,0,1
"response to arsenic-containing substance","MMEB9_C1",0,0,3.7e-24,0,1
"response to insulin","MMEB9_C1",1,2,3.7e-24,-0.584962500721156,0.5406
"ubiquinone metabolic process","MMEB9_C1",0,0,3.7e-24,0,1
"cellular response to arsenic-containing substance","MMEB9_C1",0,0,3.7e-24,0,1
"inositol phosphate catabolic process","MMEB9_C1",0,0,3.7e-24,0,1
"telomerase RNA localization to Cajal body","MMEB9_C1",0,0,3.7e-24,0,1
"respiratory system development","MMEB9_C1",2,2,3.7e-24,0,1
"regulation of generation of precursor metabolites and energy","MMEB9_C1",0,1,3.7e-24,-1,0.4791
"mitochondrial calcium ion homeostasis","MMEB9_C1",0,0,3.7e-24,0,1
"G0 to G1 transition","MMEB9_C1",0,0,3.7e-24,0,1
"mitochondrial genome maintenance","MMEB9_C1",1,0,3.7e-24,1,0.143
"release of cytochrome c from mitochondria","MMEB9_C1",1,0,3.7e-24,1,0.3312
"cortical cytoskeleton organization","MMEB9_C1",0,0,3.7e-24,0,1
"response to sterol depletion","MMEB9_C1",0,0,3.7e-24,0,1
"regulation of ncRNA transcription","MMEB9_C1",0,0,3.7e-24,0,1
"mesenchymal cell differentiation","MMEB9_C1",0,1,3.7e-24,-1,0.4238
"protein-DNA complex subunit organization","MMEB9_C1",1,2,3.7e-24,-0.584962500721156,0.5783
"response to fluid shear stress","MMEB9_C1",0,0,3.7e-24,0,1
"collagen fibril organization","MMEB9_C1",0,0,3.7e-24,0,1
"roof of mouth development","MMEB9_C1",0,0,3.7e-24,0,1
"regulation of protein dephosphorylation","MMEB9_C1",1,0,3.7e-24,1,0.4347
"multicellular organism growth","MMEB9_C1",0,1,3.7e-24,-1,0.4386
"miRNA processing","MMEB9_C1",0,0,3.7e-24,0,1
"small molecule catabolic process","MMEB9_C1",2,2,3.7e-24,0,1
"regulation of G0 to G1 transition","MMEB9_C1",0,0,3.7e-24,0,1
"circadian regulation of gene expression","MMEB9_C1",0,0,3.7e-24,0,1
"regulation of translational fidelity","MMEB9_C1",0,0,3.7e-24,0,1
"ubiquinone biosynthetic process","MMEB9_C1",0,0,3.7e-24,0,1
"mitochondrial calcium ion transmembrane transport","MMEB9_C1",0,0,3.7e-24,0,1
"quinone biosynthetic process","MMEB9_C1",0,0,3.7e-24,0,1
"viral release from host cell","MMEB9_C1",0,0,3.7e-24,0,1
"exit from host cell","MMEB9_C1",0,0,3.7e-24,0,1
"positive regulation of GTPase activity","MMEB9_C1",2,2,3.7e-24,0,1
"regulation of cytokinesis","MMEB9_C1",0,1,3.7e-24,-1,0.4852
"mitochondrion localization","MMEB9_C1",0,0,3.7e-24,0,1
"renal system development","MMEB9_C1",2,2,3.7e-24,0,1
"regulation of cysteine-type endopeptidase activity involved in apoptotic process","MMEB9_C1",0,1,3.7e-24,-1,0.4239
"regulation of cell-substrate adhesion","MMEB9_C1",0,1,3.7e-24,-1,0.4113
"centrosome localization","MMEB9_C1",0,0,3.7e-24,0,1
"microtubule organizing center localization","MMEB9_C1",2,0,3.7e-24,1.58496250072116,0.0372
"pinocytosis","MMEB9_C1",0,0,3.7e-24,0,1
"lamellipodium assembly","MMEB9_C1",0,1,3.7e-24,-1,0.5344
"cellular response to sterol depletion","MMEB9_C1",0,0,3.7e-24,0,1
"placenta development","MMEB9_C1",0,1,3.7e-24,-1,0.4386
"rhythmic process","MMEB9_C1",3,2,3.7e-24,0.415037499278844,0.7372
"spindle localization","MMEB9_C1",0,0,3.7e-24,0,1
"carbohydrate derivative catabolic process","MMEB9_C1",0,1,3.7e-24,-1,0.4268
"response to amino acid","MMEB9_C1",0,1,3.7e-24,-1,0.4711
"regulation of intracellular steroid hormone receptor signaling pathway","MMEB9_C1",0,0,3.7e-24,0,1
"regulation of neuron death","MMEB9_C1",1,2,3.7e-24,-0.584962500721156,0.5635
"ossification","MMEB9_C1",4,3,3.7e-24,0.321928094887362,0.772
"mammary gland epithelial cell proliferation","MMEB9_C1",0,0,3.7e-24,0,1
"ribosomal subunit export from nucleus","MMEB9_C1",0,0,3.7e-24,0,1
"ribosome localization","MMEB9_C1",0,0,3.7e-24,0,1
"protein transport to vacuole involved in ubiquitin-dependent protein catabolic process via the multivesicular body sorting pathway","MMEB9_C1",1,0,3.7e-24,1,0.2297
"seminiferous tubule development","MMEB9_C1",0,0,3.7e-24,0,1
"cellular response to acid chemical","MMEB9_C1",0,1,3.7e-24,-1,0.4558
"positive regulation of kinase activity","MMEB9_C1",2,3,3.7e-24,-0.415037499278844,0.6278
"positive regulation by host of viral process","MMEB9_C1",0,0,3.7e-24,0,1
"mitochondrion morphogenesis","MMEB9_C1",0,0,3.7e-24,0,1
"regulation of establishment of cell polarity","MMEB9_C1",0,0,3.7e-24,0,1
"cellular lipid catabolic process","MMEB9_C1",2,1,3.7e-24,0.584962500721156,0.6524
"neuron apoptotic process","MMEB9_C1",1,2,3.7e-24,-0.584962500721156,0.5642
"inner cell mass cell proliferation","MMEB9_C1",0,0,3.7e-24,0,1
"polyamine biosynthetic process","MMEB9_C1",0,0,3.7e-24,0,1
"folic acid metabolic process","MMEB9_C1",0,0,3.7e-24,0,1
"organelle inheritance","MMEB9_C1",0,0,3.7e-24,0,1
"polyol metabolic process","MMEB9_C1",0,0,3.7e-24,0,1
"regulation of type I interferon-mediated signaling pathway","MMEB9_C1",0,0,3.7e-24,0,1
"intracellular lipid transport","MMEB9_C1",0,0,3.7e-24,0,1
"fat cell differentiation","MMEB9_C1",1,1,3.7e-24,0,1
"iron ion homeostasis","MMEB9_C1",0,1,3.7e-24,-1,0.5151
"negative regulation of cell projection organization","MMEB9_C1",2,1,3.7e-24,0.584962500721156,0.6316
"dicarboxylic acid metabolic process","MMEB9_C1",1,0,3.7e-24,1,0.4069
"regulation of anatomical structure size","MMEB9_C1",0,3,3.7e-24,-2,0.0482
"regulation of small molecule metabolic process","MMEB9_C1",2,2,3.7e-24,0,1
"pentose-phosphate shunt","MMEB9_C1",0,0,3.7e-24,0,1
"pericardium development","MMEB9_C1",0,0,3.7e-24,0,1
"lysosomal protein catabolic process","MMEB9_C1",0,0,3.7e-24,0,1
"carbohydrate derivative transport","MMEB9_C1",0,0,3.7e-24,0,1
"alcohol biosynthetic process","MMEB9_C1",1,1,3.7e-24,0,1
"regulation of membrane permeability","MMEB9_C1",0,0,3.7e-24,0,1
"signal peptide processing","MMEB9_C1",0,0,3.7e-24,0,1
"UV-damage excision repair","MMEB9_C1",0,0,3.7e-24,0,1
"biological process involved in interaction with host","MMEB9_C1",0,1,3.7e-24,-1,0.4163
"body morphogenesis","MMEB9_C1",0,0,3.7e-24,0,1
"extracellular vesicle biogenesis","MMEB9_C1",1,0,3.7e-24,1,0.2246
"negative regulation of defense response to virus","MMEB9_C1",0,0,3.7e-24,0,1
"aminoglycan biosynthetic process","MMEB9_C1",0,0,3.7e-24,0,1
"sterol biosynthetic process","MMEB9_C1",0,0,3.7e-24,0,1
"polyamine metabolic process","MMEB9_C1",0,0,3.7e-24,0,1
"magnesium ion transport","MMEB9_C1",0,0,3.7e-24,0,1
"lamellipodium morphogenesis","MMEB9_C1",0,0,3.7e-24,0,1
"positive regulation of neuron migration","MMEB9_C1",0,0,3.7e-24,0,1
"regulation of glucose metabolic process","MMEB9_C1",0,0,3.7e-24,0,1
"monosaccharide biosynthetic process","MMEB9_C1",0,1,3.7e-24,-1,0.4956
"response to acid chemical","MMEB9_C1",1,0,3.7e-24,1,0.4803
"regulation of carbohydrate metabolic process","MMEB9_C1",1,1,3.7e-24,0,1
"positive regulation of nervous system development","MMEB9_C1",1,2,3.7e-24,-0.584962500721156,0.5581
"regulation of circadian rhythm","MMEB9_C1",0,1,3.7e-24,-1,0.5134
"trabecula morphogenesis","MMEB9_C1",0,0,3.7e-24,0,1
"pigment accumulation","MMEB9_C1",1,0,3.7e-24,1,0.098
"cellular pigment accumulation","MMEB9_C1",1,0,3.7e-24,1,0.1209
"regulation of pinocytosis","MMEB9_C1",0,0,3.7e-24,0,1
"regulation of ligase activity","MMEB9_C1",0,0,3.7e-24,0,1
"smoothened signaling pathway involved in dorsal/ventral neural tube patterning","MMEB9_C1",0,0,3.7e-24,0,1
"glycosyl compound metabolic process","MMEB9_C1",0,0,3.7e-24,0,1
"substantia nigra development","MMEB9_C1",0,0,3.7e-24,0,1
"negative regulation of GTPase activity","MMEB9_C1",0,0,3.7e-24,0,1
"axon extension","MMEB9_C1",0,0,3.7e-24,0,1
"positive regulation of epithelial to mesenchymal transition","MMEB9_C1",0,0,3.7e-24,0,1
"one-carbon metabolic process","MMEB9_C1",1,0,3.7e-24,1,0.1842
"NADPH regeneration","MMEB9_C1",0,0,3.7e-24,0,1
"cellular response to dsRNA","MMEB9_C1",0,0,3.7e-24,0,1
"neuron projection organization","MMEB9_C1",0,0,3.7e-24,0,1
"postsynapse organization","MMEB9_C1",0,1,3.7e-24,-1,0.4409
"regulation of ketone biosynthetic process","MMEB9_C1",0,0,3.7e-24,0,1
"mitochondrion distribution","MMEB9_C1",0,0,3.7e-24,0,1
"regulation of autophagosome maturation","MMEB9_C1",0,0,3.7e-24,0,1
"magnesium ion transmembrane transport","MMEB9_C1",1,0,3.7e-24,1,0.1991
"regulation of cell division","MMEB9_C1",1,1,3.7e-24,0,1
"intermembrane lipid transfer","MMEB9_C1",3,0,3.7e-24,2,0.0055
"organophosphate ester transport","MMEB9_C1",1,1,3.7e-24,0,1
"movement in host","MMEB9_C1",1,1,3.7e-24,0,1
"extracellular matrix assembly","MMEB9_C1",0,0,3.7e-24,0,1
"cellular metabolic compound salvage","MMEB9_C1",0,0,3.7e-24,0,1
"regulation of ATP-dependent activity","MMEB9_C1",0,0,3.7e-24,0,1
"cell migration involved in heart development","MMEB9_C1",0,0,3.7e-24,0,1
"cellular response to fluid shear stress","MMEB9_C1",0,0,3.7e-24,0,1
"sphingomyelin biosynthetic process","MMEB9_C1",0,0,3.7e-24,0,1
"ether lipid biosynthetic process","MMEB9_C1",0,0,3.7e-24,0,1
"embryonic body morphogenesis","MMEB9_C1",0,0,3.7e-24,0,1
"amino sugar biosynthetic process","MMEB9_C1",0,0,3.7e-24,0,1
"glycerol ether biosynthetic process","MMEB9_C1",0,0,3.7e-24,0,1
"pigmentation","MMEB9_C1",0,1,3.7e-24,-1,0.5036
"cellular response to ketone","MMEB9_C1",0,0,3.7e-24,0,1
"nonribosomal peptide biosynthetic process","MMEB9_C1",0,0,3.7e-24,0,1
"glial cell apoptotic process","MMEB9_C1",0,0,3.7e-24,0,1
"lipoprotein catabolic process","MMEB9_C1",0,0,3.7e-24,0,1
"suppression of viral release by host","MMEB9_C1",1,0,3.7e-24,1,0.0865
"chaperone-mediated autophagy","MMEB9_C1",0,0,3.7e-24,0,1
"regulation of steroid hormone biosynthetic process","MMEB9_C1",0,0,3.7e-24,0,1
"synaptic vesicle lumen acidification","MMEB9_C1",0,0,3.7e-24,0,1
"semaphorin-plexin signaling pathway involved in neuron projection guidance","MMEB9_C1",0,0,3.7e-24,0,1
"regulation of Golgi organization","MMEB9_C1",0,0,3.7e-24,0,1
"Schwann cell differentiation","MMEB9_C1",0,0,3.7e-24,0,1
"neurotrophin signaling pathway","MMEB9_C1",0,0,3.7e-24,0,1
"regulation of microtubule depolymerization","MMEB9_C1",0,0,3.7e-24,0,1
"basement membrane organization","MMEB9_C1",0,0,3.7e-24,0,1
"establishment or maintenance of epithelial cell apical/basal polarity","MMEB9_C1",0,0,3.7e-24,0,1
"face development","MMEB9_C1",0,0,3.7e-24,0,1
"osteoblast differentiation","MMEB9_C1",1,1,3.7e-24,0,1
"appendage development","MMEB9_C1",0,1,3.7e-24,-1,0.4484
"limb development","MMEB9_C1",0,1,3.7e-24,-1,0.4332
"regulation of ATP metabolic process","MMEB9_C1",1,0,3.7e-24,1,0.3468
"developmental growth involved in morphogenesis","MMEB9_C1",1,1,3.7e-24,0,1
"embryonic organ development","MMEB9_C1",2,3,3.7e-24,-0.415037499278844,0.6022
"negative regulation of growth","MMEB9_C1",1,1,3.7e-24,0,1
"microtubule depolymerization","MMEB9_C1",0,0,3.7e-24,0,1
"heme metabolic process","MMEB9_C1",0,0,3.7e-24,0,1
"regulation of neuron apoptotic process","MMEB9_C1",2,2,3.7e-24,0,1
"plasma membrane tubulation","MMEB9_C1",0,0,3.7e-24,0,1
"exosomal secretion","MMEB9_C1",0,0,3.7e-24,0,1
"vasculogenesis","MMEB9_C1",0,0,3.7e-24,0,1
"toxin transport","MMEB9_C1",0,0,3.7e-24,0,1
"ncRNA processing","MMEB9_C2",2,4,3.7e-24,-0.736965594166206,0.2829
"ribosome biogenesis","MMEB9_C2",0,3,3.7e-24,-2,0.0508
"rRNA metabolic process","MMEB9_C2",4,3,3.7e-24,0.321928094887362,0.7828
"proteasome-mediated ubiquitin-dependent protein catabolic process","MMEB9_C2",1,5,3.7e-24,-1.58496250072116,0.0476
"regulation of response to DNA damage stimulus","MMEB9_C2",1,3,3.7e-24,-1,0.2093
"establishment of protein localization to organelle","MMEB9_C2",1,5,3.7e-24,-1.58496250072116,0.0488
"macroautophagy","MMEB9_C2",2,3,3.7e-24,-0.415037499278844,0.5892
"regulation of chromosome organization","MMEB9_C2",2,3,3.7e-24,-0.415037499278844,0.6175
"Golgi vesicle transport","MMEB9_C2",1,3,3.7e-24,-1,0.209
"double-strand break repair","MMEB9_C2",1,3,3.7e-24,-1,0.2289
"histone modification","MMEB9_C2",1,3,3.7e-24,-1,0.206
"sister chromatid segregation","MMEB9_C2",4,2,3.7e-24,0.736965594166206,0.3092
"DNA replication","MMEB9_C2",2,2,3.7e-24,0,1
"chromosome segregation","MMEB9_C2",1,4,3.7e-24,-1.32192809488736,0.0853
"mitochondrial gene expression","MMEB9_C2",1,1,3.7e-24,0,1
"nucleocytoplasmic transport","MMEB9_C2",2,3,3.7e-24,-0.415037499278844,0.6049
"nuclear transport","MMEB9_C2",1,3,3.7e-24,-1,0.1954
"regulation of DNA repair","MMEB9_C2",2,3,3.7e-24,-0.415037499278844,0.6343
"peptidyl-lysine modification","MMEB9_C2",1,4,3.7e-24,-1.32192809488736,0.0903
"protein targeting","MMEB9_C2",1,3,3.7e-24,-1,0.2182
"cytoplasmic translation","MMEB9_C2",1,2,3.7e-24,-0.584962500721156,0.5665
"regulation of autophagy","MMEB9_C2",4,3,3.7e-24,0.321928094887362,0.7694
"signal transduction in response to DNA damage","MMEB9_C2",0,1,3.7e-24,-1,0.4199
"regulation of intracellular transport","MMEB9_C2",1,3,3.7e-24,-1,0.1924
"protein localization to nucleus","MMEB9_C2",0,2,3.7e-24,-1.58496250072116,0.1057
"microtubule cytoskeleton organization involved in mitosis","MMEB9_C2",1,2,3.7e-24,-0.584962500721156,0.5817
"telomere maintenance","MMEB9_C2",2,1,3.7e-24,0.584962500721156,0.6367
"cell cycle checkpoint signaling","MMEB9_C2",0,2,3.7e-24,-1.58496250072116,0.1859
"regulation of protein modification by small protein conjugation or removal","MMEB9_C2",2,2,3.7e-24,0,1
"cellular respiration","MMEB9_C2",1,3,3.7e-24,-1,0.2553
"cellular component disassembly","MMEB9_C2",2,4,3.7e-24,-0.736965594166206,0.2746
"nuclear chromosome segregation","MMEB9_C2",1,3,3.7e-24,-1,0.2039
"regulation of protein stability","MMEB9_C2",1,2,3.7e-24,-0.584962500721156,0.532
"regulation of cell cycle phase transition","MMEB9_C2",0,4,3.7e-24,-2.32192809488736,0.0164
"regulation of protein catabolic process","MMEB9_C2",2,3,3.7e-24,-0.415037499278844,0.6023
"response to endoplasmic reticulum stress","MMEB9_C2",3,2,3.7e-24,0.415037499278844,0.7446
"vesicle organization","MMEB9_C2",3,3,3.7e-24,0,1
"mitochondrial respiratory chain complex assembly","MMEB9_C2",1,1,3.7e-24,0,1
"DNA-templated transcription elongation","MMEB9_C2",2,1,3.7e-24,0.584962500721156,0.654
"mitochondrial transport","MMEB9_C2",1,1,3.7e-24,0,1
"establishment of organelle localization","MMEB9_C2",1,4,3.7e-24,-1.32192809488736,0.0996
"regulation of intracellular protein transport","MMEB9_C2",2,2,3.7e-24,0,1
"response to UV","MMEB9_C2",0,1,3.7e-24,-1,0.4185
"RNA localization","MMEB9_C2",1,2,3.7e-24,-0.584962500721156,0.5553
"response to topologically incorrect protein","MMEB9_C2",1,1,3.7e-24,0,1
"organelle fission","MMEB9_C2",1,3,3.7e-24,-1,0.2047
"non-membrane-bounded organelle assembly","MMEB9_C2",1,3,3.7e-24,-1,0.2045
"protein polyubiquitination","MMEB9_C2",0,2,3.7e-24,-1.58496250072116,0.116
"methylation","MMEB9_C2",0,3,3.7e-24,-2,0.0554
"phospholipid biosynthetic process","MMEB9_C2",1,2,3.7e-24,-0.584962500721156,0.5338
"oxidative phosphorylation","MMEB9_C2",2,1,3.7e-24,0.584962500721156,0.647
"establishment of protein localization to membrane","MMEB9_C2",1,2,3.7e-24,-0.584962500721156,0.5371
"in utero embryonic development","MMEB9_C2",2,3,3.7e-24,-0.415037499278844,0.5944
"vacuole organization","MMEB9_C2",0,2,3.7e-24,-1.58496250072116,0.085
"nuclear-transcribed mRNA catabolic process","MMEB9_C2",1,1,3.7e-24,0,1
"protein folding","MMEB9_C2",1,2,3.7e-24,-0.584962500721156,0.5503
"DNA conformation change","MMEB9_C2",0,0,3.7e-24,0,1
"regulation of chromosome segregation","MMEB9_C2",0,1,3.7e-24,-1,0.4356
"regulation of apoptotic signaling pathway","MMEB9_C2",1,3,3.7e-24,-1,0.2159
"cell cycle G2/M phase transition","MMEB9_C2",0,1,3.7e-24,-1,0.4117
"vacuolar transport","MMEB9_C2",1,1,3.7e-24,0,1
"response to ionizing radiation","MMEB9_C2",1,2,3.7e-24,-0.584962500721156,0.5813
"cellular response to UV","MMEB9_C2",0,1,3.7e-24,-1,0.4919
"regulation of binding","MMEB9_C2",2,3,3.7e-24,-0.415037499278844,0.5962
"nucleic acid transport","MMEB9_C2",0,1,3.7e-24,-1,0.4097
"RNA transport","MMEB9_C2",0,1,3.7e-24,-1,0.4064
"ribonucleoprotein complex subunit organization","MMEB9_C2",0,2,3.7e-24,-1.58496250072116,0.1237
"regulation of DNA replication","MMEB9_C2",1,1,3.7e-24,0,1
"ribose phosphate metabolic process","MMEB9_C2",2,3,3.7e-24,-0.415037499278844,0.5989
"proton motive force-driven ATP synthesis","MMEB9_C2",2,1,3.7e-24,0.584962500721156,0.6336
"ribonucleotide metabolic process","MMEB9_C2",2,4,3.7e-24,-0.736965594166206,0.2961
"telomere organization","MMEB9_C2",1,1,3.7e-24,0,1
"cellular response to topologically incorrect protein","MMEB9_C2",1,1,3.7e-24,0,1
"Golgi organization","MMEB9_C2",1,1,3.7e-24,0,1
"ribonucleoprotein complex assembly","MMEB9_C2",3,2,3.7e-24,0.415037499278844,0.75
"cellular nitrogen compound catabolic process","MMEB9_C2",1,4,3.7e-24,-1.32192809488736,0.0738
"negative regulation of phosphorus metabolic process","MMEB9_C2",2,4,3.7e-24,-0.736965594166206,0.2717
"heterocycle catabolic process","MMEB9_C2",2,3,3.7e-24,-0.415037499278844,0.5943
"mitochondrial membrane organization","MMEB9_C2",1,1,3.7e-24,0,1
"regulation of protein-containing complex assembly","MMEB9_C2",2,3,3.7e-24,-0.415037499278844,0.598
"positive regulation of cellular component biogenesis","MMEB9_C2",2,4,3.7e-24,-0.736965594166206,0.2599
"response to oxidative stress","MMEB9_C2",1,4,3.7e-24,-1.32192809488736,0.1075
"regulation of supramolecular fiber organization","MMEB9_C2",2,4,3.7e-24,-0.736965594166206,0.3189
"positive regulation of protein localization","MMEB9_C2",1,4,3.7e-24,-1.32192809488736,0.1128
"positive regulation of cell projection organization","MMEB9_C2",3,3,3.7e-24,0,1
"negative regulation of transferase activity","MMEB9_C2",4,2,3.7e-24,0.736965594166206,0.2821
"autophagy of mitochondrion","MMEB9_C2",2,0,3.7e-24,1.58496250072116,0.1069
"positive regulation of amide metabolic process","MMEB9_C2",1,2,3.7e-24,-0.584962500721156,0.5435
"chromatin remodeling","MMEB9_C2",1,3,3.7e-24,-1,0.1998
"viral process","MMEB9_C2",0,4,3.7e-24,-2.32192809488736,0.0222
"macromolecule deacylation","MMEB9_C2",0,1,3.7e-24,-1,0.4231
"mitotic cytokinesis","MMEB9_C2",0,1,3.7e-24,-1,0.4805
"aromatic compound catabolic process","MMEB9_C2",2,4,3.7e-24,-0.736965594166206,0.2685
"vesicle localization","MMEB9_C2",1,2,3.7e-24,-0.584962500721156,0.5381
"establishment or maintenance of cell polarity","MMEB9_C2",1,1,3.7e-24,0,1
"Wnt signaling pathway","MMEB9_C2",1,4,3.7e-24,-1.32192809488736,0.1128
"cell-cell signaling by wnt","MMEB9_C2",1,4,3.7e-24,-1.32192809488736,0.1096
"ATP metabolic process","MMEB9_C2",1,2,3.7e-24,-0.584962500721156,0.5772
"cellular response to chemical stress","MMEB9_C2",0,3,3.7e-24,-2,0.055
"regulation of vacuole organization","MMEB9_C2",0,0,3.7e-24,0,1
"cellular response to external stimulus","MMEB9_C2",0,2,3.7e-24,-1.58496250072116,0.1273
"negative regulation of protein phosphorylation","MMEB9_C2",4,3,3.7e-24,0.321928094887362,0.7843
"negative regulation of catabolic process","MMEB9_C2",1,2,3.7e-24,-0.584962500721156,0.5447
"regulation of microtubule cytoskeleton organization","MMEB9_C2",2,1,3.7e-24,0.584962500721156,0.6621
"chromosome localization","MMEB9_C2",1,1,3.7e-24,0,1
"negative regulation of mitotic nuclear division","MMEB9_C2",0,0,3.7e-24,0,1
"regulation of actin filament organization","MMEB9_C2",1,2,3.7e-24,-0.584962500721156,0.5525
"dephosphorylation","MMEB9_C2",3,3,3.7e-24,0,1
"glycosylation","MMEB9_C2",2,2,3.7e-24,0,1
"positive regulation of establishment of protein localization","MMEB9_C2",2,3,3.7e-24,-0.415037499278844,0.6266
"regulation of microtubule-based process","MMEB9_C2",1,2,3.7e-24,-0.584962500721156,0.5783
"cell-substrate junction organization","MMEB9_C2",2,1,3.7e-24,0.584962500721156,0.6352
"protein-containing complex localization","MMEB9_C2",0,2,3.7e-24,-1.58496250072116,0.1342
"mitochondrial transmembrane transport","MMEB9_C2",1,1,3.7e-24,0,1
"stem cell population maintenance","MMEB9_C2",1,1,3.7e-24,0,1
"ribosome assembly","MMEB9_C2",1,0,3.7e-24,1,0.4639
"intraciliary transport","MMEB9_C2",0,0,3.7e-24,0,1
"Golgi to plasma membrane protein transport","MMEB9_C2",0,0,3.7e-24,0,1
"response to amino acid starvation","MMEB9_C2",0,0,3.7e-24,0,1
"cellular response to extracellular stimulus","MMEB9_C2",0,2,3.7e-24,-1.58496250072116,0.0789
"cell growth","MMEB9_C2",0,3,3.7e-24,-2,0.0568
"protein glycosylation","MMEB9_C2",1,2,3.7e-24,-0.584962500721156,0.5672
"macromolecule glycosylation","MMEB9_C2",0,2,3.7e-24,-1.58496250072116,0.0952
"maintenance of cell number","MMEB9_C2",1,2,3.7e-24,-0.584962500721156,0.5418
"response to reactive oxygen species","MMEB9_C2",3,1,3.7e-24,1,0.419
"regulation of cell morphogenesis","MMEB9_C2",1,2,3.7e-24,-0.584962500721156,0.5799
"regulation of cellular component size","MMEB9_C2",1,3,3.7e-24,-1,0.2721
"cell-substrate junction assembly","MMEB9_C2",1,0,3.7e-24,1,0.482
"membrane fission","MMEB9_C2",1,1,3.7e-24,0,1
"membrane docking","MMEB9_C2",0,0,3.7e-24,0,1
"fibroblast migration","MMEB9_C2",0,0,3.7e-24,0,1
"nucleus organization","MMEB9_C2",0,1,3.7e-24,-1,0.419
"regulation of cell growth","MMEB9_C2",0,3,3.7e-24,-2,0.0271
"fibroblast proliferation","MMEB9_C2",1,1,3.7e-24,0,1
"cell cycle G1/S phase transition","MMEB9_C2",0,2,3.7e-24,-1.58496250072116,0.1415
"actin filament organization","MMEB9_C2",0,4,3.7e-24,-2.32192809488736,0.0231
"response to oxygen levels","MMEB9_C2",0,3,3.7e-24,-2,0.056
"epigenetic regulation of gene expression","MMEB9_C2",2,1,3.7e-24,0.584962500721156,0.6298
"organelle fusion","MMEB9_C2",0,1,3.7e-24,-1,0.515
"lipoprotein metabolic process","MMEB9_C2",2,1,3.7e-24,0.584962500721156,0.6331
"protein lipidation","MMEB9_C2",1,1,3.7e-24,0,1
"regulation of plasma membrane bounded cell projection assembly","MMEB9_C2",0,1,3.7e-24,-1,0.4104
"regulation of actin filament-based process","MMEB9_C2",1,3,3.7e-24,-1,0.2423
"regulation of GTPase activity","MMEB9_C2",1,2,3.7e-24,-0.584962500721156,0.5326
"nuclear envelope organization","MMEB9_C2",0,0,3.7e-24,0,1
"protein autophosphorylation","MMEB9_C2",0,1,3.7e-24,-1,0.4259
"connective tissue development","MMEB9_C2",0,2,3.7e-24,-1.58496250072116,0.1069
"cellular response to heat","MMEB9_C2",0,0,3.7e-24,0,1
"myeloid cell homeostasis","MMEB9_C2",0,1,3.7e-24,-1,0.4227
"regulation of neuron projection development","MMEB9_C2",0,3,3.7e-24,-2,0.0396
"receptor metabolic process","MMEB9_C2",0,1,3.7e-24,-1,0.5064
"maintenance of protein location in cell","MMEB9_C2",1,0,3.7e-24,1,0.3237
"apoptotic mitochondrial changes","MMEB9_C2",2,1,3.7e-24,0.584962500721156,0.6229
"response to transforming growth factor beta","MMEB9_C2",1,2,3.7e-24,-0.584962500721156,0.5557
"neural tube development","MMEB9_C2",1,1,3.7e-24,0,1
"maintenance of protein location","MMEB9_C2",1,1,3.7e-24,0,1
"regulation of ubiquitin-protein transferase activity","MMEB9_C2",0,0,3.7e-24,0,1
"cilium assembly","MMEB9_C2",2,3,3.7e-24,-0.415037499278844,0.6052
"mRNA export from nucleus","MMEB9_C2",0,0,3.7e-24,0,1
"regulation of cell-substrate junction organization","MMEB9_C2",2,0,3.7e-24,1.58496250072116,0.1296
"membrane biogenesis","MMEB9_C2",1,0,3.7e-24,1,0.4288
"cilium organization","MMEB9_C2",2,3,3.7e-24,-0.415037499278844,0.613
"platelet-derived growth factor receptor signaling pathway","MMEB9_C2",0,0,3.7e-24,0,1
"iron-sulfur cluster assembly","MMEB9_C2",0,0,3.7e-24,0,1
"metallo-sulfur cluster assembly","MMEB9_C2",0,0,3.7e-24,0,1
"centromere complex assembly","MMEB9_C2",0,0,3.7e-24,0,1
"cellular response to oxygen levels","MMEB9_C2",0,1,3.7e-24,-1,0.4339
"fatty acid beta-oxidation","MMEB9_C2",0,1,3.7e-24,-1,0.5306
"organelle localization by membrane tethering","MMEB9_C2",0,1,3.7e-24,-1,0.4698
"autophagosome maturation","MMEB9_C2",0,0,3.7e-24,0,1
"cellular response to transforming growth factor beta stimulus","MMEB9_C2",0,2,3.7e-24,-1.58496250072116,0.1556
"nucleotide catabolic process","MMEB9_C2",0,0,3.7e-24,0,1
"tube closure","MMEB9_C2",0,1,3.7e-24,-1,0.5186
"regulation of stem cell differentiation","MMEB9_C2",0,1,3.7e-24,-1,0.496
"substrate adhesion-dependent cell spreading","MMEB9_C2",0,0,3.7e-24,0,1
"chondrocyte differentiation","MMEB9_C2",0,1,3.7e-24,-1,0.4611
"regulation of fibroblast proliferation","MMEB9_C2",0,1,3.7e-24,-1,0.4509
"morphogenesis of an epithelial sheet","MMEB9_C2",0,1,3.7e-24,-1,0.5261
"microtubule polymerization","MMEB9_C2",0,0,3.7e-24,0,1
"response to virus","MMEB9_C2",0,3,3.7e-24,-2,0.0622
"membrane assembly","MMEB9_C2",0,0,3.7e-24,0,1
"COPII vesicle coating","MMEB9_C2",0,0,3.7e-24,0,1
"erythrocyte differentiation","MMEB9_C2",0,1,3.7e-24,-1,0.501
"organophosphate catabolic process","MMEB9_C2",1,1,3.7e-24,0,1
"regulation of embryonic development","MMEB9_C2",0,0,3.7e-24,0,1
"regulation of focal adhesion assembly","MMEB9_C2",0,0,3.7e-24,0,1
"regulation of cell-substrate junction assembly","MMEB9_C2",1,0,3.7e-24,1,0.3767
"regulation of extracellular matrix organization","MMEB9_C2",0,0,3.7e-24,0,1
"GPI anchor biosynthetic process","MMEB9_C2",0,0,3.7e-24,0,1
"lamellipodium organization","MMEB9_C2",0,1,3.7e-24,-1,0.4724
"positive regulation of stem cell population maintenance","MMEB9_C2",0,0,3.7e-24,0,1
"monosaccharide metabolic process","MMEB9_C2",2,2,3.7e-24,0,1
"U2-type prespliceosome assembly","MMEB9_C2",0,0,3.7e-24,0,1
"heterochromatin formation","MMEB9_C2",0,0,3.7e-24,0,1
"peroxisome organization","MMEB9_C2",0,0,3.7e-24,0,1
"regulation of mitochondrial fission","MMEB9_C2",0,0,3.7e-24,0,1
"cellular pigmentation","MMEB9_C2",0,1,3.7e-24,-1,0.4312
"regulation of fibroblast migration","MMEB9_C2",0,0,3.7e-24,0,1
"cellular carbohydrate metabolic process","MMEB9_C2",3,2,3.7e-24,0.415037499278844,0.7463
"positive regulation of axonogenesis","MMEB9_C2",1,1,3.7e-24,0,1
"kinetochore organization","MMEB9_C2",0,0,3.7e-24,0,1
"stem cell differentiation","MMEB9_C2",0,2,3.7e-24,-1.58496250072116,0.0968
"proton transmembrane transport","MMEB9_C2",0,1,3.7e-24,-1,0.4856
"cellular response to insulin stimulus","MMEB9_C2",0,1,3.7e-24,-1,0.4157
"establishment of mitotic spindle localization","MMEB9_C2",0,0,3.7e-24,0,1
"cell redox homeostasis","MMEB9_C2",0,0,3.7e-24,0,1
"stress granule assembly","MMEB9_C2",0,0,3.7e-24,0,1
"protein neddylation","MMEB9_C2",0,0,3.7e-24,0,1
"regulation of mitochondrial membrane potential","MMEB9_C2",0,0,3.7e-24,0,1
"neuron death","MMEB9_C2",1,3,3.7e-24,-1,0.2382
"defense response to virus","MMEB9_C2",1,2,3.7e-24,-0.584962500721156,0.5286
"sulfur compound metabolic process","MMEB9_C2",1,2,3.7e-24,-0.584962500721156,0.5341
"NADP metabolic process","MMEB9_C2",0,0,3.7e-24,0,1
"vacuolar acidification","MMEB9_C2",0,0,3.7e-24,0,1
"oligosaccharide-lipid intermediate biosynthetic process","MMEB9_C2",0,0,3.7e-24,0,1
"lysosomal lumen acidification","MMEB9_C2",0,0,3.7e-24,0,1
"glycosyl compound biosynthetic process","MMEB9_C2",0,0,3.7e-24,0,1
"heart valve development","MMEB9_C2",1,0,3.7e-24,1,0.4124
"water-soluble vitamin metabolic process","MMEB9_C2",0,0,3.7e-24,0,1
"interferon-beta production","MMEB9_C2",1,0,3.7e-24,1,0.4393
"regulation of interferon-beta production","MMEB9_C2",0,0,3.7e-24,0,1
"branched-chain amino acid metabolic process","MMEB9_C2",0,0,3.7e-24,0,1
"regulation of mitochondrial membrane permeability","MMEB9_C2",2,0,3.7e-24,1.58496250072116,0.067
"respiratory tube development","MMEB9_C2",0,1,3.7e-24,-1,0.4133
"cellular senescence","MMEB9_C2",2,0,3.7e-24,1.58496250072116,0.1433
"positive regulation of neurogenesis","MMEB9_C2",0,2,3.7e-24,-1.58496250072116,0.1739
"mitochondrial outer membrane permeabilization","MMEB9_C2",0,0,3.7e-24,0,1
"immune system development","MMEB9_C2",0,2,3.7e-24,-1.58496250072116,0.1827
"clathrin-dependent endocytosis","MMEB9_C2",0,1,3.7e-24,-1,0.501
"positive regulation of viral process","MMEB9_C2",0,0,3.7e-24,0,1
"bone development","MMEB9_C2",3,2,3.7e-24,0.415037499278844,0.7317
"cell-substrate adhesion","MMEB9_C2",2,2,3.7e-24,0,1
"positive regulation of microtubule polymerization","MMEB9_C2",0,0,3.7e-24,0,1
"pteridine-containing compound metabolic process","MMEB9_C2",1,0,3.7e-24,1,0.274
"response to arsenic-containing substance","MMEB9_C2",0,0,3.7e-24,0,1
"response to insulin","MMEB9_C2",2,2,3.7e-24,0,1
"ubiquinone metabolic process","MMEB9_C2",0,0,3.7e-24,0,1
"cellular response to arsenic-containing substance","MMEB9_C2",0,0,3.7e-24,0,1
"inositol phosphate catabolic process","MMEB9_C2",0,0,3.7e-24,0,1
"telomerase RNA localization to Cajal body","MMEB9_C2",0,0,3.7e-24,0,1
"respiratory system development","MMEB9_C2",1,2,3.7e-24,-0.584962500721156,0.571
"regulation of generation of precursor metabolites and energy","MMEB9_C2",0,1,3.7e-24,-1,0.4339
"mitochondrial calcium ion homeostasis","MMEB9_C2",0,0,3.7e-24,0,1
"G0 to G1 transition","MMEB9_C2",0,0,3.7e-24,0,1
"mitochondrial genome maintenance","MMEB9_C2",0,0,3.7e-24,0,1
"release of cytochrome c from mitochondria","MMEB9_C2",1,0,3.7e-24,1,0.358
"cortical cytoskeleton organization","MMEB9_C2",0,0,3.7e-24,0,1
"response to sterol depletion","MMEB9_C2",0,0,3.7e-24,0,1
"regulation of ncRNA transcription","MMEB9_C2",0,0,3.7e-24,0,1
"mesenchymal cell differentiation","MMEB9_C2",1,1,3.7e-24,0,1
"protein-DNA complex subunit organization","MMEB9_C2",0,2,3.7e-24,-1.58496250072116,0.1342
"response to fluid shear stress","MMEB9_C2",0,0,3.7e-24,0,1
"collagen fibril organization","MMEB9_C2",1,0,3.7e-24,1,0.4416
"roof of mouth development","MMEB9_C2",0,1,3.7e-24,-1,0.527
"regulation of protein dephosphorylation","MMEB9_C2",0,0,3.7e-24,0,1
"multicellular organism growth","MMEB9_C2",1,1,3.7e-24,0,1
"miRNA processing","MMEB9_C2",1,0,3.7e-24,1,0.2762
"small molecule catabolic process","MMEB9_C2",2,3,3.7e-24,-0.415037499278844,0.6332
"regulation of G0 to G1 transition","MMEB9_C2",0,0,3.7e-24,0,1
"circadian regulation of gene expression","MMEB9_C2",0,0,3.7e-24,0,1
"regulation of translational fidelity","MMEB9_C2",0,0,3.7e-24,0,1
"ubiquinone biosynthetic process","MMEB9_C2",0,0,3.7e-24,0,1
"mitochondrial calcium ion transmembrane transport","MMEB9_C2",0,0,3.7e-24,0,1
"quinone biosynthetic process","MMEB9_C2",0,0,3.7e-24,0,1
"viral release from host cell","MMEB9_C2",0,0,3.7e-24,0,1
"exit from host cell","MMEB9_C2",0,0,3.7e-24,0,1
"positive regulation of GTPase activity","MMEB9_C2",0,2,3.7e-24,-1.58496250072116,0.133
"regulation of cytokinesis","MMEB9_C2",0,1,3.7e-24,-1,0.4919
"mitochondrion localization","MMEB9_C2",0,0,3.7e-24,0,1
"renal system development","MMEB9_C2",2,3,3.7e-24,-0.415037499278844,0.6121
"regulation of cysteine-type endopeptidase activity involved in apoptotic process","MMEB9_C2",0,1,3.7e-24,-1,0.4135
"regulation of cell-substrate adhesion","MMEB9_C2",3,2,3.7e-24,0.415037499278844,0.7367
"centrosome localization","MMEB9_C2",0,0,3.7e-24,0,1
"microtubule organizing center localization","MMEB9_C2",0,0,3.7e-24,0,1
"pinocytosis","MMEB9_C2",0,0,3.7e-24,0,1
"lamellipodium assembly","MMEB9_C2",2,1,3.7e-24,0.584962500721156,0.6343
"cellular response to sterol depletion","MMEB9_C2",0,0,3.7e-24,0,1
"placenta development","MMEB9_C2",0,1,3.7e-24,-1,0.4273
"rhythmic process","MMEB9_C2",0,2,3.7e-24,-1.58496250072116,0.0818
"spindle localization","MMEB9_C2",1,0,3.7e-24,1,0.3264
"carbohydrate derivative catabolic process","MMEB9_C2",1,1,3.7e-24,0,1
"response to amino acid","MMEB9_C2",0,1,3.7e-24,-1,0.4387
"regulation of intracellular steroid hormone receptor signaling pathway","MMEB9_C2",0,0,3.7e-24,0,1
"regulation of neuron death","MMEB9_C2",2,2,3.7e-24,0,1
"ossification","MMEB9_C2",3,4,3.7e-24,-0.321928094887362,0.6693
"mammary gland epithelial cell proliferation","MMEB9_C2",0,0,3.7e-24,0,1
"ribosomal subunit export from nucleus","MMEB9_C2",0,0,3.7e-24,0,1
"ribosome localization","MMEB9_C2",0,0,3.7e-24,0,1
"protein transport to vacuole involved in ubiquitin-dependent protein catabolic process via the multivesicular body sorting pathway","MMEB9_C2",0,0,3.7e-24,0,1
"seminiferous tubule development","MMEB9_C2",0,0,3.7e-24,0,1
"cellular response to acid chemical","MMEB9_C2",1,1,3.7e-24,0,1
"positive regulation of kinase activity","MMEB9_C2",2,3,3.7e-24,-0.415037499278844,0.6039
"positive regulation by host of viral process","MMEB9_C2",0,0,3.7e-24,0,1
"mitochondrion morphogenesis","MMEB9_C2",0,0,3.7e-24,0,1
"regulation of establishment of cell polarity","MMEB9_C2",0,0,3.7e-24,0,1
"cellular lipid catabolic process","MMEB9_C2",2,1,3.7e-24,0.584962500721156,0.6861
"neuron apoptotic process","MMEB9_C2",0,2,3.7e-24,-1.58496250072116,0.1231
"inner cell mass cell proliferation","MMEB9_C2",0,0,3.7e-24,0,1
"polyamine biosynthetic process","MMEB9_C2",1,0,3.7e-24,1,0.289
"folic acid metabolic process","MMEB9_C2",0,0,3.7e-24,0,1
"organelle inheritance","MMEB9_C2",0,0,3.7e-24,0,1
"polyol metabolic process","MMEB9_C2",1,1,3.7e-24,0,1
"regulation of type I interferon-mediated signaling pathway","MMEB9_C2",1,0,3.7e-24,1,0.3641
"intracellular lipid transport","MMEB9_C2",0,0,3.7e-24,0,1
"fat cell differentiation","MMEB9_C2",1,2,3.7e-24,-0.584962500721156,0.5694
"iron ion homeostasis","MMEB9_C2",0,1,3.7e-24,-1,0.5065
"negative regulation of cell projection organization","MMEB9_C2",0,1,3.7e-24,-1,0.4386
"dicarboxylic acid metabolic process","MMEB9_C2",0,0,3.7e-24,0,1
"regulation of anatomical structure size","MMEB9_C2",3,3,3.7e-24,0,1
"regulation of small molecule metabolic process","MMEB9_C2",0,2,3.7e-24,-1.58496250072116,0.0974
"pentose-phosphate shunt","MMEB9_C2",0,0,3.7e-24,0,1
"pericardium development","MMEB9_C2",0,0,3.7e-24,0,1
"lysosomal protein catabolic process","MMEB9_C2",0,0,3.7e-24,0,1
"carbohydrate derivative transport","MMEB9_C2",1,1,3.7e-24,0,1
"alcohol biosynthetic process","MMEB9_C2",1,1,3.7e-24,0,1
"regulation of membrane permeability","MMEB9_C2",0,0,3.7e-24,0,1
"signal peptide processing","MMEB9_C2",0,0,3.7e-24,0,1
"UV-damage excision repair","MMEB9_C2",0,0,3.7e-24,0,1
"biological process involved in interaction with host","MMEB9_C2",1,1,3.7e-24,0,1
"body morphogenesis","MMEB9_C2",0,0,3.7e-24,0,1
"extracellular vesicle biogenesis","MMEB9_C2",0,0,3.7e-24,0,1
"negative regulation of defense response to virus","MMEB9_C2",0,0,3.7e-24,0,1
"aminoglycan biosynthetic process","MMEB9_C2",0,1,3.7e-24,-1,0.5168
"sterol biosynthetic process","MMEB9_C2",0,0,3.7e-24,0,1
"polyamine metabolic process","MMEB9_C2",0,0,3.7e-24,0,1
"magnesium ion transport","MMEB9_C2",1,0,3.7e-24,1,0.2315
"lamellipodium morphogenesis","MMEB9_C2",0,0,3.7e-24,0,1
"positive regulation of neuron migration","MMEB9_C2",0,0,3.7e-24,0,1
"regulation of glucose metabolic process","MMEB9_C2",0,0,3.7e-24,0,1
"monosaccharide biosynthetic process","MMEB9_C2",0,1,3.7e-24,-1,0.5169
"response to acid chemical","MMEB9_C2",0,1,3.7e-24,-1,0.4865
"regulation of carbohydrate metabolic process","MMEB9_C2",1,1,3.7e-24,0,1
"positive regulation of nervous system development","MMEB9_C2",2,2,3.7e-24,0,1
"regulation of circadian rhythm","MMEB9_C2",0,1,3.7e-24,-1,0.4282
"trabecula morphogenesis","MMEB9_C2",0,0,3.7e-24,0,1
"pigment accumulation","MMEB9_C2",0,0,3.7e-24,0,1
"cellular pigment accumulation","MMEB9_C2",0,0,3.7e-24,0,1
"regulation of pinocytosis","MMEB9_C2",0,0,3.7e-24,0,1
"regulation of ligase activity","MMEB9_C2",0,0,3.7e-24,0,1
"smoothened signaling pathway involved in dorsal/ventral neural tube patterning","MMEB9_C2",1,0,3.7e-24,1,0.0918
"glycosyl compound metabolic process","MMEB9_C2",0,0,3.7e-24,0,1
"substantia nigra development","MMEB9_C2",1,0,3.7e-24,1,0.3078
"negative regulation of GTPase activity","MMEB9_C2",0,0,3.7e-24,0,1
"axon extension","MMEB9_C2",0,1,3.7e-24,-1,0.4442
"positive regulation of epithelial to mesenchymal transition","MMEB9_C2",0,0,3.7e-24,0,1
"one-carbon metabolic process","MMEB9_C2",1,0,3.7e-24,1,0.2367
"NADPH regeneration","MMEB9_C2",0,0,3.7e-24,0,1
"cellular response to dsRNA","MMEB9_C2",1,0,3.7e-24,1,0.1503
"neuron projection organization","MMEB9_C2",0,0,3.7e-24,0,1
"postsynapse organization","MMEB9_C2",2,1,3.7e-24,0.584962500721156,0.6517
"regulation of ketone biosynthetic process","MMEB9_C2",0,0,3.7e-24,0,1
"mitochondrion distribution","MMEB9_C2",0,0,3.7e-24,0,1
"regulation of autophagosome maturation","MMEB9_C2",0,0,3.7e-24,0,1
"magnesium ion transmembrane transport","MMEB9_C2",0,0,3.7e-24,0,1
"regulation of cell division","MMEB9_C2",0,1,3.7e-24,-1,0.4144
"intermembrane lipid transfer","MMEB9_C2",0,0,3.7e-24,0,1
"organophosphate ester transport","MMEB9_C2",0,1,3.7e-24,-1,0.415
"movement in host","MMEB9_C2",0,1,3.7e-24,-1,0.4149
"extracellular matrix assembly","MMEB9_C2",0,0,3.7e-24,0,1
"cellular metabolic compound salvage","MMEB9_C2",0,0,3.7e-24,0,1
"regulation of ATP-dependent activity","MMEB9_C2",0,0,3.7e-24,0,1
"cell migration involved in heart development","MMEB9_C2",1,0,3.7e-24,1,0.2734
"cellular response to fluid shear stress","MMEB9_C2",0,0,3.7e-24,0,1
"sphingomyelin biosynthetic process","MMEB9_C2",0,0,3.7e-24,0,1
"ether lipid biosynthetic process","MMEB9_C2",0,0,3.7e-24,0,1
"embryonic body morphogenesis","MMEB9_C2",0,0,3.7e-24,0,1
"amino sugar biosynthetic process","MMEB9_C2",0,0,3.7e-24,0,1
"glycerol ether biosynthetic process","MMEB9_C2",0,0,3.7e-24,0,1
"pigmentation","MMEB9_C2",1,1,3.7e-24,0,1
"cellular response to ketone","MMEB9_C2",0,1,3.7e-24,-1,0.4989
"nonribosomal peptide biosynthetic process","MMEB9_C2",0,0,3.7e-24,0,1
"glial cell apoptotic process","MMEB9_C2",0,0,3.7e-24,0,1
"lipoprotein catabolic process","MMEB9_C2",0,0,3.7e-24,0,1
"suppression of viral release by host","MMEB9_C2",0,0,3.7e-24,0,1
"chaperone-mediated autophagy","MMEB9_C2",0,0,3.7e-24,0,1
"regulation of steroid hormone biosynthetic process","MMEB9_C2",0,0,3.7e-24,0,1
"synaptic vesicle lumen acidification","MMEB9_C2",0,0,3.7e-24,0,1
"semaphorin-plexin signaling pathway involved in neuron projection guidance","MMEB9_C2",0,0,3.7e-24,0,1
"regulation of Golgi organization","MMEB9_C2",0,0,3.7e-24,0,1
"Schwann cell differentiation","MMEB9_C2",0,0,3.7e-24,0,1
"neurotrophin signaling pathway","MMEB9_C2",0,0,3.7e-24,0,1
"regulation of microtubule depolymerization","MMEB9_C2",0,0,3.7e-24,0,1
"basement membrane organization","MMEB9_C2",0,0,3.7e-24,0,1
"establishment or maintenance of epithelial cell apical/basal polarity","MMEB9_C2",0,0,3.7e-24,0,1
"face development","MMEB9_C2",0,0,3.7e-24,0,1
"osteoblast differentiation","MMEB9_C2",1,1,3.7e-24,0,1
"appendage development","MMEB9_C2",0,1,3.7e-24,-1,0.4202
"limb development","MMEB9_C2",0,1,3.7e-24,-1,0.4208
"regulation of ATP metabolic process","MMEB9_C2",0,0,3.7e-24,0,1
"developmental growth involved in morphogenesis","MMEB9_C2",0,2,3.7e-24,-1.58496250072116,0.1857
"embryonic organ development","MMEB9_C2",3,3,3.7e-24,0,1
"negative regulation of growth","MMEB9_C2",0,2,3.7e-24,-1.58496250072116,0.1826
"microtubule depolymerization","MMEB9_C2",0,0,3.7e-24,0,1
"heme metabolic process","MMEB9_C2",0,0,3.7e-24,0,1
"regulation of neuron apoptotic process","MMEB9_C2",2,2,3.7e-24,0,1
"plasma membrane tubulation","MMEB9_C2",0,0,3.7e-24,0,1
"exosomal secretion","MMEB9_C2",0,0,3.7e-24,0,1
"vasculogenesis","MMEB9_C2",0,0,3.7e-24,0,1
"toxin transport","MMEB9_C2",1,0,3.7e-24,1,0.2134
"ncRNA processing","MMEB9_C3",4,4,3.7e-24,0,1
"ribosome biogenesis","MMEB9_C3",1,3,3.7e-24,-1,0.2637
"rRNA metabolic process","MMEB9_C3",1,3,3.7e-24,-1,0.269
"proteasome-mediated ubiquitin-dependent protein catabolic process","MMEB9_C3",3,4,3.7e-24,-0.321928094887362,0.6395
"regulation of response to DNA damage stimulus","MMEB9_C3",4,2,3.7e-24,0.736965594166206,0.3508
"establishment of protein localization to organelle","MMEB9_C3",4,4,3.7e-24,0,1
"macroautophagy","MMEB9_C3",6,2,3.7e-24,1.22239242133645,0.1226
"regulation of chromosome organization","MMEB9_C3",2,2,3.7e-24,0,1
"Golgi vesicle transport","MMEB9_C3",3,3,3.7e-24,0,1
"double-strand break repair","MMEB9_C3",1,2,3.7e-24,-0.584962500721156,0.5329
"histone modification","MMEB9_C3",1,3,3.7e-24,-1,0.2197
"sister chromatid segregation","MMEB9_C3",2,2,3.7e-24,0,1
"DNA replication","MMEB9_C3",0,2,3.7e-24,-1.58496250072116,0.0891
"chromosome segregation","MMEB9_C3",2,4,3.7e-24,-0.736965594166206,0.2896
"mitochondrial gene expression","MMEB9_C3",2,1,3.7e-24,0.584962500721156,0.6569
"nucleocytoplasmic transport","MMEB9_C3",1,3,3.7e-24,-1,0.2348
"nuclear transport","MMEB9_C3",0,3,3.7e-24,-2,0.0469
"regulation of DNA repair","MMEB9_C3",3,2,3.7e-24,0.415037499278844,0.7329
"peptidyl-lysine modification","MMEB9_C3",7,3,3.7e-24,1,0.1952
"protein targeting","MMEB9_C3",1,3,3.7e-24,-1,0.2481
"cytoplasmic translation","MMEB9_C3",2,1,3.7e-24,0.584962500721156,0.6447
"regulation of autophagy","MMEB9_C3",1,2,3.7e-24,-0.584962500721156,0.5267
"signal transduction in response to DNA damage","MMEB9_C3",1,1,3.7e-24,0,1
"regulation of intracellular transport","MMEB9_C3",2,3,3.7e-24,-0.415037499278844,0.6
"protein localization to nucleus","MMEB9_C3",1,2,3.7e-24,-0.584962500721156,0.5282
"microtubule cytoskeleton organization involved in mitosis","MMEB9_C3",1,1,3.7e-24,0,1
"telomere maintenance","MMEB9_C3",0,1,3.7e-24,-1,0.4146
"cell cycle checkpoint signaling","MMEB9_C3",1,1,3.7e-24,0,1
"regulation of protein modification by small protein conjugation or removal","MMEB9_C3",0,2,3.7e-24,-1.58496250072116,0.1112
"cellular respiration","MMEB9_C3",1,2,3.7e-24,-0.584962500721156,0.5368
"cellular component disassembly","MMEB9_C3",2,4,3.7e-24,-0.736965594166206,0.2872
"nuclear chromosome segregation","MMEB9_C3",1,3,3.7e-24,-1,0.2496
"regulation of protein stability","MMEB9_C3",1,2,3.7e-24,-0.584962500721156,0.5296
"regulation of cell cycle phase transition","MMEB9_C3",3,4,3.7e-24,-0.321928094887362,0.668
"regulation of protein catabolic process","MMEB9_C3",1,3,3.7e-24,-1,0.2401
"response to endoplasmic reticulum stress","MMEB9_C3",1,2,3.7e-24,-0.584962500721156,0.5249
"vesicle organization","MMEB9_C3",0,3,3.7e-24,-2,0.0573
"mitochondrial respiratory chain complex assembly","MMEB9_C3",0,1,3.7e-24,-1,0.4487
"DNA-templated transcription elongation","MMEB9_C3",0,1,3.7e-24,-1,0.4111
"mitochondrial transport","MMEB9_C3",1,1,3.7e-24,0,1
"establishment of organelle localization","MMEB9_C3",1,3,3.7e-24,-1,0.1982
"regulation of intracellular protein transport","MMEB9_C3",2,2,3.7e-24,0,1
"response to UV","MMEB9_C3",1,1,3.7e-24,0,1
"RNA localization","MMEB9_C3",2,2,3.7e-24,0,1
"response to topologically incorrect protein","MMEB9_C3",2,2,3.7e-24,0,1
"organelle fission","MMEB9_C3",0,3,3.7e-24,-2,0.0497
"non-membrane-bounded organelle assembly","MMEB9_C3",3,3,3.7e-24,0,1
"protein polyubiquitination","MMEB9_C3",4,2,3.7e-24,0.736965594166206,0.2828
"methylation","MMEB9_C3",3,2,3.7e-24,0.415037499278844,0.7542
"phospholipid biosynthetic process","MMEB9_C3",3,2,3.7e-24,0.415037499278844,0.7358
"oxidative phosphorylation","MMEB9_C3",2,1,3.7e-24,0.584962500721156,0.6415
"establishment of protein localization to membrane","MMEB9_C3",0,2,3.7e-24,-1.58496250072116,0.1427
"in utero embryonic development","MMEB9_C3",3,3,3.7e-24,0,1
"vacuole organization","MMEB9_C3",1,2,3.7e-24,-0.584962500721156,0.5398
"nuclear-transcribed mRNA catabolic process","MMEB9_C3",1,1,3.7e-24,0,1
"protein folding","MMEB9_C3",0,2,3.7e-24,-1.58496250072116,0.1551
"DNA conformation change","MMEB9_C3",0,0,3.7e-24,0,1
"regulation of chromosome segregation","MMEB9_C3",0,1,3.7e-24,-1,0.4529
"regulation of apoptotic signaling pathway","MMEB9_C3",0,3,3.7e-24,-2,0.0442
"cell cycle G2/M phase transition","MMEB9_C3",1,2,3.7e-24,-0.584962500721156,0.5815
"vacuolar transport","MMEB9_C3",0,1,3.7e-24,-1,0.414
"response to ionizing radiation","MMEB9_C3",0,1,3.7e-24,-1,0.4163
"cellular response to UV","MMEB9_C3",0,1,3.7e-24,-1,0.4994
"regulation of binding","MMEB9_C3",1,3,3.7e-24,-1,0.2164
"nucleic acid transport","MMEB9_C3",0,1,3.7e-24,-1,0.417
"RNA transport","MMEB9_C3",1,1,3.7e-24,0,1
"ribonucleoprotein complex subunit organization","MMEB9_C3",1,2,3.7e-24,-0.584962500721156,0.5755
"regulation of DNA replication","MMEB9_C3",2,1,3.7e-24,0.584962500721156,0.6423
"ribose phosphate metabolic process","MMEB9_C3",4,3,3.7e-24,0.321928094887362,0.7764
"proton motive force-driven ATP synthesis","MMEB9_C3",2,1,3.7e-24,0.584962500721156,0.6326
"ribonucleotide metabolic process","MMEB9_C3",2,3,3.7e-24,-0.415037499278844,0.591
"telomere organization","MMEB9_C3",0,1,3.7e-24,-1,0.4119
"cellular response to topologically incorrect protein","MMEB9_C3",0,1,3.7e-24,-1,0.5242
"Golgi organization","MMEB9_C3",0,1,3.7e-24,-1,0.4146
"ribonucleoprotein complex assembly","MMEB9_C3",5,2,3.7e-24,1,0.1893
"cellular nitrogen compound catabolic process","MMEB9_C3",4,4,3.7e-24,0,1
"negative regulation of phosphorus metabolic process","MMEB9_C3",3,4,3.7e-24,-0.321928094887362,0.6354
"heterocycle catabolic process","MMEB9_C3",1,3,3.7e-24,-1,0.2435
"mitochondrial membrane organization","MMEB9_C3",0,1,3.7e-24,-1,0.4856
"regulation of protein-containing complex assembly","MMEB9_C3",2,3,3.7e-24,-0.415037499278844,0.6135
"positive regulation of cellular component biogenesis","MMEB9_C3",2,4,3.7e-24,-0.736965594166206,0.2825
"response to oxidative stress","MMEB9_C3",1,3,3.7e-24,-1,0.217
"regulation of supramolecular fiber organization","MMEB9_C3",5,3,3.7e-24,0.584962500721156,0.4009
"positive regulation of protein localization","MMEB9_C3",1,3,3.7e-24,-1,0.2025
"positive regulation of cell projection organization","MMEB9_C3",1,3,3.7e-24,-1,0.262
"negative regulation of transferase activity","MMEB9_C3",1,2,3.7e-24,-0.584962500721156,0.5768
"autophagy of mitochondrion","MMEB9_C3",0,0,3.7e-24,0,1
"positive regulation of amide metabolic process","MMEB9_C3",5,2,3.7e-24,1,0.2017
"chromatin remodeling","MMEB9_C3",0,3,3.7e-24,-2,0.0318
"viral process","MMEB9_C3",1,3,3.7e-24,-1,0.2327
"macromolecule deacylation","MMEB9_C3",2,1,3.7e-24,0.584962500721156,0.6363
"mitotic cytokinesis","MMEB9_C3",2,1,3.7e-24,0.584962500721156,0.6371
"aromatic compound catabolic process","MMEB9_C3",4,4,3.7e-24,0,1
"vesicle localization","MMEB9_C3",1,1,3.7e-24,0,1
"establishment or maintenance of cell polarity","MMEB9_C3",0,1,3.7e-24,-1,0.414
"Wnt signaling pathway","MMEB9_C3",3,3,3.7e-24,0,1
"cell-cell signaling by wnt","MMEB9_C3",3,3,3.7e-24,0,1
"ATP metabolic process","MMEB9_C3",3,2,3.7e-24,0.415037499278844,0.7337
"cellular response to chemical stress","MMEB9_C3",3,2,3.7e-24,0.415037499278844,0.7545
"regulation of vacuole organization","MMEB9_C3",0,0,3.7e-24,0,1
"cellular response to external stimulus","MMEB9_C3",4,2,3.7e-24,0.736965594166206,0.2942
"negative regulation of protein phosphorylation","MMEB9_C3",5,3,3.7e-24,0.584962500721156,0.3755
"negative regulation of catabolic process","MMEB9_C3",4,2,3.7e-24,0.736965594166206,0.2894
"regulation of microtubule cytoskeleton organization","MMEB9_C3",2,1,3.7e-24,0.584962500721156,0.6377
"chromosome localization","MMEB9_C3",0,1,3.7e-24,-1,0.4199
"negative regulation of mitotic nuclear division","MMEB9_C3",1,0,3.7e-24,1,0.3977
"regulation of actin filament organization","MMEB9_C3",1,1,3.7e-24,0,1
"dephosphorylation","MMEB9_C3",1,3,3.7e-24,-1,0.2683
"glycosylation","MMEB9_C3",0,2,3.7e-24,-1.58496250072116,0.1489
"positive regulation of establishment of protein localization","MMEB9_C3",1,2,3.7e-24,-0.584962500721156,0.5299
"regulation of microtubule-based process","MMEB9_C3",3,2,3.7e-24,0.415037499278844,0.7303
"cell-substrate junction organization","MMEB9_C3",0,1,3.7e-24,-1,0.4859
"protein-containing complex localization","MMEB9_C3",1,2,3.7e-24,-0.584962500721156,0.5807
"mitochondrial transmembrane transport","MMEB9_C3",0,0,3.7e-24,0,1
"stem cell population maintenance","MMEB9_C3",1,1,3.7e-24,0,1
"ribosome assembly","MMEB9_C3",0,0,3.7e-24,0,1
"intraciliary transport","MMEB9_C3",0,0,3.7e-24,0,1
"Golgi to plasma membrane protein transport","MMEB9_C3",0,0,3.7e-24,0,1
"response to amino acid starvation","MMEB9_C3",1,0,3.7e-24,1,0.4072
"cellular response to extracellular stimulus","MMEB9_C3",1,2,3.7e-24,-0.584962500721156,0.5496
"cell growth","MMEB9_C3",2,3,3.7e-24,-0.415037499278844,0.5993
"protein glycosylation","MMEB9_C3",1,2,3.7e-24,-0.584962500721156,0.5834
"macromolecule glycosylation","MMEB9_C3",1,2,3.7e-24,-0.584962500721156,0.5347
"maintenance of cell number","MMEB9_C3",1,2,3.7e-24,-0.584962500721156,0.5734
"response to reactive oxygen species","MMEB9_C3",2,1,3.7e-24,0.584962500721156,0.6456
"regulation of cell morphogenesis","MMEB9_C3",1,2,3.7e-24,-0.584962500721156,0.5784
"regulation of cellular component size","MMEB9_C3",1,2,3.7e-24,-0.584962500721156,0.5281
"cell-substrate junction assembly","MMEB9_C3",0,0,3.7e-24,0,1
"membrane fission","MMEB9_C3",0,0,3.7e-24,0,1
"membrane docking","MMEB9_C3",0,0,3.7e-24,0,1
"fibroblast migration","MMEB9_C3",0,0,3.7e-24,0,1
"nucleus organization","MMEB9_C3",0,1,3.7e-24,-1,0.4431
"regulation of cell growth","MMEB9_C3",4,3,3.7e-24,0.321928094887362,0.7727
"fibroblast proliferation","MMEB9_C3",0,1,3.7e-24,-1,0.4828
"cell cycle G1/S phase transition","MMEB9_C3",1,1,3.7e-24,0,1
"actin filament organization","MMEB9_C3",2,3,3.7e-24,-0.415037499278844,0.593
"response to oxygen levels","MMEB9_C3",3,3,3.7e-24,0,1
"epigenetic regulation of gene expression","MMEB9_C3",0,1,3.7e-24,-1,0.4792
"organelle fusion","MMEB9_C3",1,1,3.7e-24,0,1
"lipoprotein metabolic process","MMEB9_C3",0,1,3.7e-24,-1,0.4802
"protein lipidation","MMEB9_C3",0,1,3.7e-24,-1,0.5157
"regulation of plasma membrane bounded cell projection assembly","MMEB9_C3",0,1,3.7e-24,-1,0.4101
"regulation of actin filament-based process","MMEB9_C3",0,3,3.7e-24,-2,0.0547
"regulation of GTPase activity","MMEB9_C3",1,2,3.7e-24,-0.584962500721156,0.5317
"nuclear envelope organization","MMEB9_C3",0,0,3.7e-24,0,1
"protein autophosphorylation","MMEB9_C3",0,1,3.7e-24,-1,0.415
"connective tissue development","MMEB9_C3",2,2,3.7e-24,0,1
"cellular response to heat","MMEB9_C3",0,0,3.7e-24,0,1
"myeloid cell homeostasis","MMEB9_C3",1,1,3.7e-24,0,1
"regulation of neuron projection development","MMEB9_C3",7,3,3.7e-24,1,0.2243
"receptor metabolic process","MMEB9_C3",0,0,3.7e-24,0,1
"maintenance of protein location in cell","MMEB9_C3",0,0,3.7e-24,0,1
"apoptotic mitochondrial changes","MMEB9_C3",1,1,3.7e-24,0,1
"response to transforming growth factor beta","MMEB9_C3",1,2,3.7e-24,-0.584962500721156,0.5822
"neural tube development","MMEB9_C3",2,1,3.7e-24,0.584962500721156,0.6453
"maintenance of protein location","MMEB9_C3",1,1,3.7e-24,0,1
"regulation of ubiquitin-protein transferase activity","MMEB9_C3",0,0,3.7e-24,0,1
"cilium assembly","MMEB9_C3",5,3,3.7e-24,0.584962500721156,0.3795
"mRNA export from nucleus","MMEB9_C3",0,0,3.7e-24,0,1
"regulation of cell-substrate junction organization","MMEB9_C3",0,1,3.7e-24,-1,0.5247
"membrane biogenesis","MMEB9_C3",1,0,3.7e-24,1,0.3968
"cilium organization","MMEB9_C3",3,2,3.7e-24,0.415037499278844,0.7512
"platelet-derived growth factor receptor signaling pathway","MMEB9_C3",0,0,3.7e-24,0,1
"iron-sulfur cluster assembly","MMEB9_C3",0,0,3.7e-24,0,1
"metallo-sulfur cluster assembly","MMEB9_C3",0,0,3.7e-24,0,1
"centromere complex assembly","MMEB9_C3",0,0,3.7e-24,0,1
"cellular response to oxygen levels","MMEB9_C3",1,1,3.7e-24,0,1
"fatty acid beta-oxidation","MMEB9_C3",0,0,3.7e-24,0,1
"organelle localization by membrane tethering","MMEB9_C3",1,1,3.7e-24,0,1
"autophagosome maturation","MMEB9_C3",0,0,3.7e-24,0,1
"cellular response to transforming growth factor beta stimulus","MMEB9_C3",0,1,3.7e-24,-1,0.42
"nucleotide catabolic process","MMEB9_C3",0,0,3.7e-24,0,1
"tube closure","MMEB9_C3",1,1,3.7e-24,0,1
"regulation of stem cell differentiation","MMEB9_C3",1,0,3.7e-24,1,0.4464
"substrate adhesion-dependent cell spreading","MMEB9_C3",2,0,3.7e-24,1.58496250072116,0.1204
"chondrocyte differentiation","MMEB9_C3",1,1,3.7e-24,0,1
"regulation of fibroblast proliferation","MMEB9_C3",0,1,3.7e-24,-1,0.4626
"morphogenesis of an epithelial sheet","MMEB9_C3",0,1,3.7e-24,-1,0.5256
"microtubule polymerization","MMEB9_C3",0,0,3.7e-24,0,1
"response to virus","MMEB9_C3",3,2,3.7e-24,0.415037499278844,0.7376
"membrane assembly","MMEB9_C3",0,0,3.7e-24,0,1
"COPII vesicle coating","MMEB9_C3",0,0,3.7e-24,0,1
"erythrocyte differentiation","MMEB9_C3",0,1,3.7e-24,-1,0.4855
"organophosphate catabolic process","MMEB9_C3",2,1,3.7e-24,0.584962500721156,0.6633
"regulation of embryonic development","MMEB9_C3",0,1,3.7e-24,-1,0.5246
"regulation of focal adhesion assembly","MMEB9_C3",0,0,3.7e-24,0,1
"regulation of cell-substrate junction assembly","MMEB9_C3",0,0,3.7e-24,0,1
"regulation of extracellular matrix organization","MMEB9_C3",2,0,3.7e-24,1.58496250072116,0.0788
"GPI anchor biosynthetic process","MMEB9_C3",0,0,3.7e-24,0,1
"lamellipodium organization","MMEB9_C3",0,1,3.7e-24,-1,0.5151
"positive regulation of stem cell population maintenance","MMEB9_C3",0,0,3.7e-24,0,1
"monosaccharide metabolic process","MMEB9_C3",1,2,3.7e-24,-0.584962500721156,0.5785
"U2-type prespliceosome assembly","MMEB9_C3",0,0,3.7e-24,0,1
"heterochromatin formation","MMEB9_C3",1,0,3.7e-24,1,0.4492
"peroxisome organization","MMEB9_C3",0,0,3.7e-24,0,1
"regulation of mitochondrial fission","MMEB9_C3",0,0,3.7e-24,0,1
"cellular pigmentation","MMEB9_C3",3,1,3.7e-24,1,0.4684
"regulation of fibroblast migration","MMEB9_C3",0,0,3.7e-24,0,1
"cellular carbohydrate metabolic process","MMEB9_C3",1,2,3.7e-24,-0.584962500721156,0.5426
"positive regulation of axonogenesis","MMEB9_C3",0,0,3.7e-24,0,1
"kinetochore organization","MMEB9_C3",0,0,3.7e-24,0,1
"stem cell differentiation","MMEB9_C3",1,2,3.7e-24,-0.584962500721156,0.53
"proton transmembrane transport","MMEB9_C3",0,1,3.7e-24,-1,0.5273
"cellular response to insulin stimulus","MMEB9_C3",2,1,3.7e-24,0.584962500721156,0.6774
"establishment of mitotic spindle localization","MMEB9_C3",0,0,3.7e-24,0,1
"cell redox homeostasis","MMEB9_C3",0,0,3.7e-24,0,1
"stress granule assembly","MMEB9_C3",0,0,3.7e-24,0,1
"protein neddylation","MMEB9_C3",0,0,3.7e-24,0,1
"regulation of mitochondrial membrane potential","MMEB9_C3",3,0,3.7e-24,2,0.0127
"neuron death","MMEB9_C3",2,2,3.7e-24,0,1
"defense response to virus","MMEB9_C3",1,2,3.7e-24,-0.584962500721156,0.5463
"sulfur compound metabolic process","MMEB9_C3",1,2,3.7e-24,-0.584962500721156,0.5302
"NADP metabolic process","MMEB9_C3",1,0,3.7e-24,1,0.1685
"vacuolar acidification","MMEB9_C3",0,0,3.7e-24,0,1
"oligosaccharide-lipid intermediate biosynthetic process","MMEB9_C3",0,0,3.7e-24,0,1
"lysosomal lumen acidification","MMEB9_C3",0,0,3.7e-24,0,1
"glycosyl compound biosynthetic process","MMEB9_C3",0,0,3.7e-24,0,1
"heart valve development","MMEB9_C3",0,0,3.7e-24,0,1
"water-soluble vitamin metabolic process","MMEB9_C3",1,0,3.7e-24,1,0.3701
"interferon-beta production","MMEB9_C3",1,0,3.7e-24,1,0.3442
"regulation of interferon-beta production","MMEB9_C3",0,0,3.7e-24,0,1
"branched-chain amino acid metabolic process","MMEB9_C3",0,0,3.7e-24,0,1
"regulation of mitochondrial membrane permeability","MMEB9_C3",0,0,3.7e-24,0,1
"respiratory tube development","MMEB9_C3",1,1,3.7e-24,0,1
"cellular senescence","MMEB9_C3",0,0,3.7e-24,0,1
"positive regulation of neurogenesis","MMEB9_C3",1,1,3.7e-24,0,1
"mitochondrial outer membrane permeabilization","MMEB9_C3",0,0,3.7e-24,0,1
"immune system development","MMEB9_C3",4,1,3.7e-24,1.32192809488736,0.0727
"clathrin-dependent endocytosis","MMEB9_C3",1,0,3.7e-24,1,0.4878
"positive regulation of viral process","MMEB9_C3",1,0,3.7e-24,1,0.2957
"bone development","MMEB9_C3",0,2,3.7e-24,-1.58496250072116,0.1282
"cell-substrate adhesion","MMEB9_C3",4,2,3.7e-24,0.736965594166206,0.2913
"positive regulation of microtubule polymerization","MMEB9_C3",0,0,3.7e-24,0,1
"pteridine-containing compound metabolic process","MMEB9_C3",1,0,3.7e-24,1,0.202
"response to arsenic-containing substance","MMEB9_C3",0,0,3.7e-24,0,1
"response to insulin","MMEB9_C3",1,2,3.7e-24,-0.584962500721156,0.5463
"ubiquinone metabolic process","MMEB9_C3",0,0,3.7e-24,0,1
"cellular response to arsenic-containing substance","MMEB9_C3",0,0,3.7e-24,0,1
"inositol phosphate catabolic process","MMEB9_C3",0,0,3.7e-24,0,1
"telomerase RNA localization to Cajal body","MMEB9_C3",0,0,3.7e-24,0,1
"respiratory system development","MMEB9_C3",1,2,3.7e-24,-0.584962500721156,0.5709
"regulation of generation of precursor metabolites and energy","MMEB9_C3",0,1,3.7e-24,-1,0.4585
"mitochondrial calcium ion homeostasis","MMEB9_C3",1,0,3.7e-24,1,0.2047
"G0 to G1 transition","MMEB9_C3",0,0,3.7e-24,0,1
"mitochondrial genome maintenance","MMEB9_C3",0,0,3.7e-24,0,1
"release of cytochrome c from mitochondria","MMEB9_C3",1,0,3.7e-24,1,0.3039
"cortical cytoskeleton organization","MMEB9_C3",0,0,3.7e-24,0,1
"response to sterol depletion","MMEB9_C3",0,0,3.7e-24,0,1
"regulation of ncRNA transcription","MMEB9_C3",0,0,3.7e-24,0,1
"mesenchymal cell differentiation","MMEB9_C3",2,1,3.7e-24,0.584962500721156,0.6762
"protein-DNA complex subunit organization","MMEB9_C3",2,2,3.7e-24,0,1
"response to fluid shear stress","MMEB9_C3",1,0,3.7e-24,1,0.245
"collagen fibril organization","MMEB9_C3",0,0,3.7e-24,0,1
"roof of mouth development","MMEB9_C3",0,0,3.7e-24,0,1
"regulation of protein dephosphorylation","MMEB9_C3",0,0,3.7e-24,0,1
"multicellular organism growth","MMEB9_C3",3,1,3.7e-24,1,0.4574
"miRNA processing","MMEB9_C3",0,0,3.7e-24,0,1
"small molecule catabolic process","MMEB9_C3",4,3,3.7e-24,0.321928094887362,0.7755
"regulation of G0 to G1 transition","MMEB9_C3",0,0,3.7e-24,0,1
"circadian regulation of gene expression","MMEB9_C3",0,0,3.7e-24,0,1
"regulation of translational fidelity","MMEB9_C3",0,0,3.7e-24,0,1
"ubiquinone biosynthetic process","MMEB9_C3",0,0,3.7e-24,0,1
"mitochondrial calcium ion transmembrane transport","MMEB9_C3",0,0,3.7e-24,0,1
"quinone biosynthetic process","MMEB9_C3",0,0,3.7e-24,0,1
"viral release from host cell","MMEB9_C3",0,0,3.7e-24,0,1
"exit from host cell","MMEB9_C3",0,0,3.7e-24,0,1
"positive regulation of GTPase activity","MMEB9_C3",2,2,3.7e-24,0,1
"regulation of cytokinesis","MMEB9_C3",1,1,3.7e-24,0,1
"mitochondrion localization","MMEB9_C3",0,0,3.7e-24,0,1
"renal system development","MMEB9_C3",4,2,3.7e-24,0.736965594166206,0.3286
"regulation of cysteine-type endopeptidase activity involved in apoptotic process","MMEB9_C3",0,1,3.7e-24,-1,0.4088
"regulation of cell-substrate adhesion","MMEB9_C3",1,1,3.7e-24,0,1
"centrosome localization","MMEB9_C3",0,0,3.7e-24,0,1
"microtubule organizing center localization","MMEB9_C3",0,0,3.7e-24,0,1
"pinocytosis","MMEB9_C3",0,0,3.7e-24,0,1
"lamellipodium assembly","MMEB9_C3",0,1,3.7e-24,-1,0.4957
"cellular response to sterol depletion","MMEB9_C3",0,0,3.7e-24,0,1
"placenta development","MMEB9_C3",3,1,3.7e-24,1,0.4217
"rhythmic process","MMEB9_C3",3,2,3.7e-24,0.415037499278844,0.7473
"spindle localization","MMEB9_C3",0,0,3.7e-24,0,1
"carbohydrate derivative catabolic process","MMEB9_C3",0,1,3.7e-24,-1,0.4287
"response to amino acid","MMEB9_C3",0,1,3.7e-24,-1,0.4579
"regulation of intracellular steroid hormone receptor signaling pathway","MMEB9_C3",0,0,3.7e-24,0,1
"regulation of neuron death","MMEB9_C3",2,2,3.7e-24,0,1
"ossification","MMEB9_C3",4,3,3.7e-24,0.321928094887362,0.7735
"mammary gland epithelial cell proliferation","MMEB9_C3",0,0,3.7e-24,0,1
"ribosomal subunit export from nucleus","MMEB9_C3",0,0,3.7e-24,0,1
"ribosome localization","MMEB9_C3",0,0,3.7e-24,0,1
"protein transport to vacuole involved in ubiquitin-dependent protein catabolic process via the multivesicular body sorting pathway","MMEB9_C3",0,0,3.7e-24,0,1
"seminiferous tubule development","MMEB9_C3",0,0,3.7e-24,0,1
"cellular response to acid chemical","MMEB9_C3",0,1,3.7e-24,-1,0.4447
"positive regulation of kinase activity","MMEB9_C3",0,3,3.7e-24,-2,0.0444
"positive regulation by host of viral process","MMEB9_C3",1,0,3.7e-24,1,0.1024
"mitochondrion morphogenesis","MMEB9_C3",0,0,3.7e-24,0,1
"regulation of establishment of cell polarity","MMEB9_C3",1,0,3.7e-24,1,0.1793
"cellular lipid catabolic process","MMEB9_C3",0,1,3.7e-24,-1,0.4159
"neuron apoptotic process","MMEB9_C3",1,2,3.7e-24,-0.584962500721156,0.5581
"inner cell mass cell proliferation","MMEB9_C3",0,0,3.7e-24,0,1
"polyamine biosynthetic process","MMEB9_C3",1,0,3.7e-24,1,0.1513
"folic acid metabolic process","MMEB9_C3",0,0,3.7e-24,0,1
"organelle inheritance","MMEB9_C3",0,0,3.7e-24,0,1
"polyol metabolic process","MMEB9_C3",0,0,3.7e-24,0,1
"regulation of type I interferon-mediated signaling pathway","MMEB9_C3",0,0,3.7e-24,0,1
"intracellular lipid transport","MMEB9_C3",0,0,3.7e-24,0,1
"fat cell differentiation","MMEB9_C3",1,1,3.7e-24,0,1
"iron ion homeostasis","MMEB9_C3",1,1,3.7e-24,0,1
"negative regulation of cell projection organization","MMEB9_C3",0,1,3.7e-24,-1,0.427
"dicarboxylic acid metabolic process","MMEB9_C3",0,0,3.7e-24,0,1
"regulation of anatomical structure size","MMEB9_C3",0,3,3.7e-24,-2,0.0299
"regulation of small molecule metabolic process","MMEB9_C3",5,2,3.7e-24,1,0.1871
"pentose-phosphate shunt","MMEB9_C3",0,0,3.7e-24,0,1
"pericardium development","MMEB9_C3",0,0,3.7e-24,0,1
"lysosomal protein catabolic process","MMEB9_C3",2,0,3.7e-24,1.58496250072116,0.0344
"carbohydrate derivative transport","MMEB9_C3",1,0,3.7e-24,1,0.437
"alcohol biosynthetic process","MMEB9_C3",0,1,3.7e-24,-1,0.437
"regulation of membrane permeability","MMEB9_C3",1,0,3.7e-24,1,0.3202
"signal peptide processing","MMEB9_C3",0,0,3.7e-24,0,1
"UV-damage excision repair","MMEB9_C3",0,0,3.7e-24,0,1
"biological process involved in interaction with host","MMEB9_C3",2,1,3.7e-24,0.584962500721156,0.6719
"body morphogenesis","MMEB9_C3",0,0,3.7e-24,0,1
"extracellular vesicle biogenesis","MMEB9_C3",0,0,3.7e-24,0,1
"negative regulation of defense response to virus","MMEB9_C3",0,0,3.7e-24,0,1
"aminoglycan biosynthetic process","MMEB9_C3",1,0,3.7e-24,1,0.4416
"sterol biosynthetic process","MMEB9_C3",0,0,3.7e-24,0,1
"polyamine metabolic process","MMEB9_C3",0,0,3.7e-24,0,1
"magnesium ion transport","MMEB9_C3",0,0,3.7e-24,0,1
"lamellipodium morphogenesis","MMEB9_C3",0,0,3.7e-24,0,1
"positive regulation of neuron migration","MMEB9_C3",0,0,3.7e-24,0,1
"regulation of glucose metabolic process","MMEB9_C3",1,0,3.7e-24,1,0.4348
"monosaccharide biosynthetic process","MMEB9_C3",0,1,3.7e-24,-1,0.486
"response to acid chemical","MMEB9_C3",1,0,3.7e-24,1,0.4689
"regulation of carbohydrate metabolic process","MMEB9_C3",0,1,3.7e-24,-1,0.4167
"positive regulation of nervous system development","MMEB9_C3",2,2,3.7e-24,0,1
"regulation of circadian rhythm","MMEB9_C3",1,1,3.7e-24,0,1
"trabecula morphogenesis","MMEB9_C3",0,0,3.7e-24,0,1
"pigment accumulation","MMEB9_C3",0,0,3.7e-24,0,1
"cellular pigment accumulation","MMEB9_C3",0,0,3.7e-24,0,1
"regulation of pinocytosis","MMEB9_C3",0,0,3.7e-24,0,1
"regulation of ligase activity","MMEB9_C3",0,0,3.7e-24,0,1
"smoothened signaling pathway involved in dorsal/ventral neural tube patterning","MMEB9_C3",0,0,3.7e-24,0,1
"glycosyl compound metabolic process","MMEB9_C3",0,0,3.7e-24,0,1
"substantia nigra development","MMEB9_C3",0,0,3.7e-24,0,1
"negative regulation of GTPase activity","MMEB9_C3",0,0,3.7e-24,0,1
"axon extension","MMEB9_C3",0,1,3.7e-24,-1,0.5071
"positive regulation of epithelial to mesenchymal transition","MMEB9_C3",0,0,3.7e-24,0,1
"one-carbon metabolic process","MMEB9_C3",0,0,3.7e-24,0,1
"NADPH regeneration","MMEB9_C3",0,0,3.7e-24,0,1
"cellular response to dsRNA","MMEB9_C3",0,0,3.7e-24,0,1
"neuron projection organization","MMEB9_C3",1,0,3.7e-24,1,0.4456
"postsynapse organization","MMEB9_C3",1,1,3.7e-24,0,1
"regulation of ketone biosynthetic process","MMEB9_C3",0,0,3.7e-24,0,1
"mitochondrion distribution","MMEB9_C3",0,0,3.7e-24,0,1
"regulation of autophagosome maturation","MMEB9_C3",0,0,3.7e-24,0,1
"magnesium ion transmembrane transport","MMEB9_C3",0,0,3.7e-24,0,1
"regulation of cell division","MMEB9_C3",1,1,3.7e-24,0,1
"intermembrane lipid transfer","MMEB9_C3",0,0,3.7e-24,0,1
"organophosphate ester transport","MMEB9_C3",1,1,3.7e-24,0,1
"movement in host","MMEB9_C3",2,1,3.7e-24,0.584962500721156,0.6453
"extracellular matrix assembly","MMEB9_C3",0,0,3.7e-24,0,1
"cellular metabolic compound salvage","MMEB9_C3",0,0,3.7e-24,0,1
"regulation of ATP-dependent activity","MMEB9_C3",0,0,3.7e-24,0,1
"cell migration involved in heart development","MMEB9_C3",0,0,3.7e-24,0,1
"cellular response to fluid shear stress","MMEB9_C3",0,0,3.7e-24,0,1
"sphingomyelin biosynthetic process","MMEB9_C3",0,0,3.7e-24,0,1
"ether lipid biosynthetic process","MMEB9_C3",1,0,3.7e-24,1,0.0617
"embryonic body morphogenesis","MMEB9_C3",0,0,3.7e-24,0,1
"amino sugar biosynthetic process","MMEB9_C3",0,0,3.7e-24,0,1
"glycerol ether biosynthetic process","MMEB9_C3",0,0,3.7e-24,0,1
"pigmentation","MMEB9_C3",0,1,3.7e-24,-1,0.5246
"cellular response to ketone","MMEB9_C3",0,1,3.7e-24,-1,0.4831
"nonribosomal peptide biosynthetic process","MMEB9_C3",0,0,3.7e-24,0,1
"glial cell apoptotic process","MMEB9_C3",0,0,3.7e-24,0,1
"lipoprotein catabolic process","MMEB9_C3",0,0,3.7e-24,0,1
"suppression of viral release by host","MMEB9_C3",1,0,3.7e-24,1,0.1252
"chaperone-mediated autophagy","MMEB9_C3",0,0,3.7e-24,0,1
"regulation of steroid hormone biosynthetic process","MMEB9_C3",0,0,3.7e-24,0,1
"synaptic vesicle lumen acidification","MMEB9_C3",0,0,3.7e-24,0,1
"semaphorin-plexin signaling pathway involved in neuron projection guidance","MMEB9_C3",0,0,3.7e-24,0,1
"regulation of Golgi organization","MMEB9_C3",0,0,3.7e-24,0,1
"Schwann cell differentiation","MMEB9_C3",1,0,3.7e-24,1,0.1688
"neurotrophin signaling pathway","MMEB9_C3",0,0,3.7e-24,0,1
"regulation of microtubule depolymerization","MMEB9_C3",0,0,3.7e-24,0,1
"basement membrane organization","MMEB9_C3",0,0,3.7e-24,0,1
"establishment or maintenance of epithelial cell apical/basal polarity","MMEB9_C3",0,0,3.7e-24,0,1
"face development","MMEB9_C3",1,0,3.7e-24,1,0.3118
"osteoblast differentiation","MMEB9_C3",1,1,3.7e-24,0,1
"appendage development","MMEB9_C3",1,1,3.7e-24,0,1
"limb development","MMEB9_C3",2,1,3.7e-24,0.584962500721156,0.6408
"regulation of ATP metabolic process","MMEB9_C3",1,0,3.7e-24,1,0.3446
"developmental growth involved in morphogenesis","MMEB9_C3",1,1,3.7e-24,0,1
"embryonic organ development","MMEB9_C3",4,3,3.7e-24,0.321928094887362,0.7715
"negative regulation of growth","MMEB9_C3",1,1,3.7e-24,0,1
"microtubule depolymerization","MMEB9_C3",0,0,3.7e-24,0,1
"heme metabolic process","MMEB9_C3",0,0,3.7e-24,0,1
"regulation of neuron apoptotic process","MMEB9_C3",1,2,3.7e-24,-0.584962500721156,0.5868
"plasma membrane tubulation","MMEB9_C3",0,0,3.7e-24,0,1
"exosomal secretion","MMEB9_C3",0,0,3.7e-24,0,1
"vasculogenesis","MMEB9_C3",0,0,3.7e-24,0,1
"toxin transport","MMEB9_C3",0,0,3.7e-24,0,1
