"region","sample","obs.mut","sim.mut","sim.mut.normality","log2fc","pvalue"
"ncRNA processing","C1_05_24",3,5,3.7e-24,-0.584962500721156,0.3218
"ribosome biogenesis","C1_05_24",6,3,3.7e-24,0.807354922057604,0.2855
"rRNA metabolic process","C1_05_24",2,3,3.7e-24,-0.415037499278844,0.5993
"proteasome-mediated ubiquitin-dependent protein catabolic process","C1_05_24",4,4,3.7e-24,0,1
"regulation of response to DNA damage stimulus","C1_05_24",1,4,3.7e-24,-1.32192809488736,0.1071
"establishment of protein localization to organelle","C1_05_24",1,5,3.7e-24,-1.58496250072116,0.0452
"macroautophagy","C1_05_24",4,3,3.7e-24,0.321928094887362,0.7727
"regulation of chromosome organization","C1_05_24",1,2,3.7e-24,-0.584962500721156,0.5266
"Golgi vesicle transport","C1_05_24",3,4,3.7e-24,-0.321928094887362,0.6611
"double-strand break repair","C1_05_24",0,3,3.7e-24,-2,0.0325
"histone modification","C1_05_24",2,5,3.7e-24,-1,0.124
"sister chromatid segregation","C1_05_24",1,2,3.7e-24,-0.584962500721156,0.5318
"DNA replication","C1_05_24",4,3,3.7e-24,0.321928094887362,0.7762
"chromosome segregation","C1_05_24",4,5,3.7e-24,-0.263034405833794,0.6718
"mitochondrial gene expression","C1_05_24",2,2,3.7e-24,0,1
"nucleocytoplasmic transport","C1_05_24",1,3,3.7e-24,-1,0.2261
"nuclear transport","C1_05_24",2,4,3.7e-24,-0.736965594166206,0.3028
"regulation of DNA repair","C1_05_24",1,2,3.7e-24,-0.584962500721156,0.5325
"peptidyl-lysine modification","C1_05_24",3,4,3.7e-24,-0.321928094887362,0.6685
"protein targeting","C1_05_24",4,4,3.7e-24,0,1
"cytoplasmic translation","C1_05_24",3,1,3.7e-24,1,0.4143
"regulation of autophagy","C1_05_24",6,4,3.7e-24,0.485426827170242,0.4598
"signal transduction in response to DNA damage","C1_05_24",0,2,3.7e-24,-1.58496250072116,0.0932
"regulation of intracellular transport","C1_05_24",2,3,3.7e-24,-0.415037499278844,0.6131
"protein localization to nucleus","C1_05_24",3,3,3.7e-24,0,1
"microtubule cytoskeleton organization involved in mitosis","C1_05_24",2,1,3.7e-24,0.584962500721156,0.6473
"telomere maintenance","C1_05_24",2,2,3.7e-24,0,1
"cell cycle checkpoint signaling","C1_05_24",5,2,3.7e-24,1,0.1906
"regulation of protein modification by small protein conjugation or removal","C1_05_24",2,2,3.7e-24,0,1
"cellular respiration","C1_05_24",2,3,3.7e-24,-0.415037499278844,0.5899
"cellular component disassembly","C1_05_24",6,5,3.7e-24,0.222392421336448,0.825
"nuclear chromosome segregation","C1_05_24",4,4,3.7e-24,0,1
"regulation of protein stability","C1_05_24",4,3,3.7e-24,0.321928094887362,0.78
"regulation of cell cycle phase transition","C1_05_24",6,5,3.7e-24,0.222392421336448,0.8258
"regulation of protein catabolic process","C1_05_24",4,4,3.7e-24,0,1
"response to endoplasmic reticulum stress","C1_05_24",3,3,3.7e-24,0,1
"vesicle organization","C1_05_24",7,4,3.7e-24,0.678071905112638,0.3381
"mitochondrial respiratory chain complex assembly","C1_05_24",1,1,3.7e-24,0,1
"DNA-templated transcription elongation","C1_05_24",0,2,3.7e-24,-1.58496250072116,0.1719
"mitochondrial transport","C1_05_24",0,2,3.7e-24,-1.58496250072116,0.0874
"establishment of organelle localization","C1_05_24",2,4,3.7e-24,-0.736965594166206,0.2672
"regulation of intracellular protein transport","C1_05_24",3,2,3.7e-24,0.415037499278844,0.7276
"response to UV","C1_05_24",2,1,3.7e-24,0.584962500721156,0.6878
"RNA localization","C1_05_24",1,2,3.7e-24,-0.584962500721156,0.5656
"response to topologically incorrect protein","C1_05_24",2,1,3.7e-24,0.584962500721156,0.6836
"organelle fission","C1_05_24",1,5,3.7e-24,-1.58496250072116,0.0389
"non-membrane-bounded organelle assembly","C1_05_24",4,4,3.7e-24,0,1
"protein polyubiquitination","C1_05_24",2,3,3.7e-24,-0.415037499278844,0.6294
"methylation","C1_05_24",4,4,3.7e-24,0,1
"phospholipid biosynthetic process","C1_05_24",2,3,3.7e-24,-0.415037499278844,0.5983
"oxidative phosphorylation","C1_05_24",0,1,3.7e-24,-1,0.4225
"establishment of protein localization to membrane","C1_05_24",4,3,3.7e-24,0.321928094887362,0.766
"in utero embryonic development","C1_05_24",1,4,3.7e-24,-1.32192809488736,0.0666
"vacuole organization","C1_05_24",3,2,3.7e-24,0.415037499278844,0.738
"nuclear-transcribed mRNA catabolic process","C1_05_24",1,1,3.7e-24,0,1
"protein folding","C1_05_24",1,2,3.7e-24,-0.584962500721156,0.5274
"DNA conformation change","C1_05_24",1,1,3.7e-24,0,1
"regulation of chromosome segregation","C1_05_24",2,2,3.7e-24,0,1
"regulation of apoptotic signaling pathway","C1_05_24",6,4,3.7e-24,0.485426827170242,0.4628
"cell cycle G2/M phase transition","C1_05_24",3,2,3.7e-24,0.415037499278844,0.7241
"vacuolar transport","C1_05_24",1,2,3.7e-24,-0.584962500721156,0.5307
"response to ionizing radiation","C1_05_24",1,1,3.7e-24,0,1
"cellular response to UV","C1_05_24",1,1,3.7e-24,0,1
"regulation of binding","C1_05_24",3,4,3.7e-24,-0.321928094887362,0.6595
"nucleic acid transport","C1_05_24",0,2,3.7e-24,-1.58496250072116,0.1297
"RNA transport","C1_05_24",0,2,3.7e-24,-1.58496250072116,0.1447
"ribonucleoprotein complex subunit organization","C1_05_24",1,3,3.7e-24,-1,0.2295
"regulation of DNA replication","C1_05_24",0,2,3.7e-24,-1.58496250072116,0.1808
"ribose phosphate metabolic process","C1_05_24",4,5,3.7e-24,-0.263034405833794,0.6953
"proton motive force-driven ATP synthesis","C1_05_24",0,1,3.7e-24,-1,0.505
"ribonucleotide metabolic process","C1_05_24",1,4,3.7e-24,-1.32192809488736,0.078
"telomere organization","C1_05_24",2,2,3.7e-24,0,1
"cellular response to topologically incorrect protein","C1_05_24",2,1,3.7e-24,0.584962500721156,0.6584
"Golgi organization","C1_05_24",1,1,3.7e-24,0,1
"ribonucleoprotein complex assembly","C1_05_24",2,2,3.7e-24,0,1
"cellular nitrogen compound catabolic process","C1_05_24",4,4,3.7e-24,0,1
"negative regulation of phosphorus metabolic process","C1_05_24",5,4,3.7e-24,0.263034405833794,0.8065
"heterocycle catabolic process","C1_05_24",5,4,3.7e-24,0.263034405833794,0.8157
"mitochondrial membrane organization","C1_05_24",1,1,3.7e-24,0,1
"regulation of protein-containing complex assembly","C1_05_24",3,3,3.7e-24,0,1
"positive regulation of cellular component biogenesis","C1_05_24",4,5,3.7e-24,-0.263034405833794,0.6852
"response to oxidative stress","C1_05_24",5,4,3.7e-24,0.263034405833794,0.8021
"regulation of supramolecular fiber organization","C1_05_24",4,4,3.7e-24,0,1
"positive regulation of protein localization","C1_05_24",5,4,3.7e-24,0.263034405833794,0.8088
"positive regulation of cell projection organization","C1_05_24",2,3,3.7e-24,-0.415037499278844,0.5896
"negative regulation of transferase activity","C1_05_24",1,2,3.7e-24,-0.584962500721156,0.5231
"autophagy of mitochondrion","C1_05_24",1,1,3.7e-24,0,1
"positive regulation of amide metabolic process","C1_05_24",1,2,3.7e-24,-0.584962500721156,0.5333
"chromatin remodeling","C1_05_24",2,4,3.7e-24,-0.736965594166206,0.3001
"viral process","C1_05_24",0,3,3.7e-24,-2,0.0314
"macromolecule deacylation","C1_05_24",0,1,3.7e-24,-1,0.4131
"mitotic cytokinesis","C1_05_24",1,1,3.7e-24,0,1
"aromatic compound catabolic process","C1_05_24",5,5,3.7e-24,0,1
"vesicle localization","C1_05_24",1,2,3.7e-24,-0.584962500721156,0.5327
"establishment or maintenance of cell polarity","C1_05_24",4,2,3.7e-24,0.736965594166206,0.3371
"Wnt signaling pathway","C1_05_24",6,4,3.7e-24,0.485426827170242,0.4579
"cell-cell signaling by wnt","C1_05_24",0,4,3.7e-24,-2.32192809488736,0.0159
"ATP metabolic process","C1_05_24",3,2,3.7e-24,0.415037499278844,0.7331
"cellular response to chemical stress","C1_05_24",2,4,3.7e-24,-0.736965594166206,0.3165
"regulation of vacuole organization","C1_05_24",1,0,3.7e-24,1,0.4834
"cellular response to external stimulus","C1_05_24",3,3,3.7e-24,0,1
"negative regulation of protein phosphorylation","C1_05_24",1,3,3.7e-24,-1,0.2437
"negative regulation of catabolic process","C1_05_24",2,3,3.7e-24,-0.415037499278844,0.5968
"regulation of microtubule cytoskeleton organization","C1_05_24",0,1,3.7e-24,-1,0.4128
"chromosome localization","C1_05_24",2,1,3.7e-24,0.584962500721156,0.6415
"negative regulation of mitotic nuclear division","C1_05_24",0,0,3.7e-24,0,1
"regulation of actin filament organization","C1_05_24",2,2,3.7e-24,0,1
"dephosphorylation","C1_05_24",2,4,3.7e-24,-0.736965594166206,0.3168
"glycosylation","C1_05_24",0,2,3.7e-24,-1.58496250072116,0.1201
"positive regulation of establishment of protein localization","C1_05_24",1,3,3.7e-24,-1,0.2147
"regulation of microtubule-based process","C1_05_24",2,2,3.7e-24,0,1
"cell-substrate junction organization","C1_05_24",0,1,3.7e-24,-1,0.4116
"protein-containing complex localization","C1_05_24",1,2,3.7e-24,-0.584962500721156,0.5373
"mitochondrial transmembrane transport","C1_05_24",1,1,3.7e-24,0,1
"stem cell population maintenance","C1_05_24",0,1,3.7e-24,-1,0.4048
"ribosome assembly","C1_05_24",3,1,3.7e-24,1,0.4507
"intraciliary transport","C1_05_24",1,1,3.7e-24,0,1
"Golgi to plasma membrane protein transport","C1_05_24",0,0,3.7e-24,0,1
"response to amino acid starvation","C1_05_24",0,1,3.7e-24,-1,0.4856
"cellular response to extracellular stimulus","C1_05_24",2,2,3.7e-24,0,1
"cell growth","C1_05_24",2,4,3.7e-24,-0.736965594166206,0.2666
"protein glycosylation","C1_05_24",1,3,3.7e-24,-1,0.2377
"macromolecule glycosylation","C1_05_24",3,2,3.7e-24,0.415037499278844,0.7368
"maintenance of cell number","C1_05_24",0,2,3.7e-24,-1.58496250072116,0.1228
"response to reactive oxygen species","C1_05_24",3,2,3.7e-24,0.415037499278844,0.7348
"regulation of cell morphogenesis","C1_05_24",0,2,3.7e-24,-1.58496250072116,0.1064
"regulation of cellular component size","C1_05_24",0,4,3.7e-24,-2.32192809488736,0.0228
"cell-substrate junction assembly","C1_05_24",0,1,3.7e-24,-1,0.4854
"membrane fission","C1_05_24",0,0,3.7e-24,0,1
"membrane docking","C1_05_24",0,1,3.7e-24,-1,0.4853
"fibroblast migration","C1_05_24",0,0,3.7e-24,0,1
"nucleus organization","C1_05_24",4,2,3.7e-24,0.736965594166206,0.2754
"regulation of cell growth","C1_05_24",6,4,3.7e-24,0.485426827170242,0.4567
"fibroblast proliferation","C1_05_24",0,1,3.7e-24,-1,0.4175
"cell cycle G1/S phase transition","C1_05_24",2,2,3.7e-24,0,1
"actin filament organization","C1_05_24",3,4,3.7e-24,-0.321928094887362,0.652
"response to oxygen levels","C1_05_24",3,3,3.7e-24,0,1
"epigenetic regulation of gene expression","C1_05_24",1,2,3.7e-24,-0.584962500721156,0.5718
"organelle fusion","C1_05_24",0,1,3.7e-24,-1,0.4187
"lipoprotein metabolic process","C1_05_24",0,1,3.7e-24,-1,0.4078
"protein lipidation","C1_05_24",0,1,3.7e-24,-1,0.418
"regulation of plasma membrane bounded cell projection assembly","C1_05_24",2,2,3.7e-24,0,1
"regulation of actin filament-based process","C1_05_24",3,4,3.7e-24,-0.321928094887362,0.6705
"regulation of GTPase activity","C1_05_24",2,3,3.7e-24,-0.415037499278844,0.5991
"nuclear envelope organization","C1_05_24",2,0,3.7e-24,1.58496250072116,0.1506
"protein autophosphorylation","C1_05_24",0,2,3.7e-24,-1.58496250072116,0.1313
"connective tissue development","C1_05_24",4,3,3.7e-24,0.321928094887362,0.7764
"cellular response to heat","C1_05_24",0,0,3.7e-24,0,1
"myeloid cell homeostasis","C1_05_24",4,2,3.7e-24,0.736965594166206,0.278
"regulation of neuron projection development","C1_05_24",3,4,3.7e-24,-0.321928094887362,0.6501
"receptor metabolic process","C1_05_24",1,1,3.7e-24,0,1
"maintenance of protein location in cell","C1_05_24",0,1,3.7e-24,-1,0.5099
"apoptotic mitochondrial changes","C1_05_24",0,1,3.7e-24,-1,0.4046
"response to transforming growth factor beta","C1_05_24",0,2,3.7e-24,-1.58496250072116,0.0833
"neural tube development","C1_05_24",1,2,3.7e-24,-0.584962500721156,0.5904
"maintenance of protein location","C1_05_24",1,1,3.7e-24,0,1
"regulation of ubiquitin-protein transferase activity","C1_05_24",1,0,3.7e-24,1,0.4588
"cilium assembly","C1_05_24",1,3,3.7e-24,-1,0.2079
"mRNA export from nucleus","C1_05_24",0,0,3.7e-24,0,1
"regulation of cell-substrate junction organization","C1_05_24",2,0,3.7e-24,1.58496250072116,0.1155
"membrane biogenesis","C1_05_24",1,1,3.7e-24,0,1
"cilium organization","C1_05_24",3,4,3.7e-24,-0.321928094887362,0.6464
"platelet-derived growth factor receptor signaling pathway","C1_05_24",0,1,3.7e-24,-1,0.5104
"iron-sulfur cluster assembly","C1_05_24",1,1,3.7e-24,0,1
"metallo-sulfur cluster assembly","C1_05_24",2,0,3.7e-24,1.58496250072116,0.0696
"centromere complex assembly","C1_05_24",0,0,3.7e-24,0,1
"cellular response to oxygen levels","C1_05_24",1,1,3.7e-24,0,1
"fatty acid beta-oxidation","C1_05_24",0,0,3.7e-24,0,1
"organelle localization by membrane tethering","C1_05_24",1,0,3.7e-24,1,0.486
"autophagosome maturation","C1_05_24",1,1,3.7e-24,0,1
"cellular response to transforming growth factor beta stimulus","C1_05_24",1,3,3.7e-24,-1,0.2613
"nucleotide catabolic process","C1_05_24",0,1,3.7e-24,-1,0.4177
"tube closure","C1_05_24",1,1,3.7e-24,0,1
"regulation of stem cell differentiation","C1_05_24",0,1,3.7e-24,-1,0.5242
"substrate adhesion-dependent cell spreading","C1_05_24",2,1,3.7e-24,0.584962500721156,0.6256
"chondrocyte differentiation","C1_05_24",0,2,3.7e-24,-1.58496250072116,0.1754
"regulation of fibroblast proliferation","C1_05_24",1,0,3.7e-24,1,0.4891
"morphogenesis of an epithelial sheet","C1_05_24",0,0,3.7e-24,0,1
"microtubule polymerization","C1_05_24",1,1,3.7e-24,0,1
"response to virus","C1_05_24",3,4,3.7e-24,-0.321928094887362,0.6473
"membrane assembly","C1_05_24",0,1,3.7e-24,-1,0.4658
"COPII vesicle coating","C1_05_24",0,0,3.7e-24,0,1
"erythrocyte differentiation","C1_05_24",1,2,3.7e-24,-0.584962500721156,0.5661
"organophosphate catabolic process","C1_05_24",1,2,3.7e-24,-0.584962500721156,0.5403
"regulation of embryonic development","C1_05_24",1,1,3.7e-24,0,1
"regulation of focal adhesion assembly","C1_05_24",1,0,3.7e-24,1,0.4865
"regulation of cell-substrate junction assembly","C1_05_24",1,0,3.7e-24,1,0.458
"regulation of extracellular matrix organization","C1_05_24",0,0,3.7e-24,0,1
"GPI anchor biosynthetic process","C1_05_24",0,0,3.7e-24,0,1
"lamellipodium organization","C1_05_24",3,1,3.7e-24,1,0.4221
"positive regulation of stem cell population maintenance","C1_05_24",2,0,3.7e-24,1.58496250072116,0.0841
"monosaccharide metabolic process","C1_05_24",1,2,3.7e-24,-0.584962500721156,0.5272
"U2-type prespliceosome assembly","C1_05_24",0,0,3.7e-24,0,1
"heterochromatin formation","C1_05_24",0,1,3.7e-24,-1,0.5159
"peroxisome organization","C1_05_24",0,0,3.7e-24,0,1
"regulation of mitochondrial fission","C1_05_24",1,0,3.7e-24,1,0.319
"cellular pigmentation","C1_05_24",0,1,3.7e-24,-1,0.4791
"regulation of fibroblast migration","C1_05_24",0,0,3.7e-24,0,1
"cellular carbohydrate metabolic process","C1_05_24",1,3,3.7e-24,-1,0.235
"positive regulation of axonogenesis","C1_05_24",0,1,3.7e-24,-1,0.4998
"kinetochore organization","C1_05_24",1,0,3.7e-24,1,0.2575
"stem cell differentiation","C1_05_24",0,2,3.7e-24,-1.58496250072116,0.0784
"proton transmembrane transport","C1_05_24",0,1,3.7e-24,-1,0.4387
"cellular response to insulin stimulus","C1_05_24",6,2,3.7e-24,1.22239242133645,0.1239
"establishment of mitotic spindle localization","C1_05_24",0,0,3.7e-24,0,1
"cell redox homeostasis","C1_05_24",0,0,3.7e-24,0,1
"stress granule assembly","C1_05_24",0,0,3.7e-24,0,1
"protein neddylation","C1_05_24",1,0,3.7e-24,1,0.4021
"regulation of mitochondrial membrane potential","C1_05_24",3,0,3.7e-24,2,0.0136
"neuron death","C1_05_24",4,4,3.7e-24,0,1
"defense response to virus","C1_05_24",3,3,3.7e-24,0,1
"sulfur compound metabolic process","C1_05_24",3,3,3.7e-24,0,1
"NADP metabolic process","C1_05_24",0,0,3.7e-24,0,1
"vacuolar acidification","C1_05_24",1,0,3.7e-24,1,0.3604
"oligosaccharide-lipid intermediate biosynthetic process","C1_05_24",0,0,3.7e-24,0,1
"lysosomal lumen acidification","C1_05_24",0,0,3.7e-24,0,1
"glycosyl compound biosynthetic process","C1_05_24",0,0,3.7e-24,0,1
"heart valve development","C1_05_24",0,0,3.7e-24,0,1
"water-soluble vitamin metabolic process","C1_05_24",1,1,3.7e-24,0,1
"interferon-beta production","C1_05_24",0,0,3.7e-24,0,1
"regulation of interferon-beta production","C1_05_24",0,1,3.7e-24,-1,0.5198
"branched-chain amino acid metabolic process","C1_05_24",2,0,3.7e-24,1.58496250072116,0.0655
"regulation of mitochondrial membrane permeability","C1_05_24",2,1,3.7e-24,0.584962500721156,0.6388
"respiratory tube development","C1_05_24",1,2,3.7e-24,-0.584962500721156,0.564
"cellular senescence","C1_05_24",1,1,3.7e-24,0,1
"positive regulation of neurogenesis","C1_05_24",2,2,3.7e-24,0,1
"mitochondrial outer membrane permeabilization","C1_05_24",1,0,3.7e-24,1,0.3629
"immune system development","C1_05_24",1,1,3.7e-24,0,1
"clathrin-dependent endocytosis","C1_05_24",1,0,3.7e-24,1,0.3883
"positive regulation of viral process","C1_05_24",1,1,3.7e-24,0,1
"bone development","C1_05_24",1,2,3.7e-24,-0.584962500721156,0.5753
"cell-substrate adhesion","C1_05_24",3,3,3.7e-24,0,1
"positive regulation of microtubule polymerization","C1_05_24",1,0,3.7e-24,1,0.3372
"pteridine-containing compound metabolic process","C1_05_24",1,0,3.7e-24,1,0.2778
"response to arsenic-containing substance","C1_05_24",0,0,3.7e-24,0,1
"response to insulin","C1_05_24",4,2,3.7e-24,0.736965594166206,0.3349
"ubiquinone metabolic process","C1_05_24",0,0,3.7e-24,0,1
"cellular response to arsenic-containing substance","C1_05_24",0,0,3.7e-24,0,1
"inositol phosphate catabolic process","C1_05_24",0,0,3.7e-24,0,1
"telomerase RNA localization to Cajal body","C1_05_24",0,0,3.7e-24,0,1
"respiratory system development","C1_05_24",1,2,3.7e-24,-0.584962500721156,0.5767
"regulation of generation of precursor metabolites and energy","C1_05_24",2,1,3.7e-24,0.584962500721156,0.6547
"mitochondrial calcium ion homeostasis","C1_05_24",0,0,3.7e-24,0,1
"G0 to G1 transition","C1_05_24",1,0,3.7e-24,1,0.3787
"mitochondrial genome maintenance","C1_05_24",0,0,3.7e-24,0,1
"release of cytochrome c from mitochondria","C1_05_24",0,0,3.7e-24,0,1
"cortical cytoskeleton organization","C1_05_24",0,0,3.7e-24,0,1
"response to sterol depletion","C1_05_24",0,0,3.7e-24,0,1
"regulation of ncRNA transcription","C1_05_24",0,0,3.7e-24,0,1
"mesenchymal cell differentiation","C1_05_24",2,2,3.7e-24,0,1
"protein-DNA complex subunit organization","C1_05_24",1,2,3.7e-24,-0.584962500721156,0.5281
"response to fluid shear stress","C1_05_24",0,0,3.7e-24,0,1
"collagen fibril organization","C1_05_24",1,0,3.7e-24,1,0.415
"roof of mouth development","C1_05_24",0,1,3.7e-24,-1,0.4935
"regulation of protein dephosphorylation","C1_05_24",0,1,3.7e-24,-1,0.5114
"multicellular organism growth","C1_05_24",2,1,3.7e-24,0.584962500721156,0.6549
"miRNA processing","C1_05_24",0,0,3.7e-24,0,1
"small molecule catabolic process","C1_05_24",2,3,3.7e-24,-0.415037499278844,0.6041
"regulation of G0 to G1 transition","C1_05_24",0,0,3.7e-24,0,1
"circadian regulation of gene expression","C1_05_24",2,1,3.7e-24,0.584962500721156,0.6342
"regulation of translational fidelity","C1_05_24",1,0,3.7e-24,1,0.2231
"ubiquinone biosynthetic process","C1_05_24",0,0,3.7e-24,0,1
"mitochondrial calcium ion transmembrane transport","C1_05_24",2,0,3.7e-24,1.58496250072116,0.0299
"quinone biosynthetic process","C1_05_24",1,0,3.7e-24,1,0.2687
"viral release from host cell","C1_05_24",1,0,3.7e-24,1,0.4453
"exit from host cell","C1_05_24",0,0,3.7e-24,0,1
"positive regulation of GTPase activity","C1_05_24",0,2,3.7e-24,-1.58496250072116,0.1242
"regulation of cytokinesis","C1_05_24",1,1,3.7e-24,0,1
"mitochondrion localization","C1_05_24",2,1,3.7e-24,0.584962500721156,0.6478
"renal system development","C1_05_24",3,3,3.7e-24,0,1
"regulation of cysteine-type endopeptidase activity involved in apoptotic process","C1_05_24",1,2,3.7e-24,-0.584962500721156,0.5837
"regulation of cell-substrate adhesion","C1_05_24",1,1,3.7e-24,0,1
"centrosome localization","C1_05_24",0,0,3.7e-24,0,1
"microtubule organizing center localization","C1_05_24",0,0,3.7e-24,0,1
"pinocytosis","C1_05_24",0,0,3.7e-24,0,1
"lamellipodium assembly","C1_05_24",0,0,3.7e-24,0,1
"cellular response to sterol depletion","C1_05_24",0,0,3.7e-24,0,1
"placenta development","C1_05_24",1,1,3.7e-24,0,1
"rhythmic process","C1_05_24",5,3,3.7e-24,0.584962500721156,0.3813
"spindle localization","C1_05_24",0,0,3.7e-24,0,1
"carbohydrate derivative catabolic process","C1_05_24",1,2,3.7e-24,-0.584962500721156,0.5761
"response to amino acid","C1_05_24",1,1,3.7e-24,0,1
"regulation of intracellular steroid hormone receptor signaling pathway","C1_05_24",0,1,3.7e-24,-1,0.4455
"regulation of neuron death","C1_05_24",0,3,3.7e-24,-2,0.0714
"ossification","C1_05_24",5,4,3.7e-24,0.263034405833794,0.8145
"mammary gland epithelial cell proliferation","C1_05_24",0,0,3.7e-24,0,1
"ribosomal subunit export from nucleus","C1_05_24",0,0,3.7e-24,0,1
"ribosome localization","C1_05_24",0,0,3.7e-24,0,1
"protein transport to vacuole involved in ubiquitin-dependent protein catabolic process via the multivesicular body sorting pathway","C1_05_24",0,0,3.7e-24,0,1
"seminiferous tubule development","C1_05_24",0,0,3.7e-24,0,1
"cellular response to acid chemical","C1_05_24",3,1,3.7e-24,1,0.4141
"positive regulation of kinase activity","C1_05_24",4,3,3.7e-24,0.321928094887362,0.7823
"positive regulation by host of viral process","C1_05_24",0,0,3.7e-24,0,1
"mitochondrion morphogenesis","C1_05_24",0,0,3.7e-24,0,1
"regulation of establishment of cell polarity","C1_05_24",0,0,3.7e-24,0,1
"cellular lipid catabolic process","C1_05_24",2,2,3.7e-24,0,1
"neuron apoptotic process","C1_05_24",3,2,3.7e-24,0.415037499278844,0.7518
"inner cell mass cell proliferation","C1_05_24",0,0,3.7e-24,0,1
"polyamine biosynthetic process","C1_05_24",0,0,3.7e-24,0,1
"folic acid metabolic process","C1_05_24",0,0,3.7e-24,0,1
"organelle inheritance","C1_05_24",1,0,3.7e-24,1,0.2448
"polyol metabolic process","C1_05_24",1,1,3.7e-24,0,1
"regulation of type I interferon-mediated signaling pathway","C1_05_24",0,0,3.7e-24,0,1
"intracellular lipid transport","C1_05_24",1,0,3.7e-24,1,0.3622
"fat cell differentiation","C1_05_24",1,2,3.7e-24,-0.584962500721156,0.5555
"iron ion homeostasis","C1_05_24",0,1,3.7e-24,-1,0.4307
"negative regulation of cell projection organization","C1_05_24",2,1,3.7e-24,0.584962500721156,0.6758
"dicarboxylic acid metabolic process","C1_05_24",1,1,3.7e-24,0,1
"regulation of anatomical structure size","C1_05_24",3,5,3.7e-24,-0.584962500721156,0.3314
"regulation of small molecule metabolic process","C1_05_24",4,3,3.7e-24,0.321928094887362,0.7818
"pentose-phosphate shunt","C1_05_24",0,0,3.7e-24,0,1
"pericardium development","C1_05_24",0,0,3.7e-24,0,1
"lysosomal protein catabolic process","C1_05_24",0,0,3.7e-24,0,1
"carbohydrate derivative transport","C1_05_24",0,1,3.7e-24,-1,0.4369
"alcohol biosynthetic process","C1_05_24",0,2,3.7e-24,-1.58496250072116,0.1812
"regulation of membrane permeability","C1_05_24",1,1,3.7e-24,0,1
"signal peptide processing","C1_05_24",0,0,3.7e-24,0,1
"UV-damage excision repair","C1_05_24",0,0,3.7e-24,0,1
"biological process involved in interaction with host","C1_05_24",0,2,3.7e-24,-1.58496250072116,0.1053
"body morphogenesis","C1_05_24",0,1,3.7e-24,-1,0.5314
"extracellular vesicle biogenesis","C1_05_24",0,0,3.7e-24,0,1
"negative regulation of defense response to virus","C1_05_24",0,0,3.7e-24,0,1
"aminoglycan biosynthetic process","C1_05_24",0,1,3.7e-24,-1,0.454
"sterol biosynthetic process","C1_05_24",0,0,3.7e-24,0,1
"polyamine metabolic process","C1_05_24",0,0,3.7e-24,0,1
"magnesium ion transport","C1_05_24",0,0,3.7e-24,0,1
"lamellipodium morphogenesis","C1_05_24",0,0,3.7e-24,0,1
"positive regulation of neuron migration","C1_05_24",0,0,3.7e-24,0,1
"regulation of glucose metabolic process","C1_05_24",0,1,3.7e-24,-1,0.445
"monosaccharide biosynthetic process","C1_05_24",0,1,3.7e-24,-1,0.493
"response to acid chemical","C1_05_24",2,1,3.7e-24,0.584962500721156,0.6604
"regulation of carbohydrate metabolic process","C1_05_24",1,1,3.7e-24,0,1
"positive regulation of nervous system development","C1_05_24",2,2,3.7e-24,0,1
"regulation of circadian rhythm","C1_05_24",2,1,3.7e-24,0.584962500721156,0.6659
"trabecula morphogenesis","C1_05_24",1,0,3.7e-24,1,0.4857
"pigment accumulation","C1_05_24",0,0,3.7e-24,0,1
"cellular pigment accumulation","C1_05_24",0,0,3.7e-24,0,1
"regulation of pinocytosis","C1_05_24",0,0,3.7e-24,0,1
"regulation of ligase activity","C1_05_24",0,0,3.7e-24,0,1
"smoothened signaling pathway involved in dorsal/ventral neural tube patterning","C1_05_24",0,0,3.7e-24,0,1
"glycosyl compound metabolic process","C1_05_24",1,0,3.7e-24,1,0.4082
"substantia nigra development","C1_05_24",1,0,3.7e-24,1,0.3056
"negative regulation of GTPase activity","C1_05_24",0,0,3.7e-24,0,1
"axon extension","C1_05_24",1,1,3.7e-24,0,1
"positive regulation of epithelial to mesenchymal transition","C1_05_24",2,0,3.7e-24,1.58496250072116,0.0672
"one-carbon metabolic process","C1_05_24",0,0,3.7e-24,0,1
"NADPH regeneration","C1_05_24",0,0,3.7e-24,0,1
"cellular response to dsRNA","C1_05_24",0,0,3.7e-24,0,1
"neuron projection organization","C1_05_24",1,1,3.7e-24,0,1
"postsynapse organization","C1_05_24",1,2,3.7e-24,-0.584962500721156,0.5796
"regulation of ketone biosynthetic process","C1_05_24",0,0,3.7e-24,0,1
"mitochondrion distribution","C1_05_24",0,0,3.7e-24,0,1
"regulation of autophagosome maturation","C1_05_24",0,0,3.7e-24,0,1
"magnesium ion transmembrane transport","C1_05_24",0,0,3.7e-24,0,1
"regulation of cell division","C1_05_24",2,2,3.7e-24,0,1
"intermembrane lipid transfer","C1_05_24",0,0,3.7e-24,0,1
"organophosphate ester transport","C1_05_24",2,1,3.7e-24,0.584962500721156,0.6406
"movement in host","C1_05_24",1,2,3.7e-24,-0.584962500721156,0.5802
"extracellular matrix assembly","C1_05_24",0,0,3.7e-24,0,1
"cellular metabolic compound salvage","C1_05_24",1,0,3.7e-24,1,0.3287
"regulation of ATP-dependent activity","C1_05_24",0,0,3.7e-24,0,1
"cell migration involved in heart development","C1_05_24",0,0,3.7e-24,0,1
"cellular response to fluid shear stress","C1_05_24",0,0,3.7e-24,0,1
"sphingomyelin biosynthetic process","C1_05_24",0,0,3.7e-24,0,1
"ether lipid biosynthetic process","C1_05_24",1,0,3.7e-24,1,0.105
"embryonic body morphogenesis","C1_05_24",0,0,3.7e-24,0,1
"amino sugar biosynthetic process","C1_05_24",0,0,3.7e-24,0,1
"glycerol ether biosynthetic process","C1_05_24",0,0,3.7e-24,0,1
"pigmentation","C1_05_24",0,1,3.7e-24,-1,0.4608
"cellular response to ketone","C1_05_24",0,0,3.7e-24,0,1
"nonribosomal peptide biosynthetic process","C1_05_24",0,0,3.7e-24,0,1
"glial cell apoptotic process","C1_05_24",0,0,3.7e-24,0,1
"lipoprotein catabolic process","C1_05_24",0,0,3.7e-24,0,1
"suppression of viral release by host","C1_05_24",0,0,3.7e-24,0,1
"chaperone-mediated autophagy","C1_05_24",0,0,3.7e-24,0,1
"regulation of steroid hormone biosynthetic process","C1_05_24",0,0,3.7e-24,0,1
"synaptic vesicle lumen acidification","C1_05_24",0,0,3.7e-24,0,1
"semaphorin-plexin signaling pathway involved in neuron projection guidance","C1_05_24",0,0,3.7e-24,0,1
"regulation of Golgi organization","C1_05_24",0,0,3.7e-24,0,1
"Schwann cell differentiation","C1_05_24",1,0,3.7e-24,1,0.3652
"neurotrophin signaling pathway","C1_05_24",1,0,3.7e-24,1,0.2394
"regulation of microtubule depolymerization","C1_05_24",0,0,3.7e-24,0,1
"basement membrane organization","C1_05_24",1,0,3.7e-24,1,0.2581
"establishment or maintenance of epithelial cell apical/basal polarity","C1_05_24",1,1,3.7e-24,0,1
"face development","C1_05_24",0,0,3.7e-24,0,1
"osteoblast differentiation","C1_05_24",2,2,3.7e-24,0,1
"appendage development","C1_05_24",1,2,3.7e-24,-0.584962500721156,0.5698
"limb development","C1_05_24",2,1,3.7e-24,0.584962500721156,0.6782
"regulation of ATP metabolic process","C1_05_24",0,0,3.7e-24,0,1
"developmental growth involved in morphogenesis","C1_05_24",1,2,3.7e-24,-0.584962500721156,0.5347
"embryonic organ development","C1_05_24",4,5,3.7e-24,-0.263034405833794,0.6782
"negative regulation of growth","C1_05_24",4,2,3.7e-24,0.736965594166206,0.2939
"microtubule depolymerization","C1_05_24",1,0,3.7e-24,1,0.3715
"heme metabolic process","C1_05_24",0,0,3.7e-24,0,1
"regulation of neuron apoptotic process","C1_05_24",1,2,3.7e-24,-0.584962500721156,0.5274
"plasma membrane tubulation","C1_05_24",1,0,3.7e-24,1,0.2793
"exosomal secretion","C1_05_24",0,0,3.7e-24,0,1
"vasculogenesis","C1_05_24",1,1,3.7e-24,0,1
"toxin transport","C1_05_24",0,0,3.7e-24,0,1
"ncRNA processing","C2_05_24",5,4,3.7e-24,0.263034405833794,0.8055
"ribosome biogenesis","C2_05_24",1,2,3.7e-24,-0.584962500721156,0.5277
"rRNA metabolic process","C2_05_24",2,2,3.7e-24,0,1
"proteasome-mediated ubiquitin-dependent protein catabolic process","C2_05_24",1,3,3.7e-24,-1,0.2008
"regulation of response to DNA damage stimulus","C2_05_24",1,3,3.7e-24,-1,0.2462
"establishment of protein localization to organelle","C2_05_24",3,4,3.7e-24,-0.321928094887362,0.6556
"macroautophagy","C2_05_24",0,2,3.7e-24,-1.58496250072116,0.1004
"regulation of chromosome organization","C2_05_24",1,2,3.7e-24,-0.584962500721156,0.5473
"Golgi vesicle transport","C2_05_24",4,3,3.7e-24,0.321928094887362,0.7823
"double-strand break repair","C2_05_24",2,2,3.7e-24,0,1
"histone modification","C2_05_24",3,4,3.7e-24,-0.321928094887362,0.6487
"sister chromatid segregation","C2_05_24",0,2,3.7e-24,-1.58496250072116,0.1344
"DNA replication","C2_05_24",5,2,3.7e-24,1,0.18
"chromosome segregation","C2_05_24",6,4,3.7e-24,0.485426827170242,0.4521
"mitochondrial gene expression","C2_05_24",2,1,3.7e-24,0.584962500721156,0.6632
"nucleocytoplasmic transport","C2_05_24",1,2,3.7e-24,-0.584962500721156,0.5291
"nuclear transport","C2_05_24",8,3,3.7e-24,1.16992500144231,0.0564
"regulation of DNA repair","C2_05_24",2,1,3.7e-24,0.584962500721156,0.6821
"peptidyl-lysine modification","C2_05_24",2,3,3.7e-24,-0.415037499278844,0.6174
"protein targeting","C2_05_24",1,3,3.7e-24,-1,0.2513
"cytoplasmic translation","C2_05_24",2,1,3.7e-24,0.584962500721156,0.6541
"regulation of autophagy","C2_05_24",1,3,3.7e-24,-1,0.2361
"signal transduction in response to DNA damage","C2_05_24",2,2,3.7e-24,0,1
"regulation of intracellular transport","C2_05_24",1,2,3.7e-24,-0.584962500721156,0.5404
"protein localization to nucleus","C2_05_24",3,2,3.7e-24,0.415037499278844,0.7365
"microtubule cytoskeleton organization involved in mitosis","C2_05_24",4,1,3.7e-24,1.32192809488736,0.0209
"telomere maintenance","C2_05_24",2,1,3.7e-24,0.584962500721156,0.6581
"cell cycle checkpoint signaling","C2_05_24",2,1,3.7e-24,0.584962500721156,0.655
"regulation of protein modification by small protein conjugation or removal","C2_05_24",1,2,3.7e-24,-0.584962500721156,0.5636
"cellular respiration","C2_05_24",2,2,3.7e-24,0,1
"cellular component disassembly","C2_05_24",4,4,3.7e-24,0,1
"nuclear chromosome segregation","C2_05_24",4,2,3.7e-24,0.736965594166206,0.3385
"regulation of protein stability","C2_05_24",4,2,3.7e-24,0.736965594166206,0.3411
"regulation of cell cycle phase transition","C2_05_24",3,3,3.7e-24,0,1
"regulation of protein catabolic process","C2_05_24",2,3,3.7e-24,-0.415037499278844,0.6064
"response to endoplasmic reticulum stress","C2_05_24",4,2,3.7e-24,0.736965594166206,0.2849
"vesicle organization","C2_05_24",5,3,3.7e-24,0.584962500721156,0.3872
"mitochondrial respiratory chain complex assembly","C2_05_24",1,1,3.7e-24,0,1
"DNA-templated transcription elongation","C2_05_24",1,1,3.7e-24,0,1
"mitochondrial transport","C2_05_24",1,2,3.7e-24,-0.584962500721156,0.5663
"establishment of organelle localization","C2_05_24",1,3,3.7e-24,-1,0.2114
"regulation of intracellular protein transport","C2_05_24",1,2,3.7e-24,-0.584962500721156,0.5755
"response to UV","C2_05_24",1,1,3.7e-24,0,1
"RNA localization","C2_05_24",1,1,3.7e-24,0,1
"response to topologically incorrect protein","C2_05_24",0,1,3.7e-24,-1,0.4171
"organelle fission","C2_05_24",0,4,3.7e-24,-2.32192809488736,0.0182
"non-membrane-bounded organelle assembly","C2_05_24",1,3,3.7e-24,-1,0.2335
"protein polyubiquitination","C2_05_24",1,2,3.7e-24,-0.584962500721156,0.533
"methylation","C2_05_24",3,3,3.7e-24,0,1
"phospholipid biosynthetic process","C2_05_24",3,2,3.7e-24,0.415037499278844,0.7378
"oxidative phosphorylation","C2_05_24",0,1,3.7e-24,-1,0.4168
"establishment of protein localization to membrane","C2_05_24",1,2,3.7e-24,-0.584962500721156,0.5396
"in utero embryonic development","C2_05_24",5,3,3.7e-24,0.584962500721156,0.3926
"vacuole organization","C2_05_24",2,2,3.7e-24,0,1
"nuclear-transcribed mRNA catabolic process","C2_05_24",0,1,3.7e-24,-1,0.4376
"protein folding","C2_05_24",1,2,3.7e-24,-0.584962500721156,0.5561
"DNA conformation change","C2_05_24",0,0,3.7e-24,0,1
"regulation of chromosome segregation","C2_05_24",3,1,3.7e-24,1,0.4089
"regulation of apoptotic signaling pathway","C2_05_24",4,3,3.7e-24,0.321928094887362,0.7721
"cell cycle G2/M phase transition","C2_05_24",0,1,3.7e-24,-1,0.4207
"vacuolar transport","C2_05_24",1,1,3.7e-24,0,1
"response to ionizing radiation","C2_05_24",1,1,3.7e-24,0,1
"cellular response to UV","C2_05_24",0,0,3.7e-24,0,1
"regulation of binding","C2_05_24",3,3,3.7e-24,0,1
"nucleic acid transport","C2_05_24",2,1,3.7e-24,0.584962500721156,0.663
"RNA transport","C2_05_24",1,1,3.7e-24,0,1
"ribonucleoprotein complex subunit organization","C2_05_24",1,2,3.7e-24,-0.584962500721156,0.5406
"regulation of DNA replication","C2_05_24",4,1,3.7e-24,1.32192809488736,0.037
"ribose phosphate metabolic process","C2_05_24",2,3,3.7e-24,-0.415037499278844,0.5952
"proton motive force-driven ATP synthesis","C2_05_24",0,1,3.7e-24,-1,0.5286
"ribonucleotide metabolic process","C2_05_24",2,3,3.7e-24,-0.415037499278844,0.5955
"telomere organization","C2_05_24",1,1,3.7e-24,0,1
"cellular response to topologically incorrect protein","C2_05_24",0,1,3.7e-24,-1,0.4467
"Golgi organization","C2_05_24",0,1,3.7e-24,-1,0.4232
"ribonucleoprotein complex assembly","C2_05_24",4,1,3.7e-24,1.32192809488736,0.0792
"cellular nitrogen compound catabolic process","C2_05_24",6,3,3.7e-24,0.807354922057604,0.2636
"negative regulation of phosphorus metabolic process","C2_05_24",1,3,3.7e-24,-1,0.2389
"heterocycle catabolic process","C2_05_24",2,3,3.7e-24,-0.415037499278844,0.5959
"mitochondrial membrane organization","C2_05_24",0,1,3.7e-24,-1,0.49
"regulation of protein-containing complex assembly","C2_05_24",2,2,3.7e-24,0,1
"positive regulation of cellular component biogenesis","C2_05_24",1,3,3.7e-24,-1,0.195
"response to oxidative stress","C2_05_24",0,3,3.7e-24,-2,0.0516
"regulation of supramolecular fiber organization","C2_05_24",3,3,3.7e-24,0,1
"positive regulation of protein localization","C2_05_24",5,3,3.7e-24,0.584962500721156,0.3844
"positive regulation of cell projection organization","C2_05_24",3,2,3.7e-24,0.415037499278844,0.7496
"negative regulation of transferase activity","C2_05_24",2,2,3.7e-24,0,1
"autophagy of mitochondrion","C2_05_24",1,0,3.7e-24,1,0.4525
"positive regulation of amide metabolic process","C2_05_24",1,1,3.7e-24,0,1
"chromatin remodeling","C2_05_24",3,3,3.7e-24,0,1
"viral process","C2_05_24",1,2,3.7e-24,-0.584962500721156,0.5238
"macromolecule deacylation","C2_05_24",3,1,3.7e-24,1,0.4487
"mitotic cytokinesis","C2_05_24",0,0,3.7e-24,0,1
"aromatic compound catabolic process","C2_05_24",2,4,3.7e-24,-0.736965594166206,0.283
"vesicle localization","C2_05_24",2,1,3.7e-24,0.584962500721156,0.6869
"establishment or maintenance of cell polarity","C2_05_24",2,2,3.7e-24,0,1
"Wnt signaling pathway","C2_05_24",0,3,3.7e-24,-2,0.0389
"cell-cell signaling by wnt","C2_05_24",4,3,3.7e-24,0.321928094887362,0.779
"ATP metabolic process","C2_05_24",1,2,3.7e-24,-0.584962500721156,0.5833
"cellular response to chemical stress","C2_05_24",1,3,3.7e-24,-1,0.2543
"regulation of vacuole organization","C2_05_24",1,0,3.7e-24,1,0.3505
"cellular response to external stimulus","C2_05_24",3,2,3.7e-24,0.415037499278844,0.7296
"negative regulation of protein phosphorylation","C2_05_24",1,2,3.7e-24,-0.584962500721156,0.5341
"negative regulation of catabolic process","C2_05_24",1,2,3.7e-24,-0.584962500721156,0.5375
"regulation of microtubule cytoskeleton organization","C2_05_24",0,1,3.7e-24,-1,0.4522
"chromosome localization","C2_05_24",1,1,3.7e-24,0,1
"negative regulation of mitotic nuclear division","C2_05_24",0,0,3.7e-24,0,1
"regulation of actin filament organization","C2_05_24",2,2,3.7e-24,0,1
"dephosphorylation","C2_05_24",0,3,3.7e-24,-2,0.0534
"glycosylation","C2_05_24",3,1,3.7e-24,1,0.4102
"positive regulation of establishment of protein localization","C2_05_24",1,2,3.7e-24,-0.584962500721156,0.5295
"regulation of microtubule-based process","C2_05_24",1,1,3.7e-24,0,1
"cell-substrate junction organization","C2_05_24",0,1,3.7e-24,-1,0.4409
"protein-containing complex localization","C2_05_24",0,1,3.7e-24,-1,0.4094
"mitochondrial transmembrane transport","C2_05_24",2,1,3.7e-24,0.584962500721156,0.6383
"stem cell population maintenance","C2_05_24",0,1,3.7e-24,-1,0.4152
"ribosome assembly","C2_05_24",0,0,3.7e-24,0,1
"intraciliary transport","C2_05_24",0,1,3.7e-24,-1,0.4926
"Golgi to plasma membrane protein transport","C2_05_24",0,0,3.7e-24,0,1
"response to amino acid starvation","C2_05_24",2,0,3.7e-24,1.58496250072116,0.1324
"cellular response to extracellular stimulus","C2_05_24",1,2,3.7e-24,-0.584962500721156,0.5801
"cell growth","C2_05_24",0,3,3.7e-24,-2,0.0394
"protein glycosylation","C2_05_24",0,2,3.7e-24,-1.58496250072116,0.1108
"macromolecule glycosylation","C2_05_24",1,2,3.7e-24,-0.584962500721156,0.5671
"maintenance of cell number","C2_05_24",1,2,3.7e-24,-0.584962500721156,0.5385
"response to reactive oxygen species","C2_05_24",2,2,3.7e-24,0,1
"regulation of cell morphogenesis","C2_05_24",1,2,3.7e-24,-0.584962500721156,0.5775
"regulation of cellular component size","C2_05_24",2,3,3.7e-24,-0.415037499278844,0.6126
"cell-substrate junction assembly","C2_05_24",0,0,3.7e-24,0,1
"membrane fission","C2_05_24",0,0,3.7e-24,0,1
"membrane docking","C2_05_24",0,1,3.7e-24,-1,0.5236
"fibroblast migration","C2_05_24",0,0,3.7e-24,0,1
"nucleus organization","C2_05_24",0,1,3.7e-24,-1,0.4249
"regulation of cell growth","C2_05_24",3,3,3.7e-24,0,1
"fibroblast proliferation","C2_05_24",1,1,3.7e-24,0,1
"cell cycle G1/S phase transition","C2_05_24",3,2,3.7e-24,0.415037499278844,0.7417
"actin filament organization","C2_05_24",2,3,3.7e-24,-0.415037499278844,0.6111
"response to oxygen levels","C2_05_24",2,2,3.7e-24,0,1
"epigenetic regulation of gene expression","C2_05_24",0,1,3.7e-24,-1,0.4112
"organelle fusion","C2_05_24",0,1,3.7e-24,-1,0.4153
"lipoprotein metabolic process","C2_05_24",2,1,3.7e-24,0.584962500721156,0.6357
"protein lipidation","C2_05_24",0,1,3.7e-24,-1,0.5053
"regulation of plasma membrane bounded cell projection assembly","C2_05_24",2,2,3.7e-24,0,1
"regulation of actin filament-based process","C2_05_24",2,2,3.7e-24,0,1
"regulation of GTPase activity","C2_05_24",4,2,3.7e-24,0.736965594166206,0.3039
"nuclear envelope organization","C2_05_24",1,0,3.7e-24,1,0.4754
"protein autophosphorylation","C2_05_24",0,1,3.7e-24,-1,0.4074
"connective tissue development","C2_05_24",4,2,3.7e-24,0.736965594166206,0.2865
"cellular response to heat","C2_05_24",0,0,3.7e-24,0,1
"myeloid cell homeostasis","C2_05_24",0,1,3.7e-24,-1,0.4202
"regulation of neuron projection development","C2_05_24",2,3,3.7e-24,-0.415037499278844,0.6212
"receptor metabolic process","C2_05_24",0,0,3.7e-24,0,1
"maintenance of protein location in cell","C2_05_24",1,0,3.7e-24,1,0.4571
"apoptotic mitochondrial changes","C2_05_24",1,1,3.7e-24,0,1
"response to transforming growth factor beta","C2_05_24",0,2,3.7e-24,-1.58496250072116,0.1187
"neural tube development","C2_05_24",1,1,3.7e-24,0,1
"maintenance of protein location","C2_05_24",1,1,3.7e-24,0,1
"regulation of ubiquitin-protein transferase activity","C2_05_24",0,0,3.7e-24,0,1
"cilium assembly","C2_05_24",0,2,3.7e-24,-1.58496250072116,0.0752
"mRNA export from nucleus","C2_05_24",2,0,3.7e-24,1.58496250072116,0.0759
"regulation of cell-substrate junction organization","C2_05_24",0,0,3.7e-24,0,1
"membrane biogenesis","C2_05_24",0,0,3.7e-24,0,1
"cilium organization","C2_05_24",2,3,3.7e-24,-0.415037499278844,0.5946
"platelet-derived growth factor receptor signaling pathway","C2_05_24",1,0,3.7e-24,1,0.3921
"iron-sulfur cluster assembly","C2_05_24",0,0,3.7e-24,0,1
"metallo-sulfur cluster assembly","C2_05_24",0,0,3.7e-24,0,1
"centromere complex assembly","C2_05_24",0,0,3.7e-24,0,1
"cellular response to oxygen levels","C2_05_24",2,1,3.7e-24,0.584962500721156,0.6514
"fatty acid beta-oxidation","C2_05_24",0,0,3.7e-24,0,1
"organelle localization by membrane tethering","C2_05_24",1,0,3.7e-24,1,0.4004
"autophagosome maturation","C2_05_24",2,0,3.7e-24,1.58496250072116,0.1235
"cellular response to transforming growth factor beta stimulus","C2_05_24",3,2,3.7e-24,0.415037499278844,0.735
"nucleotide catabolic process","C2_05_24",1,1,3.7e-24,0,1
"tube closure","C2_05_24",1,1,3.7e-24,0,1
"regulation of stem cell differentiation","C2_05_24",1,0,3.7e-24,1,0.3753
"substrate adhesion-dependent cell spreading","C2_05_24",0,1,3.7e-24,-1,0.5207
"chondrocyte differentiation","C2_05_24",0,1,3.7e-24,-1,0.4156
"regulation of fibroblast proliferation","C2_05_24",0,0,3.7e-24,0,1
"morphogenesis of an epithelial sheet","C2_05_24",0,0,3.7e-24,0,1
"microtubule polymerization","C2_05_24",0,1,3.7e-24,-1,0.4571
"response to virus","C2_05_24",2,3,3.7e-24,-0.415037499278844,0.6076
"membrane assembly","C2_05_24",0,1,3.7e-24,-1,0.5132
"COPII vesicle coating","C2_05_24",0,0,3.7e-24,0,1
"erythrocyte differentiation","C2_05_24",1,1,3.7e-24,0,1
"organophosphate catabolic process","C2_05_24",2,1,3.7e-24,0.584962500721156,0.6768
"regulation of embryonic development","C2_05_24",3,1,3.7e-24,1,0.4506
"regulation of focal adhesion assembly","C2_05_24",1,0,3.7e-24,1,0.3987
"regulation of cell-substrate junction assembly","C2_05_24",0,0,3.7e-24,0,1
"regulation of extracellular matrix organization","C2_05_24",0,0,3.7e-24,0,1
"GPI anchor biosynthetic process","C2_05_24",0,0,3.7e-24,0,1
"lamellipodium organization","C2_05_24",0,1,3.7e-24,-1,0.4904
"positive regulation of stem cell population maintenance","C2_05_24",0,0,3.7e-24,0,1
"monosaccharide metabolic process","C2_05_24",2,2,3.7e-24,0,1
"U2-type prespliceosome assembly","C2_05_24",0,0,3.7e-24,0,1
"heterochromatin formation","C2_05_24",0,0,3.7e-24,0,1
"peroxisome organization","C2_05_24",0,0,3.7e-24,0,1
"regulation of mitochondrial fission","C2_05_24",0,0,3.7e-24,0,1
"cellular pigmentation","C2_05_24",2,0,3.7e-24,1.58496250072116,0.1491
"regulation of fibroblast migration","C2_05_24",0,0,3.7e-24,0,1
"cellular carbohydrate metabolic process","C2_05_24",3,2,3.7e-24,0.415037499278844,0.7286
"positive regulation of axonogenesis","C2_05_24",0,0,3.7e-24,0,1
"kinetochore organization","C2_05_24",0,0,3.7e-24,0,1
"stem cell differentiation","C2_05_24",0,2,3.7e-24,-1.58496250072116,0.1481
"proton transmembrane transport","C2_05_24",0,1,3.7e-24,-1,0.4863
"cellular response to insulin stimulus","C2_05_24",1,2,3.7e-24,-0.584962500721156,0.5573
"establishment of mitotic spindle localization","C2_05_24",0,0,3.7e-24,0,1
"cell redox homeostasis","C2_05_24",1,0,3.7e-24,1,0.2731
"stress granule assembly","C2_05_24",0,0,3.7e-24,0,1
"protein neddylation","C2_05_24",0,0,3.7e-24,0,1
"regulation of mitochondrial membrane potential","C2_05_24",0,0,3.7e-24,0,1
"neuron death","C2_05_24",1,3,3.7e-24,-1,0.2547
"defense response to virus","C2_05_24",0,2,3.7e-24,-1.58496250072116,0.094
"sulfur compound metabolic process","C2_05_24",1,2,3.7e-24,-0.584962500721156,0.5495
"NADP metabolic process","C2_05_24",2,0,3.7e-24,1.58496250072116,0.0481
"vacuolar acidification","C2_05_24",0,0,3.7e-24,0,1
"oligosaccharide-lipid intermediate biosynthetic process","C2_05_24",0,0,3.7e-24,0,1
"lysosomal lumen acidification","C2_05_24",0,0,3.7e-24,0,1
"glycosyl compound biosynthetic process","C2_05_24",0,0,3.7e-24,0,1
"heart valve development","C2_05_24",0,0,3.7e-24,0,1
"water-soluble vitamin metabolic process","C2_05_24",2,0,3.7e-24,1.58496250072116,0.1044
"interferon-beta production","C2_05_24",0,0,3.7e-24,0,1
"regulation of interferon-beta production","C2_05_24",0,0,3.7e-24,0,1
"branched-chain amino acid metabolic process","C2_05_24",0,0,3.7e-24,0,1
"regulation of mitochondrial membrane permeability","C2_05_24",2,1,3.7e-24,0.584962500721156,0.6315
"respiratory tube development","C2_05_24",1,1,3.7e-24,0,1
"cellular senescence","C2_05_24",1,0,3.7e-24,1,0.4936
"positive regulation of neurogenesis","C2_05_24",0,1,3.7e-24,-1,0.4168
"mitochondrial outer membrane permeabilization","C2_05_24",0,0,3.7e-24,0,1
"immune system development","C2_05_24",0,1,3.7e-24,-1,0.4189
"clathrin-dependent endocytosis","C2_05_24",0,0,3.7e-24,0,1
"positive regulation of viral process","C2_05_24",0,0,3.7e-24,0,1
"bone development","C2_05_24",0,1,3.7e-24,-1,0.4109
"cell-substrate adhesion","C2_05_24",4,2,3.7e-24,0.736965594166206,0.3182
"positive regulation of microtubule polymerization","C2_05_24",0,0,3.7e-24,0,1
"pteridine-containing compound metabolic process","C2_05_24",0,0,3.7e-24,0,1
"response to arsenic-containing substance","C2_05_24",2,0,3.7e-24,1.58496250072116,0.0424
"response to insulin","C2_05_24",1,2,3.7e-24,-0.584962500721156,0.5474
"ubiquinone metabolic process","C2_05_24",0,0,3.7e-24,0,1
"cellular response to arsenic-containing substance","C2_05_24",0,0,3.7e-24,0,1
"inositol phosphate catabolic process","C2_05_24",0,0,3.7e-24,0,1
"telomerase RNA localization to Cajal body","C2_05_24",0,0,3.7e-24,0,1
"respiratory system development","C2_05_24",1,1,3.7e-24,0,1
"regulation of generation of precursor metabolites and energy","C2_05_24",0,1,3.7e-24,-1,0.4944
"mitochondrial calcium ion homeostasis","C2_05_24",0,0,3.7e-24,0,1
"G0 to G1 transition","C2_05_24",0,0,3.7e-24,0,1
"mitochondrial genome maintenance","C2_05_24",2,0,3.7e-24,1.58496250072116,0.0483
"release of cytochrome c from mitochondria","C2_05_24",1,0,3.7e-24,1,0.2666
"cortical cytoskeleton organization","C2_05_24",0,0,3.7e-24,0,1
"response to sterol depletion","C2_05_24",0,0,3.7e-24,0,1
"regulation of ncRNA transcription","C2_05_24",0,0,3.7e-24,0,1
"mesenchymal cell differentiation","C2_05_24",1,1,3.7e-24,0,1
"protein-DNA complex subunit organization","C2_05_24",0,1,3.7e-24,-1,0.4165
"response to fluid shear stress","C2_05_24",0,0,3.7e-24,0,1
"collagen fibril organization","C2_05_24",0,0,3.7e-24,0,1
"roof of mouth development","C2_05_24",1,0,3.7e-24,1,0.4143
"regulation of protein dephosphorylation","C2_05_24",0,0,3.7e-24,0,1
"multicellular organism growth","C2_05_24",4,1,3.7e-24,1.32192809488736,0.0296
"miRNA processing","C2_05_24",0,0,3.7e-24,0,1
"small molecule catabolic process","C2_05_24",2,2,3.7e-24,0,1
"regulation of G0 to G1 transition","C2_05_24",0,0,3.7e-24,0,1
"circadian regulation of gene expression","C2_05_24",0,1,3.7e-24,-1,0.5153
"regulation of translational fidelity","C2_05_24",0,0,3.7e-24,0,1
"ubiquinone biosynthetic process","C2_05_24",0,0,3.7e-24,0,1
"mitochondrial calcium ion transmembrane transport","C2_05_24",0,0,3.7e-24,0,1
"quinone biosynthetic process","C2_05_24",0,0,3.7e-24,0,1
"viral release from host cell","C2_05_24",1,0,3.7e-24,1,0.2565
"exit from host cell","C2_05_24",0,0,3.7e-24,0,1
"positive regulation of GTPase activity","C2_05_24",0,1,3.7e-24,-1,0.4191
"regulation of cytokinesis","C2_05_24",1,1,3.7e-24,0,1
"mitochondrion localization","C2_05_24",0,0,3.7e-24,0,1
"renal system development","C2_05_24",2,2,3.7e-24,0,1
"regulation of cysteine-type endopeptidase activity involved in apoptotic process","C2_05_24",0,1,3.7e-24,-1,0.4196
"regulation of cell-substrate adhesion","C2_05_24",1,1,3.7e-24,0,1
"centrosome localization","C2_05_24",0,0,3.7e-24,0,1
"microtubule organizing center localization","C2_05_24",3,0,3.7e-24,2,0.0021
"pinocytosis","C2_05_24",0,0,3.7e-24,0,1
"lamellipodium assembly","C2_05_24",1,0,3.7e-24,1,0.4003
"cellular response to sterol depletion","C2_05_24",1,0,3.7e-24,1,0.1469
"placenta development","C2_05_24",2,1,3.7e-24,0.584962500721156,0.6511
"rhythmic process","C2_05_24",1,2,3.7e-24,-0.584962500721156,0.53
"spindle localization","C2_05_24",0,0,3.7e-24,0,1
"carbohydrate derivative catabolic process","C2_05_24",1,1,3.7e-24,0,1
"response to amino acid","C2_05_24",1,1,3.7e-24,0,1
"regulation of intracellular steroid hormone receptor signaling pathway","C2_05_24",0,1,3.7e-24,-1,0.5008
"regulation of neuron death","C2_05_24",0,2,3.7e-24,-1.58496250072116,0.1148
"ossification","C2_05_24",1,3,3.7e-24,-1,0.1976
"mammary gland epithelial cell proliferation","C2_05_24",0,0,3.7e-24,0,1
"ribosomal subunit export from nucleus","C2_05_24",0,0,3.7e-24,0,1
"ribosome localization","C2_05_24",0,0,3.7e-24,0,1
"protein transport to vacuole involved in ubiquitin-dependent protein catabolic process via the multivesicular body sorting pathway","C2_05_24",1,0,3.7e-24,1,0.1324
"seminiferous tubule development","C2_05_24",0,0,3.7e-24,0,1
"cellular response to acid chemical","C2_05_24",3,1,3.7e-24,1,0.4611
"positive regulation of kinase activity","C2_05_24",3,2,3.7e-24,0.415037499278844,0.7426
"positive regulation by host of viral process","C2_05_24",0,0,3.7e-24,0,1
"mitochondrion morphogenesis","C2_05_24",1,0,3.7e-24,1,0.1284
"regulation of establishment of cell polarity","C2_05_24",0,0,3.7e-24,0,1
"cellular lipid catabolic process","C2_05_24",1,1,3.7e-24,0,1
"neuron apoptotic process","C2_05_24",0,2,3.7e-24,-1.58496250072116,0.127
"inner cell mass cell proliferation","C2_05_24",0,0,3.7e-24,0,1
"polyamine biosynthetic process","C2_05_24",0,0,3.7e-24,0,1
"folic acid metabolic process","C2_05_24",0,0,3.7e-24,0,1
"organelle inheritance","C2_05_24",0,0,3.7e-24,0,1
"polyol metabolic process","C2_05_24",1,1,3.7e-24,0,1
"regulation of type I interferon-mediated signaling pathway","C2_05_24",0,0,3.7e-24,0,1
"intracellular lipid transport","C2_05_24",0,0,3.7e-24,0,1
"fat cell differentiation","C2_05_24",4,1,3.7e-24,1.32192809488736,0.0723
"iron ion homeostasis","C2_05_24",1,1,3.7e-24,0,1
"negative regulation of cell projection organization","C2_05_24",0,1,3.7e-24,-1,0.4373
"dicarboxylic acid metabolic process","C2_05_24",0,1,3.7e-24,-1,0.4381
"regulation of anatomical structure size","C2_05_24",6,4,3.7e-24,0.485426827170242,0.4569
"regulation of small molecule metabolic process","C2_05_24",3,2,3.7e-24,0.415037499278844,0.7261
"pentose-phosphate shunt","C2_05_24",0,0,3.7e-24,0,1
"pericardium development","C2_05_24",1,0,3.7e-24,1,0.1003
"lysosomal protein catabolic process","C2_05_24",0,0,3.7e-24,0,1
"carbohydrate derivative transport","C2_05_24",1,1,3.7e-24,0,1
"alcohol biosynthetic process","C2_05_24",1,1,3.7e-24,0,1
"regulation of membrane permeability","C2_05_24",0,0,3.7e-24,0,1
"signal peptide processing","C2_05_24",0,0,3.7e-24,0,1
"UV-damage excision repair","C2_05_24",0,0,3.7e-24,0,1
"biological process involved in interaction with host","C2_05_24",1,1,3.7e-24,0,1
"body morphogenesis","C2_05_24",0,0,3.7e-24,0,1
"extracellular vesicle biogenesis","C2_05_24",0,0,3.7e-24,0,1
"negative regulation of defense response to virus","C2_05_24",0,0,3.7e-24,0,1
"aminoglycan biosynthetic process","C2_05_24",1,0,3.7e-24,1,0.4727
"sterol biosynthetic process","C2_05_24",0,0,3.7e-24,0,1
"polyamine metabolic process","C2_05_24",0,0,3.7e-24,0,1
"magnesium ion transport","C2_05_24",0,0,3.7e-24,0,1
"lamellipodium morphogenesis","C2_05_24",1,0,3.7e-24,1,0.1627
"positive regulation of neuron migration","C2_05_24",0,0,3.7e-24,0,1
"regulation of glucose metabolic process","C2_05_24",0,1,3.7e-24,-1,0.5089
"monosaccharide biosynthetic process","C2_05_24",0,0,3.7e-24,0,1
"response to acid chemical","C2_05_24",1,1,3.7e-24,0,1
"regulation of carbohydrate metabolic process","C2_05_24",0,1,3.7e-24,-1,0.465
"positive regulation of nervous system development","C2_05_24",2,2,3.7e-24,0,1
"regulation of circadian rhythm","C2_05_24",1,1,3.7e-24,0,1
"trabecula morphogenesis","C2_05_24",0,0,3.7e-24,0,1
"pigment accumulation","C2_05_24",0,0,3.7e-24,0,1
"cellular pigment accumulation","C2_05_24",0,0,3.7e-24,0,1
"regulation of pinocytosis","C2_05_24",0,0,3.7e-24,0,1
"regulation of ligase activity","C2_05_24",0,0,3.7e-24,0,1
"smoothened signaling pathway involved in dorsal/ventral neural tube patterning","C2_05_24",0,0,3.7e-24,0,1
"glycosyl compound metabolic process","C2_05_24",1,0,3.7e-24,1,0.3732
"substantia nigra development","C2_05_24",0,0,3.7e-24,0,1
"negative regulation of GTPase activity","C2_05_24",0,0,3.7e-24,0,1
"axon extension","C2_05_24",0,1,3.7e-24,-1,0.4892
"positive regulation of epithelial to mesenchymal transition","C2_05_24",0,0,3.7e-24,0,1
"one-carbon metabolic process","C2_05_24",0,0,3.7e-24,0,1
"NADPH regeneration","C2_05_24",0,0,3.7e-24,0,1
"cellular response to dsRNA","C2_05_24",1,0,3.7e-24,1,0.1787
"neuron projection organization","C2_05_24",0,1,3.7e-24,-1,0.4496
"postsynapse organization","C2_05_24",1,1,3.7e-24,0,1
"regulation of ketone biosynthetic process","C2_05_24",1,0,3.7e-24,1,0.0831
"mitochondrion distribution","C2_05_24",0,0,3.7e-24,0,1
"regulation of autophagosome maturation","C2_05_24",0,0,3.7e-24,0,1
"magnesium ion transmembrane transport","C2_05_24",0,0,3.7e-24,0,1
"regulation of cell division","C2_05_24",2,1,3.7e-24,0.584962500721156,0.6505
"intermembrane lipid transfer","C2_05_24",0,0,3.7e-24,0,1
"organophosphate ester transport","C2_05_24",1,1,3.7e-24,0,1
"movement in host","C2_05_24",1,1,3.7e-24,0,1
"extracellular matrix assembly","C2_05_24",1,0,3.7e-24,1,0.2704
"cellular metabolic compound salvage","C2_05_24",0,0,3.7e-24,0,1
"regulation of ATP-dependent activity","C2_05_24",0,0,3.7e-24,0,1
"cell migration involved in heart development","C2_05_24",0,0,3.7e-24,0,1
"cellular response to fluid shear stress","C2_05_24",0,0,3.7e-24,0,1
"sphingomyelin biosynthetic process","C2_05_24",0,0,3.7e-24,0,1
"ether lipid biosynthetic process","C2_05_24",0,0,3.7e-24,0,1
"embryonic body morphogenesis","C2_05_24",0,0,3.7e-24,0,1
"amino sugar biosynthetic process","C2_05_24",0,0,3.7e-24,0,1
"glycerol ether biosynthetic process","C2_05_24",0,0,3.7e-24,0,1
"pigmentation","C2_05_24",0,1,3.7e-24,-1,0.4929
"cellular response to ketone","C2_05_24",1,0,3.7e-24,1,0.3846
"nonribosomal peptide biosynthetic process","C2_05_24",0,0,3.7e-24,0,1
"glial cell apoptotic process","C2_05_24",0,0,3.7e-24,0,1
"lipoprotein catabolic process","C2_05_24",0,0,3.7e-24,0,1
"suppression of viral release by host","C2_05_24",0,0,3.7e-24,0,1
"chaperone-mediated autophagy","C2_05_24",0,0,3.7e-24,0,1
"regulation of steroid hormone biosynthetic process","C2_05_24",0,0,3.7e-24,0,1
"synaptic vesicle lumen acidification","C2_05_24",0,0,3.7e-24,0,1
"semaphorin-plexin signaling pathway involved in neuron projection guidance","C2_05_24",1,0,3.7e-24,1,0.108
"regulation of Golgi organization","C2_05_24",0,0,3.7e-24,0,1
"Schwann cell differentiation","C2_05_24",1,0,3.7e-24,1,0.3024
"neurotrophin signaling pathway","C2_05_24",1,0,3.7e-24,1,0.1812
"regulation of microtubule depolymerization","C2_05_24",0,0,3.7e-24,0,1
"basement membrane organization","C2_05_24",0,0,3.7e-24,0,1
"establishment or maintenance of epithelial cell apical/basal polarity","C2_05_24",2,0,3.7e-24,1.58496250072116,0.1469
"face development","C2_05_24",0,0,3.7e-24,0,1
"osteoblast differentiation","C2_05_24",2,2,3.7e-24,0,1
"appendage development","C2_05_24",1,1,3.7e-24,0,1
"limb development","C2_05_24",0,1,3.7e-24,-1,0.4461
"regulation of ATP metabolic process","C2_05_24",0,0,3.7e-24,0,1
"developmental growth involved in morphogenesis","C2_05_24",1,1,3.7e-24,0,1
"embryonic organ development","C2_05_24",1,3,3.7e-24,-1,0.2082
"negative regulation of growth","C2_05_24",1,1,3.7e-24,0,1
"microtubule depolymerization","C2_05_24",1,0,3.7e-24,1,0.2623
"heme metabolic process","C2_05_24",0,0,3.7e-24,0,1
"regulation of neuron apoptotic process","C2_05_24",0,2,3.7e-24,-1.58496250072116,0.1774
"plasma membrane tubulation","C2_05_24",0,0,3.7e-24,0,1
"exosomal secretion","C2_05_24",0,0,3.7e-24,0,1
"vasculogenesis","C2_05_24",1,0,3.7e-24,1,0.4644
"toxin transport","C2_05_24",0,0,3.7e-24,0,1
"ncRNA processing","C3_05_24",3,5,3.7e-24,-0.584962500721156,0.3503
"ribosome biogenesis","C3_05_24",0,3,3.7e-24,-2,0.0717
"rRNA metabolic process","C3_05_24",2,3,3.7e-24,-0.415037499278844,0.6054
"proteasome-mediated ubiquitin-dependent protein catabolic process","C3_05_24",2,4,3.7e-24,-0.736965594166206,0.2895
"regulation of response to DNA damage stimulus","C3_05_24",2,3,3.7e-24,-0.415037499278844,0.5924
"establishment of protein localization to organelle","C3_05_24",3,4,3.7e-24,-0.321928094887362,0.6383
"macroautophagy","C3_05_24",1,3,3.7e-24,-1,0.2594
"regulation of chromosome organization","C3_05_24",1,2,3.7e-24,-0.584962500721156,0.5343
"Golgi vesicle transport","C3_05_24",5,3,3.7e-24,0.584962500721156,0.4071
"double-strand break repair","C3_05_24",2,3,3.7e-24,-0.415037499278844,0.5963
"histone modification","C3_05_24",3,4,3.7e-24,-0.321928094887362,0.6407
"sister chromatid segregation","C3_05_24",4,2,3.7e-24,0.736965594166206,0.3077
"DNA replication","C3_05_24",1,3,3.7e-24,-1,0.2437
"chromosome segregation","C3_05_24",5,4,3.7e-24,0.263034405833794,0.8033
"mitochondrial gene expression","C3_05_24",2,2,3.7e-24,0,1
"nucleocytoplasmic transport","C3_05_24",1,2,3.7e-24,-0.584962500721156,0.5271
"nuclear transport","C3_05_24",4,3,3.7e-24,0.321928094887362,0.7813
"regulation of DNA repair","C3_05_24",2,2,3.7e-24,0,1
"peptidyl-lysine modification","C3_05_24",1,3,3.7e-24,-1,0.2138
"protein targeting","C3_05_24",4,4,3.7e-24,0,1
"cytoplasmic translation","C3_05_24",2,1,3.7e-24,0.584962500721156,0.6549
"regulation of autophagy","C3_05_24",1,3,3.7e-24,-1,0.2031
"signal transduction in response to DNA damage","C3_05_24",3,2,3.7e-24,0.415037499278844,0.7321
"regulation of intracellular transport","C3_05_24",4,2,3.7e-24,0.736965594166206,0.3356
"protein localization to nucleus","C3_05_24",3,2,3.7e-24,0.415037499278844,0.7444
"microtubule cytoskeleton organization involved in mitosis","C3_05_24",1,1,3.7e-24,0,1
"telomere maintenance","C3_05_24",5,2,3.7e-24,1,0.22
"cell cycle checkpoint signaling","C3_05_24",1,2,3.7e-24,-0.584962500721156,0.5612
"regulation of protein modification by small protein conjugation or removal","C3_05_24",4,2,3.7e-24,0.736965594166206,0.2873
"cellular respiration","C3_05_24",3,3,3.7e-24,0,1
"cellular component disassembly","C3_05_24",2,4,3.7e-24,-0.736965594166206,0.2643
"nuclear chromosome segregation","C3_05_24",4,3,3.7e-24,0.321928094887362,0.7808
"regulation of protein stability","C3_05_24",4,3,3.7e-24,0.321928094887362,0.7693
"regulation of cell cycle phase transition","C3_05_24",7,4,3.7e-24,0.678071905112638,0.3401
"regulation of protein catabolic process","C3_05_24",2,4,3.7e-24,-0.736965594166206,0.3142
"response to endoplasmic reticulum stress","C3_05_24",1,2,3.7e-24,-0.584962500721156,0.5228
"vesicle organization","C3_05_24",4,4,3.7e-24,0,1
"mitochondrial respiratory chain complex assembly","C3_05_24",1,1,3.7e-24,0,1
"DNA-templated transcription elongation","C3_05_24",0,1,3.7e-24,-1,0.4141
"mitochondrial transport","C3_05_24",4,2,3.7e-24,0.736965594166206,0.2771
"establishment of organelle localization","C3_05_24",6,4,3.7e-24,0.485426827170242,0.4529
"regulation of intracellular protein transport","C3_05_24",0,2,3.7e-24,-1.58496250072116,0.1501
"response to UV","C3_05_24",2,1,3.7e-24,0.584962500721156,0.6424
"RNA localization","C3_05_24",3,2,3.7e-24,0.415037499278844,0.7312
"response to topologically incorrect protein","C3_05_24",2,1,3.7e-24,0.584962500721156,0.6659
"organelle fission","C3_05_24",5,4,3.7e-24,0.263034405833794,0.8108
"non-membrane-bounded organelle assembly","C3_05_24",0,3,3.7e-24,-2,0.0263
"protein polyubiquitination","C3_05_24",1,2,3.7e-24,-0.584962500721156,0.5321
"methylation","C3_05_24",2,3,3.7e-24,-0.415037499278844,0.5992
"phospholipid biosynthetic process","C3_05_24",4,3,3.7e-24,0.321928094887362,0.7759
"oxidative phosphorylation","C3_05_24",3,1,3.7e-24,1,0.4084
"establishment of protein localization to membrane","C3_05_24",4,2,3.7e-24,0.736965594166206,0.3061
"in utero embryonic development","C3_05_24",3,4,3.7e-24,-0.321928094887362,0.6487
"vacuole organization","C3_05_24",6,2,3.7e-24,1.22239242133645,0.1303
"nuclear-transcribed mRNA catabolic process","C3_05_24",0,1,3.7e-24,-1,0.409
"protein folding","C3_05_24",4,2,3.7e-24,0.736965594166206,0.297
"DNA conformation change","C3_05_24",1,1,3.7e-24,0,1
"regulation of chromosome segregation","C3_05_24",0,1,3.7e-24,-1,0.4126
"regulation of apoptotic signaling pathway","C3_05_24",6,4,3.7e-24,0.485426827170242,0.4477
"cell cycle G2/M phase transition","C3_05_24",0,1,3.7e-24,-1,0.4276
"vacuolar transport","C3_05_24",3,2,3.7e-24,0.415037499278844,0.7332
"response to ionizing radiation","C3_05_24",4,1,3.7e-24,1.32192809488736,0.0296
"cellular response to UV","C3_05_24",3,1,3.7e-24,1,0.4883
"regulation of binding","C3_05_24",1,3,3.7e-24,-1,0.2122
"nucleic acid transport","C3_05_24",3,2,3.7e-24,0.415037499278844,0.74
"RNA transport","C3_05_24",5,2,3.7e-24,1,0.2079
"ribonucleoprotein complex subunit organization","C3_05_24",3,2,3.7e-24,0.415037499278844,0.7366
"regulation of DNA replication","C3_05_24",0,1,3.7e-24,-1,0.4142
"ribose phosphate metabolic process","C3_05_24",6,4,3.7e-24,0.485426827170242,0.4582
"proton motive force-driven ATP synthesis","C3_05_24",0,0,3.7e-24,0,1
"ribonucleotide metabolic process","C3_05_24",2,3,3.7e-24,-0.415037499278844,0.6018
"telomere organization","C3_05_24",0,2,3.7e-24,-1.58496250072116,0.1793
"cellular response to topologically incorrect protein","C3_05_24",0,1,3.7e-24,-1,0.4162
"Golgi organization","C3_05_24",2,1,3.7e-24,0.584962500721156,0.6368
"ribonucleoprotein complex assembly","C3_05_24",2,2,3.7e-24,0,1
"cellular nitrogen compound catabolic process","C3_05_24",3,4,3.7e-24,-0.321928094887362,0.6482
"negative regulation of phosphorus metabolic process","C3_05_24",2,3,3.7e-24,-0.415037499278844,0.6004
"heterocycle catabolic process","C3_05_24",5,4,3.7e-24,0.263034405833794,0.8083
"mitochondrial membrane organization","C3_05_24",0,1,3.7e-24,-1,0.4403
"regulation of protein-containing complex assembly","C3_05_24",5,3,3.7e-24,0.584962500721156,0.3822
"positive regulation of cellular component biogenesis","C3_05_24",4,4,3.7e-24,0,1
"response to oxidative stress","C3_05_24",2,3,3.7e-24,-0.415037499278844,0.6039
"regulation of supramolecular fiber organization","C3_05_24",8,3,3.7e-24,1.16992500144231,0.059
"positive regulation of protein localization","C3_05_24",3,4,3.7e-24,-0.321928094887362,0.6391
"positive regulation of cell projection organization","C3_05_24",3,3,3.7e-24,0,1
"negative regulation of transferase activity","C3_05_24",4,2,3.7e-24,0.736965594166206,0.2931
"autophagy of mitochondrion","C3_05_24",0,1,3.7e-24,-1,0.5235
"positive regulation of amide metabolic process","C3_05_24",3,2,3.7e-24,0.415037499278844,0.7278
"chromatin remodeling","C3_05_24",2,3,3.7e-24,-0.415037499278844,0.6015
"viral process","C3_05_24",3,3,3.7e-24,0,1
"macromolecule deacylation","C3_05_24",1,1,3.7e-24,0,1
"mitotic cytokinesis","C3_05_24",0,0,3.7e-24,0,1
"aromatic compound catabolic process","C3_05_24",6,5,3.7e-24,0.222392421336448,0.824
"vesicle localization","C3_05_24",3,2,3.7e-24,0.415037499278844,0.7251
"establishment or maintenance of cell polarity","C3_05_24",3,2,3.7e-24,0.415037499278844,0.7281
"Wnt signaling pathway","C3_05_24",3,4,3.7e-24,-0.321928094887362,0.6491
"cell-cell signaling by wnt","C3_05_24",6,4,3.7e-24,0.485426827170242,0.4426
"ATP metabolic process","C3_05_24",3,2,3.7e-24,0.415037499278844,0.7259
"cellular response to chemical stress","C3_05_24",4,3,3.7e-24,0.321928094887362,0.7768
"regulation of vacuole organization","C3_05_24",1,0,3.7e-24,1,0.4459
"cellular response to external stimulus","C3_05_24",1,3,3.7e-24,-1,0.2433
"negative regulation of protein phosphorylation","C3_05_24",2,2,3.7e-24,0,1
"negative regulation of catabolic process","C3_05_24",2,3,3.7e-24,-0.415037499278844,0.6217
"regulation of microtubule cytoskeleton organization","C3_05_24",0,1,3.7e-24,-1,0.4315
"chromosome localization","C3_05_24",0,1,3.7e-24,-1,0.4746
"negative regulation of mitotic nuclear division","C3_05_24",1,0,3.7e-24,1,0.4378
"regulation of actin filament organization","C3_05_24",3,2,3.7e-24,0.415037499278844,0.7345
"dephosphorylation","C3_05_24",3,3,3.7e-24,0,1
"glycosylation","C3_05_24",3,2,3.7e-24,0.415037499278844,0.7284
"positive regulation of establishment of protein localization","C3_05_24",3,3,3.7e-24,0,1
"regulation of microtubule-based process","C3_05_24",0,2,3.7e-24,-1.58496250072116,0.1286
"cell-substrate junction organization","C3_05_24",2,1,3.7e-24,0.584962500721156,0.6411
"protein-containing complex localization","C3_05_24",5,2,3.7e-24,1,0.182
"mitochondrial transmembrane transport","C3_05_24",3,1,3.7e-24,1,0.4446
"stem cell population maintenance","C3_05_24",0,1,3.7e-24,-1,0.4198
"ribosome assembly","C3_05_24",1,1,3.7e-24,0,1
"intraciliary transport","C3_05_24",2,1,3.7e-24,0.584962500721156,0.6316
"Golgi to plasma membrane protein transport","C3_05_24",0,0,3.7e-24,0,1
"response to amino acid starvation","C3_05_24",0,0,3.7e-24,0,1
"cellular response to extracellular stimulus","C3_05_24",1,2,3.7e-24,-0.584962500721156,0.5315
"cell growth","C3_05_24",6,4,3.7e-24,0.485426827170242,0.4508
"protein glycosylation","C3_05_24",5,2,3.7e-24,1,0.2033
"macromolecule glycosylation","C3_05_24",2,2,3.7e-24,0,1
"maintenance of cell number","C3_05_24",0,2,3.7e-24,-1.58496250072116,0.1339
"response to reactive oxygen species","C3_05_24",2,2,3.7e-24,0,1
"regulation of cell morphogenesis","C3_05_24",3,2,3.7e-24,0.415037499278844,0.7367
"regulation of cellular component size","C3_05_24",3,3,3.7e-24,0,1
"cell-substrate junction assembly","C3_05_24",1,0,3.7e-24,1,0.4987
"membrane fission","C3_05_24",0,0,3.7e-24,0,1
"membrane docking","C3_05_24",1,1,3.7e-24,0,1
"fibroblast migration","C3_05_24",0,0,3.7e-24,0,1
"nucleus organization","C3_05_24",0,1,3.7e-24,-1,0.4187
"regulation of cell growth","C3_05_24",7,3,3.7e-24,1,0.2021
"fibroblast proliferation","C3_05_24",1,1,3.7e-24,0,1
"cell cycle G1/S phase transition","C3_05_24",4,2,3.7e-24,0.736965594166206,0.297
"actin filament organization","C3_05_24",3,3,3.7e-24,0,1
"response to oxygen levels","C3_05_24",3,3,3.7e-24,0,1
"epigenetic regulation of gene expression","C3_05_24",0,2,3.7e-24,-1.58496250072116,0.1632
"organelle fusion","C3_05_24",0,1,3.7e-24,-1,0.4151
"lipoprotein metabolic process","C3_05_24",4,1,3.7e-24,1.32192809488736,0.0799
"protein lipidation","C3_05_24",1,1,3.7e-24,0,1
"regulation of plasma membrane bounded cell projection assembly","C3_05_24",4,2,3.7e-24,0.736965594166206,0.2896
"regulation of actin filament-based process","C3_05_24",4,3,3.7e-24,0.321928094887362,0.7768
"regulation of GTPase activity","C3_05_24",2,3,3.7e-24,-0.415037499278844,0.6185
"nuclear envelope organization","C3_05_24",2,0,3.7e-24,1.58496250072116,0.1437
"protein autophosphorylation","C3_05_24",2,2,3.7e-24,0,1
"connective tissue development","C3_05_24",4,2,3.7e-24,0.736965594166206,0.3055
"cellular response to heat","C3_05_24",0,0,3.7e-24,0,1
"myeloid cell homeostasis","C3_05_24",2,1,3.7e-24,0.584962500721156,0.6762
"regulation of neuron projection development","C3_05_24",4,3,3.7e-24,0.321928094887362,0.7804
"receptor metabolic process","C3_05_24",1,0,3.7e-24,1,0.466
"maintenance of protein location in cell","C3_05_24",1,0,3.7e-24,1,0.4588
"apoptotic mitochondrial changes","C3_05_24",0,1,3.7e-24,-1,0.4195
"response to transforming growth factor beta","C3_05_24",2,2,3.7e-24,0,1
"neural tube development","C3_05_24",0,1,3.7e-24,-1,0.4211
"maintenance of protein location","C3_05_24",1,1,3.7e-24,0,1
"regulation of ubiquitin-protein transferase activity","C3_05_24",0,0,3.7e-24,0,1
"cilium assembly","C3_05_24",4,3,3.7e-24,0.321928094887362,0.777
"mRNA export from nucleus","C3_05_24",0,0,3.7e-24,0,1
"regulation of cell-substrate junction organization","C3_05_24",0,0,3.7e-24,0,1
"membrane biogenesis","C3_05_24",0,0,3.7e-24,0,1
"cilium organization","C3_05_24",5,4,3.7e-24,0.263034405833794,0.8085
"platelet-derived growth factor receptor signaling pathway","C3_05_24",0,0,3.7e-24,0,1
"iron-sulfur cluster assembly","C3_05_24",0,0,3.7e-24,0,1
"metallo-sulfur cluster assembly","C3_05_24",0,0,3.7e-24,0,1
"centromere complex assembly","C3_05_24",0,0,3.7e-24,0,1
"cellular response to oxygen levels","C3_05_24",2,1,3.7e-24,0.584962500721156,0.6547
"fatty acid beta-oxidation","C3_05_24",0,0,3.7e-24,0,1
"organelle localization by membrane tethering","C3_05_24",0,0,3.7e-24,0,1
"autophagosome maturation","C3_05_24",0,0,3.7e-24,0,1
"cellular response to transforming growth factor beta stimulus","C3_05_24",4,2,3.7e-24,0.736965594166206,0.2926
"nucleotide catabolic process","C3_05_24",0,1,3.7e-24,-1,0.4545
"tube closure","C3_05_24",4,1,3.7e-24,1.32192809488736,0.0225
"regulation of stem cell differentiation","C3_05_24",2,0,3.7e-24,1.58496250072116,0.1402
"substrate adhesion-dependent cell spreading","C3_05_24",2,1,3.7e-24,0.584962500721156,0.6323
"chondrocyte differentiation","C3_05_24",1,1,3.7e-24,0,1
"regulation of fibroblast proliferation","C3_05_24",0,0,3.7e-24,0,1
"morphogenesis of an epithelial sheet","C3_05_24",0,0,3.7e-24,0,1
"microtubule polymerization","C3_05_24",0,1,3.7e-24,-1,0.4803
"response to virus","C3_05_24",2,3,3.7e-24,-0.415037499278844,0.5857
"membrane assembly","C3_05_24",0,1,3.7e-24,-1,0.4879
"COPII vesicle coating","C3_05_24",2,0,3.7e-24,1.58496250072116,0.0434
"erythrocyte differentiation","C3_05_24",1,1,3.7e-24,0,1
"organophosphate catabolic process","C3_05_24",1,2,3.7e-24,-0.584962500721156,0.5824
"regulation of embryonic development","C3_05_24",1,1,3.7e-24,0,1
"regulation of focal adhesion assembly","C3_05_24",1,0,3.7e-24,1,0.4735
"regulation of cell-substrate junction assembly","C3_05_24",0,0,3.7e-24,0,1
"regulation of extracellular matrix organization","C3_05_24",0,0,3.7e-24,0,1
"GPI anchor biosynthetic process","C3_05_24",0,0,3.7e-24,0,1
"lamellipodium organization","C3_05_24",3,1,3.7e-24,1,0.4316
"positive regulation of stem cell population maintenance","C3_05_24",1,0,3.7e-24,1,0.3973
"monosaccharide metabolic process","C3_05_24",5,2,3.7e-24,1,0.1837
"U2-type prespliceosome assembly","C3_05_24",0,0,3.7e-24,0,1
"heterochromatin formation","C3_05_24",0,0,3.7e-24,0,1
"peroxisome organization","C3_05_24",0,0,3.7e-24,0,1
"regulation of mitochondrial fission","C3_05_24",0,0,3.7e-24,0,1
"cellular pigmentation","C3_05_24",0,0,3.7e-24,0,1
"regulation of fibroblast migration","C3_05_24",0,0,3.7e-24,0,1
"cellular carbohydrate metabolic process","C3_05_24",6,2,3.7e-24,1.22239242133645,0.1287
"positive regulation of axonogenesis","C3_05_24",1,0,3.7e-24,1,0.4897
"kinetochore organization","C3_05_24",0,0,3.7e-24,0,1
"stem cell differentiation","C3_05_24",4,2,3.7e-24,0.736965594166206,0.3011
"proton transmembrane transport","C3_05_24",1,1,3.7e-24,0,1
"cellular response to insulin stimulus","C3_05_24",3,2,3.7e-24,0.415037499278844,0.7318
"establishment of mitotic spindle localization","C3_05_24",0,0,3.7e-24,0,1
"cell redox homeostasis","C3_05_24",0,0,3.7e-24,0,1
"stress granule assembly","C3_05_24",0,0,3.7e-24,0,1
"protein neddylation","C3_05_24",0,0,3.7e-24,0,1
"regulation of mitochondrial membrane potential","C3_05_24",0,0,3.7e-24,0,1
"neuron death","C3_05_24",2,3,3.7e-24,-0.415037499278844,0.587
"defense response to virus","C3_05_24",2,3,3.7e-24,-0.415037499278844,0.6215
"sulfur compound metabolic process","C3_05_24",3,2,3.7e-24,0.415037499278844,0.74
"NADP metabolic process","C3_05_24",0,0,3.7e-24,0,1
"vacuolar acidification","C3_05_24",0,0,3.7e-24,0,1
"oligosaccharide-lipid intermediate biosynthetic process","C3_05_24",1,0,3.7e-24,1,0.286
"lysosomal lumen acidification","C3_05_24",0,0,3.7e-24,0,1
"glycosyl compound biosynthetic process","C3_05_24",0,0,3.7e-24,0,1
"heart valve development","C3_05_24",2,0,3.7e-24,1.58496250072116,0.1211
"water-soluble vitamin metabolic process","C3_05_24",0,0,3.7e-24,0,1
"interferon-beta production","C3_05_24",0,0,3.7e-24,0,1
"regulation of interferon-beta production","C3_05_24",0,1,3.7e-24,-1,0.5223
"branched-chain amino acid metabolic process","C3_05_24",0,0,3.7e-24,0,1
"regulation of mitochondrial membrane permeability","C3_05_24",0,1,3.7e-24,-1,0.4405
"respiratory tube development","C3_05_24",1,1,3.7e-24,0,1
"cellular senescence","C3_05_24",2,1,3.7e-24,0.584962500721156,0.6499
"positive regulation of neurogenesis","C3_05_24",1,2,3.7e-24,-0.584962500721156,0.5766
"mitochondrial outer membrane permeabilization","C3_05_24",1,0,3.7e-24,1,0.3638
"immune system development","C3_05_24",1,1,3.7e-24,0,1
"clathrin-dependent endocytosis","C3_05_24",1,0,3.7e-24,1,0.3034
"positive regulation of viral process","C3_05_24",0,0,3.7e-24,0,1
"bone development","C3_05_24",2,1,3.7e-24,0.584962500721156,0.6851
"cell-substrate adhesion","C3_05_24",1,2,3.7e-24,-0.584962500721156,0.5275
"positive regulation of microtubule polymerization","C3_05_24",0,0,3.7e-24,0,1
"pteridine-containing compound metabolic process","C3_05_24",0,0,3.7e-24,0,1
"response to arsenic-containing substance","C3_05_24",1,0,3.7e-24,1,0.4035
"response to insulin","C3_05_24",2,2,3.7e-24,0,1
"ubiquinone metabolic process","C3_05_24",2,0,3.7e-24,1.58496250072116,0.0694
"cellular response to arsenic-containing substance","C3_05_24",1,0,3.7e-24,1,0.2579
"inositol phosphate catabolic process","C3_05_24",0,0,3.7e-24,0,1
"telomerase RNA localization to Cajal body","C3_05_24",1,0,3.7e-24,1,0.2267
"respiratory system development","C3_05_24",4,1,3.7e-24,1.32192809488736,0.0717
"regulation of generation of precursor metabolites and energy","C3_05_24",1,1,3.7e-24,0,1
"mitochondrial calcium ion homeostasis","C3_05_24",0,0,3.7e-24,0,1
"G0 to G1 transition","C3_05_24",0,0,3.7e-24,0,1
"mitochondrial genome maintenance","C3_05_24",0,0,3.7e-24,0,1
"release of cytochrome c from mitochondria","C3_05_24",0,0,3.7e-24,0,1
"cortical cytoskeleton organization","C3_05_24",2,0,3.7e-24,1.58496250072116,0.0861
"response to sterol depletion","C3_05_24",0,0,3.7e-24,0,1
"regulation of ncRNA transcription","C3_05_24",0,0,3.7e-24,0,1
"mesenchymal cell differentiation","C3_05_24",3,2,3.7e-24,0.415037499278844,0.7306
"protein-DNA complex subunit organization","C3_05_24",4,2,3.7e-24,0.736965594166206,0.2846
"response to fluid shear stress","C3_05_24",0,0,3.7e-24,0,1
"collagen fibril organization","C3_05_24",0,0,3.7e-24,0,1
"roof of mouth development","C3_05_24",0,1,3.7e-24,-1,0.5168
"regulation of protein dephosphorylation","C3_05_24",1,1,3.7e-24,0,1
"multicellular organism growth","C3_05_24",1,1,3.7e-24,0,1
"miRNA processing","C3_05_24",2,0,3.7e-24,1.58496250072116,0.1066
"small molecule catabolic process","C3_05_24",1,3,3.7e-24,-1,0.277
"regulation of G0 to G1 transition","C3_05_24",0,0,3.7e-24,0,1
"circadian regulation of gene expression","C3_05_24",1,1,3.7e-24,0,1
"regulation of translational fidelity","C3_05_24",0,0,3.7e-24,0,1
"ubiquinone biosynthetic process","C3_05_24",0,0,3.7e-24,0,1
"mitochondrial calcium ion transmembrane transport","C3_05_24",0,0,3.7e-24,0,1
"quinone biosynthetic process","C3_05_24",0,0,3.7e-24,0,1
"viral release from host cell","C3_05_24",0,0,3.7e-24,0,1
"exit from host cell","C3_05_24",1,0,3.7e-24,1,0.1908
"positive regulation of GTPase activity","C3_05_24",2,2,3.7e-24,0,1
"regulation of cytokinesis","C3_05_24",2,1,3.7e-24,0.584962500721156,0.6303
"mitochondrion localization","C3_05_24",0,0,3.7e-24,0,1
"renal system development","C3_05_24",3,2,3.7e-24,0.415037499278844,0.7411
"regulation of cysteine-type endopeptidase activity involved in apoptotic process","C3_05_24",0,1,3.7e-24,-1,0.4229
"regulation of cell-substrate adhesion","C3_05_24",3,1,3.7e-24,1,0.4173
"centrosome localization","C3_05_24",0,0,3.7e-24,0,1
"microtubule organizing center localization","C3_05_24",0,0,3.7e-24,0,1
"pinocytosis","C3_05_24",0,0,3.7e-24,0,1
"lamellipodium assembly","C3_05_24",1,0,3.7e-24,1,0.4796
"cellular response to sterol depletion","C3_05_24",0,0,3.7e-24,0,1
"placenta development","C3_05_24",1,1,3.7e-24,0,1
"rhythmic process","C3_05_24",3,2,3.7e-24,0.415037499278844,0.7493
"spindle localization","C3_05_24",1,0,3.7e-24,1,0.4281
"carbohydrate derivative catabolic process","C3_05_24",2,1,3.7e-24,0.584962500721156,0.6718
"response to amino acid","C3_05_24",0,1,3.7e-24,-1,0.4128
"regulation of intracellular steroid hormone receptor signaling pathway","C3_05_24",0,1,3.7e-24,-1,0.4847
"regulation of neuron death","C3_05_24",3,2,3.7e-24,0.415037499278844,0.7456
"ossification","C3_05_24",2,4,3.7e-24,-0.736965594166206,0.2941
"mammary gland epithelial cell proliferation","C3_05_24",1,0,3.7e-24,1,0.1789
"ribosomal subunit export from nucleus","C3_05_24",1,0,3.7e-24,1,0.1443
"ribosome localization","C3_05_24",1,0,3.7e-24,1,0.1844
"protein transport to vacuole involved in ubiquitin-dependent protein catabolic process via the multivesicular body sorting pathway","C3_05_24",0,0,3.7e-24,0,1
"seminiferous tubule development","C3_05_24",0,0,3.7e-24,0,1
"cellular response to acid chemical","C3_05_24",0,1,3.7e-24,-1,0.4301
"positive regulation of kinase activity","C3_05_24",6,3,3.7e-24,0.807354922057604,0.2764
"positive regulation by host of viral process","C3_05_24",0,0,3.7e-24,0,1
"mitochondrion morphogenesis","C3_05_24",1,0,3.7e-24,1,0.155
"regulation of establishment of cell polarity","C3_05_24",0,0,3.7e-24,0,1
"cellular lipid catabolic process","C3_05_24",1,2,3.7e-24,-0.584962500721156,0.5818
"neuron apoptotic process","C3_05_24",3,2,3.7e-24,0.415037499278844,0.7348
"inner cell mass cell proliferation","C3_05_24",1,0,3.7e-24,1,0.1932
"polyamine biosynthetic process","C3_05_24",0,0,3.7e-24,0,1
"folic acid metabolic process","C3_05_24",0,0,3.7e-24,0,1
"organelle inheritance","C3_05_24",0,0,3.7e-24,0,1
"polyol metabolic process","C3_05_24",2,1,3.7e-24,0.584962500721156,0.6609
"regulation of type I interferon-mediated signaling pathway","C3_05_24",0,0,3.7e-24,0,1
"intracellular lipid transport","C3_05_24",0,0,3.7e-24,0,1
"fat cell differentiation","C3_05_24",0,2,3.7e-24,-1.58496250072116,0.1545
"iron ion homeostasis","C3_05_24",1,1,3.7e-24,0,1
"negative regulation of cell projection organization","C3_05_24",2,1,3.7e-24,0.584962500721156,0.6523
"dicarboxylic acid metabolic process","C3_05_24",2,1,3.7e-24,0.584962500721156,0.6376
"regulation of anatomical structure size","C3_05_24",3,5,3.7e-24,-0.584962500721156,0.362
"regulation of small molecule metabolic process","C3_05_24",1,2,3.7e-24,-0.584962500721156,0.5309
"pentose-phosphate shunt","C3_05_24",0,0,3.7e-24,0,1
"pericardium development","C3_05_24",0,0,3.7e-24,0,1
"lysosomal protein catabolic process","C3_05_24",1,0,3.7e-24,1,0.2174
"carbohydrate derivative transport","C3_05_24",1,1,3.7e-24,0,1
"alcohol biosynthetic process","C3_05_24",2,1,3.7e-24,0.584962500721156,0.6558
"regulation of membrane permeability","C3_05_24",0,0,3.7e-24,0,1
"signal peptide processing","C3_05_24",0,0,3.7e-24,0,1
"UV-damage excision repair","C3_05_24",0,0,3.7e-24,0,1
"biological process involved in interaction with host","C3_05_24",0,2,3.7e-24,-1.58496250072116,0.156
"body morphogenesis","C3_05_24",0,0,3.7e-24,0,1
"extracellular vesicle biogenesis","C3_05_24",1,0,3.7e-24,1,0.151
"negative regulation of defense response to virus","C3_05_24",2,0,3.7e-24,1.58496250072116,0.0358
"aminoglycan biosynthetic process","C3_05_24",1,1,3.7e-24,0,1
"sterol biosynthetic process","C3_05_24",0,0,3.7e-24,0,1
"polyamine metabolic process","C3_05_24",0,0,3.7e-24,0,1
"magnesium ion transport","C3_05_24",0,0,3.7e-24,0,1
"lamellipodium morphogenesis","C3_05_24",0,0,3.7e-24,0,1
"positive regulation of neuron migration","C3_05_24",0,0,3.7e-24,0,1
"regulation of glucose metabolic process","C3_05_24",0,1,3.7e-24,-1,0.4348
"monosaccharide biosynthetic process","C3_05_24",1,1,3.7e-24,0,1
"response to acid chemical","C3_05_24",0,1,3.7e-24,-1,0.431
"regulation of carbohydrate metabolic process","C3_05_24",1,1,3.7e-24,0,1
"positive regulation of nervous system development","C3_05_24",3,2,3.7e-24,0.415037499278844,0.7359
"regulation of circadian rhythm","C3_05_24",2,1,3.7e-24,0.584962500721156,0.6372
"trabecula morphogenesis","C3_05_24",0,0,3.7e-24,0,1
"pigment accumulation","C3_05_24",0,0,3.7e-24,0,1
"cellular pigment accumulation","C3_05_24",0,0,3.7e-24,0,1
"regulation of pinocytosis","C3_05_24",0,0,3.7e-24,0,1
"regulation of ligase activity","C3_05_24",0,0,3.7e-24,0,1
"smoothened signaling pathway involved in dorsal/ventral neural tube patterning","C3_05_24",0,0,3.7e-24,0,1
"glycosyl compound metabolic process","C3_05_24",0,0,3.7e-24,0,1
"substantia nigra development","C3_05_24",1,0,3.7e-24,1,0.2849
"negative regulation of GTPase activity","C3_05_24",1,0,3.7e-24,1,0.3763
"axon extension","C3_05_24",1,1,3.7e-24,0,1
"positive regulation of epithelial to mesenchymal transition","C3_05_24",1,0,3.7e-24,1,0.3329
"one-carbon metabolic process","C3_05_24",0,0,3.7e-24,0,1
"NADPH regeneration","C3_05_24",1,0,3.7e-24,1,0.1515
"cellular response to dsRNA","C3_05_24",0,0,3.7e-24,0,1
"neuron projection organization","C3_05_24",2,1,3.7e-24,0.584962500721156,0.6274
"postsynapse organization","C3_05_24",2,1,3.7e-24,0.584962500721156,0.6526
"regulation of ketone biosynthetic process","C3_05_24",0,0,3.7e-24,0,1
"mitochondrion distribution","C3_05_24",0,0,3.7e-24,0,1
"regulation of autophagosome maturation","C3_05_24",0,0,3.7e-24,0,1
"magnesium ion transmembrane transport","C3_05_24",0,0,3.7e-24,0,1
"regulation of cell division","C3_05_24",2,1,3.7e-24,0.584962500721156,0.6684
"intermembrane lipid transfer","C3_05_24",0,0,3.7e-24,0,1
"organophosphate ester transport","C3_05_24",0,1,3.7e-24,-1,0.421
"movement in host","C3_05_24",1,1,3.7e-24,0,1
"extracellular matrix assembly","C3_05_24",0,0,3.7e-24,0,1
"cellular metabolic compound salvage","C3_05_24",1,0,3.7e-24,1,0.3094
"regulation of ATP-dependent activity","C3_05_24",0,0,3.7e-24,0,1
"cell migration involved in heart development","C3_05_24",0,0,3.7e-24,0,1
"cellular response to fluid shear stress","C3_05_24",0,0,3.7e-24,0,1
"sphingomyelin biosynthetic process","C3_05_24",0,0,3.7e-24,0,1
"ether lipid biosynthetic process","C3_05_24",0,0,3.7e-24,0,1
"embryonic body morphogenesis","C3_05_24",0,0,3.7e-24,0,1
"amino sugar biosynthetic process","C3_05_24",0,0,3.7e-24,0,1
"glycerol ether biosynthetic process","C3_05_24",0,0,3.7e-24,0,1
"pigmentation","C3_05_24",3,1,3.7e-24,1,0.5212
"cellular response to ketone","C3_05_24",1,0,3.7e-24,1,0.4192
"nonribosomal peptide biosynthetic process","C3_05_24",0,0,3.7e-24,0,1
"glial cell apoptotic process","C3_05_24",0,0,3.7e-24,0,1
"lipoprotein catabolic process","C3_05_24",0,0,3.7e-24,0,1
"suppression of viral release by host","C3_05_24",0,0,3.7e-24,0,1
"chaperone-mediated autophagy","C3_05_24",0,0,3.7e-24,0,1
"regulation of steroid hormone biosynthetic process","C3_05_24",2,0,3.7e-24,1.58496250072116,0.01
"synaptic vesicle lumen acidification","C3_05_24",1,0,3.7e-24,1,0.1422
"semaphorin-plexin signaling pathway involved in neuron projection guidance","C3_05_24",0,0,3.7e-24,0,1
"regulation of Golgi organization","C3_05_24",0,0,3.7e-24,0,1
"Schwann cell differentiation","C3_05_24",0,0,3.7e-24,0,1
"neurotrophin signaling pathway","C3_05_24",0,0,3.7e-24,0,1
"regulation of microtubule depolymerization","C3_05_24",0,0,3.7e-24,0,1
"basement membrane organization","C3_05_24",1,0,3.7e-24,1,0.2472
"establishment or maintenance of epithelial cell apical/basal polarity","C3_05_24",1,1,3.7e-24,0,1
"face development","C3_05_24",1,0,3.7e-24,1,0.2912
"osteoblast differentiation","C3_05_24",4,2,3.7e-24,0.736965594166206,0.277
"appendage development","C3_05_24",0,1,3.7e-24,-1,0.417
"limb development","C3_05_24",0,1,3.7e-24,-1,0.4216
"regulation of ATP metabolic process","C3_05_24",0,0,3.7e-24,0,1
"developmental growth involved in morphogenesis","C3_05_24",2,2,3.7e-24,0,1
"embryonic organ development","C3_05_24",4,4,3.7e-24,0,1
"negative regulation of growth","C3_05_24",2,2,3.7e-24,0,1
"microtubule depolymerization","C3_05_24",1,0,3.7e-24,1,0.343
"heme metabolic process","C3_05_24",0,0,3.7e-24,0,1
"regulation of neuron apoptotic process","C3_05_24",3,2,3.7e-24,0.415037499278844,0.7302
"plasma membrane tubulation","C3_05_24",0,0,3.7e-24,0,1
"exosomal secretion","C3_05_24",0,0,3.7e-24,0,1
"vasculogenesis","C3_05_24",0,0,3.7e-24,0,1
"toxin transport","C3_05_24",0,0,3.7e-24,0,1
"ncRNA processing","E1_06_14",13,24,3.7e-24,-0.83650126771712,0.0084
"ribosome biogenesis","E1_06_14",12,14,3.7e-24,-0.206450877467426,0.6096
"rRNA metabolic process","E1_06_14",16,15,3.7e-24,0.0874628412503394,0.8971
"proteasome-mediated ubiquitin-dependent protein catabolic process","E1_06_14",19,19,3.7e-24,0,1
"regulation of response to DNA damage stimulus","E1_06_14",17,17,3.7e-24,0,1
"establishment of protein localization to organelle","E1_06_14",21,22,3.7e-24,-0.0641303374197156,0.8354
"macroautophagy","E1_06_14",20,14,3.7e-24,0.485426827170242,0.18
"regulation of chromosome organization","E1_06_14",12,12,3.7e-24,0,1
"Golgi vesicle transport","E1_06_14",17,20,3.7e-24,-0.222392421336448,0.5178
"double-strand break repair","E1_06_14",15,16,3.7e-24,-0.0874628412503394,0.8036
"histone modification","E1_06_14",15,24,3.7e-24,-0.643856189774725,0.036
"sister chromatid segregation","E1_06_14",10,12,3.7e-24,-0.241008099503795,0.5682
"DNA replication","E1_06_14",12,14,3.7e-24,-0.206450877467426,0.6004
"chromosome segregation","E1_06_14",23,24,3.7e-24,-0.0588936890535686,0.8348
"mitochondrial gene expression","E1_06_14",6,9,3.7e-24,-0.514573172829758,0.2946
"nucleocytoplasmic transport","E1_06_14",9,13,3.7e-24,-0.485426827170242,0.233
"nuclear transport","E1_06_14",17,18,3.7e-24,-0.0780025120012732,0.8143
"regulation of DNA repair","E1_06_14",11,11,3.7e-24,0,1
"peptidyl-lysine modification","E1_06_14",26,18,3.7e-24,0.506959988719883,0.1272
"protein targeting","E1_06_14",20,20,3.7e-24,0,1
"cytoplasmic translation","E1_06_14",9,8,3.7e-24,0.15200309344505,0.858
"regulation of autophagy","E1_06_14",13,18,3.7e-24,-0.440572591385981,0.2049
"signal transduction in response to DNA damage","E1_06_14",8,12,3.7e-24,-0.53051471669878,0.2189
"regulation of intracellular transport","E1_06_14",9,12,3.7e-24,-0.37851162325373,0.3985
"protein localization to nucleus","E1_06_14",10,13,3.7e-24,-0.347923303420307,0.4257
"microtubule cytoskeleton organization involved in mitosis","E1_06_14",11,7,3.7e-24,0.584962500721156,0.2762
"telomere maintenance","E1_06_14",6,8,3.7e-24,-0.362570079384708,0.4863
"cell cycle checkpoint signaling","E1_06_14",9,9,3.7e-24,0,1
"regulation of protein modification by small protein conjugation or removal","E1_06_14",13,12,3.7e-24,0.106915203916512,0.8833
"cellular respiration","E1_06_14",20,16,3.7e-24,0.304854581528421,0.3764
"cellular component disassembly","E1_06_14",22,26,3.7e-24,-0.231325546106456,0.4377
"nuclear chromosome segregation","E1_06_14",17,15,3.7e-24,0.169925001442312,0.6989
"regulation of protein stability","E1_06_14",8,16,3.7e-24,-0.917537839808027,0.0162
"regulation of cell cycle phase transition","E1_06_14",29,26,3.7e-24,0.15200309344505,0.6278
"regulation of protein catabolic process","E1_06_14",23,21,3.7e-24,0.125530882083859,0.7381
"response to endoplasmic reticulum stress","E1_06_14",11,12,3.7e-24,-0.115477217419936,0.7771
"vesicle organization","E1_06_14",10,19,3.7e-24,-0.862496476250065,0.0216
"mitochondrial respiratory chain complex assembly","E1_06_14",5,5,3.7e-24,0,1
"DNA-templated transcription elongation","E1_06_14",7,9,3.7e-24,-0.321928094887362,0.5163
"mitochondrial transport","E1_06_14",16,13,3.7e-24,0.280107919192735,0.4874
"establishment of organelle localization","E1_06_14",29,20,3.7e-24,0.514573172829758,0.099
"regulation of intracellular protein transport","E1_06_14",10,9,3.7e-24,0.137503523749935,0.8649
"response to UV","E1_06_14",12,8,3.7e-24,0.53051471669878,0.3035
"RNA localization","E1_06_14",6,9,3.7e-24,-0.514573172829758,0.2873
"response to topologically incorrect protein","E1_06_14",12,7,3.7e-24,0.700439718141092,0.1327
"organelle fission","E1_06_14",19,24,3.7e-24,-0.321928094887362,0.2737
"non-membrane-bounded organelle assembly","E1_06_14",17,18,3.7e-24,-0.0780025120012732,0.8249
"protein polyubiquitination","E1_06_14",17,13,3.7e-24,0.362570079384708,0.328
"methylation","E1_06_14",14,17,3.7e-24,-0.263034405833794,0.4668
"phospholipid biosynthetic process","E1_06_14",21,16,3.7e-24,0.371968777386958,0.3222
"oxidative phosphorylation","E1_06_14",10,7,3.7e-24,0.459431618637297,0.3438
"establishment of protein localization to membrane","E1_06_14",9,13,3.7e-24,-0.485426827170242,0.2217
"in utero embryonic development","E1_06_14",20,21,3.7e-24,-0.0671141958585369,0.8351
"vacuole organization","E1_06_14",14,12,3.7e-24,0.206450877467426,0.6707
"nuclear-transcribed mRNA catabolic process","E1_06_14",11,7,3.7e-24,0.584962500721156,0.2781
"protein folding","E1_06_14",9,12,3.7e-24,-0.37851162325373,0.3951
"DNA conformation change","E1_06_14",4,4,3.7e-24,0,1
"regulation of chromosome segregation","E1_06_14",9,8,3.7e-24,0.15200309344505,0.8586
"regulation of apoptotic signaling pathway","E1_06_14",19,21,3.7e-24,-0.137503523749935,0.6692
"cell cycle G2/M phase transition","E1_06_14",10,9,3.7e-24,0.137503523749935,0.8648
"vacuolar transport","E1_06_14",11,10,3.7e-24,0.125530882083859,0.8709
"response to ionizing radiation","E1_06_14",4,6,3.7e-24,-0.485426827170242,0.439
"cellular response to UV","E1_06_14",1,4,3.7e-24,-1.32192809488736,0.1076
"regulation of binding","E1_06_14",14,17,3.7e-24,-0.263034405833794,0.469
"nucleic acid transport","E1_06_14",14,10,3.7e-24,0.447458976971221,0.3502
"RNA transport","E1_06_14",6,9,3.7e-24,-0.514573172829758,0.2637
"ribonucleoprotein complex subunit organization","E1_06_14",18,14,3.7e-24,0.341036917835067,0.3466
"regulation of DNA replication","E1_06_14",9,8,3.7e-24,0.15200309344505,0.8638
"ribose phosphate metabolic process","E1_06_14",21,21,3.7e-24,0,1
"proton motive force-driven ATP synthesis","E1_06_14",6,3,3.7e-24,0.807354922057604,0.2814
"ribonucleotide metabolic process","E1_06_14",20,21,3.7e-24,-0.0671141958585369,0.833
"telomere organization","E1_06_14",9,9,3.7e-24,0,1
"cellular response to topologically incorrect protein","E1_06_14",1,6,3.7e-24,-1.8073549220576,0.0199
"Golgi organization","E1_06_14",5,7,3.7e-24,-0.415037499278844,0.4737
"ribonucleoprotein complex assembly","E1_06_14",15,11,3.7e-24,0.415037499278844,0.3733
"cellular nitrogen compound catabolic process","E1_06_14",24,21,3.7e-24,0.184424571137428,0.5905
"negative regulation of phosphorus metabolic process","E1_06_14",11,17,3.7e-24,-0.584962500721156,0.1046
"heterocycle catabolic process","E1_06_14",9,20,3.7e-24,-1.0703893278914,0.0044
"mitochondrial membrane organization","E1_06_14",6,7,3.7e-24,-0.192645077942396,0.7244
"regulation of protein-containing complex assembly","E1_06_14",10,13,3.7e-24,-0.347923303420307,0.4152
"positive regulation of cellular component biogenesis","E1_06_14",21,21,3.7e-24,0,1
"response to oxidative stress","E1_06_14",19,18,3.7e-24,0.0740005814437768,0.9021
"regulation of supramolecular fiber organization","E1_06_14",15,18,3.7e-24,-0.247927513443586,0.4834
"positive regulation of protein localization","E1_06_14",20,21,3.7e-24,-0.0671141958585369,0.8299
"positive regulation of cell projection organization","E1_06_14",23,16,3.7e-24,0.497499659470817,0.1724
"negative regulation of transferase activity","E1_06_14",12,12,3.7e-24,0,1
"autophagy of mitochondrion","E1_06_14",0,4,3.7e-24,-2.32192809488736,0.0192
"positive regulation of amide metabolic process","E1_06_14",10,10,3.7e-24,0,1
"chromatin remodeling","E1_06_14",17,18,3.7e-24,-0.0780025120012732,0.8108
"viral process","E1_06_14",12,15,3.7e-24,-0.299560281858908,0.4421
"macromolecule deacylation","E1_06_14",3,7,3.7e-24,-1,0.0967
"mitotic cytokinesis","E1_06_14",4,4,3.7e-24,0,1
"aromatic compound catabolic process","E1_06_14",22,26,3.7e-24,-0.231325546106456,0.4416
"vesicle localization","E1_06_14",15,11,3.7e-24,0.415037499278844,0.3786
"establishment or maintenance of cell polarity","E1_06_14",9,11,3.7e-24,-0.263034405833794,0.5611
"Wnt signaling pathway","E1_06_14",21,20,3.7e-24,0.067114195858537,0.9109
"cell-cell signaling by wnt","E1_06_14",18,20,3.7e-24,-0.144389909335175,0.6565
"ATP metabolic process","E1_06_14",7,10,3.7e-24,-0.459431618637297,0.2933
"cellular response to chemical stress","E1_06_14",15,18,3.7e-24,-0.247927513443586,0.4787
"regulation of vacuole organization","E1_06_14",1,2,3.7e-24,-0.584962500721156,0.5379
"cellular response to external stimulus","E1_06_14",7,13,3.7e-24,-0.807354922057604,0.0485
"negative regulation of protein phosphorylation","E1_06_14",16,12,3.7e-24,0.387023123109247,0.3195
"negative regulation of catabolic process","E1_06_14",14,13,3.7e-24,0.0995356735509144,0.8948
"regulation of microtubule cytoskeleton organization","E1_06_14",8,7,3.7e-24,0.169925001442312,0.8478
"chromosome localization","E1_06_14",4,5,3.7e-24,-0.263034405833794,0.6929
"negative regulation of mitotic nuclear division","E1_06_14",2,2,3.7e-24,0,1
"regulation of actin filament organization","E1_06_14",8,12,3.7e-24,-0.53051471669878,0.214
"dephosphorylation","E1_06_14",20,18,3.7e-24,0.144389909335175,0.7224
"glycosylation","E1_06_14",14,9,3.7e-24,0.584962500721156,0.1894
"positive regulation of establishment of protein localization","E1_06_14",10,14,3.7e-24,-0.447458976971221,0.2377
"regulation of microtubule-based process","E1_06_14",5,7,3.7e-24,-0.415037499278844,0.4588
"cell-substrate junction organization","E1_06_14",4,6,3.7e-24,-0.485426827170242,0.4335
"protein-containing complex localization","E1_06_14",7,10,3.7e-24,-0.459431618637297,0.2861
"mitochondrial transmembrane transport","E1_06_14",5,6,3.7e-24,-0.222392421336448,0.6998
"stem cell population maintenance","E1_06_14",4,7,3.7e-24,-0.678071905112638,0.2178
"ribosome assembly","E1_06_14",0,4,3.7e-24,-2.32192809488736,0.0208
"intraciliary transport","E1_06_14",4,4,3.7e-24,0,1
"Golgi to plasma membrane protein transport","E1_06_14",1,1,3.7e-24,0,1
"response to amino acid starvation","E1_06_14",3,4,3.7e-24,-0.321928094887362,0.6374
"cellular response to extracellular stimulus","E1_06_14",7,11,3.7e-24,-0.584962500721156,0.1699
"cell growth","E1_06_14",21,21,3.7e-24,0,1
"protein glycosylation","E1_06_14",13,14,3.7e-24,-0.0995356735509144,0.8002
"macromolecule glycosylation","E1_06_14",12,11,3.7e-24,0.115477217419936,0.8872
"maintenance of cell number","E1_06_14",13,11,3.7e-24,0.222392421336448,0.646
"response to reactive oxygen species","E1_06_14",8,12,3.7e-24,-0.53051471669878,0.2099
"regulation of cell morphogenesis","E1_06_14",9,11,3.7e-24,-0.263034405833794,0.5533
"regulation of cellular component size","E1_06_14",12,18,3.7e-24,-0.547487795302493,0.1205
"cell-substrate junction assembly","E1_06_14",3,4,3.7e-24,-0.321928094887362,0.6505
"membrane fission","E1_06_14",2,2,3.7e-24,0,1
"membrane docking","E1_06_14",1,4,3.7e-24,-1.32192809488736,0.0535
"fibroblast migration","E1_06_14",5,3,3.7e-24,0.584962500721156,0.3906
"nucleus organization","E1_06_14",9,9,3.7e-24,0,1
"regulation of cell growth","E1_06_14",26,20,3.7e-24,0.362570079384708,0.268
"fibroblast proliferation","E1_06_14",3,6,3.7e-24,-0.807354922057604,0.1529
"cell cycle G1/S phase transition","E1_06_14",7,12,3.7e-24,-0.700439718141092,0.0983
"actin filament organization","E1_06_14",15,17,3.7e-24,-0.169925001442312,0.6263
"response to oxygen levels","E1_06_14",18,16,3.7e-24,0.160464672193246,0.7048
"epigenetic regulation of gene expression","E1_06_14",18,9,3.7e-24,0.925999418556223,0.0523
"organelle fusion","E1_06_14",9,6,3.7e-24,0.514573172829758,0.3175
"lipoprotein metabolic process","E1_06_14",5,7,3.7e-24,-0.415037499278844,0.4714
"protein lipidation","E1_06_14",5,5,3.7e-24,0,1
"regulation of plasma membrane bounded cell projection assembly","E1_06_14",9,12,3.7e-24,-0.37851162325373,0.389
"regulation of actin filament-based process","E1_06_14",18,19,3.7e-24,-0.0740005814437769,0.8219
"regulation of GTPase activity","E1_06_14",13,16,3.7e-24,-0.280107919192735,0.4557
"nuclear envelope organization","E1_06_14",5,3,3.7e-24,0.584962500721156,0.4026
"protein autophosphorylation","E1_06_14",18,9,3.7e-24,0.925999418556223,0.0599
"connective tissue development","E1_06_14",10,12,3.7e-24,-0.241008099503795,0.5727
"cellular response to heat","E1_06_14",0,2,3.7e-24,-1.58496250072116,0.0837
"myeloid cell homeostasis","E1_06_14",7,7,3.7e-24,0,1
"regulation of neuron projection development","E1_06_14",20,19,3.7e-24,0.070389327891398,0.9079
"receptor metabolic process","E1_06_14",3,3,3.7e-24,0,1
"maintenance of protein location in cell","E1_06_14",1,3,3.7e-24,-1,0.2608
"apoptotic mitochondrial changes","E1_06_14",5,5,3.7e-24,0,1
"response to transforming growth factor beta","E1_06_14",12,12,3.7e-24,0,1
"neural tube development","E1_06_14",6,8,3.7e-24,-0.362570079384708,0.5037
"maintenance of protein location","E1_06_14",3,4,3.7e-24,-0.321928094887362,0.6327
"regulation of ubiquitin-protein transferase activity","E1_06_14",2,2,3.7e-24,0,1
"cilium assembly","E1_06_14",9,18,3.7e-24,-0.925999418556223,0.0146
"mRNA export from nucleus","E1_06_14",2,3,3.7e-24,-0.415037499278844,0.6195
"regulation of cell-substrate junction organization","E1_06_14",2,3,3.7e-24,-0.415037499278844,0.5995
"membrane biogenesis","E1_06_14",3,3,3.7e-24,0,1
"cilium organization","E1_06_14",16,21,3.7e-24,-0.371968777386958,0.2351
"platelet-derived growth factor receptor signaling pathway","E1_06_14",7,4,3.7e-24,0.678071905112638,0.3469
"iron-sulfur cluster assembly","E1_06_14",4,3,3.7e-24,0.321928094887362,0.7758
"metallo-sulfur cluster assembly","E1_06_14",0,2,3.7e-24,-1.58496250072116,0.1419
"centromere complex assembly","E1_06_14",2,1,3.7e-24,0.584962500721156,0.6451
"cellular response to oxygen levels","E1_06_14",12,8,3.7e-24,0.53051471669878,0.305
"fatty acid beta-oxidation","E1_06_14",4,3,3.7e-24,0.321928094887362,0.7871
"organelle localization by membrane tethering","E1_06_14",1,3,3.7e-24,-1,0.2339
"autophagosome maturation","E1_06_14",4,3,3.7e-24,0.321928094887362,0.7903
"cellular response to transforming growth factor beta stimulus","E1_06_14",10,12,3.7e-24,-0.241008099503795,0.5797
"nucleotide catabolic process","E1_06_14",6,5,3.7e-24,0.222392421336448,0.8242
"tube closure","E1_06_14",5,6,3.7e-24,-0.222392421336448,0.7045
"regulation of stem cell differentiation","E1_06_14",6,3,3.7e-24,0.807354922057604,0.2787
"substrate adhesion-dependent cell spreading","E1_06_14",3,4,3.7e-24,-0.321928094887362,0.645
"chondrocyte differentiation","E1_06_14",6,7,3.7e-24,-0.192645077942396,0.7145
"regulation of fibroblast proliferation","E1_06_14",5,3,3.7e-24,0.584962500721156,0.4133
"morphogenesis of an epithelial sheet","E1_06_14",1,2,3.7e-24,-0.584962500721156,0.5494
"microtubule polymerization","E1_06_14",9,4,3.7e-24,1,0.1044
"response to virus","E1_06_14",17,18,3.7e-24,-0.0780025120012732,0.8173
"membrane assembly","E1_06_14",5,4,3.7e-24,0.263034405833794,0.8046
"COPII vesicle coating","E1_06_14",0,1,3.7e-24,-1,0.4139
"erythrocyte differentiation","E1_06_14",12,9,3.7e-24,0.37851162325373,0.4004
"organophosphate catabolic process","E1_06_14",10,10,3.7e-24,0,1
"regulation of embryonic development","E1_06_14",5,7,3.7e-24,-0.415037499278844,0.4735
"regulation of focal adhesion assembly","E1_06_14",0,2,3.7e-24,-1.58496250072116,0.0712
"regulation of cell-substrate junction assembly","E1_06_14",4,2,3.7e-24,0.736965594166206,0.3006
"regulation of extracellular matrix organization","E1_06_14",1,2,3.7e-24,-0.584962500721156,0.5478
"GPI anchor biosynthetic process","E1_06_14",3,2,3.7e-24,0.415037499278844,0.7366
"lamellipodium organization","E1_06_14",5,6,3.7e-24,-0.222392421336448,0.7122
"positive regulation of stem cell population maintenance","E1_06_14",1,3,3.7e-24,-1,0.2425
"monosaccharide metabolic process","E1_06_14",9,12,3.7e-24,-0.37851162325373,0.3981
"U2-type prespliceosome assembly","E1_06_14",0,1,3.7e-24,-1,0.4411
"heterochromatin formation","E1_06_14",4,4,3.7e-24,0,1
"peroxisome organization","E1_06_14",4,2,3.7e-24,0.736965594166206,0.2749
"regulation of mitochondrial fission","E1_06_14",2,2,3.7e-24,0,1
"cellular pigmentation","E1_06_14",6,3,3.7e-24,0.807354922057604,0.2864
"regulation of fibroblast migration","E1_06_14",4,3,3.7e-24,0.321928094887362,0.7765
"cellular carbohydrate metabolic process","E1_06_14",10,12,3.7e-24,-0.241008099503795,0.5669
"positive regulation of axonogenesis","E1_06_14",2,4,3.7e-24,-0.736965594166206,0.3061
"kinetochore organization","E1_06_14",1,1,3.7e-24,0,1
"stem cell differentiation","E1_06_14",11,12,3.7e-24,-0.115477217419936,0.7764
"proton transmembrane transport","E1_06_14",4,5,3.7e-24,-0.263034405833794,0.6719
"cellular response to insulin stimulus","E1_06_14",10,13,3.7e-24,-0.347923303420307,0.4183
"establishment of mitotic spindle localization","E1_06_14",1,2,3.7e-24,-0.584962500721156,0.5663
"cell redox homeostasis","E1_06_14",0,2,3.7e-24,-1.58496250072116,0.1229
"stress granule assembly","E1_06_14",1,1,3.7e-24,0,1
"protein neddylation","E1_06_14",3,1,3.7e-24,1,0.4087
"regulation of mitochondrial membrane potential","E1_06_14",0,2,3.7e-24,-1.58496250072116,0.0886
"neuron death","E1_06_14",16,16,3.7e-24,0,1
"defense response to virus","E1_06_14",18,15,3.7e-24,0.247927513443586,0.5202
"sulfur compound metabolic process","E1_06_14",16,14,3.7e-24,0.180572245641821,0.6959
"NADP metabolic process","E1_06_14",4,3,3.7e-24,0.321928094887362,0.7788
"vacuolar acidification","E1_06_14",2,2,3.7e-24,0,1
"oligosaccharide-lipid intermediate biosynthetic process","E1_06_14",4,2,3.7e-24,0.736965594166206,0.2811
"lysosomal lumen acidification","E1_06_14",2,1,3.7e-24,0.584962500721156,0.6516
"glycosyl compound biosynthetic process","E1_06_14",1,1,3.7e-24,0,1
"heart valve development","E1_06_14",1,3,3.7e-24,-1,0.2301
"water-soluble vitamin metabolic process","E1_06_14",4,3,3.7e-24,0.321928094887362,0.774
"interferon-beta production","E1_06_14",3,3,3.7e-24,0,1
"regulation of interferon-beta production","E1_06_14",8,4,3.7e-24,0.84799690655495,0.1527
"branched-chain amino acid metabolic process","E1_06_14",1,2,3.7e-24,-0.584962500721156,0.5289
"regulation of mitochondrial membrane permeability","E1_06_14",3,5,3.7e-24,-0.584962500721156,0.3306
"respiratory tube development","E1_06_14",8,8,3.7e-24,0,1
"cellular senescence","E1_06_14",4,4,3.7e-24,0,1
"positive regulation of neurogenesis","E1_06_14",9,10,3.7e-24,-0.137503523749935,0.7545
"mitochondrial outer membrane permeabilization","E1_06_14",3,2,3.7e-24,0.415037499278844,0.7358
"immune system development","E1_06_14",4,7,3.7e-24,-0.678071905112638,0.2162
"clathrin-dependent endocytosis","E1_06_14",0,2,3.7e-24,-1.58496250072116,0.1256
"positive regulation of viral process","E1_06_14",5,4,3.7e-24,0.263034405833794,0.8051
"bone development","E1_06_14",11,8,3.7e-24,0.415037499278844,0.3825
"cell-substrate adhesion","E1_06_14",13,17,3.7e-24,-0.362570079384708,0.2965
"positive regulation of microtubule polymerization","E1_06_14",0,2,3.7e-24,-1.58496250072116,0.1419
"pteridine-containing compound metabolic process","E1_06_14",1,1,3.7e-24,0,1
"response to arsenic-containing substance","E1_06_14",2,2,3.7e-24,0,1
"response to insulin","E1_06_14",11,11,3.7e-24,0,1
"ubiquinone metabolic process","E1_06_14",2,2,3.7e-24,0,1
"cellular response to arsenic-containing substance","E1_06_14",2,1,3.7e-24,0.584962500721156,0.6893
"inositol phosphate catabolic process","E1_06_14",0,0,3.7e-24,0,1
"telomerase RNA localization to Cajal body","E1_06_14",1,1,3.7e-24,0,1
"respiratory system development","E1_06_14",6,8,3.7e-24,-0.362570079384708,0.4978
"regulation of generation of precursor metabolites and energy","E1_06_14",3,6,3.7e-24,-0.807354922057604,0.1672
"mitochondrial calcium ion homeostasis","E1_06_14",1,1,3.7e-24,0,1
"G0 to G1 transition","E1_06_14",2,2,3.7e-24,0,1
"mitochondrial genome maintenance","E1_06_14",0,2,3.7e-24,-1.58496250072116,0.1225
"release of cytochrome c from mitochondria","E1_06_14",0,2,3.7e-24,-1.58496250072116,0.1197
"cortical cytoskeleton organization","E1_06_14",1,2,3.7e-24,-0.584962500721156,0.53
"response to sterol depletion","E1_06_14",4,1,3.7e-24,1.32192809488736,0.0411
"regulation of ncRNA transcription","E1_06_14",1,1,3.7e-24,0,1
"mesenchymal cell differentiation","E1_06_14",9,10,3.7e-24,-0.137503523749935,0.7565
"protein-DNA complex subunit organization","E1_06_14",9,11,3.7e-24,-0.263034405833794,0.561
"response to fluid shear stress","E1_06_14",3,1,3.7e-24,1,0.4375
"collagen fibril organization","E1_06_14",3,3,3.7e-24,0,1
"roof of mouth development","E1_06_14",4,4,3.7e-24,0,1
"regulation of protein dephosphorylation","E1_06_14",2,4,3.7e-24,-0.736965594166206,0.2977
"multicellular organism growth","E1_06_14",8,7,3.7e-24,0.169925001442312,0.8476
"miRNA processing","E1_06_14",5,2,3.7e-24,1,0.1936
"small molecule catabolic process","E1_06_14",15,14,3.7e-24,0.0931094043914815,0.8962
"regulation of G0 to G1 transition","E1_06_14",6,3,3.7e-24,0.807354922057604,0.2902
"circadian regulation of gene expression","E1_06_14",5,5,3.7e-24,0,1
"regulation of translational fidelity","E1_06_14",0,1,3.7e-24,-1,0.4622
"ubiquinone biosynthetic process","E1_06_14",0,0,3.7e-24,0,1
"mitochondrial calcium ion transmembrane transport","E1_06_14",1,1,3.7e-24,0,1
"quinone biosynthetic process","E1_06_14",3,1,3.7e-24,1,0.4106
"viral release from host cell","E1_06_14",2,3,3.7e-24,-0.415037499278844,0.6283
"exit from host cell","E1_06_14",1,1,3.7e-24,0,1
"positive regulation of GTPase activity","E1_06_14",12,10,3.7e-24,0.241008099503795,0.6452
"regulation of cytokinesis","E1_06_14",3,5,3.7e-24,-0.584962500721156,0.3137
"mitochondrion localization","E1_06_14",2,3,3.7e-24,-0.415037499278844,0.6088
"renal system development","E1_06_14",14,15,3.7e-24,-0.0931094043914815,0.8011
"regulation of cysteine-type endopeptidase activity involved in apoptotic process","E1_06_14",6,7,3.7e-24,-0.192645077942396,0.7153
"regulation of cell-substrate adhesion","E1_06_14",5,7,3.7e-24,-0.415037499278844,0.4599
"centrosome localization","E1_06_14",1,1,3.7e-24,0,1
"microtubule organizing center localization","E1_06_14",3,2,3.7e-24,0.415037499278844,0.7387
"pinocytosis","E1_06_14",0,1,3.7e-24,-1,0.4808
"lamellipodium assembly","E1_06_14",3,2,3.7e-24,0.415037499278844,0.7487
"cellular response to sterol depletion","E1_06_14",1,1,3.7e-24,0,1
"placenta development","E1_06_14",17,8,3.7e-24,1,0.054
"rhythmic process","E1_06_14",11,12,3.7e-24,-0.115477217419936,0.7787
"spindle localization","E1_06_14",1,2,3.7e-24,-0.584962500721156,0.5234
"carbohydrate derivative catabolic process","E1_06_14",8,7,3.7e-24,0.169925001442312,0.8608
"response to amino acid","E1_06_14",8,6,3.7e-24,0.362570079384708,0.5426
"regulation of intracellular steroid hormone receptor signaling pathway","E1_06_14",3,4,3.7e-24,-0.321928094887362,0.6405
"regulation of neuron death","E1_06_14",12,14,3.7e-24,-0.206450877467426,0.6078
"ossification","E1_06_14",21,19,3.7e-24,0.137503523749935,0.7334
"mammary gland epithelial cell proliferation","E1_06_14",0,1,3.7e-24,-1,0.424
"ribosomal subunit export from nucleus","E1_06_14",2,1,3.7e-24,0.584962500721156,0.6363
"ribosome localization","E1_06_14",1,1,3.7e-24,0,1
"protein transport to vacuole involved in ubiquitin-dependent protein catabolic process via the multivesicular body sorting pathway","E1_06_14",0,0,3.7e-24,0,1
"seminiferous tubule development","E1_06_14",2,1,3.7e-24,0.584962500721156,0.6404
"cellular response to acid chemical","E1_06_14",3,5,3.7e-24,-0.584962500721156,0.303
"positive regulation of kinase activity","E1_06_14",14,16,3.7e-24,-0.180572245641821,0.6218
"positive regulation by host of viral process","E1_06_14",2,1,3.7e-24,0.584962500721156,0.6475
"mitochondrion morphogenesis","E1_06_14",1,1,3.7e-24,0,1
"regulation of establishment of cell polarity","E1_06_14",1,1,3.7e-24,0,1
"cellular lipid catabolic process","E1_06_14",5,10,3.7e-24,-0.874469117916141,0.0776
"neuron apoptotic process","E1_06_14",19,12,3.7e-24,0.62148837674627,0.1248
"inner cell mass cell proliferation","E1_06_14",1,1,3.7e-24,0,1
"polyamine biosynthetic process","E1_06_14",0,0,3.7e-24,0,1
"folic acid metabolic process","E1_06_14",1,1,3.7e-24,0,1
"organelle inheritance","E1_06_14",0,1,3.7e-24,-1,0.4273
"polyol metabolic process","E1_06_14",16,8,3.7e-24,0.917537839808027,0.0421
"regulation of type I interferon-mediated signaling pathway","E1_06_14",2,2,3.7e-24,0,1
"intracellular lipid transport","E1_06_14",2,2,3.7e-24,0,1
"fat cell differentiation","E1_06_14",6,8,3.7e-24,-0.362570079384708,0.4935
"iron ion homeostasis","E1_06_14",6,5,3.7e-24,0.222392421336448,0.8302
"negative regulation of cell projection organization","E1_06_14",4,6,3.7e-24,-0.485426827170242,0.4349
"dicarboxylic acid metabolic process","E1_06_14",14,7,3.7e-24,0.906890595608518,0.1048
"regulation of anatomical structure size","E1_06_14",22,23,3.7e-24,-0.0614005446641433,0.8359
"regulation of small molecule metabolic process","E1_06_14",6,11,3.7e-24,-0.777607578663552,0.0819
"pentose-phosphate shunt","E1_06_14",2,0,3.7e-24,1.58496250072116,0.1333
"pericardium development","E1_06_14",1,0,3.7e-24,1,0.4717
"lysosomal protein catabolic process","E1_06_14",1,1,3.7e-24,0,1
"carbohydrate derivative transport","E1_06_14",3,5,3.7e-24,-0.584962500721156,0.3557
"alcohol biosynthetic process","E1_06_14",2,7,3.7e-24,-1.41503749927884,0.0214
"regulation of membrane permeability","E1_06_14",5,3,3.7e-24,0.584962500721156,0.3865
"signal peptide processing","E1_06_14",0,0,3.7e-24,0,1
"UV-damage excision repair","E1_06_14",2,1,3.7e-24,0.584962500721156,0.6431
"biological process involved in interaction with host","E1_06_14",13,9,3.7e-24,0.485426827170242,0.3404
"body morphogenesis","E1_06_14",3,3,3.7e-24,0,1
"extracellular vesicle biogenesis","E1_06_14",1,1,3.7e-24,0,1
"negative regulation of defense response to virus","E1_06_14",6,2,3.7e-24,1.22239242133645,0.1981
"aminoglycan biosynthetic process","E1_06_14",6,5,3.7e-24,0.222392421336448,0.8252
"sterol biosynthetic process","E1_06_14",1,3,3.7e-24,-1,0.2224
"polyamine metabolic process","E1_06_14",2,1,3.7e-24,0.584962500721156,0.6329
"magnesium ion transport","E1_06_14",1,0,3.7e-24,1,0.4509
"lamellipodium morphogenesis","E1_06_14",0,1,3.7e-24,-1,0.4076
"positive regulation of neuron migration","E1_06_14",1,1,3.7e-24,0,1
"regulation of glucose metabolic process","E1_06_14",9,5,3.7e-24,0.736965594166206,0.2001
"monosaccharide biosynthetic process","E1_06_14",7,4,3.7e-24,0.678071905112638,0.3534
"response to acid chemical","E1_06_14",7,6,3.7e-24,0.192645077942396,0.8499
"regulation of carbohydrate metabolic process","E1_06_14",6,6,3.7e-24,0,1
"positive regulation of nervous system development","E1_06_14",10,13,3.7e-24,-0.347923303420307,0.4209
"regulation of circadian rhythm","E1_06_14",7,8,3.7e-24,-0.169925001442312,0.731
"trabecula morphogenesis","E1_06_14",1,2,3.7e-24,-0.584962500721156,0.5321
"pigment accumulation","E1_06_14",0,1,3.7e-24,-1,0.5196
"cellular pigment accumulation","E1_06_14",0,0,3.7e-24,0,1
"regulation of pinocytosis","E1_06_14",1,1,3.7e-24,0,1
"regulation of ligase activity","E1_06_14",0,0,3.7e-24,0,1
"smoothened signaling pathway involved in dorsal/ventral neural tube patterning","E1_06_14",3,0,3.7e-24,2,0.0224
"glycosyl compound metabolic process","E1_06_14",2,2,3.7e-24,0,1
"substantia nigra development","E1_06_14",2,2,3.7e-24,0,1
"negative regulation of GTPase activity","E1_06_14",1,2,3.7e-24,-0.584962500721156,0.5335
"axon extension","E1_06_14",3,5,3.7e-24,-0.584962500721156,0.329
"positive regulation of epithelial to mesenchymal transition","E1_06_14",2,2,3.7e-24,0,1
"one-carbon metabolic process","E1_06_14",0,1,3.7e-24,-1,0.5042
"NADPH regeneration","E1_06_14",0,0,3.7e-24,0,1
"cellular response to dsRNA","E1_06_14",3,1,3.7e-24,1,0.4399
"neuron projection organization","E1_06_14",4,6,3.7e-24,-0.485426827170242,0.425
"postsynapse organization","E1_06_14",7,8,3.7e-24,-0.169925001442312,0.7374
"regulation of ketone biosynthetic process","E1_06_14",0,0,3.7e-24,0,1
"mitochondrion distribution","E1_06_14",2,1,3.7e-24,0.584962500721156,0.6273
"regulation of autophagosome maturation","E1_06_14",0,1,3.7e-24,-1,0.4366
"magnesium ion transmembrane transport","E1_06_14",1,0,3.7e-24,1,0.4484
"regulation of cell division","E1_06_14",7,8,3.7e-24,-0.169925001442312,0.7378
"intermembrane lipid transfer","E1_06_14",4,3,3.7e-24,0.321928094887362,0.7787
"organophosphate ester transport","E1_06_14",5,5,3.7e-24,0,1
"movement in host","E1_06_14",4,9,3.7e-24,-1,0.0449
"extracellular matrix assembly","E1_06_14",0,2,3.7e-24,-1.58496250072116,0.178
"cellular metabolic compound salvage","E1_06_14",1,2,3.7e-24,-0.584962500721156,0.5316
"regulation of ATP-dependent activity","E1_06_14",1,2,3.7e-24,-0.584962500721156,0.533
"cell migration involved in heart development","E1_06_14",0,1,3.7e-24,-1,0.5097
"cellular response to fluid shear stress","E1_06_14",1,0,3.7e-24,1,0.4701
"sphingomyelin biosynthetic process","E1_06_14",2,1,3.7e-24,0.584962500721156,0.6315
"ether lipid biosynthetic process","E1_06_14",0,0,3.7e-24,0,1
"embryonic body morphogenesis","E1_06_14",2,1,3.7e-24,0.584962500721156,0.6439
"amino sugar biosynthetic process","E1_06_14",1,0,3.7e-24,1,0.4918
"glycerol ether biosynthetic process","E1_06_14",0,0,3.7e-24,0,1
"pigmentation","E1_06_14",6,4,3.7e-24,0.485426827170242,0.4513
"cellular response to ketone","E1_06_14",5,3,3.7e-24,0.584962500721156,0.3915
"nonribosomal peptide biosynthetic process","E1_06_14",1,0,3.7e-24,1,0.4304
"glial cell apoptotic process","E1_06_14",3,1,3.7e-24,1,0.4125
"lipoprotein catabolic process","E1_06_14",0,1,3.7e-24,-1,0.5143
"suppression of viral release by host","E1_06_14",1,1,3.7e-24,0,1
"chaperone-mediated autophagy","E1_06_14",1,1,3.7e-24,0,1
"regulation of steroid hormone biosynthetic process","E1_06_14",1,1,3.7e-24,0,1
"synaptic vesicle lumen acidification","E1_06_14",2,1,3.7e-24,0.584962500721156,0.6438
"semaphorin-plexin signaling pathway involved in neuron projection guidance","E1_06_14",0,0,3.7e-24,0,1
"regulation of Golgi organization","E1_06_14",2,2,3.7e-24,0,1
"Schwann cell differentiation","E1_06_14",0,2,3.7e-24,-1.58496250072116,0.0754
"neurotrophin signaling pathway","E1_06_14",0,1,3.7e-24,-1,0.4223
"regulation of microtubule depolymerization","E1_06_14",3,1,3.7e-24,1,0.4234
"basement membrane organization","E1_06_14",2,1,3.7e-24,0.584962500721156,0.6504
"establishment or maintenance of epithelial cell apical/basal polarity","E1_06_14",3,4,3.7e-24,-0.321928094887362,0.6527
"face development","E1_06_14",1,2,3.7e-24,-0.584962500721156,0.5295
"osteoblast differentiation","E1_06_14",2,9,3.7e-24,-1.73696559416621,0.0057
"appendage development","E1_06_14",3,7,3.7e-24,-1,0.0877
"limb development","E1_06_14",12,6,3.7e-24,0.893084796083488,0.0804
"regulation of ATP metabolic process","E1_06_14",3,2,3.7e-24,0.415037499278844,0.7355
"developmental growth involved in morphogenesis","E1_06_14",11,9,3.7e-24,0.263034405833794,0.6122
"embryonic organ development","E1_06_14",22,22,3.7e-24,0,1
"negative regulation of growth","E1_06_14",14,10,3.7e-24,0.447458976971221,0.3538
"microtubule depolymerization","E1_06_14",2,2,3.7e-24,0,1
"heme metabolic process","E1_06_14",4,2,3.7e-24,0.736965594166206,0.2791
"regulation of neuron apoptotic process","E1_06_14",8,10,3.7e-24,-0.289506617194985,0.5438
"plasma membrane tubulation","E1_06_14",1,1,3.7e-24,0,1
"exosomal secretion","E1_06_14",2,1,3.7e-24,0.584962500721156,0.6479
"vasculogenesis","E1_06_14",2,4,3.7e-24,-0.736965594166206,0.3255
"toxin transport","E1_06_14",1,2,3.7e-24,-0.584962500721156,0.5911
"ncRNA processing","E1_08_16",25,31,3.7e-24,-0.299560281858908,0.2514
"ribosome biogenesis","E1_08_16",12,16,3.7e-24,-0.387023123109247,0.2832
"rRNA metabolic process","E1_08_16",18,19,3.7e-24,-0.0740005814437769,0.8261
"proteasome-mediated ubiquitin-dependent protein catabolic process","E1_08_16",20,26,3.7e-24,-0.362570079384708,0.2145
"regulation of response to DNA damage stimulus","E1_08_16",21,23,3.7e-24,-0.125530882083859,0.6907
"establishment of protein localization to organelle","E1_08_16",24,27,3.7e-24,-0.163498732282879,0.5608
"macroautophagy","E1_08_16",17,18,3.7e-24,-0.0780025120012732,0.8181
"regulation of chromosome organization","E1_08_16",19,15,3.7e-24,0.321928094887362,0.3761
"Golgi vesicle transport","E1_08_16",28,24,3.7e-24,0.214124805352847,0.4731
"double-strand break repair","E1_08_16",12,21,3.7e-24,-0.758991900496205,0.0182
"histone modification","E1_08_16",26,30,3.7e-24,-0.199308808223407,0.4707
"sister chromatid segregation","E1_08_16",10,15,3.7e-24,-0.540568381362703,0.1519
"DNA replication","E1_08_16",18,18,3.7e-24,0,1
"chromosome segregation","E1_08_16",36,31,3.7e-24,0.20945336562895,0.4204
"mitochondrial gene expression","E1_08_16",12,12,3.7e-24,0,1
"nucleocytoplasmic transport","E1_08_16",21,16,3.7e-24,0.371968777386958,0.329
"nuclear transport","E1_08_16",24,24,3.7e-24,0,1
"regulation of DNA repair","E1_08_16",13,12,3.7e-24,0.106915203916512,0.8828
"peptidyl-lysine modification","E1_08_16",24,21,3.7e-24,0.184424571137428,0.5995
"protein targeting","E1_08_16",13,24,3.7e-24,-0.83650126771712,0.0085
"cytoplasmic translation","E1_08_16",12,10,3.7e-24,0.241008099503795,0.6321
"regulation of autophagy","E1_08_16",19,22,3.7e-24,-0.201633861169651,0.5228
"signal transduction in response to DNA damage","E1_08_16",14,15,3.7e-24,-0.0931094043914815,0.8023
"regulation of intracellular transport","E1_08_16",19,17,3.7e-24,0.15200309344505,0.7246
"protein localization to nucleus","E1_08_16",22,19,3.7e-24,0.20163386116965,0.5587
"microtubule cytoskeleton organization involved in mitosis","E1_08_16",7,9,3.7e-24,-0.321928094887362,0.5272
"telomere maintenance","E1_08_16",9,11,3.7e-24,-0.263034405833794,0.5495
"cell cycle checkpoint signaling","E1_08_16",12,12,3.7e-24,0,1
"regulation of protein modification by small protein conjugation or removal","E1_08_16",11,14,3.7e-24,-0.321928094887362,0.4337
"cellular respiration","E1_08_16",19,21,3.7e-24,-0.137503523749935,0.6628
"cellular component disassembly","E1_08_16",27,30,3.7e-24,-0.146841388329271,0.5946
"nuclear chromosome segregation","E1_08_16",25,20,3.7e-24,0.308122295362332,0.3193
"regulation of protein stability","E1_08_16",23,20,3.7e-24,0.192645077942396,0.5769
"regulation of cell cycle phase transition","E1_08_16",28,33,3.7e-24,-0.229481846122767,0.3865
"regulation of protein catabolic process","E1_08_16",20,26,3.7e-24,-0.362570079384708,0.2075
"response to endoplasmic reticulum stress","E1_08_16",17,15,3.7e-24,0.169925001442312,0.6936
"vesicle organization","E1_08_16",20,25,3.7e-24,-0.308122295362332,0.2829
"mitochondrial respiratory chain complex assembly","E1_08_16",5,7,3.7e-24,-0.415037499278844,0.4739
"DNA-templated transcription elongation","E1_08_16",13,11,3.7e-24,0.222392421336448,0.6569
"mitochondrial transport","E1_08_16",7,15,3.7e-24,-1,0.0169
"establishment of organelle localization","E1_08_16",18,26,3.7e-24,-0.506959988719883,0.0737
"regulation of intracellular protein transport","E1_08_16",7,13,3.7e-24,-0.807354922057604,0.0485
"response to UV","E1_08_16",7,11,3.7e-24,-0.584962500721156,0.1706
"RNA localization","E1_08_16",9,11,3.7e-24,-0.263034405833794,0.5536
"response to topologically incorrect protein","E1_08_16",16,10,3.7e-24,0.628031222613042,0.1835
"organelle fission","E1_08_16",25,29,3.7e-24,-0.206450877467426,0.4638
"non-membrane-bounded organelle assembly","E1_08_16",19,23,3.7e-24,-0.263034405833794,0.4032
"protein polyubiquitination","E1_08_16",14,16,3.7e-24,-0.180572245641821,0.6126
"methylation","E1_08_16",24,21,3.7e-24,0.184424571137428,0.5811
"phospholipid biosynthetic process","E1_08_16",26,19,3.7e-24,0.432959407276106,0.1721
"oxidative phosphorylation","E1_08_16",6,10,3.7e-24,-0.652076696579693,0.1636
"establishment of protein localization to membrane","E1_08_16",9,16,3.7e-24,-0.765534746362977,0.0406
"in utero embryonic development","E1_08_16",20,25,3.7e-24,-0.308122295362332,0.276
"vacuole organization","E1_08_16",10,14,3.7e-24,-0.447458976971221,0.2505
"nuclear-transcribed mRNA catabolic process","E1_08_16",7,9,3.7e-24,-0.321928094887362,0.5164
"protein folding","E1_08_16",7,15,3.7e-24,-1,0.0147
"DNA conformation change","E1_08_16",7,5,3.7e-24,0.415037499278844,0.4976
"regulation of chromosome segregation","E1_08_16",16,10,3.7e-24,0.628031222613042,0.169
"regulation of apoptotic signaling pathway","E1_08_16",14,25,3.7e-24,-0.793549122532574,0.0096
"cell cycle G2/M phase transition","E1_08_16",12,10,3.7e-24,0.241008099503795,0.6415
"vacuolar transport","E1_08_16",10,13,3.7e-24,-0.347923303420307,0.4257
"response to ionizing radiation","E1_08_16",11,7,3.7e-24,0.584962500721156,0.2731
"cellular response to UV","E1_08_16",9,5,3.7e-24,0.736965594166206,0.194
"regulation of binding","E1_08_16",14,21,3.7e-24,-0.552541023028779,0.0808
"nucleic acid transport","E1_08_16",11,12,3.7e-24,-0.115477217419936,0.7811
"RNA transport","E1_08_16",7,11,3.7e-24,-0.584962500721156,0.1712
"ribonucleoprotein complex subunit organization","E1_08_16",10,17,3.7e-24,-0.710493382805015,0.0563
"regulation of DNA replication","E1_08_16",9,9,3.7e-24,0,1
"ribose phosphate metabolic process","E1_08_16",27,27,3.7e-24,0,1
"proton motive force-driven ATP synthesis","E1_08_16",6,5,3.7e-24,0.222392421336448,0.8261
"ribonucleotide metabolic process","E1_08_16",27,26,3.7e-24,0.0524674198941355,0.921
"telomere organization","E1_08_16",13,12,3.7e-24,0.106915203916512,0.8855
"cellular response to topologically incorrect protein","E1_08_16",11,8,3.7e-24,0.415037499278844,0.376
"Golgi organization","E1_08_16",10,8,3.7e-24,0.289506617194985,0.6056
"ribonucleoprotein complex assembly","E1_08_16",10,14,3.7e-24,-0.447458976971221,0.2362
"cellular nitrogen compound catabolic process","E1_08_16",28,27,3.7e-24,0.0506260730699681,0.9271
"negative regulation of phosphorus metabolic process","E1_08_16",21,23,3.7e-24,-0.125530882083859,0.674
"heterocycle catabolic process","E1_08_16",29,26,3.7e-24,0.15200309344505,0.6226
"mitochondrial membrane organization","E1_08_16",9,8,3.7e-24,0.15200309344505,0.8592
"regulation of protein-containing complex assembly","E1_08_16",14,19,3.7e-24,-0.415037499278844,0.2213
"positive regulation of cellular component biogenesis","E1_08_16",24,28,3.7e-24,-0.214124805352848,0.4528
"response to oxidative stress","E1_08_16",17,24,3.7e-24,-0.473931188332412,0.1179
"regulation of supramolecular fiber organization","E1_08_16",19,23,3.7e-24,-0.263034405833794,0.4177
"positive regulation of protein localization","E1_08_16",22,24,3.7e-24,-0.120294233717712,0.6788
"positive regulation of cell projection organization","E1_08_16",21,21,3.7e-24,0,1
"negative regulation of transferase activity","E1_08_16",9,14,3.7e-24,-0.584962500721156,0.1288
"autophagy of mitochondrion","E1_08_16",2,5,3.7e-24,-1,0.1586
"positive regulation of amide metabolic process","E1_08_16",12,13,3.7e-24,-0.106915203916512,0.7866
"chromatin remodeling","E1_08_16",22,23,3.7e-24,-0.0614005446641433,0.8293
"viral process","E1_08_16",20,19,3.7e-24,0.070389327891398,0.9064
"macromolecule deacylation","E1_08_16",3,7,3.7e-24,-1,0.1001
"mitotic cytokinesis","E1_08_16",6,5,3.7e-24,0.222392421336448,0.8219
"aromatic compound catabolic process","E1_08_16",29,33,3.7e-24,-0.180572245641821,0.4868
"vesicle localization","E1_08_16",3,14,3.7e-24,-1.90689059560852,5e-04
"establishment or maintenance of cell polarity","E1_08_16",13,16,3.7e-24,-0.280107919192735,0.4721
"Wnt signaling pathway","E1_08_16",20,27,3.7e-24,-0.415037499278844,0.1374
"cell-cell signaling by wnt","E1_08_16",23,27,3.7e-24,-0.222392421336448,0.4455
"ATP metabolic process","E1_08_16",15,14,3.7e-24,0.0931094043914815,0.8907
"cellular response to chemical stress","E1_08_16",20,21,3.7e-24,-0.0671141958585369,0.8292
"regulation of vacuole organization","E1_08_16",6,3,3.7e-24,0.807354922057604,0.2804
"cellular response to external stimulus","E1_08_16",18,18,3.7e-24,0,1
"negative regulation of protein phosphorylation","E1_08_16",9,16,3.7e-24,-0.765534746362977,0.0398
"negative regulation of catabolic process","E1_08_16",14,18,3.7e-24,-0.341036917835067,0.3072
"regulation of microtubule cytoskeleton organization","E1_08_16",11,8,3.7e-24,0.415037499278844,0.3805
"chromosome localization","E1_08_16",2,6,3.7e-24,-1.22239242133645,0.0421
"negative regulation of mitotic nuclear division","E1_08_16",1,3,3.7e-24,-1,0.2145
"regulation of actin filament organization","E1_08_16",17,15,3.7e-24,0.169925001442312,0.6915
"dephosphorylation","E1_08_16",24,23,3.7e-24,0.0588936890535686,0.9154
"glycosylation","E1_08_16",8,12,3.7e-24,-0.53051471669878,0.2102
"positive regulation of establishment of protein localization","E1_08_16",24,19,3.7e-24,0.321928094887362,0.3037
"regulation of microtubule-based process","E1_08_16",7,11,3.7e-24,-0.584962500721156,0.1576
"cell-substrate junction organization","E1_08_16",5,8,3.7e-24,-0.584962500721156,0.2525
"protein-containing complex localization","E1_08_16",13,14,3.7e-24,-0.0995356735509144,0.7951
"mitochondrial transmembrane transport","E1_08_16",6,6,3.7e-24,0,1
"stem cell population maintenance","E1_08_16",2,8,3.7e-24,-1.58496250072116,0.015
"ribosome assembly","E1_08_16",6,5,3.7e-24,0.222392421336448,0.8285
"intraciliary transport","E1_08_16",6,6,3.7e-24,0,1
"Golgi to plasma membrane protein transport","E1_08_16",2,2,3.7e-24,0,1
"response to amino acid starvation","E1_08_16",5,5,3.7e-24,0,1
"cellular response to extracellular stimulus","E1_08_16",19,15,3.7e-24,0.321928094887362,0.3676
"cell growth","E1_08_16",18,25,3.7e-24,-0.452512204697507,0.1251
"protein glycosylation","E1_08_16",13,18,3.7e-24,-0.440572591385981,0.2045
"macromolecule glycosylation","E1_08_16",13,14,3.7e-24,-0.0995356735509144,0.794
"maintenance of cell number","E1_08_16",15,14,3.7e-24,0.0931094043914815,0.8932
"response to reactive oxygen species","E1_08_16",9,16,3.7e-24,-0.765534746362977,0.0435
"regulation of cell morphogenesis","E1_08_16",10,14,3.7e-24,-0.447458976971221,0.2497
"regulation of cellular component size","E1_08_16",29,24,3.7e-24,0.263034405833794,0.3512
"cell-substrate junction assembly","E1_08_16",4,5,3.7e-24,-0.263034405833794,0.6792
"membrane fission","E1_08_16",3,3,3.7e-24,0,1
"membrane docking","E1_08_16",6,5,3.7e-24,0.222392421336448,0.8247
"fibroblast migration","E1_08_16",2,3,3.7e-24,-0.415037499278844,0.5999
"nucleus organization","E1_08_16",7,10,3.7e-24,-0.459431618637297,0.2966
"regulation of cell growth","E1_08_16",25,24,3.7e-24,0.0565835283663675,0.9183
"fibroblast proliferation","E1_08_16",5,8,3.7e-24,-0.584962500721156,0.254
"cell cycle G1/S phase transition","E1_08_16",14,18,3.7e-24,-0.341036917835067,0.3099
"actin filament organization","E1_08_16",21,24,3.7e-24,-0.184424571137427,0.5454
"response to oxygen levels","E1_08_16",31,20,3.7e-24,0.60768257722124,0.0511
"epigenetic regulation of gene expression","E1_08_16",4,12,3.7e-24,-1.37851162325373,0.0065
"organelle fusion","E1_08_16",6,8,3.7e-24,-0.362570079384708,0.5014
"lipoprotein metabolic process","E1_08_16",5,10,3.7e-24,-0.874469117916141,0.0797
"protein lipidation","E1_08_16",10,6,3.7e-24,0.652076696579693,0.2305
"regulation of plasma membrane bounded cell projection assembly","E1_08_16",13,16,3.7e-24,-0.280107919192735,0.4604
"regulation of actin filament-based process","E1_08_16",19,22,3.7e-24,-0.201633861169651,0.5285
"regulation of GTPase activity","E1_08_16",27,20,3.7e-24,0.415037499278844,0.1859
"nuclear envelope organization","E1_08_16",2,5,3.7e-24,-1,0.1369
"protein autophosphorylation","E1_08_16",11,11,3.7e-24,0,1
"connective tissue development","E1_08_16",12,17,3.7e-24,-0.46948528330122,0.188
"cellular response to heat","E1_08_16",4,3,3.7e-24,0.321928094887362,0.7886
"myeloid cell homeostasis","E1_08_16",10,12,3.7e-24,-0.241008099503795,0.5833
"regulation of neuron projection development","E1_08_16",12,24,3.7e-24,-0.943416471633633,0.005
"receptor metabolic process","E1_08_16",1,4,3.7e-24,-1.32192809488736,0.0852
"maintenance of protein location in cell","E1_08_16",3,4,3.7e-24,-0.321928094887362,0.636
"apoptotic mitochondrial changes","E1_08_16",6,7,3.7e-24,-0.192645077942396,0.7171
"response to transforming growth factor beta","E1_08_16",17,17,3.7e-24,0,1
"neural tube development","E1_08_16",8,10,3.7e-24,-0.289506617194985,0.548
"maintenance of protein location","E1_08_16",4,7,3.7e-24,-0.678071905112638,0.236
"regulation of ubiquitin-protein transferase activity","E1_08_16",5,4,3.7e-24,0.263034405833794,0.8058
"cilium assembly","E1_08_16",22,20,3.7e-24,0.131244533278253,0.7374
"mRNA export from nucleus","E1_08_16",3,4,3.7e-24,-0.321928094887362,0.6399
"regulation of cell-substrate junction organization","E1_08_16",3,4,3.7e-24,-0.321928094887362,0.6547
"membrane biogenesis","E1_08_16",3,5,3.7e-24,-0.584962500721156,0.3427
"cilium organization","E1_08_16",21,27,3.7e-24,-0.347923303420307,0.2205
"platelet-derived growth factor receptor signaling pathway","E1_08_16",7,5,3.7e-24,0.415037499278844,0.5062
"iron-sulfur cluster assembly","E1_08_16",3,5,3.7e-24,-0.584962500721156,0.3174
"metallo-sulfur cluster assembly","E1_08_16",4,2,3.7e-24,0.736965594166206,0.3188
"centromere complex assembly","E1_08_16",3,2,3.7e-24,0.415037499278844,0.7302
"cellular response to oxygen levels","E1_08_16",16,10,3.7e-24,0.628031222613042,0.1699
"fatty acid beta-oxidation","E1_08_16",3,4,3.7e-24,-0.321928094887362,0.6641
"organelle localization by membrane tethering","E1_08_16",5,3,3.7e-24,0.584962500721156,0.3897
"autophagosome maturation","E1_08_16",2,5,3.7e-24,-1,0.1658
"cellular response to transforming growth factor beta stimulus","E1_08_16",18,15,3.7e-24,0.247927513443586,0.5243
"nucleotide catabolic process","E1_08_16",3,5,3.7e-24,-0.584962500721156,0.3163
"tube closure","E1_08_16",5,6,3.7e-24,-0.222392421336448,0.6842
"regulation of stem cell differentiation","E1_08_16",2,3,3.7e-24,-0.415037499278844,0.5935
"substrate adhesion-dependent cell spreading","E1_08_16",3,6,3.7e-24,-0.807354922057604,0.1682
"chondrocyte differentiation","E1_08_16",9,10,3.7e-24,-0.137503523749935,0.7552
"regulation of fibroblast proliferation","E1_08_16",3,3,3.7e-24,0,1
"morphogenesis of an epithelial sheet","E1_08_16",3,2,3.7e-24,0.415037499278844,0.7199
"microtubule polymerization","E1_08_16",5,7,3.7e-24,-0.415037499278844,0.4689
"response to virus","E1_08_16",19,23,3.7e-24,-0.263034405833794,0.4187
"membrane assembly","E1_08_16",5,6,3.7e-24,-0.222392421336448,0.6888
"COPII vesicle coating","E1_08_16",6,2,3.7e-24,1.22239242133645,0.1575
"erythrocyte differentiation","E1_08_16",10,12,3.7e-24,-0.241008099503795,0.5792
"organophosphate catabolic process","E1_08_16",5,13,3.7e-24,-1.22239242133645,0.0144
"regulation of embryonic development","E1_08_16",5,9,3.7e-24,-0.736965594166206,0.1458
"regulation of focal adhesion assembly","E1_08_16",7,3,3.7e-24,1,0.1971
"regulation of cell-substrate junction assembly","E1_08_16",5,3,3.7e-24,0.584962500721156,0.3915
"regulation of extracellular matrix organization","E1_08_16",0,3,3.7e-24,-2,0.0638
"GPI anchor biosynthetic process","E1_08_16",3,2,3.7e-24,0.415037499278844,0.7448
"lamellipodium organization","E1_08_16",1,7,3.7e-24,-2,0.0075
"positive regulation of stem cell population maintenance","E1_08_16",3,3,3.7e-24,0,1
"monosaccharide metabolic process","E1_08_16",9,15,3.7e-24,-0.678071905112638,0.0714
"U2-type prespliceosome assembly","E1_08_16",2,1,3.7e-24,0.584962500721156,0.6507
"heterochromatin formation","E1_08_16",4,4,3.7e-24,0,1
"peroxisome organization","E1_08_16",2,2,3.7e-24,0,1
"regulation of mitochondrial fission","E1_08_16",2,2,3.7e-24,0,1
"cellular pigmentation","E1_08_16",2,5,3.7e-24,-1,0.1594
"regulation of fibroblast migration","E1_08_16",5,3,3.7e-24,0.584962500721156,0.4065
"cellular carbohydrate metabolic process","E1_08_16",23,17,3.7e-24,0.415037499278844,0.2263
"positive regulation of axonogenesis","E1_08_16",3,4,3.7e-24,-0.321928094887362,0.6431
"kinetochore organization","E1_08_16",0,2,3.7e-24,-1.58496250072116,0.0964
"stem cell differentiation","E1_08_16",17,16,3.7e-24,0.082462160191973,0.9007
"proton transmembrane transport","E1_08_16",8,7,3.7e-24,0.169925001442312,0.8504
"cellular response to insulin stimulus","E1_08_16",10,16,3.7e-24,-0.628031222613042,0.0877
"establishment of mitotic spindle localization","E1_08_16",2,2,3.7e-24,0,1
"cell redox homeostasis","E1_08_16",1,2,3.7e-24,-0.584962500721156,0.5291
"stress granule assembly","E1_08_16",2,2,3.7e-24,0,1
"protein neddylation","E1_08_16",1,2,3.7e-24,-0.584962500721156,0.5239
"regulation of mitochondrial membrane potential","E1_08_16",1,2,3.7e-24,-0.584962500721156,0.5342
"neuron death","E1_08_16",28,21,3.7e-24,0.398549376490275,0.194
"defense response to virus","E1_08_16",17,19,3.7e-24,-0.15200309344505,0.6512
"sulfur compound metabolic process","E1_08_16",12,17,3.7e-24,-0.46948528330122,0.2057
"NADP metabolic process","E1_08_16",0,3,3.7e-24,-2,0.0506
"vacuolar acidification","E1_08_16",4,3,3.7e-24,0.321928094887362,0.7743
"oligosaccharide-lipid intermediate biosynthetic process","E1_08_16",1,3,3.7e-24,-1,0.2567
"lysosomal lumen acidification","E1_08_16",1,2,3.7e-24,-0.584962500721156,0.5544
"glycosyl compound biosynthetic process","E1_08_16",2,1,3.7e-24,0.584962500721156,0.6457
"heart valve development","E1_08_16",2,4,3.7e-24,-0.736965594166206,0.298
"water-soluble vitamin metabolic process","E1_08_16",6,4,3.7e-24,0.485426827170242,0.4706
"interferon-beta production","E1_08_16",4,4,3.7e-24,0,1
"regulation of interferon-beta production","E1_08_16",3,5,3.7e-24,-0.584962500721156,0.322
"branched-chain amino acid metabolic process","E1_08_16",2,3,3.7e-24,-0.415037499278844,0.6212
"regulation of mitochondrial membrane permeability","E1_08_16",3,6,3.7e-24,-0.807354922057604,0.1446
"respiratory tube development","E1_08_16",11,10,3.7e-24,0.125530882083859,0.8744
"cellular senescence","E1_08_16",5,5,3.7e-24,0,1
"positive regulation of neurogenesis","E1_08_16",12,13,3.7e-24,-0.106915203916512,0.788
"mitochondrial outer membrane permeabilization","E1_08_16",1,3,3.7e-24,-1,0.2491
"immune system development","E1_08_16",10,8,3.7e-24,0.289506617194985,0.5932
"clathrin-dependent endocytosis","E1_08_16",3,2,3.7e-24,0.415037499278844,0.7469
"positive regulation of viral process","E1_08_16",7,4,3.7e-24,0.678071905112638,0.3388
"bone development","E1_08_16",9,11,3.7e-24,-0.263034405833794,0.5636
"cell-substrate adhesion","E1_08_16",21,20,3.7e-24,0.067114195858537,0.9083
"positive regulation of microtubule polymerization","E1_08_16",1,2,3.7e-24,-0.584962500721156,0.5539
"pteridine-containing compound metabolic process","E1_08_16",0,2,3.7e-24,-1.58496250072116,0.137
"response to arsenic-containing substance","E1_08_16",2,2,3.7e-24,0,1
"response to insulin","E1_08_16",17,16,3.7e-24,0.082462160191973,0.9037
"ubiquinone metabolic process","E1_08_16",3,3,3.7e-24,0,1
"cellular response to arsenic-containing substance","E1_08_16",3,1,3.7e-24,1,0.4169
"inositol phosphate catabolic process","E1_08_16",0,1,3.7e-24,-1,0.5154
"telomerase RNA localization to Cajal body","E1_08_16",1,1,3.7e-24,0,1
"respiratory system development","E1_08_16",7,9,3.7e-24,-0.321928094887362,0.516
"regulation of generation of precursor metabolites and energy","E1_08_16",9,7,3.7e-24,0.321928094887362,0.5737
"mitochondrial calcium ion homeostasis","E1_08_16",2,1,3.7e-24,0.584962500721156,0.6605
"G0 to G1 transition","E1_08_16",2,2,3.7e-24,0,1
"mitochondrial genome maintenance","E1_08_16",0,2,3.7e-24,-1.58496250072116,0.0786
"release of cytochrome c from mitochondria","E1_08_16",1,2,3.7e-24,-0.584962500721156,0.5363
"cortical cytoskeleton organization","E1_08_16",3,4,3.7e-24,-0.321928094887362,0.6521
"response to sterol depletion","E1_08_16",1,2,3.7e-24,-0.584962500721156,0.555
"regulation of ncRNA transcription","E1_08_16",1,1,3.7e-24,0,1
"mesenchymal cell differentiation","E1_08_16",15,13,3.7e-24,0.192645077942396,0.678
"protein-DNA complex subunit organization","E1_08_16",15,13,3.7e-24,0.192645077942396,0.6747
"response to fluid shear stress","E1_08_16",0,1,3.7e-24,-1,0.42
"collagen fibril organization","E1_08_16",1,3,3.7e-24,-1,0.2174
"roof of mouth development","E1_08_16",2,5,3.7e-24,-1,0.1485
"regulation of protein dephosphorylation","E1_08_16",9,6,3.7e-24,0.514573172829758,0.3137
"multicellular organism growth","E1_08_16",3,9,3.7e-24,-1.32192809488736,0.0239
"miRNA processing","E1_08_16",2,4,3.7e-24,-0.736965594166206,0.3214
"small molecule catabolic process","E1_08_16",11,17,3.7e-24,-0.584962500721156,0.0954
"regulation of G0 to G1 transition","E1_08_16",5,2,3.7e-24,1,0.1898
"circadian regulation of gene expression","E1_08_16",5,5,3.7e-24,0,1
"regulation of translational fidelity","E1_08_16",2,1,3.7e-24,0.584962500721156,0.6618
"ubiquinone biosynthetic process","E1_08_16",0,0,3.7e-24,0,1
"mitochondrial calcium ion transmembrane transport","E1_08_16",3,1,3.7e-24,1,0.4138
"quinone biosynthetic process","E1_08_16",3,2,3.7e-24,0.415037499278844,0.7292
"viral release from host cell","E1_08_16",5,3,3.7e-24,0.584962500721156,0.3815
"exit from host cell","E1_08_16",2,1,3.7e-24,0.584962500721156,0.6528
"positive regulation of GTPase activity","E1_08_16",21,15,3.7e-24,0.459431618637297,0.2003
"regulation of cytokinesis","E1_08_16",3,7,3.7e-24,-1,0.1021
"mitochondrion localization","E1_08_16",2,4,3.7e-24,-0.736965594166206,0.2848
"renal system development","E1_08_16",15,18,3.7e-24,-0.247927513443586,0.4775
"regulation of cysteine-type endopeptidase activity involved in apoptotic process","E1_08_16",8,10,3.7e-24,-0.289506617194985,0.5301
"regulation of cell-substrate adhesion","E1_08_16",6,11,3.7e-24,-0.777607578663552,0.0992
"centrosome localization","E1_08_16",5,2,3.7e-24,1,0.1915
"microtubule organizing center localization","E1_08_16",6,2,3.7e-24,1.22239242133645,0.1575
"pinocytosis","E1_08_16",2,1,3.7e-24,0.584962500721156,0.6293
"lamellipodium assembly","E1_08_16",2,4,3.7e-24,-0.736965594166206,0.2713
"cellular response to sterol depletion","E1_08_16",2,1,3.7e-24,0.584962500721156,0.6568
"placenta development","E1_08_16",9,10,3.7e-24,-0.137503523749935,0.758
"rhythmic process","E1_08_16",11,18,3.7e-24,-0.662965012722429,0.0489
"spindle localization","E1_08_16",0,3,3.7e-24,-2,0.0618
"carbohydrate derivative catabolic process","E1_08_16",14,10,3.7e-24,0.447458976971221,0.3632
"response to amino acid","E1_08_16",13,10,3.7e-24,0.347923303420307,0.4293
"regulation of intracellular steroid hormone receptor signaling pathway","E1_08_16",3,6,3.7e-24,-0.807354922057604,0.1781
"regulation of neuron death","E1_08_16",13,18,3.7e-24,-0.440572591385981,0.2078
"ossification","E1_08_16",22,27,3.7e-24,-0.283792966000591,0.3066
"mammary gland epithelial cell proliferation","E1_08_16",1,1,3.7e-24,0,1
"ribosomal subunit export from nucleus","E1_08_16",1,1,3.7e-24,0,1
"ribosome localization","E1_08_16",0,1,3.7e-24,-1,0.4186
"protein transport to vacuole involved in ubiquitin-dependent protein catabolic process via the multivesicular body sorting pathway","E1_08_16",2,1,3.7e-24,0.584962500721156,0.6447
"seminiferous tubule development","E1_08_16",0,1,3.7e-24,-1,0.4484
"cellular response to acid chemical","E1_08_16",15,7,3.7e-24,1,0.1002
"positive regulation of kinase activity","E1_08_16",14,20,3.7e-24,-0.485426827170242,0.1266
"positive regulation by host of viral process","E1_08_16",1,2,3.7e-24,-0.584962500721156,0.5618
"mitochondrion morphogenesis","E1_08_16",0,1,3.7e-24,-1,0.4638
"regulation of establishment of cell polarity","E1_08_16",2,2,3.7e-24,0,1
"cellular lipid catabolic process","E1_08_16",10,12,3.7e-24,-0.241008099503795,0.5755
"neuron apoptotic process","E1_08_16",12,16,3.7e-24,-0.387023123109247,0.2687
"inner cell mass cell proliferation","E1_08_16",0,1,3.7e-24,-1,0.4134
"polyamine biosynthetic process","E1_08_16",0,0,3.7e-24,0,1
"folic acid metabolic process","E1_08_16",0,1,3.7e-24,-1,0.4085
"organelle inheritance","E1_08_16",0,1,3.7e-24,-1,0.4251
"polyol metabolic process","E1_08_16",10,10,3.7e-24,0,1
"regulation of type I interferon-mediated signaling pathway","E1_08_16",5,2,3.7e-24,1,0.2003
"intracellular lipid transport","E1_08_16",1,2,3.7e-24,-0.584962500721156,0.5378
"fat cell differentiation","E1_08_16",5,11,3.7e-24,-1,0.0351
"iron ion homeostasis","E1_08_16",5,7,3.7e-24,-0.415037499278844,0.4719
"negative regulation of cell projection organization","E1_08_16",5,8,3.7e-24,-0.584962500721156,0.2515
"dicarboxylic acid metabolic process","E1_08_16",5,8,3.7e-24,-0.584962500721156,0.2563
"regulation of anatomical structure size","E1_08_16",19,31,3.7e-24,-0.678071905112638,0.0132
"regulation of small molecule metabolic process","E1_08_16",14,16,3.7e-24,-0.180572245641821,0.6278
"pentose-phosphate shunt","E1_08_16",0,1,3.7e-24,-1,0.4882
"pericardium development","E1_08_16",1,1,3.7e-24,0,1
"lysosomal protein catabolic process","E1_08_16",0,1,3.7e-24,-1,0.4235
"carbohydrate derivative transport","E1_08_16",4,6,3.7e-24,-0.485426827170242,0.4349
"alcohol biosynthetic process","E1_08_16",6,9,3.7e-24,-0.514573172829758,0.2683
"regulation of membrane permeability","E1_08_16",6,4,3.7e-24,0.485426827170242,0.457
"signal peptide processing","E1_08_16",1,1,3.7e-24,0,1
"UV-damage excision repair","E1_08_16",1,1,3.7e-24,0,1
"biological process involved in interaction with host","E1_08_16",6,13,3.7e-24,-1,0.0323
"body morphogenesis","E1_08_16",4,4,3.7e-24,0,1
"extracellular vesicle biogenesis","E1_08_16",0,1,3.7e-24,-1,0.4225
"negative regulation of defense response to virus","E1_08_16",1,2,3.7e-24,-0.584962500721156,0.5752
"aminoglycan biosynthetic process","E1_08_16",5,6,3.7e-24,-0.222392421336448,0.7068
"sterol biosynthetic process","E1_08_16",4,3,3.7e-24,0.321928094887362,0.7716
"polyamine metabolic process","E1_08_16",1,1,3.7e-24,0,1
"magnesium ion transport","E1_08_16",2,1,3.7e-24,0.584962500721156,0.634
"lamellipodium morphogenesis","E1_08_16",0,1,3.7e-24,-1,0.4122
"positive regulation of neuron migration","E1_08_16",3,2,3.7e-24,0.415037499278844,0.7278
"regulation of glucose metabolic process","E1_08_16",7,6,3.7e-24,0.192645077942396,0.8398
"monosaccharide biosynthetic process","E1_08_16",5,5,3.7e-24,0,1
"response to acid chemical","E1_08_16",10,7,3.7e-24,0.459431618637297,0.3616
"regulation of carbohydrate metabolic process","E1_08_16",7,7,3.7e-24,0,1
"positive regulation of nervous system development","E1_08_16",16,15,3.7e-24,0.0874628412503394,0.9009
"regulation of circadian rhythm","E1_08_16",6,9,3.7e-24,-0.514573172829758,0.2753
"trabecula morphogenesis","E1_08_16",2,3,3.7e-24,-0.415037499278844,0.5953
"pigment accumulation","E1_08_16",1,1,3.7e-24,0,1
"cellular pigment accumulation","E1_08_16",0,0,3.7e-24,0,1
"regulation of pinocytosis","E1_08_16",0,1,3.7e-24,-1,0.4688
"regulation of ligase activity","E1_08_16",1,0,3.7e-24,1,0.4406
"smoothened signaling pathway involved in dorsal/ventral neural tube patterning","E1_08_16",0,0,3.7e-24,0,1
"glycosyl compound metabolic process","E1_08_16",3,4,3.7e-24,-0.321928094887362,0.6497
"substantia nigra development","E1_08_16",2,2,3.7e-24,0,1
"negative regulation of GTPase activity","E1_08_16",2,3,3.7e-24,-0.415037499278844,0.596
"axon extension","E1_08_16",3,6,3.7e-24,-0.807354922057604,0.158
"positive regulation of epithelial to mesenchymal transition","E1_08_16",3,2,3.7e-24,0.415037499278844,0.73
"one-carbon metabolic process","E1_08_16",0,1,3.7e-24,-1,0.4586
"NADPH regeneration","E1_08_16",1,1,3.7e-24,0,1
"cellular response to dsRNA","E1_08_16",2,1,3.7e-24,0.584962500721156,0.637
"neuron projection organization","E1_08_16",4,9,3.7e-24,-1,0.0658
"postsynapse organization","E1_08_16",5,9,3.7e-24,-0.736965594166206,0.1341
"regulation of ketone biosynthetic process","E1_08_16",1,1,3.7e-24,0,1
"mitochondrion distribution","E1_08_16",0,1,3.7e-24,-1,0.425
"regulation of autophagosome maturation","E1_08_16",2,1,3.7e-24,0.584962500721156,0.648
"magnesium ion transmembrane transport","E1_08_16",0,0,3.7e-24,0,1
"regulation of cell division","E1_08_16",21,11,3.7e-24,0.874469117916141,0.039
"intermembrane lipid transfer","E1_08_16",2,3,3.7e-24,-0.415037499278844,0.5916
"organophosphate ester transport","E1_08_16",4,8,3.7e-24,-0.84799690655495,0.1029
"movement in host","E1_08_16",14,12,3.7e-24,0.206450877467426,0.6632
"extracellular matrix assembly","E1_08_16",3,2,3.7e-24,0.415037499278844,0.7502
"cellular metabolic compound salvage","E1_08_16",1,2,3.7e-24,-0.584962500721156,0.5263
"regulation of ATP-dependent activity","E1_08_16",2,3,3.7e-24,-0.415037499278844,0.5938
"cell migration involved in heart development","E1_08_16",1,1,3.7e-24,0,1
"cellular response to fluid shear stress","E1_08_16",0,1,3.7e-24,-1,0.4465
"sphingomyelin biosynthetic process","E1_08_16",2,2,3.7e-24,0,1
"ether lipid biosynthetic process","E1_08_16",0,0,3.7e-24,0,1
"embryonic body morphogenesis","E1_08_16",1,1,3.7e-24,0,1
"amino sugar biosynthetic process","E1_08_16",1,1,3.7e-24,0,1
"glycerol ether biosynthetic process","E1_08_16",2,1,3.7e-24,0.584962500721156,0.6367
"pigmentation","E1_08_16",4,5,3.7e-24,-0.263034405833794,0.6718
"cellular response to ketone","E1_08_16",2,3,3.7e-24,-0.415037499278844,0.5992
"nonribosomal peptide biosynthetic process","E1_08_16",1,0,3.7e-24,1,0.4613
"glial cell apoptotic process","E1_08_16",2,2,3.7e-24,0,1
"lipoprotein catabolic process","E1_08_16",3,1,3.7e-24,1,0.4709
"suppression of viral release by host","E1_08_16",2,2,3.7e-24,0,1
"chaperone-mediated autophagy","E1_08_16",5,2,3.7e-24,1,0.1916
"regulation of steroid hormone biosynthetic process","E1_08_16",1,1,3.7e-24,0,1
"synaptic vesicle lumen acidification","E1_08_16",1,1,3.7e-24,0,1
"semaphorin-plexin signaling pathway involved in neuron projection guidance","E1_08_16",1,1,3.7e-24,0,1
"regulation of Golgi organization","E1_08_16",0,2,3.7e-24,-1.58496250072116,0.1621
"Schwann cell differentiation","E1_08_16",3,3,3.7e-24,0,1
"neurotrophin signaling pathway","E1_08_16",1,1,3.7e-24,0,1
"regulation of microtubule depolymerization","E1_08_16",2,1,3.7e-24,0.584962500721156,0.6698
"basement membrane organization","E1_08_16",1,2,3.7e-24,-0.584962500721156,0.5907
"establishment or maintenance of epithelial cell apical/basal polarity","E1_08_16",4,5,3.7e-24,-0.263034405833794,0.6708
"face development","E1_08_16",4,2,3.7e-24,0.736965594166206,0.295
"osteoblast differentiation","E1_08_16",17,14,3.7e-24,0.263034405833794,0.5017
"appendage development","E1_08_16",4,11,3.7e-24,-1.26303440583379,0.0173
"limb development","E1_08_16",7,8,3.7e-24,-0.169925001442312,0.7317
"regulation of ATP metabolic process","E1_08_16",2,3,3.7e-24,-0.415037499278844,0.607
"developmental growth involved in morphogenesis","E1_08_16",5,11,3.7e-24,-1,0.0436
"embryonic organ development","E1_08_16",32,27,3.7e-24,0.237039197300849,0.3845
"negative regulation of growth","E1_08_16",11,12,3.7e-24,-0.115477217419936,0.7788
"microtubule depolymerization","E1_08_16",1,3,3.7e-24,-1,0.2478
"heme metabolic process","E1_08_16",1,2,3.7e-24,-0.584962500721156,0.5335
"regulation of neuron apoptotic process","E1_08_16",16,13,3.7e-24,0.280107919192735,0.4888
"plasma membrane tubulation","E1_08_16",1,2,3.7e-24,-0.584962500721156,0.5277
"exosomal secretion","E1_08_16",0,1,3.7e-24,-1,0.4356
"vasculogenesis","E1_08_16",3,4,3.7e-24,-0.321928094887362,0.6431
"toxin transport","E1_08_16",3,2,3.7e-24,0.415037499278844,0.732
"ncRNA processing","E2_06_14",21,29,3.7e-24,-0.447458976971221,0.1019
"ribosome biogenesis","E2_06_14",18,17,3.7e-24,0.0780025120012732,0.9049
"rRNA metabolic process","E2_06_14",20,20,3.7e-24,0,1
"proteasome-mediated ubiquitin-dependent protein catabolic process","E2_06_14",20,25,3.7e-24,-0.308122295362332,0.2759
"regulation of response to DNA damage stimulus","E2_06_14",23,22,3.7e-24,0.0614005446641433,0.9158
"establishment of protein localization to organelle","E2_06_14",31,26,3.7e-24,0.245112497836531,0.3815
"macroautophagy","E2_06_14",16,19,3.7e-24,-0.234465253637023,0.4955
"regulation of chromosome organization","E2_06_14",15,17,3.7e-24,-0.169925001442312,0.6289
"Golgi vesicle transport","E2_06_14",18,24,3.7e-24,-0.395928676331139,0.1949
"double-strand break repair","E2_06_14",15,20,3.7e-24,-0.39231742277876,0.2319
"histone modification","E2_06_14",26,30,3.7e-24,-0.199308808223407,0.4668
"sister chromatid segregation","E2_06_14",15,15,3.7e-24,0,1
"DNA replication","E2_06_14",13,17,3.7e-24,-0.362570079384708,0.2839
"chromosome segregation","E2_06_14",27,30,3.7e-24,-0.146841388329271,0.5857
"mitochondrial gene expression","E2_06_14",19,12,3.7e-24,0.62148837674627,0.1236
"nucleocytoplasmic transport","E2_06_14",12,17,3.7e-24,-0.46948528330122,0.205
"nuclear transport","E2_06_14",22,23,3.7e-24,-0.0614005446641433,0.8357
"regulation of DNA repair","E2_06_14",17,12,3.7e-24,0.46948528330122,0.2644
"peptidyl-lysine modification","E2_06_14",11,20,3.7e-24,-0.807354922057604,0.0199
"protein targeting","E2_06_14",16,23,3.7e-24,-0.497499659470817,0.111
"cytoplasmic translation","E2_06_14",5,9,3.7e-24,-0.736965594166206,0.1364
"regulation of autophagy","E2_06_14",20,22,3.7e-24,-0.131244533278253,0.6721
"signal transduction in response to DNA damage","E2_06_14",10,14,3.7e-24,-0.447458976971221,0.2484
"regulation of intracellular transport","E2_06_14",18,16,3.7e-24,0.160464672193246,0.7051
"protein localization to nucleus","E2_06_14",9,17,3.7e-24,-0.84799690655495,0.0242
"microtubule cytoskeleton organization involved in mitosis","E2_06_14",4,8,3.7e-24,-0.84799690655495,0.1182
"telomere maintenance","E2_06_14",8,10,3.7e-24,-0.289506617194985,0.5433
"cell cycle checkpoint signaling","E2_06_14",9,12,3.7e-24,-0.37851162325373,0.3995
"regulation of protein modification by small protein conjugation or removal","E2_06_14",8,14,3.7e-24,-0.736965594166206,0.0728
"cellular respiration","E2_06_14",16,20,3.7e-24,-0.304854581528421,0.3845
"cellular component disassembly","E2_06_14",29,31,3.7e-24,-0.0931094043914815,0.7207
"nuclear chromosome segregation","E2_06_14",10,19,3.7e-24,-0.862496476250065,0.0144
"regulation of protein stability","E2_06_14",20,20,3.7e-24,0,1
"regulation of cell cycle phase transition","E2_06_14",26,30,3.7e-24,-0.199308808223407,0.4717
"regulation of protein catabolic process","E2_06_14",17,24,3.7e-24,-0.473931188332412,0.1116
"response to endoplasmic reticulum stress","E2_06_14",14,16,3.7e-24,-0.180572245641821,0.6207
"vesicle organization","E2_06_14",26,23,3.7e-24,0.169925001442312,0.6046
"mitochondrial respiratory chain complex assembly","E2_06_14",7,6,3.7e-24,0.192645077942396,0.8432
"DNA-templated transcription elongation","E2_06_14",10,11,3.7e-24,-0.125530882083859,0.7707
"mitochondrial transport","E2_06_14",14,15,3.7e-24,-0.0931094043914815,0.7998
"establishment of organelle localization","E2_06_14",19,26,3.7e-24,-0.432959407276106,0.1319
"regulation of intracellular protein transport","E2_06_14",17,13,3.7e-24,0.362570079384708,0.331
"response to UV","E2_06_14",11,10,3.7e-24,0.125530882083859,0.872
"RNA localization","E2_06_14",9,11,3.7e-24,-0.263034405833794,0.5558
"response to topologically incorrect protein","E2_06_14",3,10,3.7e-24,-1.4594316186373,0.0096
"organelle fission","E2_06_14",29,31,3.7e-24,-0.0931094043914815,0.7237
"non-membrane-bounded organelle assembly","E2_06_14",14,23,3.7e-24,-0.678071905112638,0.0287
"protein polyubiquitination","E2_06_14",18,17,3.7e-24,0.0780025120012732,0.9094
"methylation","E2_06_14",20,21,3.7e-24,-0.0671141958585369,0.83
"phospholipid biosynthetic process","E2_06_14",22,20,3.7e-24,0.131244533278253,0.7396
"oxidative phosphorylation","E2_06_14",11,9,3.7e-24,0.263034405833794,0.6143
"establishment of protein localization to membrane","E2_06_14",18,16,3.7e-24,0.160464672193246,0.6949
"in utero embryonic development","E2_06_14",20,25,3.7e-24,-0.308122295362332,0.2741
"vacuole organization","E2_06_14",11,14,3.7e-24,-0.321928094887362,0.43
"nuclear-transcribed mRNA catabolic process","E2_06_14",6,9,3.7e-24,-0.514573172829758,0.2637
"protein folding","E2_06_14",10,13,3.7e-24,-0.347923303420307,0.4047
"DNA conformation change","E2_06_14",2,5,3.7e-24,-1,0.1273
"regulation of chromosome segregation","E2_06_14",9,9,3.7e-24,0,1
"regulation of apoptotic signaling pathway","E2_06_14",26,28,3.7e-24,-0.103093492964104,0.7029
"cell cycle G2/M phase transition","E2_06_14",12,11,3.7e-24,0.115477217419936,0.8763
"vacuolar transport","E2_06_14",12,14,3.7e-24,-0.206450877467426,0.5993
"response to ionizing radiation","E2_06_14",6,7,3.7e-24,-0.192645077942396,0.7284
"cellular response to UV","E2_06_14",8,5,3.7e-24,0.584962500721156,0.4034
"regulation of binding","E2_06_14",19,23,3.7e-24,-0.263034405833794,0.4118
"nucleic acid transport","E2_06_14",8,10,3.7e-24,-0.289506617194985,0.5337
"RNA transport","E2_06_14",7,12,3.7e-24,-0.700439718141092,0.0924
"ribonucleoprotein complex subunit organization","E2_06_14",19,18,3.7e-24,0.0740005814437768,0.9049
"regulation of DNA replication","E2_06_14",8,10,3.7e-24,-0.289506617194985,0.5351
"ribose phosphate metabolic process","E2_06_14",20,26,3.7e-24,-0.362570079384708,0.2083
"proton motive force-driven ATP synthesis","E2_06_14",3,5,3.7e-24,-0.584962500721156,0.3379
"ribonucleotide metabolic process","E2_06_14",30,26,3.7e-24,0.199308808223407,0.4957
"telomere organization","E2_06_14",7,12,3.7e-24,-0.700439718141092,0.0927
"cellular response to topologically incorrect protein","E2_06_14",4,8,3.7e-24,-0.84799690655495,0.1069
"Golgi organization","E2_06_14",5,8,3.7e-24,-0.584962500721156,0.2512
"ribonucleoprotein complex assembly","E2_06_14",19,14,3.7e-24,0.415037499278844,0.2894
"cellular nitrogen compound catabolic process","E2_06_14",21,26,3.7e-24,-0.295455883526171,0.2961
"negative regulation of phosphorus metabolic process","E2_06_14",21,21,3.7e-24,0,1
"heterocycle catabolic process","E2_06_14",27,26,3.7e-24,0.0524674198941355,0.9213
"mitochondrial membrane organization","E2_06_14",0,6,3.7e-24,-2.8073549220576,0.004
"regulation of protein-containing complex assembly","E2_06_14",12,20,3.7e-24,-0.691877704637668,0.0468
"positive regulation of cellular component biogenesis","E2_06_14",27,28,3.7e-24,-0.050626073069968,0.8536
"response to oxidative stress","E2_06_14",20,23,3.7e-24,-0.192645077942396,0.5338
"regulation of supramolecular fiber organization","E2_06_14",20,24,3.7e-24,-0.251538766995965,0.4221
"positive regulation of protein localization","E2_06_14",27,24,3.7e-24,0.16349873228288,0.6085
"positive regulation of cell projection organization","E2_06_14",15,19,3.7e-24,-0.321928094887362,0.364
"negative regulation of transferase activity","E2_06_14",16,15,3.7e-24,0.0874628412503394,0.8953
"autophagy of mitochondrion","E2_06_14",5,5,3.7e-24,0,1
"positive regulation of amide metabolic process","E2_06_14",11,14,3.7e-24,-0.321928094887362,0.4355
"chromatin remodeling","E2_06_14",20,22,3.7e-24,-0.131244533278253,0.674
"viral process","E2_06_14",16,18,3.7e-24,-0.160464672193246,0.6424
"macromolecule deacylation","E2_06_14",3,8,3.7e-24,-1.16992500144231,0.0318
"mitotic cytokinesis","E2_06_14",2,4,3.7e-24,-0.736965594166206,0.2764
"aromatic compound catabolic process","E2_06_14",30,31,3.7e-24,-0.0458036896131248,0.8542
"vesicle localization","E2_06_14",5,12,3.7e-24,-1.11547721741994,0.0229
"establishment or maintenance of cell polarity","E2_06_14",14,16,3.7e-24,-0.180572245641821,0.6266
"Wnt signaling pathway","E2_06_14",35,28,3.7e-24,0.31194400631474,0.256
"cell-cell signaling by wnt","E2_06_14",18,24,3.7e-24,-0.395928676331139,0.1916
"ATP metabolic process","E2_06_14",14,14,3.7e-24,0,1
"cellular response to chemical stress","E2_06_14",18,21,3.7e-24,-0.211504105193712,0.5188
"regulation of vacuole organization","E2_06_14",3,3,3.7e-24,0,1
"cellular response to external stimulus","E2_06_14",19,17,3.7e-24,0.15200309344505,0.7139
"negative regulation of protein phosphorylation","E2_06_14",18,16,3.7e-24,0.160464672193246,0.7142
"negative regulation of catabolic process","E2_06_14",14,16,3.7e-24,-0.180572245641821,0.614
"regulation of microtubule cytoskeleton organization","E2_06_14",3,8,3.7e-24,-1.16992500144231,0.0344
"chromosome localization","E2_06_14",8,7,3.7e-24,0.169925001442312,0.8507
"negative regulation of mitotic nuclear division","E2_06_14",2,3,3.7e-24,-0.415037499278844,0.6024
"regulation of actin filament organization","E2_06_14",11,15,3.7e-24,-0.415037499278844,0.2664
"dephosphorylation","E2_06_14",12,23,3.7e-24,-0.884522782580064,0.009
"glycosylation","E2_06_14",11,13,3.7e-24,-0.222392421336448,0.5862
"positive regulation of establishment of protein localization","E2_06_14",17,18,3.7e-24,-0.0780025120012732,0.81
"regulation of microtubule-based process","E2_06_14",6,12,3.7e-24,-0.893084796083488,0.0497
"cell-substrate junction organization","E2_06_14",6,8,3.7e-24,-0.362570079384708,0.4947
"protein-containing complex localization","E2_06_14",10,15,3.7e-24,-0.540568381362703,0.1546
"mitochondrial transmembrane transport","E2_06_14",9,6,3.7e-24,0.514573172829758,0.3299
"stem cell population maintenance","E2_06_14",13,8,3.7e-24,0.637429920615292,0.1648
"ribosome assembly","E2_06_14",5,5,3.7e-24,0,1
"intraciliary transport","E2_06_14",1,6,3.7e-24,-1.8073549220576,0.0192
"Golgi to plasma membrane protein transport","E2_06_14",3,2,3.7e-24,0.415037499278844,0.7323
"response to amino acid starvation","E2_06_14",4,5,3.7e-24,-0.263034405833794,0.678
"cellular response to extracellular stimulus","E2_06_14",17,15,3.7e-24,0.169925001442312,0.6975
"cell growth","E2_06_14",21,26,3.7e-24,-0.295455883526171,0.2972
"protein glycosylation","E2_06_14",11,19,3.7e-24,-0.736965594166206,0.0326
"macromolecule glycosylation","E2_06_14",11,12,3.7e-24,-0.115477217419936,0.7804
"maintenance of cell number","E2_06_14",10,12,3.7e-24,-0.241008099503795,0.5738
"response to reactive oxygen species","E2_06_14",11,14,3.7e-24,-0.321928094887362,0.4338
"regulation of cell morphogenesis","E2_06_14",22,13,3.7e-24,0.716207033999409,0.0706
"regulation of cellular component size","E2_06_14",19,21,3.7e-24,-0.137503523749935,0.6587
"cell-substrate junction assembly","E2_06_14",3,4,3.7e-24,-0.321928094887362,0.6417
"membrane fission","E2_06_14",0,2,3.7e-24,-1.58496250072116,0.0813
"membrane docking","E2_06_14",5,5,3.7e-24,0,1
"fibroblast migration","E2_06_14",4,3,3.7e-24,0.321928094887362,0.7811
"nucleus organization","E2_06_14",8,9,3.7e-24,-0.15200309344505,0.7529
"regulation of cell growth","E2_06_14",27,24,3.7e-24,0.16349873228288,0.61
"fibroblast proliferation","E2_06_14",11,7,3.7e-24,0.584962500721156,0.2717
"cell cycle G1/S phase transition","E2_06_14",12,17,3.7e-24,-0.46948528330122,0.2027
"actin filament organization","E2_06_14",18,23,3.7e-24,-0.337034987277571,0.2646
"response to oxygen levels","E2_06_14",12,21,3.7e-24,-0.758991900496205,0.0312
"epigenetic regulation of gene expression","E2_06_14",12,12,3.7e-24,0,1
"organelle fusion","E2_06_14",5,9,3.7e-24,-0.736965594166206,0.1318
"lipoprotein metabolic process","E2_06_14",12,8,3.7e-24,0.53051471669878,0.2999
"protein lipidation","E2_06_14",5,6,3.7e-24,-0.222392421336448,0.6995
"regulation of plasma membrane bounded cell projection assembly","E2_06_14",10,15,3.7e-24,-0.540568381362703,0.1607
"regulation of actin filament-based process","E2_06_14",14,22,3.7e-24,-0.616671360448494,0.0464
"regulation of GTPase activity","E2_06_14",17,19,3.7e-24,-0.15200309344505,0.6472
"nuclear envelope organization","E2_06_14",6,4,3.7e-24,0.485426827170242,0.4544
"protein autophosphorylation","E2_06_14",16,11,3.7e-24,0.502500340529183,0.2348
"connective tissue development","E2_06_14",18,17,3.7e-24,0.0780025120012732,0.8997
"cellular response to heat","E2_06_14",0,3,3.7e-24,-2,0.0323
"myeloid cell homeostasis","E2_06_14",15,11,3.7e-24,0.415037499278844,0.3831
"regulation of neuron projection development","E2_06_14",21,22,3.7e-24,-0.0641303374197156,0.8333
"receptor metabolic process","E2_06_14",3,3,3.7e-24,0,1
"maintenance of protein location in cell","E2_06_14",2,5,3.7e-24,-1,0.1451
"apoptotic mitochondrial changes","E2_06_14",2,7,3.7e-24,-1.41503749927884,0.0307
"response to transforming growth factor beta","E2_06_14",12,17,3.7e-24,-0.46948528330122,0.1997
"neural tube development","E2_06_14",3,10,3.7e-24,-1.4594316186373,0.0115
"maintenance of protein location","E2_06_14",4,6,3.7e-24,-0.485426827170242,0.438
"regulation of ubiquitin-protein transferase activity","E2_06_14",1,4,3.7e-24,-1.32192809488736,0.0836
"cilium assembly","E2_06_14",17,21,3.7e-24,-0.289506617194985,0.3838
"mRNA export from nucleus","E2_06_14",7,4,3.7e-24,0.678071905112638,0.3454
"regulation of cell-substrate junction organization","E2_06_14",2,4,3.7e-24,-0.736965594166206,0.2797
"membrane biogenesis","E2_06_14",1,4,3.7e-24,-1.32192809488736,0.0758
"cilium organization","E2_06_14",21,24,3.7e-24,-0.184424571137427,0.5414
"platelet-derived growth factor receptor signaling pathway","E2_06_14",2,4,3.7e-24,-0.736965594166206,0.273
"iron-sulfur cluster assembly","E2_06_14",4,4,3.7e-24,0,1
"metallo-sulfur cluster assembly","E2_06_14",1,2,3.7e-24,-0.584962500721156,0.5544
"centromere complex assembly","E2_06_14",1,2,3.7e-24,-0.584962500721156,0.5845
"cellular response to oxygen levels","E2_06_14",7,8,3.7e-24,-0.169925001442312,0.7337
"fatty acid beta-oxidation","E2_06_14",4,3,3.7e-24,0.321928094887362,0.7789
"organelle localization by membrane tethering","E2_06_14",2,3,3.7e-24,-0.415037499278844,0.5984
"autophagosome maturation","E2_06_14",2,3,3.7e-24,-0.415037499278844,0.5957
"cellular response to transforming growth factor beta stimulus","E2_06_14",13,15,3.7e-24,-0.192645077942396,0.6112
"nucleotide catabolic process","E2_06_14",7,6,3.7e-24,0.192645077942396,0.8369
"tube closure","E2_06_14",5,6,3.7e-24,-0.222392421336448,0.7057
"regulation of stem cell differentiation","E2_06_14",11,5,3.7e-24,1,0.1289
"substrate adhesion-dependent cell spreading","E2_06_14",4,5,3.7e-24,-0.263034405833794,0.6675
"chondrocyte differentiation","E2_06_14",7,9,3.7e-24,-0.321928094887362,0.5291
"regulation of fibroblast proliferation","E2_06_14",2,3,3.7e-24,-0.415037499278844,0.5985
"morphogenesis of an epithelial sheet","E2_06_14",2,2,3.7e-24,0,1
"microtubule polymerization","E2_06_14",4,6,3.7e-24,-0.485426827170242,0.4333
"response to virus","E2_06_14",16,21,3.7e-24,-0.371968777386958,0.2357
"membrane assembly","E2_06_14",3,5,3.7e-24,-0.584962500721156,0.3023
"COPII vesicle coating","E2_06_14",1,2,3.7e-24,-0.584962500721156,0.5347
"erythrocyte differentiation","E2_06_14",5,10,3.7e-24,-0.874469117916141,0.0577
"organophosphate catabolic process","E2_06_14",11,12,3.7e-24,-0.115477217419936,0.7793
"regulation of embryonic development","E2_06_14",6,8,3.7e-24,-0.362570079384708,0.4961
"regulation of focal adhesion assembly","E2_06_14",4,3,3.7e-24,0.321928094887362,0.7772
"regulation of cell-substrate junction assembly","E2_06_14",4,3,3.7e-24,0.321928094887362,0.7755
"regulation of extracellular matrix organization","E2_06_14",1,3,3.7e-24,-1,0.234
"GPI anchor biosynthetic process","E2_06_14",4,2,3.7e-24,0.736965594166206,0.2795
"lamellipodium organization","E2_06_14",6,7,3.7e-24,-0.192645077942396,0.7221
"positive regulation of stem cell population maintenance","E2_06_14",0,3,3.7e-24,-2,0.0405
"monosaccharide metabolic process","E2_06_14",7,15,3.7e-24,-1,0.0165
"U2-type prespliceosome assembly","E2_06_14",1,1,3.7e-24,0,1
"heterochromatin formation","E2_06_14",7,5,3.7e-24,0.415037499278844,0.4984
"peroxisome organization","E2_06_14",2,3,3.7e-24,-0.415037499278844,0.6112
"regulation of mitochondrial fission","E2_06_14",1,2,3.7e-24,-0.584962500721156,0.5363
"cellular pigmentation","E2_06_14",8,5,3.7e-24,0.584962500721156,0.3941
"regulation of fibroblast migration","E2_06_14",3,3,3.7e-24,0,1
"cellular carbohydrate metabolic process","E2_06_14",8,18,3.7e-24,-1.07800251200127,0.0055
"positive regulation of axonogenesis","E2_06_14",8,5,3.7e-24,0.584962500721156,0.4018
"kinetochore organization","E2_06_14",1,1,3.7e-24,0,1
"stem cell differentiation","E2_06_14",12,14,3.7e-24,-0.206450877467426,0.5981
"proton transmembrane transport","E2_06_14",8,7,3.7e-24,0.169925001442312,0.8611
"cellular response to insulin stimulus","E2_06_14",17,14,3.7e-24,0.263034405833794,0.4985
"establishment of mitotic spindle localization","E2_06_14",2,1,3.7e-24,0.584962500721156,0.6479
"cell redox homeostasis","E2_06_14",3,2,3.7e-24,0.415037499278844,0.7317
"stress granule assembly","E2_06_14",7,2,3.7e-24,1.41503749927884,0.1282
"protein neddylation","E2_06_14",3,2,3.7e-24,0.415037499278844,0.7439
"regulation of mitochondrial membrane potential","E2_06_14",3,3,3.7e-24,0,1
"neuron death","E2_06_14",17,23,3.7e-24,-0.415037499278844,0.1609
"defense response to virus","E2_06_14",17,19,3.7e-24,-0.15200309344505,0.6555
"sulfur compound metabolic process","E2_06_14",8,16,3.7e-24,-0.917537839808027,0.0201
"NADP metabolic process","E2_06_14",4,3,3.7e-24,0.321928094887362,0.7719
"vacuolar acidification","E2_06_14",3,3,3.7e-24,0,1
"oligosaccharide-lipid intermediate biosynthetic process","E2_06_14",1,2,3.7e-24,-0.584962500721156,0.5254
"lysosomal lumen acidification","E2_06_14",1,2,3.7e-24,-0.584962500721156,0.5481
"glycosyl compound biosynthetic process","E2_06_14",1,1,3.7e-24,0,1
"heart valve development","E2_06_14",5,4,3.7e-24,0.263034405833794,0.8056
"water-soluble vitamin metabolic process","E2_06_14",8,4,3.7e-24,0.84799690655495,0.1438
"interferon-beta production","E2_06_14",5,3,3.7e-24,0.584962500721156,0.4002
"regulation of interferon-beta production","E2_06_14",5,5,3.7e-24,0,1
"branched-chain amino acid metabolic process","E2_06_14",2,2,3.7e-24,0,1
"regulation of mitochondrial membrane permeability","E2_06_14",2,5,3.7e-24,-1,0.1185
"respiratory tube development","E2_06_14",11,10,3.7e-24,0.125530882083859,0.873
"cellular senescence","E2_06_14",1,4,3.7e-24,-1.32192809488736,0.0559
"positive regulation of neurogenesis","E2_06_14",7,12,3.7e-24,-0.700439718141092,0.0936
"mitochondrial outer membrane permeabilization","E2_06_14",2,2,3.7e-24,0,1
"immune system development","E2_06_14",8,9,3.7e-24,-0.15200309344505,0.75
"clathrin-dependent endocytosis","E2_06_14",1,2,3.7e-24,-0.584962500721156,0.5252
"positive regulation of viral process","E2_06_14",5,4,3.7e-24,0.263034405833794,0.8081
"bone development","E2_06_14",10,11,3.7e-24,-0.125530882083859,0.7706
"cell-substrate adhesion","E2_06_14",13,18,3.7e-24,-0.440572591385981,0.206
"positive regulation of microtubule polymerization","E2_06_14",2,2,3.7e-24,0,1
"pteridine-containing compound metabolic process","E2_06_14",3,2,3.7e-24,0.415037499278844,0.7278
"response to arsenic-containing substance","E2_06_14",2,3,3.7e-24,-0.415037499278844,0.6157
"response to insulin","E2_06_14",10,14,3.7e-24,-0.447458976971221,0.2495
"ubiquinone metabolic process","E2_06_14",3,3,3.7e-24,0,1
"cellular response to arsenic-containing substance","E2_06_14",1,1,3.7e-24,0,1
"inositol phosphate catabolic process","E2_06_14",0,0,3.7e-24,0,1
"telomerase RNA localization to Cajal body","E2_06_14",1,1,3.7e-24,0,1
"respiratory system development","E2_06_14",10,10,3.7e-24,0,1
"regulation of generation of precursor metabolites and energy","E2_06_14",8,7,3.7e-24,0.169925001442312,0.8528
"mitochondrial calcium ion homeostasis","E2_06_14",0,1,3.7e-24,-1,0.4209
"G0 to G1 transition","E2_06_14",7,3,3.7e-24,1,0.2661
"mitochondrial genome maintenance","E2_06_14",3,3,3.7e-24,0,1
"release of cytochrome c from mitochondria","E2_06_14",4,2,3.7e-24,0.736965594166206,0.2775
"cortical cytoskeleton organization","E2_06_14",5,3,3.7e-24,0.584962500721156,0.3894
"response to sterol depletion","E2_06_14",1,2,3.7e-24,-0.584962500721156,0.5696
"regulation of ncRNA transcription","E2_06_14",0,1,3.7e-24,-1,0.4288
"mesenchymal cell differentiation","E2_06_14",7,12,3.7e-24,-0.700439718141092,0.0947
"protein-DNA complex subunit organization","E2_06_14",9,14,3.7e-24,-0.584962500721156,0.1454
"response to fluid shear stress","E2_06_14",0,1,3.7e-24,-1,0.4128
"collagen fibril organization","E2_06_14",3,3,3.7e-24,0,1
"roof of mouth development","E2_06_14",9,5,3.7e-24,0.736965594166206,0.1924
"regulation of protein dephosphorylation","E2_06_14",8,6,3.7e-24,0.362570079384708,0.5392
"multicellular organism growth","E2_06_14",14,7,3.7e-24,0.906890595608518,0.0909
"miRNA processing","E2_06_14",3,3,3.7e-24,0,1
"small molecule catabolic process","E2_06_14",12,18,3.7e-24,-0.547487795302493,0.1266
"regulation of G0 to G1 transition","E2_06_14",4,3,3.7e-24,0.321928094887362,0.7789
"circadian regulation of gene expression","E2_06_14",6,6,3.7e-24,0,1
"regulation of translational fidelity","E2_06_14",1,2,3.7e-24,-0.584962500721156,0.5695
"ubiquinone biosynthetic process","E2_06_14",1,0,3.7e-24,1,0.4946
"mitochondrial calcium ion transmembrane transport","E2_06_14",3,1,3.7e-24,1,0.4025
"quinone biosynthetic process","E2_06_14",1,1,3.7e-24,0,1
"viral release from host cell","E2_06_14",4,3,3.7e-24,0.321928094887362,0.7857
"exit from host cell","E2_06_14",0,1,3.7e-24,-1,0.4118
"positive regulation of GTPase activity","E2_06_14",15,14,3.7e-24,0.0931094043914815,0.8935
"regulation of cytokinesis","E2_06_14",7,6,3.7e-24,0.192645077942396,0.8407
"mitochondrion localization","E2_06_14",5,4,3.7e-24,0.263034405833794,0.81
"renal system development","E2_06_14",23,16,3.7e-24,0.497499659470817,0.1766
"regulation of cysteine-type endopeptidase activity involved in apoptotic process","E2_06_14",8,10,3.7e-24,-0.289506617194985,0.5351
"regulation of cell-substrate adhesion","E2_06_14",6,9,3.7e-24,-0.514573172829758,0.2782
"centrosome localization","E2_06_14",1,1,3.7e-24,0,1
"microtubule organizing center localization","E2_06_14",2,2,3.7e-24,0,1
"pinocytosis","E2_06_14",0,1,3.7e-24,-1,0.4668
"lamellipodium assembly","E2_06_14",6,4,3.7e-24,0.485426827170242,0.4561
"cellular response to sterol depletion","E2_06_14",1,1,3.7e-24,0,1
"placenta development","E2_06_14",10,11,3.7e-24,-0.125530882083859,0.7745
"rhythmic process","E2_06_14",15,18,3.7e-24,-0.247927513443586,0.4896
"spindle localization","E2_06_14",3,3,3.7e-24,0,1
"carbohydrate derivative catabolic process","E2_06_14",16,9,3.7e-24,0.765534746362977,0.0791
"response to amino acid","E2_06_14",9,9,3.7e-24,0,1
"regulation of intracellular steroid hormone receptor signaling pathway","E2_06_14",4,7,3.7e-24,-0.678071905112638,0.2458
"regulation of neuron death","E2_06_14",11,16,3.7e-24,-0.502500340529183,0.1661
"ossification","E2_06_14",23,26,3.7e-24,-0.169925001442312,0.562
"mammary gland epithelial cell proliferation","E2_06_14",5,1,3.7e-24,1.58496250072116,0.0171
"ribosomal subunit export from nucleus","E2_06_14",0,1,3.7e-24,-1,0.4766
"ribosome localization","E2_06_14",2,1,3.7e-24,0.584962500721156,0.6739
"protein transport to vacuole involved in ubiquitin-dependent protein catabolic process via the multivesicular body sorting pathway","E2_06_14",2,1,3.7e-24,0.584962500721156,0.6516
"seminiferous tubule development","E2_06_14",1,1,3.7e-24,0,1
"cellular response to acid chemical","E2_06_14",2,6,3.7e-24,-1.22239242133645,0.052
"positive regulation of kinase activity","E2_06_14",19,19,3.7e-24,0,1
"positive regulation by host of viral process","E2_06_14",1,1,3.7e-24,0,1
"mitochondrion morphogenesis","E2_06_14",2,1,3.7e-24,0.584962500721156,0.6443
"regulation of establishment of cell polarity","E2_06_14",2,2,3.7e-24,0,1
"cellular lipid catabolic process","E2_06_14",8,11,3.7e-24,-0.415037499278844,0.3255
"neuron apoptotic process","E2_06_14",13,16,3.7e-24,-0.280107919192735,0.4557
"inner cell mass cell proliferation","E2_06_14",0,1,3.7e-24,-1,0.4119
"polyamine biosynthetic process","E2_06_14",1,0,3.7e-24,1,0.2632
"folic acid metabolic process","E2_06_14",4,2,3.7e-24,0.736965594166206,0.2815
"organelle inheritance","E2_06_14",3,1,3.7e-24,1,0.4161
"polyol metabolic process","E2_06_14",9,8,3.7e-24,0.15200309344505,0.8602
"regulation of type I interferon-mediated signaling pathway","E2_06_14",2,2,3.7e-24,0,1
"intracellular lipid transport","E2_06_14",2,2,3.7e-24,0,1
"fat cell differentiation","E2_06_14",11,11,3.7e-24,0,1
"iron ion homeostasis","E2_06_14",8,7,3.7e-24,0.169925001442312,0.8532
"negative regulation of cell projection organization","E2_06_14",9,7,3.7e-24,0.321928094887362,0.5878
"dicarboxylic acid metabolic process","E2_06_14",5,8,3.7e-24,-0.584962500721156,0.2311
"regulation of anatomical structure size","E2_06_14",37,30,3.7e-24,0.29373120305671,0.275
"regulation of small molecule metabolic process","E2_06_14",13,14,3.7e-24,-0.0995356735509144,0.7968
"pentose-phosphate shunt","E2_06_14",3,1,3.7e-24,1,0.4663
"pericardium development","E2_06_14",0,1,3.7e-24,-1,0.5013
"lysosomal protein catabolic process","E2_06_14",2,1,3.7e-24,0.584962500721156,0.6408
"carbohydrate derivative transport","E2_06_14",3,6,3.7e-24,-0.807354922057604,0.1803
"alcohol biosynthetic process","E2_06_14",9,10,3.7e-24,-0.137503523749935,0.7548
"regulation of membrane permeability","E2_06_14",4,4,3.7e-24,0,1
"signal peptide processing","E2_06_14",1,0,3.7e-24,1,0.4982
"UV-damage excision repair","E2_06_14",2,1,3.7e-24,0.584962500721156,0.6348
"biological process involved in interaction with host","E2_06_14",18,13,3.7e-24,0.440572591385981,0.2699
"body morphogenesis","E2_06_14",3,4,3.7e-24,-0.321928094887362,0.6639
"extracellular vesicle biogenesis","E2_06_14",0,1,3.7e-24,-1,0.4208
"negative regulation of defense response to virus","E2_06_14",1,2,3.7e-24,-0.584962500721156,0.5497
"aminoglycan biosynthetic process","E2_06_14",4,6,3.7e-24,-0.485426827170242,0.4493
"sterol biosynthetic process","E2_06_14",4,3,3.7e-24,0.321928094887362,0.7752
"polyamine metabolic process","E2_06_14",0,1,3.7e-24,-1,0.42
"magnesium ion transport","E2_06_14",1,1,3.7e-24,0,1
"lamellipodium morphogenesis","E2_06_14",0,1,3.7e-24,-1,0.4784
"positive regulation of neuron migration","E2_06_14",0,2,3.7e-24,-1.58496250072116,0.1577
"regulation of glucose metabolic process","E2_06_14",2,6,3.7e-24,-1.22239242133645,0.064
"monosaccharide biosynthetic process","E2_06_14",5,5,3.7e-24,0,1
"response to acid chemical","E2_06_14",8,7,3.7e-24,0.169925001442312,0.8521
"regulation of carbohydrate metabolic process","E2_06_14",6,7,3.7e-24,-0.192645077942396,0.7159
"positive regulation of nervous system development","E2_06_14",18,14,3.7e-24,0.341036917835067,0.3506
"regulation of circadian rhythm","E2_06_14",7,9,3.7e-24,-0.321928094887362,0.5217
"trabecula morphogenesis","E2_06_14",2,3,3.7e-24,-0.415037499278844,0.6032
"pigment accumulation","E2_06_14",1,0,3.7e-24,1,0.4703
"cellular pigment accumulation","E2_06_14",0,0,3.7e-24,0,1
"regulation of pinocytosis","E2_06_14",0,1,3.7e-24,-1,0.4673
"regulation of ligase activity","E2_06_14",0,1,3.7e-24,-1,0.498
"smoothened signaling pathway involved in dorsal/ventral neural tube patterning","E2_06_14",0,0,3.7e-24,0,1
"glycosyl compound metabolic process","E2_06_14",4,3,3.7e-24,0.321928094887362,0.7791
"substantia nigra development","E2_06_14",2,1,3.7e-24,0.584962500721156,0.6773
"negative regulation of GTPase activity","E2_06_14",2,2,3.7e-24,0,1
"axon extension","E2_06_14",5,6,3.7e-24,-0.222392421336448,0.6961
"positive regulation of epithelial to mesenchymal transition","E2_06_14",2,2,3.7e-24,0,1
"one-carbon metabolic process","E2_06_14",2,1,3.7e-24,0.584962500721156,0.6293
"NADPH regeneration","E2_06_14",0,1,3.7e-24,-1,0.4528
"cellular response to dsRNA","E2_06_14",0,1,3.7e-24,-1,0.4141
"neuron projection organization","E2_06_14",11,7,3.7e-24,0.584962500721156,0.2694
"postsynapse organization","E2_06_14",11,9,3.7e-24,0.263034405833794,0.6229
"regulation of ketone biosynthetic process","E2_06_14",2,1,3.7e-24,0.584962500721156,0.6289
"mitochondrion distribution","E2_06_14",2,1,3.7e-24,0.584962500721156,0.6242
"regulation of autophagosome maturation","E2_06_14",1,1,3.7e-24,0,1
"magnesium ion transmembrane transport","E2_06_14",1,0,3.7e-24,1,0.3991
"regulation of cell division","E2_06_14",12,12,3.7e-24,0,1
"intermembrane lipid transfer","E2_06_14",0,3,3.7e-24,-2,0.0435
"organophosphate ester transport","E2_06_14",3,8,3.7e-24,-1.16992500144231,0.0499
"movement in host","E2_06_14",9,11,3.7e-24,-0.263034405833794,0.5613
"extracellular matrix assembly","E2_06_14",5,2,3.7e-24,1,0.1803
"cellular metabolic compound salvage","E2_06_14",3,1,3.7e-24,1,0.4189
"regulation of ATP-dependent activity","E2_06_14",2,4,3.7e-24,-0.736965594166206,0.3148
"cell migration involved in heart development","E2_06_14",4,1,3.7e-24,1.32192809488736,0.0291
"cellular response to fluid shear stress","E2_06_14",1,1,3.7e-24,0,1
"sphingomyelin biosynthetic process","E2_06_14",4,1,3.7e-24,1.32192809488736,0.0798
"ether lipid biosynthetic process","E2_06_14",0,0,3.7e-24,0,1
"embryonic body morphogenesis","E2_06_14",2,1,3.7e-24,0.584962500721156,0.684
"amino sugar biosynthetic process","E2_06_14",0,1,3.7e-24,-1,0.5071
"glycerol ether biosynthetic process","E2_06_14",0,0,3.7e-24,0,1
"pigmentation","E2_06_14",6,5,3.7e-24,0.222392421336448,0.8253
"cellular response to ketone","E2_06_14",3,4,3.7e-24,-0.321928094887362,0.6577
"nonribosomal peptide biosynthetic process","E2_06_14",1,0,3.7e-24,1,0.4521
"glial cell apoptotic process","E2_06_14",5,2,3.7e-24,1,0.2031
"lipoprotein catabolic process","E2_06_14",0,0,3.7e-24,0,1
"suppression of viral release by host","E2_06_14",5,2,3.7e-24,1,0.2111
"chaperone-mediated autophagy","E2_06_14",8,2,3.7e-24,1.58496250072116,0.0945
"regulation of steroid hormone biosynthetic process","E2_06_14",3,1,3.7e-24,1,0.45
"synaptic vesicle lumen acidification","E2_06_14",0,1,3.7e-24,-1,0.4779
"semaphorin-plexin signaling pathway involved in neuron projection guidance","E2_06_14",0,1,3.7e-24,-1,0.4579
"regulation of Golgi organization","E2_06_14",4,2,3.7e-24,0.736965594166206,0.2703
"Schwann cell differentiation","E2_06_14",1,2,3.7e-24,-0.584962500721156,0.5228
"neurotrophin signaling pathway","E2_06_14",2,1,3.7e-24,0.584962500721156,0.6742
"regulation of microtubule depolymerization","E2_06_14",1,2,3.7e-24,-0.584962500721156,0.5647
"basement membrane organization","E2_06_14",1,2,3.7e-24,-0.584962500721156,0.5649
"establishment or maintenance of epithelial cell apical/basal polarity","E2_06_14",8,5,3.7e-24,0.584962500721156,0.3942
"face development","E2_06_14",1,2,3.7e-24,-0.584962500721156,0.5241
"osteoblast differentiation","E2_06_14",15,15,3.7e-24,0,1
"appendage development","E2_06_14",4,11,3.7e-24,-1.26303440583379,0.0156
"limb development","E2_06_14",8,9,3.7e-24,-0.15200309344505,0.7548
"regulation of ATP metabolic process","E2_06_14",2,3,3.7e-24,-0.415037499278844,0.6206
"developmental growth involved in morphogenesis","E2_06_14",11,12,3.7e-24,-0.115477217419936,0.7776
"embryonic organ development","E2_06_14",27,28,3.7e-24,-0.050626073069968,0.8479
"negative regulation of growth","E2_06_14",10,13,3.7e-24,-0.347923303420307,0.4229
"microtubule depolymerization","E2_06_14",2,2,3.7e-24,0,1
"heme metabolic process","E2_06_14",2,3,3.7e-24,-0.415037499278844,0.6217
"regulation of neuron apoptotic process","E2_06_14",11,14,3.7e-24,-0.321928094887362,0.4313
"plasma membrane tubulation","E2_06_14",2,2,3.7e-24,0,1
"exosomal secretion","E2_06_14",1,1,3.7e-24,0,1
"vasculogenesis","E2_06_14",3,4,3.7e-24,-0.321928094887362,0.6371
"toxin transport","E2_06_14",1,1,3.7e-24,0,1
"ncRNA processing","MMEA9_C2",7,3,3.7e-24,1,0.2071
"ribosome biogenesis","MMEA9_C2",2,2,3.7e-24,0,1
"rRNA metabolic process","MMEA9_C2",1,2,3.7e-24,-0.584962500721156,0.5298
"proteasome-mediated ubiquitin-dependent protein catabolic process","MMEA9_C2",1,3,3.7e-24,-1,0.2108
"regulation of response to DNA damage stimulus","MMEA9_C2",3,3,3.7e-24,0,1
"establishment of protein localization to organelle","MMEA9_C2",1,3,3.7e-24,-1,0.1918
"macroautophagy","MMEA9_C2",2,2,3.7e-24,0,1
"regulation of chromosome organization","MMEA9_C2",1,2,3.7e-24,-0.584962500721156,0.5322
"Golgi vesicle transport","MMEA9_C2",1,3,3.7e-24,-1,0.2453
"double-strand break repair","MMEA9_C2",1,2,3.7e-24,-0.584962500721156,0.5212
"histone modification","MMEA9_C2",3,4,3.7e-24,-0.321928094887362,0.652
"sister chromatid segregation","MMEA9_C2",2,2,3.7e-24,0,1
"DNA replication","MMEA9_C2",0,2,3.7e-24,-1.58496250072116,0.1134
"chromosome segregation","MMEA9_C2",2,3,3.7e-24,-0.415037499278844,0.5984
"mitochondrial gene expression","MMEA9_C2",0,1,3.7e-24,-1,0.4073
"nucleocytoplasmic transport","MMEA9_C2",4,2,3.7e-24,0.736965594166206,0.2899
"nuclear transport","MMEA9_C2",1,3,3.7e-24,-1,0.229
"regulation of DNA repair","MMEA9_C2",2,1,3.7e-24,0.584962500721156,0.6564
"peptidyl-lysine modification","MMEA9_C2",1,2,3.7e-24,-0.584962500721156,0.5315
"protein targeting","MMEA9_C2",3,3,3.7e-24,0,1
"cytoplasmic translation","MMEA9_C2",1,1,3.7e-24,0,1
"regulation of autophagy","MMEA9_C2",1,3,3.7e-24,-1,0.273
"signal transduction in response to DNA damage","MMEA9_C2",0,1,3.7e-24,-1,0.4185
"regulation of intracellular transport","MMEA9_C2",0,2,3.7e-24,-1.58496250072116,0.1032
"protein localization to nucleus","MMEA9_C2",3,2,3.7e-24,0.415037499278844,0.7222
"microtubule cytoskeleton organization involved in mitosis","MMEA9_C2",1,1,3.7e-24,0,1
"telomere maintenance","MMEA9_C2",1,1,3.7e-24,0,1
"cell cycle checkpoint signaling","MMEA9_C2",0,1,3.7e-24,-1,0.4183
"regulation of protein modification by small protein conjugation or removal","MMEA9_C2",1,2,3.7e-24,-0.584962500721156,0.5748
"cellular respiration","MMEA9_C2",1,3,3.7e-24,-1,0.2605
"cellular component disassembly","MMEA9_C2",5,4,3.7e-24,0.263034405833794,0.7977
"nuclear chromosome segregation","MMEA9_C2",1,2,3.7e-24,-0.584962500721156,0.5326
"regulation of protein stability","MMEA9_C2",2,3,3.7e-24,-0.415037499278844,0.6313
"regulation of cell cycle phase transition","MMEA9_C2",3,3,3.7e-24,0,1
"regulation of protein catabolic process","MMEA9_C2",1,3,3.7e-24,-1,0.2238
"response to endoplasmic reticulum stress","MMEA9_C2",1,2,3.7e-24,-0.584962500721156,0.5417
"vesicle organization","MMEA9_C2",3,3,3.7e-24,0,1
"mitochondrial respiratory chain complex assembly","MMEA9_C2",0,1,3.7e-24,-1,0.4587
"DNA-templated transcription elongation","MMEA9_C2",0,1,3.7e-24,-1,0.4191
"mitochondrial transport","MMEA9_C2",2,2,3.7e-24,0,1
"establishment of organelle localization","MMEA9_C2",3,3,3.7e-24,0,1
"regulation of intracellular protein transport","MMEA9_C2",3,1,3.7e-24,1,0.4133
"response to UV","MMEA9_C2",0,1,3.7e-24,-1,0.4162
"RNA localization","MMEA9_C2",2,1,3.7e-24,0.584962500721156,0.6692
"response to topologically incorrect protein","MMEA9_C2",1,1,3.7e-24,0,1
"organelle fission","MMEA9_C2",3,4,3.7e-24,-0.321928094887362,0.6523
"non-membrane-bounded organelle assembly","MMEA9_C2",2,2,3.7e-24,0,1
"protein polyubiquitination","MMEA9_C2",0,2,3.7e-24,-1.58496250072116,0.1419
"methylation","MMEA9_C2",3,3,3.7e-24,0,1
"phospholipid biosynthetic process","MMEA9_C2",0,3,3.7e-24,-2,0.0568
"oxidative phosphorylation","MMEA9_C2",1,1,3.7e-24,0,1
"establishment of protein localization to membrane","MMEA9_C2",4,2,3.7e-24,0.736965594166206,0.2866
"in utero embryonic development","MMEA9_C2",2,3,3.7e-24,-0.415037499278844,0.6132
"vacuole organization","MMEA9_C2",0,2,3.7e-24,-1.58496250072116,0.1545
"nuclear-transcribed mRNA catabolic process","MMEA9_C2",1,1,3.7e-24,0,1
"protein folding","MMEA9_C2",2,1,3.7e-24,0.584962500721156,0.6665
"DNA conformation change","MMEA9_C2",1,0,3.7e-24,1,0.4894
"regulation of chromosome segregation","MMEA9_C2",0,1,3.7e-24,-1,0.4156
"regulation of apoptotic signaling pathway","MMEA9_C2",2,4,3.7e-24,-0.736965594166206,0.3207
"cell cycle G2/M phase transition","MMEA9_C2",0,1,3.7e-24,-1,0.416
"vacuolar transport","MMEA9_C2",2,2,3.7e-24,0,1
"response to ionizing radiation","MMEA9_C2",0,1,3.7e-24,-1,0.4907
"cellular response to UV","MMEA9_C2",2,0,3.7e-24,1.58496250072116,0.1186
"regulation of binding","MMEA9_C2",1,3,3.7e-24,-1,0.2336
"nucleic acid transport","MMEA9_C2",0,1,3.7e-24,-1,0.4218
"RNA transport","MMEA9_C2",2,1,3.7e-24,0.584962500721156,0.6729
"ribonucleoprotein complex subunit organization","MMEA9_C2",1,2,3.7e-24,-0.584962500721156,0.5358
"regulation of DNA replication","MMEA9_C2",3,1,3.7e-24,1,0.4297
"ribose phosphate metabolic process","MMEA9_C2",3,3,3.7e-24,0,1
"proton motive force-driven ATP synthesis","MMEA9_C2",0,1,3.7e-24,-1,0.5264
"ribonucleotide metabolic process","MMEA9_C2",0,3,3.7e-24,-2,0.0281
"telomere organization","MMEA9_C2",1,1,3.7e-24,0,1
"cellular response to topologically incorrect protein","MMEA9_C2",1,1,3.7e-24,0,1
"Golgi organization","MMEA9_C2",1,1,3.7e-24,0,1
"ribonucleoprotein complex assembly","MMEA9_C2",1,1,3.7e-24,0,1
"cellular nitrogen compound catabolic process","MMEA9_C2",2,3,3.7e-24,-0.415037499278844,0.6014
"negative regulation of phosphorus metabolic process","MMEA9_C2",1,3,3.7e-24,-1,0.222
"heterocycle catabolic process","MMEA9_C2",2,3,3.7e-24,-0.415037499278844,0.598
"mitochondrial membrane organization","MMEA9_C2",0,1,3.7e-24,-1,0.5021
"regulation of protein-containing complex assembly","MMEA9_C2",2,2,3.7e-24,0,1
"positive regulation of cellular component biogenesis","MMEA9_C2",2,3,3.7e-24,-0.415037499278844,0.5968
"response to oxidative stress","MMEA9_C2",1,3,3.7e-24,-1,0.224
"regulation of supramolecular fiber organization","MMEA9_C2",4,3,3.7e-24,0.321928094887362,0.7788
"positive regulation of protein localization","MMEA9_C2",2,3,3.7e-24,-0.415037499278844,0.6188
"positive regulation of cell projection organization","MMEA9_C2",2,2,3.7e-24,0,1
"negative regulation of transferase activity","MMEA9_C2",1,2,3.7e-24,-0.584962500721156,0.5534
"autophagy of mitochondrion","MMEA9_C2",0,0,3.7e-24,0,1
"positive regulation of amide metabolic process","MMEA9_C2",1,1,3.7e-24,0,1
"chromatin remodeling","MMEA9_C2",2,3,3.7e-24,-0.415037499278844,0.61
"viral process","MMEA9_C2",0,2,3.7e-24,-1.58496250072116,0.0883
"macromolecule deacylation","MMEA9_C2",0,1,3.7e-24,-1,0.4809
"mitotic cytokinesis","MMEA9_C2",1,0,3.7e-24,1,0.4905
"aromatic compound catabolic process","MMEA9_C2",1,4,3.7e-24,-1.32192809488736,0.0693
"vesicle localization","MMEA9_C2",2,2,3.7e-24,0,1
"establishment or maintenance of cell polarity","MMEA9_C2",1,2,3.7e-24,-0.584962500721156,0.5511
"Wnt signaling pathway","MMEA9_C2",3,3,3.7e-24,0,1
"cell-cell signaling by wnt","MMEA9_C2",2,3,3.7e-24,-0.415037499278844,0.5889
"ATP metabolic process","MMEA9_C2",3,1,3.7e-24,1,0.427
"cellular response to chemical stress","MMEA9_C2",1,3,3.7e-24,-1,0.2595
"regulation of vacuole organization","MMEA9_C2",0,0,3.7e-24,0,1
"cellular response to external stimulus","MMEA9_C2",2,2,3.7e-24,0,1
"negative regulation of protein phosphorylation","MMEA9_C2",1,2,3.7e-24,-0.584962500721156,0.5299
"negative regulation of catabolic process","MMEA9_C2",2,2,3.7e-24,0,1
"regulation of microtubule cytoskeleton organization","MMEA9_C2",0,1,3.7e-24,-1,0.4396
"chromosome localization","MMEA9_C2",1,1,3.7e-24,0,1
"negative regulation of mitotic nuclear division","MMEA9_C2",0,0,3.7e-24,0,1
"regulation of actin filament organization","MMEA9_C2",2,2,3.7e-24,0,1
"dephosphorylation","MMEA9_C2",1,3,3.7e-24,-1,0.2668
"glycosylation","MMEA9_C2",0,1,3.7e-24,-1,0.424
"positive regulation of establishment of protein localization","MMEA9_C2",2,2,3.7e-24,0,1
"regulation of microtubule-based process","MMEA9_C2",2,1,3.7e-24,0.584962500721156,0.6645
"cell-substrate junction organization","MMEA9_C2",0,1,3.7e-24,-1,0.4365
"protein-containing complex localization","MMEA9_C2",1,2,3.7e-24,-0.584962500721156,0.5658
"mitochondrial transmembrane transport","MMEA9_C2",0,0,3.7e-24,0,1
"stem cell population maintenance","MMEA9_C2",0,1,3.7e-24,-1,0.4366
"ribosome assembly","MMEA9_C2",0,0,3.7e-24,0,1
"intraciliary transport","MMEA9_C2",0,0,3.7e-24,0,1
"Golgi to plasma membrane protein transport","MMEA9_C2",0,0,3.7e-24,0,1
"response to amino acid starvation","MMEA9_C2",1,0,3.7e-24,1,0.4357
"cellular response to extracellular stimulus","MMEA9_C2",1,2,3.7e-24,-0.584962500721156,0.5498
"cell growth","MMEA9_C2",0,3,3.7e-24,-2,0.0452
"protein glycosylation","MMEA9_C2",1,2,3.7e-24,-0.584962500721156,0.5346
"macromolecule glycosylation","MMEA9_C2",0,2,3.7e-24,-1.58496250072116,0.1664
"maintenance of cell number","MMEA9_C2",2,2,3.7e-24,0,1
"response to reactive oxygen species","MMEA9_C2",1,2,3.7e-24,-0.584962500721156,0.5704
"regulation of cell morphogenesis","MMEA9_C2",0,1,3.7e-24,-1,0.4129
"regulation of cellular component size","MMEA9_C2",0,3,3.7e-24,-2,0.0457
"cell-substrate junction assembly","MMEA9_C2",0,0,3.7e-24,0,1
"membrane fission","MMEA9_C2",0,0,3.7e-24,0,1
"membrane docking","MMEA9_C2",1,0,3.7e-24,1,0.4494
"fibroblast migration","MMEA9_C2",0,0,3.7e-24,0,1
"nucleus organization","MMEA9_C2",2,1,3.7e-24,0.584962500721156,0.6365
"regulation of cell growth","MMEA9_C2",2,3,3.7e-24,-0.415037499278844,0.6125
"fibroblast proliferation","MMEA9_C2",1,1,3.7e-24,0,1
"cell cycle G1/S phase transition","MMEA9_C2",2,2,3.7e-24,0,1
"actin filament organization","MMEA9_C2",3,3,3.7e-24,0,1
"response to oxygen levels","MMEA9_C2",0,2,3.7e-24,-1.58496250072116,0.1101
"epigenetic regulation of gene expression","MMEA9_C2",1,2,3.7e-24,-0.584962500721156,0.5765
"organelle fusion","MMEA9_C2",2,1,3.7e-24,0.584962500721156,0.6361
"lipoprotein metabolic process","MMEA9_C2",0,1,3.7e-24,-1,0.4222
"protein lipidation","MMEA9_C2",0,1,3.7e-24,-1,0.4895
"regulation of plasma membrane bounded cell projection assembly","MMEA9_C2",1,2,3.7e-24,-0.584962500721156,0.5737
"regulation of actin filament-based process","MMEA9_C2",1,3,3.7e-24,-1,0.2545
"regulation of GTPase activity","MMEA9_C2",5,2,3.7e-24,1,0.1892
"nuclear envelope organization","MMEA9_C2",0,0,3.7e-24,0,1
"protein autophosphorylation","MMEA9_C2",2,1,3.7e-24,0.584962500721156,0.6513
"connective tissue development","MMEA9_C2",2,2,3.7e-24,0,1
"cellular response to heat","MMEA9_C2",0,0,3.7e-24,0,1
"myeloid cell homeostasis","MMEA9_C2",1,1,3.7e-24,0,1
"regulation of neuron projection development","MMEA9_C2",2,3,3.7e-24,-0.415037499278844,0.6129
"receptor metabolic process","MMEA9_C2",1,0,3.7e-24,1,0.426
"maintenance of protein location in cell","MMEA9_C2",1,1,3.7e-24,0,1
"apoptotic mitochondrial changes","MMEA9_C2",0,1,3.7e-24,-1,0.4377
"response to transforming growth factor beta","MMEA9_C2",5,2,3.7e-24,1,0.1847
"neural tube development","MMEA9_C2",1,1,3.7e-24,0,1
"maintenance of protein location","MMEA9_C2",1,1,3.7e-24,0,1
"regulation of ubiquitin-protein transferase activity","MMEA9_C2",1,0,3.7e-24,1,0.3703
"cilium assembly","MMEA9_C2",3,2,3.7e-24,0.415037499278844,0.7472
"mRNA export from nucleus","MMEA9_C2",0,0,3.7e-24,0,1
"regulation of cell-substrate junction organization","MMEA9_C2",0,0,3.7e-24,0,1
"membrane biogenesis","MMEA9_C2",0,0,3.7e-24,0,1
"cilium organization","MMEA9_C2",2,3,3.7e-24,-0.415037499278844,0.5972
"platelet-derived growth factor receptor signaling pathway","MMEA9_C2",0,0,3.7e-24,0,1
"iron-sulfur cluster assembly","MMEA9_C2",0,0,3.7e-24,0,1
"metallo-sulfur cluster assembly","MMEA9_C2",0,0,3.7e-24,0,1
"centromere complex assembly","MMEA9_C2",0,0,3.7e-24,0,1
"cellular response to oxygen levels","MMEA9_C2",1,1,3.7e-24,0,1
"fatty acid beta-oxidation","MMEA9_C2",1,0,3.7e-24,1,0.4411
"organelle localization by membrane tethering","MMEA9_C2",0,0,3.7e-24,0,1
"autophagosome maturation","MMEA9_C2",0,0,3.7e-24,0,1
"cellular response to transforming growth factor beta stimulus","MMEA9_C2",2,2,3.7e-24,0,1
"nucleotide catabolic process","MMEA9_C2",0,1,3.7e-24,-1,0.4931
"tube closure","MMEA9_C2",0,1,3.7e-24,-1,0.5238
"regulation of stem cell differentiation","MMEA9_C2",0,0,3.7e-24,0,1
"substrate adhesion-dependent cell spreading","MMEA9_C2",1,0,3.7e-24,1,0.4221
"chondrocyte differentiation","MMEA9_C2",1,1,3.7e-24,0,1
"regulation of fibroblast proliferation","MMEA9_C2",0,0,3.7e-24,0,1
"morphogenesis of an epithelial sheet","MMEA9_C2",0,0,3.7e-24,0,1
"microtubule polymerization","MMEA9_C2",1,1,3.7e-24,0,1
"response to virus","MMEA9_C2",3,3,3.7e-24,0,1
"membrane assembly","MMEA9_C2",0,1,3.7e-24,-1,0.4946
"COPII vesicle coating","MMEA9_C2",0,0,3.7e-24,0,1
"erythrocyte differentiation","MMEA9_C2",2,1,3.7e-24,0.584962500721156,0.6765
"organophosphate catabolic process","MMEA9_C2",1,1,3.7e-24,0,1
"regulation of embryonic development","MMEA9_C2",2,1,3.7e-24,0.584962500721156,0.6328
"regulation of focal adhesion assembly","MMEA9_C2",0,0,3.7e-24,0,1
"regulation of cell-substrate junction assembly","MMEA9_C2",0,0,3.7e-24,0,1
"regulation of extracellular matrix organization","MMEA9_C2",0,0,3.7e-24,0,1
"GPI anchor biosynthetic process","MMEA9_C2",0,0,3.7e-24,0,1
"lamellipodium organization","MMEA9_C2",0,1,3.7e-24,-1,0.4445
"positive regulation of stem cell population maintenance","MMEA9_C2",0,0,3.7e-24,0,1
"monosaccharide metabolic process","MMEA9_C2",2,2,3.7e-24,0,1
"U2-type prespliceosome assembly","MMEA9_C2",0,0,3.7e-24,0,1
"heterochromatin formation","MMEA9_C2",3,1,3.7e-24,1,0.5321
"peroxisome organization","MMEA9_C2",1,0,3.7e-24,1,0.3157
"regulation of mitochondrial fission","MMEA9_C2",1,0,3.7e-24,1,0.1964
"cellular pigmentation","MMEA9_C2",0,1,3.7e-24,-1,0.5202
"regulation of fibroblast migration","MMEA9_C2",1,0,3.7e-24,1,0.3306
"cellular carbohydrate metabolic process","MMEA9_C2",2,2,3.7e-24,0,1
"positive regulation of axonogenesis","MMEA9_C2",0,0,3.7e-24,0,1
"kinetochore organization","MMEA9_C2",0,0,3.7e-24,0,1
"stem cell differentiation","MMEA9_C2",1,2,3.7e-24,-0.584962500721156,0.5465
"proton transmembrane transport","MMEA9_C2",0,1,3.7e-24,-1,0.4766
"cellular response to insulin stimulus","MMEA9_C2",3,2,3.7e-24,0.415037499278844,0.7303
"establishment of mitotic spindle localization","MMEA9_C2",0,0,3.7e-24,0,1
"cell redox homeostasis","MMEA9_C2",0,0,3.7e-24,0,1
"stress granule assembly","MMEA9_C2",1,0,3.7e-24,1,0.1946
"protein neddylation","MMEA9_C2",0,0,3.7e-24,0,1
"regulation of mitochondrial membrane potential","MMEA9_C2",1,0,3.7e-24,1,0.3601
"neuron death","MMEA9_C2",3,3,3.7e-24,0,1
"defense response to virus","MMEA9_C2",3,2,3.7e-24,0.415037499278844,0.7243
"sulfur compound metabolic process","MMEA9_C2",0,2,3.7e-24,-1.58496250072116,0.1199
"NADP metabolic process","MMEA9_C2",1,0,3.7e-24,1,0.355
"vacuolar acidification","MMEA9_C2",0,0,3.7e-24,0,1
"oligosaccharide-lipid intermediate biosynthetic process","MMEA9_C2",0,0,3.7e-24,0,1
"lysosomal lumen acidification","MMEA9_C2",0,0,3.7e-24,0,1
"glycosyl compound biosynthetic process","MMEA9_C2",1,0,3.7e-24,1,0.1353
"heart valve development","MMEA9_C2",0,0,3.7e-24,0,1
"water-soluble vitamin metabolic process","MMEA9_C2",1,0,3.7e-24,1,0.458
"interferon-beta production","MMEA9_C2",1,0,3.7e-24,1,0.4145
"regulation of interferon-beta production","MMEA9_C2",0,0,3.7e-24,0,1
"branched-chain amino acid metabolic process","MMEA9_C2",0,0,3.7e-24,0,1
"regulation of mitochondrial membrane permeability","MMEA9_C2",1,1,3.7e-24,0,1
"respiratory tube development","MMEA9_C2",3,1,3.7e-24,1,0.4249
"cellular senescence","MMEA9_C2",0,0,3.7e-24,0,1
"positive regulation of neurogenesis","MMEA9_C2",0,1,3.7e-24,-1,0.4158
"mitochondrial outer membrane permeabilization","MMEA9_C2",0,0,3.7e-24,0,1
"immune system development","MMEA9_C2",0,1,3.7e-24,-1,0.4339
"clathrin-dependent endocytosis","MMEA9_C2",0,0,3.7e-24,0,1
"positive regulation of viral process","MMEA9_C2",0,0,3.7e-24,0,1
"bone development","MMEA9_C2",0,1,3.7e-24,-1,0.415
"cell-substrate adhesion","MMEA9_C2",1,2,3.7e-24,-0.584962500721156,0.5317
"positive regulation of microtubule polymerization","MMEA9_C2",0,0,3.7e-24,0,1
"pteridine-containing compound metabolic process","MMEA9_C2",1,0,3.7e-24,1,0.2229
"response to arsenic-containing substance","MMEA9_C2",0,0,3.7e-24,0,1
"response to insulin","MMEA9_C2",2,2,3.7e-24,0,1
"ubiquinone metabolic process","MMEA9_C2",0,0,3.7e-24,0,1
"cellular response to arsenic-containing substance","MMEA9_C2",0,0,3.7e-24,0,1
"inositol phosphate catabolic process","MMEA9_C2",0,0,3.7e-24,0,1
"telomerase RNA localization to Cajal body","MMEA9_C2",0,0,3.7e-24,0,1
"respiratory system development","MMEA9_C2",0,1,3.7e-24,-1,0.4119
"regulation of generation of precursor metabolites and energy","MMEA9_C2",0,1,3.7e-24,-1,0.4938
"mitochondrial calcium ion homeostasis","MMEA9_C2",0,0,3.7e-24,0,1
"G0 to G1 transition","MMEA9_C2",0,0,3.7e-24,0,1
"mitochondrial genome maintenance","MMEA9_C2",0,0,3.7e-24,0,1
"release of cytochrome c from mitochondria","MMEA9_C2",0,0,3.7e-24,0,1
"cortical cytoskeleton organization","MMEA9_C2",0,0,3.7e-24,0,1
"response to sterol depletion","MMEA9_C2",0,0,3.7e-24,0,1
"regulation of ncRNA transcription","MMEA9_C2",0,0,3.7e-24,0,1
"mesenchymal cell differentiation","MMEA9_C2",1,1,3.7e-24,0,1
"protein-DNA complex subunit organization","MMEA9_C2",2,2,3.7e-24,0,1
"response to fluid shear stress","MMEA9_C2",0,0,3.7e-24,0,1
"collagen fibril organization","MMEA9_C2",0,0,3.7e-24,0,1
"roof of mouth development","MMEA9_C2",0,1,3.7e-24,-1,0.5054
"regulation of protein dephosphorylation","MMEA9_C2",0,1,3.7e-24,-1,0.5259
"multicellular organism growth","MMEA9_C2",0,1,3.7e-24,-1,0.4562
"miRNA processing","MMEA9_C2",0,0,3.7e-24,0,1
"small molecule catabolic process","MMEA9_C2",0,2,3.7e-24,-1.58496250072116,0.1045
"regulation of G0 to G1 transition","MMEA9_C2",0,0,3.7e-24,0,1
"circadian regulation of gene expression","MMEA9_C2",0,1,3.7e-24,-1,0.5028
"regulation of translational fidelity","MMEA9_C2",0,0,3.7e-24,0,1
"ubiquinone biosynthetic process","MMEA9_C2",0,0,3.7e-24,0,1
"mitochondrial calcium ion transmembrane transport","MMEA9_C2",1,0,3.7e-24,1,0.2005
"quinone biosynthetic process","MMEA9_C2",0,0,3.7e-24,0,1
"viral release from host cell","MMEA9_C2",0,0,3.7e-24,0,1
"exit from host cell","MMEA9_C2",0,0,3.7e-24,0,1
"positive regulation of GTPase activity","MMEA9_C2",0,2,3.7e-24,-1.58496250072116,0.1444
"regulation of cytokinesis","MMEA9_C2",0,1,3.7e-24,-1,0.4464
"mitochondrion localization","MMEA9_C2",0,0,3.7e-24,0,1
"renal system development","MMEA9_C2",2,2,3.7e-24,0,1
"regulation of cysteine-type endopeptidase activity involved in apoptotic process","MMEA9_C2",3,1,3.7e-24,1,0.4073
"regulation of cell-substrate adhesion","MMEA9_C2",0,1,3.7e-24,-1,0.4178
"centrosome localization","MMEA9_C2",0,0,3.7e-24,0,1
"microtubule organizing center localization","MMEA9_C2",0,0,3.7e-24,0,1
"pinocytosis","MMEA9_C2",0,0,3.7e-24,0,1
"lamellipodium assembly","MMEA9_C2",1,0,3.7e-24,1,0.4929
"cellular response to sterol depletion","MMEA9_C2",0,0,3.7e-24,0,1
"placenta development","MMEA9_C2",0,1,3.7e-24,-1,0.4077
"rhythmic process","MMEA9_C2",2,2,3.7e-24,0,1
"spindle localization","MMEA9_C2",0,0,3.7e-24,0,1
"carbohydrate derivative catabolic process","MMEA9_C2",0,1,3.7e-24,-1,0.421
"response to amino acid","MMEA9_C2",0,1,3.7e-24,-1,0.4237
"regulation of intracellular steroid hormone receptor signaling pathway","MMEA9_C2",0,1,3.7e-24,-1,0.5191
"regulation of neuron death","MMEA9_C2",1,2,3.7e-24,-0.584962500721156,0.5429
"ossification","MMEA9_C2",3,3,3.7e-24,0,1
"mammary gland epithelial cell proliferation","MMEA9_C2",0,0,3.7e-24,0,1
"ribosomal subunit export from nucleus","MMEA9_C2",0,0,3.7e-24,0,1
"ribosome localization","MMEA9_C2",0,0,3.7e-24,0,1
"protein transport to vacuole involved in ubiquitin-dependent protein catabolic process via the multivesicular body sorting pathway","MMEA9_C2",0,0,3.7e-24,0,1
"seminiferous tubule development","MMEA9_C2",0,0,3.7e-24,0,1
"cellular response to acid chemical","MMEA9_C2",1,1,3.7e-24,0,1
"positive regulation of kinase activity","MMEA9_C2",0,3,3.7e-24,-2,0.0669
"positive regulation by host of viral process","MMEA9_C2",0,0,3.7e-24,0,1
"mitochondrion morphogenesis","MMEA9_C2",0,0,3.7e-24,0,1
"regulation of establishment of cell polarity","MMEA9_C2",0,0,3.7e-24,0,1
"cellular lipid catabolic process","MMEA9_C2",1,1,3.7e-24,0,1
"neuron apoptotic process","MMEA9_C2",0,2,3.7e-24,-1.58496250072116,0.1186
"inner cell mass cell proliferation","MMEA9_C2",0,0,3.7e-24,0,1
"polyamine biosynthetic process","MMEA9_C2",0,0,3.7e-24,0,1
"folic acid metabolic process","MMEA9_C2",0,0,3.7e-24,0,1
"organelle inheritance","MMEA9_C2",0,0,3.7e-24,0,1
"polyol metabolic process","MMEA9_C2",1,1,3.7e-24,0,1
"regulation of type I interferon-mediated signaling pathway","MMEA9_C2",0,0,3.7e-24,0,1
"intracellular lipid transport","MMEA9_C2",0,0,3.7e-24,0,1
"fat cell differentiation","MMEA9_C2",3,1,3.7e-24,1,0.4121
"iron ion homeostasis","MMEA9_C2",0,1,3.7e-24,-1,0.4648
"negative regulation of cell projection organization","MMEA9_C2",1,1,3.7e-24,0,1
"dicarboxylic acid metabolic process","MMEA9_C2",0,1,3.7e-24,-1,0.4344
"regulation of anatomical structure size","MMEA9_C2",3,4,3.7e-24,-0.321928094887362,0.6513
"regulation of small molecule metabolic process","MMEA9_C2",2,2,3.7e-24,0,1
"pentose-phosphate shunt","MMEA9_C2",0,0,3.7e-24,0,1
"pericardium development","MMEA9_C2",0,0,3.7e-24,0,1
"lysosomal protein catabolic process","MMEA9_C2",0,0,3.7e-24,0,1
"carbohydrate derivative transport","MMEA9_C2",0,1,3.7e-24,-1,0.4909
"alcohol biosynthetic process","MMEA9_C2",1,1,3.7e-24,0,1
"regulation of membrane permeability","MMEA9_C2",1,0,3.7e-24,1,0.3978
"signal peptide processing","MMEA9_C2",0,0,3.7e-24,0,1
"UV-damage excision repair","MMEA9_C2",0,0,3.7e-24,0,1
"biological process involved in interaction with host","MMEA9_C2",2,1,3.7e-24,0.584962500721156,0.6834
"body morphogenesis","MMEA9_C2",0,0,3.7e-24,0,1
"extracellular vesicle biogenesis","MMEA9_C2",0,0,3.7e-24,0,1
"negative regulation of defense response to virus","MMEA9_C2",0,0,3.7e-24,0,1
"aminoglycan biosynthetic process","MMEA9_C2",0,1,3.7e-24,-1,0.5348
"sterol biosynthetic process","MMEA9_C2",1,0,3.7e-24,1,0.3699
"polyamine metabolic process","MMEA9_C2",0,0,3.7e-24,0,1
"magnesium ion transport","MMEA9_C2",0,0,3.7e-24,0,1
"lamellipodium morphogenesis","MMEA9_C2",0,0,3.7e-24,0,1
"positive regulation of neuron migration","MMEA9_C2",0,0,3.7e-24,0,1
"regulation of glucose metabolic process","MMEA9_C2",0,1,3.7e-24,-1,0.4822
"monosaccharide biosynthetic process","MMEA9_C2",0,0,3.7e-24,0,1
"response to acid chemical","MMEA9_C2",0,1,3.7e-24,-1,0.4299
"regulation of carbohydrate metabolic process","MMEA9_C2",0,1,3.7e-24,-1,0.4896
"positive regulation of nervous system development","MMEA9_C2",2,2,3.7e-24,0,1
"regulation of circadian rhythm","MMEA9_C2",1,1,3.7e-24,0,1
"trabecula morphogenesis","MMEA9_C2",0,0,3.7e-24,0,1
"pigment accumulation","MMEA9_C2",0,0,3.7e-24,0,1
"cellular pigment accumulation","MMEA9_C2",0,0,3.7e-24,0,1
"regulation of pinocytosis","MMEA9_C2",1,0,3.7e-24,1,0.124
"regulation of ligase activity","MMEA9_C2",0,0,3.7e-24,0,1
"smoothened signaling pathway involved in dorsal/ventral neural tube patterning","MMEA9_C2",1,0,3.7e-24,1,0.0889
"glycosyl compound metabolic process","MMEA9_C2",0,0,3.7e-24,0,1
"substantia nigra development","MMEA9_C2",0,0,3.7e-24,0,1
"negative regulation of GTPase activity","MMEA9_C2",0,0,3.7e-24,0,1
"axon extension","MMEA9_C2",1,1,3.7e-24,0,1
"positive regulation of epithelial to mesenchymal transition","MMEA9_C2",1,0,3.7e-24,1,0.2588
"one-carbon metabolic process","MMEA9_C2",0,0,3.7e-24,0,1
"NADPH regeneration","MMEA9_C2",0,0,3.7e-24,0,1
"cellular response to dsRNA","MMEA9_C2",0,0,3.7e-24,0,1
"neuron projection organization","MMEA9_C2",0,1,3.7e-24,-1,0.4437
"postsynapse organization","MMEA9_C2",3,1,3.7e-24,1,0.4135
"regulation of ketone biosynthetic process","MMEA9_C2",0,0,3.7e-24,0,1
"mitochondrion distribution","MMEA9_C2",0,0,3.7e-24,0,1
"regulation of autophagosome maturation","MMEA9_C2",0,0,3.7e-24,0,1
"magnesium ion transmembrane transport","MMEA9_C2",1,0,3.7e-24,1,0.0994
"regulation of cell division","MMEA9_C2",1,1,3.7e-24,0,1
"intermembrane lipid transfer","MMEA9_C2",0,0,3.7e-24,0,1
"organophosphate ester transport","MMEA9_C2",0,1,3.7e-24,-1,0.4514
"movement in host","MMEA9_C2",1,1,3.7e-24,0,1
"extracellular matrix assembly","MMEA9_C2",0,0,3.7e-24,0,1
"cellular metabolic compound salvage","MMEA9_C2",0,0,3.7e-24,0,1
"regulation of ATP-dependent activity","MMEA9_C2",0,0,3.7e-24,0,1
"cell migration involved in heart development","MMEA9_C2",0,0,3.7e-24,0,1
"cellular response to fluid shear stress","MMEA9_C2",0,0,3.7e-24,0,1
"sphingomyelin biosynthetic process","MMEA9_C2",0,0,3.7e-24,0,1
"ether lipid biosynthetic process","MMEA9_C2",0,0,3.7e-24,0,1
"embryonic body morphogenesis","MMEA9_C2",0,0,3.7e-24,0,1
"amino sugar biosynthetic process","MMEA9_C2",0,0,3.7e-24,0,1
"glycerol ether biosynthetic process","MMEA9_C2",0,0,3.7e-24,0,1
"pigmentation","MMEA9_C2",2,0,3.7e-24,1.58496250072116,0.1361
"cellular response to ketone","MMEA9_C2",0,0,3.7e-24,0,1
"nonribosomal peptide biosynthetic process","MMEA9_C2",0,0,3.7e-24,0,1
"glial cell apoptotic process","MMEA9_C2",0,0,3.7e-24,0,1
"lipoprotein catabolic process","MMEA9_C2",1,0,3.7e-24,1,0.1109
"suppression of viral release by host","MMEA9_C2",0,0,3.7e-24,0,1
"chaperone-mediated autophagy","MMEA9_C2",0,0,3.7e-24,0,1
"regulation of steroid hormone biosynthetic process","MMEA9_C2",0,0,3.7e-24,0,1
"synaptic vesicle lumen acidification","MMEA9_C2",0,0,3.7e-24,0,1
"semaphorin-plexin signaling pathway involved in neuron projection guidance","MMEA9_C2",0,0,3.7e-24,0,1
"regulation of Golgi organization","MMEA9_C2",0,0,3.7e-24,0,1
"Schwann cell differentiation","MMEA9_C2",0,0,3.7e-24,0,1
"neurotrophin signaling pathway","MMEA9_C2",0,0,3.7e-24,0,1
"regulation of microtubule depolymerization","MMEA9_C2",0,0,3.7e-24,0,1
"basement membrane organization","MMEA9_C2",1,0,3.7e-24,1,0.1544
"establishment or maintenance of epithelial cell apical/basal polarity","MMEA9_C2",1,0,3.7e-24,1,0.4908
"face development","MMEA9_C2",0,0,3.7e-24,0,1
"osteoblast differentiation","MMEA9_C2",1,2,3.7e-24,-0.584962500721156,0.5603
"appendage development","MMEA9_C2",1,1,3.7e-24,0,1
"limb development","MMEA9_C2",0,1,3.7e-24,-1,0.4321
"regulation of ATP metabolic process","MMEA9_C2",0,0,3.7e-24,0,1
"developmental growth involved in morphogenesis","MMEA9_C2",2,2,3.7e-24,0,1
"embryonic organ development","MMEA9_C2",3,3,3.7e-24,0,1
"negative regulation of growth","MMEA9_C2",1,2,3.7e-24,-0.584962500721156,0.58
"microtubule depolymerization","MMEA9_C2",0,0,3.7e-24,0,1
"heme metabolic process","MMEA9_C2",0,0,3.7e-24,0,1
"regulation of neuron apoptotic process","MMEA9_C2",1,2,3.7e-24,-0.584962500721156,0.5744
"plasma membrane tubulation","MMEA9_C2",2,0,3.7e-24,1.58496250072116,0.0335
"exosomal secretion","MMEA9_C2",0,0,3.7e-24,0,1
"vasculogenesis","MMEA9_C2",0,0,3.7e-24,0,1
"toxin transport","MMEA9_C2",0,0,3.7e-24,0,1
"ncRNA processing","MMEA9_C3",3,5,3.7e-24,-0.584962500721156,0.3091
"ribosome biogenesis","MMEA9_C3",4,3,3.7e-24,0.321928094887362,0.7754
"rRNA metabolic process","MMEA9_C3",5,3,3.7e-24,0.584962500721156,0.4152
"proteasome-mediated ubiquitin-dependent protein catabolic process","MMEA9_C3",1,4,3.7e-24,-1.32192809488736,0.0578
"regulation of response to DNA damage stimulus","MMEA9_C3",3,4,3.7e-24,-0.321928094887362,0.6439
"establishment of protein localization to organelle","MMEA9_C3",3,5,3.7e-24,-0.584962500721156,0.3579
"macroautophagy","MMEA9_C3",1,3,3.7e-24,-1,0.2296
"regulation of chromosome organization","MMEA9_C3",1,3,3.7e-24,-1,0.2617
"Golgi vesicle transport","MMEA9_C3",2,4,3.7e-24,-0.736965594166206,0.2823
"double-strand break repair","MMEA9_C3",2,4,3.7e-24,-0.736965594166206,0.3184
"histone modification","MMEA9_C3",2,5,3.7e-24,-1,0.1135
"sister chromatid segregation","MMEA9_C3",1,3,3.7e-24,-1,0.2457
"DNA replication","MMEA9_C3",1,3,3.7e-24,-1,0.2203
"chromosome segregation","MMEA9_C3",2,5,3.7e-24,-1,0.1124
"mitochondrial gene expression","MMEA9_C3",1,2,3.7e-24,-0.584962500721156,0.547
"nucleocytoplasmic transport","MMEA9_C3",0,3,3.7e-24,-2,0.0585
"nuclear transport","MMEA9_C3",4,4,3.7e-24,0,1
"regulation of DNA repair","MMEA9_C3",0,2,3.7e-24,-1.58496250072116,0.0839
"peptidyl-lysine modification","MMEA9_C3",1,4,3.7e-24,-1.32192809488736,0.104
"protein targeting","MMEA9_C3",3,4,3.7e-24,-0.321928094887362,0.6345
"cytoplasmic translation","MMEA9_C3",2,2,3.7e-24,0,1
"regulation of autophagy","MMEA9_C3",4,4,3.7e-24,0,1
"signal transduction in response to DNA damage","MMEA9_C3",1,3,3.7e-24,-1,0.2675
"regulation of intracellular transport","MMEA9_C3",2,3,3.7e-24,-0.415037499278844,0.6053
"protein localization to nucleus","MMEA9_C3",2,3,3.7e-24,-0.415037499278844,0.6181
"microtubule cytoskeleton organization involved in mitosis","MMEA9_C3",1,1,3.7e-24,0,1
"telomere maintenance","MMEA9_C3",3,2,3.7e-24,0.415037499278844,0.7251
"cell cycle checkpoint signaling","MMEA9_C3",2,2,3.7e-24,0,1
"regulation of protein modification by small protein conjugation or removal","MMEA9_C3",4,2,3.7e-24,0.736965594166206,0.3192
"cellular respiration","MMEA9_C3",3,3,3.7e-24,0,1
"cellular component disassembly","MMEA9_C3",3,5,3.7e-24,-0.584962500721156,0.2952
"nuclear chromosome segregation","MMEA9_C3",2,3,3.7e-24,-0.415037499278844,0.5949
"regulation of protein stability","MMEA9_C3",4,4,3.7e-24,0,1
"regulation of cell cycle phase transition","MMEA9_C3",5,6,3.7e-24,-0.222392421336448,0.711
"regulation of protein catabolic process","MMEA9_C3",1,4,3.7e-24,-1.32192809488736,0.0559
"response to endoplasmic reticulum stress","MMEA9_C3",4,3,3.7e-24,0.321928094887362,0.7762
"vesicle organization","MMEA9_C3",3,4,3.7e-24,-0.321928094887362,0.645
"mitochondrial respiratory chain complex assembly","MMEA9_C3",1,1,3.7e-24,0,1
"DNA-templated transcription elongation","MMEA9_C3",2,2,3.7e-24,0,1
"mitochondrial transport","MMEA9_C3",2,3,3.7e-24,-0.415037499278844,0.6196
"establishment of organelle localization","MMEA9_C3",2,5,3.7e-24,-1,0.1545
"regulation of intracellular protein transport","MMEA9_C3",1,2,3.7e-24,-0.584962500721156,0.524
"response to UV","MMEA9_C3",0,2,3.7e-24,-1.58496250072116,0.1395
"RNA localization","MMEA9_C3",1,2,3.7e-24,-0.584962500721156,0.5347
"response to topologically incorrect protein","MMEA9_C3",0,2,3.7e-24,-1.58496250072116,0.1535
"organelle fission","MMEA9_C3",1,5,3.7e-24,-1.58496250072116,0.0323
"non-membrane-bounded organelle assembly","MMEA9_C3",2,4,3.7e-24,-0.736965594166206,0.2752
"protein polyubiquitination","MMEA9_C3",0,3,3.7e-24,-2,0.0407
"methylation","MMEA9_C3",1,4,3.7e-24,-1.32192809488736,0.1027
"phospholipid biosynthetic process","MMEA9_C3",2,3,3.7e-24,-0.415037499278844,0.6038
"oxidative phosphorylation","MMEA9_C3",4,2,3.7e-24,0.736965594166206,0.2739
"establishment of protein localization to membrane","MMEA9_C3",3,3,3.7e-24,0,1
"in utero embryonic development","MMEA9_C3",1,4,3.7e-24,-1.32192809488736,0.0582
"vacuole organization","MMEA9_C3",0,2,3.7e-24,-1.58496250072116,0.0873
"nuclear-transcribed mRNA catabolic process","MMEA9_C3",0,1,3.7e-24,-1,0.4203
"protein folding","MMEA9_C3",1,3,3.7e-24,-1,0.2757
"DNA conformation change","MMEA9_C3",0,1,3.7e-24,-1,0.4652
"regulation of chromosome segregation","MMEA9_C3",2,1,3.7e-24,0.584962500721156,0.6798
"regulation of apoptotic signaling pathway","MMEA9_C3",2,4,3.7e-24,-0.736965594166206,0.255
"cell cycle G2/M phase transition","MMEA9_C3",1,2,3.7e-24,-0.584962500721156,0.5669
"vacuolar transport","MMEA9_C3",1,2,3.7e-24,-0.584962500721156,0.5299
"response to ionizing radiation","MMEA9_C3",0,1,3.7e-24,-1,0.4205
"cellular response to UV","MMEA9_C3",0,1,3.7e-24,-1,0.4987
"regulation of binding","MMEA9_C3",3,4,3.7e-24,-0.321928094887362,0.6609
"nucleic acid transport","MMEA9_C3",2,2,3.7e-24,0,1
"RNA transport","MMEA9_C3",0,2,3.7e-24,-1.58496250072116,0.1176
"ribonucleoprotein complex subunit organization","MMEA9_C3",2,3,3.7e-24,-0.415037499278844,0.6036
"regulation of DNA replication","MMEA9_C3",2,2,3.7e-24,0,1
"ribose phosphate metabolic process","MMEA9_C3",3,5,3.7e-24,-0.584962500721156,0.3369
"proton motive force-driven ATP synthesis","MMEA9_C3",0,1,3.7e-24,-1,0.4779
"ribonucleotide metabolic process","MMEA9_C3",1,4,3.7e-24,-1.32192809488736,0.0695
"telomere organization","MMEA9_C3",1,2,3.7e-24,-0.584962500721156,0.5422
"cellular response to topologically incorrect protein","MMEA9_C3",0,1,3.7e-24,-1,0.4159
"Golgi organization","MMEA9_C3",0,1,3.7e-24,-1,0.4194
"ribonucleoprotein complex assembly","MMEA9_C3",0,2,3.7e-24,-1.58496250072116,0.0993
"cellular nitrogen compound catabolic process","MMEA9_C3",1,5,3.7e-24,-1.58496250072116,0.0456
"negative regulation of phosphorus metabolic process","MMEA9_C3",2,4,3.7e-24,-0.736965594166206,0.3013
"heterocycle catabolic process","MMEA9_C3",5,4,3.7e-24,0.263034405833794,0.8059
"mitochondrial membrane organization","MMEA9_C3",1,1,3.7e-24,0,1
"regulation of protein-containing complex assembly","MMEA9_C3",2,3,3.7e-24,-0.415037499278844,0.5874
"positive regulation of cellular component biogenesis","MMEA9_C3",0,5,3.7e-24,-2.58496250072116,0.0069
"response to oxidative stress","MMEA9_C3",3,4,3.7e-24,-0.321928094887362,0.6442
"regulation of supramolecular fiber organization","MMEA9_C3",1,4,3.7e-24,-1.32192809488736,0.0899
"positive regulation of protein localization","MMEA9_C3",1,4,3.7e-24,-1.32192809488736,0.0605
"positive regulation of cell projection organization","MMEA9_C3",4,3,3.7e-24,0.321928094887362,0.7808
"negative regulation of transferase activity","MMEA9_C3",0,2,3.7e-24,-1.58496250072116,0.0709
"autophagy of mitochondrion","MMEA9_C3",1,1,3.7e-24,0,1
"positive regulation of amide metabolic process","MMEA9_C3",0,2,3.7e-24,-1.58496250072116,0.0801
"chromatin remodeling","MMEA9_C3",2,4,3.7e-24,-0.736965594166206,0.2701
"viral process","MMEA9_C3",0,3,3.7e-24,-2,0.0328
"macromolecule deacylation","MMEA9_C3",1,1,3.7e-24,0,1
"mitotic cytokinesis","MMEA9_C3",0,1,3.7e-24,-1,0.4762
"aromatic compound catabolic process","MMEA9_C3",2,6,3.7e-24,-1.22239242133645,0.0693
"vesicle localization","MMEA9_C3",0,2,3.7e-24,-1.58496250072116,0.0827
"establishment or maintenance of cell polarity","MMEA9_C3",2,3,3.7e-24,-0.415037499278844,0.6278
"Wnt signaling pathway","MMEA9_C3",5,5,3.7e-24,0,1
"cell-cell signaling by wnt","MMEA9_C3",4,4,3.7e-24,0,1
"ATP metabolic process","MMEA9_C3",0,2,3.7e-24,-1.58496250072116,0.0901
"cellular response to chemical stress","MMEA9_C3",2,4,3.7e-24,-0.736965594166206,0.3078
"regulation of vacuole organization","MMEA9_C3",0,0,3.7e-24,0,1
"cellular response to external stimulus","MMEA9_C3",0,3,3.7e-24,-2,0.0389
"negative regulation of protein phosphorylation","MMEA9_C3",2,3,3.7e-24,-0.415037499278844,0.6182
"negative regulation of catabolic process","MMEA9_C3",1,3,3.7e-24,-1,0.2194
"regulation of microtubule cytoskeleton organization","MMEA9_C3",0,1,3.7e-24,-1,0.4101
"chromosome localization","MMEA9_C3",0,1,3.7e-24,-1,0.4079
"negative regulation of mitotic nuclear division","MMEA9_C3",0,0,3.7e-24,0,1
"regulation of actin filament organization","MMEA9_C3",0,2,3.7e-24,-1.58496250072116,0.0829
"dephosphorylation","MMEA9_C3",1,4,3.7e-24,-1.32192809488736,0.0969
"glycosylation","MMEA9_C3",0,2,3.7e-24,-1.58496250072116,0.0812
"positive regulation of establishment of protein localization","MMEA9_C3",0,3,3.7e-24,-2,0.0464
"regulation of microtubule-based process","MMEA9_C3",1,2,3.7e-24,-0.584962500721156,0.5326
"cell-substrate junction organization","MMEA9_C3",1,1,3.7e-24,0,1
"protein-containing complex localization","MMEA9_C3",0,3,3.7e-24,-2,0.0714
"mitochondrial transmembrane transport","MMEA9_C3",0,1,3.7e-24,-1,0.4112
"stem cell population maintenance","MMEA9_C3",3,1,3.7e-24,1,0.4145
"ribosome assembly","MMEA9_C3",2,1,3.7e-24,0.584962500721156,0.6412
"intraciliary transport","MMEA9_C3",1,1,3.7e-24,0,1
"Golgi to plasma membrane protein transport","MMEA9_C3",0,0,3.7e-24,0,1
"response to amino acid starvation","MMEA9_C3",1,1,3.7e-24,0,1
"cellular response to extracellular stimulus","MMEA9_C3",0,2,3.7e-24,-1.58496250072116,0.0854
"cell growth","MMEA9_C3",1,4,3.7e-24,-1.32192809488736,0.0547
"protein glycosylation","MMEA9_C3",2,3,3.7e-24,-0.415037499278844,0.5954
"macromolecule glycosylation","MMEA9_C3",4,2,3.7e-24,0.736965594166206,0.3102
"maintenance of cell number","MMEA9_C3",2,2,3.7e-24,0,1
"response to reactive oxygen species","MMEA9_C3",2,2,3.7e-24,0,1
"regulation of cell morphogenesis","MMEA9_C3",1,2,3.7e-24,-0.584962500721156,0.5288
"regulation of cellular component size","MMEA9_C3",4,4,3.7e-24,0,1
"cell-substrate junction assembly","MMEA9_C3",0,1,3.7e-24,-1,0.4498
"membrane fission","MMEA9_C3",0,0,3.7e-24,0,1
"membrane docking","MMEA9_C3",2,1,3.7e-24,0.584962500721156,0.6368
"fibroblast migration","MMEA9_C3",0,0,3.7e-24,0,1
"nucleus organization","MMEA9_C3",1,1,3.7e-24,0,1
"regulation of cell growth","MMEA9_C3",1,4,3.7e-24,-1.32192809488736,0.0665
"fibroblast proliferation","MMEA9_C3",1,1,3.7e-24,0,1
"cell cycle G1/S phase transition","MMEA9_C3",2,3,3.7e-24,-0.415037499278844,0.6037
"actin filament organization","MMEA9_C3",4,4,3.7e-24,0,1
"response to oxygen levels","MMEA9_C3",3,4,3.7e-24,-0.321928094887362,0.6658
"epigenetic regulation of gene expression","MMEA9_C3",1,2,3.7e-24,-0.584962500721156,0.5732
"organelle fusion","MMEA9_C3",1,1,3.7e-24,0,1
"lipoprotein metabolic process","MMEA9_C3",2,1,3.7e-24,0.584962500721156,0.6705
"protein lipidation","MMEA9_C3",0,1,3.7e-24,-1,0.4197
"regulation of plasma membrane bounded cell projection assembly","MMEA9_C3",0,3,3.7e-24,-2,0.0603
"regulation of actin filament-based process","MMEA9_C3",2,4,3.7e-24,-0.736965594166206,0.2889
"regulation of GTPase activity","MMEA9_C3",5,3,3.7e-24,0.584962500721156,0.3971
"nuclear envelope organization","MMEA9_C3",0,1,3.7e-24,-1,0.4534
"protein autophosphorylation","MMEA9_C3",0,2,3.7e-24,-1.58496250072116,0.1054
"connective tissue development","MMEA9_C3",0,3,3.7e-24,-2,0.0554
"cellular response to heat","MMEA9_C3",0,0,3.7e-24,0,1
"myeloid cell homeostasis","MMEA9_C3",1,2,3.7e-24,-0.584962500721156,0.5356
"regulation of neuron projection development","MMEA9_C3",6,4,3.7e-24,0.485426827170242,0.4545
"receptor metabolic process","MMEA9_C3",1,1,3.7e-24,0,1
"maintenance of protein location in cell","MMEA9_C3",0,0,3.7e-24,0,1
"apoptotic mitochondrial changes","MMEA9_C3",2,1,3.7e-24,0.584962500721156,0.6528
"response to transforming growth factor beta","MMEA9_C3",2,2,3.7e-24,0,1
"neural tube development","MMEA9_C3",0,1,3.7e-24,-1,0.4185
"maintenance of protein location","MMEA9_C3",1,1,3.7e-24,0,1
"regulation of ubiquitin-protein transferase activity","MMEA9_C3",0,0,3.7e-24,0,1
"cilium assembly","MMEA9_C3",1,3,3.7e-24,-1,0.1934
"mRNA export from nucleus","MMEA9_C3",0,0,3.7e-24,0,1
"regulation of cell-substrate junction organization","MMEA9_C3",0,0,3.7e-24,0,1
"membrane biogenesis","MMEA9_C3",0,1,3.7e-24,-1,0.5088
"cilium organization","MMEA9_C3",0,4,3.7e-24,-2.32192809488736,0.0115
"platelet-derived growth factor receptor signaling pathway","MMEA9_C3",1,1,3.7e-24,0,1
"iron-sulfur cluster assembly","MMEA9_C3",1,0,3.7e-24,1,0.4992
"metallo-sulfur cluster assembly","MMEA9_C3",0,0,3.7e-24,0,1
"centromere complex assembly","MMEA9_C3",0,0,3.7e-24,0,1
"cellular response to oxygen levels","MMEA9_C3",0,2,3.7e-24,-1.58496250072116,0.1841
"fatty acid beta-oxidation","MMEA9_C3",0,1,3.7e-24,-1,0.5249
"organelle localization by membrane tethering","MMEA9_C3",1,0,3.7e-24,1,0.4451
"autophagosome maturation","MMEA9_C3",0,0,3.7e-24,0,1
"cellular response to transforming growth factor beta stimulus","MMEA9_C3",1,3,3.7e-24,-1,0.2263
"nucleotide catabolic process","MMEA9_C3",0,1,3.7e-24,-1,0.4298
"tube closure","MMEA9_C3",1,1,3.7e-24,0,1
"regulation of stem cell differentiation","MMEA9_C3",0,1,3.7e-24,-1,0.4719
"substrate adhesion-dependent cell spreading","MMEA9_C3",0,1,3.7e-24,-1,0.4497
"chondrocyte differentiation","MMEA9_C3",2,2,3.7e-24,0,1
"regulation of fibroblast proliferation","MMEA9_C3",1,0,3.7e-24,1,0.4931
"morphogenesis of an epithelial sheet","MMEA9_C3",0,0,3.7e-24,0,1
"microtubule polymerization","MMEA9_C3",0,1,3.7e-24,-1,0.4438
"response to virus","MMEA9_C3",1,3,3.7e-24,-1,0.1975
"membrane assembly","MMEA9_C3",0,1,3.7e-24,-1,0.4561
"COPII vesicle coating","MMEA9_C3",0,0,3.7e-24,0,1
"erythrocyte differentiation","MMEA9_C3",1,2,3.7e-24,-0.584962500721156,0.5497
"organophosphate catabolic process","MMEA9_C3",1,2,3.7e-24,-0.584962500721156,0.5285
"regulation of embryonic development","MMEA9_C3",1,1,3.7e-24,0,1
"regulation of focal adhesion assembly","MMEA9_C3",0,0,3.7e-24,0,1
"regulation of cell-substrate junction assembly","MMEA9_C3",0,0,3.7e-24,0,1
"regulation of extracellular matrix organization","MMEA9_C3",0,0,3.7e-24,0,1
"GPI anchor biosynthetic process","MMEA9_C3",0,0,3.7e-24,0,1
"lamellipodium organization","MMEA9_C3",0,1,3.7e-24,-1,0.4159
"positive regulation of stem cell population maintenance","MMEA9_C3",0,0,3.7e-24,0,1
"monosaccharide metabolic process","MMEA9_C3",1,3,3.7e-24,-1,0.2686
"U2-type prespliceosome assembly","MMEA9_C3",0,0,3.7e-24,0,1
"heterochromatin formation","MMEA9_C3",0,1,3.7e-24,-1,0.4674
"peroxisome organization","MMEA9_C3",0,0,3.7e-24,0,1
"regulation of mitochondrial fission","MMEA9_C3",0,0,3.7e-24,0,1
"cellular pigmentation","MMEA9_C3",0,1,3.7e-24,-1,0.4373
"regulation of fibroblast migration","MMEA9_C3",0,1,3.7e-24,-1,0.5343
"cellular carbohydrate metabolic process","MMEA9_C3",0,3,3.7e-24,-2,0.0384
"positive regulation of axonogenesis","MMEA9_C3",0,1,3.7e-24,-1,0.4967
"kinetochore organization","MMEA9_C3",0,0,3.7e-24,0,1
"stem cell differentiation","MMEA9_C3",3,3,3.7e-24,0,1
"proton transmembrane transport","MMEA9_C3",1,1,3.7e-24,0,1
"cellular response to insulin stimulus","MMEA9_C3",1,2,3.7e-24,-0.584962500721156,0.5311
"establishment of mitotic spindle localization","MMEA9_C3",0,0,3.7e-24,0,1
"cell redox homeostasis","MMEA9_C3",0,0,3.7e-24,0,1
"stress granule assembly","MMEA9_C3",0,0,3.7e-24,0,1
"protein neddylation","MMEA9_C3",0,0,3.7e-24,0,1
"regulation of mitochondrial membrane potential","MMEA9_C3",2,0,3.7e-24,1.58496250072116,0.1074
"neuron death","MMEA9_C3",1,4,3.7e-24,-1.32192809488736,0.0777
"defense response to virus","MMEA9_C3",0,3,3.7e-24,-2,0.0328
"sulfur compound metabolic process","MMEA9_C3",2,3,3.7e-24,-0.415037499278844,0.6307
"NADP metabolic process","MMEA9_C3",0,0,3.7e-24,0,1
"vacuolar acidification","MMEA9_C3",0,0,3.7e-24,0,1
"oligosaccharide-lipid intermediate biosynthetic process","MMEA9_C3",0,0,3.7e-24,0,1
"lysosomal lumen acidification","MMEA9_C3",0,0,3.7e-24,0,1
"glycosyl compound biosynthetic process","MMEA9_C3",0,0,3.7e-24,0,1
"heart valve development","MMEA9_C3",0,0,3.7e-24,0,1
"water-soluble vitamin metabolic process","MMEA9_C3",0,1,3.7e-24,-1,0.5111
"interferon-beta production","MMEA9_C3",0,0,3.7e-24,0,1
"regulation of interferon-beta production","MMEA9_C3",0,1,3.7e-24,-1,0.5089
"branched-chain amino acid metabolic process","MMEA9_C3",0,0,3.7e-24,0,1
"regulation of mitochondrial membrane permeability","MMEA9_C3",1,1,3.7e-24,0,1
"respiratory tube development","MMEA9_C3",0,2,3.7e-24,-1.58496250072116,0.1807
"cellular senescence","MMEA9_C3",0,1,3.7e-24,-1,0.4814
"positive regulation of neurogenesis","MMEA9_C3",0,2,3.7e-24,-1.58496250072116,0.1009
"mitochondrial outer membrane permeabilization","MMEA9_C3",0,0,3.7e-24,0,1
"immune system development","MMEA9_C3",1,1,3.7e-24,0,1
"clathrin-dependent endocytosis","MMEA9_C3",0,0,3.7e-24,0,1
"positive regulation of viral process","MMEA9_C3",1,1,3.7e-24,0,1
"bone development","MMEA9_C3",0,2,3.7e-24,-1.58496250072116,0.1781
"cell-substrate adhesion","MMEA9_C3",3,3,3.7e-24,0,1
"positive regulation of microtubule polymerization","MMEA9_C3",0,0,3.7e-24,0,1
"pteridine-containing compound metabolic process","MMEA9_C3",0,0,3.7e-24,0,1
"response to arsenic-containing substance","MMEA9_C3",0,0,3.7e-24,0,1
"response to insulin","MMEA9_C3",0,2,3.7e-24,-1.58496250072116,0.0753
"ubiquinone metabolic process","MMEA9_C3",0,0,3.7e-24,0,1
"cellular response to arsenic-containing substance","MMEA9_C3",0,0,3.7e-24,0,1
"inositol phosphate catabolic process","MMEA9_C3",0,0,3.7e-24,0,1
"telomerase RNA localization to Cajal body","MMEA9_C3",0,0,3.7e-24,0,1
"respiratory system development","MMEA9_C3",2,2,3.7e-24,0,1
"regulation of generation of precursor metabolites and energy","MMEA9_C3",0,1,3.7e-24,-1,0.4284
"mitochondrial calcium ion homeostasis","MMEA9_C3",0,0,3.7e-24,0,1
"G0 to G1 transition","MMEA9_C3",0,0,3.7e-24,0,1
"mitochondrial genome maintenance","MMEA9_C3",0,0,3.7e-24,0,1
"release of cytochrome c from mitochondria","MMEA9_C3",0,0,3.7e-24,0,1
"cortical cytoskeleton organization","MMEA9_C3",0,0,3.7e-24,0,1
"response to sterol depletion","MMEA9_C3",0,0,3.7e-24,0,1
"regulation of ncRNA transcription","MMEA9_C3",0,0,3.7e-24,0,1
"mesenchymal cell differentiation","MMEA9_C3",2,2,3.7e-24,0,1
"protein-DNA complex subunit organization","MMEA9_C3",1,2,3.7e-24,-0.584962500721156,0.5211
"response to fluid shear stress","MMEA9_C3",0,0,3.7e-24,0,1
"collagen fibril organization","MMEA9_C3",0,0,3.7e-24,0,1
"roof of mouth development","MMEA9_C3",0,1,3.7e-24,-1,0.5155
"regulation of protein dephosphorylation","MMEA9_C3",1,1,3.7e-24,0,1
"multicellular organism growth","MMEA9_C3",1,1,3.7e-24,0,1
"miRNA processing","MMEA9_C3",0,0,3.7e-24,0,1
"small molecule catabolic process","MMEA9_C3",1,3,3.7e-24,-1,0.2119
"regulation of G0 to G1 transition","MMEA9_C3",0,0,3.7e-24,0,1
"circadian regulation of gene expression","MMEA9_C3",1,1,3.7e-24,0,1
"regulation of translational fidelity","MMEA9_C3",0,0,3.7e-24,0,1
"ubiquinone biosynthetic process","MMEA9_C3",0,0,3.7e-24,0,1
"mitochondrial calcium ion transmembrane transport","MMEA9_C3",0,0,3.7e-24,0,1
"quinone biosynthetic process","MMEA9_C3",0,0,3.7e-24,0,1
"viral release from host cell","MMEA9_C3",0,0,3.7e-24,0,1
"exit from host cell","MMEA9_C3",0,0,3.7e-24,0,1
"positive regulation of GTPase activity","MMEA9_C3",0,2,3.7e-24,-1.58496250072116,0.1051
"regulation of cytokinesis","MMEA9_C3",0,1,3.7e-24,-1,0.4492
"mitochondrion localization","MMEA9_C3",0,1,3.7e-24,-1,0.5127
"renal system development","MMEA9_C3",1,3,3.7e-24,-1,0.232
"regulation of cysteine-type endopeptidase activity involved in apoptotic process","MMEA9_C3",4,2,3.7e-24,0.736965594166206,0.2723
"regulation of cell-substrate adhesion","MMEA9_C3",0,2,3.7e-24,-1.58496250072116,0.1616
"centrosome localization","MMEA9_C3",0,0,3.7e-24,0,1
"microtubule organizing center localization","MMEA9_C3",0,0,3.7e-24,0,1
"pinocytosis","MMEA9_C3",0,0,3.7e-24,0,1
"lamellipodium assembly","MMEA9_C3",0,1,3.7e-24,-1,0.5256
"cellular response to sterol depletion","MMEA9_C3",0,0,3.7e-24,0,1
"placenta development","MMEA9_C3",1,2,3.7e-24,-0.584962500721156,0.5564
"rhythmic process","MMEA9_C3",1,3,3.7e-24,-1,0.1983
"spindle localization","MMEA9_C3",0,0,3.7e-24,0,1
"carbohydrate derivative catabolic process","MMEA9_C3",0,2,3.7e-24,-1.58496250072116,0.1568
"response to amino acid","MMEA9_C3",2,1,3.7e-24,0.584962500721156,0.6751
"regulation of intracellular steroid hormone receptor signaling pathway","MMEA9_C3",1,1,3.7e-24,0,1
"regulation of neuron death","MMEA9_C3",2,2,3.7e-24,0,1
"ossification","MMEA9_C3",3,5,3.7e-24,-0.584962500721156,0.3591
"mammary gland epithelial cell proliferation","MMEA9_C3",0,0,3.7e-24,0,1
"ribosomal subunit export from nucleus","MMEA9_C3",0,0,3.7e-24,0,1
"ribosome localization","MMEA9_C3",0,0,3.7e-24,0,1
"protein transport to vacuole involved in ubiquitin-dependent protein catabolic process via the multivesicular body sorting pathway","MMEA9_C3",0,0,3.7e-24,0,1
"seminiferous tubule development","MMEA9_C3",0,0,3.7e-24,0,1
"cellular response to acid chemical","MMEA9_C3",1,1,3.7e-24,0,1
"positive regulation of kinase activity","MMEA9_C3",1,4,3.7e-24,-1.32192809488736,0.1114
"positive regulation by host of viral process","MMEA9_C3",0,0,3.7e-24,0,1
"mitochondrion morphogenesis","MMEA9_C3",1,0,3.7e-24,1,0.1729
"regulation of establishment of cell polarity","MMEA9_C3",0,0,3.7e-24,0,1
"cellular lipid catabolic process","MMEA9_C3",0,2,3.7e-24,-1.58496250072116,0.1359
"neuron apoptotic process","MMEA9_C3",1,3,3.7e-24,-1,0.2381
"inner cell mass cell proliferation","MMEA9_C3",0,0,3.7e-24,0,1
"polyamine biosynthetic process","MMEA9_C3",0,0,3.7e-24,0,1
"folic acid metabolic process","MMEA9_C3",0,0,3.7e-24,0,1
"organelle inheritance","MMEA9_C3",1,0,3.7e-24,1,0.2733
"polyol metabolic process","MMEA9_C3",0,2,3.7e-24,-1.58496250072116,0.1785
"regulation of type I interferon-mediated signaling pathway","MMEA9_C3",1,0,3.7e-24,1,0.3059
"intracellular lipid transport","MMEA9_C3",0,0,3.7e-24,0,1
"fat cell differentiation","MMEA9_C3",1,2,3.7e-24,-0.584962500721156,0.5411
"iron ion homeostasis","MMEA9_C3",3,1,3.7e-24,1,0.4119
"negative regulation of cell projection organization","MMEA9_C3",0,1,3.7e-24,-1,0.4166
"dicarboxylic acid metabolic process","MMEA9_C3",1,1,3.7e-24,0,1
"regulation of anatomical structure size","MMEA9_C3",2,5,3.7e-24,-1,0.1116
"regulation of small molecule metabolic process","MMEA9_C3",1,3,3.7e-24,-1,0.268
"pentose-phosphate shunt","MMEA9_C3",0,0,3.7e-24,0,1
"pericardium development","MMEA9_C3",0,0,3.7e-24,0,1
"lysosomal protein catabolic process","MMEA9_C3",0,0,3.7e-24,0,1
"carbohydrate derivative transport","MMEA9_C3",0,1,3.7e-24,-1,0.4128
"alcohol biosynthetic process","MMEA9_C3",1,2,3.7e-24,-0.584962500721156,0.5656
"regulation of membrane permeability","MMEA9_C3",1,1,3.7e-24,0,1
"signal peptide processing","MMEA9_C3",0,0,3.7e-24,0,1
"UV-damage excision repair","MMEA9_C3",0,0,3.7e-24,0,1
"biological process involved in interaction with host","MMEA9_C3",0,2,3.7e-24,-1.58496250072116,0.1318
"body morphogenesis","MMEA9_C3",0,0,3.7e-24,0,1
"extracellular vesicle biogenesis","MMEA9_C3",0,0,3.7e-24,0,1
"negative regulation of defense response to virus","MMEA9_C3",0,0,3.7e-24,0,1
"aminoglycan biosynthetic process","MMEA9_C3",1,1,3.7e-24,0,1
"sterol biosynthetic process","MMEA9_C3",1,0,3.7e-24,1,0.3918
"polyamine metabolic process","MMEA9_C3",0,0,3.7e-24,0,1
"magnesium ion transport","MMEA9_C3",0,0,3.7e-24,0,1
"lamellipodium morphogenesis","MMEA9_C3",0,0,3.7e-24,0,1
"positive regulation of neuron migration","MMEA9_C3",0,0,3.7e-24,0,1
"regulation of glucose metabolic process","MMEA9_C3",0,1,3.7e-24,-1,0.4437
"monosaccharide biosynthetic process","MMEA9_C3",1,1,3.7e-24,0,1
"response to acid chemical","MMEA9_C3",0,1,3.7e-24,-1,0.4146
"regulation of carbohydrate metabolic process","MMEA9_C3",0,1,3.7e-24,-1,0.4154
"positive regulation of nervous system development","MMEA9_C3",2,2,3.7e-24,0,1
"regulation of circadian rhythm","MMEA9_C3",2,2,3.7e-24,0,1
"trabecula morphogenesis","MMEA9_C3",0,1,3.7e-24,-1,0.5143
"pigment accumulation","MMEA9_C3",0,0,3.7e-24,0,1
"cellular pigment accumulation","MMEA9_C3",0,0,3.7e-24,0,1
"regulation of pinocytosis","MMEA9_C3",0,0,3.7e-24,0,1
"regulation of ligase activity","MMEA9_C3",0,0,3.7e-24,0,1
"smoothened signaling pathway involved in dorsal/ventral neural tube patterning","MMEA9_C3",0,0,3.7e-24,0,1
"glycosyl compound metabolic process","MMEA9_C3",0,0,3.7e-24,0,1
"substantia nigra development","MMEA9_C3",0,0,3.7e-24,0,1
"negative regulation of GTPase activity","MMEA9_C3",1,0,3.7e-24,1,0.4102
"axon extension","MMEA9_C3",0,1,3.7e-24,-1,0.4387
"positive regulation of epithelial to mesenchymal transition","MMEA9_C3",1,0,3.7e-24,1,0.3539
"one-carbon metabolic process","MMEA9_C3",0,0,3.7e-24,0,1
"NADPH regeneration","MMEA9_C3",0,0,3.7e-24,0,1
"cellular response to dsRNA","MMEA9_C3",0,0,3.7e-24,0,1
"neuron projection organization","MMEA9_C3",0,1,3.7e-24,-1,0.4158
"postsynapse organization","MMEA9_C3",0,1,3.7e-24,-1,0.4096
"regulation of ketone biosynthetic process","MMEA9_C3",0,0,3.7e-24,0,1
"mitochondrion distribution","MMEA9_C3",0,0,3.7e-24,0,1
"regulation of autophagosome maturation","MMEA9_C3",0,0,3.7e-24,0,1
"magnesium ion transmembrane transport","MMEA9_C3",0,0,3.7e-24,0,1
"regulation of cell division","MMEA9_C3",1,2,3.7e-24,-0.584962500721156,0.5355
"intermembrane lipid transfer","MMEA9_C3",0,0,3.7e-24,0,1
"organophosphate ester transport","MMEA9_C3",0,1,3.7e-24,-1,0.4123
"movement in host","MMEA9_C3",1,2,3.7e-24,-0.584962500721156,0.5442
"extracellular matrix assembly","MMEA9_C3",0,0,3.7e-24,0,1
"cellular metabolic compound salvage","MMEA9_C3",1,0,3.7e-24,1,0.3401
"regulation of ATP-dependent activity","MMEA9_C3",0,0,3.7e-24,0,1
"cell migration involved in heart development","MMEA9_C3",0,0,3.7e-24,0,1
"cellular response to fluid shear stress","MMEA9_C3",0,0,3.7e-24,0,1
"sphingomyelin biosynthetic process","MMEA9_C3",1,0,3.7e-24,1,0.3609
"ether lipid biosynthetic process","MMEA9_C3",0,0,3.7e-24,0,1
"embryonic body morphogenesis","MMEA9_C3",0,0,3.7e-24,0,1
"amino sugar biosynthetic process","MMEA9_C3",0,0,3.7e-24,0,1
"glycerol ether biosynthetic process","MMEA9_C3",0,0,3.7e-24,0,1
"pigmentation","MMEA9_C3",1,1,3.7e-24,0,1
"cellular response to ketone","MMEA9_C3",0,0,3.7e-24,0,1
"nonribosomal peptide biosynthetic process","MMEA9_C3",0,0,3.7e-24,0,1
"glial cell apoptotic process","MMEA9_C3",1,0,3.7e-24,1,0.3729
"lipoprotein catabolic process","MMEA9_C3",0,0,3.7e-24,0,1
"suppression of viral release by host","MMEA9_C3",1,0,3.7e-24,1,0.4137
"chaperone-mediated autophagy","MMEA9_C3",0,0,3.7e-24,0,1
"regulation of steroid hormone biosynthetic process","MMEA9_C3",1,0,3.7e-24,1,0.2007
"synaptic vesicle lumen acidification","MMEA9_C3",0,0,3.7e-24,0,1
"semaphorin-plexin signaling pathway involved in neuron projection guidance","MMEA9_C3",1,0,3.7e-24,1,0.1566
"regulation of Golgi organization","MMEA9_C3",0,0,3.7e-24,0,1
"Schwann cell differentiation","MMEA9_C3",0,0,3.7e-24,0,1
"neurotrophin signaling pathway","MMEA9_C3",0,0,3.7e-24,0,1
"regulation of microtubule depolymerization","MMEA9_C3",0,0,3.7e-24,0,1
"basement membrane organization","MMEA9_C3",0,0,3.7e-24,0,1
"establishment or maintenance of epithelial cell apical/basal polarity","MMEA9_C3",1,1,3.7e-24,0,1
"face development","MMEA9_C3",0,0,3.7e-24,0,1
"osteoblast differentiation","MMEA9_C3",2,2,3.7e-24,0,1
"appendage development","MMEA9_C3",1,1,3.7e-24,0,1
"limb development","MMEA9_C3",2,1,3.7e-24,0.584962500721156,0.6628
"regulation of ATP metabolic process","MMEA9_C3",1,0,3.7e-24,1,0.3829
"developmental growth involved in morphogenesis","MMEA9_C3",0,2,3.7e-24,-1.58496250072116,0.121
"embryonic organ development","MMEA9_C3",2,5,3.7e-24,-1,0.1493
"negative regulation of growth","MMEA9_C3",1,2,3.7e-24,-0.584962500721156,0.5298
"microtubule depolymerization","MMEA9_C3",1,0,3.7e-24,1,0.4133
"heme metabolic process","MMEA9_C3",0,0,3.7e-24,0,1
"regulation of neuron apoptotic process","MMEA9_C3",0,2,3.7e-24,-1.58496250072116,0.0795
"plasma membrane tubulation","MMEA9_C3",1,0,3.7e-24,1,0.3072
"exosomal secretion","MMEA9_C3",0,0,3.7e-24,0,1
"vasculogenesis","MMEA9_C3",1,1,3.7e-24,0,1
"toxin transport","MMEA9_C3",1,0,3.7e-24,1,0.2715
"ncRNA processing","MMEB9_C1",2,4,3.7e-24,-0.736965594166206,0.3106
"ribosome biogenesis","MMEB9_C1",3,2,3.7e-24,0.415037499278844,0.7404
"rRNA metabolic process","MMEB9_C1",3,2,3.7e-24,0.415037499278844,0.7383
"proteasome-mediated ubiquitin-dependent protein catabolic process","MMEB9_C1",1,3,3.7e-24,-1,0.2102
"regulation of response to DNA damage stimulus","MMEB9_C1",3,3,3.7e-24,0,1
"establishment of protein localization to organelle","MMEB9_C1",1,3,3.7e-24,-1,0.2052
"macroautophagy","MMEB9_C1",4,2,3.7e-24,0.736965594166206,0.2848
"regulation of chromosome organization","MMEB9_C1",1,2,3.7e-24,-0.584962500721156,0.5511
"Golgi vesicle transport","MMEB9_C1",3,3,3.7e-24,0,1
"double-strand break repair","MMEB9_C1",2,3,3.7e-24,-0.415037499278844,0.6201
"histone modification","MMEB9_C1",4,4,3.7e-24,0,1
"sister chromatid segregation","MMEB9_C1",5,2,3.7e-24,1,0.1867
"DNA replication","MMEB9_C1",1,2,3.7e-24,-0.584962500721156,0.551
"chromosome segregation","MMEB9_C1",1,4,3.7e-24,-1.32192809488736,0.1042
"mitochondrial gene expression","MMEB9_C1",1,1,3.7e-24,0,1
"nucleocytoplasmic transport","MMEB9_C1",1,2,3.7e-24,-0.584962500721156,0.555
"nuclear transport","MMEB9_C1",0,2,3.7e-24,-1.58496250072116,0.0971
"regulation of DNA repair","MMEB9_C1",0,1,3.7e-24,-1,0.4227
"peptidyl-lysine modification","MMEB9_C1",1,2,3.7e-24,-0.584962500721156,0.5225
"protein targeting","MMEB9_C1",1,3,3.7e-24,-1,0.231
"cytoplasmic translation","MMEB9_C1",1,1,3.7e-24,0,1
"regulation of autophagy","MMEB9_C1",1,3,3.7e-24,-1,0.2682
"signal transduction in response to DNA damage","MMEB9_C1",1,1,3.7e-24,0,1
"regulation of intracellular transport","MMEB9_C1",0,2,3.7e-24,-1.58496250072116,0.1072
"protein localization to nucleus","MMEB9_C1",1,2,3.7e-24,-0.584962500721156,0.5367
"microtubule cytoskeleton organization involved in mitosis","MMEB9_C1",0,1,3.7e-24,-1,0.4426
"telomere maintenance","MMEB9_C1",1,1,3.7e-24,0,1
"cell cycle checkpoint signaling","MMEB9_C1",0,1,3.7e-24,-1,0.4085
"regulation of protein modification by small protein conjugation or removal","MMEB9_C1",1,2,3.7e-24,-0.584962500721156,0.556
"cellular respiration","MMEB9_C1",1,2,3.7e-24,-0.584962500721156,0.537
"cellular component disassembly","MMEB9_C1",2,3,3.7e-24,-0.415037499278844,0.6028
"nuclear chromosome segregation","MMEB9_C1",2,2,3.7e-24,0,1
"regulation of protein stability","MMEB9_C1",0,2,3.7e-24,-1.58496250072116,0.12
"regulation of cell cycle phase transition","MMEB9_C1",1,3,3.7e-24,-1,0.2056
"regulation of protein catabolic process","MMEB9_C1",3,3,3.7e-24,0,1
"response to endoplasmic reticulum stress","MMEB9_C1",2,2,3.7e-24,0,1
"vesicle organization","MMEB9_C1",2,3,3.7e-24,-0.415037499278844,0.6059
"mitochondrial respiratory chain complex assembly","MMEB9_C1",0,1,3.7e-24,-1,0.5296
"DNA-templated transcription elongation","MMEB9_C1",0,1,3.7e-24,-1,0.4344
"mitochondrial transport","MMEB9_C1",1,1,3.7e-24,0,1
"establishment of organelle localization","MMEB9_C1",1,3,3.7e-24,-1,0.2239
"regulation of intracellular protein transport","MMEB9_C1",0,1,3.7e-24,-1,0.4231
"response to UV","MMEB9_C1",0,1,3.7e-24,-1,0.4149
"RNA localization","MMEB9_C1",0,1,3.7e-24,-1,0.4192
"response to topologically incorrect protein","MMEB9_C1",1,1,3.7e-24,0,1
"organelle fission","MMEB9_C1",2,4,3.7e-24,-0.736965594166206,0.3168
"non-membrane-bounded organelle assembly","MMEB9_C1",1,3,3.7e-24,-1,0.2382
"protein polyubiquitination","MMEB9_C1",0,2,3.7e-24,-1.58496250072116,0.1215
"methylation","MMEB9_C1",2,2,3.7e-24,0,1
"phospholipid biosynthetic process","MMEB9_C1",1,2,3.7e-24,-0.584962500721156,0.5314
"oxidative phosphorylation","MMEB9_C1",0,1,3.7e-24,-1,0.4109
"establishment of protein localization to membrane","MMEB9_C1",3,2,3.7e-24,0.415037499278844,0.7245
"in utero embryonic development","MMEB9_C1",0,3,3.7e-24,-2,0.047
"vacuole organization","MMEB9_C1",0,2,3.7e-24,-1.58496250072116,0.1734
"nuclear-transcribed mRNA catabolic process","MMEB9_C1",0,1,3.7e-24,-1,0.4528
"protein folding","MMEB9_C1",0,2,3.7e-24,-1.58496250072116,0.1309
"DNA conformation change","MMEB9_C1",0,0,3.7e-24,0,1
"regulation of chromosome segregation","MMEB9_C1",2,1,3.7e-24,0.584962500721156,0.6318
"regulation of apoptotic signaling pathway","MMEB9_C1",4,3,3.7e-24,0.321928094887362,0.7755
"cell cycle G2/M phase transition","MMEB9_C1",0,1,3.7e-24,-1,0.4135
"vacuolar transport","MMEB9_C1",1,1,3.7e-24,0,1
"response to ionizing radiation","MMEB9_C1",0,1,3.7e-24,-1,0.4507
"cellular response to UV","MMEB9_C1",0,0,3.7e-24,0,1
"regulation of binding","MMEB9_C1",3,3,3.7e-24,0,1
"nucleic acid transport","MMEB9_C1",0,1,3.7e-24,-1,0.421
"RNA transport","MMEB9_C1",0,1,3.7e-24,-1,0.4167
"ribonucleoprotein complex subunit organization","MMEB9_C1",2,2,3.7e-24,0,1
"regulation of DNA replication","MMEB9_C1",2,1,3.7e-24,0.584962500721156,0.6447
"ribose phosphate metabolic process","MMEB9_C1",5,3,3.7e-24,0.584962500721156,0.4017
"proton motive force-driven ATP synthesis","MMEB9_C1",1,0,3.7e-24,1,0.424
"ribonucleotide metabolic process","MMEB9_C1",2,3,3.7e-24,-0.415037499278844,0.6093
"telomere organization","MMEB9_C1",1,1,3.7e-24,0,1
"cellular response to topologically incorrect protein","MMEB9_C1",1,1,3.7e-24,0,1
"Golgi organization","MMEB9_C1",1,1,3.7e-24,0,1
"ribonucleoprotein complex assembly","MMEB9_C1",0,1,3.7e-24,-1,0.43
"cellular nitrogen compound catabolic process","MMEB9_C1",1,3,3.7e-24,-1,0.2135
"negative regulation of phosphorus metabolic process","MMEB9_C1",1,3,3.7e-24,-1,0.2631
"heterocycle catabolic process","MMEB9_C1",2,3,3.7e-24,-0.415037499278844,0.5996
"mitochondrial membrane organization","MMEB9_C1",1,1,3.7e-24,0,1
"regulation of protein-containing complex assembly","MMEB9_C1",5,2,3.7e-24,1,0.1921
"positive regulation of cellular component biogenesis","MMEB9_C1",2,3,3.7e-24,-0.415037499278844,0.5995
"response to oxidative stress","MMEB9_C1",1,3,3.7e-24,-1,0.2553
"regulation of supramolecular fiber organization","MMEB9_C1",0,3,3.7e-24,-2,0.0661
"positive regulation of protein localization","MMEB9_C1",0,3,3.7e-24,-2,0.0531
"positive regulation of cell projection organization","MMEB9_C1",0,2,3.7e-24,-1.58496250072116,0.07
"negative regulation of transferase activity","MMEB9_C1",1,2,3.7e-24,-0.584962500721156,0.5668
"autophagy of mitochondrion","MMEB9_C1",0,0,3.7e-24,0,1
"positive regulation of amide metabolic process","MMEB9_C1",1,1,3.7e-24,0,1
"chromatin remodeling","MMEB9_C1",4,3,3.7e-24,0.321928094887362,0.7758
"viral process","MMEB9_C1",2,2,3.7e-24,0,1
"macromolecule deacylation","MMEB9_C1",0,1,3.7e-24,-1,0.4936
"mitotic cytokinesis","MMEB9_C1",0,0,3.7e-24,0,1
"aromatic compound catabolic process","MMEB9_C1",2,3,3.7e-24,-0.415037499278844,0.5912
"vesicle localization","MMEB9_C1",1,1,3.7e-24,0,1
"establishment or maintenance of cell polarity","MMEB9_C1",2,2,3.7e-24,0,1
"Wnt signaling pathway","MMEB9_C1",3,3,3.7e-24,0,1
"cell-cell signaling by wnt","MMEB9_C1",0,3,3.7e-24,-2,0.0436
"ATP metabolic process","MMEB9_C1",0,1,3.7e-24,-1,0.4163
"cellular response to chemical stress","MMEB9_C1",1,2,3.7e-24,-0.584962500721156,0.5377
"regulation of vacuole organization","MMEB9_C1",0,0,3.7e-24,0,1
"cellular response to external stimulus","MMEB9_C1",3,2,3.7e-24,0.415037499278844,0.7267
"negative regulation of protein phosphorylation","MMEB9_C1",2,2,3.7e-24,0,1
"negative regulation of catabolic process","MMEB9_C1",2,2,3.7e-24,0,1
"regulation of microtubule cytoskeleton organization","MMEB9_C1",0,1,3.7e-24,-1,0.4564
"chromosome localization","MMEB9_C1",2,1,3.7e-24,0.584962500721156,0.6313
"negative regulation of mitotic nuclear division","MMEB9_C1",0,0,3.7e-24,0,1
"regulation of actin filament organization","MMEB9_C1",0,2,3.7e-24,-1.58496250072116,0.1505
"dephosphorylation","MMEB9_C1",2,2,3.7e-24,0,1
"glycosylation","MMEB9_C1",0,1,3.7e-24,-1,0.4083
"positive regulation of establishment of protein localization","MMEB9_C1",2,2,3.7e-24,0,1
"regulation of microtubule-based process","MMEB9_C1",2,1,3.7e-24,0.584962500721156,0.6549
"cell-substrate junction organization","MMEB9_C1",0,1,3.7e-24,-1,0.5134
"protein-containing complex localization","MMEB9_C1",0,1,3.7e-24,-1,0.425
"mitochondrial transmembrane transport","MMEB9_C1",0,1,3.7e-24,-1,0.4852
"stem cell population maintenance","MMEB9_C1",1,1,3.7e-24,0,1
"ribosome assembly","MMEB9_C1",1,0,3.7e-24,1,0.4352
"intraciliary transport","MMEB9_C1",0,1,3.7e-24,-1,0.5092
"Golgi to plasma membrane protein transport","MMEB9_C1",0,0,3.7e-24,0,1
"response to amino acid starvation","MMEB9_C1",0,0,3.7e-24,0,1
"cellular response to extracellular stimulus","MMEB9_C1",2,1,3.7e-24,0.584962500721156,0.6803
"cell growth","MMEB9_C1",1,3,3.7e-24,-1,0.2108
"protein glycosylation","MMEB9_C1",1,2,3.7e-24,-0.584962500721156,0.542
"macromolecule glycosylation","MMEB9_C1",1,1,3.7e-24,0,1
"maintenance of cell number","MMEB9_C1",0,1,3.7e-24,-1,0.4115
"response to reactive oxygen species","MMEB9_C1",1,1,3.7e-24,0,1
"regulation of cell morphogenesis","MMEB9_C1",0,1,3.7e-24,-1,0.4221
"regulation of cellular component size","MMEB9_C1",0,2,3.7e-24,-1.58496250072116,0.0748
"cell-substrate junction assembly","MMEB9_C1",0,0,3.7e-24,0,1
"membrane fission","MMEB9_C1",0,0,3.7e-24,0,1
"membrane docking","MMEB9_C1",1,0,3.7e-24,1,0.4885
"fibroblast migration","MMEB9_C1",0,0,3.7e-24,0,1
"nucleus organization","MMEB9_C1",0,1,3.7e-24,-1,0.4266
"regulation of cell growth","MMEB9_C1",2,3,3.7e-24,-0.415037499278844,0.5997
"fibroblast proliferation","MMEB9_C1",0,1,3.7e-24,-1,0.4777
"cell cycle G1/S phase transition","MMEB9_C1",1,2,3.7e-24,-0.584962500721156,0.5682
"actin filament organization","MMEB9_C1",1,3,3.7e-24,-1,0.2633
"response to oxygen levels","MMEB9_C1",1,2,3.7e-24,-0.584962500721156,0.5218
"epigenetic regulation of gene expression","MMEB9_C1",1,1,3.7e-24,0,1
"organelle fusion","MMEB9_C1",0,1,3.7e-24,-1,0.4313
"lipoprotein metabolic process","MMEB9_C1",0,1,3.7e-24,-1,0.4411
"protein lipidation","MMEB9_C1",0,1,3.7e-24,-1,0.4882
"regulation of plasma membrane bounded cell projection assembly","MMEB9_C1",1,2,3.7e-24,-0.584962500721156,0.5867
"regulation of actin filament-based process","MMEB9_C1",0,2,3.7e-24,-1.58496250072116,0.0779
"regulation of GTPase activity","MMEB9_C1",0,2,3.7e-24,-1.58496250072116,0.089
"nuclear envelope organization","MMEB9_C1",0,0,3.7e-24,0,1
"protein autophosphorylation","MMEB9_C1",1,1,3.7e-24,0,1
"connective tissue development","MMEB9_C1",3,2,3.7e-24,0.415037499278844,0.7296
"cellular response to heat","MMEB9_C1",0,0,3.7e-24,0,1
"myeloid cell homeostasis","MMEB9_C1",0,1,3.7e-24,-1,0.412
"regulation of neuron projection development","MMEB9_C1",2,3,3.7e-24,-0.415037499278844,0.6237
"receptor metabolic process","MMEB9_C1",0,0,3.7e-24,0,1
"maintenance of protein location in cell","MMEB9_C1",0,0,3.7e-24,0,1
"apoptotic mitochondrial changes","MMEB9_C1",2,1,3.7e-24,0.584962500721156,0.6343
"response to transforming growth factor beta","MMEB9_C1",0,2,3.7e-24,-1.58496250072116,0.1275
"neural tube development","MMEB9_C1",2,1,3.7e-24,0.584962500721156,0.6404
"maintenance of protein location","MMEB9_C1",0,1,3.7e-24,-1,0.4727
"regulation of ubiquitin-protein transferase activity","MMEB9_C1",0,0,3.7e-24,0,1
"cilium assembly","MMEB9_C1",0,2,3.7e-24,-1.58496250072116,0.0761
"mRNA export from nucleus","MMEB9_C1",1,0,3.7e-24,1,0.3495
"regulation of cell-substrate junction organization","MMEB9_C1",0,0,3.7e-24,0,1
"membrane biogenesis","MMEB9_C1",1,0,3.7e-24,1,0.4265
"cilium organization","MMEB9_C1",0,3,3.7e-24,-2,0.0633
"platelet-derived growth factor receptor signaling pathway","MMEB9_C1",0,0,3.7e-24,0,1
"iron-sulfur cluster assembly","MMEB9_C1",1,0,3.7e-24,1,0.4904
"metallo-sulfur cluster assembly","MMEB9_C1",0,0,3.7e-24,0,1
"centromere complex assembly","MMEB9_C1",0,0,3.7e-24,0,1
"cellular response to oxygen levels","MMEB9_C1",0,1,3.7e-24,-1,0.4188
"fatty acid beta-oxidation","MMEB9_C1",0,0,3.7e-24,0,1
"organelle localization by membrane tethering","MMEB9_C1",1,0,3.7e-24,1,0.3493
"autophagosome maturation","MMEB9_C1",0,0,3.7e-24,0,1
"cellular response to transforming growth factor beta stimulus","MMEB9_C1",3,2,3.7e-24,0.415037499278844,0.7367
"nucleotide catabolic process","MMEB9_C1",1,1,3.7e-24,0,1
"tube closure","MMEB9_C1",1,1,3.7e-24,0,1
"regulation of stem cell differentiation","MMEB9_C1",0,0,3.7e-24,0,1
"substrate adhesion-dependent cell spreading","MMEB9_C1",1,1,3.7e-24,0,1
"chondrocyte differentiation","MMEB9_C1",1,1,3.7e-24,0,1
"regulation of fibroblast proliferation","MMEB9_C1",1,0,3.7e-24,1,0.3376
"morphogenesis of an epithelial sheet","MMEB9_C1",1,0,3.7e-24,1,0.2749
"microtubule polymerization","MMEB9_C1",0,1,3.7e-24,-1,0.5018
"response to virus","MMEB9_C1",1,2,3.7e-24,-0.584962500721156,0.5267
"membrane assembly","MMEB9_C1",0,1,3.7e-24,-1,0.503
"COPII vesicle coating","MMEB9_C1",0,0,3.7e-24,0,1
"erythrocyte differentiation","MMEB9_C1",1,1,3.7e-24,0,1
"organophosphate catabolic process","MMEB9_C1",0,1,3.7e-24,-1,0.4073
"regulation of embryonic development","MMEB9_C1",0,1,3.7e-24,-1,0.4871
"regulation of focal adhesion assembly","MMEB9_C1",0,0,3.7e-24,0,1
"regulation of cell-substrate junction assembly","MMEB9_C1",0,0,3.7e-24,0,1
"regulation of extracellular matrix organization","MMEB9_C1",0,0,3.7e-24,0,1
"GPI anchor biosynthetic process","MMEB9_C1",0,0,3.7e-24,0,1
"lamellipodium organization","MMEB9_C1",0,1,3.7e-24,-1,0.5055
"positive regulation of stem cell population maintenance","MMEB9_C1",0,0,3.7e-24,0,1
"monosaccharide metabolic process","MMEB9_C1",0,2,3.7e-24,-1.58496250072116,0.1821
"U2-type prespliceosome assembly","MMEB9_C1",0,0,3.7e-24,0,1
"heterochromatin formation","MMEB9_C1",0,0,3.7e-24,0,1
"peroxisome organization","MMEB9_C1",0,0,3.7e-24,0,1
"regulation of mitochondrial fission","MMEB9_C1",0,0,3.7e-24,0,1
"cellular pigmentation","MMEB9_C1",2,0,3.7e-24,1.58496250072116,0.154
"regulation of fibroblast migration","MMEB9_C1",0,0,3.7e-24,0,1
"cellular carbohydrate metabolic process","MMEB9_C1",1,2,3.7e-24,-0.584962500721156,0.5701
"positive regulation of axonogenesis","MMEB9_C1",0,0,3.7e-24,0,1
"kinetochore organization","MMEB9_C1",0,0,3.7e-24,0,1
"stem cell differentiation","MMEB9_C1",4,2,3.7e-24,0.736965594166206,0.2769
"proton transmembrane transport","MMEB9_C1",0,1,3.7e-24,-1,0.4802
"cellular response to insulin stimulus","MMEB9_C1",0,2,3.7e-24,-1.58496250072116,0.1776
"establishment of mitotic spindle localization","MMEB9_C1",0,0,3.7e-24,0,1
"cell redox homeostasis","MMEB9_C1",0,0,3.7e-24,0,1
"stress granule assembly","MMEB9_C1",0,0,3.7e-24,0,1
"protein neddylation","MMEB9_C1",1,0,3.7e-24,1,0.3157
"regulation of mitochondrial membrane potential","MMEB9_C1",0,0,3.7e-24,0,1
"neuron death","MMEB9_C1",2,2,3.7e-24,0,1
"defense response to virus","MMEB9_C1",1,2,3.7e-24,-0.584962500721156,0.5215
"sulfur compound metabolic process","MMEB9_C1",0,2,3.7e-24,-1.58496250072116,0.1625
"NADP metabolic process","MMEB9_C1",0,0,3.7e-24,0,1
"vacuolar acidification","MMEB9_C1",0,0,3.7e-24,0,1
"oligosaccharide-lipid intermediate biosynthetic process","MMEB9_C1",0,0,3.7e-24,0,1
"lysosomal lumen acidification","MMEB9_C1",0,0,3.7e-24,0,1
"glycosyl compound biosynthetic process","MMEB9_C1",0,0,3.7e-24,0,1
"heart valve development","MMEB9_C1",0,0,3.7e-24,0,1
"water-soluble vitamin metabolic process","MMEB9_C1",1,0,3.7e-24,1,0.2887
"interferon-beta production","MMEB9_C1",1,0,3.7e-24,1,0.3509
"regulation of interferon-beta production","MMEB9_C1",1,0,3.7e-24,1,0.4265
"branched-chain amino acid metabolic process","MMEB9_C1",0,0,3.7e-24,0,1
"regulation of mitochondrial membrane permeability","MMEB9_C1",1,1,3.7e-24,0,1
"respiratory tube development","MMEB9_C1",1,1,3.7e-24,0,1
"cellular senescence","MMEB9_C1",0,0,3.7e-24,0,1
"positive regulation of neurogenesis","MMEB9_C1",0,1,3.7e-24,-1,0.4155
"mitochondrial outer membrane permeabilization","MMEB9_C1",0,0,3.7e-24,0,1
"immune system development","MMEB9_C1",0,1,3.7e-24,-1,0.4204
"clathrin-dependent endocytosis","MMEB9_C1",0,0,3.7e-24,0,1
"positive regulation of viral process","MMEB9_C1",0,0,3.7e-24,0,1
"bone development","MMEB9_C1",4,1,3.7e-24,1.32192809488736,0.0507
"cell-substrate adhesion","MMEB9_C1",3,2,3.7e-24,0.415037499278844,0.7422
"positive regulation of microtubule polymerization","MMEB9_C1",1,0,3.7e-24,1,0.2306
"pteridine-containing compound metabolic process","MMEB9_C1",0,0,3.7e-24,0,1
"response to arsenic-containing substance","MMEB9_C1",1,0,3.7e-24,1,0.2544
"response to insulin","MMEB9_C1",3,2,3.7e-24,0.415037499278844,0.7283
"ubiquinone metabolic process","MMEB9_C1",0,0,3.7e-24,0,1
"cellular response to arsenic-containing substance","MMEB9_C1",0,0,3.7e-24,0,1
"inositol phosphate catabolic process","MMEB9_C1",0,0,3.7e-24,0,1
"telomerase RNA localization to Cajal body","MMEB9_C1",0,0,3.7e-24,0,1
"respiratory system development","MMEB9_C1",0,1,3.7e-24,-1,0.4238
"regulation of generation of precursor metabolites and energy","MMEB9_C1",0,1,3.7e-24,-1,0.4767
"mitochondrial calcium ion homeostasis","MMEB9_C1",0,0,3.7e-24,0,1
"G0 to G1 transition","MMEB9_C1",0,0,3.7e-24,0,1
"mitochondrial genome maintenance","MMEB9_C1",0,0,3.7e-24,0,1
"release of cytochrome c from mitochondria","MMEB9_C1",0,0,3.7e-24,0,1
"cortical cytoskeleton organization","MMEB9_C1",0,0,3.7e-24,0,1
"response to sterol depletion","MMEB9_C1",0,0,3.7e-24,0,1
"regulation of ncRNA transcription","MMEB9_C1",0,0,3.7e-24,0,1
"mesenchymal cell differentiation","MMEB9_C1",1,2,3.7e-24,-0.584962500721156,0.5857
"protein-DNA complex subunit organization","MMEB9_C1",1,1,3.7e-24,0,1
"response to fluid shear stress","MMEB9_C1",0,0,3.7e-24,0,1
"collagen fibril organization","MMEB9_C1",0,0,3.7e-24,0,1
"roof of mouth development","MMEB9_C1",0,0,3.7e-24,0,1
"regulation of protein dephosphorylation","MMEB9_C1",1,1,3.7e-24,0,1
"multicellular organism growth","MMEB9_C1",0,1,3.7e-24,-1,0.4471
"miRNA processing","MMEB9_C1",0,0,3.7e-24,0,1
"small molecule catabolic process","MMEB9_C1",2,2,3.7e-24,0,1
"regulation of G0 to G1 transition","MMEB9_C1",0,0,3.7e-24,0,1
"circadian regulation of gene expression","MMEB9_C1",1,1,3.7e-24,0,1
"regulation of translational fidelity","MMEB9_C1",0,0,3.7e-24,0,1
"ubiquinone biosynthetic process","MMEB9_C1",0,0,3.7e-24,0,1
"mitochondrial calcium ion transmembrane transport","MMEB9_C1",0,0,3.7e-24,0,1
"quinone biosynthetic process","MMEB9_C1",0,0,3.7e-24,0,1
"viral release from host cell","MMEB9_C1",0,0,3.7e-24,0,1
"exit from host cell","MMEB9_C1",0,0,3.7e-24,0,1
"positive regulation of GTPase activity","MMEB9_C1",3,1,3.7e-24,1,0.41
"regulation of cytokinesis","MMEB9_C1",1,0,3.7e-24,1,0.4684
"mitochondrion localization","MMEB9_C1",0,0,3.7e-24,0,1
"renal system development","MMEB9_C1",3,2,3.7e-24,0.415037499278844,0.7331
"regulation of cysteine-type endopeptidase activity involved in apoptotic process","MMEB9_C1",1,1,3.7e-24,0,1
"regulation of cell-substrate adhesion","MMEB9_C1",1,1,3.7e-24,0,1
"centrosome localization","MMEB9_C1",0,0,3.7e-24,0,1
"microtubule organizing center localization","MMEB9_C1",0,0,3.7e-24,0,1
"pinocytosis","MMEB9_C1",0,0,3.7e-24,0,1
"lamellipodium assembly","MMEB9_C1",1,0,3.7e-24,1,0.3553
"cellular response to sterol depletion","MMEB9_C1",0,0,3.7e-24,0,1
"placenta development","MMEB9_C1",1,1,3.7e-24,0,1
"rhythmic process","MMEB9_C1",3,2,3.7e-24,0.415037499278844,0.7357
"spindle localization","MMEB9_C1",0,0,3.7e-24,0,1
"carbohydrate derivative catabolic process","MMEB9_C1",2,1,3.7e-24,0.584962500721156,0.6382
"response to amino acid","MMEB9_C1",1,1,3.7e-24,0,1
"regulation of intracellular steroid hormone receptor signaling pathway","MMEB9_C1",0,0,3.7e-24,0,1
"regulation of neuron death","MMEB9_C1",0,2,3.7e-24,-1.58496250072116,0.1552
"ossification","MMEB9_C1",3,3,3.7e-24,0,1
"mammary gland epithelial cell proliferation","MMEB9_C1",0,0,3.7e-24,0,1
"ribosomal subunit export from nucleus","MMEB9_C1",0,0,3.7e-24,0,1
"ribosome localization","MMEB9_C1",0,0,3.7e-24,0,1
"protein transport to vacuole involved in ubiquitin-dependent protein catabolic process via the multivesicular body sorting pathway","MMEB9_C1",0,0,3.7e-24,0,1
"seminiferous tubule development","MMEB9_C1",0,0,3.7e-24,0,1
"cellular response to acid chemical","MMEB9_C1",0,1,3.7e-24,-1,0.4938
"positive regulation of kinase activity","MMEB9_C1",4,2,3.7e-24,0.736965594166206,0.3121
"positive regulation by host of viral process","MMEB9_C1",0,0,3.7e-24,0,1
"mitochondrion morphogenesis","MMEB9_C1",0,0,3.7e-24,0,1
"regulation of establishment of cell polarity","MMEB9_C1",0,0,3.7e-24,0,1
"cellular lipid catabolic process","MMEB9_C1",1,1,3.7e-24,0,1
"neuron apoptotic process","MMEB9_C1",1,2,3.7e-24,-0.584962500721156,0.5669
"inner cell mass cell proliferation","MMEB9_C1",0,0,3.7e-24,0,1
"polyamine biosynthetic process","MMEB9_C1",0,0,3.7e-24,0,1
"folic acid metabolic process","MMEB9_C1",0,0,3.7e-24,0,1
"organelle inheritance","MMEB9_C1",0,0,3.7e-24,0,1
"polyol metabolic process","MMEB9_C1",0,1,3.7e-24,-1,0.4554
"regulation of type I interferon-mediated signaling pathway","MMEB9_C1",0,0,3.7e-24,0,1
"intracellular lipid transport","MMEB9_C1",1,0,3.7e-24,1,0.2378
"fat cell differentiation","MMEB9_C1",0,1,3.7e-24,-1,0.4234
"iron ion homeostasis","MMEB9_C1",0,1,3.7e-24,-1,0.4761
"negative regulation of cell projection organization","MMEB9_C1",0,1,3.7e-24,-1,0.4326
"dicarboxylic acid metabolic process","MMEB9_C1",1,1,3.7e-24,0,1
"regulation of anatomical structure size","MMEB9_C1",3,3,3.7e-24,0,1
"regulation of small molecule metabolic process","MMEB9_C1",1,2,3.7e-24,-0.584962500721156,0.5816
"pentose-phosphate shunt","MMEB9_C1",0,0,3.7e-24,0,1
"pericardium development","MMEB9_C1",0,0,3.7e-24,0,1
"lysosomal protein catabolic process","MMEB9_C1",0,0,3.7e-24,0,1
"carbohydrate derivative transport","MMEB9_C1",0,0,3.7e-24,0,1
"alcohol biosynthetic process","MMEB9_C1",1,1,3.7e-24,0,1
"regulation of membrane permeability","MMEB9_C1",0,0,3.7e-24,0,1
"signal peptide processing","MMEB9_C1",0,0,3.7e-24,0,1
"UV-damage excision repair","MMEB9_C1",0,0,3.7e-24,0,1
"biological process involved in interaction with host","MMEB9_C1",0,1,3.7e-24,-1,0.4126
"body morphogenesis","MMEB9_C1",0,0,3.7e-24,0,1
"extracellular vesicle biogenesis","MMEB9_C1",0,0,3.7e-24,0,1
"negative regulation of defense response to virus","MMEB9_C1",1,0,3.7e-24,1,0.2415
"aminoglycan biosynthetic process","MMEB9_C1",0,0,3.7e-24,0,1
"sterol biosynthetic process","MMEB9_C1",0,0,3.7e-24,0,1
"polyamine metabolic process","MMEB9_C1",0,0,3.7e-24,0,1
"magnesium ion transport","MMEB9_C1",0,0,3.7e-24,0,1
"lamellipodium morphogenesis","MMEB9_C1",0,0,3.7e-24,0,1
"positive regulation of neuron migration","MMEB9_C1",0,0,3.7e-24,0,1
"regulation of glucose metabolic process","MMEB9_C1",0,0,3.7e-24,0,1
"monosaccharide biosynthetic process","MMEB9_C1",0,0,3.7e-24,0,1
"response to acid chemical","MMEB9_C1",0,1,3.7e-24,-1,0.4527
"regulation of carbohydrate metabolic process","MMEB9_C1",0,1,3.7e-24,-1,0.4813
"positive regulation of nervous system development","MMEB9_C1",0,1,3.7e-24,-1,0.4177
"regulation of circadian rhythm","MMEB9_C1",0,1,3.7e-24,-1,0.4668
"trabecula morphogenesis","MMEB9_C1",1,0,3.7e-24,1,0.3918
"pigment accumulation","MMEB9_C1",0,0,3.7e-24,0,1
"cellular pigment accumulation","MMEB9_C1",0,0,3.7e-24,0,1
"regulation of pinocytosis","MMEB9_C1",1,0,3.7e-24,1,0.1446
"regulation of ligase activity","MMEB9_C1",0,0,3.7e-24,0,1
"smoothened signaling pathway involved in dorsal/ventral neural tube patterning","MMEB9_C1",0,0,3.7e-24,0,1
"glycosyl compound metabolic process","MMEB9_C1",0,0,3.7e-24,0,1
"substantia nigra development","MMEB9_C1",0,0,3.7e-24,0,1
"negative regulation of GTPase activity","MMEB9_C1",0,0,3.7e-24,0,1
"axon extension","MMEB9_C1",1,1,3.7e-24,0,1
"positive regulation of epithelial to mesenchymal transition","MMEB9_C1",1,0,3.7e-24,1,0.2431
"one-carbon metabolic process","MMEB9_C1",0,0,3.7e-24,0,1
"NADPH regeneration","MMEB9_C1",1,0,3.7e-24,1,0.1049
"cellular response to dsRNA","MMEB9_C1",0,0,3.7e-24,0,1
"neuron projection organization","MMEB9_C1",1,1,3.7e-24,0,1
"postsynapse organization","MMEB9_C1",1,1,3.7e-24,0,1
"regulation of ketone biosynthetic process","MMEB9_C1",0,0,3.7e-24,0,1
"mitochondrion distribution","MMEB9_C1",0,0,3.7e-24,0,1
"regulation of autophagosome maturation","MMEB9_C1",0,0,3.7e-24,0,1
"magnesium ion transmembrane transport","MMEB9_C1",0,0,3.7e-24,0,1
"regulation of cell division","MMEB9_C1",1,1,3.7e-24,0,1
"intermembrane lipid transfer","MMEB9_C1",1,0,3.7e-24,1,0.3503
"organophosphate ester transport","MMEB9_C1",2,1,3.7e-24,0.584962500721156,0.6445
"movement in host","MMEB9_C1",1,1,3.7e-24,0,1
"extracellular matrix assembly","MMEB9_C1",0,0,3.7e-24,0,1
"cellular metabolic compound salvage","MMEB9_C1",0,0,3.7e-24,0,1
"regulation of ATP-dependent activity","MMEB9_C1",1,0,3.7e-24,1,0.4057
"cell migration involved in heart development","MMEB9_C1",0,0,3.7e-24,0,1
"cellular response to fluid shear stress","MMEB9_C1",0,0,3.7e-24,0,1
"sphingomyelin biosynthetic process","MMEB9_C1",0,0,3.7e-24,0,1
"ether lipid biosynthetic process","MMEB9_C1",0,0,3.7e-24,0,1
"embryonic body morphogenesis","MMEB9_C1",0,0,3.7e-24,0,1
"amino sugar biosynthetic process","MMEB9_C1",0,0,3.7e-24,0,1
"glycerol ether biosynthetic process","MMEB9_C1",0,0,3.7e-24,0,1
"pigmentation","MMEB9_C1",1,0,3.7e-24,1,0.487
"cellular response to ketone","MMEB9_C1",0,0,3.7e-24,0,1
"nonribosomal peptide biosynthetic process","MMEB9_C1",0,0,3.7e-24,0,1
"glial cell apoptotic process","MMEB9_C1",0,0,3.7e-24,0,1
"lipoprotein catabolic process","MMEB9_C1",0,0,3.7e-24,0,1
"suppression of viral release by host","MMEB9_C1",0,0,3.7e-24,0,1
"chaperone-mediated autophagy","MMEB9_C1",0,0,3.7e-24,0,1
"regulation of steroid hormone biosynthetic process","MMEB9_C1",0,0,3.7e-24,0,1
"synaptic vesicle lumen acidification","MMEB9_C1",1,0,3.7e-24,1,0.1201
"semaphorin-plexin signaling pathway involved in neuron projection guidance","MMEB9_C1",0,0,3.7e-24,0,1
"regulation of Golgi organization","MMEB9_C1",0,0,3.7e-24,0,1
"Schwann cell differentiation","MMEB9_C1",0,0,3.7e-24,0,1
"neurotrophin signaling pathway","MMEB9_C1",0,0,3.7e-24,0,1
"regulation of microtubule depolymerization","MMEB9_C1",0,0,3.7e-24,0,1
"basement membrane organization","MMEB9_C1",1,0,3.7e-24,1,0.2207
"establishment or maintenance of epithelial cell apical/basal polarity","MMEB9_C1",1,1,3.7e-24,0,1
"face development","MMEB9_C1",0,0,3.7e-24,0,1
"osteoblast differentiation","MMEB9_C1",0,1,3.7e-24,-1,0.4236
"appendage development","MMEB9_C1",0,1,3.7e-24,-1,0.4248
"limb development","MMEB9_C1",0,1,3.7e-24,-1,0.4567
"regulation of ATP metabolic process","MMEB9_C1",0,0,3.7e-24,0,1
"developmental growth involved in morphogenesis","MMEB9_C1",0,1,3.7e-24,-1,0.4077
"embryonic organ development","MMEB9_C1",2,3,3.7e-24,-0.415037499278844,0.6037
"negative regulation of growth","MMEB9_C1",1,1,3.7e-24,0,1
"microtubule depolymerization","MMEB9_C1",0,0,3.7e-24,0,1
"heme metabolic process","MMEB9_C1",1,0,3.7e-24,1,0.2593
"regulation of neuron apoptotic process","MMEB9_C1",0,1,3.7e-24,-1,0.4138
"plasma membrane tubulation","MMEB9_C1",1,0,3.7e-24,1,0.2937
"exosomal secretion","MMEB9_C1",0,0,3.7e-24,0,1
"vasculogenesis","MMEB9_C1",0,0,3.7e-24,0,1
"toxin transport","MMEB9_C1",1,0,3.7e-24,1,0.213
"ncRNA processing","MMEB9_C2",2,4,3.7e-24,-0.736965594166206,0.2726
"ribosome biogenesis","MMEB9_C2",0,2,3.7e-24,-1.58496250072116,0.0905
"rRNA metabolic process","MMEB9_C2",1,3,3.7e-24,-1,0.2524
"proteasome-mediated ubiquitin-dependent protein catabolic process","MMEB9_C2",2,3,3.7e-24,-0.415037499278844,0.5914
"regulation of response to DNA damage stimulus","MMEB9_C2",0,3,3.7e-24,-2,0.0406
"establishment of protein localization to organelle","MMEB9_C2",2,3,3.7e-24,-0.415037499278844,0.603
"macroautophagy","MMEB9_C2",1,2,3.7e-24,-0.584962500721156,0.5315
"regulation of chromosome organization","MMEB9_C2",0,2,3.7e-24,-1.58496250072116,0.1394
"Golgi vesicle transport","MMEB9_C2",0,3,3.7e-24,-2,0.0375
"double-strand break repair","MMEB9_C2",1,3,3.7e-24,-1,0.2353
"histone modification","MMEB9_C2",1,4,3.7e-24,-1.32192809488736,0.0689
"sister chromatid segregation","MMEB9_C2",2,2,3.7e-24,0,1
"DNA replication","MMEB9_C2",0,2,3.7e-24,-1.58496250072116,0.093
"chromosome segregation","MMEB9_C2",3,4,3.7e-24,-0.321928094887362,0.6436
"mitochondrial gene expression","MMEB9_C2",2,2,3.7e-24,0,1
"nucleocytoplasmic transport","MMEB9_C2",1,2,3.7e-24,-0.584962500721156,0.5357
"nuclear transport","MMEB9_C2",3,3,3.7e-24,0,1
"regulation of DNA repair","MMEB9_C2",0,1,3.7e-24,-1,0.4153
"peptidyl-lysine modification","MMEB9_C2",1,3,3.7e-24,-1,0.2251
"protein targeting","MMEB9_C2",2,3,3.7e-24,-0.415037499278844,0.5963
"cytoplasmic translation","MMEB9_C2",0,1,3.7e-24,-1,0.4046
"regulation of autophagy","MMEB9_C2",3,3,3.7e-24,0,1
"signal transduction in response to DNA damage","MMEB9_C2",1,2,3.7e-24,-0.584962500721156,0.5478
"regulation of intracellular transport","MMEB9_C2",1,2,3.7e-24,-0.584962500721156,0.523
"protein localization to nucleus","MMEB9_C2",0,2,3.7e-24,-1.58496250072116,0.0862
"microtubule cytoskeleton organization involved in mitosis","MMEB9_C2",0,1,3.7e-24,-1,0.4224
"telomere maintenance","MMEB9_C2",0,1,3.7e-24,-1,0.4262
"cell cycle checkpoint signaling","MMEB9_C2",0,1,3.7e-24,-1,0.4219
"regulation of protein modification by small protein conjugation or removal","MMEB9_C2",1,2,3.7e-24,-0.584962500721156,0.5853
"cellular respiration","MMEB9_C2",1,3,3.7e-24,-1,0.2449
"cellular component disassembly","MMEB9_C2",2,4,3.7e-24,-0.736965594166206,0.2697
"nuclear chromosome segregation","MMEB9_C2",1,3,3.7e-24,-1,0.218
"regulation of protein stability","MMEB9_C2",1,3,3.7e-24,-1,0.2577
"regulation of cell cycle phase transition","MMEB9_C2",5,4,3.7e-24,0.263034405833794,0.8073
"regulation of protein catabolic process","MMEB9_C2",1,3,3.7e-24,-1,0.2038
"response to endoplasmic reticulum stress","MMEB9_C2",1,2,3.7e-24,-0.584962500721156,0.5612
"vesicle organization","MMEB9_C2",0,3,3.7e-24,-2,0.0341
"mitochondrial respiratory chain complex assembly","MMEB9_C2",0,1,3.7e-24,-1,0.4992
"DNA-templated transcription elongation","MMEB9_C2",0,2,3.7e-24,-1.58496250072116,0.178
"mitochondrial transport","MMEB9_C2",3,2,3.7e-24,0.415037499278844,0.7387
"establishment of organelle localization","MMEB9_C2",3,4,3.7e-24,-0.321928094887362,0.6621
"regulation of intracellular protein transport","MMEB9_C2",0,1,3.7e-24,-1,0.4181
"response to UV","MMEB9_C2",1,1,3.7e-24,0,1
"RNA localization","MMEB9_C2",1,1,3.7e-24,0,1
"response to topologically incorrect protein","MMEB9_C2",1,1,3.7e-24,0,1
"organelle fission","MMEB9_C2",2,4,3.7e-24,-0.736965594166206,0.2685
"non-membrane-bounded organelle assembly","MMEB9_C2",3,3,3.7e-24,0,1
"protein polyubiquitination","MMEB9_C2",0,2,3.7e-24,-1.58496250072116,0.0907
"methylation","MMEB9_C2",1,3,3.7e-24,-1,0.2156
"phospholipid biosynthetic process","MMEB9_C2",0,3,3.7e-24,-2,0.0649
"oxidative phosphorylation","MMEB9_C2",1,1,3.7e-24,0,1
"establishment of protein localization to membrane","MMEB9_C2",2,2,3.7e-24,0,1
"in utero embryonic development","MMEB9_C2",2,3,3.7e-24,-0.415037499278844,0.5942
"vacuole organization","MMEB9_C2",1,2,3.7e-24,-0.584962500721156,0.5282
"nuclear-transcribed mRNA catabolic process","MMEB9_C2",2,1,3.7e-24,0.584962500721156,0.667
"protein folding","MMEB9_C2",0,2,3.7e-24,-1.58496250072116,0.1028
"DNA conformation change","MMEB9_C2",0,1,3.7e-24,-1,0.5203
"regulation of chromosome segregation","MMEB9_C2",0,1,3.7e-24,-1,0.422
"regulation of apoptotic signaling pathway","MMEB9_C2",1,4,3.7e-24,-1.32192809488736,0.1161
"cell cycle G2/M phase transition","MMEB9_C2",0,1,3.7e-24,-1,0.4205
"vacuolar transport","MMEB9_C2",1,2,3.7e-24,-0.584962500721156,0.5607
"response to ionizing radiation","MMEB9_C2",0,1,3.7e-24,-1,0.4333
"cellular response to UV","MMEB9_C2",2,1,3.7e-24,0.584962500721156,0.638
"regulation of binding","MMEB9_C2",3,3,3.7e-24,0,1
"nucleic acid transport","MMEB9_C2",0,1,3.7e-24,-1,0.4094
"RNA transport","MMEB9_C2",1,1,3.7e-24,0,1
"ribonucleoprotein complex subunit organization","MMEB9_C2",0,2,3.7e-24,-1.58496250072116,0.0785
"regulation of DNA replication","MMEB9_C2",3,1,3.7e-24,1,0.4069
"ribose phosphate metabolic process","MMEB9_C2",4,3,3.7e-24,0.321928094887362,0.7876
"proton motive force-driven ATP synthesis","MMEB9_C2",0,0,3.7e-24,0,1
"ribonucleotide metabolic process","MMEB9_C2",1,3,3.7e-24,-1,0.2119
"telomere organization","MMEB9_C2",2,1,3.7e-24,0.584962500721156,0.6646
"cellular response to topologically incorrect protein","MMEB9_C2",0,1,3.7e-24,-1,0.4213
"Golgi organization","MMEB9_C2",2,1,3.7e-24,0.584962500721156,0.6233
"ribonucleoprotein complex assembly","MMEB9_C2",1,2,3.7e-24,-0.584962500721156,0.5727
"cellular nitrogen compound catabolic process","MMEB9_C2",3,4,3.7e-24,-0.321928094887362,0.6509
"negative regulation of phosphorus metabolic process","MMEB9_C2",1,3,3.7e-24,-1,0.2615
"heterocycle catabolic process","MMEB9_C2",1,3,3.7e-24,-1,0.2063
"mitochondrial membrane organization","MMEB9_C2",1,1,3.7e-24,0,1
"regulation of protein-containing complex assembly","MMEB9_C2",3,2,3.7e-24,0.415037499278844,0.7459
"positive regulation of cellular component biogenesis","MMEB9_C2",1,4,3.7e-24,-1.32192809488736,0.0962
"response to oxidative stress","MMEB9_C2",1,3,3.7e-24,-1,0.2147
"regulation of supramolecular fiber organization","MMEB9_C2",0,3,3.7e-24,-2,0.0336
"positive regulation of protein localization","MMEB9_C2",0,3,3.7e-24,-2,0.0366
"positive regulation of cell projection organization","MMEB9_C2",1,2,3.7e-24,-0.584962500721156,0.535
"negative regulation of transferase activity","MMEB9_C2",2,2,3.7e-24,0,1
"autophagy of mitochondrion","MMEB9_C2",0,1,3.7e-24,-1,0.5278
"positive regulation of amide metabolic process","MMEB9_C2",1,2,3.7e-24,-0.584962500721156,0.5561
"chromatin remodeling","MMEB9_C2",1,3,3.7e-24,-1,0.2412
"viral process","MMEB9_C2",2,2,3.7e-24,0,1
"macromolecule deacylation","MMEB9_C2",0,1,3.7e-24,-1,0.4448
"mitotic cytokinesis","MMEB9_C2",0,0,3.7e-24,0,1
"aromatic compound catabolic process","MMEB9_C2",1,4,3.7e-24,-1.32192809488736,0.0683
"vesicle localization","MMEB9_C2",1,1,3.7e-24,0,1
"establishment or maintenance of cell polarity","MMEB9_C2",1,2,3.7e-24,-0.584962500721156,0.5608
"Wnt signaling pathway","MMEB9_C2",3,3,3.7e-24,0,1
"cell-cell signaling by wnt","MMEB9_C2",3,3,3.7e-24,0,1
"ATP metabolic process","MMEB9_C2",1,2,3.7e-24,-0.584962500721156,0.5488
"cellular response to chemical stress","MMEB9_C2",1,3,3.7e-24,-1,0.2408
"regulation of vacuole organization","MMEB9_C2",0,0,3.7e-24,0,1
"cellular response to external stimulus","MMEB9_C2",1,2,3.7e-24,-0.584962500721156,0.5279
"negative regulation of protein phosphorylation","MMEB9_C2",0,2,3.7e-24,-1.58496250072116,0.0892
"negative regulation of catabolic process","MMEB9_C2",0,2,3.7e-24,-1.58496250072116,0.0813
"regulation of microtubule cytoskeleton organization","MMEB9_C2",2,1,3.7e-24,0.584962500721156,0.6249
"chromosome localization","MMEB9_C2",0,1,3.7e-24,-1,0.4391
"negative regulation of mitotic nuclear division","MMEB9_C2",0,0,3.7e-24,0,1
"regulation of actin filament organization","MMEB9_C2",1,2,3.7e-24,-0.584962500721156,0.5257
"dephosphorylation","MMEB9_C2",1,3,3.7e-24,-1,0.239
"glycosylation","MMEB9_C2",3,1,3.7e-24,1,0.4143
"positive regulation of establishment of protein localization","MMEB9_C2",0,2,3.7e-24,-1.58496250072116,0.0769
"regulation of microtubule-based process","MMEB9_C2",0,1,3.7e-24,-1,0.4177
"cell-substrate junction organization","MMEB9_C2",0,1,3.7e-24,-1,0.4876
"protein-containing complex localization","MMEB9_C2",1,2,3.7e-24,-0.584962500721156,0.5468
"mitochondrial transmembrane transport","MMEB9_C2",1,1,3.7e-24,0,1
"stem cell population maintenance","MMEB9_C2",0,1,3.7e-24,-1,0.4215
"ribosome assembly","MMEB9_C2",1,0,3.7e-24,1,0.4927
"intraciliary transport","MMEB9_C2",0,1,3.7e-24,-1,0.4934
"Golgi to plasma membrane protein transport","MMEB9_C2",0,0,3.7e-24,0,1
"response to amino acid starvation","MMEB9_C2",0,0,3.7e-24,0,1
"cellular response to extracellular stimulus","MMEB9_C2",1,2,3.7e-24,-0.584962500721156,0.5329
"cell growth","MMEB9_C2",1,3,3.7e-24,-1,0.1975
"protein glycosylation","MMEB9_C2",1,2,3.7e-24,-0.584962500721156,0.5352
"macromolecule glycosylation","MMEB9_C2",0,2,3.7e-24,-1.58496250072116,0.1539
"maintenance of cell number","MMEB9_C2",1,2,3.7e-24,-0.584962500721156,0.5389
"response to reactive oxygen species","MMEB9_C2",1,2,3.7e-24,-0.584962500721156,0.5692
"regulation of cell morphogenesis","MMEB9_C2",1,2,3.7e-24,-0.584962500721156,0.5929
"regulation of cellular component size","MMEB9_C2",1,3,3.7e-24,-1,0.2181
"cell-substrate junction assembly","MMEB9_C2",0,0,3.7e-24,0,1
"membrane fission","MMEB9_C2",0,0,3.7e-24,0,1
"membrane docking","MMEB9_C2",0,1,3.7e-24,-1,0.5237
"fibroblast migration","MMEB9_C2",0,0,3.7e-24,0,1
"nucleus organization","MMEB9_C2",1,1,3.7e-24,0,1
"regulation of cell growth","MMEB9_C2",1,3,3.7e-24,-1,0.1911
"fibroblast proliferation","MMEB9_C2",1,1,3.7e-24,0,1
"cell cycle G1/S phase transition","MMEB9_C2",1,2,3.7e-24,-0.584962500721156,0.5369
"actin filament organization","MMEB9_C2",1,3,3.7e-24,-1,0.2244
"response to oxygen levels","MMEB9_C2",2,2,3.7e-24,0,1
"epigenetic regulation of gene expression","MMEB9_C2",0,1,3.7e-24,-1,0.4209
"organelle fusion","MMEB9_C2",1,1,3.7e-24,0,1
"lipoprotein metabolic process","MMEB9_C2",1,1,3.7e-24,0,1
"protein lipidation","MMEB9_C2",1,1,3.7e-24,0,1
"regulation of plasma membrane bounded cell projection assembly","MMEB9_C2",1,2,3.7e-24,-0.584962500721156,0.5504
"regulation of actin filament-based process","MMEB9_C2",3,3,3.7e-24,0,1
"regulation of GTPase activity","MMEB9_C2",3,2,3.7e-24,0.415037499278844,0.7517
"nuclear envelope organization","MMEB9_C2",0,1,3.7e-24,-1,0.5068
"protein autophosphorylation","MMEB9_C2",3,1,3.7e-24,1,0.4147
"connective tissue development","MMEB9_C2",0,2,3.7e-24,-1.58496250072116,0.0966
"cellular response to heat","MMEB9_C2",0,0,3.7e-24,0,1
"myeloid cell homeostasis","MMEB9_C2",0,2,3.7e-24,-1.58496250072116,0.1607
"regulation of neuron projection development","MMEB9_C2",1,3,3.7e-24,-1,0.2072
"receptor metabolic process","MMEB9_C2",0,0,3.7e-24,0,1
"maintenance of protein location in cell","MMEB9_C2",1,0,3.7e-24,1,0.4675
"apoptotic mitochondrial changes","MMEB9_C2",0,1,3.7e-24,-1,0.4238
"response to transforming growth factor beta","MMEB9_C2",1,2,3.7e-24,-0.584962500721156,0.5434
"neural tube development","MMEB9_C2",1,1,3.7e-24,0,1
"maintenance of protein location","MMEB9_C2",0,1,3.7e-24,-1,0.4739
"regulation of ubiquitin-protein transferase activity","MMEB9_C2",0,0,3.7e-24,0,1
"cilium assembly","MMEB9_C2",1,2,3.7e-24,-0.584962500721156,0.5234
"mRNA export from nucleus","MMEB9_C2",0,0,3.7e-24,0,1
"regulation of cell-substrate junction organization","MMEB9_C2",0,0,3.7e-24,0,1
"membrane biogenesis","MMEB9_C2",0,0,3.7e-24,0,1
"cilium organization","MMEB9_C2",3,4,3.7e-24,-0.321928094887362,0.6614
"platelet-derived growth factor receptor signaling pathway","MMEB9_C2",1,0,3.7e-24,1,0.3831
"iron-sulfur cluster assembly","MMEB9_C2",0,1,3.7e-24,-1,0.516
"metallo-sulfur cluster assembly","MMEB9_C2",0,0,3.7e-24,0,1
"centromere complex assembly","MMEB9_C2",0,0,3.7e-24,0,1
"cellular response to oxygen levels","MMEB9_C2",0,1,3.7e-24,-1,0.4211
"fatty acid beta-oxidation","MMEB9_C2",0,0,3.7e-24,0,1
"organelle localization by membrane tethering","MMEB9_C2",0,0,3.7e-24,0,1
"autophagosome maturation","MMEB9_C2",0,1,3.7e-24,-1,0.5184
"cellular response to transforming growth factor beta stimulus","MMEB9_C2",1,2,3.7e-24,-0.584962500721156,0.5284
"nucleotide catabolic process","MMEB9_C2",0,1,3.7e-24,-1,0.4657
"tube closure","MMEB9_C2",0,1,3.7e-24,-1,0.4477
"regulation of stem cell differentiation","MMEB9_C2",0,0,3.7e-24,0,1
"substrate adhesion-dependent cell spreading","MMEB9_C2",0,1,3.7e-24,-1,0.4941
"chondrocyte differentiation","MMEB9_C2",0,1,3.7e-24,-1,0.4111
"regulation of fibroblast proliferation","MMEB9_C2",0,0,3.7e-24,0,1
"morphogenesis of an epithelial sheet","MMEB9_C2",0,0,3.7e-24,0,1
"microtubule polymerization","MMEB9_C2",0,1,3.7e-24,-1,0.444
"response to virus","MMEB9_C2",1,3,3.7e-24,-1,0.2096
"membrane assembly","MMEB9_C2",0,1,3.7e-24,-1,0.5107
"COPII vesicle coating","MMEB9_C2",1,0,3.7e-24,1,0.2615
"erythrocyte differentiation","MMEB9_C2",2,1,3.7e-24,0.584962500721156,0.6732
"organophosphate catabolic process","MMEB9_C2",0,2,3.7e-24,-1.58496250072116,0.1845
"regulation of embryonic development","MMEB9_C2",0,1,3.7e-24,-1,0.4296
"regulation of focal adhesion assembly","MMEB9_C2",0,0,3.7e-24,0,1
"regulation of cell-substrate junction assembly","MMEB9_C2",0,0,3.7e-24,0,1
"regulation of extracellular matrix organization","MMEB9_C2",0,0,3.7e-24,0,1
"GPI anchor biosynthetic process","MMEB9_C2",1,0,3.7e-24,1,0.2208
"lamellipodium organization","MMEB9_C2",0,1,3.7e-24,-1,0.5138
"positive regulation of stem cell population maintenance","MMEB9_C2",0,0,3.7e-24,0,1
"monosaccharide metabolic process","MMEB9_C2",2,2,3.7e-24,0,1
"U2-type prespliceosome assembly","MMEB9_C2",2,0,3.7e-24,1.58496250072116,0.0232
"heterochromatin formation","MMEB9_C2",0,0,3.7e-24,0,1
"peroxisome organization","MMEB9_C2",0,0,3.7e-24,0,1
"regulation of mitochondrial fission","MMEB9_C2",0,0,3.7e-24,0,1
"cellular pigmentation","MMEB9_C2",2,1,3.7e-24,0.584962500721156,0.6416
"regulation of fibroblast migration","MMEB9_C2",0,0,3.7e-24,0,1
"cellular carbohydrate metabolic process","MMEB9_C2",1,2,3.7e-24,-0.584962500721156,0.5333
"positive regulation of axonogenesis","MMEB9_C2",0,0,3.7e-24,0,1
"kinetochore organization","MMEB9_C2",0,0,3.7e-24,0,1
"stem cell differentiation","MMEB9_C2",1,2,3.7e-24,-0.584962500721156,0.5701
"proton transmembrane transport","MMEB9_C2",1,1,3.7e-24,0,1
"cellular response to insulin stimulus","MMEB9_C2",1,2,3.7e-24,-0.584962500721156,0.5295
"establishment of mitotic spindle localization","MMEB9_C2",0,0,3.7e-24,0,1
"cell redox homeostasis","MMEB9_C2",0,0,3.7e-24,0,1
"stress granule assembly","MMEB9_C2",0,0,3.7e-24,0,1
"protein neddylation","MMEB9_C2",0,0,3.7e-24,0,1
"regulation of mitochondrial membrane potential","MMEB9_C2",0,0,3.7e-24,0,1
"neuron death","MMEB9_C2",2,3,3.7e-24,-0.415037499278844,0.6013
"defense response to virus","MMEB9_C2",1,2,3.7e-24,-0.584962500721156,0.5309
"sulfur compound metabolic process","MMEB9_C2",2,2,3.7e-24,0,1
"NADP metabolic process","MMEB9_C2",0,0,3.7e-24,0,1
"vacuolar acidification","MMEB9_C2",1,0,3.7e-24,1,0.2795
"oligosaccharide-lipid intermediate biosynthetic process","MMEB9_C2",0,0,3.7e-24,0,1
"lysosomal lumen acidification","MMEB9_C2",0,0,3.7e-24,0,1
"glycosyl compound biosynthetic process","MMEB9_C2",1,0,3.7e-24,1,0.135
"heart valve development","MMEB9_C2",0,0,3.7e-24,0,1
"water-soluble vitamin metabolic process","MMEB9_C2",0,1,3.7e-24,-1,0.5191
"interferon-beta production","MMEB9_C2",0,0,3.7e-24,0,1
"regulation of interferon-beta production","MMEB9_C2",0,0,3.7e-24,0,1
"branched-chain amino acid metabolic process","MMEB9_C2",0,0,3.7e-24,0,1
"regulation of mitochondrial membrane permeability","MMEB9_C2",0,1,3.7e-24,-1,0.4702
"respiratory tube development","MMEB9_C2",0,1,3.7e-24,-1,0.4262
"cellular senescence","MMEB9_C2",0,0,3.7e-24,0,1
"positive regulation of neurogenesis","MMEB9_C2",1,1,3.7e-24,0,1
"mitochondrial outer membrane permeabilization","MMEB9_C2",0,0,3.7e-24,0,1
"immune system development","MMEB9_C2",0,1,3.7e-24,-1,0.4174
"clathrin-dependent endocytosis","MMEB9_C2",0,0,3.7e-24,0,1
"positive regulation of viral process","MMEB9_C2",0,0,3.7e-24,0,1
"bone development","MMEB9_C2",0,1,3.7e-24,-1,0.4125
"cell-substrate adhesion","MMEB9_C2",2,2,3.7e-24,0,1
"positive regulation of microtubule polymerization","MMEB9_C2",0,0,3.7e-24,0,1
"pteridine-containing compound metabolic process","MMEB9_C2",0,0,3.7e-24,0,1
"response to arsenic-containing substance","MMEB9_C2",0,0,3.7e-24,0,1
"response to insulin","MMEB9_C2",1,2,3.7e-24,-0.584962500721156,0.5422
"ubiquinone metabolic process","MMEB9_C2",0,0,3.7e-24,0,1
"cellular response to arsenic-containing substance","MMEB9_C2",0,0,3.7e-24,0,1
"inositol phosphate catabolic process","MMEB9_C2",1,0,3.7e-24,1,0.09
"telomerase RNA localization to Cajal body","MMEB9_C2",0,0,3.7e-24,0,1
"respiratory system development","MMEB9_C2",1,1,3.7e-24,0,1
"regulation of generation of precursor metabolites and energy","MMEB9_C2",0,1,3.7e-24,-1,0.451
"mitochondrial calcium ion homeostasis","MMEB9_C2",0,0,3.7e-24,0,1
"G0 to G1 transition","MMEB9_C2",0,0,3.7e-24,0,1
"mitochondrial genome maintenance","MMEB9_C2",0,0,3.7e-24,0,1
"release of cytochrome c from mitochondria","MMEB9_C2",0,0,3.7e-24,0,1
"cortical cytoskeleton organization","MMEB9_C2",1,0,3.7e-24,1,0.3218
"response to sterol depletion","MMEB9_C2",0,0,3.7e-24,0,1
"regulation of ncRNA transcription","MMEB9_C2",0,0,3.7e-24,0,1
"mesenchymal cell differentiation","MMEB9_C2",0,2,3.7e-24,-1.58496250072116,0.1474
"protein-DNA complex subunit organization","MMEB9_C2",1,1,3.7e-24,0,1
"response to fluid shear stress","MMEB9_C2",0,0,3.7e-24,0,1
"collagen fibril organization","MMEB9_C2",1,0,3.7e-24,1,0.3905
"roof of mouth development","MMEB9_C2",0,0,3.7e-24,0,1
"regulation of protein dephosphorylation","MMEB9_C2",0,0,3.7e-24,0,1
"multicellular organism growth","MMEB9_C2",1,1,3.7e-24,0,1
"miRNA processing","MMEB9_C2",0,0,3.7e-24,0,1
"small molecule catabolic process","MMEB9_C2",4,2,3.7e-24,0.736965594166206,0.3313
"regulation of G0 to G1 transition","MMEB9_C2",1,0,3.7e-24,1,0.4346
"circadian regulation of gene expression","MMEB9_C2",0,1,3.7e-24,-1,0.4793
"regulation of translational fidelity","MMEB9_C2",0,0,3.7e-24,0,1
"ubiquinone biosynthetic process","MMEB9_C2",0,0,3.7e-24,0,1
"mitochondrial calcium ion transmembrane transport","MMEB9_C2",0,0,3.7e-24,0,1
"quinone biosynthetic process","MMEB9_C2",0,0,3.7e-24,0,1
"viral release from host cell","MMEB9_C2",0,0,3.7e-24,0,1
"exit from host cell","MMEB9_C2",0,0,3.7e-24,0,1
"positive regulation of GTPase activity","MMEB9_C2",0,1,3.7e-24,-1,0.4091
"regulation of cytokinesis","MMEB9_C2",0,1,3.7e-24,-1,0.4693
"mitochondrion localization","MMEB9_C2",0,0,3.7e-24,0,1
"renal system development","MMEB9_C2",2,2,3.7e-24,0,1
"regulation of cysteine-type endopeptidase activity involved in apoptotic process","MMEB9_C2",1,1,3.7e-24,0,1
"regulation of cell-substrate adhesion","MMEB9_C2",1,1,3.7e-24,0,1
"centrosome localization","MMEB9_C2",0,0,3.7e-24,0,1
"microtubule organizing center localization","MMEB9_C2",0,0,3.7e-24,0,1
"pinocytosis","MMEB9_C2",1,0,3.7e-24,1,0.1137
"lamellipodium assembly","MMEB9_C2",0,0,3.7e-24,0,1
"cellular response to sterol depletion","MMEB9_C2",0,0,3.7e-24,0,1
"placenta development","MMEB9_C2",0,1,3.7e-24,-1,0.4238
"rhythmic process","MMEB9_C2",0,3,3.7e-24,-2,0.065
"spindle localization","MMEB9_C2",0,0,3.7e-24,0,1
"carbohydrate derivative catabolic process","MMEB9_C2",0,1,3.7e-24,-1,0.4113
"response to amino acid","MMEB9_C2",2,1,3.7e-24,0.584962500721156,0.6459
"regulation of intracellular steroid hormone receptor signaling pathway","MMEB9_C2",0,1,3.7e-24,-1,0.4812
"regulation of neuron death","MMEB9_C2",3,2,3.7e-24,0.415037499278844,0.7387
"ossification","MMEB9_C2",1,3,3.7e-24,-1,0.196
"mammary gland epithelial cell proliferation","MMEB9_C2",0,0,3.7e-24,0,1
"ribosomal subunit export from nucleus","MMEB9_C2",0,0,3.7e-24,0,1
"ribosome localization","MMEB9_C2",1,0,3.7e-24,1,0.1311
"protein transport to vacuole involved in ubiquitin-dependent protein catabolic process via the multivesicular body sorting pathway","MMEB9_C2",0,0,3.7e-24,0,1
"seminiferous tubule development","MMEB9_C2",0,0,3.7e-24,0,1
"cellular response to acid chemical","MMEB9_C2",0,1,3.7e-24,-1,0.4423
"positive regulation of kinase activity","MMEB9_C2",2,3,3.7e-24,-0.415037499278844,0.6022
"positive regulation by host of viral process","MMEB9_C2",0,0,3.7e-24,0,1
"mitochondrion morphogenesis","MMEB9_C2",0,0,3.7e-24,0,1
"regulation of establishment of cell polarity","MMEB9_C2",0,0,3.7e-24,0,1
"cellular lipid catabolic process","MMEB9_C2",0,1,3.7e-24,-1,0.3951
"neuron apoptotic process","MMEB9_C2",1,2,3.7e-24,-0.584962500721156,0.5503
"inner cell mass cell proliferation","MMEB9_C2",0,0,3.7e-24,0,1
"polyamine biosynthetic process","MMEB9_C2",0,0,3.7e-24,0,1
"folic acid metabolic process","MMEB9_C2",0,0,3.7e-24,0,1
"organelle inheritance","MMEB9_C2",0,0,3.7e-24,0,1
"polyol metabolic process","MMEB9_C2",1,1,3.7e-24,0,1
"regulation of type I interferon-mediated signaling pathway","MMEB9_C2",0,0,3.7e-24,0,1
"intracellular lipid transport","MMEB9_C2",0,0,3.7e-24,0,1
"fat cell differentiation","MMEB9_C2",0,2,3.7e-24,-1.58496250072116,0.1568
"iron ion homeostasis","MMEB9_C2",1,1,3.7e-24,0,1
"negative regulation of cell projection organization","MMEB9_C2",0,1,3.7e-24,-1,0.4632
"dicarboxylic acid metabolic process","MMEB9_C2",0,1,3.7e-24,-1,0.4625
"regulation of anatomical structure size","MMEB9_C2",0,4,3.7e-24,-2.32192809488736,0.0109
"regulation of small molecule metabolic process","MMEB9_C2",0,2,3.7e-24,-1.58496250072116,0.1418
"pentose-phosphate shunt","MMEB9_C2",0,0,3.7e-24,0,1
"pericardium development","MMEB9_C2",0,0,3.7e-24,0,1
"lysosomal protein catabolic process","MMEB9_C2",0,0,3.7e-24,0,1
"carbohydrate derivative transport","MMEB9_C2",2,0,3.7e-24,1.58496250072116,0.1211
"alcohol biosynthetic process","MMEB9_C2",0,1,3.7e-24,-1,0.4219
"regulation of membrane permeability","MMEB9_C2",0,0,3.7e-24,0,1
"signal peptide processing","MMEB9_C2",0,0,3.7e-24,0,1
"UV-damage excision repair","MMEB9_C2",0,0,3.7e-24,0,1
"biological process involved in interaction with host","MMEB9_C2",2,1,3.7e-24,0.584962500721156,0.6633
"body morphogenesis","MMEB9_C2",0,0,3.7e-24,0,1
"extracellular vesicle biogenesis","MMEB9_C2",0,0,3.7e-24,0,1
"negative regulation of defense response to virus","MMEB9_C2",0,0,3.7e-24,0,1
"aminoglycan biosynthetic process","MMEB9_C2",1,1,3.7e-24,0,1
"sterol biosynthetic process","MMEB9_C2",0,0,3.7e-24,0,1
"polyamine metabolic process","MMEB9_C2",0,0,3.7e-24,0,1
"magnesium ion transport","MMEB9_C2",0,0,3.7e-24,0,1
"lamellipodium morphogenesis","MMEB9_C2",0,0,3.7e-24,0,1
"positive regulation of neuron migration","MMEB9_C2",0,0,3.7e-24,0,1
"regulation of glucose metabolic process","MMEB9_C2",0,0,3.7e-24,0,1
"monosaccharide biosynthetic process","MMEB9_C2",0,0,3.7e-24,0,1
"response to acid chemical","MMEB9_C2",0,1,3.7e-24,-1,0.4241
"regulation of carbohydrate metabolic process","MMEB9_C2",4,1,3.7e-24,1.32192809488736,0.0214
"positive regulation of nervous system development","MMEB9_C2",1,2,3.7e-24,-0.584962500721156,0.5492
"regulation of circadian rhythm","MMEB9_C2",0,1,3.7e-24,-1,0.4232
"trabecula morphogenesis","MMEB9_C2",0,0,3.7e-24,0,1
"pigment accumulation","MMEB9_C2",0,0,3.7e-24,0,1
"cellular pigment accumulation","MMEB9_C2",0,0,3.7e-24,0,1
"regulation of pinocytosis","MMEB9_C2",0,0,3.7e-24,0,1
"regulation of ligase activity","MMEB9_C2",0,0,3.7e-24,0,1
"smoothened signaling pathway involved in dorsal/ventral neural tube patterning","MMEB9_C2",0,0,3.7e-24,0,1
"glycosyl compound metabolic process","MMEB9_C2",0,0,3.7e-24,0,1
"substantia nigra development","MMEB9_C2",0,0,3.7e-24,0,1
"negative regulation of GTPase activity","MMEB9_C2",0,0,3.7e-24,0,1
"axon extension","MMEB9_C2",0,1,3.7e-24,-1,0.4541
"positive regulation of epithelial to mesenchymal transition","MMEB9_C2",0,0,3.7e-24,0,1
"one-carbon metabolic process","MMEB9_C2",0,0,3.7e-24,0,1
"NADPH regeneration","MMEB9_C2",0,0,3.7e-24,0,1
"cellular response to dsRNA","MMEB9_C2",0,0,3.7e-24,0,1
"neuron projection organization","MMEB9_C2",0,1,3.7e-24,-1,0.4776
"postsynapse organization","MMEB9_C2",0,1,3.7e-24,-1,0.4133
"regulation of ketone biosynthetic process","MMEB9_C2",0,0,3.7e-24,0,1
"mitochondrion distribution","MMEB9_C2",0,0,3.7e-24,0,1
"regulation of autophagosome maturation","MMEB9_C2",0,0,3.7e-24,0,1
"magnesium ion transmembrane transport","MMEB9_C2",0,0,3.7e-24,0,1
"regulation of cell division","MMEB9_C2",0,1,3.7e-24,-1,0.4195
"intermembrane lipid transfer","MMEB9_C2",0,0,3.7e-24,0,1
"organophosphate ester transport","MMEB9_C2",0,1,3.7e-24,-1,0.4139
"movement in host","MMEB9_C2",0,1,3.7e-24,-1,0.4157
"extracellular matrix assembly","MMEB9_C2",0,0,3.7e-24,0,1
"cellular metabolic compound salvage","MMEB9_C2",0,0,3.7e-24,0,1
"regulation of ATP-dependent activity","MMEB9_C2",0,0,3.7e-24,0,1
"cell migration involved in heart development","MMEB9_C2",0,0,3.7e-24,0,1
"cellular response to fluid shear stress","MMEB9_C2",0,0,3.7e-24,0,1
"sphingomyelin biosynthetic process","MMEB9_C2",0,0,3.7e-24,0,1
"ether lipid biosynthetic process","MMEB9_C2",1,0,3.7e-24,1,0.1
"embryonic body morphogenesis","MMEB9_C2",0,0,3.7e-24,0,1
"amino sugar biosynthetic process","MMEB9_C2",1,0,3.7e-24,1,0.1088
"glycerol ether biosynthetic process","MMEB9_C2",0,0,3.7e-24,0,1
"pigmentation","MMEB9_C2",1,1,3.7e-24,0,1
"cellular response to ketone","MMEB9_C2",0,0,3.7e-24,0,1
"nonribosomal peptide biosynthetic process","MMEB9_C2",0,0,3.7e-24,0,1
"glial cell apoptotic process","MMEB9_C2",0,0,3.7e-24,0,1
"lipoprotein catabolic process","MMEB9_C2",0,0,3.7e-24,0,1
"suppression of viral release by host","MMEB9_C2",0,0,3.7e-24,0,1
"chaperone-mediated autophagy","MMEB9_C2",0,0,3.7e-24,0,1
"regulation of steroid hormone biosynthetic process","MMEB9_C2",0,0,3.7e-24,0,1
"synaptic vesicle lumen acidification","MMEB9_C2",0,0,3.7e-24,0,1
"semaphorin-plexin signaling pathway involved in neuron projection guidance","MMEB9_C2",1,0,3.7e-24,1,0.1454
"regulation of Golgi organization","MMEB9_C2",0,0,3.7e-24,0,1
"Schwann cell differentiation","MMEB9_C2",0,0,3.7e-24,0,1
"neurotrophin signaling pathway","MMEB9_C2",0,0,3.7e-24,0,1
"regulation of microtubule depolymerization","MMEB9_C2",1,0,3.7e-24,1,0.2041
"basement membrane organization","MMEB9_C2",0,0,3.7e-24,0,1
"establishment or maintenance of epithelial cell apical/basal polarity","MMEB9_C2",0,1,3.7e-24,-1,0.4596
"face development","MMEB9_C2",0,0,3.7e-24,0,1
"osteoblast differentiation","MMEB9_C2",1,2,3.7e-24,-0.584962500721156,0.5875
"appendage development","MMEB9_C2",0,1,3.7e-24,-1,0.418
"limb development","MMEB9_C2",0,1,3.7e-24,-1,0.4275
"regulation of ATP metabolic process","MMEB9_C2",1,0,3.7e-24,1,0.3659
"developmental growth involved in morphogenesis","MMEB9_C2",0,2,3.7e-24,-1.58496250072116,0.1476
"embryonic organ development","MMEB9_C2",2,3,3.7e-24,-0.415037499278844,0.588
"negative regulation of growth","MMEB9_C2",0,2,3.7e-24,-1.58496250072116,0.177
"microtubule depolymerization","MMEB9_C2",0,0,3.7e-24,0,1
"heme metabolic process","MMEB9_C2",0,0,3.7e-24,0,1
"regulation of neuron apoptotic process","MMEB9_C2",0,2,3.7e-24,-1.58496250072116,0.1399
"plasma membrane tubulation","MMEB9_C2",0,0,3.7e-24,0,1
"exosomal secretion","MMEB9_C2",0,0,3.7e-24,0,1
"vasculogenesis","MMEB9_C2",1,0,3.7e-24,1,0.4469
"toxin transport","MMEB9_C2",0,0,3.7e-24,0,1
"ncRNA processing","MMEB9_C3",2,4,3.7e-24,-0.736965594166206,0.2989
"ribosome biogenesis","MMEB9_C3",0,2,3.7e-24,-1.58496250072116,0.1008
"rRNA metabolic process","MMEB9_C3",3,2,3.7e-24,0.415037499278844,0.7466
"proteasome-mediated ubiquitin-dependent protein catabolic process","MMEB9_C3",3,3,3.7e-24,0,1
"regulation of response to DNA damage stimulus","MMEB9_C3",2,3,3.7e-24,-0.415037499278844,0.6129
"establishment of protein localization to organelle","MMEB9_C3",0,3,3.7e-24,-2,0.031
"macroautophagy","MMEB9_C3",0,2,3.7e-24,-1.58496250072116,0.1063
"regulation of chromosome organization","MMEB9_C3",2,2,3.7e-24,0,1
"Golgi vesicle transport","MMEB9_C3",2,3,3.7e-24,-0.415037499278844,0.6051
"double-strand break repair","MMEB9_C3",5,2,3.7e-24,1,0.1941
"histone modification","MMEB9_C3",4,4,3.7e-24,0,1
"sister chromatid segregation","MMEB9_C3",3,2,3.7e-24,0.415037499278844,0.7388
"DNA replication","MMEB9_C3",2,2,3.7e-24,0,1
"chromosome segregation","MMEB9_C3",4,4,3.7e-24,0,1
"mitochondrial gene expression","MMEB9_C3",0,1,3.7e-24,-1,0.4125
"nucleocytoplasmic transport","MMEB9_C3",1,2,3.7e-24,-0.584962500721156,0.5294
"nuclear transport","MMEB9_C3",4,3,3.7e-24,0.321928094887362,0.7794
"regulation of DNA repair","MMEB9_C3",2,2,3.7e-24,0,1
"peptidyl-lysine modification","MMEB9_C3",2,3,3.7e-24,-0.415037499278844,0.625
"protein targeting","MMEB9_C3",0,3,3.7e-24,-2,0.0467
"cytoplasmic translation","MMEB9_C3",1,1,3.7e-24,0,1
"regulation of autophagy","MMEB9_C3",1,3,3.7e-24,-1,0.2566
"signal transduction in response to DNA damage","MMEB9_C3",0,2,3.7e-24,-1.58496250072116,0.1688
"regulation of intracellular transport","MMEB9_C3",4,2,3.7e-24,0.736965594166206,0.2932
"protein localization to nucleus","MMEB9_C3",2,2,3.7e-24,0,1
"microtubule cytoskeleton organization involved in mitosis","MMEB9_C3",0,1,3.7e-24,-1,0.4486
"telomere maintenance","MMEB9_C3",1,1,3.7e-24,0,1
"cell cycle checkpoint signaling","MMEB9_C3",2,1,3.7e-24,0.584962500721156,0.6586
"regulation of protein modification by small protein conjugation or removal","MMEB9_C3",1,2,3.7e-24,-0.584962500721156,0.5632
"cellular respiration","MMEB9_C3",4,2,3.7e-24,0.736965594166206,0.34
"cellular component disassembly","MMEB9_C3",4,4,3.7e-24,0,1
"nuclear chromosome segregation","MMEB9_C3",3,2,3.7e-24,0.415037499278844,0.7515
"regulation of protein stability","MMEB9_C3",3,2,3.7e-24,0.415037499278844,0.7485
"regulation of cell cycle phase transition","MMEB9_C3",2,4,3.7e-24,-0.736965594166206,0.3128
"regulation of protein catabolic process","MMEB9_C3",2,3,3.7e-24,-0.415037499278844,0.6097
"response to endoplasmic reticulum stress","MMEB9_C3",5,2,3.7e-24,1,0.1875
"vesicle organization","MMEB9_C3",5,3,3.7e-24,0.584962500721156,0.3892
"mitochondrial respiratory chain complex assembly","MMEB9_C3",0,1,3.7e-24,-1,0.4899
"DNA-templated transcription elongation","MMEB9_C3",3,1,3.7e-24,1,0.4171
"mitochondrial transport","MMEB9_C3",0,2,3.7e-24,-1.58496250072116,0.1586
"establishment of organelle localization","MMEB9_C3",3,3,3.7e-24,0,1
"regulation of intracellular protein transport","MMEB9_C3",2,2,3.7e-24,0,1
"response to UV","MMEB9_C3",0,1,3.7e-24,-1,0.4247
"RNA localization","MMEB9_C3",1,1,3.7e-24,0,1
"response to topologically incorrect protein","MMEB9_C3",0,1,3.7e-24,-1,0.4171
"organelle fission","MMEB9_C3",0,4,3.7e-24,-2.32192809488736,0.0238
"non-membrane-bounded organelle assembly","MMEB9_C3",2,3,3.7e-24,-0.415037499278844,0.6015
"protein polyubiquitination","MMEB9_C3",1,2,3.7e-24,-0.584962500721156,0.5391
"methylation","MMEB9_C3",2,3,3.7e-24,-0.415037499278844,0.6223
"phospholipid biosynthetic process","MMEB9_C3",2,2,3.7e-24,0,1
"oxidative phosphorylation","MMEB9_C3",1,1,3.7e-24,0,1
"establishment of protein localization to membrane","MMEB9_C3",2,2,3.7e-24,0,1
"in utero embryonic development","MMEB9_C3",0,3,3.7e-24,-2,0.0395
"vacuole organization","MMEB9_C3",2,2,3.7e-24,0,1
"nuclear-transcribed mRNA catabolic process","MMEB9_C3",1,1,3.7e-24,0,1
"protein folding","MMEB9_C3",4,2,3.7e-24,0.736965594166206,0.2855
"DNA conformation change","MMEB9_C3",0,0,3.7e-24,0,1
"regulation of chromosome segregation","MMEB9_C3",0,1,3.7e-24,-1,0.4149
"regulation of apoptotic signaling pathway","MMEB9_C3",2,3,3.7e-24,-0.415037499278844,0.5911
"cell cycle G2/M phase transition","MMEB9_C3",3,1,3.7e-24,1,0.4093
"vacuolar transport","MMEB9_C3",0,2,3.7e-24,-1.58496250072116,0.1798
"response to ionizing radiation","MMEB9_C3",0,1,3.7e-24,-1,0.4469
"cellular response to UV","MMEB9_C3",0,0,3.7e-24,0,1
"regulation of binding","MMEB9_C3",1,3,3.7e-24,-1,0.2374
"nucleic acid transport","MMEB9_C3",1,1,3.7e-24,0,1
"RNA transport","MMEB9_C3",1,1,3.7e-24,0,1
"ribonucleoprotein complex subunit organization","MMEB9_C3",2,2,3.7e-24,0,1
"regulation of DNA replication","MMEB9_C3",1,1,3.7e-24,0,1
"ribose phosphate metabolic process","MMEB9_C3",1,3,3.7e-24,-1,0.1943
"proton motive force-driven ATP synthesis","MMEB9_C3",1,0,3.7e-24,1,0.4646
"ribonucleotide metabolic process","MMEB9_C3",0,3,3.7e-24,-2,0.048
"telomere organization","MMEB9_C3",1,1,3.7e-24,0,1
"cellular response to topologically incorrect protein","MMEB9_C3",1,1,3.7e-24,0,1
"Golgi organization","MMEB9_C3",1,1,3.7e-24,0,1
"ribonucleoprotein complex assembly","MMEB9_C3",0,1,3.7e-24,-1,0.4175
"cellular nitrogen compound catabolic process","MMEB9_C3",4,3,3.7e-24,0.321928094887362,0.7827
"negative regulation of phosphorus metabolic process","MMEB9_C3",2,3,3.7e-24,-0.415037499278844,0.62
"heterocycle catabolic process","MMEB9_C3",1,3,3.7e-24,-1,0.2181
"mitochondrial membrane organization","MMEB9_C3",0,1,3.7e-24,-1,0.4595
"regulation of protein-containing complex assembly","MMEB9_C3",2,2,3.7e-24,0,1
"positive regulation of cellular component biogenesis","MMEB9_C3",3,3,3.7e-24,0,1
"response to oxidative stress","MMEB9_C3",2,3,3.7e-24,-0.415037499278844,0.6015
"regulation of supramolecular fiber organization","MMEB9_C3",2,3,3.7e-24,-0.415037499278844,0.6046
"positive regulation of protein localization","MMEB9_C3",0,3,3.7e-24,-2,0.0413
"positive regulation of cell projection organization","MMEB9_C3",2,2,3.7e-24,0,1
"negative regulation of transferase activity","MMEB9_C3",1,2,3.7e-24,-0.584962500721156,0.548
"autophagy of mitochondrion","MMEB9_C3",0,0,3.7e-24,0,1
"positive regulation of amide metabolic process","MMEB9_C3",1,2,3.7e-24,-0.584962500721156,0.5864
"chromatin remodeling","MMEB9_C3",3,3,3.7e-24,0,1
"viral process","MMEB9_C3",2,2,3.7e-24,0,1
"macromolecule deacylation","MMEB9_C3",0,1,3.7e-24,-1,0.4386
"mitotic cytokinesis","MMEB9_C3",0,0,3.7e-24,0,1
"aromatic compound catabolic process","MMEB9_C3",2,4,3.7e-24,-0.736965594166206,0.269
"vesicle localization","MMEB9_C3",1,2,3.7e-24,-0.584962500721156,0.5859
"establishment or maintenance of cell polarity","MMEB9_C3",0,2,3.7e-24,-1.58496250072116,0.1368
"Wnt signaling pathway","MMEB9_C3",0,3,3.7e-24,-2,0.0379
"cell-cell signaling by wnt","MMEB9_C3",3,3,3.7e-24,0,1
"ATP metabolic process","MMEB9_C3",0,1,3.7e-24,-1,0.4077
"cellular response to chemical stress","MMEB9_C3",2,3,3.7e-24,-0.415037499278844,0.6125
"regulation of vacuole organization","MMEB9_C3",1,0,3.7e-24,1,0.3943
"cellular response to external stimulus","MMEB9_C3",1,2,3.7e-24,-0.584962500721156,0.5338
"negative regulation of protein phosphorylation","MMEB9_C3",2,2,3.7e-24,0,1
"negative regulation of catabolic process","MMEB9_C3",1,2,3.7e-24,-0.584962500721156,0.5305
"regulation of microtubule cytoskeleton organization","MMEB9_C3",0,1,3.7e-24,-1,0.4754
"chromosome localization","MMEB9_C3",0,1,3.7e-24,-1,0.4591
"negative regulation of mitotic nuclear division","MMEB9_C3",0,0,3.7e-24,0,1
"regulation of actin filament organization","MMEB9_C3",0,2,3.7e-24,-1.58496250072116,0.1369
"dephosphorylation","MMEB9_C3",2,3,3.7e-24,-0.415037499278844,0.6161
"glycosylation","MMEB9_C3",1,1,3.7e-24,0,1
"positive regulation of establishment of protein localization","MMEB9_C3",1,2,3.7e-24,-0.584962500721156,0.5291
"regulation of microtubule-based process","MMEB9_C3",1,2,3.7e-24,-0.584962500721156,0.5876
"cell-substrate junction organization","MMEB9_C3",1,1,3.7e-24,0,1
"protein-containing complex localization","MMEB9_C3",1,2,3.7e-24,-0.584962500721156,0.5768
"mitochondrial transmembrane transport","MMEB9_C3",3,1,3.7e-24,1,0.4901
"stem cell population maintenance","MMEB9_C3",2,1,3.7e-24,0.584962500721156,0.6267
"ribosome assembly","MMEB9_C3",2,0,3.7e-24,1.58496250072116,0.1355
"intraciliary transport","MMEB9_C3",1,1,3.7e-24,0,1
"Golgi to plasma membrane protein transport","MMEB9_C3",1,0,3.7e-24,1,0.2398
"response to amino acid starvation","MMEB9_C3",0,0,3.7e-24,0,1
"cellular response to extracellular stimulus","MMEB9_C3",1,2,3.7e-24,-0.584962500721156,0.5594
"cell growth","MMEB9_C3",2,3,3.7e-24,-0.415037499278844,0.5963
"protein glycosylation","MMEB9_C3",1,2,3.7e-24,-0.584962500721156,0.532
"macromolecule glycosylation","MMEB9_C3",2,2,3.7e-24,0,1
"maintenance of cell number","MMEB9_C3",3,2,3.7e-24,0.415037499278844,0.7293
"response to reactive oxygen species","MMEB9_C3",2,2,3.7e-24,0,1
"regulation of cell morphogenesis","MMEB9_C3",1,1,3.7e-24,0,1
"regulation of cellular component size","MMEB9_C3",1,2,3.7e-24,-0.584962500721156,0.539
"cell-substrate junction assembly","MMEB9_C3",0,0,3.7e-24,0,1
"membrane fission","MMEB9_C3",0,0,3.7e-24,0,1
"membrane docking","MMEB9_C3",0,1,3.7e-24,-1,0.5307
"fibroblast migration","MMEB9_C3",0,0,3.7e-24,0,1
"nucleus organization","MMEB9_C3",3,1,3.7e-24,1,0.4209
"regulation of cell growth","MMEB9_C3",4,3,3.7e-24,0.321928094887362,0.7751
"fibroblast proliferation","MMEB9_C3",0,1,3.7e-24,-1,0.4384
"cell cycle G1/S phase transition","MMEB9_C3",1,2,3.7e-24,-0.584962500721156,0.5299
"actin filament organization","MMEB9_C3",4,3,3.7e-24,0.321928094887362,0.772
"response to oxygen levels","MMEB9_C3",2,2,3.7e-24,0,1
"epigenetic regulation of gene expression","MMEB9_C3",1,1,3.7e-24,0,1
"organelle fusion","MMEB9_C3",0,1,3.7e-24,-1,0.4315
"lipoprotein metabolic process","MMEB9_C3",3,1,3.7e-24,1,0.4362
"protein lipidation","MMEB9_C3",2,1,3.7e-24,0.584962500721156,0.6325
"regulation of plasma membrane bounded cell projection assembly","MMEB9_C3",0,2,3.7e-24,-1.58496250072116,0.1472
"regulation of actin filament-based process","MMEB9_C3",1,3,3.7e-24,-1,0.2641
"regulation of GTPase activity","MMEB9_C3",2,2,3.7e-24,0,1
"nuclear envelope organization","MMEB9_C3",1,0,3.7e-24,1,0.4645
"protein autophosphorylation","MMEB9_C3",0,1,3.7e-24,-1,0.4208
"connective tissue development","MMEB9_C3",1,2,3.7e-24,-0.584962500721156,0.5276
"cellular response to heat","MMEB9_C3",0,0,3.7e-24,0,1
"myeloid cell homeostasis","MMEB9_C3",1,1,3.7e-24,0,1
"regulation of neuron projection development","MMEB9_C3",2,3,3.7e-24,-0.415037499278844,0.6046
"receptor metabolic process","MMEB9_C3",0,0,3.7e-24,0,1
"maintenance of protein location in cell","MMEB9_C3",0,0,3.7e-24,0,1
"apoptotic mitochondrial changes","MMEB9_C3",1,1,3.7e-24,0,1
"response to transforming growth factor beta","MMEB9_C3",2,2,3.7e-24,0,1
"neural tube development","MMEB9_C3",0,1,3.7e-24,-1,0.4079
"maintenance of protein location","MMEB9_C3",1,1,3.7e-24,0,1
"regulation of ubiquitin-protein transferase activity","MMEB9_C3",0,0,3.7e-24,0,1
"cilium assembly","MMEB9_C3",1,2,3.7e-24,-0.584962500721156,0.5259
"mRNA export from nucleus","MMEB9_C3",0,0,3.7e-24,0,1
"regulation of cell-substrate junction organization","MMEB9_C3",0,0,3.7e-24,0,1
"membrane biogenesis","MMEB9_C3",1,0,3.7e-24,1,0.4317
"cilium organization","MMEB9_C3",2,3,3.7e-24,-0.415037499278844,0.5983
"platelet-derived growth factor receptor signaling pathway","MMEB9_C3",2,0,3.7e-24,1.58496250072116,0.0925
"iron-sulfur cluster assembly","MMEB9_C3",0,0,3.7e-24,0,1
"metallo-sulfur cluster assembly","MMEB9_C3",2,0,3.7e-24,1.58496250072116,0.0402
"centromere complex assembly","MMEB9_C3",1,0,3.7e-24,1,0.1658
"cellular response to oxygen levels","MMEB9_C3",1,1,3.7e-24,0,1
"fatty acid beta-oxidation","MMEB9_C3",1,0,3.7e-24,1,0.4011
"organelle localization by membrane tethering","MMEB9_C3",1,0,3.7e-24,1,0.3533
"autophagosome maturation","MMEB9_C3",0,0,3.7e-24,0,1
"cellular response to transforming growth factor beta stimulus","MMEB9_C3",1,2,3.7e-24,-0.584962500721156,0.5394
"nucleotide catabolic process","MMEB9_C3",1,1,3.7e-24,0,1
"tube closure","MMEB9_C3",1,1,3.7e-24,0,1
"regulation of stem cell differentiation","MMEB9_C3",0,0,3.7e-24,0,1
"substrate adhesion-dependent cell spreading","MMEB9_C3",1,0,3.7e-24,1,0.4662
"chondrocyte differentiation","MMEB9_C3",4,1,3.7e-24,1.32192809488736,0.0437
"regulation of fibroblast proliferation","MMEB9_C3",1,0,3.7e-24,1,0.3711
"morphogenesis of an epithelial sheet","MMEB9_C3",0,0,3.7e-24,0,1
"microtubule polymerization","MMEB9_C3",0,1,3.7e-24,-1,0.4831
"response to virus","MMEB9_C3",2,2,3.7e-24,0,1
"membrane assembly","MMEB9_C3",1,1,3.7e-24,0,1
"COPII vesicle coating","MMEB9_C3",0,0,3.7e-24,0,1
"erythrocyte differentiation","MMEB9_C3",0,1,3.7e-24,-1,0.4167
"organophosphate catabolic process","MMEB9_C3",1,1,3.7e-24,0,1
"regulation of embryonic development","MMEB9_C3",1,1,3.7e-24,0,1
"regulation of focal adhesion assembly","MMEB9_C3",0,0,3.7e-24,0,1
"regulation of cell-substrate junction assembly","MMEB9_C3",1,0,3.7e-24,1,0.3365
"regulation of extracellular matrix organization","MMEB9_C3",0,0,3.7e-24,0,1
"GPI anchor biosynthetic process","MMEB9_C3",0,0,3.7e-24,0,1
"lamellipodium organization","MMEB9_C3",1,1,3.7e-24,0,1
"positive regulation of stem cell population maintenance","MMEB9_C3",0,0,3.7e-24,0,1
"monosaccharide metabolic process","MMEB9_C3",2,2,3.7e-24,0,1
"U2-type prespliceosome assembly","MMEB9_C3",0,0,3.7e-24,0,1
"heterochromatin formation","MMEB9_C3",0,0,3.7e-24,0,1
"peroxisome organization","MMEB9_C3",0,0,3.7e-24,0,1
"regulation of mitochondrial fission","MMEB9_C3",1,0,3.7e-24,1,0.2291
"cellular pigmentation","MMEB9_C3",1,0,3.7e-24,1,0.4789
"regulation of fibroblast migration","MMEB9_C3",1,0,3.7e-24,1,0.3726
"cellular carbohydrate metabolic process","MMEB9_C3",1,2,3.7e-24,-0.584962500721156,0.5527
"positive regulation of axonogenesis","MMEB9_C3",1,0,3.7e-24,1,0.4912
"kinetochore organization","MMEB9_C3",1,0,3.7e-24,1,0.165
"stem cell differentiation","MMEB9_C3",4,2,3.7e-24,0.736965594166206,0.273
"proton transmembrane transport","MMEB9_C3",1,1,3.7e-24,0,1
"cellular response to insulin stimulus","MMEB9_C3",0,2,3.7e-24,-1.58496250072116,0.1887
"establishment of mitotic spindle localization","MMEB9_C3",0,0,3.7e-24,0,1
"cell redox homeostasis","MMEB9_C3",0,0,3.7e-24,0,1
"stress granule assembly","MMEB9_C3",0,0,3.7e-24,0,1
"protein neddylation","MMEB9_C3",0,0,3.7e-24,0,1
"regulation of mitochondrial membrane potential","MMEB9_C3",0,0,3.7e-24,0,1
"neuron death","MMEB9_C3",2,3,3.7e-24,-0.415037499278844,0.6089
"defense response to virus","MMEB9_C3",3,2,3.7e-24,0.415037499278844,0.747
"sulfur compound metabolic process","MMEB9_C3",0,2,3.7e-24,-1.58496250072116,0.1387
"NADP metabolic process","MMEB9_C3",0,0,3.7e-24,0,1
"vacuolar acidification","MMEB9_C3",0,0,3.7e-24,0,1
"oligosaccharide-lipid intermediate biosynthetic process","MMEB9_C3",0,0,3.7e-24,0,1
"lysosomal lumen acidification","MMEB9_C3",1,0,3.7e-24,1,0.2388
"glycosyl compound biosynthetic process","MMEB9_C3",0,0,3.7e-24,0,1
"heart valve development","MMEB9_C3",2,0,3.7e-24,1.58496250072116,0.101
"water-soluble vitamin metabolic process","MMEB9_C3",0,0,3.7e-24,0,1
"interferon-beta production","MMEB9_C3",0,0,3.7e-24,0,1
"regulation of interferon-beta production","MMEB9_C3",0,0,3.7e-24,0,1
"branched-chain amino acid metabolic process","MMEB9_C3",2,0,3.7e-24,1.58496250072116,0.0444
"regulation of mitochondrial membrane permeability","MMEB9_C3",0,1,3.7e-24,-1,0.5062
"respiratory tube development","MMEB9_C3",0,1,3.7e-24,-1,0.4215
"cellular senescence","MMEB9_C3",1,0,3.7e-24,1,0.444
"positive regulation of neurogenesis","MMEB9_C3",0,1,3.7e-24,-1,0.4151
"mitochondrial outer membrane permeabilization","MMEB9_C3",0,0,3.7e-24,0,1
"immune system development","MMEB9_C3",0,1,3.7e-24,-1,0.4274
"clathrin-dependent endocytosis","MMEB9_C3",0,0,3.7e-24,0,1
"positive regulation of viral process","MMEB9_C3",0,0,3.7e-24,0,1
"bone development","MMEB9_C3",1,1,3.7e-24,0,1
"cell-substrate adhesion","MMEB9_C3",2,2,3.7e-24,0,1
"positive regulation of microtubule polymerization","MMEB9_C3",0,0,3.7e-24,0,1
"pteridine-containing compound metabolic process","MMEB9_C3",0,0,3.7e-24,0,1
"response to arsenic-containing substance","MMEB9_C3",0,0,3.7e-24,0,1
"response to insulin","MMEB9_C3",0,2,3.7e-24,-1.58496250072116,0.1324
"ubiquinone metabolic process","MMEB9_C3",0,0,3.7e-24,0,1
"cellular response to arsenic-containing substance","MMEB9_C3",1,0,3.7e-24,1,0.2007
"inositol phosphate catabolic process","MMEB9_C3",0,0,3.7e-24,0,1
"telomerase RNA localization to Cajal body","MMEB9_C3",0,0,3.7e-24,0,1
"respiratory system development","MMEB9_C3",0,1,3.7e-24,-1,0.414
"regulation of generation of precursor metabolites and energy","MMEB9_C3",1,1,3.7e-24,0,1
"mitochondrial calcium ion homeostasis","MMEB9_C3",0,0,3.7e-24,0,1
"G0 to G1 transition","MMEB9_C3",1,0,3.7e-24,1,0.3328
"mitochondrial genome maintenance","MMEB9_C3",0,0,3.7e-24,0,1
"release of cytochrome c from mitochondria","MMEB9_C3",0,0,3.7e-24,0,1
"cortical cytoskeleton organization","MMEB9_C3",0,0,3.7e-24,0,1
"response to sterol depletion","MMEB9_C3",0,0,3.7e-24,0,1
"regulation of ncRNA transcription","MMEB9_C3",0,0,3.7e-24,0,1
"mesenchymal cell differentiation","MMEB9_C3",0,1,3.7e-24,-1,0.4204
"protein-DNA complex subunit organization","MMEB9_C3",2,1,3.7e-24,0.584962500721156,0.6838
"response to fluid shear stress","MMEB9_C3",0,0,3.7e-24,0,1
"collagen fibril organization","MMEB9_C3",0,0,3.7e-24,0,1
"roof of mouth development","MMEB9_C3",1,0,3.7e-24,1,0.4641
"regulation of protein dephosphorylation","MMEB9_C3",0,0,3.7e-24,0,1
"multicellular organism growth","MMEB9_C3",0,1,3.7e-24,-1,0.4483
"miRNA processing","MMEB9_C3",1,0,3.7e-24,1,0.3642
"small molecule catabolic process","MMEB9_C3",1,2,3.7e-24,-0.584962500721156,0.5282
"regulation of G0 to G1 transition","MMEB9_C3",0,0,3.7e-24,0,1
"circadian regulation of gene expression","MMEB9_C3",0,1,3.7e-24,-1,0.5256
"regulation of translational fidelity","MMEB9_C3",0,0,3.7e-24,0,1
"ubiquinone biosynthetic process","MMEB9_C3",0,0,3.7e-24,0,1
"mitochondrial calcium ion transmembrane transport","MMEB9_C3",0,0,3.7e-24,0,1
"quinone biosynthetic process","MMEB9_C3",0,0,3.7e-24,0,1
"viral release from host cell","MMEB9_C3",0,0,3.7e-24,0,1
"exit from host cell","MMEB9_C3",0,0,3.7e-24,0,1
"positive regulation of GTPase activity","MMEB9_C3",5,1,3.7e-24,1.58496250072116,0.0214
"regulation of cytokinesis","MMEB9_C3",3,1,3.7e-24,1,0.5275
"mitochondrion localization","MMEB9_C3",0,0,3.7e-24,0,1
"renal system development","MMEB9_C3",4,2,3.7e-24,0.736965594166206,0.2879
"regulation of cysteine-type endopeptidase activity involved in apoptotic process","MMEB9_C3",0,1,3.7e-24,-1,0.4199
"regulation of cell-substrate adhesion","MMEB9_C3",0,1,3.7e-24,-1,0.4282
"centrosome localization","MMEB9_C3",0,0,3.7e-24,0,1
"microtubule organizing center localization","MMEB9_C3",0,0,3.7e-24,0,1
"pinocytosis","MMEB9_C3",0,0,3.7e-24,0,1
"lamellipodium assembly","MMEB9_C3",0,0,3.7e-24,0,1
"cellular response to sterol depletion","MMEB9_C3",0,0,3.7e-24,0,1
"placenta development","MMEB9_C3",0,1,3.7e-24,-1,0.4174
"rhythmic process","MMEB9_C3",1,2,3.7e-24,-0.584962500721156,0.533
"spindle localization","MMEB9_C3",0,0,3.7e-24,0,1
"carbohydrate derivative catabolic process","MMEB9_C3",0,1,3.7e-24,-1,0.4142
"response to amino acid","MMEB9_C3",1,1,3.7e-24,0,1
"regulation of intracellular steroid hormone receptor signaling pathway","MMEB9_C3",0,1,3.7e-24,-1,0.5025
"regulation of neuron death","MMEB9_C3",2,2,3.7e-24,0,1
"ossification","MMEB9_C3",1,3,3.7e-24,-1,0.1942
"mammary gland epithelial cell proliferation","MMEB9_C3",0,0,3.7e-24,0,1
"ribosomal subunit export from nucleus","MMEB9_C3",0,0,3.7e-24,0,1
"ribosome localization","MMEB9_C3",0,0,3.7e-24,0,1
"protein transport to vacuole involved in ubiquitin-dependent protein catabolic process via the multivesicular body sorting pathway","MMEB9_C3",0,0,3.7e-24,0,1
"seminiferous tubule development","MMEB9_C3",0,0,3.7e-24,0,1
"cellular response to acid chemical","MMEB9_C3",1,1,3.7e-24,0,1
"positive regulation of kinase activity","MMEB9_C3",0,2,3.7e-24,-1.58496250072116,0.0792
"positive regulation by host of viral process","MMEB9_C3",0,0,3.7e-24,0,1
"mitochondrion morphogenesis","MMEB9_C3",0,0,3.7e-24,0,1
"regulation of establishment of cell polarity","MMEB9_C3",1,0,3.7e-24,1,0.2291
"cellular lipid catabolic process","MMEB9_C3",0,1,3.7e-24,-1,0.4149
"neuron apoptotic process","MMEB9_C3",1,2,3.7e-24,-0.584962500721156,0.5544
"inner cell mass cell proliferation","MMEB9_C3",0,0,3.7e-24,0,1
"polyamine biosynthetic process","MMEB9_C3",0,0,3.7e-24,0,1
"folic acid metabolic process","MMEB9_C3",0,0,3.7e-24,0,1
"organelle inheritance","MMEB9_C3",0,0,3.7e-24,0,1
"polyol metabolic process","MMEB9_C3",1,1,3.7e-24,0,1
"regulation of type I interferon-mediated signaling pathway","MMEB9_C3",0,0,3.7e-24,0,1
"intracellular lipid transport","MMEB9_C3",0,0,3.7e-24,0,1
"fat cell differentiation","MMEB9_C3",0,1,3.7e-24,-1,0.4224
"iron ion homeostasis","MMEB9_C3",2,1,3.7e-24,0.584962500721156,0.6242
"negative regulation of cell projection organization","MMEB9_C3",0,1,3.7e-24,-1,0.4253
"dicarboxylic acid metabolic process","MMEB9_C3",0,1,3.7e-24,-1,0.4747
"regulation of anatomical structure size","MMEB9_C3",4,4,3.7e-24,0,1
"regulation of small molecule metabolic process","MMEB9_C3",1,2,3.7e-24,-0.584962500721156,0.5503
"pentose-phosphate shunt","MMEB9_C3",0,0,3.7e-24,0,1
"pericardium development","MMEB9_C3",0,0,3.7e-24,0,1
"lysosomal protein catabolic process","MMEB9_C3",0,0,3.7e-24,0,1
"carbohydrate derivative transport","MMEB9_C3",0,1,3.7e-24,-1,0.5163
"alcohol biosynthetic process","MMEB9_C3",2,1,3.7e-24,0.584962500721156,0.6511
"regulation of membrane permeability","MMEB9_C3",0,0,3.7e-24,0,1
"signal peptide processing","MMEB9_C3",0,0,3.7e-24,0,1
"UV-damage excision repair","MMEB9_C3",0,0,3.7e-24,0,1
"biological process involved in interaction with host","MMEB9_C3",2,1,3.7e-24,0.584962500721156,0.6586
"body morphogenesis","MMEB9_C3",1,0,3.7e-24,1,0.3939
"extracellular vesicle biogenesis","MMEB9_C3",0,0,3.7e-24,0,1
"negative regulation of defense response to virus","MMEB9_C3",0,0,3.7e-24,0,1
"aminoglycan biosynthetic process","MMEB9_C3",0,0,3.7e-24,0,1
"sterol biosynthetic process","MMEB9_C3",1,0,3.7e-24,1,0.339
"polyamine metabolic process","MMEB9_C3",0,0,3.7e-24,0,1
"magnesium ion transport","MMEB9_C3",1,0,3.7e-24,1,0.1057
"lamellipodium morphogenesis","MMEB9_C3",0,0,3.7e-24,0,1
"positive regulation of neuron migration","MMEB9_C3",0,0,3.7e-24,0,1
"regulation of glucose metabolic process","MMEB9_C3",0,1,3.7e-24,-1,0.4977
"monosaccharide biosynthetic process","MMEB9_C3",0,0,3.7e-24,0,1
"response to acid chemical","MMEB9_C3",2,1,3.7e-24,0.584962500721156,0.6291
"regulation of carbohydrate metabolic process","MMEB9_C3",1,1,3.7e-24,0,1
"positive regulation of nervous system development","MMEB9_C3",0,2,3.7e-24,-1.58496250072116,0.1677
"regulation of circadian rhythm","MMEB9_C3",0,1,3.7e-24,-1,0.436
"trabecula morphogenesis","MMEB9_C3",0,0,3.7e-24,0,1
"pigment accumulation","MMEB9_C3",0,0,3.7e-24,0,1
"cellular pigment accumulation","MMEB9_C3",0,0,3.7e-24,0,1
"regulation of pinocytosis","MMEB9_C3",0,0,3.7e-24,0,1
"regulation of ligase activity","MMEB9_C3",0,0,3.7e-24,0,1
"smoothened signaling pathway involved in dorsal/ventral neural tube patterning","MMEB9_C3",0,0,3.7e-24,0,1
"glycosyl compound metabolic process","MMEB9_C3",0,0,3.7e-24,0,1
"substantia nigra development","MMEB9_C3",0,0,3.7e-24,0,1
"negative regulation of GTPase activity","MMEB9_C3",1,0,3.7e-24,1,0.3038
"axon extension","MMEB9_C3",0,1,3.7e-24,-1,0.5035
"positive regulation of epithelial to mesenchymal transition","MMEB9_C3",0,0,3.7e-24,0,1
"one-carbon metabolic process","MMEB9_C3",0,0,3.7e-24,0,1
"NADPH regeneration","MMEB9_C3",0,0,3.7e-24,0,1
"cellular response to dsRNA","MMEB9_C3",0,0,3.7e-24,0,1
"neuron projection organization","MMEB9_C3",1,1,3.7e-24,0,1
"postsynapse organization","MMEB9_C3",1,1,3.7e-24,0,1
"regulation of ketone biosynthetic process","MMEB9_C3",0,0,3.7e-24,0,1
"mitochondrion distribution","MMEB9_C3",0,0,3.7e-24,0,1
"regulation of autophagosome maturation","MMEB9_C3",1,0,3.7e-24,1,0.1784
"magnesium ion transmembrane transport","MMEB9_C3",0,0,3.7e-24,0,1
"regulation of cell division","MMEB9_C3",3,1,3.7e-24,1,0.4143
"intermembrane lipid transfer","MMEB9_C3",0,0,3.7e-24,0,1
"organophosphate ester transport","MMEB9_C3",0,1,3.7e-24,-1,0.4429
"movement in host","MMEB9_C3",4,1,3.7e-24,1.32192809488736,0.0631
"extracellular matrix assembly","MMEB9_C3",0,0,3.7e-24,0,1
"cellular metabolic compound salvage","MMEB9_C3",0,0,3.7e-24,0,1
"regulation of ATP-dependent activity","MMEB9_C3",0,0,3.7e-24,0,1
"cell migration involved in heart development","MMEB9_C3",0,0,3.7e-24,0,1
"cellular response to fluid shear stress","MMEB9_C3",0,0,3.7e-24,0,1
"sphingomyelin biosynthetic process","MMEB9_C3",1,0,3.7e-24,1,0.2511
"ether lipid biosynthetic process","MMEB9_C3",0,0,3.7e-24,0,1
"embryonic body morphogenesis","MMEB9_C3",0,0,3.7e-24,0,1
"amino sugar biosynthetic process","MMEB9_C3",0,0,3.7e-24,0,1
"glycerol ether biosynthetic process","MMEB9_C3",0,0,3.7e-24,0,1
"pigmentation","MMEB9_C3",1,1,3.7e-24,0,1
"cellular response to ketone","MMEB9_C3",0,0,3.7e-24,0,1
"nonribosomal peptide biosynthetic process","MMEB9_C3",0,0,3.7e-24,0,1
"glial cell apoptotic process","MMEB9_C3",0,0,3.7e-24,0,1
"lipoprotein catabolic process","MMEB9_C3",0,0,3.7e-24,0,1
"suppression of viral release by host","MMEB9_C3",0,0,3.7e-24,0,1
"chaperone-mediated autophagy","MMEB9_C3",0,0,3.7e-24,0,1
"regulation of steroid hormone biosynthetic process","MMEB9_C3",1,0,3.7e-24,1,0.1414
"synaptic vesicle lumen acidification","MMEB9_C3",0,0,3.7e-24,0,1
"semaphorin-plexin signaling pathway involved in neuron projection guidance","MMEB9_C3",0,0,3.7e-24,0,1
"regulation of Golgi organization","MMEB9_C3",0,0,3.7e-24,0,1
"Schwann cell differentiation","MMEB9_C3",0,0,3.7e-24,0,1
"neurotrophin signaling pathway","MMEB9_C3",2,0,3.7e-24,1.58496250072116,0.0219
"regulation of microtubule depolymerization","MMEB9_C3",0,0,3.7e-24,0,1
"basement membrane organization","MMEB9_C3",2,0,3.7e-24,1.58496250072116,0.0197
"establishment or maintenance of epithelial cell apical/basal polarity","MMEB9_C3",1,0,3.7e-24,1,0.4881
"face development","MMEB9_C3",0,0,3.7e-24,0,1
"osteoblast differentiation","MMEB9_C3",1,2,3.7e-24,-0.584962500721156,0.5749
"appendage development","MMEB9_C3",0,1,3.7e-24,-1,0.4255
"limb development","MMEB9_C3",1,1,3.7e-24,0,1
"regulation of ATP metabolic process","MMEB9_C3",0,0,3.7e-24,0,1
"developmental growth involved in morphogenesis","MMEB9_C3",0,1,3.7e-24,-1,0.419
"embryonic organ development","MMEB9_C3",2,3,3.7e-24,-0.415037499278844,0.5847
"negative regulation of growth","MMEB9_C3",1,1,3.7e-24,0,1
"microtubule depolymerization","MMEB9_C3",0,0,3.7e-24,0,1
"heme metabolic process","MMEB9_C3",0,0,3.7e-24,0,1
"regulation of neuron apoptotic process","MMEB9_C3",5,2,3.7e-24,1,0.2041
"plasma membrane tubulation","MMEB9_C3",0,0,3.7e-24,0,1
"exosomal secretion","MMEB9_C3",0,0,3.7e-24,0,1
"vasculogenesis","MMEB9_C3",1,0,3.7e-24,1,0.4381
"toxin transport","MMEB9_C3",1,0,3.7e-24,1,0.2649
