"","region","sample","obs.mut","sim.mut","log2fc","pvalue","pvalue.adj","sim.distr.norm.pvalue.adj"
"Herpes simplex virus 1 infection","Herpes simplex virus 1 infection","C1_05_24",0,1,-1,0.532710280373832,1,1.74994699488342e-36
"Cell cycle","Cell cycle","C1_05_24",0,0,0,1,1,7.82977812856744e-40
"Endocytosis","Endocytosis","C1_05_24",1,0.5,0.415037499278844,1,1,4.88229620865328e-35
"Ribosome","Ribosome","C1_05_24",0,0,0,1,1,4.51665834861868e-42
"Autophagy - animal","Autophagy - animal","C1_05_24",0,0,0,1,1,3.18820459426644e-39
"Protein processing in endoplasmic reticulum","Protein processing in endoplasmic reticulum","C1_05_24",0,0,0,1,1,4.94873160314497e-40
"Huntington disease","Huntington disease","C1_05_24",0,0,0,1,1,7.15422090744682e-34
"Ubiquitin mediated proteolysis","Ubiquitin mediated proteolysis","C1_05_24",0,0,0,1,1,3.70958907670889e-41
"Shigellosis","Shigellosis","C1_05_24",0,1,-1,0.58411214953271,1,7.06025838529351e-33
"Thermogenesis","Thermogenesis","C1_05_24",1,0,1,0.392523364485981,1,1.46996670273732e-37
"Mitophagy - animal","Mitophagy - animal","C1_05_24",0,0,0,1,1,3.7302660016417e-43
"Parkinson disease","Parkinson disease","C1_05_24",0,0,0,1,1,2.44629375810068e-36
"Amyotrophic lateral sclerosis","Amyotrophic lateral sclerosis","C1_05_24",1,1,0,1,1,6.09738557470931e-33
"Cellular senescence","Cellular senescence","C1_05_24",0,0,0,1,1,3.67145417587063e-37
"Chemical carcinogenesis - reactive oxygen species","Chemical carcinogenesis - reactive oxygen species","C1_05_24",0,0,0,1,1,2.15008463325382e-39
"Colorectal cancer","Colorectal cancer","C1_05_24",0,0,0,1,1,6.24084326565428e-43
"Salmonella infection","Salmonella infection","C1_05_24",1,0,1,0.469626168224299,1,1.36328090165521e-34
"ATP-dependent chromatin remodeling","ATP-dependent chromatin remodeling","C1_05_24",0,0,0,1,1,2.58095795131239e-43
"Diabetic cardiomyopathy","Diabetic cardiomyopathy","C1_05_24",0,0,0,1,1,9.72859421063713e-39
"Spliceosome","Spliceosome","C1_05_24",1,0,1,0.19392523364486,1,7.87513864644971e-44
"Viral carcinogenesis","Viral carcinogenesis","C1_05_24",0,0,0,1,1,8.15328753640702e-39
"Pathways of neurodegeneration - multiple diseases","Pathways of neurodegeneration - multiple diseases","C1_05_24",1,1,0,1,1,5.45785887332324e-29
"Pancreatic cancer","Pancreatic cancer","C1_05_24",0,0,0,1,1,2.79526288397634e-42
"Chronic myeloid leukemia","Chronic myeloid leukemia","C1_05_24",0,0,0,1,1,1.74664912342147e-43
"Polycomb repressive complex","Polycomb repressive complex","C1_05_24",0,0,0,1,1,6.38290518528509e-44
"Alzheimer disease","Alzheimer disease","C1_05_24",1,1,0,1,1,2.77810643485084e-31
"Non-alcoholic fatty liver disease","Non-alcoholic fatty liver disease","C1_05_24",0,0,0,1,1,4.29349660130852e-41
"Nucleocytoplasmic transport","Nucleocytoplasmic transport","C1_05_24",1,0,1,0.207943925233645,1,1.45019317930845e-43
"Human T-cell leukemia virus 1 infection","Human T-cell leukemia virus 1 infection","C1_05_24",0,0,0,1,1,9.72859421063713e-39
"Nucleotide excision repair","Nucleotide excision repair","C1_05_24",0,0,0,1,1,8.68835261261615e-47
"Oxidative phosphorylation","Oxidative phosphorylation","C1_05_24",0,0,0,1,1,2.1691541213273e-44
"Renal cell carcinoma","Renal cell carcinoma","C1_05_24",0,0,0,1,1,4.49508811112641e-43
"Axon guidance","Axon guidance","C1_05_24",0,0,0,1,1,5.65166964910656e-34
"Endometrial cancer","Endometrial cancer","C1_05_24",0,0,0,1,1,7.52927786246473e-46
"mRNA surveillance pathway","mRNA surveillance pathway","C1_05_24",0,0,0,1,1,2.34683240851897e-44
"Focal adhesion","Focal adhesion","C1_05_24",1,1,0,1,1,4.20133727200719e-32
"Adherens junction","Adherens junction","C1_05_24",0,0,0,1,1,5.31393992034853e-40
"Prion disease","Prion disease","C1_05_24",0,0,0,1,1,1.80217363243041e-36
"Lysosome","Lysosome","C1_05_24",0,0,0,1,1,5.31393992034853e-40
"MAPK signaling pathway","MAPK signaling pathway","C1_05_24",3,1,1,0.543224299065421,1,4.13886255587218e-31
"Sphingolipid signaling pathway","Sphingolipid signaling pathway","C1_05_24",1,0,1,0.266355140186916,1,3.08451079988909e-41
"Fanconi anemia pathway","Fanconi anemia pathway","C1_05_24",0,0,0,1,1,1.25239933623627e-47
"Neurotrophin signaling pathway","Neurotrophin signaling pathway","C1_05_24",0,0,0,1,1,5.62257298852909e-41
"Phosphatidylinositol signaling system","Phosphatidylinositol signaling system","C1_05_24",1,0,1,0.190420560747664,1,1.08280928828409e-43
"Prostate cancer","Prostate cancer","C1_05_24",0,0,0,1,1,2.67222147677175e-41
"Aminoacyl-tRNA biosynthesis","Aminoacyl-tRNA biosynthesis","C1_05_24",0,0,0,1,1,1.75929002851056e-48
"Base excision repair","Base excision repair","C1_05_24",0,0,0,1,1,7.84183058975422e-49
"p53 signaling pathway","p53 signaling pathway","C1_05_24",0,0,0,1,1,1.27376628942965e-43
"EGFR tyrosine kinase inhibitor resistance","EGFR tyrosine kinase inhibitor resistance","C1_05_24",2,0,1.58496250072116,0.0747663551401869,1,1.80647508278809e-41
"Small cell lung cancer","Small cell lung cancer","C1_05_24",0,0,0,1,1,9.60104545726935e-40
"RNA degradation","RNA degradation","C1_05_24",0,0,0,1,1,5.56172959485633e-47
"mTOR signaling pathway","mTOR signaling pathway","C1_05_24",0,0,0,1,1,1.7486447400398e-40
"Endocrine resistance","Endocrine resistance","C1_05_24",0,0,0,1,1,7.33228564576714e-41
"Lysine degradation","Lysine degradation","C1_05_24",0,0,0,1,1,3.10578243610757e-46
"Viral life cycle - HIV-1","Viral life cycle - HIV-1","C1_05_24",0,0,0,1,1,1.68855503094512e-47
"Longevity regulating pathway","Longevity regulating pathway","C1_05_24",0,0,0,1,1,7.49406546260311e-42
"Insulin resistance","Insulin resistance","C1_05_24",1,0,1,0.280373831775701,1,2.00797956898707e-40
"Inositol phosphate metabolism","Inositol phosphate metabolism","C1_05_24",1,0,1,0.154205607476636,1,4.2219571968723e-45
"Platinum drug resistance","Platinum drug resistance","C1_05_24",0,0,0,1,1,2.0621945939288e-44
"Bacterial invasion of epithelial cells","Bacterial invasion of epithelial cells","C1_05_24",0,0,0,1,1,3.27810534349795e-42
"Hepatocellular carcinoma","Hepatocellular carcinoma","C1_05_24",0,0,0,1,1,9.79302713831791e-37
"Insulin signaling pathway","Insulin signaling pathway","C1_05_24",0,0,0,1,1,4.51087830302414e-41
"Human cytomegalovirus infection","Human cytomegalovirus infection","C1_05_24",0,0,0,1,1,2.51323447546477e-34
"Human papillomavirus infection","Human papillomavirus infection","C1_05_24",0,1,-1,0.526869158878505,1,3.08873902614526e-28
"Proteoglycans in cancer","Proteoglycans in cancer","C1_05_24",2,0,1.58496250072116,0.223130841121495,1,1.96740298203042e-34
"TGF-beta signaling pathway","TGF-beta signaling pathway","C1_05_24",0,0,0,1,1,7.94413014068483e-39
"RNA polymerase","RNA polymerase","C1_05_24",0,0,0,1,1,1.8610553726289e-49
"FoxO signaling pathway","FoxO signaling pathway","C1_05_24",0,0,0,1,1,8.02662211900248e-41
"AGE-RAGE signaling pathway in diabetic complications","AGE-RAGE signaling pathway in diabetic complications","C1_05_24",0,0,0,1,1,2.12201357628061e-42
"Hepatitis B","Hepatitis B","C1_05_24",0,0,0,1,1,3.86551742747284e-40
"Longevity regulating pathway - multiple species","Longevity regulating pathway - multiple species","C1_05_24",0,0,0,1,1,4.01476074555831e-45
"Yersinia infection","Yersinia infection","C1_05_24",1,0,1,0.287383177570093,1,4.4767368865352e-40
"N-Glycan biosynthesis","N-Glycan biosynthesis","C1_05_24",0,0,0,1,1,1.11410918810974e-46
"Non-small cell lung cancer","Non-small cell lung cancer","C1_05_24",0,0,0,1,1,4.11969599472336e-46
"Rap1 signaling pathway","Rap1 signaling pathway","C1_05_24",3,0,2,0.0700934579439252,1,1.24777647143363e-34
"Choline metabolism in cancer","Choline metabolism in cancer","C1_05_24",1,0,1,0.207943925233645,1,9.35886639267744e-44
"TNF signaling pathway","TNF signaling pathway","C1_05_24",1,0,1,0.315420560747664,1,1.85530780615674e-39
"Glioma","Glioma","C1_05_24",0,0,0,1,1,6.23686605276624e-44
"Human immunodeficiency virus 1 infection","Human immunodeficiency virus 1 infection","C1_05_24",0,0,0,1,1,1.04206409281565e-37
"Apoptosis","Apoptosis","C1_05_24",0,0,0,1,1,1.12002713504772e-39
"AMPK signaling pathway","AMPK signaling pathway","C1_05_24",0,0,0,1,1,5.39620186512574e-42
"Fatty acid metabolism","Fatty acid metabolism","C1_05_24",1,0,1,0.0934579439252336,1,1.18039849282302e-47
"DNA replication","DNA replication","C1_05_24",0,0,0,1,1,1.81737203781883e-48
"Pathogenic Escherichia coli infection","Pathogenic Escherichia coli infection","C1_05_24",0,0,0,1,1,1.20492001411593e-35
"PD-L1 expression and PD-1 checkpoint pathway in cancer","PD-L1 expression and PD-1 checkpoint pathway in cancer","C1_05_24",0,0,0,1,1,2.52210401967896e-43
"Hippo signaling pathway","Hippo signaling pathway","C1_05_24",0,0,0,1,1,1.27474311740175e-36
"Valine, leucine and isoleucine degradation","Valine, leucine and isoleucine degradation","C1_05_24",0,0,0,1,1,6.71335518840285e-49
"Peroxisome","Peroxisome","C1_05_24",1,0,1,0.144859813084112,1,9.45878870000157e-46
"Homologous recombination","Homologous recombination","C1_05_24",0,0,0,1,1,2.74364062854206e-48
"Bladder cancer","Bladder cancer","C1_05_24",0,0,0,1,1,1.13559307041763e-45
"Fluid shear stress and atherosclerosis","Fluid shear stress and atherosclerosis","C1_05_24",0,0,0,1,1,9.60104545726935e-40
"SNARE interactions in vesicular transport","SNARE interactions in vesicular transport","C1_05_24",0,0,0,1,1,1.81737203781883e-48
"Autophagy - other","Autophagy - other","C1_05_24",0,0,0,1,1,1.11141087112069e-49
"Proteasome","Proteasome","C1_05_24",0,0,0,1,1,1.32335334054852e-47
"Protein export","Protein export","C1_05_24",1,0,1,0.0467289719626168,1,6.30157620025028e-50
"Thyroid hormone signaling pathway","Thyroid hormone signaling pathway","C1_05_24",0,0,0,1,1,5.13236169646414e-40
"Amino sugar and nucleotide sugar metabolism","Amino sugar and nucleotide sugar metabolism","C1_05_24",0,0,0,1,1,9.63995887241013e-47
"Nucleotide metabolism","Nucleotide metabolism","C1_05_24",0,0,0,1,1,1.660907054546e-44
"ErbB signaling pathway","ErbB signaling pathway","C1_05_24",0,0,0,1,1,8.10258678599101e-45
"Thyroid cancer","Thyroid cancer","C1_05_24",0,0,0,1,1,2.56657734622178e-48
"Various types of N-glycan biosynthesis","Various types of N-glycan biosynthesis","C1_05_24",0,0,0,1,1,5.9371312485598e-48
"Spinocerebellar ataxia","Spinocerebellar ataxia","C1_05_24",0,0,0,1,1,7.03177406434156e-41
"Basal transcription factors","Basal transcription factors","C1_05_24",0,0,0,1,1,2.56657734622178e-48
"Regulation of actin cytoskeleton","Regulation of actin cytoskeleton","C1_05_24",4,1,1.32192809488736,0.014018691588785,1,6.57622165854608e-33
"Melanoma","Melanoma","C1_05_24",2,0,1.58496250072116,0.0560747663551402,1,5.00809581982503e-44
"Tight junction","Tight junction","C1_05_24",0,0,0,1,1,2.58310984892417e-37
"Apoptosis - multiple species","Apoptosis - multiple species","C1_05_24",0,0,0,1,1,3.84270869365087e-48
"Glycosylphosphatidylinositol (GPI)-anchor biosynthesis","Glycosylphosphatidylinositol (GPI)-anchor biosynthesis","C1_05_24",0,0,0,1,1,4.81581114072824e-51
"Biosynthesis of nucleotide sugars","Biosynthesis of nucleotide sugars","C1_05_24",0,0,0,1,1,1.35476582940303e-47
"Epithelial cell signaling in Helicobacter pylori infection","Epithelial cell signaling in Helicobacter pylori infection","C1_05_24",0,0,0,1,1,3.03988786105675e-45
"Epstein-Barr virus infection","Epstein-Barr virus infection","C1_05_24",0,0,0,1,1,9.42069663114894e-44
"Selenocompound metabolism","Selenocompound metabolism","C1_05_24",0,0,0,1,1,1.57662399367812e-49
"Other types of O-glycan biosynthesis","Other types of O-glycan biosynthesis","C1_05_24",0,0,0,1,1,7.1682307284825e-47
"Notch signaling pathway","Notch signaling pathway","C1_05_24",0,0,0,1,1,2.05644975546052e-46
"Fc gamma R-mediated phagocytosis","Fc gamma R-mediated phagocytosis","C1_05_24",1,0,1,0.219626168224299,1,1.00442123872483e-42
"Citrate cycle (TCA cycle)","Citrate cycle (TCA cycle)","C1_05_24",0,0,0,1,1,1.21342212777846e-50
"Apelin signaling pathway","Apelin signaling pathway","C1_05_24",0,0,0,1,1,1.80217363243041e-36
"Mismatch repair","Mismatch repair","C1_05_24",0,0,0,1,1,8.32336704328679e-51
"Carbon metabolism","Carbon metabolism","C1_05_24",0,0,0,1,1,4.22480359615986e-44
"Hedgehog signaling pathway","Hedgehog signaling pathway","C1_05_24",0,0,0,1,1,1.44697892087309e-44
"Chagas disease","Chagas disease","C1_05_24",0,0,0,1,1,4.20744403561866e-42
"Growth hormone synthesis, secretion and action","Growth hormone synthesis, secretion and action","C1_05_24",0,0,0,1,1,4.19238925527225e-43
"Kaposi sarcoma-associated herpesvirus infection","Kaposi sarcoma-associated herpesvirus infection","C1_05_24",2,0,1.58496250072116,0.133177570093458,1,9.99255705523996e-38
"Hippo signaling pathway - multiple species","Hippo signaling pathway - multiple species","C1_05_24",1,0,1,0.127336448598131,1,2.29123707893342e-46
"VEGF signaling pathway","VEGF signaling pathway","C1_05_24",0,0,0,1,1,4.82464758171933e-46
"Gap junction","Gap junction","C1_05_24",0,0,0,1,1,9.70566431796317e-42
"Vasopressin-regulated water reabsorption","Vasopressin-regulated water reabsorption","C1_05_24",0,0,0,1,1,1.86312410021822e-46
"Progesterone-mediated oocyte maturation","Progesterone-mediated oocyte maturation","C1_05_24",0,0,0,1,1,1.17674895337626e-43
"Glycosaminoglycan biosynthesis - chondroitin sulfate / dermatan sulfate","Glycosaminoglycan biosynthesis - chondroitin sulfate / dermatan sulfate","C1_05_24",0,0,0,1,1,9.62383967896902e-50
"T cell receptor signaling pathway","T cell receptor signaling pathway","C1_05_24",0,0,0,1,1,4.81454032322026e-43
"Oocyte meiosis","Oocyte meiosis","C1_05_24",0,0,0,1,1,1.03252177815165e-42
"Phospholipase D signaling pathway","Phospholipase D signaling pathway","C1_05_24",1,0,1,0.338785046728972,1,5.92249912532771e-39
"Acute myeloid leukemia","Acute myeloid leukemia","C1_05_24",0,0,0,1,1,3.43835059725703e-45
"One carbon pool by folate","One carbon pool by folate","C1_05_24",0,0,0,1,1,3.72623439363942e-50
"Propanoate metabolism","Propanoate metabolism","C1_05_24",0,0,0,1,1,6.57227491043529e-50
"Wnt signaling pathway","Wnt signaling pathway","C1_05_24",0,0,0,1,1,1.05829869983503e-36
"Breast cancer","Breast cancer","C1_05_24",2,0,1.58496250072116,0.114485981308411,1,3.50470085013014e-39
"Adipocytokine signaling pathway","Adipocytokine signaling pathway","C1_05_24",1,0,1,0.167056074766355,1,8.67081061757474e-45
"Central carbon metabolism in cancer","Central carbon metabolism in cancer","C1_05_24",0,0,0,1,1,2.70196108238138e-44
"Glyoxylate and dicarboxylate metabolism","Glyoxylate and dicarboxylate metabolism","C1_05_24",0,0,0,1,1,5.38615938202946e-49
"Relaxin signaling pathway","Relaxin signaling pathway","C1_05_24",0,0,0,1,1,6.38250461320736e-40
"Ferroptosis","Ferroptosis","C1_05_24",1,0,1,0.0911214953271028,1,1.26035307340382e-48
"Sphingolipid metabolism","Sphingolipid metabolism","C1_05_24",1,0,1,0.0911214953271028,1,4.83237126802027e-48
"Toxoplasmosis","Toxoplasmosis","C1_05_24",0,0,0,1,1,4.81311164065321e-45
"Ras signaling pathway","Ras signaling pathway","C1_05_24",3,0,2,0.0712616822429906,1,2.22162814302174e-36
"Pyrimidine metabolism","Pyrimidine metabolism","C1_05_24",0,0,0,1,1,2.44977212881368e-47
"GnRH signaling pathway","GnRH signaling pathway","C1_05_24",0,0,0,1,1,4.27405795908932e-42
"Coronavirus disease - COVID-19","Coronavirus disease - COVID-19","C1_05_24",0,0,0,1,1,2.45235629172756e-38
"Mannose type O-glycan biosynthesis","Mannose type O-glycan biosynthesis","C1_05_24",0,0,0,1,1,3.72623439363942e-50
"Terpenoid backbone biosynthesis","Terpenoid backbone biosynthesis","C1_05_24",0,0,0,1,1,5.2674976087497e-51
"Cysteine and methionine metabolism","Cysteine and methionine metabolism","C1_05_24",0,0,0,1,1,1.34401620962261e-47
"Circadian rhythm","Circadian rhythm","C1_05_24",0,0,0,1,1,2.10850905299023e-48
"Fatty acid elongation","Fatty acid elongation","C1_05_24",0,0,0,1,1,9.31837861155895e-50
"Biosynthesis of unsaturated fatty acids","Biosynthesis of unsaturated fatty acids","C1_05_24",0,0,0,1,1,1.11835791299651e-48
"Inflammatory mediator regulation of TRP channels","Inflammatory mediator regulation of TRP channels","C1_05_24",0,0,0,1,1,1.29976236538059e-40
"Parathyroid hormone synthesis, secretion and action","Parathyroid hormone synthesis, secretion and action","C1_05_24",0,0,0,1,1,1.16572690161938e-39
"Sulfur metabolism","Sulfur metabolism","C1_05_24",0,0,0,1,1,5.60385741136168e-51
"Vibrio cholerae infection","Vibrio cholerae infection","C1_05_24",0,0,0,1,1,1.1649421821042e-46
"Signaling pathways regulating pluripotency of stem cells","Signaling pathways regulating pluripotency of stem cells","C1_05_24",2,0,1.58496250072116,0.134345794392523,1,3.80658043272731e-38
"HIF-1 signaling pathway","HIF-1 signaling pathway","C1_05_24",0,0,0,1,1,2.74508723463748e-41
"Purine metabolism","Purine metabolism","C1_05_24",0,0,0,1,1,7.77254785886279e-43
"Fatty acid degradation","Fatty acid degradation","C1_05_24",1,0,1,0.0630841121495327,1,4.38504423479434e-49
"Glutathione metabolism","Glutathione metabolism","C1_05_24",0,0,0,1,1,2.3830269033958e-48
"Transcriptional misregulation in cancer","Transcriptional misregulation in cancer","C1_05_24",0,0,0,1,1,2.6810356186756e-35
"2-Oxocarboxylic acid metabolism","2-Oxocarboxylic acid metabolism","C1_05_24",0,0,0,1,1,2.1466182621095e-50
"Adrenergic signaling in cardiomyocytes","Adrenergic signaling in cardiomyocytes","C1_05_24",0,0,0,1,1,2.40525541734793e-39
"Gastric cancer","Gastric cancer","C1_05_24",2,0,1.58496250072116,0.129672897196262,1,5.52105892453837e-39
"Long-term potentiation","Long-term potentiation","C1_05_24",0,0,0,1,1,7.32635838019898e-46
"Motor proteins","Motor proteins","C1_05_24",0,0,0,1,1,1.13424217611816e-37
"Biosynthesis of amino acids","Biosynthesis of amino acids","C1_05_24",0,0,0,1,1,2.52505163024099e-46
"Other glycan degradation","Other glycan degradation","C1_05_24",0,0,0,1,1,6.86911998897268e-51
"Non-homologous end-joining","Non-homologous end-joining","C1_05_24",0,0,0,1,1,6.77387003625917e-51
"Glycerophospholipid metabolism","Glycerophospholipid metabolism","C1_05_24",0,0,0,1,1,3.62005728332473e-45
"C-type lectin receptor signaling pathway","C-type lectin receptor signaling pathway","C1_05_24",0,0,0,1,1,4.73101859807362e-43
"Lipid and atherosclerosis","Lipid and atherosclerosis","C1_05_24",0,0,0,1,1,8.71833409225696e-38
"Hepatitis C","Hepatitis C","C1_05_24",0,0,0,1,1,2.00797956898707e-40
"PI3K-Akt signaling pathway","PI3K-Akt signaling pathway","C1_05_24",3,1,1,0.525700934579439,1,1.18303937103378e-27
"Long-term depression","Long-term depression","C1_05_24",0,0,0,1,1,4.25512170245763e-47
"Arrhythmogenic right ventricular cardiomyopathy","Arrhythmogenic right ventricular cardiomyopathy","C1_05_24",0,0,0,1,1,6.94451166315731e-41
"Necroptosis","Necroptosis","C1_05_24",0,0,0,1,1,1.80018873998496e-43
"Retrograde endocannabinoid signaling","Retrograde endocannabinoid signaling","C1_05_24",2,0,1.58496250072116,0.0514018691588785,1,3.93855259969099e-42
"Pantothenate and CoA biosynthesis","Pantothenate and CoA biosynthesis","C1_05_24",0,0,0,1,1,6.86911998897268e-51
"Cushing syndrome","Cushing syndrome","C1_05_24",0,0,0,1,1,7.56180355616567e-38
"Fructose and mannose metabolism","Fructose and mannose metabolism","C1_05_24",0,0,0,1,1,1.81737203781883e-48
"Platelet activation","Platelet activation","C1_05_24",0,0,0,1,1,3.97642389357996e-39
"Efferocytosis","Efferocytosis","C1_05_24",0,0,0,1,1,1.3055316961428e-37
"Antifolate resistance","Antifolate resistance","C1_05_24",0,0,0,1,1,9.45772950760152e-48
"Alcoholism","Alcoholism","C1_05_24",0,0,0,1,1,6.12752102471041e-41
"Melanogenesis","Melanogenesis","C1_05_24",0,0,0,1,1,8.32451314784608e-42
"Prolactin signaling pathway","Prolactin signaling pathway","C1_05_24",0,0,0,1,1,9.87934770527834e-47
"Glycerolipid metabolism","Glycerolipid metabolism","C1_05_24",0,0,0,1,1,2.26971793243353e-46
"Dopaminergic synapse","Dopaminergic synapse","C1_05_24",0,0,0,1,1,1.21860920972046e-41
"Glycosphingolipid biosynthesis - ganglio series","Glycosphingolipid biosynthesis - ganglio series","C1_05_24",0,0,0,1,1,6.42087538524188e-51
"Mucin type O-glycan biosynthesis","Mucin type O-glycan biosynthesis","C1_05_24",0,0,0,1,1,5.0019628678365e-49
"Lipoic acid metabolism","Lipoic acid metabolism","C1_05_24",0,0,0,1,1,6.90254604047074e-51
"NF-kappa B signaling pathway","NF-kappa B signaling pathway","C1_05_24",0,0,0,1,1,2.63022447731547e-42
"Oxytocin signaling pathway","Oxytocin signaling pathway","C1_05_24",0,0,0,1,1,2.04933185437808e-38
"Basal cell carcinoma","Basal cell carcinoma","C1_05_24",0,0,0,1,1,5.90397205621077e-45
"Legionellosis","Legionellosis","C1_05_24",0,0,0,1,1,2.36258926153496e-47
"Measles","Measles","C1_05_24",0,0,0,1,1,2.83137036821739e-44
"Biosynthesis of cofactors","Biosynthesis of cofactors","C1_05_24",0,0,0,1,1,4.32628964817973e-42
"Glycosaminoglycan biosynthesis - keratan sulfate","Glycosaminoglycan biosynthesis - keratan sulfate","C1_05_24",0,0,0,1,1,1.59879547304547e-50
"Alanine, aspartate and glutamate metabolism","Alanine, aspartate and glutamate metabolism","C1_05_24",0,0,0,1,1,5.33112526764012e-50
"Fatty acid biosynthesis","Fatty acid biosynthesis","C1_05_24",1,0,1,0.0163551401869159,1,2.53477179197881e-51
"Hypertrophic cardiomyopathy","Hypertrophic cardiomyopathy","C1_05_24",0,0,0,1,1,1.85662644981393e-39
"Glucagon signaling pathway","Glucagon signaling pathway","C1_05_24",0,0,0,1,1,1.81915353385188e-43
"Glycosaminoglycan biosynthesis - heparan sulfate / heparin","Glycosaminoglycan biosynthesis - heparan sulfate / heparin","C1_05_24",0,0,0,1,1,5.20855043452679e-48
"Steroid biosynthesis","Steroid biosynthesis","C1_05_24",0,0,0,1,1,1.36977050779093e-50
"cGMP-PKG signaling pathway","cGMP-PKG signaling pathway","C1_05_24",0,0,0,1,1,7.56180355616567e-38
"Phagosome","Phagosome","C1_05_24",0,0,0,1,1,1.42887392026091e-47
"Arginine and proline metabolism","Arginine and proline metabolism","C1_05_24",0,0,0,1,1,1.22643735302249e-47
"Pyruvate metabolism","Pyruvate metabolism","C1_05_24",0,0,0,1,1,1.31338734056013e-48
"Type II diabetes mellitus","Type II diabetes mellitus","C1_05_24",0,0,0,1,1,2.08738832974583e-46
"Dilated cardiomyopathy","Dilated cardiomyopathy","C1_05_24",0,0,0,1,1,1.98229844572401e-38
"Alcoholic liver disease","Alcoholic liver disease","C1_05_24",0,0,0,1,1,2.26301436699252e-41
"Leukocyte transendothelial migration","Leukocyte transendothelial migration","C1_05_24",0,0,0,1,1,1.10770450693252e-42
"Glycosaminoglycan degradation","Glycosaminoglycan degradation","C1_05_24",0,0,0,1,1,1.01976796459289e-50
"Endocrine and other factor-regulated calcium reabsorption","Endocrine and other factor-regulated calcium reabsorption","C1_05_24",0,0,0,1,1,1.97639183268615e-44
"Ubiquinone and other terpenoid-quinone biosynthesis","Ubiquinone and other terpenoid-quinone biosynthesis","C1_05_24",0,0,0,1,1,7.06455393014961e-51
"Fc epsilon RI signaling pathway","Fc epsilon RI signaling pathway","C1_05_24",0,0,0,1,1,4.49693346975998e-47
"Glycine, serine and threonine metabolism","Glycine, serine and threonine metabolism","C1_05_24",0,0,0,1,1,1.06979266162595e-47
"Pertussis","Pertussis","C1_05_24",0,0,0,1,1,9.45878870000157e-46
"Aldosterone synthesis and secretion","Aldosterone synthesis and secretion","C1_05_24",0,0,0,1,1,1.02211728277825e-41
"Regulation of lipolysis in adipocytes","Regulation of lipolysis in adipocytes","C1_05_24",0,0,0,1,1,4.01476074555831e-45
"Cholinergic synapse","Cholinergic synapse","C1_05_24",0,0,0,1,1,1.27889746883375e-41
"Osteoclast differentiation","Osteoclast differentiation","C1_05_24",1,0,1,0.286214953271028,1,1.0978501288703e-40
"Pentose phosphate pathway","Pentose phosphate pathway","C1_05_24",0,0,0,1,1,5.33112526764012e-50
"beta-Alanine metabolism","beta-Alanine metabolism","C1_05_24",0,0,0,1,1,3.99416878376461e-49
"PPAR signaling pathway","PPAR signaling pathway","C1_05_24",1,0,1,0.125,1,9.16762954660327e-47
"Folate biosynthesis","Folate biosynthesis","C1_05_24",0,0,0,1,1,5.60385741136168e-51
"Influenza A","Influenza A","C1_05_24",0,0,0,1,1,3.67653008743816e-44
"Th17 cell differentiation","Th17 cell differentiation","C1_05_24",0,0,0,1,1,1.69082557776615e-45
"Cardiac muscle contraction","Cardiac muscle contraction","C1_05_24",0,0,0,1,1,3.12270540108294e-45
"Nicotinate and nicotinamide metabolism","Nicotinate and nicotinamide metabolism","C1_05_24",0,0,0,1,1,8.93699400187274e-49
"Aldosterone-regulated sodium reabsorption","Aldosterone-regulated sodium reabsorption","C1_05_24",0,0,0,1,1,3.42264039378057e-49
"Neutrophil extracellular trap formation","Neutrophil extracellular trap formation","C1_05_24",0,0,0,1,1,1.47606868355771e-41
"Th1 and Th2 cell differentiation","Th1 and Th2 cell differentiation","C1_05_24",0,0,0,1,1,8.57174230275221e-48
"NOD-like receptor signaling pathway","NOD-like receptor signaling pathway","C1_05_24",0,0,0,1,1,2.88120970578114e-39
"Cortisol synthesis and secretion","Cortisol synthesis and secretion","C1_05_24",0,0,0,1,1,2.90632000865444e-43
"GnRH secretion","GnRH secretion","C1_05_24",0,0,0,1,1,4.1691719114525e-46
"Vascular smooth muscle contraction","Vascular smooth muscle contraction","C1_05_24",0,0,0,1,1,3.02014500293813e-40
"Estrogen signaling pathway","Estrogen signaling pathway","C1_05_24",0,0,0,1,1,2.57764809179979e-40
"RIG-I-like receptor signaling pathway","RIG-I-like receptor signaling pathway","C1_05_24",0,0,0,1,1,1.51437579272159e-47
"Amoebiasis","Amoebiasis","C1_05_24",0,0,0,1,1,1.32028568445461e-40
"ECM-receptor interaction","ECM-receptor interaction","C1_05_24",0,0,0,1,1,8.29553146762996e-39
"Renin secretion","Renin secretion","C1_05_24",0,0,0,1,1,2.70196108238138e-44
"Collecting duct acid secretion","Collecting duct acid secretion","C1_05_24",0,0,0,1,1,1.29484265795083e-49
"Viral myocarditis","Viral myocarditis","C1_05_24",0,0,0,1,1,1.31155453287453e-48
"B cell receptor signaling pathway","B cell receptor signaling pathway","C1_05_24",0,0,0,1,1,6.61869224016061e-46
"Glutamatergic synapse","Glutamatergic synapse","C1_05_24",0,0,0,1,1,1.99845953540597e-42
"Cytosolic DNA-sensing pathway","Cytosolic DNA-sensing pathway","C1_05_24",0,0,0,1,1,2.43099220937718e-45
"Glycosphingolipid biosynthesis - globo and isoglobo series","Glycosphingolipid biosynthesis - globo and isoglobo series","C1_05_24",0,0,0,1,1,2.40418161647271e-51
"Galactose metabolism","Galactose metabolism","C1_05_24",0,0,0,1,1,4.21572961567353e-50
"Arginine biosynthesis","Arginine biosynthesis","C1_05_24",0,0,0,1,1,2.53477179197881e-51
"Toll-like receptor signaling pathway","Toll-like receptor signaling pathway","C1_05_24",0,0,0,1,1,3.85334615685825e-45
"Thiamine metabolism","Thiamine metabolism","C1_05_24",0,0,0,1,1,1.36977050779093e-50
"Circadian entrainment","Circadian entrainment","C1_05_24",0,0,0,1,1,2.58712102188869e-42
"Morphine addiction","Morphine addiction","C1_05_24",0,0,0,1,1,2.90732774065069e-44
"Ether lipid metabolism","Ether lipid metabolism","C1_05_24",0,0,0,1,1,7.33902609850844e-49
"Ribosome biogenesis in eukaryotes","Ribosome biogenesis in eukaryotes","C1_05_24",0,0,0,1,1,5.25754845379234e-46
"Synaptic vesicle cycle","Synaptic vesicle cycle","C1_05_24",2,0,1.58496250072116,0.0280373831775701,1,3.43436416276907e-45
"Tryptophan metabolism","Tryptophan metabolism","C1_05_24",0,0,0,1,1,1.07142636251691e-49
"Proximal tubule bicarbonate reclamation","Proximal tubule bicarbonate reclamation","C1_05_24",0,0,0,1,1,5.60385741136168e-51
"Chemical carcinogenesis - receptor activation","Chemical carcinogenesis - receptor activation","C1_05_24",2,0,1.58496250072116,0.142523364485981,1,1.1794787169769e-39
"Leishmaniasis","Leishmaniasis","C1_05_24",0,0,0,1,1,6.17724950242112e-50
"Glycosphingolipid biosynthesis - lacto and neolacto series","Glycosphingolipid biosynthesis - lacto and neolacto series","C1_05_24",0,0,0,1,1,1.02698980658126e-50
"Amphetamine addiction","Amphetamine addiction","C1_05_24",0,0,0,1,1,1.60383243982603e-45
"Thyroid hormone synthesis","Thyroid hormone synthesis","C1_05_24",0,0,0,1,1,2.90732774065069e-44
"Butanoate metabolism","Butanoate metabolism","C1_05_24",0,0,0,1,1,6.42087538524188e-51
"ABC transporters","ABC transporters","C1_05_24",2,0,1.58496250072116,0.0186915887850467,1,7.22505555929712e-48
"Antigen processing and presentation","Antigen processing and presentation","C1_05_24",0,0,0,1,1,1.29890877351887e-50
"Ovarian steroidogenesis","Ovarian steroidogenesis","C1_05_24",0,0,0,1,1,3.54941038147103e-46
"Rheumatoid arthritis","Rheumatoid arthritis","C1_05_24",1,0,1,0.170560747663551,1,4.6752471433288e-48
"IL-17 signaling pathway","IL-17 signaling pathway","C1_05_24",0,0,0,1,1,1.72405093535963e-43
"Renin-angiotensin system","Renin-angiotensin system","C1_05_24",0,0,0,1,1,9.90198909397528e-51
"Nitrogen metabolism","Nitrogen metabolism","C1_05_24",0,0,0,1,1,4.78990424366066e-51
"Tuberculosis","Tuberculosis","C1_05_24",0,0,0,1,1,3.43835059725703e-45
"Drug metabolism - other enzymes","Drug metabolism - other enzymes","C1_05_24",0,0,0,1,1,5.55714260547265e-48
"Glycolysis / Gluconeogenesis","Glycolysis / Gluconeogenesis","C1_05_24",0,0,0,1,1,6.01591923660113e-47
"Gastric acid secretion","Gastric acid secretion","C1_05_24",0,0,0,1,1,1.28736218985148e-44
"Cholesterol metabolism","Cholesterol metabolism","C1_05_24",1,0,1,0.123831775700935,1,1.3011008624886e-46
"African trypanosomiasis","African trypanosomiasis","C1_05_24",0,0,0,1,1,5.55714260547265e-48
"GABAergic synapse","GABAergic synapse","C1_05_24",0,0,0,1,1,1.27398320857703e-44
"Chemokine signaling pathway","Chemokine signaling pathway","C1_05_24",0,0,0,1,1,3.52458065510966e-40
"Insulin secretion","Insulin secretion","C1_05_24",0,0,0,1,1,1.50586843307568e-42
"Cocaine addiction","Cocaine addiction","C1_05_24",0,0,0,1,1,4.32866379383949e-47
"Mineral absorption","Mineral absorption","C1_05_24",0,0,0,1,1,1.87772835451534e-47
"Histidine metabolism","Histidine metabolism","C1_05_24",0,0,0,1,1,6.82701839161394e-51
"Vitamin digestion and absorption","Vitamin digestion and absorption","C1_05_24",0,0,0,1,1,1.70983083493412e-50
"Systemic lupus erythematosus","Systemic lupus erythematosus","C1_05_24",0,0,0,1,1,3.72623439363942e-50
"Phenylalanine metabolism","Phenylalanine metabolism","C1_05_24",0,0,0,1,1,1.7995738144155e-51
"Taurine and hypotaurine metabolism","Taurine and hypotaurine metabolism","C1_05_24",0,0,0,1,1,1.7995738144155e-51
"Starch and sucrose metabolism","Starch and sucrose metabolism","C1_05_24",0,0,0,1,1,5.94389002888091e-50
"cAMP signaling pathway","cAMP signaling pathway","C1_05_24",0,0,0,1,1,1.24571197085801e-38
"Protein digestion and absorption","Protein digestion and absorption","C1_05_24",0,0,0,1,1,1.81216153320833e-42
"Primary bile acid biosynthesis","Primary bile acid biosynthesis","C1_05_24",0,0,0,1,1,3.72623439363942e-50
"Calcium signaling pathway","Calcium signaling pathway","C1_05_24",2,0,1.58496250072116,0.197429906542056,1,1.38058197239369e-34
"Porphyrin metabolism","Porphyrin metabolism","C1_05_24",0,0,0,1,1,1.17974458201703e-49
"Malaria","Malaria","C1_05_24",0,0,0,1,1,1.02439823147855e-45
"alpha-Linolenic acid metabolism","alpha-Linolenic acid metabolism","C1_05_24",0,0,0,1,1,7.95480149497443e-51
"Cell adhesion molecules","Cell adhesion molecules","C1_05_24",0,0,0,1,1,2.78468696111927e-45
"Carbohydrate digestion and absorption","Carbohydrate digestion and absorption","C1_05_24",0,0,0,1,1,6.01783644229325e-49
"Serotonergic synapse","Serotonergic synapse","C1_05_24",0,0,0,1,1,5.70869507552396e-45
"JAK-STAT signaling pathway","JAK-STAT signaling pathway","C1_05_24",0,0,0,1,1,3.36234833950355e-41
"Type I diabetes mellitus","Type I diabetes mellitus","C1_05_24",0,0,0,1,1,1.7995738144155e-51
"Arachidonic acid metabolism","Arachidonic acid metabolism","C1_05_24",0,0,0,1,1,1.50155749874578e-49
"Salivary secretion","Salivary secretion","C1_05_24",0,0,0,1,1,7.3418191718641e-44
"Inflammatory bowel disease","Inflammatory bowel disease","C1_05_24",0,0,0,1,1,2.76789381834062e-48
"Natural killer cell mediated cytotoxicity","Natural killer cell mediated cytotoxicity","C1_05_24",0,0,0,1,1,5.41460984762129e-46
"Tyrosine metabolism","Tyrosine metabolism","C1_05_24",0,0,0,1,1,8.57962442475756e-51
"Allograft rejection","Allograft rejection","C1_05_24",0,0,0,1,1,8.68282961909399e-52
"Phototransduction","Phototransduction","C1_05_24",0,0,0,1,1,1.70983083493412e-50
"Primary immunodeficiency","Primary immunodeficiency","C1_05_24",0,0,0,1,1,2.50142659908836e-50
"Linoleic acid metabolism","Linoleic acid metabolism","C1_05_24",0,0,0,1,1,2.53477179197881e-51
"Pentose and glucuronate interconversions","Pentose and glucuronate interconversions","C1_05_24",0,0,0,1,1,4.81581114072824e-51
"Graft-versus-host disease","Graft-versus-host disease","C1_05_24",0,0,0,1,1,1.7995738144155e-51
"Intestinal immune network for IgA production","Intestinal immune network for IgA production","C1_05_24",0,0,0,1,1,4.3428425595093e-51
"Pancreatic secretion","Pancreatic secretion","C1_05_24",0,0,0,1,1,2.90732774065069e-44
"Complement and coagulation cascades","Complement and coagulation cascades","C1_05_24",0,0,0,1,1,1.91132498593176e-45
"Fat digestion and absorption","Fat digestion and absorption","C1_05_24",0,0,0,1,1,6.42087538524188e-51
"Ascorbate and aldarate metabolism","Ascorbate and aldarate metabolism","C1_05_24",0,0,0,1,1,3.43404685299687e-51
"MicroRNAs in cancer","MicroRNAs in cancer","C1_05_24",2,0,1.58496250072116,0.212616822429907,1,4.41235236973164e-35
"Asthma","Asthma","C1_05_24",0,0,0,1,1,8.68282961909399e-52
"Maturity onset diabetes of the young","Maturity onset diabetes of the young","C1_05_24",0,0,0,1,1,8.68282961909399e-52
"Chemical carcinogenesis - DNA adducts","Chemical carcinogenesis - DNA adducts","C1_05_24",0,0,0,1,1,6.44817421834822e-51
"Bile secretion","Bile secretion","C1_05_24",0,0,0,1,1,2.19167438468523e-45
"Metabolism of xenobiotics by cytochrome P450","Metabolism of xenobiotics by cytochrome P450","C1_05_24",0,0,0,1,1,8.01599001804223e-50
"Nicotine addiction","Nicotine addiction","C1_05_24",0,0,0,1,1,2.53477179197881e-51
"Hematopoietic cell lineage","Hematopoietic cell lineage","C1_05_24",1,0,1,0.204439252336449,1,1.60928789155184e-46
"Taste transduction","Taste transduction","C1_05_24",0,0,0,1,1,5.03031446992669e-47
"Drug metabolism - cytochrome P450","Drug metabolism - cytochrome P450","C1_05_24",0,0,0,1,1,1.15039162089486e-50
"Autoimmune thyroid disease","Autoimmune thyroid disease","C1_05_24",0,0,0,1,1,8.68282961909399e-52
"Steroid hormone biosynthesis","Steroid hormone biosynthesis","C1_05_24",0,0,0,1,1,6.77387003625917e-51
"Retinol metabolism","Retinol metabolism","C1_05_24",0,0,0,1,1,6.86911998897268e-51
"Viral protein interaction with cytokine and cytokine receptor","Viral protein interaction with cytokine and cytokine receptor","C1_05_24",1,0,1,0.143691588785047,1,5.41460984762129e-46
"Staphylococcus aureus infection","Staphylococcus aureus infection","C1_05_24",0,0,0,1,1,6.86911998897268e-51
"Cytokine-cytokine receptor interaction","Cytokine-cytokine receptor interaction","C1_05_24",1,0,1,0.378504672897196,1,7.7551779762789e-38
"Neuroactive ligand-receptor interaction","Neuroactive ligand-receptor interaction","C1_05_24",0,0,0,1,1,7.20588543513693e-40
"Olfactory transduction","Olfactory transduction","C1_05_24",0,0,0,1,1,5.36494244637121e-50
"Herpes simplex virus 1 infection1","Herpes simplex virus 1 infection","C2_05_24",0,1,-1,0.549591598599767,1,1.70100510896137e-32
"Cell cycle1","Cell cycle","C2_05_24",0,0,0,1,1,5.58562253835537e-42
"Endocytosis1","Endocytosis","C2_05_24",3,0,2,0.0665110851808635,0.849734214961753,2.44154923487391e-36
"Ribosome1","Ribosome","C2_05_24",0,0,0,1,1,4.8685849387424e-45
"Autophagy - animal1","Autophagy - animal","C2_05_24",0,0,0,1,1,7.24068187324763e-41
"Protein processing in endoplasmic reticulum1","Protein processing in endoplasmic reticulum","C2_05_24",0,0,0,1,1,2.58401629176793e-42
"Huntington disease1","Huntington disease","C2_05_24",2,0,1.58496250072116,0.157526254375729,1,8.13138757615609e-36
"Ubiquitin mediated proteolysis1","Ubiquitin mediated proteolysis","C2_05_24",0,0,0,1,1,1.37753657822475e-43
"Shigellosis1","Shigellosis","C2_05_24",0,0,0,1,1,2.26332320708842e-36
"Thermogenesis1","Thermogenesis","C2_05_24",0,0,0,1,1,5.63056836976152e-39
"Mitophagy - animal1","Mitophagy - animal","C2_05_24",0,0,0,1,1,2.79790861395475e-44
"Parkinson disease1","Parkinson disease","C2_05_24",0,0,0,1,1,2.30229491319097e-38
"Amyotrophic lateral sclerosis1","Amyotrophic lateral sclerosis","C2_05_24",0,0,0,1,1,3.19578273827742e-34
"Cellular senescence1","Cellular senescence","C2_05_24",0,0,0,1,1,1.69928021109787e-39
"Chemical carcinogenesis - reactive oxygen species1","Chemical carcinogenesis - reactive oxygen species","C2_05_24",0,0,0,1,1,8.48538207693465e-41
"Colorectal cancer1","Colorectal cancer","C2_05_24",0,0,0,1,1,3.57568286116542e-44
"Salmonella infection1","Salmonella infection","C2_05_24",0,0,0,1,1,6.62344211176463e-37
"ATP-dependent chromatin remodeling1","ATP-dependent chromatin remodeling","C2_05_24",1,0,1,0.228704784130688,1,1.39538418305267e-42
"Diabetic cardiomyopathy1","Diabetic cardiomyopathy","C2_05_24",0,0,0,1,1,6.8736673144293e-40
"Spliceosome1","Spliceosome","C2_05_24",0,0,0,1,1,6.65046809661895e-43
"Viral carcinogenesis1","Viral carcinogenesis","C2_05_24",0,0,0,1,1,1.09364549080052e-41
"Pathways of neurodegeneration - multiple diseases1","Pathways of neurodegeneration - multiple diseases","C2_05_24",0,1,-1,0.53558926487748,1,2.70352696098167e-30
"Pancreatic cancer1","Pancreatic cancer","C2_05_24",0,0,0,1,1,3.93091863832276e-44
"Chronic myeloid leukemia1","Chronic myeloid leukemia","C2_05_24",0,0,0,1,1,1.00506154115738e-46
"Polycomb repressive complex1","Polycomb repressive complex","C2_05_24",1,0,1,0.108518086347725,1,4.67768329644472e-47
"Alzheimer disease1","Alzheimer disease","C2_05_24",0,1,-1,0.586931155192532,1,7.95761478293677e-34
"Non-alcoholic fatty liver disease1","Non-alcoholic fatty liver disease","C2_05_24",0,0,0,1,1,1.60056651508514e-41
"Nucleocytoplasmic transport1","Nucleocytoplasmic transport","C2_05_24",0,0,0,1,1,1.0213991816307e-45
"Human T-cell leukemia virus 1 infection1","Human T-cell leukemia virus 1 infection","C2_05_24",0,0,0,1,1,1.45105981436959e-38
"Nucleotide excision repair1","Nucleotide excision repair","C2_05_24",0,0,0,1,1,5.31520568108405e-47
"Oxidative phosphorylation1","Oxidative phosphorylation","C2_05_24",0,0,0,1,1,1.58335739994284e-45
"Renal cell carcinoma1","Renal cell carcinoma","C2_05_24",0,0,0,1,1,9.5025458923432e-43
"Axon guidance1","Axon guidance","C2_05_24",0,0,0,1,1,4.95474280178208e-37
"Endometrial cancer1","Endometrial cancer","C2_05_24",0,0,0,1,1,7.9885938498501e-46
"mRNA surveillance pathway1","mRNA surveillance pathway","C2_05_24",0,0,0,1,1,1.49529996146333e-45
"Focal adhesion1","Focal adhesion","C2_05_24",4,0,2.32192809488736,0.0420070011668611,0.63634518796611,9.26716745463454e-34
"Adherens junction1","Adherens junction","C2_05_24",0,0,0,1,1,4.59994250265468e-41
"Prion disease1","Prion disease","C2_05_24",0,0,0,1,1,1.85221977958175e-36
"Lysosome1","Lysosome","C2_05_24",0,0,0,1,1,1.87854738328327e-41
"MAPK signaling pathway1","MAPK signaling pathway","C2_05_24",2,1,0.584962500721156,0.719953325554259,1,5.74462829802751e-34
"Sphingolipid signaling pathway1","Sphingolipid signaling pathway","C2_05_24",3,0,2,0.0186697782963827,0.480330055009168,6.34852025400047e-42
"Fanconi anemia pathway1","Fanconi anemia pathway","C2_05_24",0,0,0,1,1,1.13282248149477e-48
"Neurotrophin signaling pathway1","Neurotrophin signaling pathway","C2_05_24",0,0,0,1,1,5.27100736057035e-43
"Phosphatidylinositol signaling system1","Phosphatidylinositol signaling system","C2_05_24",0,0,0,1,1,4.88119747623959e-43
"Prostate cancer1","Prostate cancer","C2_05_24",0,0,0,1,1,9.4903297327971e-43
"Aminoacyl-tRNA biosynthesis1","Aminoacyl-tRNA biosynthesis","C2_05_24",0,0,0,1,1,1.26099514975303e-48
"Base excision repair1","Base excision repair","C2_05_24",0,0,0,1,1,8.41509344386894e-49
"p53 signaling pathway1","p53 signaling pathway","C2_05_24",0,0,0,1,1,2.18013025941811e-43
"EGFR tyrosine kinase inhibitor resistance1","EGFR tyrosine kinase inhibitor resistance","C2_05_24",0,0,0,1,1,2.8291474164805e-44
"Small cell lung cancer1","Small cell lung cancer","C2_05_24",1,0,1,0.240373395565928,1,1.63272708935328e-42
"RNA degradation1","RNA degradation","C2_05_24",0,0,0,1,1,2.84485135609965e-47
"mTOR signaling pathway1","mTOR signaling pathway","C2_05_24",0,0,0,1,1,3.17543116605924e-41
"Endocrine resistance1","Endocrine resistance","C2_05_24",0,0,0,1,1,2.77557233801373e-43
"Lysine degradation1","Lysine degradation","C2_05_24",0,0,0,1,1,3.11795576264641e-44
"Viral life cycle - HIV-11","Viral life cycle - HIV-1","C2_05_24",0,0,0,1,1,1.14212311835341e-44
"Longevity regulating pathway1","Longevity regulating pathway","C2_05_24",0,0,0,1,1,5.27100736057035e-43
"Insulin resistance1","Insulin resistance","C2_05_24",0,0,0,1,1,2.51391966055067e-42
"Inositol phosphate metabolism1","Inositol phosphate metabolism","C2_05_24",0,0,0,1,1,5.32423807998693e-45
"Platinum drug resistance1","Platinum drug resistance","C2_05_24",0,0,0,1,1,2.47101321536921e-46
"Bacterial invasion of epithelial cells1","Bacterial invasion of epithelial cells","C2_05_24",0,0,0,1,1,2.83252861882736e-43
"Hepatocellular carcinoma1","Hepatocellular carcinoma","C2_05_24",1,0,1,0.367561260210035,1,7.65804007813006e-39
"Insulin signaling pathway1","Insulin signaling pathway","C2_05_24",0,0,0,1,1,8.23603110946674e-42
"Human cytomegalovirus infection1","Human cytomegalovirus infection","C2_05_24",0,0,0,1,1,9.41199567445499e-37
"Human papillomavirus infection1","Human papillomavirus infection","C2_05_24",3,1,1,0.570595099183197,1,2.25897792493553e-32
"Proteoglycans in cancer1","Proteoglycans in cancer","C2_05_24",0,0,0,1,1,1.19069119263047e-36
"TGF-beta signaling pathway1","TGF-beta signaling pathway","C2_05_24",3,0,2,0.0198366394399067,0.480330055009168,4.79151700221528e-41
"RNA polymerase1","RNA polymerase","C2_05_24",0,0,0,1,1,2.00084630119005e-49
"FoxO signaling pathway1","FoxO signaling pathway","C2_05_24",0,0,0,1,1,2.51324298319142e-42
"AGE-RAGE signaling pathway in diabetic complications1","AGE-RAGE signaling pathway in diabetic complications","C2_05_24",0,0,0,1,1,1.97790587843164e-43
"Hepatitis B1","Hepatitis B","C2_05_24",0,0,0,1,1,5.49604083742152e-43
"Longevity regulating pathway - multiple species1","Longevity regulating pathway - multiple species","C2_05_24",0,0,0,1,1,1.6037637891648e-45
"Yersinia infection1","Yersinia infection","C2_05_24",0,0,0,1,1,1.2280653991603e-41
"N-Glycan biosynthesis1","N-Glycan biosynthesis","C2_05_24",0,0,0,1,1,5.60578713288736e-49
"Non-small cell lung cancer1","Non-small cell lung cancer","C2_05_24",0,0,0,1,1,6.21843073455981e-45
"Rap1 signaling pathway1","Rap1 signaling pathway","C2_05_24",1,0,1,0.465577596266044,1,1.30478114849452e-35
"Choline metabolism in cancer1","Choline metabolism in cancer","C2_05_24",0,0,0,1,1,1.45723011862236e-43
"TNF signaling pathway1","TNF signaling pathway","C2_05_24",0,0,0,1,1,7.12972034121954e-42
"Glioma1","Glioma","C2_05_24",0,0,0,1,1,1.74212199265125e-44
"Human immunodeficiency virus 1 infection1","Human immunodeficiency virus 1 infection","C2_05_24",0,0,0,1,1,7.10166470194947e-39
"Apoptosis1","Apoptosis","C2_05_24",0,0,0,1,1,2.46301480864416e-41
"AMPK signaling pathway1","AMPK signaling pathway","C2_05_24",0,0,0,1,1,5.17177122386737e-42
"Fatty acid metabolism1","Fatty acid metabolism","C2_05_24",0,0,0,1,1,9.40682747068591e-47
"DNA replication1","DNA replication","C2_05_24",0,0,0,1,1,1.10907193504848e-48
"Pathogenic Escherichia coli infection1","Pathogenic Escherichia coli infection","C2_05_24",0,0,0,1,1,6.12038058556937e-38
"PD-L1 expression and PD-1 checkpoint pathway in cancer1","PD-L1 expression and PD-1 checkpoint pathway in cancer","C2_05_24",0,0,0,1,1,4.21465868787842e-45
"Hippo signaling pathway1","Hippo signaling pathway","C2_05_24",3,0,2,0.0420070011668611,0.63634518796611,2.55217367674122e-39
"Valine, leucine and isoleucine degradation1","Valine, leucine and isoleucine degradation","C2_05_24",0,0,0,1,1,4.13751592715672e-47
"Peroxisome1","Peroxisome","C2_05_24",0,0,0,1,1,8.73566832084671e-47
"Homologous recombination1","Homologous recombination","C2_05_24",0,0,0,1,1,4.13128241039399e-50
"Bladder cancer1","Bladder cancer","C2_05_24",0,0,0,1,1,2.83969655392616e-47
"Fluid shear stress and atherosclerosis1","Fluid shear stress and atherosclerosis","C2_05_24",3,0,2,0.0350058343057176,0.593348891481914,4.70605681258701e-42
"SNARE interactions in vesicular transport1","SNARE interactions in vesicular transport","C2_05_24",0,0,0,1,1,1.07268060791225e-49
"Autophagy - other1","Autophagy - other","C2_05_24",0,0,0,1,1,9.69055726756845e-50
"Proteasome1","Proteasome","C2_05_24",0,0,0,1,1,3.54805213943775e-48
"Protein export1","Protein export","C2_05_24",0,0,0,1,1,6.92864476710266e-50
"Thyroid hormone signaling pathway1","Thyroid hormone signaling pathway","C2_05_24",3,0,2,0.0163360560093349,0.480330055009168,4.67333214675278e-41
"Amino sugar and nucleotide sugar metabolism1","Amino sugar and nucleotide sugar metabolism","C2_05_24",0,0,0,1,1,1.13282248149477e-48
"Nucleotide metabolism1","Nucleotide metabolism","C2_05_24",0,0,0,1,1,4.72618520466924e-46
"ErbB signaling pathway1","ErbB signaling pathway","C2_05_24",0,0,0,1,1,9.32613393180254e-47
"Thyroid cancer1","Thyroid cancer","C2_05_24",0,0,0,1,1,6.7492300321299e-48
"Various types of N-glycan biosynthesis1","Various types of N-glycan biosynthesis","C2_05_24",0,0,0,1,1,1.76513497914621e-49
"Spinocerebellar ataxia1","Spinocerebellar ataxia","C2_05_24",0,0,0,1,1,5.02745842685681e-42
"Basal transcription factors1","Basal transcription factors","C2_05_24",0,0,0,1,1,5.59171803400338e-49
"Regulation of actin cytoskeleton1","Regulation of actin cytoskeleton","C2_05_24",6,0,2.8073549220576,0.00816802800466744,0.395565927654609,1.38101060496981e-35
"Melanoma1","Melanoma","C2_05_24",0,0,0,1,1,2.05464639284355e-43
"Tight junction1","Tight junction","C2_05_24",0,0,0,1,1,2.34351559190964e-39
"Apoptosis - multiple species1","Apoptosis - multiple species","C2_05_24",0,0,0,1,1,1.13282248149477e-48
"Glycosylphosphatidylinositol (GPI)-anchor biosynthesis1","Glycosylphosphatidylinositol (GPI)-anchor biosynthesis","C2_05_24",0,0,0,1,1,1.10407819145414e-50
"Biosynthesis of nucleotide sugars1","Biosynthesis of nucleotide sugars","C2_05_24",0,0,0,1,1,4.86950021976169e-49
"Epithelial cell signaling in Helicobacter pylori infection1","Epithelial cell signaling in Helicobacter pylori infection","C2_05_24",0,0,0,1,1,4.10665546705935e-48
"Epstein-Barr virus infection1","Epstein-Barr virus infection","C2_05_24",0,0,0,1,1,1.89417422545967e-40
"Selenocompound metabolism1","Selenocompound metabolism","C2_05_24",0,0,0,1,1,1.64694114068085e-50
"Other types of O-glycan biosynthesis1","Other types of O-glycan biosynthesis","C2_05_24",1,0,1,0.123687281213536,1,2.43516860342107e-46
"Notch signaling pathway1","Notch signaling pathway","C2_05_24",0,0,0,1,1,1.8852821625574e-48
"Fc gamma R-mediated phagocytosis1","Fc gamma R-mediated phagocytosis","C2_05_24",0,0,0,1,1,9.00895639449575e-43
"Citrate cycle (TCA cycle)1","Citrate cycle (TCA cycle)","C2_05_24",0,0,0,1,1,5.20982362730823e-50
"Apelin signaling pathway1","Apelin signaling pathway","C2_05_24",0,0,0,1,1,4.77540678984115e-42
"Mismatch repair1","Mismatch repair","C2_05_24",0,0,0,1,1,6.10098743228918e-51
"Carbon metabolism1","Carbon metabolism","C2_05_24",0,0,0,1,1,7.90341763604575e-45
"Hedgehog signaling pathway1","Hedgehog signaling pathway","C2_05_24",0,0,0,1,1,1.73790001950234e-43
"Chagas disease1","Chagas disease","C2_05_24",3,0,2,0.0116686114352392,0.43951769739401,2.21541378912774e-43
"Growth hormone synthesis, secretion and action1","Growth hormone synthesis, secretion and action","C2_05_24",0,0,0,1,1,6.68564814946861e-44
"Kaposi sarcoma-associated herpesvirus infection1","Kaposi sarcoma-associated herpesvirus infection","C2_05_24",0,0,0,1,1,3.72431471238805e-39
"Hippo signaling pathway - multiple species1","Hippo signaling pathway - multiple species","C2_05_24",0,0,0,1,1,1.19228926653462e-48
"VEGF signaling pathway1","VEGF signaling pathway","C2_05_24",0,0,0,1,1,3.71406421847533e-46
"Gap junction1","Gap junction","C2_05_24",0,0,0,1,1,5.52328937180867e-44
"Vasopressin-regulated water reabsorption1","Vasopressin-regulated water reabsorption","C2_05_24",0,0,0,1,1,1.64599654528191e-48
"Progesterone-mediated oocyte maturation1","Progesterone-mediated oocyte maturation","C2_05_24",0,0,0,1,1,2.62842834740876e-44
"Glycosaminoglycan biosynthesis - chondroitin sulfate / dermatan sulfate1","Glycosaminoglycan biosynthesis - chondroitin sulfate / dermatan sulfate","C2_05_24",0,0,0,1,1,1.22272622676949e-48
"T cell receptor signaling pathway1","T cell receptor signaling pathway","C2_05_24",0,0,0,1,1,8.70947263449876e-44
"Oocyte meiosis1","Oocyte meiosis","C2_05_24",0,0,0,1,1,3.27727049960054e-43
"Phospholipase D signaling pathway1","Phospholipase D signaling pathway","C2_05_24",0,0,0,1,1,2.55635977563487e-40
"Acute myeloid leukemia1","Acute myeloid leukemia","C2_05_24",0,0,0,1,1,5.3669023278925e-48
"One carbon pool by folate1","One carbon pool by folate","C2_05_24",0,0,0,1,1,1.32605730459439e-50
"Propanoate metabolism1","Propanoate metabolism","C2_05_24",0,0,0,1,1,2.01526299729106e-49
"Wnt signaling pathway1","Wnt signaling pathway","C2_05_24",0,0,0,1,1,6.5310773886198e-40
"Breast cancer1","Breast cancer","C2_05_24",0,0,0,1,1,1.94111096400503e-40
"Adipocytokine signaling pathway1","Adipocytokine signaling pathway","C2_05_24",0,0,0,1,1,2.43516860342107e-46
"Central carbon metabolism in cancer1","Central carbon metabolism in cancer","C2_05_24",2,0,1.58496250072116,0.0431738623103851,0.63634518796611,6.59258050364886e-44
"Glyoxylate and dicarboxylate metabolism1","Glyoxylate and dicarboxylate metabolism","C2_05_24",0,0,0,1,1,1.38339276780136e-49
"Relaxin signaling pathway1","Relaxin signaling pathway","C2_05_24",0,0,0,1,1,5.09879968946936e-41
"Ferroptosis1","Ferroptosis","C2_05_24",0,0,0,1,1,1.50225129834081e-48
"Sphingolipid metabolism1","Sphingolipid metabolism","C2_05_24",0,0,0,1,1,9.51913219919989e-47
"Toxoplasmosis1","Toxoplasmosis","C2_05_24",0,0,0,1,1,3.13056732163248e-44
"Ras signaling pathway1","Ras signaling pathway","C2_05_24",1,0,1,0.401400233372229,1,2.49280705190296e-37
"Pyrimidine metabolism1","Pyrimidine metabolism","C2_05_24",0,0,0,1,1,3.18509685008918e-47
"GnRH signaling pathway1","GnRH signaling pathway","C2_05_24",0,0,0,1,1,9.85353328640933e-44
"Coronavirus disease - COVID-191","Coronavirus disease - COVID-19","C2_05_24",0,0,0,1,1,7.92349584403088e-41
"Mannose type O-glycan biosynthesis1","Mannose type O-glycan biosynthesis","C2_05_24",0,0,0,1,1,4.13128241039399e-50
"Terpenoid backbone biosynthesis1","Terpenoid backbone biosynthesis","C2_05_24",0,0,0,1,1,4.70896487321841e-51
"Cysteine and methionine metabolism1","Cysteine and methionine metabolism","C2_05_24",0,0,0,1,1,2.85209753385402e-48
"Circadian rhythm1","Circadian rhythm","C2_05_24",0,0,0,1,1,3.82502786181167e-50
"Fatty acid elongation1","Fatty acid elongation","C2_05_24",2,0,1.58496250072116,0.0116686114352392,0.43951769739401,6.27070944586669e-50
"Biosynthesis of unsaturated fatty acids1","Biosynthesis of unsaturated fatty acids","C2_05_24",2,0,1.58496250072116,0.014002333722287,0.474679113185531,5.60578713288736e-49
"Inflammatory mediator regulation of TRP channels1","Inflammatory mediator regulation of TRP channels","C2_05_24",6,0,2.8073549220576,0.00116686114352392,0.0988914819136523,3.83185022999412e-43
"Parathyroid hormone synthesis, secretion and action1","Parathyroid hormone synthesis, secretion and action","C2_05_24",0,0,0,1,1,1.63272708935328e-42
"Sulfur metabolism1","Sulfur metabolism","C2_05_24",0,0,0,1,1,6.10098743228918e-51
"Vibrio cholerae infection1","Vibrio cholerae infection","C2_05_24",0,0,0,1,1,1.0134815816863e-48
"Signaling pathways regulating pluripotency of stem cells1","Signaling pathways regulating pluripotency of stem cells","C2_05_24",3,0,2,0.0245040840140023,0.488640263573341,4.21435677305358e-40
"HIF-1 signaling pathway1","HIF-1 signaling pathway","C2_05_24",1,0,1,0.263710618436406,1,6.34852025400047e-42
"Purine metabolism1","Purine metabolism","C2_05_24",0,0,0,1,1,7.95557032199877e-44
"Fatty acid degradation1","Fatty acid degradation","C2_05_24",0,0,0,1,1,9.29478223097924e-49
"Glutathione metabolism1","Glutathione metabolism","C2_05_24",0,0,0,1,1,4.74785587203948e-49
"Transcriptional misregulation in cancer1","Transcriptional misregulation in cancer","C2_05_24",2,0,1.58496250072116,0.129521586931155,1,1.06836816773869e-38
"2-Oxocarboxylic acid metabolism1","2-Oxocarboxylic acid metabolism","C2_05_24",0,0,0,1,1,2.69508602585325e-49
"Adrenergic signaling in cardiomyocytes1","Adrenergic signaling in cardiomyocytes","C2_05_24",0,0,0,1,1,7.65437186631536e-41
"Gastric cancer1","Gastric cancer","C2_05_24",0,0,0,1,1,1.10804690678755e-40
"Long-term potentiation1","Long-term potentiation","C2_05_24",0,0,0,1,1,2.07712434506978e-45
"Motor proteins1","Motor proteins","C2_05_24",0,0,0,1,1,1.31104568566603e-38
"Biosynthesis of amino acids1","Biosynthesis of amino acids","C2_05_24",0,0,0,1,1,1.45770321819453e-46
"Other glycan degradation1","Other glycan degradation","C2_05_24",0,0,0,1,1,5.20982362730823e-50
"Non-homologous end-joining1","Non-homologous end-joining","C2_05_24",0,0,0,1,1,3.44939226298596e-51
"Glycerophospholipid metabolism1","Glycerophospholipid metabolism","C2_05_24",0,0,0,1,1,8.13157482025845e-47
"C-type lectin receptor signaling pathway1","C-type lectin receptor signaling pathway","C2_05_24",0,0,0,1,1,3.85366778385994e-44
"Lipid and atherosclerosis1","Lipid and atherosclerosis","C2_05_24",0,0,0,1,1,8.96594074140208e-39
"Hepatitis C1","Hepatitis C","C2_05_24",0,0,0,1,1,5.17997447983393e-41
"PI3K-Akt signaling pathway1","PI3K-Akt signaling pathway","C2_05_24",4,1,1.32192809488736,0.0221703617269545,0.488640263573341,1.38340269878793e-30
"Long-term depression1","Long-term depression","C2_05_24",0,0,0,1,1,9.32613393180254e-47
"Arrhythmogenic right ventricular cardiomyopathy1","Arrhythmogenic right ventricular cardiomyopathy","C2_05_24",1,0,1,0.20536756126021,1,1.31944906265577e-43
"Necroptosis1","Necroptosis","C2_05_24",0,0,0,1,1,2.38348935945476e-43
"Retrograde endocannabinoid signaling1","Retrograde endocannabinoid signaling","C2_05_24",0,0,0,1,1,3.80162349137073e-42
"Pantothenate and CoA biosynthesis1","Pantothenate and CoA biosynthesis","C2_05_24",0,0,0,1,1,3.06153206535125e-50
"Cushing syndrome1","Cushing syndrome","C2_05_24",0,0,0,1,1,3.04919748403923e-39
"Fructose and mannose metabolism1","Fructose and mannose metabolism","C2_05_24",0,0,0,1,1,5.58650858591565e-48
"Platelet activation1","Platelet activation","C2_05_24",0,0,0,1,1,1.76784159441404e-41
"Efferocytosis1","Efferocytosis","C2_05_24",0,0,0,1,1,2.86637638950023e-41
"Antifolate resistance1","Antifolate resistance","C2_05_24",0,0,0,1,1,8.48109099585431e-49
"Alcoholism1","Alcoholism","C2_05_24",0,0,0,1,1,2.18013025941811e-43
"Melanogenesis1","Melanogenesis","C2_05_24",0,0,0,1,1,2.65447217404633e-42
"Prolactin signaling pathway1","Prolactin signaling pathway","C2_05_24",0,0,0,1,1,4.66707152204062e-48
"Glycerolipid metabolism1","Glycerolipid metabolism","C2_05_24",0,0,0,1,1,1.53724848320384e-46
"Dopaminergic synapse1","Dopaminergic synapse","C2_05_24",0,0,0,1,1,5.64342324111475e-42
"Glycosphingolipid biosynthesis - ganglio series1","Glycosphingolipid biosynthesis - ganglio series","C2_05_24",0,0,0,1,1,4.02302635415804e-50
"Mucin type O-glycan biosynthesis1","Mucin type O-glycan biosynthesis","C2_05_24",1,0,1,0.102683780630105,1,2.32205472407675e-47
"Lipoic acid metabolism1","Lipoic acid metabolism","C2_05_24",0,0,0,1,1,2.51556869458491e-50
"NF-kappa B signaling pathway1","NF-kappa B signaling pathway","C2_05_24",0,0,0,1,1,3.66400450688359e-46
"Oxytocin signaling pathway1","Oxytocin signaling pathway","C2_05_24",0,0,0,1,1,9.32056016490083e-41
"Basal cell carcinoma1","Basal cell carcinoma","C2_05_24",3,0,2,0.00816802800466744,0.395565927654609,4.15806234797993e-44
"Legionellosis1","Legionellosis","C2_05_24",0,0,0,1,1,1.60585975618939e-48
"Measles1","Measles","C2_05_24",0,0,0,1,1,8.43715544684751e-45
"Biosynthesis of cofactors1","Biosynthesis of cofactors","C2_05_24",0,0,0,1,1,2.58401629176793e-42
"Glycosaminoglycan biosynthesis - keratan sulfate1","Glycosaminoglycan biosynthesis - keratan sulfate","C2_05_24",0,0,0,1,1,1.1051435474183e-50
"Alanine, aspartate and glutamate metabolism1","Alanine, aspartate and glutamate metabolism","C2_05_24",0,0,0,1,1,2.51556869458491e-50
"Fatty acid biosynthesis1","Fatty acid biosynthesis","C2_05_24",0,0,0,1,1,7.08157850139111e-51
"Hypertrophic cardiomyopathy1","Hypertrophic cardiomyopathy","C2_05_24",1,0,1,0.247374562427071,1,5.77761766196763e-42
"Glucagon signaling pathway1","Glucagon signaling pathway","C2_05_24",0,0,0,1,1,1.17857606186619e-43
"Glycosaminoglycan biosynthesis - heparan sulfate / heparin1","Glycosaminoglycan biosynthesis - heparan sulfate / heparin","C2_05_24",0,0,0,1,1,2.39887636850993e-47
"Steroid biosynthesis1","Steroid biosynthesis","C2_05_24",0,0,0,1,1,7.97644550046008e-51
"cGMP-PKG signaling pathway1","cGMP-PKG signaling pathway","C2_05_24",3,0,2,0.0233372228704784,0.488640263573341,6.33101145616459e-40
"Phagosome1","Phagosome","C2_05_24",1,0,1,0.208868144690782,1,1.87017317183908e-43
"Arginine and proline metabolism1","Arginine and proline metabolism","C2_05_24",0,0,0,1,1,1.0134815816863e-48
"Pyruvate metabolism1","Pyruvate metabolism","C2_05_24",0,0,0,1,1,3.75134087016182e-49
"Type II diabetes mellitus1","Type II diabetes mellitus","C2_05_24",0,0,0,1,1,2.49743337639051e-47
"Dilated cardiomyopathy1","Dilated cardiomyopathy","C2_05_24",1,0,1,0.268378063010502,1,1.84807006760469e-41
"Alcoholic liver disease1","Alcoholic liver disease","C2_05_24",0,0,0,1,1,3.78144846385409e-42
"Leukocyte transendothelial migration1","Leukocyte transendothelial migration","C2_05_24",0,0,0,1,1,1.03981132423027e-42
"Glycosaminoglycan degradation1","Glycosaminoglycan degradation","C2_05_24",0,0,0,1,1,7.97644550046008e-51
"Endocrine and other factor-regulated calcium reabsorption1","Endocrine and other factor-regulated calcium reabsorption","C2_05_24",5,0,2.58496250072116,0,0,2.56048887555256e-47
"Ubiquinone and other terpenoid-quinone biosynthesis1","Ubiquinone and other terpenoid-quinone biosynthesis","C2_05_24",0,0,0,1,1,7.08157850139111e-51
"Fc epsilon RI signaling pathway1","Fc epsilon RI signaling pathway","C2_05_24",0,0,0,1,1,8.5461100751064e-47
"Glycine, serine and threonine metabolism1","Glycine, serine and threonine metabolism","C2_05_24",0,0,0,1,1,1.26099514975303e-48
"Pertussis1","Pertussis","C2_05_24",0,0,0,1,1,5.77490961656281e-46
"Aldosterone synthesis and secretion1","Aldosterone synthesis and secretion","C2_05_24",0,0,0,1,1,2.34500953565311e-43
"Regulation of lipolysis in adipocytes1","Regulation of lipolysis in adipocytes","C2_05_24",0,0,0,1,1,4.85187248075587e-46
"Cholinergic synapse1","Cholinergic synapse","C2_05_24",0,0,0,1,1,2.53791614914897e-42
"Osteoclast differentiation1","Osteoclast differentiation","C2_05_24",0,0,0,1,1,6.38791664253584e-42
"Pentose phosphate pathway1","Pentose phosphate pathway","C2_05_24",0,0,0,1,1,7.38454465209044e-50
"beta-Alanine metabolism1","beta-Alanine metabolism","C2_05_24",0,0,0,1,1,1.55792866063908e-49
"PPAR signaling pathway1","PPAR signaling pathway","C2_05_24",0,0,0,1,1,3.98796889397219e-46
"Folate biosynthesis1","Folate biosynthesis","C2_05_24",0,0,0,1,1,6.27245633088517e-50
"Influenza A1","Influenza A","C2_05_24",0,0,0,1,1,6.93118368073123e-42
"Th17 cell differentiation1","Th17 cell differentiation","C2_05_24",0,0,0,1,1,1.76948570990844e-46
"Cardiac muscle contraction1","Cardiac muscle contraction","C2_05_24",0,0,0,1,1,1.42320474579224e-46
"Nicotinate and nicotinamide metabolism1","Nicotinate and nicotinamide metabolism","C2_05_24",0,0,0,1,1,1.33436448630076e-49
"Aldosterone-regulated sodium reabsorption1","Aldosterone-regulated sodium reabsorption","C2_05_24",0,0,0,1,1,1.02658204020941e-47
"Neutrophil extracellular trap formation1","Neutrophil extracellular trap formation","C2_05_24",0,0,0,1,1,8.10880326195321e-44
"Th1 and Th2 cell differentiation1","Th1 and Th2 cell differentiation","C2_05_24",0,0,0,1,1,1.78500690683343e-48
"NOD-like receptor signaling pathway1","NOD-like receptor signaling pathway","C2_05_24",0,0,0,1,1,6.31088462036283e-43
"Cortisol synthesis and secretion1","Cortisol synthesis and secretion","C2_05_24",0,0,0,1,1,4.28074739005193e-45
"GnRH secretion1","GnRH secretion","C2_05_24",0,0,0,1,1,5.83870058133775e-46
"Vascular smooth muscle contraction1","Vascular smooth muscle contraction","C2_05_24",0,0,0,1,1,2.40634014354875e-41
"Estrogen signaling pathway1","Estrogen signaling pathway","C2_05_24",0,0,0,1,1,3.86088530457199e-42
"RIG-I-like receptor signaling pathway1","RIG-I-like receptor signaling pathway","C2_05_24",0,0,0,1,1,7.70196878187159e-48
"Amoebiasis1","Amoebiasis","C2_05_24",0,0,0,1,1,2.82417878060272e-43
"ECM-receptor interaction1","ECM-receptor interaction","C2_05_24",3,0,2,0.0315052508751459,0.56212000245655,6.85631510961394e-41
"Renin secretion1","Renin secretion","C2_05_24",0,0,0,1,1,6.90657167685777e-45
"Collecting duct acid secretion1","Collecting duct acid secretion","C2_05_24",0,0,0,1,1,4.18195972676349e-51
"Viral myocarditis1","Viral myocarditis","C2_05_24",1,0,1,0.11318553092182,1,8.5461100751064e-47
"B cell receptor signaling pathway1","B cell receptor signaling pathway","C2_05_24",0,0,0,1,1,1.53724848320384e-46
"Glutamatergic synapse1","Glutamatergic synapse","C2_05_24",0,0,0,1,1,2.4951047818441e-42
"Cytosolic DNA-sensing pathway1","Cytosolic DNA-sensing pathway","C2_05_24",0,0,0,1,1,1.48584848436655e-47
"Glycosphingolipid biosynthesis - globo and isoglobo series1","Glycosphingolipid biosynthesis - globo and isoglobo series","C2_05_24",0,0,0,1,1,6.10098743228918e-51
"Galactose metabolism1","Galactose metabolism","C2_05_24",0,0,0,1,1,1.1064380853118e-48
"Arginine biosynthesis1","Arginine biosynthesis","C2_05_24",0,0,0,1,1,6.10098743228918e-51
"Toll-like receptor signaling pathway1","Toll-like receptor signaling pathway","C2_05_24",0,0,0,1,1,7.833364134809e-45
"Thiamine metabolism1","Thiamine metabolism","C2_05_24",0,0,0,1,1,3.98449269108548e-51
"Circadian entrainment1","Circadian entrainment","C2_05_24",0,0,0,1,1,2.18013025941811e-43
"Morphine addiction1","Morphine addiction","C2_05_24",0,0,0,1,1,3.16225312540574e-45
"Ether lipid metabolism1","Ether lipid metabolism","C2_05_24",0,0,0,1,1,2.28673590597792e-49
"Ribosome biogenesis in eukaryotes1","Ribosome biogenesis in eukaryotes","C2_05_24",0,0,0,1,1,4.27390146072851e-46
"Synaptic vesicle cycle1","Synaptic vesicle cycle","C2_05_24",2,0,1.58496250072116,0.0280046674445741,0.527421236872812,1.45330953808943e-47
"Tryptophan metabolism1","Tryptophan metabolism","C2_05_24",0,0,0,1,1,3.09968113012931e-48
"Proximal tubule bicarbonate reclamation1","Proximal tubule bicarbonate reclamation","C2_05_24",0,0,0,1,1,1.07268060791225e-49
"Chemical carcinogenesis - receptor activation1","Chemical carcinogenesis - receptor activation","C2_05_24",0,0,0,1,1,5.22511627526713e-41
"Leishmaniasis1","Leishmaniasis","C2_05_24",0,0,0,1,1,3.46482192934217e-48
"Glycosphingolipid biosynthesis - lacto and neolacto series1","Glycosphingolipid biosynthesis - lacto and neolacto series","C2_05_24",0,0,0,1,1,1.64520344736383e-50
"Amphetamine addiction1","Amphetamine addiction","C2_05_24",0,0,0,1,1,6.74332724568761e-45
"Thyroid hormone synthesis1","Thyroid hormone synthesis","C2_05_24",0,0,0,1,1,1.42566789745573e-44
"Butanoate metabolism1","Butanoate metabolism","C2_05_24",0,0,0,1,1,4.18195972676349e-51
"ABC transporters1","ABC transporters","C2_05_24",0,0,0,1,1,3.16024314654685e-48
"Antigen processing and presentation1","Antigen processing and presentation","C2_05_24",0,0,0,1,1,1.89957279710418e-48
"Ovarian steroidogenesis1","Ovarian steroidogenesis","C2_05_24",2,0,1.58496250072116,0.0175029171528588,0.480330055009168,5.3669023278925e-48
"Rheumatoid arthritis1","Rheumatoid arthritis","C2_05_24",1,0,1,0.130688448074679,1,8.29354787739878e-47
"IL-17 signaling pathway1","IL-17 signaling pathway","C2_05_24",0,0,0,1,1,4.94623727805966e-46
"Renin-angiotensin system1","Renin-angiotensin system","C2_05_24",0,0,0,1,1,3.98449269108548e-51
"Nitrogen metabolism1","Nitrogen metabolism","C2_05_24",0,0,0,1,1,6.10098743228918e-51
"Tuberculosis1","Tuberculosis","C2_05_24",1,0,1,0.23220536756126,1,1.71047959611287e-42
"Drug metabolism - other enzymes1","Drug metabolism - other enzymes","C2_05_24",0,0,0,1,1,1.64599654528191e-48
"Glycolysis / Gluconeogenesis1","Glycolysis / Gluconeogenesis","C2_05_24",0,0,0,1,1,4.75882746976888e-48
"Gastric acid secretion1","Gastric acid secretion","C2_05_24",0,0,0,1,1,3.07091896281355e-45
"Cholesterol metabolism1","Cholesterol metabolism","C2_05_24",0,0,0,1,1,7.85354265791236e-49
"African trypanosomiasis1","African trypanosomiasis","C2_05_24",0,0,0,1,1,6.37604157013164e-49
"GABAergic synapse1","GABAergic synapse","C2_05_24",0,0,0,1,1,1.82860716193914e-45
"Chemokine signaling pathway1","Chemokine signaling pathway","C2_05_24",0,0,0,1,1,1.9286261081458e-41
"Insulin secretion1","Insulin secretion","C2_05_24",0,0,0,1,1,4.65040596911749e-43
"Cocaine addiction1","Cocaine addiction","C2_05_24",0,0,0,1,1,2.37195333622494e-48
"Mineral absorption1","Mineral absorption","C2_05_24",0,0,0,1,1,4.78519122624292e-48
"Histidine metabolism1","Histidine metabolism","C2_05_24",0,0,0,1,1,6.71218298630195e-50
"Vitamin digestion and absorption1","Vitamin digestion and absorption","C2_05_24",0,0,0,1,1,6.68058467661548e-51
"Systemic lupus erythematosus1","Systemic lupus erythematosus","C2_05_24",0,0,0,1,1,1.95156761906409e-48
"Phenylalanine metabolism1","Phenylalanine metabolism","C2_05_24",0,0,0,1,1,6.10098743228918e-51
"Taurine and hypotaurine metabolism1","Taurine and hypotaurine metabolism","C2_05_24",0,0,0,1,1,2.20758065603129e-51
"Starch and sucrose metabolism1","Starch and sucrose metabolism","C2_05_24",0,0,0,1,1,7.59516620412213e-50
"cAMP signaling pathway1","cAMP signaling pathway","C2_05_24",0,0,0,1,1,4.23684424195879e-37
"Protein digestion and absorption1","Protein digestion and absorption","C2_05_24",2,0,1.58496250072116,0.0676779463243874,0.849734214961753,3.69340925525321e-44
"Primary bile acid biosynthesis1","Primary bile acid biosynthesis","C2_05_24",0,0,0,1,1,6.10098743228918e-51
"Calcium signaling pathway1","Calcium signaling pathway","C2_05_24",7,0,3,0.00233372228704784,0.158226371061844,2.47321350973647e-36
"Porphyrin metabolism1","Porphyrin metabolism","C2_05_24",0,0,0,1,1,1.37834015644199e-49
"Malaria1","Malaria","C2_05_24",0,0,0,1,1,6.17325384343121e-47
"alpha-Linolenic acid metabolism1","alpha-Linolenic acid metabolism","C2_05_24",0,0,0,1,1,6.64048825789282e-51
"Cell adhesion molecules1","Cell adhesion molecules","C2_05_24",0,0,0,1,1,8.16708496378123e-42
"Carbohydrate digestion and absorption1","Carbohydrate digestion and absorption","C2_05_24",0,0,0,1,1,8.41509344386894e-49
"Serotonergic synapse1","Serotonergic synapse","C2_05_24",0,0,0,1,1,6.63711229856118e-45
"JAK-STAT signaling pathway1","JAK-STAT signaling pathway","C2_05_24",0,0,0,1,1,2.83252861882736e-43
"Type I diabetes mellitus1","Type I diabetes mellitus","C2_05_24",0,0,0,1,1,6.10098743228918e-51
"Arachidonic acid metabolism1","Arachidonic acid metabolism","C2_05_24",0,0,0,1,1,1.77445278222831e-49
"Salivary secretion1","Salivary secretion","C2_05_24",0,0,0,1,1,6.89365476745188e-45
"Inflammatory bowel disease1","Inflammatory bowel disease","C2_05_24",0,0,0,1,1,1.13282248149477e-48
"Natural killer cell mediated cytotoxicity1","Natural killer cell mediated cytotoxicity","C2_05_24",0,0,0,1,1,1.40269388892329e-44
"Tyrosine metabolism1","Tyrosine metabolism","C2_05_24",0,0,0,1,1,1.0601346013849e-50
"Allograft rejection1","Allograft rejection","C2_05_24",0,0,0,1,1,2.20758065603129e-51
"Phototransduction1","Phototransduction","C2_05_24",0,0,0,1,1,6.68058467661548e-51
"Primary immunodeficiency1","Primary immunodeficiency","C2_05_24",0,0,0,1,1,7.26744309464538e-51
"Linoleic acid metabolism1","Linoleic acid metabolism","C2_05_24",0,0,0,1,1,2.20758065603129e-51
"Pentose and glucuronate interconversions1","Pentose and glucuronate interconversions","C2_05_24",0,0,0,1,1,6.10098743228918e-51
"Graft-versus-host disease1","Graft-versus-host disease","C2_05_24",0,0,0,1,1,6.10098743228918e-51
"Intestinal immune network for IgA production1","Intestinal immune network for IgA production","C2_05_24",0,0,0,1,1,7.20289393608749e-50
"Pancreatic secretion1","Pancreatic secretion","C2_05_24",0,0,0,1,1,4.18079249359159e-44
"Complement and coagulation cascades1","Complement and coagulation cascades","C2_05_24",6,0,2.8073549220576,0.00116686114352392,0.0988914819136523,8.2160177935789e-47
"Fat digestion and absorption1","Fat digestion and absorption","C2_05_24",0,0,0,1,1,7.08157850139111e-51
"Ascorbate and aldarate metabolism1","Ascorbate and aldarate metabolism","C2_05_24",0,0,0,1,1,6.10098743228918e-51
"MicroRNAs in cancer1","MicroRNAs in cancer","C2_05_24",3,0,2,0.0501750291715286,0.708722287047841,1.22003896251819e-37
"Asthma1","Asthma","C2_05_24",0,0,0,1,1,1.55233833327888e-51
"Maturity onset diabetes of the young1","Maturity onset diabetes of the young","C2_05_24",0,0,0,1,1,2.20758065603129e-51
"Chemical carcinogenesis - DNA adducts1","Chemical carcinogenesis - DNA adducts","C2_05_24",0,0,0,1,1,3.98449269108548e-51
"Bile secretion1","Bile secretion","C2_05_24",0,0,0,1,1,3.12177629459109e-45
"Metabolism of xenobiotics by cytochrome P4501","Metabolism of xenobiotics by cytochrome P450","C2_05_24",0,0,0,1,1,2.23485330048588e-50
"Nicotine addiction1","Nicotine addiction","C2_05_24",0,0,0,1,1,7.08157850139111e-51
"Hematopoietic cell lineage1","Hematopoietic cell lineage","C2_05_24",0,0,0,1,1,6.63148067948099e-46
"Taste transduction1","Taste transduction","C2_05_24",0,0,0,1,1,1.92013166371667e-48
"Drug metabolism - cytochrome P4501","Drug metabolism - cytochrome P450","C2_05_24",0,0,0,1,1,6.10098743228918e-51
"Autoimmune thyroid disease1","Autoimmune thyroid disease","C2_05_24",0,0,0,1,1,2.20758065603129e-51
"Steroid hormone biosynthesis1","Steroid hormone biosynthesis","C2_05_24",0,0,0,1,1,3.98449269108548e-51
"Retinol metabolism1","Retinol metabolism","C2_05_24",0,0,0,1,1,9.18192252113094e-51
"Viral protein interaction with cytokine and cytokine receptor1","Viral protein interaction with cytokine and cytokine receptor","C2_05_24",0,0,0,1,1,9.32613393180254e-47
"Staphylococcus aureus infection1","Staphylococcus aureus infection","C2_05_24",0,0,0,1,1,1.18280489208298e-49
"Cytokine-cytokine receptor interaction1","Cytokine-cytokine receptor interaction","C2_05_24",3,0,2,0.0536756126021004,0.727841306884481,4.51209985502046e-39
"Neuroactive ligand-receptor interaction1","Neuroactive ligand-receptor interaction","C2_05_24",6,0,2.8073549220576,0.00116686114352392,0.0988914819136523,1.80867463379459e-40
"Olfactory transduction1","Olfactory transduction","C2_05_24",0,0,0,1,1,7.31992902129808e-49
"Herpes simplex virus 1 infection2","Herpes simplex virus 1 infection","C3_05_24",0,1,-1,0.53030303030303,1,3.76969417730108e-32
"Cell cycle2","Cell cycle","C3_05_24",0,0,0,1,1,1.68200626613609e-40
"Endocytosis2","Endocytosis","C3_05_24",1,1,0,1,1,1.08095015136888e-32
"Ribosome2","Ribosome","C3_05_24",2,0,1.58496250072116,0.0827505827505828,1,1.01470900922816e-42
"Autophagy - animal2","Autophagy - animal","C3_05_24",0,0,0,1,1,1.30583652207255e-38
"Protein processing in endoplasmic reticulum2","Protein processing in endoplasmic reticulum","C3_05_24",1,0,1,0.296037296037296,1,8.96303015231002e-41
"Huntington disease2","Huntington disease","C3_05_24",0,1,-1,0.551282051282051,1,5.5699028785986e-35
"Ubiquitin mediated proteolysis2","Ubiquitin mediated proteolysis","C3_05_24",2,0,1.58496250072116,0.101398601398601,1,6.43957391502117e-41
"Shigellosis2","Shigellosis","C3_05_24",0,1,-1,0.553613053613054,1,1.38974283278004e-31
"Thermogenesis2","Thermogenesis","C3_05_24",0,0,0,1,1,1.70455939562674e-38
"Mitophagy - animal2","Mitophagy - animal","C3_05_24",0,0,0,1,1,3.52219668595027e-42
"Parkinson disease2","Parkinson disease","C3_05_24",2,0,1.58496250072116,0.163170163170163,1,2.88229495447386e-35
"Amyotrophic lateral sclerosis2","Amyotrophic lateral sclerosis","C3_05_24",0,1,-1,0.541958041958042,1,6.14045515078866e-35
"Cellular senescence2","Cellular senescence","C3_05_24",0,0,0,1,1,5.66564391297133e-39
"Chemical carcinogenesis - reactive oxygen species2","Chemical carcinogenesis - reactive oxygen species","C3_05_24",1,0,1,0.41025641025641,1,1.74613531299125e-36
"Colorectal cancer2","Colorectal cancer","C3_05_24",1,0,1,0.251748251748252,1,2.37301425701215e-42
"Salmonella infection2","Salmonella infection","C3_05_24",0,0,0,1,1,8.93184795241646e-36
"ATP-dependent chromatin remodeling2","ATP-dependent chromatin remodeling","C3_05_24",0,0,0,1,1,3.02624417696649e-44
"Diabetic cardiomyopathy2","Diabetic cardiomyopathy","C3_05_24",0,0,0,1,1,2.37810174246705e-37
"Spliceosome2","Spliceosome","C3_05_24",0,0,0,1,1,1.2117730746081e-44
"Viral carcinogenesis2","Viral carcinogenesis","C3_05_24",0,0,0,1,1,3.13787283260837e-37
"Pathways of neurodegeneration - multiple diseases2","Pathways of neurodegeneration - multiple diseases","C3_05_24",2,1,0.584962500721156,0.698135198135198,1,6.77787236068127e-31
"Pancreatic cancer2","Pancreatic cancer","C3_05_24",0,0,0,1,1,1.25080672108158e-42
"Chronic myeloid leukemia2","Chronic myeloid leukemia","C3_05_24",0,0,0,1,1,3.83744019559859e-43
"Polycomb repressive complex2","Polycomb repressive complex","C3_05_24",0,0,0,1,1,1.61554135461284e-45
"Alzheimer disease2","Alzheimer disease","C3_05_24",0,1,-1,0.534965034965035,1,2.44589807327326e-34
"Non-alcoholic fatty liver disease2","Non-alcoholic fatty liver disease","C3_05_24",0,0,0,1,1,5.1395247277697e-40
"Nucleocytoplasmic transport2","Nucleocytoplasmic transport","C3_05_24",0,0,0,1,1,2.63000309483625e-44
"Human T-cell leukemia virus 1 infection2","Human T-cell leukemia virus 1 infection","C3_05_24",0,0,0,1,1,7.93572719387703e-36
"Nucleotide excision repair2","Nucleotide excision repair","C3_05_24",0,0,0,1,1,7.15626800148392e-46
"Oxidative phosphorylation2","Oxidative phosphorylation","C3_05_24",0,0,0,1,1,9.23694816038485e-43
"Renal cell carcinoma2","Renal cell carcinoma","C3_05_24",1,0,1,0.224941724941725,1,6.26986339736722e-43
"Axon guidance2","Axon guidance","C3_05_24",2,0,1.58496250072116,0.2004662004662,1,1.34418819890452e-33
"Endometrial cancer2","Endometrial cancer","C3_05_24",1,0,1,0.186480186480186,1,7.39246183362784e-45
"mRNA surveillance pathway2","mRNA surveillance pathway","C3_05_24",0,0,0,1,1,6.74407689406566e-46
"Focal adhesion2","Focal adhesion","C3_05_24",1,1,0,1,1,1.14943470878359e-30
"Adherens junction2","Adherens junction","C3_05_24",1,0,1,0.343822843822844,1,7.14524631461357e-39
"Prion disease2","Prion disease","C3_05_24",0,0,0,1,1,1.32370694526881e-39
"Lysosome2","Lysosome","C3_05_24",0,0,0,1,1,9.06575439621382e-43
"MAPK signaling pathway2","MAPK signaling pathway","C3_05_24",1,1,0,1,1,2.25808907943134e-30
"Sphingolipid signaling pathway2","Sphingolipid signaling pathway","C3_05_24",0,0,0,1,1,4.85436503203262e-41
"Fanconi anemia pathway2","Fanconi anemia pathway","C3_05_24",1,0,1,0.0815850815850816,1,2.96460826714966e-48
"Neurotrophin signaling pathway2","Neurotrophin signaling pathway","C3_05_24",0,0,0,1,1,1.10251122416561e-39
"Phosphatidylinositol signaling system2","Phosphatidylinositol signaling system","C3_05_24",0,0,0,1,1,2.73848786564918e-41
"Prostate cancer2","Prostate cancer","C3_05_24",0,0,0,1,1,1.06491998702948e-41
"Aminoacyl-tRNA biosynthesis2","Aminoacyl-tRNA biosynthesis","C3_05_24",0,0,0,1,1,1.82801247353045e-47
"Base excision repair2","Base excision repair","C3_05_24",0,0,0,1,1,6.57207846139152e-49
"p53 signaling pathway2","p53 signaling pathway","C3_05_24",0,0,0,1,1,1.20171525407483e-43
"EGFR tyrosine kinase inhibitor resistance2","EGFR tyrosine kinase inhibitor resistance","C3_05_24",1,0,1,0.269230769230769,1,2.71170221400376e-41
"Small cell lung cancer2","Small cell lung cancer","C3_05_24",0,0,0,1,1,1.01148024135999e-41
"RNA degradation2","RNA degradation","C3_05_24",0,0,0,1,1,9.26050516987802e-47
"mTOR signaling pathway2","mTOR signaling pathway","C3_05_24",0,0,0,1,1,8.97650530337043e-40
"Endocrine resistance2","Endocrine resistance","C3_05_24",0,0,0,1,1,2.23625226306916e-40
"Lysine degradation2","Lysine degradation","C3_05_24",0,0,0,1,1,2.88598672002327e-46
"Viral life cycle - HIV-12","Viral life cycle - HIV-1","C3_05_24",0,0,0,1,1,1.49961493354129e-44
"Longevity regulating pathway2","Longevity regulating pathway","C3_05_24",0,0,0,1,1,2.95697063461217e-43
"Insulin resistance2","Insulin resistance","C3_05_24",0,0,0,1,1,3.08860403810772e-43
"Inositol phosphate metabolism2","Inositol phosphate metabolism","C3_05_24",0,0,0,1,1,2.81939742538804e-44
"Platinum drug resistance2","Platinum drug resistance","C3_05_24",1,0,1,0.193473193473193,1,6.41451309959363e-44
"Bacterial invasion of epithelial cells2","Bacterial invasion of epithelial cells","C3_05_24",1,0,1,0.242424242424242,1,1.15751311035964e-41
"Hepatocellular carcinoma2","Hepatocellular carcinoma","C3_05_24",1,0,1,0.434731934731935,1,2.18667959464348e-36
"Insulin signaling pathway2","Insulin signaling pathway","C3_05_24",0,0,0,1,1,4.63115278421329e-41
"Human cytomegalovirus infection2","Human cytomegalovirus infection","C3_05_24",0,1,-1,0.552447552447552,1,1.91353081518354e-33
"Human papillomavirus infection2","Human papillomavirus infection","C3_05_24",0,1,-1,0.540792540792541,1,8.69223692119987e-30
"Proteoglycans in cancer2","Proteoglycans in cancer","C3_05_24",1,1,0,1,1,4.10955377694092e-32
"TGF-beta signaling pathway2","TGF-beta signaling pathway","C3_05_24",0,0,0,1,1,6.99347234886524e-40
"RNA polymerase2","RNA polymerase","C3_05_24",0,0,0,1,1,2.37298222332568e-49
"FoxO signaling pathway2","FoxO signaling pathway","C3_05_24",0,0,0,1,1,1.98673969666213e-40
"AGE-RAGE signaling pathway in diabetic complications2","AGE-RAGE signaling pathway in diabetic complications","C3_05_24",0,0,0,1,1,4.10605136120698e-38
"Hepatitis B2","Hepatitis B","C3_05_24",0,0,0,1,1,4.11919424641562e-39
"Longevity regulating pathway - multiple species2","Longevity regulating pathway - multiple species","C3_05_24",0,0,0,1,1,1.75446729594632e-45
"Yersinia infection2","Yersinia infection","C3_05_24",0,0,0,1,1,1.54465960960212e-39
"N-Glycan biosynthesis2","N-Glycan biosynthesis","C3_05_24",0,0,0,1,1,2.56827289858513e-48
"Non-small cell lung cancer2","Non-small cell lung cancer","C3_05_24",1,0,1,0.248251748251748,1,6.50205794741265e-42
"Rap1 signaling pathway2","Rap1 signaling pathway","C3_05_24",1,1,0,1,1,5.49893709661048e-33
"Choline metabolism in cancer2","Choline metabolism in cancer","C3_05_24",0,0,0,1,1,5.70145513210994e-42
"TNF signaling pathway2","TNF signaling pathway","C3_05_24",0,0,0,1,1,1.04635324701585e-40
"Glioma2","Glioma","C3_05_24",0,0,0,1,1,2.17481599363127e-42
"Human immunodeficiency virus 1 infection2","Human immunodeficiency virus 1 infection","C3_05_24",0,0,0,1,1,1.24064870846053e-37
"Apoptosis2","Apoptosis","C3_05_24",0,0,0,1,1,2.48738993953394e-41
"AMPK signaling pathway2","AMPK signaling pathway","C3_05_24",1,0,1,0.205128205128205,1,3.84250478385533e-43
"Fatty acid metabolism2","Fatty acid metabolism","C3_05_24",0,0,0,1,1,1.19988149601999e-47
"DNA replication2","DNA replication","C3_05_24",0,0,0,1,1,1.24383610466792e-49
"Pathogenic Escherichia coli infection2","Pathogenic Escherichia coli infection","C3_05_24",0,0,0,1,1,2.18667959464348e-36
"PD-L1 expression and PD-1 checkpoint pathway in cancer2","PD-L1 expression and PD-1 checkpoint pathway in cancer","C3_05_24",0,0,0,1,1,1.41381305517523e-42
"Hippo signaling pathway2","Hippo signaling pathway","C3_05_24",0,0,0,1,1,1.55972236248924e-36
"Valine, leucine and isoleucine degradation2","Valine, leucine and isoleucine degradation","C3_05_24",0,0,0,1,1,3.07794660976786e-48
"Peroxisome2","Peroxisome","C3_05_24",0,0,0,1,1,2.33285740063012e-46
"Homologous recombination2","Homologous recombination","C3_05_24",0,0,0,1,1,1.51476086915708e-49
"Bladder cancer2","Bladder cancer","C3_05_24",0,0,0,1,1,2.52924586334415e-44
"Fluid shear stress and atherosclerosis2","Fluid shear stress and atherosclerosis","C3_05_24",0,0,0,1,1,7.01617065794846e-40
"SNARE interactions in vesicular transport2","SNARE interactions in vesicular transport","C3_05_24",0,0,0,1,1,1.30502831114406e-48
"Autophagy - other2","Autophagy - other","C3_05_24",0,0,0,1,1,5.65260992506163e-48
"Proteasome2","Proteasome","C3_05_24",0,0,0,1,1,1.53617177526458e-48
"Protein export2","Protein export","C3_05_24",0,0,0,1,1,9.13836615921455e-50
"Thyroid hormone signaling pathway2","Thyroid hormone signaling pathway","C3_05_24",0,0,0,1,1,3.69097794189189e-41
"Amino sugar and nucleotide sugar metabolism2","Amino sugar and nucleotide sugar metabolism","C3_05_24",0,0,0,1,1,2.52867565949735e-48
"Nucleotide metabolism2","Nucleotide metabolism","C3_05_24",2,0,1.58496250072116,0.020979020979021,1,3.63118255453386e-46
"ErbB signaling pathway2","ErbB signaling pathway","C3_05_24",0,0,0,1,1,3.05081139397123e-41
"Thyroid cancer2","Thyroid cancer","C3_05_24",0,0,0,1,1,3.31754445363949e-48
"Various types of N-glycan biosynthesis2","Various types of N-glycan biosynthesis","C3_05_24",0,0,0,1,1,5.01991941740325e-50
"Spinocerebellar ataxia2","Spinocerebellar ataxia","C3_05_24",0,0,0,1,1,2.94531268610724e-40
"Basal transcription factors2","Basal transcription factors","C3_05_24",0,0,0,1,1,1.93644680231152e-48
"Regulation of actin cytoskeleton2","Regulation of actin cytoskeleton","C3_05_24",0,1,-1,0.573426573426573,1,8.1895742775943e-33
"Melanoma2","Melanoma","C3_05_24",1,0,1,0.194638694638695,1,6.83691132397016e-44
"Tight junction2","Tight junction","C3_05_24",0,0,0,1,1,2.9665280431063e-38
"Apoptosis - multiple species2","Apoptosis - multiple species","C3_05_24",0,0,0,1,1,1.34634300721847e-47
"Glycosylphosphatidylinositol (GPI)-anchor biosynthesis2","Glycosylphosphatidylinositol (GPI)-anchor biosynthesis","C3_05_24",0,0,0,1,1,6.78033143490528e-51
"Biosynthesis of nucleotide sugars2","Biosynthesis of nucleotide sugars","C3_05_24",0,0,0,1,1,5.73430188386924e-49
"Epithelial cell signaling in Helicobacter pylori infection2","Epithelial cell signaling in Helicobacter pylori infection","C3_05_24",1,0,1,0.24009324009324,1,4.69353569047315e-42
"Epstein-Barr virus infection2","Epstein-Barr virus infection","C3_05_24",1,0,1,0.382284382284382,1,3.13547734703041e-38
"Selenocompound metabolism2","Selenocompound metabolism","C3_05_24",0,0,0,1,1,8.61528221468395e-50
"Other types of O-glycan biosynthesis2","Other types of O-glycan biosynthesis","C3_05_24",0,0,0,1,1,1.52350873434298e-47
"Notch signaling pathway2","Notch signaling pathway","C3_05_24",0,0,0,1,1,1.03733712524751e-45
"Fc gamma R-mediated phagocytosis2","Fc gamma R-mediated phagocytosis","C3_05_24",0,0,0,1,1,7.18621586478136e-42
"Citrate cycle (TCA cycle)2","Citrate cycle (TCA cycle)","C3_05_24",0,0,0,1,1,5.97331683900327e-50
"Apelin signaling pathway2","Apelin signaling pathway","C3_05_24",0,0,0,1,1,8.07222191525033e-39
"Mismatch repair2","Mismatch repair","C3_05_24",1,0,1,0.0384615384615385,1,1.34254634938991e-50
"Carbon metabolism2","Carbon metabolism","C3_05_24",0,0,0,1,1,2.95697063461217e-43
"Hedgehog signaling pathway2","Hedgehog signaling pathway","C3_05_24",2,0,1.58496250072116,0.0384615384615385,1,6.41451309959363e-44
"Chagas disease2","Chagas disease","C3_05_24",0,0,0,1,1,1.05446440441004e-41
"Growth hormone synthesis, secretion and action2","Growth hormone synthesis, secretion and action","C3_05_24",0,0,0,1,1,2.0419923307638e-39
"Kaposi sarcoma-associated herpesvirus infection2","Kaposi sarcoma-associated herpesvirus infection","C3_05_24",0,0,0,1,1,3.73206562502526e-39
"Hippo signaling pathway - multiple species2","Hippo signaling pathway - multiple species","C3_05_24",0,0,0,1,1,1.35694528647047e-46
"VEGF signaling pathway2","VEGF signaling pathway","C3_05_24",0,0,0,1,1,5.49543928524476e-46
"Gap junction2","Gap junction","C3_05_24",0,0,0,1,1,2.55899104440765e-43
"Vasopressin-regulated water reabsorption2","Vasopressin-regulated water reabsorption","C3_05_24",1,0,1,0.0920745920745921,1,9.20817200359111e-48
"Progesterone-mediated oocyte maturation2","Progesterone-mediated oocyte maturation","C3_05_24",0,0,0,1,1,6.19234572210778e-44
"Glycosaminoglycan biosynthesis - chondroitin sulfate / dermatan sulfate2","Glycosaminoglycan biosynthesis - chondroitin sulfate / dermatan sulfate","C3_05_24",0,0,0,1,1,1.36336070998263e-48
"T cell receptor signaling pathway2","T cell receptor signaling pathway","C3_05_24",0,0,0,1,1,3.31997171181003e-43
"Oocyte meiosis2","Oocyte meiosis","C3_05_24",0,0,0,1,1,9.54463971286734e-43
"Phospholipase D signaling pathway2","Phospholipase D signaling pathway","C3_05_24",0,0,0,1,1,1.21917936237877e-36
"Acute myeloid leukemia2","Acute myeloid leukemia","C3_05_24",0,0,0,1,1,1.02638268701135e-45
"One carbon pool by folate2","One carbon pool by folate","C3_05_24",0,0,0,1,1,2.67052657934788e-50
"Propanoate metabolism2","Propanoate metabolism","C3_05_24",0,0,0,1,1,4.21998095757062e-50
"Wnt signaling pathway2","Wnt signaling pathway","C3_05_24",0,0,0,1,1,1.77969517890141e-37
"Breast cancer2","Breast cancer","C3_05_24",0,0,0,1,1,3.10267327918871e-38
"Adipocytokine signaling pathway2","Adipocytokine signaling pathway","C3_05_24",0,0,0,1,1,8.8193411353401e-44
"Central carbon metabolism in cancer2","Central carbon metabolism in cancer","C3_05_24",1,0,1,0.236596736596737,1,2.8181528954816e-42
"Glyoxylate and dicarboxylate metabolism2","Glyoxylate and dicarboxylate metabolism","C3_05_24",0,0,0,1,1,2.67250772266677e-50
"Relaxin signaling pathway2","Relaxin signaling pathway","C3_05_24",0,0,0,1,1,4.15513100302143e-37
"Ferroptosis2","Ferroptosis","C3_05_24",0,0,0,1,1,3.31754445363949e-48
"Sphingolipid metabolism2","Sphingolipid metabolism","C3_05_24",0,0,0,1,1,2.5905839893202e-47
"Toxoplasmosis2","Toxoplasmosis","C3_05_24",0,0,0,1,1,5.62909568382834e-43
"Ras signaling pathway2","Ras signaling pathway","C3_05_24",1,0,1,0.482517482517482,1,4.26724482813235e-34
"Pyrimidine metabolism2","Pyrimidine metabolism","C3_05_24",2,0,1.58496250072116,0.0174825174825175,1,6.32634534987304e-48
"GnRH signaling pathway2","GnRH signaling pathway","C3_05_24",0,0,0,1,1,1.50619028775417e-40
"Coronavirus disease - COVID-192","Coronavirus disease - COVID-19","C3_05_24",2,0,1.58496250072116,0.162004662004662,1,4.23240950357064e-37
"Mannose type O-glycan biosynthesis2","Mannose type O-glycan biosynthesis","C3_05_24",0,0,0,1,1,5.48506077568492e-51
"Terpenoid backbone biosynthesis2","Terpenoid backbone biosynthesis","C3_05_24",0,0,0,1,1,1.07116753228604e-50
"Cysteine and methionine metabolism2","Cysteine and methionine metabolism","C3_05_24",0,0,0,1,1,8.91103826793868e-48
"Circadian rhythm2","Circadian rhythm","C3_05_24",0,0,0,1,1,4.56374866007548e-50
"Fatty acid elongation2","Fatty acid elongation","C3_05_24",0,0,0,1,1,1.56003196116181e-49
"Biosynthesis of unsaturated fatty acids2","Biosynthesis of unsaturated fatty acids","C3_05_24",0,0,0,1,1,5.97331683900327e-50
"Inflammatory mediator regulation of TRP channels2","Inflammatory mediator regulation of TRP channels","C3_05_24",0,0,0,1,1,1.92569778139478e-40
"Parathyroid hormone synthesis, secretion and action2","Parathyroid hormone synthesis, secretion and action","C3_05_24",0,0,0,1,1,4.85714154516303e-38
"Sulfur metabolism2","Sulfur metabolism","C3_05_24",0,0,0,1,1,1.5676414354184e-51
"Vibrio cholerae infection2","Vibrio cholerae infection","C3_05_24",0,0,0,1,1,2.18935879047046e-46
"Signaling pathways regulating pluripotency of stem cells2","Signaling pathways regulating pluripotency of stem cells","C3_05_24",0,0,0,1,1,3.29106706833217e-41
"HIF-1 signaling pathway2","HIF-1 signaling pathway","C3_05_24",0,0,0,1,1,2.56829408126251e-40
"Purine metabolism2","Purine metabolism","C3_05_24",2,0,1.58496250072116,0.0372960372960373,1,4.54610379667142e-44
"Fatty acid degradation2","Fatty acid degradation","C3_05_24",0,0,0,1,1,1.60828238839188e-48
"Glutathione metabolism2","Glutathione metabolism","C3_05_24",0,0,0,1,1,5.60193337956348e-47
"Transcriptional misregulation in cancer2","Transcriptional misregulation in cancer","C3_05_24",1,0,1,0.428904428904429,1,2.55996867835985e-36
"2-Oxocarboxylic acid metabolism2","2-Oxocarboxylic acid metabolism","C3_05_24",0,0,0,1,1,2.99154765054218e-50
"Adrenergic signaling in cardiomyocytes2","Adrenergic signaling in cardiomyocytes","C3_05_24",0,0,0,1,1,4.4847297830743e-38
"Gastric cancer2","Gastric cancer","C3_05_24",2,0,1.58496250072116,0.153846153846154,1,4.26583880953855e-38
"Long-term potentiation2","Long-term potentiation","C3_05_24",0,0,0,1,1,7.82182835951268e-45
"Motor proteins2","Motor proteins","C3_05_24",0,0,0,1,1,2.80203644118175e-37
"Biosynthesis of amino acids2","Biosynthesis of amino acids","C3_05_24",0,0,0,1,1,1.10436651379469e-45
"Other glycan degradation2","Other glycan degradation","C3_05_24",0,0,0,1,1,1.68277044363922e-50
"Non-homologous end-joining2","Non-homologous end-joining","C3_05_24",0,0,0,1,1,6.64299538613179e-51
"Glycerophospholipid metabolism2","Glycerophospholipid metabolism","C3_05_24",0,0,0,1,1,8.61757049439354e-46
"C-type lectin receptor signaling pathway2","C-type lectin receptor signaling pathway","C3_05_24",0,0,0,1,1,1.79461536497339e-42
"Lipid and atherosclerosis2","Lipid and atherosclerosis","C3_05_24",0,0,0,1,1,4.53169156878141e-39
"Hepatitis C2","Hepatitis C","C3_05_24",0,0,0,1,1,2.10118423438489e-39
"PI3K-Akt signaling pathway2","PI3K-Akt signaling pathway","C3_05_24",1,1,0,1,1,1.80520183327566e-28
"Long-term depression2","Long-term depression","C3_05_24",0,0,0,1,1,1.53430703389097e-46
"Arrhythmogenic right ventricular cardiomyopathy2","Arrhythmogenic right ventricular cardiomyopathy","C3_05_24",0,0,0,1,1,5.75268803960409e-41
"Necroptosis2","Necroptosis","C3_05_24",0,0,0,1,1,1.38749782395613e-42
"Retrograde endocannabinoid signaling2","Retrograde endocannabinoid signaling","C3_05_24",0,0,0,1,1,1.54795018547169e-40
"Pantothenate and CoA biosynthesis2","Pantothenate and CoA biosynthesis","C3_05_24",0,0,0,1,1,1.47324498632177e-50
"Cushing syndrome2","Cushing syndrome","C3_05_24",0,0,0,1,1,1.54433329776201e-36
"Fructose and mannose metabolism2","Fructose and mannose metabolism","C3_05_24",0,0,0,1,1,2.97221827392014e-49
"Platelet activation2","Platelet activation","C3_05_24",0,0,0,1,1,1.09641366566902e-38
"Efferocytosis2","Efferocytosis","C3_05_24",0,0,0,1,1,2.30598605264007e-37
"Antifolate resistance2","Antifolate resistance","C3_05_24",0,0,0,1,1,7.76493402854663e-49
"Alcoholism2","Alcoholism","C3_05_24",0,0,0,1,1,4.45803007913378e-41
"Melanogenesis2","Melanogenesis","C3_05_24",0,0,0,1,1,1.37854555874615e-41
"Prolactin signaling pathway2","Prolactin signaling pathway","C3_05_24",0,0,0,1,1,1.66369453140163e-44
"Glycerolipid metabolism2","Glycerolipid metabolism","C3_05_24",0,0,0,1,1,1.6048818489048e-47
"Dopaminergic synapse2","Dopaminergic synapse","C3_05_24",0,0,0,1,1,1.76075235892838e-40
"Glycosphingolipid biosynthesis - ganglio series2","Glycosphingolipid biosynthesis - ganglio series","C3_05_24",0,0,0,1,1,1.18370191457781e-50
"Mucin type O-glycan biosynthesis2","Mucin type O-glycan biosynthesis","C3_05_24",0,0,0,1,1,1.36202790108315e-48
"Lipoic acid metabolism2","Lipoic acid metabolism","C3_05_24",0,0,0,1,1,1.66547649201512e-51
"NF-kappa B signaling pathway2","NF-kappa B signaling pathway","C3_05_24",0,0,0,1,1,3.79486681832256e-42
"Oxytocin signaling pathway2","Oxytocin signaling pathway","C3_05_24",0,0,0,1,1,2.04262162652988e-38
"Basal cell carcinoma2","Basal cell carcinoma","C3_05_24",0,0,0,1,1,5.67323737546185e-43
"Legionellosis2","Legionellosis","C3_05_24",0,0,0,1,1,4.88514633783937e-48
"Measles2","Measles","C3_05_24",0,0,0,1,1,1.82769024881255e-41
"Biosynthesis of cofactors2","Biosynthesis of cofactors","C3_05_24",2,0,1.58496250072116,0.0594405594405594,1,2.01029606462832e-42
"Glycosaminoglycan biosynthesis - keratan sulfate2","Glycosaminoglycan biosynthesis - keratan sulfate","C3_05_24",0,0,0,1,1,8.20734469521671e-51
"Alanine, aspartate and glutamate metabolism2","Alanine, aspartate and glutamate metabolism","C3_05_24",0,0,0,1,1,3.21687351895161e-49
"Fatty acid biosynthesis2","Fatty acid biosynthesis","C3_05_24",0,0,0,1,1,6.64299538613179e-51
"Hypertrophic cardiomyopathy2","Hypertrophic cardiomyopathy","C3_05_24",0,0,0,1,1,3.21459708135051e-40
"Glucagon signaling pathway2","Glucagon signaling pathway","C3_05_24",0,0,0,1,1,9.24135403313858e-44
"Glycosaminoglycan biosynthesis - heparan sulfate / heparin2","Glycosaminoglycan biosynthesis - heparan sulfate / heparin","C3_05_24",0,0,0,1,1,6.53446586898163e-49
"Steroid biosynthesis2","Steroid biosynthesis","C3_05_24",0,0,0,1,1,2.02930377399626e-51
"cGMP-PKG signaling pathway2","cGMP-PKG signaling pathway","C3_05_24",0,0,0,1,1,2.59560735903969e-38
"Phagosome2","Phagosome","C3_05_24",0,0,0,1,1,4.72097044417903e-43
"Arginine and proline metabolism2","Arginine and proline metabolism","C3_05_24",0,0,0,1,1,5.1915668146499e-49
"Pyruvate metabolism2","Pyruvate metabolism","C3_05_24",0,0,0,1,1,3.9945545704708e-49
"Type II diabetes mellitus2","Type II diabetes mellitus","C3_05_24",0,0,0,1,1,7.64696061942829e-47
"Dilated cardiomyopathy2","Dilated cardiomyopathy","C3_05_24",0,0,0,1,1,2.44168641764513e-39
"Alcoholic liver disease2","Alcoholic liver disease","C3_05_24",0,0,0,1,1,6.3174307755521e-41
"Leukocyte transendothelial migration2","Leukocyte transendothelial migration","C3_05_24",0,0,0,1,1,4.04037591138234e-42
"Glycosaminoglycan degradation2","Glycosaminoglycan degradation","C3_05_24",0,0,0,1,1,8.97355188900284e-51
"Endocrine and other factor-regulated calcium reabsorption2","Endocrine and other factor-regulated calcium reabsorption","C3_05_24",0,0,0,1,1,2.87679569769658e-43
"Ubiquinone and other terpenoid-quinone biosynthesis2","Ubiquinone and other terpenoid-quinone biosynthesis","C3_05_24",0,0,0,1,1,3.8623962782231e-51
"Fc epsilon RI signaling pathway2","Fc epsilon RI signaling pathway","C3_05_24",0,0,0,1,1,1.00008541815686e-46
"Glycine, serine and threonine metabolism2","Glycine, serine and threonine metabolism","C3_05_24",0,0,0,1,1,8.61528221468395e-50
"Pertussis2","Pertussis","C3_05_24",0,0,0,1,1,4.05526900558507e-46
"Aldosterone synthesis and secretion2","Aldosterone synthesis and secretion","C3_05_24",0,0,0,1,1,6.69060700268657e-41
"Regulation of lipolysis in adipocytes2","Regulation of lipolysis in adipocytes","C3_05_24",0,0,0,1,1,1.01270884576574e-45
"Cholinergic synapse2","Cholinergic synapse","C3_05_24",0,0,0,1,1,2.51634232932923e-42
"Osteoclast differentiation2","Osteoclast differentiation","C3_05_24",0,0,0,1,1,1.30159075334745e-41
"Pentose phosphate pathway2","Pentose phosphate pathway","C3_05_24",0,0,0,1,1,5.16972693185999e-50
"beta-Alanine metabolism2","beta-Alanine metabolism","C3_05_24",0,0,0,1,1,5.30779408630635e-49
"PPAR signaling pathway2","PPAR signaling pathway","C3_05_24",0,0,0,1,1,4.41339688820252e-46
"Folate biosynthesis2","Folate biosynthesis","C3_05_24",0,0,0,1,1,6.64299538613179e-51
"Influenza A2","Influenza A","C3_05_24",1,0,1,0.277389277389277,1,1.02491997635353e-41
"Th17 cell differentiation2","Th17 cell differentiation","C3_05_24",0,0,0,1,1,3.3599084512723e-42
"Cardiac muscle contraction2","Cardiac muscle contraction","C3_05_24",0,0,0,1,1,2.9651512859793e-44
"Nicotinate and nicotinamide metabolism2","Nicotinate and nicotinamide metabolism","C3_05_24",0,0,0,1,1,2.43599024119494e-49
"Aldosterone-regulated sodium reabsorption2","Aldosterone-regulated sodium reabsorption","C3_05_24",0,0,0,1,1,4.41248556245823e-48
"Neutrophil extracellular trap formation2","Neutrophil extracellular trap formation","C3_05_24",0,0,0,1,1,2.8181528954816e-42
"Th1 and Th2 cell differentiation2","Th1 and Th2 cell differentiation","C3_05_24",0,0,0,1,1,2.63000309483625e-44
"NOD-like receptor signaling pathway2","NOD-like receptor signaling pathway","C3_05_24",0,0,0,1,1,2.82987670565043e-40
"Cortisol synthesis and secretion2","Cortisol synthesis and secretion","C3_05_24",0,0,0,1,1,1.50989762471762e-43
"GnRH secretion2","GnRH secretion","C3_05_24",0,0,0,1,1,5.40370468684044e-46
"Vascular smooth muscle contraction2","Vascular smooth muscle contraction","C3_05_24",0,0,0,1,1,2.86515083216677e-38
"Estrogen signaling pathway2","Estrogen signaling pathway","C3_05_24",0,0,0,1,1,1.57994631678556e-39
"RIG-I-like receptor signaling pathway2","RIG-I-like receptor signaling pathway","C3_05_24",0,0,0,1,1,9.41989234096009e-46
"Amoebiasis2","Amoebiasis","C3_05_24",0,0,0,1,1,2.56829408126251e-40
"ECM-receptor interaction2","ECM-receptor interaction","C3_05_24",0,0,0,1,1,1.62997178055665e-39
"Renin secretion2","Renin secretion","C3_05_24",0,0,0,1,1,5.69657667171006e-44
"Collecting duct acid secretion2","Collecting duct acid secretion","C3_05_24",0,0,0,1,1,4.29066327313752e-49
"Viral myocarditis2","Viral myocarditis","C3_05_24",0,0,0,1,1,5.81660762636649e-47
"B cell receptor signaling pathway2","B cell receptor signaling pathway","C3_05_24",0,0,0,1,1,4.12010727139026e-46
"Glutamatergic synapse2","Glutamatergic synapse","C3_05_24",0,0,0,1,1,1.03718394208578e-41
"Cytosolic DNA-sensing pathway2","Cytosolic DNA-sensing pathway","C3_05_24",0,0,0,1,1,8.04520950708449e-46
"Glycosphingolipid biosynthesis - globo and isoglobo series2","Glycosphingolipid biosynthesis - globo and isoglobo series","C3_05_24",0,0,0,1,1,2.6859304029958e-51
"Galactose metabolism2","Galactose metabolism","C3_05_24",0,0,0,1,1,1.77834466514148e-49
"Arginine biosynthesis2","Arginine biosynthesis","C3_05_24",0,0,0,1,1,1.68277044363922e-50
"Toll-like receptor signaling pathway2","Toll-like receptor signaling pathway","C3_05_24",0,0,0,1,1,2.2551654871093e-46
"Thiamine metabolism2","Thiamine metabolism","C3_05_24",0,0,0,1,1,2.20143129076965e-51
"Circadian entrainment2","Circadian entrainment","C3_05_24",0,0,0,1,1,2.53832393954889e-42
"Morphine addiction2","Morphine addiction","C3_05_24",0,0,0,1,1,1.93404764158902e-43
"Ether lipid metabolism2","Ether lipid metabolism","C3_05_24",0,0,0,1,1,5.96478224124279e-48
"Ribosome biogenesis in eukaryotes2","Ribosome biogenesis in eukaryotes","C3_05_24",0,0,0,1,1,1.37071760915579e-45
"Synaptic vesicle cycle2","Synaptic vesicle cycle","C3_05_24",0,0,0,1,1,1.08606615267075e-45
"Tryptophan metabolism2","Tryptophan metabolism","C3_05_24",0,0,0,1,1,1.12254347295968e-49
"Proximal tubule bicarbonate reclamation2","Proximal tubule bicarbonate reclamation","C3_05_24",0,0,0,1,1,7.95833056086956e-50
"Chemical carcinogenesis - receptor activation2","Chemical carcinogenesis - receptor activation","C3_05_24",0,0,0,1,1,4.89603797227937e-37
"Leishmaniasis2","Leishmaniasis","C3_05_24",0,0,0,1,1,1.78824465757548e-46
"Glycosphingolipid biosynthesis - lacto and neolacto series2","Glycosphingolipid biosynthesis - lacto and neolacto series","C3_05_24",0,0,0,1,1,6.63922386907519e-51
"Amphetamine addiction2","Amphetamine addiction","C3_05_24",0,0,0,1,1,9.41989234096009e-46
"Thyroid hormone synthesis2","Thyroid hormone synthesis","C3_05_24",0,0,0,1,1,7.5273094666075e-44
"Butanoate metabolism2","Butanoate metabolism","C3_05_24",0,0,0,1,1,4.21998095757062e-50
"ABC transporters2","ABC transporters","C3_05_24",0,0,0,1,1,4.21513627027684e-47
"Antigen processing and presentation2","Antigen processing and presentation","C3_05_24",0,0,0,1,1,3.21687351895161e-49
"Ovarian steroidogenesis2","Ovarian steroidogenesis","C3_05_24",0,0,0,1,1,1.51033914882592e-46
"Rheumatoid arthritis2","Rheumatoid arthritis","C3_05_24",0,0,0,1,1,3.69026934477615e-44
"IL-17 signaling pathway2","IL-17 signaling pathway","C3_05_24",0,0,0,1,1,6.29120871728126e-44
"Renin-angiotensin system2","Renin-angiotensin system","C3_05_24",0,0,0,1,1,2.00261694025519e-49
"Nitrogen metabolism2","Nitrogen metabolism","C3_05_24",0,0,0,1,1,3.21111264844763e-51
"Tuberculosis2","Tuberculosis","C3_05_24",0,0,0,1,1,7.77098272192243e-41
"Drug metabolism - other enzymes2","Drug metabolism - other enzymes","C3_05_24",2,0,1.58496250072116,0.0291375291375291,1,9.40303268175357e-48
"Glycolysis / Gluconeogenesis2","Glycolysis / Gluconeogenesis","C3_05_24",0,0,0,1,1,5.65260992506163e-48
"Gastric acid secretion2","Gastric acid secretion","C3_05_24",0,0,0,1,1,1.13454600222213e-42
"Cholesterol metabolism2","Cholesterol metabolism","C3_05_24",0,0,0,1,1,2.41253040517434e-47
"African trypanosomiasis2","African trypanosomiasis","C3_05_24",0,0,0,1,1,6.2125124237137e-48
"GABAergic synapse2","GABAergic synapse","C3_05_24",0,0,0,1,1,1.53299281993375e-43
"Chemokine signaling pathway2","Chemokine signaling pathway","C3_05_24",0,0,0,1,1,5.83099262828871e-40
"Insulin secretion2","Insulin secretion","C3_05_24",0,0,0,1,1,8.02186812453145e-43
"Cocaine addiction2","Cocaine addiction","C3_05_24",0,0,0,1,1,5.30393975176389e-48
"Mineral absorption2","Mineral absorption","C3_05_24",0,0,0,1,1,1.84249466403383e-46
"Histidine metabolism2","Histidine metabolism","C3_05_24",0,0,0,1,1,7.52404712571904e-51
"Vitamin digestion and absorption2","Vitamin digestion and absorption","C3_05_24",0,0,0,1,1,1.36466095414616e-50
"Systemic lupus erythematosus2","Systemic lupus erythematosus","C3_05_24",0,0,0,1,1,3.60183545174594e-47
"Phenylalanine metabolism2","Phenylalanine metabolism","C3_05_24",0,0,0,1,1,3.8623962782231e-51
"Taurine and hypotaurine metabolism2","Taurine and hypotaurine metabolism","C3_05_24",0,0,0,1,1,6.64299538613179e-51
"Starch and sucrose metabolism2","Starch and sucrose metabolism","C3_05_24",0,0,0,1,1,1.25197735465155e-49
"cAMP signaling pathway2","cAMP signaling pathway","C3_05_24",0,0,0,1,1,7.45755145499541e-37
"Protein digestion and absorption2","Protein digestion and absorption","C3_05_24",0,0,0,1,1,4.18978573568936e-40
"Primary bile acid biosynthesis2","Primary bile acid biosynthesis","C3_05_24",0,0,0,1,1,6.64299538613179e-51
"Calcium signaling pathway2","Calcium signaling pathway","C3_05_24",1,1,0,1,1,3.51143455809749e-33
"Porphyrin metabolism2","Porphyrin metabolism","C3_05_24",0,0,0,1,1,2.6859304029958e-51
"Malaria2","Malaria","C3_05_24",1,0,1,0.130536130536131,1,3.27137905168111e-46
"alpha-Linolenic acid metabolism2","alpha-Linolenic acid metabolism","C3_05_24",0,0,0,1,1,2.6859304029958e-51
"Cell adhesion molecules2","Cell adhesion molecules","C3_05_24",0,0,0,1,1,5.67946484820503e-43
"Carbohydrate digestion and absorption2","Carbohydrate digestion and absorption","C3_05_24",0,0,0,1,1,2.99153701192641e-47
"Serotonergic synapse2","Serotonergic synapse","C3_05_24",0,0,0,1,1,3.79380954392064e-43
"JAK-STAT signaling pathway2","JAK-STAT signaling pathway","C3_05_24",0,0,0,1,1,2.43354494145402e-41
"Type I diabetes mellitus2","Type I diabetes mellitus","C3_05_24",0,0,0,1,1,7.52404712571904e-51
"Arachidonic acid metabolism2","Arachidonic acid metabolism","C3_05_24",0,0,0,1,1,1.34569494605484e-49
"Salivary secretion2","Salivary secretion","C3_05_24",0,0,0,1,1,2.36888673060866e-43
"Inflammatory bowel disease2","Inflammatory bowel disease","C3_05_24",0,0,0,1,1,1.50920605672074e-47
"Natural killer cell mediated cytotoxicity2","Natural killer cell mediated cytotoxicity","C3_05_24",0,0,0,1,1,1.16350133870025e-45
"Tyrosine metabolism2","Tyrosine metabolism","C3_05_24",0,0,0,1,1,4.15051531794239e-50
"Allograft rejection2","Allograft rejection","C3_05_24",0,0,0,1,1,1.5676414354184e-51
"Phototransduction2","Phototransduction","C3_05_24",0,0,0,1,1,5.88229319810607e-51
"Primary immunodeficiency2","Primary immunodeficiency","C3_05_24",0,0,0,1,1,2.40905037664893e-50
"Linoleic acid metabolism2","Linoleic acid metabolism","C3_05_24",0,0,0,1,1,1.32819764561123e-51
"Pentose and glucuronate interconversions2","Pentose and glucuronate interconversions","C3_05_24",0,0,0,1,1,1.21260197991802e-51
"Graft-versus-host disease2","Graft-versus-host disease","C3_05_24",0,0,0,1,1,2.36019434423515e-51
"Intestinal immune network for IgA production2","Intestinal immune network for IgA production","C3_05_24",0,0,0,1,1,3.21687351895161e-49
"Pancreatic secretion2","Pancreatic secretion","C3_05_24",0,0,0,1,1,5.15671034466809e-43
"Complement and coagulation cascades2","Complement and coagulation cascades","C3_05_24",0,0,0,1,1,2.25127524535376e-47
"Fat digestion and absorption2","Fat digestion and absorption","C3_05_24",0,0,0,1,1,9.3394128290881e-51
"Ascorbate and aldarate metabolism2","Ascorbate and aldarate metabolism","C3_05_24",0,0,0,1,1,1.5676414354184e-51
"MicroRNAs in cancer2","MicroRNAs in cancer","C3_05_24",1,0,1,0.490675990675991,1,3.14420772591096e-34
"Asthma2","Asthma","C3_05_24",0,0,0,1,1,1.21260197991802e-51
"Maturity onset diabetes of the young2","Maturity onset diabetes of the young","C3_05_24",0,0,0,1,1,1.21260197991802e-51
"Chemical carcinogenesis - DNA adducts2","Chemical carcinogenesis - DNA adducts","C3_05_24",0,0,0,1,1,1.77161994261119e-49
"Bile secretion2","Bile secretion","C3_05_24",0,0,0,1,1,6.58448278792379e-45
"Metabolism of xenobiotics by cytochrome P4502","Metabolism of xenobiotics by cytochrome P450","C3_05_24",0,0,0,1,1,2.37706837908708e-48
"Nicotine addiction2","Nicotine addiction","C3_05_24",0,0,0,1,1,6.64299538613179e-51
"Hematopoietic cell lineage2","Hematopoietic cell lineage","C3_05_24",0,0,0,1,1,2.91252910064767e-45
"Taste transduction2","Taste transduction","C3_05_24",0,0,0,1,1,2.26192152735066e-47
"Drug metabolism - cytochrome P4502","Drug metabolism - cytochrome P450","C3_05_24",0,0,0,1,1,7.95833056086956e-50
"Autoimmune thyroid disease2","Autoimmune thyroid disease","C3_05_24",0,0,0,1,1,1.32819764561123e-51
"Steroid hormone biosynthesis2","Steroid hormone biosynthesis","C3_05_24",0,0,0,1,1,3.03302631615773e-50
"Retinol metabolism2","Retinol metabolism","C3_05_24",0,0,0,1,1,1.68277044363922e-50
"Viral protein interaction with cytokine and cytokine receptor2","Viral protein interaction with cytokine and cytokine receptor","C3_05_24",0,0,0,1,1,5.77983852771114e-47
"Staphylococcus aureus infection2","Staphylococcus aureus infection","C3_05_24",0,0,0,1,1,2.60105509713404e-49
"Cytokine-cytokine receptor interaction2","Cytokine-cytokine receptor interaction","C3_05_24",0,0,0,1,1,2.30996069610929e-38
"Neuroactive ligand-receptor interaction2","Neuroactive ligand-receptor interaction","C3_05_24",0,0,0,1,1,1.65816827820706e-39
"Olfactory transduction2","Olfactory transduction","C3_05_24",0,0,0,1,1,1.77525236366469e-48
"Herpes simplex virus 1 infection3","Herpes simplex virus 1 infection","E3_06_14",7,1,2,0.00465657741559953,0.657741559953434,2.98362922672161e-36
"Cell cycle3","Cell cycle","E3_06_14",0,0,0,1,1,5.95741447939878e-41
"Endocytosis3","Endocytosis","E3_06_14",1,0,1,0.455180442374854,1,1.7731670636645e-35
"Ribosome3","Ribosome","E3_06_14",0,0,0,1,1,1.16657905472099e-44
"Autophagy - animal3","Autophagy - animal","E3_06_14",0,0,0,1,1,5.34014019941176e-40
"Protein processing in endoplasmic reticulum3","Protein processing in endoplasmic reticulum","E3_06_14",0,0,0,1,1,1.97213342648764e-42
"Huntington disease3","Huntington disease","E3_06_14",2,0,1.58496250072116,0.139697322467986,1,2.56329340063829e-37
"Ubiquitin mediated proteolysis3","Ubiquitin mediated proteolysis","E3_06_14",0,0,0,1,1,2.79366098781191e-43
"Shigellosis3","Shigellosis","E3_06_14",2,0,1.58496250072116,0.179278230500582,1,2.56544627421593e-35
"Thermogenesis3","Thermogenesis","E3_06_14",0,0,0,1,1,2.20898025505241e-39
"Mitophagy - animal3","Mitophagy - animal","E3_06_14",0,0,0,1,1,7.73313620742482e-44
"Parkinson disease3","Parkinson disease","E3_06_14",2,0,1.58496250072116,0.10360884749709,1,1.22099238784815e-39
"Amyotrophic lateral sclerosis3","Amyotrophic lateral sclerosis","E3_06_14",2,0,1.58496250072116,0.167636786961583,1,9.02062591367678e-35
"Cellular senescence3","Cellular senescence","E3_06_14",0,0,0,1,1,4.70608978276277e-41
"Chemical carcinogenesis - reactive oxygen species3","Chemical carcinogenesis - reactive oxygen species","E3_06_14",0,0,0,1,1,3.39271366504528e-39
"Colorectal cancer3","Colorectal cancer","E3_06_14",2,0,1.58496250072116,0.0558789289871944,1,1.18452992327764e-43
"Salmonella infection3","Salmonella infection","E3_06_14",3,0,2,0.030267753201397,0.732912023948113,1.82357241949565e-38
"ATP-dependent chromatin remodeling3","ATP-dependent chromatin remodeling","E3_06_14",0,0,0,1,1,1.16657905472099e-44
"Diabetic cardiomyopathy3","Diabetic cardiomyopathy","E3_06_14",0,0,0,1,1,1.14738165715671e-39
"Spliceosome3","Spliceosome","E3_06_14",0,0,0,1,1,7.98380057924589e-45
"Viral carcinogenesis3","Viral carcinogenesis","E3_06_14",0,0,0,1,1,1.25233650173823e-39
"Pathways of neurodegeneration - multiple diseases3","Pathways of neurodegeneration - multiple diseases","E3_06_14",2,1,0.584962500721156,0.69499417927823,1,8.23867114899007e-31
"Pancreatic cancer3","Pancreatic cancer","E3_06_14",0,0,0,1,1,5.92980531587188e-44
"Chronic myeloid leukemia3","Chronic myeloid leukemia","E3_06_14",0,0,0,1,1,4.72316757538269e-44
"Polycomb repressive complex3","Polycomb repressive complex","E3_06_14",0,0,0,1,1,5.89858770124003e-46
"Alzheimer disease3","Alzheimer disease","E3_06_14",2,0,1.58496250072116,0.20139697322468,1,2.76459726376135e-34
"Non-alcoholic fatty liver disease3","Non-alcoholic fatty liver disease","E3_06_14",2,0,1.58496250072116,0.0710128055878929,1,3.06598483142143e-42
"Nucleocytoplasmic transport3","Nucleocytoplasmic transport","E3_06_14",0,0,0,1,1,9.93499852331059e-44
"Human T-cell leukemia virus 1 infection3","Human T-cell leukemia virus 1 infection","E3_06_14",0,0,0,1,1,1.30293395957022e-39
"Nucleotide excision repair3","Nucleotide excision repair","E3_06_14",0,0,0,1,1,2.14780142795517e-47
"Oxidative phosphorylation3","Oxidative phosphorylation","E3_06_14",2,0,1.58496250072116,0.0291036088474971,0.732912023948113,2.0829038133618e-46
"Renal cell carcinoma3","Renal cell carcinoma","E3_06_14",0,0,0,1,1,1.91914076206592e-44
"Axon guidance3","Axon guidance","E3_06_14",0,0,0,1,1,2.83261356217581e-36
"Endometrial cancer3","Endometrial cancer","E3_06_14",0,0,0,1,1,1.49379082208833e-46
"mRNA surveillance pathway3","mRNA surveillance pathway","E3_06_14",0,0,0,1,1,9.26766650291473e-46
"Focal adhesion3","Focal adhesion","E3_06_14",0,0,0,1,1,2.85379188621129e-35
"Adherens junction3","Adherens junction","E3_06_14",0,0,0,1,1,4.26014919053522e-40
"Prion disease3","Prion disease","E3_06_14",2,0,1.58496250072116,0.118742724097788,1,1.34004504360431e-38
"Lysosome3","Lysosome","E3_06_14",0,0,0,1,1,3.32301772153849e-43
"MAPK signaling pathway3","MAPK signaling pathway","E3_06_14",1,1,0,1,1,3.91235580082737e-31
"Sphingolipid signaling pathway3","Sphingolipid signaling pathway","E3_06_14",0,0,0,1,1,8.1709526019397e-43
"Fanconi anemia pathway3","Fanconi anemia pathway","E3_06_14",0,0,0,1,1,1.46307393691288e-47
"Neurotrophin signaling pathway3","Neurotrophin signaling pathway","E3_06_14",0,0,0,1,1,3.5220234369713e-43
"Phosphatidylinositol signaling system3","Phosphatidylinositol signaling system","E3_06_14",1,0,1,0.190919674039581,1,4.3822872223887e-44
"Prostate cancer3","Prostate cancer","E3_06_14",0,0,0,1,1,2.17678324580863e-43
"Aminoacyl-tRNA biosynthesis3","Aminoacyl-tRNA biosynthesis","E3_06_14",0,0,0,1,1,1.90578980885204e-48
"Base excision repair3","Base excision repair","E3_06_14",0,0,0,1,1,8.71644580704984e-49
"p53 signaling pathway3","p53 signaling pathway","E3_06_14",2,0,1.58496250072116,0.0512223515715949,1,1.03019966875696e-45
"EGFR tyrosine kinase inhibitor resistance3","EGFR tyrosine kinase inhibitor resistance","E3_06_14",0,0,0,1,1,2.08833449730912e-43
"Small cell lung cancer3","Small cell lung cancer","E3_06_14",2,0,1.58496250072116,0.0873108265424913,1,3.17600132433261e-43
"RNA degradation3","RNA degradation","E3_06_14",0,0,0,1,1,4.71826295064873e-47
"mTOR signaling pathway3","mTOR signaling pathway","E3_06_14",0,0,0,1,1,1.43403050300202e-40
"Endocrine resistance3","Endocrine resistance","E3_06_14",0,0,0,1,1,2.86435036387151e-43
"Lysine degradation3","Lysine degradation","E3_06_14",1,0,1,0.130384167636787,1,4.51621934030898e-46
"Viral life cycle - HIV-13","Viral life cycle - HIV-1","E3_06_14",0,0,0,1,1,4.49856190984696e-46
"Longevity regulating pathway3","Longevity regulating pathway","E3_06_14",0,0,0,1,1,9.44798171301343e-44
"Insulin resistance3","Insulin resistance","E3_06_14",0,0,0,1,1,2.99577955385999e-42
"Inositol phosphate metabolism3","Inositol phosphate metabolism","E3_06_14",1,0,1,0.140861466821886,1,8.01026221099192e-46
"Platinum drug resistance3","Platinum drug resistance","E3_06_14",2,0,1.58496250072116,0.039580908032596,0.894528521536671,2.52814915391386e-46
"Bacterial invasion of epithelial cells3","Bacterial invasion of epithelial cells","E3_06_14",0,0,0,1,1,1.12323669963993e-43
"Hepatocellular carcinoma3","Hepatocellular carcinoma","E3_06_14",0,0,0,1,1,1.19609132335656e-38
"Insulin signaling pathway3","Insulin signaling pathway","E3_06_14",0,0,0,1,1,6.41023730825287e-43
"Human cytomegalovirus infection3","Human cytomegalovirus infection","E3_06_14",2,0,1.58496250072116,0.171129220023283,1,4.39002319611748e-36
"Human papillomavirus infection3","Human papillomavirus infection","E3_06_14",0,1,-1,0.536670547147846,1,2.8093419146195e-32
"Proteoglycans in cancer3","Proteoglycans in cancer","E3_06_14",0,0,0,1,1,5.63944987718168e-35
"TGF-beta signaling pathway3","TGF-beta signaling pathway","E3_06_14",0,0,0,1,1,1.82687953338911e-39
"RNA polymerase3","RNA polymerase","E3_06_14",0,0,0,1,1,3.39638348445548e-49
"FoxO signaling pathway3","FoxO signaling pathway","E3_06_14",0,0,0,1,1,1.03634775327547e-41
"AGE-RAGE signaling pathway in diabetic complications3","AGE-RAGE signaling pathway in diabetic complications","E3_06_14",0,0,0,1,1,1.98306555985349e-41
"Hepatitis B3","Hepatitis B","E3_06_14",2,0,1.58496250072116,0.10011641443539,1,2.57416822872076e-40
"Longevity regulating pathway - multiple species3","Longevity regulating pathway - multiple species","E3_06_14",0,0,0,1,1,3.93561657226673e-46
"Yersinia infection3","Yersinia infection","E3_06_14",0,0,0,1,1,2.61934353913779e-42
"N-Glycan biosynthesis3","N-Glycan biosynthesis","E3_06_14",0,0,0,1,1,2.3388867754818e-48
"Non-small cell lung cancer3","Non-small cell lung cancer","E3_06_14",0,0,0,1,1,8.69253246275307e-45
"Rap1 signaling pathway3","Rap1 signaling pathway","E3_06_14",0,0,0,1,1,4.99423737030049e-36
"Choline metabolism in cancer3","Choline metabolism in cancer","E3_06_14",0,0,0,1,1,5.88788958584427e-44
"TNF signaling pathway3","TNF signaling pathway","E3_06_14",0,0,0,1,1,1.30192729672898e-41
"Glioma3","Glioma","E3_06_14",0,0,0,1,1,4.92505652753184e-45
"Human immunodeficiency virus 1 infection3","Human immunodeficiency virus 1 infection","E3_06_14",2,0,1.58496250072116,0.116414435389988,1,1.63814922826625e-38
"Apoptosis3","Apoptosis","E3_06_14",2,0,1.58496250072116,0.0733410942956927,1,1.49784841815568e-41
"AMPK signaling pathway3","AMPK signaling pathway","E3_06_14",0,0,0,1,1,1.33270735301984e-42
"Fatty acid metabolism3","Fatty acid metabolism","E3_06_14",0,0,0,1,1,4.69512940699649e-48
"DNA replication3","DNA replication","E3_06_14",0,0,0,1,1,6.26486429838016e-49
"Pathogenic Escherichia coli infection3","Pathogenic Escherichia coli infection","E3_06_14",2,0,1.58496250072116,0.109429569266589,1,7.35037958519247e-39
"PD-L1 expression and PD-1 checkpoint pathway in cancer3","PD-L1 expression and PD-1 checkpoint pathway in cancer","E3_06_14",0,0,0,1,1,1.20587151544347e-44
"Hippo signaling pathway3","Hippo signaling pathway","E3_06_14",0,0,0,1,1,2.36123943031212e-38
"Valine, leucine and isoleucine degradation3","Valine, leucine and isoleucine degradation","E3_06_14",0,0,0,1,1,1.05791180057404e-48
"Peroxisome3","Peroxisome","E3_06_14",0,0,0,1,1,1.21452485228315e-46
"Homologous recombination3","Homologous recombination","E3_06_14",0,0,0,1,1,3.62671319597749e-48
"Bladder cancer3","Bladder cancer","E3_06_14",0,0,0,1,1,1.86244157055361e-46
"Fluid shear stress and atherosclerosis3","Fluid shear stress and atherosclerosis","E3_06_14",0,0,0,1,1,1.76133151193162e-41
"SNARE interactions in vesicular transport3","SNARE interactions in vesicular transport","E3_06_14",0,0,0,1,1,1.64691867465976e-49
"Autophagy - other3","Autophagy - other","E3_06_14",0,0,0,1,1,5.66929074636688e-49
"Proteasome3","Proteasome","E3_06_14",0,0,0,1,1,6.26486429838016e-49
"Protein export3","Protein export","E3_06_14",0,0,0,1,1,7.89149515116455e-51
"Thyroid hormone signaling pathway3","Thyroid hormone signaling pathway","E3_06_14",0,0,0,1,1,3.4693205742846e-42
"Amino sugar and nucleotide sugar metabolism3","Amino sugar and nucleotide sugar metabolism","E3_06_14",1,0,1,0.0931315483119907,1,7.61620587188604e-48
"Nucleotide metabolism3","Nucleotide metabolism","E3_06_14",0,0,0,1,1,5.11278512329582e-46
"ErbB signaling pathway3","ErbB signaling pathway","E3_06_14",0,0,0,1,1,3.4515108711174e-44
"Thyroid cancer3","Thyroid cancer","E3_06_14",0,0,0,1,1,7.26777153294847e-49
"Various types of N-glycan biosynthesis3","Various types of N-glycan biosynthesis","E3_06_14",0,0,0,1,1,4.98994176832592e-49
"Spinocerebellar ataxia3","Spinocerebellar ataxia","E3_06_14",2,0,1.58496250072116,0.0733410942956927,1,4.51724566318689e-41
"Basal transcription factors3","Basal transcription factors","E3_06_14",0,0,0,1,1,2.95193778595642e-49
"Regulation of actin cytoskeleton3","Regulation of actin cytoskeleton","E3_06_14",0,0,0,1,1,4.01027848036895e-37
"Melanoma3","Melanoma","E3_06_14",0,0,0,1,1,1.16657905472099e-44
"Tight junction3","Tight junction","E3_06_14",0,0,0,1,1,4.14414385634871e-40
"Apoptosis - multiple species3","Apoptosis - multiple species","E3_06_14",2,0,1.58496250072116,0.0209545983701979,0.681659434860832,1.32556406344561e-49
"Glycosylphosphatidylinositol (GPI)-anchor biosynthesis3","Glycosylphosphatidylinositol (GPI)-anchor biosynthesis","E3_06_14",0,0,0,1,1,8.16749478419097e-51
"Biosynthesis of nucleotide sugars3","Biosynthesis of nucleotide sugars","E3_06_14",1,0,1,0.0756693830034924,1,1.05791180057404e-48
"Epithelial cell signaling in Helicobacter pylori infection3","Epithelial cell signaling in Helicobacter pylori infection","E3_06_14",0,0,0,1,1,1.6245086361367e-45
"Epstein-Barr virus infection3","Epstein-Barr virus infection","E3_06_14",2,0,1.58496250072116,0.0977881257275902,1,1.6387360021777e-44
"Selenocompound metabolism3","Selenocompound metabolism","E3_06_14",0,0,0,1,1,2.01498146836099e-50
"Other types of O-glycan biosynthesis3","Other types of O-glycan biosynthesis","E3_06_14",0,0,0,1,1,8.0213357240936e-48
"Notch signaling pathway3","Notch signaling pathway","E3_06_14",0,0,0,1,1,1.24195961694735e-46
"Fc gamma R-mediated phagocytosis3","Fc gamma R-mediated phagocytosis","E3_06_14",0,0,0,1,1,7.53488836439815e-44
"Citrate cycle (TCA cycle)3","Citrate cycle (TCA cycle)","E3_06_14",0,0,0,1,1,3.6906171186514e-50
"Apelin signaling pathway3","Apelin signaling pathway","E3_06_14",0,0,0,1,1,2.36759726487064e-40
"Mismatch repair3","Mismatch repair","E3_06_14",0,0,0,1,1,8.39411590267589e-51
"Carbon metabolism3","Carbon metabolism","E3_06_14",0,0,0,1,1,6.20950662751217e-45
"Hedgehog signaling pathway3","Hedgehog signaling pathway","E3_06_14",0,0,0,1,1,7.90239274739803e-46
"Chagas disease3","Chagas disease","E3_06_14",0,0,0,1,1,5.57474458904576e-44
"Growth hormone synthesis, secretion and action3","Growth hormone synthesis, secretion and action","E3_06_14",0,0,0,1,1,1.63886686689981e-41
"Kaposi sarcoma-associated herpesvirus infection3","Kaposi sarcoma-associated herpesvirus infection","E3_06_14",2,0,1.58496250072116,0.0931315483119907,1,1.77400574108171e-39
"Hippo signaling pathway - multiple species3","Hippo signaling pathway - multiple species","E3_06_14",1,0,1,0.128055878928987,1,2.88545193548976e-46
"VEGF signaling pathway3","VEGF signaling pathway","E3_06_14",0,0,0,1,1,3.65059483991475e-47
"Gap junction3","Gap junction","E3_06_14",0,0,0,1,1,4.93216615960463e-44
"Vasopressin-regulated water reabsorption3","Vasopressin-regulated water reabsorption","E3_06_14",0,0,0,1,1,6.22989250539709e-48
"Progesterone-mediated oocyte maturation3","Progesterone-mediated oocyte maturation","E3_06_14",0,0,0,1,1,7.7413638047466e-46
"Glycosaminoglycan biosynthesis - chondroitin sulfate / dermatan sulfate3","Glycosaminoglycan biosynthesis - chondroitin sulfate / dermatan sulfate","E3_06_14",0,0,0,1,1,3.2377494643786e-50
"T cell receptor signaling pathway3","T cell receptor signaling pathway","E3_06_14",0,0,0,1,1,8.524443667216e-45
"Oocyte meiosis3","Oocyte meiosis","E3_06_14",0,0,0,1,1,3.41648379485847e-44
"Phospholipase D signaling pathway3","Phospholipase D signaling pathway","E3_06_14",0,0,0,1,1,1.66896991849864e-40
"Acute myeloid leukemia3","Acute myeloid leukemia","E3_06_14",0,0,0,1,1,4.18394687261518e-46
"One carbon pool by folate3","One carbon pool by folate","E3_06_14",0,0,0,1,1,9.75647780745855e-51
"Propanoate metabolism3","Propanoate metabolism","E3_06_14",0,0,0,1,1,1.70220695045282e-50
"Wnt signaling pathway3","Wnt signaling pathway","E3_06_14",0,0,0,1,1,1.22816422067265e-38
"Breast cancer3","Breast cancer","E3_06_14",0,0,0,1,1,1.37049562599743e-40
"Adipocytokine signaling pathway3","Adipocytokine signaling pathway","E3_06_14",0,0,0,1,1,3.81457868398465e-45
"Central carbon metabolism in cancer3","Central carbon metabolism in cancer","E3_06_14",1,0,1,0.173457508731083,1,1.13831076879452e-44
"Glyoxylate and dicarboxylate metabolism3","Glyoxylate and dicarboxylate metabolism","E3_06_14",0,0,0,1,1,4.09470021814872e-50
"Relaxin signaling pathway3","Relaxin signaling pathway","E3_06_14",0,0,0,1,1,1.15673446886346e-40
"Ferroptosis3","Ferroptosis","E3_06_14",0,0,0,1,1,3.88077038995653e-49
"Sphingolipid metabolism3","Sphingolipid metabolism","E3_06_14",0,0,0,1,1,1.41223561007693e-47
"Toxoplasmosis3","Toxoplasmosis","E3_06_14",3,0,2,0.0116414435389988,0.681659434860832,2.72248092125135e-47
"Ras signaling pathway3","Ras signaling pathway","E3_06_14",0,0,0,1,1,1.75169681127112e-35
"Pyrimidine metabolism3","Pyrimidine metabolism","E3_06_14",0,0,0,1,1,5.62478845822374e-48
"GnRH signaling pathway3","GnRH signaling pathway","E3_06_14",0,0,0,1,1,2.98461922271842e-43
"Coronavirus disease - COVID-193","Coronavirus disease - COVID-19","E3_06_14",0,0,0,1,1,2.26779686584689e-41
"Mannose type O-glycan biosynthesis3","Mannose type O-glycan biosynthesis","E3_06_14",0,0,0,1,1,3.34735654371497e-50
"Terpenoid backbone biosynthesis3","Terpenoid backbone biosynthesis","E3_06_14",0,0,0,1,1,1.27369906093093e-50
"Cysteine and methionine metabolism3","Cysteine and methionine metabolism","E3_06_14",0,0,0,1,1,5.81197205565914e-48
"Circadian rhythm3","Circadian rhythm","E3_06_14",0,0,0,1,1,9.45472792299918e-49
"Fatty acid elongation3","Fatty acid elongation","E3_06_14",0,0,0,1,1,2.01498146836099e-50
"Biosynthesis of unsaturated fatty acids3","Biosynthesis of unsaturated fatty acids","E3_06_14",0,0,0,1,1,1.79975307015882e-49
"Inflammatory mediator regulation of TRP channels3","Inflammatory mediator regulation of TRP channels","E3_06_14",0,0,0,1,1,2.33525802523281e-43
"Parathyroid hormone synthesis, secretion and action3","Parathyroid hormone synthesis, secretion and action","E3_06_14",0,0,0,1,1,1.18223871338637e-41
"Sulfur metabolism3","Sulfur metabolism","E3_06_14",0,0,0,1,1,5.22515178555184e-51
"Vibrio cholerae infection3","Vibrio cholerae infection","E3_06_14",0,0,0,1,1,4.38401005267475e-48
"Signaling pathways regulating pluripotency of stem cells3","Signaling pathways regulating pluripotency of stem cells","E3_06_14",0,0,0,1,1,8.61189380005048e-41
"HIF-1 signaling pathway3","HIF-1 signaling pathway","E3_06_14",0,0,0,1,1,3.90995237751042e-42
"Purine metabolism3","Purine metabolism","E3_06_14",0,0,0,1,1,6.84338643963049e-43
"Fatty acid degradation3","Fatty acid degradation","E3_06_14",0,0,0,1,1,1.202294240677e-49
"Glutathione metabolism3","Glutathione metabolism","E3_06_14",2,0,1.58496250072116,0.0174621653084983,0.681659434860832,2.29538308375655e-49
"Transcriptional misregulation in cancer3","Transcriptional misregulation in cancer","E3_06_14",1,0,1,0.343422584400466,1,1.54290415653032e-38
"2-Oxocarboxylic acid metabolism3","2-Oxocarboxylic acid metabolism","E3_06_14",0,0,0,1,1,4.09470021814872e-50
"Adrenergic signaling in cardiomyocytes3","Adrenergic signaling in cardiomyocytes","E3_06_14",1,0,1,0.289871944121071,1,1.73295011153919e-40
"Gastric cancer3","Gastric cancer","E3_06_14",0,0,0,1,1,2.01808190288251e-40
"Long-term potentiation3","Long-term potentiation","E3_06_14",0,0,0,1,1,4.99300989780763e-46
"Motor proteins3","Motor proteins","E3_06_14",1,0,1,0.343422584400466,1,1.30293395957022e-39
"Biosynthesis of amino acids3","Biosynthesis of amino acids","E3_06_14",0,0,0,1,1,1.49344515244269e-46
"Other glycan degradation3","Other glycan degradation","E3_06_14",0,0,0,1,1,8.39411590267589e-51
"Non-homologous end-joining3","Non-homologous end-joining","E3_06_14",0,0,0,1,1,2.47293230214807e-51
"Glycerophospholipid metabolism3","Glycerophospholipid metabolism","E3_06_14",0,0,0,1,1,6.42184068761236e-46
"C-type lectin receptor signaling pathway3","C-type lectin receptor signaling pathway","E3_06_14",0,0,0,1,1,9.45293840401139e-45
"Lipid and atherosclerosis3","Lipid and atherosclerosis","E3_06_14",3,0,2,0.019790454016298,0.681659434860832,1.81400822292913e-40
"Hepatitis C3","Hepatitis C","E3_06_14",3,0,2,0.0139697322467986,0.681659434860832,3.12996914802294e-41
"PI3K-Akt signaling pathway3","PI3K-Akt signaling pathway","E3_06_14",0,1,-1,0.541327124563446,1,2.23911400723741e-31
"Long-term depression3","Long-term depression","E3_06_14",0,0,0,1,1,3.43796618041219e-46
"Arrhythmogenic right ventricular cardiomyopathy3","Arrhythmogenic right ventricular cardiomyopathy","E3_06_14",1,0,1,0.185098952270081,1,1.02604457814825e-44
"Necroptosis3","Necroptosis","E3_06_14",0,0,0,1,1,1.27329741626788e-43
"Retrograde endocannabinoid signaling3","Retrograde endocannabinoid signaling","E3_06_14",0,0,0,1,1,3.65643156196425e-42
"Pantothenate and CoA biosynthesis3","Pantothenate and CoA biosynthesis","E3_06_14",0,0,0,1,1,1.47224438544299e-50
"Cushing syndrome3","Cushing syndrome","E3_06_14",1,0,1,0.322467986030268,1,1.30620371507846e-39
"Fructose and mannose metabolism3","Fructose and mannose metabolism","E3_06_14",0,0,0,1,1,7.0350554352087e-49
"Platelet activation3","Platelet activation","E3_06_14",0,0,0,1,1,6.68559614030795e-41
"Efferocytosis3","Efferocytosis","E3_06_14",1,0,1,0.282887077997672,1,2.63177639445742e-40
"Antifolate resistance3","Antifolate resistance","E3_06_14",0,0,0,1,1,1.99342338617786e-48
"Alcoholism3","Alcoholism","E3_06_14",0,0,0,1,1,2.33629902511866e-44
"Melanogenesis3","Melanogenesis","E3_06_14",0,0,0,1,1,2.23726189274147e-43
"Prolactin signaling pathway3","Prolactin signaling pathway","E3_06_14",0,0,0,1,1,1.74902622475376e-46
"Glycerolipid metabolism3","Glycerolipid metabolism","E3_06_14",0,0,0,1,1,1.21351160403214e-47
"Dopaminergic synapse3","Dopaminergic synapse","E3_06_14",0,0,0,1,1,1.54720928270144e-42
"Glycosphingolipid biosynthesis - ganglio series3","Glycosphingolipid biosynthesis - ganglio series","E3_06_14",3,0,2,0.00116414435389988,0.394644935972061,1.13108618208288e-50
"Mucin type O-glycan biosynthesis3","Mucin type O-glycan biosynthesis","E3_06_14",0,0,0,1,1,1.90578980885204e-48
"Lipoic acid metabolism3","Lipoic acid metabolism","E3_06_14",0,0,0,1,1,1.86519825836208e-51
"NF-kappa B signaling pathway3","NF-kappa B signaling pathway","E3_06_14",0,0,0,1,1,1.48864229258142e-44
"Oxytocin signaling pathway3","Oxytocin signaling pathway","E3_06_14",1,0,1,0.30267753201397,1,4.81387269306643e-40
"Basal cell carcinoma3","Basal cell carcinoma","E3_06_14",0,0,0,1,1,3.89794487402811e-46
"Legionellosis3","Legionellosis","E3_06_14",2,0,1.58496250072116,0.0151338766006985,0.681659434860832,1.84174819361905e-49
"Measles3","Measles","E3_06_14",2,0,1.58496250072116,0.0593713620488941,1,9.19321376511955e-44
"Biosynthesis of cofactors3","Biosynthesis of cofactors","E3_06_14",1,0,1,0.215366705471478,1,7.77369451199246e-43
"Glycosaminoglycan biosynthesis - keratan sulfate3","Glycosaminoglycan biosynthesis - keratan sulfate","E3_06_14",0,0,0,1,1,5.1848427271223e-50
"Alanine, aspartate and glutamate metabolism3","Alanine, aspartate and glutamate metabolism","E3_06_14",0,0,0,1,1,1.87695763831595e-49
"Fatty acid biosynthesis3","Fatty acid biosynthesis","E3_06_14",0,0,0,1,1,2.63461401492289e-51
"Hypertrophic cardiomyopathy3","Hypertrophic cardiomyopathy","E3_06_14",1,0,1,0.247962747380675,1,1.82257230254603e-42
"Glucagon signaling pathway3","Glucagon signaling pathway","E3_06_14",0,0,0,1,1,3.85454364801876e-44
"Glycosaminoglycan biosynthesis - heparan sulfate / heparin3","Glycosaminoglycan biosynthesis - heparan sulfate / heparin","E3_06_14",0,0,0,1,1,1.1645136696008e-48
"Steroid biosynthesis3","Steroid biosynthesis","E3_06_14",0,0,0,1,1,2.63461401492289e-51
"cGMP-PKG signaling pathway3","cGMP-PKG signaling pathway","E3_06_14",0,0,0,1,1,9.38789189875953e-40
"Phagosome3","Phagosome","E3_06_14",0,0,0,1,1,3.55798477978751e-47
"Arginine and proline metabolism3","Arginine and proline metabolism","E3_06_14",0,0,0,1,1,1.41040316763015e-49
"Pyruvate metabolism3","Pyruvate metabolism","E3_06_14",0,0,0,1,1,9.08483043247341e-50
"Type II diabetes mellitus3","Type II diabetes mellitus","E3_06_14",0,0,0,1,1,7.33850217235514e-47
"Dilated cardiomyopathy3","Dilated cardiomyopathy","E3_06_14",1,0,1,0.259604190919674,1,7.30610801198629e-42
"Alcoholic liver disease3","Alcoholic liver disease","E3_06_14",0,0,0,1,1,3.66225037925037e-43
"Leukocyte transendothelial migration3","Leukocyte transendothelial migration","E3_06_14",0,0,0,1,1,1.74778723541835e-43
"Glycosaminoglycan degradation3","Glycosaminoglycan degradation","E3_06_14",0,0,0,1,1,2.1436337360372e-51
"Endocrine and other factor-regulated calcium reabsorption3","Endocrine and other factor-regulated calcium reabsorption","E3_06_14",0,0,0,1,1,8.58057152584478e-47
"Ubiquinone and other terpenoid-quinone biosynthesis3","Ubiquinone and other terpenoid-quinone biosynthesis","E3_06_14",0,0,0,1,1,2.47293230214807e-51
"Fc epsilon RI signaling pathway3","Fc epsilon RI signaling pathway","E3_06_14",0,0,0,1,1,1.14587488092531e-47
"Glycine, serine and threonine metabolism3","Glycine, serine and threonine metabolism","E3_06_14",0,0,0,1,1,1.21238548444631e-49
"Pertussis3","Pertussis","E3_06_14",0,0,0,1,1,7.54748889853507e-48
"Aldosterone synthesis and secretion3","Aldosterone synthesis and secretion","E3_06_14",1,0,1,0.223515715948778,1,6.3667733208852e-43
"Regulation of lipolysis in adipocytes3","Regulation of lipolysis in adipocytes","E3_06_14",0,0,0,1,1,3.73194103706862e-47
"Cholinergic synapse3","Cholinergic synapse","E3_06_14",0,0,0,1,1,1.3422528565762e-42
"Osteoclast differentiation3","Osteoclast differentiation","E3_06_14",0,0,0,1,1,1.84277510755987e-41
"Pentose phosphate pathway3","Pentose phosphate pathway","E3_06_14",0,0,0,1,1,2.93974379936882e-50
"beta-Alanine metabolism3","beta-Alanine metabolism","E3_06_14",0,0,0,1,1,5.25504400113051e-50
"PPAR signaling pathway3","PPAR signaling pathway","E3_06_14",0,0,0,1,1,5.76807533910389e-47
"Folate biosynthesis3","Folate biosynthesis","E3_06_14",0,0,0,1,1,1.32311735190825e-50
"Influenza A3","Influenza A","E3_06_14",2,0,1.58496250072116,0.0663562281722934,1,4.86420841979902e-45
"Th17 cell differentiation3","Th17 cell differentiation","E3_06_14",0,0,0,1,1,1.49344515244269e-46
"Cardiac muscle contraction3","Cardiac muscle contraction","E3_06_14",1,0,1,0.150174621653085,1,1.38011330295878e-45
"Nicotinate and nicotinamide metabolism3","Nicotinate and nicotinamide metabolism","E3_06_14",0,0,0,1,1,1.28434215425954e-49
"Aldosterone-regulated sodium reabsorption3","Aldosterone-regulated sodium reabsorption","E3_06_14",0,0,0,1,1,3.23640003107088e-49
"Neutrophil extracellular trap formation3","Neutrophil extracellular trap formation","E3_06_14",0,0,0,1,1,1.82604833724837e-44
"Th1 and Th2 cell differentiation3","Th1 and Th2 cell differentiation","E3_06_14",0,0,0,1,1,2.01055668669282e-48
"NOD-like receptor signaling pathway3","NOD-like receptor signaling pathway","E3_06_14",0,0,0,1,1,5.31625664705234e-42
"Cortisol synthesis and secretion3","Cortisol synthesis and secretion","E3_06_14",1,0,1,0.181606519208382,1,1.07880490105713e-44
"GnRH secretion3","GnRH secretion","E3_06_14",0,0,0,1,1,4.34894891532715e-46
"Vascular smooth muscle contraction3","Vascular smooth muscle contraction","E3_06_14",0,0,0,1,1,1.83199864621244e-40
"Estrogen signaling pathway3","Estrogen signaling pathway","E3_06_14",0,0,0,1,1,5.45580599958519e-42
"RIG-I-like receptor signaling pathway3","RIG-I-like receptor signaling pathway","E3_06_14",0,0,0,1,1,2.19501199453595e-47
"Amoebiasis3","Amoebiasis","E3_06_14",0,0,0,1,1,2.74747549066931e-43
"ECM-receptor interaction3","ECM-receptor interaction","E3_06_14",0,0,0,1,1,1.25601918943701e-40
"Renin secretion3","Renin secretion","E3_06_14",0,0,0,1,1,4.69734356560049e-45
"Collecting duct acid secretion3","Collecting duct acid secretion","E3_06_14",0,0,0,1,1,1.12751165551662e-50
"Viral myocarditis3","Viral myocarditis","E3_06_14",2,0,1.58496250072116,0.0279394644935972,0.732912023948113,9.73145481604341e-50
"B cell receptor signaling pathway3","B cell receptor signaling pathway","E3_06_14",0,0,0,1,1,1.80788184280547e-46
"Glutamatergic synapse3","Glutamatergic synapse","E3_06_14",0,0,0,1,1,6.72162088749343e-43
"Cytosolic DNA-sensing pathway3","Cytosolic DNA-sensing pathway","E3_06_14",0,0,0,1,1,1.8544890885468e-45
"Glycosphingolipid biosynthesis - globo and isoglobo series3","Glycosphingolipid biosynthesis - globo and isoglobo series","E3_06_14",0,0,0,1,1,4.88491151607998e-51
"Galactose metabolism3","Galactose metabolism","E3_06_14",0,0,0,1,1,3.31818749273026e-50
"Arginine biosynthesis3","Arginine biosynthesis","E3_06_14",0,0,0,1,1,3.15840766664303e-51
"Toll-like receptor signaling pathway3","Toll-like receptor signaling pathway","E3_06_14",0,0,0,1,1,1.02727133362327e-46
"Thiamine metabolism3","Thiamine metabolism","E3_06_14",0,0,0,1,1,6.27056241998874e-51
"Circadian entrainment3","Circadian entrainment","E3_06_14",0,0,0,1,1,3.06480860532142e-43
"Morphine addiction3","Morphine addiction","E3_06_14",0,0,0,1,1,2.19837274240226e-44
"Ether lipid metabolism3","Ether lipid metabolism","E3_06_14",0,0,0,1,1,4.608385046122e-49
"Ribosome biogenesis in eukaryotes3","Ribosome biogenesis in eukaryotes","E3_06_14",1,0,1,0.124563445867288,1,1.71115251176388e-46
"Synaptic vesicle cycle3","Synaptic vesicle cycle","E3_06_14",0,0,0,1,1,1.70160778471552e-46
"Tryptophan metabolism3","Tryptophan metabolism","E3_06_14",0,0,0,1,1,9.73145481604341e-50
"Proximal tubule bicarbonate reclamation3","Proximal tubule bicarbonate reclamation","E3_06_14",0,0,0,1,1,1.12751165551662e-50
"Chemical carcinogenesis - receptor activation3","Chemical carcinogenesis - receptor activation","E3_06_14",0,0,0,1,1,1.9609144609616e-39
"Leishmaniasis3","Leishmaniasis","E3_06_14",0,0,0,1,1,2.74928995016712e-50
"Glycosphingolipid biosynthesis - lacto and neolacto series3","Glycosphingolipid biosynthesis - lacto and neolacto series","E3_06_14",0,0,0,1,1,4.19918987464043e-50
"Amphetamine addiction3","Amphetamine addiction","E3_06_14",0,0,0,1,1,3.72480935213902e-47
"Thyroid hormone synthesis3","Thyroid hormone synthesis","E3_06_14",0,0,0,1,1,5.58203944617983e-46
"Butanoate metabolism3","Butanoate metabolism","E3_06_14",0,0,0,1,1,2.47293230214807e-51
"ABC transporters3","ABC transporters","E3_06_14",0,0,0,1,1,2.479695057397e-48
"Antigen processing and presentation3","Antigen processing and presentation","E3_06_14",0,0,0,1,1,3.86327972054909e-51
"Ovarian steroidogenesis3","Ovarian steroidogenesis","E3_06_14",1,0,1,0.0838183934807916,1,1.87632772990293e-48
"Rheumatoid arthritis3","Rheumatoid arthritis","E3_06_14",0,0,0,1,1,1.50976775760857e-49
"IL-17 signaling pathway3","IL-17 signaling pathway","E3_06_14",0,0,0,1,1,3.73194103706862e-47
"Renin-angiotensin system3","Renin-angiotensin system","E3_06_14",2,0,1.58496250072116,0.00582072176949942,0.657741559953434,1.27369906093093e-50
"Nitrogen metabolism3","Nitrogen metabolism","E3_06_14",0,0,0,1,1,3.12832428204805e-51
"Tuberculosis3","Tuberculosis","E3_06_14",2,0,1.58496250072116,0.0721769499417928,1,2.88545193548976e-46
"Drug metabolism - other enzymes3","Drug metabolism - other enzymes","E3_06_14",0,0,0,1,1,8.71644580704984e-49
"Glycolysis / Gluconeogenesis3","Glycolysis / Gluconeogenesis","E3_06_14",0,0,0,1,1,5.7526043883311e-48
"Gastric acid secretion3","Gastric acid secretion","E3_06_14",0,0,0,1,1,3.40168476564778e-45
"Cholesterol metabolism3","Cholesterol metabolism","E3_06_14",1,0,1,0.0908032596041909,1,5.88502198597185e-48
"African trypanosomiasis3","African trypanosomiasis","E3_06_14",0,0,0,1,1,1.17644723056357e-48
"GABAergic synapse3","GABAergic synapse","E3_06_14",0,0,0,1,1,1.73860464270887e-44
"Chemokine signaling pathway3","Chemokine signaling pathway","E3_06_14",0,0,0,1,1,5.95468216272143e-41
"Insulin secretion3","Insulin secretion","E3_06_14",0,0,0,1,1,5.01978230724645e-44
"Cocaine addiction3","Cocaine addiction","E3_06_14",0,0,0,1,1,3.027058019992e-49
"Mineral absorption3","Mineral absorption","E3_06_14",0,0,0,1,1,7.0350554352087e-49
"Histidine metabolism3","Histidine metabolism","E3_06_14",0,0,0,1,1,2.75941543600963e-51
"Vitamin digestion and absorption3","Vitamin digestion and absorption","E3_06_14",0,0,0,1,1,4.51747843738818e-50
"Systemic lupus erythematosus3","Systemic lupus erythematosus","E3_06_14",0,0,0,1,1,6.92974140580859e-51
"Phenylalanine metabolism3","Phenylalanine metabolism","E3_06_14",0,0,0,1,1,1.86519825836208e-51
"Taurine and hypotaurine metabolism3","Taurine and hypotaurine metabolism","E3_06_14",0,0,0,1,1,1.79826718464878e-51
"Starch and sucrose metabolism3","Starch and sucrose metabolism","E3_06_14",0,0,0,1,1,5.56466874008171e-50
"cAMP signaling pathway3","cAMP signaling pathway","E3_06_14",0,0,0,1,1,2.9540124770031e-39
"Protein digestion and absorption3","Protein digestion and absorption","E3_06_14",1,0,1,0.243306169965076,1,1.00422908968947e-42
"Primary bile acid biosynthesis3","Primary bile acid biosynthesis","E3_06_14",0,0,0,1,1,5.84190286375821e-51
"Calcium signaling pathway3","Calcium signaling pathway","E3_06_14",0,0,0,1,1,2.1447097693968e-35
"Porphyrin metabolism3","Porphyrin metabolism","E3_06_14",0,0,0,1,1,6.40286349937099e-51
"Malaria3","Malaria","E3_06_14",0,0,0,1,1,2.19877528902129e-47
"alpha-Linolenic acid metabolism3","alpha-Linolenic acid metabolism","E3_06_14",0,0,0,1,1,1.86519825836208e-51
"Cell adhesion molecules3","Cell adhesion molecules","E3_06_14",0,0,0,1,1,7.32197751705137e-46
"Carbohydrate digestion and absorption3","Carbohydrate digestion and absorption","E3_06_14",0,0,0,1,1,3.027058019992e-49
"Serotonergic synapse3","Serotonergic synapse","E3_06_14",0,0,0,1,1,5.43964221326613e-44
"JAK-STAT signaling pathway3","JAK-STAT signaling pathway","E3_06_14",0,0,0,1,1,2.32565096350665e-41
"Type I diabetes mellitus3","Type I diabetes mellitus","E3_06_14",0,0,0,1,1,1.07671685583406e-51
"Arachidonic acid metabolism3","Arachidonic acid metabolism","E3_06_14",0,0,0,1,1,3.027058019992e-49
"Salivary secretion3","Salivary secretion","E3_06_14",0,0,0,1,1,5.80341007047064e-45
"Inflammatory bowel disease3","Inflammatory bowel disease","E3_06_14",0,0,0,1,1,3.2377494643786e-50
"Natural killer cell mediated cytotoxicity3","Natural killer cell mediated cytotoxicity","E3_06_14",0,0,0,1,1,4.40447163260678e-45
"Tyrosine metabolism3","Tyrosine metabolism","E3_06_14",0,0,0,1,1,3.65018500037088e-51
"Allograft rejection3","Allograft rejection","E3_06_14",0,0,0,1,1,1.07671685583406e-51
"Phototransduction3","Phototransduction","E3_06_14",0,0,0,1,1,2.25428595057879e-51
"Primary immunodeficiency3","Primary immunodeficiency","E3_06_14",0,0,0,1,1,8.7061160191936e-51
"Linoleic acid metabolism3","Linoleic acid metabolism","E3_06_14",0,0,0,1,1,1.09790544442164e-51
"Pentose and glucuronate interconversions3","Pentose and glucuronate interconversions","E3_06_14",1,0,1,0.0162980209545984,0.681659434860832,1.09790544442164e-51
"Graft-versus-host disease3","Graft-versus-host disease","E3_06_14",0,0,0,1,1,1.07671685583406e-51
"Intestinal immune network for IgA production3","Intestinal immune network for IgA production","E3_06_14",0,0,0,1,1,1.09790544442164e-51
"Pancreatic secretion3","Pancreatic secretion","E3_06_14",0,0,0,1,1,4.18406624111122e-45
"Complement and coagulation cascades3","Complement and coagulation cascades","E3_06_14",0,0,0,1,1,2.86201679184294e-47
"Fat digestion and absorption3","Fat digestion and absorption","E3_06_14",0,0,0,1,1,7.89149515116455e-51
"Ascorbate and aldarate metabolism3","Ascorbate and aldarate metabolism","E3_06_14",1,0,1,0.0221187427240978,0.681659434860832,2.98016332008922e-51
"MicroRNAs in cancer3","MicroRNAs in cancer","E3_06_14",0,0,0,1,1,1.11227814888033e-35
"Asthma3","Asthma","E3_06_14",0,0,0,1,1,1.07671685583406e-51
"Maturity onset diabetes of the young3","Maturity onset diabetes of the young","E3_06_14",0,0,0,1,1,1.07671685583406e-51
"Chemical carcinogenesis - DNA adducts3","Chemical carcinogenesis - DNA adducts","E3_06_14",0,0,0,1,1,3.65018500037088e-51
"Bile secretion3","Bile secretion","E3_06_14",1,0,1,0.136204889406286,1,6.42184068761236e-46
"Metabolism of xenobiotics by cytochrome P4503","Metabolism of xenobiotics by cytochrome P450","E3_06_14",0,0,0,1,1,2.01498146836099e-50
"Nicotine addiction3","Nicotine addiction","E3_06_14",0,0,0,1,1,9.91105567544622e-51
"Hematopoietic cell lineage3","Hematopoietic cell lineage","E3_06_14",2,0,1.58496250072116,0.0535506402793946,1,4.18662109215151e-47
"Taste transduction3","Taste transduction","E3_06_14",0,0,0,1,1,6.00041261935634e-47
"Drug metabolism - cytochrome P4503","Drug metabolism - cytochrome P450","E3_06_14",0,0,0,1,1,6.32677078071385e-51
"Autoimmune thyroid disease3","Autoimmune thyroid disease","E3_06_14",0,0,0,1,1,1.07671685583406e-51
"Steroid hormone biosynthesis3","Steroid hormone biosynthesis","E3_06_14",0,0,0,1,1,7.45865070784125e-51
"Retinol metabolism3","Retinol metabolism","E3_06_14",0,0,0,1,1,1.27369906093093e-50
"Viral protein interaction with cytokine and cytokine receptor3","Viral protein interaction with cytokine and cytokine receptor","E3_06_14",0,0,0,1,1,3.73194103706862e-47
"Staphylococcus aureus infection3","Staphylococcus aureus infection","E3_06_14",0,0,0,1,1,2.63461401492289e-51
"Cytokine-cytokine receptor interaction3","Cytokine-cytokine receptor interaction","E3_06_14",0,0,0,1,1,9.38789189875953e-40
"Neuroactive ligand-receptor interaction3","Neuroactive ligand-receptor interaction","E3_06_14",0,0,0,1,1,2.02983876557434e-41
"Olfactory transduction3","Olfactory transduction","E3_06_14",0,0,0,1,1,8.97580382916045e-49
"Herpes simplex virus 1 infection4","Herpes simplex virus 1 infection","E2_08_16",1,1,0,1,1,4.30524894170295e-34
"Cell cycle4","Cell cycle","E2_08_16",1,0,1,0.252336448598131,0.904611411706837,1.69451280439211e-41
"Endocytosis4","Endocytosis","E2_08_16",0,0,0,1,1,1.85940439515617e-35
"Ribosome4","Ribosome","E2_08_16",0,0,0,1,1,1.20504342795261e-45
"Autophagy - animal4","Autophagy - animal","E2_08_16",1,0,1,0.275700934579439,0.933214583140557,5.01805569800068e-41
"Protein processing in endoplasmic reticulum4","Protein processing in endoplasmic reticulum","E2_08_16",0,0,0,1,1,4.15320402623548e-43
"Huntington disease4","Huntington disease","E2_08_16",0,0,0,1,1,1.8134750984677e-36
"Ubiquitin mediated proteolysis4","Ubiquitin mediated proteolysis","E2_08_16",0,0,0,1,1,2.03045630279426e-42
"Shigellosis4","Shigellosis","E2_08_16",1,0,1,0.400700934579439,1,2.08343422859479e-36
"Thermogenesis4","Thermogenesis","E2_08_16",0,0,0,1,1,9.30822490797125e-39
"Mitophagy - animal4","Mitophagy - animal","E2_08_16",0,0,0,1,1,1.93162710789358e-44
"Parkinson disease4","Parkinson disease","E2_08_16",0,0,0,1,1,2.05682292289427e-39
"Amyotrophic lateral sclerosis4","Amyotrophic lateral sclerosis","E2_08_16",0,0,0,1,1,3.61700736492589e-36
"Cellular senescence4","Cellular senescence","E2_08_16",1,0,1,0.294392523364486,0.950467289719626,1.37339707292523e-40
"Chemical carcinogenesis - reactive oxygen species4","Chemical carcinogenesis - reactive oxygen species","E2_08_16",1,0,1,0.321261682242991,0.972390270360481,3.62122477218053e-39
"Colorectal cancer4","Colorectal cancer","E2_08_16",2,0,1.58496250072116,0.0607476635514019,0.904611411706837,1.00165123987181e-43
"Salmonella infection4","Salmonella infection","E2_08_16",1,0,1,0.384345794392523,1,3.11996249165809e-38
"ATP-dependent chromatin remodeling4","ATP-dependent chromatin remodeling","E2_08_16",0,0,0,1,1,1.7060234673893e-43
"Diabetic cardiomyopathy4","Diabetic cardiomyopathy","E2_08_16",1,0,1,0.364485981308411,1,1.627643208561e-37
"Spliceosome4","Spliceosome","E2_08_16",0,0,0,1,1,5.27068227124101e-43
"Viral carcinogenesis4","Viral carcinogenesis","E2_08_16",0,0,0,1,1,2.25493480152477e-41
"Pathways of neurodegeneration - multiple diseases4","Pathways of neurodegeneration - multiple diseases","E2_08_16",4,1,1.32192809488736,0.0105140186915888,0.684048428207307,2.49216703060769e-32
"Pancreatic cancer4","Pancreatic cancer","E2_08_16",2,0,1.58496250072116,0.0490654205607477,0.904611411706837,5.92255455901626e-44
"Chronic myeloid leukemia4","Chronic myeloid leukemia","E2_08_16",2,0,1.58496250072116,0.0537383177570093,0.904611411706837,2.175654614639e-43
"Polycomb repressive complex4","Polycomb repressive complex","E2_08_16",0,0,0,1,1,5.25474425366935e-46
"Alzheimer disease4","Alzheimer disease","E2_08_16",3,0,2,0.0677570093457944,0.904611411706837,2.90631455256887e-34
"Non-alcoholic fatty liver disease4","Non-alcoholic fatty liver disease","E2_08_16",1,0,1,0.266355140186916,0.916064854148966,3.07949928259163e-42
"Nucleocytoplasmic transport4","Nucleocytoplasmic transport","E2_08_16",0,0,0,1,1,2.49798170916326e-45
"Human T-cell leukemia virus 1 infection4","Human T-cell leukemia virus 1 infection","E2_08_16",3,0,2,0.0455607476635514,0.904611411706837,3.38390843135205e-39
"Nucleotide excision repair4","Nucleotide excision repair","E2_08_16",0,0,0,1,1,1.08604743946495e-48
"Oxidative phosphorylation4","Oxidative phosphorylation","E2_08_16",0,0,0,1,1,3.57894111304878e-44
"Renal cell carcinoma4","Renal cell carcinoma","E2_08_16",1,0,1,0.200934579439252,0.904611411706837,1.64541492918105e-43
"Axon guidance4","Axon guidance","E2_08_16",0,0,0,1,1,1.43498745463165e-37
"Endometrial cancer4","Endometrial cancer","E2_08_16",1,0,1,0.13785046728972,0.904611411706837,3.43278961517021e-46
"mRNA surveillance pathway4","mRNA surveillance pathway","E2_08_16",0,0,0,1,1,2.82748547541637e-45
"Focal adhesion4","Focal adhesion","E2_08_16",1,0,1,0.448598130841121,1,4.30123175239035e-36
"Adherens junction4","Adherens junction","E2_08_16",1,0,1,0.283878504672897,0.934318573632157,1.32351257062273e-40
"Prion disease4","Prion disease","E2_08_16",0,0,0,1,1,5.1551203538536e-38
"Lysosome4","Lysosome","E2_08_16",0,0,0,1,1,4.09810866593289e-43
"MAPK signaling pathway4","MAPK signaling pathway","E2_08_16",1,1,0,1,1,3.16692050542768e-33
"Sphingolipid signaling pathway4","Sphingolipid signaling pathway","E2_08_16",1,0,1,0.267523364485981,0.916064854148966,5.38747035286081e-41
"Fanconi anemia pathway4","Fanconi anemia pathway","E2_08_16",0,0,0,1,1,1.10918290093086e-47
"Neurotrophin signaling pathway4","Neurotrophin signaling pathway","E2_08_16",1,0,1,0.214953271028037,0.904611411706837,1.16775650645979e-43
"Phosphatidylinositol signaling system4","Phosphatidylinositol signaling system","E2_08_16",0,0,0,1,1,8.71876356002695e-44
"Prostate cancer4","Prostate cancer","E2_08_16",1,0,1,0.23481308411215,0.904611411706837,2.94350785585306e-42
"Aminoacyl-tRNA biosynthesis4","Aminoacyl-tRNA biosynthesis","E2_08_16",0,0,0,1,1,1.31865181450014e-48
"Base excision repair4","Base excision repair","E2_08_16",0,0,0,1,1,3.54432011504831e-49
"p53 signaling pathway4","p53 signaling pathway","E2_08_16",0,0,0,1,1,6.25709958400319e-45
"EGFR tyrosine kinase inhibitor resistance4","EGFR tyrosine kinase inhibitor resistance","E2_08_16",1,0,1,0.174065420560748,0.904611411706837,1.8322531189009e-44
"Small cell lung cancer4","Small cell lung cancer","E2_08_16",1,0,1,0.230140186915888,0.904611411706837,7.56007259021785e-43
"RNA degradation4","RNA degradation","E2_08_16",0,0,0,1,1,4.44370380297398e-47
"mTOR signaling pathway4","mTOR signaling pathway","E2_08_16",3,0,2,0.0175233644859813,0.684048428207307,1.89631846792815e-42
"Endocrine resistance4","Endocrine resistance","E2_08_16",1,0,1,0.213785046728972,0.904611411706837,2.88600401713321e-43
"Lysine degradation4","Lysine degradation","E2_08_16",0,0,0,1,1,8.67839207938391e-47
"Viral life cycle - HIV-14","Viral life cycle - HIV-1","E2_08_16",0,0,0,1,1,1.99027935274696e-46
"Longevity regulating pathway4","Longevity regulating pathway","E2_08_16",1,0,1,0.16588785046729,0.904611411706837,1.2724000347917e-44
"Insulin resistance4","Insulin resistance","E2_08_16",1,0,1,0.241822429906542,0.904611411706837,1.10009544622677e-42
"Inositol phosphate metabolism4","Inositol phosphate metabolism","E2_08_16",0,0,0,1,1,4.95412075666104e-46
"Platinum drug resistance4","Platinum drug resistance","E2_08_16",1,0,1,0.183411214953271,0.904611411706837,3.99716422180975e-44
"Bacterial invasion of epithelial cells4","Bacterial invasion of epithelial cells","E2_08_16",0,0,0,1,1,1.21861994077332e-44
"Hepatocellular carcinoma4","Hepatocellular carcinoma","E2_08_16",4,0,2.32192809488736,0.0128504672897196,0.684048428207307,1.68688134861466e-38
"Insulin signaling pathway4","Insulin signaling pathway","E2_08_16",1,0,1,0.242990654205607,0.904611411706837,2.88775096484878e-42
"Human cytomegalovirus infection4","Human cytomegalovirus infection","E2_08_16",1,0,1,0.370327102803738,1,9.89775983767388e-38
"Human papillomavirus infection4","Human papillomavirus infection","E2_08_16",1,1,0,1,1,5.26878526906001e-33
"Proteoglycans in cancer4","Proteoglycans in cancer","E2_08_16",1,0,1,0.41588785046729,1,4.30123175239035e-36
"TGF-beta signaling pathway4","TGF-beta signaling pathway","E2_08_16",1,0,1,0.307242990654206,0.964401609553479,4.4893246821998e-40
"RNA polymerase4","RNA polymerase","E2_08_16",0,0,0,1,1,1.02629336519056e-48
"FoxO signaling pathway4","FoxO signaling pathway","E2_08_16",2,0,1.58496250072116,0.0549065420560748,0.904611411706837,3.4409793234616e-42
"AGE-RAGE signaling pathway in diabetic complications4","AGE-RAGE signaling pathway in diabetic complications","E2_08_16",2,0,1.58496250072116,0.0852803738317757,0.904611411706837,5.82551988051352e-42
"Hepatitis B4","Hepatitis B","E2_08_16",2,0,1.58496250072116,0.0852803738317757,0.904611411706837,2.58796259179046e-40
"Longevity regulating pathway - multiple species4","Longevity regulating pathway - multiple species","E2_08_16",1,0,1,0.121495327102804,0.904611411706837,1.45269626846215e-46
"Yersinia infection4","Yersinia infection","E2_08_16",1,0,1,0.23481308411215,0.904611411706837,3.56258570667246e-42
"N-Glycan biosynthesis4","N-Glycan biosynthesis","E2_08_16",0,0,0,1,1,6.29902091690193e-48
"Non-small cell lung cancer4","Non-small cell lung cancer","E2_08_16",1,0,1,0.167056074766355,0.904611411706837,9.56364645136852e-45
"Rap1 signaling pathway4","Rap1 signaling pathway","E2_08_16",1,0,1,0.396028037383178,1,1.23789439496278e-36
"Choline metabolism in cancer4","Choline metabolism in cancer","E2_08_16",1,0,1,0.171728971962617,0.904611411706837,1.20167821424643e-44
"TNF signaling pathway4","TNF signaling pathway","E2_08_16",1,0,1,0.240654205607477,0.904611411706837,4.70456431367909e-42
"Glioma4","Glioma","E2_08_16",1,0,1,0.163551401869159,0.904611411706837,5.30992571924354e-45
"Human immunodeficiency virus 1 infection4","Human immunodeficiency virus 1 infection","E2_08_16",1,0,1,0.317757009345794,0.970447082596615,5.70892847800742e-40
"Apoptosis4","Apoptosis","E2_08_16",1,0,1,0.240654205607477,0.904611411706837,3.04420226983065e-42
"AMPK signaling pathway4","AMPK signaling pathway","E2_08_16",1,0,1,0.238317757009346,0.904611411706837,4.21554230492583e-42
"Fatty acid metabolism4","Fatty acid metabolism","E2_08_16",0,0,0,1,1,5.36634098678172e-47
"DNA replication4","DNA replication","E2_08_16",0,0,0,1,1,1.94957227702609e-49
"Pathogenic Escherichia coli infection4","Pathogenic Escherichia coli infection","E2_08_16",0,0,0,1,1,4.75872829939356e-39
"PD-L1 expression and PD-1 checkpoint pathway in cancer4","PD-L1 expression and PD-1 checkpoint pathway in cancer","E2_08_16",1,0,1,0.161214953271028,0.904611411706837,3.9712202729968e-45
"Hippo signaling pathway4","Hippo signaling pathway","E2_08_16",1,0,1,0.35981308411215,1,7.50021238615919e-38
"Valine, leucine and isoleucine degradation4","Valine, leucine and isoleucine degradation","E2_08_16",0,0,0,1,1,5.41911886159989e-49
"Peroxisome4","Peroxisome","E2_08_16",0,0,0,1,1,1.54469999892935e-47
"Homologous recombination4","Homologous recombination","E2_08_16",0,0,0,1,1,3.09900326459617e-48
"Bladder cancer4","Bladder cancer","E2_08_16",0,0,0,1,1,2.17205637211646e-46
"Fluid shear stress and atherosclerosis4","Fluid shear stress and atherosclerosis","E2_08_16",1,0,1,0.253504672897196,0.904611411706837,7.1752439741223e-42
"SNARE interactions in vesicular transport4","SNARE interactions in vesicular transport","E2_08_16",0,0,0,1,1,1.87608498462078e-49
"Autophagy - other4","Autophagy - other","E2_08_16",0,0,0,1,1,2.62803960735934e-50
"Proteasome4","Proteasome","E2_08_16",0,0,0,1,1,3.46728668543606e-49
"Protein export4","Protein export","E2_08_16",0,0,0,1,1,7.98395914060355e-49
"Thyroid hormone signaling pathway4","Thyroid hormone signaling pathway","E2_08_16",1,0,1,0.247663551401869,0.904611411706837,7.12449209057988e-42
"Amino sugar and nucleotide sugar metabolism4","Amino sugar and nucleotide sugar metabolism","E2_08_16",0,0,0,1,1,7.13666926043966e-49
"Nucleotide metabolism4","Nucleotide metabolism","E2_08_16",0,0,0,1,1,5.61134894119191e-46
"ErbB signaling pathway4","ErbB signaling pathway","E2_08_16",1,0,1,0.157710280373832,0.904611411706837,2.64225587915208e-45
"Thyroid cancer4","Thyroid cancer","E2_08_16",0,0,0,1,1,5.36083815684049e-48
"Various types of N-glycan biosynthesis4","Various types of N-glycan biosynthesis","E2_08_16",0,0,0,1,1,1.08604743946495e-48
"Spinocerebellar ataxia4","Spinocerebellar ataxia","E2_08_16",3,0,2,0.014018691588785,0.684048428207307,3.02370474288859e-43
"Basal transcription factors4","Basal transcription factors","E2_08_16",0,0,0,1,1,9.11736071937137e-50
"Regulation of actin cytoskeleton4","Regulation of actin cytoskeleton","E2_08_16",1,0,1,0.414719626168224,1,6.64318489962603e-37
"Melanoma4","Melanoma","E2_08_16",1,0,1,0.175233644859813,0.904611411706837,1.18272670521491e-44
"Tight junction4","Tight junction","E2_08_16",0,0,0,1,1,5.18288977124175e-39
"Apoptosis - multiple species4","Apoptosis - multiple species","E2_08_16",0,0,0,1,1,6.41044441558131e-49
"Glycosylphosphatidylinositol (GPI)-anchor biosynthesis4","Glycosylphosphatidylinositol (GPI)-anchor biosynthesis","E2_08_16",0,0,0,1,1,6.90796545668974e-51
"Biosynthesis of nucleotide sugars4","Biosynthesis of nucleotide sugars","E2_08_16",0,0,0,1,1,4.62001706252241e-50
"Epithelial cell signaling in Helicobacter pylori infection4","Epithelial cell signaling in Helicobacter pylori infection","E2_08_16",0,0,0,1,1,2.57611776867407e-46
"Epstein-Barr virus infection4","Epstein-Barr virus infection","E2_08_16",2,0,1.58496250072116,0.0899532710280374,0.904611411706837,6.67550771559708e-42
"Selenocompound metabolism4","Selenocompound metabolism","E2_08_16",0,0,0,1,1,8.38548717400526e-51
"Other types of O-glycan biosynthesis4","Other types of O-glycan biosynthesis","E2_08_16",0,0,0,1,1,8.29107022856484e-49
"Notch signaling pathway4","Notch signaling pathway","E2_08_16",2,0,1.58496250072116,0.0268691588785047,0.731128684399712,7.93161173046403e-47
"Fc gamma R-mediated phagocytosis4","Fc gamma R-mediated phagocytosis","E2_08_16",1,0,1,0.206775700934579,0.904611411706837,2.85693154649162e-43
"Citrate cycle (TCA cycle)4","Citrate cycle (TCA cycle)","E2_08_16",0,0,0,1,1,2.2152291598699e-49
"Apelin signaling pathway4","Apelin signaling pathway","E2_08_16",2,0,1.58496250072116,0.0794392523364486,0.904611411706837,1.98374829056785e-41
"Mismatch repair4","Mismatch repair","E2_08_16",0,0,0,1,1,7.44653657993956e-51
"Carbon metabolism4","Carbon metabolism","E2_08_16",0,0,0,1,1,1.4379175907325e-45
"Hedgehog signaling pathway4","Hedgehog signaling pathway","E2_08_16",0,0,0,1,1,1.99076969958301e-44
"Chagas disease4","Chagas disease","E2_08_16",1,0,1,0.207943925233645,0.904611411706837,2.55018083825712e-43
"Growth hormone synthesis, secretion and action4","Growth hormone synthesis, secretion and action","E2_08_16",1,0,1,0.203271028037383,0.904611411706837,2.32802782726006e-43
"Kaposi sarcoma-associated herpesvirus infection4","Kaposi sarcoma-associated herpesvirus infection","E2_08_16",1,0,1,0.281542056074766,0.934318573632157,5.6563145277662e-41
"Hippo signaling pathway - multiple species4","Hippo signaling pathway - multiple species","E2_08_16",0,0,0,1,1,1.46599985515125e-47
"VEGF signaling pathway4","VEGF signaling pathway","E2_08_16",1,0,1,0.116822429906542,0.904611411706837,5.46352497837213e-47
"Gap junction4","Gap junction","E2_08_16",0,0,0,1,1,2.58763526780307e-46
"Vasopressin-regulated water reabsorption4","Vasopressin-regulated water reabsorption","E2_08_16",0,0,0,1,1,3.81137476765218e-48
"Progesterone-mediated oocyte maturation4","Progesterone-mediated oocyte maturation","E2_08_16",1,0,1,0.141355140186916,0.904611411706837,6.07431043925033e-46
"Glycosaminoglycan biosynthesis - chondroitin sulfate / dermatan sulfate4","Glycosaminoglycan biosynthesis - chondroitin sulfate / dermatan sulfate","E2_08_16",0,0,0,1,1,4.98675982858549e-49
"T cell receptor signaling pathway4","T cell receptor signaling pathway","E2_08_16",1,0,1,0.191588785046729,0.904611411706837,6.88856627029989e-44
"Oocyte meiosis4","Oocyte meiosis","E2_08_16",0,0,0,1,1,4.65828728221284e-45
"Phospholipase D signaling pathway4","Phospholipase D signaling pathway","E2_08_16",1,0,1,0.266355140186916,0.916064854148966,4.51373424223723e-41
"Acute myeloid leukemia4","Acute myeloid leukemia","E2_08_16",1,0,1,0.146028037383178,0.904611411706837,5.507856822714e-46
"One carbon pool by folate4","One carbon pool by folate","E2_08_16",0,0,0,1,1,1.00193632844195e-50
"Propanoate metabolism4","Propanoate metabolism","E2_08_16",0,0,0,1,1,6.35083513699543e-51
"Wnt signaling pathway4","Wnt signaling pathway","E2_08_16",3,0,2,0.0280373831775701,0.731128684399712,4.2915577963616e-40
"Breast cancer4","Breast cancer","E2_08_16",3,0,2,0.0303738317757009,0.735480640854473,1.33018749151084e-40
"Adipocytokine signaling pathway4","Adipocytokine signaling pathway","E2_08_16",1,0,1,0.120327102803738,0.904611411706837,6.7262603672309e-47
"Central carbon metabolism in cancer4","Central carbon metabolism in cancer","E2_08_16",1,0,1,0.168224299065421,0.904611411706837,1.01394718832536e-44
"Glyoxylate and dicarboxylate metabolism4","Glyoxylate and dicarboxylate metabolism","E2_08_16",0,0,0,1,1,2.18703271271541e-50
"Relaxin signaling pathway4","Relaxin signaling pathway","E2_08_16",1,0,1,0.242990654205607,0.904611411706837,7.51955458910911e-43
"Ferroptosis4","Ferroptosis","E2_08_16",0,0,0,1,1,1.79737927075637e-49
"Sphingolipid metabolism4","Sphingolipid metabolism","E2_08_16",0,0,0,1,1,4.13571688936979e-48
"Toxoplasmosis4","Toxoplasmosis","E2_08_16",2,0,1.58496250072116,0.0525700934579439,0.904611411706837,7.95790561413128e-46
"Ras signaling pathway4","Ras signaling pathway","E2_08_16",1,0,1,0.369158878504673,1,6.37337235234699e-38
"Pyrimidine metabolism4","Pyrimidine metabolism","E2_08_16",0,0,0,1,1,2.06214125058217e-48
"GnRH signaling pathway4","GnRH signaling pathway","E2_08_16",0,0,0,1,1,1.52830179313984e-45
"Coronavirus disease - COVID-194","Coronavirus disease - COVID-19","E2_08_16",0,0,0,1,1,2.4590956862211e-41
"Mannose type O-glycan biosynthesis4","Mannose type O-glycan biosynthesis","E2_08_16",0,0,0,1,1,4.41329205938343e-50
"Terpenoid backbone biosynthesis4","Terpenoid backbone biosynthesis","E2_08_16",0,0,0,1,1,5.40848375581813e-51
"Cysteine and methionine metabolism4","Cysteine and methionine metabolism","E2_08_16",0,0,0,1,1,5.51026787935408e-49
"Circadian rhythm4","Circadian rhythm","E2_08_16",0,0,0,1,1,1.73935490861499e-49
"Fatty acid elongation4","Fatty acid elongation","E2_08_16",0,0,0,1,1,2.08143864207553e-50
"Biosynthesis of unsaturated fatty acids4","Biosynthesis of unsaturated fatty acids","E2_08_16",0,0,0,1,1,4.09203515002491e-50
"Inflammatory mediator regulation of TRP channels4","Inflammatory mediator regulation of TRP channels","E2_08_16",0,0,0,1,1,1.05476025921554e-42
"Parathyroid hormone synthesis, secretion and action4","Parathyroid hormone synthesis, secretion and action","E2_08_16",2,0,1.58496250072116,0.0771028037383178,0.904611411706837,2.99117605619442e-42
"Sulfur metabolism4","Sulfur metabolism","E2_08_16",0,0,0,1,1,5.40848375581813e-51
"Vibrio cholerae infection4","Vibrio cholerae infection","E2_08_16",0,0,0,1,1,4.14688426425396e-49
"Signaling pathways regulating pluripotency of stem cells4","Signaling pathways regulating pluripotency of stem cells","E2_08_16",2,0,1.58496250072116,0.0852803738317757,0.904611411706837,5.9938338265638e-41
"HIF-1 signaling pathway4","HIF-1 signaling pathway","E2_08_16",1,0,1,0.20911214953271,0.904611411706837,3.17847983756912e-43
"Purine metabolism4","Purine metabolism","E2_08_16",0,0,0,1,1,2.61730251766374e-44
"Fatty acid degradation4","Fatty acid degradation","E2_08_16",0,0,0,1,1,6.62393449745907e-49
"Glutathione metabolism4","Glutathione metabolism","E2_08_16",0,0,0,1,1,8.83078453892731e-49
"Transcriptional misregulation in cancer4","Transcriptional misregulation in cancer","E2_08_16",1,0,1,0.313084112149533,0.964868309260833,1.10914206929177e-39
"2-Oxocarboxylic acid metabolism4","2-Oxocarboxylic acid metabolism","E2_08_16",0,0,0,1,1,1.54117916204479e-50
"Adrenergic signaling in cardiomyocytes4","Adrenergic signaling in cardiomyocytes","E2_08_16",2,0,1.58496250072116,0.0864485981308411,0.904611411706837,2.37073075997174e-40
"Gastric cancer4","Gastric cancer","E2_08_16",4,0,2.32192809488736,0.00817757009345794,0.684048428207307,1.82029415189693e-40
"Long-term potentiation4","Long-term potentiation","E2_08_16",0,0,0,1,1,1.60129273210614e-47
"Motor proteins4","Motor proteins","E2_08_16",1,0,1,0.304906542056075,0.964401609553479,1.0138668675011e-39
"Biosynthesis of amino acids4","Biosynthesis of amino acids","E2_08_16",0,0,0,1,1,2.99993861775015e-48
"Other glycan degradation4","Other glycan degradation","E2_08_16",0,0,0,1,1,1.19464306909348e-51
"Non-homologous end-joining4","Non-homologous end-joining","E2_08_16",0,0,0,1,1,1.19464306909348e-51
"Glycerophospholipid metabolism4","Glycerophospholipid metabolism","E2_08_16",0,0,0,1,1,4.06446869741255e-47
"C-type lectin receptor signaling pathway4","C-type lectin receptor signaling pathway","E2_08_16",1,0,1,0.158878504672897,0.904611411706837,4.07225637002993e-45
"Lipid and atherosclerosis4","Lipid and atherosclerosis","E2_08_16",2,0,1.58496250072116,0.0922897196261682,0.904611411706837,4.2165538885377e-41
"Hepatitis C4","Hepatitis C","E2_08_16",1,0,1,0.228971962616822,0.904611411706837,1.15134592763067e-42
"PI3K-Akt signaling pathway4","PI3K-Akt signaling pathway","E2_08_16",1,1,0,1,1,2.11440051208357e-32
"Long-term depression4","Long-term depression","E2_08_16",0,0,0,1,1,9.44000029264381e-48
"Arrhythmogenic right ventricular cardiomyopathy4","Arrhythmogenic right ventricular cardiomyopathy","E2_08_16",0,0,0,1,1,3.87043239689303e-44
"Necroptosis4","Necroptosis","E2_08_16",0,0,0,1,1,3.14133426413579e-44
"Retrograde endocannabinoid signaling4","Retrograde endocannabinoid signaling","E2_08_16",0,0,0,1,1,2.2326711043044e-43
"Pantothenate and CoA biosynthesis4","Pantothenate and CoA biosynthesis","E2_08_16",0,0,0,1,1,1.89402945186386e-50
"Cushing syndrome4","Cushing syndrome","E2_08_16",1,0,1,0.27803738317757,0.933214583140557,3.71241011134015e-41
"Fructose and mannose metabolism4","Fructose and mannose metabolism","E2_08_16",0,0,0,1,1,2.53593000702553e-49
"Platelet activation4","Platelet activation","E2_08_16",1,0,1,0.238317757009346,0.904611411706837,3.20277472564157e-42
"Efferocytosis4","Efferocytosis","E2_08_16",0,0,0,1,1,7.0568777852891e-41
"Antifolate resistance4","Antifolate resistance","E2_08_16",0,0,0,1,1,3.43946818539902e-48
"Alcoholism4","Alcoholism","E2_08_16",0,0,0,1,1,1.8322531189009e-44
"Melanogenesis4","Melanogenesis","E2_08_16",0,0,0,1,1,7.71144911358853e-44
"Prolactin signaling pathway4","Prolactin signaling pathway","E2_08_16",1,0,1,0.113317757009346,0.904611411706837,4.26953629067563e-47
"Glycerolipid metabolism4","Glycerolipid metabolism","E2_08_16",0,0,0,1,1,2.31734361496594e-47
"Dopaminergic synapse4","Dopaminergic synapse","E2_08_16",1,0,1,0.212616822429907,0.904611411706837,5.86364791412977e-43
"Glycosphingolipid biosynthesis - ganglio series4","Glycosphingolipid biosynthesis - ganglio series","E2_08_16",0,0,0,1,1,1.72413055938505e-50
"Mucin type O-glycan biosynthesis4","Mucin type O-glycan biosynthesis","E2_08_16",0,0,0,1,1,8.55722788404837e-49
"Lipoic acid metabolism4","Lipoic acid metabolism","E2_08_16",0,0,0,1,1,2.47824878346746e-51
"NF-kappa B signaling pathway4","NF-kappa B signaling pathway","E2_08_16",4,0,2.32192809488736,0.00116822429906542,0.396028037383178,4.07994867304743e-44
"Oxytocin signaling pathway4","Oxytocin signaling pathway","E2_08_16",0,0,0,1,1,2.85342085286422e-42
"Basal cell carcinoma4","Basal cell carcinoma","E2_08_16",0,0,0,1,1,2.40135678920728e-45
"Legionellosis4","Legionellosis","E2_08_16",0,0,0,1,1,2.99993861775015e-48
"Measles4","Measles","E2_08_16",1,0,1,0.207943925233645,0.904611411706837,4.34679337687807e-43
"Biosynthesis of cofactors4","Biosynthesis of cofactors","E2_08_16",0,0,0,1,1,1.0745005512013e-44
"Glycosaminoglycan biosynthesis - keratan sulfate4","Glycosaminoglycan biosynthesis - keratan sulfate","E2_08_16",0,0,0,1,1,7.44653657993956e-51
"Alanine, aspartate and glutamate metabolism4","Alanine, aspartate and glutamate metabolism","E2_08_16",0,0,0,1,1,1.05196080259953e-49
"Fatty acid biosynthesis4","Fatty acid biosynthesis","E2_08_16",0,0,0,1,1,7.44653657993956e-51
"Hypertrophic cardiomyopathy4","Hypertrophic cardiomyopathy","E2_08_16",0,0,0,1,1,1.40554876714619e-42
"Glucagon signaling pathway4","Glucagon signaling pathway","E2_08_16",1,0,1,0.18107476635514,0.904611411706837,4.15073468766543e-44
"Glycosaminoglycan biosynthesis - heparan sulfate / heparin4","Glycosaminoglycan biosynthesis - heparan sulfate / heparin","E2_08_16",0,0,0,1,1,2.90765054111499e-49
"Steroid biosynthesis4","Steroid biosynthesis","E2_08_16",0,0,0,1,1,2.76666046805877e-51
"cGMP-PKG signaling pathway4","cGMP-PKG signaling pathway","E2_08_16",1,0,1,0.303738317757009,0.964401609553479,9.6936366385221e-40
"Phagosome4","Phagosome","E2_08_16",0,0,0,1,1,1.69050453984736e-46
"Arginine and proline metabolism4","Arginine and proline metabolism","E2_08_16",0,0,0,1,1,1.35303454355853e-48
"Pyruvate metabolism4","Pyruvate metabolism","E2_08_16",0,0,0,1,1,1.51194374676771e-49
"Type II diabetes mellitus4","Type II diabetes mellitus","E2_08_16",0,0,0,1,1,4.466766102258e-48
"Dilated cardiomyopathy4","Dilated cardiomyopathy","E2_08_16",0,0,0,1,1,7.56007259021785e-43
"Alcoholic liver disease4","Alcoholic liver disease","E2_08_16",1,0,1,0.248831775700935,0.904611411706837,1.47098359976243e-41
"Leukocyte transendothelial migration4","Leukocyte transendothelial migration","E2_08_16",0,0,0,1,1,6.88856627029989e-44
"Glycosaminoglycan degradation4","Glycosaminoglycan degradation","E2_08_16",0,0,0,1,1,7.44653657993956e-51
"Endocrine and other factor-regulated calcium reabsorption4","Endocrine and other factor-regulated calcium reabsorption","E2_08_16",0,0,0,1,1,1.41206391344342e-46
"Ubiquinone and other terpenoid-quinone biosynthesis4","Ubiquinone and other terpenoid-quinone biosynthesis","E2_08_16",0,0,0,1,1,2.76340255782716e-50
"Fc epsilon RI signaling pathway4","Fc epsilon RI signaling pathway","E2_08_16",1,0,1,0.11214953271028,0.904611411706837,4.13223718439036e-47
"Glycine, serine and threonine metabolism4","Glycine, serine and threonine metabolism","E2_08_16",0,0,0,1,1,6.88675116430451e-50
"Pertussis4","Pertussis","E2_08_16",0,0,0,1,1,3.72416753583977e-47
"Aldosterone synthesis and secretion4","Aldosterone synthesis and secretion","E2_08_16",0,0,0,1,1,4.89298295098839e-45
"Regulation of lipolysis in adipocytes4","Regulation of lipolysis in adipocytes","E2_08_16",1,0,1,0.101635514018692,0.904611411706837,1.36371737200449e-47
"Cholinergic synapse4","Cholinergic synapse","E2_08_16",1,0,1,0.184579439252336,0.904611411706837,4.04807669187785e-44
"Osteoclast differentiation4","Osteoclast differentiation","E2_08_16",1,0,1,0.224299065420561,0.904611411706837,1.33685076336563e-42
"Pentose phosphate pathway4","Pentose phosphate pathway","E2_08_16",0,0,0,1,1,1.64447012834835e-50
"beta-Alanine metabolism4","beta-Alanine metabolism","E2_08_16",0,0,0,1,1,1.76445556315209e-49
"PPAR signaling pathway4","PPAR signaling pathway","E2_08_16",0,0,0,1,1,1.22961009045345e-45
"Folate biosynthesis4","Folate biosynthesis","E2_08_16",0,0,0,1,1,5.40848375581813e-51
"Influenza A4","Influenza A","E2_08_16",1,0,1,0.217289719626168,0.904611411706837,1.3597744427913e-45
"Th17 cell differentiation4","Th17 cell differentiation","E2_08_16",1,0,1,0.175233644859813,0.904611411706837,1.7182408176114e-47
"Cardiac muscle contraction4","Cardiac muscle contraction","E2_08_16",0,0,0,1,1,2.67841522830051e-46
"Nicotinate and nicotinamide metabolism4","Nicotinate and nicotinamide metabolism","E2_08_16",0,0,0,1,1,2.85184149962398e-50
"Aldosterone-regulated sodium reabsorption4","Aldosterone-regulated sodium reabsorption","E2_08_16",0,0,0,1,1,2.53593000702553e-49
"Neutrophil extracellular trap formation4","Neutrophil extracellular trap formation","E2_08_16",1,0,1,0.172897196261682,0.904611411706837,1.23014726195627e-44
"Th1 and Th2 cell differentiation4","Th1 and Th2 cell differentiation","E2_08_16",0,0,0,1,1,3.39895513108887e-48
"NOD-like receptor signaling pathway4","NOD-like receptor signaling pathway","E2_08_16",0,0,0,1,1,4.26389169458019e-43
"Cortisol synthesis and secretion4","Cortisol synthesis and secretion","E2_08_16",1,0,1,0.123831775700935,0.904611411706837,8.53732433148609e-47
"GnRH secretion4","GnRH secretion","E2_08_16",1,0,1,0.105140186915888,0.904611411706837,1.69853948701053e-47
"Vascular smooth muscle contraction4","Vascular smooth muscle contraction","E2_08_16",0,0,0,1,1,2.12986455156901e-42
"Estrogen signaling pathway4","Estrogen signaling pathway","E2_08_16",1,0,1,0.224299065420561,0.904611411706837,5.35351431199433e-43
"RIG-I-like receptor signaling pathway4","RIG-I-like receptor signaling pathway","E2_08_16",0,0,0,1,1,3.47258582107028e-48
"Amoebiasis4","Amoebiasis","E2_08_16",0,0,0,1,1,2.76676917487307e-42
"ECM-receptor interaction4","ECM-receptor interaction","E2_08_16",0,0,0,1,1,3.07949928259163e-42
"Renin secretion4","Renin secretion","E2_08_16",0,0,0,1,1,7.25357204115598e-47
"Collecting duct acid secretion4","Collecting duct acid secretion","E2_08_16",0,0,0,1,1,1.61176728875098e-50
"Viral myocarditis4","Viral myocarditis","E2_08_16",1,0,1,0.102803738317757,0.904611411706837,1.68615502938146e-49
"B cell receptor signaling pathway4","B cell receptor signaling pathway","E2_08_16",1,0,1,0.125,0.904611411706837,1.28824488072276e-46
"Glutamatergic synapse4","Glutamatergic synapse","E2_08_16",0,0,0,1,1,3.11234881320403e-45
"Cytosolic DNA-sensing pathway4","Cytosolic DNA-sensing pathway","E2_08_16",0,0,0,1,1,8.53732433148609e-47
"Glycosphingolipid biosynthesis - globo and isoglobo series4","Glycosphingolipid biosynthesis - globo and isoglobo series","E2_08_16",0,0,0,1,1,1.72413055938505e-50
"Galactose metabolism4","Galactose metabolism","E2_08_16",0,0,0,1,1,7.26207011321898e-51
"Arginine biosynthesis4","Arginine biosynthesis","E2_08_16",0,0,0,1,1,1.19464306909348e-51
"Toll-like receptor signaling pathway4","Toll-like receptor signaling pathway","E2_08_16",2,0,1.58496250072116,0.022196261682243,0.684048428207307,2.37523415909877e-46
"Thiamine metabolism4","Thiamine metabolism","E2_08_16",0,0,0,1,1,2.24719458966347e-51
"Circadian entrainment4","Circadian entrainment","E2_08_16",0,0,0,1,1,1.34085445236633e-45
"Morphine addiction4","Morphine addiction","E2_08_16",0,0,0,1,1,1.72384810512103e-46
"Ether lipid metabolism4","Ether lipid metabolism","E2_08_16",0,0,0,1,1,2.53593000702553e-49
"Ribosome biogenesis in eukaryotes4","Ribosome biogenesis in eukaryotes","E2_08_16",0,0,0,1,1,1.27885353123296e-47
"Synaptic vesicle cycle4","Synaptic vesicle cycle","E2_08_16",0,0,0,1,1,4.82727400537537e-47
"Tryptophan metabolism4","Tryptophan metabolism","E2_08_16",0,0,0,1,1,5.70662688173873e-50
"Proximal tubule bicarbonate reclamation4","Proximal tubule bicarbonate reclamation","E2_08_16",0,0,0,1,1,4.4768880569419e-51
"Chemical carcinogenesis - receptor activation4","Chemical carcinogenesis - receptor activation","E2_08_16",1,0,1,0.293224299065421,0.950467289719626,2.40286171726689e-40
"Leishmaniasis4","Leishmaniasis","E2_08_16",0,0,0,1,1,3.46728668543606e-49
"Glycosphingolipid biosynthesis - lacto and neolacto series4","Glycosphingolipid biosynthesis - lacto and neolacto series","E2_08_16",0,0,0,1,1,2.13548897809081e-50
"Amphetamine addiction4","Amphetamine addiction","E2_08_16",0,0,0,1,1,9.45625045056286e-47
"Thyroid hormone synthesis4","Thyroid hormone synthesis","E2_08_16",0,0,0,1,1,2.17708216752112e-46
"Butanoate metabolism4","Butanoate metabolism","E2_08_16",0,0,0,1,1,1.0965243910018e-50
"ABC transporters4","ABC transporters","E2_08_16",0,0,0,1,1,4.9924486004112e-48
"Antigen processing and presentation4","Antigen processing and presentation","E2_08_16",0,0,0,1,1,1.61176728875098e-50
"Ovarian steroidogenesis4","Ovarian steroidogenesis","E2_08_16",0,0,0,1,1,6.91359355899475e-49
"Rheumatoid arthritis4","Rheumatoid arthritis","E2_08_16",0,0,0,1,1,5.91313370798624e-49
"IL-17 signaling pathway4","IL-17 signaling pathway","E2_08_16",0,0,0,1,1,2.18345362269208e-46
"Renin-angiotensin system4","Renin-angiotensin system","E2_08_16",0,0,0,1,1,7.26207011321898e-51
"Nitrogen metabolism4","Nitrogen metabolism","E2_08_16",0,0,0,1,1,1.19464306909348e-51
"Tuberculosis4","Tuberculosis","E2_08_16",1,0,1,0.233644859813084,0.904611411706837,4.20612852428801e-45
"Drug metabolism - other enzymes4","Drug metabolism - other enzymes","E2_08_16",0,0,0,1,1,2.61815672644359e-48
"Glycolysis / Gluconeogenesis4","Glycolysis / Gluconeogenesis","E2_08_16",0,0,0,1,1,1.89014600609281e-48
"Gastric acid secretion4","Gastric acid secretion","E2_08_16",1,0,1,0.113317757009346,0.904611411706837,4.26953629067563e-47
"Cholesterol metabolism4","Cholesterol metabolism","E2_08_16",0,0,0,1,1,1.82873627123751e-48
"African trypanosomiasis4","African trypanosomiasis","E2_08_16",0,0,0,1,1,4.98675982858549e-49
"GABAergic synapse4","GABAergic synapse","E2_08_16",0,0,0,1,1,1.62327401527476e-47
"Chemokine signaling pathway4","Chemokine signaling pathway","E2_08_16",1,0,1,0.205607476635514,0.904611411706837,2.76202607819769e-43
"Insulin secretion4","Insulin secretion","E2_08_16",0,0,0,1,1,1.84816029242231e-45
"Cocaine addiction4","Cocaine addiction","E2_08_16",0,0,0,1,1,3.98798706995651e-48
"Mineral absorption4","Mineral absorption","E2_08_16",0,0,0,1,1,2.61815672644359e-48
"Histidine metabolism4","Histidine metabolism","E2_08_16",0,0,0,1,1,5.19378577983595e-51
"Vitamin digestion and absorption4","Vitamin digestion and absorption","E2_08_16",0,0,0,1,1,2.0040264421572e-50
"Systemic lupus erythematosus4","Systemic lupus erythematosus","E2_08_16",1,0,1,0.0864485981308411,0.904611411706837,4.27954243070238e-50
"Phenylalanine metabolism4","Phenylalanine metabolism","E2_08_16",0,0,0,1,1,1.19464306909348e-51
"Taurine and hypotaurine metabolism4","Taurine and hypotaurine metabolism","E2_08_16",0,0,0,1,1,4.85629520746162e-51
"Starch and sucrose metabolism4","Starch and sucrose metabolism","E2_08_16",0,0,0,1,1,6.35083513699543e-51
"cAMP signaling pathway4","cAMP signaling pathway","E2_08_16",2,0,1.58496250072116,0.100467289719626,0.904611411706837,1.12216128823934e-39
"Protein digestion and absorption4","Protein digestion and absorption","E2_08_16",0,0,0,1,1,1.39352021472274e-43
"Primary bile acid biosynthesis4","Primary bile acid biosynthesis","E2_08_16",0,0,0,1,1,3.49205509324307e-51
"Calcium signaling pathway4","Calcium signaling pathway","E2_08_16",0,0,0,1,1,2.80757416259165e-37
"Porphyrin metabolism4","Porphyrin metabolism","E2_08_16",0,0,0,1,1,1.00862361707973e-50
"Malaria4","Malaria","E2_08_16",1,0,1,0.103971962616822,0.904611411706837,1.66430072513118e-47
"alpha-Linolenic acid metabolism4","alpha-Linolenic acid metabolism","E2_08_16",0,0,0,1,1,6.095282647188e-51
"Cell adhesion molecules4","Cell adhesion molecules","E2_08_16",1,0,1,0.205607476635514,0.904611411706837,8.56711466173218e-46
"Carbohydrate digestion and absorption4","Carbohydrate digestion and absorption","E2_08_16",1,0,1,0.0689252336448598,0.904611411706837,6.45656780382388e-49
"Serotonergic synapse4","Serotonergic synapse","E2_08_16",0,0,0,1,1,1.62583787138171e-45
"JAK-STAT signaling pathway4","JAK-STAT signaling pathway","E2_08_16",1,0,1,0.257009345794392,0.907564252336449,5.31690023447005e-42
"Type I diabetes mellitus4","Type I diabetes mellitus","E2_08_16",0,0,0,1,1,4.68702584503576e-52
"Arachidonic acid metabolism4","Arachidonic acid metabolism","E2_08_16",0,0,0,1,1,3.35344655102475e-49
"Salivary secretion4","Salivary secretion","E2_08_16",0,0,0,1,1,3.34341345358047e-47
"Inflammatory bowel disease4","Inflammatory bowel disease","E2_08_16",0,0,0,1,1,2.28182198259404e-50
"Natural killer cell mediated cytotoxicity4","Natural killer cell mediated cytotoxicity","E2_08_16",0,0,0,1,1,2.69314979946221e-46
"Tyrosine metabolism4","Tyrosine metabolism","E2_08_16",0,0,0,1,1,2.90837504959279e-51
"Allograft rejection4","Allograft rejection","E2_08_16",1,0,1,0.0198598130841121,0.684048428207307,4.68702584503576e-52
"Phototransduction4","Phototransduction","E2_08_16",0,0,0,1,1,1.19464306909348e-51
"Primary immunodeficiency4","Primary immunodeficiency","E2_08_16",1,0,1,0.022196261682243,0.684048428207307,3.92138675499205e-51
"Linoleic acid metabolism4","Linoleic acid metabolism","E2_08_16",0,0,0,1,1,6.35083513699543e-51
"Pentose and glucuronate interconversions4","Pentose and glucuronate interconversions","E2_08_16",0,0,0,1,1,2.24719458966347e-51
"Graft-versus-host disease4","Graft-versus-host disease","E2_08_16",0,0,0,1,1,4.68702584503576e-52
"Intestinal immune network for IgA production4","Intestinal immune network for IgA production","E2_08_16",1,0,1,0.0373831775700935,0.844859813084112,1.19464306909348e-51
"Pancreatic secretion4","Pancreatic secretion","E2_08_16",0,0,0,1,1,6.94603057966207e-47
"Complement and coagulation cascades4","Complement and coagulation cascades","E2_08_16",2,0,1.58496250072116,0.0572429906542056,0.904611411706837,7.5628709591115e-46
"Fat digestion and absorption4","Fat digestion and absorption","E2_08_16",0,0,0,1,1,1.0965243910018e-50
"Ascorbate and aldarate metabolism4","Ascorbate and aldarate metabolism","E2_08_16",0,0,0,1,1,1.19464306909348e-51
"MicroRNAs in cancer4","MicroRNAs in cancer","E2_08_16",0,0,0,1,1,2.21748405636719e-37
"Asthma4","Asthma","E2_08_16",1,0,1,0.00934579439252336,0.684048428207307,4.68702584503576e-52
"Maturity onset diabetes of the young4","Maturity onset diabetes of the young","E2_08_16",0,0,0,1,1,4.68702584503576e-52
"Chemical carcinogenesis - DNA adducts4","Chemical carcinogenesis - DNA adducts","E2_08_16",0,0,0,1,1,2.06641553878762e-50
"Bile secretion4","Bile secretion","E2_08_16",0,0,0,1,1,4.08794393713466e-48
"Metabolism of xenobiotics by cytochrome P4504","Metabolism of xenobiotics by cytochrome P450","E2_08_16",0,0,0,1,1,9.11736071937137e-50
"Nicotine addiction4","Nicotine addiction","E2_08_16",0,0,0,1,1,2.76666046805877e-51
"Hematopoietic cell lineage4","Hematopoietic cell lineage","E2_08_16",0,0,0,1,1,9.85502160741251e-48
"Taste transduction4","Taste transduction","E2_08_16",0,0,0,1,1,6.85760862345039e-49
"Drug metabolism - cytochrome P4504","Drug metabolism - cytochrome P450","E2_08_16",0,0,0,1,1,2.06641553878762e-50
"Autoimmune thyroid disease4","Autoimmune thyroid disease","E2_08_16",1,0,1,0.0163551401869159,0.684048428207307,4.68702584503576e-52
"Steroid hormone biosynthesis4","Steroid hormone biosynthesis","E2_08_16",0,0,0,1,1,1.13428590205378e-50
"Retinol metabolism4","Retinol metabolism","E2_08_16",0,0,0,1,1,7.22993286164656e-51
"Viral protein interaction with cytokine and cytokine receptor4","Viral protein interaction with cytokine and cytokine receptor","E2_08_16",0,0,0,1,1,6.91359355899475e-49
"Staphylococcus aureus infection4","Staphylococcus aureus infection","E2_08_16",0,0,0,1,1,2.9644900089242e-50
"Cytokine-cytokine receptor interaction4","Cytokine-cytokine receptor interaction","E2_08_16",1,0,1,0.313084112149533,0.964868309260833,8.22960064957388e-40
"Neuroactive ligand-receptor interaction4","Neuroactive ligand-receptor interaction","E2_08_16",0,0,0,1,1,1.06765069986525e-40
"Olfactory transduction4","Olfactory transduction","E2_08_16",0,0,0,1,1,1.73935490861499e-49
"Herpes simplex virus 1 infection5","Herpes simplex virus 1 infection","E3_08_16",0,1,-1,0.52803738317757,1,2.84490864730167e-33
"Cell cycle5","Cell cycle","E3_08_16",0,0,0,1,1,1.11912043711877e-41
"Endocytosis5","Endocytosis","E3_08_16",1,0,1,0.436915887850467,1,1.40580853910781e-35
"Ribosome5","Ribosome","E3_08_16",0,0,0,1,1,4.28391737155156e-45
"Autophagy - animal5","Autophagy - animal","E3_08_16",0,0,0,1,1,1.35598998085109e-41
"Protein processing in endoplasmic reticulum5","Protein processing in endoplasmic reticulum","E3_08_16",0,0,0,1,1,9.35707276116737e-42
"Huntington disease5","Huntington disease","E3_08_16",0,0,0,1,1,2.17669300893152e-38
"Ubiquitin mediated proteolysis5","Ubiquitin mediated proteolysis","E3_08_16",0,0,0,1,1,5.31082998509132e-43
"Shigellosis5","Shigellosis","E3_08_16",0,0,0,1,1,9.82967417306303e-38
"Thermogenesis5","Thermogenesis","E3_08_16",0,0,0,1,1,1.98929405380173e-41
"Mitophagy - animal5","Mitophagy - animal","E3_08_16",1,0,1,0.174065420560748,1,3.91533041820557e-45
"Parkinson disease5","Parkinson disease","E3_08_16",0,0,0,1,1,2.06896896081548e-40
"Amyotrophic lateral sclerosis5","Amyotrophic lateral sclerosis","E3_08_16",0,0,0,1,1,1.45678010080517e-38
"Cellular senescence5","Cellular senescence","E3_08_16",0,0,0,1,1,4.79220634629974e-42
"Chemical carcinogenesis - reactive oxygen species5","Chemical carcinogenesis - reactive oxygen species","E3_08_16",0,0,0,1,1,2.16054567339656e-40
"Colorectal cancer5","Colorectal cancer","E3_08_16",0,0,0,1,1,7.28117735127621e-44
"Salmonella infection5","Salmonella infection","E3_08_16",0,0,0,1,1,6.04170416132534e-39
"ATP-dependent chromatin remodeling5","ATP-dependent chromatin remodeling","E3_08_16",0,0,0,1,1,2.79599550093354e-45
"Diabetic cardiomyopathy5","Diabetic cardiomyopathy","E3_08_16",0,0,0,1,1,1.38350196624007e-40
"Spliceosome5","Spliceosome","E3_08_16",0,0,0,1,1,2.62121539117704e-44
"Viral carcinogenesis5","Viral carcinogenesis","E3_08_16",0,0,0,1,1,1.65189763744216e-41
"Pathways of neurodegeneration - multiple diseases5","Pathways of neurodegeneration - multiple diseases","E3_08_16",0,1,-1,0.577102803738318,1,1.07915084743221e-34
"Pancreatic cancer5","Pancreatic cancer","E3_08_16",0,0,0,1,1,3.27947847203458e-44
"Chronic myeloid leukemia5","Chronic myeloid leukemia","E3_08_16",0,0,0,1,1,2.78603775712997e-44
"Polycomb repressive complex5","Polycomb repressive complex","E3_08_16",0,0,0,1,1,3.78396809343461e-46
"Alzheimer disease5","Alzheimer disease","E3_08_16",0,0,0,1,1,1.35402699804807e-36
"Non-alcoholic fatty liver disease5","Non-alcoholic fatty liver disease","E3_08_16",0,0,0,1,1,4.87191536257876e-44
"Nucleocytoplasmic transport5","Nucleocytoplasmic transport","E3_08_16",0,0,0,1,1,5.65590622959561e-46
"Human T-cell leukemia virus 1 infection5","Human T-cell leukemia virus 1 infection","E3_08_16",0,0,0,1,1,1.63255396350057e-38
"Nucleotide excision repair5","Nucleotide excision repair","E3_08_16",0,0,0,1,1,2.70076546204293e-48
"Oxidative phosphorylation5","Oxidative phosphorylation","E3_08_16",0,0,0,1,1,1.88720736861408e-46
"Renal cell carcinoma5","Renal cell carcinoma","E3_08_16",0,0,0,1,1,8.08210165822623e-45
"Axon guidance5","Axon guidance","E3_08_16",0,0,0,1,1,1.28233503756706e-38
"Endometrial cancer5","Endometrial cancer","E3_08_16",0,0,0,1,1,1.08299383780997e-46
"mRNA surveillance pathway5","mRNA surveillance pathway","E3_08_16",0,0,0,1,1,2.39255612122859e-46
"Focal adhesion5","Focal adhesion","E3_08_16",0,0,0,1,1,4.93253127389269e-36
"Adherens junction5","Adherens junction","E3_08_16",0,0,0,1,1,1.48073321777292e-41
"Prion disease5","Prion disease","E3_08_16",0,0,0,1,1,6.6481719407216e-40
"Lysosome5","Lysosome","E3_08_16",0,0,0,1,1,1.80832747982223e-43
"MAPK signaling pathway5","MAPK signaling pathway","E3_08_16",2,1,0.584962500721156,0.700934579439252,1,2.52586538500567e-34
"Sphingolipid signaling pathway5","Sphingolipid signaling pathway","E3_08_16",0,0,0,1,1,2.94023683518034e-43
"Fanconi anemia pathway5","Fanconi anemia pathway","E3_08_16",0,0,0,1,1,1.55561727386551e-49
"Neurotrophin signaling pathway5","Neurotrophin signaling pathway","E3_08_16",1,0,1,0.231308411214953,1,9.65168249393449e-43
"Phosphatidylinositol signaling system5","Phosphatidylinositol signaling system","E3_08_16",0,0,0,1,1,6.29847523082931e-45
"Prostate cancer5","Prostate cancer","E3_08_16",0,0,0,1,1,1.67930498139078e-43
"Aminoacyl-tRNA biosynthesis5","Aminoacyl-tRNA biosynthesis","E3_08_16",0,0,0,1,1,1.58144957338963e-48
"Base excision repair5","Base excision repair","E3_08_16",0,0,0,1,1,9.26172187749923e-50
"p53 signaling pathway5","p53 signaling pathway","E3_08_16",0,0,0,1,1,6.35310109623559e-45
"EGFR tyrosine kinase inhibitor resistance5","EGFR tyrosine kinase inhibitor resistance","E3_08_16",0,0,0,1,1,3.77489164444238e-43
"Small cell lung cancer5","Small cell lung cancer","E3_08_16",0,0,0,1,1,5.38858208000579e-44
"RNA degradation5","RNA degradation","E3_08_16",0,0,0,1,1,2.03777532303145e-47
"mTOR signaling pathway5","mTOR signaling pathway","E3_08_16",0,0,0,1,1,2.91306795529246e-42
"Endocrine resistance5","Endocrine resistance","E3_08_16",1,0,1,0.205607476635514,1,2.48229309534359e-43
"Lysine degradation5","Lysine degradation","E3_08_16",0,0,0,1,1,4.22671821178557e-47
"Viral life cycle - HIV-15","Viral life cycle - HIV-1","E3_08_16",0,0,0,1,1,3.3718990608125e-46
"Longevity regulating pathway5","Longevity regulating pathway","E3_08_16",0,0,0,1,1,3.02746892682499e-45
"Insulin resistance5","Insulin resistance","E3_08_16",0,0,0,1,1,1.70112789950498e-44
"Inositol phosphate metabolism5","Inositol phosphate metabolism","E3_08_16",0,0,0,1,1,1.67510127348978e-46
"Platinum drug resistance5","Platinum drug resistance","E3_08_16",0,0,0,1,1,1.33084037548213e-46
"Bacterial invasion of epithelial cells5","Bacterial invasion of epithelial cells","E3_08_16",0,0,0,1,1,1.54748779282785e-44
"Hepatocellular carcinoma5","Hepatocellular carcinoma","E3_08_16",0,0,0,1,1,2.1554819969827e-38
"Insulin signaling pathway5","Insulin signaling pathway","E3_08_16",0,0,0,1,1,5.12834212931915e-43
"Human cytomegalovirus infection5","Human cytomegalovirus infection","E3_08_16",0,0,0,1,1,2.61773957887923e-38
"Human papillomavirus infection5","Human papillomavirus infection","E3_08_16",0,0,0,1,1,1.56106830752761e-35
"Proteoglycans in cancer5","Proteoglycans in cancer","E3_08_16",0,0,0,1,1,3.26270800488693e-36
"TGF-beta signaling pathway5","TGF-beta signaling pathway","E3_08_16",0,0,0,1,1,1.01020629266796e-41
"RNA polymerase5","RNA polymerase","E3_08_16",0,0,0,1,1,3.36642224141898e-49
"FoxO signaling pathway5","FoxO signaling pathway","E3_08_16",0,0,0,1,1,2.53656080245914e-42
"AGE-RAGE signaling pathway in diabetic complications5","AGE-RAGE signaling pathway in diabetic complications","E3_08_16",0,0,0,1,1,3.71353256461477e-42
"Hepatitis B5","Hepatitis B","E3_08_16",0,0,0,1,1,1.16047506157086e-40
"Longevity regulating pathway - multiple species5","Longevity regulating pathway - multiple species","E3_08_16",0,0,0,1,1,3.69826536229005e-48
"Yersinia infection5","Yersinia infection","E3_08_16",0,0,0,1,1,6.82153275838074e-44
"N-Glycan biosynthesis5","N-Glycan biosynthesis","E3_08_16",0,0,0,1,1,2.92174846536829e-48
"Non-small cell lung cancer5","Non-small cell lung cancer","E3_08_16",0,0,0,1,1,1.82979308161374e-45
"Rap1 signaling pathway5","Rap1 signaling pathway","E3_08_16",1,0,1,0.38785046728972,1,1.23105940825197e-37
"Choline metabolism in cancer5","Choline metabolism in cancer","E3_08_16",0,0,0,1,1,1.4586735104495e-43
"TNF signaling pathway5","TNF signaling pathway","E3_08_16",0,0,0,1,1,5.52014600973287e-43
"Glioma5","Glioma","E3_08_16",0,0,0,1,1,1.77490772065479e-44
"Human immunodeficiency virus 1 infection5","Human immunodeficiency virus 1 infection","E3_08_16",0,0,0,1,1,9.14926798669937e-40
"Apoptosis5","Apoptosis","E3_08_16",0,0,0,1,1,9.7337301227737e-43
"AMPK signaling pathway5","AMPK signaling pathway","E3_08_16",0,0,0,1,1,2.0347650490788e-44
"Fatty acid metabolism5","Fatty acid metabolism","E3_08_16",0,0,0,1,1,8.4414292478572e-48
"DNA replication5","DNA replication","E3_08_16",0,0,0,1,1,3.743519509342e-50
"Pathogenic Escherichia coli infection5","Pathogenic Escherichia coli infection","E3_08_16",0,0,0,1,1,9.80365927969309e-40
"PD-L1 expression and PD-1 checkpoint pathway in cancer5","PD-L1 expression and PD-1 checkpoint pathway in cancer","E3_08_16",0,0,0,1,1,8.53973924058236e-46
"Hippo signaling pathway5","Hippo signaling pathway","E3_08_16",1,0,1,0.317757009345794,1,1.10076092316648e-39
"Valine, leucine and isoleucine degradation5","Valine, leucine and isoleucine degradation","E3_08_16",0,0,0,1,1,9.48205340146293e-50
"Peroxisome5","Peroxisome","E3_08_16",0,0,0,1,1,1.61636161546579e-47
"Homologous recombination5","Homologous recombination","E3_08_16",0,0,0,1,1,5.17139738875531e-50
"Bladder cancer5","Bladder cancer","E3_08_16",0,0,0,1,1,2.5479586925841e-47
"Fluid shear stress and atherosclerosis5","Fluid shear stress and atherosclerosis","E3_08_16",0,0,0,1,1,1.33945270696595e-42
"SNARE interactions in vesicular transport5","SNARE interactions in vesicular transport","E3_08_16",0,0,0,1,1,3.75226972024244e-49
"Autophagy - other5","Autophagy - other","E3_08_16",0,0,0,1,1,1.81709213266412e-50
"Proteasome5","Proteasome","E3_08_16",0,0,0,1,1,7.46437108924782e-50
"Protein export5","Protein export","E3_08_16",0,0,0,1,1,1.54210600005678e-50
"Thyroid hormone signaling pathway5","Thyroid hormone signaling pathway","E3_08_16",1,0,1,0.253504672897196,1,1.14916966640752e-41
"Amino sugar and nucleotide sugar metabolism5","Amino sugar and nucleotide sugar metabolism","E3_08_16",0,0,0,1,1,3.08779351784291e-49
"Nucleotide metabolism5","Nucleotide metabolism","E3_08_16",0,0,0,1,1,3.35556901039731e-46
"ErbB signaling pathway5","ErbB signaling pathway","E3_08_16",0,0,0,1,1,2.04347997844418e-44
"Thyroid cancer5","Thyroid cancer","E3_08_16",0,0,0,1,1,5.60812371678475e-49
"Various types of N-glycan biosynthesis5","Various types of N-glycan biosynthesis","E3_08_16",0,0,0,1,1,5.93979470728791e-49
"Spinocerebellar ataxia5","Spinocerebellar ataxia","E3_08_16",0,0,0,1,1,4.0647031113739e-43
"Basal transcription factors5","Basal transcription factors","E3_08_16",0,0,0,1,1,5.59154827351248e-50
"Regulation of actin cytoskeleton5","Regulation of actin cytoskeleton","E3_08_16",0,0,0,1,1,2.90002720507008e-37
"Melanoma5","Melanoma","E3_08_16",0,0,0,1,1,1.36377279060015e-45
"Tight junction5","Tight junction","E3_08_16",0,0,0,1,1,2.04835119698802e-41
"Apoptosis - multiple species5","Apoptosis - multiple species","E3_08_16",1,0,1,0.066588785046729,1,2.66398853382665e-49
"Glycosylphosphatidylinositol (GPI)-anchor biosynthesis5","Glycosylphosphatidylinositol (GPI)-anchor biosynthesis","E3_08_16",0,0,0,1,1,2.57856468079842e-51
"Biosynthesis of nucleotide sugars5","Biosynthesis of nucleotide sugars","E3_08_16",0,0,0,1,1,7.21445529264667e-50
"Epithelial cell signaling in Helicobacter pylori infection5","Epithelial cell signaling in Helicobacter pylori infection","E3_08_16",0,0,0,1,1,3.89951220537894e-46
"Epstein-Barr virus infection5","Epstein-Barr virus infection","E3_08_16",0,0,0,1,1,2.11929852012889e-42
"Selenocompound metabolism5","Selenocompound metabolism","E3_08_16",0,0,0,1,1,1.72391473450672e-50
"Other types of O-glycan biosynthesis5","Other types of O-glycan biosynthesis","E3_08_16",0,0,0,1,1,1.57355940719955e-48
"Notch signaling pathway5","Notch signaling pathway","E3_08_16",0,0,0,1,1,6.86686550198005e-46
"Fc gamma R-mediated phagocytosis5","Fc gamma R-mediated phagocytosis","E3_08_16",0,0,0,1,1,1.48521445408911e-44
"Citrate cycle (TCA cycle)5","Citrate cycle (TCA cycle)","E3_08_16",0,0,0,1,1,3.75250884737686e-50
"Apelin signaling pathway5","Apelin signaling pathway","E3_08_16",0,0,0,1,1,3.45399235372786e-42
"Mismatch repair5","Mismatch repair","E3_08_16",0,0,0,1,1,7.95539044067205e-51
"Carbon metabolism5","Carbon metabolism","E3_08_16",0,0,0,1,1,5.38315695182562e-46
"Hedgehog signaling pathway5","Hedgehog signaling pathway","E3_08_16",0,0,0,1,1,3.06735288740834e-47
"Chagas disease5","Chagas disease","E3_08_16",0,0,0,1,1,1.099101257439e-44
"Growth hormone synthesis, secretion and action5","Growth hormone synthesis, secretion and action","E3_08_16",0,0,0,1,1,1.993238698329e-42
"Kaposi sarcoma-associated herpesvirus infection5","Kaposi sarcoma-associated herpesvirus infection","E3_08_16",0,0,0,1,1,2.17413111607589e-42
"Hippo signaling pathway - multiple species5","Hippo signaling pathway - multiple species","E3_08_16",0,0,0,1,1,1.77808855861979e-48
"VEGF signaling pathway5","VEGF signaling pathway","E3_08_16",0,0,0,1,1,2.94809126299653e-47
"Gap junction5","Gap junction","E3_08_16",0,0,0,1,1,3.73928580076576e-44
"Vasopressin-regulated water reabsorption5","Vasopressin-regulated water reabsorption","E3_08_16",0,0,0,1,1,4.49438341203609e-49
"Progesterone-mediated oocyte maturation5","Progesterone-mediated oocyte maturation","E3_08_16",0,0,0,1,1,1.22637732556328e-45
"Glycosaminoglycan biosynthesis - chondroitin sulfate / dermatan sulfate5","Glycosaminoglycan biosynthesis - chondroitin sulfate / dermatan sulfate","E3_08_16",0,0,0,1,1,3.9694058613247e-50
"T cell receptor signaling pathway5","T cell receptor signaling pathway","E3_08_16",0,0,0,1,1,2.19770427857644e-45
"Oocyte meiosis5","Oocyte meiosis","E3_08_16",0,0,0,1,1,9.78453076604836e-45
"Phospholipase D signaling pathway5","Phospholipase D signaling pathway","E3_08_16",0,0,0,1,1,1.08629165539023e-41
"Acute myeloid leukemia5","Acute myeloid leukemia","E3_08_16",0,0,0,1,1,3.16032581039804e-47
"One carbon pool by folate5","One carbon pool by folate","E3_08_16",0,0,0,1,1,4.23617376418661e-51
"Propanoate metabolism5","Propanoate metabolism","E3_08_16",0,0,0,1,1,7.21445529264667e-50
"Wnt signaling pathway5","Wnt signaling pathway","E3_08_16",1,0,1,0.322429906542056,1,1.55223030142408e-39
"Breast cancer5","Breast cancer","E3_08_16",1,0,1,0.296728971962617,1,1.63233111621069e-40
"Adipocytokine signaling pathway5","Adipocytokine signaling pathway","E3_08_16",0,0,0,1,1,3.75885045635179e-47
"Central carbon metabolism in cancer5","Central carbon metabolism in cancer","E3_08_16",0,0,0,1,1,3.46769158241164e-46
"Glyoxylate and dicarboxylate metabolism5","Glyoxylate and dicarboxylate metabolism","E3_08_16",0,0,0,1,1,1.85729390382314e-50
"Relaxin signaling pathway5","Relaxin signaling pathway","E3_08_16",0,0,0,1,1,5.98158688447394e-41
"Ferroptosis5","Ferroptosis","E3_08_16",0,0,0,1,1,3.57423401329005e-48
"Sphingolipid metabolism5","Sphingolipid metabolism","E3_08_16",0,0,0,1,1,5.74832929836236e-48
"Toxoplasmosis5","Toxoplasmosis","E3_08_16",0,0,0,1,1,4.99652885991998e-45
"Ras signaling pathway5","Ras signaling pathway","E3_08_16",1,0,1,0.43107476635514,1,1.64510896582242e-37
"Pyrimidine metabolism5","Pyrimidine metabolism","E3_08_16",0,0,0,1,1,1.44539331658194e-47
"GnRH signaling pathway5","GnRH signaling pathway","E3_08_16",0,0,0,1,1,6.80743018647425e-44
"Coronavirus disease - COVID-195","Coronavirus disease - COVID-19","E3_08_16",0,0,0,1,1,3.9046430051985e-42
"Mannose type O-glycan biosynthesis5","Mannose type O-glycan biosynthesis","E3_08_16",0,0,0,1,1,1.55745112657751e-50
"Terpenoid backbone biosynthesis5","Terpenoid backbone biosynthesis","E3_08_16",0,0,0,1,1,3.83776132394597e-51
"Cysteine and methionine metabolism5","Cysteine and methionine metabolism","E3_08_16",0,0,0,1,1,2.42364600017865e-49
"Circadian rhythm5","Circadian rhythm","E3_08_16",0,0,0,1,1,8.0323011909796e-51
"Fatty acid elongation5","Fatty acid elongation","E3_08_16",0,0,0,1,1,1.85729390382314e-50
"Biosynthesis of unsaturated fatty acids5","Biosynthesis of unsaturated fatty acids","E3_08_16",0,0,0,1,1,7.21445529264667e-50
"Inflammatory mediator regulation of TRP channels5","Inflammatory mediator regulation of TRP channels","E3_08_16",1,0,1,0.202102803738318,1,3.01262908849216e-44
"Parathyroid hormone synthesis, secretion and action5","Parathyroid hormone synthesis, secretion and action","E3_08_16",0,0,0,1,1,1.89613797522493e-42
"Sulfur metabolism5","Sulfur metabolism","E3_08_16",0,0,0,1,1,2.17614135430448e-51
"Vibrio cholerae infection5","Vibrio cholerae infection","E3_08_16",0,0,0,1,1,2.04534081306157e-47
"Signaling pathways regulating pluripotency of stem cells5","Signaling pathways regulating pluripotency of stem cells","E3_08_16",0,0,0,1,1,3.24761969453125e-42
"HIF-1 signaling pathway5","HIF-1 signaling pathway","E3_08_16",0,0,0,1,1,8.93095761515355e-42
"Purine metabolism5","Purine metabolism","E3_08_16",0,0,0,1,1,5.18400207666949e-45
"Fatty acid degradation5","Fatty acid degradation","E3_08_16",0,0,0,1,1,1.3220445333833e-49
"Glutathione metabolism5","Glutathione metabolism","E3_08_16",0,0,0,1,1,3.75250884737686e-50
"Transcriptional misregulation in cancer5","Transcriptional misregulation in cancer","E3_08_16",1,0,1,0.337616822429907,1,4.25195470168148e-39
"2-Oxocarboxylic acid metabolism5","2-Oxocarboxylic acid metabolism","E3_08_16",0,0,0,1,1,3.63472218417283e-50
"Adrenergic signaling in cardiomyocytes5","Adrenergic signaling in cardiomyocytes","E3_08_16",1,0,1,0.246495327102804,1,8.12149677044864e-42
"Gastric cancer5","Gastric cancer","E3_08_16",0,0,0,1,1,2.78150040721001e-41
"Long-term potentiation5","Long-term potentiation","E3_08_16",0,0,0,1,1,3.39125413458672e-46
"Motor proteins5","Motor proteins","E3_08_16",0,0,0,1,1,3.00064561868059e-42
"Biosynthesis of amino acids5","Biosynthesis of amino acids","E3_08_16",0,0,0,1,1,1.67726692108294e-48
"Other glycan degradation5","Other glycan degradation","E3_08_16",0,0,0,1,1,7.27090160579642e-51
"Non-homologous end-joining5","Non-homologous end-joining","E3_08_16",0,0,0,1,1,2.22174851726106e-51
"Glycerophospholipid metabolism5","Glycerophospholipid metabolism","E3_08_16",0,0,0,1,1,1.3313938350816e-46
"C-type lectin receptor signaling pathway5","C-type lectin receptor signaling pathway","E3_08_16",0,0,0,1,1,5.34575530298671e-46
"Lipid and atherosclerosis5","Lipid and atherosclerosis","E3_08_16",0,0,0,1,1,7.58643317109734e-41
"Hepatitis C5","Hepatitis C","E3_08_16",0,0,0,1,1,6.53819234008788e-45
"PI3K-Akt signaling pathway5","PI3K-Akt signaling pathway","E3_08_16",1,1,0,1,1,1.27594501797468e-33
"Long-term depression5","Long-term depression","E3_08_16",0,0,0,1,1,2.72029171945577e-46
"Arrhythmogenic right ventricular cardiomyopathy5","Arrhythmogenic right ventricular cardiomyopathy","E3_08_16",1,0,1,0.197429906542056,1,9.57565162692254e-44
"Necroptosis5","Necroptosis","E3_08_16",0,0,0,1,1,1.17324959496059e-45
"Retrograde endocannabinoid signaling5","Retrograde endocannabinoid signaling","E3_08_16",0,0,0,1,1,2.5033555699154e-43
"Pantothenate and CoA biosynthesis5","Pantothenate and CoA biosynthesis","E3_08_16",0,0,0,1,1,8.0323011909796e-51
"Cushing syndrome5","Cushing syndrome","E3_08_16",0,0,0,1,1,5.86616677583773e-42
"Fructose and mannose metabolism5","Fructose and mannose metabolism","E3_08_16",0,0,0,1,1,1.68990146908611e-49
"Platelet activation5","Platelet activation","E3_08_16",0,0,0,1,1,1.64782320987324e-42
"Efferocytosis5","Efferocytosis","E3_08_16",0,0,0,1,1,1.39263203946363e-41
"Antifolate resistance5","Antifolate resistance","E3_08_16",0,0,0,1,1,1.39800312042974e-49
"Alcoholism5","Alcoholism","E3_08_16",0,0,0,1,1,1.9119631115185e-43
"Melanogenesis5","Melanogenesis","E3_08_16",0,0,0,1,1,2.99326811328444e-43
"Prolactin signaling pathway5","Prolactin signaling pathway","E3_08_16",0,0,0,1,1,6.12022539242553e-47
"Glycerolipid metabolism5","Glycerolipid metabolism","E3_08_16",0,0,0,1,1,2.01613613655135e-48
"Dopaminergic synapse5","Dopaminergic synapse","E3_08_16",0,0,0,1,1,2.06602500347677e-42
"Glycosphingolipid biosynthesis - ganglio series5","Glycosphingolipid biosynthesis - ganglio series","E3_08_16",0,0,0,1,1,2.17614135430448e-51
"Mucin type O-glycan biosynthesis5","Mucin type O-glycan biosynthesis","E3_08_16",0,0,0,1,1,1.36561858124387e-49
"Lipoic acid metabolism5","Lipoic acid metabolism","E3_08_16",0,0,0,1,1,2.17614135430448e-51
"NF-kappa B signaling pathway5","NF-kappa B signaling pathway","E3_08_16",0,0,0,1,1,3.02746892682499e-45
"Oxytocin signaling pathway5","Oxytocin signaling pathway","E3_08_16",1,0,1,0.247663551401869,1,6.50143060928647e-42
"Basal cell carcinoma5","Basal cell carcinoma","E3_08_16",0,0,0,1,1,5.54571988898199e-46
"Legionellosis5","Legionellosis","E3_08_16",0,0,0,1,1,7.21445529264667e-50
"Measles5","Measles","E3_08_16",0,0,0,1,1,1.71322195359769e-45
"Biosynthesis of cofactors5","Biosynthesis of cofactors","E3_08_16",0,0,0,1,1,6.86556929036368e-44
"Glycosaminoglycan biosynthesis - keratan sulfate5","Glycosaminoglycan biosynthesis - keratan sulfate","E3_08_16",0,0,0,1,1,6.65526968731325e-51
"Alanine, aspartate and glutamate metabolism5","Alanine, aspartate and glutamate metabolism","E3_08_16",0,0,0,1,1,7.49155203289621e-50
"Fatty acid biosynthesis5","Fatty acid biosynthesis","E3_08_16",0,0,0,1,1,2.80289416952536e-51
"Hypertrophic cardiomyopathy5","Hypertrophic cardiomyopathy","E3_08_16",1,0,1,0.233644859813084,1,2.95580163656399e-42
"Glucagon signaling pathway5","Glucagon signaling pathway","E3_08_16",0,0,0,1,1,5.26761264903262e-45
"Glycosaminoglycan biosynthesis - heparan sulfate / heparin5","Glycosaminoglycan biosynthesis - heparan sulfate / heparin","E3_08_16",0,0,0,1,1,4.08534566931568e-49
"Steroid biosynthesis5","Steroid biosynthesis","E3_08_16",0,0,0,1,1,2.22174851726106e-51
"cGMP-PKG signaling pathway5","cGMP-PKG signaling pathway","E3_08_16",0,0,0,1,1,2.11993957598862e-41
"Phagosome5","Phagosome","E3_08_16",0,0,0,1,1,1.17521056159652e-43
"Arginine and proline metabolism5","Arginine and proline metabolism","E3_08_16",0,0,0,1,1,1.10227023597874e-49
"Pyruvate metabolism5","Pyruvate metabolism","E3_08_16",0,0,0,1,1,1.31778103342835e-49
"Type II diabetes mellitus5","Type II diabetes mellitus","E3_08_16",0,0,0,1,1,1.05169766896845e-48
"Dilated cardiomyopathy5","Dilated cardiomyopathy","E3_08_16",1,0,1,0.246495327102804,1,1.02465324228191e-41
"Alcoholic liver disease5","Alcoholic liver disease","E3_08_16",0,0,0,1,1,3.94986710266816e-44
"Leukocyte transendothelial migration5","Leukocyte transendothelial migration","E3_08_16",0,0,0,1,1,1.68582513640044e-45
"Glycosaminoglycan degradation5","Glycosaminoglycan degradation","E3_08_16",0,0,0,1,1,2.17614135430448e-51
"Endocrine and other factor-regulated calcium reabsorption5","Endocrine and other factor-regulated calcium reabsorption","E3_08_16",0,0,0,1,1,1.27719796515324e-46
"Ubiquinone and other terpenoid-quinone biosynthesis5","Ubiquinone and other terpenoid-quinone biosynthesis","E3_08_16",0,0,0,1,1,2.17614135430448e-51
"Fc epsilon RI signaling pathway5","Fc epsilon RI signaling pathway","E3_08_16",0,0,0,1,1,1.37367281522554e-47
"Glycine, serine and threonine metabolism5","Glycine, serine and threonine metabolism","E3_08_16",0,0,0,1,1,2.36976546754624e-50
"Pertussis5","Pertussis","E3_08_16",0,0,0,1,1,8.62132420302521e-48
"Aldosterone synthesis and secretion5","Aldosterone synthesis and secretion","E3_08_16",0,0,0,1,1,6.6316638458549e-45
"Regulation of lipolysis in adipocytes5","Regulation of lipolysis in adipocytes","E3_08_16",0,0,0,1,1,2.37549381664831e-48
"Cholinergic synapse5","Cholinergic synapse","E3_08_16",0,0,0,1,1,8.0085668469056e-43
"Osteoclast differentiation5","Osteoclast differentiation","E3_08_16",0,0,0,1,1,1.64844072720977e-43
"Pentose phosphate pathway5","Pentose phosphate pathway","E3_08_16",0,0,0,1,1,5.85586505152768e-51
"beta-Alanine metabolism5","beta-Alanine metabolism","E3_08_16",0,0,0,1,1,3.4773751287932e-50
"PPAR signaling pathway5","PPAR signaling pathway","E3_08_16",0,0,0,1,1,4.4407211023324e-47
"Folate biosynthesis5","Folate biosynthesis","E3_08_16",0,0,0,1,1,1.16415922429529e-50
"Influenza A5","Influenza A","E3_08_16",0,0,0,1,1,1.25364666957097e-44
"Th17 cell differentiation5","Th17 cell differentiation","E3_08_16",0,0,0,1,1,2.04347997844418e-44
"Cardiac muscle contraction5","Cardiac muscle contraction","E3_08_16",1,0,1,0.126168224299065,1,1.08299383780997e-46
"Nicotinate and nicotinamide metabolism5","Nicotinate and nicotinamide metabolism","E3_08_16",0,0,0,1,1,4.30758970799906e-50
"Aldosterone-regulated sodium reabsorption5","Aldosterone-regulated sodium reabsorption","E3_08_16",0,0,0,1,1,4.29569774827807e-49
"Neutrophil extracellular trap formation5","Neutrophil extracellular trap formation","E3_08_16",0,0,0,1,1,7.27894875208602e-45
"Th1 and Th2 cell differentiation5","Th1 and Th2 cell differentiation","E3_08_16",0,0,0,1,1,1.11937816495031e-46
"NOD-like receptor signaling pathway5","NOD-like receptor signaling pathway","E3_08_16",0,0,0,1,1,6.86556929036368e-44
"Cortisol synthesis and secretion5","Cortisol synthesis and secretion","E3_08_16",0,0,0,1,1,9.02077712503337e-47
"GnRH secretion5","GnRH secretion","E3_08_16",0,0,0,1,1,5.67914744624018e-47
"Vascular smooth muscle contraction5","Vascular smooth muscle contraction","E3_08_16",0,0,0,1,1,1.04242288879744e-41
"Estrogen signaling pathway5","Estrogen signaling pathway","E3_08_16",1,0,1,0.224299065420561,1,4.4227361974269e-43
"RIG-I-like receptor signaling pathway5","RIG-I-like receptor signaling pathway","E3_08_16",0,0,0,1,1,1.05113162896709e-48
"Amoebiasis5","Amoebiasis","E3_08_16",0,0,0,1,1,1.59235891050321e-43
"ECM-receptor interaction5","ECM-receptor interaction","E3_08_16",0,0,0,1,1,1.2988429185433e-42
"Renin secretion5","Renin secretion","E3_08_16",0,0,0,1,1,2.29846884422856e-45
"Collecting duct acid secretion5","Collecting duct acid secretion","E3_08_16",0,0,0,1,1,1.85729390382314e-50
"Viral myocarditis5","Viral myocarditis","E3_08_16",0,0,0,1,1,9.61101894644981e-48
"B cell receptor signaling pathway5","B cell receptor signaling pathway","E3_08_16",0,0,0,1,1,3.75522497550939e-48
"Glutamatergic synapse5","Glutamatergic synapse","E3_08_16",0,0,0,1,1,2.15392548057527e-43
"Cytosolic DNA-sensing pathway5","Cytosolic DNA-sensing pathway","E3_08_16",0,0,0,1,1,1.31309413764424e-46
"Glycosphingolipid biosynthesis - globo and isoglobo series5","Glycosphingolipid biosynthesis - globo and isoglobo series","E3_08_16",0,0,0,1,1,2.17614135430448e-51
"Galactose metabolism5","Galactose metabolism","E3_08_16",0,0,0,1,1,1.85729390382314e-50
"Arginine biosynthesis5","Arginine biosynthesis","E3_08_16",0,0,0,1,1,4.76102282558247e-51
"Toll-like receptor signaling pathway5","Toll-like receptor signaling pathway","E3_08_16",0,0,0,1,1,2.33761238130048e-48
"Thiamine metabolism5","Thiamine metabolism","E3_08_16",0,0,0,1,1,2.57856468079842e-51
"Circadian entrainment5","Circadian entrainment","E3_08_16",0,0,0,1,1,3.73086749359515e-44
"Morphine addiction5","Morphine addiction","E3_08_16",0,0,0,1,1,5.29162200304899e-45
"Ether lipid metabolism5","Ether lipid metabolism","E3_08_16",0,0,0,1,1,2.24783957728048e-49
"Ribosome biogenesis in eukaryotes5","Ribosome biogenesis in eukaryotes","E3_08_16",0,0,0,1,1,2.95689208440995e-47
"Synaptic vesicle cycle5","Synaptic vesicle cycle","E3_08_16",0,0,0,1,1,1.62088183740354e-46
"Tryptophan metabolism5","Tryptophan metabolism","E3_08_16",0,0,0,1,1,7.21445529264667e-50
"Proximal tubule bicarbonate reclamation5","Proximal tubule bicarbonate reclamation","E3_08_16",0,0,0,1,1,7.33467724644669e-51
"Chemical carcinogenesis - receptor activation5","Chemical carcinogenesis - receptor activation","E3_08_16",0,0,0,1,1,1.16008327551813e-39
"Leishmaniasis5","Leishmaniasis","E3_08_16",0,0,0,1,1,3.75301479000883e-48
"Glycosphingolipid biosynthesis - lacto and neolacto series5","Glycosphingolipid biosynthesis - lacto and neolacto series","E3_08_16",0,0,0,1,1,2.53185633048929e-50
"Amphetamine addiction5","Amphetamine addiction","E3_08_16",0,0,0,1,1,1.19485832650286e-46
"Thyroid hormone synthesis5","Thyroid hormone synthesis","E3_08_16",0,0,0,1,1,3.69500153644844e-46
"Butanoate metabolism5","Butanoate metabolism","E3_08_16",0,0,0,1,1,2.57856468079842e-51
"ABC transporters5","ABC transporters","E3_08_16",0,0,0,1,1,7.49155203289621e-50
"Antigen processing and presentation5","Antigen processing and presentation","E3_08_16",0,0,0,1,1,1.7003479827286e-48
"Ovarian steroidogenesis5","Ovarian steroidogenesis","E3_08_16",0,0,0,1,1,7.39150260317703e-49
"Rheumatoid arthritis5","Rheumatoid arthritis","E3_08_16",0,0,0,1,1,1.78439243199137e-44
"IL-17 signaling pathway5","IL-17 signaling pathway","E3_08_16",0,0,0,1,1,3.53371695351901e-46
"Renin-angiotensin system5","Renin-angiotensin system","E3_08_16",0,0,0,1,1,5.85586505152768e-51
"Nitrogen metabolism5","Nitrogen metabolism","E3_08_16",0,0,0,1,1,5.95531645540668e-51
"Tuberculosis5","Tuberculosis","E3_08_16",0,0,0,1,1,5.9328446151882e-44
"Drug metabolism - other enzymes5","Drug metabolism - other enzymes","E3_08_16",0,0,0,1,1,2.38202076650943e-48
"Glycolysis / Gluconeogenesis5","Glycolysis / Gluconeogenesis","E3_08_16",0,0,0,1,1,3.1319436858189e-48
"Gastric acid secretion5","Gastric acid secretion","E3_08_16",0,0,0,1,1,1.72792484875806e-46
"Cholesterol metabolism5","Cholesterol metabolism","E3_08_16",0,0,0,1,1,8.2937987834103e-50
"African trypanosomiasis5","African trypanosomiasis","E3_08_16",0,0,0,1,1,1.58144957338963e-48
"GABAergic synapse5","GABAergic synapse","E3_08_16",0,0,0,1,1,1.44754510851785e-45
"Chemokine signaling pathway5","Chemokine signaling pathway","E3_08_16",0,0,0,1,1,1.40601380061269e-41
"Insulin secretion5","Insulin secretion","E3_08_16",0,0,0,1,1,7.46489559272259e-45
"Cocaine addiction5","Cocaine addiction","E3_08_16",0,0,0,1,1,3.44699337432686e-49
"Mineral absorption5","Mineral absorption","E3_08_16",0,0,0,1,1,2.83161709524229e-49
"Histidine metabolism5","Histidine metabolism","E3_08_16",0,0,0,1,1,2.17614135430448e-51
"Vitamin digestion and absorption5","Vitamin digestion and absorption","E3_08_16",0,0,0,1,1,4.86724376224607e-51
"Systemic lupus erythematosus5","Systemic lupus erythematosus","E3_08_16",0,0,0,1,1,5.93979470728791e-49
"Phenylalanine metabolism5","Phenylalanine metabolism","E3_08_16",0,0,0,1,1,2.57856468079842e-51
"Taurine and hypotaurine metabolism5","Taurine and hypotaurine metabolism","E3_08_16",0,0,0,1,1,1.65114927724099e-51
"Starch and sucrose metabolism5","Starch and sucrose metabolism","E3_08_16",2,0,1.58496250072116,0.00817757009345794,1,1.85729390382314e-50
"cAMP signaling pathway5","cAMP signaling pathway","E3_08_16",0,0,0,1,1,1.05298710728827e-39
"Protein digestion and absorption5","Protein digestion and absorption","E3_08_16",0,0,0,1,1,6.81824427572768e-44
"Primary bile acid biosynthesis5","Primary bile acid biosynthesis","E3_08_16",0,0,0,1,1,2.17614135430448e-51
"Calcium signaling pathway5","Calcium signaling pathway","E3_08_16",0,0,0,1,1,1.15362941054614e-37
"Porphyrin metabolism5","Porphyrin metabolism","E3_08_16",1,0,1,0.0478971962616822,1,3.6965980845665e-50
"Malaria5","Malaria","E3_08_16",0,0,0,1,1,3.41753085793372e-48
"alpha-Linolenic acid metabolism5","alpha-Linolenic acid metabolism","E3_08_16",0,0,0,1,1,2.57856468079842e-51
"Cell adhesion molecules5","Cell adhesion molecules","E3_08_16",0,0,0,1,1,2.12027342847733e-43
"Carbohydrate digestion and absorption5","Carbohydrate digestion and absorption","E3_08_16",0,0,0,1,1,1.39800312042974e-49
"Serotonergic synapse5","Serotonergic synapse","E3_08_16",0,0,0,1,1,9.26903337497709e-45
"JAK-STAT signaling pathway5","JAK-STAT signaling pathway","E3_08_16",0,0,0,1,1,1.29026200469147e-44
"Type I diabetes mellitus5","Type I diabetes mellitus","E3_08_16",0,0,0,1,1,3.83776132394597e-51
"Arachidonic acid metabolism5","Arachidonic acid metabolism","E3_08_16",0,0,0,1,1,3.75250884737686e-50
"Salivary secretion5","Salivary secretion","E3_08_16",0,0,0,1,1,3.5942071848818e-46
"Inflammatory bowel disease5","Inflammatory bowel disease","E3_08_16",0,0,0,1,1,3.88217973534204e-48
"Natural killer cell mediated cytotoxicity5","Natural killer cell mediated cytotoxicity","E3_08_16",0,0,0,1,1,4.56027126781338e-47
"Tyrosine metabolism5","Tyrosine metabolism","E3_08_16",0,0,0,1,1,2.30494309398572e-50
"Allograft rejection5","Allograft rejection","E3_08_16",0,0,0,1,1,2.22174851726106e-51
"Phototransduction5","Phototransduction","E3_08_16",0,0,0,1,1,3.11562233056252e-51
"Primary immunodeficiency5","Primary immunodeficiency","E3_08_16",0,0,0,1,1,8.0323011909796e-51
"Linoleic acid metabolism5","Linoleic acid metabolism","E3_08_16",0,0,0,1,1,2.17614135430448e-51
"Pentose and glucuronate interconversions5","Pentose and glucuronate interconversions","E3_08_16",0,0,0,1,1,2.22174851726106e-51
"Graft-versus-host disease5","Graft-versus-host disease","E3_08_16",0,0,0,1,1,4.86724376224607e-51
"Intestinal immune network for IgA production5","Intestinal immune network for IgA production","E3_08_16",0,0,0,1,1,1.85729390382314e-50
"Pancreatic secretion5","Pancreatic secretion","E3_08_16",0,0,0,1,1,6.06793747944193e-46
"Complement and coagulation cascades5","Complement and coagulation cascades","E3_08_16",0,0,0,1,1,1.45506286661212e-47
"Fat digestion and absorption5","Fat digestion and absorption","E3_08_16",0,0,0,1,1,2.43808289507487e-51
"Ascorbate and aldarate metabolism5","Ascorbate and aldarate metabolism","E3_08_16",0,0,0,1,1,2.04550402092302e-51
"MicroRNAs in cancer5","MicroRNAs in cancer","E3_08_16",0,0,0,1,1,4.58351830239819e-39
"Asthma5","Asthma","E3_08_16",0,0,0,1,1,1.52035340189463e-51
"Maturity onset diabetes of the young5","Maturity onset diabetes of the young","E3_08_16",0,0,0,1,1,1.52035340189463e-51
"Chemical carcinogenesis - DNA adducts5","Chemical carcinogenesis - DNA adducts","E3_08_16",0,0,0,1,1,1.55745112657751e-50
"Bile secretion5","Bile secretion","E3_08_16",0,0,0,1,1,7.42853581015306e-48
"Metabolism of xenobiotics by cytochrome P4505","Metabolism of xenobiotics by cytochrome P450","E3_08_16",0,0,0,1,1,1.91044976902527e-49
"Nicotine addiction5","Nicotine addiction","E3_08_16",0,0,0,1,1,4.86724376224607e-51
"Hematopoietic cell lineage5","Hematopoietic cell lineage","E3_08_16",0,0,0,1,1,1.0019397776194e-45
"Taste transduction5","Taste transduction","E3_08_16",0,0,0,1,1,1.48182069579836e-48
"Drug metabolism - cytochrome P4505","Drug metabolism - cytochrome P450","E3_08_16",0,0,0,1,1,2.7903608596552e-50
"Autoimmune thyroid disease5","Autoimmune thyroid disease","E3_08_16",0,0,0,1,1,2.17614135430448e-51
"Steroid hormone biosynthesis5","Steroid hormone biosynthesis","E3_08_16",0,0,0,1,1,1.72391473450672e-50
"Retinol metabolism5","Retinol metabolism","E3_08_16",0,0,0,1,1,7.44350517022149e-51
"Viral protein interaction with cytokine and cytokine receptor5","Viral protein interaction with cytokine and cytokine receptor","E3_08_16",0,0,0,1,1,1.6700314945997e-48
"Staphylococcus aureus infection5","Staphylococcus aureus infection","E3_08_16",0,0,0,1,1,1.55745112657751e-50
"Cytokine-cytokine receptor interaction5","Cytokine-cytokine receptor interaction","E3_08_16",1,0,1,0.313084112149533,1,3.13222319988044e-43
"Neuroactive ligand-receptor interaction5","Neuroactive ligand-receptor interaction","E3_08_16",1,0,1,0.242990654205607,1,1.22354808040407e-42
"Olfactory transduction5","Olfactory transduction","E3_08_16",0,0,0,1,1,1.3220445333833e-49
"Herpes simplex virus 1 infection6","Herpes simplex virus 1 infection","MMEA9_C1",1,1,0,1,1,6.48859393688347e-30
"Cell cycle6","Cell cycle","MMEA9_C1",0,0,0,1,1,9.53445740260278e-40
"Endocytosis6","Endocytosis","MMEA9_C1",0,1,-1,0.571095571095571,1,1.9313812062114e-34
"Ribosome6","Ribosome","MMEA9_C1",0,0,0,1,1,8.6083985736257e-44
"Autophagy - animal6","Autophagy - animal","MMEA9_C1",0,0,0,1,1,5.54031072400226e-40
"Protein processing in endoplasmic reticulum6","Protein processing in endoplasmic reticulum","MMEA9_C1",0,0,0,1,1,3.16531128163595e-39
"Huntington disease6","Huntington disease","MMEA9_C1",0,0,0,1,1,1.44904366177495e-35
"Ubiquitin mediated proteolysis6","Ubiquitin mediated proteolysis","MMEA9_C1",0,0,0,1,1,4.08982142483376e-40
"Shigellosis6","Shigellosis","MMEA9_C1",0,0,0,1,1,2.04307836466705e-33
"Thermogenesis6","Thermogenesis","MMEA9_C1",0,0,0,1,1,2.65406313228358e-38
"Mitophagy - animal6","Mitophagy - animal","MMEA9_C1",0,0,0,1,1,8.00068627125902e-43
"Parkinson disease6","Parkinson disease","MMEA9_C1",0,0,0,1,1,3.78605453302726e-36
"Amyotrophic lateral sclerosis6","Amyotrophic lateral sclerosis","MMEA9_C1",0,0,0,1,1,5.12152534938912e-34
"Cellular senescence6","Cellular senescence","MMEA9_C1",0,0,0,1,1,2.50804969942656e-40
"Chemical carcinogenesis - reactive oxygen species6","Chemical carcinogenesis - reactive oxygen species","MMEA9_C1",0,0,0,1,1,3.28182106038868e-38
"Colorectal cancer6","Colorectal cancer","MMEA9_C1",0,0,0,1,1,1.53051942409092e-42
"Salmonella infection6","Salmonella infection","MMEA9_C1",0,0,0,1,1,4.49904562904373e-36
"ATP-dependent chromatin remodeling6","ATP-dependent chromatin remodeling","MMEA9_C1",0,0,0,1,1,6.39598056957155e-43
"Diabetic cardiomyopathy6","Diabetic cardiomyopathy","MMEA9_C1",1,0,1,0.389277389277389,1,4.62136198911643e-38
"Spliceosome6","Spliceosome","MMEA9_C1",0,0,0,1,1,5.12830583350641e-42
"Viral carcinogenesis6","Viral carcinogenesis","MMEA9_C1",0,0,0,1,1,8.41124166617742e-38
"Pathways of neurodegeneration - multiple diseases6","Pathways of neurodegeneration - multiple diseases","MMEA9_C1",0,1,-1,0.512820512820513,1,1.69191750624917e-29
"Pancreatic cancer6","Pancreatic cancer","MMEA9_C1",0,0,0,1,1,5.30354780381393e-42
"Chronic myeloid leukemia6","Chronic myeloid leukemia","MMEA9_C1",0,0,0,1,1,5.04312683936229e-43
"Polycomb repressive complex6","Polycomb repressive complex","MMEA9_C1",0,0,0,1,1,1.44682109754986e-44
"Alzheimer disease6","Alzheimer disease","MMEA9_C1",0,1,-1,0.565268065268065,1,4.93022391652569e-32
"Non-alcoholic fatty liver disease6","Non-alcoholic fatty liver disease","MMEA9_C1",0,0,0,1,1,2.09572846874441e-40
"Nucleocytoplasmic transport6","Nucleocytoplasmic transport","MMEA9_C1",0,0,0,1,1,1.98463448871854e-42
"Human T-cell leukemia virus 1 infection6","Human T-cell leukemia virus 1 infection","MMEA9_C1",0,0,0,1,1,9.26166376261917e-36
"Nucleotide excision repair6","Nucleotide excision repair","MMEA9_C1",0,0,0,1,1,2.94212739153766e-45
"Oxidative phosphorylation6","Oxidative phosphorylation","MMEA9_C1",0,0,0,1,1,1.87445730265908e-43
"Renal cell carcinoma6","Renal cell carcinoma","MMEA9_C1",0,0,0,1,1,6.77074579237054e-43
"Axon guidance6","Axon guidance","MMEA9_C1",1,0,1,0.448717948717949,1,1.41921658465192e-35
"Endometrial cancer6","Endometrial cancer","MMEA9_C1",0,0,0,1,1,9.84411413831008e-46
"mRNA surveillance pathway6","mRNA surveillance pathway","MMEA9_C1",0,0,0,1,1,4.69532639135197e-45
"Focal adhesion6","Focal adhesion","MMEA9_C1",0,1,-1,0.564102564102564,1,2.92396385028911e-33
"Adherens junction6","Adherens junction","MMEA9_C1",0,0,0,1,1,1.63407247424258e-41
"Prion disease6","Prion disease","MMEA9_C1",0,0,0,1,1,1.04173613309809e-37
"Lysosome6","Lysosome","MMEA9_C1",0,0,0,1,1,5.85115370000573e-42
"MAPK signaling pathway6","MAPK signaling pathway","MMEA9_C1",1,1,0,1,1,3.13402735511329e-31
"Sphingolipid signaling pathway6","Sphingolipid signaling pathway","MMEA9_C1",0,0,0,1,1,3.86447488626618e-40
"Fanconi anemia pathway6","Fanconi anemia pathway","MMEA9_C1",0,0,0,1,1,8.92685362004332e-49
"Neurotrophin signaling pathway6","Neurotrophin signaling pathway","MMEA9_C1",0,0,0,1,1,4.85800692146034e-40
"Phosphatidylinositol signaling system6","Phosphatidylinositol signaling system","MMEA9_C1",0,0,0,1,1,1.45820946634257e-42
"Prostate cancer6","Prostate cancer","MMEA9_C1",0,0,0,1,1,5.642884140122e-42
"Aminoacyl-tRNA biosynthesis6","Aminoacyl-tRNA biosynthesis","MMEA9_C1",0,0,0,1,1,4.74907034233679e-47
"Base excision repair6","Base excision repair","MMEA9_C1",0,0,0,1,1,1.05747071387322e-47
"p53 signaling pathway6","p53 signaling pathway","MMEA9_C1",0,0,0,1,1,1.07370857216255e-44
"EGFR tyrosine kinase inhibitor resistance6","EGFR tyrosine kinase inhibitor resistance","MMEA9_C1",0,0,0,1,1,1.05844105345204e-41
"Small cell lung cancer6","Small cell lung cancer","MMEA9_C1",0,0,0,1,1,1.41873154908313e-41
"RNA degradation6","RNA degradation","MMEA9_C1",0,0,0,1,1,2.22343466786712e-44
"mTOR signaling pathway6","mTOR signaling pathway","MMEA9_C1",0,0,0,1,1,9.5574773131738e-39
"Endocrine resistance6","Endocrine resistance","MMEA9_C1",1,0,1,0.22960372960373,1,2.23903427500329e-42
"Lysine degradation6","Lysine degradation","MMEA9_C1",0,0,0,1,1,1.51847666081352e-43
"Viral life cycle - HIV-16","Viral life cycle - HIV-1","MMEA9_C1",0,0,0,1,1,2.32248355251023e-46
"Longevity regulating pathway6","Longevity regulating pathway","MMEA9_C1",0,0,0,1,1,1.5595450633829e-42
"Insulin resistance6","Insulin resistance","MMEA9_C1",0,0,0,1,1,7.83787757792161e-41
"Inositol phosphate metabolism6","Inositol phosphate metabolism","MMEA9_C1",0,0,0,1,1,2.86566437611944e-45
"Platinum drug resistance6","Platinum drug resistance","MMEA9_C1",0,0,0,1,1,4.18021098854752e-45
"Bacterial invasion of epithelial cells6","Bacterial invasion of epithelial cells","MMEA9_C1",0,0,0,1,1,3.82542328716209e-41
"Hepatocellular carcinoma6","Hepatocellular carcinoma","MMEA9_C1",0,0,0,1,1,7.77962525963341e-38
"Insulin signaling pathway6","Insulin signaling pathway","MMEA9_C1",0,0,0,1,1,1.26775955774555e-40
"Human cytomegalovirus infection6","Human cytomegalovirus infection","MMEA9_C1",0,0,0,1,1,9.02250727453589e-36
"Human papillomavirus infection6","Human papillomavirus infection","MMEA9_C1",0,1,-1,0.517482517482518,1,5.1171412075371e-32
"Proteoglycans in cancer6","Proteoglycans in cancer","MMEA9_C1",1,1,0,1,1,4.68150703525011e-34
"TGF-beta signaling pathway6","TGF-beta signaling pathway","MMEA9_C1",0,0,0,1,1,2.61996773860383e-39
"RNA polymerase6","RNA polymerase","MMEA9_C1",0,0,0,1,1,1.81791389286413e-48
"FoxO signaling pathway6","FoxO signaling pathway","MMEA9_C1",0,0,0,1,1,8.80228363189158e-40
"AGE-RAGE signaling pathway in diabetic complications6","AGE-RAGE signaling pathway in diabetic complications","MMEA9_C1",1,0,1,0.284382284382284,1,4.74768028791176e-42
"Hepatitis B6","Hepatitis B","MMEA9_C1",0,0,0,1,1,4.70721160511565e-39
"Longevity regulating pathway - multiple species6","Longevity regulating pathway - multiple species","MMEA9_C1",0,0,0,1,1,9.88272236653405e-45
"Yersinia infection6","Yersinia infection","MMEA9_C1",0,0,0,1,1,2.57326812331878e-40
"N-Glycan biosynthesis6","N-Glycan biosynthesis","MMEA9_C1",0,0,0,1,1,2.50241491562165e-45
"Non-small cell lung cancer6","Non-small cell lung cancer","MMEA9_C1",0,0,0,1,1,8.4375893318393e-44
"Rap1 signaling pathway6","Rap1 signaling pathway","MMEA9_C1",1,0,1,0.491841491841492,1,5.03718877664098e-34
"Choline metabolism in cancer6","Choline metabolism in cancer","MMEA9_C1",0,0,0,1,1,3.76189512873778e-42
"TNF signaling pathway6","TNF signaling pathway","MMEA9_C1",0,0,0,1,1,3.79413741714634e-41
"Glioma6","Glioma","MMEA9_C1",0,0,0,1,1,5.05870490588189e-43
"Human immunodeficiency virus 1 infection6","Human immunodeficiency virus 1 infection","MMEA9_C1",0,0,0,1,1,1.97141434195626e-39
"Apoptosis6","Apoptosis","MMEA9_C1",0,0,0,1,1,3.86836242246951e-39
"AMPK signaling pathway6","AMPK signaling pathway","MMEA9_C1",0,0,0,1,1,1.797320148505e-40
"Fatty acid metabolism6","Fatty acid metabolism","MMEA9_C1",0,0,0,1,1,7.12844620751457e-47
"DNA replication6","DNA replication","MMEA9_C1",0,0,0,1,1,2.83499787347946e-48
"Pathogenic Escherichia coli infection6","Pathogenic Escherichia coli infection","MMEA9_C1",0,0,0,1,1,1.77753009295864e-36
"PD-L1 expression and PD-1 checkpoint pathway in cancer6","PD-L1 expression and PD-1 checkpoint pathway in cancer","MMEA9_C1",0,0,0,1,1,7.01747962318767e-44
"Hippo signaling pathway6","Hippo signaling pathway","MMEA9_C1",1,0,1,0.37995337995338,1,1.05756306377153e-39
"Valine, leucine and isoleucine degradation6","Valine, leucine and isoleucine degradation","MMEA9_C1",0,0,0,1,1,4.4584546353766e-47
"Peroxisome6","Peroxisome","MMEA9_C1",0,0,0,1,1,6.37819160679651e-46
"Homologous recombination6","Homologous recombination","MMEA9_C1",0,0,0,1,1,2.83499787347946e-48
"Bladder cancer6","Bladder cancer","MMEA9_C1",1,0,1,0.115384615384615,1,9.93635944469926e-47
"Fluid shear stress and atherosclerosis6","Fluid shear stress and atherosclerosis","MMEA9_C1",1,0,1,0.300699300699301,1,2.25415862146542e-40
"SNARE interactions in vesicular transport6","SNARE interactions in vesicular transport","MMEA9_C1",0,0,0,1,1,2.17822242978967e-49
"Autophagy - other6","Autophagy - other","MMEA9_C1",0,0,0,1,1,7.75306925899763e-50
"Proteasome6","Proteasome","MMEA9_C1",0,0,0,1,1,1.71838914066906e-48
"Protein export6","Protein export","MMEA9_C1",0,0,0,1,1,1.61213089132201e-50
"Thyroid hormone signaling pathway6","Thyroid hormone signaling pathway","MMEA9_C1",0,0,0,1,1,4.68879815143489e-41
"Amino sugar and nucleotide sugar metabolism6","Amino sugar and nucleotide sugar metabolism","MMEA9_C1",0,0,0,1,1,1.3639931239478e-46
"Nucleotide metabolism6","Nucleotide metabolism","MMEA9_C1",0,0,0,1,1,1.15589538767411e-44
"ErbB signaling pathway6","ErbB signaling pathway","MMEA9_C1",0,0,0,1,1,7.9211115603593e-43
"Thyroid cancer6","Thyroid cancer","MMEA9_C1",0,0,0,1,1,1.53341892199142e-48
"Various types of N-glycan biosynthesis6","Various types of N-glycan biosynthesis","MMEA9_C1",0,0,0,1,1,2.75104044333092e-47
"Spinocerebellar ataxia6","Spinocerebellar ataxia","MMEA9_C1",0,0,0,1,1,3.21729221631528e-41
"Basal transcription factors6","Basal transcription factors","MMEA9_C1",0,0,0,1,1,3.86852709620389e-48
"Regulation of actin cytoskeleton6","Regulation of actin cytoskeleton","MMEA9_C1",1,1,0,1,1,2.84280289067074e-33
"Melanoma6","Melanoma","MMEA9_C1",0,0,0,1,1,1.95851930566771e-43
"Tight junction6","Tight junction","MMEA9_C1",0,0,0,1,1,1.56556920881614e-37
"Apoptosis - multiple species6","Apoptosis - multiple species","MMEA9_C1",0,0,0,1,1,1.52057575206897e-48
"Glycosylphosphatidylinositol (GPI)-anchor biosynthesis6","Glycosylphosphatidylinositol (GPI)-anchor biosynthesis","MMEA9_C1",0,0,0,1,1,6.09159516629923e-51
"Biosynthesis of nucleotide sugars6","Biosynthesis of nucleotide sugars","MMEA9_C1",0,0,0,1,1,5.25363047667051e-48
"Epithelial cell signaling in Helicobacter pylori infection6","Epithelial cell signaling in Helicobacter pylori infection","MMEA9_C1",0,0,0,1,1,2.20023055848881e-45
"Epstein-Barr virus infection6","Epstein-Barr virus infection","MMEA9_C1",0,0,0,1,1,7.39383572396756e-38
"Selenocompound metabolism6","Selenocompound metabolism","MMEA9_C1",0,0,0,1,1,4.18947575423529e-50
"Other types of O-glycan biosynthesis6","Other types of O-glycan biosynthesis","MMEA9_C1",0,0,0,1,1,3.9217491058467e-46
"Notch signaling pathway6","Notch signaling pathway","MMEA9_C1",0,0,0,1,1,1.08812340112361e-46
"Fc gamma R-mediated phagocytosis6","Fc gamma R-mediated phagocytosis","MMEA9_C1",0,0,0,1,1,3.80576010867713e-41
"Citrate cycle (TCA cycle)6","Citrate cycle (TCA cycle)","MMEA9_C1",0,0,0,1,1,4.44504333418657e-50
"Apelin signaling pathway6","Apelin signaling pathway","MMEA9_C1",0,0,0,1,1,1.80835675687827e-39
"Mismatch repair6","Mismatch repair","MMEA9_C1",0,0,0,1,1,2.15116762039685e-49
"Carbon metabolism6","Carbon metabolism","MMEA9_C1",0,0,0,1,1,3.53574365671492e-45
"Hedgehog signaling pathway6","Hedgehog signaling pathway","MMEA9_C1",0,0,0,1,1,1.93944277055802e-44
"Chagas disease6","Chagas disease","MMEA9_C1",0,0,0,1,1,5.79517565558025e-44
"Growth hormone synthesis, secretion and action6","Growth hormone synthesis, secretion and action","MMEA9_C1",0,0,0,1,1,3.87730418013695e-40
"Kaposi sarcoma-associated herpesvirus infection6","Kaposi sarcoma-associated herpesvirus infection","MMEA9_C1",0,0,0,1,1,7.20329216583554e-40
"Hippo signaling pathway - multiple species6","Hippo signaling pathway - multiple species","MMEA9_C1",1,0,1,0.114219114219114,1,7.61885577948231e-47
"VEGF signaling pathway6","VEGF signaling pathway","MMEA9_C1",0,0,0,1,1,2.15129472965521e-45
"Gap junction6","Gap junction","MMEA9_C1",0,0,0,1,1,7.26762179986038e-43
"Vasopressin-regulated water reabsorption6","Vasopressin-regulated water reabsorption","MMEA9_C1",0,0,0,1,1,2.83499787347946e-48
"Progesterone-mediated oocyte maturation6","Progesterone-mediated oocyte maturation","MMEA9_C1",0,0,0,1,1,4.53874439922721e-44
"Glycosaminoglycan biosynthesis - chondroitin sulfate / dermatan sulfate6","Glycosaminoglycan biosynthesis - chondroitin sulfate / dermatan sulfate","MMEA9_C1",0,0,0,1,1,2.61215816615139e-50
"T cell receptor signaling pathway6","T cell receptor signaling pathway","MMEA9_C1",0,0,0,1,1,9.2387269550532e-43
"Oocyte meiosis6","Oocyte meiosis","MMEA9_C1",0,0,0,1,1,1.77094796326316e-42
"Phospholipase D signaling pathway6","Phospholipase D signaling pathway","MMEA9_C1",0,0,0,1,1,1.20691471947138e-37
"Acute myeloid leukemia6","Acute myeloid leukemia","MMEA9_C1",0,0,0,1,1,9.04035028171157e-45
"One carbon pool by folate6","One carbon pool by folate","MMEA9_C1",0,0,0,1,1,4.44504333418657e-50
"Propanoate metabolism6","Propanoate metabolism","MMEA9_C1",0,0,0,1,1,5.02608765910902e-49
"Wnt signaling pathway6","Wnt signaling pathway","MMEA9_C1",1,0,1,0.396270396270396,1,2.70327882759475e-38
"Breast cancer6","Breast cancer","MMEA9_C1",0,0,0,1,1,1.14247707748531e-39
"Adipocytokine signaling pathway6","Adipocytokine signaling pathway","MMEA9_C1",0,0,0,1,1,1.65993731059691e-45
"Central carbon metabolism in cancer6","Central carbon metabolism in cancer","MMEA9_C1",0,0,0,1,1,1.35428826325678e-43
"Glyoxylate and dicarboxylate metabolism6","Glyoxylate and dicarboxylate metabolism","MMEA9_C1",0,0,0,1,1,4.18947575423529e-50
"Relaxin signaling pathway6","Relaxin signaling pathway","MMEA9_C1",1,0,1,0.319347319347319,1,1.26775955774555e-40
"Ferroptosis6","Ferroptosis","MMEA9_C1",0,0,0,1,1,3.96404182372865e-47
"Sphingolipid metabolism6","Sphingolipid metabolism","MMEA9_C1",0,0,0,1,1,1.09344304271019e-46
"Toxoplasmosis6","Toxoplasmosis","MMEA9_C1",0,0,0,1,1,1.18578986139717e-42
"Ras signaling pathway6","Ras signaling pathway","MMEA9_C1",0,0,0,1,1,1.81466427241135e-34
"Pyrimidine metabolism6","Pyrimidine metabolism","MMEA9_C1",0,0,0,1,1,8.62765135814811e-47
"GnRH signaling pathway6","GnRH signaling pathway","MMEA9_C1",1,0,1,0.214452214452214,1,3.7224371627284e-43
"Coronavirus disease - COVID-196","Coronavirus disease - COVID-19","MMEA9_C1",0,0,0,1,1,1.61260338169698e-39
"Mannose type O-glycan biosynthesis6","Mannose type O-glycan biosynthesis","MMEA9_C1",0,0,0,1,1,5.84452255429323e-50
"Terpenoid backbone biosynthesis6","Terpenoid backbone biosynthesis","MMEA9_C1",0,0,0,1,1,1.27717628530123e-50
"Cysteine and methionine metabolism6","Cysteine and methionine metabolism","MMEA9_C1",0,0,0,1,1,6.54818991967224e-47
"Circadian rhythm6","Circadian rhythm","MMEA9_C1",0,0,0,1,1,1.48130368517616e-48
"Fatty acid elongation6","Fatty acid elongation","MMEA9_C1",0,0,0,1,1,3.06233960446037e-50
"Biosynthesis of unsaturated fatty acids6","Biosynthesis of unsaturated fatty acids","MMEA9_C1",0,0,0,1,1,2.75531129081739e-49
"Inflammatory mediator regulation of TRP channels6","Inflammatory mediator regulation of TRP channels","MMEA9_C1",0,0,0,1,1,1.7622501179155e-42
"Parathyroid hormone synthesis, secretion and action6","Parathyroid hormone synthesis, secretion and action","MMEA9_C1",0,0,0,1,1,1.36143507873219e-40
"Sulfur metabolism6","Sulfur metabolism","MMEA9_C1",0,0,0,1,1,6.09159516629923e-51
"Vibrio cholerae infection6","Vibrio cholerae infection","MMEA9_C1",0,0,0,1,1,6.43619442885855e-47
"Signaling pathways regulating pluripotency of stem cells6","Signaling pathways regulating pluripotency of stem cells","MMEA9_C1",0,0,0,1,1,9.99783388069435e-40
"HIF-1 signaling pathway6","HIF-1 signaling pathway","MMEA9_C1",0,0,0,1,1,1.25605248932417e-40
"Purine metabolism6","Purine metabolism","MMEA9_C1",0,0,0,1,1,1.89156069809699e-43
"Fatty acid degradation6","Fatty acid degradation","MMEA9_C1",0,0,0,1,1,2.01317534448499e-48
"Glutathione metabolism6","Glutathione metabolism","MMEA9_C1",0,0,0,1,1,1.87235603557995e-48
"Transcriptional misregulation in cancer6","Transcriptional misregulation in cancer","MMEA9_C1",0,0,0,1,1,8.16734184870302e-37
"2-Oxocarboxylic acid metabolism6","2-Oxocarboxylic acid metabolism","MMEA9_C1",0,0,0,1,1,3.76263572480015e-50
"Adrenergic signaling in cardiomyocytes6","Adrenergic signaling in cardiomyocytes","MMEA9_C1",0,0,0,1,1,2.48337986400085e-38
"Gastric cancer6","Gastric cancer","MMEA9_C1",0,0,0,1,1,1.89338052898985e-39
"Long-term potentiation6","Long-term potentiation","MMEA9_C1",0,0,0,1,1,1.47321808202114e-44
"Motor proteins6","Motor proteins","MMEA9_C1",0,0,0,1,1,2.64712511406504e-37
"Biosynthesis of amino acids6","Biosynthesis of amino acids","MMEA9_C1",0,0,0,1,1,2.95153255271881e-47
"Other glycan degradation6","Other glycan degradation","MMEA9_C1",0,0,0,1,1,2.03777255209724e-50
"Non-homologous end-joining6","Non-homologous end-joining","MMEA9_C1",0,0,0,1,1,1.12553876399922e-50
"Glycerophospholipid metabolism6","Glycerophospholipid metabolism","MMEA9_C1",1,0,1,0.181818181818182,1,4.49585766878767e-44
"C-type lectin receptor signaling pathway6","C-type lectin receptor signaling pathway","MMEA9_C1",0,0,0,1,1,7.26762179986038e-43
"Lipid and atherosclerosis6","Lipid and atherosclerosis","MMEA9_C1",0,0,0,1,1,3.31851989182271e-39
"Hepatitis C6","Hepatitis C","MMEA9_C1",0,0,0,1,1,2.76272904616281e-40
"PI3K-Akt signaling pathway6","PI3K-Akt signaling pathway","MMEA9_C1",0,1,-1,0.518648018648019,1,1.08008657461882e-28
"Long-term depression6","Long-term depression","MMEA9_C1",0,0,0,1,1,4.82970410232788e-46
"Arrhythmogenic right ventricular cardiomyopathy6","Arrhythmogenic right ventricular cardiomyopathy","MMEA9_C1",0,0,0,1,1,1.18578986139717e-42
"Necroptosis6","Necroptosis","MMEA9_C1",0,0,0,1,1,6.56343082385641e-43
"Retrograde endocannabinoid signaling6","Retrograde endocannabinoid signaling","MMEA9_C1",0,0,0,1,1,6.17687812918811e-42
"Pantothenate and CoA biosynthesis6","Pantothenate and CoA biosynthesis","MMEA9_C1",0,0,0,1,1,1.13638846271889e-50
"Cushing syndrome6","Cushing syndrome","MMEA9_C1",0,0,0,1,1,4.81050433424921e-38
"Fructose and mannose metabolism6","Fructose and mannose metabolism","MMEA9_C1",0,0,0,1,1,2.12075610277476e-48
"Platelet activation6","Platelet activation","MMEA9_C1",0,0,0,1,1,2.08380631499507e-39
"Efferocytosis6","Efferocytosis","MMEA9_C1",0,0,0,1,1,3.37029167680056e-39
"Antifolate resistance6","Antifolate resistance","MMEA9_C1",0,0,0,1,1,4.14399892317561e-48
"Alcoholism6","Alcoholism","MMEA9_C1",0,0,0,1,1,5.63970291097234e-42
"Melanogenesis6","Melanogenesis","MMEA9_C1",0,0,0,1,1,1.0616470488257e-42
"Prolactin signaling pathway6","Prolactin signaling pathway","MMEA9_C1",1,0,1,0.164335664335664,1,2.8740438963271e-45
"Glycerolipid metabolism6","Glycerolipid metabolism","MMEA9_C1",0,0,0,1,1,4.60252536923839e-47
"Dopaminergic synapse6","Dopaminergic synapse","MMEA9_C1",0,0,0,1,1,1.16103849567844e-41
"Glycosphingolipid biosynthesis - ganglio series6","Glycosphingolipid biosynthesis - ganglio series","MMEA9_C1",0,0,0,1,1,5.84452255429323e-50
"Mucin type O-glycan biosynthesis6","Mucin type O-glycan biosynthesis","MMEA9_C1",0,0,0,1,1,2.34881319548985e-47
"Lipoic acid metabolism6","Lipoic acid metabolism","MMEA9_C1",0,0,0,1,1,5.03424227801162e-51
"NF-kappa B signaling pathway6","NF-kappa B signaling pathway","MMEA9_C1",0,0,0,1,1,1.18032903797496e-43
"Oxytocin signaling pathway6","Oxytocin signaling pathway","MMEA9_C1",0,0,0,1,1,1.71243323953863e-39
"Basal cell carcinoma6","Basal cell carcinoma","MMEA9_C1",0,0,0,1,1,6.42915637656856e-44
"Legionellosis6","Legionellosis","MMEA9_C1",0,0,0,1,1,8.92685362004332e-49
"Measles6","Measles","MMEA9_C1",0,0,0,1,1,7.3449913702201e-42
"Biosynthesis of cofactors6","Biosynthesis of cofactors","MMEA9_C1",0,0,0,1,1,1.85460310505615e-41
"Glycosaminoglycan biosynthesis - keratan sulfate6","Glycosaminoglycan biosynthesis - keratan sulfate","MMEA9_C1",0,0,0,1,1,3.89693677571643e-50
"Alanine, aspartate and glutamate metabolism6","Alanine, aspartate and glutamate metabolism","MMEA9_C1",0,0,0,1,1,1.80298259063522e-50
"Fatty acid biosynthesis6","Fatty acid biosynthesis","MMEA9_C1",0,0,0,1,1,2.27802889739189e-50
"Hypertrophic cardiomyopathy6","Hypertrophic cardiomyopathy","MMEA9_C1",0,0,0,1,1,2.72800830673215e-40
"Glucagon signaling pathway6","Glucagon signaling pathway","MMEA9_C1",0,0,0,1,1,7.12125100657309e-44
"Glycosaminoglycan biosynthesis - heparan sulfate / heparin6","Glycosaminoglycan biosynthesis - heparan sulfate / heparin","MMEA9_C1",0,0,0,1,1,1.10141083877882e-47
"Steroid biosynthesis6","Steroid biosynthesis","MMEA9_C1",0,0,0,1,1,2.35615429311555e-50
"cGMP-PKG signaling pathway6","cGMP-PKG signaling pathway","MMEA9_C1",0,0,0,1,1,1.08107140039981e-37
"Phagosome6","Phagosome","MMEA9_C1",0,0,0,1,1,3.29086805181638e-40
"Arginine and proline metabolism6","Arginine and proline metabolism","MMEA9_C1",1,0,1,0.0897435897435897,1,7.67703314486077e-49
"Pyruvate metabolism6","Pyruvate metabolism","MMEA9_C1",0,0,0,1,1,5.83572801776403e-49
"Type II diabetes mellitus6","Type II diabetes mellitus","MMEA9_C1",0,0,0,1,1,4.74619849140708e-46
"Dilated cardiomyopathy6","Dilated cardiomyopathy","MMEA9_C1",0,0,0,1,1,6.42314829719984e-40
"Alcoholic liver disease6","Alcoholic liver disease","MMEA9_C1",0,0,0,1,1,8.58730698923275e-43
"Leukocyte transendothelial migration6","Leukocyte transendothelial migration","MMEA9_C1",1,0,1,0.233100233100233,1,2.68988526791831e-42
"Glycosaminoglycan degradation6","Glycosaminoglycan degradation","MMEA9_C1",0,0,0,1,1,9.86507354809185e-50
"Endocrine and other factor-regulated calcium reabsorption6","Endocrine and other factor-regulated calcium reabsorption","MMEA9_C1",0,0,0,1,1,1.88069055731021e-45
"Ubiquinone and other terpenoid-quinone biosynthesis6","Ubiquinone and other terpenoid-quinone biosynthesis","MMEA9_C1",0,0,0,1,1,5.03424227801162e-51
"Fc epsilon RI signaling pathway6","Fc epsilon RI signaling pathway","MMEA9_C1",0,0,0,1,1,5.55081252160065e-47
"Glycine, serine and threonine metabolism6","Glycine, serine and threonine metabolism","MMEA9_C1",0,0,0,1,1,3.68658491258019e-49
"Pertussis6","Pertussis","MMEA9_C1",0,0,0,1,1,4.4989263981316e-47
"Aldosterone synthesis and secretion6","Aldosterone synthesis and secretion","MMEA9_C1",0,0,0,1,1,2.87343545486623e-41
"Regulation of lipolysis in adipocytes6","Regulation of lipolysis in adipocytes","MMEA9_C1",0,0,0,1,1,5.43285006045492e-45
"Cholinergic synapse6","Cholinergic synapse","MMEA9_C1",0,0,0,1,1,1.71407548625831e-41
"Osteoclast differentiation6","Osteoclast differentiation","MMEA9_C1",0,0,0,1,1,4.06734778815793e-40
"Pentose phosphate pathway6","Pentose phosphate pathway","MMEA9_C1",0,0,0,1,1,4.44626139689795e-49
"beta-Alanine metabolism6","beta-Alanine metabolism","MMEA9_C1",0,0,0,1,1,1.03209593566602e-49
"PPAR signaling pathway6","PPAR signaling pathway","MMEA9_C1",0,0,0,1,1,6.17184732151963e-46
"Folate biosynthesis6","Folate biosynthesis","MMEA9_C1",0,0,0,1,1,3.89693677571643e-50
"Influenza A6","Influenza A","MMEA9_C1",0,0,0,1,1,1.96100517706441e-40
"Th17 cell differentiation6","Th17 cell differentiation","MMEA9_C1",0,0,0,1,1,2.10949103419738e-43
"Cardiac muscle contraction6","Cardiac muscle contraction","MMEA9_C1",0,0,0,1,1,2.50085999479639e-43
"Nicotinate and nicotinamide metabolism6","Nicotinate and nicotinamide metabolism","MMEA9_C1",0,0,0,1,1,9.46454951226816e-49
"Aldosterone-regulated sodium reabsorption6","Aldosterone-regulated sodium reabsorption","MMEA9_C1",0,0,0,1,1,3.90985057615998e-47
"Neutrophil extracellular trap formation6","Neutrophil extracellular trap formation","MMEA9_C1",0,0,0,1,1,9.80341250575701e-43
"Th1 and Th2 cell differentiation6","Th1 and Th2 cell differentiation","MMEA9_C1",0,0,0,1,1,2.20478010264286e-45
"NOD-like receptor signaling pathway6","NOD-like receptor signaling pathway","MMEA9_C1",1,0,1,0.304195804195804,1,9.99783388069435e-40
"Cortisol synthesis and secretion6","Cortisol synthesis and secretion","MMEA9_C1",0,0,0,1,1,3.46121959539758e-45
"GnRH secretion6","GnRH secretion","MMEA9_C1",0,0,0,1,1,1.95564784026169e-45
"Vascular smooth muscle contraction6","Vascular smooth muscle contraction","MMEA9_C1",0,0,0,1,1,4.00491096331515e-40
"Estrogen signaling pathway6","Estrogen signaling pathway","MMEA9_C1",1,0,1,0.265734265734266,1,2.90823957847173e-41
"RIG-I-like receptor signaling pathway6","RIG-I-like receptor signaling pathway","MMEA9_C1",0,0,0,1,1,1.18997831904287e-46
"Amoebiasis6","Amoebiasis","MMEA9_C1",0,0,0,1,1,3.05503512208541e-42
"ECM-receptor interaction6","ECM-receptor interaction","MMEA9_C1",0,0,0,1,1,9.97510367437885e-41
"Renin secretion6","Renin secretion","MMEA9_C1",0,0,0,1,1,2.05277297449094e-44
"Collecting duct acid secretion6","Collecting duct acid secretion","MMEA9_C1",0,0,0,1,1,4.99396252091517e-49
"Viral myocarditis6","Viral myocarditis","MMEA9_C1",0,0,0,1,1,4.43031524689585e-46
"B cell receptor signaling pathway6","B cell receptor signaling pathway","MMEA9_C1",0,0,0,1,1,5.39710261713169e-46
"Glutamatergic synapse6","Glutamatergic synapse","MMEA9_C1",0,0,0,1,1,5.40501718787446e-42
"Cytosolic DNA-sensing pathway6","Cytosolic DNA-sensing pathway","MMEA9_C1",0,0,0,1,1,7.87447079593781e-46
"Glycosphingolipid biosynthesis - globo and isoglobo series6","Glycosphingolipid biosynthesis - globo and isoglobo series","MMEA9_C1",0,0,0,1,1,3.06233960446037e-50
"Galactose metabolism6","Galactose metabolism","MMEA9_C1",0,0,0,1,1,9.13836615921455e-50
"Arginine biosynthesis6","Arginine biosynthesis","MMEA9_C1",0,0,0,1,1,9.42786465544432e-51
"Toll-like receptor signaling pathway6","Toll-like receptor signaling pathway","MMEA9_C1",0,0,0,1,1,5.11442305127259e-45
"Thiamine metabolism6","Thiamine metabolism","MMEA9_C1",0,0,0,1,1,6.09159516629923e-51
"Circadian entrainment6","Circadian entrainment","MMEA9_C1",0,0,0,1,1,5.6581020826114e-42
"Morphine addiction6","Morphine addiction","MMEA9_C1",0,0,0,1,1,1.70533251358059e-44
"Ether lipid metabolism6","Ether lipid metabolism","MMEA9_C1",1,0,1,0.0710955710955711,1,8.35034223536992e-49
"Ribosome biogenesis in eukaryotes6","Ribosome biogenesis in eukaryotes","MMEA9_C1",0,0,0,1,1,2.43261741032841e-46
"Synaptic vesicle cycle6","Synaptic vesicle cycle","MMEA9_C1",0,0,0,1,1,1.08660128256023e-45
"Tryptophan metabolism6","Tryptophan metabolism","MMEA9_C1",0,0,0,1,1,1.99806827623295e-48
"Proximal tubule bicarbonate reclamation6","Proximal tubule bicarbonate reclamation","MMEA9_C1",0,0,0,1,1,1.89119368383211e-49
"Chemical carcinogenesis - receptor activation6","Chemical carcinogenesis - receptor activation","MMEA9_C1",0,0,0,1,1,1.07537882547999e-37
"Leishmaniasis6","Leishmaniasis","MMEA9_C1",0,0,0,1,1,2.83499787347946e-48
"Glycosphingolipid biosynthesis - lacto and neolacto series6","Glycosphingolipid biosynthesis - lacto and neolacto series","MMEA9_C1",0,0,0,1,1,1.09535938527081e-49
"Amphetamine addiction6","Amphetamine addiction","MMEA9_C1",0,0,0,1,1,2.9676212408684e-45
"Thyroid hormone synthesis6","Thyroid hormone synthesis","MMEA9_C1",0,0,0,1,1,5.96255957192301e-45
"Butanoate metabolism6","Butanoate metabolism","MMEA9_C1",0,0,0,1,1,4.11290545467646e-50
"ABC transporters6","ABC transporters","MMEA9_C1",0,0,0,1,1,1.81615525617211e-48
"Antigen processing and presentation6","Antigen processing and presentation","MMEA9_C1",0,0,0,1,1,3.07503714706262e-47
"Ovarian steroidogenesis6","Ovarian steroidogenesis","MMEA9_C1",1,0,1,0.0990675990675991,1,2.46400245718529e-47
"Rheumatoid arthritis6","Rheumatoid arthritis","MMEA9_C1",0,0,0,1,1,2.23319078363605e-44
"IL-17 signaling pathway6","IL-17 signaling pathway","MMEA9_C1",0,0,0,1,1,1.49362596859182e-45
"Renin-angiotensin system6","Renin-angiotensin system","MMEA9_C1",0,0,0,1,1,3.06338294590307e-50
"Nitrogen metabolism6","Nitrogen metabolism","MMEA9_C1",0,0,0,1,1,1.21260197991802e-51
"Tuberculosis6","Tuberculosis","MMEA9_C1",0,0,0,1,1,2.54998716356274e-41
"Drug metabolism - other enzymes6","Drug metabolism - other enzymes","MMEA9_C1",0,0,0,1,1,4.18975691051571e-47
"Glycolysis / Gluconeogenesis6","Glycolysis / Gluconeogenesis","MMEA9_C1",0,0,0,1,1,2.83499787347946e-48
"Gastric acid secretion6","Gastric acid secretion","MMEA9_C1",0,0,0,1,1,3.67722425624454e-43
"Cholesterol metabolism6","Cholesterol metabolism","MMEA9_C1",0,0,0,1,1,1.59405290579e-47
"African trypanosomiasis6","African trypanosomiasis","MMEA9_C1",0,0,0,1,1,5.99343128337972e-49
"GABAergic synapse6","GABAergic synapse","MMEA9_C1",0,0,0,1,1,7.1294007775153e-45
"Chemokine signaling pathway6","Chemokine signaling pathway","MMEA9_C1",0,0,0,1,1,9.72145679365768e-40
"Insulin secretion6","Insulin secretion","MMEA9_C1",0,0,0,1,1,1.15592253325416e-42
"Cocaine addiction6","Cocaine addiction","MMEA9_C1",0,0,0,1,1,5.05540569335648e-48
"Mineral absorption6","Mineral absorption","MMEA9_C1",0,0,0,1,1,6.54818991967224e-47
"Histidine metabolism6","Histidine metabolism","MMEA9_C1",0,0,0,1,1,5.03424227801162e-51
"Vitamin digestion and absorption6","Vitamin digestion and absorption","MMEA9_C1",0,0,0,1,1,3.30363042777601e-49
"Systemic lupus erythematosus6","Systemic lupus erythematosus","MMEA9_C1",0,0,0,1,1,4.52514795337008e-48
"Phenylalanine metabolism6","Phenylalanine metabolism","MMEA9_C1",0,0,0,1,1,5.03424227801162e-51
"Taurine and hypotaurine metabolism6","Taurine and hypotaurine metabolism","MMEA9_C1",0,0,0,1,1,6.3858435951935e-51
"Starch and sucrose metabolism6","Starch and sucrose metabolism","MMEA9_C1",0,0,0,1,1,2.03777255209724e-50
"cAMP signaling pathway6","cAMP signaling pathway","MMEA9_C1",1,0,1,0.425407925407925,1,5.32273983027659e-36
"Protein digestion and absorption6","Protein digestion and absorption","MMEA9_C1",0,0,0,1,1,2.75609330884456e-43
"Primary bile acid biosynthesis6","Primary bile acid biosynthesis","MMEA9_C1",0,0,0,1,1,1.80298259063522e-50
"Calcium signaling pathway6","Calcium signaling pathway","MMEA9_C1",1,0,1,0.491841491841492,1,1.00445982235361e-34
"Porphyrin metabolism6","Porphyrin metabolism","MMEA9_C1",0,0,0,1,1,4.99396252091517e-49
"Malaria6","Malaria","MMEA9_C1",0,0,0,1,1,1.05747071387322e-47
"alpha-Linolenic acid metabolism6","alpha-Linolenic acid metabolism","MMEA9_C1",0,0,0,1,1,5.03424227801162e-51
"Cell adhesion molecules6","Cell adhesion molecules","MMEA9_C1",0,0,0,1,1,3.316290796512e-43
"Carbohydrate digestion and absorption6","Carbohydrate digestion and absorption","MMEA9_C1",0,0,0,1,1,2.03655017557413e-47
"Serotonergic synapse6","Serotonergic synapse","MMEA9_C1",0,0,0,1,1,4.00640669493482e-44
"JAK-STAT signaling pathway6","JAK-STAT signaling pathway","MMEA9_C1",0,0,0,1,1,3.66662748606208e-40
"Type I diabetes mellitus6","Type I diabetes mellitus","MMEA9_C1",0,0,0,1,1,2.03777255209724e-50
"Arachidonic acid metabolism6","Arachidonic acid metabolism","MMEA9_C1",0,0,0,1,1,4.71070295189076e-50
"Salivary secretion6","Salivary secretion","MMEA9_C1",0,0,0,1,1,1.20257135357867e-43
"Inflammatory bowel disease6","Inflammatory bowel disease","MMEA9_C1",0,0,0,1,1,8.92685362004332e-49
"Natural killer cell mediated cytotoxicity6","Natural killer cell mediated cytotoxicity","MMEA9_C1",0,0,0,1,1,2.63142741225544e-45
"Tyrosine metabolism6","Tyrosine metabolism","MMEA9_C1",0,0,0,1,1,9.70319790089975e-51
"Allograft rejection6","Allograft rejection","MMEA9_C1",0,0,0,1,1,7.46512119219038e-51
"Phototransduction6","Phototransduction","MMEA9_C1",0,0,0,1,1,5.03424227801162e-51
"Primary immunodeficiency6","Primary immunodeficiency","MMEA9_C1",0,0,0,1,1,6.09159516629923e-51
"Linoleic acid metabolism6","Linoleic acid metabolism","MMEA9_C1",0,0,0,1,1,5.03424227801162e-51
"Pentose and glucuronate interconversions6","Pentose and glucuronate interconversions","MMEA9_C1",0,0,0,1,1,5.03424227801162e-51
"Graft-versus-host disease6","Graft-versus-host disease","MMEA9_C1",0,0,0,1,1,7.46512119219038e-51
"Intestinal immune network for IgA production6","Intestinal immune network for IgA production","MMEA9_C1",0,0,0,1,1,1.61213089132201e-50
"Pancreatic secretion6","Pancreatic secretion","MMEA9_C1",0,0,0,1,1,3.17752245006629e-43
"Complement and coagulation cascades6","Complement and coagulation cascades","MMEA9_C1",0,0,0,1,1,1.3639931239478e-46
"Fat digestion and absorption6","Fat digestion and absorption","MMEA9_C1",0,0,0,1,1,6.09159516629923e-51
"Ascorbate and aldarate metabolism6","Ascorbate and aldarate metabolism","MMEA9_C1",0,0,0,1,1,6.09159516629923e-51
"MicroRNAs in cancer6","MicroRNAs in cancer","MMEA9_C1",0,0,0,1,1,3.01016674616829e-35
"Asthma6","Asthma","MMEA9_C1",0,0,0,1,1,1.21260197991802e-51
"Maturity onset diabetes of the young6","Maturity onset diabetes of the young","MMEA9_C1",0,0,0,1,1,1.21260197991802e-51
"Chemical carcinogenesis - DNA adducts6","Chemical carcinogenesis - DNA adducts","MMEA9_C1",0,0,0,1,1,7.75306925899763e-50
"Bile secretion6","Bile secretion","MMEA9_C1",1,0,1,0.164335664335664,1,1.16390616896028e-44
"Metabolism of xenobiotics by cytochrome P4506","Metabolism of xenobiotics by cytochrome P450","MMEA9_C1",0,0,0,1,1,5.62969495691577e-50
"Nicotine addiction6","Nicotine addiction","MMEA9_C1",0,0,0,1,1,1.15408503611011e-50
"Hematopoietic cell lineage6","Hematopoietic cell lineage","MMEA9_C1",0,0,0,1,1,1.40429796032784e-44
"Taste transduction6","Taste transduction","MMEA9_C1",0,0,0,1,1,1.99806827623295e-48
"Drug metabolism - cytochrome P4506","Drug metabolism - cytochrome P450","MMEA9_C1",0,0,0,1,1,4.56668461943459e-50
"Autoimmune thyroid disease6","Autoimmune thyroid disease","MMEA9_C1",0,0,0,1,1,6.03875499641569e-51
"Steroid hormone biosynthesis6","Steroid hormone biosynthesis","MMEA9_C1",0,0,0,1,1,1.8460220822529e-50
"Retinol metabolism6","Retinol metabolism","MMEA9_C1",0,0,0,1,1,1.68308184344694e-50
"Viral protein interaction with cytokine and cytokine receptor6","Viral protein interaction with cytokine and cytokine receptor","MMEA9_C1",0,0,0,1,1,2.73072891438063e-48
"Staphylococcus aureus infection6","Staphylococcus aureus infection","MMEA9_C1",0,0,0,1,1,5.65299709073341e-50
"Cytokine-cytokine receptor interaction6","Cytokine-cytokine receptor interaction","MMEA9_C1",0,0,0,1,1,4.21364491607802e-38
"Neuroactive ligand-receptor interaction6","Neuroactive ligand-receptor interaction","MMEA9_C1",1,0,1,0.327505827505828,1,4.49972734318372e-39
"Olfactory transduction6","Olfactory transduction","MMEA9_C1",0,0,0,1,1,1.52057575206897e-48
"Herpes simplex virus 1 infection7","Herpes simplex virus 1 infection","MMEA9_C2",1,1,0,1,1,3.87363167899305e-36
"Cell cycle7","Cell cycle","MMEA9_C2",0,0,0,1,1,3.97802466377383e-40
"Endocytosis7","Endocytosis","MMEA9_C2",0,0,0,1,1,9.13802330132016e-38
"Ribosome7","Ribosome","MMEA9_C2",0,0,0,1,1,2.99363167538525e-44
"Autophagy - animal7","Autophagy - animal","MMEA9_C2",0,0,0,1,1,1.4122231778839e-40
"Protein processing in endoplasmic reticulum7","Protein processing in endoplasmic reticulum","MMEA9_C2",0,0,0,1,1,5.28131248817544e-40
"Huntington disease7","Huntington disease","MMEA9_C2",0,0,0,1,1,2.74864803004245e-37
"Ubiquitin mediated proteolysis7","Ubiquitin mediated proteolysis","MMEA9_C2",0,0,0,1,1,8.03738840922121e-43
"Shigellosis7","Shigellosis","MMEA9_C2",0,0,0,1,1,7.69303608113821e-36
"Thermogenesis7","Thermogenesis","MMEA9_C2",0,0,0,1,1,1.78543544223345e-38
"Mitophagy - animal7","Mitophagy - animal","MMEA9_C2",0,0,0,1,1,1.4758215130638e-44
"Parkinson disease7","Parkinson disease","MMEA9_C2",0,0,0,1,1,2.13055976033072e-39
"Amyotrophic lateral sclerosis7","Amyotrophic lateral sclerosis","MMEA9_C2",0,0,0,1,1,3.03412275564469e-35
"Cellular senescence7","Cellular senescence","MMEA9_C2",0,0,0,1,1,9.62305385898171e-40
"Chemical carcinogenesis - reactive oxygen species7","Chemical carcinogenesis - reactive oxygen species","MMEA9_C2",0,0,0,1,1,1.57786012076029e-40
"Colorectal cancer7","Colorectal cancer","MMEA9_C2",0,0,0,1,1,2.10223325579785e-42
"Salmonella infection7","Salmonella infection","MMEA9_C2",0,0,0,1,1,4.04538350976811e-38
"ATP-dependent chromatin remodeling7","ATP-dependent chromatin remodeling","MMEA9_C2",1,0,1,0.152858809801634,1,2.10464748614125e-45
"Diabetic cardiomyopathy7","Diabetic cardiomyopathy","MMEA9_C2",0,0,0,1,1,3.6310368423255e-40
"Spliceosome7","Spliceosome","MMEA9_C2",0,0,0,1,1,1.62020676864137e-45
"Viral carcinogenesis7","Viral carcinogenesis","MMEA9_C2",0,0,0,1,1,9.59772330191189e-41
"Pathways of neurodegeneration - multiple diseases7","Pathways of neurodegeneration - multiple diseases","MMEA9_C2",0,1,-1,0.537922987164527,1,5.27282161070556e-33
"Pancreatic cancer7","Pancreatic cancer","MMEA9_C2",0,0,0,1,1,2.52585397805601e-44
"Chronic myeloid leukemia7","Chronic myeloid leukemia","MMEA9_C2",0,0,0,1,1,5.38738859313737e-44
"Polycomb repressive complex7","Polycomb repressive complex","MMEA9_C2",0,0,0,1,1,1.70287432216467e-46
"Alzheimer disease7","Alzheimer disease","MMEA9_C2",0,0,0,1,1,2.28201200459281e-35
"Non-alcoholic fatty liver disease7","Non-alcoholic fatty liver disease","MMEA9_C2",0,0,0,1,1,3.01911710079989e-41
"Nucleocytoplasmic transport7","Nucleocytoplasmic transport","MMEA9_C2",0,0,0,1,1,7.00487403336205e-44
"Human T-cell leukemia virus 1 infection7","Human T-cell leukemia virus 1 infection","MMEA9_C2",0,0,0,1,1,2.15381276647561e-40
"Nucleotide excision repair7","Nucleotide excision repair","MMEA9_C2",0,0,0,1,1,1.51422843144748e-48
"Oxidative phosphorylation7","Oxidative phosphorylation","MMEA9_C2",0,0,0,1,1,1.68319345248972e-45
"Renal cell carcinoma7","Renal cell carcinoma","MMEA9_C2",0,0,0,1,1,1.33261674549979e-45
"Axon guidance7","Axon guidance","MMEA9_C2",0,0,0,1,1,4.78039439824397e-39
"Endometrial cancer7","Endometrial cancer","MMEA9_C2",0,0,0,1,1,5.98307805402309e-45
"mRNA surveillance pathway7","mRNA surveillance pathway","MMEA9_C2",0,0,0,1,1,8.2312683619028e-45
"Focal adhesion7","Focal adhesion","MMEA9_C2",1,0,1,0.381563593932322,1,7.84625211655514e-38
"Adherens junction7","Adherens junction","MMEA9_C2",0,0,0,1,1,2.701611100911e-41
"Prion disease7","Prion disease","MMEA9_C2",0,0,0,1,1,8.91058256778146e-41
"Lysosome7","Lysosome","MMEA9_C2",0,0,0,1,1,3.43177430484701e-45
"MAPK signaling pathway7","MAPK signaling pathway","MMEA9_C2",1,0,1,0.483080513418903,1,1.62368234169327e-33
"Sphingolipid signaling pathway7","Sphingolipid signaling pathway","MMEA9_C2",0,0,0,1,1,7.30479717940729e-43
"Fanconi anemia pathway7","Fanconi anemia pathway","MMEA9_C2",0,0,0,1,1,3.18164768645688e-48
"Neurotrophin signaling pathway7","Neurotrophin signaling pathway","MMEA9_C2",0,0,0,1,1,3.18035672355319e-42
"Phosphatidylinositol signaling system7","Phosphatidylinositol signaling system","MMEA9_C2",0,0,0,1,1,1.04635020542765e-43
"Prostate cancer7","Prostate cancer","MMEA9_C2",0,0,0,1,1,2.32374354640679e-42
"Aminoacyl-tRNA biosynthesis7","Aminoacyl-tRNA biosynthesis","MMEA9_C2",0,0,0,1,1,5.03081112554148e-48
"Base excision repair7","Base excision repair","MMEA9_C2",0,0,0,1,1,1.50411614679729e-49
"p53 signaling pathway7","p53 signaling pathway","MMEA9_C2",0,0,0,1,1,2.29213875352645e-46
"EGFR tyrosine kinase inhibitor resistance7","EGFR tyrosine kinase inhibitor resistance","MMEA9_C2",0,0,0,1,1,4.93064028098471e-43
"Small cell lung cancer7","Small cell lung cancer","MMEA9_C2",0,0,0,1,1,5.66839127352422e-45
"RNA degradation7","RNA degradation","MMEA9_C2",0,0,0,1,1,1.86075787405697e-47
"mTOR signaling pathway7","mTOR signaling pathway","MMEA9_C2",0,0,0,1,1,8.06713053940867e-40
"Endocrine resistance7","Endocrine resistance","MMEA9_C2",0,0,0,1,1,1.26363699686815e-43
"Lysine degradation7","Lysine degradation","MMEA9_C2",0,0,0,1,1,7.15977271313338e-47
"Viral life cycle - HIV-17","Viral life cycle - HIV-1","MMEA9_C2",0,0,0,1,1,4.40726843632116e-47
"Longevity regulating pathway7","Longevity regulating pathway","MMEA9_C2",0,0,0,1,1,7.23274990753793e-44
"Insulin resistance7","Insulin resistance","MMEA9_C2",0,0,0,1,1,3.73959590552842e-42
"Inositol phosphate metabolism7","Inositol phosphate metabolism","MMEA9_C2",0,0,0,1,1,7.04794881241524e-45
"Platinum drug resistance7","Platinum drug resistance","MMEA9_C2",0,0,0,1,1,3.49880874916637e-45
"Bacterial invasion of epithelial cells7","Bacterial invasion of epithelial cells","MMEA9_C2",0,0,0,1,1,1.34442372082205e-44
"Hepatocellular carcinoma7","Hepatocellular carcinoma","MMEA9_C2",0,0,0,1,1,8.57094078826474e-39
"Insulin signaling pathway7","Insulin signaling pathway","MMEA9_C2",0,0,0,1,1,7.53694948322681e-42
"Human cytomegalovirus infection7","Human cytomegalovirus infection","MMEA9_C2",0,0,0,1,1,3.82210489529938e-39
"Human papillomavirus infection7","Human papillomavirus infection","MMEA9_C2",0,1,-1,0.570595099183197,1,4.47658435376681e-33
"Proteoglycans in cancer7","Proteoglycans in cancer","MMEA9_C2",1,0,1,0.379229871645274,1,1.31866098377167e-37
"TGF-beta signaling pathway7","TGF-beta signaling pathway","MMEA9_C2",0,0,0,1,1,1.66864240540786e-40
"RNA polymerase7","RNA polymerase","MMEA9_C2",0,0,0,1,1,2.87093147176489e-49
"FoxO signaling pathway7","FoxO signaling pathway","MMEA9_C2",0,0,0,1,1,2.9156633147155e-42
"AGE-RAGE signaling pathway in diabetic complications7","AGE-RAGE signaling pathway in diabetic complications","MMEA9_C2",0,0,0,1,1,7.03608719685948e-42
"Hepatitis B7","Hepatitis B","MMEA9_C2",0,0,0,1,1,3.65885644888776e-41
"Longevity regulating pathway - multiple species7","Longevity regulating pathway - multiple species","MMEA9_C2",0,0,0,1,1,2.09930981737329e-46
"Yersinia infection7","Yersinia infection","MMEA9_C2",1,0,1,0.220536756126021,1,2.54845582411494e-43
"N-Glycan biosynthesis7","N-Glycan biosynthesis","MMEA9_C2",0,0,0,1,1,2.72202207560573e-47
"Non-small cell lung cancer7","Non-small cell lung cancer","MMEA9_C2",0,0,0,1,1,5.91145207774833e-46
"Rap1 signaling pathway7","Rap1 signaling pathway","MMEA9_C2",1,0,1,0.399066511085181,1,7.34665359190015e-37
"Choline metabolism in cancer7","Choline metabolism in cancer","MMEA9_C2",0,0,0,1,1,2.1205098393128e-44
"TNF signaling pathway7","TNF signaling pathway","MMEA9_C2",0,0,0,1,1,6.20596332410936e-44
"Glioma7","Glioma","MMEA9_C2",0,0,0,1,1,4.16773441514075e-46
"Human immunodeficiency virus 1 infection7","Human immunodeficiency virus 1 infection","MMEA9_C2",0,0,0,1,1,2.35076216711298e-41
"Apoptosis7","Apoptosis","MMEA9_C2",0,0,0,1,1,4.3040292080083e-42
"AMPK signaling pathway7","AMPK signaling pathway","MMEA9_C2",0,0,0,1,1,2.90244765727732e-42
"Fatty acid metabolism7","Fatty acid metabolism","MMEA9_C2",0,0,0,1,1,9.94573316261245e-48
"DNA replication7","DNA replication","MMEA9_C2",0,0,0,1,1,2.11082121469362e-49
"Pathogenic Escherichia coli infection7","Pathogenic Escherichia coli infection","MMEA9_C2",0,0,0,1,1,1.27549706934426e-39
"PD-L1 expression and PD-1 checkpoint pathway in cancer7","PD-L1 expression and PD-1 checkpoint pathway in cancer","MMEA9_C2",0,0,0,1,1,1.25606277605611e-44
"Hippo signaling pathway7","Hippo signaling pathway","MMEA9_C2",0,0,0,1,1,8.74293364272758e-39
"Valine, leucine and isoleucine degradation7","Valine, leucine and isoleucine degradation","MMEA9_C2",0,0,0,1,1,1.48717231722839e-48
"Peroxisome7","Peroxisome","MMEA9_C2",0,0,0,1,1,5.82477135748337e-47
"Homologous recombination7","Homologous recombination","MMEA9_C2",0,0,0,1,1,4.24490664027139e-50
"Bladder cancer7","Bladder cancer","MMEA9_C2",0,0,0,1,1,1.98791673987782e-47
"Fluid shear stress and atherosclerosis7","Fluid shear stress and atherosclerosis","MMEA9_C2",0,0,0,1,1,2.71973310912561e-41
"SNARE interactions in vesicular transport7","SNARE interactions in vesicular transport","MMEA9_C2",0,0,0,1,1,2.19253021309204e-49
"Autophagy - other7","Autophagy - other","MMEA9_C2",0,0,0,1,1,6.54209076000628e-50
"Proteasome7","Proteasome","MMEA9_C2",0,0,0,1,1,2.07520836930252e-49
"Protein export7","Protein export","MMEA9_C2",0,0,0,1,1,1.98482443902445e-50
"Thyroid hormone signaling pathway7","Thyroid hormone signaling pathway","MMEA9_C2",0,0,0,1,1,3.13073180818088e-43
"Amino sugar and nucleotide sugar metabolism7","Amino sugar and nucleotide sugar metabolism","MMEA9_C2",0,0,0,1,1,1.2844542784086e-47
"Nucleotide metabolism7","Nucleotide metabolism","MMEA9_C2",0,0,0,1,1,4.42371004902982e-46
"ErbB signaling pathway7","ErbB signaling pathway","MMEA9_C2",0,0,0,1,1,2.53158345646162e-45
"Thyroid cancer7","Thyroid cancer","MMEA9_C2",0,0,0,1,1,7.5658201147758e-48
"Various types of N-glycan biosynthesis7","Various types of N-glycan biosynthesis","MMEA9_C2",0,0,0,1,1,2.18356885592494e-48
"Spinocerebellar ataxia7","Spinocerebellar ataxia","MMEA9_C2",0,0,0,1,1,3.84913187949009e-43
"Basal transcription factors7","Basal transcription factors","MMEA9_C2",0,0,0,1,1,3.30827092494479e-49
"Regulation of actin cytoskeleton7","Regulation of actin cytoskeleton","MMEA9_C2",1,0,1,0.371061843640607,1,6.03673695642759e-38
"Melanoma7","Melanoma","MMEA9_C2",0,0,0,1,1,7.9213848962304e-46
"Tight junction7","Tight junction","MMEA9_C2",1,0,1,0.327887981330222,1,3.00294980011376e-39
"Apoptosis - multiple species7","Apoptosis - multiple species","MMEA9_C2",0,0,0,1,1,5.72156474662238e-49
"Glycosylphosphatidylinositol (GPI)-anchor biosynthesis7","Glycosylphosphatidylinositol (GPI)-anchor biosynthesis","MMEA9_C2",0,0,0,1,1,3.29789071789768e-51
"Biosynthesis of nucleotide sugars7","Biosynthesis of nucleotide sugars","MMEA9_C2",0,0,0,1,1,2.18356885592494e-48
"Epithelial cell signaling in Helicobacter pylori infection7","Epithelial cell signaling in Helicobacter pylori infection","MMEA9_C2",0,0,0,1,1,5.8307366210689e-46
"Epstein-Barr virus infection7","Epstein-Barr virus infection","MMEA9_C2",0,0,0,1,1,1.45679793847091e-44
"Selenocompound metabolism7","Selenocompound metabolism","MMEA9_C2",0,0,0,1,1,1.26684265092117e-50
"Other types of O-glycan biosynthesis7","Other types of O-glycan biosynthesis","MMEA9_C2",0,0,0,1,1,5.31826006347554e-48
"Notch signaling pathway7","Notch signaling pathway","MMEA9_C2",0,0,0,1,1,7.38489490253331e-48
"Fc gamma R-mediated phagocytosis7","Fc gamma R-mediated phagocytosis","MMEA9_C2",1,0,1,0.176196032672112,1,5.16014097046917e-45
"Citrate cycle (TCA cycle)7","Citrate cycle (TCA cycle)","MMEA9_C2",0,0,0,1,1,9.14945056321177e-50
"Apelin signaling pathway7","Apelin signaling pathway","MMEA9_C2",0,0,0,1,1,5.31820912827399e-42
"Mismatch repair7","Mismatch repair","MMEA9_C2",0,0,0,1,1,2.10218411807079e-50
"Carbon metabolism7","Carbon metabolism","MMEA9_C2",0,0,0,1,1,1.92229186956644e-42
"Hedgehog signaling pathway7","Hedgehog signaling pathway","MMEA9_C2",0,0,0,1,1,3.51834720061131e-45
"Chagas disease7","Chagas disease","MMEA9_C2",0,0,0,1,1,3.43536002109245e-45
"Growth hormone synthesis, secretion and action7","Growth hormone synthesis, secretion and action","MMEA9_C2",0,0,0,1,1,2.52539117686827e-44
"Kaposi sarcoma-associated herpesvirus infection7","Kaposi sarcoma-associated herpesvirus infection","MMEA9_C2",0,0,0,1,1,2.2026586639078e-40
"Hippo signaling pathway - multiple species7","Hippo signaling pathway - multiple species","MMEA9_C2",0,0,0,1,1,1.74105306102101e-49
"VEGF signaling pathway7","VEGF signaling pathway","MMEA9_C2",0,0,0,1,1,3.43124072916418e-48
"Gap junction7","Gap junction","MMEA9_C2",0,0,0,1,1,2.13429837328805e-45
"Vasopressin-regulated water reabsorption7","Vasopressin-regulated water reabsorption","MMEA9_C2",0,0,0,1,1,1.67076179676087e-48
"Progesterone-mediated oocyte maturation7","Progesterone-mediated oocyte maturation","MMEA9_C2",0,0,0,1,1,3.98023679194495e-45
"Glycosaminoglycan biosynthesis - chondroitin sulfate / dermatan sulfate7","Glycosaminoglycan biosynthesis - chondroitin sulfate / dermatan sulfate","MMEA9_C2",0,0,0,1,1,1.52288381531533e-49
"T cell receptor signaling pathway7","T cell receptor signaling pathway","MMEA9_C2",1,0,1,0.166861143523921,1,1.23988504528627e-44
"Oocyte meiosis7","Oocyte meiosis","MMEA9_C2",0,0,0,1,1,2.1066777430267e-43
"Phospholipase D signaling pathway7","Phospholipase D signaling pathway","MMEA9_C2",0,0,0,1,1,1.03050087491412e-41
"Acute myeloid leukemia7","Acute myeloid leukemia","MMEA9_C2",0,0,0,1,1,1.47055413485174e-45
"One carbon pool by folate7","One carbon pool by folate","MMEA9_C2",0,0,0,1,1,1.34345156706716e-50
"Propanoate metabolism7","Propanoate metabolism","MMEA9_C2",0,0,0,1,1,4.10828207383059e-50
"Wnt signaling pathway7","Wnt signaling pathway","MMEA9_C2",0,0,0,1,1,1.26946803757294e-38
"Breast cancer7","Breast cancer","MMEA9_C2",0,0,0,1,1,4.39771270347882e-41
"Adipocytokine signaling pathway7","Adipocytokine signaling pathway","MMEA9_C2",0,0,0,1,1,1.53840482481431e-45
"Central carbon metabolism in cancer7","Central carbon metabolism in cancer","MMEA9_C2",0,0,0,1,1,2.33617774814248e-44
"Glyoxylate and dicarboxylate metabolism7","Glyoxylate and dicarboxylate metabolism","MMEA9_C2",0,0,0,1,1,6.54209076000628e-50
"Relaxin signaling pathway7","Relaxin signaling pathway","MMEA9_C2",0,0,0,1,1,3.62863550207858e-42
"Ferroptosis7","Ferroptosis","MMEA9_C2",0,0,0,1,1,8.82830984704526e-49
"Sphingolipid metabolism7","Sphingolipid metabolism","MMEA9_C2",0,0,0,1,1,2.93418074522307e-49
"Toxoplasmosis7","Toxoplasmosis","MMEA9_C2",0,0,0,1,1,3.33908959932664e-48
"Ras signaling pathway7","Ras signaling pathway","MMEA9_C2",0,0,0,1,1,2.29627624787453e-39
"Pyrimidine metabolism7","Pyrimidine metabolism","MMEA9_C2",0,0,0,1,1,1.40331889442813e-47
"GnRH signaling pathway7","GnRH signaling pathway","MMEA9_C2",0,0,0,1,1,1.8050263376696e-46
"Coronavirus disease - COVID-197","Coronavirus disease - COVID-19","MMEA9_C2",0,0,0,1,1,1.65122609578034e-41
"Mannose type O-glycan biosynthesis7","Mannose type O-glycan biosynthesis","MMEA9_C2",0,0,0,1,1,3.73724830592751e-50
"Terpenoid backbone biosynthesis7","Terpenoid backbone biosynthesis","MMEA9_C2",0,0,0,1,1,1.0565062389844e-50
"Cysteine and methionine metabolism7","Cysteine and methionine metabolism","MMEA9_C2",0,0,0,1,1,1.29902031274767e-48
"Circadian rhythm7","Circadian rhythm","MMEA9_C2",0,0,0,1,1,6.19631357120175e-49
"Fatty acid elongation7","Fatty acid elongation","MMEA9_C2",0,0,0,1,1,4.24490664027139e-50
"Biosynthesis of unsaturated fatty acids7","Biosynthesis of unsaturated fatty acids","MMEA9_C2",0,0,0,1,1,1.09360935403239e-50
"Inflammatory mediator regulation of TRP channels7","Inflammatory mediator regulation of TRP channels","MMEA9_C2",0,0,0,1,1,2.36567087523417e-44
"Parathyroid hormone synthesis, secretion and action7","Parathyroid hormone synthesis, secretion and action","MMEA9_C2",0,0,0,1,1,1.98348292966389e-43
"Sulfur metabolism7","Sulfur metabolism","MMEA9_C2",0,0,0,1,1,1.42033799064128e-51
"Vibrio cholerae infection7","Vibrio cholerae infection","MMEA9_C2",0,0,0,1,1,9.93708264706708e-48
"Signaling pathways regulating pluripotency of stem cells7","Signaling pathways regulating pluripotency of stem cells","MMEA9_C2",0,0,0,1,1,3.35267038872342e-40
"HIF-1 signaling pathway7","HIF-1 signaling pathway","MMEA9_C2",0,0,0,1,1,1.7668427775026e-42
"Purine metabolism7","Purine metabolism","MMEA9_C2",0,0,0,1,1,1.23026294704215e-44
"Fatty acid degradation7","Fatty acid degradation","MMEA9_C2",0,0,0,1,1,1.28738900076944e-48
"Glutathione metabolism7","Glutathione metabolism","MMEA9_C2",0,0,0,1,1,3.43410729770071e-48
"Transcriptional misregulation in cancer7","Transcriptional misregulation in cancer","MMEA9_C2",0,0,0,1,1,6.498199246471e-41
"2-Oxocarboxylic acid metabolism7","2-Oxocarboxylic acid metabolism","MMEA9_C2",0,0,0,1,1,2.11082121469362e-49
"Adrenergic signaling in cardiomyocytes7","Adrenergic signaling in cardiomyocytes","MMEA9_C2",1,0,1,0.236872812135356,1,2.56504997349165e-42
"Gastric cancer7","Gastric cancer","MMEA9_C2",0,0,0,1,1,8.35243929281354e-40
"Long-term potentiation7","Long-term potentiation","MMEA9_C2",0,0,0,1,1,8.0034828458974e-48
"Motor proteins7","Motor proteins","MMEA9_C2",0,0,0,1,1,7.14169621818573e-40
"Biosynthesis of amino acids7","Biosynthesis of amino acids","MMEA9_C2",0,0,0,1,1,1.08225937618001e-45
"Other glycan degradation7","Other glycan degradation","MMEA9_C2",0,0,0,1,1,1.02804050922633e-50
"Non-homologous end-joining7","Non-homologous end-joining","MMEA9_C2",0,0,0,1,1,1.99306969694684e-51
"Glycerophospholipid metabolism7","Glycerophospholipid metabolism","MMEA9_C2",0,0,0,1,1,1.07339040046624e-44
"C-type lectin receptor signaling pathway7","C-type lectin receptor signaling pathway","MMEA9_C2",0,0,0,1,1,3.53231346911351e-46
"Lipid and atherosclerosis7","Lipid and atherosclerosis","MMEA9_C2",1,0,1,0.269544924154026,1,5.27788166442436e-41
"Hepatitis C7","Hepatitis C","MMEA9_C2",0,0,0,1,1,5.50259347826523e-42
"PI3K-Akt signaling pathway7","PI3K-Akt signaling pathway","MMEA9_C2",0,1,-1,0.571761960326721,1,2.33476074688352e-32
"Long-term depression7","Long-term depression","MMEA9_C2",0,0,0,1,1,6.05927653723896e-48
"Arrhythmogenic right ventricular cardiomyopathy7","Arrhythmogenic right ventricular cardiomyopathy","MMEA9_C2",0,0,0,1,1,2.5132886994772e-44
"Necroptosis7","Necroptosis","MMEA9_C2",0,0,0,1,1,7.74338316870523e-44
"Retrograde endocannabinoid signaling7","Retrograde endocannabinoid signaling","MMEA9_C2",0,0,0,1,1,1.24024174500743e-45
"Pantothenate and CoA biosynthesis7","Pantothenate and CoA biosynthesis","MMEA9_C2",0,0,0,1,1,1.76695352612904e-50
"Cushing syndrome7","Cushing syndrome","MMEA9_C2",0,0,0,1,1,1.52374428296283e-42
"Fructose and mannose metabolism7","Fructose and mannose metabolism","MMEA9_C2",0,0,0,1,1,1.67076179676087e-48
"Platelet activation7","Platelet activation","MMEA9_C2",0,0,0,1,1,2.18464840828382e-42
"Efferocytosis7","Efferocytosis","MMEA9_C2",0,0,0,1,1,1.17227706660519e-42
"Antifolate resistance7","Antifolate resistance","MMEA9_C2",0,0,0,1,1,1.99136979811663e-49
"Alcoholism7","Alcoholism","MMEA9_C2",0,0,0,1,1,3.53422697714017e-45
"Melanogenesis7","Melanogenesis","MMEA9_C2",0,0,0,1,1,2.7790594005226e-45
"Prolactin signaling pathway7","Prolactin signaling pathway","MMEA9_C2",0,0,0,1,1,4.99018437227872e-46
"Glycerolipid metabolism7","Glycerolipid metabolism","MMEA9_C2",0,0,0,1,1,1.25110995098336e-47
"Dopaminergic synapse7","Dopaminergic synapse","MMEA9_C2",0,0,0,1,1,1.0218471026255e-44
"Glycosphingolipid biosynthesis - ganglio series7","Glycosphingolipid biosynthesis - ganglio series","MMEA9_C2",0,0,0,1,1,1.89602075244608e-50
"Mucin type O-glycan biosynthesis7","Mucin type O-glycan biosynthesis","MMEA9_C2",0,0,0,1,1,2.25391018373383e-48
"Lipoic acid metabolism7","Lipoic acid metabolism","MMEA9_C2",0,0,0,1,1,3.15484383576543e-51
"NF-kappa B signaling pathway7","NF-kappa B signaling pathway","MMEA9_C2",0,0,0,1,1,5.16014097046917e-45
"Oxytocin signaling pathway7","Oxytocin signaling pathway","MMEA9_C2",0,0,0,1,1,4.26575151416966e-43
"Basal cell carcinoma7","Basal cell carcinoma","MMEA9_C2",0,0,0,1,1,3.160997877698e-44
"Legionellosis7","Legionellosis","MMEA9_C2",0,0,0,1,1,1.99136979811663e-49
"Measles7","Measles","MMEA9_C2",0,0,0,1,1,1.81983592780295e-43
"Biosynthesis of cofactors7","Biosynthesis of cofactors","MMEA9_C2",0,0,0,1,1,7.64755214218154e-45
"Glycosaminoglycan biosynthesis - keratan sulfate7","Glycosaminoglycan biosynthesis - keratan sulfate","MMEA9_C2",0,0,0,1,1,9.6203010368108e-51
"Alanine, aspartate and glutamate metabolism7","Alanine, aspartate and glutamate metabolism","MMEA9_C2",0,0,0,1,1,7.46527666211915e-49
"Fatty acid biosynthesis7","Fatty acid biosynthesis","MMEA9_C2",0,0,0,1,1,1.12713229693971e-50
"Hypertrophic cardiomyopathy7","Hypertrophic cardiomyopathy","MMEA9_C2",0,0,0,1,1,1.93955458857953e-42
"Glucagon signaling pathway7","Glucagon signaling pathway","MMEA9_C2",0,0,0,1,1,7.85999440045287e-46
"Glycosaminoglycan biosynthesis - heparan sulfate / heparin7","Glycosaminoglycan biosynthesis - heparan sulfate / heparin","MMEA9_C2",0,0,0,1,1,8.79546397260875e-49
"Steroid biosynthesis7","Steroid biosynthesis","MMEA9_C2",0,0,0,1,1,7.24390540178572e-52
"cGMP-PKG signaling pathway7","cGMP-PKG signaling pathway","MMEA9_C2",0,0,0,1,1,7.14974337396508e-42
"Phagosome7","Phagosome","MMEA9_C2",0,0,0,1,1,1.80610757769898e-47
"Arginine and proline metabolism7","Arginine and proline metabolism","MMEA9_C2",0,0,0,1,1,7.58247113601794e-49
"Pyruvate metabolism7","Pyruvate metabolism","MMEA9_C2",0,0,0,1,1,9.97155917266366e-50
"Type II diabetes mellitus7","Type II diabetes mellitus","MMEA9_C2",0,0,0,1,1,2.76576000494614e-47
"Dilated cardiomyopathy7","Dilated cardiomyopathy","MMEA9_C2",0,0,0,1,1,2.68206464824804e-42
"Alcoholic liver disease7","Alcoholic liver disease","MMEA9_C2",0,0,0,1,1,6.95115620252057e-43
"Leukocyte transendothelial migration7","Leukocyte transendothelial migration","MMEA9_C2",1,0,1,0.204200700116686,1,2.73689148716038e-43
"Glycosaminoglycan degradation7","Glycosaminoglycan degradation","MMEA9_C2",0,0,0,1,1,4.84576170170557e-51
"Endocrine and other factor-regulated calcium reabsorption7","Endocrine and other factor-regulated calcium reabsorption","MMEA9_C2",0,0,0,1,1,1.04706297558163e-48
"Ubiquinone and other terpenoid-quinone biosynthesis7","Ubiquinone and other terpenoid-quinone biosynthesis","MMEA9_C2",0,0,0,1,1,7.24390540178572e-52
"Fc epsilon RI signaling pathway7","Fc epsilon RI signaling pathway","MMEA9_C2",1,0,1,0.0956826137689615,1,1.2622870070101e-47
"Glycine, serine and threonine metabolism7","Glycine, serine and threonine metabolism","MMEA9_C2",0,0,0,1,1,1.15343153239825e-49
"Pertussis7","Pertussis","MMEA9_C2",0,0,0,1,1,1.99047010114731e-48
"Aldosterone synthesis and secretion7","Aldosterone synthesis and secretion","MMEA9_C2",0,0,0,1,1,7.15977271313338e-47
"Regulation of lipolysis in adipocytes7","Regulation of lipolysis in adipocytes","MMEA9_C2",0,0,0,1,1,1.45820557303913e-47
"Cholinergic synapse7","Cholinergic synapse","MMEA9_C2",0,0,0,1,1,5.16129075289774e-45
"Osteoclast differentiation7","Osteoclast differentiation","MMEA9_C2",0,0,0,1,1,8.80615717435333e-43
"Pentose phosphate pathway7","Pentose phosphate pathway","MMEA9_C2",0,0,0,1,1,9.4146011083603e-50
"beta-Alanine metabolism7","beta-Alanine metabolism","MMEA9_C2",0,0,0,1,1,5.78128150231541e-50
"PPAR signaling pathway7","PPAR signaling pathway","MMEA9_C2",0,0,0,1,1,1.81569380830392e-47
"Folate biosynthesis7","Folate biosynthesis","MMEA9_C2",0,0,0,1,1,4.24490664027139e-50
"Influenza A7","Influenza A","MMEA9_C2",0,0,0,1,1,1.08933931995407e-46
"Th17 cell differentiation7","Th17 cell differentiation","MMEA9_C2",0,0,0,1,1,2.95604820289119e-47
"Cardiac muscle contraction7","Cardiac muscle contraction","MMEA9_C2",0,0,0,1,1,7.15977271313338e-47
"Nicotinate and nicotinamide metabolism7","Nicotinate and nicotinamide metabolism","MMEA9_C2",0,0,0,1,1,1.24272673989533e-48
"Aldosterone-regulated sodium reabsorption7","Aldosterone-regulated sodium reabsorption","MMEA9_C2",0,0,0,1,1,9.9499358713089e-49
"Neutrophil extracellular trap formation7","Neutrophil extracellular trap formation","MMEA9_C2",0,0,0,1,1,3.32550790785669e-46
"Th1 and Th2 cell differentiation7","Th1 and Th2 cell differentiation","MMEA9_C2",0,0,0,1,1,3.58972693191952e-50
"NOD-like receptor signaling pathway7","NOD-like receptor signaling pathway","MMEA9_C2",0,0,0,1,1,5.74617077502506e-42
"Cortisol synthesis and secretion7","Cortisol synthesis and secretion","MMEA9_C2",0,0,0,1,1,1.61899251933361e-47
"GnRH secretion7","GnRH secretion","MMEA9_C2",0,0,0,1,1,4.52457432360461e-47
"Vascular smooth muscle contraction7","Vascular smooth muscle contraction","MMEA9_C2",0,0,0,1,1,3.84752930645712e-43
"Estrogen signaling pathway7","Estrogen signaling pathway","MMEA9_C2",0,0,0,1,1,7.38784184703224e-44
"RIG-I-like receptor signaling pathway7","RIG-I-like receptor signaling pathway","MMEA9_C2",0,0,0,1,1,1.06639683800121e-48
"Amoebiasis7","Amoebiasis","MMEA9_C2",0,0,0,1,1,6.07819941052193e-44
"ECM-receptor interaction7","ECM-receptor interaction","MMEA9_C2",0,0,0,1,1,3.10228293781723e-44
"Renin secretion7","Renin secretion","MMEA9_C2",0,0,0,1,1,1.40331889442813e-47
"Collecting duct acid secretion7","Collecting duct acid secretion","MMEA9_C2",0,0,0,1,1,2.63858589710749e-50
"Viral myocarditis7","Viral myocarditis","MMEA9_C2",0,0,0,1,1,2.73150648457622e-51
"B cell receptor signaling pathway7","B cell receptor signaling pathway","MMEA9_C2",1,0,1,0.122520420070012,1,1.86665322781186e-46
"Glutamatergic synapse7","Glutamatergic synapse","MMEA9_C2",0,0,0,1,1,2.68826525860924e-46
"Cytosolic DNA-sensing pathway7","Cytosolic DNA-sensing pathway","MMEA9_C2",0,0,0,1,1,2.11082121469362e-49
"Glycosphingolipid biosynthesis - globo and isoglobo series7","Glycosphingolipid biosynthesis - globo and isoglobo series","MMEA9_C2",0,0,0,1,1,2.68464193109289e-51
"Galactose metabolism7","Galactose metabolism","MMEA9_C2",0,0,0,1,1,2.11082121469362e-49
"Arginine biosynthesis7","Arginine biosynthesis","MMEA9_C2",0,0,0,1,1,3.27950571138925e-51
"Toll-like receptor signaling pathway7","Toll-like receptor signaling pathway","MMEA9_C2",0,0,0,1,1,4.79947021640633e-47
"Thiamine metabolism7","Thiamine metabolism","MMEA9_C2",0,0,0,1,1,1.02804050922633e-50
"Circadian entrainment7","Circadian entrainment","MMEA9_C2",0,0,0,1,1,3.18333802613705e-46
"Morphine addiction7","Morphine addiction","MMEA9_C2",0,0,0,1,1,4.42696251281769e-47
"Ether lipid metabolism7","Ether lipid metabolism","MMEA9_C2",0,0,0,1,1,1.50411614679729e-49
"Ribosome biogenesis in eukaryotes7","Ribosome biogenesis in eukaryotes","MMEA9_C2",0,0,0,1,1,1.64014752327688e-46
"Synaptic vesicle cycle7","Synaptic vesicle cycle","MMEA9_C2",0,0,0,1,1,2.8005148795131e-48
"Tryptophan metabolism7","Tryptophan metabolism","MMEA9_C2",0,0,0,1,1,7.59152510525596e-50
"Proximal tubule bicarbonate reclamation7","Proximal tubule bicarbonate reclamation","MMEA9_C2",0,0,0,1,1,4.16061907955415e-51
"Chemical carcinogenesis - receptor activation7","Chemical carcinogenesis - receptor activation","MMEA9_C2",0,0,0,1,1,1.17994439150036e-40
"Leishmaniasis7","Leishmaniasis","MMEA9_C2",0,0,0,1,1,3.38207164625255e-50
"Glycosphingolipid biosynthesis - lacto and neolacto series7","Glycosphingolipid biosynthesis - lacto and neolacto series","MMEA9_C2",0,0,0,1,1,2.38957217935596e-50
"Amphetamine addiction7","Amphetamine addiction","MMEA9_C2",0,0,0,1,1,4.70775386816378e-48
"Thyroid hormone synthesis7","Thyroid hormone synthesis","MMEA9_C2",0,0,0,1,1,1.86466770376606e-47
"Butanoate metabolism7","Butanoate metabolism","MMEA9_C2",0,0,0,1,1,2.14258364344893e-51
"ABC transporters7","ABC transporters","MMEA9_C2",0,0,0,1,1,1.99780769405994e-48
"Antigen processing and presentation7","Antigen processing and presentation","MMEA9_C2",0,0,0,1,1,9.39612986002201e-51
"Ovarian steroidogenesis7","Ovarian steroidogenesis","MMEA9_C2",0,0,0,1,1,7.59152510525596e-50
"Rheumatoid arthritis7","Rheumatoid arthritis","MMEA9_C2",0,0,0,1,1,1.74105306102101e-49
"IL-17 signaling pathway7","IL-17 signaling pathway","MMEA9_C2",0,0,0,1,1,1.9036268613216e-46
"Renin-angiotensin system7","Renin-angiotensin system","MMEA9_C2",0,0,0,1,1,3.81143486158973e-51
"Nitrogen metabolism7","Nitrogen metabolism","MMEA9_C2",0,0,0,1,1,2.3612959138543e-51
"Tuberculosis7","Tuberculosis","MMEA9_C2",0,0,0,1,1,9.52655382475972e-47
"Drug metabolism - other enzymes7","Drug metabolism - other enzymes","MMEA9_C2",0,0,0,1,1,5.85779796377428e-48
"Glycolysis / Gluconeogenesis7","Glycolysis / Gluconeogenesis","MMEA9_C2",0,0,0,1,1,7.67012377789518e-48
"Gastric acid secretion7","Gastric acid secretion","MMEA9_C2",0,0,0,1,1,4.49922828597292e-47
"Cholesterol metabolism7","Cholesterol metabolism","MMEA9_C2",0,0,0,1,1,3.62427615926324e-50
"African trypanosomiasis7","African trypanosomiasis","MMEA9_C2",0,0,0,1,1,3.05801923032711e-50
"GABAergic synapse7","GABAergic synapse","MMEA9_C2",0,0,0,1,1,4.63295668645974e-48
"Chemokine signaling pathway7","Chemokine signaling pathway","MMEA9_C2",1,0,1,0.245040840140023,1,5.62841165218745e-42
"Insulin secretion7","Insulin secretion","MMEA9_C2",0,0,0,1,1,3.53231346911351e-46
"Cocaine addiction7","Cocaine addiction","MMEA9_C2",0,0,0,1,1,2.87093147176489e-49
"Mineral absorption7","Mineral absorption","MMEA9_C2",0,0,0,1,1,6.50821011536484e-49
"Histidine metabolism7","Histidine metabolism","MMEA9_C2",0,0,0,1,1,4.40250081812861e-51
"Vitamin digestion and absorption7","Vitamin digestion and absorption","MMEA9_C2",0,0,0,1,1,2.68464193109289e-51
"Systemic lupus erythematosus7","Systemic lupus erythematosus","MMEA9_C2",0,0,0,1,1,9.39612986002201e-51
"Phenylalanine metabolism7","Phenylalanine metabolism","MMEA9_C2",0,0,0,1,1,1.05602064215144e-51
"Taurine and hypotaurine metabolism7","Taurine and hypotaurine metabolism","MMEA9_C2",0,0,0,1,1,2.14258364344893e-51
"Starch and sucrose metabolism7","Starch and sucrose metabolism","MMEA9_C2",0,0,0,1,1,2.25403147348353e-49
"cAMP signaling pathway7","cAMP signaling pathway","MMEA9_C2",2,0,1.58496250072116,0.0700116686114352,1,7.08444782533323e-41
"Protein digestion and absorption7","Protein digestion and absorption","MMEA9_C2",0,0,0,1,1,4.33154704271884e-43
"Primary bile acid biosynthesis7","Primary bile acid biosynthesis","MMEA9_C2",0,0,0,1,1,5.61922915398695e-52
"Calcium signaling pathway7","Calcium signaling pathway","MMEA9_C2",0,0,0,1,1,1.70471539752718e-39
"Porphyrin metabolism7","Porphyrin metabolism","MMEA9_C2",0,0,0,1,1,1.95367592511793e-50
"Malaria7","Malaria","MMEA9_C2",0,0,0,1,1,9.48276396282129e-48
"alpha-Linolenic acid metabolism7","alpha-Linolenic acid metabolism","MMEA9_C2",0,0,0,1,1,5.61922915398695e-52
"Cell adhesion molecules7","Cell adhesion molecules","MMEA9_C2",0,0,0,1,1,1.66606394861904e-47
"Carbohydrate digestion and absorption7","Carbohydrate digestion and absorption","MMEA9_C2",0,0,0,1,1,1.99047010114731e-48
"Serotonergic synapse7","Serotonergic synapse","MMEA9_C2",0,0,0,1,1,2.59745933036559e-46
"JAK-STAT signaling pathway7","JAK-STAT signaling pathway","MMEA9_C2",0,0,0,1,1,3.1185539814869e-42
"Type I diabetes mellitus7","Type I diabetes mellitus","MMEA9_C2",0,0,0,1,1,5.61922915398695e-52
"Arachidonic acid metabolism7","Arachidonic acid metabolism","MMEA9_C2",0,0,0,1,1,2.70501081922837e-50
"Salivary secretion7","Salivary secretion","MMEA9_C2",0,0,0,1,1,2.75178164703774e-47
"Inflammatory bowel disease7","Inflammatory bowel disease","MMEA9_C2",0,0,0,1,1,2.15402922196812e-50
"Natural killer cell mediated cytotoxicity7","Natural killer cell mediated cytotoxicity","MMEA9_C2",1,0,1,0.109684947491249,1,3.00665772124523e-47
"Tyrosine metabolism7","Tyrosine metabolism","MMEA9_C2",0,0,0,1,1,2.73150648457622e-51
"Allograft rejection7","Allograft rejection","MMEA9_C2",0,0,0,1,1,5.61922915398695e-52
"Phototransduction7","Phototransduction","MMEA9_C2",0,0,0,1,1,3.81143486158973e-51
"Primary immunodeficiency7","Primary immunodeficiency","MMEA9_C2",0,0,0,1,1,8.54964760460064e-51
"Linoleic acid metabolism7","Linoleic acid metabolism","MMEA9_C2",0,0,0,1,1,7.24390540178572e-52
"Pentose and glucuronate interconversions7","Pentose and glucuronate interconversions","MMEA9_C2",0,0,0,1,1,2.68464193109289e-51
"Graft-versus-host disease7","Graft-versus-host disease","MMEA9_C2",0,0,0,1,1,5.61922915398695e-52
"Intestinal immune network for IgA production7","Intestinal immune network for IgA production","MMEA9_C2",0,0,0,1,1,7.24390540178572e-52
"Pancreatic secretion7","Pancreatic secretion","MMEA9_C2",0,0,0,1,1,1.98791673987782e-47
"Complement and coagulation cascades7","Complement and coagulation cascades","MMEA9_C2",0,0,0,1,1,4.61344663070012e-49
"Fat digestion and absorption7","Fat digestion and absorption","MMEA9_C2",0,0,0,1,1,1.05553180678559e-51
"Ascorbate and aldarate metabolism7","Ascorbate and aldarate metabolism","MMEA9_C2",0,0,0,1,1,1.05553180678559e-51
"MicroRNAs in cancer7","MicroRNAs in cancer","MMEA9_C2",0,0,0,1,1,7.64198281091954e-39
"Asthma7","Asthma","MMEA9_C2",0,0,0,1,1,5.61922915398695e-52
"Maturity onset diabetes of the young7","Maturity onset diabetes of the young","MMEA9_C2",0,0,0,1,1,5.61922915398695e-52
"Chemical carcinogenesis - DNA adducts7","Chemical carcinogenesis - DNA adducts","MMEA9_C2",0,0,0,1,1,3.15434635545439e-50
"Bile secretion7","Bile secretion","MMEA9_C2",0,0,0,1,1,5.75579343002139e-48
"Metabolism of xenobiotics by cytochrome P4507","Metabolism of xenobiotics by cytochrome P450","MMEA9_C2",0,0,0,1,1,1.60409067945476e-49
"Nicotine addiction7","Nicotine addiction","MMEA9_C2",0,0,0,1,1,5.61922915398695e-52
"Hematopoietic cell lineage7","Hematopoietic cell lineage","MMEA9_C2",0,0,0,1,1,2.15317253850321e-49
"Taste transduction7","Taste transduction","MMEA9_C2",0,0,0,1,1,5.07278154206418e-49
"Drug metabolism - cytochrome P4507","Drug metabolism - cytochrome P450","MMEA9_C2",0,0,0,1,1,3.94481299892078e-50
"Autoimmune thyroid disease7","Autoimmune thyroid disease","MMEA9_C2",0,0,0,1,1,5.61922915398695e-52
"Steroid hormone biosynthesis7","Steroid hormone biosynthesis","MMEA9_C2",0,0,0,1,1,2.68464193109289e-51
"Retinol metabolism7","Retinol metabolism","MMEA9_C2",0,0,0,1,1,1.67555230937571e-51
"Viral protein interaction with cytokine and cytokine receptor7","Viral protein interaction with cytokine and cytokine receptor","MMEA9_C2",0,0,0,1,1,1.9310159845463e-48
"Staphylococcus aureus infection7","Staphylococcus aureus infection","MMEA9_C2",0,0,0,1,1,1.67555230937571e-51
"Cytokine-cytokine receptor interaction7","Cytokine-cytokine receptor interaction","MMEA9_C2",0,0,0,1,1,3.6310368423255e-40
"Neuroactive ligand-receptor interaction7","Neuroactive ligand-receptor interaction","MMEA9_C2",0,0,0,1,1,9.28654722930672e-44
"Olfactory transduction7","Olfactory transduction","MMEA9_C2",0,0,0,1,1,4.49838646083609e-50
"Herpes simplex virus 1 infection8","Herpes simplex virus 1 infection","MMEA9_C3",1,1,0,1,1,8.92862743626392e-37
"Cell cycle8","Cell cycle","MMEA9_C3",0,0,0,1,1,1.43087461151252e-40
"Endocytosis8","Endocytosis","MMEA9_C3",2,0,1.58496250072116,0.176401869158879,1,8.55238816231887e-34
"Ribosome8","Ribosome","MMEA9_C3",0,0,0,1,1,2.48549627746742e-43
"Autophagy - animal8","Autophagy - animal","MMEA9_C3",0,0,0,1,1,1.37425900593345e-40
"Protein processing in endoplasmic reticulum8","Protein processing in endoplasmic reticulum","MMEA9_C3",0,0,0,1,1,7.15438385861325e-39
"Huntington disease8","Huntington disease","MMEA9_C3",0,0,0,1,1,2.34841902619475e-35
"Ubiquitin mediated proteolysis8","Ubiquitin mediated proteolysis","MMEA9_C3",0,0,0,1,1,2.64270030041375e-42
"Shigellosis8","Shigellosis","MMEA9_C3",0,0,0,1,1,8.00926379110824e-36
"Thermogenesis8","Thermogenesis","MMEA9_C3",0,0,0,1,1,6.43304331266767e-37
"Mitophagy - animal8","Mitophagy - animal","MMEA9_C3",0,0,0,1,1,2.66918454982912e-44
"Parkinson disease8","Parkinson disease","MMEA9_C3",0,0,0,1,1,8.96657886457211e-37
"Amyotrophic lateral sclerosis8","Amyotrophic lateral sclerosis","MMEA9_C3",0,1,-1,0.552570093457944,1,2.00708489680629e-33
"Cellular senescence8","Cellular senescence","MMEA9_C3",0,0,0,1,1,5.57091045105621e-39
"Chemical carcinogenesis - reactive oxygen species8","Chemical carcinogenesis - reactive oxygen species","MMEA9_C3",0,0,0,1,1,1.88866251583329e-38
"Colorectal cancer8","Colorectal cancer","MMEA9_C3",0,0,0,1,1,5.29001501804324e-43
"Salmonella infection8","Salmonella infection","MMEA9_C3",0,0,0,1,1,2.0927060218188e-36
"ATP-dependent chromatin remodeling8","ATP-dependent chromatin remodeling","MMEA9_C3",0,0,0,1,1,5.60277034810034e-42
"Diabetic cardiomyopathy8","Diabetic cardiomyopathy","MMEA9_C3",0,0,0,1,1,2.00866576795781e-38
"Spliceosome8","Spliceosome","MMEA9_C3",0,0,0,1,1,3.19205646220892e-44
"Viral carcinogenesis8","Viral carcinogenesis","MMEA9_C3",0,0,0,1,1,1.33568253783849e-38
"Pathways of neurodegeneration - multiple diseases8","Pathways of neurodegeneration - multiple diseases","MMEA9_C3",0,1,-1,0.5,1,3.50853132049057e-29
"Pancreatic cancer8","Pancreatic cancer","MMEA9_C3",0,0,0,1,1,8.35797553198598e-43
"Chronic myeloid leukemia8","Chronic myeloid leukemia","MMEA9_C3",0,0,0,1,1,4.2094997205154e-43
"Polycomb repressive complex8","Polycomb repressive complex","MMEA9_C3",0,0,0,1,1,1.27839529633011e-45
"Alzheimer disease8","Alzheimer disease","MMEA9_C3",0,1,-1,0.564252336448598,1,8.32143462374517e-32
"Non-alcoholic fatty liver disease8","Non-alcoholic fatty liver disease","MMEA9_C3",0,0,0,1,1,8.66893231130172e-41
"Nucleocytoplasmic transport8","Nucleocytoplasmic transport","MMEA9_C3",0,0,0,1,1,2.48549627746742e-43
"Human T-cell leukemia virus 1 infection8","Human T-cell leukemia virus 1 infection","MMEA9_C3",0,0,0,1,1,2.60100067437593e-40
"Nucleotide excision repair8","Nucleotide excision repair","MMEA9_C3",0,0,0,1,1,5.74541446674827e-47
"Oxidative phosphorylation8","Oxidative phosphorylation","MMEA9_C3",1,0,1,0.203271028037383,1,8.75443177409113e-44
"Renal cell carcinoma8","Renal cell carcinoma","MMEA9_C3",0,0,0,1,1,3.1688721272796e-44
"Axon guidance8","Axon guidance","MMEA9_C3",0,0,0,1,1,4.36414928092125e-35
"Endometrial cancer8","Endometrial cancer","MMEA9_C3",0,0,0,1,1,5.90810102820738e-46
"mRNA surveillance pathway8","mRNA surveillance pathway","MMEA9_C3",0,0,0,1,1,4.36936204891112e-43
"Focal adhesion8","Focal adhesion","MMEA9_C3",2,1,0.584962500721156,0.728971962616822,1,1.50476175914336e-34
"Adherens junction8","Adherens junction","MMEA9_C3",0,0,0,1,1,5.98206668827961e-41
"Prion disease8","Prion disease","MMEA9_C3",2,0,1.58496250072116,0.161214953271028,1,1.59838073106364e-37
"Lysosome8","Lysosome","MMEA9_C3",1,0,1,0.268691588785047,1,1.2490858946026e-41
"MAPK signaling pathway8","MAPK signaling pathway","MMEA9_C3",0,1,-1,0.560747663551402,1,1.43979974771624e-32
"Sphingolipid signaling pathway8","Sphingolipid signaling pathway","MMEA9_C3",0,0,0,1,1,5.14526527138967e-41
"Fanconi anemia pathway8","Fanconi anemia pathway","MMEA9_C3",0,0,0,1,1,2.61687103645402e-46
"Neurotrophin signaling pathway8","Neurotrophin signaling pathway","MMEA9_C3",0,0,0,1,1,3.40574179672357e-42
"Phosphatidylinositol signaling system8","Phosphatidylinositol signaling system","MMEA9_C3",0,0,0,1,1,3.67552625362724e-43
"Prostate cancer8","Prostate cancer","MMEA9_C3",0,0,0,1,1,9.36354049391374e-43
"Aminoacyl-tRNA biosynthesis8","Aminoacyl-tRNA biosynthesis","MMEA9_C3",0,0,0,1,1,2.42622854792267e-47
"Base excision repair8","Base excision repair","MMEA9_C3",0,0,0,1,1,1.17180504282897e-47
"p53 signaling pathway8","p53 signaling pathway","MMEA9_C3",0,0,0,1,1,1.7795544393179e-43
"EGFR tyrosine kinase inhibitor resistance8","EGFR tyrosine kinase inhibitor resistance","MMEA9_C3",0,0,0,1,1,2.02109775379657e-42
"Small cell lung cancer8","Small cell lung cancer","MMEA9_C3",0,0,0,1,1,3.41428469908935e-43
"RNA degradation8","RNA degradation","MMEA9_C3",0,0,0,1,1,7.67252040369862e-46
"mTOR signaling pathway8","mTOR signaling pathway","MMEA9_C3",1,0,1,0.324766355140187,1,3.42125559179371e-39
"Endocrine resistance8","Endocrine resistance","MMEA9_C3",0,0,0,1,1,8.19396123816045e-42
"Lysine degradation8","Lysine degradation","MMEA9_C3",0,0,0,1,1,2.88251050971649e-44
"Viral life cycle - HIV-18","Viral life cycle - HIV-1","MMEA9_C3",0,0,0,1,1,1.13773603931064e-45
"Longevity regulating pathway8","Longevity regulating pathway","MMEA9_C3",0,0,0,1,1,1.61691023532122e-43
"Insulin resistance8","Insulin resistance","MMEA9_C3",1,0,1,0.248831775700935,1,5.88630541087504e-42
"Inositol phosphate metabolism8","Inositol phosphate metabolism","MMEA9_C3",0,0,0,1,1,9.61198548054389e-46
"Platinum drug resistance8","Platinum drug resistance","MMEA9_C3",0,0,0,1,1,7.22444132794586e-45
"Bacterial invasion of epithelial cells8","Bacterial invasion of epithelial cells","MMEA9_C3",2,0,1.58496250072116,0.0607476635514019,1,3.19205646220892e-44
"Hepatocellular carcinoma8","Hepatocellular carcinoma","MMEA9_C3",0,0,0,1,1,2.31309752049261e-36
"Insulin signaling pathway8","Insulin signaling pathway","MMEA9_C3",1,0,1,0.258177570093458,1,1.68764545841908e-41
"Human cytomegalovirus infection8","Human cytomegalovirus infection","MMEA9_C3",0,0,0,1,1,5.29824032109499e-36
"Human papillomavirus infection8","Human papillomavirus infection","MMEA9_C3",1,1,0,1,1,5.46264021449222e-31
"Proteoglycans in cancer8","Proteoglycans in cancer","MMEA9_C3",2,0,1.58496250072116,0.213785046728972,1,7.26040425598667e-36
"TGF-beta signaling pathway8","TGF-beta signaling pathway","MMEA9_C3",0,0,0,1,1,6.33489870688942e-41
"RNA polymerase8","RNA polymerase","MMEA9_C3",0,0,0,1,1,4.56079508772277e-48
"FoxO signaling pathway8","FoxO signaling pathway","MMEA9_C3",0,0,0,1,1,4.00376119878498e-41
"AGE-RAGE signaling pathway in diabetic complications8","AGE-RAGE signaling pathway in diabetic complications","MMEA9_C3",0,0,0,1,1,2.60100067437593e-40
"Hepatitis B8","Hepatitis B","MMEA9_C3",0,0,0,1,1,1.71268426396009e-38
"Longevity regulating pathway - multiple species8","Longevity regulating pathway - multiple species","MMEA9_C3",0,0,0,1,1,7.19188661860249e-46
"Yersinia infection8","Yersinia infection","MMEA9_C3",0,0,0,1,1,4.9441610684677e-40
"N-Glycan biosynthesis8","N-Glycan biosynthesis","MMEA9_C3",0,0,0,1,1,5.90810102820738e-46
"Non-small cell lung cancer8","Non-small cell lung cancer","MMEA9_C3",0,0,0,1,1,1.22796405059549e-42
"Rap1 signaling pathway8","Rap1 signaling pathway","MMEA9_C3",0,0,0,1,1,6.05436242480603e-35
"Choline metabolism in cancer8","Choline metabolism in cancer","MMEA9_C3",0,0,0,1,1,9.47527037505664e-44
"TNF signaling pathway8","TNF signaling pathway","MMEA9_C3",0,0,0,1,1,1.04101592377072e-40
"Glioma8","Glioma","MMEA9_C3",0,0,0,1,1,1.61691023532122e-43
"Human immunodeficiency virus 1 infection8","Human immunodeficiency virus 1 infection","MMEA9_C3",0,0,0,1,1,1.35980816856637e-37
"Apoptosis8","Apoptosis","MMEA9_C3",0,0,0,1,1,1.38852543007157e-40
"AMPK signaling pathway8","AMPK signaling pathway","MMEA9_C3",1,0,1,0.257009345794392,1,1.48459579881609e-41
"Fatty acid metabolism8","Fatty acid metabolism","MMEA9_C3",0,0,0,1,1,1.03117154309541e-46
"DNA replication8","DNA replication","MMEA9_C3",0,0,0,1,1,1.06351292699117e-48
"Pathogenic Escherichia coli infection8","Pathogenic Escherichia coli infection","MMEA9_C3",0,0,0,1,1,2.97084682780448e-37
"PD-L1 expression and PD-1 checkpoint pathway in cancer8","PD-L1 expression and PD-1 checkpoint pathway in cancer","MMEA9_C3",0,0,0,1,1,2.64416311801065e-44
"Hippo signaling pathway8","Hippo signaling pathway","MMEA9_C3",0,0,0,1,1,2.92886259200609e-36
"Valine, leucine and isoleucine degradation8","Valine, leucine and isoleucine degradation","MMEA9_C3",0,0,0,1,1,1.31791934802264e-47
"Peroxisome8","Peroxisome","MMEA9_C3",0,0,0,1,1,3.84582092803603e-46
"Homologous recombination8","Homologous recombination","MMEA9_C3",0,0,0,1,1,5.08719264074178e-47
"Bladder cancer8","Bladder cancer","MMEA9_C3",0,0,0,1,1,6.32455640346345e-47
"Fluid shear stress and atherosclerosis8","Fluid shear stress and atherosclerosis","MMEA9_C3",2,0,1.58496250072116,0.0981308411214953,1,5.50615413645657e-41
"SNARE interactions in vesicular transport8","SNARE interactions in vesicular transport","MMEA9_C3",0,0,0,1,1,9.37330826616093e-48
"Autophagy - other8","Autophagy - other","MMEA9_C3",0,0,0,1,1,9.90827464828128e-49
"Proteasome8","Proteasome","MMEA9_C3",0,0,0,1,1,1.93508468811566e-47
"Protein export8","Protein export","MMEA9_C3",0,0,0,1,1,1.07439054416942e-50
"Thyroid hormone signaling pathway8","Thyroid hormone signaling pathway","MMEA9_C3",0,0,0,1,1,2.09352605784067e-42
"Amino sugar and nucleotide sugar metabolism8","Amino sugar and nucleotide sugar metabolism","MMEA9_C3",0,0,0,1,1,2.52371035196259e-47
"Nucleotide metabolism8","Nucleotide metabolism","MMEA9_C3",0,0,0,1,1,7.67252040369862e-46
"ErbB signaling pathway8","ErbB signaling pathway","MMEA9_C3",0,0,0,1,1,1.11711320572615e-43
"Thyroid cancer8","Thyroid cancer","MMEA9_C3",0,0,0,1,1,1.40751256316522e-48
"Various types of N-glycan biosynthesis8","Various types of N-glycan biosynthesis","MMEA9_C3",0,0,0,1,1,2.18136349070686e-47
"Spinocerebellar ataxia8","Spinocerebellar ataxia","MMEA9_C3",0,0,0,1,1,2.45713771486649e-40
"Basal transcription factors8","Basal transcription factors","MMEA9_C3",0,0,0,1,1,2.27404240560095e-49
"Regulation of actin cytoskeleton8","Regulation of actin cytoskeleton","MMEA9_C3",0,0,0,1,1,2.80137397224346e-36
"Melanoma8","Melanoma","MMEA9_C3",0,0,0,1,1,3.00692870121377e-44
"Tight junction8","Tight junction","MMEA9_C3",0,0,0,1,1,3.04913079454326e-39
"Apoptosis - multiple species8","Apoptosis - multiple species","MMEA9_C3",0,0,0,1,1,1.98001785784575e-48
"Glycosylphosphatidylinositol (GPI)-anchor biosynthesis8","Glycosylphosphatidylinositol (GPI)-anchor biosynthesis","MMEA9_C3",0,0,0,1,1,8.74868069214436e-51
"Biosynthesis of nucleotide sugars8","Biosynthesis of nucleotide sugars","MMEA9_C3",0,0,0,1,1,1.48558978123759e-48
"Epithelial cell signaling in Helicobacter pylori infection8","Epithelial cell signaling in Helicobacter pylori infection","MMEA9_C3",1,0,1,0.156542056074766,1,2.68999326994484e-45
"Epstein-Barr virus infection8","Epstein-Barr virus infection","MMEA9_C3",0,0,0,1,1,8.8299900382872e-44
"Selenocompound metabolism8","Selenocompound metabolism","MMEA9_C3",0,0,0,1,1,6.19532143584685e-50
"Other types of O-glycan biosynthesis8","Other types of O-glycan biosynthesis","MMEA9_C3",0,0,0,1,1,4.60445796443032e-48
"Notch signaling pathway8","Notch signaling pathway","MMEA9_C3",0,0,0,1,1,2.02993541317644e-45
"Fc gamma R-mediated phagocytosis8","Fc gamma R-mediated phagocytosis","MMEA9_C3",0,0,0,1,1,1.39193951011159e-41
"Citrate cycle (TCA cycle)8","Citrate cycle (TCA cycle)","MMEA9_C3",0,0,0,1,1,1.13101409631268e-48
"Apelin signaling pathway8","Apelin signaling pathway","MMEA9_C3",0,0,0,1,1,1.29000943282742e-38
"Mismatch repair8","Mismatch repair","MMEA9_C3",0,0,0,1,1,2.71222846973423e-49
"Carbon metabolism8","Carbon metabolism","MMEA9_C3",0,0,0,1,1,3.8919838228474e-43
"Hedgehog signaling pathway8","Hedgehog signaling pathway","MMEA9_C3",0,0,0,1,1,8.66343883063029e-45
"Chagas disease8","Chagas disease","MMEA9_C3",0,0,0,1,1,6.88606963747842e-43
"Growth hormone synthesis, secretion and action8","Growth hormone synthesis, secretion and action","MMEA9_C3",0,0,0,1,1,3.59325009120426e-40
"Kaposi sarcoma-associated herpesvirus infection8","Kaposi sarcoma-associated herpesvirus infection","MMEA9_C3",0,0,0,1,1,1.8716374576883e-39
"Hippo signaling pathway - multiple species8","Hippo signaling pathway - multiple species","MMEA9_C3",0,0,0,1,1,1.51896494178814e-46
"VEGF signaling pathway8","VEGF signaling pathway","MMEA9_C3",0,0,0,1,1,5.40716125781561e-46
"Gap junction8","Gap junction","MMEA9_C3",0,0,0,1,1,3.7779124227817e-45
"Vasopressin-regulated water reabsorption8","Vasopressin-regulated water reabsorption","MMEA9_C3",0,0,0,1,1,1.66112417064607e-47
"Progesterone-mediated oocyte maturation8","Progesterone-mediated oocyte maturation","MMEA9_C3",0,0,0,1,1,2.11463015953862e-44
"Glycosaminoglycan biosynthesis - chondroitin sulfate / dermatan sulfate8","Glycosaminoglycan biosynthesis - chondroitin sulfate / dermatan sulfate","MMEA9_C3",0,0,0,1,1,2.53253056497007e-48
"T cell receptor signaling pathway8","T cell receptor signaling pathway","MMEA9_C3",0,0,0,1,1,7.25902654681128e-44
"Oocyte meiosis8","Oocyte meiosis","MMEA9_C3",0,0,0,1,1,3.49498976220968e-43
"Phospholipase D signaling pathway8","Phospholipase D signaling pathway","MMEA9_C3",0,0,0,1,1,2.60334322295273e-39
"Acute myeloid leukemia8","Acute myeloid leukemia","MMEA9_C3",0,0,0,1,1,8.64167928368504e-45
"One carbon pool by folate8","One carbon pool by folate","MMEA9_C3",0,0,0,1,1,1.26410699777781e-49
"Propanoate metabolism8","Propanoate metabolism","MMEA9_C3",1,0,1,0.0724299065420561,1,1.21157117940211e-48
"Wnt signaling pathway8","Wnt signaling pathway","MMEA9_C3",0,0,0,1,1,1.5110953420856e-37
"Breast cancer8","Breast cancer","MMEA9_C3",0,0,0,1,1,2.85804155895297e-39
"Adipocytokine signaling pathway8","Adipocytokine signaling pathway","MMEA9_C3",1,0,1,0.171728971962617,1,6.25811972647372e-45
"Central carbon metabolism in cancer8","Central carbon metabolism in cancer","MMEA9_C3",0,0,0,1,1,1.29929288267919e-45
"Glyoxylate and dicarboxylate metabolism8","Glyoxylate and dicarboxylate metabolism","MMEA9_C3",0,0,0,1,1,4.06101190200251e-49
"Relaxin signaling pathway8","Relaxin signaling pathway","MMEA9_C3",0,0,0,1,1,1.63841133646119e-39
"Ferroptosis8","Ferroptosis","MMEA9_C3",0,0,0,1,1,1.12538006160126e-47
"Sphingolipid metabolism8","Sphingolipid metabolism","MMEA9_C3",0,0,0,1,1,6.47505142219571e-47
"Toxoplasmosis8","Toxoplasmosis","MMEA9_C3",0,0,0,1,1,8.78631934516489e-48
"Ras signaling pathway8","Ras signaling pathway","MMEA9_C3",0,0,0,1,1,1.19955312221944e-35
"Pyrimidine metabolism8","Pyrimidine metabolism","MMEA9_C3",0,0,0,1,1,2.69435834581171e-47
"GnRH signaling pathway8","GnRH signaling pathway","MMEA9_C3",0,0,0,1,1,3.54829572114876e-44
"Coronavirus disease - COVID-198","Coronavirus disease - COVID-19","MMEA9_C3",0,0,0,1,1,2.81049198231784e-38
"Mannose type O-glycan biosynthesis8","Mannose type O-glycan biosynthesis","MMEA9_C3",0,0,0,1,1,2.94446442811944e-50
"Terpenoid backbone biosynthesis8","Terpenoid backbone biosynthesis","MMEA9_C3",0,0,0,1,1,7.54695543341793e-50
"Cysteine and methionine metabolism8","Cysteine and methionine metabolism","MMEA9_C3",1,0,1,0.105140186915888,1,3.10146320390463e-47
"Circadian rhythm8","Circadian rhythm","MMEA9_C3",0,0,0,1,1,5.90262585781173e-49
"Fatty acid elongation8","Fatty acid elongation","MMEA9_C3",0,0,0,1,1,3.21052487386834e-49
"Biosynthesis of unsaturated fatty acids8","Biosynthesis of unsaturated fatty acids","MMEA9_C3",0,0,0,1,1,3.99807074252484e-49
"Inflammatory mediator regulation of TRP channels8","Inflammatory mediator regulation of TRP channels","MMEA9_C3",0,0,0,1,1,4.23772632473571e-43
"Parathyroid hormone synthesis, secretion and action8","Parathyroid hormone synthesis, secretion and action","MMEA9_C3",0,0,0,1,1,8.47637343290407e-41
"Sulfur metabolism8","Sulfur metabolism","MMEA9_C3",0,0,0,1,1,1.55413973583089e-51
"Vibrio cholerae infection8","Vibrio cholerae infection","MMEA9_C3",1,0,1,0.10981308411215,1,1.04797085572739e-47
"Signaling pathways regulating pluripotency of stem cells8","Signaling pathways regulating pluripotency of stem cells","MMEA9_C3",0,0,0,1,1,2.06446072849335e-40
"HIF-1 signaling pathway8","HIF-1 signaling pathway","MMEA9_C3",0,0,0,1,1,1.43263375679967e-42
"Purine metabolism8","Purine metabolism","MMEA9_C3",0,0,0,1,1,4.13983827891646e-43
"Fatty acid degradation8","Fatty acid degradation","MMEA9_C3",0,0,0,1,1,3.89123998506514e-48
"Glutathione metabolism8","Glutathione metabolism","MMEA9_C3",0,0,0,1,1,3.59821255660477e-47
"Transcriptional misregulation in cancer8","Transcriptional misregulation in cancer","MMEA9_C3",0,0,0,1,1,1.62846528871285e-36
"2-Oxocarboxylic acid metabolism8","2-Oxocarboxylic acid metabolism","MMEA9_C3",0,0,0,1,1,1.45227808523215e-48
"Adrenergic signaling in cardiomyocytes8","Adrenergic signaling in cardiomyocytes","MMEA9_C3",0,0,0,1,1,3.55677603298976e-40
"Gastric cancer8","Gastric cancer","MMEA9_C3",0,0,0,1,1,4.19671208769572e-38
"Long-term potentiation8","Long-term potentiation","MMEA9_C3",0,0,0,1,1,4.64823172047817e-47
"Motor proteins8","Motor proteins","MMEA9_C3",0,0,0,1,1,5.26534337040419e-38
"Biosynthesis of amino acids8","Biosynthesis of amino acids","MMEA9_C3",0,0,0,1,1,2.49764290470763e-45
"Other glycan degradation8","Other glycan degradation","MMEA9_C3",0,0,0,1,1,7.29528623231016e-51
"Non-homologous end-joining8","Non-homologous end-joining","MMEA9_C3",0,0,0,1,1,3.04433050257997e-51
"Glycerophospholipid metabolism8","Glycerophospholipid metabolism","MMEA9_C3",0,0,0,1,1,3.8573715728299e-44
"C-type lectin receptor signaling pathway8","C-type lectin receptor signaling pathway","MMEA9_C3",0,0,0,1,1,1.06816588367492e-44
"Lipid and atherosclerosis8","Lipid and atherosclerosis","MMEA9_C3",0,0,0,1,1,2.02443396617512e-39
"Hepatitis C8","Hepatitis C","MMEA9_C3",0,0,0,1,1,7.37890121599066e-41
"PI3K-Akt signaling pathway8","PI3K-Akt signaling pathway","MMEA9_C3",1,1,0,1,1,8.13342582286831e-30
"Long-term depression8","Long-term depression","MMEA9_C3",0,0,0,1,1,5.25878803798072e-47
"Arrhythmogenic right ventricular cardiomyopathy8","Arrhythmogenic right ventricular cardiomyopathy","MMEA9_C3",0,0,0,1,1,7.19344203878837e-43
"Necroptosis8","Necroptosis","MMEA9_C3",0,0,0,1,1,1.73832608394792e-42
"Retrograde endocannabinoid signaling8","Retrograde endocannabinoid signaling","MMEA9_C3",0,0,0,1,1,1.44406709202999e-42
"Pantothenate and CoA biosynthesis8","Pantothenate and CoA biosynthesis","MMEA9_C3",0,0,0,1,1,2.25435003743186e-50
"Cushing syndrome8","Cushing syndrome","MMEA9_C3",0,0,0,1,1,1.10972624994603e-38
"Fructose and mannose metabolism8","Fructose and mannose metabolism","MMEA9_C3",0,0,0,1,1,1.32052133689297e-49
"Platelet activation8","Platelet activation","MMEA9_C3",0,0,0,1,1,7.37890121599066e-41
"Efferocytosis8","Efferocytosis","MMEA9_C3",0,0,0,1,1,1.09117579195292e-38
"Antifolate resistance8","Antifolate resistance","MMEA9_C3",0,0,0,1,1,2.47546709684264e-48
"Alcoholism8","Alcoholism","MMEA9_C3",0,0,0,1,1,5.16515826743929e-42
"Melanogenesis8","Melanogenesis","MMEA9_C3",0,0,0,1,1,2.42626424868095e-42
"Prolactin signaling pathway8","Prolactin signaling pathway","MMEA9_C3",0,0,0,1,1,2.41469056710831e-45
"Glycerolipid metabolism8","Glycerolipid metabolism","MMEA9_C3",0,0,0,1,1,1.49600278295095e-46
"Dopaminergic synapse8","Dopaminergic synapse","MMEA9_C3",0,0,0,1,1,3.87758697948886e-42
"Glycosphingolipid biosynthesis - ganglio series8","Glycosphingolipid biosynthesis - ganglio series","MMEA9_C3",0,0,0,1,1,1.51682496529578e-49
"Mucin type O-glycan biosynthesis8","Mucin type O-glycan biosynthesis","MMEA9_C3",0,0,0,1,1,2.33501869706447e-48
"Lipoic acid metabolism8","Lipoic acid metabolism","MMEA9_C3",0,0,0,1,1,6.20650204580198e-50
"NF-kappa B signaling pathway8","NF-kappa B signaling pathway","MMEA9_C3",0,0,0,1,1,1.10892147518525e-43
"Oxytocin signaling pathway8","Oxytocin signaling pathway","MMEA9_C3",0,0,0,1,1,3.92022137771484e-40
"Basal cell carcinoma8","Basal cell carcinoma","MMEA9_C3",0,0,0,1,1,1.79698256263232e-44
"Legionellosis8","Legionellosis","MMEA9_C3",0,0,0,1,1,9.75637295640711e-49
"Measles8","Measles","MMEA9_C3",0,0,0,1,1,1.10485603864638e-41
"Biosynthesis of cofactors8","Biosynthesis of cofactors","MMEA9_C3",0,0,0,1,1,1.98965790845631e-41
"Glycosaminoglycan biosynthesis - keratan sulfate8","Glycosaminoglycan biosynthesis - keratan sulfate","MMEA9_C3",0,0,0,1,1,4.06101190200251e-49
"Alanine, aspartate and glutamate metabolism8","Alanine, aspartate and glutamate metabolism","MMEA9_C3",0,0,0,1,1,7.54695543341793e-50
"Fatty acid biosynthesis8","Fatty acid biosynthesis","MMEA9_C3",1,0,1,0.0303738317757009,1,1.07439054416942e-50
"Hypertrophic cardiomyopathy8","Hypertrophic cardiomyopathy","MMEA9_C3",0,0,0,1,1,2.24647969540415e-41
"Glucagon signaling pathway8","Glucagon signaling pathway","MMEA9_C3",1,0,1,0.216121495327103,1,7.01941008094756e-43
"Glycosaminoglycan biosynthesis - heparan sulfate / heparin8","Glycosaminoglycan biosynthesis - heparan sulfate / heparin","MMEA9_C3",0,0,0,1,1,1.03070059087597e-46
"Steroid biosynthesis8","Steroid biosynthesis","MMEA9_C3",0,0,0,1,1,1.00727188884148e-50
"cGMP-PKG signaling pathway8","cGMP-PKG signaling pathway","MMEA9_C3",0,0,0,1,1,3.60397681236539e-38
"Phagosome8","Phagosome","MMEA9_C3",1,0,1,0.26285046728972,1,1.94529460506347e-45
"Arginine and proline metabolism8","Arginine and proline metabolism","MMEA9_C3",0,0,0,1,1,2.94528214741372e-47
"Pyruvate metabolism8","Pyruvate metabolism","MMEA9_C3",1,0,1,0.0782710280373832,1,1.06351292699117e-48
"Type II diabetes mellitus8","Type II diabetes mellitus","MMEA9_C3",0,0,0,1,1,1.12538006160126e-47
"Dilated cardiomyopathy8","Dilated cardiomyopathy","MMEA9_C3",0,0,0,1,1,3.02750517451558e-41
"Alcoholic liver disease8","Alcoholic liver disease","MMEA9_C3",1,0,1,0.285046728971963,1,1.8281220681963e-40
"Leukocyte transendothelial migration8","Leukocyte transendothelial migration","MMEA9_C3",0,0,0,1,1,1.35174524163361e-42
"Glycosaminoglycan degradation8","Glycosaminoglycan degradation","MMEA9_C3",0,0,0,1,1,1.31243409320054e-50
"Endocrine and other factor-regulated calcium reabsorption8","Endocrine and other factor-regulated calcium reabsorption","MMEA9_C3",0,0,0,1,1,2.72134534856635e-46
"Ubiquinone and other terpenoid-quinone biosynthesis8","Ubiquinone and other terpenoid-quinone biosynthesis","MMEA9_C3",0,0,0,1,1,5.82755424895394e-51
"Fc epsilon RI signaling pathway8","Fc epsilon RI signaling pathway","MMEA9_C3",0,0,0,1,1,2.72134534856635e-46
"Glycine, serine and threonine metabolism8","Glycine, serine and threonine metabolism","MMEA9_C3",1,0,1,0.0841121495327103,1,3.18525460785635e-48
"Pertussis8","Pertussis","MMEA9_C3",0,0,0,1,1,2.82410534541401e-46
"Aldosterone synthesis and secretion8","Aldosterone synthesis and secretion","MMEA9_C3",0,0,0,1,1,3.09144683766415e-43
"Regulation of lipolysis in adipocytes8","Regulation of lipolysis in adipocytes","MMEA9_C3",0,0,0,1,1,7.42670913356017e-47
"Cholinergic synapse8","Cholinergic synapse","MMEA9_C3",0,0,0,1,1,5.09026542868129e-42
"Osteoclast differentiation8","Osteoclast differentiation","MMEA9_C3",0,0,0,1,1,4.08068059977776e-41
"Pentose phosphate pathway8","Pentose phosphate pathway","MMEA9_C3",0,0,0,1,1,2.07998311619592e-49
"beta-Alanine metabolism8","beta-Alanine metabolism","MMEA9_C3",0,0,0,1,1,3.37600553732674e-48
"PPAR signaling pathway8","PPAR signaling pathway","MMEA9_C3",0,0,0,1,1,2.54358867313552e-47
"Folate biosynthesis8","Folate biosynthesis","MMEA9_C3",0,0,0,1,1,3.88007349058077e-50
"Influenza A8","Influenza A","MMEA9_C3",0,0,0,1,1,5.00763186528535e-46
"Th17 cell differentiation8","Th17 cell differentiation","MMEA9_C3",2,0,1.58496250072116,0.0619158878504673,1,1.24174144664838e-47
"Cardiac muscle contraction8","Cardiac muscle contraction","MMEA9_C3",0,0,0,1,1,2.37234663632696e-45
"Nicotinate and nicotinamide metabolism8","Nicotinate and nicotinamide metabolism","MMEA9_C3",0,0,0,1,1,7.60019221899924e-50
"Aldosterone-regulated sodium reabsorption8","Aldosterone-regulated sodium reabsorption","MMEA9_C3",0,0,0,1,1,4.79428273138462e-48
"Neutrophil extracellular trap formation8","Neutrophil extracellular trap formation","MMEA9_C3",0,0,0,1,1,8.19455949294045e-43
"Th1 and Th2 cell differentiation8","Th1 and Th2 cell differentiation","MMEA9_C3",1,0,1,0.175233644859813,1,3.03962354873264e-48
"NOD-like receptor signaling pathway8","NOD-like receptor signaling pathway","MMEA9_C3",0,0,0,1,1,1.35384773430359e-42
"Cortisol synthesis and secretion8","Cortisol synthesis and secretion","MMEA9_C3",0,0,0,1,1,7.23854803923343e-45
"GnRH secretion8","GnRH secretion","MMEA9_C3",0,0,0,1,1,3.21672755100649e-46
"Vascular smooth muscle contraction8","Vascular smooth muscle contraction","MMEA9_C3",0,0,0,1,1,7.41349933004131e-41
"Estrogen signaling pathway8","Estrogen signaling pathway","MMEA9_C3",0,0,0,1,1,4.56523688537961e-41
"RIG-I-like receptor signaling pathway8","RIG-I-like receptor signaling pathway","MMEA9_C3",0,0,0,1,1,6.46076010372212e-48
"Amoebiasis8","Amoebiasis","MMEA9_C3",0,0,0,1,1,9.52258369287044e-44
"ECM-receptor interaction8","ECM-receptor interaction","MMEA9_C3",0,0,0,1,1,6.81003792419988e-42
"Renin secretion8","Renin secretion","MMEA9_C3",0,0,0,1,1,1.26645164866572e-45
"Collecting duct acid secretion8","Collecting duct acid secretion","MMEA9_C3",0,0,0,1,1,5.5143759833221e-50
"Viral myocarditis8","Viral myocarditis","MMEA9_C3",0,0,0,1,1,3.43180270581195e-50
"B cell receptor signaling pathway8","B cell receptor signaling pathway","MMEA9_C3",0,0,0,1,1,1.52803799408919e-46
"Glutamatergic synapse8","Glutamatergic synapse","MMEA9_C3",0,0,0,1,1,6.58277450418258e-43
"Cytosolic DNA-sensing pathway8","Cytosolic DNA-sensing pathway","MMEA9_C3",0,0,0,1,1,1.80471683522248e-45
"Glycosphingolipid biosynthesis - globo and isoglobo series8","Glycosphingolipid biosynthesis - globo and isoglobo series","MMEA9_C3",0,0,0,1,1,1.44936531929094e-50
"Galactose metabolism8","Galactose metabolism","MMEA9_C3",0,0,0,1,1,3.33831409028981e-50
"Arginine biosynthesis8","Arginine biosynthesis","MMEA9_C3",0,0,0,1,1,3.640326608186e-51
"Toll-like receptor signaling pathway8","Toll-like receptor signaling pathway","MMEA9_C3",0,0,0,1,1,7.76167894057277e-45
"Thiamine metabolism8","Thiamine metabolism","MMEA9_C3",0,0,0,1,1,4.53810140309717e-50
"Circadian entrainment8","Circadian entrainment","MMEA9_C3",0,0,0,1,1,1.00666115967048e-42
"Morphine addiction8","Morphine addiction","MMEA9_C3",0,0,0,1,1,7.70323525258732e-44
"Ether lipid metabolism8","Ether lipid metabolism","MMEA9_C3",0,0,0,1,1,1.32728734715313e-48
"Ribosome biogenesis in eukaryotes8","Ribosome biogenesis in eukaryotes","MMEA9_C3",0,0,0,1,1,1.66760407651101e-45
"Synaptic vesicle cycle8","Synaptic vesicle cycle","MMEA9_C3",1,0,1,0.133177570093458,1,1.48098978423513e-46
"Tryptophan metabolism8","Tryptophan metabolism","MMEA9_C3",0,0,0,1,1,1.02824955762315e-47
"Proximal tubule bicarbonate reclamation8","Proximal tubule bicarbonate reclamation","MMEA9_C3",0,0,0,1,1,2.97446971703061e-50
"Chemical carcinogenesis - receptor activation8","Chemical carcinogenesis - receptor activation","MMEA9_C3",0,0,0,1,1,6.04495565873545e-38
"Leishmaniasis8","Leishmaniasis","MMEA9_C3",0,0,0,1,1,3.58064554630643e-50
"Glycosphingolipid biosynthesis - lacto and neolacto series8","Glycosphingolipid biosynthesis - lacto and neolacto series","MMEA9_C3",0,0,0,1,1,1.71158742730938e-50
"Amphetamine addiction8","Amphetamine addiction","MMEA9_C3",0,0,0,1,1,5.36459976239361e-46
"Thyroid hormone synthesis8","Thyroid hormone synthesis","MMEA9_C3",0,0,0,1,1,2.43994645673281e-45
"Butanoate metabolism8","Butanoate metabolism","MMEA9_C3",0,0,0,1,1,1.44217170024823e-50
"ABC transporters8","ABC transporters","MMEA9_C3",0,0,0,1,1,1.38023566392342e-48
"Antigen processing and presentation8","Antigen processing and presentation","MMEA9_C3",0,0,0,1,1,1.00727188884148e-50
"Ovarian steroidogenesis8","Ovarian steroidogenesis","MMEA9_C3",0,0,0,1,1,4.43417103862981e-48
"Rheumatoid arthritis8","Rheumatoid arthritis","MMEA9_C3",1,0,1,0.143691588785047,1,3.39608196693858e-49
"IL-17 signaling pathway8","IL-17 signaling pathway","MMEA9_C3",0,0,0,1,1,6.80358518734586e-46
"Renin-angiotensin system8","Renin-angiotensin system","MMEA9_C3",0,0,0,1,1,6.23345037379564e-51
"Nitrogen metabolism8","Nitrogen metabolism","MMEA9_C3",0,0,0,1,1,1.96698768842558e-51
"Tuberculosis8","Tuberculosis","MMEA9_C3",1,0,1,0.258177570093458,1,3.02312819322216e-45
"Drug metabolism - other enzymes8","Drug metabolism - other enzymes","MMEA9_C3",0,0,0,1,1,1.21952274509476e-47
"Glycolysis / Gluconeogenesis8","Glycolysis / Gluconeogenesis","MMEA9_C3",0,0,0,1,1,2.54725859621169e-47
"Gastric acid secretion8","Gastric acid secretion","MMEA9_C3",0,0,0,1,1,8.07981176263769e-45
"Cholesterol metabolism8","Cholesterol metabolism","MMEA9_C3",0,0,0,1,1,4.73467653404476e-48
"African trypanosomiasis8","African trypanosomiasis","MMEA9_C3",0,0,0,1,1,1.2124223426787e-48
"GABAergic synapse8","GABAergic synapse","MMEA9_C3",0,0,0,1,1,8.66343883063029e-45
"Chemokine signaling pathway8","Chemokine signaling pathway","MMEA9_C3",0,0,0,1,1,1.30450417429173e-39
"Insulin secretion8","Insulin secretion","MMEA9_C3",0,0,0,1,1,6.17820589252401e-44
"Cocaine addiction8","Cocaine addiction","MMEA9_C3",0,0,0,1,1,4.79428273138462e-48
"Mineral absorption8","Mineral absorption","MMEA9_C3",0,0,0,1,1,6.32455640346345e-47
"Histidine metabolism8","Histidine metabolism","MMEA9_C3",0,0,0,1,1,1.00727188884148e-50
"Vitamin digestion and absorption8","Vitamin digestion and absorption","MMEA9_C3",0,0,0,1,1,7.98203983896789e-50
"Systemic lupus erythematosus8","Systemic lupus erythematosus","MMEA9_C3",0,0,0,1,1,1.00727188884148e-50
"Phenylalanine metabolism8","Phenylalanine metabolism","MMEA9_C3",0,0,0,1,1,2.15282073374667e-51
"Taurine and hypotaurine metabolism8","Taurine and hypotaurine metabolism","MMEA9_C3",0,0,0,1,1,3.87204872410311e-51
"Starch and sucrose metabolism8","Starch and sucrose metabolism","MMEA9_C3",0,0,0,1,1,8.05713128966443e-50
"cAMP signaling pathway8","cAMP signaling pathway","MMEA9_C3",0,0,0,1,1,2.0942984645455e-37
"Protein digestion and absorption8","Protein digestion and absorption","MMEA9_C3",1,0,1,0.220794392523364,1,6.68397374554298e-43
"Primary bile acid biosynthesis8","Primary bile acid biosynthesis","MMEA9_C3",0,0,0,1,1,1.53011781851528e-51
"Calcium signaling pathway8","Calcium signaling pathway","MMEA9_C3",0,0,0,1,1,1.71891957243756e-35
"Porphyrin metabolism8","Porphyrin metabolism","MMEA9_C3",0,0,0,1,1,7.32294555832216e-50
"Malaria8","Malaria","MMEA9_C3",0,0,0,1,1,1.27796425472184e-46
"alpha-Linolenic acid metabolism8","alpha-Linolenic acid metabolism","MMEA9_C3",0,0,0,1,1,1.00727188884148e-50
"Cell adhesion molecules8","Cell adhesion molecules","MMEA9_C3",1,0,1,0.261682242990654,1,8.84818766358213e-46
"Carbohydrate digestion and absorption8","Carbohydrate digestion and absorption","MMEA9_C3",0,0,0,1,1,2.69503560690453e-49
"Serotonergic synapse8","Serotonergic synapse","MMEA9_C3",0,0,0,1,1,2.5594764943088e-44
"JAK-STAT signaling pathway8","JAK-STAT signaling pathway","MMEA9_C3",2,0,1.58496250072116,0.103971962616822,1,9.03230921276931e-41
"Type I diabetes mellitus8","Type I diabetes mellitus","MMEA9_C3",0,0,0,1,1,3.11821096403247e-52
"Arachidonic acid metabolism8","Arachidonic acid metabolism","MMEA9_C3",0,0,0,1,1,4.05960766685848e-49
"Salivary secretion8","Salivary secretion","MMEA9_C3",0,0,0,1,1,1.10222733115977e-44
"Inflammatory bowel disease8","Inflammatory bowel disease","MMEA9_C3",2,0,1.58496250072116,0.0327102803738318,1,1.4400419153595e-50
"Natural killer cell mediated cytotoxicity8","Natural killer cell mediated cytotoxicity","MMEA9_C3",0,0,0,1,1,1.23522702042529e-46
"Tyrosine metabolism8","Tyrosine metabolism","MMEA9_C3",0,0,0,1,1,2.97446971703061e-50
"Allograft rejection8","Allograft rejection","MMEA9_C3",0,0,0,1,1,3.11821096403247e-52
"Phototransduction8","Phototransduction","MMEA9_C3",0,0,0,1,1,7.29528623231016e-51
"Primary immunodeficiency8","Primary immunodeficiency","MMEA9_C3",0,0,0,1,1,3.69138000349001e-50
"Linoleic acid metabolism8","Linoleic acid metabolism","MMEA9_C3",0,0,0,1,1,1.64271530195815e-51
"Pentose and glucuronate interconversions8","Pentose and glucuronate interconversions","MMEA9_C3",0,0,0,1,1,2.54801444738536e-51
"Graft-versus-host disease8","Graft-versus-host disease","MMEA9_C3",0,0,0,1,1,3.11821096403247e-52
"Intestinal immune network for IgA production8","Intestinal immune network for IgA production","MMEA9_C3",0,0,0,1,1,3.04433050257997e-51
"Pancreatic secretion8","Pancreatic secretion","MMEA9_C3",0,0,0,1,1,2.68703799986946e-44
"Complement and coagulation cascades8","Complement and coagulation cascades","MMEA9_C3",0,0,0,1,1,1.86854093138179e-47
"Fat digestion and absorption8","Fat digestion and absorption","MMEA9_C3",0,0,0,1,1,7.77838394643114e-50
"Ascorbate and aldarate metabolism8","Ascorbate and aldarate metabolism","MMEA9_C3",0,0,0,1,1,3.04433050257997e-51
"MicroRNAs in cancer8","MicroRNAs in cancer","MMEA9_C3",0,0,0,1,1,3.05873034710784e-36
"Asthma8","Asthma","MMEA9_C3",0,0,0,1,1,3.11821096403247e-52
"Maturity onset diabetes of the young8","Maturity onset diabetes of the young","MMEA9_C3",0,0,0,1,1,3.11821096403247e-52
"Chemical carcinogenesis - DNA adducts8","Chemical carcinogenesis - DNA adducts","MMEA9_C3",0,0,0,1,1,1.96885433298272e-50
"Bile secretion8","Bile secretion","MMEA9_C3",0,0,0,1,1,3.1201620090291e-46
"Metabolism of xenobiotics by cytochrome P4508","Metabolism of xenobiotics by cytochrome P450","MMEA9_C3",0,0,0,1,1,1.31577806033105e-49
"Nicotine addiction8","Nicotine addiction","MMEA9_C3",0,0,0,1,1,3.04433050257997e-51
"Hematopoietic cell lineage8","Hematopoietic cell lineage","MMEA9_C3",1,0,1,0.149532710280374,1,2.62179820478324e-49
"Taste transduction8","Taste transduction","MMEA9_C3",0,0,0,1,1,6.6194266821465e-48
"Drug metabolism - cytochrome P4508","Drug metabolism - cytochrome P450","MMEA9_C3",0,0,0,1,1,1.90024219392023e-49
"Autoimmune thyroid disease8","Autoimmune thyroid disease","MMEA9_C3",0,0,0,1,1,3.11821096403247e-52
"Steroid hormone biosynthesis8","Steroid hormone biosynthesis","MMEA9_C3",0,0,0,1,1,3.87661141578466e-51
"Retinol metabolism8","Retinol metabolism","MMEA9_C3",0,0,0,1,1,1.26410699777781e-49
"Viral protein interaction with cytokine and cytokine receptor8","Viral protein interaction with cytokine and cytokine receptor","MMEA9_C3",0,0,0,1,1,6.57989737752554e-48
"Staphylococcus aureus infection8","Staphylococcus aureus infection","MMEA9_C3",0,0,0,1,1,1.00727188884148e-50
"Cytokine-cytokine receptor interaction8","Cytokine-cytokine receptor interaction","MMEA9_C3",2,0,1.58496250072116,0.129672897196262,1,4.71046855849438e-39
"Neuroactive ligand-receptor interaction8","Neuroactive ligand-receptor interaction","MMEA9_C3",0,0,0,1,1,6.23233128825565e-41
"Olfactory transduction8","Olfactory transduction","MMEA9_C3",0,0,0,1,1,3.9532387068905e-49
"Herpes simplex virus 1 infection9","Herpes simplex virus 1 infection","MMEA9_E1",1,1,0,1,1,2.51520685407846e-32
"Cell cycle9","Cell cycle","MMEA9_E1",0,0,0,1,1,2.76651441507117e-41
"Endocytosis9","Endocytosis","MMEA9_E1",0,0,0,1,1,8.44598474133544e-36
"Ribosome9","Ribosome","MMEA9_E1",0,0,0,1,1,1.41531586622636e-43
"Autophagy - animal9","Autophagy - animal","MMEA9_E1",0,0,0,1,1,4.85820787014884e-40
"Protein processing in endoplasmic reticulum9","Protein processing in endoplasmic reticulum","MMEA9_E1",0,0,0,1,1,2.42129283125557e-40
"Huntington disease9","Huntington disease","MMEA9_E1",1,0,1,0.428405122235157,1,1.89648029917307e-36
"Ubiquitin mediated proteolysis9","Ubiquitin mediated proteolysis","MMEA9_E1",0,0,0,1,1,2.04968946663034e-41
"Shigellosis9","Shigellosis","MMEA9_E1",0,0,0,1,1,8.51796886971264e-36
"Thermogenesis9","Thermogenesis","MMEA9_E1",0,0,0,1,1,6.39889464857991e-39
"Mitophagy - animal9","Mitophagy - animal","MMEA9_E1",0,0,0,1,1,2.32333485922785e-44
"Parkinson disease9","Parkinson disease","MMEA9_E1",1,0,1,0.377182770663562,1,6.54978912671169e-38
"Amyotrophic lateral sclerosis9","Amyotrophic lateral sclerosis","MMEA9_E1",3,0,2,0.0582072176949942,1,1.03947346715412e-34
"Cellular senescence9","Cellular senescence","MMEA9_E1",1,0,1,0.289871944121071,1,8.45426254801424e-41
"Chemical carcinogenesis - reactive oxygen species9","Chemical carcinogenesis - reactive oxygen species","MMEA9_E1",0,0,0,1,1,1.31644848791436e-39
"Colorectal cancer9","Colorectal cancer","MMEA9_E1",0,0,0,1,1,6.6576208262682e-44
"Salmonella infection9","Salmonella infection","MMEA9_E1",1,0,1,0.428405122235157,1,1.61810808490524e-35
"ATP-dependent chromatin remodeling9","ATP-dependent chromatin remodeling","MMEA9_E1",0,0,0,1,1,3.30844478233401e-43
"Diabetic cardiomyopathy9","Diabetic cardiomyopathy","MMEA9_E1",0,0,0,1,1,2.21256216012872e-40
"Spliceosome9","Spliceosome","MMEA9_E1",0,0,0,1,1,1.92410814973704e-43
"Viral carcinogenesis9","Viral carcinogenesis","MMEA9_E1",0,0,0,1,1,5.2944526371794e-39
"Pathways of neurodegeneration - multiple diseases9","Pathways of neurodegeneration - multiple diseases","MMEA9_E1",1,1,0,1,1,1.35386340059297e-32
"Pancreatic cancer9","Pancreatic cancer","MMEA9_E1",0,0,0,1,1,1.22063975928933e-44
"Chronic myeloid leukemia9","Chronic myeloid leukemia","MMEA9_E1",0,0,0,1,1,4.5003621563257e-45
"Polycomb repressive complex9","Polycomb repressive complex","MMEA9_E1",1,0,1,0.155995343422584,1,3.96157992643609e-45
"Alzheimer disease9","Alzheimer disease","MMEA9_E1",1,1,0,1,1,4.43828254208803e-34
"Non-alcoholic fatty liver disease9","Non-alcoholic fatty liver disease","MMEA9_E1",0,0,0,1,1,7.87184373326041e-43
"Nucleocytoplasmic transport9","Nucleocytoplasmic transport","MMEA9_E1",1,0,1,0.20023282887078,1,1.54412214396162e-43
"Human T-cell leukemia virus 1 infection9","Human T-cell leukemia virus 1 infection","MMEA9_E1",0,0,0,1,1,3.30410988472467e-37
"Nucleotide excision repair9","Nucleotide excision repair","MMEA9_E1",0,0,0,1,1,6.81171392121791e-49
"Oxidative phosphorylation9","Oxidative phosphorylation","MMEA9_E1",0,0,0,1,1,6.78067381672323e-45
"Renal cell carcinoma9","Renal cell carcinoma","MMEA9_E1",1,0,1,0.183934807916182,1,3.85505622721818e-44
"Axon guidance9","Axon guidance","MMEA9_E1",0,0,0,1,1,2.14242506124664e-38
"Endometrial cancer9","Endometrial cancer","MMEA9_E1",0,0,0,1,1,3.10193042730298e-46
"mRNA surveillance pathway9","mRNA surveillance pathway","MMEA9_E1",0,0,0,1,1,4.78168387997838e-45
"Focal adhesion9","Focal adhesion","MMEA9_E1",0,0,0,1,1,3.46323670385892e-35
"Adherens junction9","Adherens junction","MMEA9_E1",1,0,1,0.265424912689173,1,3.09144802314923e-41
"Prion disease9","Prion disease","MMEA9_E1",1,0,1,0.360884749708964,1,1.70098772051929e-38
"Lysosome9","Lysosome","MMEA9_E1",0,0,0,1,1,2.08762120821869e-43
"MAPK signaling pathway9","MAPK signaling pathway","MMEA9_E1",0,1,-1,0.569266589057043,1,3.65583428348329e-33
"Sphingolipid signaling pathway9","Sphingolipid signaling pathway","MMEA9_E1",0,0,0,1,1,3.24011410105235e-42
"Fanconi anemia pathway9","Fanconi anemia pathway","MMEA9_E1",0,0,0,1,1,3.28229022089334e-47
"Neurotrophin signaling pathway9","Neurotrophin signaling pathway","MMEA9_E1",0,0,0,1,1,1.74862084840354e-42
"Phosphatidylinositol signaling system9","Phosphatidylinositol signaling system","MMEA9_E1",0,0,0,1,1,2.94408301816883e-43
"Prostate cancer9","Prostate cancer","MMEA9_E1",0,0,0,1,1,3.77002493120293e-43
"Aminoacyl-tRNA biosynthesis9","Aminoacyl-tRNA biosynthesis","MMEA9_E1",0,0,0,1,1,8.33871685073068e-49
"Base excision repair9","Base excision repair","MMEA9_E1",0,0,0,1,1,2.64738992862459e-48
"p53 signaling pathway9","p53 signaling pathway","MMEA9_E1",0,0,0,1,1,5.40785509293419e-45
"EGFR tyrosine kinase inhibitor resistance9","EGFR tyrosine kinase inhibitor resistance","MMEA9_E1",0,0,0,1,1,3.88545812872546e-43
"Small cell lung cancer9","Small cell lung cancer","MMEA9_E1",0,0,0,1,1,8.98537925871026e-45
"RNA degradation9","RNA degradation","MMEA9_E1",0,0,0,1,1,1.32908124529544e-46
"mTOR signaling pathway9","mTOR signaling pathway","MMEA9_E1",0,0,0,1,1,4.10861401836275e-41
"Endocrine resistance9","Endocrine resistance","MMEA9_E1",0,0,0,1,1,4.6734409946627e-43
"Lysine degradation9","Lysine degradation","MMEA9_E1",0,0,0,1,1,3.54683759391075e-47
"Viral life cycle - HIV-19","Viral life cycle - HIV-1","MMEA9_E1",0,0,0,1,1,4.5052930202722e-46
"Longevity regulating pathway9","Longevity regulating pathway","MMEA9_E1",0,0,0,1,1,2.92784306727716e-45
"Insulin resistance9","Insulin resistance","MMEA9_E1",0,0,0,1,1,8.1984830979463e-43
"Inositol phosphate metabolism9","Inositol phosphate metabolism","MMEA9_E1",0,0,0,1,1,1.77781129574018e-45
"Platinum drug resistance9","Platinum drug resistance","MMEA9_E1",0,0,0,1,1,3.10193042730298e-46
"Bacterial invasion of epithelial cells9","Bacterial invasion of epithelial cells","MMEA9_E1",0,0,0,1,1,2.10131812437518e-45
"Hepatocellular carcinoma9","Hepatocellular carcinoma","MMEA9_E1",0,0,0,1,1,5.23134445042507e-39
"Insulin signaling pathway9","Insulin signaling pathway","MMEA9_E1",0,0,0,1,1,7.68354044299543e-43
"Human cytomegalovirus infection9","Human cytomegalovirus infection","MMEA9_E1",0,0,0,1,1,9.18793608185063e-37
"Human papillomavirus infection9","Human papillomavirus infection","MMEA9_E1",1,1,0,1,1,4.48429727761546e-32
"Proteoglycans in cancer9","Proteoglycans in cancer","MMEA9_E1",0,0,0,1,1,5.37518391677132e-35
"TGF-beta signaling pathway9","TGF-beta signaling pathway","MMEA9_E1",1,0,1,0.268917345750873,1,3.90434232474489e-41
"RNA polymerase9","RNA polymerase","MMEA9_E1",0,0,0,1,1,6.81171392121791e-49
"FoxO signaling pathway9","FoxO signaling pathway","MMEA9_E1",0,0,0,1,1,5.51506164017558e-42
"AGE-RAGE signaling pathway in diabetic complications9","AGE-RAGE signaling pathway in diabetic complications","MMEA9_E1",0,0,0,1,1,1.49120924466936e-44
"Hepatitis B9","Hepatitis B","MMEA9_E1",0,0,0,1,1,2.18987929846715e-40
"Longevity regulating pathway - multiple species9","Longevity regulating pathway - multiple species","MMEA9_E1",0,0,0,1,1,5.10266317585879e-47
"Yersinia infection9","Yersinia infection","MMEA9_E1",0,0,0,1,1,6.81591350739424e-41
"N-Glycan biosynthesis9","N-Glycan biosynthesis","MMEA9_E1",0,0,0,1,1,1.4127602030775e-48
"Non-small cell lung cancer9","Non-small cell lung cancer","MMEA9_E1",0,0,0,1,1,5.58302367226123e-45
"Rap1 signaling pathway9","Rap1 signaling pathway","MMEA9_E1",0,0,0,1,1,3.06640950336904e-37
"Choline metabolism in cancer9","Choline metabolism in cancer","MMEA9_E1",0,0,0,1,1,2.11361502854429e-43
"TNF signaling pathway9","TNF signaling pathway","MMEA9_E1",0,0,0,1,1,1.34583976033241e-42
"Glioma9","Glioma","MMEA9_E1",0,0,0,1,1,3.28331706516794e-45
"Human immunodeficiency virus 1 infection9","Human immunodeficiency virus 1 infection","MMEA9_E1",0,0,0,1,1,8.97394265111759e-40
"Apoptosis9","Apoptosis","MMEA9_E1",0,0,0,1,1,1.47927305185003e-42
"AMPK signaling pathway9","AMPK signaling pathway","MMEA9_E1",0,0,0,1,1,3.72984943375249e-44
"Fatty acid metabolism9","Fatty acid metabolism","MMEA9_E1",0,0,0,1,1,8.22905240347498e-47
"DNA replication9","DNA replication","MMEA9_E1",0,0,0,1,1,2.14078509041213e-49
"Pathogenic Escherichia coli infection9","Pathogenic Escherichia coli infection","MMEA9_E1",1,0,1,0.364377182770664,1,4.65615373038906e-38
"PD-L1 expression and PD-1 checkpoint pathway in cancer9","PD-L1 expression and PD-1 checkpoint pathway in cancer","MMEA9_E1",0,0,0,1,1,4.05214777938036e-44
"Hippo signaling pathway9","Hippo signaling pathway","MMEA9_E1",1,0,1,0.348079161816065,1,1.87222436191085e-38
"Valine, leucine and isoleucine degradation9","Valine, leucine and isoleucine degradation","MMEA9_E1",0,0,0,1,1,2.16308814233226e-49
"Peroxisome9","Peroxisome","MMEA9_E1",0,0,0,1,1,7.48713069044482e-47
"Homologous recombination9","Homologous recombination","MMEA9_E1",0,0,0,1,1,8.33871685073068e-49
"Bladder cancer9","Bladder cancer","MMEA9_E1",0,0,0,1,1,6.8501429001844e-46
"Fluid shear stress and atherosclerosis9","Fluid shear stress and atherosclerosis","MMEA9_E1",0,0,0,1,1,2.55835383676525e-42
"SNARE interactions in vesicular transport9","SNARE interactions in vesicular transport","MMEA9_E1",0,0,0,1,1,2.07635717279785e-49
"Autophagy - other9","Autophagy - other","MMEA9_E1",0,0,0,1,1,3.75248236249795e-49
"Proteasome9","Proteasome","MMEA9_E1",0,0,0,1,1,1.93155917804156e-48
"Protein export9","Protein export","MMEA9_E1",0,0,0,1,1,1.06731048243795e-50
"Thyroid hormone signaling pathway9","Thyroid hormone signaling pathway","MMEA9_E1",0,0,0,1,1,5.19297260713573e-42
"Amino sugar and nucleotide sugar metabolism9","Amino sugar and nucleotide sugar metabolism","MMEA9_E1",0,0,0,1,1,5.08955989462322e-47
"Nucleotide metabolism9","Nucleotide metabolism","MMEA9_E1",0,0,0,1,1,5.12407293937595e-46
"ErbB signaling pathway9","ErbB signaling pathway","MMEA9_E1",0,0,0,1,1,4.82955414269183e-44
"Thyroid cancer9","Thyroid cancer","MMEA9_E1",0,0,0,1,1,7.05279151760843e-49
"Various types of N-glycan biosynthesis9","Various types of N-glycan biosynthesis","MMEA9_E1",0,0,0,1,1,3.9597242045848e-49
"Spinocerebellar ataxia9","Spinocerebellar ataxia","MMEA9_E1",0,0,0,1,1,1.19096976689169e-42
"Basal transcription factors9","Basal transcription factors","MMEA9_E1",0,0,0,1,1,9.38893477740396e-50
"Regulation of actin cytoskeleton9","Regulation of actin cytoskeleton","MMEA9_E1",0,0,0,1,1,2.22075555834629e-36
"Melanoma9","Melanoma","MMEA9_E1",0,0,0,1,1,1.24469307273219e-45
"Tight junction9","Tight junction","MMEA9_E1",0,0,0,1,1,3.38960194971996e-40
"Apoptosis - multiple species9","Apoptosis - multiple species","MMEA9_E1",0,0,0,1,1,1.93155917804156e-48
"Glycosylphosphatidylinositol (GPI)-anchor biosynthesis9","Glycosylphosphatidylinositol (GPI)-anchor biosynthesis","MMEA9_E1",0,0,0,1,1,1.54466805005556e-50
"Biosynthesis of nucleotide sugars9","Biosynthesis of nucleotide sugars","MMEA9_E1",0,0,0,1,1,2.28099502602865e-48
"Epithelial cell signaling in Helicobacter pylori infection9","Epithelial cell signaling in Helicobacter pylori infection","MMEA9_E1",0,0,0,1,1,4.67600068988647e-46
"Epstein-Barr virus infection9","Epstein-Barr virus infection","MMEA9_E1",0,0,0,1,1,5.80237046678819e-40
"Selenocompound metabolism9","Selenocompound metabolism","MMEA9_E1",0,0,0,1,1,4.01826176413609e-50
"Other types of O-glycan biosynthesis9","Other types of O-glycan biosynthesis","MMEA9_E1",1,0,1,0.112922002328289,1,5.107210462844e-47
"Notch signaling pathway9","Notch signaling pathway","MMEA9_E1",1,0,1,0.118742724097788,1,1.01120572071358e-46
"Fc gamma R-mediated phagocytosis9","Fc gamma R-mediated phagocytosis","MMEA9_E1",0,0,0,1,1,9.06929055832785e-44
"Citrate cycle (TCA cycle)9","Citrate cycle (TCA cycle)","MMEA9_E1",0,0,0,1,1,1.97470672312334e-50
"Apelin signaling pathway9","Apelin signaling pathway","MMEA9_E1",0,0,0,1,1,3.21879545656692e-41
"Mismatch repair9","Mismatch repair","MMEA9_E1",0,0,0,1,1,1.07204047236712e-50
"Carbon metabolism9","Carbon metabolism","MMEA9_E1",0,0,0,1,1,2.63952648338882e-45
"Hedgehog signaling pathway9","Hedgehog signaling pathway","MMEA9_E1",0,0,0,1,1,5.12407293937595e-46
"Chagas disease9","Chagas disease","MMEA9_E1",0,0,0,1,1,8.04402120736104e-45
"Growth hormone synthesis, secretion and action9","Growth hormone synthesis, secretion and action","MMEA9_E1",0,0,0,1,1,1.24972550832601e-42
"Kaposi sarcoma-associated herpesvirus infection9","Kaposi sarcoma-associated herpesvirus infection","MMEA9_E1",0,0,0,1,1,1.99474565007197e-39
"Hippo signaling pathway - multiple species9","Hippo signaling pathway - multiple species","MMEA9_E1",0,0,0,1,1,1.8146868767317e-46
"VEGF signaling pathway9","VEGF signaling pathway","MMEA9_E1",0,0,0,1,1,1.19405292496168e-47
"Gap junction9","Gap junction","MMEA9_E1",1,0,1,0.188591385331781,1,5.52697423016616e-44
"Vasopressin-regulated water reabsorption9","Vasopressin-regulated water reabsorption","MMEA9_E1",0,0,0,1,1,6.82756143076786e-48
"Progesterone-mediated oocyte maturation9","Progesterone-mediated oocyte maturation","MMEA9_E1",0,0,0,1,1,1.64425859692247e-44
"Glycosaminoglycan biosynthesis - chondroitin sulfate / dermatan sulfate9","Glycosaminoglycan biosynthesis - chondroitin sulfate / dermatan sulfate","MMEA9_E1",0,0,0,1,1,6.41277555061538e-50
"T cell receptor signaling pathway9","T cell receptor signaling pathway","MMEA9_E1",0,0,0,1,1,9.46324934986708e-44
"Oocyte meiosis9","Oocyte meiosis","MMEA9_E1",0,0,0,1,1,3.75875397995895e-44
"Phospholipase D signaling pathway9","Phospholipase D signaling pathway","MMEA9_E1",0,0,0,1,1,4.07909865668226e-40
"Acute myeloid leukemia9","Acute myeloid leukemia","MMEA9_E1",0,0,0,1,1,1.32908124529544e-46
"One carbon pool by folate9","One carbon pool by folate","MMEA9_E1",0,0,0,1,1,1.73494169949999e-50
"Propanoate metabolism9","Propanoate metabolism","MMEA9_E1",0,0,0,1,1,2.13738013092627e-50
"Wnt signaling pathway9","Wnt signaling pathway","MMEA9_E1",0,0,0,1,1,7.62292803476566e-38
"Breast cancer9","Breast cancer","MMEA9_E1",0,0,0,1,1,1.59497011024303e-41
"Adipocytokine signaling pathway9","Adipocytokine signaling pathway","MMEA9_E1",0,0,0,1,1,1.91369570074878e-46
"Central carbon metabolism in cancer9","Central carbon metabolism in cancer","MMEA9_E1",0,0,0,1,1,7.83305758152587e-45
"Glyoxylate and dicarboxylate metabolism9","Glyoxylate and dicarboxylate metabolism","MMEA9_E1",0,0,0,1,1,2.62946893011953e-50
"Relaxin signaling pathway9","Relaxin signaling pathway","MMEA9_E1",0,0,0,1,1,7.56173259385433e-43
"Ferroptosis9","Ferroptosis","MMEA9_E1",0,0,0,1,1,8.78281704054469e-48
"Sphingolipid metabolism9","Sphingolipid metabolism","MMEA9_E1",0,0,0,1,1,2.27884686432948e-48
"Toxoplasmosis9","Toxoplasmosis","MMEA9_E1",0,0,0,1,1,1.62137149947862e-44
"Ras signaling pathway9","Ras signaling pathway","MMEA9_E1",0,0,0,1,1,2.94829757784375e-37
"Pyrimidine metabolism9","Pyrimidine metabolism","MMEA9_E1",0,0,0,1,1,7.45928061322958e-48
"GnRH signaling pathway9","GnRH signaling pathway","MMEA9_E1",0,0,0,1,1,5.81987084941591e-44
"Coronavirus disease - COVID-199","Coronavirus disease - COVID-19","MMEA9_E1",0,0,0,1,1,2.50700749390599e-40
"Mannose type O-glycan biosynthesis9","Mannose type O-glycan biosynthesis","MMEA9_E1",0,0,0,1,1,1.221735885655e-50
"Terpenoid backbone biosynthesis9","Terpenoid backbone biosynthesis","MMEA9_E1",0,0,0,1,1,5.04221903524823e-51
"Cysteine and methionine metabolism9","Cysteine and methionine metabolism","MMEA9_E1",0,0,0,1,1,9.68785713415523e-49
"Circadian rhythm9","Circadian rhythm","MMEA9_E1",0,0,0,1,1,6.81171392121791e-49
"Fatty acid elongation9","Fatty acid elongation","MMEA9_E1",0,0,0,1,1,1.07204047236712e-50
"Biosynthesis of unsaturated fatty acids9","Biosynthesis of unsaturated fatty acids","MMEA9_E1",0,0,0,1,1,1.11731612302135e-49
"Inflammatory mediator regulation of TRP channels9","Inflammatory mediator regulation of TRP channels","MMEA9_E1",0,0,0,1,1,1.58656687025001e-44
"Parathyroid hormone synthesis, secretion and action9","Parathyroid hormone synthesis, secretion and action","MMEA9_E1",0,0,0,1,1,2.05684405878824e-41
"Sulfur metabolism9","Sulfur metabolism","MMEA9_E1",0,0,0,1,1,1.60078503669065e-51
"Vibrio cholerae infection9","Vibrio cholerae infection","MMEA9_E1",0,0,0,1,1,2.72344944537085e-47
"Signaling pathways regulating pluripotency of stem cells9","Signaling pathways regulating pluripotency of stem cells","MMEA9_E1",0,0,0,1,1,2.59167159663788e-42
"HIF-1 signaling pathway9","HIF-1 signaling pathway","MMEA9_E1",1,0,1,0.239813736903376,1,9.2503186348144e-43
"Purine metabolism9","Purine metabolism","MMEA9_E1",0,0,0,1,1,1.75716152599016e-43
"Fatty acid degradation9","Fatty acid degradation","MMEA9_E1",0,0,0,1,1,1.7560472299631e-48
"Glutathione metabolism9","Glutathione metabolism","MMEA9_E1",0,0,0,1,1,2.65020983892147e-49
"Transcriptional misregulation in cancer9","Transcriptional misregulation in cancer","MMEA9_E1",0,0,0,1,1,7.44435901914543e-40
"2-Oxocarboxylic acid metabolism9","2-Oxocarboxylic acid metabolism","MMEA9_E1",0,0,0,1,1,3.43948724014362e-50
"Adrenergic signaling in cardiomyocytes9","Adrenergic signaling in cardiomyocytes","MMEA9_E1",0,0,0,1,1,5.30139234001705e-41
"Gastric cancer9","Gastric cancer","MMEA9_E1",0,0,0,1,1,4.11138391797041e-41
"Long-term potentiation9","Long-term potentiation","MMEA9_E1",0,0,0,1,1,5.29520363707298e-46
"Motor proteins9","Motor proteins","MMEA9_E1",1,0,1,0.339930151338766,1,8.65814635477956e-39
"Biosynthesis of amino acids9","Biosynthesis of amino acids","MMEA9_E1",0,0,0,1,1,6.4892156553561e-49
"Other glycan degradation9","Other glycan degradation","MMEA9_E1",0,0,0,1,1,7.49424893871952e-51
"Non-homologous end-joining9","Non-homologous end-joining","MMEA9_E1",0,0,0,1,1,5.04221903524823e-51
"Glycerophospholipid metabolism9","Glycerophospholipid metabolism","MMEA9_E1",0,0,0,1,1,1.0413196225785e-45
"C-type lectin receptor signaling pathway9","C-type lectin receptor signaling pathway","MMEA9_E1",0,0,0,1,1,6.94079361818463e-44
"Lipid and atherosclerosis9","Lipid and atherosclerosis","MMEA9_E1",0,0,0,1,1,2.25906062145114e-41
"Hepatitis C9","Hepatitis C","MMEA9_E1",0,0,0,1,1,3.81064759400108e-42
"PI3K-Akt signaling pathway9","PI3K-Akt signaling pathway","MMEA9_E1",0,1,-1,0.564610011641444,1,1.52509701522021e-32
"Long-term depression9","Long-term depression","MMEA9_E1",0,0,0,1,1,2.55507274524979e-47
"Arrhythmogenic right ventricular cardiomyopathy9","Arrhythmogenic right ventricular cardiomyopathy","MMEA9_E1",0,0,0,1,1,4.9893951144995e-43
"Necroptosis9","Necroptosis","MMEA9_E1",0,0,0,1,1,1.43756650027161e-42
"Retrograde endocannabinoid signaling9","Retrograde endocannabinoid signaling","MMEA9_E1",0,0,0,1,1,8.40357143003236e-43
"Pantothenate and CoA biosynthesis9","Pantothenate and CoA biosynthesis","MMEA9_E1",0,0,0,1,1,5.57162144330063e-51
"Cushing syndrome9","Cushing syndrome","MMEA9_E1",0,0,0,1,1,4.50108680869336e-40
"Fructose and mannose metabolism9","Fructose and mannose metabolism","MMEA9_E1",0,0,0,1,1,6.81171392121791e-49
"Platelet activation9","Platelet activation","MMEA9_E1",0,0,0,1,1,8.61557858347464e-42
"Efferocytosis9","Efferocytosis","MMEA9_E1",0,0,0,1,1,4.10234586177133e-40
"Antifolate resistance9","Antifolate resistance","MMEA9_E1",0,0,0,1,1,7.05279151760843e-49
"Alcoholism9","Alcoholism","MMEA9_E1",0,0,0,1,1,9.02891585293297e-43
"Melanogenesis9","Melanogenesis","MMEA9_E1",0,0,0,1,1,1.31376770490941e-43
"Prolactin signaling pathway9","Prolactin signaling pathway","MMEA9_E1",0,0,0,1,1,2.2171300390114e-47
"Glycerolipid metabolism9","Glycerolipid metabolism","MMEA9_E1",0,0,0,1,1,1.7552846821246e-47
"Dopaminergic synapse9","Dopaminergic synapse","MMEA9_E1",0,0,0,1,1,1.68474556067297e-43
"Glycosphingolipid biosynthesis - ganglio series9","Glycosphingolipid biosynthesis - ganglio series","MMEA9_E1",0,0,0,1,1,4.7518350377166e-51
"Mucin type O-glycan biosynthesis9","Mucin type O-glycan biosynthesis","MMEA9_E1",0,0,0,1,1,1.19617723131983e-48
"Lipoic acid metabolism9","Lipoic acid metabolism","MMEA9_E1",0,0,0,1,1,1.06673843978053e-50
"NF-kappa B signaling pathway9","NF-kappa B signaling pathway","MMEA9_E1",0,0,0,1,1,3.72984943375249e-44
"Oxytocin signaling pathway9","Oxytocin signaling pathway","MMEA9_E1",0,0,0,1,1,1.519728006807e-41
"Basal cell carcinoma9","Basal cell carcinoma","MMEA9_E1",1,0,1,0.145518044237485,1,1.03802845843697e-45
"Legionellosis9","Legionellosis","MMEA9_E1",0,0,0,1,1,9.63227299177823e-50
"Measles9","Measles","MMEA9_E1",0,0,0,1,1,9.96376912303979e-44
"Biosynthesis of cofactors9","Biosynthesis of cofactors","MMEA9_E1",0,0,0,1,1,3.22827909830934e-43
"Glycosaminoglycan biosynthesis - keratan sulfate9","Glycosaminoglycan biosynthesis - keratan sulfate","MMEA9_E1",0,0,0,1,1,2.62946893011953e-50
"Alanine, aspartate and glutamate metabolism9","Alanine, aspartate and glutamate metabolism","MMEA9_E1",0,0,0,1,1,1.06673843978053e-50
"Fatty acid biosynthesis9","Fatty acid biosynthesis","MMEA9_E1",0,0,0,1,1,5.21838597981953e-51
"Hypertrophic cardiomyopathy9","Hypertrophic cardiomyopathy","MMEA9_E1",0,0,0,1,1,1.8521311201806e-41
"Glucagon signaling pathway9","Glucagon signaling pathway","MMEA9_E1",0,0,0,1,1,3.72984943375249e-44
"Glycosaminoglycan biosynthesis - heparan sulfate / heparin9","Glycosaminoglycan biosynthesis - heparan sulfate / heparin","MMEA9_E1",0,0,0,1,1,6.4892156553561e-49
"Steroid biosynthesis9","Steroid biosynthesis","MMEA9_E1",0,0,0,1,1,1.60078503669065e-51
"cGMP-PKG signaling pathway9","cGMP-PKG signaling pathway","MMEA9_E1",0,0,0,1,1,2.61651289562676e-41
"Phagosome9","Phagosome","MMEA9_E1",1,0,1,0.230500582072177,1,1.43756650027161e-42
"Arginine and proline metabolism9","Arginine and proline metabolism","MMEA9_E1",0,0,0,1,1,4.01826176413609e-50
"Pyruvate metabolism9","Pyruvate metabolism","MMEA9_E1",0,0,0,1,1,4.79970673813002e-49
"Type II diabetes mellitus9","Type II diabetes mellitus","MMEA9_E1",0,0,0,1,1,2.62909458246016e-48
"Dilated cardiomyopathy9","Dilated cardiomyopathy","MMEA9_E1",0,0,0,1,1,8.85044394019535e-42
"Alcoholic liver disease9","Alcoholic liver disease","MMEA9_E1",0,0,0,1,1,8.50306323721431e-43
"Leukocyte transendothelial migration9","Leukocyte transendothelial migration","MMEA9_E1",0,0,0,1,1,4.4165011836817e-45
"Glycosaminoglycan degradation9","Glycosaminoglycan degradation","MMEA9_E1",0,0,0,1,1,3.89284827671605e-51
"Endocrine and other factor-regulated calcium reabsorption9","Endocrine and other factor-regulated calcium reabsorption","MMEA9_E1",0,0,0,1,1,2.28746669018883e-46
"Ubiquinone and other terpenoid-quinone biosynthesis9","Ubiquinone and other terpenoid-quinone biosynthesis","MMEA9_E1",0,0,0,1,1,1.86519825836208e-51
"Fc epsilon RI signaling pathway9","Fc epsilon RI signaling pathway","MMEA9_E1",0,0,0,1,1,5.33283389129766e-48
"Glycine, serine and threonine metabolism9","Glycine, serine and threonine metabolism","MMEA9_E1",0,0,0,1,1,6.81171392121791e-49
"Pertussis9","Pertussis","MMEA9_E1",0,0,0,1,1,2.50415298273384e-47
"Aldosterone synthesis and secretion9","Aldosterone synthesis and secretion","MMEA9_E1",0,0,0,1,1,5.46144485004973e-44
"Regulation of lipolysis in adipocytes9","Regulation of lipolysis in adipocytes","MMEA9_E1",0,0,0,1,1,7.80457781383436e-48
"Cholinergic synapse9","Cholinergic synapse","MMEA9_E1",0,0,0,1,1,2.89730842216325e-44
"Osteoclast differentiation9","Osteoclast differentiation","MMEA9_E1",0,0,0,1,1,7.24099491951413e-42
"Pentose phosphate pathway9","Pentose phosphate pathway","MMEA9_E1",0,0,0,1,1,2.62946893011953e-50
"beta-Alanine metabolism9","beta-Alanine metabolism","MMEA9_E1",0,0,0,1,1,1.54466805005556e-50
"PPAR signaling pathway9","PPAR signaling pathway","MMEA9_E1",0,0,0,1,1,4.67600068988647e-46
"Folate biosynthesis9","Folate biosynthesis","MMEA9_E1",0,0,0,1,1,1.221735885655e-50
"Influenza A9","Influenza A","MMEA9_E1",0,0,0,1,1,1.04627595192356e-42
"Th17 cell differentiation9","Th17 cell differentiation","MMEA9_E1",0,0,0,1,1,5.21781291972008e-44
"Cardiac muscle contraction9","Cardiac muscle contraction","MMEA9_E1",0,0,0,1,1,3.49764588717722e-45
"Nicotinate and nicotinamide metabolism9","Nicotinate and nicotinamide metabolism","MMEA9_E1",0,0,0,1,1,2.65020983892147e-49
"Aldosterone-regulated sodium reabsorption9","Aldosterone-regulated sodium reabsorption","MMEA9_E1",0,0,0,1,1,1.35013838223942e-48
"Neutrophil extracellular trap formation9","Neutrophil extracellular trap formation","MMEA9_E1",0,0,0,1,1,6.28282050653866e-44
"Th1 and Th2 cell differentiation9","Th1 and Th2 cell differentiation","MMEA9_E1",0,0,0,1,1,9.14769067130971e-46
"NOD-like receptor signaling pathway9","NOD-like receptor signaling pathway","MMEA9_E1",0,0,0,1,1,3.111781054838e-42
"Cortisol synthesis and secretion9","Cortisol synthesis and secretion","MMEA9_E1",0,0,0,1,1,1.99015617535012e-46
"GnRH secretion9","GnRH secretion","MMEA9_E1",0,0,0,1,1,2.26956666842783e-47
"Vascular smooth muscle contraction9","Vascular smooth muscle contraction","MMEA9_E1",0,0,0,1,1,2.57212163023717e-41
"Estrogen signaling pathway9","Estrogen signaling pathway","MMEA9_E1",0,0,0,1,1,1.18958675752396e-42
"RIG-I-like receptor signaling pathway9","RIG-I-like receptor signaling pathway","MMEA9_E1",0,0,0,1,1,1.09914883292067e-47
"Amoebiasis9","Amoebiasis","MMEA9_E1",0,0,0,1,1,2.32333485922785e-44
"ECM-receptor interaction9","ECM-receptor interaction","MMEA9_E1",0,0,0,1,1,4.48337217970908e-42
"Renin secretion9","Renin secretion","MMEA9_E1",0,0,0,1,1,4.79709678244221e-46
"Collecting duct acid secretion9","Collecting duct acid secretion","MMEA9_E1",0,0,0,1,1,3.03728528536872e-50
"Viral myocarditis9","Viral myocarditis","MMEA9_E1",0,0,0,1,1,6.59029393446253e-48
"B cell receptor signaling pathway9","B cell receptor signaling pathway","MMEA9_E1",0,0,0,1,1,5.16535632236213e-47
"Glutamatergic synapse9","Glutamatergic synapse","MMEA9_E1",0,0,0,1,1,2.68417666917599e-44
"Cytosolic DNA-sensing pathway9","Cytosolic DNA-sensing pathway","MMEA9_E1",0,0,0,1,1,2.29710730453114e-46
"Glycosphingolipid biosynthesis - globo and isoglobo series9","Glycosphingolipid biosynthesis - globo and isoglobo series","MMEA9_E1",0,0,0,1,1,5.57162144330063e-51
"Galactose metabolism9","Galactose metabolism","MMEA9_E1",0,0,0,1,1,9.72990760189057e-50
"Arginine biosynthesis9","Arginine biosynthesis","MMEA9_E1",0,0,0,1,1,1.60078503669065e-51
"Toll-like receptor signaling pathway9","Toll-like receptor signaling pathway","MMEA9_E1",0,0,0,1,1,2.32890770256791e-46
"Thiamine metabolism9","Thiamine metabolism","MMEA9_E1",0,0,0,1,1,6.31910755483809e-51
"Circadian entrainment9","Circadian entrainment","MMEA9_E1",0,0,0,1,1,7.15114672302027e-45
"Morphine addiction9","Morphine addiction","MMEA9_E1",0,0,0,1,1,8.798069339425e-45
"Ether lipid metabolism9","Ether lipid metabolism","MMEA9_E1",0,0,0,1,1,8.77917193660238e-50
"Ribosome biogenesis in eukaryotes9","Ribosome biogenesis in eukaryotes","MMEA9_E1",0,0,0,1,1,2.45236397044868e-46
"Synaptic vesicle cycle9","Synaptic vesicle cycle","MMEA9_E1",0,0,0,1,1,3.54683759391075e-47
"Tryptophan metabolism9","Tryptophan metabolism","MMEA9_E1",0,0,0,1,1,2.11246063237239e-49
"Proximal tubule bicarbonate reclamation9","Proximal tubule bicarbonate reclamation","MMEA9_E1",0,0,0,1,1,1.221735885655e-50
"Chemical carcinogenesis - receptor activation9","Chemical carcinogenesis - receptor activation","MMEA9_E1",0,0,0,1,1,2.14081583859552e-39
"Leishmaniasis9","Leishmaniasis","MMEA9_E1",0,0,0,1,1,1.35013838223942e-48
"Glycosphingolipid biosynthesis - lacto and neolacto series9","Glycosphingolipid biosynthesis - lacto and neolacto series","MMEA9_E1",0,0,0,1,1,7.49812968776934e-50
"Amphetamine addiction9","Amphetamine addiction","MMEA9_E1",0,0,0,1,1,7.41514222290651e-47
"Thyroid hormone synthesis9","Thyroid hormone synthesis","MMEA9_E1",0,0,0,1,1,5.12407293937595e-46
"Butanoate metabolism9","Butanoate metabolism","MMEA9_E1",0,0,0,1,1,1.06731048243795e-50
"ABC transporters9","ABC transporters","MMEA9_E1",0,0,0,1,1,1.03725640850726e-48
"Antigen processing and presentation9","Antigen processing and presentation","MMEA9_E1",0,0,0,1,1,2.04991100332916e-48
"Ovarian steroidogenesis9","Ovarian steroidogenesis","MMEA9_E1",0,0,0,1,1,2.98159077039757e-49
"Rheumatoid arthritis9","Rheumatoid arthritis","MMEA9_E1",0,0,0,1,1,2.81322923676794e-46
"IL-17 signaling pathway9","IL-17 signaling pathway","MMEA9_E1",0,0,0,1,1,3.49764588717722e-45
"Renin-angiotensin system9","Renin-angiotensin system","MMEA9_E1",0,0,0,1,1,1.19687380472937e-50
"Nitrogen metabolism9","Nitrogen metabolism","MMEA9_E1",0,0,0,1,1,7.54421464725315e-51
"Tuberculosis9","Tuberculosis","MMEA9_E1",0,0,0,1,1,5.17101388510399e-42
"Drug metabolism - other enzymes9","Drug metabolism - other enzymes","MMEA9_E1",0,0,0,1,1,6.81171392121791e-49
"Glycolysis / Gluconeogenesis9","Glycolysis / Gluconeogenesis","MMEA9_E1",0,0,0,1,1,2.65020983892147e-49
"Gastric acid secretion9","Gastric acid secretion","MMEA9_E1",0,0,0,1,1,5.27642347299382e-46
"Cholesterol metabolism9","Cholesterol metabolism","MMEA9_E1",0,0,0,1,1,8.74453467620828e-49
"African trypanosomiasis9","African trypanosomiasis","MMEA9_E1",0,0,0,1,1,9.68785713415523e-49
"GABAergic synapse9","GABAergic synapse","MMEA9_E1",0,0,0,1,1,7.07931103234735e-46
"Chemokine signaling pathway9","Chemokine signaling pathway","MMEA9_E1",0,0,0,1,1,2.42033988870105e-43
"Insulin secretion9","Insulin secretion","MMEA9_E1",0,0,0,1,1,2.96349790829643e-44
"Cocaine addiction9","Cocaine addiction","MMEA9_E1",0,0,0,1,1,1.07396034787717e-48
"Mineral absorption9","Mineral absorption","MMEA9_E1",0,0,0,1,1,1.77948061765278e-47
"Histidine metabolism9","Histidine metabolism","MMEA9_E1",0,0,0,1,1,1.32224676341477e-51
"Vitamin digestion and absorption9","Vitamin digestion and absorption","MMEA9_E1",0,0,0,1,1,5.57162144330063e-51
"Systemic lupus erythematosus9","Systemic lupus erythematosus","MMEA9_E1",0,0,0,1,1,1.74285525634207e-48
"Phenylalanine metabolism9","Phenylalanine metabolism","MMEA9_E1",0,0,0,1,1,1.32224676341477e-51
"Taurine and hypotaurine metabolism9","Taurine and hypotaurine metabolism","MMEA9_E1",0,0,0,1,1,3.46005216239434e-51
"Starch and sucrose metabolism9","Starch and sucrose metabolism","MMEA9_E1",0,0,0,1,1,1.97470672312334e-50
"cAMP signaling pathway9","cAMP signaling pathway","MMEA9_E1",0,0,0,1,1,1.12303249427553e-39
"Protein digestion and absorption9","Protein digestion and absorption","MMEA9_E1",0,0,0,1,1,1.58961931187021e-42
"Primary bile acid biosynthesis9","Primary bile acid biosynthesis","MMEA9_E1",0,0,0,1,1,2.23057624031894e-51
"Calcium signaling pathway9","Calcium signaling pathway","MMEA9_E1",0,0,0,1,1,2.25164211207602e-37
"Porphyrin metabolism9","Porphyrin metabolism","MMEA9_E1",0,0,0,1,1,2.13738013092627e-50
"Malaria9","Malaria","MMEA9_E1",0,0,0,1,1,5.31288273772759e-48
"alpha-Linolenic acid metabolism9","alpha-Linolenic acid metabolism","MMEA9_E1",0,0,0,1,1,1.60078503669065e-51
"Cell adhesion molecules9","Cell adhesion molecules","MMEA9_E1",0,0,0,1,1,1.25895448587457e-43
"Carbohydrate digestion and absorption9","Carbohydrate digestion and absorption","MMEA9_E1",0,0,0,1,1,3.7712205049425e-49
"Serotonergic synapse9","Serotonergic synapse","MMEA9_E1",0,0,0,1,1,5.52433696403061e-45
"JAK-STAT signaling pathway9","JAK-STAT signaling pathway","MMEA9_E1",0,0,0,1,1,1.8599051795542e-41
"Type I diabetes mellitus9","Type I diabetes mellitus","MMEA9_E1",0,0,0,1,1,5.18797508130184e-51
"Arachidonic acid metabolism9","Arachidonic acid metabolism","MMEA9_E1",0,0,0,1,1,1.53697415448744e-49
"Salivary secretion9","Salivary secretion","MMEA9_E1",0,0,0,1,1,1.67898373655253e-45
"Inflammatory bowel disease9","Inflammatory bowel disease","MMEA9_E1",0,0,0,1,1,7.58827509691604e-49
"Natural killer cell mediated cytotoxicity9","Natural killer cell mediated cytotoxicity","MMEA9_E1",0,0,0,1,1,4.70539822384596e-45
"Tyrosine metabolism9","Tyrosine metabolism","MMEA9_E1",0,0,0,1,1,8.56790902126436e-51
"Allograft rejection9","Allograft rejection","MMEA9_E1",0,0,0,1,1,3.46005216239434e-51
"Phototransduction9","Phototransduction","MMEA9_E1",0,0,0,1,1,2.23057624031894e-51
"Primary immunodeficiency9","Primary immunodeficiency","MMEA9_E1",0,0,0,1,1,1.73494169949999e-50
"Linoleic acid metabolism9","Linoleic acid metabolism","MMEA9_E1",0,0,0,1,1,1.60078503669065e-51
"Pentose and glucuronate interconversions9","Pentose and glucuronate interconversions","MMEA9_E1",0,0,0,1,1,1.60078503669065e-51
"Graft-versus-host disease9","Graft-versus-host disease","MMEA9_E1",0,0,0,1,1,3.87686124976497e-51
"Intestinal immune network for IgA production9","Intestinal immune network for IgA production","MMEA9_E1",0,0,0,1,1,1.61874657450098e-49
"Pancreatic secretion9","Pancreatic secretion","MMEA9_E1",0,0,0,1,1,1.0413196225785e-45
"Complement and coagulation cascades9","Complement and coagulation cascades","MMEA9_E1",0,0,0,1,1,8.14531944518939e-48
"Fat digestion and absorption9","Fat digestion and absorption","MMEA9_E1",0,0,0,1,1,1.35718449835114e-50
"Ascorbate and aldarate metabolism9","Ascorbate and aldarate metabolism","MMEA9_E1",0,0,0,1,1,1.32224676341477e-51
"MicroRNAs in cancer9","MicroRNAs in cancer","MMEA9_E1",0,0,0,1,1,1.84113113629653e-37
"Asthma9","Asthma","MMEA9_E1",0,0,0,1,1,1.32224676341477e-51
"Maturity onset diabetes of the young9","Maturity onset diabetes of the young","MMEA9_E1",0,0,0,1,1,9.92393433091977e-52
"Chemical carcinogenesis - DNA adducts9","Chemical carcinogenesis - DNA adducts","MMEA9_E1",0,0,0,1,1,5.57162144330063e-51
"Bile secretion9","Bile secretion","MMEA9_E1",0,0,0,1,1,1.38295720870441e-46
"Metabolism of xenobiotics by cytochrome P4509","Metabolism of xenobiotics by cytochrome P450","MMEA9_E1",0,0,0,1,1,3.50820732893727e-50
"Nicotine addiction9","Nicotine addiction","MMEA9_E1",0,0,0,1,1,5.57162144330063e-51
"Hematopoietic cell lineage9","Hematopoietic cell lineage","MMEA9_E1",0,0,0,1,1,6.0538896447642e-46
"Taste transduction9","Taste transduction","MMEA9_E1",0,0,0,1,1,7.67868313391209e-48
"Drug metabolism - cytochrome P4509","Drug metabolism - cytochrome P450","MMEA9_E1",0,0,0,1,1,1.25113467764355e-50
"Autoimmune thyroid disease9","Autoimmune thyroid disease","MMEA9_E1",0,0,0,1,1,1.9914643626613e-51
"Steroid hormone biosynthesis9","Steroid hormone biosynthesis","MMEA9_E1",0,0,0,1,1,1.60078503669065e-51
"Retinol metabolism9","Retinol metabolism","MMEA9_E1",0,0,0,1,1,1.54466805005556e-50
"Viral protein interaction with cytokine and cytokine receptor9","Viral protein interaction with cytokine and cytokine receptor","MMEA9_E1",0,0,0,1,1,1.31562926270563e-48
"Staphylococcus aureus infection9","Staphylococcus aureus infection","MMEA9_E1",0,0,0,1,1,4.98959939466694e-51
"Cytokine-cytokine receptor interaction9","Cytokine-cytokine receptor interaction","MMEA9_E1",1,0,1,0.29569266589057,1,2.58640903142929e-40
"Neuroactive ligand-receptor interaction9","Neuroactive ligand-receptor interaction","MMEA9_E1",0,0,0,1,1,2.11881407044112e-42
"Olfactory transduction9","Olfactory transduction","MMEA9_E1",0,0,0,1,1,2.37049061451168e-49
"Herpes simplex virus 1 infection10","Herpes simplex virus 1 infection","MMEA9_E2",0,1,-1,0.530373831775701,1,1.25447706281515e-31
"Cell cycle10","Cell cycle","MMEA9_E2",0,0,0,1,1,3.77103157718585e-41
"Endocytosis10","Endocytosis","MMEA9_E2",1,0,1,0.442757009345794,1,6.18279103021767e-36
"Ribosome10","Ribosome","MMEA9_E2",0,0,0,1,1,2.22805355230262e-44
"Autophagy - animal10","Autophagy - animal","MMEA9_E2",0,0,0,1,1,1.23833316461355e-40
"Protein processing in endoplasmic reticulum10","Protein processing in endoplasmic reticulum","MMEA9_E2",0,0,0,1,1,6.53009581671082e-44
"Huntington disease10","Huntington disease","MMEA9_E2",0,0,0,1,1,6.85131494280567e-36
"Ubiquitin mediated proteolysis10","Ubiquitin mediated proteolysis","MMEA9_E2",0,0,0,1,1,1.05085172682678e-42
"Shigellosis10","Shigellosis","MMEA9_E2",0,0,0,1,1,4.15499014185933e-37
"Thermogenesis10","Thermogenesis","MMEA9_E2",0,0,0,1,1,2.95693855579139e-40
"Mitophagy - animal10","Mitophagy - animal","MMEA9_E2",0,0,0,1,1,1.88028759786638e-44
"Parkinson disease10","Parkinson disease","MMEA9_E2",0,0,0,1,1,1.3677558098647e-39
"Amyotrophic lateral sclerosis10","Amyotrophic lateral sclerosis","MMEA9_E2",0,0,0,1,1,1.76392610225059e-36
"Cellular senescence10","Cellular senescence","MMEA9_E2",0,0,0,1,1,5.86356043336601e-40
"Chemical carcinogenesis - reactive oxygen species10","Chemical carcinogenesis - reactive oxygen species","MMEA9_E2",0,0,0,1,1,2.3448685218892e-40
"Colorectal cancer10","Colorectal cancer","MMEA9_E2",0,0,0,1,1,5.92480422131023e-44
"Salmonella infection10","Salmonella infection","MMEA9_E2",0,0,0,1,1,2.80207566794748e-38
"ATP-dependent chromatin remodeling10","ATP-dependent chromatin remodeling","MMEA9_E2",1,0,1,0.171728971962617,1,1.08331945107968e-44
"Diabetic cardiomyopathy10","Diabetic cardiomyopathy","MMEA9_E2",0,0,0,1,1,1.04745250023751e-40
"Spliceosome10","Spliceosome","MMEA9_E2",0,0,0,1,1,2.87087266282474e-44
"Viral carcinogenesis10","Viral carcinogenesis","MMEA9_E2",0,0,0,1,1,8.10698147079565e-40
"Pathways of neurodegeneration - multiple diseases10","Pathways of neurodegeneration - multiple diseases","MMEA9_E2",0,1,-1,0.544392523364486,1,7.26078118935519e-33
"Pancreatic cancer10","Pancreatic cancer","MMEA9_E2",0,0,0,1,1,1.97306436629312e-43
"Chronic myeloid leukemia10","Chronic myeloid leukemia","MMEA9_E2",0,0,0,1,1,7.21352155774913e-45
"Polycomb repressive complex10","Polycomb repressive complex","MMEA9_E2",0,0,0,1,1,1.44061354994647e-46
"Alzheimer disease10","Alzheimer disease","MMEA9_E2",0,0,0,1,1,1.7696929371968e-35
"Non-alcoholic fatty liver disease10","Non-alcoholic fatty liver disease","MMEA9_E2",0,0,0,1,1,1.6168145070617e-43
"Nucleocytoplasmic transport10","Nucleocytoplasmic transport","MMEA9_E2",0,0,0,1,1,4.26482202850251e-47
"Human T-cell leukemia virus 1 infection10","Human T-cell leukemia virus 1 infection","MMEA9_E2",0,0,0,1,1,1.15278293847112e-39
"Nucleotide excision repair10","Nucleotide excision repair","MMEA9_E2",0,0,0,1,1,3.33358328574729e-48
"Oxidative phosphorylation10","Oxidative phosphorylation","MMEA9_E2",0,0,0,1,1,7.02423780092547e-47
"Renal cell carcinoma10","Renal cell carcinoma","MMEA9_E2",0,0,0,1,1,1.57574215085154e-45
"Axon guidance10","Axon guidance","MMEA9_E2",0,0,0,1,1,1.19628407752448e-38
"Endometrial cancer10","Endometrial cancer","MMEA9_E2",0,0,0,1,1,3.55221386524587e-47
"mRNA surveillance pathway10","mRNA surveillance pathway","MMEA9_E2",0,0,0,1,1,2.82507436490008e-46
"Focal adhesion10","Focal adhesion","MMEA9_E2",1,0,1,0.400700934579439,1,3.64921464683161e-37
"Adherens junction10","Adherens junction","MMEA9_E2",0,0,0,1,1,3.14023778276895e-42
"Prion disease10","Prion disease","MMEA9_E2",0,0,0,1,1,1.86908358676038e-39
"Lysosome10","Lysosome","MMEA9_E2",0,0,0,1,1,7.23239657513297e-46
"MAPK signaling pathway10","MAPK signaling pathway","MMEA9_E2",0,0,0,1,1,1.4426987744084e-35
"Sphingolipid signaling pathway10","Sphingolipid signaling pathway","MMEA9_E2",0,0,0,1,1,6.73360056682486e-42
"Fanconi anemia pathway10","Fanconi anemia pathway","MMEA9_E2",0,0,0,1,1,3.05542307003211e-48
"Neurotrophin signaling pathway10","Neurotrophin signaling pathway","MMEA9_E2",0,0,0,1,1,5.58770163444707e-44
"Phosphatidylinositol signaling system10","Phosphatidylinositol signaling system","MMEA9_E2",2,0,1.58496250072116,0.0455607476635514,1,2.96433415792601e-44
"Prostate cancer10","Prostate cancer","MMEA9_E2",0,0,0,1,1,2.02597023368525e-44
"Aminoacyl-tRNA biosynthesis10","Aminoacyl-tRNA biosynthesis","MMEA9_E2",1,0,1,0.103971962616822,1,1.74527070514711e-47
"Base excision repair10","Base excision repair","MMEA9_E2",0,0,0,1,1,1.81318376106688e-50
"p53 signaling pathway10","p53 signaling pathway","MMEA9_E2",0,0,0,1,1,1.04152899706893e-44
"EGFR tyrosine kinase inhibitor resistance10","EGFR tyrosine kinase inhibitor resistance","MMEA9_E2",0,0,0,1,1,1.95439106058347e-45
"Small cell lung cancer10","Small cell lung cancer","MMEA9_E2",0,0,0,1,1,6.17799392327713e-44
"RNA degradation10","RNA degradation","MMEA9_E2",0,0,0,1,1,1.84419143780251e-46
"mTOR signaling pathway10","mTOR signaling pathway","MMEA9_E2",0,0,0,1,1,6.20360150083969e-41
"Endocrine resistance10","Endocrine resistance","MMEA9_E2",0,0,0,1,1,2.89144556661556e-43
"Lysine degradation10","Lysine degradation","MMEA9_E2",0,0,0,1,1,1.71969383042551e-47
"Viral life cycle - HIV-110","Viral life cycle - HIV-1","MMEA9_E2",0,0,0,1,1,1.31278908171922e-47
"Longevity regulating pathway10","Longevity regulating pathway","MMEA9_E2",0,0,0,1,1,2.0197068395555e-45
"Insulin resistance10","Insulin resistance","MMEA9_E2",0,0,0,1,1,1.66271571688174e-42
"Inositol phosphate metabolism10","Inositol phosphate metabolism","MMEA9_E2",0,0,0,1,1,9.04839817033284e-46
"Platinum drug resistance10","Platinum drug resistance","MMEA9_E2",0,0,0,1,1,2.78137306541504e-44
"Bacterial invasion of epithelial cells10","Bacterial invasion of epithelial cells","MMEA9_E2",0,0,0,1,1,8.18161928590539e-46
"Hepatocellular carcinoma10","Hepatocellular carcinoma","MMEA9_E2",0,0,0,1,1,4.73764318079589e-40
"Insulin signaling pathway10","Insulin signaling pathway","MMEA9_E2",0,0,0,1,1,1.13903718904613e-42
"Human cytomegalovirus infection10","Human cytomegalovirus infection","MMEA9_E2",0,0,0,1,1,1.28124827970302e-37
"Human papillomavirus infection10","Human papillomavirus infection","MMEA9_E2",0,0,0,1,1,8.72913754939528e-34
"Proteoglycans in cancer10","Proteoglycans in cancer","MMEA9_E2",1,0,1,0.372663551401869,1,7.62350542610346e-39
"TGF-beta signaling pathway10","TGF-beta signaling pathway","MMEA9_E2",0,0,0,1,1,3.53960448985309e-40
"RNA polymerase10","RNA polymerase","MMEA9_E2",0,0,0,1,1,1.36732176105121e-49
"FoxO signaling pathway10","FoxO signaling pathway","MMEA9_E2",0,0,0,1,1,4.85890739251558e-43
"AGE-RAGE signaling pathway in diabetic complications10","AGE-RAGE signaling pathway in diabetic complications","MMEA9_E2",0,0,0,1,1,2.19083504108025e-45
"Hepatitis B10","Hepatitis B","MMEA9_E2",0,0,0,1,1,1.81398220173792e-42
"Longevity regulating pathway - multiple species10","Longevity regulating pathway - multiple species","MMEA9_E2",0,0,0,1,1,1.39564815287449e-46
"Yersinia infection10","Yersinia infection","MMEA9_E2",0,0,0,1,1,4.17114595223051e-42
"N-Glycan biosynthesis10","N-Glycan biosynthesis","MMEA9_E2",0,0,0,1,1,1.64484235655474e-49
"Non-small cell lung cancer10","Non-small cell lung cancer","MMEA9_E2",0,0,0,1,1,5.09890316045843e-47
"Rap1 signaling pathway10","Rap1 signaling pathway","MMEA9_E2",0,0,0,1,1,2.7602316190119e-38
"Choline metabolism in cancer10","Choline metabolism in cancer","MMEA9_E2",0,0,0,1,1,4.95837171558713e-44
"TNF signaling pathway10","TNF signaling pathway","MMEA9_E2",0,0,0,1,1,5.09901583747914e-43
"Glioma10","Glioma","MMEA9_E2",0,0,0,1,1,1.57574215085154e-45
"Human immunodeficiency virus 1 infection10","Human immunodeficiency virus 1 infection","MMEA9_E2",0,0,0,1,1,1.55829462934138e-39
"Apoptosis10","Apoptosis","MMEA9_E2",0,0,0,1,1,1.24928783947339e-43
"AMPK signaling pathway10","AMPK signaling pathway","MMEA9_E2",0,0,0,1,1,1.23927867383497e-42
"Fatty acid metabolism10","Fatty acid metabolism","MMEA9_E2",0,0,0,1,1,2.9802552316841e-48
"DNA replication10","DNA replication","MMEA9_E2",0,0,0,1,1,1.87039365929668e-50
"Pathogenic Escherichia coli infection10","Pathogenic Escherichia coli infection","MMEA9_E2",0,0,0,1,1,5.23102214215891e-40
"PD-L1 expression and PD-1 checkpoint pathway in cancer10","PD-L1 expression and PD-1 checkpoint pathway in cancer","MMEA9_E2",0,0,0,1,1,1.2722334613428e-44
"Hippo signaling pathway10","Hippo signaling pathway","MMEA9_E2",1,0,1,0.35981308411215,1,3.06712261912181e-38
"Valine, leucine and isoleucine degradation10","Valine, leucine and isoleucine degradation","MMEA9_E2",0,0,0,1,1,2.9802552316841e-48
"Peroxisome10","Peroxisome","MMEA9_E2",0,0,0,1,1,1.30934721938131e-47
"Homologous recombination10","Homologous recombination","MMEA9_E2",0,0,0,1,1,9.59741307383119e-50
"Bladder cancer10","Bladder cancer","MMEA9_E2",0,0,0,1,1,6.70590051725576e-47
"Fluid shear stress and atherosclerosis10","Fluid shear stress and atherosclerosis","MMEA9_E2",0,0,0,1,1,1.40764297156078e-41
"SNARE interactions in vesicular transport10","SNARE interactions in vesicular transport","MMEA9_E2",0,0,0,1,1,9.49000500464082e-49
"Autophagy - other10","Autophagy - other","MMEA9_E2",0,0,0,1,1,9.49000500464082e-49
"Proteasome10","Proteasome","MMEA9_E2",0,0,0,1,1,1.23104835029955e-48
"Protein export10","Protein export","MMEA9_E2",0,0,0,1,1,9.45123074954742e-51
"Thyroid hormone signaling pathway10","Thyroid hormone signaling pathway","MMEA9_E2",0,0,0,1,1,1.93581560137506e-43
"Amino sugar and nucleotide sugar metabolism10","Amino sugar and nucleotide sugar metabolism","MMEA9_E2",0,0,0,1,1,1.17977870192178e-47
"Nucleotide metabolism10","Nucleotide metabolism","MMEA9_E2",0,0,0,1,1,3.62871621110299e-47
"ErbB signaling pathway10","ErbB signaling pathway","MMEA9_E2",0,0,0,1,1,6.87719912627738e-46
"Thyroid cancer10","Thyroid cancer","MMEA9_E2",0,0,0,1,1,3.64816257405999e-49
"Various types of N-glycan biosynthesis10","Various types of N-glycan biosynthesis","MMEA9_E2",0,0,0,1,1,1.49506025900597e-50
"Spinocerebellar ataxia10","Spinocerebellar ataxia","MMEA9_E2",0,0,0,1,1,2.7877267126347e-43
"Basal transcription factors10","Basal transcription factors","MMEA9_E2",0,0,0,1,1,7.90241286504332e-50
"Regulation of actin cytoskeleton10","Regulation of actin cytoskeleton","MMEA9_E2",1,0,1,0.379672897196262,1,1.81263540355433e-37
"Melanoma10","Melanoma","MMEA9_E2",0,0,0,1,1,1.68708573072582e-45
"Tight junction10","Tight junction","MMEA9_E2",1,0,1,0.272196261682243,1,8.24154399194758e-41
"Apoptosis - multiple species10","Apoptosis - multiple species","MMEA9_E2",0,0,0,1,1,1.15266136404467e-49
"Glycosylphosphatidylinositol (GPI)-anchor biosynthesis10","Glycosylphosphatidylinositol (GPI)-anchor biosynthesis","MMEA9_E2",0,0,0,1,1,2.8355583412718e-50
"Biosynthesis of nucleotide sugars10","Biosynthesis of nucleotide sugars","MMEA9_E2",0,0,0,1,1,3.64816257405999e-49
"Epithelial cell signaling in Helicobacter pylori infection10","Epithelial cell signaling in Helicobacter pylori infection","MMEA9_E2",0,0,0,1,1,3.5732070532762e-48
"Epstein-Barr virus infection10","Epstein-Barr virus infection","MMEA9_E2",0,0,0,1,1,3.1853034346288e-41
"Selenocompound metabolism10","Selenocompound metabolism","MMEA9_E2",0,0,0,1,1,1.50612189589862e-50
"Other types of O-glycan biosynthesis10","Other types of O-glycan biosynthesis","MMEA9_E2",0,0,0,1,1,5.81771508593283e-48
"Notch signaling pathway10","Notch signaling pathway","MMEA9_E2",0,0,0,1,1,1.77906417725047e-48
"Fc gamma R-mediated phagocytosis10","Fc gamma R-mediated phagocytosis","MMEA9_E2",1,0,1,0.218457943925234,1,6.62976145651715e-43
"Citrate cycle (TCA cycle)10","Citrate cycle (TCA cycle)","MMEA9_E2",0,0,0,1,1,9.68492579019922e-51
"Apelin signaling pathway10","Apelin signaling pathway","MMEA9_E2",0,0,0,1,1,2.50169867302209e-41
"Mismatch repair10","Mismatch repair","MMEA9_E2",0,0,0,1,1,2.33776702167955e-50
"Carbon metabolism10","Carbon metabolism","MMEA9_E2",0,0,0,1,1,4.14578046410822e-46
"Hedgehog signaling pathway10","Hedgehog signaling pathway","MMEA9_E2",0,0,0,1,1,3.12750670196556e-47
"Chagas disease10","Chagas disease","MMEA9_E2",0,0,0,1,1,2.18033904989764e-45
"Growth hormone synthesis, secretion and action10","Growth hormone synthesis, secretion and action","MMEA9_E2",0,0,0,1,1,2.95290567077939e-45
"Kaposi sarcoma-associated herpesvirus infection10","Kaposi sarcoma-associated herpesvirus infection","MMEA9_E2",0,0,0,1,1,8.44435474586073e-40
"Hippo signaling pathway - multiple species10","Hippo signaling pathway - multiple species","MMEA9_E2",0,0,0,1,1,2.2602789118619e-47
"VEGF signaling pathway10","VEGF signaling pathway","MMEA9_E2",0,0,0,1,1,7.51374473149146e-47
"Gap junction10","Gap junction","MMEA9_E2",0,0,0,1,1,2.61620920159376e-46
"Vasopressin-regulated water reabsorption10","Vasopressin-regulated water reabsorption","MMEA9_E2",0,0,0,1,1,1.28043729796262e-48
"Progesterone-mediated oocyte maturation10","Progesterone-mediated oocyte maturation","MMEA9_E2",0,0,0,1,1,1.8824227858639e-46
"Glycosaminoglycan biosynthesis - chondroitin sulfate / dermatan sulfate10","Glycosaminoglycan biosynthesis - chondroitin sulfate / dermatan sulfate","MMEA9_E2",0,0,0,1,1,2.47556871960231e-50
"T cell receptor signaling pathway10","T cell receptor signaling pathway","MMEA9_E2",0,0,0,1,1,3.15979178270911e-45
"Oocyte meiosis10","Oocyte meiosis","MMEA9_E2",0,0,0,1,1,2.47189935248358e-45
"Phospholipase D signaling pathway10","Phospholipase D signaling pathway","MMEA9_E2",0,0,0,1,1,2.73381039284005e-42
"Acute myeloid leukemia10","Acute myeloid leukemia","MMEA9_E2",0,0,0,1,1,5.78391110965118e-47
"One carbon pool by folate10","One carbon pool by folate","MMEA9_E2",0,0,0,1,1,3.90447243161104e-51
"Propanoate metabolism10","Propanoate metabolism","MMEA9_E2",0,0,0,1,1,7.30526849232596e-50
"Wnt signaling pathway10","Wnt signaling pathway","MMEA9_E2",0,0,0,1,1,7.13216985682604e-40
"Breast cancer10","Breast cancer","MMEA9_E2",0,0,0,1,1,3.84113436907231e-41
"Adipocytokine signaling pathway10","Adipocytokine signaling pathway","MMEA9_E2",0,0,0,1,1,7.14561933281845e-46
"Central carbon metabolism in cancer10","Central carbon metabolism in cancer","MMEA9_E2",0,0,0,1,1,3.7821662821374e-47
"Glyoxylate and dicarboxylate metabolism10","Glyoxylate and dicarboxylate metabolism","MMEA9_E2",0,0,0,1,1,3.26599793958556e-51
"Relaxin signaling pathway10","Relaxin signaling pathway","MMEA9_E2",0,0,0,1,1,2.87781076597501e-44
"Ferroptosis10","Ferroptosis","MMEA9_E2",0,0,0,1,1,6.6231770043435e-49
"Sphingolipid metabolism10","Sphingolipid metabolism","MMEA9_E2",0,0,0,1,1,9.03916125818971e-48
"Toxoplasmosis10","Toxoplasmosis","MMEA9_E2",0,0,0,1,1,2.97964151681885e-45
"Ras signaling pathway10","Ras signaling pathway","MMEA9_E2",0,0,0,1,1,2.13749128878214e-38
"Pyrimidine metabolism10","Pyrimidine metabolism","MMEA9_E2",0,0,0,1,1,2.63742914797645e-48
"GnRH signaling pathway10","GnRH signaling pathway","MMEA9_E2",0,0,0,1,1,1.95439106058347e-45
"Coronavirus disease - COVID-1910","Coronavirus disease - COVID-19","MMEA9_E2",0,0,0,1,1,4.62548582886581e-41
"Mannose type O-glycan biosynthesis10","Mannose type O-glycan biosynthesis","MMEA9_E2",0,0,0,1,1,1.44033430979937e-51
"Terpenoid backbone biosynthesis10","Terpenoid backbone biosynthesis","MMEA9_E2",0,0,0,1,1,1.46227135929738e-50
"Cysteine and methionine metabolism10","Cysteine and methionine metabolism","MMEA9_E2",0,0,0,1,1,4.70471537484196e-49
"Circadian rhythm10","Circadian rhythm","MMEA9_E2",0,0,0,1,1,4.70471537484196e-49
"Fatty acid elongation10","Fatty acid elongation","MMEA9_E2",0,0,0,1,1,2.69080235146521e-50
"Biosynthesis of unsaturated fatty acids10","Biosynthesis of unsaturated fatty acids","MMEA9_E2",0,0,0,1,1,1.98447121561177e-50
"Inflammatory mediator regulation of TRP channels10","Inflammatory mediator regulation of TRP channels","MMEA9_E2",0,0,0,1,1,4.90109004383366e-45
"Parathyroid hormone synthesis, secretion and action10","Parathyroid hormone synthesis, secretion and action","MMEA9_E2",0,0,0,1,1,2.78729731428264e-43
"Sulfur metabolism10","Sulfur metabolism","MMEA9_E2",0,0,0,1,1,1.44033430979937e-51
"Vibrio cholerae infection10","Vibrio cholerae infection","MMEA9_E2",0,0,0,1,1,3.64816257405999e-49
"Signaling pathways regulating pluripotency of stem cells10","Signaling pathways regulating pluripotency of stem cells","MMEA9_E2",0,0,0,1,1,3.60212010847849e-42
"HIF-1 signaling pathway10","HIF-1 signaling pathway","MMEA9_E2",0,0,0,1,1,8.38832289122216e-43
"Purine metabolism10","Purine metabolism","MMEA9_E2",0,0,0,1,1,3.70001971023822e-44
"Fatty acid degradation10","Fatty acid degradation","MMEA9_E2",0,0,0,1,1,1.18932557648467e-49
"Glutathione metabolism10","Glutathione metabolism","MMEA9_E2",0,0,0,1,1,5.48702601560145e-48
"Transcriptional misregulation in cancer10","Transcriptional misregulation in cancer","MMEA9_E2",0,0,0,1,1,5.45810780531149e-41
"2-Oxocarboxylic acid metabolism10","2-Oxocarboxylic acid metabolism","MMEA9_E2",0,0,0,1,1,1.2944269520825e-50
"Adrenergic signaling in cardiomyocytes10","Adrenergic signaling in cardiomyocytes","MMEA9_E2",0,0,0,1,1,4.03581735426195e-43
"Gastric cancer10","Gastric cancer","MMEA9_E2",0,0,0,1,1,1.71231139359893e-42
"Long-term potentiation10","Long-term potentiation","MMEA9_E2",0,0,0,1,1,1.33110514610486e-47
"Motor proteins10","Motor proteins","MMEA9_E2",0,0,0,1,1,1.47764296343578e-39
"Biosynthesis of amino acids10","Biosynthesis of amino acids","MMEA9_E2",0,0,0,1,1,2.9802552316841e-48
"Other glycan degradation10","Other glycan degradation","MMEA9_E2",0,0,0,1,1,1.89990249211223e-51
"Non-homologous end-joining10","Non-homologous end-joining","MMEA9_E2",0,0,0,1,1,1.55865439796076e-51
"Glycerophospholipid metabolism10","Glycerophospholipid metabolism","MMEA9_E2",0,0,0,1,1,7.3844754597034e-46
"C-type lectin receptor signaling pathway10","C-type lectin receptor signaling pathway","MMEA9_E2",0,0,0,1,1,6.86630362732639e-45
"Lipid and atherosclerosis10","Lipid and atherosclerosis","MMEA9_E2",0,0,0,1,1,3.39986038957767e-41
"Hepatitis C10","Hepatitis C","MMEA9_E2",0,0,0,1,1,4.50697804832295e-42
"PI3K-Akt signaling pathway10","PI3K-Akt signaling pathway","MMEA9_E2",1,1,0,1,1,6.85318733250138e-34
"Long-term depression10","Long-term depression","MMEA9_E2",0,0,0,1,1,6.30135355637567e-48
"Arrhythmogenic right ventricular cardiomyopathy10","Arrhythmogenic right ventricular cardiomyopathy","MMEA9_E2",0,0,0,1,1,1.18890549190357e-44
"Necroptosis10","Necroptosis","MMEA9_E2",0,0,0,1,1,8.05293320232204e-46
"Retrograde endocannabinoid signaling10","Retrograde endocannabinoid signaling","MMEA9_E2",0,0,0,1,1,4.79800740169362e-45
"Pantothenate and CoA biosynthesis10","Pantothenate and CoA biosynthesis","MMEA9_E2",0,0,0,1,1,3.59625040347153e-50
"Cushing syndrome10","Cushing syndrome","MMEA9_E2",0,0,0,1,1,3.22129827493769e-43
"Fructose and mannose metabolism10","Fructose and mannose metabolism","MMEA9_E2",0,0,0,1,1,6.47933308816715e-50
"Platelet activation10","Platelet activation","MMEA9_E2",1,0,1,0.22196261682243,1,1.02458839096927e-42
"Efferocytosis10","Efferocytosis","MMEA9_E2",0,0,0,1,1,2.8668309267982e-43
"Antifolate resistance10","Antifolate resistance","MMEA9_E2",0,0,0,1,1,1.68729826986914e-49
"Alcoholism10","Alcoholism","MMEA9_E2",0,0,0,1,1,9.25971783165291e-46
"Melanogenesis10","Melanogenesis","MMEA9_E2",0,0,0,1,1,2.00994658308873e-44
"Prolactin signaling pathway10","Prolactin signaling pathway","MMEA9_E2",0,0,0,1,1,7.78723669792525e-48
"Glycerolipid metabolism10","Glycerolipid metabolism","MMEA9_E2",0,0,0,1,1,5.27543611684918e-48
"Dopaminergic synapse10","Dopaminergic synapse","MMEA9_E2",0,0,0,1,1,4.14578046410822e-46
"Glycosphingolipid biosynthesis - ganglio series10","Glycosphingolipid biosynthesis - ganglio series","MMEA9_E2",0,0,0,1,1,7.60067789156393e-50
"Mucin type O-glycan biosynthesis10","Mucin type O-glycan biosynthesis","MMEA9_E2",0,0,0,1,1,1.4010889616429e-48
"Lipoic acid metabolism10","Lipoic acid metabolism","MMEA9_E2",0,0,0,1,1,1.56256644507221e-51
"NF-kappa B signaling pathway10","NF-kappa B signaling pathway","MMEA9_E2",0,0,0,1,1,6.59844474901275e-46
"Oxytocin signaling pathway10","Oxytocin signaling pathway","MMEA9_E2",1,0,1,0.228971962616822,1,4.85890739251558e-43
"Basal cell carcinoma10","Basal cell carcinoma","MMEA9_E2",0,0,0,1,1,1.23725082257084e-46
"Legionellosis10","Legionellosis","MMEA9_E2",0,0,0,1,1,1.64321956480651e-49
"Measles10","Measles","MMEA9_E2",0,0,0,1,1,2.5280398837598e-45
"Biosynthesis of cofactors10","Biosynthesis of cofactors","MMEA9_E2",1,0,1,0.195093457943925,1,3.77069831285184e-44
"Glycosaminoglycan biosynthesis - keratan sulfate10","Glycosaminoglycan biosynthesis - keratan sulfate","MMEA9_E2",0,0,0,1,1,1.80469842464932e-50
"Alanine, aspartate and glutamate metabolism10","Alanine, aspartate and glutamate metabolism","MMEA9_E2",0,0,0,1,1,2.64017404000221e-50
"Fatty acid biosynthesis10","Fatty acid biosynthesis","MMEA9_E2",0,0,0,1,1,3.21576282071198e-51
"Hypertrophic cardiomyopathy10","Hypertrophic cardiomyopathy","MMEA9_E2",0,0,0,1,1,1.15174627595872e-44
"Glucagon signaling pathway10","Glucagon signaling pathway","MMEA9_E2",0,0,0,1,1,2.00994658308873e-44
"Glycosaminoglycan biosynthesis - heparan sulfate / heparin10","Glycosaminoglycan biosynthesis - heparan sulfate / heparin","MMEA9_E2",0,0,0,1,1,2.51993547329744e-50
"Steroid biosynthesis10","Steroid biosynthesis","MMEA9_E2",0,0,0,1,1,4.44578802075499e-51
"cGMP-PKG signaling pathway10","cGMP-PKG signaling pathway","MMEA9_E2",1,0,1,0.26518691588785,1,1.65621706565329e-41
"Phagosome10","Phagosome","MMEA9_E2",0,0,0,1,1,1.9724647460619e-45
"Arginine and proline metabolism10","Arginine and proline metabolism","MMEA9_E2",0,0,0,1,1,1.15158110268979e-49
"Pyruvate metabolism10","Pyruvate metabolism","MMEA9_E2",0,0,0,1,1,1.34011273154345e-49
"Type II diabetes mellitus10","Type II diabetes mellitus","MMEA9_E2",0,0,0,1,1,1.11136268780745e-48
"Dilated cardiomyopathy10","Dilated cardiomyopathy","MMEA9_E2",0,0,0,1,1,2.78685432080898e-44
"Alcoholic liver disease10","Alcoholic liver disease","MMEA9_E2",0,0,0,1,1,3.55672829925562e-43
"Leukocyte transendothelial migration10","Leukocyte transendothelial migration","MMEA9_E2",0,0,0,1,1,2.28976617667595e-44
"Glycosaminoglycan degradation10","Glycosaminoglycan degradation","MMEA9_E2",0,0,0,1,1,1.44033430979937e-51
"Endocrine and other factor-regulated calcium reabsorption10","Endocrine and other factor-regulated calcium reabsorption","MMEA9_E2",0,0,0,1,1,9.26562103655471e-47
"Ubiquinone and other terpenoid-quinone biosynthesis10","Ubiquinone and other terpenoid-quinone biosynthesis","MMEA9_E2",0,0,0,1,1,2.63491019730616e-51
"Fc epsilon RI signaling pathway10","Fc epsilon RI signaling pathway","MMEA9_E2",0,0,0,1,1,1.73706726595842e-47
"Glycine, serine and threonine metabolism10","Glycine, serine and threonine metabolism","MMEA9_E2",0,0,0,1,1,7.24945351846369e-51
"Pertussis10","Pertussis","MMEA9_E2",0,0,0,1,1,3.52422577532115e-48
"Aldosterone synthesis and secretion10","Aldosterone synthesis and secretion","MMEA9_E2",0,0,0,1,1,4.78331081013206e-46
"Regulation of lipolysis in adipocytes10","Regulation of lipolysis in adipocytes","MMEA9_E2",0,0,0,1,1,3.52422577532115e-48
"Cholinergic synapse10","Cholinergic synapse","MMEA9_E2",0,0,0,1,1,9.76971802144605e-46
"Osteoclast differentiation10","Osteoclast differentiation","MMEA9_E2",0,0,0,1,1,2.96760543089452e-43
"Pentose phosphate pathway10","Pentose phosphate pathway","MMEA9_E2",0,0,0,1,1,2.15462739984642e-49
"beta-Alanine metabolism10","beta-Alanine metabolism","MMEA9_E2",0,0,0,1,1,7.55113576076451e-51
"PPAR signaling pathway10","PPAR signaling pathway","MMEA9_E2",1,0,1,0.0922897196261682,1,7.92146293249905e-48
"Folate biosynthesis10","Folate biosynthesis","MMEA9_E2",0,0,0,1,1,2.76048742875549e-49
"Influenza A10","Influenza A","MMEA9_E2",0,0,0,1,1,2.0861130309007e-42
"Th17 cell differentiation10","Th17 cell differentiation","MMEA9_E2",1,0,1,0.170560747663551,1,4.66513950092625e-46
"Cardiac muscle contraction10","Cardiac muscle contraction","MMEA9_E2",0,0,0,1,1,1.38651297119407e-46
"Nicotinate and nicotinamide metabolism10","Nicotinate and nicotinamide metabolism","MMEA9_E2",0,0,0,1,1,4.70471537484196e-49
"Aldosterone-regulated sodium reabsorption10","Aldosterone-regulated sodium reabsorption","MMEA9_E2",0,0,0,1,1,2.27651309117541e-49
"Neutrophil extracellular trap formation10","Neutrophil extracellular trap formation","MMEA9_E2",0,0,0,1,1,3.39953769210619e-45
"Th1 and Th2 cell differentiation10","Th1 and Th2 cell differentiation","MMEA9_E2",1,0,1,0.113317757009346,1,3.08222257289564e-48
"NOD-like receptor signaling pathway10","NOD-like receptor signaling pathway","MMEA9_E2",0,0,0,1,1,3.86248297166048e-44
"Cortisol synthesis and secretion10","Cortisol synthesis and secretion","MMEA9_E2",0,0,0,1,1,2.02974991859837e-48
"GnRH secretion10","GnRH secretion","MMEA9_E2",0,0,0,1,1,8.30083065545723e-49
"Vascular smooth muscle contraction10","Vascular smooth muscle contraction","MMEA9_E2",1,0,1,0.23714953271028,1,2.37212934837842e-42
"Estrogen signaling pathway10","Estrogen signaling pathway","MMEA9_E2",0,0,0,1,1,5.38770544542664e-44
"RIG-I-like receptor signaling pathway10","RIG-I-like receptor signaling pathway","MMEA9_E2",0,0,0,1,1,7.04368845738207e-48
"Amoebiasis10","Amoebiasis","MMEA9_E2",0,0,0,1,1,1.37762294796232e-45
"ECM-receptor interaction10","ECM-receptor interaction","MMEA9_E2",0,0,0,1,1,2.2285044338217e-43
"Renin secretion10","Renin secretion","MMEA9_E2",1,0,1,0.080607476635514,1,2.68584936864432e-48
"Collecting duct acid secretion10","Collecting duct acid secretion","MMEA9_E2",0,0,0,1,1,1.44033430979937e-51
"Viral myocarditis10","Viral myocarditis","MMEA9_E2",0,0,0,1,1,4.70471537484196e-49
"B cell receptor signaling pathway10","B cell receptor signaling pathway","MMEA9_E2",0,0,0,1,1,7.84309783984822e-48
"Glutamatergic synapse10","Glutamatergic synapse","MMEA9_E2",0,0,0,1,1,1.05571603205398e-45
"Cytosolic DNA-sensing pathway10","Cytosolic DNA-sensing pathway","MMEA9_E2",2,0,1.58496250072116,0.0186915887850467,1,2.35389343814727e-48
"Glycosphingolipid biosynthesis - globo and isoglobo series10","Glycosphingolipid biosynthesis - globo and isoglobo series","MMEA9_E2",0,0,0,1,1,3.90548978473473e-50
"Galactose metabolism10","Galactose metabolism","MMEA9_E2",0,0,0,1,1,1.15158110268979e-49
"Arginine biosynthesis10","Arginine biosynthesis","MMEA9_E2",0,0,0,1,1,1.44033430979937e-51
"Toll-like receptor signaling pathway10","Toll-like receptor signaling pathway","MMEA9_E2",0,0,0,1,1,4.15412295411125e-46
"Thiamine metabolism10","Thiamine metabolism","MMEA9_E2",0,0,0,1,1,1.44033430979937e-51
"Circadian entrainment10","Circadian entrainment","MMEA9_E2",1,0,1,0.134345794392523,1,2.89284327380664e-46
"Morphine addiction10","Morphine addiction","MMEA9_E2",0,0,0,1,1,1.15174627595872e-44
"Ether lipid metabolism10","Ether lipid metabolism","MMEA9_E2",0,0,0,1,1,5.52483425515487e-49
"Ribosome biogenesis in eukaryotes10","Ribosome biogenesis in eukaryotes","MMEA9_E2",0,0,0,1,1,2.4737191426747e-47
"Synaptic vesicle cycle10","Synaptic vesicle cycle","MMEA9_E2",0,0,0,1,1,5.15347814219633e-47
"Tryptophan metabolism10","Tryptophan metabolism","MMEA9_E2",1,0,1,0.0572429906542056,1,1.64484235655474e-49
"Proximal tubule bicarbonate reclamation10","Proximal tubule bicarbonate reclamation","MMEA9_E2",0,0,0,1,1,9.68492579019922e-51
"Chemical carcinogenesis - receptor activation10","Chemical carcinogenesis - receptor activation","MMEA9_E2",0,0,0,1,1,2.00765192361632e-42
"Leishmaniasis10","Leishmaniasis","MMEA9_E2",0,0,0,1,1,2.9802552316841e-48
"Glycosphingolipid biosynthesis - lacto and neolacto series10","Glycosphingolipid biosynthesis - lacto and neolacto series","MMEA9_E2",0,0,0,1,1,1.56256644507221e-51
"Amphetamine addiction10","Amphetamine addiction","MMEA9_E2",0,0,0,1,1,4.77402500996231e-48
"Thyroid hormone synthesis10","Thyroid hormone synthesis","MMEA9_E2",0,0,0,1,1,8.66684060242052e-48
"Butanoate metabolism10","Butanoate metabolism","MMEA9_E2",0,0,0,1,1,1.55865439796076e-51
"ABC transporters10","ABC transporters","MMEA9_E2",0,0,0,1,1,9.94497777863579e-49
"Antigen processing and presentation10","Antigen processing and presentation","MMEA9_E2",0,0,0,1,1,6.26735783862683e-49
"Ovarian steroidogenesis10","Ovarian steroidogenesis","MMEA9_E2",0,0,0,1,1,1.60469222120383e-48
"Rheumatoid arthritis10","Rheumatoid arthritis","MMEA9_E2",0,0,0,1,1,1.30934721938131e-47
"IL-17 signaling pathway10","IL-17 signaling pathway","MMEA9_E2",0,0,0,1,1,7.95174670292087e-47
"Renin-angiotensin system10","Renin-angiotensin system","MMEA9_E2",0,0,0,1,1,1.55865439796076e-51
"Nitrogen metabolism10","Nitrogen metabolism","MMEA9_E2",0,0,0,1,1,1.44033430979937e-51
"Tuberculosis10","Tuberculosis","MMEA9_E2",0,0,0,1,1,1.70320919158021e-43
"Drug metabolism - other enzymes10","Drug metabolism - other enzymes","MMEA9_E2",0,0,0,1,1,3.65951681433762e-48
"Glycolysis / Gluconeogenesis10","Glycolysis / Gluconeogenesis","MMEA9_E2",0,0,0,1,1,6.63794276724303e-49
"Gastric acid secretion10","Gastric acid secretion","MMEA9_E2",0,0,0,1,1,1.8179768366634e-48
"Cholesterol metabolism10","Cholesterol metabolism","MMEA9_E2",0,0,0,1,1,1.6927953321695e-48
"African trypanosomiasis10","African trypanosomiasis","MMEA9_E2",0,0,0,1,1,1.12795229087016e-49
"GABAergic synapse10","GABAergic synapse","MMEA9_E2",0,0,0,1,1,4.22955892134347e-47
"Chemokine signaling pathway10","Chemokine signaling pathway","MMEA9_E2",0,0,0,1,1,5.51640338403817e-43
"Insulin secretion10","Insulin secretion","MMEA9_E2",1,0,1,0.113317757009346,1,5.14037616642165e-47
"Cocaine addiction10","Cocaine addiction","MMEA9_E2",0,0,0,1,1,1.87039365929668e-50
"Mineral absorption10","Mineral absorption","MMEA9_E2",0,0,0,1,1,3.89286270250866e-49
"Histidine metabolism10","Histidine metabolism","MMEA9_E2",0,0,0,1,1,3.11835081520931e-51
"Vitamin digestion and absorption10","Vitamin digestion and absorption","MMEA9_E2",0,0,0,1,1,2.78311643231069e-51
"Systemic lupus erythematosus10","Systemic lupus erythematosus","MMEA9_E2",0,0,0,1,1,7.84309783984822e-48
"Phenylalanine metabolism10","Phenylalanine metabolism","MMEA9_E2",0,0,0,1,1,1.39385609253229e-51
"Taurine and hypotaurine metabolism10","Taurine and hypotaurine metabolism","MMEA9_E2",0,0,0,1,1,1.44033430979937e-51
"Starch and sucrose metabolism10","Starch and sucrose metabolism","MMEA9_E2",0,0,0,1,1,1.12795229087016e-49
"cAMP signaling pathway10","cAMP signaling pathway","MMEA9_E2",2,0,1.58496250072116,0.0876168224299065,1,4.83170817184534e-40
"Protein digestion and absorption10","Protein digestion and absorption","MMEA9_E2",0,0,0,1,1,1.21254881651237e-44
"Primary bile acid biosynthesis10","Primary bile acid biosynthesis","MMEA9_E2",0,0,0,1,1,1.44033430979937e-51
"Calcium signaling pathway10","Calcium signaling pathway","MMEA9_E2",0,0,0,1,1,3.66291509112488e-39
"Porphyrin metabolism10","Porphyrin metabolism","MMEA9_E2",0,0,0,1,1,9.68492579019922e-51
"Malaria10","Malaria","MMEA9_E2",0,0,0,1,1,2.8689092383513e-50
"alpha-Linolenic acid metabolism10","alpha-Linolenic acid metabolism","MMEA9_E2",0,0,0,1,1,1.44033430979937e-51
"Cell adhesion molecules10","Cell adhesion molecules","MMEA9_E2",0,0,0,1,1,3.91460078364147e-44
"Carbohydrate digestion and absorption10","Carbohydrate digestion and absorption","MMEA9_E2",0,0,0,1,1,7.55113576076451e-51
"Serotonergic synapse10","Serotonergic synapse","MMEA9_E2",0,0,0,1,1,4.50811922787204e-47
"JAK-STAT signaling pathway10","JAK-STAT signaling pathway","MMEA9_E2",1,0,1,0.266355140186916,1,2.55142434126401e-42
"Type I diabetes mellitus10","Type I diabetes mellitus","MMEA9_E2",0,0,0,1,1,7.55113576076451e-51
"Arachidonic acid metabolism10","Arachidonic acid metabolism","MMEA9_E2",0,0,0,1,1,1.72604783718142e-50
"Salivary secretion10","Salivary secretion","MMEA9_E2",0,0,0,1,1,3.24187560560203e-47
"Inflammatory bowel disease10","Inflammatory bowel disease","MMEA9_E2",1,0,1,0.0841121495327103,1,1.77906417725047e-48
"Natural killer cell mediated cytotoxicity10","Natural killer cell mediated cytotoxicity","MMEA9_E2",0,0,0,1,1,9.31491739513768e-47
"Tyrosine metabolism10","Tyrosine metabolism","MMEA9_E2",0,0,0,1,1,1.44033430979937e-51
"Allograft rejection10","Allograft rejection","MMEA9_E2",0,0,0,1,1,1.56256644507221e-51
"Phototransduction10","Phototransduction","MMEA9_E2",0,0,0,1,1,1.44033430979937e-51
"Primary immunodeficiency10","Primary immunodeficiency","MMEA9_E2",0,0,0,1,1,1.55865439796076e-51
"Linoleic acid metabolism10","Linoleic acid metabolism","MMEA9_E2",0,0,0,1,1,1.44033430979937e-51
"Pentose and glucuronate interconversions10","Pentose and glucuronate interconversions","MMEA9_E2",0,0,0,1,1,5.81868573105837e-51
"Graft-versus-host disease10","Graft-versus-host disease","MMEA9_E2",0,0,0,1,1,1.56256644507221e-51
"Intestinal immune network for IgA production10","Intestinal immune network for IgA production","MMEA9_E2",0,0,0,1,1,3.11835081520931e-51
"Pancreatic secretion10","Pancreatic secretion","MMEA9_E2",0,0,0,1,1,1.08139554735825e-46
"Complement and coagulation cascades10","Complement and coagulation cascades","MMEA9_E2",0,0,0,1,1,3.17507146488207e-48
"Fat digestion and absorption10","Fat digestion and absorption","MMEA9_E2",0,0,0,1,1,1.55865439796076e-51
"Ascorbate and aldarate metabolism10","Ascorbate and aldarate metabolism","MMEA9_E2",0,0,0,1,1,1.44033430979937e-51
"MicroRNAs in cancer10","MicroRNAs in cancer","MMEA9_E2",0,0,0,1,1,1.68303919615705e-37
"Asthma10","Asthma","MMEA9_E2",0,0,0,NA,NA,NA
"Maturity onset diabetes of the young10","Maturity onset diabetes of the young","MMEA9_E2",0,0,0,1,1,1.39385609253229e-51
"Chemical carcinogenesis - DNA adducts10","Chemical carcinogenesis - DNA adducts","MMEA9_E2",0,0,0,1,1,6.1941171307049e-50
"Bile secretion10","Bile secretion","MMEA9_E2",0,0,0,1,1,2.22300607335145e-47
"Metabolism of xenobiotics by cytochrome P45010","Metabolism of xenobiotics by cytochrome P450","MMEA9_E2",0,0,0,1,1,2.20687899654052e-49
"Nicotine addiction10","Nicotine addiction","MMEA9_E2",0,0,0,1,1,1.44033430979937e-51
"Hematopoietic cell lineage10","Hematopoietic cell lineage","MMEA9_E2",1,0,1,0.121495327102804,1,1.29693463785069e-46
"Taste transduction10","Taste transduction","MMEA9_E2",0,0,0,1,1,3.64816257405999e-49
"Drug metabolism - cytochrome P45010","Drug metabolism - cytochrome P450","MMEA9_E2",0,0,0,1,1,2.42583155783571e-50
"Autoimmune thyroid disease10","Autoimmune thyroid disease","MMEA9_E2",0,0,0,1,1,1.44033430979937e-51
"Steroid hormone biosynthesis10","Steroid hormone biosynthesis","MMEA9_E2",0,0,0,1,1,9.92527148148057e-51
"Retinol metabolism10","Retinol metabolism","MMEA9_E2",0,0,0,1,1,7.55113576076451e-51
"Viral protein interaction with cytokine and cytokine receptor10","Viral protein interaction with cytokine and cytokine receptor","MMEA9_E2",0,0,0,1,1,1.96773400305076e-48
"Staphylococcus aureus infection10","Staphylococcus aureus infection","MMEA9_E2",0,0,0,1,1,3.02023685476598e-49
"Cytokine-cytokine receptor interaction10","Cytokine-cytokine receptor interaction","MMEA9_E2",1,0,1,0.275700934579439,1,6.11968803111517e-41
"Neuroactive ligand-receptor interaction10","Neuroactive ligand-receptor interaction","MMEA9_E2",1,0,1,0.238317757009346,1,1.82805794397266e-42
"Olfactory transduction10","Olfactory transduction","MMEA9_E2",0,0,0,1,1,3.64816257405999e-49
"Herpes simplex virus 1 infection11","Herpes simplex virus 1 infection","MMEA9_E3",0,1,-1,0.535046728971963,1,8.10458573399308e-31
"Cell cycle11","Cell cycle","MMEA9_E3",0,0,0,1,1,3.99046577858441e-40
"Endocytosis11","Endocytosis","MMEA9_E3",1,0,1,0.48714953271028,1,5.60055143800642e-34
"Ribosome11","Ribosome","MMEA9_E3",0,0,0,1,1,3.47473915503113e-45
"Autophagy - animal11","Autophagy - animal","MMEA9_E3",0,0,0,1,1,2.89583669592836e-41
"Protein processing in endoplasmic reticulum11","Protein processing in endoplasmic reticulum","MMEA9_E3",0,0,0,1,1,1.57528968371759e-41
"Huntington disease11","Huntington disease","MMEA9_E3",1,0,1,0.424065420560748,1,7.4145063015185e-36
"Ubiquitin mediated proteolysis11","Ubiquitin mediated proteolysis","MMEA9_E3",0,0,0,1,1,4.45338528153208e-42
"Shigellosis11","Shigellosis","MMEA9_E3",1,0,1,0.425233644859813,1,1.28372613402156e-36
"Thermogenesis11","Thermogenesis","MMEA9_E3",0,0,0,1,1,1.16664204458543e-38
"Mitophagy - animal11","Mitophagy - animal","MMEA9_E3",0,0,0,1,1,2.52601167285718e-44
"Parkinson disease11","Parkinson disease","MMEA9_E3",0,0,0,1,1,1.35383472572877e-38
"Amyotrophic lateral sclerosis11","Amyotrophic lateral sclerosis","MMEA9_E3",0,0,0,1,1,2.23033410692113e-35
"Cellular senescence11","Cellular senescence","MMEA9_E3",0,0,0,1,1,4.06701748784466e-39
"Chemical carcinogenesis - reactive oxygen species11","Chemical carcinogenesis - reactive oxygen species","MMEA9_E3",0,0,0,1,1,2.8702349761366e-38
"Colorectal cancer11","Colorectal cancer","MMEA9_E3",0,0,0,1,1,3.90309992895584e-43
"Salmonella infection11","Salmonella infection","MMEA9_E3",1,0,1,0.410046728971963,1,4.98621189250913e-37
"ATP-dependent chromatin remodeling11","ATP-dependent chromatin remodeling","MMEA9_E3",1,0,1,0.206775700934579,1,2.45186439303984e-43
"Diabetic cardiomyopathy11","Diabetic cardiomyopathy","MMEA9_E3",0,0,0,1,1,9.26476117853395e-37
"Spliceosome11","Spliceosome","MMEA9_E3",0,0,0,1,1,6.6169920155047e-44
"Viral carcinogenesis11","Viral carcinogenesis","MMEA9_E3",0,0,0,1,1,4.37699130192707e-39
"Pathways of neurodegeneration - multiple diseases11","Pathways of neurodegeneration - multiple diseases","MMEA9_E3",0,1,-1,0.581775700934579,1,1.73353157713395e-31
"Pancreatic cancer11","Pancreatic cancer","MMEA9_E3",0,0,0,1,1,2.55154776026386e-43
"Chronic myeloid leukemia11","Chronic myeloid leukemia","MMEA9_E3",0,0,0,1,1,1.19597048608856e-43
"Polycomb repressive complex11","Polycomb repressive complex","MMEA9_E3",2,0,1.58496250072116,0.0408878504672897,1,2.42050498607757e-44
"Alzheimer disease11","Alzheimer disease","MMEA9_E3",0,1,-1,0.581775700934579,1,1.03167691407633e-33
"Non-alcoholic fatty liver disease11","Non-alcoholic fatty liver disease","MMEA9_E3",0,0,0,1,1,1.15908129508618e-41
"Nucleocytoplasmic transport11","Nucleocytoplasmic transport","MMEA9_E3",0,0,0,1,1,2.78357329865511e-44
"Human T-cell leukemia virus 1 infection11","Human T-cell leukemia virus 1 infection","MMEA9_E3",0,0,0,1,1,3.21888190850748e-37
"Nucleotide excision repair11","Nucleotide excision repair","MMEA9_E3",0,0,0,1,1,4.35355846169102e-47
"Oxidative phosphorylation11","Oxidative phosphorylation","MMEA9_E3",0,0,0,1,1,1.78069486600668e-44
"Renal cell carcinoma11","Renal cell carcinoma","MMEA9_E3",0,0,0,1,1,2.70594305548553e-43
"Axon guidance11","Axon guidance","MMEA9_E3",0,0,0,1,1,4.48611408154691e-37
"Endometrial cancer11","Endometrial cancer","MMEA9_E3",0,0,0,1,1,3.27716947786084e-46
"mRNA surveillance pathway11","mRNA surveillance pathway","MMEA9_E3",0,0,0,1,1,4.10331061281656e-45
"Focal adhesion11","Focal adhesion","MMEA9_E3",0,1,-1,0.589953271028037,1,3.61104296759785e-33
"Adherens junction11","Adherens junction","MMEA9_E3",0,0,0,1,1,1.47764799618005e-40
"Prion disease11","Prion disease","MMEA9_E3",0,0,0,1,1,5.18969511873318e-38
"Lysosome11","Lysosome","MMEA9_E3",1,0,1,0.206775700934579,1,1.65543717555906e-43
"MAPK signaling pathway11","MAPK signaling pathway","MMEA9_E3",1,1,0,1,1,1.17739803355027e-33
"Sphingolipid signaling pathway11","Sphingolipid signaling pathway","MMEA9_E3",0,0,0,1,1,3.08782878425535e-41
"Fanconi anemia pathway11","Fanconi anemia pathway","MMEA9_E3",0,0,0,1,1,3.98759609692424e-48
"Neurotrophin signaling pathway11","Neurotrophin signaling pathway","MMEA9_E3",1,0,1,0.233644859813084,1,3.73890960699991e-43
"Phosphatidylinositol signaling system11","Phosphatidylinositol signaling system","MMEA9_E3",0,0,0,1,1,3.90334461395174e-43
"Prostate cancer11","Prostate cancer","MMEA9_E3",0,0,0,1,1,4.70903623975251e-43
"Aminoacyl-tRNA biosynthesis11","Aminoacyl-tRNA biosynthesis","MMEA9_E3",0,0,0,1,1,6.72795932062884e-49
"Base excision repair11","Base excision repair","MMEA9_E3",0,0,0,1,1,2.6616618837229e-48
"p53 signaling pathway11","p53 signaling pathway","MMEA9_E3",0,0,0,1,1,5.86764575231535e-45
"EGFR tyrosine kinase inhibitor resistance11","EGFR tyrosine kinase inhibitor resistance","MMEA9_E3",0,0,0,1,1,1.18488188833216e-43
"Small cell lung cancer11","Small cell lung cancer","MMEA9_E3",0,0,0,1,1,2.1009916281919e-42
"RNA degradation11","RNA degradation","MMEA9_E3",0,0,0,1,1,7.04603157511119e-46
"mTOR signaling pathway11","mTOR signaling pathway","MMEA9_E3",0,0,0,1,1,3.74157548657693e-40
"Endocrine resistance11","Endocrine resistance","MMEA9_E3",0,0,0,1,1,2.30906892325627e-43
"Lysine degradation11","Lysine degradation","MMEA9_E3",0,0,0,1,1,3.45747014637135e-45
"Viral life cycle - HIV-111","Viral life cycle - HIV-1","MMEA9_E3",0,0,0,1,1,1.44180011781315e-45
"Longevity regulating pathway11","Longevity regulating pathway","MMEA9_E3",0,0,0,1,1,3.36696211088703e-44
"Insulin resistance11","Insulin resistance","MMEA9_E3",0,0,0,1,1,2.51149195267976e-41
"Inositol phosphate metabolism11","Inositol phosphate metabolism","MMEA9_E3",0,0,0,1,1,1.98492089822774e-45
"Platinum drug resistance11","Platinum drug resistance","MMEA9_E3",0,0,0,1,1,4.2774237500345e-46
"Bacterial invasion of epithelial cells11","Bacterial invasion of epithelial cells","MMEA9_E3",1,0,1,0.196261682242991,1,1.22496869358121e-44
"Hepatocellular carcinoma11","Hepatocellular carcinoma","MMEA9_E3",0,0,0,1,1,1.38469875322236e-37
"Insulin signaling pathway11","Insulin signaling pathway","MMEA9_E3",0,0,0,1,1,1.21309282931205e-40
"Human cytomegalovirus infection11","Human cytomegalovirus infection","MMEA9_E3",0,0,0,1,1,3.3937954939258e-36
"Human papillomavirus infection11","Human papillomavirus infection","MMEA9_E3",0,1,-1,0.574766355140187,1,5.73316571721378e-31
"Proteoglycans in cancer11","Proteoglycans in cancer","MMEA9_E3",0,0,0,1,1,1.74696827905257e-35
"TGF-beta signaling pathway11","TGF-beta signaling pathway","MMEA9_E3",0,0,0,1,1,3.1701619411894e-40
"RNA polymerase11","RNA polymerase","MMEA9_E3",0,0,0,1,1,7.01027769939201e-49
"FoxO signaling pathway11","FoxO signaling pathway","MMEA9_E3",0,0,0,1,1,5.1548754067593e-41
"AGE-RAGE signaling pathway in diabetic complications11","AGE-RAGE signaling pathway in diabetic complications","MMEA9_E3",0,0,0,1,1,1.262587116118e-39
"Hepatitis B11","Hepatitis B","MMEA9_E3",0,0,0,1,1,2.18539998013669e-40
"Longevity regulating pathway - multiple species11","Longevity regulating pathway - multiple species","MMEA9_E3",0,0,0,1,1,1.61424427018784e-46
"Yersinia infection11","Yersinia infection","MMEA9_E3",0,0,0,1,1,5.31174469725381e-42
"N-Glycan biosynthesis11","N-Glycan biosynthesis","MMEA9_E3",0,0,0,1,1,1.23200170266274e-48
"Non-small cell lung cancer11","Non-small cell lung cancer","MMEA9_E3",0,0,0,1,1,4.95601194441816e-45
"Rap1 signaling pathway11","Rap1 signaling pathway","MMEA9_E3",0,0,0,1,1,4.4168298389199e-35
"Choline metabolism in cancer11","Choline metabolism in cancer","MMEA9_E3",0,0,0,1,1,1.19839548502206e-43
"TNF signaling pathway11","TNF signaling pathway","MMEA9_E3",2,0,1.58496250072116,0.0654205607476635,1,5.34765536376447e-43
"Glioma11","Glioma","MMEA9_E3",0,0,0,1,1,7.16179223754774e-45
"Human immunodeficiency virus 1 infection11","Human immunodeficiency virus 1 infection","MMEA9_E3",0,0,0,1,1,2.23497075201225e-38
"Apoptosis11","Apoptosis","MMEA9_E3",0,0,0,1,1,1.10375173423446e-41
"AMPK signaling pathway11","AMPK signaling pathway","MMEA9_E3",0,0,0,1,1,2.45534221010558e-42
"Fatty acid metabolism11","Fatty acid metabolism","MMEA9_E3",0,0,0,1,1,6.57426978387029e-47
"DNA replication11","DNA replication","MMEA9_E3",0,0,0,1,1,1.88530868391593e-49
"Pathogenic Escherichia coli infection11","Pathogenic Escherichia coli infection","MMEA9_E3",0,0,0,1,1,3.46065801107011e-39
"PD-L1 expression and PD-1 checkpoint pathway in cancer11","PD-L1 expression and PD-1 checkpoint pathway in cancer","MMEA9_E3",0,0,0,1,1,1.09780705316635e-44
"Hippo signaling pathway11","Hippo signaling pathway","MMEA9_E3",0,0,0,1,1,3.60960220510686e-38
"Valine, leucine and isoleucine degradation11","Valine, leucine and isoleucine degradation","MMEA9_E3",0,0,0,1,1,7.63895242937942e-48
"Peroxisome11","Peroxisome","MMEA9_E3",0,0,0,1,1,9.73136002236368e-47
"Homologous recombination11","Homologous recombination","MMEA9_E3",0,0,0,1,1,7.0720589411472e-49
"Bladder cancer11","Bladder cancer","MMEA9_E3",0,0,0,1,1,6.36845034056082e-47
"Fluid shear stress and atherosclerosis11","Fluid shear stress and atherosclerosis","MMEA9_E3",0,0,0,1,1,5.36634513911075e-41
"SNARE interactions in vesicular transport11","SNARE interactions in vesicular transport","MMEA9_E3",0,0,0,1,1,2.94018020897613e-49
"Autophagy - other11","Autophagy - other","MMEA9_E3",0,0,0,1,1,3.67855851795475e-49
"Proteasome11","Proteasome","MMEA9_E3",0,0,0,1,1,6.41769163466138e-49
"Protein export11","Protein export","MMEA9_E3",0,0,0,1,1,2.25452974742685e-50
"Thyroid hormone signaling pathway11","Thyroid hormone signaling pathway","MMEA9_E3",0,0,0,1,1,5.36634513911075e-41
"Amino sugar and nucleotide sugar metabolism11","Amino sugar and nucleotide sugar metabolism","MMEA9_E3",0,0,0,1,1,4.66738805917911e-47
"Nucleotide metabolism11","Nucleotide metabolism","MMEA9_E3",0,0,0,1,1,5.37715175434754e-46
"ErbB signaling pathway11","ErbB signaling pathway","MMEA9_E3",0,0,0,1,1,3.42219397693293e-44
"Thyroid cancer11","Thyroid cancer","MMEA9_E3",0,0,0,1,1,1.30445104428151e-48
"Various types of N-glycan biosynthesis11","Various types of N-glycan biosynthesis","MMEA9_E3",0,0,0,1,1,1.88454691760854e-49
"Spinocerebellar ataxia11","Spinocerebellar ataxia","MMEA9_E3",0,0,0,1,1,3.19953801752584e-42
"Basal transcription factors11","Basal transcription factors","MMEA9_E3",0,0,0,1,1,2.06994858088842e-49
"Regulation of actin cytoskeleton11","Regulation of actin cytoskeleton","MMEA9_E3",0,0,0,1,1,6.2280322028458e-35
"Melanoma11","Melanoma","MMEA9_E3",0,0,0,1,1,1.22597025115464e-44
"Tight junction11","Tight junction","MMEA9_E3",0,0,0,1,1,1.22165657853652e-38
"Apoptosis - multiple species11","Apoptosis - multiple species","MMEA9_E3",0,0,0,1,1,4.14333294574932e-49
"Glycosylphosphatidylinositol (GPI)-anchor biosynthesis11","Glycosylphosphatidylinositol (GPI)-anchor biosynthesis","MMEA9_E3",0,0,0,1,1,6.51934113581284e-51
"Biosynthesis of nucleotide sugars11","Biosynthesis of nucleotide sugars","MMEA9_E3",0,0,0,1,1,1.47673443507522e-47
"Epithelial cell signaling in Helicobacter pylori infection11","Epithelial cell signaling in Helicobacter pylori infection","MMEA9_E3",1,0,1,0.149532710280374,1,1.81413454895386e-45
"Epstein-Barr virus infection11","Epstein-Barr virus infection","MMEA9_E3",0,0,0,1,1,3.17422476651658e-41
"Selenocompound metabolism11","Selenocompound metabolism","MMEA9_E3",0,0,0,1,1,2.48500481828238e-50
"Other types of O-glycan biosynthesis11","Other types of O-glycan biosynthesis","MMEA9_E3",0,0,0,1,1,5.34646448562897e-49
"Notch signaling pathway11","Notch signaling pathway","MMEA9_E3",0,0,0,1,1,4.34808972293598e-46
"Fc gamma R-mediated phagocytosis11","Fc gamma R-mediated phagocytosis","MMEA9_E3",0,0,0,1,1,3.64879096374501e-44
"Citrate cycle (TCA cycle)11","Citrate cycle (TCA cycle)","MMEA9_E3",0,0,0,1,1,2.31166003636871e-50
"Apelin signaling pathway11","Apelin signaling pathway","MMEA9_E3",0,0,0,1,1,1.59125130859559e-39
"Mismatch repair11","Mismatch repair","MMEA9_E3",0,0,0,1,1,1.26450784035207e-50
"Carbon metabolism11","Carbon metabolism","MMEA9_E3",0,0,0,1,1,4.50239965868493e-44
"Hedgehog signaling pathway11","Hedgehog signaling pathway","MMEA9_E3",0,0,0,1,1,1.35825366332567e-44
"Chagas disease11","Chagas disease","MMEA9_E3",0,0,0,1,1,1.01447597855594e-42
"Growth hormone synthesis, secretion and action11","Growth hormone synthesis, secretion and action","MMEA9_E3",0,0,0,1,1,1.69855608954684e-41
"Kaposi sarcoma-associated herpesvirus infection11","Kaposi sarcoma-associated herpesvirus infection","MMEA9_E3",0,0,0,1,1,4.66698604836675e-40
"Hippo signaling pathway - multiple species11","Hippo signaling pathway - multiple species","MMEA9_E3",0,0,0,1,1,6.59717968806503e-48
"VEGF signaling pathway11","VEGF signaling pathway","MMEA9_E3",0,0,0,1,1,3.32158687069249e-46
"Gap junction11","Gap junction","MMEA9_E3",0,0,0,1,1,1.25685033507489e-43
"Vasopressin-regulated water reabsorption11","Vasopressin-regulated water reabsorption","MMEA9_E3",0,0,0,1,1,6.1774367054209e-48
"Progesterone-mediated oocyte maturation11","Progesterone-mediated oocyte maturation","MMEA9_E3",0,0,0,1,1,3.45747014637135e-45
"Glycosaminoglycan biosynthesis - chondroitin sulfate / dermatan sulfate11","Glycosaminoglycan biosynthesis - chondroitin sulfate / dermatan sulfate","MMEA9_E3",0,0,0,1,1,9.29954922914827e-49
"T cell receptor signaling pathway11","T cell receptor signaling pathway","MMEA9_E3",0,0,0,1,1,1.88706365514698e-43
"Oocyte meiosis11","Oocyte meiosis","MMEA9_E3",0,0,0,1,1,6.60830550365032e-43
"Phospholipase D signaling pathway11","Phospholipase D signaling pathway","MMEA9_E3",0,0,0,1,1,2.90118747709231e-39
"Acute myeloid leukemia11","Acute myeloid leukemia","MMEA9_E3",0,0,0,1,1,1.3506554882846e-45
"One carbon pool by folate11","One carbon pool by folate","MMEA9_E3",0,0,0,1,1,9.0580488968713e-50
"Propanoate metabolism11","Propanoate metabolism","MMEA9_E3",0,0,0,1,1,1.0688931133305e-49
"Wnt signaling pathway11","Wnt signaling pathway","MMEA9_E3",0,0,0,1,1,2.62402083478705e-37
"Breast cancer11","Breast cancer","MMEA9_E3",0,0,0,1,1,8.90483684851121e-41
"Adipocytokine signaling pathway11","Adipocytokine signaling pathway","MMEA9_E3",0,0,0,1,1,2.43464305051809e-46
"Central carbon metabolism in cancer11","Central carbon metabolism in cancer","MMEA9_E3",0,0,0,1,1,1.69519989223366e-45
"Glyoxylate and dicarboxylate metabolism11","Glyoxylate and dicarboxylate metabolism","MMEA9_E3",0,0,0,1,1,7.31298641623956e-50
"Relaxin signaling pathway11","Relaxin signaling pathway","MMEA9_E3",0,0,0,1,1,2.55336404181519e-39
"Ferroptosis11","Ferroptosis","MMEA9_E3",0,0,0,1,1,2.48022068191358e-48
"Sphingolipid metabolism11","Sphingolipid metabolism","MMEA9_E3",0,0,0,1,1,1.22127055608141e-48
"Toxoplasmosis11","Toxoplasmosis","MMEA9_E3",0,0,0,1,1,2.25796416177799e-44
"Ras signaling pathway11","Ras signaling pathway","MMEA9_E3",0,0,0,1,1,1.08939942199116e-34
"Pyrimidine metabolism11","Pyrimidine metabolism","MMEA9_E3",0,0,0,1,1,9.27578525418245e-48
"GnRH signaling pathway11","GnRH signaling pathway","MMEA9_E3",0,0,0,1,1,1.48891264683972e-43
"Coronavirus disease - COVID-1911","Coronavirus disease - COVID-19","MMEA9_E3",0,0,0,1,1,2.96132837990396e-41
"Mannose type O-glycan biosynthesis11","Mannose type O-glycan biosynthesis","MMEA9_E3",0,0,0,1,1,2.25452974742685e-50
"Terpenoid backbone biosynthesis11","Terpenoid backbone biosynthesis","MMEA9_E3",0,0,0,1,1,5.65235007742681e-50
"Cysteine and methionine metabolism11","Cysteine and methionine metabolism","MMEA9_E3",0,0,0,1,1,2.38524191925473e-47
"Circadian rhythm11","Circadian rhythm","MMEA9_E3",0,0,0,1,1,5.40712712835638e-49
"Fatty acid elongation11","Fatty acid elongation","MMEA9_E3",0,0,0,1,1,4.64592153951853e-50
"Biosynthesis of unsaturated fatty acids11","Biosynthesis of unsaturated fatty acids","MMEA9_E3",0,0,0,1,1,5.52529557274887e-49
"Inflammatory mediator regulation of TRP channels11","Inflammatory mediator regulation of TRP channels","MMEA9_E3",0,0,0,1,1,8.77714975781152e-43
"Parathyroid hormone synthesis, secretion and action11","Parathyroid hormone synthesis, secretion and action","MMEA9_E3",0,0,0,1,1,2.44895397633869e-41
"Sulfur metabolism11","Sulfur metabolism","MMEA9_E3",0,0,0,1,1,2.70753469388837e-51
"Vibrio cholerae infection11","Vibrio cholerae infection","MMEA9_E3",0,0,0,1,1,1.08009622876622e-47
"Signaling pathways regulating pluripotency of stem cells11","Signaling pathways regulating pluripotency of stem cells","MMEA9_E3",0,0,0,1,1,1.81612753994711e-40
"HIF-1 signaling pathway11","HIF-1 signaling pathway","MMEA9_E3",0,0,0,1,1,1.38051738967067e-42
"Purine metabolism11","Purine metabolism","MMEA9_E3",0,0,0,1,1,2.45374507657839e-43
"Fatty acid degradation11","Fatty acid degradation","MMEA9_E3",0,0,0,1,1,1.00125161518761e-48
"Glutathione metabolism11","Glutathione metabolism","MMEA9_E3",0,0,0,1,1,1.09339793564634e-48
"Transcriptional misregulation in cancer11","Transcriptional misregulation in cancer","MMEA9_E3",2,0,1.58496250072116,0.150700934579439,1,9.70957663007274e-37
"2-Oxocarboxylic acid metabolism11","2-Oxocarboxylic acid metabolism","MMEA9_E3",0,0,0,1,1,8.31621491839063e-50
"Adrenergic signaling in cardiomyocytes11","Adrenergic signaling in cardiomyocytes","MMEA9_E3",0,0,0,1,1,2.35218773836953e-39
"Gastric cancer11","Gastric cancer","MMEA9_E3",0,0,0,1,1,4.5439956422478e-40
"Long-term potentiation11","Long-term potentiation","MMEA9_E3",0,0,0,1,1,7.82978046763573e-46
"Motor proteins11","Motor proteins","MMEA9_E3",0,0,0,1,1,1.82462913699361e-38
"Biosynthesis of amino acids11","Biosynthesis of amino acids","MMEA9_E3",0,0,0,1,1,2.63399858877591e-46
"Other glycan degradation11","Other glycan degradation","MMEA9_E3",0,0,0,1,1,6.30989771512115e-51
"Non-homologous end-joining11","Non-homologous end-joining","MMEA9_E3",0,0,0,1,1,1.21365312028688e-50
"Glycerophospholipid metabolism11","Glycerophospholipid metabolism","MMEA9_E3",0,0,0,1,1,1.40747042168338e-45
"C-type lectin receptor signaling pathway11","C-type lectin receptor signaling pathway","MMEA9_E3",0,0,0,1,1,7.49550897368386e-45
"Lipid and atherosclerosis11","Lipid and atherosclerosis","MMEA9_E3",0,0,0,1,1,3.73778788983082e-39
"Hepatitis C11","Hepatitis C","MMEA9_E3",0,0,0,1,1,1.93512017479864e-41
"PI3K-Akt signaling pathway11","PI3K-Akt signaling pathway","MMEA9_E3",0,1,-1,0.561915887850467,1,4.24460017088321e-30
"Long-term depression11","Long-term depression","MMEA9_E3",0,0,0,1,1,1.131430744592e-45
"Arrhythmogenic right ventricular cardiomyopathy11","Arrhythmogenic right ventricular cardiomyopathy","MMEA9_E3",0,0,0,1,1,1.98494125578924e-42
"Necroptosis11","Necroptosis","MMEA9_E3",0,0,0,1,1,3.78421262532619e-43
"Retrograde endocannabinoid signaling11","Retrograde endocannabinoid signaling","MMEA9_E3",0,0,0,1,1,2.48911508881907e-42
"Pantothenate and CoA biosynthesis11","Pantothenate and CoA biosynthesis","MMEA9_E3",0,0,0,1,1,4.64592153951853e-50
"Cushing syndrome11","Cushing syndrome","MMEA9_E3",0,0,0,1,1,1.09425438554884e-38
"Fructose and mannose metabolism11","Fructose and mannose metabolism","MMEA9_E3",0,0,0,1,1,2.62311937212137e-49
"Platelet activation11","Platelet activation","MMEA9_E3",0,0,0,1,1,2.55905668446124e-42
"Efferocytosis11","Efferocytosis","MMEA9_E3",2,0,1.58496250072116,0.0829439252336449,1,3.59104267358583e-41
"Antifolate resistance11","Antifolate resistance","MMEA9_E3",0,0,0,1,1,1.95483914562135e-49
"Alcoholism11","Alcoholism","MMEA9_E3",0,0,0,1,1,1.65543717555906e-43
"Melanogenesis11","Melanogenesis","MMEA9_E3",0,0,0,1,1,1.01013447956564e-42
"Prolactin signaling pathway11","Prolactin signaling pathway","MMEA9_E3",0,0,0,1,1,1.17308134373967e-46
"Glycerolipid metabolism11","Glycerolipid metabolism","MMEA9_E3",0,0,0,1,1,3.41778169683049e-47
"Dopaminergic synapse11","Dopaminergic synapse","MMEA9_E3",0,0,0,1,1,3.8258462879712e-41
"Glycosphingolipid biosynthesis - ganglio series11","Glycosphingolipid biosynthesis - ganglio series","MMEA9_E3",0,0,0,1,1,9.82221869968962e-51
"Mucin type O-glycan biosynthesis11","Mucin type O-glycan biosynthesis","MMEA9_E3",0,0,0,1,1,9.62216652529239e-50
"Lipoic acid metabolism11","Lipoic acid metabolism","MMEA9_E3",0,0,0,1,1,2.70753469388837e-51
"NF-kappa B signaling pathway11","NF-kappa B signaling pathway","MMEA9_E3",0,0,0,1,1,2.32304533700364e-46
"Oxytocin signaling pathway11","Oxytocin signaling pathway","MMEA9_E3",0,0,0,1,1,1.89734653313842e-41
"Basal cell carcinoma11","Basal cell carcinoma","MMEA9_E3",0,0,0,1,1,3.14691606676179e-45
"Legionellosis11","Legionellosis","MMEA9_E3",0,0,0,1,1,1.95483914562135e-49
"Measles11","Measles","MMEA9_E3",0,0,0,1,1,4.83652480144172e-44
"Biosynthesis of cofactors11","Biosynthesis of cofactors","MMEA9_E3",0,0,0,1,1,3.76617598839195e-44
"Glycosaminoglycan biosynthesis - keratan sulfate11","Glycosaminoglycan biosynthesis - keratan sulfate","MMEA9_E3",0,0,0,1,1,5.96348113322527e-51
"Alanine, aspartate and glutamate metabolism11","Alanine, aspartate and glutamate metabolism","MMEA9_E3",0,0,0,1,1,1.86054995793538e-49
"Fatty acid biosynthesis11","Fatty acid biosynthesis","MMEA9_E3",0,0,0,1,1,7.52175469308953e-51
"Hypertrophic cardiomyopathy11","Hypertrophic cardiomyopathy","MMEA9_E3",0,0,0,1,1,5.11608380759572e-41
"Glucagon signaling pathway11","Glucagon signaling pathway","MMEA9_E3",0,0,0,1,1,4.64154464805368e-44
"Glycosaminoglycan biosynthesis - heparan sulfate / heparin11","Glycosaminoglycan biosynthesis - heparan sulfate / heparin","MMEA9_E3",0,0,0,1,1,2.58489138258573e-47
"Steroid biosynthesis11","Steroid biosynthesis","MMEA9_E3",0,0,0,1,1,1.11040722916033e-50
"cGMP-PKG signaling pathway11","cGMP-PKG signaling pathway","MMEA9_E3",0,0,0,1,1,1.63632178419669e-38
"Phagosome11","Phagosome","MMEA9_E3",0,0,0,1,1,3.95944985124326e-43
"Arginine and proline metabolism11","Arginine and proline metabolism","MMEA9_E3",0,0,0,1,1,1.88530868391593e-49
"Pyruvate metabolism11","Pyruvate metabolism","MMEA9_E3",0,0,0,1,1,1.05175977222931e-48
"Type II diabetes mellitus11","Type II diabetes mellitus","MMEA9_E3",0,0,0,1,1,3.53552488246954e-47
"Dilated cardiomyopathy11","Dilated cardiomyopathy","MMEA9_E3",0,0,0,1,1,1.61336293903652e-40
"Alcoholic liver disease11","Alcoholic liver disease","MMEA9_E3",0,0,0,1,1,3.15452041189144e-43
"Leukocyte transendothelial migration11","Leukocyte transendothelial migration","MMEA9_E3",0,0,0,1,1,4.80591306363886e-43
"Glycosaminoglycan degradation11","Glycosaminoglycan degradation","MMEA9_E3",0,0,0,1,1,2.65428531298647e-51
"Endocrine and other factor-regulated calcium reabsorption11","Endocrine and other factor-regulated calcium reabsorption","MMEA9_E3",1,0,1,0.161214953271028,1,5.20292378541904e-45
"Ubiquinone and other terpenoid-quinone biosynthesis11","Ubiquinone and other terpenoid-quinone biosynthesis","MMEA9_E3",0,0,0,1,1,4.3246033970573e-51
"Fc epsilon RI signaling pathway11","Fc epsilon RI signaling pathway","MMEA9_E3",0,0,0,1,1,1.42365136910539e-46
"Glycine, serine and threonine metabolism11","Glycine, serine and threonine metabolism","MMEA9_E3",0,0,0,1,1,1.89093732866396e-48
"Pertussis11","Pertussis","MMEA9_E3",1,0,1,0.0922897196261682,1,4.67954494125111e-48
"Aldosterone synthesis and secretion11","Aldosterone synthesis and secretion","MMEA9_E3",0,0,0,1,1,1.08744272422564e-42
"Regulation of lipolysis in adipocytes11","Regulation of lipolysis in adipocytes","MMEA9_E3",0,0,0,1,1,7.61868314583355e-47
"Cholinergic synapse11","Cholinergic synapse","MMEA9_E3",0,0,0,1,1,1.29894782875185e-42
"Osteoclast differentiation11","Osteoclast differentiation","MMEA9_E3",0,0,0,1,1,5.82609890717531e-41
"Pentose phosphate pathway11","Pentose phosphate pathway","MMEA9_E3",0,0,0,1,1,1.69164976194533e-50
"beta-Alanine metabolism11","beta-Alanine metabolism","MMEA9_E3",0,0,0,1,1,8.67472728147384e-50
"PPAR signaling pathway11","PPAR signaling pathway","MMEA9_E3",0,0,0,1,1,4.30205375379849e-45
"Folate biosynthesis11","Folate biosynthesis","MMEA9_E3",0,0,0,1,1,1.0837721590521e-50
"Influenza A11","Influenza A","MMEA9_E3",1,0,1,0.225467289719626,1,1.22488944507135e-42
"Th17 cell differentiation11","Th17 cell differentiation","MMEA9_E3",0,0,0,1,1,1.65543717555906e-43
"Cardiac muscle contraction11","Cardiac muscle contraction","MMEA9_E3",0,0,0,1,1,2.41200316715078e-45
"Nicotinate and nicotinamide metabolism11","Nicotinate and nicotinamide metabolism","MMEA9_E3",0,0,0,1,1,4.14333294574932e-49
"Aldosterone-regulated sodium reabsorption11","Aldosterone-regulated sodium reabsorption","MMEA9_E3",0,0,0,1,1,3.7508081007621e-48
"Neutrophil extracellular trap formation11","Neutrophil extracellular trap formation","MMEA9_E3",0,0,0,1,1,4.50239965868493e-44
"Th1 and Th2 cell differentiation11","Th1 and Th2 cell differentiation","MMEA9_E3",0,0,0,1,1,3.44440160934996e-45
"NOD-like receptor signaling pathway11","NOD-like receptor signaling pathway","MMEA9_E3",1,0,1,0.242990654205607,1,8.44821998673808e-42
"Cortisol synthesis and secretion11","Cortisol synthesis and secretion","MMEA9_E3",0,0,0,1,1,1.77801194463304e-44
"GnRH secretion11","GnRH secretion","MMEA9_E3",0,0,0,1,1,3.32456123276708e-46
"Vascular smooth muscle contraction11","Vascular smooth muscle contraction","MMEA9_E3",0,0,0,1,1,5.81285577181206e-40
"Estrogen signaling pathway11","Estrogen signaling pathway","MMEA9_E3",0,0,0,1,1,9.57651981156037e-43
"RIG-I-like receptor signaling pathway11","RIG-I-like receptor signaling pathway","MMEA9_E3",0,0,0,1,1,1.39528639698729e-47
"Amoebiasis11","Amoebiasis","MMEA9_E3",0,0,0,1,1,1.96704349531273e-41
"ECM-receptor interaction11","ECM-receptor interaction","MMEA9_E3",0,0,0,1,1,8.72970232088791e-40
"Renin secretion11","Renin secretion","MMEA9_E3",0,0,0,1,1,4.95601194441816e-45
"Collecting duct acid secretion11","Collecting duct acid secretion","MMEA9_E3",0,0,0,1,1,2.1490324329207e-50
"Viral myocarditis11","Viral myocarditis","MMEA9_E3",0,0,0,1,1,1.48686759609111e-47
"B cell receptor signaling pathway11","B cell receptor signaling pathway","MMEA9_E3",0,0,0,1,1,2.48584281741566e-46
"Glutamatergic synapse11","Glutamatergic synapse","MMEA9_E3",0,0,0,1,1,8.59600618051672e-43
"Cytosolic DNA-sensing pathway11","Cytosolic DNA-sensing pathway","MMEA9_E3",0,0,0,1,1,7.04283569820783e-47
"Glycosphingolipid biosynthesis - globo and isoglobo series11","Glycosphingolipid biosynthesis - globo and isoglobo series","MMEA9_E3",0,0,0,1,1,5.07169257081716e-51
"Galactose metabolism11","Galactose metabolism","MMEA9_E3",0,0,0,1,1,2.43785471387075e-50
"Arginine biosynthesis11","Arginine biosynthesis","MMEA9_E3",0,0,0,1,1,1.23916615812653e-50
"Toll-like receptor signaling pathway11","Toll-like receptor signaling pathway","MMEA9_E3",0,0,0,1,1,2.71816812425433e-46
"Thiamine metabolism11","Thiamine metabolism","MMEA9_E3",0,0,0,1,1,2.70753469388837e-51
"Circadian entrainment11","Circadian entrainment","MMEA9_E3",0,0,0,1,1,4.96105923392195e-43
"Morphine addiction11","Morphine addiction","MMEA9_E3",0,0,0,1,1,8.36733100276208e-44
"Ether lipid metabolism11","Ether lipid metabolism","MMEA9_E3",0,0,0,1,1,1.26369015186778e-49
"Ribosome biogenesis in eukaryotes11","Ribosome biogenesis in eukaryotes","MMEA9_E3",0,0,0,1,1,1.53718202794919e-46
"Synaptic vesicle cycle11","Synaptic vesicle cycle","MMEA9_E3",1,0,1,0.129672897196262,1,3.32456123276708e-46
"Tryptophan metabolism11","Tryptophan metabolism","MMEA9_E3",0,0,0,1,1,1.54040860129278e-49
"Proximal tubule bicarbonate reclamation11","Proximal tubule bicarbonate reclamation","MMEA9_E3",0,0,0,1,1,9.17284043318013e-51
"Chemical carcinogenesis - receptor activation11","Chemical carcinogenesis - receptor activation","MMEA9_E3",0,0,0,1,1,4.16310614344135e-40
"Leishmaniasis11","Leishmaniasis","MMEA9_E3",0,0,0,1,1,6.42004693154276e-48
"Glycosphingolipid biosynthesis - lacto and neolacto series11","Glycosphingolipid biosynthesis - lacto and neolacto series","MMEA9_E3",0,0,0,1,1,7.39940098250839e-50
"Amphetamine addiction11","Amphetamine addiction","MMEA9_E3",0,0,0,1,1,4.86835080958752e-47
"Thyroid hormone synthesis11","Thyroid hormone synthesis","MMEA9_E3",0,0,0,1,1,9.38717479260547e-45
"Butanoate metabolism11","Butanoate metabolism","MMEA9_E3",0,0,0,1,1,1.9215205989251e-50
"ABC transporters11","ABC transporters","MMEA9_E3",0,0,0,1,1,1.88530868391593e-49
"Antigen processing and presentation11","Antigen processing and presentation","MMEA9_E3",0,0,0,1,1,3.53953472064487e-48
"Ovarian steroidogenesis11","Ovarian steroidogenesis","MMEA9_E3",0,0,0,1,1,7.35190079864752e-48
"Rheumatoid arthritis11","Rheumatoid arthritis","MMEA9_E3",0,0,0,1,1,8.89677546865655e-47
"IL-17 signaling pathway11","IL-17 signaling pathway","MMEA9_E3",2,0,1.58496250072116,0.022196261682243,1,2.54461183221982e-47
"Renin-angiotensin system11","Renin-angiotensin system","MMEA9_E3",0,0,0,1,1,8.18144502013227e-51
"Nitrogen metabolism11","Nitrogen metabolism","MMEA9_E3",0,0,0,1,1,1.29851572618634e-50
"Tuberculosis11","Tuberculosis","MMEA9_E3",2,0,1.58496250072116,0.0467289719626168,1,5.14078236294275e-43
"Drug metabolism - other enzymes11","Drug metabolism - other enzymes","MMEA9_E3",0,0,0,1,1,9.27578525418245e-48
"Glycolysis / Gluconeogenesis11","Glycolysis / Gluconeogenesis","MMEA9_E3",0,0,0,1,1,1.39528639698729e-47
"Gastric acid secretion11","Gastric acid secretion","MMEA9_E3",0,0,0,1,1,9.99041157385449e-45
"Cholesterol metabolism11","Cholesterol metabolism","MMEA9_E3",0,0,0,1,1,1.08009622876622e-47
"African trypanosomiasis11","African trypanosomiasis","MMEA9_E3",0,0,0,1,1,1.19357499486578e-48
"GABAergic synapse11","GABAergic synapse","MMEA9_E3",0,0,0,1,1,2.08623983467279e-45
"Chemokine signaling pathway11","Chemokine signaling pathway","MMEA9_E3",0,0,0,1,1,1.85299464036467e-40
"Insulin secretion11","Insulin secretion","MMEA9_E3",0,0,0,1,1,1.96422888188632e-43
"Cocaine addiction11","Cocaine addiction","MMEA9_E3",0,0,0,1,1,8.32270506190888e-49
"Mineral absorption11","Mineral absorption","MMEA9_E3",0,0,0,1,1,1.74088250857413e-47
"Histidine metabolism11","Histidine metabolism","MMEA9_E3",0,0,0,1,1,2.70753469388837e-51
"Vitamin digestion and absorption11","Vitamin digestion and absorption","MMEA9_E3",0,0,0,1,1,3.16193171073068e-51
"Systemic lupus erythematosus11","Systemic lupus erythematosus","MMEA9_E3",0,0,0,1,1,3.17667695375462e-48
"Phenylalanine metabolism11","Phenylalanine metabolism","MMEA9_E3",0,0,0,1,1,2.65428531298647e-51
"Taurine and hypotaurine metabolism11","Taurine and hypotaurine metabolism","MMEA9_E3",0,0,0,1,1,2.70753469388837e-51
"Starch and sucrose metabolism11","Starch and sucrose metabolism","MMEA9_E3",0,0,0,1,1,6.65088046853262e-50
"cAMP signaling pathway11","cAMP signaling pathway","MMEA9_E3",0,0,0,1,1,8.92387653494465e-39
"Protein digestion and absorption11","Protein digestion and absorption","MMEA9_E3",1,0,1,0.25,1,1.60743958635885e-41
"Primary bile acid biosynthesis11","Primary bile acid biosynthesis","MMEA9_E3",0,0,0,1,1,3.16193171073068e-51
"Calcium signaling pathway11","Calcium signaling pathway","MMEA9_E3",0,0,0,1,1,5.732061591217e-37
"Porphyrin metabolism11","Porphyrin metabolism","MMEA9_E3",0,0,0,1,1,1.49980150109818e-50
"Malaria11","Malaria","MMEA9_E3",0,0,0,1,1,4.79519965572801e-47
"alpha-Linolenic acid metabolism11","alpha-Linolenic acid metabolism","MMEA9_E3",0,0,0,1,1,4.3246033970573e-51
"Cell adhesion molecules11","Cell adhesion molecules","MMEA9_E3",0,0,0,1,1,3.5817384807887e-44
"Carbohydrate digestion and absorption11","Carbohydrate digestion and absorption","MMEA9_E3",0,0,0,1,1,3.98759609692424e-48
"Serotonergic synapse11","Serotonergic synapse","MMEA9_E3",0,0,0,1,1,1.44552013241041e-44
"JAK-STAT signaling pathway11","JAK-STAT signaling pathway","MMEA9_E3",0,0,0,1,1,3.5994919264908e-42
"Type I diabetes mellitus11","Type I diabetes mellitus","MMEA9_E3",0,0,0,1,1,3.46383083068725e-51
"Arachidonic acid metabolism11","Arachidonic acid metabolism","MMEA9_E3",0,0,0,1,1,2.0731538843473e-49
"Salivary secretion11","Salivary secretion","MMEA9_E3",0,0,0,1,1,2.24751374453526e-44
"Inflammatory bowel disease11","Inflammatory bowel disease","MMEA9_E3",0,0,0,1,1,1.2548126951345e-47
"Natural killer cell mediated cytotoxicity11","Natural killer cell mediated cytotoxicity","MMEA9_E3",0,0,0,1,1,2.03480507628863e-45
"Tyrosine metabolism11","Tyrosine metabolism","MMEA9_E3",0,0,0,1,1,1.33787567934549e-50
"Allograft rejection11","Allograft rejection","MMEA9_E3",0,0,0,1,1,2.65428531298647e-51
"Phototransduction11","Phototransduction","MMEA9_E3",0,0,0,1,1,1.11765698655706e-50
"Primary immunodeficiency11","Primary immunodeficiency","MMEA9_E3",0,0,0,1,1,1.0837721590521e-50
"Linoleic acid metabolism11","Linoleic acid metabolism","MMEA9_E3",0,0,0,1,1,2.65428531298647e-51
"Pentose and glucuronate interconversions11","Pentose and glucuronate interconversions","MMEA9_E3",0,0,0,1,1,2.70753469388837e-51
"Graft-versus-host disease11","Graft-versus-host disease","MMEA9_E3",0,0,0,1,1,2.65428531298647e-51
"Intestinal immune network for IgA production11","Intestinal immune network for IgA production","MMEA9_E3",0,0,0,1,1,1.46335870611336e-50
"Pancreatic secretion11","Pancreatic secretion","MMEA9_E3",1,0,1,0.190420560747664,1,6.16539953569685e-44
"Complement and coagulation cascades11","Complement and coagulation cascades","MMEA9_E3",1,0,1,0.0841121495327103,1,2.19444509096401e-48
"Fat digestion and absorption11","Fat digestion and absorption","MMEA9_E3",0,0,0,1,1,1.26450784035207e-50
"Ascorbate and aldarate metabolism11","Ascorbate and aldarate metabolism","MMEA9_E3",0,0,0,1,1,3.00479099637226e-51
"MicroRNAs in cancer11","MicroRNAs in cancer","MMEA9_E3",0,0,0,1,1,7.30505894726431e-38
"Asthma11","Asthma","MMEA9_E3",0,0,0,1,1,2.65428531298647e-51
"Maturity onset diabetes of the young11","Maturity onset diabetes of the young","MMEA9_E3",0,0,0,1,1,2.65428531298647e-51
"Chemical carcinogenesis - DNA adducts11","Chemical carcinogenesis - DNA adducts","MMEA9_E3",0,0,0,1,1,1.65746195476878e-50
"Bile secretion11","Bile secretion","MMEA9_E3",0,0,0,1,1,8.60366559517429e-47
"Metabolism of xenobiotics by cytochrome P45011","Metabolism of xenobiotics by cytochrome P450","MMEA9_E3",0,0,0,1,1,1.88530868391593e-49
"Nicotine addiction11","Nicotine addiction","MMEA9_E3",0,0,0,1,1,2.70753469388837e-51
"Hematopoietic cell lineage11","Hematopoietic cell lineage","MMEA9_E3",0,0,0,1,1,6.0608393561705e-46
"Taste transduction11","Taste transduction","MMEA9_E3",0,0,0,1,1,8.10594551991282e-48
"Drug metabolism - cytochrome P45011","Drug metabolism - cytochrome P450","MMEA9_E3",0,0,0,1,1,4.30722031787653e-50
"Autoimmune thyroid disease11","Autoimmune thyroid disease","MMEA9_E3",0,0,0,1,1,2.65428531298647e-51
"Steroid hormone biosynthesis11","Steroid hormone biosynthesis","MMEA9_E3",0,0,0,1,1,1.4393144155403e-50
"Retinol metabolism11","Retinol metabolism","MMEA9_E3",0,0,0,1,1,6.25672634619043e-50
"Viral protein interaction with cytokine and cytokine receptor11","Viral protein interaction with cytokine and cytokine receptor","MMEA9_E3",0,0,0,1,1,2.65034126870631e-48
"Staphylococcus aureus infection11","Staphylococcus aureus infection","MMEA9_E3",0,0,0,1,1,2.48500481828238e-50
"Cytokine-cytokine receptor interaction11","Cytokine-cytokine receptor interaction","MMEA9_E3",0,0,0,1,1,1.44252846592561e-39
"Neuroactive ligand-receptor interaction11","Neuroactive ligand-receptor interaction","MMEA9_E3",1,0,1,0.22196261682243,1,4.99364033530391e-43
"Olfactory transduction11","Olfactory transduction","MMEA9_E3",0,0,0,1,1,2.28311719295774e-48
"Herpes simplex virus 1 infection12","Herpes simplex virus 1 infection","MMEB9_C1",0,0,0,1,1,2.48677804800731e-35
"Cell cycle12","Cell cycle","MMEB9_C1",0,0,0,1,1,6.48068092113377e-42
"Endocytosis12","Endocytosis","MMEB9_C1",0,0,0,1,1,1.29058342076853e-37
"Ribosome12","Ribosome","MMEB9_C1",0,0,0,1,1,3.30355585638148e-45
"Autophagy - animal12","Autophagy - animal","MMEB9_C1",1,0,1,0.258440046565774,1,2.11097983282177e-41
"Protein processing in endoplasmic reticulum12","Protein processing in endoplasmic reticulum","MMEB9_C1",0,0,0,1,1,2.41030533037361e-43
"Huntington disease12","Huntington disease","MMEB9_C1",2,0,1.58496250072116,0.121071012805588,1,3.43861938140609e-38
"Ubiquitin mediated proteolysis12","Ubiquitin mediated proteolysis","MMEB9_C1",0,0,0,1,1,1.11512102865156e-42
"Shigellosis12","Shigellosis","MMEB9_C1",4,0,2.32192809488736,0.00931315483119907,1,5.25527749500051e-37
"Thermogenesis12","Thermogenesis","MMEB9_C1",1,0,1,0.288707799767171,1,3.77056938746411e-41
"Mitophagy - animal12","Mitophagy - animal","MMEB9_C1",0,0,0,1,1,3.76894130570237e-45
"Parkinson disease12","Parkinson disease","MMEB9_C1",2,0,1.58496250072116,0.125727590221187,1,1.67719295043993e-39
"Amyotrophic lateral sclerosis12","Amyotrophic lateral sclerosis","MMEB9_C1",2,0,1.58496250072116,0.165308498253783,1,4.43355980336109e-37
"Cellular senescence12","Cellular senescence","MMEB9_C1",0,0,0,1,1,1.05964186148207e-40
"Chemical carcinogenesis - reactive oxygen species12","Chemical carcinogenesis - reactive oxygen species","MMEB9_C1",0,0,0,1,1,1.55521404414888e-40
"Colorectal cancer12","Colorectal cancer","MMEB9_C1",0,0,0,1,1,1.13389537483442e-44
"Salmonella infection12","Salmonella infection","MMEB9_C1",2,0,1.58496250072116,0.111757857974389,1,1.14335284088674e-38
"ATP-dependent chromatin remodeling12","ATP-dependent chromatin remodeling","MMEB9_C1",0,0,0,1,1,2.24948991833394e-45
"Diabetic cardiomyopathy12","Diabetic cardiomyopathy","MMEB9_C1",0,0,0,1,1,3.64672162193443e-41
"Spliceosome12","Spliceosome","MMEB9_C1",0,0,0,1,1,2.06525200451326e-44
"Viral carcinogenesis12","Viral carcinogenesis","MMEB9_C1",0,0,0,1,1,2.10849241169583e-41
"Pathways of neurodegeneration - multiple diseases12","Pathways of neurodegeneration - multiple diseases","MMEB9_C1",3,1,1,0.540162980209546,1,6.03807904018586e-34
"Pancreatic cancer12","Pancreatic cancer","MMEB9_C1",0,0,0,1,1,7.48352344266296e-44
"Chronic myeloid leukemia12","Chronic myeloid leukemia","MMEB9_C1",0,0,0,1,1,1.29172088374673e-43
"Polycomb repressive complex12","Polycomb repressive complex","MMEB9_C1",0,0,0,1,1,1.73914009184868e-45
"Alzheimer disease12","Alzheimer disease","MMEB9_C1",3,0,2,0.0756693830034924,1,6.25550553176599e-35
"Non-alcoholic fatty liver disease12","Non-alcoholic fatty liver disease","MMEB9_C1",0,0,0,1,1,7.7395549275387e-43
"Nucleocytoplasmic transport12","Nucleocytoplasmic transport","MMEB9_C1",0,0,0,1,1,1.77966276908482e-46
"Human T-cell leukemia virus 1 infection12","Human T-cell leukemia virus 1 infection","MMEB9_C1",0,0,0,1,1,3.35752113518128e-38
"Nucleotide excision repair12","Nucleotide excision repair","MMEB9_C1",0,0,0,1,1,1.02688689427127e-48
"Oxidative phosphorylation12","Oxidative phosphorylation","MMEB9_C1",0,0,0,1,1,1.82398206763697e-46
"Renal cell carcinoma12","Renal cell carcinoma","MMEB9_C1",0,0,0,1,1,2.21466300442975e-44
"Axon guidance12","Axon guidance","MMEB9_C1",0,0,0,1,1,9.97464716856097e-38
"Endometrial cancer12","Endometrial cancer","MMEB9_C1",0,0,0,1,1,1.89381862494209e-46
"mRNA surveillance pathway12","mRNA surveillance pathway","MMEB9_C1",0,0,0,1,1,5.58362521939917e-47
"Focal adhesion12","Focal adhesion","MMEB9_C1",1,0,1,0.447031431897555,1,3.36946607882531e-38
"Adherens junction12","Adherens junction","MMEB9_C1",1,0,1,0.232828870779977,1,1.92716276744183e-42
"Prion disease12","Prion disease","MMEB9_C1",2,0,1.58496250072116,0.117578579743888,1,1.26592926797743e-39
"Lysosome12","Lysosome","MMEB9_C1",0,0,0,1,1,1.72555267399156e-43
"MAPK signaling pathway12","MAPK signaling pathway","MMEB9_C1",0,0,0,1,1,1.33752682233787e-34
"Sphingolipid signaling pathway12","Sphingolipid signaling pathway","MMEB9_C1",0,0,0,1,1,7.66910126836744e-44
"Fanconi anemia pathway12","Fanconi anemia pathway","MMEB9_C1",0,0,0,1,1,6.3345472582818e-48
"Neurotrophin signaling pathway12","Neurotrophin signaling pathway","MMEB9_C1",0,0,0,1,1,9.67283570082418e-44
"Phosphatidylinositol signaling system12","Phosphatidylinositol signaling system","MMEB9_C1",0,0,0,1,1,6.93518200440663e-44
"Prostate cancer12","Prostate cancer","MMEB9_C1",1,0,1,0.204889406286379,1,3.35664050954721e-43
"Aminoacyl-tRNA biosynthesis12","Aminoacyl-tRNA biosynthesis","MMEB9_C1",0,0,0,1,1,1.01111267567313e-48
"Base excision repair12","Base excision repair","MMEB9_C1",0,0,0,1,1,5.22123392743229e-49
"p53 signaling pathway12","p53 signaling pathway","MMEB9_C1",0,0,0,1,1,5.34013016967254e-45
"EGFR tyrosine kinase inhibitor resistance12","EGFR tyrosine kinase inhibitor resistance","MMEB9_C1",0,0,0,1,1,1.19148189571135e-44
"Small cell lung cancer12","Small cell lung cancer","MMEB9_C1",0,0,0,1,1,1.86142471372653e-44
"RNA degradation12","RNA degradation","MMEB9_C1",0,0,0,1,1,2.45076146883757e-48
"mTOR signaling pathway12","mTOR signaling pathway","MMEB9_C1",1,0,1,0.242142025611176,1,2.24457400390326e-42
"Endocrine resistance12","Endocrine resistance","MMEB9_C1",0,0,0,1,1,1.45776109369403e-44
"Lysine degradation12","Lysine degradation","MMEB9_C1",0,0,0,1,1,1.89381862494209e-46
"Viral life cycle - HIV-112","Viral life cycle - HIV-1","MMEB9_C1",0,0,0,1,1,4.26830530594308e-48
"Longevity regulating pathway12","Longevity regulating pathway","MMEB9_C1",0,0,0,1,1,2.95878832002103e-45
"Insulin resistance12","Insulin resistance","MMEB9_C1",0,0,0,1,1,4.02134025911143e-43
"Inositol phosphate metabolism12","Inositol phosphate metabolism","MMEB9_C1",0,0,0,1,1,1.10322736735822e-44
"Platinum drug resistance12","Platinum drug resistance","MMEB9_C1",0,0,0,1,1,1.19123381052188e-44
"Bacterial invasion of epithelial cells12","Bacterial invasion of epithelial cells","MMEB9_C1",3,0,2,0.010477299185099,1,6.50140177828722e-45
"Hepatocellular carcinoma12","Hepatocellular carcinoma","MMEB9_C1",1,0,1,0.317811408614668,1,1.46984366978229e-39
"Insulin signaling pathway12","Insulin signaling pathway","MMEB9_C1",0,0,0,1,1,1.25239753304664e-43
"Human cytomegalovirus infection12","Human cytomegalovirus infection","MMEB9_C1",0,0,0,1,1,3.05365615451383e-37
"Human papillomavirus infection12","Human papillomavirus infection","MMEB9_C1",1,1,0,1,1,3.21628619737923e-35
"Proteoglycans in cancer12","Proteoglycans in cancer","MMEB9_C1",2,0,1.58496250072116,0.157159487776484,1,5.22640128012238e-37
"TGF-beta signaling pathway12","TGF-beta signaling pathway","MMEB9_C1",0,0,0,1,1,1.3324944267763e-41
"RNA polymerase12","RNA polymerase","MMEB9_C1",0,0,0,1,1,1.66304822956819e-49
"FoxO signaling pathway12","FoxO signaling pathway","MMEB9_C1",1,0,1,0.232828870779977,1,9.24029858638137e-43
"AGE-RAGE signaling pathway in diabetic complications12","AGE-RAGE signaling pathway in diabetic complications","MMEB9_C1",0,0,0,1,1,2.58126553490503e-44
"Hepatitis B12","Hepatitis B","MMEB9_C1",0,0,0,1,1,1.09353605380008e-40
"Longevity regulating pathway - multiple species12","Longevity regulating pathway - multiple species","MMEB9_C1",0,0,0,1,1,1.7621151864972e-47
"Yersinia infection12","Yersinia infection","MMEB9_C1",0,0,0,1,1,1.85176283526056e-43
"N-Glycan biosynthesis12","N-Glycan biosynthesis","MMEB9_C1",0,0,0,1,1,1.93589536353923e-47
"Non-small cell lung cancer12","Non-small cell lung cancer","MMEB9_C1",0,0,0,1,1,2.86460969298134e-45
"Rap1 signaling pathway12","Rap1 signaling pathway","MMEB9_C1",0,0,0,1,1,1.98143937520753e-36
"Choline metabolism in cancer12","Choline metabolism in cancer","MMEB9_C1",0,0,0,1,1,1.92452079753247e-44
"TNF signaling pathway12","TNF signaling pathway","MMEB9_C1",0,0,0,1,1,6.08233404349799e-42
"Glioma12","Glioma","MMEB9_C1",0,0,0,1,1,3.06606036967592e-45
"Human immunodeficiency virus 1 infection12","Human immunodeficiency virus 1 infection","MMEB9_C1",0,0,0,1,1,3.00159504033693e-39
"Apoptosis12","Apoptosis","MMEB9_C1",0,0,0,1,1,1.63762581352906e-40
"AMPK signaling pathway12","AMPK signaling pathway","MMEB9_C1",0,0,0,1,1,9.19108347674032e-45
"Fatty acid metabolism12","Fatty acid metabolism","MMEB9_C1",0,0,0,1,1,9.95760124827187e-48
"DNA replication12","DNA replication","MMEB9_C1",0,0,0,1,1,6.7149695164875e-50
"Pathogenic Escherichia coli infection12","Pathogenic Escherichia coli infection","MMEB9_C1",2,0,1.58496250072116,0.107101280558789,1,2.28114159618005e-39
"PD-L1 expression and PD-1 checkpoint pathway in cancer12","PD-L1 expression and PD-1 checkpoint pathway in cancer","MMEB9_C1",0,0,0,1,1,9.53779869734933e-45
"Hippo signaling pathway12","Hippo signaling pathway","MMEB9_C1",1,0,1,0.335273573923166,1,5.0060288621814e-39
"Valine, leucine and isoleucine degradation12","Valine, leucine and isoleucine degradation","MMEB9_C1",0,0,0,1,1,5.04549539081623e-49
"Peroxisome12","Peroxisome","MMEB9_C1",0,0,0,1,1,9.55277842841759e-47
"Homologous recombination12","Homologous recombination","MMEB9_C1",0,0,0,1,1,2.74727608559184e-49
"Bladder cancer12","Bladder cancer","MMEB9_C1",0,0,0,1,1,1.98684467368999e-45
"Fluid shear stress and atherosclerosis12","Fluid shear stress and atherosclerosis","MMEB9_C1",0,0,0,1,1,4.0520264343678e-43
"SNARE interactions in vesicular transport12","SNARE interactions in vesicular transport","MMEB9_C1",0,0,0,1,1,4.47017902380372e-49
"Autophagy - other12","Autophagy - other","MMEB9_C1",1,0,1,0.0523864959254948,1,1.00612499509231e-49
"Proteasome12","Proteasome","MMEB9_C1",0,0,0,1,1,2.94659279136025e-50
"Protein export12","Protein export","MMEB9_C1",0,0,0,1,1,1.57955199856683e-49
"Thyroid hormone signaling pathway12","Thyroid hormone signaling pathway","MMEB9_C1",0,0,0,1,1,1.1448274980263e-43
"Amino sugar and nucleotide sugar metabolism12","Amino sugar and nucleotide sugar metabolism","MMEB9_C1",0,0,0,1,1,4.00378912450256e-49
"Nucleotide metabolism12","Nucleotide metabolism","MMEB9_C1",0,0,0,1,1,4.39535841530988e-46
"ErbB signaling pathway12","ErbB signaling pathway","MMEB9_C1",0,0,0,1,1,2.3382377051242e-46
"Thyroid cancer12","Thyroid cancer","MMEB9_C1",0,0,0,1,1,3.00692580755473e-49
"Various types of N-glycan biosynthesis12","Various types of N-glycan biosynthesis","MMEB9_C1",0,0,0,1,1,1.16734598206073e-48
"Spinocerebellar ataxia12","Spinocerebellar ataxia","MMEB9_C1",0,0,0,1,1,1.29388746221047e-43
"Basal transcription factors12","Basal transcription factors","MMEB9_C1",0,0,0,1,1,8.19228488188069e-51
"Regulation of actin cytoskeleton12","Regulation of actin cytoskeleton","MMEB9_C1",1,0,1,0.39930151338766,1,6.55989237162803e-37
"Melanoma12","Melanoma","MMEB9_C1",0,0,0,1,1,3.77246519244565e-44
"Tight junction12","Tight junction","MMEB9_C1",0,0,0,1,1,2.69189896911963e-40
"Apoptosis - multiple species12","Apoptosis - multiple species","MMEB9_C1",0,0,0,1,1,1.30568622751712e-48
"Glycosylphosphatidylinositol (GPI)-anchor biosynthesis12","Glycosylphosphatidylinositol (GPI)-anchor biosynthesis","MMEB9_C1",0,0,0,1,1,1.75395081754239e-51
"Biosynthesis of nucleotide sugars12","Biosynthesis of nucleotide sugars","MMEB9_C1",0,0,0,1,1,1.68883748676526e-49
"Epithelial cell signaling in Helicobacter pylori infection12","Epithelial cell signaling in Helicobacter pylori infection","MMEB9_C1",0,0,0,1,1,4.53960302884658e-46
"Epstein-Barr virus infection12","Epstein-Barr virus infection","MMEB9_C1",0,0,0,1,1,1.24605218724294e-41
"Selenocompound metabolism12","Selenocompound metabolism","MMEB9_C1",0,0,0,1,1,5.09224748656583e-51
"Other types of O-glycan biosynthesis12","Other types of O-glycan biosynthesis","MMEB9_C1",0,0,0,1,1,1.00423702119488e-47
"Notch signaling pathway12","Notch signaling pathway","MMEB9_C1",0,0,0,1,1,1.75914170362908e-46
"Fc gamma R-mediated phagocytosis12","Fc gamma R-mediated phagocytosis","MMEB9_C1",0,0,0,1,1,1.21613341150636e-45
"Citrate cycle (TCA cycle)12","Citrate cycle (TCA cycle)","MMEB9_C1",0,0,0,1,1,1.99574221451917e-49
"Apelin signaling pathway12","Apelin signaling pathway","MMEB9_C1",0,0,0,1,1,5.26267996866646e-43
"Mismatch repair12","Mismatch repair","MMEB9_C1",0,0,0,1,1,1.39338136311622e-50
"Carbon metabolism12","Carbon metabolism","MMEB9_C1",0,0,0,1,1,6.2580820335685e-46
"Hedgehog signaling pathway12","Hedgehog signaling pathway","MMEB9_C1",0,0,0,1,1,4.65391848846439e-46
"Chagas disease12","Chagas disease","MMEB9_C1",0,0,0,1,1,6.08515204875884e-45
"Growth hormone synthesis, secretion and action12","Growth hormone synthesis, secretion and action","MMEB9_C1",0,0,0,1,1,1.36856328242336e-44
"Kaposi sarcoma-associated herpesvirus infection12","Kaposi sarcoma-associated herpesvirus infection","MMEB9_C1",0,0,0,1,1,1.89880213226935e-40
"Hippo signaling pathway - multiple species12","Hippo signaling pathway - multiple species","MMEB9_C1",0,0,0,1,1,5.49061528493799e-47
"VEGF signaling pathway12","VEGF signaling pathway","MMEB9_C1",0,0,0,1,1,2.09920737243934e-47
"Gap junction12","Gap junction","MMEB9_C1",2,0,1.58496250072116,0.0454016298020955,1,4.4524421852208e-46
"Vasopressin-regulated water reabsorption12","Vasopressin-regulated water reabsorption","MMEB9_C1",0,0,0,1,1,1.62305694045687e-49
"Progesterone-mediated oocyte maturation12","Progesterone-mediated oocyte maturation","MMEB9_C1",0,0,0,1,1,1.34631164960792e-47
"Glycosaminoglycan biosynthesis - chondroitin sulfate / dermatan sulfate12","Glycosaminoglycan biosynthesis - chondroitin sulfate / dermatan sulfate","MMEB9_C1",0,0,0,1,1,1.92043208587039e-50
"T cell receptor signaling pathway12","T cell receptor signaling pathway","MMEB9_C1",0,0,0,1,1,3.07839478738845e-45
"Oocyte meiosis12","Oocyte meiosis","MMEB9_C1",0,0,0,1,1,2.41687537093234e-45
"Phospholipase D signaling pathway12","Phospholipase D signaling pathway","MMEB9_C1",0,0,0,1,1,1.24405028123898e-41
"Acute myeloid leukemia12","Acute myeloid leukemia","MMEB9_C1",1,0,1,0.130384167636787,1,3.96891786164145e-46
"One carbon pool by folate12","One carbon pool by folate","MMEB9_C1",0,0,0,1,1,2.74230951644672e-50
"Propanoate metabolism12","Propanoate metabolism","MMEB9_C1",0,0,0,1,1,1.27893767048007e-50
"Wnt signaling pathway12","Wnt signaling pathway","MMEB9_C1",1,0,1,0.318975552968568,1,1.36923390244597e-39
"Breast cancer12","Breast cancer","MMEB9_C1",1,0,1,0.256111757857974,1,7.02220699595269e-42
"Adipocytokine signaling pathway12","Adipocytokine signaling pathway","MMEB9_C1",0,0,0,1,1,1.68781764529381e-46
"Central carbon metabolism in cancer12","Central carbon metabolism in cancer","MMEB9_C1",0,0,0,1,1,1.4592043500707e-45
"Glyoxylate and dicarboxylate metabolism12","Glyoxylate and dicarboxylate metabolism","MMEB9_C1",0,0,0,1,1,3.61116838148534e-50
"Relaxin signaling pathway12","Relaxin signaling pathway","MMEB9_C1",0,0,0,1,1,4.75000251144267e-44
"Ferroptosis12","Ferroptosis","MMEB9_C1",0,0,0,1,1,2.37579113059299e-49
"Sphingolipid metabolism12","Sphingolipid metabolism","MMEB9_C1",0,0,0,1,1,8.16655193339507e-48
"Toxoplasmosis12","Toxoplasmosis","MMEB9_C1",0,0,0,1,1,3.04980209596062e-44
"Ras signaling pathway12","Ras signaling pathway","MMEB9_C1",0,0,0,1,1,3.76159681262097e-37
"Pyrimidine metabolism12","Pyrimidine metabolism","MMEB9_C1",0,0,0,1,1,6.58056902491233e-48
"GnRH signaling pathway12","GnRH signaling pathway","MMEB9_C1",0,0,0,1,1,5.05477218115129e-46
"Coronavirus disease - COVID-1912","Coronavirus disease - COVID-19","MMEB9_C1",0,0,0,1,1,2.31008294827987e-41
"Mannose type O-glycan biosynthesis12","Mannose type O-glycan biosynthesis","MMEB9_C1",0,0,0,1,1,9.34807668553485e-50
"Terpenoid backbone biosynthesis12","Terpenoid backbone biosynthesis","MMEB9_C1",0,0,0,1,1,6.38568543943803e-50
"Cysteine and methionine metabolism12","Cysteine and methionine metabolism","MMEB9_C1",0,0,0,1,1,5.70869220978763e-49
"Circadian rhythm12","Circadian rhythm","MMEB9_C1",0,0,0,1,1,6.7149695164875e-50
"Fatty acid elongation12","Fatty acid elongation","MMEB9_C1",0,0,0,1,1,1.00010182147207e-49
"Biosynthesis of unsaturated fatty acids12","Biosynthesis of unsaturated fatty acids","MMEB9_C1",0,0,0,1,1,1.95768716457588e-49
"Inflammatory mediator regulation of TRP channels12","Inflammatory mediator regulation of TRP channels","MMEB9_C1",0,0,0,1,1,8.38917996042343e-45
"Parathyroid hormone synthesis, secretion and action12","Parathyroid hormone synthesis, secretion and action","MMEB9_C1",0,0,0,1,1,1.01761404162788e-44
"Sulfur metabolism12","Sulfur metabolism","MMEB9_C1",0,0,0,1,1,1.3766827592557e-51
"Vibrio cholerae infection12","Vibrio cholerae infection","MMEB9_C1",0,0,0,1,1,5.57093681458516e-49
"Signaling pathways regulating pluripotency of stem cells12","Signaling pathways regulating pluripotency of stem cells","MMEB9_C1",1,0,1,0.250291036088475,1,8.36935522138932e-42
"HIF-1 signaling pathway12","HIF-1 signaling pathway","MMEB9_C1",0,0,0,1,1,6.92895184529624e-44
"Purine metabolism12","Purine metabolism","MMEB9_C1",0,0,0,1,1,8.86487058717079e-45
"Fatty acid degradation12","Fatty acid degradation","MMEB9_C1",0,0,0,1,1,7.34673793369534e-50
"Glutathione metabolism12","Glutathione metabolism","MMEB9_C1",0,0,0,1,1,9.86463564670943e-49
"Transcriptional misregulation in cancer12","Transcriptional misregulation in cancer","MMEB9_C1",2,0,1.58496250072116,0.089639115250291,1,4.16921096301677e-39
"2-Oxocarboxylic acid metabolism12","2-Oxocarboxylic acid metabolism","MMEB9_C1",0,0,0,1,1,9.34807668553485e-50
"Adrenergic signaling in cardiomyocytes12","Adrenergic signaling in cardiomyocytes","MMEB9_C1",0,0,0,1,1,4.30997396724081e-42
"Gastric cancer12","Gastric cancer","MMEB9_C1",1,0,1,0.258440046565774,1,1.5693559086633e-41
"Long-term potentiation12","Long-term potentiation","MMEB9_C1",0,0,0,1,1,5.02967942916429e-47
"Motor proteins12","Motor proteins","MMEB9_C1",2,0,1.58496250072116,0.0686845168800931,1,1.85887150942891e-40
"Biosynthesis of amino acids12","Biosynthesis of amino acids","MMEB9_C1",0,0,0,1,1,1.55751455288417e-47
"Other glycan degradation12","Other glycan degradation","MMEB9_C1",0,0,0,1,1,1.71496708823111e-50
"Non-homologous end-joining12","Non-homologous end-joining","MMEB9_C1",0,0,0,1,1,2.06570582638541e-51
"Glycerophospholipid metabolism12","Glycerophospholipid metabolism","MMEB9_C1",0,0,0,1,1,2.65038402323179e-47
"C-type lectin receptor signaling pathway12","C-type lectin receptor signaling pathway","MMEB9_C1",0,0,0,1,1,1.8903826413907e-45
"Lipid and atherosclerosis12","Lipid and atherosclerosis","MMEB9_C1",0,0,0,1,1,6.80001172261588e-41
"Hepatitis C12","Hepatitis C","MMEB9_C1",0,0,0,1,1,9.75659510679994e-43
"PI3K-Akt signaling pathway12","PI3K-Akt signaling pathway","MMEB9_C1",0,1,-1,0.543655413271246,1,2.79567676182365e-34
"Long-term depression12","Long-term depression","MMEB9_C1",0,0,0,1,1,1.61227502639914e-48
"Arrhythmogenic right ventricular cardiomyopathy12","Arrhythmogenic right ventricular cardiomyopathy","MMEB9_C1",0,0,0,1,1,6.00160359705551e-44
"Necroptosis12","Necroptosis","MMEB9_C1",0,0,0,1,1,8.98859077407551e-45
"Retrograde endocannabinoid signaling12","Retrograde endocannabinoid signaling","MMEB9_C1",0,0,0,1,1,5.86792567648951e-45
"Pantothenate and CoA biosynthesis12","Pantothenate and CoA biosynthesis","MMEB9_C1",0,0,0,1,1,1.27893767048007e-50
"Cushing syndrome12","Cushing syndrome","MMEB9_C1",1,0,1,0.308498253783469,1,4.3126544245616e-40
"Fructose and mannose metabolism12","Fructose and mannose metabolism","MMEB9_C1",0,0,0,1,1,1.0135613302935e-49
"Platelet activation12","Platelet activation","MMEB9_C1",0,0,0,1,1,4.83935716730518e-43
"Efferocytosis12","Efferocytosis","MMEB9_C1",0,0,0,1,1,2.02547492117472e-40
"Antifolate resistance12","Antifolate resistance","MMEB9_C1",0,0,0,1,1,6.6030746813835e-50
"Alcoholism12","Alcoholism","MMEB9_C1",0,0,0,1,1,1.47586773637448e-44
"Melanogenesis12","Melanogenesis","MMEB9_C1",1,0,1,0.174621653084983,1,1.06415870466182e-44
"Prolactin signaling pathway12","Prolactin signaling pathway","MMEB9_C1",0,0,0,1,1,3.47600585551424e-48
"Glycerolipid metabolism12","Glycerolipid metabolism","MMEB9_C1",0,0,0,1,1,4.89337992796075e-48
"Dopaminergic synapse12","Dopaminergic synapse","MMEB9_C1",0,0,0,1,1,7.32346304923688e-44
"Glycosphingolipid biosynthesis - ganglio series12","Glycosphingolipid biosynthesis - ganglio series","MMEB9_C1",0,0,0,1,1,1.9202255032708e-51
"Mucin type O-glycan biosynthesis12","Mucin type O-glycan biosynthesis","MMEB9_C1",0,0,0,1,1,5.65363671332853e-49
"Lipoic acid metabolism12","Lipoic acid metabolism","MMEB9_C1",0,0,0,1,1,1.9621406454422e-51
"NF-kappa B signaling pathway12","NF-kappa B signaling pathway","MMEB9_C1",1,0,1,0.138533178114086,1,8.19192586625965e-46
"Oxytocin signaling pathway12","Oxytocin signaling pathway","MMEB9_C1",0,0,0,1,1,3.02715322484361e-42
"Basal cell carcinoma12","Basal cell carcinoma","MMEB9_C1",1,0,1,0.145518044237485,1,1.12945247087197e-45
"Legionellosis12","Legionellosis","MMEB9_C1",0,0,0,1,1,2.69851408528802e-48
"Measles12","Measles","MMEB9_C1",0,0,0,1,1,5.44786661440618e-44
"Biosynthesis of cofactors12","Biosynthesis of cofactors","MMEB9_C1",0,0,0,1,1,2.44415143540378e-42
"Glycosaminoglycan biosynthesis - keratan sulfate12","Glycosaminoglycan biosynthesis - keratan sulfate","MMEB9_C1",0,0,0,1,1,5.40021528413828e-51
"Alanine, aspartate and glutamate metabolism12","Alanine, aspartate and glutamate metabolism","MMEB9_C1",0,0,0,1,1,2.81032340086972e-49
"Fatty acid biosynthesis12","Fatty acid biosynthesis","MMEB9_C1",0,0,0,1,1,3.76251053676799e-51
"Hypertrophic cardiomyopathy12","Hypertrophic cardiomyopathy","MMEB9_C1",0,0,0,1,1,3.0329673867713e-42
"Glucagon signaling pathway12","Glucagon signaling pathway","MMEB9_C1",0,0,0,1,1,4.57229300494858e-45
"Glycosaminoglycan biosynthesis - heparan sulfate / heparin12","Glycosaminoglycan biosynthesis - heparan sulfate / heparin","MMEB9_C1",0,0,0,1,1,2.67464990368287e-49
"Steroid biosynthesis12","Steroid biosynthesis","MMEB9_C1",0,0,0,1,1,1.3766827592557e-51
"cGMP-PKG signaling pathway12","cGMP-PKG signaling pathway","MMEB9_C1",0,0,0,1,1,8.80280377421697e-41
"Phagosome12","Phagosome","MMEB9_C1",2,0,1.58496250072116,0.0477299185098952,1,4.21366741528978e-44
"Arginine and proline metabolism12","Arginine and proline metabolism","MMEB9_C1",0,0,0,1,1,2.67464990368287e-49
"Pyruvate metabolism12","Pyruvate metabolism","MMEB9_C1",0,0,0,1,1,1.66304822956819e-49
"Type II diabetes mellitus12","Type II diabetes mellitus","MMEB9_C1",0,0,0,1,1,4.10865063086597e-48
"Dilated cardiomyopathy12","Dilated cardiomyopathy","MMEB9_C1",0,0,0,1,1,1.32620718833037e-42
"Alcoholic liver disease12","Alcoholic liver disease","MMEB9_C1",0,0,0,1,1,6.41606600604726e-44
"Leukocyte transendothelial migration12","Leukocyte transendothelial migration","MMEB9_C1",1,0,1,0.19674039580908,1,8.07762192165427e-44
"Glycosaminoglycan degradation12","Glycosaminoglycan degradation","MMEB9_C1",0,0,0,1,1,1.9202255032708e-51
"Endocrine and other factor-regulated calcium reabsorption12","Endocrine and other factor-regulated calcium reabsorption","MMEB9_C1",0,0,0,1,1,7.99923010762975e-48
"Ubiquinone and other terpenoid-quinone biosynthesis12","Ubiquinone and other terpenoid-quinone biosynthesis","MMEB9_C1",0,0,0,1,1,1.3766827592557e-51
"Fc epsilon RI signaling pathway12","Fc epsilon RI signaling pathway","MMEB9_C1",0,0,0,1,1,9.16522646551774e-49
"Glycine, serine and threonine metabolism12","Glycine, serine and threonine metabolism","MMEB9_C1",0,0,0,1,1,1.33046013656047e-50
"Pertussis12","Pertussis","MMEB9_C1",0,0,0,1,1,2.3871359079766e-48
"Aldosterone synthesis and secretion12","Aldosterone synthesis and secretion","MMEB9_C1",0,0,0,1,1,1.74904078570811e-44
"Regulation of lipolysis in adipocytes12","Regulation of lipolysis in adipocytes","MMEB9_C1",0,0,0,1,1,1.0109289575856e-47
"Cholinergic synapse12","Cholinergic synapse","MMEB9_C1",0,0,0,1,1,3.128267885082e-45
"Osteoclast differentiation12","Osteoclast differentiation","MMEB9_C1",0,0,0,1,1,6.06701020731597e-42
"Pentose phosphate pathway12","Pentose phosphate pathway","MMEB9_C1",0,0,0,1,1,5.5819835635542e-51
"beta-Alanine metabolism12","beta-Alanine metabolism","MMEB9_C1",0,0,0,1,1,9.34807668553485e-50
"PPAR signaling pathway12","PPAR signaling pathway","MMEB9_C1",0,0,0,1,1,8.16655193339507e-48
"Folate biosynthesis12","Folate biosynthesis","MMEB9_C1",0,0,0,1,1,1.92219515531966e-50
"Influenza A12","Influenza A","MMEB9_C1",0,0,0,1,1,3.40756102217963e-43
"Th17 cell differentiation12","Th17 cell differentiation","MMEB9_C1",0,0,0,1,1,8.00745646827028e-46
"Cardiac muscle contraction12","Cardiac muscle contraction","MMEB9_C1",0,0,0,1,1,1.10181775381824e-46
"Nicotinate and nicotinamide metabolism12","Nicotinate and nicotinamide metabolism","MMEB9_C1",0,0,0,1,1,6.00654588254803e-50
"Aldosterone-regulated sodium reabsorption12","Aldosterone-regulated sodium reabsorption","MMEB9_C1",0,0,0,1,1,3.05545879528081e-49
"Neutrophil extracellular trap formation12","Neutrophil extracellular trap formation","MMEB9_C1",0,0,0,1,1,1.24209484408688e-45
"Th1 and Th2 cell differentiation12","Th1 and Th2 cell differentiation","MMEB9_C1",0,0,0,1,1,3.28445056233416e-47
"NOD-like receptor signaling pathway12","NOD-like receptor signaling pathway","MMEB9_C1",1,0,1,0.19674039580908,1,1.36107819787951e-43
"Cortisol synthesis and secretion12","Cortisol synthesis and secretion","MMEB9_C1",0,0,0,1,1,1.06213650148356e-46
"GnRH secretion12","GnRH secretion","MMEB9_C1",0,0,0,1,1,1.18258721134837e-47
"Vascular smooth muscle contraction12","Vascular smooth muscle contraction","MMEB9_C1",0,0,0,1,1,4.94482489350263e-43
"Estrogen signaling pathway12","Estrogen signaling pathway","MMEB9_C1",0,0,0,1,1,8.46773826543966e-44
"RIG-I-like receptor signaling pathway12","RIG-I-like receptor signaling pathway","MMEB9_C1",1,0,1,0.10011641443539,1,1.67928755393428e-47
"Amoebiasis12","Amoebiasis","MMEB9_C1",1,0,1,0.167636786961583,1,3.16064745614616e-46
"ECM-receptor interaction12","ECM-receptor interaction","MMEB9_C1",0,0,0,1,1,1.57642459580227e-43
"Renin secretion12","Renin secretion","MMEB9_C1",0,0,0,1,1,9.55277842841759e-47
"Collecting duct acid secretion12","Collecting duct acid secretion","MMEB9_C1",0,0,0,1,1,5.45568862180846e-51
"Viral myocarditis12","Viral myocarditis","MMEB9_C1",0,0,0,1,1,2.72675621288199e-48
"B cell receptor signaling pathway12","B cell receptor signaling pathway","MMEB9_C1",0,0,0,1,1,1.84539645034023e-47
"Glutamatergic synapse12","Glutamatergic synapse","MMEB9_C1",0,0,0,1,1,3.3096501686464e-45
"Cytosolic DNA-sensing pathway12","Cytosolic DNA-sensing pathway","MMEB9_C1",0,0,0,1,1,1.55380146094539e-47
"Glycosphingolipid biosynthesis - globo and isoglobo series12","Glycosphingolipid biosynthesis - globo and isoglobo series","MMEB9_C1",0,0,0,1,1,1.9202255032708e-51
"Galactose metabolism12","Galactose metabolism","MMEB9_C1",0,0,0,1,1,9.50795307342076e-51
"Arginine biosynthesis12","Arginine biosynthesis","MMEB9_C1",0,0,0,1,1,2.00874407546265e-50
"Toll-like receptor signaling pathway12","Toll-like receptor signaling pathway","MMEB9_C1",0,0,0,1,1,5.97067742626467e-47
"Thiamine metabolism12","Thiamine metabolism","MMEB9_C1",0,0,0,1,1,5.40021528413828e-51
"Circadian entrainment12","Circadian entrainment","MMEB9_C1",0,0,0,1,1,9.04857034762427e-47
"Morphine addiction12","Morphine addiction","MMEB9_C1",0,0,0,1,1,4.91902484142599e-47
"Ether lipid metabolism12","Ether lipid metabolism","MMEB9_C1",0,0,0,1,1,2.22648593175211e-49
"Ribosome biogenesis in eukaryotes12","Ribosome biogenesis in eukaryotes","MMEB9_C1",0,0,0,1,1,1.93589536353923e-47
"Synaptic vesicle cycle12","Synaptic vesicle cycle","MMEB9_C1",0,0,0,1,1,6.41150955113945e-48
"Tryptophan metabolism12","Tryptophan metabolism","MMEB9_C1",0,0,0,1,1,6.91509770584591e-50
"Proximal tubule bicarbonate reclamation12","Proximal tubule bicarbonate reclamation","MMEB9_C1",0,0,0,1,1,1.34439940459042e-50
"Chemical carcinogenesis - receptor activation12","Chemical carcinogenesis - receptor activation","MMEB9_C1",0,0,0,1,1,1.81732142255159e-41
"Leishmaniasis12","Leishmaniasis","MMEB9_C1",0,0,0,1,1,1.29372386640438e-47
"Glycosphingolipid biosynthesis - lacto and neolacto series12","Glycosphingolipid biosynthesis - lacto and neolacto series","MMEB9_C1",0,0,0,1,1,1.00010182147207e-49
"Amphetamine addiction12","Amphetamine addiction","MMEB9_C1",0,0,0,1,1,1.31503481288883e-47
"Thyroid hormone synthesis12","Thyroid hormone synthesis","MMEB9_C1",0,0,0,1,1,3.11688350641463e-47
"Butanoate metabolism12","Butanoate metabolism","MMEB9_C1",0,0,0,1,1,2.06570582638541e-51
"ABC transporters12","ABC transporters","MMEB9_C1",0,0,0,1,1,7.67410215372002e-49
"Antigen processing and presentation12","Antigen processing and presentation","MMEB9_C1",0,0,0,1,1,7.52857256595199e-49
"Ovarian steroidogenesis12","Ovarian steroidogenesis","MMEB9_C1",0,0,0,1,1,5.87514512771509e-49
"Rheumatoid arthritis12","Rheumatoid arthritis","MMEB9_C1",0,0,0,1,1,8.05047946178715e-47
"IL-17 signaling pathway12","IL-17 signaling pathway","MMEB9_C1",0,0,0,1,1,6.55055885044284e-47
"Renin-angiotensin system12","Renin-angiotensin system","MMEB9_C1",0,0,0,1,1,2.31275716927882e-51
"Nitrogen metabolism12","Nitrogen metabolism","MMEB9_C1",0,0,0,1,1,4.89857979895485e-51
"Tuberculosis12","Tuberculosis","MMEB9_C1",0,0,0,1,1,1.15161974371691e-43
"Drug metabolism - other enzymes12","Drug metabolism - other enzymes","MMEB9_C1",0,0,0,1,1,2.46676930234399e-49
"Glycolysis / Gluconeogenesis12","Glycolysis / Gluconeogenesis","MMEB9_C1",0,0,0,1,1,2.91509535762103e-49
"Gastric acid secretion12","Gastric acid secretion","MMEB9_C1",0,0,0,1,1,1.12791482225531e-46
"Cholesterol metabolism12","Cholesterol metabolism","MMEB9_C1",0,0,0,1,1,6.45675361452568e-49
"African trypanosomiasis12","African trypanosomiasis","MMEB9_C1",0,0,0,1,1,6.00654588254803e-50
"GABAergic synapse12","GABAergic synapse","MMEB9_C1",0,0,0,1,1,1.06213650148356e-46
"Chemokine signaling pathway12","Chemokine signaling pathway","MMEB9_C1",0,0,0,1,1,2.68157148371123e-42
"Insulin secretion12","Insulin secretion","MMEB9_C1",0,0,0,1,1,1.17707805369941e-46
"Cocaine addiction12","Cocaine addiction","MMEB9_C1",0,0,0,1,1,2.67464990368287e-49
"Mineral absorption12","Mineral absorption","MMEB9_C1",0,0,0,1,1,8.17024433330757e-49
"Histidine metabolism12","Histidine metabolism","MMEB9_C1",0,0,0,1,1,2.06239321639977e-51
"Vitamin digestion and absorption12","Vitamin digestion and absorption","MMEB9_C1",0,0,0,1,1,1.6736928585017e-51
"Systemic lupus erythematosus12","Systemic lupus erythematosus","MMEB9_C1",0,0,0,1,1,2.17447280246773e-48
"Phenylalanine metabolism12","Phenylalanine metabolism","MMEB9_C1",0,0,0,1,1,1.3766827592557e-51
"Taurine and hypotaurine metabolism12","Taurine and hypotaurine metabolism","MMEB9_C1",0,0,0,1,1,1.3766827592557e-51
"Starch and sucrose metabolism12","Starch and sucrose metabolism","MMEB9_C1",0,0,0,1,1,1.03830107076103e-50
"cAMP signaling pathway12","cAMP signaling pathway","MMEB9_C1",0,0,0,1,1,4.40512521127497e-40
"Protein digestion and absorption12","Protein digestion and absorption","MMEB9_C1",0,0,0,1,1,2.66741566142715e-44
"Primary bile acid biosynthesis12","Primary bile acid biosynthesis","MMEB9_C1",0,0,0,1,1,1.75395081754239e-51
"Calcium signaling pathway12","Calcium signaling pathway","MMEB9_C1",0,0,0,1,1,4.22411196988314e-38
"Porphyrin metabolism12","Porphyrin metabolism","MMEB9_C1",0,0,0,1,1,1.40751101637599e-49
"Malaria12","Malaria","MMEB9_C1",0,0,0,1,1,5.65065943338147e-48
"alpha-Linolenic acid metabolism12","alpha-Linolenic acid metabolism","MMEB9_C1",0,0,0,1,1,3.76251053676799e-51
"Cell adhesion molecules12","Cell adhesion molecules","MMEB9_C1",0,0,0,1,1,6.80345380836655e-44
"Carbohydrate digestion and absorption12","Carbohydrate digestion and absorption","MMEB9_C1",0,0,0,1,1,1.95598206701147e-49
"Serotonergic synapse12","Serotonergic synapse","MMEB9_C1",0,0,0,1,1,4.66525536341466e-46
"JAK-STAT signaling pathway12","JAK-STAT signaling pathway","MMEB9_C1",0,0,0,1,1,2.24457400390326e-42
"Type I diabetes mellitus12","Type I diabetes mellitus","MMEB9_C1",0,0,0,1,1,1.75395081754239e-51
"Arachidonic acid metabolism12","Arachidonic acid metabolism","MMEB9_C1",0,0,0,1,1,3.95673748635175e-49
"Salivary secretion12","Salivary secretion","MMEB9_C1",0,0,0,1,1,1.0570602643504e-46
"Inflammatory bowel disease12","Inflammatory bowel disease","MMEB9_C1",0,0,0,1,1,3.05545879528081e-49
"Natural killer cell mediated cytotoxicity12","Natural killer cell mediated cytotoxicity","MMEB9_C1",0,0,0,1,1,1.11746540588517e-45
"Tyrosine metabolism12","Tyrosine metabolism","MMEB9_C1",0,0,0,1,1,3.24656049859756e-51
"Allograft rejection12","Allograft rejection","MMEB9_C1",0,0,0,1,1,1.3766827592557e-51
"Phototransduction12","Phototransduction","MMEB9_C1",0,0,0,1,1,1.9202255032708e-51
"Primary immunodeficiency12","Primary immunodeficiency","MMEB9_C1",0,0,0,1,1,5.09224748656583e-51
"Linoleic acid metabolism12","Linoleic acid metabolism","MMEB9_C1",0,0,0,1,1,2.19504657262237e-51
"Pentose and glucuronate interconversions12","Pentose and glucuronate interconversions","MMEB9_C1",0,0,0,1,1,1.3766827592557e-51
"Graft-versus-host disease12","Graft-versus-host disease","MMEB9_C1",0,0,0,1,1,1.3766827592557e-51
"Intestinal immune network for IgA production12","Intestinal immune network for IgA production","MMEB9_C1",0,0,0,1,1,3.76251053676799e-51
"Pancreatic secretion12","Pancreatic secretion","MMEB9_C1",0,0,0,1,1,7.91739713968238e-46
"Complement and coagulation cascades12","Complement and coagulation cascades","MMEB9_C1",1,0,1,0.107101280558789,1,7.99923010762975e-48
"Fat digestion and absorption12","Fat digestion and absorption","MMEB9_C1",0,0,0,1,1,1.56238179679664e-50
"Ascorbate and aldarate metabolism12","Ascorbate and aldarate metabolism","MMEB9_C1",0,0,0,1,1,2.28289161288717e-51
"MicroRNAs in cancer12","MicroRNAs in cancer","MMEB9_C1",1,0,1,0.363213038416764,1,3.53967717557581e-38
"Asthma12","Asthma","MMEB9_C1",0,0,0,1,1,6.73930563587978e-52
"Maturity onset diabetes of the young12","Maturity onset diabetes of the young","MMEB9_C1",0,0,0,1,1,1.3766827592557e-51
"Chemical carcinogenesis - DNA adducts12","Chemical carcinogenesis - DNA adducts","MMEB9_C1",0,0,0,1,1,6.91509770584591e-50
"Bile secretion12","Bile secretion","MMEB9_C1",0,0,0,1,1,1.39544679456991e-48
"Metabolism of xenobiotics by cytochrome P45012","Metabolism of xenobiotics by cytochrome P450","MMEB9_C1",0,0,0,1,1,3.15646880121963e-49
"Nicotine addiction12","Nicotine addiction","MMEB9_C1",0,0,0,1,1,3.24656049859756e-51
"Hematopoietic cell lineage12","Hematopoietic cell lineage","MMEB9_C1",0,0,0,1,1,1.5608855636899e-47
"Taste transduction12","Taste transduction","MMEB9_C1",0,0,0,1,1,3.05545879528081e-49
"Drug metabolism - cytochrome P45012","Drug metabolism - cytochrome P450","MMEB9_C1",0,0,0,1,1,1.20617525938987e-50
"Autoimmune thyroid disease12","Autoimmune thyroid disease","MMEB9_C1",0,0,0,1,1,1.3766827592557e-51
"Steroid hormone biosynthesis12","Steroid hormone biosynthesis","MMEB9_C1",0,0,0,1,1,5.40021528413828e-51
"Retinol metabolism12","Retinol metabolism","MMEB9_C1",0,0,0,1,1,2.32303122059009e-50
"Viral protein interaction with cytokine and cytokine receptor12","Viral protein interaction with cytokine and cytokine receptor","MMEB9_C1",0,0,0,1,1,1.20005508969355e-46
"Staphylococcus aureus infection12","Staphylococcus aureus infection","MMEB9_C1",0,0,0,1,1,5.43876452876e-50
"Cytokine-cytokine receptor interaction12","Cytokine-cytokine receptor interaction","MMEB9_C1",0,0,0,1,1,4.87170776504191e-39
"Neuroactive ligand-receptor interaction12","Neuroactive ligand-receptor interaction","MMEB9_C1",0,0,0,1,1,1.60154417163252e-41
"Olfactory transduction12","Olfactory transduction","MMEB9_C1",0,0,0,1,1,2.67464990368287e-49
"Herpes simplex virus 1 infection13","Herpes simplex virus 1 infection","MMEB9_C2",0,1,-1,0.533878504672897,1,2.68609352532977e-32
"Cell cycle13","Cell cycle","MMEB9_C2",0,0,0,1,1,9.55079030341035e-43
"Endocytosis13","Endocytosis","MMEB9_C2",0,0,0,1,1,2.95663968408141e-34
"Ribosome13","Ribosome","MMEB9_C2",0,0,0,1,1,2.45320734020695e-44
"Autophagy - animal13","Autophagy - animal","MMEB9_C2",1,0,1,0.293224299065421,1,1.87835267151251e-40
"Protein processing in endoplasmic reticulum13","Protein processing in endoplasmic reticulum","MMEB9_C2",0,0,0,1,1,1.09297966019112e-40
"Huntington disease13","Huntington disease","MMEB9_C2",0,0,0,1,1,1.35702639423722e-36
"Ubiquitin mediated proteolysis13","Ubiquitin mediated proteolysis","MMEB9_C2",2,0,1.58496250072116,0.0467289719626168,1,1.47536148405422e-41
"Shigellosis13","Shigellosis","MMEB9_C2",1,0,1,0.468457943925234,1,3.25307445959747e-34
"Thermogenesis13","Thermogenesis","MMEB9_C2",0,0,0,1,1,4.46089036425036e-39
"Mitophagy - animal13","Mitophagy - animal","MMEB9_C2",0,0,0,1,1,1.72551921546664e-44
"Parkinson disease13","Parkinson disease","MMEB9_C2",0,0,0,1,1,4.15951026784875e-39
"Amyotrophic lateral sclerosis13","Amyotrophic lateral sclerosis","MMEB9_C2",0,0,0,1,1,9.91907772625937e-36
"Cellular senescence13","Cellular senescence","MMEB9_C2",0,0,0,1,1,4.83249740120215e-41
"Chemical carcinogenesis - reactive oxygen species13","Chemical carcinogenesis - reactive oxygen species","MMEB9_C2",1,0,1,0.281542056074766,1,4.76854120099126e-41
"Colorectal cancer13","Colorectal cancer","MMEB9_C2",0,0,0,1,1,6.4295427817101e-44
"Salmonella infection13","Salmonella infection","MMEB9_C2",0,0,0,1,1,6.13826090324777e-36
"ATP-dependent chromatin remodeling13","ATP-dependent chromatin remodeling","MMEB9_C2",0,0,0,1,1,2.41632528080303e-44
"Diabetic cardiomyopathy13","Diabetic cardiomyopathy","MMEB9_C2",1,0,1,0.310747663551402,1,1.35772410093673e-39
"Spliceosome13","Spliceosome","MMEB9_C2",0,0,0,1,1,1.04823638299156e-44
"Viral carcinogenesis13","Viral carcinogenesis","MMEB9_C2",0,0,0,1,1,8.6185376673183e-41
"Pathways of neurodegeneration - multiple diseases13","Pathways of neurodegeneration - multiple diseases","MMEB9_C2",0,1,-1,0.532710280373832,1,6.61876966388706e-32
"Pancreatic cancer13","Pancreatic cancer","MMEB9_C2",0,0,0,1,1,5.28156836647142e-45
"Chronic myeloid leukemia13","Chronic myeloid leukemia","MMEB9_C2",0,0,0,1,1,4.58721196858151e-45
"Polycomb repressive complex13","Polycomb repressive complex","MMEB9_C2",0,0,0,1,1,9.49460879026651e-47
"Alzheimer disease13","Alzheimer disease","MMEB9_C2",0,0,0,1,1,2.32975831383598e-35
"Non-alcoholic fatty liver disease13","Non-alcoholic fatty liver disease","MMEB9_C2",0,0,0,1,1,6.02270205319556e-43
"Nucleocytoplasmic transport13","Nucleocytoplasmic transport","MMEB9_C2",0,0,0,1,1,2.60603304711286e-45
"Human T-cell leukemia virus 1 infection13","Human T-cell leukemia virus 1 infection","MMEB9_C2",0,0,0,1,1,8.84200181289955e-39
"Nucleotide excision repair13","Nucleotide excision repair","MMEB9_C2",0,0,0,1,1,1.31253725911392e-47
"Oxidative phosphorylation13","Oxidative phosphorylation","MMEB9_C2",0,0,0,1,1,8.19081536399492e-46
"Renal cell carcinoma13","Renal cell carcinoma","MMEB9_C2",0,0,0,1,1,3.86386667196522e-44
"Axon guidance13","Axon guidance","MMEB9_C2",0,0,0,1,1,2.4320510571496e-35
"Endometrial cancer13","Endometrial cancer","MMEB9_C2",0,0,0,1,1,1.91229622784919e-46
"mRNA surveillance pathway13","mRNA surveillance pathway","MMEB9_C2",0,0,0,1,1,4.38449824247971e-46
"Focal adhesion13","Focal adhesion","MMEB9_C2",0,0,0,1,1,1.33585956821798e-35
"Adherens junction13","Adherens junction","MMEB9_C2",0,0,0,1,1,2.55908297257426e-41
"Prion disease13","Prion disease","MMEB9_C2",1,0,1,0.339953271028037,1,5.27226499477466e-39
"Lysosome13","Lysosome","MMEB9_C2",0,0,0,1,1,4.19048215830339e-42
"MAPK signaling pathway13","MAPK signaling pathway","MMEB9_C2",0,0.5,-0.584962500721156,0.204439252336449,1,2.15554520869615e-33
"Sphingolipid signaling pathway13","Sphingolipid signaling pathway","MMEB9_C2",0,0,0,1,1,3.83264137192953e-42
"Fanconi anemia pathway13","Fanconi anemia pathway","MMEB9_C2",0,0,0,1,1,2.44408749107777e-48
"Neurotrophin signaling pathway13","Neurotrophin signaling pathway","MMEB9_C2",1,0,1,0.200934579439252,1,1.37939521518668e-43
"Phosphatidylinositol signaling system13","Phosphatidylinositol signaling system","MMEB9_C2",0,0,0,1,1,9.54147852794031e-44
"Prostate cancer13","Prostate cancer","MMEB9_C2",0,0,0,1,1,7.71842303101449e-43
"Aminoacyl-tRNA biosynthesis13","Aminoacyl-tRNA biosynthesis","MMEB9_C2",0,0,0,1,1,7.18460573808257e-48
"Base excision repair13","Base excision repair","MMEB9_C2",0,0,0,1,1,1.49524216446142e-49
"p53 signaling pathway13","p53 signaling pathway","MMEB9_C2",0,0,0,1,1,8.868025890518e-45
"EGFR tyrosine kinase inhibitor resistance13","EGFR tyrosine kinase inhibitor resistance","MMEB9_C2",0,0,0,1,1,1.79375585432542e-43
"Small cell lung cancer13","Small cell lung cancer","MMEB9_C2",0,0,0,1,1,1.58843544557925e-43
"RNA degradation13","RNA degradation","MMEB9_C2",0,0,0,1,1,2.34252593576001e-47
"mTOR signaling pathway13","mTOR signaling pathway","MMEB9_C2",0,0,0,1,1,1.21461931000804e-41
"Endocrine resistance13","Endocrine resistance","MMEB9_C2",0,0,0,1,1,4.07221887731519e-44
"Lysine degradation13","Lysine degradation","MMEB9_C2",0,0,0,1,1,5.5739706057699e-46
"Viral life cycle - HIV-113","Viral life cycle - HIV-1","MMEB9_C2",0,0,0,1,1,1.55952216091782e-47
"Longevity regulating pathway13","Longevity regulating pathway","MMEB9_C2",0,0,0,1,1,1.04953232292896e-44
"Insulin resistance13","Insulin resistance","MMEB9_C2",1,0,1,0.254672897196262,1,2.7455166083789e-41
"Inositol phosphate metabolism13","Inositol phosphate metabolism","MMEB9_C2",0,0,0,1,1,7.30352343613525e-45
"Platinum drug resistance13","Platinum drug resistance","MMEB9_C2",0,0,0,1,1,6.59092264138313e-46
"Bacterial invasion of epithelial cells13","Bacterial invasion of epithelial cells","MMEB9_C2",0,0,0,1,1,4.22326056647491e-43
"Hepatocellular carcinoma13","Hepatocellular carcinoma","MMEB9_C2",0,0,0,1,1,9.07292397774692e-39
"Insulin signaling pathway13","Insulin signaling pathway","MMEB9_C2",0,0,0,1,1,8.56632095038562e-41
"Human cytomegalovirus infection13","Human cytomegalovirus infection","MMEB9_C2",0,0,0,1,1,2.68325424080286e-38
"Human papillomavirus infection13","Human papillomavirus infection","MMEB9_C2",0,1,-1,0.570093457943925,1,1.30498024017574e-32
"Proteoglycans in cancer13","Proteoglycans in cancer","MMEB9_C2",0,0,0,1,1,1.48882162203054e-38
"TGF-beta signaling pathway13","TGF-beta signaling pathway","MMEB9_C2",1,0,1,0.227803738317757,1,1.49231918416483e-42
"RNA polymerase13","RNA polymerase","MMEB9_C2",0,0,0,1,1,5.54049615143302e-49
"FoxO signaling pathway13","FoxO signaling pathway","MMEB9_C2",0,0,0,1,1,1.72458902907117e-42
"AGE-RAGE signaling pathway in diabetic complications13","AGE-RAGE signaling pathway in diabetic complications","MMEB9_C2",1,0,1,0.230140186915888,1,2.14251378384466e-42
"Hepatitis B13","Hepatitis B","MMEB9_C2",0,0,0,1,1,1.53897959768946e-42
"Longevity regulating pathway - multiple species13","Longevity regulating pathway - multiple species","MMEB9_C2",0,0,0,1,1,7.42852994022042e-48
"Yersinia infection13","Yersinia infection","MMEB9_C2",0,0,0,1,1,1.68655030433664e-43
"N-Glycan biosynthesis13","N-Glycan biosynthesis","MMEB9_C2",0,0,0,1,1,8.09039374991146e-48
"Non-small cell lung cancer13","Non-small cell lung cancer","MMEB9_C2",0,0,0,1,1,1.04975310382031e-45
"Rap1 signaling pathway13","Rap1 signaling pathway","MMEB9_C2",0,0,0,1,1,1.37150674122271e-37
"Choline metabolism in cancer13","Choline metabolism in cancer","MMEB9_C2",0,0,0,1,1,2.4373485066017e-44
"TNF signaling pathway13","TNF signaling pathway","MMEB9_C2",0,0,0,1,1,2.72161861510954e-43
"Glioma13","Glioma","MMEB9_C2",0,0,0,1,1,1.28491259477054e-44
"Human immunodeficiency virus 1 infection13","Human immunodeficiency virus 1 infection","MMEB9_C2",0,0,0,1,1,8.15354386021118e-40
"Apoptosis13","Apoptosis","MMEB9_C2",0,0,0,1,1,2.14165893398442e-41
"AMPK signaling pathway13","AMPK signaling pathway","MMEB9_C2",0,0,0,1,1,3.86454415461225e-42
"Fatty acid metabolism13","Fatty acid metabolism","MMEB9_C2",0,0,0,1,1,2.27295684566299e-47
"DNA replication13","DNA replication","MMEB9_C2",0,0,0,1,1,4.39930164744566e-49
"Pathogenic Escherichia coli infection13","Pathogenic Escherichia coli infection","MMEB9_C2",0,0,0,1,1,2.82215542674372e-38
"PD-L1 expression and PD-1 checkpoint pathway in cancer13","PD-L1 expression and PD-1 checkpoint pathway in cancer","MMEB9_C2",0,0,0,1,1,1.26192317061001e-45
"Hippo signaling pathway13","Hippo signaling pathway","MMEB9_C2",0,0,0,1,1,4.72923582878148e-38
"Valine, leucine and isoleucine degradation13","Valine, leucine and isoleucine degradation","MMEB9_C2",0,0,0,1,1,2.46993554504936e-48
"Peroxisome13","Peroxisome","MMEB9_C2",0,0,0,1,1,1.06923893658047e-44
"Homologous recombination13","Homologous recombination","MMEB9_C2",0,0,0,1,1,1.28820813962479e-49
"Bladder cancer13","Bladder cancer","MMEB9_C2",0,0,0,1,1,4.18564477393714e-48
"Fluid shear stress and atherosclerosis13","Fluid shear stress and atherosclerosis","MMEB9_C2",0,0,0,1,1,6.10077018029094e-42
"SNARE interactions in vesicular transport13","SNARE interactions in vesicular transport","MMEB9_C2",0,0,0,1,1,3.67250474903485e-48
"Autophagy - other13","Autophagy - other","MMEB9_C2",0,0,0,1,1,1.37732185973339e-49
"Proteasome13","Proteasome","MMEB9_C2",0,0,0,1,1,1.92723022323714e-50
"Protein export13","Protein export","MMEB9_C2",0,0,0,1,1,3.33376643579548e-50
"Thyroid hormone signaling pathway13","Thyroid hormone signaling pathway","MMEB9_C2",0,0,0,1,1,7.00552484438667e-43
"Amino sugar and nucleotide sugar metabolism13","Amino sugar and nucleotide sugar metabolism","MMEB9_C2",0,0,0,1,1,1.93544643452801e-47
"Nucleotide metabolism13","Nucleotide metabolism","MMEB9_C2",0,0,0,1,1,1.00525307727219e-45
"ErbB signaling pathway13","ErbB signaling pathway","MMEB9_C2",0,0,0,1,1,2.32934928892464e-44
"Thyroid cancer13","Thyroid cancer","MMEB9_C2",0,0,0,1,1,1.92522306667494e-47
"Various types of N-glycan biosynthesis13","Various types of N-glycan biosynthesis","MMEB9_C2",0,0,0,1,1,4.86809212139665e-48
"Spinocerebellar ataxia13","Spinocerebellar ataxia","MMEB9_C2",0,0,0,1,1,2.8234184184864e-43
"Basal transcription factors13","Basal transcription factors","MMEB9_C2",0,0,0,1,1,2.14314683425443e-50
"Regulation of actin cytoskeleton13","Regulation of actin cytoskeleton","MMEB9_C2",0,0,0,1,1,1.43725791277979e-36
"Melanoma13","Melanoma","MMEB9_C2",0,0,0,1,1,1.01948915774882e-44
"Tight junction13","Tight junction","MMEB9_C2",1,0,1,0.327102803738318,1,3.61580071105357e-39
"Apoptosis - multiple species13","Apoptosis - multiple species","MMEB9_C2",0,0,0,1,1,2.47740865824573e-48
"Glycosylphosphatidylinositol (GPI)-anchor biosynthesis13","Glycosylphosphatidylinositol (GPI)-anchor biosynthesis","MMEB9_C2",0,0,0,1,1,1.08392976697569e-50
"Biosynthesis of nucleotide sugars13","Biosynthesis of nucleotide sugars","MMEB9_C2",0,0,0,1,1,1.17393718679241e-48
"Epithelial cell signaling in Helicobacter pylori infection13","Epithelial cell signaling in Helicobacter pylori infection","MMEB9_C2",0,0,0,1,1,2.49964735278117e-46
"Epstein-Barr virus infection13","Epstein-Barr virus infection","MMEB9_C2",0,0,0,1,1,2.6379606758056e-42
"Selenocompound metabolism13","Selenocompound metabolism","MMEB9_C2",0,0,0,1,1,2.82283385903396e-50
"Other types of O-glycan biosynthesis13","Other types of O-glycan biosynthesis","MMEB9_C2",0,0,0,1,1,5.33250392685988e-47
"Notch signaling pathway13","Notch signaling pathway","MMEB9_C2",0,0,0,1,1,1.88753887250656e-46
"Fc gamma R-mediated phagocytosis13","Fc gamma R-mediated phagocytosis","MMEB9_C2",1,0,1,0.19392523364486,1,2.48304098583883e-44
"Citrate cycle (TCA cycle)13","Citrate cycle (TCA cycle)","MMEB9_C2",0,0,0,1,1,8.39451131449389e-50
"Apelin signaling pathway13","Apelin signaling pathway","MMEB9_C2",0,0,0,1,1,4.50674687177333e-40
"Mismatch repair13","Mismatch repair","MMEB9_C2",0,0,0,1,1,8.31691285541508e-51
"Carbon metabolism13","Carbon metabolism","MMEB9_C2",0,0,0,1,1,2.45320734020695e-44
"Hedgehog signaling pathway13","Hedgehog signaling pathway","MMEB9_C2",0,0,0,1,1,1.05846651048723e-45
"Chagas disease13","Chagas disease","MMEB9_C2",0,0,0,1,1,2.32934928892464e-44
"Growth hormone synthesis, secretion and action13","Growth hormone synthesis, secretion and action","MMEB9_C2",0,0,0,1,1,4.7124624225306e-43
"Kaposi sarcoma-associated herpesvirus infection13","Kaposi sarcoma-associated herpesvirus infection","MMEB9_C2",0,0,0,1,1,4.04958257478464e-41
"Hippo signaling pathway - multiple species13","Hippo signaling pathway - multiple species","MMEB9_C2",0,0,0,1,1,8.3048545731351e-46
"VEGF signaling pathway13","VEGF signaling pathway","MMEB9_C2",0,0,0,1,1,5.38268249316199e-48
"Gap junction13","Gap junction","MMEB9_C2",0,0,0,1,1,2.4556501599809e-44
"Vasopressin-regulated water reabsorption13","Vasopressin-regulated water reabsorption","MMEB9_C2",0,0,0,1,1,1.27982203994598e-48
"Progesterone-mediated oocyte maturation13","Progesterone-mediated oocyte maturation","MMEB9_C2",0,0,0,1,1,8.39292279580564e-46
"Glycosaminoglycan biosynthesis - chondroitin sulfate / dermatan sulfate13","Glycosaminoglycan biosynthesis - chondroitin sulfate / dermatan sulfate","MMEB9_C2",0,0,0,1,1,9.02218301065413e-50
"T cell receptor signaling pathway13","T cell receptor signaling pathway","MMEB9_C2",0,0,0,1,1,1.26192317061001e-45
"Oocyte meiosis13","Oocyte meiosis","MMEB9_C2",0,0,0,1,1,1.06225889161113e-44
"Phospholipase D signaling pathway13","Phospholipase D signaling pathway","MMEB9_C2",0,0,0,1,1,4.96987724442497e-41
"Acute myeloid leukemia13","Acute myeloid leukemia","MMEB9_C2",0,0,0,1,1,9.49460879026651e-47
"One carbon pool by folate13","One carbon pool by folate","MMEB9_C2",0,0,0,1,1,9.40450656106273e-51
"Propanoate metabolism13","Propanoate metabolism","MMEB9_C2",0,0,0,1,1,1.3275256981358e-49
"Wnt signaling pathway13","Wnt signaling pathway","MMEB9_C2",0,0,0,1,1,2.09048285001775e-39
"Breast cancer13","Breast cancer","MMEB9_C2",0,0,0,1,1,2.90848844157627e-41
"Adipocytokine signaling pathway13","Adipocytokine signaling pathway","MMEB9_C2",0,0,0,1,1,4.3112481566628e-45
"Central carbon metabolism in cancer13","Central carbon metabolism in cancer","MMEB9_C2",0,0,0,1,1,2.48304098583883e-44
"Glyoxylate and dicarboxylate metabolism13","Glyoxylate and dicarboxylate metabolism","MMEB9_C2",0,0,0,1,1,8.41686033098682e-50
"Relaxin signaling pathway13","Relaxin signaling pathway","MMEB9_C2",0,0,0,1,1,6.96953042397641e-42
"Ferroptosis13","Ferroptosis","MMEB9_C2",0,0,0,1,1,3.22295023314853e-47
"Sphingolipid metabolism13","Sphingolipid metabolism","MMEB9_C2",0,0,0,1,1,6.76838428168689e-47
"Toxoplasmosis13","Toxoplasmosis","MMEB9_C2",0,0,0,1,1,5.35716895450914e-44
"Ras signaling pathway13","Ras signaling pathway","MMEB9_C2",0,0,0,1,1,1.83013210333466e-37
"Pyrimidine metabolism13","Pyrimidine metabolism","MMEB9_C2",0,0,0,1,1,1.97739693615023e-48
"GnRH signaling pathway13","GnRH signaling pathway","MMEB9_C2",1,0,1,0.178738317757009,1,2.32934928892464e-44
"Coronavirus disease - COVID-1913","Coronavirus disease - COVID-19","MMEB9_C2",0,0,0,1,1,1.3872767410356e-40
"Mannose type O-glycan biosynthesis13","Mannose type O-glycan biosynthesis","MMEB9_C2",0,0,0,1,1,3.98131614185538e-50
"Terpenoid backbone biosynthesis13","Terpenoid backbone biosynthesis","MMEB9_C2",0,0,0,1,1,5.27308395289541e-50
"Cysteine and methionine metabolism13","Cysteine and methionine metabolism","MMEB9_C2",0,0,0,1,1,1.52406277879887e-49
"Circadian rhythm13","Circadian rhythm","MMEB9_C2",0,0,0,1,1,2.6990253799783e-49
"Fatty acid elongation13","Fatty acid elongation","MMEB9_C2",0,0,0,1,1,8.39451131449389e-50
"Biosynthesis of unsaturated fatty acids13","Biosynthesis of unsaturated fatty acids","MMEB9_C2",0,0,0,1,1,2.20073199398657e-49
"Inflammatory mediator regulation of TRP channels13","Inflammatory mediator regulation of TRP channels","MMEB9_C2",1,0,1,0.214953271028037,1,1.7595124752645e-43
"Parathyroid hormone synthesis, secretion and action13","Parathyroid hormone synthesis, secretion and action","MMEB9_C2",0,0,0,1,1,7.55393547101483e-43
"Sulfur metabolism13","Sulfur metabolism","MMEB9_C2",0,0,0,1,1,1.44051247736787e-51
"Vibrio cholerae infection13","Vibrio cholerae infection","MMEB9_C2",0,0,0,1,1,3.39103516228333e-48
"Signaling pathways regulating pluripotency of stem cells13","Signaling pathways regulating pluripotency of stem cells","MMEB9_C2",0,0,0,1,1,2.19940855140822e-41
"HIF-1 signaling pathway13","HIF-1 signaling pathway","MMEB9_C2",0,0,0,1,1,9.80953426387606e-42
"Purine metabolism13","Purine metabolism","MMEB9_C2",0,0,0,1,1,7.26014800392881e-44
"Fatty acid degradation13","Fatty acid degradation","MMEB9_C2",0,0,0,1,1,1.04130726340669e-48
"Glutathione metabolism13","Glutathione metabolism","MMEB9_C2",0,0,0,1,1,4.83622026452974e-48
"Transcriptional misregulation in cancer13","Transcriptional misregulation in cancer","MMEB9_C2",0,0,0,1,1,1.09496235833037e-39
"2-Oxocarboxylic acid metabolism13","2-Oxocarboxylic acid metabolism","MMEB9_C2",0,0,0,1,1,8.97351808115244e-50
"Adrenergic signaling in cardiomyocytes13","Adrenergic signaling in cardiomyocytes","MMEB9_C2",0,0,0,1,1,3.63144356338663e-40
"Gastric cancer13","Gastric cancer","MMEB9_C2",0,0,0,1,1,1.12225887252963e-40
"Long-term potentiation13","Long-term potentiation","MMEB9_C2",0,0,0,1,1,3.42064026991943e-45
"Motor proteins13","Motor proteins","MMEB9_C2",0,0,0,1,1,9.54901308839643e-39
"Biosynthesis of amino acids13","Biosynthesis of amino acids","MMEB9_C2",0,0,0,1,1,2.24133599608978e-47
"Other glycan degradation13","Other glycan degradation","MMEB9_C2",0,0,0,1,1,1.92723022323714e-50
"Non-homologous end-joining13","Non-homologous end-joining","MMEB9_C2",0,0,0,1,1,5.5227943060282e-51
"Glycerophospholipid metabolism13","Glycerophospholipid metabolism","MMEB9_C2",0,0,0,1,1,1.49798515942152e-45
"C-type lectin receptor signaling pathway13","C-type lectin receptor signaling pathway","MMEB9_C2",1,0,1,0.148364485981308,1,2.38490887920393e-45
"Lipid and atherosclerosis13","Lipid and atherosclerosis","MMEB9_C2",0,0,0,1,1,3.3043628458383e-40
"Hepatitis C13","Hepatitis C","MMEB9_C2",0,0,0,1,1,2.42584186395372e-43
"PI3K-Akt signaling pathway13","PI3K-Akt signaling pathway","MMEB9_C2",0,1,-1,0.530373831775701,1,2.26589747619762e-31
"Long-term depression13","Long-term depression","MMEB9_C2",0,0,0,1,1,1.09726609602978e-46
"Arrhythmogenic right ventricular cardiomyopathy13","Arrhythmogenic right ventricular cardiomyopathy","MMEB9_C2",0,0,0,1,1,1.02479904337098e-44
"Necroptosis13","Necroptosis","MMEB9_C2",0,0,0,1,1,5.52080205034514e-44
"Retrograde endocannabinoid signaling13","Retrograde endocannabinoid signaling","MMEB9_C2",0,0,0,1,1,5.82309211218332e-43
"Pantothenate and CoA biosynthesis13","Pantothenate and CoA biosynthesis","MMEB9_C2",0,0,0,1,1,3.7177399137587e-51
"Cushing syndrome13","Cushing syndrome","MMEB9_C2",0,0,0,1,1,3.48556747810662e-39
"Fructose and mannose metabolism13","Fructose and mannose metabolism","MMEB9_C2",0,0,0,1,1,4.61947876439524e-49
"Platelet activation13","Platelet activation","MMEB9_C2",0,0,0,1,1,1.82807771528358e-42
"Efferocytosis13","Efferocytosis","MMEB9_C2",0,0,0,1,1,1.11106266128828e-40
"Antifolate resistance13","Antifolate resistance","MMEB9_C2",0,0,0,1,1,1.24845917456898e-49
"Alcoholism13","Alcoholism","MMEB9_C2",0,0,0,1,1,5.41668014750063e-44
"Melanogenesis13","Melanogenesis","MMEB9_C2",0,0,0,1,1,4.02559397367911e-43
"Prolactin signaling pathway13","Prolactin signaling pathway","MMEB9_C2",0,0,0,1,1,2.14212976738916e-48
"Glycerolipid metabolism13","Glycerolipid metabolism","MMEB9_C2",0,0,0,1,1,2.13471207164036e-46
"Dopaminergic synapse13","Dopaminergic synapse","MMEB9_C2",0,0,0,1,1,2.40954575576714e-42
"Glycosphingolipid biosynthesis - ganglio series13","Glycosphingolipid biosynthesis - ganglio series","MMEB9_C2",0,0,0,1,1,2.52110041415294e-50
"Mucin type O-glycan biosynthesis13","Mucin type O-glycan biosynthesis","MMEB9_C2",0,0,0,1,1,1.47523507738815e-47
"Lipoic acid metabolism13","Lipoic acid metabolism","MMEB9_C2",0,0,0,1,1,8.93670246364996e-51
"NF-kappa B signaling pathway13","NF-kappa B signaling pathway","MMEB9_C2",0,0,0,1,1,6.82656241188951e-45
"Oxytocin signaling pathway13","Oxytocin signaling pathway","MMEB9_C2",0,0,0,1,1,5.23055691773241e-41
"Basal cell carcinoma13","Basal cell carcinoma","MMEB9_C2",0,0,0,1,1,4.42393808489147e-46
"Legionellosis13","Legionellosis","MMEB9_C2",0,0,0,1,1,9.02218301065413e-50
"Measles13","Measles","MMEB9_C2",0,0,0,1,1,6.40021449771953e-44
"Biosynthesis of cofactors13","Biosynthesis of cofactors","MMEB9_C2",0,0,0,1,1,1.24817482522771e-42
"Glycosaminoglycan biosynthesis - keratan sulfate13","Glycosaminoglycan biosynthesis - keratan sulfate","MMEB9_C2",0,0,0,1,1,7.52258083553714e-51
"Alanine, aspartate and glutamate metabolism13","Alanine, aspartate and glutamate metabolism","MMEB9_C2",0,0,0,1,1,3.42250403071083e-50
"Fatty acid biosynthesis13","Fatty acid biosynthesis","MMEB9_C2",0,0,0,1,1,5.06829229012467e-51
"Hypertrophic cardiomyopathy13","Hypertrophic cardiomyopathy","MMEB9_C2",0,0,0,1,1,1.90883693762702e-42
"Glucagon signaling pathway13","Glucagon signaling pathway","MMEB9_C2",0,0,0,1,1,5.39619138168755e-43
"Glycosaminoglycan biosynthesis - heparan sulfate / heparin13","Glycosaminoglycan biosynthesis - heparan sulfate / heparin","MMEB9_C2",0,0,0,1,1,5.98199779568681e-49
"Steroid biosynthesis13","Steroid biosynthesis","MMEB9_C2",0,0,0,1,1,3.98131614185538e-50
"cGMP-PKG signaling pathway13","cGMP-PKG signaling pathway","MMEB9_C2",0,0,0,1,1,1.94262383056862e-40
"Phagosome13","Phagosome","MMEB9_C2",0,0,0,1,1,1.26561869073222e-44
"Arginine and proline metabolism13","Arginine and proline metabolism","MMEB9_C2",0,0,0,1,1,1.03788829892216e-48
"Pyruvate metabolism13","Pyruvate metabolism","MMEB9_C2",0,0,0,1,1,1.27982203994598e-48
"Type II diabetes mellitus13","Type II diabetes mellitus","MMEB9_C2",1,0,1,0.101635514018692,1,1.57617748524939e-47
"Dilated cardiomyopathy13","Dilated cardiomyopathy","MMEB9_C2",0,0,0,1,1,3.81152300087497e-42
"Alcoholic liver disease13","Alcoholic liver disease","MMEB9_C2",0,0,0,1,1,1.22184107933047e-43
"Leukocyte transendothelial migration13","Leukocyte transendothelial migration","MMEB9_C2",0,0,0,1,1,1.5287608221955e-42
"Glycosaminoglycan degradation13","Glycosaminoglycan degradation","MMEB9_C2",0,0,0,1,1,2.96136065419571e-50
"Endocrine and other factor-regulated calcium reabsorption13","Endocrine and other factor-regulated calcium reabsorption","MMEB9_C2",0,0,0,1,1,8.02367621877339e-47
"Ubiquinone and other terpenoid-quinone biosynthesis13","Ubiquinone and other terpenoid-quinone biosynthesis","MMEB9_C2",0,0,0,1,1,3.7177399137587e-51
"Fc epsilon RI signaling pathway13","Fc epsilon RI signaling pathway","MMEB9_C2",0,0,0,1,1,1.04130726340669e-48
"Glycine, serine and threonine metabolism13","Glycine, serine and threonine metabolism","MMEB9_C2",0,0,0,1,1,1.49524216446142e-49
"Pertussis13","Pertussis","MMEB9_C2",0,0,0,1,1,1.80012271676552e-47
"Aldosterone synthesis and secretion13","Aldosterone synthesis and secretion","MMEB9_C2",0,0,0,1,1,4.44534318386091e-43
"Regulation of lipolysis in adipocytes13","Regulation of lipolysis in adipocytes","MMEB9_C2",0,0,0,1,1,5.85599020294465e-47
"Cholinergic synapse13","Cholinergic synapse","MMEB9_C2",0,0,0,1,1,1.73702154793405e-42
"Osteoclast differentiation13","Osteoclast differentiation","MMEB9_C2",0,0,0,1,1,1.06079024217518e-43
"Pentose phosphate pathway13","Pentose phosphate pathway","MMEB9_C2",0,0,0,1,1,5.27308395289541e-50
"beta-Alanine metabolism13","beta-Alanine metabolism","MMEB9_C2",0,0,0,1,1,3.00063399239655e-49
"PPAR signaling pathway13","PPAR signaling pathway","MMEB9_C2",0,0,0,1,1,1.73790781774047e-46
"Folate biosynthesis13","Folate biosynthesis","MMEB9_C2",0,0,0,1,1,1.92347030847485e-49
"Influenza A13","Influenza A","MMEB9_C2",0,0,0,1,1,3.02576068711931e-43
"Th17 cell differentiation13","Th17 cell differentiation","MMEB9_C2",0,0,0,1,1,5.43741724440755e-46
"Cardiac muscle contraction13","Cardiac muscle contraction","MMEB9_C2",0,0,0,1,1,2.99441860075315e-44
"Nicotinate and nicotinamide metabolism13","Nicotinate and nicotinamide metabolism","MMEB9_C2",0,0,0,1,1,1.3614357080818e-49
"Aldosterone-regulated sodium reabsorption13","Aldosterone-regulated sodium reabsorption","MMEB9_C2",0,0,0,1,1,1.03788829892216e-48
"Neutrophil extracellular trap formation13","Neutrophil extracellular trap formation","MMEB9_C2",0,0,0,1,1,1.70443464495935e-44
"Th1 and Th2 cell differentiation13","Th1 and Th2 cell differentiation","MMEB9_C2",0,0,0,1,1,2.48123703307985e-47
"NOD-like receptor signaling pathway13","NOD-like receptor signaling pathway","MMEB9_C2",1,0,1,0.223130841121495,1,1.99716014945617e-42
"Cortisol synthesis and secretion13","Cortisol synthesis and secretion","MMEB9_C2",0,0,0,1,1,4.7928209516854e-45
"GnRH secretion13","GnRH secretion","MMEB9_C2",0,0,0,1,1,1.58019624549119e-46
"Vascular smooth muscle contraction13","Vascular smooth muscle contraction","MMEB9_C2",1,0,1,0.268691588785047,1,9.57919413774494e-42
"Estrogen signaling pathway13","Estrogen signaling pathway","MMEB9_C2",1,0,1,0.200934579439252,1,3.17884253621765e-43
"RIG-I-like receptor signaling pathway13","RIG-I-like receptor signaling pathway","MMEB9_C2",0,0,0,1,1,6.86835846483889e-49
"Amoebiasis13","Amoebiasis","MMEB9_C2",0,0,0,1,1,7.4937084788021e-42
"ECM-receptor interaction13","ECM-receptor interaction","MMEB9_C2",0,0,0,1,1,1.07183530260961e-41
"Renin secretion13","Renin secretion","MMEB9_C2",0,0,0,1,1,2.39229646690458e-45
"Collecting duct acid secretion13","Collecting duct acid secretion","MMEB9_C2",0,0,0,1,1,3.04682969718437e-50
"Viral myocarditis13","Viral myocarditis","MMEB9_C2",0,0,0,1,1,6.37280119064352e-48
"B cell receptor signaling pathway13","B cell receptor signaling pathway","MMEB9_C2",0,0,0,1,1,1.21928599603568e-47
"Glutamatergic synapse13","Glutamatergic synapse","MMEB9_C2",0,0,0,1,1,5.46978763926836e-44
"Cytosolic DNA-sensing pathway13","Cytosolic DNA-sensing pathway","MMEB9_C2",0,0,0,1,1,2.69499763241418e-47
"Glycosphingolipid biosynthesis - globo and isoglobo series13","Glycosphingolipid biosynthesis - globo and isoglobo series","MMEB9_C2",0,0,0,1,1,2.72616662044998e-51
"Galactose metabolism13","Galactose metabolism","MMEB9_C2",0,0,0,1,1,8.39451131449389e-50
"Arginine biosynthesis13","Arginine biosynthesis","MMEB9_C2",0,0,0,1,1,1.44051247736787e-51
"Toll-like receptor signaling pathway13","Toll-like receptor signaling pathway","MMEB9_C2",0,0,0,1,1,9.15295460268237e-48
"Thiamine metabolism13","Thiamine metabolism","MMEB9_C2",0,0,0,1,1,6.31233979005658e-51
"Circadian entrainment13","Circadian entrainment","MMEB9_C2",0,0,0,1,1,1.2259214714192e-43
"Morphine addiction13","Morphine addiction","MMEB9_C2",0,0,0,1,1,1.77801789942543e-44
"Ether lipid metabolism13","Ether lipid metabolism","MMEB9_C2",0,0,0,1,1,1.50441370729063e-48
"Ribosome biogenesis in eukaryotes13","Ribosome biogenesis in eukaryotes","MMEB9_C2",0,0,0,1,1,4.3781213785579e-46
"Synaptic vesicle cycle13","Synaptic vesicle cycle","MMEB9_C2",0,0,0,1,1,1.77633009650462e-47
"Tryptophan metabolism13","Tryptophan metabolism","MMEB9_C2",0,0,0,1,1,1.34671920425496e-49
"Proximal tubule bicarbonate reclamation13","Proximal tubule bicarbonate reclamation","MMEB9_C2",0,0,0,1,1,4.05813869614348e-50
"Chemical carcinogenesis - receptor activation13","Chemical carcinogenesis - receptor activation","MMEB9_C2",0,0,0,1,1,9.99308623233209e-41
"Leishmaniasis13","Leishmaniasis","MMEB9_C2",0,0,0,1,1,5.42105631861024e-49
"Glycosphingolipid biosynthesis - lacto and neolacto series13","Glycosphingolipid biosynthesis - lacto and neolacto series","MMEB9_C2",0,0,0,1,1,5.29777658995813e-51
"Amphetamine addiction13","Amphetamine addiction","MMEB9_C2",0,0,0,1,1,2.54013752955542e-47
"Thyroid hormone synthesis13","Thyroid hormone synthesis","MMEB9_C2",0,0,0,1,1,9.38668885219662e-46
"Butanoate metabolism13","Butanoate metabolism","MMEB9_C2",0,0,0,1,1,3.00036410659518e-51
"ABC transporters13","ABC transporters","MMEB9_C2",0,0,0,1,1,2.50101987501861e-48
"Antigen processing and presentation13","Antigen processing and presentation","MMEB9_C2",0,0,0,1,1,3.04682969718437e-50
"Ovarian steroidogenesis13","Ovarian steroidogenesis","MMEB9_C2",0,0,0,1,1,1.00907432337274e-49
"Rheumatoid arthritis13","Rheumatoid arthritis","MMEB9_C2",0,0,0,1,1,2.26491597873109e-46
"IL-17 signaling pathway13","IL-17 signaling pathway","MMEB9_C2",0,0,0,1,1,3.08313843610607e-48
"Renin-angiotensin system13","Renin-angiotensin system","MMEB9_C2",0,0,0,1,1,9.08817167893196e-51
"Nitrogen metabolism13","Nitrogen metabolism","MMEB9_C2",0,0,0,1,1,3.11406622372435e-51
"Tuberculosis13","Tuberculosis","MMEB9_C2",0,0,0,1,1,1.82807771528358e-42
"Drug metabolism - other enzymes13","Drug metabolism - other enzymes","MMEB9_C2",0,0,0,1,1,1.17393718679241e-48
"Glycolysis / Gluconeogenesis13","Glycolysis / Gluconeogenesis","MMEB9_C2",0,0,0,1,1,1.44567454338344e-46
"Gastric acid secretion13","Gastric acid secretion","MMEB9_C2",0,0,0,1,1,2.45876788182193e-45
"Cholesterol metabolism13","Cholesterol metabolism","MMEB9_C2",0,0,0,1,1,1.49524216446142e-49
"African trypanosomiasis13","African trypanosomiasis","MMEB9_C2",0,0,0,1,1,8.44957087520312e-49
"GABAergic synapse13","GABAergic synapse","MMEB9_C2",0,0,0,1,1,1.10213406132445e-46
"Chemokine signaling pathway13","Chemokine signaling pathway","MMEB9_C2",1,0,1,0.287383177570093,1,6.59042788119528e-41
"Insulin secretion13","Insulin secretion","MMEB9_C2",0,0,0,1,1,5.88129239508118e-44
"Cocaine addiction13","Cocaine addiction","MMEB9_C2",0,0,0,1,1,4.4757179216137e-49
"Mineral absorption13","Mineral absorption","MMEB9_C2",0,0,0,1,1,4.69805500698042e-48
"Histidine metabolism13","Histidine metabolism","MMEB9_C2",0,0,0,1,1,6.87101798986786e-51
"Vitamin digestion and absorption13","Vitamin digestion and absorption","MMEB9_C2",0,0,0,1,1,8.87715390252563e-51
"Systemic lupus erythematosus13","Systemic lupus erythematosus","MMEB9_C2",0,0,0,1,1,7.38568381072165e-49
"Phenylalanine metabolism13","Phenylalanine metabolism","MMEB9_C2",0,0,0,1,1,2.85653380790707e-51
"Taurine and hypotaurine metabolism13","Taurine and hypotaurine metabolism","MMEB9_C2",0,0,0,1,1,1.64271530195815e-51
"Starch and sucrose metabolism13","Starch and sucrose metabolism","MMEB9_C2",0,0,0,1,1,9.02218301065413e-50
"cAMP signaling pathway13","cAMP signaling pathway","MMEB9_C2",0,0,0,1,1,4.09336048560361e-39
"Protein digestion and absorption13","Protein digestion and absorption","MMEB9_C2",1,0,1,0.224299065420561,1,9.62912985565531e-43
"Primary bile acid biosynthesis13","Primary bile acid biosynthesis","MMEB9_C2",0,0,0,1,1,8.87715390252563e-51
"Calcium signaling pathway13","Calcium signaling pathway","MMEB9_C2",0,0,0,1,1,1.45183005247768e-34
"Porphyrin metabolism13","Porphyrin metabolism","MMEB9_C2",0,0,0,1,1,4.55212976535734e-49
"Malaria13","Malaria","MMEB9_C2",0,0,0,1,1,7.81643343915134e-48
"alpha-Linolenic acid metabolism13","alpha-Linolenic acid metabolism","MMEB9_C2",0,0,0,1,1,4.31352543049125e-51
"Cell adhesion molecules13","Cell adhesion molecules","MMEB9_C2",0,0,0,1,1,1.7595124752645e-43
"Carbohydrate digestion and absorption13","Carbohydrate digestion and absorption","MMEB9_C2",0,0,0,1,1,5.38268249316199e-48
"Serotonergic synapse13","Serotonergic synapse","MMEB9_C2",0,0,0,1,1,4.03650087254875e-44
"JAK-STAT signaling pathway13","JAK-STAT signaling pathway","MMEB9_C2",0,0,0,1,1,2.82199114307498e-42
"Type I diabetes mellitus13","Type I diabetes mellitus","MMEB9_C2",0,0,0,1,1,1.84293000397651e-51
"Arachidonic acid metabolism13","Arachidonic acid metabolism","MMEB9_C2",0,0,0,1,1,1.32613511140637e-49
"Salivary secretion13","Salivary secretion","MMEB9_C2",0,0,0,1,1,1.46502712378668e-45
"Inflammatory bowel disease13","Inflammatory bowel disease","MMEB9_C2",0,0,0,1,1,1.32482946096092e-48
"Natural killer cell mediated cytotoxicity13","Natural killer cell mediated cytotoxicity","MMEB9_C2",0,0,0,1,1,1.96504157662993e-46
"Tyrosine metabolism13","Tyrosine metabolism","MMEB9_C2",0,0,0,1,1,6.87101798986786e-51
"Allograft rejection13","Allograft rejection","MMEB9_C2",0,0,0,1,1,9.90689566344594e-52
"Phototransduction13","Phototransduction","MMEB9_C2",0,0,0,1,1,1.78487736779933e-51
"Primary immunodeficiency13","Primary immunodeficiency","MMEB9_C2",0,0,0,1,1,2.52110041415294e-50
"Linoleic acid metabolism13","Linoleic acid metabolism","MMEB9_C2",0,0,0,1,1,1.44051247736787e-51
"Pentose and glucuronate interconversions13","Pentose and glucuronate interconversions","MMEB9_C2",0,0,0,1,1,8.31691285541508e-51
"Graft-versus-host disease13","Graft-versus-host disease","MMEB9_C2",0,0,0,1,1,9.90689566344594e-52
"Intestinal immune network for IgA production13","Intestinal immune network for IgA production","MMEB9_C2",0,0,0,1,1,1.96136097193605e-50
"Pancreatic secretion13","Pancreatic secretion","MMEB9_C2",0,0,0,1,1,9.14614058543557e-46
"Complement and coagulation cascades13","Complement and coagulation cascades","MMEB9_C2",0,0,0,1,1,9.7003480097755e-47
"Fat digestion and absorption13","Fat digestion and absorption","MMEB9_C2",0,0,0,1,1,2.96136065419571e-50
"Ascorbate and aldarate metabolism13","Ascorbate and aldarate metabolism","MMEB9_C2",0,0,0,1,1,5.53110213641992e-51
"MicroRNAs in cancer13","MicroRNAs in cancer","MMEB9_C2",0,0,0,1,1,6.87638142752534e-38
"Asthma13","Asthma","MMEB9_C2",0,0,0,1,1,5.53150056214055e-52
"Maturity onset diabetes of the young13","Maturity onset diabetes of the young","MMEB9_C2",0,0,0,1,1,9.90689566344594e-52
"Chemical carcinogenesis - DNA adducts13","Chemical carcinogenesis - DNA adducts","MMEB9_C2",0,0,0,1,1,7.07084047702872e-51
"Bile secretion13","Bile secretion","MMEB9_C2",0,0,0,1,1,6.41020217068731e-47
"Metabolism of xenobiotics by cytochrome P45013","Metabolism of xenobiotics by cytochrome P450","MMEB9_C2",0,0,0,1,1,1.92347030847485e-49
"Nicotine addiction13","Nicotine addiction","MMEB9_C2",0,0,0,1,1,2.57675313081256e-51
"Hematopoietic cell lineage13","Hematopoietic cell lineage","MMEB9_C2",0,0,0,1,1,7.54112729345532e-47
"Taste transduction13","Taste transduction","MMEB9_C2",0,0,0,1,1,1.55080020336468e-47
"Drug metabolism - cytochrome P45013","Drug metabolism - cytochrome P450","MMEB9_C2",0,0,0,1,1,1.96136097193605e-50
"Autoimmune thyroid disease13","Autoimmune thyroid disease","MMEB9_C2",0,0,0,1,1,5.53150056214055e-52
"Steroid hormone biosynthesis13","Steroid hormone biosynthesis","MMEB9_C2",0,0,0,1,1,3.7177399137587e-51
"Retinol metabolism13","Retinol metabolism","MMEB9_C2",0,0,0,1,1,2.52110041415294e-50
"Viral protein interaction with cytokine and cytokine receptor13","Viral protein interaction with cytokine and cytokine receptor","MMEB9_C2",0,0,0,1,1,3.24373037857158e-47
"Staphylococcus aureus infection13","Staphylococcus aureus infection","MMEB9_C2",0,0,0,1,1,4.56295865488427e-50
"Cytokine-cytokine receptor interaction13","Cytokine-cytokine receptor interaction","MMEB9_C2",0,0,0,1,1,4.43691008195544e-39
"Neuroactive ligand-receptor interaction13","Neuroactive ligand-receptor interaction","MMEB9_C2",0,0,0,1,1,4.37535663810401e-40
"Olfactory transduction13","Olfactory transduction","MMEB9_C2",0,0,0,1,1,1.03788829892216e-48
"Herpes simplex virus 1 infection14","Herpes simplex virus 1 infection","MMEB9_C3",1,1,0,1,1,8.73490559977414e-34
"Cell cycle14","Cell cycle","MMEB9_C3",0,0,0,1,1,1.33570693893255e-40
"Endocytosis14","Endocytosis","MMEB9_C3",0,0,0,1,1,2.19576162894085e-37
"Ribosome14","Ribosome","MMEB9_C3",0,0,0,1,1,7.0533151500082e-45
"Autophagy - animal14","Autophagy - animal","MMEB9_C3",0,0,0,1,1,2.66958374869718e-40
"Protein processing in endoplasmic reticulum14","Protein processing in endoplasmic reticulum","MMEB9_C3",0,0,0,1,1,1.09871650825328e-41
"Huntington disease14","Huntington disease","MMEB9_C3",1,0,1,0.369033760186263,1,2.35334225745718e-37
"Ubiquitin mediated proteolysis14","Ubiquitin mediated proteolysis","MMEB9_C3",0,0,0,1,1,1.16743481191094e-41
"Shigellosis14","Shigellosis","MMEB9_C3",1,0,1,0.423748544819558,1,3.0743442223913e-36
"Thermogenesis14","Thermogenesis","MMEB9_C3",1,0,1,0.320139697322468,1,3.30798288589677e-39
"Mitophagy - animal14","Mitophagy - animal","MMEB9_C3",0,0,0,1,1,1.17302531663743e-44
"Parkinson disease14","Parkinson disease","MMEB9_C3",1,0,1,0.327124563445867,1,4.25551672080493e-39
"Amyotrophic lateral sclerosis14","Amyotrophic lateral sclerosis","MMEB9_C3",1,0,1,0.39580908032596,1,4.15158538374779e-37
"Cellular senescence14","Cellular senescence","MMEB9_C3",0,0,0,1,1,2.12742989369865e-41
"Chemical carcinogenesis - reactive oxygen species14","Chemical carcinogenesis - reactive oxygen species","MMEB9_C3",1,0,1,0.282887077997672,1,8.23956028477495e-42
"Colorectal cancer14","Colorectal cancer","MMEB9_C3",0,0,0,1,1,1.72043751197788e-43
"Salmonella infection14","Salmonella infection","MMEB9_C3",0,0,0,1,1,5.69327489302458e-38
"ATP-dependent chromatin remodeling14","ATP-dependent chromatin remodeling","MMEB9_C3",0,0,0,1,1,4.19137620297067e-44
"Diabetic cardiomyopathy14","Diabetic cardiomyopathy","MMEB9_C3",1,0,1,0.29918509895227,1,8.63488634374255e-41
"Spliceosome14","Spliceosome","MMEB9_C3",0,0,0,1,1,1.29566192335578e-45
"Viral carcinogenesis14","Viral carcinogenesis","MMEB9_C3",0,0,0,1,1,1.52989851702103e-40
"Pathways of neurodegeneration - multiple diseases14","Pathways of neurodegeneration - multiple diseases","MMEB9_C3",1,1,0,1,1,2.33009811107196e-32
"Pancreatic cancer14","Pancreatic cancer","MMEB9_C3",0,0,0,1,1,2.78345920542654e-43
"Chronic myeloid leukemia14","Chronic myeloid leukemia","MMEB9_C3",0,0,0,1,1,9.84761951820185e-45
"Polycomb repressive complex14","Polycomb repressive complex","MMEB9_C3",0,0,0,1,1,2.47611974946817e-46
"Alzheimer disease14","Alzheimer disease","MMEB9_C3",1,0,1,0.465657741559953,1,3.94746746584058e-34
"Non-alcoholic fatty liver disease14","Non-alcoholic fatty liver disease","MMEB9_C3",1,0,1,0.224679860302678,1,7.45303455814173e-43
"Nucleocytoplasmic transport14","Nucleocytoplasmic transport","MMEB9_C3",0,0,0,1,1,4.34937965205741e-46
"Human T-cell leukemia virus 1 infection14","Human T-cell leukemia virus 1 infection","MMEB9_C3",0,0,0,1,1,2.41152306695522e-37
"Nucleotide excision repair14","Nucleotide excision repair","MMEB9_C3",0,0,0,1,1,2.83220748092367e-47
"Oxidative phosphorylation14","Oxidative phosphorylation","MMEB9_C3",1,0,1,0.143189755529686,1,1.01494054047767e-45
"Renal cell carcinoma14","Renal cell carcinoma","MMEB9_C3",0,0,0,1,1,5.65002968326205e-45
"Axon guidance14","Axon guidance","MMEB9_C3",1,0,1,0.370197904540163,1,2.69391230979441e-38
"Endometrial cancer14","Endometrial cancer","MMEB9_C3",0,0,0,1,1,1.7593816448712e-46
"mRNA surveillance pathway14","mRNA surveillance pathway","MMEB9_C3",0,0,0,1,1,7.73390673744772e-46
"Focal adhesion14","Focal adhesion","MMEB9_C3",0,0,0,1,1,9.83746262341623e-38
"Adherens junction14","Adherens junction","MMEB9_C3",0,0,0,1,1,9.68691011531781e-43
"Prion disease14","Prion disease","MMEB9_C3",1,0,1,0.321303841676368,1,1.75587636563379e-39
"Lysosome14","Lysosome","MMEB9_C3",0,0,0,1,1,6.244443265459e-43
"MAPK signaling pathway14","MAPK signaling pathway","MMEB9_C3",1,1,0,1,1,1.58968891715971e-33
"Sphingolipid signaling pathway14","Sphingolipid signaling pathway","MMEB9_C3",0,0,0,1,1,9.03167479119233e-45
"Fanconi anemia pathway14","Fanconi anemia pathway","MMEB9_C3",0,0,0,1,1,1.20484391166284e-47
"Neurotrophin signaling pathway14","Neurotrophin signaling pathway","MMEB9_C3",0,0,0,1,1,9.33310954229371e-45
"Phosphatidylinositol signaling system14","Phosphatidylinositol signaling system","MMEB9_C3",0,0,0,1,1,6.64430470974939e-44
"Prostate cancer14","Prostate cancer","MMEB9_C3",0,0,0,1,1,2.88911650713263e-43
"Aminoacyl-tRNA biosynthesis14","Aminoacyl-tRNA biosynthesis","MMEB9_C3",0,0,0,1,1,4.3654378863904e-48
"Base excision repair14","Base excision repair","MMEB9_C3",0,0,0,1,1,2.75827079866415e-49
"p53 signaling pathway14","p53 signaling pathway","MMEB9_C3",0,0,0,1,1,3.19739913924164e-45
"EGFR tyrosine kinase inhibitor resistance14","EGFR tyrosine kinase inhibitor resistance","MMEB9_C3",0,0,0,1,1,1.32701309171848e-44
"Small cell lung cancer14","Small cell lung cancer","MMEB9_C3",0,0,0,1,1,4.78780358755475e-45
"RNA degradation14","RNA degradation","MMEB9_C3",0,0,0,1,1,7.49531371518944e-48
"mTOR signaling pathway14","mTOR signaling pathway","MMEB9_C3",0,0,0,1,1,5.8783897806772e-41
"Endocrine resistance14","Endocrine resistance","MMEB9_C3",0,0,0,1,1,3.67251324858301e-43
"Lysine degradation14","Lysine degradation","MMEB9_C3",0,0,0,1,1,3.36882708409678e-47
"Viral life cycle - HIV-114","Viral life cycle - HIV-1","MMEB9_C3",0,0,0,1,1,1.14754654766905e-47
"Longevity regulating pathway14","Longevity regulating pathway","MMEB9_C3",0,0,0,1,1,3.22818527431548e-45
"Insulin resistance14","Insulin resistance","MMEB9_C3",0,0,0,1,1,1.95958515282233e-43
"Inositol phosphate metabolism14","Inositol phosphate metabolism","MMEB9_C3",0,0,0,1,1,2.09136357388977e-46
"Platinum drug resistance14","Platinum drug resistance","MMEB9_C3",0,0,0,1,1,3.50985555421017e-45
"Bacterial invasion of epithelial cells14","Bacterial invasion of epithelial cells","MMEB9_C3",1,0,1,0.180442374854482,1,3.31595448337925e-45
"Hepatocellular carcinoma14","Hepatocellular carcinoma","MMEB9_C3",0,0,0,1,1,3.55315201964048e-38
"Insulin signaling pathway14","Insulin signaling pathway","MMEB9_C3",0,0,0,1,1,1.09478734043083e-42
"Human cytomegalovirus infection14","Human cytomegalovirus infection","MMEB9_C3",0,0,0,1,1,1.78637088486841e-37
"Human papillomavirus infection14","Human papillomavirus infection","MMEB9_C3",0,1,-1,0.60419091967404,1,6.63784895721309e-35
"Proteoglycans in cancer14","Proteoglycans in cancer","MMEB9_C3",1,0,1,0.40512223515716,1,4.94777253050491e-37
"TGF-beta signaling pathway14","TGF-beta signaling pathway","MMEB9_C3",0,0,0,1,1,1.2119946028643e-41
"RNA polymerase14","RNA polymerase","MMEB9_C3",0,0,0,1,1,1.76937302183929e-48
"FoxO signaling pathway14","FoxO signaling pathway","MMEB9_C3",0,0,0,1,1,1.75442267524538e-42
"AGE-RAGE signaling pathway in diabetic complications14","AGE-RAGE signaling pathway in diabetic complications","MMEB9_C3",0,0,0,1,1,2.8170012825714e-43
"Hepatitis B14","Hepatitis B","MMEB9_C3",0,0,0,1,1,3.40148476298601e-40
"Longevity regulating pathway - multiple species14","Longevity regulating pathway - multiple species","MMEB9_C3",0,0,0,1,1,1.54779637824573e-46
"Yersinia infection14","Yersinia infection","MMEB9_C3",0,0,0,1,1,1.37945400624719e-42
"N-Glycan biosynthesis14","N-Glycan biosynthesis","MMEB9_C3",0,0,0,1,1,9.94542866443145e-48
"Non-small cell lung cancer14","Non-small cell lung cancer","MMEB9_C3",0,0,0,1,1,4.70170150802093e-45
"Rap1 signaling pathway14","Rap1 signaling pathway","MMEB9_C3",0,0,0,1,1,3.378293978306e-36
"Choline metabolism in cancer14","Choline metabolism in cancer","MMEB9_C3",1,0,1,0.175785797438882,1,2.48713836941885e-44
"TNF signaling pathway14","TNF signaling pathway","MMEB9_C3",0,0,0,1,1,1.01328639295159e-41
"Glioma14","Glioma","MMEB9_C3",0,0,0,1,1,3.31595448337925e-45
"Human immunodeficiency virus 1 infection14","Human immunodeficiency virus 1 infection","MMEB9_C3",0,0,0,1,1,3.38073753868384e-41
"Apoptosis14","Apoptosis","MMEB9_C3",0,0,0,1,1,1.72773749568478e-42
"AMPK signaling pathway14","AMPK signaling pathway","MMEB9_C3",0,0,0,1,1,7.410399931951e-43
"Fatty acid metabolism14","Fatty acid metabolism","MMEB9_C3",0,0,0,1,1,9.4678277309749e-48
"DNA replication14","DNA replication","MMEB9_C3",0,0,0,1,1,1.03178190377824e-49
"Pathogenic Escherichia coli infection14","Pathogenic Escherichia coli infection","MMEB9_C3",1,0,1,0.315483119906868,1,3.77444864701119e-40
"PD-L1 expression and PD-1 checkpoint pathway in cancer14","PD-L1 expression and PD-1 checkpoint pathway in cancer","MMEB9_C3",0,0,0,1,1,1.06820257264715e-44
"Hippo signaling pathway14","Hippo signaling pathway","MMEB9_C3",0,0,0,1,1,6.95659231618897e-40
"Valine, leucine and isoleucine degradation14","Valine, leucine and isoleucine degradation","MMEB9_C3",1,0,1,0.0756693830034924,1,1.01911693073343e-48
"Peroxisome14","Peroxisome","MMEB9_C3",0,0,0,1,1,2.64704224638409e-46
"Homologous recombination14","Homologous recombination","MMEB9_C3",0,0,0,1,1,9.09258214922009e-50
"Bladder cancer14","Bladder cancer","MMEB9_C3",0,0,0,1,1,2.23254642604682e-46
"Fluid shear stress and atherosclerosis14","Fluid shear stress and atherosclerosis","MMEB9_C3",0,0,0,1,1,1.49480231441997e-42
"SNARE interactions in vesicular transport14","SNARE interactions in vesicular transport","MMEB9_C3",0,0,0,1,1,7.63254777863892e-50
"Autophagy - other14","Autophagy - other","MMEB9_C3",0,0,0,1,1,5.50599087361723e-49
"Proteasome14","Proteasome","MMEB9_C3",0,0,0,1,1,4.13531466744804e-50
"Protein export14","Protein export","MMEB9_C3",0,0,0,1,1,6.40813570003147e-50
"Thyroid hormone signaling pathway14","Thyroid hormone signaling pathway","MMEB9_C3",0,0,0,1,1,6.46221463863784e-43
"Amino sugar and nucleotide sugar metabolism14","Amino sugar and nucleotide sugar metabolism","MMEB9_C3",1,0,1,0.0908032596041909,1,4.39447179549094e-48
"Nucleotide metabolism14","Nucleotide metabolism","MMEB9_C3",0,0,0,1,1,1.49518805295541e-46
"ErbB signaling pathway14","ErbB signaling pathway","MMEB9_C3",0,0,0,1,1,6.50037819458933e-45
"Thyroid cancer14","Thyroid cancer","MMEB9_C3",0,0,0,1,1,5.14078304432501e-49
"Various types of N-glycan biosynthesis14","Various types of N-glycan biosynthesis","MMEB9_C3",0,0,0,1,1,4.25711629573592e-49
"Spinocerebellar ataxia14","Spinocerebellar ataxia","MMEB9_C3",0,0,0,1,1,4.22962651433925e-44
"Basal transcription factors14","Basal transcription factors","MMEB9_C3",0,0,0,1,1,3.07555554866747e-50
"Regulation of actin cytoskeleton14","Regulation of actin cytoskeleton","MMEB9_C3",0,0,0,1,1,1.08296858023824e-37
"Melanoma14","Melanoma","MMEB9_C3",0,0,0,1,1,7.19386234614622e-45
"Tight junction14","Tight junction","MMEB9_C3",1,0,1,0.291036088474971,1,1.09980569313945e-40
"Apoptosis - multiple species14","Apoptosis - multiple species","MMEB9_C3",0,0,0,1,1,2.40263869275312e-48
"Glycosylphosphatidylinositol (GPI)-anchor biosynthesis14","Glycosylphosphatidylinositol (GPI)-anchor biosynthesis","MMEB9_C3",0,0,0,1,1,9.19402534679838e-51
"Biosynthesis of nucleotide sugars14","Biosynthesis of nucleotide sugars","MMEB9_C3",1,0,1,0.0675203725261933,1,3.18494385202516e-49
"Epithelial cell signaling in Helicobacter pylori infection14","Epithelial cell signaling in Helicobacter pylori infection","MMEB9_C3",0,0,0,1,1,7.56534465123329e-47
"Epstein-Barr virus infection14","Epstein-Barr virus infection","MMEB9_C3",0,0,0,1,1,1.1814456367262e-39
"Selenocompound metabolism14","Selenocompound metabolism","MMEB9_C3",0,0,0,1,1,3.03758356827142e-50
"Other types of O-glycan biosynthesis14","Other types of O-glycan biosynthesis","MMEB9_C3",0,0,0,1,1,7.77488351413201e-49
"Notch signaling pathway14","Notch signaling pathway","MMEB9_C3",0,0,0,1,1,7.06107114179835e-47
"Fc gamma R-mediated phagocytosis14","Fc gamma R-mediated phagocytosis","MMEB9_C3",1,0,1,0.188591385331781,1,2.91891337090214e-44
"Citrate cycle (TCA cycle)14","Citrate cycle (TCA cycle)","MMEB9_C3",0,0,0,1,1,6.40813570003147e-50
"Apelin signaling pathway14","Apelin signaling pathway","MMEB9_C3",0,0,0,1,1,1.60575817463624e-41
"Mismatch repair14","Mismatch repair","MMEB9_C3",0,0,0,1,1,1.29128620619904e-50
"Carbon metabolism14","Carbon metabolism","MMEB9_C3",0,0,0,1,1,5.20407655311246e-45
"Hedgehog signaling pathway14","Hedgehog signaling pathway","MMEB9_C3",0,0,0,1,1,4.55202167476867e-45
"Chagas disease14","Chagas disease","MMEB9_C3",0,0,0,1,1,9.24829952500642e-44
"Growth hormone synthesis, secretion and action14","Growth hormone synthesis, secretion and action","MMEB9_C3",0,0,0,1,1,1.72458994932527e-42
"Kaposi sarcoma-associated herpesvirus infection14","Kaposi sarcoma-associated herpesvirus infection","MMEB9_C3",0,0,0,1,1,3.7179327087851e-40
"Hippo signaling pathway - multiple species14","Hippo signaling pathway - multiple species","MMEB9_C3",0,0,0,1,1,2.97111779496782e-47
"VEGF signaling pathway14","VEGF signaling pathway","MMEB9_C3",1,0,1,0.0733410942956927,1,6.83549848305355e-49
"Gap junction14","Gap junction","MMEB9_C3",0,0,0,1,1,4.30601584167208e-44
"Vasopressin-regulated water reabsorption14","Vasopressin-regulated water reabsorption","MMEB9_C3",0,0,0,1,1,3.45047018913855e-48
"Progesterone-mediated oocyte maturation14","Progesterone-mediated oocyte maturation","MMEB9_C3",0,0,0,1,1,1.68595268766111e-45
"Glycosaminoglycan biosynthesis - chondroitin sulfate / dermatan sulfate14","Glycosaminoglycan biosynthesis - chondroitin sulfate / dermatan sulfate","MMEB9_C3",0,0,0,1,1,3.3996938201387e-50
"T cell receptor signaling pathway14","T cell receptor signaling pathway","MMEB9_C3",0,0,0,1,1,2.23090593811534e-44
"Oocyte meiosis14","Oocyte meiosis","MMEB9_C3",0,0,0,1,1,2.28038550501958e-44
"Phospholipase D signaling pathway14","Phospholipase D signaling pathway","MMEB9_C3",1,0,1,0.274738067520373,1,3.9991036778604e-41
"Acute myeloid leukemia14","Acute myeloid leukemia","MMEB9_C3",0,0,0,1,1,5.39462121945641e-46
"One carbon pool by folate14","One carbon pool by folate","MMEB9_C3",0,0,0,1,1,1.33266601522845e-50
"Propanoate metabolism14","Propanoate metabolism","MMEB9_C3",1,0,1,0.0372526193247963,1,1.29128620619904e-50
"Wnt signaling pathway14","Wnt signaling pathway","MMEB9_C3",0,0,0,1,1,8.08481932340314e-40
"Breast cancer14","Breast cancer","MMEB9_C3",0,0,0,1,1,2.05406088432634e-40
"Adipocytokine signaling pathway14","Adipocytokine signaling pathway","MMEB9_C3",0,0,0,1,1,2.36572807278454e-46
"Central carbon metabolism in cancer14","Central carbon metabolism in cancer","MMEB9_C3",0,0,0,1,1,3.34835111663627e-45
"Glyoxylate and dicarboxylate metabolism14","Glyoxylate and dicarboxylate metabolism","MMEB9_C3",0,0,0,1,1,3.3996938201387e-50
"Relaxin signaling pathway14","Relaxin signaling pathway","MMEB9_C3",0,0,0,1,1,1.34564972931205e-42
"Ferroptosis14","Ferroptosis","MMEB9_C3",0,0,0,1,1,3.7694475188515e-49
"Sphingolipid metabolism14","Sphingolipid metabolism","MMEB9_C3",0,0,0,1,1,2.64861474843348e-49
"Toxoplasmosis14","Toxoplasmosis","MMEB9_C3",0,0,0,1,1,4.34229889112055e-45
"Ras signaling pathway14","Ras signaling pathway","MMEB9_C3",1,0,1,0.383003492433062,1,5.68101984037609e-37
"Pyrimidine metabolism14","Pyrimidine metabolism","MMEB9_C3",0,0,0,1,1,1.01995273361511e-48
"GnRH signaling pathway14","GnRH signaling pathway","MMEB9_C3",1,0,1,0.187427240977881,1,6.65651292840671e-44
"Coronavirus disease - COVID-1914","Coronavirus disease - COVID-19","MMEB9_C3",0,0,0,1,1,1.30344921385508e-40
"Mannose type O-glycan biosynthesis14","Mannose type O-glycan biosynthesis","MMEB9_C3",0,0,0,1,1,3.83481937658742e-51
"Terpenoid backbone biosynthesis14","Terpenoid backbone biosynthesis","MMEB9_C3",0,0,0,1,1,1.0596704032758e-50
"Cysteine and methionine metabolism14","Cysteine and methionine metabolism","MMEB9_C3",0,0,0,1,1,2.87346570797713e-47
"Circadian rhythm14","Circadian rhythm","MMEB9_C3",0,0,0,1,1,3.83913695726333e-50
"Fatty acid elongation14","Fatty acid elongation","MMEB9_C3",0,0,0,1,1,1.47432416932593e-50
"Biosynthesis of unsaturated fatty acids14","Biosynthesis of unsaturated fatty acids","MMEB9_C3",0,0,0,1,1,1.73275260505621e-49
"Inflammatory mediator regulation of TRP channels14","Inflammatory mediator regulation of TRP channels","MMEB9_C3",1,0,1,0.20372526193248,1,9.10445025925058e-44
"Parathyroid hormone synthesis, secretion and action14","Parathyroid hormone synthesis, secretion and action","MMEB9_C3",0,0,0,1,1,1.00185068180525e-41
"Sulfur metabolism14","Sulfur metabolism","MMEB9_C3",0,0,0,1,1,1.13869914686587e-50
"Vibrio cholerae infection14","Vibrio cholerae infection","MMEB9_C3",0,0,0,1,1,2.03138165648152e-48
"Signaling pathways regulating pluripotency of stem cells14","Signaling pathways regulating pluripotency of stem cells","MMEB9_C3",0,0,0,1,1,1.37930341402315e-41
"HIF-1 signaling pathway14","HIF-1 signaling pathway","MMEB9_C3",0,0,0,1,1,3.17731587254004e-43
"Purine metabolism14","Purine metabolism","MMEB9_C3",0,0,0,1,1,1.91109337444238e-44
"Fatty acid degradation14","Fatty acid degradation","MMEB9_C3",0,0,0,1,1,1.21350857922335e-49
"Glutathione metabolism14","Glutathione metabolism","MMEB9_C3",0,0,0,1,1,8.23806607848397e-49
"Transcriptional misregulation in cancer14","Transcriptional misregulation in cancer","MMEB9_C3",0,0,0,1,1,4.03159057934919e-39
"2-Oxocarboxylic acid metabolism14","2-Oxocarboxylic acid metabolism","MMEB9_C3",0,0,0,1,1,3.17019437296581e-50
"Adrenergic signaling in cardiomyocytes14","Adrenergic signaling in cardiomyocytes","MMEB9_C3",0,0,0,1,1,1.77345579104163e-40
"Gastric cancer14","Gastric cancer","MMEB9_C3",0,0,0,1,1,2.60923410618499e-40
"Long-term potentiation14","Long-term potentiation","MMEB9_C3",0,0,0,1,1,1.6266592672462e-46
"Motor proteins14","Motor proteins","MMEB9_C3",0,0,0,1,1,7.21339314818956e-39
"Biosynthesis of amino acids14","Biosynthesis of amino acids","MMEB9_C3",0,0,0,1,1,9.79048392263716e-47
"Other glycan degradation14","Other glycan degradation","MMEB9_C3",0,0,0,1,1,3.31795138086675e-51
"Non-homologous end-joining14","Non-homologous end-joining","MMEB9_C3",0,0,0,1,1,5.40532943332949e-51
"Glycerophospholipid metabolism14","Glycerophospholipid metabolism","MMEB9_C3",1,0,1,0.167636786961583,1,9.33310954229371e-45
"C-type lectin receptor signaling pathway14","C-type lectin receptor signaling pathway","MMEB9_C3",0,0,0,1,1,2.18222851644462e-45
"Lipid and atherosclerosis14","Lipid and atherosclerosis","MMEB9_C3",0,0,0,1,1,1.67507529370383e-40
"Hepatitis C14","Hepatitis C","MMEB9_C3",0,0,0,1,1,2.60854060652102e-42
"PI3K-Akt signaling pathway14","PI3K-Akt signaling pathway","MMEB9_C3",0,1,-1,0.593713620488941,1,5.84511464466828e-33
"Long-term depression14","Long-term depression","MMEB9_C3",1,0,1,0.0966239813736903,1,7.16199718061037e-48
"Arrhythmogenic right ventricular cardiomyopathy14","Arrhythmogenic right ventricular cardiomyopathy","MMEB9_C3",0,0,0,1,1,2.3291902829273e-43
"Necroptosis14","Necroptosis","MMEB9_C3",1,0,1,0.180442374854482,1,2.24832720706526e-44
"Retrograde endocannabinoid signaling14","Retrograde endocannabinoid signaling","MMEB9_C3",1,0,1,0.182770663562282,1,4.49174701250929e-44
"Pantothenate and CoA biosynthesis14","Pantothenate and CoA biosynthesis","MMEB9_C3",0,0,0,1,1,1.14677841688474e-50
"Cushing syndrome14","Cushing syndrome","MMEB9_C3",0,0,0,1,1,5.83396204630014e-39
"Fructose and mannose metabolism14","Fructose and mannose metabolism","MMEB9_C3",1,0,1,0.0779976717112922,1,1.03726075137623e-48
"Platelet activation14","Platelet activation","MMEB9_C3",1,0,1,0.237485448195576,1,2.03332772264188e-42
"Efferocytosis14","Efferocytosis","MMEB9_C3",0,0,0,1,1,1.15764439782288e-40
"Antifolate resistance14","Antifolate resistance","MMEB9_C3",0,0,0,1,1,2.36103643923676e-50
"Alcoholism14","Alcoholism","MMEB9_C3",0,0,0,1,1,6.64430470974939e-44
"Melanogenesis14","Melanogenesis","MMEB9_C3",0,0,0,1,1,1.72196753078873e-43
"Prolactin signaling pathway14","Prolactin signaling pathway","MMEB9_C3",0,0,0,1,1,7.96570132373024e-47
"Glycerolipid metabolism14","Glycerolipid metabolism","MMEB9_C3",0,0,0,1,1,2.93934862538944e-46
"Dopaminergic synapse14","Dopaminergic synapse","MMEB9_C3",0,0,0,1,1,2.37912369143505e-43
"Glycosphingolipid biosynthesis - ganglio series14","Glycosphingolipid biosynthesis - ganglio series","MMEB9_C3",0,0,0,1,1,1.71277510138432e-50
"Mucin type O-glycan biosynthesis14","Mucin type O-glycan biosynthesis","MMEB9_C3",0,0,0,1,1,2.34700060530266e-48
"Lipoic acid metabolism14","Lipoic acid metabolism","MMEB9_C3",0,0,0,1,1,2.25517951382695e-51
"NF-kappa B signaling pathway14","NF-kappa B signaling pathway","MMEB9_C3",0,0,0,1,1,6.27192632776931e-44
"Oxytocin signaling pathway14","Oxytocin signaling pathway","MMEB9_C3",1,0,1,0.277066356228172,1,4.33549308759333e-41
"Basal cell carcinoma14","Basal cell carcinoma","MMEB9_C3",0,0,0,1,1,2.04795579153142e-45
"Legionellosis14","Legionellosis","MMEB9_C3",0,0,0,1,1,6.75435188376803e-49
"Measles14","Measles","MMEB9_C3",0,0,0,1,1,5.11689321474539e-43
"Biosynthesis of cofactors14","Biosynthesis of cofactors","MMEB9_C3",1,0,1,0.231664726426077,1,2.06056493898224e-42
"Glycosaminoglycan biosynthesis - keratan sulfate14","Glycosaminoglycan biosynthesis - keratan sulfate","MMEB9_C3",0,0,0,1,1,5.8260951237083e-51
"Alanine, aspartate and glutamate metabolism14","Alanine, aspartate and glutamate metabolism","MMEB9_C3",1,0,1,0.0733410942956927,1,6.89435432650453e-49
"Fatty acid biosynthesis14","Fatty acid biosynthesis","MMEB9_C3",0,0,0,1,1,5.29346739484186e-51
"Hypertrophic cardiomyopathy14","Hypertrophic cardiomyopathy","MMEB9_C3",0,0,0,1,1,2.97278500781956e-41
"Glucagon signaling pathway14","Glucagon signaling pathway","MMEB9_C3",0,0,0,1,1,2.21802649240134e-44
"Glycosaminoglycan biosynthesis - heparan sulfate / heparin14","Glycosaminoglycan biosynthesis - heparan sulfate / heparin","MMEB9_C3",0,0,0,1,1,7.63254777863892e-50
"Steroid biosynthesis14","Steroid biosynthesis","MMEB9_C3",0,0,0,1,1,1.44446618949123e-50
"cGMP-PKG signaling pathway14","cGMP-PKG signaling pathway","MMEB9_C3",0,0,0,1,1,5.76454815343478e-40
"Phagosome14","Phagosome","MMEB9_C3",0,0,0,1,1,6.0827687718194e-43
"Arginine and proline metabolism14","Arginine and proline metabolism","MMEB9_C3",0,0,0,1,1,8.00790309670028e-49
"Pyruvate metabolism14","Pyruvate metabolism","MMEB9_C3",0,0,0,1,1,2.38034799702487e-49
"Type II diabetes mellitus14","Type II diabetes mellitus","MMEB9_C3",0,0,0,1,1,1.64330103369967e-46
"Dilated cardiomyopathy14","Dilated cardiomyopathy","MMEB9_C3",0,0,0,1,1,7.2203952022885e-41
"Alcoholic liver disease14","Alcoholic liver disease","MMEB9_C3",0,0,0,1,1,9.11541776689388e-44
"Leukocyte transendothelial migration14","Leukocyte transendothelial migration","MMEB9_C3",0,0,0,1,1,2.76854711050468e-45
"Glycosaminoglycan degradation14","Glycosaminoglycan degradation","MMEB9_C3",0,0,0,1,1,4.08801095094125e-51
"Endocrine and other factor-regulated calcium reabsorption14","Endocrine and other factor-regulated calcium reabsorption","MMEB9_C3",0,0,0,1,1,2.80926510498079e-46
"Ubiquinone and other terpenoid-quinone biosynthesis14","Ubiquinone and other terpenoid-quinone biosynthesis","MMEB9_C3",0,0,0,1,1,4.06667921991966e-51
"Fc epsilon RI signaling pathway14","Fc epsilon RI signaling pathway","MMEB9_C3",1,0,1,0.0931315483119907,1,3.88332140963831e-48
"Glycine, serine and threonine metabolism14","Glycine, serine and threonine metabolism","MMEB9_C3",0,0,0,1,1,7.8131789350494e-50
"Pertussis14","Pertussis","MMEB9_C3",0,0,0,1,1,5.1854500743971e-47
"Aldosterone synthesis and secretion14","Aldosterone synthesis and secretion","MMEB9_C3",0,0,0,1,1,5.41831076376166e-43
"Regulation of lipolysis in adipocytes14","Regulation of lipolysis in adipocytes","MMEB9_C3",0,0,0,1,1,3.60423314746956e-47
"Cholinergic synapse14","Cholinergic synapse","MMEB9_C3",0,0,0,1,1,2.43002188451942e-44
"Osteoclast differentiation14","Osteoclast differentiation","MMEB9_C3",0,0,0,1,1,6.69743624150865e-42
"Pentose phosphate pathway14","Pentose phosphate pathway","MMEB9_C3",0,0,0,1,1,4.4699455840155e-50
"beta-Alanine metabolism14","beta-Alanine metabolism","MMEB9_C3",1,0,1,0.0337601862630966,1,8.02763896794945e-51
"PPAR signaling pathway14","PPAR signaling pathway","MMEB9_C3",0,0,0,1,1,1.64776388962837e-47
"Folate biosynthesis14","Folate biosynthesis","MMEB9_C3",0,0,0,1,1,5.52436854507059e-51
"Influenza A14","Influenza A","MMEB9_C3",0,0,0,1,1,6.21711331602568e-43
"Th17 cell differentiation14","Th17 cell differentiation","MMEB9_C3",0,0,0,1,1,2.01881665575937e-44
"Cardiac muscle contraction14","Cardiac muscle contraction","MMEB9_C3",0,0,0,1,1,1.72702148010337e-45
"Nicotinate and nicotinamide metabolism14","Nicotinate and nicotinamide metabolism","MMEB9_C3",0,0,0,1,1,2.81624671618007e-49
"Aldosterone-regulated sodium reabsorption14","Aldosterone-regulated sodium reabsorption","MMEB9_C3",0,0,0,1,1,2.71507238094625e-49
"Neutrophil extracellular trap formation14","Neutrophil extracellular trap formation","MMEB9_C3",0,0,0,1,1,3.43048932346067e-45
"Th1 and Th2 cell differentiation14","Th1 and Th2 cell differentiation","MMEB9_C3",0,0,0,1,1,7.06107114179835e-47
"NOD-like receptor signaling pathway14","NOD-like receptor signaling pathway","MMEB9_C3",0,0,0,1,1,5.39833440341485e-41
"Cortisol synthesis and secretion14","Cortisol synthesis and secretion","MMEB9_C3",0,0,0,1,1,4.02522142411781e-45
"GnRH secretion14","GnRH secretion","MMEB9_C3",0,0,0,1,1,1.30995403843065e-47
"Vascular smooth muscle contraction14","Vascular smooth muscle contraction","MMEB9_C3",1,0,1,0.265424912689173,1,1.59708296943549e-41
"Estrogen signaling pathway14","Estrogen signaling pathway","MMEB9_C3",0,0,0,1,1,3.67251324858301e-43
"RIG-I-like receptor signaling pathway14","RIG-I-like receptor signaling pathway","MMEB9_C3",0,0,0,1,1,2.84086491180242e-47
"Amoebiasis14","Amoebiasis","MMEB9_C3",0,0,0,1,1,4.6999027256223e-45
"ECM-receptor interaction14","ECM-receptor interaction","MMEB9_C3",0,0,0,1,1,3.6323150014445e-43
"Renin secretion14","Renin secretion","MMEB9_C3",0,0,0,1,1,4.93124873975316e-45
"Collecting duct acid secretion14","Collecting duct acid secretion","MMEB9_C3",0,0,0,1,1,1.33266601522845e-50
"Viral myocarditis14","Viral myocarditis","MMEB9_C3",0,0,0,1,1,8.76333624820443e-49
"B cell receptor signaling pathway14","B cell receptor signaling pathway","MMEB9_C3",0,0,0,1,1,1.5082761709911e-48
"Glutamatergic synapse14","Glutamatergic synapse","MMEB9_C3",1,0,1,0.193247962747381,1,5.72213528062637e-44
"Cytosolic DNA-sensing pathway14","Cytosolic DNA-sensing pathway","MMEB9_C3",0,0,0,1,1,4.08123847442185e-46
"Glycosphingolipid biosynthesis - globo and isoglobo series14","Glycosphingolipid biosynthesis - globo and isoglobo series","MMEB9_C3",0,0,0,1,1,9.16324463477634e-51
"Galactose metabolism14","Galactose metabolism","MMEB9_C3",0,0,0,1,1,5.6636675989658e-50
"Arginine biosynthesis14","Arginine biosynthesis","MMEB9_C3",0,0,0,1,1,7.66505400418329e-51
"Toll-like receptor signaling pathway14","Toll-like receptor signaling pathway","MMEB9_C3",0,0,0,1,1,2.82623076213843e-46
"Thiamine metabolism14","Thiamine metabolism","MMEB9_C3",0,0,0,1,1,2.95988481864312e-51
"Circadian entrainment14","Circadian entrainment","MMEB9_C3",0,0,0,1,1,1.32346671489877e-44
"Morphine addiction14","Morphine addiction","MMEB9_C3",0,0,0,1,1,3.26043567967247e-45
"Ether lipid metabolism14","Ether lipid metabolism","MMEB9_C3",1,0,1,0.0454016298020955,1,3.4363496819787e-50
"Ribosome biogenesis in eukaryotes14","Ribosome biogenesis in eukaryotes","MMEB9_C3",0,0,0,1,1,1.7849972625168e-46
"Synaptic vesicle cycle14","Synaptic vesicle cycle","MMEB9_C3",0,0,0,1,1,1.96565958161583e-47
"Tryptophan metabolism14","Tryptophan metabolism","MMEB9_C3",0,0,0,1,1,4.16449614183112e-50
"Proximal tubule bicarbonate reclamation14","Proximal tubule bicarbonate reclamation","MMEB9_C3",0,0,0,1,1,2.34653235915539e-50
"Chemical carcinogenesis - receptor activation14","Chemical carcinogenesis - receptor activation","MMEB9_C3",0,0,0,1,1,2.27423302371099e-38
"Leishmaniasis14","Leishmaniasis","MMEB9_C3",0,0,0,1,1,4.84616878390484e-48
"Glycosphingolipid biosynthesis - lacto and neolacto series14","Glycosphingolipid biosynthesis - lacto and neolacto series","MMEB9_C3",0,0,0,1,1,2.63951300038136e-51
"Amphetamine addiction14","Amphetamine addiction","MMEB9_C3",0,0,0,1,1,1.8318062665152e-46
"Thyroid hormone synthesis14","Thyroid hormone synthesis","MMEB9_C3",0,0,0,1,1,1.37145154003812e-45
"Butanoate metabolism14","Butanoate metabolism","MMEB9_C3",1,0,1,0.019790454016298,1,2.63951300038136e-51
"ABC transporters14","ABC transporters","MMEB9_C3",0,0,0,1,1,1.03178190377824e-49
"Antigen processing and presentation14","Antigen processing and presentation","MMEB9_C3",0,0,0,1,1,7.63254777863892e-50
"Ovarian steroidogenesis14","Ovarian steroidogenesis","MMEB9_C3",1,0,1,0.089639115250291,1,4.93606621438932e-48
"Rheumatoid arthritis14","Rheumatoid arthritis","MMEB9_C3",0,0,0,1,1,2.36572807278454e-46
"IL-17 signaling pathway14","IL-17 signaling pathway","MMEB9_C3",0,0,0,1,1,1.29677477525017e-45
"Renin-angiotensin system14","Renin-angiotensin system","MMEB9_C3",0,0,0,1,1,5.52436854507059e-51
"Nitrogen metabolism14","Nitrogen metabolism","MMEB9_C3",0,0,0,1,1,1.63929482672305e-51
"Tuberculosis14","Tuberculosis","MMEB9_C3",0,0,0,1,1,8.35983696374417e-43
"Drug metabolism - other enzymes14","Drug metabolism - other enzymes","MMEB9_C3",0,0,0,1,1,2.15036113909308e-49
"Glycolysis / Gluconeogenesis14","Glycolysis / Gluconeogenesis","MMEB9_C3",0,0,0,1,1,1.4472717465957e-47
"Gastric acid secretion14","Gastric acid secretion","MMEB9_C3",0,0,0,1,1,1.23285519195002e-45
"Cholesterol metabolism14","Cholesterol metabolism","MMEB9_C3",0,0,0,1,1,1.0438745588713e-48
"African trypanosomiasis14","African trypanosomiasis","MMEB9_C3",0,0,0,1,1,1.18137440437234e-49
"GABAergic synapse14","GABAergic synapse","MMEB9_C3",1,0,1,0.132712456344587,1,1.23131635017929e-46
"Chemokine signaling pathway14","Chemokine signaling pathway","MMEB9_C3",0,0,0,1,1,4.09671584063134e-43
"Insulin secretion14","Insulin secretion","MMEB9_C3",0,0,0,1,1,3.94423937627634e-44
"Cocaine addiction14","Cocaine addiction","MMEB9_C3",0,0,0,1,1,3.57565785999561e-48
"Mineral absorption14","Mineral absorption","MMEB9_C3",0,0,0,1,1,7.87111640593402e-48
"Histidine metabolism14","Histidine metabolism","MMEB9_C3",0,0,0,1,1,3.6806279285687e-51
"Vitamin digestion and absorption14","Vitamin digestion and absorption","MMEB9_C3",0,0,0,1,1,2.63951300038136e-51
"Systemic lupus erythematosus14","Systemic lupus erythematosus","MMEB9_C3",0,0,0,1,1,3.13572691640103e-50
"Phenylalanine metabolism14","Phenylalanine metabolism","MMEB9_C3",0,0,0,1,1,2.63951300038136e-51
"Taurine and hypotaurine metabolism14","Taurine and hypotaurine metabolism","MMEB9_C3",0,0,0,1,1,1.63929482672305e-51
"Starch and sucrose metabolism14","Starch and sucrose metabolism","MMEB9_C3",0,0,0,1,1,1.29128620619904e-50
"cAMP signaling pathway14","cAMP signaling pathway","MMEB9_C3",0,0,0,1,1,6.00172160958726e-40
"Protein digestion and absorption14","Protein digestion and absorption","MMEB9_C3",0,0,0,1,1,3.80338622490908e-44
"Primary bile acid biosynthesis14","Primary bile acid biosynthesis","MMEB9_C3",0,0,0,1,1,2.8408715548471e-51
"Calcium signaling pathway14","Calcium signaling pathway","MMEB9_C3",0,0,0,1,1,2.50150665836393e-38
"Porphyrin metabolism14","Porphyrin metabolism","MMEB9_C3",0,0,0,1,1,7.66505400418329e-51
"Malaria14","Malaria","MMEB9_C3",0,0,0,1,1,2.84145798640836e-47
"alpha-Linolenic acid metabolism14","alpha-Linolenic acid metabolism","MMEB9_C3",1,0,1,0.0209545983701979,1,2.95988481864312e-51
"Cell adhesion molecules14","Cell adhesion molecules","MMEB9_C3",0,0,0,1,1,4.3956577228945e-44
"Carbohydrate digestion and absorption14","Carbohydrate digestion and absorption","MMEB9_C3",0,0,0,1,1,1.74087594351944e-49
"Serotonergic synapse14","Serotonergic synapse","MMEB9_C3",1,0,1,0.152502910360885,1,2.27816518543834e-45
"JAK-STAT signaling pathway14","JAK-STAT signaling pathway","MMEB9_C3",0,0,0,1,1,1.72458994932527e-42
"Type I diabetes mellitus14","Type I diabetes mellitus","MMEB9_C3",0,0,0,1,1,2.35597420072283e-51
"Arachidonic acid metabolism14","Arachidonic acid metabolism","MMEB9_C3",1,0,1,0.0582072176949942,1,1.60841665406215e-49
"Salivary secretion14","Salivary secretion","MMEB9_C3",0,0,0,1,1,2.3658722263729e-45
"Inflammatory bowel disease14","Inflammatory bowel disease","MMEB9_C3",0,0,0,1,1,7.67848247126794e-49
"Natural killer cell mediated cytotoxicity14","Natural killer cell mediated cytotoxicity","MMEB9_C3",0,0,0,1,1,9.14372474177412e-47
"Tyrosine metabolism14","Tyrosine metabolism","MMEB9_C3",0,0,0,1,1,1.11675110812128e-50
"Allograft rejection14","Allograft rejection","MMEB9_C3",0,0,0,1,1,1.63929482672305e-51
"Phototransduction14","Phototransduction","MMEB9_C3",0,0,0,1,1,2.37590629609469e-51
"Primary immunodeficiency14","Primary immunodeficiency","MMEB9_C3",0,0,0,1,1,7.66505400418329e-51
"Linoleic acid metabolism14","Linoleic acid metabolism","MMEB9_C3",1,0,1,0.0116414435389988,1,1.63929482672305e-51
"Pentose and glucuronate interconversions14","Pentose and glucuronate interconversions","MMEB9_C3",0,0,0,1,1,2.13438004892086e-51
"Graft-versus-host disease14","Graft-versus-host disease","MMEB9_C3",0,0,0,1,1,2.63951300038136e-51
"Intestinal immune network for IgA production14","Intestinal immune network for IgA production","MMEB9_C3",0,0,0,1,1,9.70319101636171e-51
"Pancreatic secretion14","Pancreatic secretion","MMEB9_C3",0,0,0,1,1,2.42130472902822e-45
"Complement and coagulation cascades14","Complement and coagulation cascades","MMEB9_C3",0,0,0,1,1,2.85382530300737e-48
"Fat digestion and absorption14","Fat digestion and absorption","MMEB9_C3",0,0,0,1,1,3.75098525084529e-51
"Ascorbate and aldarate metabolism14","Ascorbate and aldarate metabolism","MMEB9_C3",0,0,0,1,1,2.13438004892086e-51
"MicroRNAs in cancer14","MicroRNAs in cancer","MMEB9_C3",0,0,0,1,1,1.17261779976695e-35
"Asthma14","Asthma","MMEB9_C3",0,0,0,1,1,1.39544052206594e-51
"Maturity onset diabetes of the young14","Maturity onset diabetes of the young","MMEB9_C3",0,0,0,1,1,2.13438004892086e-51
"Chemical carcinogenesis - DNA adducts14","Chemical carcinogenesis - DNA adducts","MMEB9_C3",0,0,0,1,1,7.66505400418329e-51
"Bile secretion14","Bile secretion","MMEB9_C3",0,0,0,1,1,3.93077759896833e-47
"Metabolism of xenobiotics by cytochrome P45014","Metabolism of xenobiotics by cytochrome P450","MMEB9_C3",0,0,0,1,1,7.63254777863892e-50
"Nicotine addiction14","Nicotine addiction","MMEB9_C3",0,0,0,1,1,2.47516239147925e-51
"Hematopoietic cell lineage14","Hematopoietic cell lineage","MMEB9_C3",0,0,0,1,1,8.94199400867916e-47
"Taste transduction14","Taste transduction","MMEB9_C3",0,0,0,1,1,7.17452367058543e-49
"Drug metabolism - cytochrome P45014","Drug metabolism - cytochrome P450","MMEB9_C3",0,0,0,1,1,7.66505400418329e-51
"Autoimmune thyroid disease14","Autoimmune thyroid disease","MMEB9_C3",0,0,0,1,1,1.63929482672305e-51
"Steroid hormone biosynthesis14","Steroid hormone biosynthesis","MMEB9_C3",0,0,0,1,1,5.8260951237083e-51
"Retinol metabolism14","Retinol metabolism","MMEB9_C3",0,0,0,1,1,1.32432581101167e-50
"Viral protein interaction with cytokine and cytokine receptor14","Viral protein interaction with cytokine and cytokine receptor","MMEB9_C3",0,0,0,1,1,4.26884412081559e-48
"Staphylococcus aureus infection14","Staphylococcus aureus infection","MMEB9_C3",0,0,0,1,1,8.61048228990248e-50
"Cytokine-cytokine receptor interaction14","Cytokine-cytokine receptor interaction","MMEB9_C3",0,0,0,1,1,3.77444864701119e-40
"Neuroactive ligand-receptor interaction14","Neuroactive ligand-receptor interaction","MMEB9_C3",0,0,0,1,1,3.44905284912952e-42
"Olfactory transduction14","Olfactory transduction","MMEB9_C3",0,0,0,1,1,4.4699455840155e-50
"Herpes simplex virus 1 infection15","Herpes simplex virus 1 infection","MMEB9_E1",0,1,-1,0.519859813084112,1,6.67065472118459e-34
"Cell cycle15","Cell cycle","MMEB9_E1",0,0,0,1,1,3.45752011054109e-42
"Endocytosis15","Endocytosis","MMEB9_E1",0,0,0,1,1,6.2160657240808e-37
"Ribosome15","Ribosome","MMEB9_E1",1,0,1,0.148364485981308,1,7.6728903810634e-46
"Autophagy - animal15","Autophagy - animal","MMEB9_E1",0,0,0,1,1,7.82220953158011e-42
"Protein processing in endoplasmic reticulum15","Protein processing in endoplasmic reticulum","MMEB9_E1",0,0,0,1,1,3.1085422251524e-43
"Huntington disease15","Huntington disease","MMEB9_E1",0,0,0,1,1,2.87102488830452e-37
"Ubiquitin mediated proteolysis15","Ubiquitin mediated proteolysis","MMEB9_E1",0,0,0,1,1,6.17827765616031e-43
"Shigellosis15","Shigellosis","MMEB9_E1",0,0,0,1,1,4.13741964558192e-36
"Thermogenesis15","Thermogenesis","MMEB9_E1",0,0,0,1,1,9.66776528006575e-40
"Mitophagy - animal15","Mitophagy - animal","MMEB9_E1",0,0,0,1,1,2.71230942570027e-45
"Parkinson disease15","Parkinson disease","MMEB9_E1",0,0,0,1,1,6.27787352115971e-41
"Amyotrophic lateral sclerosis15","Amyotrophic lateral sclerosis","MMEB9_E1",0,0,0,1,1,5.33491289670088e-36
"Cellular senescence15","Cellular senescence","MMEB9_E1",1,0,1,0.26518691588785,1,1.53723741360214e-41
"Chemical carcinogenesis - reactive oxygen species15","Chemical carcinogenesis - reactive oxygen species","MMEB9_E1",0,0,0,1,1,1.12230493756174e-39
"Colorectal cancer15","Colorectal cancer","MMEB9_E1",0,0,0,1,1,2.72911064480121e-44
"Salmonella infection15","Salmonella infection","MMEB9_E1",0,0,0,1,1,1.27452704374247e-36
"ATP-dependent chromatin remodeling15","ATP-dependent chromatin remodeling","MMEB9_E1",0,0,0,1,1,3.4227102783559e-45
"Diabetic cardiomyopathy15","Diabetic cardiomyopathy","MMEB9_E1",0,0,0,1,1,7.12264688062001e-40
"Spliceosome15","Spliceosome","MMEB9_E1",0,0,0,1,1,1.27577970106783e-43
"Viral carcinogenesis15","Viral carcinogenesis","MMEB9_E1",0,0,0,1,1,2.82867318880899e-40
"Pathways of neurodegeneration - multiple diseases15","Pathways of neurodegeneration - multiple diseases","MMEB9_E1",0,1,-1,0.545560747663551,1,2.14243991208253e-34
"Pancreatic cancer15","Pancreatic cancer","MMEB9_E1",0,0,0,1,1,3.15649824970106e-44
"Chronic myeloid leukemia15","Chronic myeloid leukemia","MMEB9_E1",0,0,0,1,1,6.3121129742328e-45
"Polycomb repressive complex15","Polycomb repressive complex","MMEB9_E1",0,0,0,1,1,2.14324566910488e-46
"Alzheimer disease15","Alzheimer disease","MMEB9_E1",0,0,0,1,1,1.3588583010109e-35
"Non-alcoholic fatty liver disease15","Non-alcoholic fatty liver disease","MMEB9_E1",0,0,0,1,1,7.22313359430981e-43
"Nucleocytoplasmic transport15","Nucleocytoplasmic transport","MMEB9_E1",0,0,0,1,1,2.63355208349424e-44
"Human T-cell leukemia virus 1 infection15","Human T-cell leukemia virus 1 infection","MMEB9_E1",1,0,1,0.382009345794392,1,2.24913872181521e-39
"Nucleotide excision repair15","Nucleotide excision repair","MMEB9_E1",0,0,0,1,1,5.50318544197469e-47
"Oxidative phosphorylation15","Oxidative phosphorylation","MMEB9_E1",0,0,0,1,1,2.11546840642678e-45
"Renal cell carcinoma15","Renal cell carcinoma","MMEB9_E1",1,0,1,0.158878504672897,1,2.82896329357564e-45
"Axon guidance15","Axon guidance","MMEB9_E1",1,0,1,0.330607476635514,1,2.99585432078326e-39
"Endometrial cancer15","Endometrial cancer","MMEB9_E1",0,0,0,1,1,4.36207737348928e-47
"mRNA surveillance pathway15","mRNA surveillance pathway","MMEB9_E1",0,0,0,1,1,7.6728903810634e-46
"Focal adhesion15","Focal adhesion","MMEB9_E1",1,0,1,0.477803738317757,1,2.05653326247405e-36
"Adherens junction15","Adherens junction","MMEB9_E1",0,0,0,1,1,1.79492559940598e-42
"Prion disease15","Prion disease","MMEB9_E1",0,0,0,1,1,5.72456759489186e-40
"Lysosome15","Lysosome","MMEB9_E1",0,0,0,1,1,2.75217898618451e-43
"MAPK signaling pathway15","MAPK signaling pathway","MMEB9_E1",0,1,-1,0.580607476635514,1,2.11114840725889e-34
"Sphingolipid signaling pathway15","Sphingolipid signaling pathway","MMEB9_E1",0,0,0,1,1,2.79111493841945e-43
"Fanconi anemia pathway15","Fanconi anemia pathway","MMEB9_E1",0,0,0,1,1,3.86611315924666e-47
"Neurotrophin signaling pathway15","Neurotrophin signaling pathway","MMEB9_E1",0,0,0,1,1,8.64767436878522e-43
"Phosphatidylinositol signaling system15","Phosphatidylinositol signaling system","MMEB9_E1",0,0,0,1,1,1.20901740443386e-44
"Prostate cancer15","Prostate cancer","MMEB9_E1",0,0,0,1,1,1.21029990037289e-43
"Aminoacyl-tRNA biosynthesis15","Aminoacyl-tRNA biosynthesis","MMEB9_E1",0,0,0,1,1,2.14448825569319e-48
"Base excision repair15","Base excision repair","MMEB9_E1",0,0,0,1,1,7.05350128734445e-49
"p53 signaling pathway15","p53 signaling pathway","MMEB9_E1",0,0,0,1,1,2.63221550261087e-46
"EGFR tyrosine kinase inhibitor resistance15","EGFR tyrosine kinase inhibitor resistance","MMEB9_E1",0,0,0,1,1,2.86329431477538e-44
"Small cell lung cancer15","Small cell lung cancer","MMEB9_E1",0,0,0,1,1,1.11572560225931e-44
"RNA degradation15","RNA degradation","MMEB9_E1",0,0,0,1,1,2.92489012471103e-47
"mTOR signaling pathway15","mTOR signaling pathway","MMEB9_E1",0,0,0,1,1,1.89246994825336e-41
"Endocrine resistance15","Endocrine resistance","MMEB9_E1",0,0,0,1,1,2.34163264445262e-43
"Lysine degradation15","Lysine degradation","MMEB9_E1",0,0,0,1,1,2.13572345404172e-46
"Viral life cycle - HIV-115","Viral life cycle - HIV-1","MMEB9_E1",0,0,0,1,1,7.48277755882355e-45
"Longevity regulating pathway15","Longevity regulating pathway","MMEB9_E1",0,0,0,1,1,1.21007487248889e-43
"Insulin resistance15","Insulin resistance","MMEB9_E1",0,0,0,1,1,8.56652415522159e-43
"Inositol phosphate metabolism15","Inositol phosphate metabolism","MMEB9_E1",0,0,0,1,1,1.48959554067952e-45
"Platinum drug resistance15","Platinum drug resistance","MMEB9_E1",0,0,0,1,1,2.63221550261087e-46
"Bacterial invasion of epithelial cells15","Bacterial invasion of epithelial cells","MMEB9_E1",0,0,0,1,1,7.18642255633452e-45
"Hepatocellular carcinoma15","Hepatocellular carcinoma","MMEB9_E1",0,0,0,1,1,9.71217761295328e-41
"Insulin signaling pathway15","Insulin signaling pathway","MMEB9_E1",0,0,0,1,1,4.66543781445505e-42
"Human cytomegalovirus infection15","Human cytomegalovirus infection","MMEB9_E1",1,0,1,0.36214953271028,1,6.53497577567254e-38
"Human papillomavirus infection15","Human papillomavirus infection","MMEB9_E1",1,1,0,1,1,7.96813277280819e-34
"Proteoglycans in cancer15","Proteoglycans in cancer","MMEB9_E1",1,0,1,0.422897196261682,1,1.31533261906826e-37
"TGF-beta signaling pathway15","TGF-beta signaling pathway","MMEB9_E1",0,0,0,1,1,1.78635528543938e-42
"RNA polymerase15","RNA polymerase","MMEB9_E1",0,0,0,1,1,1.01043603407586e-49
"FoxO signaling pathway15","FoxO signaling pathway","MMEB9_E1",0,0,0,1,1,3.65584164996149e-41
"AGE-RAGE signaling pathway in diabetic complications15","AGE-RAGE signaling pathway in diabetic complications","MMEB9_E1",0,0,0,1,1,2.42518016292326e-42
"Hepatitis B15","Hepatitis B","MMEB9_E1",1,0,1,0.273364485981308,1,1.15431290797686e-40
"Longevity regulating pathway - multiple species15","Longevity regulating pathway - multiple species","MMEB9_E1",0,0,0,1,1,3.45274301661583e-46
"Yersinia infection15","Yersinia infection","MMEB9_E1",1,0,1,0.253504672897196,1,1.63851008327631e-41
"N-Glycan biosynthesis15","N-Glycan biosynthesis","MMEB9_E1",0,0,0,1,1,7.20572385468041e-48
"Non-small cell lung cancer15","Non-small cell lung cancer","MMEB9_E1",0,0,0,1,1,1.72384810512103e-46
"Rap1 signaling pathway15","Rap1 signaling pathway","MMEB9_E1",0,0,0,1,1,4.13741964558192e-36
"Choline metabolism in cancer15","Choline metabolism in cancer","MMEB9_E1",0,0,0,1,1,7.87169201811795e-45
"TNF signaling pathway15","TNF signaling pathway","MMEB9_E1",0,0,0,1,1,2.70589408852477e-42
"Glioma15","Glioma","MMEB9_E1",0,0,0,1,1,6.37243274527358e-46
"Human immunodeficiency virus 1 infection15","Human immunodeficiency virus 1 infection","MMEB9_E1",1,0,1,0.309579439252336,1,6.01291476603094e-40
"Apoptosis15","Apoptosis","MMEB9_E1",0,0,0,1,1,2.50054355132638e-43
"AMPK signaling pathway15","AMPK signaling pathway","MMEB9_E1",0,0,0,1,1,3.45752011054109e-42
"Fatty acid metabolism15","Fatty acid metabolism","MMEB9_E1",0,0,0,1,1,4.54465445671639e-48
"DNA replication15","DNA replication","MMEB9_E1",0,0,0,1,1,3.30012189818864e-49
"Pathogenic Escherichia coli infection15","Pathogenic Escherichia coli infection","MMEB9_E1",0,0,0,1,1,5.97727545454733e-39
"PD-L1 expression and PD-1 checkpoint pathway in cancer15","PD-L1 expression and PD-1 checkpoint pathway in cancer","MMEB9_E1",1,0,1,0.183411214953271,1,4.84246548813455e-44
"Hippo signaling pathway15","Hippo signaling pathway","MMEB9_E1",0,0,0,1,1,1.19562313116058e-39
"Valine, leucine and isoleucine degradation15","Valine, leucine and isoleucine degradation","MMEB9_E1",0,0,0,1,1,4.21778804473644e-48
"Peroxisome15","Peroxisome","MMEB9_E1",0,0,0,1,1,1.81589108931916e-47
"Homologous recombination15","Homologous recombination","MMEB9_E1",0,0,0,1,1,5.7782202824322e-48
"Bladder cancer15","Bladder cancer","MMEB9_E1",0,0,0,1,1,8.20696012430595e-49
"Fluid shear stress and atherosclerosis15","Fluid shear stress and atherosclerosis","MMEB9_E1",0,0,0,1,1,8.29427389475122e-43
"SNARE interactions in vesicular transport15","SNARE interactions in vesicular transport","MMEB9_E1",0,0,0,1,1,5.48205998593444e-50
"Autophagy - other15","Autophagy - other","MMEB9_E1",0,0,0,1,1,8.1994313442145e-50
"Proteasome15","Proteasome","MMEB9_E1",0,0,0,1,1,6.32453721174822e-49
"Protein export15","Protein export","MMEB9_E1",0,0,0,1,1,1.71221613215655e-50
"Thyroid hormone signaling pathway15","Thyroid hormone signaling pathway","MMEB9_E1",0,0,0,1,1,6.41522807438828e-43
"Amino sugar and nucleotide sugar metabolism15","Amino sugar and nucleotide sugar metabolism","MMEB9_E1",0,0,0,1,1,1.28588969250267e-47
"Nucleotide metabolism15","Nucleotide metabolism","MMEB9_E1",0,0,0,1,1,7.90741101667417e-47
"ErbB signaling pathway15","ErbB signaling pathway","MMEB9_E1",0,0,0,1,1,2.32061864958229e-45
"Thyroid cancer15","Thyroid cancer","MMEB9_E1",0,0,0,1,1,4.54050076649354e-49
"Various types of N-glycan biosynthesis15","Various types of N-glycan biosynthesis","MMEB9_E1",0,0,0,1,1,8.19973100093059e-49
"Spinocerebellar ataxia15","Spinocerebellar ataxia","MMEB9_E1",0,0,0,1,1,1.6644753627777e-43
"Basal transcription factors15","Basal transcription factors","MMEB9_E1",0,0,0,1,1,1.91101216209487e-49
"Regulation of actin cytoskeleton15","Regulation of actin cytoskeleton","MMEB9_E1",1,0,1,0.426401869158879,1,1.16297940679733e-36
"Melanoma15","Melanoma","MMEB9_E1",0,0,0,1,1,2.84950304461107e-45
"Tight junction15","Tight junction","MMEB9_E1",0,0,0,1,1,2.15522720608841e-40
"Apoptosis - multiple species15","Apoptosis - multiple species","MMEB9_E1",0,0,0,1,1,1.27416513934094e-49
"Glycosylphosphatidylinositol (GPI)-anchor biosynthesis15","Glycosylphosphatidylinositol (GPI)-anchor biosynthesis","MMEB9_E1",0,0,0,1,1,1.33770438279421e-50
"Biosynthesis of nucleotide sugars15","Biosynthesis of nucleotide sugars","MMEB9_E1",0,0,0,1,1,1.08890470680975e-48
"Epithelial cell signaling in Helicobacter pylori infection15","Epithelial cell signaling in Helicobacter pylori infection","MMEB9_E1",0,0,0,1,1,5.28243343573298e-46
"Epstein-Barr virus infection15","Epstein-Barr virus infection","MMEB9_E1",0,0,0,1,1,8.08508529448163e-43
"Selenocompound metabolism15","Selenocompound metabolism","MMEB9_E1",1,0,1,0.0478971962616822,1,4.92726365050434e-50
"Other types of O-glycan biosynthesis15","Other types of O-glycan biosynthesis","MMEB9_E1",0,0,0,1,1,6.96118784133657e-49
"Notch signaling pathway15","Notch signaling pathway","MMEB9_E1",0,0,0,1,1,8.4360880214221e-48
"Fc gamma R-mediated phagocytosis15","Fc gamma R-mediated phagocytosis","MMEB9_E1",0,0,0,1,1,2.63514272232815e-44
"Citrate cycle (TCA cycle)15","Citrate cycle (TCA cycle)","MMEB9_E1",0,0,0,1,1,2.42390535705193e-49
"Apelin signaling pathway15","Apelin signaling pathway","MMEB9_E1",0,0,0,1,1,4.85971142854253e-42
"Mismatch repair15","Mismatch repair","MMEB9_E1",0,0,0,1,1,5.78739699365411e-50
"Carbon metabolism15","Carbon metabolism","MMEB9_E1",0,0,0,1,1,2.01563548529482e-44
"Hedgehog signaling pathway15","Hedgehog signaling pathway","MMEB9_E1",0,0,0,1,1,2.32255675740603e-46
"Chagas disease15","Chagas disease","MMEB9_E1",0,0,0,1,1,5.73022910701598e-44
"Growth hormone synthesis, secretion and action15","Growth hormone synthesis, secretion and action","MMEB9_E1",0,0,0,1,1,3.68136922031993e-42
"Kaposi sarcoma-associated herpesvirus infection15","Kaposi sarcoma-associated herpesvirus infection","MMEB9_E1",1,0,1,0.276869158878505,1,2.8015479362549e-41
"Hippo signaling pathway - multiple species15","Hippo signaling pathway - multiple species","MMEB9_E1",0,0,0,1,1,2.73001741455709e-48
"VEGF signaling pathway15","VEGF signaling pathway","MMEB9_E1",1,0,1,0.0969626168224299,1,1.41135846730388e-47
"Gap junction15","Gap junction","MMEB9_E1",0,0,0,1,1,4.73733526127591e-45
"Vasopressin-regulated water reabsorption15","Vasopressin-regulated water reabsorption","MMEB9_E1",0,0,0,1,1,2.66072778159802e-48
"Progesterone-mediated oocyte maturation15","Progesterone-mediated oocyte maturation","MMEB9_E1",0,0,0,1,1,6.19051199732611e-46
"Glycosaminoglycan biosynthesis - chondroitin sulfate / dermatan sulfate15","Glycosaminoglycan biosynthesis - chondroitin sulfate / dermatan sulfate","MMEB9_E1",2,0,1.58496250072116,0.0128504672897196,1,1.3699607654108e-49
"T cell receptor signaling pathway15","T cell receptor signaling pathway","MMEB9_E1",1,0,1,0.178738317757009,1,3.46141680834013e-44
"Oocyte meiosis15","Oocyte meiosis","MMEB9_E1",0,0,0,1,1,4.25873498301185e-44
"Phospholipase D signaling pathway15","Phospholipase D signaling pathway","MMEB9_E1",0,0,0,1,1,5.60137337168292e-41
"Acute myeloid leukemia15","Acute myeloid leukemia","MMEB9_E1",0,0,0,1,1,2.24365416983808e-46
"One carbon pool by folate15","One carbon pool by folate","MMEB9_E1",0,0,0,1,1,8.47412200174931e-51
"Propanoate metabolism15","Propanoate metabolism","MMEB9_E1",0,0,0,1,1,1.27416513934094e-49
"Wnt signaling pathway15","Wnt signaling pathway","MMEB9_E1",1,0,1,0.296728971962617,1,7.21866010725019e-41
"Breast cancer15","Breast cancer","MMEB9_E1",0,0,0,1,1,2.57627405202121e-41
"Adipocytokine signaling pathway15","Adipocytokine signaling pathway","MMEB9_E1",0,0,0,1,1,1.53107411948763e-46
"Central carbon metabolism in cancer15","Central carbon metabolism in cancer","MMEB9_E1",0,0,0,1,1,6.75717915503025e-45
"Glyoxylate and dicarboxylate metabolism15","Glyoxylate and dicarboxylate metabolism","MMEB9_E1",0,0,0,1,1,1.23272003449353e-50
"Relaxin signaling pathway15","Relaxin signaling pathway","MMEB9_E1",0,0,0,1,1,8.59902824464674e-42
"Ferroptosis15","Ferroptosis","MMEB9_E1",0,0,0,1,1,3.60315000712378e-48
"Sphingolipid metabolism15","Sphingolipid metabolism","MMEB9_E1",0,0,0,1,1,6.05023052601099e-48
"Toxoplasmosis15","Toxoplasmosis","MMEB9_E1",0,0,0,1,1,2.21054067722525e-46
"Ras signaling pathway15","Ras signaling pathway","MMEB9_E1",0,0,0,1,1,2.84150087895139e-37
"Pyrimidine metabolism15","Pyrimidine metabolism","MMEB9_E1",0,0,0,1,1,5.83068494795822e-48
"GnRH signaling pathway15","GnRH signaling pathway","MMEB9_E1",0,0,0,1,1,1.91207591593596e-45
"Coronavirus disease - COVID-1915","Coronavirus disease - COVID-19","MMEB9_E1",0,0,0,1,1,1.17977129729605e-41
"Mannose type O-glycan biosynthesis15","Mannose type O-glycan biosynthesis","MMEB9_E1",0,0,0,1,1,1.36892453345297e-50
"Terpenoid backbone biosynthesis15","Terpenoid backbone biosynthesis","MMEB9_E1",0,0,0,1,1,1.0965243910018e-50
"Cysteine and methionine metabolism15","Cysteine and methionine metabolism","MMEB9_E1",1,0,1,0.0911214953271028,1,4.91966499374295e-48
"Circadian rhythm15","Circadian rhythm","MMEB9_E1",0,0,0,1,1,9.55985396234606e-50
"Fatty acid elongation15","Fatty acid elongation","MMEB9_E1",0,0,0,1,1,1.01551057539246e-50
"Biosynthesis of unsaturated fatty acids15","Biosynthesis of unsaturated fatty acids","MMEB9_E1",0,0,0,1,1,1.73153700118549e-50
"Inflammatory mediator regulation of TRP channels15","Inflammatory mediator regulation of TRP channels","MMEB9_E1",0,0,0,1,1,1.91559869115906e-45
"Parathyroid hormone synthesis, secretion and action15","Parathyroid hormone synthesis, secretion and action","MMEB9_E1",0,0,0,1,1,1.6425081040896e-43
"Sulfur metabolism15","Sulfur metabolism","MMEB9_E1",0,0,0,1,1,2.50153850532616e-51
"Vibrio cholerae infection15","Vibrio cholerae infection","MMEB9_E1",0,0,0,1,1,1.59258506879199e-48
"Signaling pathways regulating pluripotency of stem cells15","Signaling pathways regulating pluripotency of stem cells","MMEB9_E1",0,0,0,1,1,4.28979009622961e-42
"HIF-1 signaling pathway15","HIF-1 signaling pathway","MMEB9_E1",0,0,0,1,1,3.85162379896444e-42
"Purine metabolism15","Purine metabolism","MMEB9_E1",0,0,0,1,1,1.66904478758344e-43
"Fatty acid degradation15","Fatty acid degradation","MMEB9_E1",0,0,0,1,1,3.29346560741287e-49
"Glutathione metabolism15","Glutathione metabolism","MMEB9_E1",0,0,0,1,1,4.77928238890677e-49
"Transcriptional misregulation in cancer15","Transcriptional misregulation in cancer","MMEB9_E1",0,0,0,1,1,1.6206095837119e-39
"2-Oxocarboxylic acid metabolism15","2-Oxocarboxylic acid metabolism","MMEB9_E1",0,0,0,1,1,8.41843943172914e-50
"Adrenergic signaling in cardiomyocytes15","Adrenergic signaling in cardiomyocytes","MMEB9_E1",0,0,0,1,1,5.63471449616044e-41
"Gastric cancer15","Gastric cancer","MMEB9_E1",0,0,0,1,1,1.34223075294341e-41
"Long-term potentiation15","Long-term potentiation","MMEB9_E1",0,0,0,1,1,6.32218635674798e-47
"Motor proteins15","Motor proteins","MMEB9_E1",0,0,0,1,1,1.71857853121585e-39
"Biosynthesis of amino acids15","Biosynthesis of amino acids","MMEB9_E1",0,0,0,1,1,3.9466345830219e-47
"Other glycan degradation15","Other glycan degradation","MMEB9_E1",0,0,0,1,1,8.84928391733716e-51
"Non-homologous end-joining15","Non-homologous end-joining","MMEB9_E1",0,0,0,1,1,1.62261578890848e-51
"Glycerophospholipid metabolism15","Glycerophospholipid metabolism","MMEB9_E1",0,0,0,1,1,5.9251609716078e-46
"C-type lectin receptor signaling pathway15","C-type lectin receptor signaling pathway","MMEB9_E1",1,0,1,0.174065420560748,1,1.68441690899061e-44
"Lipid and atherosclerosis15","Lipid and atherosclerosis","MMEB9_E1",1,0,1,0.268691588785047,1,7.18510579616724e-42
"Hepatitis C15","Hepatitis C","MMEB9_E1",0,0,0,1,1,9.01484299586572e-43
"PI3K-Akt signaling pathway15","PI3K-Akt signaling pathway","MMEB9_E1",1,1,0,1,1,7.88951230196569e-32
"Long-term depression15","Long-term depression","MMEB9_E1",0,0,0,1,1,1.41135846730388e-47
"Arrhythmogenic right ventricular cardiomyopathy15","Arrhythmogenic right ventricular cardiomyopathy","MMEB9_E1",1,0,1,0.186915887850467,1,3.56184433303894e-44
"Necroptosis15","Necroptosis","MMEB9_E1",0,0,0,1,1,8.22580818028961e-44
"Retrograde endocannabinoid signaling15","Retrograde endocannabinoid signaling","MMEB9_E1",0,0,0,1,1,8.77071198427937e-44
"Pantothenate and CoA biosynthesis15","Pantothenate and CoA biosynthesis","MMEB9_E1",0,0,0,1,1,6.39567140135015e-51
"Cushing syndrome15","Cushing syndrome","MMEB9_E1",0,0,0,1,1,6.88087919480616e-41
"Fructose and mannose metabolism15","Fructose and mannose metabolism","MMEB9_E1",0,0,0,1,1,3.74036252576717e-48
"Platelet activation15","Platelet activation","MMEB9_E1",0,0,0,1,1,1.1253063315958e-41
"Efferocytosis15","Efferocytosis","MMEB9_E1",2,0,1.58496250072116,0.0817757009345794,1,1.566045927165e-41
"Antifolate resistance15","Antifolate resistance","MMEB9_E1",0,0,0,1,1,4.97640899879094e-48
"Alcoholism15","Alcoholism","MMEB9_E1",0,0,0,1,1,1.3652973566567e-44
"Melanogenesis15","Melanogenesis","MMEB9_E1",0,0,0,1,1,1.05290214757607e-44
"Prolactin signaling pathway15","Prolactin signaling pathway","MMEB9_E1",0,0,0,1,1,1.8895040107424e-46
"Glycerolipid metabolism15","Glycerolipid metabolism","MMEB9_E1",0,0,0,1,1,3.0668115531206e-47
"Dopaminergic synapse15","Dopaminergic synapse","MMEB9_E1",0,0,0,1,1,4.28693704662799e-43
"Glycosphingolipid biosynthesis - ganglio series15","Glycosphingolipid biosynthesis - ganglio series","MMEB9_E1",0,0,0,1,1,2.11721510920288e-51
"Mucin type O-glycan biosynthesis15","Mucin type O-glycan biosynthesis","MMEB9_E1",0,0,0,1,1,1.70432139482905e-49
"Lipoic acid metabolism15","Lipoic acid metabolism","MMEB9_E1",0,0,0,1,1,9.22067013909575e-51
"NF-kappa B signaling pathway15","NF-kappa B signaling pathway","MMEB9_E1",0,0,0,1,1,3.26937726698076e-45
"Oxytocin signaling pathway15","Oxytocin signaling pathway","MMEB9_E1",1,0,1,0.253504672897196,1,2.12985004267874e-41
"Basal cell carcinoma15","Basal cell carcinoma","MMEB9_E1",0,0,0,1,1,7.09571580437999e-47
"Legionellosis15","Legionellosis","MMEB9_E1",0,0,0,1,1,9.46506051086232e-50
"Measles15","Measles","MMEB9_E1",0,0,0,1,1,7.04114623694527e-43
"Biosynthesis of cofactors15","Biosynthesis of cofactors","MMEB9_E1",0,0,0,1,1,1.04110156544942e-42
"Glycosaminoglycan biosynthesis - keratan sulfate15","Glycosaminoglycan biosynthesis - keratan sulfate","MMEB9_E1",0,0,0,1,1,3.78254977383666e-51
"Alanine, aspartate and glutamate metabolism15","Alanine, aspartate and glutamate metabolism","MMEB9_E1",0,0,0,1,1,3.72814233818603e-50
"Fatty acid biosynthesis15","Fatty acid biosynthesis","MMEB9_E1",0,0,0,1,1,4.73242328634086e-51
"Hypertrophic cardiomyopathy15","Hypertrophic cardiomyopathy","MMEB9_E1",1,0,1,0.233644859813084,1,2.4956115815074e-42
"Glucagon signaling pathway15","Glucagon signaling pathway","MMEB9_E1",0,0,0,1,1,2.43940268324812e-44
"Glycosaminoglycan biosynthesis - heparan sulfate / heparin15","Glycosaminoglycan biosynthesis - heparan sulfate / heparin","MMEB9_E1",0,0,0,1,1,9.64410283585658e-49
"Steroid biosynthesis15","Steroid biosynthesis","MMEB9_E1",0,0,0,1,1,4.42488170913593e-51
"cGMP-PKG signaling pathway15","cGMP-PKG signaling pathway","MMEB9_E1",1,0,1,0.328271028037383,1,2.82662778967641e-39
"Phagosome15","Phagosome","MMEB9_E1",1,0,1,0.212616822429907,1,4.69870604330568e-46
"Arginine and proline metabolism15","Arginine and proline metabolism","MMEB9_E1",0,0,0,1,1,7.39701537945444e-49
"Pyruvate metabolism15","Pyruvate metabolism","MMEB9_E1",0,0,0,1,1,1.64271182832655e-48
"Type II diabetes mellitus15","Type II diabetes mellitus","MMEB9_E1",0,0,0,1,1,8.24319157322309e-48
"Dilated cardiomyopathy15","Dilated cardiomyopathy","MMEB9_E1",1,0,1,0.255841121495327,1,1.76507631815487e-41
"Alcoholic liver disease15","Alcoholic liver disease","MMEB9_E1",0,0,0,1,1,7.62265100657621e-44
"Leukocyte transendothelial migration15","Leukocyte transendothelial migration","MMEB9_E1",0,0,0,1,1,2.29655498102485e-44
"Glycosaminoglycan degradation15","Glycosaminoglycan degradation","MMEB9_E1",0,0,0,1,1,3.61185835554618e-51
"Endocrine and other factor-regulated calcium reabsorption15","Endocrine and other factor-regulated calcium reabsorption","MMEB9_E1",0,0,0,1,1,2.20555200524063e-47
"Ubiquinone and other terpenoid-quinone biosynthesis15","Ubiquinone and other terpenoid-quinone biosynthesis","MMEB9_E1",0,0,0,1,1,4.42488170913593e-51
"Fc epsilon RI signaling pathway15","Fc epsilon RI signaling pathway","MMEB9_E1",0,0,0,1,1,1.46176697456921e-48
"Glycine, serine and threonine metabolism15","Glycine, serine and threonine metabolism","MMEB9_E1",0,0,0,1,1,6.99876590908505e-50
"Pertussis15","Pertussis","MMEB9_E1",0,0,0,1,1,1.73642715923736e-47
"Aldosterone synthesis and secretion15","Aldosterone synthesis and secretion","MMEB9_E1",0,0,0,1,1,2.28743267857382e-44
"Regulation of lipolysis in adipocytes15","Regulation of lipolysis in adipocytes","MMEB9_E1",0,0,0,1,1,8.51680343498796e-47
"Cholinergic synapse15","Cholinergic synapse","MMEB9_E1",0,0,0,1,1,6.44096470130563e-44
"Osteoclast differentiation15","Osteoclast differentiation","MMEB9_E1",1,0,1,0.232476635514019,1,2.46891237413118e-42
"Pentose phosphate pathway15","Pentose phosphate pathway","MMEB9_E1",0,0,0,1,1,4.54050076649354e-49
"beta-Alanine metabolism15","beta-Alanine metabolism","MMEB9_E1",0,0,0,1,1,4.03678510747931e-50
"PPAR signaling pathway15","PPAR signaling pathway","MMEB9_E1",0,0,0,1,1,1.33869071118588e-47
"Folate biosynthesis15","Folate biosynthesis","MMEB9_E1",0,0,0,1,1,3.41189522118342e-50
"Influenza A15","Influenza A","MMEB9_E1",0,0,0,1,1,6.75717915503025e-45
"Th17 cell differentiation15","Th17 cell differentiation","MMEB9_E1",1,0,1,0.202102803738318,1,4.22307061618716e-46
"Cardiac muscle contraction15","Cardiac muscle contraction","MMEB9_E1",0,0,0,1,1,2.22225186592639e-45
"Nicotinate and nicotinamide metabolism15","Nicotinate and nicotinamide metabolism","MMEB9_E1",0,0,0,1,1,1.01551057539246e-50
"Aldosterone-regulated sodium reabsorption15","Aldosterone-regulated sodium reabsorption","MMEB9_E1",0,0,0,1,1,8.28605935355714e-50
"Neutrophil extracellular trap formation15","Neutrophil extracellular trap formation","MMEB9_E1",0,0,0,1,1,6.3121129742328e-45
"Th1 and Th2 cell differentiation15","Th1 and Th2 cell differentiation","MMEB9_E1",1,0,1,0.147196261682243,1,5.63130332968877e-48
"NOD-like receptor signaling pathway15","NOD-like receptor signaling pathway","MMEB9_E1",0,0,0,1,1,5.95483262739201e-42
"Cortisol synthesis and secretion15","Cortisol synthesis and secretion","MMEB9_E1",0,0,0,1,1,1.54567969979588e-45
"GnRH secretion15","GnRH secretion","MMEB9_E1",0,0,0,1,1,4.96029371012799e-47
"Vascular smooth muscle contraction15","Vascular smooth muscle contraction","MMEB9_E1",0,0,0,1,1,4.1451774583833e-42
"Estrogen signaling pathway15","Estrogen signaling pathway","MMEB9_E1",0,0,0,1,1,5.4909893509847e-43
"RIG-I-like receptor signaling pathway15","RIG-I-like receptor signaling pathway","MMEB9_E1",0,0,0,1,1,1.13688150063247e-47
"Amoebiasis15","Amoebiasis","MMEB9_E1",0,0,0,1,1,4.0340548033192e-44
"ECM-receptor interaction15","ECM-receptor interaction","MMEB9_E1",1,0,1,0.241822429906542,1,2.4647724927068e-42
"Renin secretion15","Renin secretion","MMEB9_E1",0,0,0,1,1,2.96565572941184e-46
"Collecting duct acid secretion15","Collecting duct acid secretion","MMEB9_E1",0,0,0,1,1,1.17454113942506e-50
"Viral myocarditis15","Viral myocarditis","MMEB9_E1",0,0,0,1,1,2.15931216856278e-49
"B cell receptor signaling pathway15","B cell receptor signaling pathway","MMEB9_E1",1,0,1,0.117990654205607,1,9.3353131087327e-47
"Glutamatergic synapse15","Glutamatergic synapse","MMEB9_E1",0,0,0,1,1,2.99127260101319e-44
"Cytosolic DNA-sensing pathway15","Cytosolic DNA-sensing pathway","MMEB9_E1",0,0,0,1,1,1.01746492540943e-46
"Glycosphingolipid biosynthesis - globo and isoglobo series15","Glycosphingolipid biosynthesis - globo and isoglobo series","MMEB9_E1",0,0,0,1,1,4.73242328634086e-51
"Galactose metabolism15","Galactose metabolism","MMEB9_E1",0,0,0,1,1,4.66584894292415e-49
"Arginine biosynthesis15","Arginine biosynthesis","MMEB9_E1",0,0,0,1,1,4.77298401883189e-51
"Toll-like receptor signaling pathway15","Toll-like receptor signaling pathway","MMEB9_E1",0,0,0,1,1,3.45274301661583e-46
"Thiamine metabolism15","Thiamine metabolism","MMEB9_E1",0,0,0,1,1,3.99661036919126e-51
"Circadian entrainment15","Circadian entrainment","MMEB9_E1",0,0,0,1,1,9.99545043659187e-45
"Morphine addiction15","Morphine addiction","MMEB9_E1",0,0,0,1,1,7.18642255633452e-45
"Ether lipid metabolism15","Ether lipid metabolism","MMEB9_E1",0,0,0,1,1,4.29077274903331e-49
"Ribosome biogenesis in eukaryotes15","Ribosome biogenesis in eukaryotes","MMEB9_E1",0,0,0,1,1,1.01746492540943e-46
"Synaptic vesicle cycle15","Synaptic vesicle cycle","MMEB9_E1",0,0,0,1,1,5.12495276891522e-47
"Tryptophan metabolism15","Tryptophan metabolism","MMEB9_E1",1,0,1,0.0525700934579439,1,9.55985396234606e-50
"Proximal tubule bicarbonate reclamation15","Proximal tubule bicarbonate reclamation","MMEB9_E1",0,0,0,1,1,6.65526968731325e-51
"Chemical carcinogenesis - receptor activation15","Chemical carcinogenesis - receptor activation","MMEB9_E1",0,0,0,1,1,1.4720691510558e-40
"Leishmaniasis15","Leishmaniasis","MMEB9_E1",0,0,0,1,1,9.69520697611326e-50
"Glycosphingolipid biosynthesis - lacto and neolacto series15","Glycosphingolipid biosynthesis - lacto and neolacto series","MMEB9_E1",0,0,0,1,1,1.8937725775736e-50
"Amphetamine addiction15","Amphetamine addiction","MMEB9_E1",0,0,0,1,1,3.41319574553288e-47
"Thyroid hormone synthesis15","Thyroid hormone synthesis","MMEB9_E1",0,0,0,1,1,3.84072082236684e-47
"Butanoate metabolism15","Butanoate metabolism","MMEB9_E1",0,0,0,1,1,3.78254977383666e-51
"ABC transporters15","ABC transporters","MMEB9_E1",0,0,0,1,1,4.08205702681924e-48
"Antigen processing and presentation15","Antigen processing and presentation","MMEB9_E1",0,0,0,1,1,1.37165082116027e-50
"Ovarian steroidogenesis15","Ovarian steroidogenesis","MMEB9_E1",0,0,0,1,1,1.44689273372831e-48
"Rheumatoid arthritis15","Rheumatoid arthritis","MMEB9_E1",0,0,0,1,1,1.81787436246265e-48
"IL-17 signaling pathway15","IL-17 signaling pathway","MMEB9_E1",0,0,0,1,1,2.40129224147994e-46
"Renin-angiotensin system15","Renin-angiotensin system","MMEB9_E1",0,0,0,1,1,3.36083532337727e-51
"Nitrogen metabolism15","Nitrogen metabolism","MMEB9_E1",0,0,0,1,1,2.49946708191869e-51
"Tuberculosis15","Tuberculosis","MMEB9_E1",0,0,0,1,1,7.87169201811795e-45
"Drug metabolism - other enzymes15","Drug metabolism - other enzymes","MMEB9_E1",0,0,0,1,1,2.49559758479501e-49
"Glycolysis / Gluconeogenesis15","Glycolysis / Gluconeogenesis","MMEB9_E1",0,0,0,1,1,7.51226124333663e-47
"Gastric acid secretion15","Gastric acid secretion","MMEB9_E1",0,0,0,1,1,5.77606809091484e-47
"Cholesterol metabolism15","Cholesterol metabolism","MMEB9_E1",0,0,0,1,1,1.82342348704427e-48
"African trypanosomiasis15","African trypanosomiasis","MMEB9_E1",0,0,0,1,1,5.35656297471955e-50
"GABAergic synapse15","GABAergic synapse","MMEB9_E1",0,0,0,1,1,2.1246893471072e-45
"Chemokine signaling pathway15","Chemokine signaling pathway","MMEB9_E1",0,0,0,1,1,5.53895840047091e-42
"Insulin secretion15","Insulin secretion","MMEB9_E1",0,0,0,1,1,7.22664324663699e-46
"Cocaine addiction15","Cocaine addiction","MMEB9_E1",0,0,0,1,1,9.6108268298158e-49
"Mineral absorption15","Mineral absorption","MMEB9_E1",0,0,0,1,1,8.91185433047266e-48
"Histidine metabolism15","Histidine metabolism","MMEB9_E1",0,0,0,1,1,2.11721510920288e-51
"Vitamin digestion and absorption15","Vitamin digestion and absorption","MMEB9_E1",0,0,0,1,1,1.01551057539246e-50
"Systemic lupus erythematosus15","Systemic lupus erythematosus","MMEB9_E1",0,0,0,1,1,8.68385152640863e-50
"Phenylalanine metabolism15","Phenylalanine metabolism","MMEB9_E1",0,0,0,1,1,1.57556834875396e-51
"Taurine and hypotaurine metabolism15","Taurine and hypotaurine metabolism","MMEB9_E1",0,0,0,1,1,2.49946708191869e-51
"Starch and sucrose metabolism15","Starch and sucrose metabolism","MMEB9_E1",0,0,0,1,1,1.0322234231842e-49
"cAMP signaling pathway15","cAMP signaling pathway","MMEB9_E1",0,0,0,1,1,2.54604484141388e-39
"Protein digestion and absorption15","Protein digestion and absorption","MMEB9_E1",0,0,0,1,1,1.86070895256785e-43
"Primary bile acid biosynthesis15","Primary bile acid biosynthesis","MMEB9_E1",0,0,0,1,1,1.57556834875396e-51
"Calcium signaling pathway15","Calcium signaling pathway","MMEB9_E1",1,0,1,0.412383177570093,1,4.54495789546752e-37
"Porphyrin metabolism15","Porphyrin metabolism","MMEB9_E1",0,0,0,1,1,7.63469186483843e-50
"Malaria15","Malaria","MMEB9_E1",0,0,0,1,1,6.03348915391616e-48
"alpha-Linolenic acid metabolism15","alpha-Linolenic acid metabolism","MMEB9_E1",0,0,0,1,1,1.57556834875396e-51
"Cell adhesion molecules15","Cell adhesion molecules","MMEB9_E1",0,0,0,1,1,7.19013730682266e-46
"Carbohydrate digestion and absorption15","Carbohydrate digestion and absorption","MMEB9_E1",0,0,0,1,1,2.55382660421345e-49
"Serotonergic synapse15","Serotonergic synapse","MMEB9_E1",0,0,0,1,1,7.50986922007016e-47
"JAK-STAT signaling pathway15","JAK-STAT signaling pathway","MMEB9_E1",0,0,0,1,1,2.7646588671846e-42
"Type I diabetes mellitus15","Type I diabetes mellitus","MMEB9_E1",0,0,0,1,1,1.57556834875396e-51
"Arachidonic acid metabolism15","Arachidonic acid metabolism","MMEB9_E1",0,0,0,1,1,1.07631442704272e-49
"Salivary secretion15","Salivary secretion","MMEB9_E1",0,0,0,1,1,3.49566113933615e-47
"Inflammatory bowel disease15","Inflammatory bowel disease","MMEB9_E1",0,0,0,1,1,4.71353054518498e-50
"Natural killer cell mediated cytotoxicity15","Natural killer cell mediated cytotoxicity","MMEB9_E1",1,0,1,0.115654205607477,1,4.76639952409118e-47
"Tyrosine metabolism15","Tyrosine metabolism","MMEB9_E1",0,0,0,1,1,2.50153850532616e-51
"Allograft rejection15","Allograft rejection","MMEB9_E1",0,0,0,1,1,1.57556834875396e-51
"Phototransduction15","Phototransduction","MMEB9_E1",0,0,0,1,1,1.76686063791761e-51
"Primary immunodeficiency15","Primary immunodeficiency","MMEB9_E1",0,0,0,1,1,3.72814233818603e-50
"Linoleic acid metabolism15","Linoleic acid metabolism","MMEB9_E1",0,0,0,1,1,1.57556834875396e-51
"Pentose and glucuronate interconversions15","Pentose and glucuronate interconversions","MMEB9_E1",0,0,0,1,1,4.77298401883189e-51
"Graft-versus-host disease15","Graft-versus-host disease","MMEB9_E1",0,0,0,1,1,1.57556834875396e-51
"Intestinal immune network for IgA production15","Intestinal immune network for IgA production","MMEB9_E1",0,0,0,1,1,3.35525668660061e-51
"Pancreatic secretion15","Pancreatic secretion","MMEB9_E1",0,0,0,1,1,8.05335279087927e-47
"Complement and coagulation cascades15","Complement and coagulation cascades","MMEB9_E1",0,0,0,1,1,4.11166381155169e-48
"Fat digestion and absorption15","Fat digestion and absorption","MMEB9_E1",0,0,0,1,1,4.82428825769769e-51
"Ascorbate and aldarate metabolism15","Ascorbate and aldarate metabolism","MMEB9_E1",0,0,0,1,1,3.13608304795237e-51
"MicroRNAs in cancer15","MicroRNAs in cancer","MMEB9_E1",0,0,0,1,1,1.1391188669731e-38
"Asthma15","Asthma","MMEB9_E1",0,0,0,1,1,1.57556834875396e-51
"Maturity onset diabetes of the young15","Maturity onset diabetes of the young","MMEB9_E1",0,0,0,1,1,1.57556834875396e-51
"Chemical carcinogenesis - DNA adducts15","Chemical carcinogenesis - DNA adducts","MMEB9_E1",0,0,0,1,1,3.55755341032921e-51
"Bile secretion15","Bile secretion","MMEB9_E1",0,0,0,1,1,1.69328320191911e-47
"Metabolism of xenobiotics by cytochrome P45015","Metabolism of xenobiotics by cytochrome P450","MMEB9_E1",0,0,0,1,1,1.55337594051513e-50
"Nicotine addiction15","Nicotine addiction","MMEB9_E1",0,0,0,1,1,3.36083532337727e-51
"Hematopoietic cell lineage15","Hematopoietic cell lineage","MMEB9_E1",0,0,0,1,1,1.03053841754247e-48
"Taste transduction15","Taste transduction","MMEB9_E1",0,0,0,1,1,7.20572385468041e-48
"Drug metabolism - cytochrome P45015","Drug metabolism - cytochrome P450","MMEB9_E1",0,0,0,1,1,3.78254977383666e-51
"Autoimmune thyroid disease15","Autoimmune thyroid disease","MMEB9_E1",0,0,0,1,1,1.57556834875396e-51
"Steroid hormone biosynthesis15","Steroid hormone biosynthesis","MMEB9_E1",0,0,0,1,1,1.01551057539246e-50
"Retinol metabolism15","Retinol metabolism","MMEB9_E1",0,0,0,1,1,1.77045415241781e-50
"Viral protein interaction with cytokine and cytokine receptor15","Viral protein interaction with cytokine and cytokine receptor","MMEB9_E1",0,0,0,1,1,6.60991579771972e-49
"Staphylococcus aureus infection15","Staphylococcus aureus infection","MMEB9_E1",0,0,0,1,1,1.55337594051513e-50
"Cytokine-cytokine receptor interaction15","Cytokine-cytokine receptor interaction","MMEB9_E1",0,0,0,1,1,1.97752508404476e-40
"Neuroactive ligand-receptor interaction15","Neuroactive ligand-receptor interaction","MMEB9_E1",0,0,0,1,1,3.76793609426646e-42
"Olfactory transduction15","Olfactory transduction","MMEB9_E1",0,0,0,1,1,1.01231122793969e-49
"Herpes simplex virus 1 infection16","Herpes simplex virus 1 infection","MMEB9_E2",0,1,-1,0.563084112149533,1,9.49760781210307e-33
"Cell cycle16","Cell cycle","MMEB9_E2",0,0,0,1,1,4.39276374667285e-42
"Endocytosis16","Endocytosis","MMEB9_E2",1,0,1,0.40303738317757,1,9.7667678867378e-39
"Ribosome16","Ribosome","MMEB9_E2",0,0,0,1,1,1.0808390461248e-44
"Autophagy - animal16","Autophagy - animal","MMEB9_E2",1,0,1,0.29088785046729,1,4.44772520987506e-40
"Protein processing in endoplasmic reticulum16","Protein processing in endoplasmic reticulum","MMEB9_E2",0,0,0,1,1,1.48672364054339e-43
"Huntington disease16","Huntington disease","MMEB9_E2",0,0,0,1,1,8.36220529473462e-37
"Ubiquitin mediated proteolysis16","Ubiquitin mediated proteolysis","MMEB9_E2",0,0,0,1,1,2.22593818078074e-43
"Shigellosis16","Shigellosis","MMEB9_E2",0,0,0,1,1,1.23880640191635e-36
"Thermogenesis16","Thermogenesis","MMEB9_E2",0,0,0,1,1,4.09423343227307e-39
"Mitophagy - animal16","Mitophagy - animal","MMEB9_E2",0,0,0,1,1,5.82562186155189e-45
"Parkinson disease16","Parkinson disease","MMEB9_E2",0,0,0,1,1,5.18846813149927e-40
"Amyotrophic lateral sclerosis16","Amyotrophic lateral sclerosis","MMEB9_E2",0,0,0,1,1,5.593695143206e-37
"Cellular senescence16","Cellular senescence","MMEB9_E2",0,0,0,1,1,2.11406839252617e-41
"Chemical carcinogenesis - reactive oxygen species16","Chemical carcinogenesis - reactive oxygen species","MMEB9_E2",0,0,0,1,1,1.32995220578032e-41
"Colorectal cancer16","Colorectal cancer","MMEB9_E2",1,0,1,0.192757009345794,1,5.29941235471492e-44
"Salmonella infection16","Salmonella infection","MMEB9_E2",0,0,0,1,1,6.38441041705628e-40
"ATP-dependent chromatin remodeling16","ATP-dependent chromatin remodeling","MMEB9_E2",0,0,0,1,1,1.52395769114741e-45
"Diabetic cardiomyopathy16","Diabetic cardiomyopathy","MMEB9_E2",0,0,0,1,1,7.77036423180654e-41
"Spliceosome16","Spliceosome","MMEB9_E2",0,0,0,1,1,1.13822176329151e-43
"Viral carcinogenesis16","Viral carcinogenesis","MMEB9_E2",0,0,0,1,1,5.05055879079502e-41
"Pathways of neurodegeneration - multiple diseases16","Pathways of neurodegeneration - multiple diseases","MMEB9_E2",0,1,-1,0.553738317757009,1,3.75215394335162e-34
"Pancreatic cancer16","Pancreatic cancer","MMEB9_E2",0,0,0,1,1,1.19852359899697e-43
"Chronic myeloid leukemia16","Chronic myeloid leukemia","MMEB9_E2",0,0,0,1,1,2.38983490237174e-45
"Polycomb repressive complex16","Polycomb repressive complex","MMEB9_E2",0,0,0,1,1,2.48758364516736e-46
"Alzheimer disease16","Alzheimer disease","MMEB9_E2",0,0,0,1,1,4.98279400381242e-36
"Non-alcoholic fatty liver disease16","Non-alcoholic fatty liver disease","MMEB9_E2",0,0,0,1,1,2.24238335398328e-43
"Nucleocytoplasmic transport16","Nucleocytoplasmic transport","MMEB9_E2",0,0,0,1,1,5.13664968707364e-45
"Human T-cell leukemia virus 1 infection16","Human T-cell leukemia virus 1 infection","MMEB9_E2",0,0,0,1,1,3.18823623656576e-39
"Nucleotide excision repair16","Nucleotide excision repair","MMEB9_E2",0,0,0,1,1,3.32861259200514e-48
"Oxidative phosphorylation16","Oxidative phosphorylation","MMEB9_E2",0,0,0,1,1,2.83747281195661e-45
"Renal cell carcinoma16","Renal cell carcinoma","MMEB9_E2",0,0,0,1,1,3.04276599878215e-46
"Axon guidance16","Axon guidance","MMEB9_E2",0,0,0,1,1,7.33274398422333e-39
"Endometrial cancer16","Endometrial cancer","MMEB9_E2",0,0,0,1,1,4.4231076319583e-47
"mRNA surveillance pathway16","mRNA surveillance pathway","MMEB9_E2",0,0,0,1,1,2.33581350017686e-45
"Focal adhesion16","Focal adhesion","MMEB9_E2",1,0,1,0.414719626168224,1,1.994261874717e-37
"Adherens junction16","Adherens junction","MMEB9_E2",0,0,0,1,1,8.40157411991384e-42
"Prion disease16","Prion disease","MMEB9_E2",0,0,0,1,1,5.56468342882971e-41
"Lysosome16","Lysosome","MMEB9_E2",0,0,0,1,1,2.42444347827073e-44
"MAPK signaling pathway16","MAPK signaling pathway","MMEB9_E2",1,0,1,0.426401869158879,1,3.09525400783339e-36
"Sphingolipid signaling pathway16","Sphingolipid signaling pathway","MMEB9_E2",0,0,0,1,1,5.16127323998444e-44
"Fanconi anemia pathway16","Fanconi anemia pathway","MMEB9_E2",0,0,0,1,1,8.09412851142341e-49
"Neurotrophin signaling pathway16","Neurotrophin signaling pathway","MMEB9_E2",0,0,0,1,1,1.83507012804622e-44
"Phosphatidylinositol signaling system16","Phosphatidylinositol signaling system","MMEB9_E2",0,0,0,1,1,1.42706522134529e-41
"Prostate cancer16","Prostate cancer","MMEB9_E2",0,0,0,1,1,2.97717369611623e-44
"Aminoacyl-tRNA biosynthesis16","Aminoacyl-tRNA biosynthesis","MMEB9_E2",0,0,0,1,1,3.77426799039938e-49
"Base excision repair16","Base excision repair","MMEB9_E2",0,0,0,1,1,1.05666527282218e-48
"p53 signaling pathway16","p53 signaling pathway","MMEB9_E2",0,0,0,1,1,1.81754555450355e-45
"EGFR tyrosine kinase inhibitor resistance16","EGFR tyrosine kinase inhibitor resistance","MMEB9_E2",0,0,0,1,1,7.38979354288455e-44
"Small cell lung cancer16","Small cell lung cancer","MMEB9_E2",1,0,1,0.161214953271028,1,9.76067155607036e-46
"RNA degradation16","RNA degradation","MMEB9_E2",0,0,0,1,1,8.0513021542164e-47
"mTOR signaling pathway16","mTOR signaling pathway","MMEB9_E2",0,0,0,1,1,3.53079937005654e-40
"Endocrine resistance16","Endocrine resistance","MMEB9_E2",0,0,0,1,1,7.87015816138447e-44
"Lysine degradation16","Lysine degradation","MMEB9_E2",0,0,0,1,1,9.60283643396627e-47
"Viral life cycle - HIV-116","Viral life cycle - HIV-1","MMEB9_E2",0,0,0,1,1,6.08343160367397e-48
"Longevity regulating pathway16","Longevity regulating pathway","MMEB9_E2",0,0,0,1,1,3.63950840130165e-45
"Insulin resistance16","Insulin resistance","MMEB9_E2",0,0,0,1,1,2.19827635610894e-42
"Inositol phosphate metabolism16","Inositol phosphate metabolism","MMEB9_E2",0,0,0,1,1,6.76846941827597e-44
"Platinum drug resistance16","Platinum drug resistance","MMEB9_E2",0,0,0,1,1,3.37726194868022e-46
"Bacterial invasion of epithelial cells16","Bacterial invasion of epithelial cells","MMEB9_E2",0,0,0,1,1,1.30707867406245e-44
"Hepatocellular carcinoma16","Hepatocellular carcinoma","MMEB9_E2",0,0,0,1,1,4.39397480212237e-40
"Insulin signaling pathway16","Insulin signaling pathway","MMEB9_E2",0,0,0,1,1,1.54860089344842e-41
"Human cytomegalovirus infection16","Human cytomegalovirus infection","MMEB9_E2",0,0,0,1,1,1.31534824663181e-37
"Human papillomavirus infection16","Human papillomavirus infection","MMEB9_E2",1,1,0,1,1,1.26113061811074e-33
"Proteoglycans in cancer16","Proteoglycans in cancer","MMEB9_E2",0,0,0,1,1,9.25940732401964e-37
"TGF-beta signaling pathway16","TGF-beta signaling pathway","MMEB9_E2",0,0,0,1,1,1.7764001394355e-40
"RNA polymerase16","RNA polymerase","MMEB9_E2",0,0,0,1,1,4.05832805553921e-49
"FoxO signaling pathway16","FoxO signaling pathway","MMEB9_E2",0,0,0,1,1,7.19525144539715e-43
"AGE-RAGE signaling pathway in diabetic complications16","AGE-RAGE signaling pathway in diabetic complications","MMEB9_E2",0,0,0,1,1,2.29717606473164e-42
"Hepatitis B16","Hepatitis B","MMEB9_E2",0,0,0,1,1,1.59872812929112e-41
"Longevity regulating pathway - multiple species16","Longevity regulating pathway - multiple species","MMEB9_E2",0,0,0,1,1,1.05599350906058e-46
"Yersinia infection16","Yersinia infection","MMEB9_E2",0,0,0,1,1,9.84808301500549e-43
"N-Glycan biosynthesis16","N-Glycan biosynthesis","MMEB9_E2",0,0,0,1,1,1.49701256818337e-48
"Non-small cell lung cancer16","Non-small cell lung cancer","MMEB9_E2",0,0,0,1,1,9.3078988636314e-46
"Rap1 signaling pathway16","Rap1 signaling pathway","MMEB9_E2",0,0,0,1,1,1.80903179084556e-37
"Choline metabolism in cancer16","Choline metabolism in cancer","MMEB9_E2",0,0,0,1,1,3.30107975436735e-44
"TNF signaling pathway16","TNF signaling pathway","MMEB9_E2",0,0,0,1,1,3.28729121532263e-44
"Glioma16","Glioma","MMEB9_E2",0,0,0,1,1,6.30773032317571e-46
"Human immunodeficiency virus 1 infection16","Human immunodeficiency virus 1 infection","MMEB9_E2",0,0,0,1,1,5.17719860046452e-42
"Apoptosis16","Apoptosis","MMEB9_E2",0,0,0,1,1,1.99778917826683e-43
"AMPK signaling pathway16","AMPK signaling pathway","MMEB9_E2",0,0,0,1,1,2.21318832719195e-42
"Fatty acid metabolism16","Fatty acid metabolism","MMEB9_E2",0,0,0,1,1,1.0338160668362e-47
"DNA replication16","DNA replication","MMEB9_E2",0,0,0,1,1,1.16702431118799e-49
"Pathogenic Escherichia coli infection16","Pathogenic Escherichia coli infection","MMEB9_E2",0,0,0,1,1,9.58632502680858e-42
"PD-L1 expression and PD-1 checkpoint pathway in cancer16","PD-L1 expression and PD-1 checkpoint pathway in cancer","MMEB9_E2",0,0,0,1,1,1.0808390461248e-44
"Hippo signaling pathway16","Hippo signaling pathway","MMEB9_E2",0,0,0,1,1,3.03013559856117e-38
"Valine, leucine and isoleucine degradation16","Valine, leucine and isoleucine degradation","MMEB9_E2",0,0,0,1,1,3.04350028577585e-49
"Peroxisome16","Peroxisome","MMEB9_E2",0,0,0,1,1,7.97149028266915e-48
"Homologous recombination16","Homologous recombination","MMEB9_E2",0,0,0,1,1,4.68889191637513e-50
"Bladder cancer16","Bladder cancer","MMEB9_E2",0,0,0,1,1,5.08616472978109e-47
"Fluid shear stress and atherosclerosis16","Fluid shear stress and atherosclerosis","MMEB9_E2",0,0,0,1,1,7.55210054201366e-43
"SNARE interactions in vesicular transport16","SNARE interactions in vesicular transport","MMEB9_E2",0,0,0,1,1,2.19242512178981e-50
"Autophagy - other16","Autophagy - other","MMEB9_E2",0,0,0,1,1,6.81193480909181e-50
"Proteasome16","Proteasome","MMEB9_E2",0,0,0,1,1,1.490701648156e-48
"Protein export16","Protein export","MMEB9_E2",0,0,0,1,1,2.0258842613729e-50
"Thyroid hormone signaling pathway16","Thyroid hormone signaling pathway","MMEB9_E2",0,0,0,1,1,9.89557517664545e-42
"Amino sugar and nucleotide sugar metabolism16","Amino sugar and nucleotide sugar metabolism","MMEB9_E2",0,0,0,1,1,1.32810762745139e-48
"Nucleotide metabolism16","Nucleotide metabolism","MMEB9_E2",1,0,1,0.128504672897196,1,2.77906438202093e-46
"ErbB signaling pathway16","ErbB signaling pathway","MMEB9_E2",1,0,1,0.171728971962617,1,1.33756688368856e-44
"Thyroid cancer16","Thyroid cancer","MMEB9_E2",0,0,0,1,1,5.63425552324174e-50
"Various types of N-glycan biosynthesis16","Various types of N-glycan biosynthesis","MMEB9_E2",0,0,0,1,1,2.29940527248864e-48
"Spinocerebellar ataxia16","Spinocerebellar ataxia","MMEB9_E2",0,0,0,1,1,4.58044871307451e-43
"Basal transcription factors16","Basal transcription factors","MMEB9_E2",0,0,0,1,1,5.90814759026965e-50
"Regulation of actin cytoskeleton16","Regulation of actin cytoskeleton","MMEB9_E2",1,0,1,0.357476635514019,1,2.17373440475586e-38
"Melanoma16","Melanoma","MMEB9_E2",0,0,0,1,1,4.20801336802175e-46
"Tight junction16","Tight junction","MMEB9_E2",0,0,0,1,1,4.29266502707353e-41
"Apoptosis - multiple species16","Apoptosis - multiple species","MMEB9_E2",0,0,0,1,1,6.41126035405636e-49
"Glycosylphosphatidylinositol (GPI)-anchor biosynthesis16","Glycosylphosphatidylinositol (GPI)-anchor biosynthesis","MMEB9_E2",0,0,0,1,1,1.85115927696415e-50
"Biosynthesis of nucleotide sugars16","Biosynthesis of nucleotide sugars","MMEB9_E2",0,0,0,1,1,3.24880952160201e-49
"Epithelial cell signaling in Helicobacter pylori infection16","Epithelial cell signaling in Helicobacter pylori infection","MMEB9_E2",0,0,0,1,1,6.53487076185332e-46
"Epstein-Barr virus infection16","Epstein-Barr virus infection","MMEB9_E2",0,0,0,1,1,6.65650288557879e-41
"Selenocompound metabolism16","Selenocompound metabolism","MMEB9_E2",0,0,0,1,1,4.74066369523665e-51
"Other types of O-glycan biosynthesis16","Other types of O-glycan biosynthesis","MMEB9_E2",0,0,0,1,1,2.31882695587538e-48
"Notch signaling pathway16","Notch signaling pathway","MMEB9_E2",0,0,0,1,1,3.72554997184834e-48
"Fc gamma R-mediated phagocytosis16","Fc gamma R-mediated phagocytosis","MMEB9_E2",0,0,0,1,1,4.81773776604568e-46
"Citrate cycle (TCA cycle)16","Citrate cycle (TCA cycle)","MMEB9_E2",0,0,0,1,1,1.85205713635353e-49
"Apelin signaling pathway16","Apelin signaling pathway","MMEB9_E2",0,0,0,1,1,5.09371492383634e-41
"Mismatch repair16","Mismatch repair","MMEB9_E2",0,0,0,1,1,1.83668503279228e-50
"Carbon metabolism16","Carbon metabolism","MMEB9_E2",0,0,0,1,1,3.61144917093176e-45
"Hedgehog signaling pathway16","Hedgehog signaling pathway","MMEB9_E2",0,0,0,1,1,1.96576265790596e-46
"Chagas disease16","Chagas disease","MMEB9_E2",0,0,0,1,1,4.98923745012318e-44
"Growth hormone synthesis, secretion and action16","Growth hormone synthesis, secretion and action","MMEB9_E2",0,0,0,1,1,3.92161434558591e-43
"Kaposi sarcoma-associated herpesvirus infection16","Kaposi sarcoma-associated herpesvirus infection","MMEB9_E2",0,0,0,1,1,3.49837471385213e-40
"Hippo signaling pathway - multiple species16","Hippo signaling pathway - multiple species","MMEB9_E2",0,0,0,1,1,1.00854524630605e-47
"VEGF signaling pathway16","VEGF signaling pathway","MMEB9_E2",0,0,0,1,1,6.60768743987267e-48
"Gap junction16","Gap junction","MMEB9_E2",0,0,0,1,1,3.59336760552845e-44
"Vasopressin-regulated water reabsorption16","Vasopressin-regulated water reabsorption","MMEB9_E2",0,0,0,1,1,8.90964817683193e-49
"Progesterone-mediated oocyte maturation16","Progesterone-mediated oocyte maturation","MMEB9_E2",0,0,0,1,1,1.52611571803026e-46
"Glycosaminoglycan biosynthesis - chondroitin sulfate / dermatan sulfate16","Glycosaminoglycan biosynthesis - chondroitin sulfate / dermatan sulfate","MMEB9_E2",0,0,0,1,1,1.240282175643e-50
"T cell receptor signaling pathway16","T cell receptor signaling pathway","MMEB9_E2",0,0,0,1,1,1.06985916126916e-45
"Oocyte meiosis16","Oocyte meiosis","MMEB9_E2",0,0,0,1,1,7.59387995804835e-46
"Phospholipase D signaling pathway16","Phospholipase D signaling pathway","MMEB9_E2",0,0,0,1,1,3.64663179678616e-41
"Acute myeloid leukemia16","Acute myeloid leukemia","MMEB9_E2",0,0,0,1,1,8.63228492518429e-46
"One carbon pool by folate16","One carbon pool by folate","MMEB9_E2",0,0,0,1,1,2.48273241296229e-51
"Propanoate metabolism16","Propanoate metabolism","MMEB9_E2",0,0,0,1,1,5.63425552324174e-50
"Wnt signaling pathway16","Wnt signaling pathway","MMEB9_E2",0,0,0,1,1,5.02836721951307e-39
"Breast cancer16","Breast cancer","MMEB9_E2",0,0,0,1,1,1.23096976634986e-41
"Adipocytokine signaling pathway16","Adipocytokine signaling pathway","MMEB9_E2",0,0,0,1,1,1.45331653709387e-47
"Central carbon metabolism in cancer16","Central carbon metabolism in cancer","MMEB9_E2",0,0,0,1,1,3.39153823517113e-45
"Glyoxylate and dicarboxylate metabolism16","Glyoxylate and dicarboxylate metabolism","MMEB9_E2",0,0,0,1,1,9.50690751431239e-51
"Relaxin signaling pathway16","Relaxin signaling pathway","MMEB9_E2",0,0,0,1,1,7.34646042414595e-42
"Ferroptosis16","Ferroptosis","MMEB9_E2",0,0,0,1,1,1.09954777260417e-48
"Sphingolipid metabolism16","Sphingolipid metabolism","MMEB9_E2",0,0,0,1,1,8.93377772742503e-47
"Toxoplasmosis16","Toxoplasmosis","MMEB9_E2",1,0,1,0.155373831775701,1,1.61190659524136e-45
"Ras signaling pathway16","Ras signaling pathway","MMEB9_E2",0,0,0,1,1,7.6822727323216e-40
"Pyrimidine metabolism16","Pyrimidine metabolism","MMEB9_E2",0,0,0,1,1,1.77582553784734e-48
"GnRH signaling pathway16","GnRH signaling pathway","MMEB9_E2",0,0,0,1,1,1.29698372086674e-44
"Coronavirus disease - COVID-1916","Coronavirus disease - COVID-19","MMEB9_E2",0,0,0,1,1,1.87844198730193e-41
"Mannose type O-glycan biosynthesis16","Mannose type O-glycan biosynthesis","MMEB9_E2",0,0,0,1,1,9.50690751431239e-51
"Terpenoid backbone biosynthesis16","Terpenoid backbone biosynthesis","MMEB9_E2",0,0,0,1,1,3.15221800874885e-51
"Cysteine and methionine metabolism16","Cysteine and methionine metabolism","MMEB9_E2",0,0,0,1,1,1.59033388819443e-47
"Circadian rhythm16","Circadian rhythm","MMEB9_E2",0,0,0,1,1,3.24880952160201e-49
"Fatty acid elongation16","Fatty acid elongation","MMEB9_E2",0,0,0,1,1,1.04973876217747e-49
"Biosynthesis of unsaturated fatty acids16","Biosynthesis of unsaturated fatty acids","MMEB9_E2",0,0,0,1,1,2.8141709904418e-49
"Inflammatory mediator regulation of TRP channels16","Inflammatory mediator regulation of TRP channels","MMEB9_E2",0,0,0,1,1,9.73705696409747e-44
"Parathyroid hormone synthesis, secretion and action16","Parathyroid hormone synthesis, secretion and action","MMEB9_E2",0,0,0,1,1,1.69255901073784e-43
"Sulfur metabolism16","Sulfur metabolism","MMEB9_E2",0,0,0,1,1,3.73016967791184e-51
"Vibrio cholerae infection16","Vibrio cholerae infection","MMEB9_E2",0,0,0,1,1,5.56565381396012e-48
"Signaling pathways regulating pluripotency of stem cells16","Signaling pathways regulating pluripotency of stem cells","MMEB9_E2",0,0,0,1,1,9.39425816447541e-41
"HIF-1 signaling pathway16","HIF-1 signaling pathway","MMEB9_E2",0,0,0,1,1,4.15053503180093e-42
"Purine metabolism16","Purine metabolism","MMEB9_E2",1,0,1,0.198598130841121,1,7.01186550235366e-44
"Fatty acid degradation16","Fatty acid degradation","MMEB9_E2",0,0,0,1,1,1.17724880365806e-49
"Glutathione metabolism16","Glutathione metabolism","MMEB9_E2",0,0,0,1,1,9.58065846204494e-48
"Transcriptional misregulation in cancer16","Transcriptional misregulation in cancer","MMEB9_E2",0,0,0,1,1,4.67951253685665e-40
"2-Oxocarboxylic acid metabolism16","2-Oxocarboxylic acid metabolism","MMEB9_E2",0,0,0,1,1,8.13705891209171e-50
"Adrenergic signaling in cardiomyocytes16","Adrenergic signaling in cardiomyocytes","MMEB9_E2",0,0,0,1,1,3.44084250164936e-42
"Gastric cancer16","Gastric cancer","MMEB9_E2",0,0,0,1,1,3.09163301565861e-41
"Long-term potentiation16","Long-term potentiation","MMEB9_E2",0,0,0,1,1,8.42989512554246e-48
"Motor proteins16","Motor proteins","MMEB9_E2",0,0,0,1,1,1.74732281773813e-40
"Biosynthesis of amino acids16","Biosynthesis of amino acids","MMEB9_E2",0,0,0,1,1,4.03473044025652e-47
"Other glycan degradation16","Other glycan degradation","MMEB9_E2",0,0,0,1,1,2.58136581606874e-51
"Non-homologous end-joining16","Non-homologous end-joining","MMEB9_E2",0,0,0,1,1,1.79859843344849e-51
"Glycerophospholipid metabolism16","Glycerophospholipid metabolism","MMEB9_E2",0,0,0,1,1,1.28664766567731e-44
"C-type lectin receptor signaling pathway16","C-type lectin receptor signaling pathway","MMEB9_E2",0,0,0,1,1,4.23352131177888e-44
"Lipid and atherosclerosis16","Lipid and atherosclerosis","MMEB9_E2",0,0,0,1,1,1.06189584943174e-40
"Hepatitis C16","Hepatitis C","MMEB9_E2",0,0,0,1,1,4.29867110868625e-42
"PI3K-Akt signaling pathway16","PI3K-Akt signaling pathway","MMEB9_E2",2,1,0.584962500721156,0.719626168224299,1,7.77544427768782e-34
"Long-term depression16","Long-term depression","MMEB9_E2",0,0,0,1,1,2.59368920862502e-47
"Arrhythmogenic right ventricular cardiomyopathy16","Arrhythmogenic right ventricular cardiomyopathy","MMEB9_E2",1,0,1,0.200934579439252,1,6.11227549983245e-44
"Necroptosis16","Necroptosis","MMEB9_E2",0,0,0,1,1,8.6708622590925e-44
"Retrograde endocannabinoid signaling16","Retrograde endocannabinoid signaling","MMEB9_E2",0,0,0,1,1,3.67260163910927e-44
"Pantothenate and CoA biosynthesis16","Pantothenate and CoA biosynthesis","MMEB9_E2",0,0,0,1,1,4.74066369523665e-51
"Cushing syndrome16","Cushing syndrome","MMEB9_E2",0,0,0,1,1,6.59391795854653e-42
"Fructose and mannose metabolism16","Fructose and mannose metabolism","MMEB9_E2",0,0,0,1,1,3.24880952160201e-49
"Platelet activation16","Platelet activation","MMEB9_E2",0,0,0,1,1,8.89087891525154e-43
"Efferocytosis16","Efferocytosis","MMEB9_E2",0,0,0,1,1,5.0920448138005e-42
"Antifolate resistance16","Antifolate resistance","MMEB9_E2",0,0,0,1,1,6.70902052884458e-50
"Alcoholism16","Alcoholism","MMEB9_E2",0,0,0,1,1,9.60199445356013e-45
"Melanogenesis16","Melanogenesis","MMEB9_E2",0,0,0,1,1,3.35317750197105e-44
"Prolactin signaling pathway16","Prolactin signaling pathway","MMEB9_E2",0,0,0,1,1,2.69441703365563e-48
"Glycerolipid metabolism16","Glycerolipid metabolism","MMEB9_E2",0,0,0,1,1,2.02063941925877e-46
"Dopaminergic synapse16","Dopaminergic synapse","MMEB9_E2",0,0,0,1,1,2.27162745883515e-44
"Glycosphingolipid biosynthesis - ganglio series16","Glycosphingolipid biosynthesis - ganglio series","MMEB9_E2",0,0,0,1,1,1.4815375156135e-50
"Mucin type O-glycan biosynthesis16","Mucin type O-glycan biosynthesis","MMEB9_E2",0,0,0,1,1,2.02620830629741e-48
"Lipoic acid metabolism16","Lipoic acid metabolism","MMEB9_E2",0,0,0,1,1,5.49721518960616e-51
"NF-kappa B signaling pathway16","NF-kappa B signaling pathway","MMEB9_E2",0,0,0,1,1,6.02300552674968e-46
"Oxytocin signaling pathway16","Oxytocin signaling pathway","MMEB9_E2",0,0,0,1,1,3.03708302211599e-43
"Basal cell carcinoma16","Basal cell carcinoma","MMEB9_E2",0,0,0,1,1,7.20252393671027e-46
"Legionellosis16","Legionellosis","MMEB9_E2",0,0,0,1,1,6.92607445226174e-50
"Measles16","Measles","MMEB9_E2",0,0,0,1,1,2.76661303196384e-44
"Biosynthesis of cofactors16","Biosynthesis of cofactors","MMEB9_E2",1,0,1,0.20911214953271,1,1.19758158813158e-43
"Glycosaminoglycan biosynthesis - keratan sulfate16","Glycosaminoglycan biosynthesis - keratan sulfate","MMEB9_E2",0,0,0,1,1,9.27659746383999e-51
"Alanine, aspartate and glutamate metabolism16","Alanine, aspartate and glutamate metabolism","MMEB9_E2",0,0,0,1,1,1.30683216974261e-49
"Fatty acid biosynthesis16","Fatty acid biosynthesis","MMEB9_E2",0,0,0,1,1,1.99577289737487e-51
"Hypertrophic cardiomyopathy16","Hypertrophic cardiomyopathy","MMEB9_E2",1,0,1,0.189252336448598,1,1.25676547323639e-44
"Glucagon signaling pathway16","Glucagon signaling pathway","MMEB9_E2",0,0,0,1,1,7.20252393671027e-46
"Glycosaminoglycan biosynthesis - heparan sulfate / heparin16","Glycosaminoglycan biosynthesis - heparan sulfate / heparin","MMEB9_E2",0,0,0,1,1,1.23590442163512e-48
"Steroid biosynthesis16","Steroid biosynthesis","MMEB9_E2",0,0,0,1,1,1.61789759673961e-51
"cGMP-PKG signaling pathway16","cGMP-PKG signaling pathway","MMEB9_E2",0,0,0,1,1,3.30347546385076e-41
"Phagosome16","Phagosome","MMEB9_E2",0,0,0,1,1,1.17118686714361e-43
"Arginine and proline metabolism16","Arginine and proline metabolism","MMEB9_E2",0,0,0,1,1,7.43038374900351e-49
"Pyruvate metabolism16","Pyruvate metabolism","MMEB9_E2",0,0,0,1,1,1.16702431118799e-49
"Type II diabetes mellitus16","Type II diabetes mellitus","MMEB9_E2",0,0,0,1,1,9.73766660697887e-48
"Dilated cardiomyopathy16","Dilated cardiomyopathy","MMEB9_E2",1,0,1,0.20911214953271,1,1.30485780193662e-43
"Alcoholic liver disease16","Alcoholic liver disease","MMEB9_E2",0,0,0,1,1,3.41069058163242e-44
"Leukocyte transendothelial migration16","Leukocyte transendothelial migration","MMEB9_E2",0,0,0,1,1,1.25199205126377e-43
"Glycosaminoglycan degradation16","Glycosaminoglycan degradation","MMEB9_E2",0,0,0,1,1,4.12559409505178e-51
"Endocrine and other factor-regulated calcium reabsorption16","Endocrine and other factor-regulated calcium reabsorption","MMEB9_E2",0,0,0,1,1,1.85324233180803e-46
"Ubiquinone and other terpenoid-quinone biosynthesis16","Ubiquinone and other terpenoid-quinone biosynthesis","MMEB9_E2",0,0,0,1,1,2.26477543543589e-51
"Fc epsilon RI signaling pathway16","Fc epsilon RI signaling pathway","MMEB9_E2",0,0,0,1,1,2.25757049423635e-48
"Glycine, serine and threonine metabolism16","Glycine, serine and threonine metabolism","MMEB9_E2",0,0,0,1,1,6.27476137238456e-49
"Pertussis16","Pertussis","MMEB9_E2",0,0,0,1,1,7.429783195887e-50
"Aldosterone synthesis and secretion16","Aldosterone synthesis and secretion","MMEB9_E2",0,0,0,1,1,2.9503595839642e-45
"Regulation of lipolysis in adipocytes16","Regulation of lipolysis in adipocytes","MMEB9_E2",0,0,0,1,1,2.85020859015555e-46
"Cholinergic synapse16","Cholinergic synapse","MMEB9_E2",0,0,0,1,1,2.11835436579264e-45
"Osteoclast differentiation16","Osteoclast differentiation","MMEB9_E2",0,0,0,1,1,7.87015816138447e-44
"Pentose phosphate pathway16","Pentose phosphate pathway","MMEB9_E2",0,0,0,1,1,2.66195729409818e-50
"beta-Alanine metabolism16","beta-Alanine metabolism","MMEB9_E2",0,0,0,1,1,5.35318792154557e-50
"PPAR signaling pathway16","PPAR signaling pathway","MMEB9_E2",0,0,0,1,1,2.50819304372037e-48
"Folate biosynthesis16","Folate biosynthesis","MMEB9_E2",0,0,0,1,1,3.75971241867996e-51
"Influenza A16","Influenza A","MMEB9_E2",0,0,0,1,1,1.26089405936381e-44
"Th17 cell differentiation16","Th17 cell differentiation","MMEB9_E2",0,0,0,1,1,1.52660876385597e-45
"Cardiac muscle contraction16","Cardiac muscle contraction","MMEB9_E2",0,0,0,1,1,3.04593969614828e-46
"Nicotinate and nicotinamide metabolism16","Nicotinate and nicotinamide metabolism","MMEB9_E2",0,0,0,1,1,5.75420349023553e-50
"Aldosterone-regulated sodium reabsorption16","Aldosterone-regulated sodium reabsorption","MMEB9_E2",0,0,0,1,1,4.02667999748404e-49
"Neutrophil extracellular trap formation16","Neutrophil extracellular trap formation","MMEB9_E2",0,0,0,1,1,8.41154712277739e-44
"Th1 and Th2 cell differentiation16","Th1 and Th2 cell differentiation","MMEB9_E2",0,0,0,1,1,5.4572662546246e-47
"NOD-like receptor signaling pathway16","NOD-like receptor signaling pathway","MMEB9_E2",0,0,0,1,1,9.82915776018994e-44
"Cortisol synthesis and secretion16","Cortisol synthesis and secretion","MMEB9_E2",0,0,0,1,1,8.93377772742503e-47
"GnRH secretion16","GnRH secretion","MMEB9_E2",0,0,0,1,1,2.02620830629741e-48
"Vascular smooth muscle contraction16","Vascular smooth muscle contraction","MMEB9_E2",0,0,0,1,1,1.66358047433077e-43
"Estrogen signaling pathway16","Estrogen signaling pathway","MMEB9_E2",0,0,0,1,1,1.29831291942922e-44
"RIG-I-like receptor signaling pathway16","RIG-I-like receptor signaling pathway","MMEB9_E2",0,0,0,1,1,2.98299729297097e-49
"Amoebiasis16","Amoebiasis","MMEB9_E2",0,0,0,1,1,1.01166796289707e-43
"ECM-receptor interaction16","ECM-receptor interaction","MMEB9_E2",1,0,1,0.267523364485981,1,2.62369741738968e-42
"Renin secretion16","Renin secretion","MMEB9_E2",0,0,0,1,1,1.49069846005866e-45
"Collecting duct acid secretion16","Collecting duct acid secretion","MMEB9_E2",0,0,0,1,1,1.96758959775434e-50
"Viral myocarditis16","Viral myocarditis","MMEB9_E2",0,0,0,1,1,4.83336587818728e-49
"B cell receptor signaling pathway16","B cell receptor signaling pathway","MMEB9_E2",0,0,0,1,1,3.82796960122793e-47
"Glutamatergic synapse16","Glutamatergic synapse","MMEB9_E2",0,0,0,1,1,9.46589088294628e-45
"Cytosolic DNA-sensing pathway16","Cytosolic DNA-sensing pathway","MMEB9_E2",0,0,0,1,1,1.1555386231407e-46
"Glycosphingolipid biosynthesis - globo and isoglobo series16","Glycosphingolipid biosynthesis - globo and isoglobo series","MMEB9_E2",0,0,0,1,1,8.38242739917796e-51
"Galactose metabolism16","Galactose metabolism","MMEB9_E2",0,0,0,1,1,1.90072267672718e-50
"Arginine biosynthesis16","Arginine biosynthesis","MMEB9_E2",0,0,0,1,1,8.38242739917796e-51
"Toll-like receptor signaling pathway16","Toll-like receptor signaling pathway","MMEB9_E2",0,0,0,1,1,8.93377772742503e-47
"Thiamine metabolism16","Thiamine metabolism","MMEB9_E2",1,0,1,0.0210280373831776,1,2.58136581606874e-51
"Circadian entrainment16","Circadian entrainment","MMEB9_E2",0,0,0,1,1,1.0808390461248e-44
"Morphine addiction16","Morphine addiction","MMEB9_E2",0,0,0,1,1,6.86119274683725e-46
"Ether lipid metabolism16","Ether lipid metabolism","MMEB9_E2",0,0,0,1,1,1.04973876217747e-49
"Ribosome biogenesis in eukaryotes16","Ribosome biogenesis in eukaryotes","MMEB9_E2",0,0,0,1,1,3.32156632954542e-47
"Synaptic vesicle cycle16","Synaptic vesicle cycle","MMEB9_E2",0,0,0,1,1,2.93320335463616e-47
"Tryptophan metabolism16","Tryptophan metabolism","MMEB9_E2",0,0,0,1,1,5.63425552324174e-50
"Proximal tubule bicarbonate reclamation16","Proximal tubule bicarbonate reclamation","MMEB9_E2",0,0,0,1,1,1.19395663156333e-50
"Chemical carcinogenesis - receptor activation16","Chemical carcinogenesis - receptor activation","MMEB9_E2",0,0,0,1,1,2.45655290740614e-40
"Leishmaniasis16","Leishmaniasis","MMEB9_E2",0,0,0,1,1,1.01915730390338e-49
"Glycosphingolipid biosynthesis - lacto and neolacto series16","Glycosphingolipid biosynthesis - lacto and neolacto series","MMEB9_E2",0,0,0,1,1,5.38112132684693e-51
"Amphetamine addiction16","Amphetamine addiction","MMEB9_E2",0,0,0,1,1,2.95647660220062e-48
"Thyroid hormone synthesis16","Thyroid hormone synthesis","MMEB9_E2",0,0,0,1,1,4.59790537137366e-47
"Butanoate metabolism16","Butanoate metabolism","MMEB9_E2",0,0,0,1,1,5.66702399090246e-51
"ABC transporters16","ABC transporters","MMEB9_E2",0,0,0,1,1,1.79666822099233e-49
"Antigen processing and presentation16","Antigen processing and presentation","MMEB9_E2",0,0,0,1,1,5.75420349023553e-50
"Ovarian steroidogenesis16","Ovarian steroidogenesis","MMEB9_E2",0,0,0,1,1,6.27476137238456e-49
"Rheumatoid arthritis16","Rheumatoid arthritis","MMEB9_E2",0,0,0,1,1,5.20015185233084e-47
"IL-17 signaling pathway16","IL-17 signaling pathway","MMEB9_E2",0,0,0,1,1,2.41708936662414e-48
"Renin-angiotensin system16","Renin-angiotensin system","MMEB9_E2",0,0,0,1,1,4.74066369523665e-51
"Nitrogen metabolism16","Nitrogen metabolism","MMEB9_E2",0,0,0,1,1,1.21357713294527e-51
"Tuberculosis16","Tuberculosis","MMEB9_E2",0,0,0,1,1,1.19852359899697e-43
"Drug metabolism - other enzymes16","Drug metabolism - other enzymes","MMEB9_E2",0,0,0,1,1,5.56565381396012e-48
"Glycolysis / Gluconeogenesis16","Glycolysis / Gluconeogenesis","MMEB9_E2",0,0,0,1,1,1.15051177656492e-48
"Gastric acid secretion16","Gastric acid secretion","MMEB9_E2",0,0,0,1,1,5.18805589972905e-46
"Cholesterol metabolism16","Cholesterol metabolism","MMEB9_E2",0,0,0,1,1,6.20336906641902e-49
"African trypanosomiasis16","African trypanosomiasis","MMEB9_E2",0,0,0,1,1,1.79666822099233e-49
"GABAergic synapse16","GABAergic synapse","MMEB9_E2",0,0,0,1,1,2.36440840215531e-46
"Chemokine signaling pathway16","Chemokine signaling pathway","MMEB9_E2",0,0,0,1,1,2.86814448051766e-42
"Insulin secretion16","Insulin secretion","MMEB9_E2",0,0,0,1,1,2.38746075419248e-45
"Cocaine addiction16","Cocaine addiction","MMEB9_E2",0,0,0,1,1,8.64166019011897e-50
"Mineral absorption16","Mineral absorption","MMEB9_E2",0,0,0,1,1,5.39073392469913e-49
"Histidine metabolism16","Histidine metabolism","MMEB9_E2",0,0,0,1,1,1.95777757177766e-51
"Vitamin digestion and absorption16","Vitamin digestion and absorption","MMEB9_E2",0,0,0,1,1,4.09070180780339e-51
"Systemic lupus erythematosus16","Systemic lupus erythematosus","MMEB9_E2",0,0,0,1,1,1.05999351857171e-48
"Phenylalanine metabolism16","Phenylalanine metabolism","MMEB9_E2",0,0,0,1,1,6.75300628114292e-52
"Taurine and hypotaurine metabolism16","Taurine and hypotaurine metabolism","MMEB9_E2",0,0,0,1,1,1.79859843344849e-51
"Starch and sucrose metabolism16","Starch and sucrose metabolism","MMEB9_E2",0,0,0,1,1,4.788135041728e-50
"cAMP signaling pathway16","cAMP signaling pathway","MMEB9_E2",0,0,0,1,1,1.83021463223769e-41
"Protein digestion and absorption16","Protein digestion and absorption","MMEB9_E2",0,0,0,1,1,4.57069867024638e-43
"Primary bile acid biosynthesis16","Primary bile acid biosynthesis","MMEB9_E2",0,0,0,1,1,5.50237975111823e-52
"Calcium signaling pathway16","Calcium signaling pathway","MMEB9_E2",0,0,0,1,1,2.3090959546369e-37
"Porphyrin metabolism16","Porphyrin metabolism","MMEB9_E2",0,0,0,1,1,8.38242739917796e-51
"Malaria16","Malaria","MMEB9_E2",0,0,0,1,1,6.27476137238456e-49
"alpha-Linolenic acid metabolism16","alpha-Linolenic acid metabolism","MMEB9_E2",0,0,0,1,1,7.07635404531853e-52
"Cell adhesion molecules16","Cell adhesion molecules","MMEB9_E2",1,0,1,0.18107476635514,1,1.63451472276544e-44
"Carbohydrate digestion and absorption16","Carbohydrate digestion and absorption","MMEB9_E2",0,0,0,1,1,3.77426799039938e-49
"Serotonergic synapse16","Serotonergic synapse","MMEB9_E2",0,0,0,1,1,8.29983175474761e-47
"JAK-STAT signaling pathway16","JAK-STAT signaling pathway","MMEB9_E2",0,0,0,1,1,2.47773278458419e-42
"Type I diabetes mellitus16","Type I diabetes mellitus","MMEB9_E2",0,0,0,1,1,1.21357713294527e-51
"Arachidonic acid metabolism16","Arachidonic acid metabolism","MMEB9_E2",0,0,0,1,1,5.89468291277257e-50
"Salivary secretion16","Salivary secretion","MMEB9_E2",0,0,0,1,1,1.25917019977375e-44
"Inflammatory bowel disease16","Inflammatory bowel disease","MMEB9_E2",0,0,0,1,1,5.69608294215603e-50
"Natural killer cell mediated cytotoxicity16","Natural killer cell mediated cytotoxicity","MMEB9_E2",0,0,0,1,1,8.78417381133548e-48
"Tyrosine metabolism16","Tyrosine metabolism","MMEB9_E2",0,0,0,1,1,2.00620139614032e-51
"Allograft rejection16","Allograft rejection","MMEB9_E2",0,0,0,1,1,5.50237975111823e-52
"Phototransduction16","Phototransduction","MMEB9_E2",0,0,0,1,1,1.95777757177766e-51
"Primary immunodeficiency16","Primary immunodeficiency","MMEB9_E2",0,0,0,1,1,2.48273241296229e-51
"Linoleic acid metabolism16","Linoleic acid metabolism","MMEB9_E2",0,0,0,1,1,5.50237975111823e-52
"Pentose and glucuronate interconversions16","Pentose and glucuronate interconversions","MMEB9_E2",0,0,0,1,1,1.79859843344849e-51
"Graft-versus-host disease16","Graft-versus-host disease","MMEB9_E2",0,0,0,1,1,8.46370741555971e-52
"Intestinal immune network for IgA production16","Intestinal immune network for IgA production","MMEB9_E2",0,0,0,1,1,8.31111054237668e-51
"Pancreatic secretion16","Pancreatic secretion","MMEB9_E2",0,0,0,1,1,7.4421832028571e-46
"Complement and coagulation cascades16","Complement and coagulation cascades","MMEB9_E2",1,0,1,0.0992990654205607,1,6.70671760156531e-48
"Fat digestion and absorption16","Fat digestion and absorption","MMEB9_E2",0,0,0,1,1,1.21357713294527e-51
"Ascorbate and aldarate metabolism16","Ascorbate and aldarate metabolism","MMEB9_E2",0,0,0,1,1,1.21357713294527e-51
"MicroRNAs in cancer16","MicroRNAs in cancer","MMEB9_E2",0,0,0,1,1,5.11421501582421e-38
"Asthma16","Asthma","MMEB9_E2",0,0,0,1,1,5.50237975111823e-52
"Maturity onset diabetes of the young16","Maturity onset diabetes of the young","MMEB9_E2",0,0,0,1,1,9.0911289818801e-52
"Chemical carcinogenesis - DNA adducts16","Chemical carcinogenesis - DNA adducts","MMEB9_E2",0,0,0,1,1,2.15638587522197e-50
"Bile secretion16","Bile secretion","MMEB9_E2",0,0,0,1,1,7.47908138997116e-47
"Metabolism of xenobiotics by cytochrome P45016","Metabolism of xenobiotics by cytochrome P450","MMEB9_E2",0,0,0,1,1,1.89928054997128e-49
"Nicotine addiction16","Nicotine addiction","MMEB9_E2",0,0,0,1,1,3.15373276176704e-51
"Hematopoietic cell lineage16","Hematopoietic cell lineage","MMEB9_E2",1,0,1,0.115654205607477,1,2.13169826979179e-47
"Taste transduction16","Taste transduction","MMEB9_E2",0,0,0,1,1,6.53064074743444e-48
"Drug metabolism - cytochrome P45016","Drug metabolism - cytochrome P450","MMEB9_E2",0,0,0,1,1,2.19242512178981e-50
"Autoimmune thyroid disease16","Autoimmune thyroid disease","MMEB9_E2",0,0,0,1,1,5.50237975111823e-52
"Steroid hormone biosynthesis16","Steroid hormone biosynthesis","MMEB9_E2",0,0,0,1,1,2.58136581606874e-51
"Retinol metabolism16","Retinol metabolism","MMEB9_E2",0,0,0,1,1,1.46307478638145e-50
"Viral protein interaction with cytokine and cytokine receptor16","Viral protein interaction with cytokine and cytokine receptor","MMEB9_E2",0,0,0,1,1,4.57085511896476e-50
"Staphylococcus aureus infection16","Staphylococcus aureus infection","MMEB9_E2",0,0,0,1,1,4.23202657825897e-51
"Cytokine-cytokine receptor interaction16","Cytokine-cytokine receptor interaction","MMEB9_E2",0,0,0,1,1,2.58893091062523e-42
"Neuroactive ligand-receptor interaction16","Neuroactive ligand-receptor interaction","MMEB9_E2",0,0,0,1,1,3.7461740968393e-43
"Olfactory transduction16","Olfactory transduction","MMEB9_E2",0,0,0,1,1,9.85036173887501e-49
"Herpes simplex virus 1 infection17","Herpes simplex virus 1 infection","MMEB9_E3",1,1,0,1,1,1.21701079634639e-28
"Cell cycle17","Cell cycle","MMEB9_E3",0,0,0,1,1,5.61430688512874e-41
"Endocytosis17","Endocytosis","MMEB9_E3",1,0,1,0.436554132712456,1,7.40118605078505e-36
"Ribosome17","Ribosome","MMEB9_E3",0,0,0,1,1,4.1408251821641e-44
"Autophagy - animal17","Autophagy - animal","MMEB9_E3",0,0,0,1,1,2.50272897067976e-41
"Protein processing in endoplasmic reticulum17","Protein processing in endoplasmic reticulum","MMEB9_E3",0,0,0,1,1,2.85182817947296e-40
"Huntington disease17","Huntington disease","MMEB9_E3",1,0,1,0.430733410942957,1,6.78298577739956e-36
"Ubiquitin mediated proteolysis17","Ubiquitin mediated proteolysis","MMEB9_E3",0,0,0,1,1,1.73553500148207e-42
"Shigellosis17","Shigellosis","MMEB9_E3",1,0,1,0.381839348079162,1,7.52540918198488e-38
"Thermogenesis17","Thermogenesis","MMEB9_E3",0,0,0,1,1,4.18967324724363e-40
"Mitophagy - animal17","Mitophagy - animal","MMEB9_E3",0,0,0,1,1,5.13163430784059e-44
"Parkinson disease17","Parkinson disease","MMEB9_E3",0,0,0,1,1,1.17628755599637e-38
"Amyotrophic lateral sclerosis17","Amyotrophic lateral sclerosis","MMEB9_E3",0,0,0,1,1,3.01969399014531e-35
"Cellular senescence17","Cellular senescence","MMEB9_E3",0,0,0,1,1,8.28561545402315e-41
"Chemical carcinogenesis - reactive oxygen species17","Chemical carcinogenesis - reactive oxygen species","MMEB9_E3",0,0,0,1,1,5.56165244428843e-41
"Colorectal cancer17","Colorectal cancer","MMEB9_E3",0,0,0,1,1,1.63594305121679e-45
"Salmonella infection17","Salmonella infection","MMEB9_E3",1,0,1,0.342258440046566,1,9.8067296754135e-39
"ATP-dependent chromatin remodeling17","ATP-dependent chromatin remodeling","MMEB9_E3",0,0,0,1,1,5.81138699171188e-44
"Diabetic cardiomyopathy17","Diabetic cardiomyopathy","MMEB9_E3",0,0,0,1,1,4.49594476050221e-41
"Spliceosome17","Spliceosome","MMEB9_E3",0,0,0,1,1,2.86447988661456e-43
"Viral carcinogenesis17","Viral carcinogenesis","MMEB9_E3",0,0,0,1,1,4.38711528122239e-41
"Pathways of neurodegeneration - multiple diseases17","Pathways of neurodegeneration - multiple diseases","MMEB9_E3",0,1,-1,0.548311990686845,1,2.55410225684381e-32
"Pancreatic cancer17","Pancreatic cancer","MMEB9_E3",0,0,0,1,1,6.79944884971504e-46
"Chronic myeloid leukemia17","Chronic myeloid leukemia","MMEB9_E3",0,0,0,1,1,7.14206842237885e-44
"Polycomb repressive complex17","Polycomb repressive complex","MMEB9_E3",0,0,0,1,1,3.04323266868109e-45
"Alzheimer disease17","Alzheimer disease","MMEB9_E3",0,0,0,1,1,1.00399980657922e-33
"Non-alcoholic fatty liver disease17","Non-alcoholic fatty liver disease","MMEB9_E3",0,0,0,1,1,1.21629785540432e-43
"Nucleocytoplasmic transport17","Nucleocytoplasmic transport","MMEB9_E3",0,0,0,1,1,3.03389440766657e-45
"Human T-cell leukemia virus 1 infection17","Human T-cell leukemia virus 1 infection","MMEB9_E3",0,0,0,1,1,1.85100164418521e-38
"Nucleotide excision repair17","Nucleotide excision repair","MMEB9_E3",1,0,1,0.109429569266589,1,4.78171571335911e-47
"Oxidative phosphorylation17","Oxidative phosphorylation","MMEB9_E3",0,0,0,1,1,1.31508027421858e-46
"Renal cell carcinoma17","Renal cell carcinoma","MMEB9_E3",0,0,0,1,1,1.60667204495999e-46
"Axon guidance17","Axon guidance","MMEB9_E3",1,0,1,0.342258440046566,1,4.96958603028586e-39
"Endometrial cancer17","Endometrial cancer","MMEB9_E3",0,0,0,1,1,1.21719818777875e-47
"mRNA surveillance pathway17","mRNA surveillance pathway","MMEB9_E3",0,0,0,1,1,4.65517039110888e-44
"Focal adhesion17","Focal adhesion","MMEB9_E3",1,0,1,0.424912689173458,1,1.12044291726236e-39
"Adherens junction17","Adherens junction","MMEB9_E3",1,0,1,0.231664726426077,1,1.84245811329938e-42
"Prion disease17","Prion disease","MMEB9_E3",0,0,0,1,1,1.46871221354091e-37
"Lysosome17","Lysosome","MMEB9_E3",0,0,0,1,1,7.01248701476645e-43
"MAPK signaling pathway17","MAPK signaling pathway","MMEB9_E3",0,0,0,1,1,9.74174060445169e-35
"Sphingolipid signaling pathway17","Sphingolipid signaling pathway","MMEB9_E3",1,0,1,0.217694994179278,1,3.00926545234013e-43
"Fanconi anemia pathway17","Fanconi anemia pathway","MMEB9_E3",0,0,0,1,1,1.63156890816365e-47
"Neurotrophin signaling pathway17","Neurotrophin signaling pathway","MMEB9_E3",0,0,0,1,1,5.41761531212942e-44
"Phosphatidylinositol signaling system17","Phosphatidylinositol signaling system","MMEB9_E3",0,0,0,1,1,1.82399439388898e-45
"Prostate cancer17","Prostate cancer","MMEB9_E3",0,0,0,1,1,5.5157903641609e-44
"Aminoacyl-tRNA biosynthesis17","Aminoacyl-tRNA biosynthesis","MMEB9_E3",0,0,0,1,1,1.4383153222237e-48
"Base excision repair17","Base excision repair","MMEB9_E3",0,0,0,1,1,2.96211688056202e-49
"p53 signaling pathway17","p53 signaling pathway","MMEB9_E3",0,0,0,1,1,2.26454757276179e-46
"EGFR tyrosine kinase inhibitor resistance17","EGFR tyrosine kinase inhibitor resistance","MMEB9_E3",0,0,0,1,1,6.7057681638687e-45
"Small cell lung cancer17","Small cell lung cancer","MMEB9_E3",0,0,0,1,1,5.63188572508384e-46
"RNA degradation17","RNA degradation","MMEB9_E3",0,0,0,1,1,2.05730659596494e-46
"mTOR signaling pathway17","mTOR signaling pathway","MMEB9_E3",0,0,0,1,1,1.19268822770907e-41
"Endocrine resistance17","Endocrine resistance","MMEB9_E3",0,0,0,1,1,2.64375887761388e-43
"Lysine degradation17","Lysine degradation","MMEB9_E3",0,0,0,1,1,2.59010817656231e-46
"Viral life cycle - HIV-117","Viral life cycle - HIV-1","MMEB9_E3",0,0,0,1,1,1.76146582275251e-46
"Longevity regulating pathway17","Longevity regulating pathway","MMEB9_E3",0,0,0,1,1,5.30968522789589e-44
"Insulin resistance17","Insulin resistance","MMEB9_E3",0,0,0,1,1,1.27517882654893e-43
"Inositol phosphate metabolism17","Inositol phosphate metabolism","MMEB9_E3",0,0,0,1,1,7.31204672150166e-48
"Platinum drug resistance17","Platinum drug resistance","MMEB9_E3",0,0,0,1,1,6.48436371735457e-47
"Bacterial invasion of epithelial cells17","Bacterial invasion of epithelial cells","MMEB9_E3",0,0,0,1,1,2.90256638521671e-44
"Hepatocellular carcinoma17","Hepatocellular carcinoma","MMEB9_E3",0,0,0,1,1,1.81849016353053e-39
"Insulin signaling pathway17","Insulin signaling pathway","MMEB9_E3",0,0,0,1,1,2.1208368354804e-43
"Human cytomegalovirus infection17","Human cytomegalovirus infection","MMEB9_E3",1,0,1,0.363213038416764,1,1.91475087464217e-38
"Human papillomavirus infection17","Human papillomavirus infection","MMEB9_E3",1,1,0,1,1,4.73766535343492e-35
"Proteoglycans in cancer17","Proteoglycans in cancer","MMEB9_E3",1,0,1,0.388824214202561,1,1.90634497461129e-37
"TGF-beta signaling pathway17","TGF-beta signaling pathway","MMEB9_E3",0,0,0,1,1,9.90772481674424e-42
"RNA polymerase17","RNA polymerase","MMEB9_E3",1,0,1,0.0849825378346915,1,3.79085174337184e-48
"FoxO signaling pathway17","FoxO signaling pathway","MMEB9_E3",0,0,0,1,1,9.01723941948995e-43
"AGE-RAGE signaling pathway in diabetic complications17","AGE-RAGE signaling pathway in diabetic complications","MMEB9_E3",0,0,0,1,1,1.9172495939071e-45
"Hepatitis B17","Hepatitis B","MMEB9_E3",1,0,1,0.274738067520373,1,3.64144748644958e-41
"Longevity regulating pathway - multiple species17","Longevity regulating pathway - multiple species","MMEB9_E3",0,0,0,1,1,1.80481240636872e-46
"Yersinia infection17","Yersinia infection","MMEB9_E3",2,0,1.58496250072116,0.0558789289871944,1,6.70549298075549e-43
"N-Glycan biosynthesis17","N-Glycan biosynthesis","MMEB9_E3",0,0,0,1,1,7.31204672150166e-48
"Non-small cell lung cancer17","Non-small cell lung cancer","MMEB9_E3",0,0,0,1,1,1.4852799351035e-46
"Rap1 signaling pathway17","Rap1 signaling pathway","MMEB9_E3",0,0,0,1,1,7.45278557686062e-39
"Choline metabolism in cancer17","Choline metabolism in cancer","MMEB9_E3",1,0,1,0.162980209545984,1,2.95634181458933e-45
"TNF signaling pathway17","TNF signaling pathway","MMEB9_E3",1,0,1,0.245634458672875,1,8.09806338453048e-43
"Glioma17","Glioma","MMEB9_E3",0,0,0,1,1,7.79862047004797e-45
"Human immunodeficiency virus 1 infection17","Human immunodeficiency virus 1 infection","MMEB9_E3",0,0,0,1,1,1.41348163873754e-40
"Apoptosis17","Apoptosis","MMEB9_E3",0,0,0,1,1,1.48725538956207e-42
"AMPK signaling pathway17","AMPK signaling pathway","MMEB9_E3",0,0,0,1,1,1.92718797473808e-42
"Fatty acid metabolism17","Fatty acid metabolism","MMEB9_E3",0,0,0,1,1,7.31204672150166e-48
"DNA replication17","DNA replication","MMEB9_E3",0,0,0,1,1,7.23994816810288e-50
"Pathogenic Escherichia coli infection17","Pathogenic Escherichia coli infection","MMEB9_E3",1,0,1,0.306169965075669,1,3.3692966753712e-40
"PD-L1 expression and PD-1 checkpoint pathway in cancer17","PD-L1 expression and PD-1 checkpoint pathway in cancer","MMEB9_E3",1,0,1,0.158323632130384,1,3.69559886062956e-45
"Hippo signaling pathway17","Hippo signaling pathway","MMEB9_E3",0,0,0,1,1,1.06904698241949e-39
"Valine, leucine and isoleucine degradation17","Valine, leucine and isoleucine degradation","MMEB9_E3",0,0,0,1,1,5.46918747000665e-48
"Peroxisome17","Peroxisome","MMEB9_E3",0,0,0,1,1,1.13741300518942e-46
"Homologous recombination17","Homologous recombination","MMEB9_E3",1,0,1,0.0512223515715949,1,7.23994816810288e-50
"Bladder cancer17","Bladder cancer","MMEB9_E3",0,0,0,1,1,3.56070443476401e-48
"Fluid shear stress and atherosclerosis17","Fluid shear stress and atherosclerosis","MMEB9_E3",0,0,0,1,1,2.23212945701053e-44
"SNARE interactions in vesicular transport17","SNARE interactions in vesicular transport","MMEB9_E3",0,0,0,1,1,2.39430142799161e-49
"Autophagy - other17","Autophagy - other","MMEB9_E3",0,0,0,1,1,1.576007495551e-49
"Proteasome17","Proteasome","MMEB9_E3",0,0,0,1,1,8.58032556404685e-48
"Protein export17","Protein export","MMEB9_E3",0,0,0,1,1,1.63338630877219e-49
"Thyroid hormone signaling pathway17","Thyroid hormone signaling pathway","MMEB9_E3",0,0,0,1,1,5.20490178548839e-43
"Amino sugar and nucleotide sugar metabolism17","Amino sugar and nucleotide sugar metabolism","MMEB9_E3",0,0,0,1,1,3.87837052080075e-49
"Nucleotide metabolism17","Nucleotide metabolism","MMEB9_E3",0,0,0,1,1,2.14494026509592e-46
"ErbB signaling pathway17","ErbB signaling pathway","MMEB9_E3",0,0,0,1,1,3.60613042181043e-46
"Thyroid cancer17","Thyroid cancer","MMEB9_E3",0,0,0,1,1,1.65729786406057e-49
"Various types of N-glycan biosynthesis17","Various types of N-glycan biosynthesis","MMEB9_E3",0,0,0,1,1,3.48131564837696e-49
"Spinocerebellar ataxia17","Spinocerebellar ataxia","MMEB9_E3",0,0,0,1,1,9.85250613300469e-42
"Basal transcription factors17","Basal transcription factors","MMEB9_E3",0,0,0,1,1,1.17754221878571e-50
"Regulation of actin cytoskeleton17","Regulation of actin cytoskeleton","MMEB9_E3",1,0,1,0.377182770663562,1,6.54966866386032e-38
"Melanoma17","Melanoma","MMEB9_E3",0,0,0,1,1,1.14851259664352e-45
"Tight junction17","Tight junction","MMEB9_E3",3,0,2,0.0221187427240978,1,1.14633134075454e-40
"Apoptosis - multiple species17","Apoptosis - multiple species","MMEB9_E3",0,0,0,1,1,1.46155392027746e-49
"Glycosylphosphatidylinositol (GPI)-anchor biosynthesis17","Glycosylphosphatidylinositol (GPI)-anchor biosynthesis","MMEB9_E3",0,0,0,1,1,5.09227892106236e-51
"Biosynthesis of nucleotide sugars17","Biosynthesis of nucleotide sugars","MMEB9_E3",0,0,0,1,1,2.43514812151173e-49
"Epithelial cell signaling in Helicobacter pylori infection17","Epithelial cell signaling in Helicobacter pylori infection","MMEB9_E3",0,0,0,1,1,5.27095703987837e-47
"Epstein-Barr virus infection17","Epstein-Barr virus infection","MMEB9_E3",0,0,0,1,1,4.16266157374539e-41
"Selenocompound metabolism17","Selenocompound metabolism","MMEB9_E3",0,0,0,1,1,3.77652984350261e-50
"Other types of O-glycan biosynthesis17","Other types of O-glycan biosynthesis","MMEB9_E3",0,0,0,1,1,2.76164834598168e-48
"Notch signaling pathway17","Notch signaling pathway","MMEB9_E3",0,0,0,1,1,3.10513805186853e-47
"Fc gamma R-mediated phagocytosis17","Fc gamma R-mediated phagocytosis","MMEB9_E3",0,0,0,1,1,1.43536807841187e-44
"Citrate cycle (TCA cycle)17","Citrate cycle (TCA cycle)","MMEB9_E3",0,0,0,1,1,6.05682587378688e-50
"Apelin signaling pathway17","Apelin signaling pathway","MMEB9_E3",0,0,0,1,1,2.82509969495195e-41
"Mismatch repair17","Mismatch repair","MMEB9_E3",0,0,0,1,1,9.80205735832718e-51
"Carbon metabolism17","Carbon metabolism","MMEB9_E3",0,0,0,1,1,2.28519059020339e-44
"Hedgehog signaling pathway17","Hedgehog signaling pathway","MMEB9_E3",1,0,1,0.135040745052387,1,2.52917120213946e-46
"Chagas disease17","Chagas disease","MMEB9_E3",1,0,1,0.176949941792782,1,1.54281299538052e-44
"Growth hormone synthesis, secretion and action17","Growth hormone synthesis, secretion and action","MMEB9_E3",0,0,0,1,1,2.05877491054569e-42
"Kaposi sarcoma-associated herpesvirus infection17","Kaposi sarcoma-associated herpesvirus infection","MMEB9_E3",1,0,1,0.292200232828871,1,3.72162490114339e-41
"Hippo signaling pathway - multiple species17","Hippo signaling pathway - multiple species","MMEB9_E3",0,0,0,1,1,5.66053269871902e-48
"VEGF signaling pathway17","VEGF signaling pathway","MMEB9_E3",0,0,0,1,1,2.89425388598753e-48
"Gap junction17","Gap junction","MMEB9_E3",0,0,0,1,1,2.89565892706939e-45
"Vasopressin-regulated water reabsorption17","Vasopressin-regulated water reabsorption","MMEB9_E3",0,0,0,1,1,9.00738406046295e-48
"Progesterone-mediated oocyte maturation17","Progesterone-mediated oocyte maturation","MMEB9_E3",0,0,0,1,1,9.31661111256701e-46
"Glycosaminoglycan biosynthesis - chondroitin sulfate / dermatan sulfate17","Glycosaminoglycan biosynthesis - chondroitin sulfate / dermatan sulfate","MMEB9_E3",1,0,1,0.0523864959254948,1,8.13667921002719e-50
"T cell receptor signaling pathway17","T cell receptor signaling pathway","MMEB9_E3",0,0,0,1,1,1.35590517553223e-44
"Oocyte meiosis17","Oocyte meiosis","MMEB9_E3",0,0,0,1,1,2.39780649610201e-44
"Phospholipase D signaling pathway17","Phospholipase D signaling pathway","MMEB9_E3",0,0,0,1,1,7.03924016559186e-42
"Acute myeloid leukemia17","Acute myeloid leukemia","MMEB9_E3",0,0,0,1,1,2.2286959873616e-46
"One carbon pool by folate17","One carbon pool by folate","MMEB9_E3",0,0,0,1,1,3.02429628952301e-50
"Propanoate metabolism17","Propanoate metabolism","MMEB9_E3",0,0,0,1,1,1.59951270465024e-49
"Wnt signaling pathway17","Wnt signaling pathway","MMEB9_E3",1,0,1,0.29918509895227,1,2.54237578773629e-40
"Breast cancer17","Breast cancer","MMEB9_E3",0,0,0,1,1,1.03078512358857e-40
"Adipocytokine signaling pathway17","Adipocytokine signaling pathway","MMEB9_E3",0,0,0,1,1,6.76572613859619e-47
"Central carbon metabolism in cancer17","Central carbon metabolism in cancer","MMEB9_E3",0,0,0,1,1,2.84396938053737e-45
"Glyoxylate and dicarboxylate metabolism17","Glyoxylate and dicarboxylate metabolism","MMEB9_E3",0,0,0,1,1,7.61915740869834e-50
"Relaxin signaling pathway17","Relaxin signaling pathway","MMEB9_E3",0,0,0,1,1,3.21196091724957e-44
"Ferroptosis17","Ferroptosis","MMEB9_E3",0,0,0,1,1,1.74958188397688e-49
"Sphingolipid metabolism17","Sphingolipid metabolism","MMEB9_E3",0,0,0,1,1,1.22014283943787e-48
"Toxoplasmosis17","Toxoplasmosis","MMEB9_E3",0,0,0,1,1,7.01059336359718e-44
"Ras signaling pathway17","Ras signaling pathway","MMEB9_E3",0,0,0,1,1,7.21067866402472e-39
"Pyrimidine metabolism17","Pyrimidine metabolism","MMEB9_E3",0,0,0,1,1,1.07405151828548e-47
"GnRH signaling pathway17","GnRH signaling pathway","MMEB9_E3",0,0,0,1,1,1.22836208138109e-44
"Coronavirus disease - COVID-1917","Coronavirus disease - COVID-19","MMEB9_E3",0,0,0,1,1,2.25025177404523e-41
"Mannose type O-glycan biosynthesis17","Mannose type O-glycan biosynthesis","MMEB9_E3",0,0,0,1,1,5.09227892106236e-51
"Terpenoid backbone biosynthesis17","Terpenoid backbone biosynthesis","MMEB9_E3",0,0,0,1,1,1.15487198148637e-49
"Cysteine and methionine metabolism17","Cysteine and methionine metabolism","MMEB9_E3",0,0,0,1,1,5.0727093184023e-48
"Circadian rhythm17","Circadian rhythm","MMEB9_E3",0,0,0,1,1,9.80205735832718e-51
"Fatty acid elongation17","Fatty acid elongation","MMEB9_E3",0,0,0,1,1,3.78463708765107e-50
"Biosynthesis of unsaturated fatty acids17","Biosynthesis of unsaturated fatty acids","MMEB9_E3",0,0,0,1,1,2.67044301314e-50
"Inflammatory mediator regulation of TRP channels17","Inflammatory mediator regulation of TRP channels","MMEB9_E3",0,0,0,1,1,1.27798161708636e-43
"Parathyroid hormone synthesis, secretion and action17","Parathyroid hormone synthesis, secretion and action","MMEB9_E3",0,0,0,1,1,1.52805500535804e-43
"Sulfur metabolism17","Sulfur metabolism","MMEB9_E3",0,0,0,1,1,1.08167931084376e-51
"Vibrio cholerae infection17","Vibrio cholerae infection","MMEB9_E3",0,0,0,1,1,2.56012685648612e-48
"Signaling pathways regulating pluripotency of stem cells17","Signaling pathways regulating pluripotency of stem cells","MMEB9_E3",1,0,1,0.270081490104773,1,2.020668518074e-41
"HIF-1 signaling pathway17","HIF-1 signaling pathway","MMEB9_E3",0,0,0,1,1,6.09981856526688e-43
"Purine metabolism17","Purine metabolism","MMEB9_E3",0,0,0,1,1,1.80402321726942e-44
"Fatty acid degradation17","Fatty acid degradation","MMEB9_E3",0,0,0,1,1,3.88669625419076e-49
"Glutathione metabolism17","Glutathione metabolism","MMEB9_E3",0,0,0,1,1,1.14218443746158e-48
"Transcriptional misregulation in cancer17","Transcriptional misregulation in cancer","MMEB9_E3",1,0,1,0.320139697322468,1,1.83818992441734e-40
"2-Oxocarboxylic acid metabolism17","2-Oxocarboxylic acid metabolism","MMEB9_E3",0,0,0,1,1,3.55945160484698e-50
"Adrenergic signaling in cardiomyocytes17","Adrenergic signaling in cardiomyocytes","MMEB9_E3",0,0,0,1,1,6.80024085957751e-42
"Gastric cancer17","Gastric cancer","MMEB9_E3",0,0,0,1,1,1.54171860318907e-41
"Long-term potentiation17","Long-term potentiation","MMEB9_E3",0,0,0,1,1,5.84849777124984e-47
"Motor proteins17","Motor proteins","MMEB9_E3",2,0,1.58496250072116,0.0710128055878929,1,1.64581632743057e-40
"Biosynthesis of amino acids17","Biosynthesis of amino acids","MMEB9_E3",0,0,0,1,1,6.70017450516936e-47
"Other glycan degradation17","Other glycan degradation","MMEB9_E3",0,0,0,1,1,2.68656432948193e-51
"Non-homologous end-joining17","Non-homologous end-joining","MMEB9_E3",0,0,0,1,1,1.08167931084376e-51
"Glycerophospholipid metabolism17","Glycerophospholipid metabolism","MMEB9_E3",1,0,1,0.125727590221187,1,1.8885461391715e-46
"C-type lectin receptor signaling pathway17","C-type lectin receptor signaling pathway","MMEB9_E3",0,0,0,1,1,9.679675917856e-45
"Lipid and atherosclerosis17","Lipid and atherosclerosis","MMEB9_E3",2,0,1.58496250072116,0.0849825378346915,1,6.48453368476599e-41
"Hepatitis C17","Hepatitis C","MMEB9_E3",1,0,1,0.220023282887078,1,5.76148490382816e-43
"PI3K-Akt signaling pathway17","PI3K-Akt signaling pathway","MMEB9_E3",0,1,-1,0.566938300349243,1,1.11052280789391e-35
"Long-term depression17","Long-term depression","MMEB9_E3",0,0,0,1,1,4.05431987333162e-47
"Arrhythmogenic right ventricular cardiomyopathy17","Arrhythmogenic right ventricular cardiomyopathy","MMEB9_E3",0,0,0,1,1,5.22551613683775e-44
"Necroptosis17","Necroptosis","MMEB9_E3",1,0,1,0.179278230500582,1,2.94762880746859e-44
"Retrograde endocannabinoid signaling17","Retrograde endocannabinoid signaling","MMEB9_E3",0,0,0,1,1,1.40392749259247e-43
"Pantothenate and CoA biosynthesis17","Pantothenate and CoA biosynthesis","MMEB9_E3",0,0,0,1,1,3.65721297575653e-51
"Cushing syndrome17","Cushing syndrome","MMEB9_E3",0,0,0,1,1,1.13307573531762e-40
"Fructose and mannose metabolism17","Fructose and mannose metabolism","MMEB9_E3",0,0,0,1,1,1.14218443746158e-48
"Platelet activation17","Platelet activation","MMEB9_E3",1,0,1,0.229336437718277,1,1.84245811329938e-42
"Efferocytosis17","Efferocytosis","MMEB9_E3",1,0,1,0.266589057043073,1,2.30722264500837e-41
"Antifolate resistance17","Antifolate resistance","MMEB9_E3",0,0,0,1,1,1.4383153222237e-48
"Alcoholism17","Alcoholism","MMEB9_E3",0,0,0,1,1,4.51886627606569e-44
"Melanogenesis17","Melanogenesis","MMEB9_E3",0,0,0,1,1,1.70965002956876e-44
"Prolactin signaling pathway17","Prolactin signaling pathway","MMEB9_E3",0,0,0,1,1,3.99496891933022e-47
"Glycerolipid metabolism17","Glycerolipid metabolism","MMEB9_E3",0,0,0,1,1,6.40961619924388e-48
"Dopaminergic synapse17","Dopaminergic synapse","MMEB9_E3",0,0,0,1,1,8.10771124096875e-43
"Glycosphingolipid biosynthesis - ganglio series17","Glycosphingolipid biosynthesis - ganglio series","MMEB9_E3",0,0,0,1,1,5.09227892106236e-51
"Mucin type O-glycan biosynthesis17","Mucin type O-glycan biosynthesis","MMEB9_E3",0,0,0,1,1,1.07800225204853e-50
"Lipoic acid metabolism17","Lipoic acid metabolism","MMEB9_E3",0,0,0,1,1,2.40908281255547e-51
"NF-kappa B signaling pathway17","NF-kappa B signaling pathway","MMEB9_E3",1,0,1,0.158323632130384,1,1.62985452206097e-45
"Oxytocin signaling pathway17","Oxytocin signaling pathway","MMEB9_E3",3,0,2,0.0162980209545984,1,3.26565737554459e-42
"Basal cell carcinoma17","Basal cell carcinoma","MMEB9_E3",1,0,1,0.143189755529686,1,9.92110044001942e-46
"Legionellosis17","Legionellosis","MMEB9_E3",0,0,0,1,1,9.7120220963769e-49
"Measles17","Measles","MMEB9_E3",0,0,0,1,1,8.87164844189231e-45
"Biosynthesis of cofactors17","Biosynthesis of cofactors","MMEB9_E3",0,0,0,1,1,1.09329167941369e-43
"Glycosaminoglycan biosynthesis - keratan sulfate17","Glycosaminoglycan biosynthesis - keratan sulfate","MMEB9_E3",0,0,0,1,1,2.8633613344429e-51
"Alanine, aspartate and glutamate metabolism17","Alanine, aspartate and glutamate metabolism","MMEB9_E3",0,0,0,1,1,3.02429628952301e-50
"Fatty acid biosynthesis17","Fatty acid biosynthesis","MMEB9_E3",0,0,0,1,1,1.42632807992395e-51
"Hypertrophic cardiomyopathy17","Hypertrophic cardiomyopathy","MMEB9_E3",0,0,0,1,1,1.03824426835154e-42
"Glucagon signaling pathway17","Glucagon signaling pathway","MMEB9_E3",0,0,0,1,1,1.02813427923228e-45
"Glycosaminoglycan biosynthesis - heparan sulfate / heparin17","Glycosaminoglycan biosynthesis - heparan sulfate / heparin","MMEB9_E3",0,0,0,1,1,1.06616370473005e-49
"Steroid biosynthesis17","Steroid biosynthesis","MMEB9_E3",0,0,0,1,1,3.41001078918173e-51
"cGMP-PKG signaling pathway17","cGMP-PKG signaling pathway","MMEB9_E3",1,0,1,0.29569266589057,1,5.03594566065109e-41
"Phagosome17","Phagosome","MMEB9_E3",0,0,0,1,1,1.03064329108521e-43
"Arginine and proline metabolism17","Arginine and proline metabolism","MMEB9_E3",0,0,0,1,1,1.94034620236214e-49
"Pyruvate metabolism17","Pyruvate metabolism","MMEB9_E3",0,0,0,1,1,2.48715942823186e-49
"Type II diabetes mellitus17","Type II diabetes mellitus","MMEB9_E3",0,0,0,1,1,5.0727093184023e-48
"Dilated cardiomyopathy17","Dilated cardiomyopathy","MMEB9_E3",0,0,0,1,1,1.84245811329938e-42
"Alcoholic liver disease17","Alcoholic liver disease","MMEB9_E3",1,0,1,0.171129220023283,1,1.15959990830697e-44
"Leukocyte transendothelial migration17","Leukocyte transendothelial migration","MMEB9_E3",1,0,1,0.158323632130384,1,2.49183338058528e-45
"Glycosaminoglycan degradation17","Glycosaminoglycan degradation","MMEB9_E3",0,0,0,1,1,1.4180627230665e-51
"Endocrine and other factor-regulated calcium reabsorption17","Endocrine and other factor-regulated calcium reabsorption","MMEB9_E3",0,0,0,1,1,3.6712903579586e-46
"Ubiquinone and other terpenoid-quinone biosynthesis17","Ubiquinone and other terpenoid-quinone biosynthesis","MMEB9_E3",0,0,0,1,1,2.10180895866676e-51
"Fc epsilon RI signaling pathway17","Fc epsilon RI signaling pathway","MMEB9_E3",0,0,0,1,1,1.52396131496743e-48
"Glycine, serine and threonine metabolism17","Glycine, serine and threonine metabolism","MMEB9_E3",0,0,0,1,1,4.88532827184264e-49
"Pertussis17","Pertussis","MMEB9_E3",1,0,1,0.0942956926658906,1,6.33029635645938e-48
"Aldosterone synthesis and secretion17","Aldosterone synthesis and secretion","MMEB9_E3",0,0,0,1,1,9.11365020569968e-44
"Regulation of lipolysis in adipocytes17","Regulation of lipolysis in adipocytes","MMEB9_E3",0,0,0,1,1,3.07472838945913e-48
"Cholinergic synapse17","Cholinergic synapse","MMEB9_E3",0,0,0,1,1,1.27798161708636e-43
"Osteoclast differentiation17","Osteoclast differentiation","MMEB9_E3",0,0,0,1,1,1.4159728634356e-42
"Pentose phosphate pathway17","Pentose phosphate pathway","MMEB9_E3",0,0,0,1,1,7.23994816810288e-50
"beta-Alanine metabolism17","beta-Alanine metabolism","MMEB9_E3",0,0,0,1,1,3.91991114056408e-50
"PPAR signaling pathway17","PPAR signaling pathway","MMEB9_E3",0,0,0,1,1,9.32470691245108e-48
"Folate biosynthesis17","Folate biosynthesis","MMEB9_E3",0,0,0,1,1,9.80205735832718e-51
"Influenza A17","Influenza A","MMEB9_E3",1,0,1,0.223515715948778,1,3.66000539241723e-43
"Th17 cell differentiation17","Th17 cell differentiation","MMEB9_E3",0,0,0,1,1,1.35590517553223e-44
"Cardiac muscle contraction17","Cardiac muscle contraction","MMEB9_E3",0,0,0,1,1,2.50796209938364e-46
"Nicotinate and nicotinamide metabolism17","Nicotinate and nicotinamide metabolism","MMEB9_E3",0,0,0,1,1,3.78463708765107e-50
"Aldosterone-regulated sodium reabsorption17","Aldosterone-regulated sodium reabsorption","MMEB9_E3",0,0,0,1,1,3.04611087931186e-49
"Neutrophil extracellular trap formation17","Neutrophil extracellular trap formation","MMEB9_E3",0,0,0,1,1,7.55355745397699e-45
"Th1 and Th2 cell differentiation17","Th1 and Th2 cell differentiation","MMEB9_E3",0,0,0,1,1,9.00094243053373e-46
"NOD-like receptor signaling pathway17","NOD-like receptor signaling pathway","MMEB9_E3",1,0,1,0.206053550640279,1,9.27437758975939e-44
"Cortisol synthesis and secretion17","Cortisol synthesis and secretion","MMEB9_E3",0,0,0,1,1,1.30905989547525e-45
"GnRH secretion17","GnRH secretion","MMEB9_E3",0,0,0,1,1,2.5694467804229e-47
"Vascular smooth muscle contraction17","Vascular smooth muscle contraction","MMEB9_E3",3,0,2,0.0162980209545984,1,1.39866660495943e-42
"Estrogen signaling pathway17","Estrogen signaling pathway","MMEB9_E3",0,0,0,1,1,5.14566417427228e-44
"RIG-I-like receptor signaling pathway17","RIG-I-like receptor signaling pathway","MMEB9_E3",0,0,0,1,1,9.27735080702305e-49
"Amoebiasis17","Amoebiasis","MMEB9_E3",0,0,0,1,1,8.58725853003876e-45
"ECM-receptor interaction17","ECM-receptor interaction","MMEB9_E3",0,0,0,1,1,8.58079246019281e-45
"Renin secretion17","Renin secretion","MMEB9_E3",0,0,0,1,1,2.24027569360326e-46
"Collecting duct acid secretion17","Collecting duct acid secretion","MMEB9_E3",0,0,0,1,1,2.68656432948193e-51
"Viral myocarditis17","Viral myocarditis","MMEB9_E3",0,0,0,1,1,7.54591841452852e-49
"B cell receptor signaling pathway17","B cell receptor signaling pathway","MMEB9_E3",0,0,0,1,1,8.87885918448379e-47
"Glutamatergic synapse17","Glutamatergic synapse","MMEB9_E3",0,0,0,1,1,1.96560213165074e-43
"Cytosolic DNA-sensing pathway17","Cytosolic DNA-sensing pathway","MMEB9_E3",0,0,0,1,1,3.00014653094723e-46
"Glycosphingolipid biosynthesis - globo and isoglobo series17","Glycosphingolipid biosynthesis - globo and isoglobo series","MMEB9_E3",0,0,0,1,1,1.54763613133818e-51
"Galactose metabolism17","Galactose metabolism","MMEB9_E3",0,0,0,1,1,7.73986400124914e-50
"Arginine biosynthesis17","Arginine biosynthesis","MMEB9_E3",0,0,0,1,1,1.88305467584327e-51
"Toll-like receptor signaling pathway17","Toll-like receptor signaling pathway","MMEB9_E3",1,0,1,0.114086146682189,1,2.55547398825649e-47
"Thiamine metabolism17","Thiamine metabolism","MMEB9_E3",0,0,0,1,1,1.08167931084376e-51
"Circadian entrainment17","Circadian entrainment","MMEB9_E3",0,0,0,1,1,7.29458189744566e-45
"Morphine addiction17","Morphine addiction","MMEB9_E3",0,0,0,1,1,4.7660719546671e-46
"Ether lipid metabolism17","Ether lipid metabolism","MMEB9_E3",0,0,0,1,1,3.71984687607625e-51
"Ribosome biogenesis in eukaryotes17","Ribosome biogenesis in eukaryotes","MMEB9_E3",1,0,1,0.129220023282887,1,2.24767442086572e-46
"Synaptic vesicle cycle17","Synaptic vesicle cycle","MMEB9_E3",0,0,0,1,1,1.13741300518942e-46
"Tryptophan metabolism17","Tryptophan metabolism","MMEB9_E3",0,0,0,1,1,3.48131564837696e-49
"Proximal tubule bicarbonate reclamation17","Proximal tubule bicarbonate reclamation","MMEB9_E3",0,0,0,1,1,2.85707854605458e-51
"Chemical carcinogenesis - receptor activation17","Chemical carcinogenesis - receptor activation","MMEB9_E3",0,0,0,1,1,4.57629673948378e-41
"Leishmaniasis17","Leishmaniasis","MMEB9_E3",0,0,0,1,1,6.11742214795484e-48
"Glycosphingolipid biosynthesis - lacto and neolacto series17","Glycosphingolipid biosynthesis - lacto and neolacto series","MMEB9_E3",0,0,0,1,1,9.34666763148323e-51
"Amphetamine addiction17","Amphetamine addiction","MMEB9_E3",0,0,0,1,1,9.04466148348477e-47
"Thyroid hormone synthesis17","Thyroid hormone synthesis","MMEB9_E3",0,0,0,1,1,1.55425928849849e-46
"Butanoate metabolism17","Butanoate metabolism","MMEB9_E3",0,0,0,1,1,6.78026161218208e-51
"ABC transporters17","ABC transporters","MMEB9_E3",0,0,0,1,1,3.57394480046995e-48
"Antigen processing and presentation17","Antigen processing and presentation","MMEB9_E3",0,0,0,1,1,2.1250498014487e-48
"Ovarian steroidogenesis17","Ovarian steroidogenesis","MMEB9_E3",0,0,0,1,1,5.84813380915298e-48
"Rheumatoid arthritis17","Rheumatoid arthritis","MMEB9_E3",0,0,0,1,1,8.69340508064197e-47
"IL-17 signaling pathway17","IL-17 signaling pathway","MMEB9_E3",1,0,1,0.105937136204889,1,2.71052763799916e-47
"Renin-angiotensin system17","Renin-angiotensin system","MMEB9_E3",0,0,0,1,1,5.88833845185105e-51
"Nitrogen metabolism17","Nitrogen metabolism","MMEB9_E3",0,0,0,1,1,5.09227892106236e-51
"Tuberculosis17","Tuberculosis","MMEB9_E3",1,0,1,0.216530849825378,1,7.68256894027456e-43
"Drug metabolism - other enzymes17","Drug metabolism - other enzymes","MMEB9_E3",0,0,0,1,1,1.13851172017456e-48
"Glycolysis / Gluconeogenesis17","Glycolysis / Gluconeogenesis","MMEB9_E3",0,0,0,1,1,3.30609163314169e-48
"Gastric acid secretion17","Gastric acid secretion","MMEB9_E3",0,0,0,1,1,1.10810546738548e-46
"Cholesterol metabolism17","Cholesterol metabolism","MMEB9_E3",0,0,0,1,1,4.29400076071716e-47
"African trypanosomiasis17","African trypanosomiasis","MMEB9_E3",0,0,0,1,1,4.51447443402835e-49
"GABAergic synapse17","GABAergic synapse","MMEB9_E3",0,0,0,1,1,2.62968973412778e-46
"Chemokine signaling pathway17","Chemokine signaling pathway","MMEB9_E3",1,0,1,0.237485448195576,1,2.54706456060517e-42
"Insulin secretion17","Insulin secretion","MMEB9_E3",0,0,0,1,1,2.99631808597434e-45
"Cocaine addiction17","Cocaine addiction","MMEB9_E3",0,0,0,1,1,2.26931406224542e-49
"Mineral absorption17","Mineral absorption","MMEB9_E3",0,0,0,1,1,1.13851172017456e-48
"Histidine metabolism17","Histidine metabolism","MMEB9_E3",0,0,0,1,1,2.21307577253523e-51
"Vitamin digestion and absorption17","Vitamin digestion and absorption","MMEB9_E3",0,0,0,1,1,2.04488107303703e-50
"Systemic lupus erythematosus17","Systemic lupus erythematosus","MMEB9_E3",0,0,0,1,1,1.83469897608925e-49
"Phenylalanine metabolism17","Phenylalanine metabolism","MMEB9_E3",0,0,0,1,1,1.08167931084376e-51
"Taurine and hypotaurine metabolism17","Taurine and hypotaurine metabolism","MMEB9_E3",0,0,0,1,1,1.08167931084376e-51
"Starch and sucrose metabolism17","Starch and sucrose metabolism","MMEB9_E3",0,0,0,1,1,2.46211343697032e-50
"cAMP signaling pathway17","cAMP signaling pathway","MMEB9_E3",1,0,1,0.310826542491269,1,1.36141826139114e-39
"Protein digestion and absorption17","Protein digestion and absorption","MMEB9_E3",0,0,0,1,1,3.71734748053018e-45
"Primary bile acid biosynthesis17","Primary bile acid biosynthesis","MMEB9_E3",0,0,0,1,1,2.9518312657764e-51
"Calcium signaling pathway17","Calcium signaling pathway","MMEB9_E3",0,0,0,1,1,7.93672368263348e-39
"Porphyrin metabolism17","Porphyrin metabolism","MMEB9_E3",0,0,0,1,1,1.93569883635491e-50
"Malaria17","Malaria","MMEB9_E3",0,0,0,1,1,3.05339695702332e-48
"alpha-Linolenic acid metabolism17","alpha-Linolenic acid metabolism","MMEB9_E3",0,0,0,1,1,1.71449974123976e-51
"Cell adhesion molecules17","Cell adhesion molecules","MMEB9_E3",0,0,0,1,1,2.23212945701053e-44
"Carbohydrate digestion and absorption17","Carbohydrate digestion and absorption","MMEB9_E3",0,0,0,1,1,3.40989287856861e-50
"Serotonergic synapse17","Serotonergic synapse","MMEB9_E3",0,0,0,1,1,2.99631808597434e-45
"JAK-STAT signaling pathway17","JAK-STAT signaling pathway","MMEB9_E3",0,0,0,1,1,8.34122436068519e-43
"Type I diabetes mellitus17","Type I diabetes mellitus","MMEB9_E3",0,0,0,1,1,1.88305467584327e-51
"Arachidonic acid metabolism17","Arachidonic acid metabolism","MMEB9_E3",0,0,0,1,1,3.68774606173977e-49
"Salivary secretion17","Salivary secretion","MMEB9_E3",0,0,0,1,1,2.3616986046594e-46
"Inflammatory bowel disease17","Inflammatory bowel disease","MMEB9_E3",0,0,0,1,1,1.52396131496743e-48
"Natural killer cell mediated cytotoxicity17","Natural killer cell mediated cytotoxicity","MMEB9_E3",0,0,0,1,1,9.01301488297497e-47
"Tyrosine metabolism17","Tyrosine metabolism","MMEB9_E3",0,0,0,1,1,1.08167931084376e-51
"Allograft rejection17","Allograft rejection","MMEB9_E3",0,0,0,1,1,1.08167931084376e-51
"Phototransduction17","Phototransduction","MMEB9_E3",0,0,0,1,1,1.33895428680136e-51
"Primary immunodeficiency17","Primary immunodeficiency","MMEB9_E3",0,0,0,1,1,7.27052643362742e-51
"Linoleic acid metabolism17","Linoleic acid metabolism","MMEB9_E3",0,0,0,1,1,1.08167931084376e-51
"Pentose and glucuronate interconversions17","Pentose and glucuronate interconversions","MMEB9_E3",0,0,0,1,1,1.08167931084376e-51
"Graft-versus-host disease17","Graft-versus-host disease","MMEB9_E3",0,0,0,1,1,2.4674451461609e-51
"Intestinal immune network for IgA production17","Intestinal immune network for IgA production","MMEB9_E3",0,0,0,1,1,1.3998652872186e-50
"Pancreatic secretion17","Pancreatic secretion","MMEB9_E3",0,0,0,1,1,2.14494026509592e-46
"Complement and coagulation cascades17","Complement and coagulation cascades","MMEB9_E3",0,0,0,1,1,5.02957127223449e-48
"Fat digestion and absorption17","Fat digestion and absorption","MMEB9_E3",0,0,0,1,1,1.88305467584327e-51
"Ascorbate and aldarate metabolism17","Ascorbate and aldarate metabolism","MMEB9_E3",0,0,0,1,1,1.08167931084376e-51
"MicroRNAs in cancer17","MicroRNAs in cancer","MMEB9_E3",0,0,0,1,1,7.52540918198488e-38
"Asthma17","Asthma","MMEB9_E3",0,0,0,1,1,1.08167931084376e-51
"Maturity onset diabetes of the young17","Maturity onset diabetes of the young","MMEB9_E3",0,0,0,1,1,1.08167931084376e-51
"Chemical carcinogenesis - DNA adducts17","Chemical carcinogenesis - DNA adducts","MMEB9_E3",0,0,0,1,1,6.08050264126717e-51
"Bile secretion17","Bile secretion","MMEB9_E3",0,0,0,1,1,5.45467408743216e-47
"Metabolism of xenobiotics by cytochrome P45017","Metabolism of xenobiotics by cytochrome P450","MMEB9_E3",0,0,0,1,1,1.30184190657865e-50
"Nicotine addiction17","Nicotine addiction","MMEB9_E3",0,0,0,1,1,4.89456726422985e-51
"Hematopoietic cell lineage17","Hematopoietic cell lineage","MMEB9_E3",0,0,0,1,1,3.27474148983197e-47
"Taste transduction17","Taste transduction","MMEB9_E3",0,0,0,1,1,1.92397202122421e-48
"Drug metabolism - cytochrome P45017","Drug metabolism - cytochrome P450","MMEB9_E3",0,0,0,1,1,2.96036091953648e-51
"Autoimmune thyroid disease17","Autoimmune thyroid disease","MMEB9_E3",0,0,0,1,1,1.08167931084376e-51
"Steroid hormone biosynthesis17","Steroid hormone biosynthesis","MMEB9_E3",0,0,0,1,1,1.08167931084376e-51
"Retinol metabolism17","Retinol metabolism","MMEB9_E3",0,0,0,1,1,1.88305467584327e-51
"Viral protein interaction with cytokine and cytokine receptor17","Viral protein interaction with cytokine and cytokine receptor","MMEB9_E3",1,0,1,0.0710128055878929,1,3.13563421079685e-49
"Staphylococcus aureus infection17","Staphylococcus aureus infection","MMEB9_E3",0,0,0,1,1,8.97961585561612e-51
"Cytokine-cytokine receptor interaction17","Cytokine-cytokine receptor interaction","MMEB9_E3",2,0,1.58496250072116,0.107101280558789,1,2.87308407260889e-40
"Neuroactive ligand-receptor interaction17","Neuroactive ligand-receptor interaction","MMEB9_E3",0,0,0,1,1,4.02898284760681e-43
"Olfactory transduction17","Olfactory transduction","MMEB9_E3",0,0,0,1,1,3.04883662799227e-49
