"","condition","cycle","region","log2fc.norm.mean","obs.mut.mean","sim.mut.mean","p_value","p_adjusted","significant_p_adjusted","go.id"
"1","control",1,"ATP metabolic process",-0.602330461814882,0,0,1,1,NA,"GO:0046034"
"2","control",1,"COPII vesicle coating",0.447324679029707,0,0,1,1,NA,"GO:0048208"
"3","control",1,"DNA conformation change",-0.065529267943287,0.333333333333333,0,0.797693502902129,1,NA,"GO:0071103"
"4","control",1,"DNA replication",-0.452114638468754,0.333333333333333,0.666666666666667,0.972995492191578,1,NA,"GO:0006260"
"5","control",1,"DNA-templated transcription elongation",-0.558376081804954,0,0,1,1,NA,"GO:0006354"
"6","control",1,"G0 to G1 transition",0.637478989371721,0.333333333333333,0,0.527845461042201,1,NA,"GO:0045023"
"7","control",1,"GPI anchor biosynthetic process",-0.125720016490561,0,0,1,1,NA,"GO:0006506"
"8","control",1,"Golgi organization",-0.46724424263913,0.333333333333333,0,0.898111107814197,1,NA,"GO:0007030"
"9","control",1,"Golgi to plasma membrane protein transport",0.101365529093986,0,0,1,1,NA,"GO:0043001"
"10","control",1,"Golgi vesicle transport",-0.445087116137857,0.333333333333333,0.666666666666667,0.973540127356124,1,NA,"GO:0048193"
"11","control",1,"NADP metabolic process",0.328871465808596,0,0,1,1,NA,"GO:0006739"
"12","control",1,"NADPH regeneration",0.359646543751776,0,0,1,1,NA,"GO:0006740"
"13","control",1,"RNA localization",-0.163450994458233,0.333333333333333,0,0.913456133839539,1,NA,"GO:0006403"
"14","control",1,"RNA transport",-0.523410469886735,0,0,1,1,NA,"GO:0050658"
"15","control",1,"Schwann cell differentiation",0.585670512122655,0,0,1,1,NA,"GO:0014037"
"16","control",1,"U2-type prespliceosome assembly",0.61884906997296,0.333333333333333,0,0.459466413117868,1,NA,"GO:1903241"
"17","control",1,"UV-damage excision repair",0,0,0,1,1,NA,"GO:0070914"
"18","control",1,"Wnt signaling pathway",-0.407966730718541,1,1.33333333333333,0.66642192599207,1,NA,"GO:0016055"
"19","control",1,"actin filament organization",0.0145621545734714,1,1,0.876026999067875,1,NA,"GO:0007015"
"20","control",1,"alcohol biosynthetic process",0.0948814082052633,0.666666666666667,0,0.397057709105365,1,NA,"GO:0046165"
"21","control",1,"amino sugar biosynthetic process",0.101335395630033,0,0,1,1,NA,"GO:0046349"
"22","control",1,"aminoglycan biosynthetic process",-0.0825344864358165,0,0,1,1,NA,"GO:0006023"
"23","control",1,"apoptotic mitochondrial changes",-1.00835416626602,0,0,1,1,NA,"GO:0008637"
"24","control",1,"appendage development",-0.0759697643665378,0.666666666666667,0,0.546969396648522,1,NA,"GO:0048736"
"25","control",1,"aromatic compound catabolic process",-0.414097738339581,0.333333333333333,1,0.787583962920358,1,NA,"GO:0019439"
"26","control",1,"autophagosome maturation",0.0178965965919713,0,0,1,1,NA,"GO:0097352"
"27","control",1,"autophagy of mitochondrion",-0.150010973545016,0,0,1,1,NA,"GO:0000422"
"28","control",1,"axon extension",-0.726659555368745,0,0,1,1,NA,"GO:0048675"
"29","control",1,"basement membrane organization",0.197837601361695,0,0,1,1,NA,"GO:0071711"
"30","control",1,"biological process involved in interaction with host",-0.0518825519651568,0.666666666666667,0,0.726846661426183,1,NA,"GO:0051701"
"31","control",1,"body morphogenesis",0.354813353853404,0,0,1,1,NA,"GO:0010171"
"32","control",1,"bone development",-0.1260826134257,1.33333333333333,0.666666666666667,0.680182987421457,1,NA,"GO:0060348"
"33","control",1,"branched-chain amino acid metabolic process",0.315184071992541,0,0,1,1,NA,"GO:0009081"
"34","control",1,"carbohydrate derivative catabolic process",0.255178248787659,0.333333333333333,0,0.894599030496108,1,NA,"GO:1901136"
"35","control",1,"carbohydrate derivative transport",-0.019517394118371,0,0,1,1,NA,"GO:1901264"
"36","control",1,"cell cycle G1/S phase transition",-0.307296826823496,0.666666666666667,0.666666666666667,0.817275553680747,1,NA,"GO:0044843"
"37","control",1,"cell cycle G2/M phase transition",-0.643203557369534,0,0,1,1,NA,"GO:0044839"
"38","control",1,"cell cycle checkpoint signaling",-0.460902140659442,0,0,1,1,NA,"GO:0000075"
"39","control",1,"cell growth",-0.558609579792775,1.33333333333333,1.33333333333333,0.603187755054823,1,NA,"GO:0016049"
"40","control",1,"cell migration involved in heart development",0.480503236880012,0.333333333333333,0,0.513753573756745,1,NA,"GO:0060973"
"41","control",1,"cell redox homeostasis",0.404344175614203,0,0,1,1,NA,"GO:0045454"
"42","control",1,"cell-cell signaling by wnt",-0.660791723449531,1,1.33333333333333,0.665918645177865,1,NA,"GO:0198738"
"43","control",1,"cell-substrate adhesion",0.523176876332987,1.66666666666667,1,0.942860958458217,1,NA,"GO:0031589"
"44","control",1,"cell-substrate junction assembly",0.0680335991017457,0.333333333333333,0,0.948288056975036,1,NA,"GO:0007044"
"45","control",1,"cell-substrate junction organization",-0.322075649508525,0.333333333333333,0,0.953362722074728,1,NA,"GO:0150115"
"46","control",1,"cellular carbohydrate metabolic process",-1.13098272987685,0,0.666666666666667,0.854542756426497,1,NA,"GO:0044262"
"47","control",1,"cellular component disassembly",-0.40742277221268,0.666666666666667,1,0.937880657208172,1,NA,"GO:0022411"
"48","control",1,"cellular lipid catabolic process",-0.576401290294468,0,0,1,1,NA,"GO:0044242"
"49","control",1,"cellular metabolic compound salvage",0.508799536075516,0,0,1,1,NA,"GO:0043094"
"50","control",1,"cellular nitrogen compound catabolic process",-1.12926353562915,0.333333333333333,1,0.791885284119668,1,NA,"GO:0044270"
"51","control",1,"cellular pigment accumulation",0.0506676978150167,0,0,1,1,NA,"GO:0043482"
"52","control",1,"cellular pigmentation",1.03781934992776,0.666666666666667,0,0.32838081768764,1,NA,"GO:0033059"
"53","control",1,"cellular respiration",-0.307496877593028,0,0,1,1,NA,"GO:0045333"
"54","control",1,"cellular response to UV",-0.405952038637799,0,0,1,1,NA,"GO:0034644"
"55","control",1,"cellular response to acid chemical",-0.32609992694205,0,0,1,1,NA,"GO:0071229"
"56","control",1,"cellular response to arsenic-containing substance",0.0779024197968535,0,0,1,1,NA,"GO:0071243"
"57","control",1,"cellular response to chemical stress",-0.238149747321606,1,0.666666666666667,0.486188498118054,1,NA,"GO:0062197"
"58","control",1,"cellular response to dsRNA",0.12857011761187,0,0,1,1,NA,"GO:0071359"
"59","control",1,"cellular response to external stimulus",0.106247787748787,0.666666666666667,0.666666666666667,0.821947468383033,1,NA,"GO:0071496"
"60","control",1,"cellular response to extracellular stimulus",-1.41325044521093,0.333333333333333,0.333333333333333,0.776077877590333,1,NA,"GO:0031668"
"61","control",1,"cellular response to fluid shear stress",0.101335395630033,0,0,1,1,NA,"GO:0071498"
"62","control",1,"cellular response to heat",0.399060461121815,0.333333333333333,0,0.749007568200957,1,NA,"GO:0034605"
"63","control",1,"cellular response to insulin stimulus",-1.06787606799872,0,0,1,1,NA,"GO:0032869"
"64","control",1,"cellular response to ketone",-0.278611224620839,0,0,1,1,NA,"GO:1901655"
"65","control",1,"cellular response to oxygen levels",-0.0224015320834652,0.333333333333333,0,0.959475838780106,1,NA,"GO:0071453"
"66","control",1,"cellular response to sterol depletion",0.189013530907965,0,0,1,1,NA,"GO:0071501"
"67","control",1,"cellular response to topologically incorrect protein",-0.211217203146235,0.333333333333333,0,0.78978913543696,1,NA,"GO:0035967"
"68","control",1,"cellular response to transforming growth factor beta stimulus",-0.509692942606728,1,0.666666666666667,0.989056930470564,1,NA,"GO:0071560"
"69","control",1,"cellular senescence",-0.181676009851134,0,0,1,1,NA,"GO:0090398"
"70","control",1,"centromere complex assembly",0.0506676978150167,0,0,1,1,NA,"GO:0034508"
"71","control",1,"centrosome localization",0.373193871917557,0,0,1,1,NA,"GO:0051642"
"72","control",1,"chaperone-mediated autophagy",0.147169903546678,0,0,1,1,NA,"GO:0061684"
"73","control",1,"chondrocyte differentiation",0.0302032397224675,0.333333333333333,0,0.895928690410562,1,NA,"GO:0002062"
"74","control",1,"chromatin remodeling",-0.40972383466125,0.666666666666667,1,0.956193200006081,1,NA,"GO:0006338"
"75","control",1,"chromosome localization",0.222222222222224,0.666666666666667,0,0.226551998789589,1,NA,"GO:0050000"
"76","control",1,"chromosome segregation",0.209678276065015,1,1,0.856890179547538,1,NA,"GO:0007059"
"77","control",1,"cilium assembly",-0.599800787875905,0.333333333333333,0.666666666666667,0.970619297681417,1,NA,"GO:0060271"
"78","control",1,"cilium organization",-1.19190438976597,0.333333333333333,0.666666666666667,0.966470077630214,1,NA,"GO:0044782"
"79","control",1,"circadian regulation of gene expression",0.0933693063975784,0,0,1,1,NA,"GO:0032922"
"80","control",1,"clathrin-dependent endocytosis",0.406402563231815,0.333333333333333,0,0.57223879685158,1,NA,"GO:0072583"
"81","control",1,"collagen fibril organization",0.608206342147634,0.333333333333333,0,0.901397405239823,1,NA,"GO:0030199"
"82","control",1,"connective tissue development",-0.546169945539817,1.66666666666667,1,0.934375248551686,1,NA,"GO:0061448"
"83","control",1,"cortical cytoskeleton organization",0.0150594299734655,0,0,1,1,NA,"GO:0030865"
"84","control",1,"cytoplasmic translation",0.742866976963753,0.666666666666667,0,0.484893338542926,1,NA,"GO:0002181"
"85","control",1,"defense response to virus",-0.31162092587208,0,0.333333333333333,0.964086721239571,1,NA,"GO:0051607"
"86","control",1,"dephosphorylation",-0.653954957037743,0.666666666666667,1,0.971180130351301,1,NA,"GO:0016311"
"87","control",1,"developmental growth involved in morphogenesis",-0.204678033487741,1.33333333333333,0.666666666666667,0.869575804050505,1,NA,"GO:0060560"
"88","control",1,"dicarboxylic acid metabolic process",-0.167752778258548,0,0,1,1,NA,"GO:0043648"
"89","control",1,"double-strand break repair",-0.304888095673353,1,0.333333333333333,0.777295592183928,1,NA,"GO:0006302"
"90","control",1,"embryonic body morphogenesis",0.0779024197968535,0,0,1,1,NA,"GO:0010172"
"91","control",1,"embryonic organ development",-0.0783292560178029,1,1,0.852009326771923,1,NA,"GO:0048568"
"92","control",1,"epigenetic regulation of gene expression",-0.528386182851316,0,0,1,1,NA,"GO:0040029"
"93","control",1,"erythrocyte differentiation",0.175496336206135,0.333333333333333,0,0.832714907157167,1,NA,"GO:0030218"
"94","control",1,"establishment of mitotic spindle localization",-0.185211784759308,0,0,1,1,NA,"GO:0040001"
"95","control",1,"establishment of organelle localization",0.133378021452198,1,1,0.575885985448705,1,NA,"GO:0051656"
"96","control",1,"establishment of protein localization to membrane",-0.464610707906206,0.333333333333333,0.333333333333333,0.841420630504881,1,NA,"GO:0090150"
"97","control",1,"establishment of protein localization to organelle",0.228711716330505,1,1,1,1,NA,"GO:0072594"
"98","control",1,"establishment or maintenance of cell polarity",-1.2364576143037,0,0.666666666666667,0.8289051039315,1,NA,"GO:0007163"
"99","control",1,"establishment or maintenance of epithelial cell apical/basal polarity",0.12236879493592,0,0,1,1,NA,"GO:0045197"
"100","control",1,"ether lipid biosynthetic process",0.101335395630033,0,0,1,1,NA,"GO:0008611"
"101","control",1,"exit from host cell",0.276691666185896,0,0,1,1,NA,"GO:0035891"
"102","control",1,"exosomal secretion",0.189013530907965,0,0,1,1,NA,"GO:1990182"
"103","control",1,"extracellular matrix assembly",0.722648212438024,0.333333333333333,0,0.819312220642739,1,NA,"GO:0085029"
"104","control",1,"extracellular vesicle biogenesis",0.527660712197638,0,0,1,1,NA,"GO:0140112"
"105","control",1,"face development",0.0418436273612863,0,0,1,1,NA,"GO:0060324"
"106","control",1,"fat cell differentiation",-1.03169658950657,0,0.333333333333333,0.969179272862669,1,NA,"GO:0045444"
"107","control",1,"fatty acid beta-oxidation",-0.170405019534663,0,0,1,1,NA,"GO:0006635"
"108","control",1,"fibroblast migration",0.681726096640134,0.666666666666667,0,0.362228742331523,1,NA,"GO:0010761"
"109","control",1,"fibroblast proliferation",-0.62172027343525,0,0,1,1,NA,"GO:0048144"
"110","control",1,"folic acid metabolic process",0,0,0,1,1,NA,"GO:0046655"
"111","control",1,"glial cell apoptotic process",0.101335395630033,0,0,1,1,NA,"GO:0034349"
"112","control",1,"glycerol ether biosynthetic process",0.101335395630033,0,0,1,1,NA,"GO:0046504"
"113","control",1,"glycosyl compound biosynthetic process",0.147169903546678,0,0,1,1,NA,"GO:1901659"
"114","control",1,"glycosyl compound metabolic process",-0.334845435141017,0,0,1,1,NA,"GO:1901657"
"115","control",1,"glycosylation",-0.294888249659994,0.666666666666667,0,0.773582102790747,1,NA,"GO:0070085"
"116","control",1,"heart valve development",0.335514281955591,0.333333333333333,0,0.779487079099365,1,NA,"GO:0003170"
"117","control",1,"heme metabolic process",0.0272347219818368,0,0,1,1,NA,"GO:0042168"
"118","control",1,"heterochromatin formation",-0.345538758805657,0,0,1,1,NA,"GO:0031507"
"119","control",1,"heterocycle catabolic process",-0.423617970097698,0.333333333333333,1,0.788640401242183,1,NA,"GO:0046700"
"120","control",1,"histone modification",-0.621638751965592,0.666666666666667,1,0.64635769558163,1,NA,"GO:0016570"
"121","control",1,"immune system development",0.35229502118055,0.333333333333333,0,0.923478986813174,1,NA,"GO:0002520"
"122","control",1,"in utero embryonic development",-0.667190697868765,0,1,0.547040034097329,1,NA,"GO:0001701"
"123","control",1,"inner cell mass cell proliferation",0.0360587924355672,0,0,1,1,NA,"GO:0001833"
"124","control",1,"inositol phosphate catabolic process",0.01689746693875,0,0,1,1,NA,"GO:0071545"
"125","control",1,"interferon-beta production",-9.24734102949095e-18,0,0,1,1,NA,"GO:0032608"
"126","control",1,"intermembrane lipid transfer",0.624381240149858,0,0,1,1,NA,"GO:0120009"
"127","control",1,"intracellular lipid transport",0.40260081708316,0.666666666666667,0,0.130350564504871,1,NA,"GO:0032365"
"128","control",1,"intraciliary transport",-0.129710897045919,0,0,1,1,NA,"GO:0042073"
"129","control",1,"iron ion homeostasis",0.129269097890397,0,0,1,1,NA,"GO:0055072"
"130","control",1,"iron-sulfur cluster assembly",-0.0604434132960944,0,0,1,1,NA,"GO:0016226"
"131","control",1,"kinetochore organization",0.147169903546678,0,0,1,1,NA,"GO:0051383"
"132","control",1,"lamellipodium assembly",-0.280232022147239,0,0,1,1,NA,"GO:0030032"
"133","control",1,"lamellipodium morphogenesis",0.331350244556271,0,0,1,1,NA,"GO:0072673"
"134","control",1,"lamellipodium organization",-0.350977265176484,0,0,1,1,NA,"GO:0097581"
"135","control",1,"limb development",-0.0532355593155932,0.666666666666667,0,0.546969396648522,1,NA,"GO:0060173"
"136","control",1,"lipoprotein catabolic process",-0.0604434132960944,0,0,1,1,NA,"GO:0042159"
"137","control",1,"lipoprotein metabolic process",-0.250490416385543,0,0,1,1,NA,"GO:0042157"
"138","control",1,"lysosomal lumen acidification",0.0506676978150167,0,0,1,1,NA,"GO:0007042"
"139","control",1,"lysosomal protein catabolic process",0.197837601361695,0,0,1,1,NA,"GO:1905146"
"140","control",1,"mRNA export from nucleus",0.154466840280081,0,0,1,1,NA,"GO:0006406"
"141","control",1,"macroautophagy",0.165531534831545,0,0.666666666666667,0.821787985693832,1,NA,"GO:0016236"
"142","control",1,"macromolecule deacylation",-0.440502632645515,0.333333333333333,0,0.863373214233186,1,NA,"GO:0098732"
"143","control",1,"macromolecule glycosylation",-0.0283944317021121,0.333333333333333,0,0.932349304637276,1,NA,"GO:0043413"
"144","control",1,"magnesium ion transmembrane transport",-0.171554524407206,0,0,1,1,NA,"GO:1903830"
"145","control",1,"magnesium ion transport",0.0506676978150167,0,0,1,1,NA,"GO:0015693"
"146","control",1,"maintenance of cell number",-0.475970196356335,0.666666666666667,0,0.70047232887285,1,NA,"GO:0098727"
"147","control",1,"maintenance of protein location",-0.425205945159015,0,0,1,1,NA,"GO:0045185"
"148","control",1,"maintenance of protein location in cell",0.270009685451976,0,0,1,1,NA,"GO:0032507"
"149","control",1,"mammary gland epithelial cell proliferation",0.040891982333939,0,0,1,1,NA,"GO:0033598"
"150","control",1,"membrane assembly",0.217389032323851,0.333333333333333,0,0.755797501275086,1,NA,"GO:0071709"
"151","control",1,"membrane biogenesis",0.273981630714859,0.333333333333333,0,0.766168205982137,1,NA,"GO:0044091"
"152","control",1,"membrane docking",-0.288356806637964,0,0,1,1,NA,"GO:0022406"
"153","control",1,"membrane fission",0.145098581426263,0,0,1,1,NA,"GO:0090148"
"154","control",1,"mesenchymal cell differentiation",-1.12739570029416,0.666666666666667,1,0.957320443627839,1,NA,"GO:0048762"
"155","control",1,"metallo-sulfur cluster assembly",0.634970077160093,0,0,1,1,NA,"GO:0031163"
"156","control",1,"methylation",0.934282638548764,1,0.666666666666667,0.990199235411162,1,NA,"GO:0032259"
"157","control",1,"miRNA processing",1.10211473322297,0.666666666666667,0,0.107204241224905,1,NA,"GO:0035196"
"158","control",1,"microtubule cytoskeleton organization involved in mitosis",-0.70019063278276,0,0,1,1,NA,"GO:1902850"
"159","control",1,"microtubule depolymerization",0.331350244556271,0,0,1,1,NA,"GO:0007019"
"160","control",1,"microtubule organizing center localization",0.511539705010505,0,0,1,1,NA,"GO:0061842"
"161","control",1,"microtubule polymerization",-0.0901078452691777,0.333333333333333,0,0.786286051093498,1,NA,"GO:0046785"
"162","control",1,"mitochondrial calcium ion homeostasis",0.0779024197968535,0,0,1,1,NA,"GO:0051560"
"163","control",1,"mitochondrial calcium ion transmembrane transport",0.0867264902505839,0,0,1,1,NA,"GO:0006851"
"164","control",1,"mitochondrial gene expression",-0.438958289053692,0,0,1,1,NA,"GO:0140053"
"165","control",1,"mitochondrial genome maintenance",0.285515736639626,0,0,1,1,NA,"GO:0000002"
"166","control",1,"mitochondrial membrane organization",-0.106515460534419,0,0,1,1,NA,"GO:0007006"
"167","control",1,"mitochondrial outer membrane permeabilization",0.342157403787064,0,0,1,1,NA,"GO:0097345"
"168","control",1,"mitochondrial respiratory chain complex assembly",-0.458244437359047,0,0,1,1,NA,"GO:0033108"
"169","control",1,"mitochondrial transmembrane transport",-0.182109018889177,0,0,1,1,NA,"GO:1990542"
"170","control",1,"mitochondrial transport",-0.0679062014626775,0,0,1,1,NA,"GO:0006839"
"171","control",1,"mitochondrion distribution",0.138345833092948,0,0,1,1,NA,"GO:0048311"
"172","control",1,"mitochondrion localization",0.354813353853404,0,0,1,1,NA,"GO:0051646"
"173","control",1,"mitochondrion morphogenesis",0.278173634529627,0,0,1,1,NA,"GO:0070584"
"174","control",1,"mitotic cytokinesis",-0.807290001764175,0,0,1,1,NA,"GO:0000281"
"175","control",1,"monosaccharide biosynthetic process",-0.91184666868838,0,0,1,1,NA,"GO:0046364"
"176","control",1,"monosaccharide metabolic process",-0.816050161629912,0,0,1,1,NA,"GO:0005996"
"177","control",1,"morphogenesis of an epithelial sheet",0.0380418812126292,0,0,1,1,NA,"GO:0002011"
"178","control",1,"movement in host",0.176387714305577,0.333333333333333,0,0.897180900775154,1,NA,"GO:0044000"
"179","control",1,"multicellular organism growth",0.386316227900107,0.666666666666667,0,0.715694603836171,1,NA,"GO:0035264"
"180","control",1,"myeloid cell homeostasis",0.791603323103164,1,0,0.461850975227429,1,NA,"GO:0002262"
"181","control",1,"ncRNA processing",0.192753332143885,1,0.666666666666667,0.498429895297932,1,NA,"GO:0034470"
"182","control",1,"negative regulation of GTPase activity",0.197837601361695,0,0,1,1,NA,"GO:0034260"
"183","control",1,"negative regulation of catabolic process",-0.702255554914528,0.666666666666667,1,0.973520111207317,1,NA,"GO:0009895"
"184","control",1,"negative regulation of cell projection organization",-0.698483942229824,0,0,1,1,NA,"GO:0031345"
"185","control",1,"negative regulation of defense response to virus",0.659522424401862,0,0,1,1,NA,"GO:0050687"
"186","control",1,"negative regulation of growth",-1.11267272597644,1,0.666666666666667,0.108972283865814,1,NA,"GO:0045926"
"187","control",1,"negative regulation of mitotic nuclear division",0.556006080149572,0.333333333333333,0,0.55491498041764,1,NA,"GO:0045839"
"188","control",1,"negative regulation of phosphorus metabolic process",-0.181178825178332,1.66666666666667,1,0.950217047385755,1,NA,"GO:0010563"
"189","control",1,"negative regulation of protein phosphorylation",-0.00221738355411098,1.33333333333333,1,0.797678147398762,1,NA,"GO:0001933"
"190","control",1,"negative regulation of transferase activity",-0.0936219711463992,0.333333333333333,0.666666666666667,0.602931687958023,1,NA,"GO:0051348"
"191","control",1,"neural tube development",-0.172305198375915,0.666666666666667,0,0.514438597733284,1,NA,"GO:0021915"
"192","control",1,"neuron apoptotic process",-0.303244606850355,0.333333333333333,0.333333333333333,0.78014161984988,1,NA,"GO:0051402"
"193","control",1,"neuron death",0.00757335883336079,1,1,1,1,NA,"GO:0070997"
"194","control",1,"neuron projection organization",-0.0439610456414245,0,0,1,1,NA,"GO:0106027"
"195","control",1,"neurotrophin signaling pathway",0.23484803882461,0,0,1,1,NA,"GO:0038179"
"196","control",1,"non-membrane-bounded organelle assembly",-0.468942674025438,0.333333333333333,0.666666666666667,0.946155262874874,1,NA,"GO:0140694"
"197","control",1,"nonribosomal peptide biosynthetic process",0.0506676978150167,0,0,1,1,NA,"GO:0019184"
"198","control",1,"nuclear chromosome segregation",0.792037329123506,1,0.666666666666667,0.672515720608563,1,NA,"GO:0098813"
"199","control",1,"nuclear envelope organization",0.389975000480771,0,0,1,1,NA,"GO:0006998"
"200","control",1,"nuclear transport",0.145055381752336,0.333333333333333,0.666666666666667,0.591419516443095,1,NA,"GO:0051169"
"201","control",1,"nuclear-transcribed mRNA catabolic process",-0.508459057958648,0.333333333333333,0,0.832024330201571,1,NA,"GO:0000956"
"202","control",1,"nucleic acid transport",-0.522303633781974,0,0,1,1,NA,"GO:0050657"
"203","control",1,"nucleocytoplasmic transport",0.525054839905338,0.333333333333333,0.666666666666667,0.591419516443095,1,NA,"GO:0006913"
"204","control",1,"nucleotide catabolic process",-0.36056805531517,0,0,1,1,NA,"GO:0009166"
"205","control",1,"nucleus organization",-0.0352648880075324,0,0,1,1,NA,"GO:0006997"
"206","control",1,"oligosaccharide-lipid intermediate biosynthetic process",0.289506617194985,0,0,1,1,NA,"GO:0006490"
"207","control",1,"one-carbon metabolic process",0.324008142446272,0,0,1,1,NA,"GO:0006730"
"208","control",1,"organelle fission",0.542288997170778,1,1,1,1,NA,"GO:0048285"
"209","control",1,"organelle fusion",0.529554718221798,0.666666666666667,0,0.489482550335697,1,NA,"GO:0048284"
"210","control",1,"organelle inheritance",0.101335395630033,0,0,1,1,NA,"GO:0048308"
"211","control",1,"organelle localization by membrane tethering",-0.161586411105213,0,0,1,1,NA,"GO:0140056"
"212","control",1,"organophosphate catabolic process",-0.302469172637251,0,0,1,1,NA,"GO:0046434"
"213","control",1,"organophosphate ester transport",-0.741408082097254,0,0,1,1,NA,"GO:0015748"
"214","control",1,"ossification",0.514303601220231,2,1,0.857346562686157,1,NA,"GO:0001503"
"215","control",1,"osteoblast differentiation",-0.418333909729289,1.33333333333333,0.666666666666667,0.389145714955569,1,NA,"GO:0001649"
"216","control",1,"oxidative phosphorylation",-0.606185654283471,0,0,1,1,NA,"GO:0006119"
"217","control",1,"pentose-phosphate shunt",0.189013530907965,0,0,1,1,NA,"GO:0006098"
"218","control",1,"peptidyl-lysine modification",0.104028524240363,1,1,0.609545639304433,1,NA,"GO:0018205"
"219","control",1,"pericardium development",0.289506617194985,0,0,1,1,NA,"GO:0060039"
"220","control",1,"peroxisome organization",0.485817084836352,0,0,1,1,NA,"GO:0007031"
"221","control",1,"phospholipid biosynthetic process",-0.52920389434835,0.666666666666667,0.333333333333333,0.990245977783878,1,NA,"GO:0008654"
"222","control",1,"pigment accumulation",-0.111111111111111,0,0,1,1,NA,"GO:0043476"
"223","control",1,"pigmentation",-0.538594558274686,0.666666666666667,0,0.541437849504541,1,NA,"GO:0043473"
"224","control",1,"pinocytosis",0.0506676978150167,0,0,1,1,NA,"GO:0006907"
"225","control",1,"placenta development",-0.487711090860512,0,0,1,1,NA,"GO:0001890"
"226","control",1,"plasma membrane tubulation",0.116394825603499,0,0,1,1,NA,"GO:0097320"
"227","control",1,"platelet-derived growth factor receptor signaling pathway",-0.123736927713499,0,0,1,1,NA,"GO:0048008"
"228","control",1,"polyamine biosynthetic process",0.23484803882461,0,0,1,1,NA,"GO:0006596"
"229","control",1,"polyamine metabolic process",0.147169903546678,0,0,1,1,NA,"GO:0006595"
"230","control",1,"polyol metabolic process",0.304115522574436,0.666666666666667,0,0.298679242844995,1,NA,"GO:0019751"
"231","control",1,"positive regulation by host of viral process",0.0360587924355672,0,0,1,1,NA,"GO:0044794"
"232","control",1,"positive regulation of GTPase activity",-1.03084159137603,0.666666666666667,0.666666666666667,0.903521916473533,1,NA,"GO:0043547"
"233","control",1,"positive regulation of amide metabolic process",-0.261687122489632,0.333333333333333,0,0.920851594035734,1,NA,"GO:0034250"
"234","control",1,"positive regulation of axonogenesis",-0.374693039222437,0,0,1,1,NA,"GO:0050772"
"235","control",1,"positive regulation of cell projection organization",-0.383675052483809,0.333333333333333,1,0.794579364731792,1,NA,"GO:0031346"
"236","control",1,"positive regulation of cellular component biogenesis",0.0921324386587721,1.33333333333333,1,0.767163452914298,1,NA,"GO:0044089"
"237","control",1,"positive regulation of epithelial to mesenchymal transition",0.950655269585965,0.666666666666667,0,0.400283389108241,1,NA,"GO:0010718"
"238","control",1,"positive regulation of establishment of protein localization",-0.115760989129804,0,0.666666666666667,0.824104663197165,1,NA,"GO:1904951"
"239","control",1,"positive regulation of kinase activity",0.597963944948326,3,1,0.107507978764001,1,NA,"GO:0033674"
"240","control",1,"positive regulation of microtubule polymerization",0.745019611057536,0.333333333333333,0,0.616840163109067,1,NA,"GO:0031116"
"241","control",1,"positive regulation of nervous system development",-0.60023618704278,0.666666666666667,1,0.962739974746184,1,NA,"GO:0051962"
"242","control",1,"positive regulation of neurogenesis",-0.692977147430038,0.666666666666667,0.666666666666667,0.821047177362984,1,NA,"GO:0050769"
"243","control",1,"positive regulation of neuron migration",-0.171554524407206,0,0,1,1,NA,"GO:2001224"
"244","control",1,"positive regulation of protein localization",-1.10317261217049,0,1,0.539658175551613,1,NA,"GO:1903829"
"245","control",1,"positive regulation of stem cell population maintenance",0.73115990980707,0.333333333333333,0,0.672980791311869,1,NA,"GO:1902459"
"246","control",1,"positive regulation of viral process",-0.0194420952778211,0,0,1,1,NA,"GO:0048524"
"247","control",1,"postsynapse organization",-0.996000749302469,0,0,1,1,NA,"GO:0099173"
"248","control",1,"proteasome-mediated ubiquitin-dependent protein catabolic process",-0.77184208673415,0,1,0.587292380629677,1,NA,"GO:0043161"
"249","control",1,"protein autophosphorylation",-0.616719509356408,0.666666666666667,0.666666666666667,0.809152188748598,1,NA,"GO:0046777"
"250","control",1,"protein folding",-0.596337605703174,0,0,1,1,NA,"GO:0006457"
"251","control",1,"protein glycosylation",-0.984468113217429,0.333333333333333,0,0.932349304637276,1,NA,"GO:0006486"
"252","control",1,"protein lipidation",-0.754344801944598,0,0,1,1,NA,"GO:0006497"
"253","control",1,"protein localization to nucleus",-0.104478150620432,0.333333333333333,0.666666666666667,0.590992844253175,1,NA,"GO:0034504"
"254","control",1,"protein neddylation",0.263144338020114,0,0,1,1,NA,"GO:0045116"
"255","control",1,"protein polyubiquitination",-1.15772642646042,0,0,1,1,NA,"GO:0000209"
"256","control",1,"protein targeting",-0.982841142873935,0.333333333333333,0.666666666666667,0.969020908454065,1,NA,"GO:0006605"
"257","control",1,"protein transport to vacuole involved in ubiquitin-dependent protein catabolic process via the multivesicular body sorting pathway",-0.171554524407206,0,0,1,1,NA,"GO:0043328"
"258","control",1,"protein-DNA complex subunit organization",-0.496814461255519,0.333333333333333,0,0.906663829644233,1,NA,"GO:0071824"
"259","control",1,"protein-containing complex localization",-0.0098604782897927,0.333333333333333,0,0.853666512934292,1,NA,"GO:0031503"
"260","control",1,"proton motive force-driven ATP synthesis",-0.226023968370879,0,0,1,1,NA,"GO:0015986"
"261","control",1,"proton transmembrane transport",-0.880064818435158,0,0,1,1,NA,"GO:1902600"
"262","control",1,"pteridine-containing compound metabolic process",0.313812035835131,0,0,1,1,NA,"GO:0042558"
"263","control",1,"quinone biosynthetic process",0.411235753130187,0.333333333333333,0,0.337575256017237,1,NA,"GO:1901663"
"264","control",1,"rRNA metabolic process",0.469781970675756,0.333333333333333,0,0.937518897057084,1,NA,"GO:0016072"
"265","control",1,"receptor metabolic process",0.832049361896256,0.666666666666667,0,0.335798068538151,1,NA,"GO:0043112"
"266","control",1,"regulation of ATP metabolic process",-0.0619253816398252,0,0,1,1,NA,"GO:1903578"
"267","control",1,"regulation of ATP-dependent activity",-0.26897433832243,0,0,1,1,NA,"GO:0043462"
"268","control",1,"regulation of DNA repair",0.507798225789754,0.666666666666667,0,0.739663714271474,1,NA,"GO:0006282"
"269","control",1,"regulation of DNA replication",-0.905396808954342,0,0,1,1,NA,"GO:0006275"
"270","control",1,"regulation of G0 to G1 transition",0.692979877085109,0.333333333333333,0,0.524545148762469,1,NA,"GO:0070316"
"271","control",1,"regulation of GTPase activity",0.124844059642017,1,1,0.893529723117221,1,NA,"GO:0043087"
"272","control",1,"regulation of Golgi organization",0.0506676978150167,0,0,1,1,NA,"GO:1903358"
"273","control",1,"regulation of actin filament organization",-1.30733249599958,0.666666666666667,1,0.973076731162216,1,NA,"GO:0110053"
"274","control",1,"regulation of actin filament-based process",-0.441649858560631,0.666666666666667,1,0.953425812431097,1,NA,"GO:0032970"
"275","control",1,"regulation of anatomical structure size",0.39207442763337,1.33333333333333,1,0.75489059112734,1,NA,"GO:0090066"
"276","control",1,"regulation of apoptotic signaling pathway",0.349842447436491,1.66666666666667,1,0.0831487703775081,1,NA,"GO:2001233"
"277","control",1,"regulation of autophagosome maturation",0.0506676978150167,0,0,1,1,NA,"GO:1901096"
"278","control",1,"regulation of autophagy",-0.511520818231218,0.333333333333333,1,0.819117723930285,1,NA,"GO:0010506"
"279","control",1,"regulation of binding",0.757532765818532,1,1,1,1,NA,"GO:0051098"
"280","control",1,"regulation of carbohydrate metabolic process",-0.363886590784459,0,0,1,1,NA,"GO:0006109"
"281","control",1,"regulation of cell cycle phase transition",0.0576837197542492,0.666666666666667,1,0.948150391656338,1,NA,"GO:1901987"
"282","control",1,"regulation of cell division",0.0745838843275648,0.333333333333333,0,0.931916963216556,1,NA,"GO:0051302"
"283","control",1,"regulation of cell growth",0.266553353769677,1.33333333333333,1,0.765748662741015,1,NA,"GO:0001558"
"284","control",1,"regulation of cell morphogenesis",-0.590229026544191,0.333333333333333,0.666666666666667,0.96140686020757,1,NA,"GO:0022604"
"285","control",1,"regulation of cell-substrate adhesion",0.603685525333948,1.33333333333333,0.666666666666667,0.68930421842416,1,NA,"GO:0010810"
"286","control",1,"regulation of cell-substrate junction assembly",-0.352164375991503,0,0,1,1,NA,"GO:0090109"
"287","control",1,"regulation of cell-substrate junction organization",0.0728800954917801,0,0,1,1,NA,"GO:0150116"
"288","control",1,"regulation of cellular component size",0.29450117836998,0.666666666666667,1,0.940402433651618,1,NA,"GO:0032535"
"289","control",1,"regulation of chromosome organization",0.500285924565529,0.666666666666667,0.333333333333333,0.928598221303973,1,NA,"GO:0033044"
"290","control",1,"regulation of chromosome segregation",0.301206880372011,0.333333333333333,0,0.811272159840185,1,NA,"GO:0051983"
"291","control",1,"regulation of circadian rhythm",-0.828380475410949,0,0,1,1,NA,"GO:0042752"
"292","control",1,"regulation of cysteine-type endopeptidase activity involved in apoptotic process",-0.298847526911672,0.333333333333333,0,0.941554427514614,1,NA,"GO:0043281"
"293","control",1,"regulation of cytokinesis",0.0449765266953696,0,0,1,1,NA,"GO:0032465"
"294","control",1,"regulation of embryonic development",-0.46260243122373,0,0,1,1,NA,"GO:0045995"
"295","control",1,"regulation of establishment of cell polarity",0.350822473298045,0,0,1,1,NA,"GO:2000114"
"296","control",1,"regulation of extracellular matrix organization",0.72113611063034,0.666666666666667,0,0.505178766198707,1,NA,"GO:1903053"
"297","control",1,"regulation of fibroblast migration",0.647175502632417,0.333333333333333,0,0.744773828254399,1,NA,"GO:0010762"
"298","control",1,"regulation of fibroblast proliferation",-0.32571046144233,0,0,1,1,NA,"GO:0048145"
"299","control",1,"regulation of focal adhesion assembly",-0.0730692298984819,0,0,1,1,NA,"GO:0051893"
"300","control",1,"regulation of generation of precursor metabolites and energy",-0.832715656089431,0,0,1,1,NA,"GO:0043467"
"301","control",1,"regulation of glucose metabolic process",-0.436293429869598,0,0,1,1,NA,"GO:0010906"
"302","control",1,"regulation of interferon-beta production",-0.260714628028868,0,0,1,1,NA,"GO:0032648"
"303","control",1,"regulation of intracellular protein transport",-0.6950120346186,0.333333333333333,0.333333333333333,0.769824630615436,1,NA,"GO:0033157"
"304","control",1,"regulation of intracellular steroid hormone receptor signaling pathway",-0.425360737037454,0,0,1,1,NA,"GO:0033143"
"305","control",1,"regulation of intracellular transport",0.476695194890669,1,0.666666666666667,0.961026754423355,1,NA,"GO:0032386"
"306","control",1,"regulation of ketone biosynthetic process",0.272889920037239,0.333333333333333,0,0.520875686972941,1,NA,"GO:0010566"
"307","control",1,"regulation of ligase activity",0.285515736639626,0,0,1,1,NA,"GO:0051340"
"308","control",1,"regulation of membrane permeability",3.01334639527528e-05,0,0,1,1,NA,"GO:0090559"
"309","control",1,"regulation of microtubule cytoskeleton organization",-0.078185218009627,0.333333333333333,0,0.898419485032575,1,NA,"GO:0070507"
"310","control",1,"regulation of microtubule depolymerization",0.0818933003522122,0,0,1,1,NA,"GO:0031114"
"311","control",1,"regulation of microtubule-based process",-0.453727063707383,0.333333333333333,0,0.946012884241287,1,NA,"GO:0032886"
"312","control",1,"regulation of mitochondrial fission",-0.0604434132960944,0,0,1,1,NA,"GO:0090140"
"313","control",1,"regulation of mitochondrial membrane permeability",0.194798365833684,0,0,1,1,NA,"GO:0046902"
"314","control",1,"regulation of mitochondrial membrane potential",0.153405263066413,0,0,1,1,NA,"GO:0051881"
"315","control",1,"regulation of ncRNA transcription",0.38400103114835,0.333333333333333,0,0.482860883710702,1,NA,"GO:0140747"
"316","control",1,"regulation of neuron apoptotic process",-1.18747914158887,0,0,1,1,NA,"GO:0043523"
"317","control",1,"regulation of neuron death",-0.807050447077021,0.666666666666667,0.666666666666667,1,1,NA,"GO:1901214"
"318","control",1,"regulation of neuron projection development",-0.710220265034448,0,1,0.527979614026814,1,NA,"GO:0010975"
"319","control",1,"regulation of pinocytosis",0.0965022057316617,0,0,1,1,NA,"GO:0048548"
"320","control",1,"regulation of plasma membrane bounded cell projection assembly",-0.298495119054183,0.333333333333333,0,0.955952810126479,1,NA,"GO:0120032"
"321","control",1,"regulation of protein catabolic process",0.29457162240876,0.333333333333333,1,0.828181603229871,1,NA,"GO:0042176"
"322","control",1,"regulation of protein dephosphorylation",0.226137803937031,0.333333333333333,0,0.782336427476106,1,NA,"GO:0035304"
"323","control",1,"regulation of protein modification by small protein conjugation or removal",-0.874519248677911,0,0,1,1,NA,"GO:1903320"
"324","control",1,"regulation of protein stability",0.229675078337747,1,0.666666666666667,0.989308962349835,1,NA,"GO:0031647"
"325","control",1,"regulation of protein-containing complex assembly",0.202920831075133,0.666666666666667,1,0.659302223303764,1,NA,"GO:0043254"
"326","control",1,"regulation of response to DNA damage stimulus",-0.0788653470292,0.666666666666667,0.666666666666667,0.819042342500862,1,NA,"GO:2001020"
"327","control",1,"regulation of small molecule metabolic process",-0.867287543831777,0.333333333333333,0.666666666666667,0.968173039702656,1,NA,"GO:0062012"
"328","control",1,"regulation of stem cell differentiation",0.481424748443406,0.333333333333333,0,0.838900738570438,1,NA,"GO:2000736"
"329","control",1,"regulation of steroid hormone biosynthetic process",0.560839270047943,0.333333333333333,0,0.5291562454269,1,NA,"GO:0090030"
"330","control",1,"regulation of supramolecular fiber organization",-0.156848167431506,0.666666666666667,1,0.955952810126479,1,NA,"GO:1902903"
"331","control",1,"regulation of translational fidelity",0.289506617194985,0,0,1,1,NA,"GO:0006450"
"332","control",1,"regulation of type I interferon-mediated signaling pathway",0.404344175614203,0,0,1,1,NA,"GO:0060338"
"333","control",1,"regulation of ubiquitin-protein transferase activity",0.20856496187012,0,0,1,1,NA,"GO:0051438"
"334","control",1,"regulation of vacuole organization",0.873169337539343,0.333333333333333,0,0.656263956975144,1,NA,"GO:0044088"
"335","control",1,"release of cytochrome c from mitochondria",0.09166901583329,0,0,1,1,NA,"GO:0001836"
"336","control",1,"renal system development",0.245256931944181,1.33333333333333,1,0.990301849067704,1,NA,"GO:0072001"
"337","control",1,"respiratory system development",-0.069498740473185,1,0.666666666666667,0.440440655791587,1,NA,"GO:0060541"
"338","control",1,"respiratory tube development",-0.097385657990143,1,0.333333333333333,0.278786761860712,1,NA,"GO:0030323"
"339","control",1,"response to UV",-0.241303539500381,0,0,1,1,NA,"GO:0009411"
"340","control",1,"response to acid chemical",0.036311457184388,0,0,1,1,NA,"GO:0001101"
"341","control",1,"response to amino acid",-0.280900868961812,0,0,1,1,NA,"GO:0043200"
"342","control",1,"response to amino acid starvation",0.134544086944291,0,0,1,1,NA,"GO:1990928"
"343","control",1,"response to arsenic-containing substance",0.806494468103345,0.333333333333333,0,0.450875410678989,1,NA,"GO:0046685"
"344","control",1,"response to endoplasmic reticulum stress",0.0296644319730832,0.333333333333333,0.333333333333333,0.834810365007194,1,NA,"GO:0034976"
"345","control",1,"response to fluid shear stress",0.485817084836352,0,0,1,1,NA,"GO:0034405"
"346","control",1,"response to insulin",-0.352002373616537,0.333333333333333,0.333333333333333,0.799287245715143,1,NA,"GO:0032868"
"347","control",1,"response to ionizing radiation",0.00380174614865718,0,0,1,1,NA,"GO:0010212"
"348","control",1,"response to oxidative stress",-0.608214372759256,0.333333333333333,1,0.769376252837992,1,NA,"GO:0006979"
"349","control",1,"response to oxygen levels",-0.575501365019181,0.333333333333333,1,0.789687622892038,1,NA,"GO:0070482"
"350","control",1,"response to reactive oxygen species",0.0771085153688187,0.333333333333333,0.333333333333333,0.839393376133747,1,NA,"GO:0000302"
"351","control",1,"response to sterol depletion",-0.0332086913142576,0,0,1,1,NA,"GO:0006991"
"352","control",1,"response to topologically incorrect protein",-0.0998835607502555,0.333333333333333,0,0.876505594264954,1,NA,"GO:0035966"
"353","control",1,"response to transforming growth factor beta",0.00521204867904401,1,1,0.900536753803064,1,NA,"GO:0071559"
"354","control",1,"response to virus",-1.8985325727662,0,1,0.583505930571567,1,NA,"GO:0009615"
"355","control",1,"rhythmic process",-0.772255463257194,0,0.666666666666667,0.841898864657772,1,NA,"GO:0048511"
"356","control",1,"ribonucleoprotein complex assembly",-0.319264966409797,1,0,0.33776969705764,1,NA,"GO:0022618"
"357","control",1,"ribonucleoprotein complex subunit organization",0.40743400698153,1,0,0.366859628687446,1,NA,"GO:0071826"
"358","control",1,"ribonucleotide metabolic process",0.284883479290237,1,1,1,1,NA,"GO:0009259"
"359","control",1,"ribose phosphate metabolic process",-0.106528557529791,1,1,1,1,NA,"GO:0019693"
"360","control",1,"ribosomal subunit export from nucleus",0.147169903546678,0,0,1,1,NA,"GO:0000054"
"361","control",1,"ribosome assembly",0.244173229711671,0,0,1,1,NA,"GO:0042255"
"362","control",1,"ribosome biogenesis",0.211506270891031,0.333333333333333,0,0.940286189015054,1,NA,"GO:0042254"
"363","control",1,"ribosome localization",0.20407296088143,0,0,1,1,NA,"GO:0033750"
"364","control",1,"roof of mouth development",-0.374115383480952,0,0,1,1,NA,"GO:0060021"
"365","control",1,"semaphorin-plexin signaling pathway involved in neuron projection guidance",0.15200309344505,0,0,1,1,NA,"GO:1902285"
"366","control",1,"seminiferous tubule development",0.116394825603499,0,0,1,1,NA,"GO:0072520"
"367","control",1,"signal peptide processing",0.222222222222222,0.333333333333333,0,0.345053156060516,1,NA,"GO:0006465"
"368","control",1,"signal transduction in response to DNA damage",-0.465027319156315,0,0,1,1,NA,"GO:0042770"
"369","control",1,"sister chromatid segregation",-0.712619130984824,0.333333333333333,0.333333333333333,0.786545638527223,1,NA,"GO:0000819"
"370","control",1,"small molecule catabolic process",-0.349626647954878,0,0.666666666666667,0.842805247972648,1,NA,"GO:0044282"
"371","control",1,"smoothened signaling pathway involved in dorsal/ventral neural tube patterning",0.480503236880012,0.333333333333333,0,0.382645969102314,1,NA,"GO:0060831"
"372","control",1,"sphingomyelin biosynthetic process",0.147169903546678,0,0,1,1,NA,"GO:0006686"
"373","control",1,"spindle localization",0.0542080537763593,0,0,1,1,NA,"GO:0051653"
"374","control",1,"stem cell differentiation",-0.982613097607175,0.666666666666667,0.666666666666667,0.821239208235474,1,NA,"GO:0048863"
"375","control",1,"stem cell population maintenance",0.203140904944064,0.666666666666667,0,0.696968409985097,1,NA,"GO:0019827"
"376","control",1,"sterol biosynthetic process",0.371825739139979,0,0,1,1,NA,"GO:0016126"
"377","control",1,"stress granule assembly",0.276691666185896,0,0,1,1,NA,"GO:0034063"
"378","control",1,"substantia nigra development",0.722648212438024,0.333333333333333,0,0.603978112241806,1,NA,"GO:0021762"
"379","control",1,"substrate adhesion-dependent cell spreading",-0.532375244471196,0,0,1,1,NA,"GO:0034446"
"380","control",1,"sulfur compound metabolic process",0.628905555235042,1,0.333333333333333,0.86844513487129,1,NA,"GO:0006790"
"381","control",1,"suppression of viral release by host",0.197837601361695,0,0,1,1,NA,"GO:0044790"
"382","control",1,"synaptic vesicle lumen acidification",0.193004411463323,0,0,1,1,NA,"GO:0097401"
"383","control",1,"telomerase RNA localization to Cajal body",0.101335395630033,0,0,1,1,NA,"GO:0090671"
"384","control",1,"telomere maintenance",0.117813635593969,0.333333333333333,0,0.917482606258592,1,NA,"GO:0000723"
"385","control",1,"telomere organization",-0.19875911292509,0.333333333333333,0,0.926772028917425,1,NA,"GO:0032200"
"386","control",1,"toxin transport",-0.236831127601672,0,0,1,1,NA,"GO:1901998"
"387","control",1,"trabecula morphogenesis",0.152033226909003,0,0,1,1,NA,"GO:0061383"
"388","control",1,"tube closure",-0.0394100139902067,0.666666666666667,0,0.297363840879393,1,NA,"GO:0060606"
"389","control",1,"ubiquinone biosynthetic process",0.573014562056315,0.333333333333333,0,0.337575256017237,1,NA,"GO:0006744"
"390","control",1,"ubiquinone metabolic process",0.70317598369625,0.333333333333333,0,0.417805362718658,1,NA,"GO:0006743"
"391","control",1,"vacuolar acidification",0.447324679029707,0,0,1,1,NA,"GO:0007035"
"392","control",1,"vacuolar transport",-0.875283322226971,0,0,1,1,NA,"GO:0007034"
"393","control",1,"vacuole organization",0.182486046228727,0.333333333333333,0,0.949445999387109,1,NA,"GO:0007033"
"394","control",1,"vasculogenesis",0.0664134792486836,0.333333333333333,0,0.80836227774291,1,NA,"GO:0001570"
"395","control",1,"vesicle localization",-0.656841930942349,0.333333333333333,0,0.915985899113409,1,NA,"GO:0051648"
"396","control",1,"vesicle organization",0.0733693792731762,1,0.666666666666667,0.71023137235607,1,NA,"GO:0016050"
"397","control",1,"viral process",0.809405966370382,1.33333333333333,1,0.7580454874707,1,NA,"GO:0016032"
"398","control",1,"viral release from host cell",0.447324679029707,0,0,1,1,NA,"GO:0019076"
"399","control",1,"water-soluble vitamin metabolic process",0.476478959446487,0,0,1,1,NA,"GO:0006767"
"400","control",9,"ATP metabolic process",-0.602705703678461,0.166666666666667,0,0.998560825539352,1,NA,"GO:0046034"
"401","control",9,"COPII vesicle coating",0.193886321916527,0,0,1,1,NA,"GO:0048208"
"402","control",9,"DNA conformation change",-0.359662151874588,0.166666666666667,0,0.980620905008542,1,NA,"GO:0071103"
"403","control",9,"DNA replication",-0.704577416142948,0,0.333333333333333,0.997361347989274,1,NA,"GO:0006260"
"404","control",9,"DNA-templated transcription elongation",-1.09636976150226,0,0,1,1,NA,"GO:0006354"
"405","control",9,"G0 to G1 transition",-0.0442998234206629,0,0,1,1,NA,"GO:0045023"
"406","control",9,"GPI anchor biosynthetic process",0.223116484176043,0,0,1,1,NA,"GO:0006506"
"407","control",9,"Golgi organization",-0.443671315578063,0,0,1,1,NA,"GO:0007030"
"408","control",9,"Golgi to plasma membrane protein transport",0.381700064560845,0,0,1,1,NA,"GO:0043001"
"409","control",9,"Golgi vesicle transport",-0.699742157126019,0,0.333333333333333,0.997785614422055,1,NA,"GO:0048193"
"410","control",9,"NADP metabolic process",0.246164433228023,0,0,1,1,NA,"GO:0006739"
"411","control",9,"NADPH regeneration",0.134013298337457,0,0,1,1,NA,"GO:0006740"
"412","control",9,"RNA localization",-0.890529194026274,0,0,1,1,NA,"GO:0006403"
"413","control",9,"RNA transport",-0.840670710169343,0,0,1,1,NA,"GO:0050658"
"414","control",9,"Schwann cell differentiation",0.182925884903779,0,0,1,1,NA,"GO:0014037"
"415","control",9,"U2-type prespliceosome assembly",0.255769852505253,0,0,1,1,NA,"GO:1903241"
"416","control",9,"UV-damage excision repair",0,0,0,1,1,NA,"GO:0070914"
"417","control",9,"Wnt signaling pathway",0.137484097885421,0.833333333333333,1,0.975743027448784,1,NA,"GO:0016055"
"418","control",9,"actin filament organization",-0.117179834336402,0.833333333333333,1,0.999827750595957,1,NA,"GO:0007015"
"419","control",9,"alcohol biosynthetic process",-0.227259799253701,0.333333333333333,0,0.906970488467461,1,NA,"GO:0046165"
"420","control",9,"amino sugar biosynthetic process",0.082775210805416,0,0,1,1,NA,"GO:0046349"
"421","control",9,"aminoglycan biosynthetic process",-0.290022145540815,0,0,1,1,NA,"GO:0006023"
"422","control",9,"apoptotic mitochondrial changes",-0.802634713855342,0,0,1,1,NA,"GO:0008637"
"423","control",9,"appendage development",-0.499802180841593,0.166666666666667,0,0.998716830408714,1,NA,"GO:0048736"
"424","control",9,"aromatic compound catabolic process",-0.36739791676613,0.333333333333333,1,0.912597189499201,1,NA,"GO:0019439"
"425","control",9,"autophagosome maturation",0.434498134508526,0.333333333333333,0,0.726067589572597,1,NA,"GO:0097352"
"426","control",9,"autophagy of mitochondrion",-0.248171959293677,0.166666666666667,0,0.989653577556433,1,NA,"GO:0000422"
"427","control",9,"axon extension",-0.387253363467181,0.333333333333333,0,0.928583532580139,1,NA,"GO:0048675"
"428","control",9,"basement membrane organization",0.175396169917046,0.166666666666667,0,0.990391885127165,1,NA,"GO:0071711"
"429","control",9,"biological process involved in interaction with host",-0.14127762498478,0.333333333333333,0,0.964645589917697,1,NA,"GO:0051701"
"430","control",9,"body morphogenesis",0.411791076115235,0.166666666666667,0,0.990231351650869,1,NA,"GO:0010171"
"431","control",9,"bone development",-1.12390874609673,0,0.333333333333333,0.99774879762984,1,NA,"GO:0060348"
"432","control",9,"branched-chain amino acid metabolic process",0.0784577427819017,0,0,1,1,NA,"GO:0009081"
"433","control",9,"carbohydrate derivative catabolic process",-0.0322489120967862,0.166666666666667,0,0.998294087482676,1,NA,"GO:1901136"
"434","control",9,"carbohydrate derivative transport",-0.138058951456948,0,0,1,1,NA,"GO:1901264"
"435","control",9,"cell cycle G1/S phase transition",-1.12711905275693,0.166666666666667,0.333333333333333,0.972513717593185,1,NA,"GO:0044843"
"436","control",9,"cell cycle G2/M phase transition",-0.414442902454295,0.5,0,0.782628542064975,1,NA,"GO:0044839"
"437","control",9,"cell cycle checkpoint signaling",-1.05024540316606,0.166666666666667,0,0.999674401017947,1,NA,"GO:0000075"
"438","control",9,"cell growth",-0.404021804341839,0.333333333333333,1,0.858755027364482,1,NA,"GO:0016049"
"439","control",9,"cell migration involved in heart development",0.429835539064995,0.333333333333333,0,0.504789926873955,1,NA,"GO:0060973"
"440","control",9,"cell redox homeostasis",0.0963925717963344,0,0,1,1,NA,"GO:0045454"
"441","control",9,"cell-cell signaling by wnt",-0.0585946434057518,0.833333333333333,1,0.975700067685691,1,NA,"GO:0198738"
"442","control",9,"cell-substrate adhesion",-0.723159597117638,1.16666666666667,1,0.743472590272211,1,NA,"GO:0031589"
"443","control",9,"cell-substrate junction assembly",-0.0671469474642268,0.333333333333333,0,0.959945590575954,1,NA,"GO:0007044"
"444","control",9,"cell-substrate junction organization",0.0010710448599055,0.333333333333333,0,0.964792000160094,1,NA,"GO:0150115"
"445","control",9,"cellular carbohydrate metabolic process",-0.67708748991674,0.5,0.333333333333333,0.999728515754413,1,NA,"GO:0044262"
"446","control",9,"cellular component disassembly",-0.306378194930491,1,1,0.9557276601065,1,NA,"GO:0022411"
"447","control",9,"cellular lipid catabolic process",-0.0847989371963024,0.5,0,0.849071770441904,1,NA,"GO:0044242"
"448","control",9,"cellular metabolic compound salvage",0.0506676978150167,0,0,1,1,NA,"GO:0043094"
"449","control",9,"cellular nitrogen compound catabolic process",-0.916661076441465,0.333333333333333,1,0.916126974848521,1,NA,"GO:0044270"
"450","control",9,"cellular pigment accumulation",0.12183605463917,0,0,1,1,NA,"GO:0043482"
"451","control",9,"cellular pigmentation",0.0582815552883915,0,0,1,1,NA,"GO:0033059"
"452","control",9,"cellular respiration",-0.622593432518987,0.166666666666667,0,0.997457192527443,1,NA,"GO:0045333"
"453","control",9,"cellular response to UV",-0.27242269700414,0.333333333333333,0,0.90040593450851,1,NA,"GO:0034644"
"454","control",9,"cellular response to acid chemical",-0.0308831903485382,0.166666666666667,0,0.997774593480926,1,NA,"GO:0071229"
"455","control",9,"cellular response to arsenic-containing substance",0.207613316842773,0.166666666666667,0,0.917310631680881,1,NA,"GO:0071243"
"456","control",9,"cellular response to chemical stress",-0.497872150932693,0.333333333333333,0.5,0.999838926024468,1,NA,"GO:0062197"
"457","control",9,"cellular response to dsRNA",0.0501369092081829,0,0,1,1,NA,"GO:0071359"
"458","control",9,"cellular response to external stimulus",-0.564661134071377,0.5,0.5,0.863465428384093,1,NA,"GO:0071496"
"459","control",9,"cellular response to extracellular stimulus",-0.436901614415651,0.166666666666667,0,0.999750085456996,1,NA,"GO:0031668"
"460","control",9,"cellular response to fluid shear stress",0.272359131430405,0.166666666666667,0,0.952253941710502,1,NA,"GO:0071498"
"461","control",9,"cellular response to heat",0.0425160977348589,0.166666666666667,0,0.976338725768494,1,NA,"GO:0034605"
"462","control",9,"cellular response to insulin stimulus",-0.33490378722293,0.5,0,0.949631414076379,1,NA,"GO:0032869"
"463","control",9,"cellular response to ketone",-0.346311169311914,0,0,1,1,NA,"GO:1901655"
"464","control",9,"cellular response to oxygen levels",-0.611147762155078,0,0,1,1,NA,"GO:0071453"
"465","control",9,"cellular response to sterol depletion",0.263168872398328,0.166666666666667,0,0.926127526951972,1,NA,"GO:0071501"
"466","control",9,"cellular response to topologically incorrect protein",-0.630232077102192,0,0,1,1,NA,"GO:0035967"
"467","control",9,"cellular response to transforming growth factor beta stimulus",-0.656393437341867,0.5,0.5,0.995520065589877,1,NA,"GO:0071560"
"468","control",9,"cellular senescence",-0.0875229058060597,0.166666666666667,0,0.995586196219792,1,NA,"GO:0090398"
"469","control",9,"centromere complex assembly",0.38909908445392,0.166666666666667,0,0.942049134437453,1,NA,"GO:0034508"
"470","control",9,"centrosome localization",0.114897790527792,0,0,1,1,NA,"GO:0051642"
"471","control",9,"chaperone-mediated autophagy",-0.0857772622036028,0,0,1,1,NA,"GO:0061684"
"472","control",9,"chondrocyte differentiation",-0.286068245224268,0,0,1,1,NA,"GO:0002062"
"473","control",9,"chromatin remodeling",-0.688829711736233,0.166666666666667,0.5,0.920936500445757,1,NA,"GO:0006338"
"474","control",9,"chromosome localization",-0.114573638994974,0.166666666666667,0,0.994364262941338,1,NA,"GO:0050000"
"475","control",9,"chromosome segregation",-0.411581157296663,0.166666666666667,1,0.847775872361589,1,NA,"GO:0007059"
"476","control",9,"cilium assembly",-1.05239061588635,0,0.333333333333333,0.997366936903145,1,NA,"GO:0060271"
"477","control",9,"cilium organization",-0.394194040937298,0.166666666666667,0.5,0.997278054517239,1,NA,"GO:0044782"
"478","control",9,"circadian regulation of gene expression",-0.209499123185125,0.166666666666667,0,0.993505723702708,1,NA,"GO:0032922"
"479","control",9,"clathrin-dependent endocytosis",-0.0215682306491577,0,0,1,1,NA,"GO:0072583"
"480","control",9,"collagen fibril organization",0.395863280890573,0.333333333333333,0,0.95473945310159,1,NA,"GO:0030199"
"481","control",9,"connective tissue development",-1.50467885355303,0.166666666666667,0.666666666666667,0.842237522054433,1,NA,"GO:0061448"
"482","control",9,"cortical cytoskeleton organization",0.263168872398328,0,0,1,1,NA,"GO:0030865"
"483","control",9,"cytoplasmic translation",-0.451247424521426,0,0,1,1,NA,"GO:0002181"
"484","control",9,"defense response to virus",-0.316521478720953,0.5,0,0.937025933443743,1,NA,"GO:0051607"
"485","control",9,"dephosphorylation",-0.936527199439287,0.166666666666667,0.5,0.995530705474913,1,NA,"GO:0016311"
"486","control",9,"developmental growth involved in morphogenesis",-0.595048258073546,0.333333333333333,0.166666666666667,0.954702295999176,1,NA,"GO:0060560"
"487","control",9,"dicarboxylic acid metabolic process",-0.316728987676204,0,0,1,1,NA,"GO:0043648"
"488","control",9,"double-strand break repair",-0.478965474603103,0.333333333333333,0.333333333333333,0.994838800749785,1,NA,"GO:0006302"
"489","control",9,"embryonic body morphogenesis",0.111096044379135,0,0,1,1,NA,"GO:0010172"
"490","control",9,"embryonic organ development",-0.673009882222472,0.333333333333333,1,0.88657375403627,1,NA,"GO:0048568"
"491","control",9,"epigenetic regulation of gene expression",-0.673476546486283,0.166666666666667,0,0.996689533820997,1,NA,"GO:0040029"
"492","control",9,"erythrocyte differentiation",-0.489404073101243,0.166666666666667,0,0.996352703767172,1,NA,"GO:0030218"
"493","control",9,"establishment of mitotic spindle localization",-0.0375261593377719,0,0,1,1,NA,"GO:0040001"
"494","control",9,"establishment of organelle localization",-0.55512746602395,0.333333333333333,1,0.775503226556558,1,NA,"GO:0051656"
"495","control",9,"establishment of protein localization to membrane",-0.723451542254162,0,0,1,1,NA,"GO:0090150"
"496","control",9,"establishment of protein localization to organelle",-0.198250699621407,0.833333333333333,1,0.985157812738907,1,NA,"GO:0072594"
"497","control",9,"establishment or maintenance of cell polarity",-1.34389189073302,0,0.333333333333333,0.997391702797416,1,NA,"GO:0007163"
"498","control",9,"establishment or maintenance of epithelial cell apical/basal polarity",0.153808306645814,0,0,1,1,NA,"GO:0045197"
"499","control",9,"ether lipid biosynthetic process",0.290919316255023,0.166666666666667,0,0.707341227614912,1,NA,"GO:0008611"
"500","control",9,"exit from host cell",0.219344871491339,0.166666666666667,0,0.946816577865364,1,NA,"GO:0035891"
"501","control",9,"exosomal secretion",0.222432417787254,0,0,1,1,NA,"GO:1990182"
"502","control",9,"extracellular matrix assembly",0.186596935958779,0,0,1,1,NA,"GO:0085029"
"503","control",9,"extracellular vesicle biogenesis",0.23783502349082,0,0,1,1,NA,"GO:0140112"
"504","control",9,"face development",0.21102145618049,0.166666666666667,0,0.989220080318545,1,NA,"GO:0060324"
"505","control",9,"fat cell differentiation",-0.120052723411177,0.833333333333333,0,0.474190726210817,1,NA,"GO:0045444"
"506","control",9,"fatty acid beta-oxidation",0.0372811982068446,0.166666666666667,0,0.985776610544231,1,NA,"GO:0006635"
"507","control",9,"fibroblast migration",0.0402606320974008,0,0,1,1,NA,"GO:0010761"
"508","control",9,"fibroblast proliferation",-0.600735810564555,0,0,1,1,NA,"GO:0048144"
"509","control",9,"folic acid metabolic process",0.0945067654539823,0,0,1,1,NA,"GO:0046655"
"510","control",9,"glial cell apoptotic process",0.210490667573656,0.166666666666667,0,0.92475045620209,1,NA,"GO:0034349"
"511","control",9,"glycerol ether biosynthetic process",0.293280945111048,0.166666666666667,0,0.707341227614912,1,NA,"GO:0046504"
"512","control",9,"glycosyl compound biosynthetic process",0.362453861657522,0.166666666666667,0,0.930216765512555,1,NA,"GO:1901659"
"513","control",9,"glycosyl compound metabolic process",-0.0451353747958791,0.166666666666667,0,0.98737040064566,1,NA,"GO:1901657"
"514","control",9,"glycosylation",-0.535871512590909,0.166666666666667,0,0.999149703335678,1,NA,"GO:0070085"
"515","control",9,"heart valve development",0.202517215227118,0.166666666666667,0,0.991688421526365,1,NA,"GO:0003170"
"516","control",9,"heme metabolic process",0.0112557321348926,0,0,1,1,NA,"GO:0042168"
"517","control",9,"heterochromatin formation",-0.142757868319813,0.166666666666667,0,0.984652972956679,1,NA,"GO:0031507"
"518","control",9,"heterocycle catabolic process",-0.627039580950812,0.333333333333333,1,0.91558068056961,1,NA,"GO:0046700"
"519","control",9,"histone modification",-0.506277395377332,0.5,1,0.970073421694295,1,NA,"GO:0016570"
"520","control",9,"immune system development",-1.07215250516195,0,0,1,1,NA,"GO:0002520"
"521","control",9,"in utero embryonic development",-0.724359268386549,0.166666666666667,1,0.811892610051403,1,NA,"GO:0001701"
"522","control",9,"inner cell mass cell proliferation",0.105692464763738,0,0,1,1,NA,"GO:0001833"
"523","control",9,"inositol phosphate catabolic process",0.0506676978150167,0,0,1,1,NA,"GO:0071545"
"524","control",9,"interferon-beta production",-0.0190209406063146,0,0,1,1,NA,"GO:0032608"
"525","control",9,"intermembrane lipid transfer",0.321585080245684,0,0,1,1,NA,"GO:0120009"
"526","control",9,"intracellular lipid transport",0.21680357587485,0,0,1,1,NA,"GO:0032365"
"527","control",9,"intraciliary transport",-0.0504575022499851,0,0,1,1,NA,"GO:0042073"
"528","control",9,"iron ion homeostasis",-0.105311488749437,0,0,1,1,NA,"GO:0055072"
"529","control",9,"iron-sulfur cluster assembly",-0.0253489156394847,0,0,1,1,NA,"GO:0016226"
"530","control",9,"kinetochore organization",0.357675637852311,0.166666666666667,0,0.909716008073953,1,NA,"GO:0051383"
"531","control",9,"lamellipodium assembly",-0.33366775674062,0.166666666666667,0,0.989527183408498,1,NA,"GO:0030032"
"532","control",9,"lamellipodium morphogenesis",0.134013298337457,0,0,1,1,NA,"GO:0072673"
"533","control",9,"lamellipodium organization",-0.546999337085369,0.166666666666667,0,0.994199450765563,1,NA,"GO:0097581"
"534","control",9,"limb development",-0.561067492052999,0.166666666666667,0,0.998716830408714,1,NA,"GO:0060173"
"535","control",9,"lipoprotein catabolic process",0.0857621954716264,0,0,1,1,NA,"GO:0042159"
"536","control",9,"lipoprotein metabolic process",-0.452537680667707,0.166666666666667,0,0.993782523464906,1,NA,"GO:0042157"
"537","control",9,"lysosomal lumen acidification",0.376180856583768,0.166666666666667,0,0.906733048011646,1,NA,"GO:0007042"
"538","control",9,"lysosomal protein catabolic process",0.22852006379144,0,0,1,1,NA,"GO:1905146"
"539","control",9,"mRNA export from nucleus",-0.116537273414806,0,0,1,1,NA,"GO:0006406"
"540","control",9,"macroautophagy",0.420967474945459,0.666666666666667,0.5,0.9998300421982,1,NA,"GO:0016236"
"541","control",9,"macromolecule deacylation",-0.231197922970021,0.333333333333333,0,0.901373461840446,1,NA,"GO:0098732"
"542","control",9,"macromolecule glycosylation",-0.488049970288637,0.166666666666667,0,0.998882602731416,1,NA,"GO:0043413"
"543","control",9,"magnesium ion transmembrane transport",0.0989188006808475,0,0,1,1,NA,"GO:1903830"
"544","control",9,"magnesium ion transport",0.191008971185644,0,0,1,1,NA,"GO:0015693"
"545","control",9,"maintenance of cell number",-0.689592334111134,0.166666666666667,0,0.998691751054258,1,NA,"GO:0098727"
"546","control",9,"maintenance of protein location",0.10404020021616,0.166666666666667,0,0.995341226936114,1,NA,"GO:0045185"
"547","control",9,"maintenance of protein location in cell",0.103290936546529,0,0,1,1,NA,"GO:0032507"
"548","control",9,"mammary gland epithelial cell proliferation",0.0482360361338544,0,0,1,1,NA,"GO:0033598"
"549","control",9,"membrane assembly",0.159057451208559,0.166666666666667,0,0.988575391441569,1,NA,"GO:0071709"
"550","control",9,"membrane biogenesis",0.355253158653909,0.166666666666667,0,0.989669257673799,1,NA,"GO:0044091"
"551","control",9,"membrane docking",0.0535846496560906,0.333333333333333,0,0.87054422529281,1,NA,"GO:0022406"
"552","control",9,"membrane fission",0.143749412708344,0,0,1,1,NA,"GO:0090148"
"553","control",9,"mesenchymal cell differentiation",-0.541577796308726,0.333333333333333,0.5,0.826279969047504,1,NA,"GO:0048762"
"554","control",9,"metallo-sulfur cluster assembly",0.122827599027701,0,0,1,1,NA,"GO:0031163"
"555","control",9,"methylation",0.628119062228089,0.5,0.166666666666667,0.994468909635981,1,NA,"GO:0032259"
"556","control",9,"miRNA processing",0.382245919899655,0.166666666666667,0,0.977400529052072,1,NA,"GO:0035196"
"557","control",9,"microtubule cytoskeleton organization involved in mitosis",-0.713556417791378,0.166666666666667,0,0.998942803701948,1,NA,"GO:1902850"
"558","control",9,"microtubule depolymerization",0.0752454958186833,0,0,1,1,NA,"GO:0007019"
"559","control",9,"microtubule organizing center localization",0.150062321009538,0,0,1,1,NA,"GO:0061842"
"560","control",9,"microtubule polymerization",-0.10399427129812,0,0,1,1,NA,"GO:0046785"
"561","control",9,"mitochondrial calcium ion homeostasis",0.0642850588059351,0,0,1,1,NA,"GO:0051560"
"562","control",9,"mitochondrial calcium ion transmembrane transport",0.147169903546678,0,0,1,1,NA,"GO:0006851"
"563","control",9,"mitochondrial gene expression",-0.804902943984049,0,0,1,1,NA,"GO:0140053"
"564","control",9,"mitochondrial genome maintenance",0.0180293962177836,0,0,1,1,NA,"GO:0000002"
"565","control",9,"mitochondrial membrane organization",-0.279071980402536,0,0,1,1,NA,"GO:0007006"
"566","control",9,"mitochondrial outer membrane permeabilization",0.171209396987189,0,0,1,1,NA,"GO:0097345"
"567","control",9,"mitochondrial respiratory chain complex assembly",-0.27006039298743,0.166666666666667,0,0.976379089475826,1,NA,"GO:0033108"
"568","control",9,"mitochondrial transmembrane transport",-0.406085642491843,0,0,1,1,NA,"GO:1990542"
"569","control",9,"mitochondrial transport",-0.817400240065881,0,0,1,1,NA,"GO:0006839"
"570","control",9,"mitochondrion distribution",0.0253338489075083,0,0,1,1,NA,"GO:0048311"
"571","control",9,"mitochondrion localization",0.161473282616302,0,0,1,1,NA,"GO:0051646"
"572","control",9,"mitochondrion morphogenesis",0.182184900731914,0,0,1,1,NA,"GO:0070584"
"573","control",9,"mitotic cytokinesis",-0.450570205260468,0,0,1,1,NA,"GO:0000281"
"574","control",9,"monosaccharide biosynthetic process",-0.387037934126143,0,0,1,1,NA,"GO:0046364"
"575","control",9,"monosaccharide metabolic process",-0.671804088543655,0.5,0,0.946388837661461,1,NA,"GO:0005996"
"576","control",9,"morphogenesis of an epithelial sheet",0.0677371619730895,0,0,1,1,NA,"GO:0002011"
"577","control",9,"movement in host",-0.0767895953361981,0.333333333333333,0,0.951284682305757,1,NA,"GO:0044000"
"578","control",9,"multicellular organism growth",-0.654163166903407,0,0,1,1,NA,"GO:0035264"
"579","control",9,"myeloid cell homeostasis",-0.492554775011276,0.166666666666667,0,0.998715055002925,1,NA,"GO:0002262"
"580","control",9,"ncRNA processing",0.0454845237582829,0.5,0.666666666666667,0.987968143487332,1,NA,"GO:0034470"
"581","control",9,"negative regulation of GTPase activity",0.0852068724865782,0,0,1,1,NA,"GO:0034260"
"582","control",9,"negative regulation of catabolic process",-0.465490174211349,0.333333333333333,0.5,0.999907584414492,1,NA,"GO:0009895"
"583","control",9,"negative regulation of cell projection organization",-0.048892200044628,0.333333333333333,0,0.970812689165888,1,NA,"GO:0031345"
"584","control",9,"negative regulation of defense response to virus",0.343489838834284,0.166666666666667,0,0.925957277782043,1,NA,"GO:0050687"
"585","control",9,"negative regulation of growth",-0.918592391618905,0.5,0.333333333333333,0.962806037206221,1,NA,"GO:0045926"
"586","control",9,"negative regulation of mitotic nuclear division",0.370834194751448,0.166666666666667,0,0.98291095752817,1,NA,"GO:0045839"
"587","control",9,"negative regulation of phosphorus metabolic process",-0.437351423686243,0.333333333333333,1,0.886290682535071,1,NA,"GO:0010563"
"588","control",9,"negative regulation of protein phosphorylation",-1.10439248280705,0.333333333333333,1,0.923622410116563,1,NA,"GO:0001933"
"589","control",9,"negative regulation of transferase activity",-1.10756067396741,0.166666666666667,0.5,0.997130072011823,1,NA,"GO:0051348"
"590","control",9,"neural tube development",-0.890800248958821,0.166666666666667,0,0.999660081034395,1,NA,"GO:0021915"
"591","control",9,"neuron apoptotic process",-0.598157820099399,0,0,1,1,NA,"GO:0051402"
"592","control",9,"neuron death",-0.399003159838269,0,0.5,0.974652738250183,1,NA,"GO:0070997"
"593","control",9,"neuron projection organization",0.0930352218269603,0.333333333333333,0,0.886920869564009,1,NA,"GO:0106027"
"594","control",9,"neurotrophin signaling pathway",0.253978613366251,0,0,1,1,NA,"GO:0038179"
"595","control",9,"non-membrane-bounded organelle assembly",0.164880397043756,0.5,0.833333333333333,0.950484669341825,1,NA,"GO:0140694"
"596","control",9,"nonribosomal peptide biosynthetic process",0.0884191194497966,0,0,1,1,NA,"GO:0019184"
"597","control",9,"nuclear chromosome segregation",-0.419979750350285,0.166666666666667,0.333333333333333,0.999922912673514,1,NA,"GO:0098813"
"598","control",9,"nuclear envelope organization",0.0485566291756565,0,0,1,1,NA,"GO:0006998"
"599","control",9,"nuclear transport",-0.430252231959206,0.666666666666667,0.333333333333333,0.920638254833382,1,NA,"GO:0051169"
"600","control",9,"nuclear-transcribed mRNA catabolic process",-0.466143978562599,0.166666666666667,0,0.994822065477731,1,NA,"GO:0000956"
"601","control",9,"nucleic acid transport",-0.691805522416787,0,0,1,1,NA,"GO:0050657"
"602","control",9,"nucleocytoplasmic transport",0.134061511366326,0.666666666666667,0.333333333333333,0.920638254833382,1,NA,"GO:0006913"
"603","control",9,"nucleotide catabolic process",-0.63273205791252,0,0,1,1,NA,"GO:0009166"
"604","control",9,"nucleus organization",-0.250963632920434,0,0,1,1,NA,"GO:0006997"
"605","control",9,"oligosaccharide-lipid intermediate biosynthetic process",0.146639114939845,0,0,1,1,NA,"GO:0006490"
"606","control",9,"one-carbon metabolic process",0.0642850588059351,0,0,1,1,NA,"GO:0006730"
"607","control",9,"organelle fission",-0.923163796025132,0.333333333333333,1,0.747396798604106,1,NA,"GO:0048285"
"608","control",9,"organelle fusion",-0.130260688823271,0.333333333333333,0,0.94239596148,1,NA,"GO:0048284"
"609","control",9,"organelle inheritance",0.191694989264349,0,0,1,1,NA,"GO:0048308"
"610","control",9,"organelle localization by membrane tethering",0.12494531545772,0.333333333333333,0,0.842196796751155,1,NA,"GO:0140056"
"611","control",9,"organophosphate catabolic process",-0.328304355782429,0.333333333333333,0,0.924243549089448,1,NA,"GO:0046434"
"612","control",9,"organophosphate ester transport",-0.385053273037017,0.166666666666667,0,0.996731025859198,1,NA,"GO:0015748"
"613","control",9,"ossification",-1.04389102878423,0.166666666666667,1,0.766886224722843,1,NA,"GO:0001503"
"614","control",9,"osteoblast differentiation",-1.36472819104013,0,0.5,0.980214525612909,1,NA,"GO:0001649"
"615","control",9,"oxidative phosphorylation",-0.240670300287418,0.166666666666667,0,0.988885967726697,1,NA,"GO:0006119"
"616","control",9,"pentose-phosphate shunt",0.223116484176043,0,0,1,1,NA,"GO:0006098"
"617","control",9,"peptidyl-lysine modification",-0.333026876361718,0.166666666666667,0.5,0.994560816982451,1,NA,"GO:0018205"
"618","control",9,"pericardium development",0.274775726379591,0.166666666666667,0,0.925097978187358,1,NA,"GO:0060039"
"619","control",9,"peroxisome organization",0.207518749639422,0,0,1,1,NA,"GO:0007031"
"620","control",9,"phospholipid biosynthetic process",-0.746121330772231,0.166666666666667,0,0.999826464999215,1,NA,"GO:0008654"
"621","control",9,"pigment accumulation",0.0506676978150167,0,0,1,1,NA,"GO:0043476"
"622","control",9,"pigmentation",-0.51625275098571,0,0,1,1,NA,"GO:0043473"
"623","control",9,"pinocytosis",0.195787194990856,0,0,1,1,NA,"GO:0006907"
"624","control",9,"placenta development",-0.457767361085793,0.166666666666667,0,0.999353001207728,1,NA,"GO:0001890"
"625","control",9,"plasma membrane tubulation",0.14321862410151,0,0,1,1,NA,"GO:0097320"
"626","control",9,"platelet-derived growth factor receptor signaling pathway",0.150959771019766,0,0,1,1,NA,"GO:0048008"
"627","control",9,"polyamine biosynthetic process",0.105692464763738,0,0,1,1,NA,"GO:0006596"
"628","control",9,"polyamine metabolic process",0.149531532402704,0,0,1,1,NA,"GO:0006595"
"629","control",9,"polyol metabolic process",-0.659766670209365,0.333333333333333,0,0.882448801872038,1,NA,"GO:0019751"
"630","control",9,"positive regulation by host of viral process",0.260642643513815,0.166666666666667,0,0.914674570639262,1,NA,"GO:0044794"
"631","control",9,"positive regulation of GTPase activity",-0.666773356048858,0.666666666666667,0.333333333333333,0.948940770963116,1,NA,"GO:0043547"
"632","control",9,"positive regulation of amide metabolic process",-0.210759938202548,0.333333333333333,0,0.965741766879117,1,NA,"GO:0034250"
"633","control",9,"positive regulation of axonogenesis",-0.482086232143897,0,0,1,1,NA,"GO:0050772"
"634","control",9,"positive regulation of cell projection organization",-0.891800982096028,0.166666666666667,1,0.844205512519513,1,NA,"GO:0031346"
"635","control",9,"positive regulation of cellular component biogenesis",-0.974479321956059,0.166666666666667,1,0.737280616719082,1,NA,"GO:0044089"
"636","control",9,"positive regulation of epithelial to mesenchymal transition",-0.0881938571527886,0,0,1,1,NA,"GO:0010718"
"637","control",9,"positive regulation of establishment of protein localization",0.0292997780882233,0.833333333333333,0.333333333333333,0.356086056271378,1,NA,"GO:1904951"
"638","control",9,"positive regulation of kinase activity",-0.485974059176732,0.666666666666667,1,0.993789279203489,1,NA,"GO:0033674"
"639","control",9,"positive regulation of microtubule polymerization",0.295276385388728,0,0,1,1,NA,"GO:0031116"
"640","control",9,"positive regulation of nervous system development",-1.08767544495258,0.166666666666667,0.5,0.924050678449707,1,NA,"GO:0051962"
"641","control",9,"positive regulation of neurogenesis",-0.675552635755409,0.166666666666667,0.166666666666667,0.993917792889015,1,NA,"GO:0050769"
"642","control",9,"positive regulation of neuron migration",0.0735849517733392,0,0,1,1,NA,"GO:2001224"
"643","control",9,"positive regulation of protein localization",-0.0257896957042197,1,1,0.958789506441924,1,NA,"GO:1903829"
"644","control",9,"positive regulation of stem cell population maintenance",0.205172187515373,0,0,1,1,NA,"GO:1902459"
"645","control",9,"positive regulation of viral process",0.138330766360972,0.166666666666667,0,0.974959646636394,1,NA,"GO:0048524"
"646","control",9,"postsynapse organization",-0.141530636917565,0.333333333333333,0,0.98615461969458,1,NA,"GO:0099173"
"647","control",9,"proteasome-mediated ubiquitin-dependent protein catabolic process",-0.466023766514829,0.333333333333333,1,0.933813100307174,1,NA,"GO:0043161"
"648","control",9,"protein autophosphorylation",-0.348006672452181,0.166666666666667,0,0.999576585978846,1,NA,"GO:0046777"
"649","control",9,"protein folding",-0.64738758712904,0,0,1,1,NA,"GO:0006457"
"650","control",9,"protein glycosylation",-0.384689763270482,0.166666666666667,0,0.998882602731416,1,NA,"GO:0006486"
"651","control",9,"protein lipidation",-0.13525991850414,0.166666666666667,0,0.983950944672966,1,NA,"GO:0006497"
"652","control",9,"protein localization to nucleus",-0.224269814081148,0.666666666666667,0.5,0.97107534786188,1,NA,"GO:0034504"
"653","control",9,"protein neddylation",0.247025282522897,0,0,1,1,NA,"GO:0045116"
"654","control",9,"protein polyubiquitination",-1.19244994675164,0.333333333333333,0,0.988849520374348,1,NA,"GO:0000209"
"655","control",9,"protein targeting",-0.712093572058493,0.166666666666667,0.5,0.997375797983996,1,NA,"GO:0006605"
"656","control",9,"protein transport to vacuole involved in ubiquitin-dependent protein catabolic process via the multivesicular body sorting pathway",0.128609718722061,0,0,1,1,NA,"GO:0043328"
"657","control",9,"protein-DNA complex subunit organization",-0.3284712463375,0.166666666666667,0,0.999259152208578,1,NA,"GO:0071824"
"658","control",9,"protein-containing complex localization",-1.2490021304664,0,0,1,1,NA,"GO:0031503"
"659","control",9,"proton motive force-driven ATP synthesis",-0.313073003353181,0.166666666666667,0,0.95831499076522,1,NA,"GO:0015986"
"660","control",9,"proton transmembrane transport",-0.644178403318982,0.166666666666667,0,0.995733901889155,1,NA,"GO:1902600"
"661","control",9,"pteridine-containing compound metabolic process",0.142227079712979,0,0,1,1,NA,"GO:0042558"
"662","control",9,"quinone biosynthetic process",0.0735849517733392,0,0,1,1,NA,"GO:1901663"
"663","control",9,"rRNA metabolic process",-0.21177255397547,0.166666666666667,0,0.99964107888015,1,NA,"GO:0016072"
"664","control",9,"receptor metabolic process",0.110583231264664,0.166666666666667,0,0.983238977108742,1,NA,"GO:0043112"
"665","control",9,"regulation of ATP metabolic process",-0.299348467430936,0,0,1,1,NA,"GO:1903578"
"666","control",9,"regulation of ATP-dependent activity",-0.092481850531828,0,0,1,1,NA,"GO:0043462"
"667","control",9,"regulation of DNA repair",-0.431325892939084,0.333333333333333,0,0.985653560072442,1,NA,"GO:0006282"
"668","control",9,"regulation of DNA replication",-0.522534551006419,0,0,1,1,NA,"GO:0006275"
"669","control",9,"regulation of G0 to G1 transition",0.19840799107872,0,0,1,1,NA,"GO:0070316"
"670","control",9,"regulation of GTPase activity",-0.738476656737177,0.833333333333333,1,0.917035618333153,1,NA,"GO:0043087"
"671","control",9,"regulation of Golgi organization",0.105692464763738,0,0,1,1,NA,"GO:1903358"
"672","control",9,"regulation of actin filament organization",-1.16828392226179,0.5,0.5,0.917982058652937,1,NA,"GO:0110053"
"673","control",9,"regulation of actin filament-based process",-0.864369777227857,0.666666666666667,1,0.99396954661132,1,NA,"GO:0032970"
"674","control",9,"regulation of anatomical structure size",-0.374611858969857,0.666666666666667,1,0.921865934024165,1,NA,"GO:0090066"
"675","control",9,"regulation of apoptotic signaling pathway",-0.495015834255671,0.333333333333333,0.833333333333333,0.978772440043884,1,NA,"GO:2001233"
"676","control",9,"regulation of autophagosome maturation",0.272889920037239,0.333333333333333,0,0.385262542898975,1,NA,"GO:1901096"
"677","control",9,"regulation of autophagy",-0.496982572996512,0.5,0.666666666666667,0.978128897860323,1,NA,"GO:0010506"
"678","control",9,"regulation of binding",-0.39503399493541,0.666666666666667,1,0.997559302929439,1,NA,"GO:0051098"
"679","control",9,"regulation of carbohydrate metabolic process",0.282618000445438,0.5,0,0.889086347558985,1,NA,"GO:0006109"
"680","control",9,"regulation of cell cycle phase transition",-0.523980450704091,0.5,1,0.970579879510205,1,NA,"GO:1901987"
"681","control",9,"regulation of cell division",-0.592188562253553,0,0,1,1,NA,"GO:0051302"
"682","control",9,"regulation of cell growth",-0.974122216310942,0.166666666666667,1,0.767113706448024,1,NA,"GO:0001558"
"683","control",9,"regulation of cell morphogenesis",-1.11895089222575,0.333333333333333,0.5,0.977761553878804,1,NA,"GO:0022604"
"684","control",9,"regulation of cell-substrate adhesion",-0.158131759358834,0.666666666666667,0.333333333333333,0.845815127142801,1,NA,"GO:0010810"
"685","control",9,"regulation of cell-substrate junction assembly",0.203862765316399,0.166666666666667,0,0.994578889364222,1,NA,"GO:0090109"
"686","control",9,"regulation of cell-substrate junction organization",0.233219259950325,0.166666666666667,0,0.995327943408217,1,NA,"GO:0150116"
"687","control",9,"regulation of cellular component size",-1.46309501455386,0.5,1,0.862426246518915,1,NA,"GO:0032535"
"688","control",9,"regulation of chromosome organization",-0.0570660376118169,0.333333333333333,0,0.99120021949724,1,NA,"GO:0033044"
"689","control",9,"regulation of chromosome segregation",-0.709453459480312,0.166666666666667,0,0.998035525711956,1,NA,"GO:0051983"
"690","control",9,"regulation of circadian rhythm",-0.44399105177683,0,0,1,1,NA,"GO:0042752"
"691","control",9,"regulation of cysteine-type endopeptidase activity involved in apoptotic process",-0.432997992740086,0,0,1,1,NA,"GO:0043281"
"692","control",9,"regulation of cytokinesis",-0.406221842311259,0,0,1,1,NA,"GO:0032465"
"693","control",9,"regulation of embryonic development",-0.578692182106498,0,0,1,1,NA,"GO:0045995"
"694","control",9,"regulation of establishment of cell polarity",0.171194330255213,0,0,1,1,NA,"GO:2000114"
"695","control",9,"regulation of extracellular matrix organization",0.224864079468416,0,0,1,1,NA,"GO:1903053"
"696","control",9,"regulation of fibroblast migration",0.258186447454439,0,0,1,1,NA,"GO:0010762"
"697","control",9,"regulation of fibroblast proliferation",-0.303936753343794,0,0,1,1,NA,"GO:0048145"
"698","control",9,"regulation of focal adhesion assembly",0.104907836745245,0.166666666666667,0,0.994578889364222,1,NA,"GO:0051893"
"699","control",9,"regulation of generation of precursor metabolites and energy",-0.417850051703177,0,0,1,1,NA,"GO:0043467"
"700","control",9,"regulation of glucose metabolic process",-0.197261023689289,0.166666666666667,0,0.995847152658253,1,NA,"GO:0010906"
"701","control",9,"regulation of interferon-beta production",0.0267039333750031,0,0,1,1,NA,"GO:0032648"
"702","control",9,"regulation of intracellular protein transport",-0.759645512036384,0.333333333333333,0,0.984300951267634,1,NA,"GO:0033157"
"703","control",9,"regulation of intracellular steroid hormone receptor signaling pathway",-0.233517082642257,0,0,1,1,NA,"GO:0033143"
"704","control",9,"regulation of intracellular transport",0.0923242996362569,0.5,0.5,0.918018725353598,1,NA,"GO:0032386"
"705","control",9,"regulation of ketone biosynthetic process",0.26505467874068,0.166666666666667,0,0.875779670767476,1,NA,"GO:0010566"
"706","control",9,"regulation of ligase activity",0.26794709620354,0.166666666666667,0,0.863144450128543,1,NA,"GO:0051340"
"707","control",9,"regulation of membrane permeability",0.160613196862871,0,0,1,1,NA,"GO:0090559"
"708","control",9,"regulation of microtubule cytoskeleton organization",-0.63896818103521,0,0,1,1,NA,"GO:0070507"
"709","control",9,"regulation of microtubule depolymerization",0.0803586158562302,0,0,1,1,NA,"GO:0031114"
"710","control",9,"regulation of microtubule-based process",-0.540727702288261,0.333333333333333,0,0.982883468217118,1,NA,"GO:0032886"
"711","control",9,"regulation of mitochondrial fission",0.272359131430405,0,0,1,1,NA,"GO:0090140"
"712","control",9,"regulation of mitochondrial membrane permeability",0.280278515213606,0,0,1,1,NA,"GO:0046902"
"713","control",9,"regulation of mitochondrial membrane potential",0.296893285587443,0,0,1,1,NA,"GO:0051881"
"714","control",9,"regulation of ncRNA transcription",0.131026313671247,0,0,1,1,NA,"GO:0140747"
"715","control",9,"regulation of neuron apoptotic process",-0.675244489501399,0,0,1,1,NA,"GO:0043523"
"716","control",9,"regulation of neuron death",-1.40532045361501,0,0.5,0.980389914873261,1,NA,"GO:1901214"
"717","control",9,"regulation of neuron projection development",-0.20020831375048,0.5,1,0.959687805653341,1,NA,"GO:0010975"
"718","control",9,"regulation of pinocytosis",-0.00730445268972472,0,0,1,1,NA,"GO:0048548"
"719","control",9,"regulation of plasma membrane bounded cell projection assembly",-0.717781850329999,0.166666666666667,0,0.999425658307546,1,NA,"GO:0120032"
"720","control",9,"regulation of protein catabolic process",-0.345586854164134,0.166666666666667,0.5,0.923950054645202,1,NA,"GO:0042176"
"721","control",9,"regulation of protein dephosphorylation",-0.120411004078515,0.166666666666667,0,0.991450385251871,1,NA,"GO:0035304"
"722","control",9,"regulation of protein modification by small protein conjugation or removal",-0.937038201958914,0,0,1,1,NA,"GO:1903320"
"723","control",9,"regulation of protein stability",0.240743446232486,0.833333333333333,0.333333333333333,0.95555088159048,1,NA,"GO:0031647"
"724","control",9,"regulation of protein-containing complex assembly",-0.0482923459262874,0.666666666666667,1,0.994525471132573,1,NA,"GO:0043254"
"725","control",9,"regulation of response to DNA damage stimulus",-0.807245922911678,0.666666666666667,0.5,0.967521211611166,1,NA,"GO:2001020"
"726","control",9,"regulation of small molecule metabolic process",-0.19853318733564,0.666666666666667,0.333333333333333,0.991126515755267,1,NA,"GO:0062012"
"727","control",9,"regulation of stem cell differentiation",0.0298655167186095,0.166666666666667,0,0.987698745432936,1,NA,"GO:2000736"
"728","control",9,"regulation of steroid hormone biosynthetic process",0.306898306101967,0.166666666666667,0,0.939779360164615,1,NA,"GO:0090030"
"729","control",9,"regulation of supramolecular fiber organization",-0.699072177229266,0.5,1,0.964900049979439,1,NA,"GO:1902903"
"730","control",9,"regulation of translational fidelity",0.108109059712924,0,0,1,1,NA,"GO:0006450"
"731","control",9,"regulation of type I interferon-mediated signaling pathway",0.294021929282914,0,0,1,1,NA,"GO:0060338"
"732","control",9,"regulation of ubiquitin-protein transferase activity",0.0896735755556105,0,0,1,1,NA,"GO:0051438"
"733","control",9,"regulation of vacuole organization",0.124267716320332,0,0,1,1,NA,"GO:0044088"
"734","control",9,"release of cytochrome c from mitochondria",0.115138119556776,0,0,1,1,NA,"GO:0001836"
"735","control",9,"renal system development",-1.73120236774756,0.166666666666667,1,0.850727066031183,1,NA,"GO:0072001"
"736","control",9,"respiratory system development",-0.863195452240374,0.166666666666667,0.333333333333333,0.971966683012652,1,NA,"GO:0060541"
"737","control",9,"respiratory tube development",-0.669036709008838,0.166666666666667,0,0.999272459737601,1,NA,"GO:0030323"
"738","control",9,"response to UV",-0.29955764821398,0.333333333333333,0,0.968000395112541,1,NA,"GO:0009411"
"739","control",9,"response to acid chemical",-0.0725248886561546,0.166666666666667,0,0.9991461508625,1,NA,"GO:0001101"
"740","control",9,"response to amino acid",-0.460925454261805,0.166666666666667,0,0.998476912690995,1,NA,"GO:0043200"
"741","control",9,"response to amino acid starvation",0.224348357593559,0,0,1,1,NA,"GO:1990928"
"742","control",9,"response to arsenic-containing substance",0.30309655995331,0.166666666666667,0,0.968327694394308,1,NA,"GO:0046685"
"743","control",9,"response to endoplasmic reticulum stress",-0.308543692734259,0,0,1,1,NA,"GO:0034976"
"744","control",9,"response to fluid shear stress",0.346950694324252,0.166666666666667,0,0.983319847812375,1,NA,"GO:0034405"
"745","control",9,"response to insulin",-0.726617758403773,0.5,0.333333333333333,0.999833301891857,1,NA,"GO:0032868"
"746","control",9,"response to ionizing radiation",-0.817026903669728,0,0,1,1,NA,"GO:0010212"
"747","control",9,"response to oxidative stress",-0.407823979471658,0.5,1,0.973175844397055,1,NA,"GO:0006979"
"748","control",9,"response to oxygen levels",-0.945357542502375,0.5,1,0.969592969664178,1,NA,"GO:0070482"
"749","control",9,"response to reactive oxygen species",-0.315042300521034,0.333333333333333,0,0.989059958848477,1,NA,"GO:0000302"
"750","control",9,"response to sterol depletion",0.286507281028157,0.166666666666667,0,0.929583405146022,1,NA,"GO:0006991"
"751","control",9,"response to topologically incorrect protein",-0.560243440572475,0,0,1,1,NA,"GO:0035966"
"752","control",9,"response to transforming growth factor beta",-0.279261898747082,0.5,0.5,0.995536780623195,1,NA,"GO:0071559"
"753","control",9,"response to virus",-0.382493637772683,0.5,0.666666666666667,0.845864795848434,1,NA,"GO:0009615"
"754","control",9,"rhythmic process",-0.797788718306176,0.5,0.166666666666667,0.98188164400364,1,NA,"GO:0048511"
"755","control",9,"ribonucleoprotein complex assembly",-0.678682313023633,0,0,1,1,NA,"GO:0022618"
"756","control",9,"ribonucleoprotein complex subunit organization",-0.840852514145062,0.166666666666667,0,0.999512882673183,1,NA,"GO:0071826"
"757","control",9,"ribonucleotide metabolic process",-0.280956266120434,0.5,0.833333333333333,0.996102457759638,1,NA,"GO:0009259"
"758","control",9,"ribose phosphate metabolic process",-0.4576089976737,0.5,0.833333333333333,0.995852471209411,1,NA,"GO:0019693"
"759","control",9,"ribosomal subunit export from nucleus",0.0969629615133589,0,0,1,1,NA,"GO:0000054"
"760","control",9,"ribosome assembly",0.247491637390332,0,0,1,1,NA,"GO:0042255"
"761","control",9,"ribosome biogenesis",-0.39202347343912,0.166666666666667,0,0.999787525232196,1,NA,"GO:0042254"
"762","control",9,"ribosome localization",0.0272196552498604,0,0,1,1,NA,"GO:0033750"
"763","control",9,"roof of mouth development",-0.449496902213471,0,0,1,1,NA,"GO:0060021"
"764","control",9,"semaphorin-plexin signaling pathway involved in neuron projection guidance",0.237950651852501,0,0,1,1,NA,"GO:1902285"
"765","control",9,"seminiferous tubule development",0.247025282522897,0.166666666666667,0,0.886748416806465,1,NA,"GO:0072520"
"766","control",9,"signal peptide processing",0.0735849517733392,0,0,1,1,NA,"GO:0006465"
"767","control",9,"signal transduction in response to DNA damage",-0.844992640010404,0.166666666666667,0,0.998592303941106,1,NA,"GO:0042770"
"768","control",9,"sister chromatid segregation",0.00416340298204088,0.166666666666667,0,0.999872445398449,1,NA,"GO:0000819"
"769","control",9,"small molecule catabolic process",-0.432423960282451,0.333333333333333,0.333333333333333,0.995766835676072,1,NA,"GO:0044282"
"770","control",9,"smoothened signaling pathway involved in dorsal/ventral neural tube patterning",0.142757868319813,0,0,1,1,NA,"GO:0060831"
"771","control",9,"sphingomyelin biosynthetic process",0.0477203142589971,0,0,1,1,NA,"GO:0006686"
"772","control",9,"spindle localization",0.242683280121168,0,0,1,1,NA,"GO:0051653"
"773","control",9,"stem cell differentiation",-0.996546348726911,0.333333333333333,0.333333333333333,0.891225192857461,1,NA,"GO:0048863"
"774","control",9,"stem cell population maintenance",-0.665197829924735,0.166666666666667,0,0.998655074491111,1,NA,"GO:0019827"
"775","control",9,"sterol biosynthetic process",0.235604089728451,0,0,1,1,NA,"GO:0016126"
"776","control",9,"stress granule assembly",0.316713920944228,0.166666666666667,0,0.958874170178417,1,NA,"GO:0034063"
"777","control",9,"substantia nigra development",-0.0511435203286904,0,0,1,1,NA,"GO:0021762"
"778","control",9,"substrate adhesion-dependent cell spreading",0.192802162014561,0.5,0,0.773355682889088,1,NA,"GO:0034446"
"779","control",9,"sulfur compound metabolic process",-1.04061748642241,0.333333333333333,0.333333333333333,0.995406127366102,1,NA,"GO:0006790"
"780","control",9,"suppression of viral release by host",0.223662339514853,0,0,1,1,NA,"GO:0044790"
"781","control",9,"synaptic vesicle lumen acidification",0.21979056054106,0.166666666666667,0,0.844502141188568,1,NA,"GO:0097401"
"782","control",9,"telomerase RNA localization to Cajal body",0.134013298337457,0,0,1,1,NA,"GO:0090671"
"783","control",9,"telomere maintenance",-0.395914754595972,0.333333333333333,0,0.949151473026469,1,NA,"GO:0000723"
"784","control",9,"telomere organization",-0.475733233031918,0.333333333333333,0,0.956152141569599,1,NA,"GO:0032200"
"785","control",9,"toxin transport",0.297692980337913,0,0,1,1,NA,"GO:1901998"
"786","control",9,"trabecula morphogenesis",0.191182612792569,0.166666666666667,0,0.991059219481424,1,NA,"GO:0061383"
"787","control",9,"tube closure",-0.570541946853876,0,0,1,1,NA,"GO:0060606"
"788","control",9,"ubiquinone biosynthetic process",0.124197683495196,0,0,1,1,NA,"GO:0006744"
"789","control",9,"ubiquinone metabolic process",0.205843138862101,0,0,1,1,NA,"GO:0006743"
"790","control",9,"vacuolar acidification",0.206987961032588,0.166666666666667,0,0.96004108329262,1,NA,"GO:0007035"
"791","control",9,"vacuolar transport",-0.070786907984803,0.333333333333333,0,0.972991661229231,1,NA,"GO:0007034"
"792","control",9,"vacuole organization",-0.324593204229986,0.333333333333333,0,0.984082675234381,1,NA,"GO:0007033"
"793","control",9,"vasculogenesis",-0.304328433370825,0.166666666666667,0,0.992073148748879,1,NA,"GO:0001570"
"794","control",9,"vesicle localization",-0.771255408831417,0,0,1,1,NA,"GO:0051648"
"795","control",9,"vesicle organization",0.0447335759999882,0.5,0.5,0.949266295162248,1,NA,"GO:0016050"
"796","control",9,"viral process",-0.521137633553519,0.5,1,0.877050177506392,1,NA,"GO:0016032"
"797","control",9,"viral release from host cell",0.341532047976879,0.166666666666667,0,0.946816577865364,1,NA,"GO:0019076"
"798","control",9,"water-soluble vitamin metabolic process",0.2251044084974,0.166666666666667,0,0.982232496626062,1,NA,"GO:0006767"
"799","enu",3,"ATP metabolic process",-0.267206043075993,2,2.66666666666667,0.897241951165062,1,NA,"GO:0046034"
"800","enu",3,"COPII vesicle coating",-0.630007739343367,0.333333333333333,0,0.811272159840185,1,NA,"GO:0048208"
"801","enu",3,"DNA conformation change",-0.3250472314864,1,1,0.862803962283655,1,NA,"GO:0071103"
"802","enu",3,"DNA replication",-0.146245295709718,2.33333333333333,4,0.130564488556009,1,NA,"GO:0006260"
"803","enu",3,"DNA-templated transcription elongation",0.403817425995826,2,1.66666666666667,0.712310605151337,1,NA,"GO:0006354"
"804","enu",3,"G0 to G1 transition",-1.43268613300071,0,0.666666666666667,0.846811804900259,1,NA,"GO:0045023"
"805","enu",3,"GPI anchor biosynthetic process",-0.166050332051294,0.333333333333333,0,0.825680966281027,1,NA,"GO:0006506"
"806","enu",3,"Golgi organization",0.468833161455274,2,1.66666666666667,0.995458049823229,1,NA,"GO:0007030"
"807","enu",3,"Golgi to plasma membrane protein transport",0.229898017736298,0.333333333333333,0.333333333333333,0.805502551312084,1,NA,"GO:0043001"
"808","enu",3,"Golgi vesicle transport",0.0518039117590652,2.33333333333333,3.66666666666667,0.403306990652756,1,NA,"GO:0048193"
"809","enu",3,"NADP metabolic process",0.496747947822673,0.333333333333333,0,0.943654735614813,1,NA,"GO:0006739"
"810","enu",3,"NADPH regeneration",0.325125426591757,0.333333333333333,0,0.861580681627438,1,NA,"GO:0006740"
"811","enu",3,"RNA localization",-1.56652731553552,0.333333333333333,2,0.105119214604442,1,NA,"GO:0006403"
"812","enu",3,"RNA transport",-1.35848526468264,0.333333333333333,2,0.192059379734349,1,NA,"GO:0050658"
"813","enu",3,"Schwann cell differentiation",-0.668411769416807,0.333333333333333,0,0.96255561303705,1,NA,"GO:0014037"
"814","enu",3,"U2-type prespliceosome assembly",-0.467012575650633,0,0,1,1,NA,"GO:1903241"
"815","enu",3,"UV-damage excision repair",0.510714628028869,1,0,0.0884343294903237,1,NA,"GO:0070914"
"816","enu",3,"Wnt signaling pathway",-0.0441655441123778,7,8,0.661442322987326,1,NA,"GO:0016055"
"817","enu",3,"actin filament organization",-0.618689948185652,4.33333333333333,7.66666666666667,0.0707604715662731,1,NA,"GO:0007015"
"818","enu",3,"alcohol biosynthetic process",-0.343399596519135,1.33333333333333,1.66666666666667,0.979772888406251,1,NA,"GO:0046165"
"819","enu",3,"amino sugar biosynthetic process",0.173036492750936,0,0,1,1,NA,"GO:0046349"
"820","enu",3,"aminoglycan biosynthetic process",0.324148092493146,0.666666666666667,1,0.939427866330271,1,NA,"GO:0006023"
"821","enu",3,"apoptotic mitochondrial changes",-0.476812802357566,1.33333333333333,1,0.991530836927739,1,NA,"GO:0008637"
"822","enu",3,"appendage development",0.122870670069767,3.33333333333333,3,0.997835352208637,1,NA,"GO:0048736"
"823","enu",3,"aromatic compound catabolic process",-0.229853612614687,5,5.66666666666667,0.460258028665717,1,NA,"GO:0019439"
"824","enu",3,"autophagosome maturation",-0.518124726962578,0,0.666666666666667,0.837437387321452,1,NA,"GO:0097352"
"825","enu",3,"autophagy of mitochondrion",0.189428234871968,1.33333333333333,1,0.992023949617512,1,NA,"GO:0000422"
"826","enu",3,"axon extension",-0.187204494802485,1.33333333333333,2,0.886955402678284,1,NA,"GO:0048675"
"827","enu",3,"basement membrane organization",-0.472740743639949,0.666666666666667,1,0.953488832515504,1,NA,"GO:0071711"
"828","enu",3,"biological process involved in interaction with host",-0.100491348495677,2.66666666666667,2.66666666666667,0.959561612131649,1,NA,"GO:0051701"
"829","enu",3,"body morphogenesis",-0.836841905919244,1,1,0.882924872637342,1,NA,"GO:0010171"
"830","enu",3,"bone development",0.476891546901136,5,4.33333333333333,0.496940380005276,1,NA,"GO:0060348"
"831","enu",3,"branched-chain amino acid metabolic process",-0.22750684408843,0.333333333333333,0,0.795173951925378,1,NA,"GO:0009081"
"832","enu",3,"carbohydrate derivative catabolic process",-0.0068736045115726,2,2,0.434734366204247,1,NA,"GO:1901136"
"833","enu",3,"carbohydrate derivative transport",-0.341757592450218,0.666666666666667,1,0.700945184646581,1,NA,"GO:1901264"
"834","enu",3,"cell cycle G1/S phase transition",-0.186700697074163,4,3.66666666666667,0.848366789239922,1,NA,"GO:0044843"
"835","enu",3,"cell cycle G2/M phase transition",0.307834250463493,2.33333333333333,2,0.996480046298622,1,NA,"GO:0044839"
"836","enu",3,"cell cycle checkpoint signaling",0.0308105020689935,2,2,1,1,NA,"GO:0000075"
"837","enu",3,"cell growth",0.148613511324648,6.66666666666667,8,0.627487418233576,1,NA,"GO:0016049"
"838","enu",3,"cell migration involved in heart development",-0.685494582972081,0,0,1,1,NA,"GO:0060973"
"839","enu",3,"cell redox homeostasis",-0.477317698135531,0.333333333333333,0.333333333333333,0.747522059177345,1,NA,"GO:0045454"
"840","enu",3,"cell-cell signaling by wnt",0.0607827422577824,7,8,0.661532055430593,1,NA,"GO:0198738"
"841","enu",3,"cell-substrate adhesion",0.466282988132163,7.33333333333333,7,0.58399339445193,1,NA,"GO:0031589"
"842","enu",3,"cell-substrate junction assembly",-0.967470324093026,2.33333333333333,2.66666666666667,0.778005165947617,1,NA,"GO:0007044"
"843","enu",3,"cell-substrate junction organization",-0.779448408594038,2.66666666666667,2.66666666666667,0.960094348234658,1,NA,"GO:0150115"
"844","enu",3,"cellular carbohydrate metabolic process",-0.301055550763017,2,3.66666666666667,0.380866551405903,1,NA,"GO:0044262"
"845","enu",3,"cellular component disassembly",-0.000981943805770602,5.33333333333333,7.66666666666667,0.31919359482574,1,NA,"GO:0022411"
"846","enu",3,"cellular lipid catabolic process",-1.32223187201842,0.333333333333333,2.33333333333333,0.0884226963482798,1,NA,"GO:0044242"
"847","enu",3,"cellular metabolic compound salvage",-0.793862833980185,0,0,1,1,NA,"GO:0043094"
"848","enu",3,"cellular nitrogen compound catabolic process",-0.0847241235955049,5,5.66666666666667,0.469361915343226,1,NA,"GO:0044270"
"849","enu",3,"cellular pigment accumulation",0.394694354812991,0.333333333333333,0,0.757247013679395,1,NA,"GO:0043482"
"850","enu",3,"cellular pigmentation",-0.723561632679959,0.333333333333333,1,0.796298907940743,1,NA,"GO:0033059"
"851","enu",3,"cellular respiration",-0.577583712648438,1,2.33333333333333,0.380591332874352,1,NA,"GO:0045333"
"852","enu",3,"cellular response to UV",0.722917086170022,2.33333333333333,1,0.110926139702413,1,NA,"GO:0034644"
"853","enu",3,"cellular response to acid chemical",-0.123875969570584,0.666666666666667,1.66666666666667,0.544125467984798,1,NA,"GO:0071229"
"854","enu",3,"cellular response to arsenic-containing substance",-0.205385851804737,0.333333333333333,0,0.855300234811821,1,NA,"GO:0071243"
"855","enu",3,"cellular response to chemical stress",-0.448594157478403,3.66666666666667,4.66666666666667,0.495530927541615,1,NA,"GO:0062197"
"856","enu",3,"cellular response to dsRNA",0.417878569277181,0.333333333333333,0,0.879778938454507,1,NA,"GO:0071359"
"857","enu",3,"cellular response to external stimulus",-0.0513779126298097,3.66666666666667,5,0.701415676090099,1,NA,"GO:0071496"
"858","enu",3,"cellular response to extracellular stimulus",-0.282627794009011,3.33333333333333,3.66666666666667,0.825071996678052,1,NA,"GO:0031668"
"859","enu",3,"cellular response to fluid shear stress",0.157458541359746,0.666666666666667,0,0.48809089521538,1,NA,"GO:0071498"
"860","enu",3,"cellular response to heat",1.29590715346811,1.66666666666667,1,0.935507779026982,1,NA,"GO:0034605"
"861","enu",3,"cellular response to insulin stimulus",-0.120061919605896,2.66666666666667,3,0.427617003750359,1,NA,"GO:0032869"
"862","enu",3,"cellular response to ketone",-1.24550325043476,0.666666666666667,1.66666666666667,0.564187715204454,1,NA,"GO:1901655"
"863","enu",3,"cellular response to oxygen levels",-0.970518253952998,2,3,0.0789027298234601,1,NA,"GO:0071453"
"864","enu",3,"cellular response to sterol depletion",-0.496809169409536,0,0,1,1,NA,"GO:0071501"
"865","enu",3,"cellular response to topologically incorrect protein",-0.314353852252868,0.666666666666667,1,0.94090395792859,1,NA,"GO:0035967"
"866","enu",3,"cellular response to transforming growth factor beta stimulus",0.0677119584927324,6.33333333333333,4.66666666666667,0.315548895799987,1,NA,"GO:0071560"
"867","enu",3,"cellular senescence",0.663165708107185,1.33333333333333,1,0.76804026744797,1,NA,"GO:0090398"
"868","enu",3,"centromere complex assembly",0.942102323185642,1,0,0.189511188017284,1,NA,"GO:0034508"
"869","enu",3,"centrosome localization",-0.52174340980162,1,0.333333333333333,0.241316268698877,1,NA,"GO:0051642"
"870","enu",3,"chaperone-mediated autophagy",0.380189399460922,0,0,1,1,NA,"GO:0061684"
"871","enu",3,"chondrocyte differentiation",-0.395711152033285,2,2,1,1,NA,"GO:0002062"
"872","enu",3,"chromatin remodeling",0.25818922446234,5,4.66666666666667,0.35112699375914,1,NA,"GO:0006338"
"873","enu",3,"chromosome localization",-0.341359126219597,2.33333333333333,1,0.293964318282499,1,NA,"GO:0050000"
"874","enu",3,"chromosome segregation",-0.0385218246256173,4.66666666666667,5,0.462928688541818,1,NA,"GO:0007059"
"875","enu",3,"cilium assembly",0.136766186521093,4.33333333333333,4,0.942573467842301,1,NA,"GO:0060271"
"876","enu",3,"cilium organization",0.0911921968736747,4.66666666666667,4.66666666666667,0.728066313794946,1,NA,"GO:0044782"
"877","enu",3,"circadian regulation of gene expression",-0.896015392117867,0,1,0.559408136970128,1,NA,"GO:0032922"
"878","enu",3,"clathrin-dependent endocytosis",0.028920525469244,0.666666666666667,0.333333333333333,0.962264413556302,1,NA,"GO:0072583"
"879","enu",3,"collagen fibril organization",0.946014945931827,2.66666666666667,1.66666666666667,0.786881978639769,1,NA,"GO:0030199"
"880","enu",3,"connective tissue development",-0.0474523800985668,4,4.66666666666667,0.943724072277779,1,NA,"GO:0061448"
"881","enu",3,"cortical cytoskeleton organization",0.00688252998122305,1,1,0.86725914777509,1,NA,"GO:0030865"
"882","enu",3,"cytoplasmic translation",0.0943767257581346,0.666666666666667,1.66666666666667,0.596721466389253,1,NA,"GO:0002181"
"883","enu",3,"defense response to virus",-0.53217426451322,2.66666666666667,3.66666666666667,0.756055123913553,1,NA,"GO:0051607"
"884","enu",3,"dephosphorylation",-0.0187792961182691,4,4.66666666666667,0.887648634237465,1,NA,"GO:0016311"
"885","enu",3,"developmental growth involved in morphogenesis",0.268813037729101,3,3.66666666666667,0.678318315118325,1,NA,"GO:0060560"
"886","enu",3,"dicarboxylic acid metabolic process",-0.318106619777591,1.33333333333333,1,0.989809617965238,1,NA,"GO:0043648"
"887","enu",3,"double-strand break repair",0.391800294437794,4.66666666666667,3.66666666666667,0.698746120111094,1,NA,"GO:0006302"
"888","enu",3,"embryonic body morphogenesis",0.143490822063899,0.333333333333333,0,0.860510995156019,1,NA,"GO:0010172"
"889","enu",3,"embryonic organ development",-0.868629863959785,2.66666666666667,7.33333333333333,0.00519957041266852,1,NA,"GO:0048568"
"890","enu",3,"epigenetic regulation of gene expression",-0.220431640643266,2,2.33333333333333,0.834297939154861,1,NA,"GO:0040029"
"891","enu",3,"erythrocyte differentiation",-1.23938632285696,0.333333333333333,2,0.15726547983708,1,NA,"GO:0030218"
"892","enu",3,"establishment of mitotic spindle localization",0.903206270617073,0.666666666666667,0,0.568791701710006,1,NA,"GO:0040001"
"893","enu",3,"establishment of organelle localization",0.177440088559538,5.33333333333333,5.66666666666667,0.921599610348306,1,NA,"GO:0051656"
"894","enu",3,"establishment of protein localization to membrane",0.0153511270575988,2.66666666666667,3.33333333333333,0.673615368859173,1,NA,"GO:0090150"
"895","enu",3,"establishment of protein localization to organelle",0.515356605333593,6,5.66666666666667,0.999286496602541,1,NA,"GO:0072594"
"896","enu",3,"establishment or maintenance of cell polarity",0.369268332356646,4.33333333333333,4,0.683509419404407,1,NA,"GO:0007163"
"897","enu",3,"establishment or maintenance of epithelial cell apical/basal polarity",-1.12456594561621,0.666666666666667,1,0.954703778603335,1,NA,"GO:0045197"
"898","enu",3,"ether lipid biosynthetic process",0.521008864927672,0.333333333333333,0,0.595618394654605,1,NA,"GO:0008611"
"899","enu",3,"exit from host cell",0.299832079278158,0.333333333333333,0,0.915621075240791,1,NA,"GO:0035891"
"900","enu",3,"exosomal secretion",-0.840785235913823,0,0,1,1,NA,"GO:1990182"
"901","enu",3,"extracellular matrix assembly",-0.191125060583683,1,1,0.858960439966224,1,NA,"GO:0085029"
"902","enu",3,"extracellular vesicle biogenesis",-0.0143562406306287,0,0,1,1,NA,"GO:0140112"
"903","enu",3,"face development",-0.714560029391107,1,1,0.887763015784462,1,NA,"GO:0060324"
"904","enu",3,"fat cell differentiation",-0.69658370311501,1.66666666666667,3.66666666666667,0.177309769119959,1,NA,"GO:0045444"
"905","enu",3,"fatty acid beta-oxidation",-0.239809048173383,0.333333333333333,1,0.820675155329765,1,NA,"GO:0006635"
"906","enu",3,"fibroblast migration",0.816172893268943,1.33333333333333,1,0.99226238144041,1,NA,"GO:0010761"
"907","enu",3,"fibroblast proliferation",-0.7662501639121,1,2,0.543856492249532,1,NA,"GO:0048144"
"908","enu",3,"folic acid metabolic process",0.541724855164895,0.666666666666667,0,0.368300523386446,1,NA,"GO:0046655"
"909","enu",3,"glial cell apoptotic process",0.169913183131867,0.333333333333333,0,0.881491672511049,1,NA,"GO:0034349"
"910","enu",3,"glycerol ether biosynthetic process",0.420851335064369,0.333333333333333,0,0.595618394654605,1,NA,"GO:0046504"
"911","enu",3,"glycosyl compound biosynthetic process",-0.578167702453654,0,0,1,1,NA,"GO:1901659"
"912","enu",3,"glycosyl compound metabolic process",-0.337711758531966,0.333333333333333,0.666666666666667,0.966033156852317,1,NA,"GO:1901657"
"913","enu",3,"glycosylation",0.624362911930787,3.66666666666667,3,0.394507768719556,1,NA,"GO:0070085"
"914","enu",3,"heart valve development",0.0917158025816347,1.33333333333333,1,0.989318952374217,1,NA,"GO:0003170"
"915","enu",3,"heme metabolic process",-0.077990341255159,0.666666666666667,0,0.806682015682524,1,NA,"GO:0042168"
"916","enu",3,"heterochromatin formation",-0.023943948672137,1.66666666666667,1,0.940672929154351,1,NA,"GO:0031507"
"917","enu",3,"heterocycle catabolic process",0.0416548319546271,5,5.66666666666667,0.472196809144007,1,NA,"GO:0046700"
"918","enu",3,"histone modification",-0.370211189358217,4.66666666666667,7,0.0453708160074999,1,NA,"GO:0016570"
"919","enu",3,"immune system development",0.123338742253599,2.66666666666667,2.66666666666667,0.960206792164121,1,NA,"GO:0002520"
"920","enu",3,"in utero embryonic development",-0.281561394103478,5,6.66666666666667,0.503521344120146,1,NA,"GO:0001701"
"921","enu",3,"inner cell mass cell proliferation",-0.0597402239532564,0.666666666666667,0,0.246652865122112,1,NA,"GO:0001833"
"922","enu",3,"inositol phosphate catabolic process",-0.23484803882461,0,0,1,1,NA,"GO:0071545"
"923","enu",3,"interferon-beta production",-0.709160107973034,0,0.666666666666667,0.819752526347433,1,NA,"GO:0032608"
"924","enu",3,"intermembrane lipid transfer",0.336140013297143,0.666666666666667,0.333333333333333,0.464917982423229,1,NA,"GO:0120009"
"925","enu",3,"intracellular lipid transport",0.33713507948199,0.666666666666667,0.333333333333333,0.960285123353341,1,NA,"GO:0032365"
"926","enu",3,"intraciliary transport",0.262538791372683,0.333333333333333,0,0.945547980457822,1,NA,"GO:0042073"
"927","enu",3,"iron ion homeostasis",0.649153824002084,1.66666666666667,1,0.936203735125325,1,NA,"GO:0055072"
"928","enu",3,"iron-sulfur cluster assembly",-0.0085819472601299,0,0,1,1,NA,"GO:0016226"
"929","enu",3,"kinetochore organization",0.168325967518444,0.666666666666667,0,0.253566541413978,1,NA,"GO:0051383"
"930","enu",3,"lamellipodium assembly",0.945547306210031,1.33333333333333,1,0.742129750176681,1,NA,"GO:0030032"
"931","enu",3,"lamellipodium morphogenesis",0.388453851138328,1,0,0.374345603098522,1,NA,"GO:0072673"
"932","enu",3,"lamellipodium organization",0.545687603522831,2.33333333333333,1.66666666666667,0.429625092326158,1,NA,"GO:0097581"
"933","enu",3,"limb development",0.182303624006419,3.33333333333333,3,0.997835352208637,1,NA,"GO:0060173"
"934","enu",3,"lipoprotein catabolic process",0.0239760316291208,0,0,1,1,NA,"GO:0042159"
"935","enu",3,"lipoprotein metabolic process",0.476643969002423,1,1.33333333333333,0.605764562759128,1,NA,"GO:0042157"
"936","enu",3,"lysosomal lumen acidification",-0.827472612920425,0,0,1,1,NA,"GO:0007042"
"937","enu",3,"lysosomal protein catabolic process",-0.510279323786706,0,0,1,1,NA,"GO:1905146"
"938","enu",3,"mRNA export from nucleus",0.445616193818104,0.333333333333333,1,0.847696565387165,1,NA,"GO:0006406"
"939","enu",3,"macroautophagy",0.801628639044945,8,4.66666666666667,0.354794341955632,1,NA,"GO:0016236"
"940","enu",3,"macromolecule deacylation",-0.584148608907164,1.33333333333333,1.66666666666667,0.615959464251566,1,NA,"GO:0098732"
"941","enu",3,"macromolecule glycosylation",0.765602336227621,3.33333333333333,2.66666666666667,0.737424034822605,1,NA,"GO:0043413"
"942","enu",3,"magnesium ion transmembrane transport",-0.561514611775878,0.333333333333333,0,0.664539692879876,1,NA,"GO:1903830"
"943","enu",3,"magnesium ion transport",0.262491568472888,0.333333333333333,0,0.664539692879876,1,NA,"GO:0015693"
"944","enu",3,"maintenance of cell number",-0.128174417944797,2,3,0.682032015357198,1,NA,"GO:0098727"
"945","enu",3,"maintenance of protein location",-0.580180711020985,1.33333333333333,1.33333333333333,0.507236887758309,1,NA,"GO:0045185"
"946","enu",3,"maintenance of protein location in cell",0.343171608778973,1,1,0.852584331696153,1,NA,"GO:0032507"
"947","enu",3,"mammary gland epithelial cell proliferation",-0.473723991970977,0,0.333333333333333,0.97377939387654,1,NA,"GO:0033598"
"948","enu",3,"membrane assembly",0.192999724209549,1,1,1,1,NA,"GO:0071709"
"949","enu",3,"membrane biogenesis",0.686723880727167,1,1,1,1,NA,"GO:0044091"
"950","enu",3,"membrane docking",0.342352122858396,1.66666666666667,1,0.941163092684389,1,NA,"GO:0022406"
"951","enu",3,"membrane fission",1.02437169768279,0.666666666666667,0,0.70899895340402,1,NA,"GO:0090148"
"952","enu",3,"mesenchymal cell differentiation",0.771433710966205,5.66666666666667,4.66666666666667,0.926627722808542,1,NA,"GO:0048762"
"953","enu",3,"metallo-sulfur cluster assembly",-0.0147332679701783,0,0,1,1,NA,"GO:0031163"
"954","enu",3,"methylation",-0.863618689768165,1.66666666666667,3.66666666666667,0.197223009404732,1,NA,"GO:0032259"
"955","enu",3,"miRNA processing",-0.485614528334589,0.333333333333333,0.666666666666667,0.651053296424047,1,NA,"GO:0035196"
"956","enu",3,"microtubule cytoskeleton organization involved in mitosis",0.317443631694268,2.33333333333333,2,0.871540889687417,1,NA,"GO:1902850"
"957","enu",3,"microtubule depolymerization",-1.18710234233444,0,1,0.67244583764357,1,NA,"GO:0007019"
"958","enu",3,"microtubule organizing center localization",0.39467622960844,1,0.333333333333333,0.241316268698877,1,NA,"GO:0061842"
"959","enu",3,"microtubule polymerization",1.40157385273032,1.66666666666667,1,0.937844059796939,1,NA,"GO:0046785"
"960","enu",3,"mitochondrial calcium ion homeostasis",-0.0838763891292744,0.333333333333333,0,0.91995851438798,1,NA,"GO:0051560"
"961","enu",3,"mitochondrial calcium ion transmembrane transport",-0.510526389449789,0.333333333333333,0,0.825064587295472,1,NA,"GO:0006851"
"962","enu",3,"mitochondrial gene expression",-0.194356953425201,2.33333333333333,2,0.367562849987534,1,NA,"GO:0140053"
"963","enu",3,"mitochondrial genome maintenance",-1.33954505430248,0,0,1,1,NA,"GO:0000002"
"964","enu",3,"mitochondrial membrane organization",-0.816251779655241,0.666666666666667,1,0.939270693665896,1,NA,"GO:0007006"
"965","enu",3,"mitochondrial outer membrane permeabilization",-0.489810698084863,0.333333333333333,0,0.869553433885381,1,NA,"GO:0097345"
"966","enu",3,"mitochondrial respiratory chain complex assembly",-0.467314931757677,0.333333333333333,1,0.840724606162267,1,NA,"GO:0033108"
"967","enu",3,"mitochondrial transmembrane transport",-0.553284552188322,0.333333333333333,1,0.776787137208407,1,NA,"GO:1990542"
"968","enu",3,"mitochondrial transport",0.00791274393900559,2,2,0.929426969357106,1,NA,"GO:0006839"
"969","enu",3,"mitochondrion distribution",-0.143524081880607,0,0,1,1,NA,"GO:0048311"
"970","enu",3,"mitochondrion localization",0.957013421740656,0.333333333333333,0.333333333333333,0.845747055547367,1,NA,"GO:0051646"
"971","enu",3,"mitochondrion morphogenesis",-0.535088707334174,0,0,1,1,NA,"GO:0070584"
"972","enu",3,"mitotic cytokinesis",-0.146270192482543,0.666666666666667,1,0.939113176461563,1,NA,"GO:0000281"
"973","enu",3,"monosaccharide biosynthetic process",0.189720674835799,0.666666666666667,1,0.665363578330547,1,NA,"GO:0046364"
"974","enu",3,"monosaccharide metabolic process",-0.816968866098437,1.33333333333333,3,0.313126306936382,1,NA,"GO:0005996"
"975","enu",3,"morphogenesis of an epithelial sheet",0.131757172891526,0.333333333333333,1,0.752083256414919,1,NA,"GO:0002011"
"976","enu",3,"movement in host",0.119751551957861,2.33333333333333,2.33333333333333,1,1,NA,"GO:0044000"
"977","enu",3,"multicellular organism growth",-0.443433611676106,0.666666666666667,2,0.301674767499183,1,NA,"GO:0035264"
"978","enu",3,"myeloid cell homeostasis",-0.929038614750788,1.33333333333333,2.66666666666667,0.325318430741125,1,NA,"GO:0002262"
"979","enu",3,"ncRNA processing",0.0100563363226619,4.66666666666667,4.66666666666667,0.97757890789606,1,NA,"GO:0034470"
"980","enu",3,"negative regulation of GTPase activity",0.688723605611545,1.33333333333333,0,0.122097941423092,1,NA,"GO:0034260"
"981","enu",3,"negative regulation of catabolic process",-0.541430741775829,3.33333333333333,5,0.430801872911376,1,NA,"GO:0009895"
"982","enu",3,"negative regulation of cell projection organization",0.235742951709571,2.66666666666667,2.66666666666667,0.660240121737604,1,NA,"GO:0031345"
"983","enu",3,"negative regulation of defense response to virus",-0.0438696905906082,0.333333333333333,0,0.937880657208172,1,NA,"GO:0050687"
"984","enu",3,"negative regulation of growth",0.162412258021281,3.66666666666667,4.33333333333333,0.715665312991782,1,NA,"GO:0045926"
"985","enu",3,"negative regulation of mitotic nuclear division",0.105288501628556,0.333333333333333,0.666666666666667,0.967870787802862,1,NA,"GO:0045839"
"986","enu",3,"negative regulation of phosphorus metabolic process",0.0419495762711075,6.33333333333333,7,0.970662311190497,1,NA,"GO:0010563"
"987","enu",3,"negative regulation of protein phosphorylation",-0.186488944719169,5,5.66666666666667,0.95929833412004,1,NA,"GO:0001933"
"988","enu",3,"negative regulation of transferase activity",0.0417350182611643,4.33333333333333,4.66666666666667,0.869132272040024,1,NA,"GO:0051348"
"989","enu",3,"neural tube development",-0.393332055440193,1.66666666666667,3,0.552117956868448,1,NA,"GO:0021915"
"990","enu",3,"neuron apoptotic process",0.70243041886894,4.33333333333333,3.33333333333333,0.30580684474516,1,NA,"GO:0051402"
"991","enu",3,"neuron death",0.711197346222321,5.33333333333333,4.66666666666667,0.281256440439364,1,NA,"GO:0070997"
"992","enu",3,"neuron projection organization",-0.22919480486864,0.666666666666667,1,0.942274281199871,1,NA,"GO:0106027"
"993","enu",3,"neurotrophin signaling pathway",-0.758394631788907,0.333333333333333,0.666666666666667,0.635411665677749,1,NA,"GO:0038179"
"994","enu",3,"non-membrane-bounded organelle assembly",-0.00216833551754303,5,5,0.978094563937414,1,NA,"GO:0140694"
"995","enu",3,"nonribosomal peptide biosynthetic process",0.100585617488945,0.666666666666667,0,0.418238939366874,1,NA,"GO:0019184"
"996","enu",3,"nuclear chromosome segregation",-0.386449580674611,3,4,0.745332026185882,1,NA,"GO:0098813"
"997","enu",3,"nuclear envelope organization",-0.149172759895258,0.333333333333333,0.666666666666667,0.605122796532255,1,NA,"GO:0006998"
"998","enu",3,"nuclear transport",-0.0716742914571055,3.66666666666667,4.33333333333333,0.702147928815479,1,NA,"GO:0051169"
"999","enu",3,"nuclear-transcribed mRNA catabolic process",-1.10761665518739,0.333333333333333,2,0.198400381408442,1,NA,"GO:0000956"
"1000","enu",3,"nucleic acid transport",-1.38136587859304,0.333333333333333,2,0.192059379734349,1,NA,"GO:0050657"
"1001","enu",3,"nucleocytoplasmic transport",-0.17765310307257,3.66666666666667,4.33333333333333,0.702147928815479,1,NA,"GO:0006913"
"1002","enu",3,"nucleotide catabolic process",0.302102344025442,1,1,0.878728461933739,1,NA,"GO:0009166"
"1003","enu",3,"nucleus organization",-0.399645563752177,0.666666666666667,1.66666666666667,0.548770517586846,1,NA,"GO:0006997"
"1004","enu",3,"oligosaccharide-lipid intermediate biosynthetic process",-0.174687423741289,0.333333333333333,0,0.814027941583958,1,NA,"GO:0006490"
"1005","enu",3,"one-carbon metabolic process",0.610292672304863,1,0,0.260438237771047,1,NA,"GO:0006730"
"1006","enu",3,"organelle fission",0.48606875103087,6.33333333333333,5.66666666666667,0.118127655230174,1,NA,"GO:0048285"
"1007","enu",3,"organelle fusion",-0.0435920670354343,2,1.66666666666667,0.705592375572755,1,NA,"GO:0048284"
"1008","enu",3,"organelle inheritance",-0.699893841746992,0,0,1,1,NA,"GO:0048308"
"1009","enu",3,"organelle localization by membrane tethering",0.473447038850599,1.33333333333333,1,0.989905693442202,1,NA,"GO:0140056"
"1010","enu",3,"organophosphate catabolic process",-0.290018141718282,1.33333333333333,2,0.510540640573318,1,NA,"GO:0046434"
"1011","enu",3,"organophosphate ester transport",-0.0758985951586971,1.33333333333333,2,0.893773731898867,1,NA,"GO:0015748"
"1012","enu",3,"ossification",-0.160835174834752,6.66666666666667,7.33333333333333,0.815882781769763,1,NA,"GO:0001503"
"1013","enu",3,"osteoblast differentiation",-0.344392914790836,3.33333333333333,4.66666666666667,0.711580054510087,1,NA,"GO:0001649"
"1014","enu",3,"oxidative phosphorylation",-0.826514531860546,0.666666666666667,1,0.632867389397033,1,NA,"GO:0006119"
"1015","enu",3,"pentose-phosphate shunt",-0.271180039757937,0.333333333333333,0,0.839090389055733,1,NA,"GO:0006098"
"1016","enu",3,"peptidyl-lysine modification",-0.0522149432717599,4.33333333333333,5,0.285150597164962,1,NA,"GO:0018205"
"1017","enu",3,"pericardium development",-0.685735460961559,0,0,1,1,NA,"GO:0060039"
"1018","enu",3,"peroxisome organization",-0.358425610018289,0.333333333333333,0,0.858431778341675,1,NA,"GO:0007031"
"1019","enu",3,"phospholipid biosynthetic process",0.124394742849906,2.33333333333333,3.33333333333333,0.767930831724915,1,NA,"GO:0008654"
"1020","enu",3,"pigment accumulation",0.174527290194393,0.333333333333333,0,0.757247013679395,1,NA,"GO:0043476"
"1021","enu",3,"pigmentation",-1.09529996562608,0.333333333333333,1.33333333333333,0.496988840043243,1,NA,"GO:0043473"
"1022","enu",3,"pinocytosis",-0.169620052860163,0.666666666666667,0,0.557918908857,1,NA,"GO:0006907"
"1023","enu",3,"placenta development",-0.62051061271124,1,2.33333333333333,0.36052471216544,1,NA,"GO:0001890"
"1024","enu",3,"plasma membrane tubulation",0.360676073360549,0.666666666666667,0,0.575891378229097,1,NA,"GO:0097320"
"1025","enu",3,"platelet-derived growth factor receptor signaling pathway",0.835468568871851,1.66666666666667,1,0.314748411868653,1,NA,"GO:0048008"
"1026","enu",3,"polyamine biosynthetic process",-0.317103630427484,0,0,1,1,NA,"GO:0006596"
"1027","enu",3,"polyamine metabolic process",-0.0342401350639723,0,0,1,1,NA,"GO:0006595"
"1028","enu",3,"polyol metabolic process",-0.983903234095161,0.333333333333333,1,0.746101822119401,1,NA,"GO:0019751"
"1029","enu",3,"positive regulation by host of viral process",-0.652321560833903,0,0,1,1,NA,"GO:0044794"
"1030","enu",3,"positive regulation of GTPase activity",0.00179422918397383,3.66666666666667,3.66666666666667,0.62189213432537,1,NA,"GO:0043547"
"1031","enu",3,"positive regulation of amide metabolic process",-0.272346044298111,2.33333333333333,2,0.0998656016705229,1,NA,"GO:0034250"
"1032","enu",3,"positive regulation of axonogenesis",-0.644473366388063,1,1.33333333333333,0.658415265142443,1,NA,"GO:0050772"
"1033","enu",3,"positive regulation of cell projection organization",0.261514024945501,5.66666666666667,5.66666666666667,0.436453341792989,1,NA,"GO:0031346"
"1034","enu",3,"positive regulation of cellular component biogenesis",-0.493672871499811,5.66666666666667,8,0.426877191872214,1,NA,"GO:0044089"
"1035","enu",3,"positive regulation of epithelial to mesenchymal transition",0.892001510415333,2.33333333333333,1,0.281208249746928,1,NA,"GO:0010718"
"1036","enu",3,"positive regulation of establishment of protein localization",0.522356795081969,4,4.33333333333333,0.538174694801124,1,NA,"GO:1904951"
"1037","enu",3,"positive regulation of kinase activity",0.403104219395402,9,6.66666666666667,0.574625563693523,1,NA,"GO:0033674"
"1038","enu",3,"positive regulation of microtubule polymerization",0.0822426543859329,0.333333333333333,0,0.955711340931451,1,NA,"GO:0031116"
"1039","enu",3,"positive regulation of nervous system development",-1.68720611458987,2,4.33333333333333,0.030157700292891,1,NA,"GO:0051962"
"1040","enu",3,"positive regulation of neurogenesis",-0.991871114315012,2,3.66666666666667,0.0765848989503496,1,NA,"GO:0050769"
"1041","enu",3,"positive regulation of neuron migration",-0.502034071674432,0,0,1,1,NA,"GO:2001224"
"1042","enu",3,"positive regulation of protein localization",-0.136455469151719,5.33333333333333,6.66666666666667,0.808967841465664,1,NA,"GO:1903829"
"1043","enu",3,"positive regulation of stem cell population maintenance",-1.43486588758526,0.333333333333333,0.666666666666667,0.961135664163726,1,NA,"GO:1902459"
"1044","enu",3,"positive regulation of viral process",-0.191853045267202,0.333333333333333,0.666666666666667,0.967495645272276,1,NA,"GO:0048524"
"1045","enu",3,"postsynapse organization",-1.05811331682454,1,2.66666666666667,0.156295909677063,1,NA,"GO:0099173"
"1046","enu",3,"proteasome-mediated ubiquitin-dependent protein catabolic process",-0.64083749137127,3.33333333333333,5.66666666666667,0.224834104394835,1,NA,"GO:0043161"
"1047","enu",3,"protein autophosphorylation",0.475648504519468,4,3.66666666666667,0.998500682682612,1,NA,"GO:0046777"
"1048","enu",3,"protein folding",-0.386318395258592,1.33333333333333,2.33333333333333,0.743461098054541,1,NA,"GO:0006457"
"1049","enu",3,"protein glycosylation",-0.462237022131632,3.33333333333333,2.66666666666667,0.737424034822605,1,NA,"GO:0006486"
"1050","enu",3,"protein lipidation",-0.317586062543106,1,1,0.851356572325867,1,NA,"GO:0006497"
"1051","enu",3,"protein localization to nucleus",0.227789514114132,4,4.33333333333333,0.991146447817791,1,NA,"GO:0034504"
"1052","enu",3,"protein neddylation",-0.0385738022107047,0,0,1,1,NA,"GO:0045116"
"1053","enu",3,"protein polyubiquitination",0.227136097095987,3.33333333333333,3,0.99772063815296,1,NA,"GO:0000209"
"1054","enu",3,"protein targeting",0.126766606109402,4,4.33333333333333,0.99309187747259,1,NA,"GO:0006605"
"1055","enu",3,"protein transport to vacuole involved in ubiquitin-dependent protein catabolic process via the multivesicular body sorting pathway",-0.310709269965,0,0,1,1,NA,"GO:0043328"
"1056","enu",3,"protein-DNA complex subunit organization",-1.07493210468513,1.66666666666667,2.66666666666667,0.274333130326603,1,NA,"GO:0071824"
"1057","enu",3,"protein-containing complex localization",-0.371554683663084,1.66666666666667,2,0.513989760738841,1,NA,"GO:0031503"
"1058","enu",3,"proton motive force-driven ATP synthesis",-0.0747629932007453,0.333333333333333,0.333333333333333,1,1,NA,"GO:0015986"
"1059","enu",3,"proton transmembrane transport",-0.113065676122466,0.333333333333333,1,0.754539790329395,1,NA,"GO:1902600"
"1060","enu",3,"pteridine-containing compound metabolic process",0.108804197501574,1,0,0.360524169466191,1,NA,"GO:0042558"
"1061","enu",3,"quinone biosynthetic process",-0.462593705785237,0,0,1,1,NA,"GO:1901663"
"1062","enu",3,"rRNA metabolic process",0.459486200192598,3.66666666666667,3,0.984153980525177,1,NA,"GO:0016072"
"1063","enu",3,"receptor metabolic process",-0.104128318046376,0.333333333333333,1,0.771923310300151,1,NA,"GO:0043112"
"1064","enu",3,"regulation of ATP metabolic process",1.25967008261988,1.33333333333333,1,0.78093428691677,1,NA,"GO:1903578"
"1065","enu",3,"regulation of ATP-dependent activity",0.357174556063216,0.666666666666667,1,0.712777750308204,1,NA,"GO:0043462"
"1066","enu",3,"regulation of DNA repair",0.518663938746577,4,3,0.272952642054953,1,NA,"GO:0006282"
"1067","enu",3,"regulation of DNA replication",0.266835956538436,1.66666666666667,2,0.064495838652963,1,NA,"GO:0006275"
"1068","enu",3,"regulation of G0 to G1 transition",-0.972963274924817,0,0.666666666666667,0.853215935472137,1,NA,"GO:0070316"
"1069","enu",3,"regulation of GTPase activity",0.410921281802399,6,5.66666666666667,0.912573019534032,1,NA,"GO:0043087"
"1070","enu",3,"regulation of Golgi organization",-0.317070152175742,0,0,1,1,NA,"GO:1903358"
"1071","enu",3,"regulation of actin filament organization",-0.588865153049725,3,4.66666666666667,0.476870529318153,1,NA,"GO:0110053"
"1072","enu",3,"regulation of actin filament-based process",-0.594009775242219,5,6.66666666666667,0.599152307484422,1,NA,"GO:0032970"
"1073","enu",3,"regulation of anatomical structure size",-0.277755749372306,4.66666666666667,7.33333333333333,0.297634881892295,1,NA,"GO:0090066"
"1074","enu",3,"regulation of apoptotic signaling pathway",0.114662490781337,4.33333333333333,5.33333333333333,0.872545943496666,1,NA,"GO:2001233"
"1075","enu",3,"regulation of autophagosome maturation",0.305845946602676,0,0,1,1,NA,"GO:1901096"
"1076","enu",3,"regulation of autophagy",0.201199501697312,6,5,0.385504387069779,1,NA,"GO:0010506"
"1077","enu",3,"regulation of binding",0.502682976761484,6.33333333333333,5.66666666666667,0.647875610453756,1,NA,"GO:0051098"
"1078","enu",3,"regulation of carbohydrate metabolic process",-0.11383999286931,2.33333333333333,2.33333333333333,0.938183953451901,1,NA,"GO:0006109"
"1079","enu",3,"regulation of cell cycle phase transition",0.227470095006094,6.33333333333333,5.66666666666667,0.976337635519938,1,NA,"GO:1901987"
"1080","enu",3,"regulation of cell division",0.509622953429442,3.66666666666667,2,0.507867188271778,1,NA,"GO:0051302"
"1081","enu",3,"regulation of cell growth",0.311437734224167,6,7,0.912894629718501,1,NA,"GO:0001558"
"1082","enu",3,"regulation of cell morphogenesis",0.133832725696266,3.66666666666667,4.33333333333333,0.446138332899381,1,NA,"GO:0022604"
"1083","enu",3,"regulation of cell-substrate adhesion",0.233377461884327,5,4.66666666666667,0.909580495083444,1,NA,"GO:0010810"
"1084","enu",3,"regulation of cell-substrate junction assembly",0.305415719119352,1.66666666666667,1.66666666666667,0.938906749225664,1,NA,"GO:0090109"
"1085","enu",3,"regulation of cell-substrate junction organization",0.258166284862805,2,1.66666666666667,0.995914191923667,1,NA,"GO:0150116"
"1086","enu",3,"regulation of cellular component size",-0.870644453728142,3.33333333333333,5.33333333333333,0.229779244119688,1,NA,"GO:0032535"
"1087","enu",3,"regulation of chromosome organization",0.16894646293392,3.66666666666667,3.66666666666667,0.756644489429959,1,NA,"GO:0033044"
"1088","enu",3,"regulation of chromosome segregation",-0.0711017692376325,1,1.66666666666667,0.815571794455747,1,NA,"GO:0051983"
"1089","enu",3,"regulation of circadian rhythm",-0.142289819331581,1.33333333333333,1,0.992738425304527,1,NA,"GO:0042752"
"1090","enu",3,"regulation of cysteine-type endopeptidase activity involved in apoptotic process",0.27299214547329,3.33333333333333,2.66666666666667,0.8960545291325,1,NA,"GO:0043281"
"1091","enu",3,"regulation of cytokinesis",-0.91067954871018,0.666666666666667,1,0.946190808515069,1,NA,"GO:0032465"
"1092","enu",3,"regulation of embryonic development",0.987605826674878,3,1,0.0873586256752115,1,NA,"GO:0045995"
"1093","enu",3,"regulation of establishment of cell polarity",-0.235467578696013,0.333333333333333,0,0.920900953781781,1,NA,"GO:2000114"
"1094","enu",3,"regulation of extracellular matrix organization",-0.758196507671058,1.33333333333333,1.33333333333333,0.520235477009948,1,NA,"GO:1903053"
"1095","enu",3,"regulation of fibroblast migration",-0.201764782951914,1,1,1,1,NA,"GO:0010762"
"1096","enu",3,"regulation of fibroblast proliferation",0.243270100620725,1,1.66666666666667,0.750203048622843,1,NA,"GO:0048145"
"1097","enu",3,"regulation of focal adhesion assembly",0.109741688223008,1.66666666666667,1.66666666666667,0.938906749225664,1,NA,"GO:0051893"
"1098","enu",3,"regulation of generation of precursor metabolites and energy",0.0803962789343204,1.33333333333333,1.66666666666667,0.744224196250027,1,NA,"GO:0043467"
"1099","enu",3,"regulation of glucose metabolic process",0.386015748934062,1.33333333333333,1,0.991488750022153,1,NA,"GO:0010906"
"1100","enu",3,"regulation of interferon-beta production",-0.878026487803824,0,0.666666666666667,0.819752526347433,1,NA,"GO:0032648"
"1101","enu",3,"regulation of intracellular protein transport",0.473362798940578,4,3.33333333333333,0.735591887435003,1,NA,"GO:0033157"
"1102","enu",3,"regulation of intracellular steroid hormone receptor signaling pathway",0.0978848905777348,0.666666666666667,1,0.949883015845384,1,NA,"GO:0033143"
"1103","enu",3,"regulation of intracellular transport",0.295071497957869,7,4.66666666666667,0.340184095904441,1,NA,"GO:0032386"
"1104","enu",3,"regulation of ketone biosynthetic process",-0.307446113130693,0.333333333333333,0,0.898049331136333,1,NA,"GO:0010566"
"1105","enu",3,"regulation of ligase activity",0.039473407270869,0.333333333333333,0,0.65990158611054,1,NA,"GO:0051340"
"1106","enu",3,"regulation of membrane permeability",0.146242455661965,0.666666666666667,1,0.652437021495801,1,NA,"GO:0090559"
"1107","enu",3,"regulation of microtubule cytoskeleton organization",-0.169016374559247,0.666666666666667,2,0.377760704634965,1,NA,"GO:0070507"
"1108","enu",3,"regulation of microtubule depolymerization",-0.520414208810984,0,0,1,1,NA,"GO:0031114"
"1109","enu",3,"regulation of microtubule-based process",-0.256751598927381,2,3,0.725807847192943,1,NA,"GO:0032886"
"1110","enu",3,"regulation of mitochondrial fission",-0.192901170083157,1,0,0.219282311749226,1,NA,"GO:0090140"
"1111","enu",3,"regulation of mitochondrial membrane permeability",-0.407499933767736,0.333333333333333,1,0.826315664069563,1,NA,"GO:0046902"
"1112","enu",3,"regulation of mitochondrial membrane potential",-0.645908709353435,1,1,0.878836098796372,1,NA,"GO:0051881"
"1113","enu",3,"regulation of ncRNA transcription",-0.571187534542547,0.333333333333333,0,0.916193747267661,1,NA,"GO:0140747"
"1114","enu",3,"regulation of neuron apoptotic process",0.33341710837431,4,2.66666666666667,0.189813130322181,1,NA,"GO:0043523"
"1115","enu",3,"regulation of neuron death",-0.0280479545460246,5,4.33333333333333,0.462404107032737,1,NA,"GO:1901214"
"1116","enu",3,"regulation of neuron projection development",0.0249755984417294,7.66666666666667,7,0.369703277740183,1,NA,"GO:0010975"
"1117","enu",3,"regulation of pinocytosis",-0.15551318422661,0.333333333333333,0,0.860428387170096,1,NA,"GO:0048548"
"1118","enu",3,"regulation of plasma membrane bounded cell projection assembly",0.0498148783017476,3.33333333333333,3,0.997631812423755,1,NA,"GO:0120032"
"1119","enu",3,"regulation of protein catabolic process",-0.222085608083627,3.33333333333333,5.33333333333333,0.248837885566502,1,NA,"GO:0042176"
"1120","enu",3,"regulation of protein dephosphorylation",-0.11750791708001,0.666666666666667,1,0.631571630645966,1,NA,"GO:0035304"
"1121","enu",3,"regulation of protein modification by small protein conjugation or removal",-0.680745133918726,1.66666666666667,3.33333333333333,0.337937714604786,1,NA,"GO:1903320"
"1122","enu",3,"regulation of protein stability",0.50411413064618,4.66666666666667,4,0.807821857717842,1,NA,"GO:0031647"
"1123","enu",3,"regulation of protein-containing complex assembly",-0.22599525406977,5,6,0.652796662178253,1,NA,"GO:0043254"
"1124","enu",3,"regulation of response to DNA damage stimulus",0.378942171445603,4.33333333333333,4.66666666666667,0.251931737743033,1,NA,"GO:2001020"
"1125","enu",3,"regulation of small molecule metabolic process",-0.62378716550984,3.66666666666667,4.33333333333333,0.730156414908646,1,NA,"GO:0062012"
"1126","enu",3,"regulation of stem cell differentiation",-0.192887910153086,1,1,0.85759591469566,1,NA,"GO:2000736"
"1127","enu",3,"regulation of steroid hormone biosynthetic process",0.099917039001998,0.333333333333333,0,0.899461685123454,1,NA,"GO:0090030"
"1128","enu",3,"regulation of supramolecular fiber organization",-0.426158740257969,4.33333333333333,6,0.454735553206432,1,NA,"GO:1902903"
"1129","enu",3,"regulation of translational fidelity",0.280715943619421,0.333333333333333,0,0.858347998985365,1,NA,"GO:0006450"
"1130","enu",3,"regulation of type I interferon-mediated signaling pathway",0.360572090410832,0.666666666666667,0.333333333333333,0.607064203926731,1,NA,"GO:0060338"
"1131","enu",3,"regulation of ubiquitin-protein transferase activity",-0.575152568420326,0,0.333333333333333,0.959391360566596,1,NA,"GO:0051438"
"1132","enu",3,"regulation of vacuole organization",1.40610770843094,1.33333333333333,0.333333333333333,0.462666361130221,1,NA,"GO:0044088"
"1133","enu",3,"release of cytochrome c from mitochondria",-0.302974041917083,0.333333333333333,1,0.83418796746542,1,NA,"GO:0001836"
"1134","enu",3,"renal system development",0.250748748346754,4.66666666666667,5.66666666666667,0.878333852771316,1,NA,"GO:0072001"
"1135","enu",3,"respiratory system development",-0.136648792313389,4,3.66666666666667,0.927392926659193,1,NA,"GO:0060541"
"1136","enu",3,"respiratory tube development",0.354759817033715,3.66666666666667,3.33333333333333,0.922543796248804,1,NA,"GO:0030323"
"1137","enu",3,"response to UV",0.40515022555282,3,2,0.416090391809652,1,NA,"GO:0009411"
"1138","enu",3,"response to acid chemical",-0.553257238594211,1.33333333333333,2.33333333333333,0.750197940118002,1,NA,"GO:0001101"
"1139","enu",3,"response to amino acid",-0.897877904755647,1,2,0.462924971008814,1,NA,"GO:0043200"
"1140","enu",3,"response to amino acid starvation",0.143070161774496,0.333333333333333,0.333333333333333,0.828257383577735,1,NA,"GO:1990928"
"1141","enu",3,"response to arsenic-containing substance",-0.844772171041675,0.333333333333333,0,0.935683162242733,1,NA,"GO:0046685"
"1142","enu",3,"response to endoplasmic reticulum stress",-0.2800546541858,2,3,0.685986290398314,1,NA,"GO:0034976"
"1143","enu",3,"response to fluid shear stress",-1.21336935642844,0.666666666666667,1,0.726759535392814,1,NA,"GO:0034405"
"1144","enu",3,"response to insulin",-0.160959130025327,3.66666666666667,3.66666666666667,0.340873725681611,1,NA,"GO:0032868"
"1145","enu",3,"response to ionizing radiation",0.924315621810415,3.33333333333333,2,0.55416340953252,1,NA,"GO:0010212"
"1146","enu",3,"response to oxidative stress",-0.0304122844711976,5.33333333333333,5.66666666666667,0.718822166670714,1,NA,"GO:0006979"
"1147","enu",3,"response to oxygen levels",-0.341366844474276,4,5.66666666666667,0.0389369446201825,1,NA,"GO:0070482"
"1148","enu",3,"response to reactive oxygen species",0.548384039351145,3.66666666666667,3,0.73208897343283,1,NA,"GO:0000302"
"1149","enu",3,"response to sterol depletion",-0.446529095265654,0,0,1,1,NA,"GO:0006991"
"1150","enu",3,"response to topologically incorrect protein",-0.394746940124703,1,2,0.564086167932772,1,NA,"GO:0035966"
"1151","enu",3,"response to transforming growth factor beta",0.136814174281626,6.33333333333333,5.33333333333333,0.331667904641546,1,NA,"GO:0071559"
"1152","enu",3,"response to virus",0.161720507270929,5,4.66666666666667,0.998696036374512,1,NA,"GO:0009615"
"1153","enu",3,"rhythmic process",-0.442445941347208,3.33333333333333,3.66666666666667,0.0903561493584307,1,NA,"GO:0048511"
"1154","enu",3,"ribonucleoprotein complex assembly",-0.769945605604287,0.666666666666667,2,0.192716055579589,1,NA,"GO:0022618"
"1155","enu",3,"ribonucleoprotein complex subunit organization",-1.02596608893855,0.666666666666667,2,0.162848987373216,1,NA,"GO:0071826"
"1156","enu",3,"ribonucleotide metabolic process",-0.10980041553624,4.33333333333333,5.33333333333333,0.821083680355901,1,NA,"GO:0009259"
"1157","enu",3,"ribose phosphate metabolic process",0.141385102750212,4.33333333333333,5.66666666666667,0.724029751198887,1,NA,"GO:0019693"
"1158","enu",3,"ribosomal subunit export from nucleus",0.131546786778889,0.333333333333333,0,0.73685902627467,1,NA,"GO:0000054"
"1159","enu",3,"ribosome assembly",0.136813275214977,0.666666666666667,0.333333333333333,0.990086372404574,1,NA,"GO:0042255"
"1160","enu",3,"ribosome biogenesis",-0.522859111885342,3.66666666666667,3.33333333333333,0.515934488857401,1,NA,"GO:0042254"
"1161","enu",3,"ribosome localization",-0.245364807008282,0.333333333333333,0,0.73685902627467,1,NA,"GO:0033750"
"1162","enu",3,"roof of mouth development",0.366694444744379,2.66666666666667,1.66666666666667,0.767964913942168,1,NA,"GO:0060021"
"1163","enu",3,"semaphorin-plexin signaling pathway involved in neuron projection guidance",0.296322895870419,0.333333333333333,0,0.948493985120024,1,NA,"GO:1902285"
"1164","enu",3,"seminiferous tubule development",-0.36027766426805,0,0,1,1,NA,"GO:0072520"
"1165","enu",3,"signal peptide processing",-0.000825076981637862,0.333333333333333,0,0.66599932121483,1,NA,"GO:0006465"
"1166","enu",3,"signal transduction in response to DNA damage",-0.84090501842323,1.66666666666667,2.66666666666667,0.704222050753421,1,NA,"GO:0042770"
"1167","enu",3,"sister chromatid segregation",-0.344563828588381,3,3.33333333333333,0.984489114732636,1,NA,"GO:0000819"
"1168","enu",3,"small molecule catabolic process",-0.566062305456547,1.66666666666667,4,0.126658378961347,1,NA,"GO:0044282"
"1169","enu",3,"smoothened signaling pathway involved in dorsal/ventral neural tube patterning",0.0180321957606528,0.333333333333333,0,0.815770294563344,1,NA,"GO:0060831"
"1170","enu",3,"sphingomyelin biosynthetic process",0.0329560265654369,0,0,1,1,NA,"GO:0006686"
"1171","enu",3,"spindle localization",0.0313070266781127,0.666666666666667,1,0.67848532750096,1,NA,"GO:0051653"
"1172","enu",3,"stem cell differentiation",0.272791774968016,4.33333333333333,4,0.998654025447091,1,NA,"GO:0048863"
"1173","enu",3,"stem cell population maintenance",-0.674431596575719,2,3,0.68690467990281,1,NA,"GO:0019827"
"1174","enu",3,"sterol biosynthetic process",-0.597976965023446,0.666666666666667,1,0.956996603987587,1,NA,"GO:0016126"
"1175","enu",3,"stress granule assembly",-0.519626763202931,0,0,1,1,NA,"GO:0034063"
"1176","enu",3,"substantia nigra development",0.384229288730153,0.333333333333333,0,0.923094594365524,1,NA,"GO:0021762"
"1177","enu",3,"substrate adhesion-dependent cell spreading",0.130858116519645,3,2,0.826401942846035,1,NA,"GO:0034446"
"1178","enu",3,"sulfur compound metabolic process",0.342017167198328,2.66666666666667,3.66666666666667,0.732656522070751,1,NA,"GO:0006790"
"1179","enu",3,"suppression of viral release by host",-0.00173463309255145,0,0,1,1,NA,"GO:0044790"
"1180","enu",3,"synaptic vesicle lumen acidification",-0.504060739411847,0,0,1,1,NA,"GO:0097401"
"1181","enu",3,"telomerase RNA localization to Cajal body",-0.387649405155071,0,0,1,1,NA,"GO:0090671"
"1182","enu",3,"telomere maintenance",-0.194389804110515,2.33333333333333,2,0.70327894162915,1,NA,"GO:0000723"
"1183","enu",3,"telomere organization",0.207474848980036,2.66666666666667,2,0.860593556678352,1,NA,"GO:0032200"
"1184","enu",3,"toxin transport",-0.931843162220272,0,0.333333333333333,0.964188669697585,1,NA,"GO:1901998"
"1185","enu",3,"trabecula morphogenesis",-0.724485846390089,0.666666666666667,1,0.947874146515802,1,NA,"GO:0061383"
"1186","enu",3,"tube closure",-0.33328017077153,1.33333333333333,1.66666666666667,0.979756655956925,1,NA,"GO:0060606"
"1187","enu",3,"ubiquinone biosynthetic process",-0.109506478101503,0,0,1,1,NA,"GO:0006744"
"1188","enu",3,"ubiquinone metabolic process",-0.833054077084079,0,0,1,1,NA,"GO:0006743"
"1189","enu",3,"vacuolar acidification",-0.0653057049281993,0.333333333333333,0,0.898665580568971,1,NA,"GO:0007035"
"1190","enu",3,"vacuolar transport",0.0537736658110077,1.33333333333333,2,0.864016963946252,1,NA,"GO:0007034"
"1191","enu",3,"vacuole organization",-0.0297429688024037,2.66666666666667,2.66666666666667,0.960193184044438,1,NA,"GO:0007033"
"1192","enu",3,"vasculogenesis",0.0629120205962629,1.66666666666667,1.66666666666667,0.937757569271084,1,NA,"GO:0001570"
"1193","enu",3,"vesicle localization",0.0855402588868314,2.66666666666667,2.66666666666667,0.54129246357716,1,NA,"GO:0051648"
"1194","enu",3,"vesicle organization",-0.51217773478773,3,4.66666666666667,0.205922613459524,1,NA,"GO:0016050"
"1195","enu",3,"viral process",-0.182300408306612,5,5.66666666666667,0.844673325414613,1,NA,"GO:0016032"
"1196","enu",3,"viral release from host cell",-0.324417201470083,0.333333333333333,0,0.915621075240791,1,NA,"GO:0019076"
"1197","enu",3,"water-soluble vitamin metabolic process",0.353372078821206,1,1,0.901266305244931,1,NA,"GO:0006767"
"1198","enu",6,"ATP metabolic process",0.649511086163203,5.66666666666667,5.66666666666667,0.617798550262264,1,NA,"GO:0046034"
"1199","enu",6,"COPII vesicle coating",0.316798951321463,0.333333333333333,0,0.945977240514854,1,NA,"GO:0048208"
"1200","enu",6,"DNA conformation change",-0.966329864379508,1,2.66666666666667,0.297365620024814,1,NA,"GO:0071103"
"1201","enu",6,"DNA replication",-0.251945966337324,5.66666666666667,8.66666666666667,0.149874643617865,1,NA,"GO:0006260"
"1202","enu",6,"DNA-templated transcription elongation",-0.439221941562134,2,3.33333333333333,0.332852978262551,1,NA,"GO:0006354"
"1203","enu",6,"G0 to G1 transition",-0.433130847929528,1.66666666666667,1.33333333333333,0.665891364601617,1,NA,"GO:0045023"
"1204","enu",6,"GPI anchor biosynthetic process",0.763469068905581,0.666666666666667,0.333333333333333,0.988831483953426,1,NA,"GO:0006506"
"1205","enu",6,"Golgi organization",-1.03321682893296,1.33333333333333,4,0.0249058780641758,0.681630061177873,NA,"GO:0007030"
"1206","enu",6,"Golgi to plasma membrane protein transport",0.191632235492302,1.33333333333333,1.66666666666667,0.58878920390341,1,NA,"GO:0043001"
"1207","enu",6,"Golgi vesicle transport",-0.171923974741565,6.66666666666667,8.66666666666667,0.260419146462447,1,NA,"GO:0048193"
"1208","enu",6,"NADP metabolic process",0.178303861156035,1,1,1,1,NA,"GO:0006739"
"1209","enu",6,"NADPH regeneration",0.887773439878416,0.666666666666667,0.333333333333333,0.533357429001408,1,NA,"GO:0006740"
"1210","enu",6,"RNA localization",-0.789202635166084,3,5.66666666666667,0.0709283145446471,1,NA,"GO:0006403"
"1211","enu",6,"RNA transport",-0.655593094755668,3,4.66666666666667,0.190412426917677,1,NA,"GO:0050658"
"1212","enu",6,"Schwann cell differentiation",-0.188622897317353,2.66666666666667,1.33333333333333,0.640572628208833,1,NA,"GO:0014037"
"1213","enu",6,"U2-type prespliceosome assembly",-0.193444631068698,0.333333333333333,0.333333333333333,0.805071534245942,1,NA,"GO:1903241"
"1214","enu",6,"UV-damage excision repair",-0.775741432085677,0.333333333333333,0,0.962529215618284,1,NA,"GO:0070914"
"1215","enu",6,"Wnt signaling pathway",-0.149043246146997,12,18.6666666666667,0.0210756610221142,0.681630061177873,NA,"GO:0016055"
"1216","enu",6,"actin filament organization",-0.339188105700691,11,17,0.00924255587845915,0.681630061177873,NA,"GO:0007015"
"1217","enu",6,"alcohol biosynthetic process",-0.458669603486227,2,3.33333333333333,0.365792009981654,1,NA,"GO:0046165"
"1218","enu",6,"amino sugar biosynthetic process",-0.214168861656959,0,0,1,1,NA,"GO:0046349"
"1219","enu",6,"aminoglycan biosynthetic process",0.0714337270002355,4.33333333333333,3,0.716448798092006,1,NA,"GO:0006023"
"1220","enu",6,"apoptotic mitochondrial changes",-0.210725620524503,4,3.33333333333333,0.342017893603229,1,NA,"GO:0008637"
"1221","enu",6,"appendage development",0.133962610722195,9.33333333333333,7,0.384333259280966,1,NA,"GO:0048736"
"1222","enu",6,"aromatic compound catabolic process",-0.116339673265372,11.6666666666667,13.3333333333333,0.681736058954441,1,NA,"GO:0019439"
"1223","enu",6,"autophagosome maturation",0.120966144221663,1.33333333333333,1.66666666666667,0.747189684091684,1,NA,"GO:0097352"
"1224","enu",6,"autophagy of mitochondrion",-0.291993284443091,2.33333333333333,3,0.883949056191491,1,NA,"GO:0000422"
"1225","enu",6,"axon extension",-0.203931067656602,3.66666666666667,4.66666666666667,0.383984473636391,1,NA,"GO:0048675"
"1226","enu",6,"basement membrane organization",0.736733798437355,4,2.33333333333333,0.696320921546963,1,NA,"GO:0071711"
"1227","enu",6,"biological process involved in interaction with host",0.00532733781206132,7.33333333333333,6,0.468980740146046,1,NA,"GO:0051701"
"1228","enu",6,"body morphogenesis",-0.717125073245938,1.33333333333333,2,0.105909561909134,1,NA,"GO:0010171"
"1229","enu",6,"bone development",0.00530505750518517,7,9.33333333333333,0.330806784371744,1,NA,"GO:0060348"
"1230","enu",6,"branched-chain amino acid metabolic process",0.289060557321818,0.666666666666667,0.666666666666667,0.879909080528837,1,NA,"GO:0009081"
"1231","enu",6,"carbohydrate derivative catabolic process",-0.189726402745207,3,4.33333333333333,0.361428082039847,1,NA,"GO:1901136"
"1232","enu",6,"carbohydrate derivative transport",-0.201703637184817,1.66666666666667,2,0.986992781533683,1,NA,"GO:1901264"
"1233","enu",6,"cell cycle G1/S phase transition",-0.544351980115241,6,8.66666666666667,0.167770477071059,1,NA,"GO:0044843"
"1234","enu",6,"cell cycle G2/M phase transition",-0.280795106771878,3,4.66666666666667,0.409394396962909,1,NA,"GO:0044839"
"1235","enu",6,"cell cycle checkpoint signaling",-0.710748339077648,3.66666666666667,6,0.176735823714436,1,NA,"GO:0000075"
"1236","enu",6,"cell growth",0.144552286293439,16.3333333333333,18.3333333333333,0.811107327379845,1,NA,"GO:0016049"
"1237","enu",6,"cell migration involved in heart development",-0.697522908961242,1,1,0.897259581017837,1,NA,"GO:0060973"
"1238","enu",6,"cell redox homeostasis",0.564112512491693,1,1,0.898439980712356,1,NA,"GO:0045454"
"1239","enu",6,"cell-cell signaling by wnt",-0.450224739043991,12,18.6666666666667,0.0208576763262791,0.681630061177873,NA,"GO:0198738"
"1240","enu",6,"cell-substrate adhesion",-0.0180506098396794,18,17,0.794769296033906,1,NA,"GO:0031589"
"1241","enu",6,"cell-substrate junction assembly",0.264582168178984,6.33333333333333,6,0.280553774167209,1,NA,"GO:0007044"
"1242","enu",6,"cell-substrate junction organization",0.336929861514256,6.66666666666667,6,0.132548349084077,1,NA,"GO:0150115"
"1243","enu",6,"cellular carbohydrate metabolic process",-0.0696430407212754,7,8,0.160233352819132,1,NA,"GO:0044262"
"1244","enu",6,"cellular component disassembly",-0.319663387239539,11.3333333333333,17.3333333333333,0.026938769738813,0.681630061177873,NA,"GO:0022411"
"1245","enu",6,"cellular lipid catabolic process",-0.186403639900191,4.33333333333333,5,0.951678615656901,1,NA,"GO:0044242"
"1246","enu",6,"cellular metabolic compound salvage",0.189472345057008,1,1,0.854769295661529,1,NA,"GO:0043094"
"1247","enu",6,"cellular nitrogen compound catabolic process",0.403259108080524,12,12.6666666666667,0.789821500424782,1,NA,"GO:0044270"
"1248","enu",6,"cellular pigment accumulation",-1.03065027610396,0,0,1,1,NA,"GO:0043482"
"1249","enu",6,"cellular pigmentation",0.267026380928096,1.66666666666667,2,0.980191411627253,1,NA,"GO:0033059"
"1250","enu",6,"cellular respiration",-0.0930374572845903,5.33333333333333,5.33333333333333,0.64556417571558,1,NA,"GO:0045333"
"1251","enu",6,"cellular response to UV",-0.696832080829594,1.66666666666667,3,0.450465249660917,1,NA,"GO:0034644"
"1252","enu",6,"cellular response to acid chemical",-0.126629300022405,3,4,0.372869740855582,1,NA,"GO:0071229"
"1253","enu",6,"cellular response to arsenic-containing substance",0.0677523323096414,0.666666666666667,0.333333333333333,0.467131007815803,1,NA,"GO:0071243"
"1254","enu",6,"cellular response to chemical stress",0.458095768843334,13,11.6666666666667,0.824591965633263,1,NA,"GO:0062197"
"1255","enu",6,"cellular response to dsRNA",0.110652282360509,0.333333333333333,0.666666666666667,0.52604069549213,1,NA,"GO:0071359"
"1256","enu",6,"cellular response to external stimulus",-0.132870458358978,9.66666666666667,11,0.905875382159104,1,NA,"GO:0071496"
"1257","enu",6,"cellular response to extracellular stimulus",-0.263179312204379,5.66666666666667,8.33333333333333,0.182525540678507,1,NA,"GO:0031668"
"1258","enu",6,"cellular response to fluid shear stress",-0.169822834877264,1,0.666666666666667,0.653096309572059,1,NA,"GO:0071498"
"1259","enu",6,"cellular response to heat",0.564412093915394,3.33333333333333,2,0.148856415208361,1,NA,"GO:0034605"
"1260","enu",6,"cellular response to insulin stimulus",0.216602708717805,6.33333333333333,7,0.883473631551877,1,NA,"GO:0032869"
"1261","enu",6,"cellular response to ketone",-0.638440091757212,2.33333333333333,3.66666666666667,0.134395964321522,1,NA,"GO:1901655"
"1262","enu",6,"cellular response to oxygen levels",0.282790140214929,6,6.33333333333333,0.24568783646168,1,NA,"GO:0071453"
"1263","enu",6,"cellular response to sterol depletion",-0.516102666683093,0,0,1,1,NA,"GO:0071501"
"1264","enu",6,"cellular response to topologically incorrect protein",-0.0223098984248157,2.66666666666667,3.33333333333333,0.88642764614307,1,NA,"GO:0035967"
"1265","enu",6,"cellular response to transforming growth factor beta stimulus",-0.383687641297127,10.3333333333333,12.3333333333333,0.429999775321109,1,NA,"GO:0071560"
"1266","enu",6,"cellular senescence",-0.809328809634873,2,3,0.204076069716187,1,NA,"GO:0090398"
"1267","enu",6,"centromere complex assembly",0.499791873260345,1,0.333333333333333,0.887232809318978,1,NA,"GO:0034508"
"1268","enu",6,"centrosome localization",0.607040106114757,1,1,0.888318854209102,1,NA,"GO:0051642"
"1269","enu",6,"chaperone-mediated autophagy",-0.576866468077951,0.666666666666667,0.666666666666667,1,1,NA,"GO:0061684"
"1270","enu",6,"chondrocyte differentiation",0.385035644481494,5,6,0.692723351896653,1,NA,"GO:0002062"
"1271","enu",6,"chromatin remodeling",-0.363871882206194,7.33333333333333,10.6666666666667,0.135469951488792,1,NA,"GO:0006338"
"1272","enu",6,"chromosome localization",-0.0870931181001975,2.33333333333333,2.33333333333333,0.171572149674096,1,NA,"GO:0050000"
"1273","enu",6,"chromosome segregation",-0.588109464994009,8.33333333333333,12,0.0817515076562128,1,NA,"GO:0007059"
"1274","enu",6,"cilium assembly",-0.327747878296178,6.33333333333333,9.33333333333333,0.11069286830244,1,NA,"GO:0060271"
"1275","enu",6,"cilium organization",0.0470015174545116,7.66666666666667,10.3333333333333,0.312441961218137,1,NA,"GO:0044782"
"1276","enu",6,"circadian regulation of gene expression",-0.580110322178225,1,2.33333333333333,0.492992213232818,1,NA,"GO:0032922"
"1277","enu",6,"clathrin-dependent endocytosis",0.23924583742779,2,1.33333333333333,0.937880657208172,1,NA,"GO:0072583"
"1278","enu",6,"collagen fibril organization",-0.552958831975858,4,4.33333333333333,0.764058666677605,1,NA,"GO:0030199"
"1279","enu",6,"connective tissue development",-0.354467955440762,8.66666666666667,11.6666666666667,0.19885689395421,1,NA,"GO:0061448"
"1280","enu",6,"cortical cytoskeleton organization",-0.690003788003981,0,1.66666666666667,0.097538472354261,1,NA,"GO:0030865"
"1281","enu",6,"cytoplasmic translation",-0.319941160299818,2.33333333333333,3.66666666666667,0.526353881161508,1,NA,"GO:0002181"
"1282","enu",6,"defense response to virus",-0.082621714628183,8.33333333333333,8.66666666666667,0.540110912139577,1,NA,"GO:0051607"
"1283","enu",6,"dephosphorylation",-0.375558759098904,9.33333333333333,11,0.820269735875356,1,NA,"GO:0016311"
"1284","enu",6,"developmental growth involved in morphogenesis",-0.229071183887564,7.66666666666667,8.33333333333333,0.304157058135604,1,NA,"GO:0060560"
"1285","enu",6,"dicarboxylic acid metabolic process",-0.536801423162447,1,2.33333333333333,0.354537600971208,1,NA,"GO:0043648"
"1286","enu",6,"double-strand break repair",-0.21110018782957,5.66666666666667,8.66666666666667,0.212647390919358,1,NA,"GO:0006302"
"1287","enu",6,"embryonic body morphogenesis",-0.835233715453929,0.333333333333333,0.666666666666667,0.97009395958021,1,NA,"GO:0010172"
"1288","enu",6,"embryonic organ development",0.0510428271024095,12.3333333333333,15.6666666666667,0.0500094346201145,0.849319292381528,NA,"GO:0048568"
"1289","enu",6,"epigenetic regulation of gene expression",-0.493549241923055,3.66666666666667,4.66666666666667,0.504397848485351,1,NA,"GO:0040029"
"1290","enu",6,"erythrocyte differentiation",-0.259506553772339,3.66666666666667,4.66666666666667,0.522981506410686,1,NA,"GO:0030218"
"1291","enu",6,"establishment of mitotic spindle localization",-0.174335565356343,1.66666666666667,1,0.109644814957842,1,NA,"GO:0040001"
"1292","enu",6,"establishment of organelle localization",0.0696336836981571,14,13,0.54411579214498,1,NA,"GO:0051656"
"1293","enu",6,"establishment of protein localization to membrane",-0.00601337356396828,7.33333333333333,8.33333333333333,0.327721798276002,1,NA,"GO:0090150"
"1294","enu",6,"establishment of protein localization to organelle",-0.174340618758313,11.6666666666667,13.3333333333333,0.745944551097351,1,NA,"GO:0072594"
"1295","enu",6,"establishment or maintenance of cell polarity",0.387983774677517,9.33333333333333,9.33333333333333,0.334851318770889,1,NA,"GO:0007163"
"1296","enu",6,"establishment or maintenance of epithelial cell apical/basal polarity",0.415404334186333,3.66666666666667,2,0.279066752193644,1,NA,"GO:0045197"
"1297","enu",6,"ether lipid biosynthetic process",-0.369993742845248,0,0,1,1,NA,"GO:0008611"
"1298","enu",6,"exit from host cell",0.970836662095369,1,0.333333333333333,0.84683091188556,1,NA,"GO:0035891"
"1299","enu",6,"exosomal secretion",-0.125881733407108,0.666666666666667,0.333333333333333,0.573244359724637,1,NA,"GO:1990182"
"1300","enu",6,"extracellular matrix assembly",-0.0232905246400993,3.33333333333333,3,0.997863376493443,1,NA,"GO:0085029"
"1301","enu",6,"extracellular vesicle biogenesis",-0.470690740820849,0.666666666666667,0.666666666666667,0.767923824661594,1,NA,"GO:0140112"
"1302","enu",6,"face development",-0.146685097402585,2,2,0.477278065040796,1,NA,"GO:0060324"
"1303","enu",6,"fat cell differentiation",0.159712416740159,8.33333333333333,8.33333333333333,0.697422823337564,1,NA,"GO:0045444"
"1304","enu",6,"fatty acid beta-oxidation",0.101849336332893,2,1.66666666666667,0.995774440465729,1,NA,"GO:0006635"
"1305","enu",6,"fibroblast migration",-0.417783924486512,4,3,0.241318941960414,1,NA,"GO:0010761"
"1306","enu",6,"fibroblast proliferation",-0.197862176816814,3,4.66666666666667,0.416636561926886,1,NA,"GO:0048144"
"1307","enu",6,"folic acid metabolic process",-1.00143671229618,0,0,1,1,NA,"GO:0046655"
"1308","enu",6,"glial cell apoptotic process",-0.566960869736469,0,0.666666666666667,0.821887233801127,1,NA,"GO:0034349"
"1309","enu",6,"glycerol ether biosynthetic process",-0.490099642499846,0,0,1,1,NA,"GO:0046504"
"1310","enu",6,"glycosyl compound biosynthetic process",-0.925030789791811,0,0.666666666666667,0.836402259186682,1,NA,"GO:1901659"
"1311","enu",6,"glycosyl compound metabolic process",0.563406793447242,2.33333333333333,1.66666666666667,0.964884446164926,1,NA,"GO:1901657"
"1312","enu",6,"glycosylation",-0.431780316612773,5,7,0.219213299720631,1,NA,"GO:0070085"
"1313","enu",6,"heart valve development",0.56720078994305,4.33333333333333,3,0.474913492530002,1,NA,"GO:0003170"
"1314","enu",6,"heme metabolic process",0.866437988673106,2.33333333333333,1,0.769159852768105,1,NA,"GO:0042168"
"1315","enu",6,"heterochromatin formation",-0.486219438428316,2.66666666666667,2.66666666666667,0.559194833105049,1,NA,"GO:0031507"
"1316","enu",6,"heterocycle catabolic process",0.120507255614203,11.6666666666667,12.6666666666667,0.818307700717212,1,NA,"GO:0046700"
"1317","enu",6,"histone modification",0.0501978843950077,10.3333333333333,15,0.117265882620127,1,NA,"GO:0016570"
"1318","enu",6,"immune system development",-0.640169994077868,4.66666666666667,6,0.029488645735155,0.681630061177873,NA,"GO:0002520"
"1319","enu",6,"in utero embryonic development",-0.126339250216285,10.6666666666667,14.6666666666667,0.143501256191945,1,NA,"GO:0001701"
"1320","enu",6,"inner cell mass cell proliferation",-1.11297496534246,0,0,1,1,NA,"GO:0001833"
"1321","enu",6,"inositol phosphate catabolic process",-0.289405574179978,0,0.333333333333333,0.96223785039974,1,NA,"GO:0071545"
"1322","enu",6,"interferon-beta production",-0.174895728871902,1.66666666666667,1.66666666666667,0.491615428627344,1,NA,"GO:0032608"
"1323","enu",6,"intermembrane lipid transfer",-0.444697437691829,1,1.33333333333333,0.716755837622424,1,NA,"GO:0120009"
"1324","enu",6,"intracellular lipid transport",0.348213948224777,1.33333333333333,1.33333333333333,1,1,NA,"GO:0032365"
"1325","enu",6,"intraciliary transport",-0.787139323612885,0.666666666666667,1.33333333333333,0.451619565379666,1,NA,"GO:0042073"
"1326","enu",6,"iron ion homeostasis",0.805225317707487,4.33333333333333,2.66666666666667,0.732183116259889,1,NA,"GO:0055072"
"1327","enu",6,"iron-sulfur cluster assembly",0.444294731914469,1,0.666666666666667,0.672610727829732,1,NA,"GO:0016226"
"1328","enu",6,"kinetochore organization",0.481247252522511,0.666666666666667,0.333333333333333,0.901277411306043,1,NA,"GO:0051383"
"1329","enu",6,"lamellipodium assembly",0.296459093891353,2.33333333333333,2.66666666666667,0.988348853825793,1,NA,"GO:0030032"
"1330","enu",6,"lamellipodium morphogenesis",-0.583628611036838,1,0.666666666666667,0.988841806400686,1,NA,"GO:0072673"
"1331","enu",6,"lamellipodium organization",0.296771282015626,3.33333333333333,4,0.94489347348757,1,NA,"GO:0097581"
"1332","enu",6,"limb development",0.6604160808905,9.33333333333333,7,0.384333259280966,1,NA,"GO:0060173"
"1333","enu",6,"lipoprotein catabolic process",-0.0974187748255744,0.666666666666667,0,0.489637052165586,1,NA,"GO:0042159"
"1334","enu",6,"lipoprotein metabolic process",0.145119042499932,2.66666666666667,3.33333333333333,0.938634947242481,1,NA,"GO:0042157"
"1335","enu",6,"lysosomal lumen acidification",0.271595898474335,0.666666666666667,0,0.718069803789722,1,NA,"GO:0007042"
"1336","enu",6,"lysosomal protein catabolic process",-0.327914889412713,1.66666666666667,0.666666666666667,0.0988432508137087,1,NA,"GO:1905146"
"1337","enu",6,"mRNA export from nucleus",-0.394996435214669,0.666666666666667,1.66666666666667,0.438035973954852,1,NA,"GO:0006406"
"1338","enu",6,"macroautophagy",0.370400582507553,10,10,0.925760149493158,1,NA,"GO:0016236"
"1339","enu",6,"macromolecule deacylation",-0.767031129192066,1.33333333333333,3.66666666666667,0.0139469715022306,0.681630061177873,NA,"GO:0098732"
"1340","enu",6,"macromolecule glycosylation",-0.196494481564289,5,7,0.267343978060375,1,NA,"GO:0043413"
"1341","enu",6,"magnesium ion transmembrane transport",-0.675995399500869,0,0,1,1,NA,"GO:1903830"
"1342","enu",6,"magnesium ion transport",-0.114438852096404,0,0,1,1,NA,"GO:0015693"
"1343","enu",6,"maintenance of cell number",0.258752853607583,5.33333333333333,6.66666666666667,0.824101284919549,1,NA,"GO:0098727"
"1344","enu",6,"maintenance of protein location",-1.6480949753787,0.666666666666667,3.33333333333333,0.0253928735261846,0.681630061177873,NA,"GO:0045185"
"1345","enu",6,"maintenance of protein location in cell",-1.413892427459,0.333333333333333,2.66666666666667,0.0538501667575603,0.859448661450662,NA,"GO:0032507"
"1346","enu",6,"mammary gland epithelial cell proliferation",-0.201222613457696,1.33333333333333,1.33333333333333,0.895723530015344,1,NA,"GO:0033598"
"1347","enu",6,"membrane assembly",-0.590872813046803,1.33333333333333,2,0.812825794646065,1,NA,"GO:0071709"
"1348","enu",6,"membrane biogenesis",-0.1052474764602,1.66666666666667,2,0.944971202788742,1,NA,"GO:0044091"
"1349","enu",6,"membrane docking",0.369891060184008,2.66666666666667,3,0.799858392935391,1,NA,"GO:0022406"
"1350","enu",6,"membrane fission",-0.172423537251664,1.33333333333333,1,0.783378369830236,1,NA,"GO:0090148"
"1351","enu",6,"mesenchymal cell differentiation",0.0748030861522713,9.33333333333333,10.6666666666667,0.884031136494465,1,NA,"GO:0048762"
"1352","enu",6,"metallo-sulfur cluster assembly",0.157510971610123,1,0.666666666666667,0.672610727829732,1,NA,"GO:0031163"
"1353","enu",6,"methylation",0.0540401604808361,7,9,0.660521100790821,1,NA,"GO:0032259"
"1354","enu",6,"miRNA processing",0.235920806331506,1.33333333333333,1.66666666666667,0.97305643949874,1,NA,"GO:0035196"
"1355","enu",6,"microtubule cytoskeleton organization involved in mitosis",-0.187926808670637,4.66666666666667,4.66666666666667,0.0276441847068407,0.681630061177873,NA,"GO:1902850"
"1356","enu",6,"microtubule depolymerization",0.15396631068672,1.33333333333333,1.66666666666667,0.97464219274356,1,NA,"GO:0007019"
"1357","enu",6,"microtubule organizing center localization",-0.307778627713888,1,1,0.888318854209102,1,NA,"GO:0061842"
"1358","enu",6,"microtubule polymerization",-1.33312734291268,0.333333333333333,3,0.0324585743418035,0.681630061177873,NA,"GO:0046785"
"1359","enu",6,"mitochondrial calcium ion homeostasis",0.390663657920469,0.666666666666667,0.666666666666667,0.798563653646048,1,NA,"GO:0051560"
"1360","enu",6,"mitochondrial calcium ion transmembrane transport",0.400595923656456,0.333333333333333,0,0.853580039768365,1,NA,"GO:0006851"
"1361","enu",6,"mitochondrial gene expression",-0.165320890435094,2.33333333333333,4,0.332130158823582,1,NA,"GO:0140053"
"1362","enu",6,"mitochondrial genome maintenance",-0.0528614039419226,0.333333333333333,0.666666666666667,0.968173039702656,1,NA,"GO:0000002"
"1363","enu",6,"mitochondrial membrane organization",0.292541680820163,3.66666666666667,3,0.640126079263071,1,NA,"GO:0007006"
"1364","enu",6,"mitochondrial outer membrane permeabilization",0.620093894423747,1.33333333333333,0.666666666666667,0.181939130964979,1,NA,"GO:0097345"
"1365","enu",6,"mitochondrial respiratory chain complex assembly",-0.0141433743925965,1.66666666666667,1.66666666666667,0.884482337230491,1,NA,"GO:0033108"
"1366","enu",6,"mitochondrial transmembrane transport",-0.154753864695253,2,1.66666666666667,0.320844205595593,1,NA,"GO:1990542"
"1367","enu",6,"mitochondrial transport",0.457440320233551,5.33333333333333,5,0.666265516817734,1,NA,"GO:0006839"
"1368","enu",6,"mitochondrion distribution",-0.0139110741004801,0.666666666666667,0,0.783715687510236,1,NA,"GO:0048311"
"1369","enu",6,"mitochondrion localization",0.00572194594545208,1.33333333333333,1.66666666666667,0.981963101939536,1,NA,"GO:0051646"
"1370","enu",6,"mitochondrion morphogenesis",-0.192571711984537,0.333333333333333,0.666666666666667,0.964290385110737,1,NA,"GO:0070584"
"1371","enu",6,"mitotic cytokinesis",0.0255248545891696,3.33333333333333,3,0.561856483268428,1,NA,"GO:0000281"
"1372","enu",6,"monosaccharide biosynthetic process",0.431797145322282,2.33333333333333,2.33333333333333,0.957332049925018,1,NA,"GO:0046364"
"1373","enu",6,"monosaccharide metabolic process",0.289166985098521,8,7,0.79006634160975,1,NA,"GO:0005996"
"1374","enu",6,"morphogenesis of an epithelial sheet",0.234010801738821,3.66666666666667,3,0.955255662101701,1,NA,"GO:0002011"
"1375","enu",6,"movement in host",0.297837765757568,7.33333333333333,5.5,0.336484935031989,1,NA,"GO:0044000"
"1376","enu",6,"multicellular organism growth",0.507076820030371,7.33333333333333,5.33333333333333,0.390267284727936,1,NA,"GO:0035264"
"1377","enu",6,"myeloid cell homeostasis",-0.011112868501621,4.66666666666667,6,0.22060178291939,1,NA,"GO:0002262"
"1378","enu",6,"ncRNA processing",-0.217293898344053,9,11,0.598179178642658,1,NA,"GO:0034470"
"1379","enu",6,"negative regulation of GTPase activity",-0.349605212334731,0,1,0.594776816168972,1,NA,"GO:0034260"
"1380","enu",6,"negative regulation of catabolic process",-0.139313970377993,9,10.6666666666667,0.579114703137728,1,NA,"GO:0009895"
"1381","enu",6,"negative regulation of cell projection organization",-0.601980053424289,4,7,0.157388241176536,1,NA,"GO:0031345"
"1382","enu",6,"negative regulation of defense response to virus",0.107445999266119,1.66666666666667,1,0.375143665568826,1,NA,"GO:0050687"
"1383","enu",6,"negative regulation of growth",0.296418015051534,10.3333333333333,9.66666666666667,0.93902988815598,1,NA,"GO:0045926"
"1384","enu",6,"negative regulation of mitotic nuclear division",-0.0416423300492428,1.33333333333333,1.33333333333333,0.891498277905108,1,NA,"GO:0045839"
"1385","enu",6,"negative regulation of phosphorus metabolic process",-0.0953019764649133,11.6666666666667,16.3333333333333,0.0365648595824743,0.703690749182793,NA,"GO:0010563"
"1386","enu",6,"negative regulation of protein phosphorylation",-0.589626760603705,10,13,0.0318837329130623,0.681630061177873,NA,"GO:0001933"
"1387","enu",6,"negative regulation of transferase activity",0.0414994077369398,7,10,0.284123457277152,1,NA,"GO:0051348"
"1388","enu",6,"neural tube development",-0.184823652729205,6,6,0.465457126752531,1,NA,"GO:0021915"
"1389","enu",6,"neuron apoptotic process",-0.100111148721797,6.66666666666667,7.66666666666667,0.757055888360592,1,NA,"GO:0051402"
"1390","enu",6,"neuron death",0.416532669893695,10.3333333333333,11.3333333333333,0.848390875820022,1,NA,"GO:0070997"
"1391","enu",6,"neuron projection organization",0.221269439733259,2.33333333333333,3,0.80065142319519,1,NA,"GO:0106027"
"1392","enu",6,"neurotrophin signaling pathway",-0.442658208093104,1.33333333333333,1.66666666666667,0.769643707365946,1,NA,"GO:0038179"
"1393","enu",6,"non-membrane-bounded organelle assembly",-0.33746251111587,7.66666666666667,11.3333333333333,0.0870742392767847,1,NA,"GO:0140694"
"1394","enu",6,"nonribosomal peptide biosynthetic process",-0.625568425585369,0,0.333333333333333,0.973178008951094,1,NA,"GO:0019184"
"1395","enu",6,"nuclear chromosome segregation",-0.303917151374739,7,9,0.381593136695082,1,NA,"GO:0098813"
"1396","enu",6,"nuclear envelope organization",-0.590289981421467,1.33333333333333,1.66666666666667,0.238612045844787,1,NA,"GO:0006998"
"1397","enu",6,"nuclear transport",-0.790212803218105,7,10.3333333333333,0.0868551316288481,1,NA,"GO:0051169"
"1398","enu",6,"nuclear-transcribed mRNA catabolic process",-0.497939931060856,2.66666666666667,4,0.673131612269897,1,NA,"GO:0000956"
"1399","enu",6,"nucleic acid transport",-0.398136033484278,3,4.66666666666667,0.190412426917677,1,NA,"GO:0050657"
"1400","enu",6,"nucleocytoplasmic transport",-0.435744281634588,7,10.3333333333333,0.0868551316288481,1,NA,"GO:0006913"
"1401","enu",6,"nucleotide catabolic process",-0.321809785307273,2,2,0.136752288526167,1,NA,"GO:0009166"
"1402","enu",6,"nucleus organization",0.0472362380680515,4,4,0.974015803415527,1,NA,"GO:0006997"
"1403","enu",6,"oligosaccharide-lipid intermediate biosynthetic process",0.150512069996902,0,0.333333333333333,0.973076731162216,1,NA,"GO:0006490"
"1404","enu",6,"one-carbon metabolic process",0.0523577524260755,0.333333333333333,0.333333333333333,1,1,NA,"GO:0006730"
"1405","enu",6,"organelle fission",-0.0303829319558076,10.3333333333333,13.3333333333333,0.23825874265724,1,NA,"GO:0048285"
"1406","enu",6,"organelle fusion",-0.578056342793233,3.33333333333333,4,0.132029611260777,1,NA,"GO:0048284"
"1407","enu",6,"organelle inheritance",0.395452151972271,0.333333333333333,0,0.885675508571043,1,NA,"GO:0048308"
"1408","enu",6,"organelle localization by membrane tethering",0.203829886089993,1.66666666666667,2.33333333333333,0.773267267252595,1,NA,"GO:0140056"
"1409","enu",6,"organophosphate catabolic process",-0.0516045636433895,3.33333333333333,4,0.32193899049665,1,NA,"GO:0046434"
"1410","enu",6,"organophosphate ester transport",0.0858033575907574,2.66666666666667,4,0.511678472329569,1,NA,"GO:0015748"
"1411","enu",6,"ossification",0.0461581671407927,17.3333333333333,17.3333333333333,0.850015094914561,1,NA,"GO:0001503"
"1412","enu",6,"osteoblast differentiation",-0.00591956549960401,9.33333333333333,10.6666666666667,0.796088303095902,1,NA,"GO:0001649"
"1413","enu",6,"oxidative phosphorylation",0.109071805579665,2.66666666666667,2.66666666666667,0.941523259505226,1,NA,"GO:0006119"
"1414","enu",6,"pentose-phosphate shunt",0.251415570605044,0.666666666666667,0.333333333333333,0.504914999798552,1,NA,"GO:0006098"
"1415","enu",6,"peptidyl-lysine modification",-0.132555806586501,11,11.3333333333333,0.997357761283298,1,NA,"GO:0018205"
"1416","enu",6,"pericardium development",-0.558558236639623,1.33333333333333,1,0.802619128801302,1,NA,"GO:0060039"
"1417","enu",6,"peroxisome organization",0.0671490178076672,0.666666666666667,0.666666666666667,0.852656611011647,1,NA,"GO:0007031"
"1418","enu",6,"phospholipid biosynthetic process",-0.25408356477698,6.33333333333333,7.33333333333333,0.923846681970335,1,NA,"GO:0008654"
"1419","enu",6,"pigment accumulation",-0.560241525924894,0,0,1,1,NA,"GO:0043476"
"1420","enu",6,"pigmentation",-0.191120773661066,2,3.33333333333333,0.564563554353589,1,NA,"GO:0043473"
"1421","enu",6,"pinocytosis",-0.0183330014614131,1,1,0.86799994236267,1,NA,"GO:0006907"
"1422","enu",6,"placenta development",-0.135559841738031,4,5.66666666666667,0.378110394444946,1,NA,"GO:0001890"
"1423","enu",6,"plasma membrane tubulation",0.21177726672543,1.66666666666667,0.666666666666667,0.851489119004272,1,NA,"GO:0097320"
"1424","enu",6,"platelet-derived growth factor receptor signaling pathway",-0.0462792992363784,3,3,0.693779084298293,1,NA,"GO:0048008"
"1425","enu",6,"polyamine biosynthetic process",-0.0441256133937117,0,0,1,1,NA,"GO:0006596"
"1426","enu",6,"polyamine metabolic process",-0.558144283659208,0,0,1,1,NA,"GO:0006595"
"1427","enu",6,"polyol metabolic process",-0.867003983620097,1.33333333333333,2.66666666666667,0.407253895365328,1,NA,"GO:0019751"
"1428","enu",6,"positive regulation by host of viral process",-0.658430919325094,0.333333333333333,0.666666666666667,0.964061197658225,1,NA,"GO:0044794"
"1429","enu",6,"positive regulation of GTPase activity",-0.222480554034799,6.66666666666667,8.66666666666667,0.494241357353537,1,NA,"GO:0043547"
"1430","enu",6,"positive regulation of amide metabolic process",-1.23667396306738,2.33333333333333,5.66666666666667,0.0271936797895434,0.681630061177873,NA,"GO:0034250"
"1431","enu",6,"positive regulation of axonogenesis",-0.645730878887796,1.33333333333333,3,0.175490777195001,1,NA,"GO:0050772"
"1432","enu",6,"positive regulation of cell projection organization",-0.568899029657609,7.66666666666667,12.3333333333333,0.037036355220147,0.703690749182793,NA,"GO:0031346"
"1433","enu",6,"positive regulation of cellular component biogenesis",-0.208519618660599,12.6666666666667,17.3333333333333,0.155678050524352,1,NA,"GO:0044089"
"1434","enu",6,"positive regulation of epithelial to mesenchymal transition",-0.322630603794269,2.66666666666667,3,0.810638348806787,1,NA,"GO:0010718"
"1435","enu",6,"positive regulation of establishment of protein localization",-0.329468455123535,7,10,0.0163624565813442,0.681630061177873,NA,"GO:1904951"
"1436","enu",6,"positive regulation of kinase activity",0.068032988644168,12.3333333333333,15.3333333333333,0.547100981196959,1,NA,"GO:0033674"
"1437","enu",6,"positive regulation of microtubule polymerization",-1.0516439982669,0.333333333333333,1.33333333333333,0.631814152562925,1,NA,"GO:0031116"
"1438","enu",6,"positive regulation of nervous system development",-0.134174311628912,5,9.66666666666667,0.0111472612688655,0.681630061177873,NA,"GO:0051962"
"1439","enu",6,"positive regulation of neurogenesis",-1.03487779520163,4.33333333333333,8.66666666666667,0.0148223793143714,0.681630061177873,NA,"GO:0050769"
"1440","enu",6,"positive regulation of neuron migration",-0.274635640464316,0.666666666666667,0.666666666666667,1,1,NA,"GO:2001224"
"1441","enu",6,"positive regulation of protein localization",-0.446646943077702,10.3333333333333,15.6666666666667,0.0432255342028222,0.783954006678458,NA,"GO:1903829"
"1442","enu",6,"positive regulation of stem cell population maintenance",-0.31620388246596,2.33333333333333,1.66666666666667,0.97455056946691,1,NA,"GO:1902459"
"1443","enu",6,"positive regulation of viral process",0.0700351490783518,1.33333333333333,1.66666666666667,0.215300876814679,1,NA,"GO:0048524"
"1444","enu",6,"postsynapse organization",0.0602921099883021,6,7,0.476212150267819,1,NA,"GO:0099173"
"1445","enu",6,"proteasome-mediated ubiquitin-dependent protein catabolic process",0.0428885549821348,9.66666666666667,12.3333333333333,0.072008283428063,1,NA,"GO:0043161"
"1446","enu",6,"protein autophosphorylation",-0.311816339648102,6.33333333333333,8.66666666666667,0.312633755088261,1,NA,"GO:0046777"
"1447","enu",6,"protein folding",0.210997959955959,5,5,0.985092969547437,1,NA,"GO:0006457"
"1448","enu",6,"protein glycosylation",-0.199662488743755,5,7,0.267343978060375,1,NA,"GO:0006486"
"1449","enu",6,"protein lipidation",-0.109707584156887,1.66666666666667,2.33333333333333,0.887816061660022,1,NA,"GO:0006497"
"1450","enu",6,"protein localization to nucleus",-0.495600375752945,7.33333333333333,10,0.263038371467667,1,NA,"GO:0034504"
"1451","enu",6,"protein neddylation",0.164441422390378,0.666666666666667,0.666666666666667,1,1,NA,"GO:0045116"
"1452","enu",6,"protein polyubiquitination",-0.113159316642851,5.33333333333333,6.66666666666667,0.74342816238729,1,NA,"GO:0000209"
"1453","enu",6,"protein targeting",-0.292351974787283,8,10.3333333333333,0.520901404986895,1,NA,"GO:0006605"
"1454","enu",6,"protein transport to vacuole involved in ubiquitin-dependent protein catabolic process via the multivesicular body sorting pathway",0.494682525834704,0.333333333333333,0,0.899827214751578,1,NA,"GO:0043328"
"1455","enu",6,"protein-DNA complex subunit organization",0.256524752924974,6,5.33333333333333,0.644026621239343,1,NA,"GO:0071824"
"1456","enu",6,"protein-containing complex localization",-0.106711329073665,5.33333333333333,5,0.738343703541832,1,NA,"GO:0031503"
"1457","enu",6,"proton motive force-driven ATP synthesis",0.14532501328282,1.33333333333333,1.33333333333333,0.920166995540438,1,NA,"GO:0015986"
"1458","enu",6,"proton transmembrane transport",-0.111342010104372,2.33333333333333,2.66666666666667,0.843221445623788,1,NA,"GO:1902600"
"1459","enu",6,"pteridine-containing compound metabolic process",-0.024183099749632,0.333333333333333,0.666666666666667,0.960423319060092,1,NA,"GO:0042558"
"1460","enu",6,"quinone biosynthetic process",-0.0971150248555115,0,0,1,1,NA,"GO:1901663"
"1461","enu",6,"rRNA metabolic process",0.168464761963652,5.66666666666667,6.33333333333333,0.960061616378641,1,NA,"GO:0016072"
"1462","enu",6,"receptor metabolic process",-0.359334842642715,0.666666666666667,2,0.328552867886117,1,NA,"GO:0043112"
"1463","enu",6,"regulation of ATP metabolic process",0.401512640791683,3,2,0.930126939638249,1,NA,"GO:1903578"
"1464","enu",6,"regulation of ATP-dependent activity",-0.901848434319498,0.666666666666667,1.66666666666667,0.65877544710984,1,NA,"GO:0043462"
"1465","enu",6,"regulation of DNA repair",-0.523814986744417,5,7,0.395279425470035,1,NA,"GO:0006282"
"1466","enu",6,"regulation of DNA replication",-1.08554512207733,0.666666666666667,4,0.00312947890371327,0.465229848163638,NA,"GO:0006275"
"1467","enu",6,"regulation of G0 to G1 transition",-0.81439966083748,1.66666666666667,1.33333333333333,0.667483725043578,1,NA,"GO:0070316"
"1468","enu",6,"regulation of GTPase activity",-0.378470073625108,8.66666666666667,11.6666666666667,0.146640786578515,1,NA,"GO:0043087"
"1469","enu",6,"regulation of Golgi organization",-0.173983476469363,0,0,1,1,NA,"GO:1903358"
"1470","enu",6,"regulation of actin filament organization",-0.243312968479098,8,10.6666666666667,0.327497627683377,1,NA,"GO:0110053"
"1471","enu",6,"regulation of actin filament-based process",-0.0865846945512848,11.6666666666667,15,0.355400612017967,1,NA,"GO:0032970"
"1472","enu",6,"regulation of anatomical structure size",-0.366586855042349,11.6666666666667,16.6666666666667,0.100061163825916,1,NA,"GO:0090066"
"1473","enu",6,"regulation of apoptotic signaling pathway",-0.405692402412159,9.66666666666667,12.6666666666667,0.346018123009452,1,NA,"GO:2001233"
"1474","enu",6,"regulation of autophagosome maturation",-0.199420967588783,0.333333333333333,0.333333333333333,0.814920239826846,1,NA,"GO:1901096"
"1475","enu",6,"regulation of autophagy",-0.359228806312016,7.66666666666667,10.6666666666667,0.352536492676849,1,NA,"GO:0010506"
"1476","enu",6,"regulation of binding",-0.452676370990677,8,12.6666666666667,0.0616458610041251,0.94602686694792,NA,"GO:0051098"
"1477","enu",6,"regulation of carbohydrate metabolic process",-0.0567967845405777,6,5.66666666666667,0.701227435544078,1,NA,"GO:0006109"
"1478","enu",6,"regulation of cell cycle phase transition",-0.652245729992639,7.33333333333333,13.6666666666667,0.00349796878318525,0.465229848163638,NA,"GO:1901987"
"1479","enu",6,"regulation of cell division",0.465645462390177,4.66666666666667,5,0.596792159238667,1,NA,"GO:0051302"
"1480","enu",6,"regulation of cell growth",0.134846915191007,14,15.6666666666667,0.866563410467501,1,NA,"GO:0001558"
"1481","enu",6,"regulation of cell morphogenesis",-0.599185014351877,8,10,0.565679647185762,1,NA,"GO:0022604"
"1482","enu",6,"regulation of cell-substrate adhesion",0.0485412831455984,9.66666666666667,10.3333333333333,0.452811464658475,1,NA,"GO:0010810"
"1483","enu",6,"regulation of cell-substrate junction assembly",-0.0105424502962915,3.33333333333333,3.66666666666667,0.523928762069069,1,NA,"GO:0090109"
"1484","enu",6,"regulation of cell-substrate junction organization",-0.194434563109476,3.33333333333333,4.33333333333333,0.276113673030563,1,NA,"GO:0150116"
"1485","enu",6,"regulation of cellular component size",-0.172755516963664,9.33333333333333,13,0.278964269584053,1,NA,"GO:0032535"
"1486","enu",6,"regulation of chromosome organization",0.313371611141468,6,7.66666666666667,0.633510820422407,1,NA,"GO:0033044"
"1487","enu",6,"regulation of chromosome segregation",-0.336548871983376,3,4,0.46460268957612,1,NA,"GO:0051983"
"1488","enu",6,"regulation of circadian rhythm",-0.639403722720533,1.66666666666667,3,0.513541671944488,1,NA,"GO:0042752"
"1489","enu",6,"regulation of cysteine-type endopeptidase activity involved in apoptotic process",-0.0622523737877049,6.33333333333333,6.33333333333333,0.222110318672303,1,NA,"GO:0043281"
"1490","enu",6,"regulation of cytokinesis",-0.322241622936242,1.33333333333333,2,0.891475784344576,1,NA,"GO:0032465"
"1491","enu",6,"regulation of embryonic development",-0.216618633797961,2,2.66666666666667,0.888486748254266,1,NA,"GO:0045995"
"1492","enu",6,"regulation of establishment of cell polarity",-0.409703943065661,0.333333333333333,0.666666666666667,0.94090395792859,1,NA,"GO:2000114"
"1493","enu",6,"regulation of extracellular matrix organization",-0.320059645210558,3.33333333333333,3.33333333333333,0.117383481164528,1,NA,"GO:1903053"
"1494","enu",6,"regulation of fibroblast migration",-0.130015070962722,2.33333333333333,2,0.636581085374499,1,NA,"GO:0010762"
"1495","enu",6,"regulation of fibroblast proliferation",0.0287394685420368,2.66666666666667,4,0.577766792854365,1,NA,"GO:0048145"
"1496","enu",6,"regulation of focal adhesion assembly",0.055627050156942,3.33333333333333,3.66666666666667,0.523928762069069,1,NA,"GO:0051893"
"1497","enu",6,"regulation of generation of precursor metabolites and energy",0.198205009232727,3.66666666666667,3.33333333333333,0.490459158110552,1,NA,"GO:0043467"
"1498","enu",6,"regulation of glucose metabolic process",-0.256450218471204,3.33333333333333,2.66666666666667,0.732890564146463,1,NA,"GO:0010906"
"1499","enu",6,"regulation of interferon-beta production",-0.0288900601527327,1.66666666666667,1.66666666666667,0.491615428627344,1,NA,"GO:0032648"
"1500","enu",6,"regulation of intracellular protein transport",-0.132804657498017,5.66666666666667,7.66666666666667,0.508083300136998,1,NA,"GO:0033157"
"1501","enu",6,"regulation of intracellular steroid hormone receptor signaling pathway",0.35390741546122,2.33333333333333,2,0.992410639536236,1,NA,"GO:0033143"
"1502","enu",6,"regulation of intracellular transport",-0.176018663462698,8,11,0.334234786320872,1,NA,"GO:0032386"
"1503","enu",6,"regulation of ketone biosynthetic process",-1.41519043283295,0,0.666666666666667,0.819947980910142,1,NA,"GO:0010566"
"1504","enu",6,"regulation of ligase activity",-0.936344397417534,0.333333333333333,0,0.866576238561302,1,NA,"GO:0051340"
"1505","enu",6,"regulation of membrane permeability",0.951008229769826,3,2,0.536911375722674,1,NA,"GO:0090559"
"1506","enu",6,"regulation of microtubule cytoskeleton organization",-0.796308150826397,2.66666666666667,4.66666666666667,0.142411485644926,1,NA,"GO:0070507"
"1507","enu",6,"regulation of microtubule depolymerization",-0.499732771599555,0.666666666666667,1,0.683339713192869,1,NA,"GO:0031114"
"1508","enu",6,"regulation of microtubule-based process",-0.284717221224736,3.66666666666667,6.66666666666667,0.104631424399859,1,NA,"GO:0032886"
"1509","enu",6,"regulation of mitochondrial fission",-0.535707760969177,1,0.666666666666667,0.749453433943466,1,NA,"GO:0090140"
"1510","enu",6,"regulation of mitochondrial membrane permeability",-0.53888670543713,2,1.66666666666667,0.812483088285327,1,NA,"GO:0046902"
"1511","enu",6,"regulation of mitochondrial membrane potential",1.23274171386289,3.66666666666667,1.66666666666667,0.368812482393698,1,NA,"GO:0051881"
"1512","enu",6,"regulation of ncRNA transcription",0.880534588008318,1,0.666666666666667,0.909646439505337,1,NA,"GO:0140747"
"1513","enu",6,"regulation of neuron apoptotic process",0.0611789650124177,6.33333333333333,6.33333333333333,0.852802845035992,1,NA,"GO:0043523"
"1514","enu",6,"regulation of neuron death",0.229768797256991,10,10.3333333333333,0.828763768082282,1,NA,"GO:1901214"
"1515","enu",6,"regulation of neuron projection development",-1.12044001214533,8,15,0.000384406147318016,0.153378052779889,NA,"GO:0010975"
"1516","enu",6,"regulation of pinocytosis",-0.393217118202733,0.333333333333333,0.666666666666667,0.973620072917183,1,NA,"GO:0048548"
"1517","enu",6,"regulation of plasma membrane bounded cell projection assembly",0.205083280835368,5,6,0.419171791246989,1,NA,"GO:0120032"
"1518","enu",6,"regulation of protein catabolic process",-0.461892434128745,10,11.6666666666667,0.783712033001191,1,NA,"GO:0042176"
"1519","enu",6,"regulation of protein dephosphorylation",-0.666320926632083,1.66666666666667,2.66666666666667,0.33193212848096,1,NA,"GO:0035304"
"1520","enu",6,"regulation of protein modification by small protein conjugation or removal",-0.201906369290859,6,7.33333333333333,0.71159023669502,1,NA,"GO:1903320"
"1521","enu",6,"regulation of protein stability",-0.381317357045106,7.66666666666667,9.66666666666667,0.428196791699458,1,NA,"GO:0031647"
"1522","enu",6,"regulation of protein-containing complex assembly",-0.68224136090128,8,13.3333333333333,0.0202352020411906,0.681630061177873,NA,"GO:0043254"
"1523","enu",6,"regulation of response to DNA damage stimulus",-0.744388348311554,6.33333333333333,10.6666666666667,0.051086874729716,0.849319292381528,NA,"GO:2001020"
"1524","enu",6,"regulation of small molecule metabolic process",0.0203892387769889,9,9.66666666666667,0.644679788973056,1,NA,"GO:0062012"
"1525","enu",6,"regulation of stem cell differentiation",0.16885433659272,2.33333333333333,3,0.877897632363335,1,NA,"GO:2000736"
"1526","enu",6,"regulation of steroid hormone biosynthetic process",-0.636452607856741,0.666666666666667,0.666666666666667,1,1,NA,"GO:0090030"
"1527","enu",6,"regulation of supramolecular fiber organization",-0.270960030555192,10.6666666666667,14,0.200794612192687,1,NA,"GO:1902903"
"1528","enu",6,"regulation of translational fidelity",0.554376583875921,0.666666666666667,0,0.703161532430774,1,NA,"GO:0006450"
"1529","enu",6,"regulation of type I interferon-mediated signaling pathway",-0.772374968812767,1,1.33333333333333,0.950250348843482,1,NA,"GO:0060338"
"1530","enu",6,"regulation of ubiquitin-protein transferase activity",-1.45903048531939,0.333333333333333,1.33333333333333,0.615586091209024,1,NA,"GO:0051438"
"1531","enu",6,"regulation of vacuole organization",0.277432717052571,2,1.33333333333333,0.5556719139628,1,NA,"GO:0044088"
"1532","enu",6,"release of cytochrome c from mitochondria",1.41596303959975,3,1.66666666666667,0.259581163932213,1,NA,"GO:0001836"
"1533","enu",6,"renal system development",0.20671794852806,14,13.3333333333333,0.952135315146987,1,NA,"GO:0072001"
"1534","enu",6,"respiratory system development",0.0133279475102423,7.33333333333333,8.66666666666667,0.622373032897228,1,NA,"GO:0060541"
"1535","enu",6,"respiratory tube development",-0.631408004538416,6.66666666666667,8,0.257987557274084,1,NA,"GO:0030323"
"1536","enu",6,"response to UV",-0.796437056612202,2.66666666666667,4.66666666666667,0.183889301179709,1,NA,"GO:0009411"
"1537","enu",6,"response to acid chemical",-0.395463795864719,4.33333333333333,6,0.224769773204715,1,NA,"GO:0001101"
"1538","enu",6,"response to amino acid",-0.432536651554242,4,5,0.478145713345635,1,NA,"GO:0043200"
"1539","enu",6,"response to amino acid starvation",-1.12698371712441,1,1.66666666666667,0.468212128548442,1,NA,"GO:1990928"
"1540","enu",6,"response to arsenic-containing substance",0.0130087207398469,0.666666666666667,1,0.660988154604087,1,NA,"GO:0046685"
"1541","enu",6,"response to endoplasmic reticulum stress",0.144216894818619,5.66666666666667,7.66666666666667,0.259034583518936,1,NA,"GO:0034976"
"1542","enu",6,"response to fluid shear stress",-0.242925819337393,1.66666666666667,1.66666666666667,1,1,NA,"GO:0034405"
"1543","enu",6,"response to insulin",0.210156848930857,8,8.66666666666667,0.904155934816407,1,NA,"GO:0032868"
"1544","enu",6,"response to ionizing radiation",-0.470485308313944,3.33333333333333,4.66666666666667,0.224526807724438,1,NA,"GO:0010212"
"1545","enu",6,"response to oxidative stress",-0.0709304417571497,11.6666666666667,14.3333333333333,0.565346538718947,1,NA,"GO:0006979"
"1546","enu",6,"response to oxygen levels",-0.0221143306111567,11,13.3333333333333,0.532583841429262,1,NA,"GO:0070482"
"1547","enu",6,"response to reactive oxygen species",-0.0123564063991621,7.33333333333333,7.33333333333333,0.778819393134813,1,NA,"GO:0000302"
"1548","enu",6,"response to sterol depletion",-0.489148351013923,0,0.333333333333333,0.971008477784407,1,NA,"GO:0006991"
"1549","enu",6,"response to topologically incorrect protein",-0.0979696282392238,3.66666666666667,4.66666666666667,0.821839586929881,1,NA,"GO:0035966"
"1550","enu",6,"response to transforming growth factor beta",0.313381162996268,10.3333333333333,13,0.324343624685087,1,NA,"GO:0071559"
"1551","enu",6,"response to virus",0.381674605122539,13.3333333333333,12.6666666666667,0.809505984519893,1,NA,"GO:0009615"
"1552","enu",6,"rhythmic process",-0.263389452266027,6,8.66666666666667,0.250104798341971,1,NA,"GO:0048511"
"1553","enu",6,"ribonucleoprotein complex assembly",0.0539814240746419,4,5,0.80710514726356,1,NA,"GO:0022618"
"1554","enu",6,"ribonucleoprotein complex subunit organization",-0.112281973447352,4,5.33333333333333,0.681731872248597,1,NA,"GO:0071826"
"1555","enu",6,"ribonucleotide metabolic process",-0.170602491980495,11,11.6666666666667,0.17159014698218,1,NA,"GO:0009259"
"1556","enu",6,"ribose phosphate metabolic process",0.326714315582443,11.6666666666667,12,0.187964823716129,1,NA,"GO:0019693"
"1557","enu",6,"ribosomal subunit export from nucleus",0.213920806814467,0.333333333333333,0,0.934139615852991,1,NA,"GO:0000054"
"1558","enu",6,"ribosome assembly",-0.457180309498946,0.666666666666667,1.33333333333333,0.849181690580017,1,NA,"GO:0042255"
"1559","enu",6,"ribosome biogenesis",-0.0804111247430981,6,7.33333333333333,0.469044163864427,1,NA,"GO:0042254"
"1560","enu",6,"ribosome localization",-0.187056178010605,0.333333333333333,0,0.934139615852991,1,NA,"GO:0033750"
"1561","enu",6,"roof of mouth development",0.569853483813601,3.66666666666667,4,0.775111457054071,1,NA,"GO:0060021"
"1562","enu",6,"semaphorin-plexin signaling pathway involved in neuron projection guidance",-0.838868965421738,1,1,1,1,NA,"GO:1902285"
"1563","enu",6,"seminiferous tubule development",0.71326867646044,0.666666666666667,0,0.662595747933485,1,NA,"GO:0072520"
"1564","enu",6,"signal peptide processing",0.558446924938684,0.333333333333333,0,0.891893366087712,1,NA,"GO:0006465"
"1565","enu",6,"signal transduction in response to DNA damage",-0.835348920191343,3.33333333333333,6.66666666666667,0.0727922430429611,1,NA,"GO:0042770"
"1566","enu",6,"sister chromatid segregation",0.0927328052554953,6.33333333333333,7.33333333333333,0.666010287617668,1,NA,"GO:0000819"
"1567","enu",6,"small molecule catabolic process",-0.440463550355605,6,8.66666666666667,0.28473166651213,1,NA,"GO:0044282"
"1568","enu",6,"smoothened signaling pathway involved in dorsal/ventral neural tube patterning",0.0930791335175311,0.333333333333333,0,0.894789919454056,1,NA,"GO:0060831"
"1569","enu",6,"sphingomyelin biosynthetic process",-0.27979896933591,0,0,1,1,NA,"GO:0006686"
"1570","enu",6,"spindle localization",-0.239922568641435,1.66666666666667,1.66666666666667,0.177959348173338,1,NA,"GO:0051653"
"1571","enu",6,"stem cell differentiation",0.190343516138212,9,9.66666666666667,0.525137384493141,1,NA,"GO:0048863"
"1572","enu",6,"stem cell population maintenance",-0.419096087689747,5,6.66666666666667,0.638809618274745,1,NA,"GO:0019827"
"1573","enu",6,"sterol biosynthetic process",-0.513447600739328,1.33333333333333,1.66666666666667,0.597770014848742,1,NA,"GO:0016126"
"1574","enu",6,"stress granule assembly",0.145282306844038,0.333333333333333,0.666666666666667,0.955011065836435,1,NA,"GO:0034063"
"1575","enu",6,"substantia nigra development",0.391611204870196,1,1,0.911935550166715,1,NA,"GO:0021762"
"1576","enu",6,"substrate adhesion-dependent cell spreading",0.489980451534449,5.33333333333333,4.66666666666667,0.870780531494004,1,NA,"GO:0034446"
"1577","enu",6,"sulfur compound metabolic process",0.204237348982821,8,8.66666666666667,0.982175255061769,1,NA,"GO:0006790"
"1578","enu",6,"suppression of viral release by host",-0.218329281994849,0.333333333333333,0.333333333333333,1,1,NA,"GO:0044790"
"1579","enu",6,"synaptic vesicle lumen acidification",-0.86433223692478,0,0,1,1,NA,"GO:0097401"
"1580","enu",6,"telomerase RNA localization to Cajal body",0.392435807885174,0,0,1,1,NA,"GO:0090671"
"1581","enu",6,"telomere maintenance",-0.244050091380464,3,4.66666666666667,0.47385775691059,1,NA,"GO:0000723"
"1582","enu",6,"telomere organization",0.374222383872864,3.33333333333333,4.66666666666667,0.680102527823898,1,NA,"GO:0032200"
"1583","enu",6,"toxin transport",0.382457982474568,1.66666666666667,1.33333333333333,0.988231158796629,1,NA,"GO:1901998"
"1584","enu",6,"trabecula morphogenesis",-0.794526931771533,1.66666666666667,2.33333333333333,0.468171407082413,1,NA,"GO:0061383"
"1585","enu",6,"tube closure",0.77441802090215,4,3,0.895537947353752,1,NA,"GO:0060606"
"1586","enu",6,"ubiquinone biosynthetic process",-0.235277565006096,0,0,1,1,NA,"GO:0006744"
"1587","enu",6,"ubiquinone metabolic process",-0.480443361431558,0.333333333333333,0.333333333333333,1,1,NA,"GO:0006743"
"1588","enu",6,"vacuolar acidification",1.508251116865,1,0.666666666666667,0.961352743991314,1,NA,"GO:0007035"
"1589","enu",6,"vacuolar transport",-0.334636155287032,3.33333333333333,5,0.487670966151054,1,NA,"GO:0007034"
"1590","enu",6,"vacuole organization",0.39284992566165,7.33333333333333,6,0.469442054093206,1,NA,"GO:0007033"
"1591","enu",6,"vasculogenesis",-0.313145849755835,2,3.66666666666667,0.346798659520268,1,NA,"GO:0001570"
"1592","enu",6,"vesicle localization",0.209231622239853,5,5.66666666666667,0.957642288772117,1,NA,"GO:0051648"
"1593","enu",6,"vesicle organization",-0.112314628083477,8.66666666666667,10.3333333333333,0.647069907129921,1,NA,"GO:0016050"
"1594","enu",6,"viral process",0.12188666507894,12,12.6666666666667,0.30773373480493,1,NA,"GO:0016032"
"1595","enu",6,"viral release from host cell",0.622132808405137,1,0.333333333333333,0.84683091188556,1,NA,"GO:0019076"
"1596","enu",6,"water-soluble vitamin metabolic process",0.361517691023934,2,1.66666666666667,0.808191719130241,1,NA,"GO:0006767"
"1597","enu",9,"ATP metabolic process",-0.68166800275049,5.83333333333333,8.5,0.0922768692723936,0.368184708396851,NA,"GO:0046034"
"1598","enu",9,"COPII vesicle coating",-0.639656253118878,0.833333333333333,0.666666666666667,0.979726100121303,1,NA,"GO:0048208"
"1599","enu",9,"DNA conformation change",0.6715754054512,4.33333333333333,4.16666666666667,0.7428231348461,1,NA,"GO:0071103"
"1600","enu",9,"DNA replication",-0.03373367282343,9.16666666666667,13.5,0.0656981275408206,0.344665074813395,NA,"GO:0006260"
"1601","enu",9,"DNA-templated transcription elongation",0.170273719929408,5.33333333333333,5.66666666666667,0.872156003632189,1,NA,"GO:0006354"
"1602","enu",9,"G0 to G1 transition",-0.357996950016537,2.16666666666667,2,0.92142050387219,1,NA,"GO:0045023"
"1603","enu",9,"GPI anchor biosynthetic process",-0.357680515978902,0.833333333333333,0.833333333333333,0.833445962105779,1,NA,"GO:0006506"
"1604","enu",9,"Golgi organization",0.346691153320343,5.83333333333333,6.33333333333333,0.990655039869968,1,NA,"GO:0007030"
"1605","enu",9,"Golgi to plasma membrane protein transport",0.69044378887217,2.33333333333333,2.16666666666667,0.910714456243439,1,NA,"GO:0043001"
"1606","enu",9,"Golgi vesicle transport",0.0989860815094942,9.5,13.5,0.0696604267343637,0.347649027277592,NA,"GO:0048193"
"1607","enu",9,"NADP metabolic process",-0.746813461803761,2,2,0.991431733953029,1,NA,"GO:0006739"
"1608","enu",9,"NADPH regeneration",-0.543826874617356,0.666666666666667,1,0.936617062526319,1,NA,"GO:0006740"
"1609","enu",9,"RNA localization",0.0148983230757516,7,8.33333333333333,0.57144006558943,0.985983366002939,NA,"GO:0006403"
"1610","enu",9,"RNA transport",-0.220542916462357,5.83333333333333,7,0.440454788570819,0.821221778690453,NA,"GO:0050658"
"1611","enu",9,"Schwann cell differentiation",0.195170854719038,2,2,0.986572780074255,1,NA,"GO:0014037"
"1612","enu",9,"U2-type prespliceosome assembly",-0.212328635196774,0.833333333333333,0.833333333333333,0.783833089935241,1,NA,"GO:1903241"
"1613","enu",9,"UV-damage excision repair",0.257072510105172,0.833333333333333,0.5,0.965137860039525,1,NA,"GO:0070914"
"1614","enu",9,"Wnt signaling pathway",0.285451721726331,22.3333333333333,26.8333333333333,0.00451017066765675,0.107019251944107,NA,"GO:0016055"
"1615","enu",9,"actin filament organization",0.0380757428530332,17.8333333333333,23.8333333333333,0.0173029348498009,0.215513703383725,NA,"GO:0007015"
"1616","enu",9,"alcohol biosynthetic process",-0.759923345451285,4.16666666666667,5.66666666666667,0.0665143126832867,0.344665074813395,NA,"GO:0046165"
"1617","enu",9,"amino sugar biosynthetic process",0.0871703244166924,0.666666666666667,0.333333333333333,0.306546469009081,0.707006018119209,NA,"GO:0046349"
"1618","enu",9,"aminoglycan biosynthetic process",0.426151825312541,4.83333333333333,4.5,0.995525434851361,1,NA,"GO:0006023"
"1619","enu",9,"apoptotic mitochondrial changes",0.0493707786155051,2.5,4.66666666666667,0.0916097514968109,0.368184708396851,NA,"GO:0008637"
"1620","enu",9,"appendage development",-0.0364050140911163,8.16666666666667,10.3333333333333,0.120226861353399,0.432166825946002,NA,"GO:0048736"
"1621","enu",9,"aromatic compound catabolic process",0.0521337131654239,15.3333333333333,19.6666666666667,0.0781588297213829,0.362545206187446,NA,"GO:0019439"
"1622","enu",9,"autophagosome maturation",-0.0288246080346352,2,2.33333333333333,0.907822502916374,1,NA,"GO:0097352"
"1623","enu",9,"autophagy of mitochondrion",-0.299879988325027,3.16666666666667,4,0.37599215214545,0.769337788236074,NA,"GO:0000422"
"1624","enu",9,"axon extension",0.415934673384779,5.66666666666667,6,0.865577859623438,1,NA,"GO:0048675"
"1625","enu",9,"basement membrane organization",-0.864448046251545,2,3.16666666666667,0.271547584518053,0.659494445864685,NA,"GO:0071711"
"1626","enu",9,"biological process involved in interaction with host",-0.156783254998993,6.66666666666667,9.16666666666667,0.261455417391562,0.652455185302666,NA,"GO:0051701"
"1627","enu",9,"body morphogenesis",-0.0608323581768905,2.83333333333333,3,0.827383682018382,1,NA,"GO:0010171"
"1628","enu",9,"bone development",-0.587522013911028,9.5,13.1666666666667,0.0327166706633203,0.255959835189506,NA,"GO:0060348"
"1629","enu",9,"branched-chain amino acid metabolic process",-0.204097509667565,0.5,1,0.754530064294785,1,NA,"GO:0009081"
"1630","enu",9,"carbohydrate derivative catabolic process",0.0509972773966962,6.33333333333333,6.16666666666667,0.89179782409538,1,NA,"GO:1901136"
"1631","enu",9,"carbohydrate derivative transport",-0.390929887772663,2.66666666666667,3.33333333333333,0.471571835926166,0.867083698315854,NA,"GO:1901264"
"1632","enu",9,"cell cycle G1/S phase transition",-0.301112899034528,10.3333333333333,13,0.167392454214765,0.534316713853531,NA,"GO:0044843"
"1633","enu",9,"cell cycle G2/M phase transition",-0.123405779747486,6.66666666666667,7.16666666666667,0.97912963235014,1,NA,"GO:0044839"
"1634","enu",9,"cell cycle checkpoint signaling",0.0531863390553925,7.66666666666667,8.83333333333333,0.250398561207185,0.644574360784946,NA,"GO:0000075"
"1635","enu",9,"cell growth",0.176785095450578,20.8333333333333,26.5,0.0396483400297686,0.283133089627558,NA,"GO:0016049"
"1636","enu",9,"cell migration involved in heart development",-0.136140270200397,1,1,0.999612422611767,1,NA,"GO:0060973"
"1637","enu",9,"cell redox homeostasis",-0.637353465909509,1,1.66666666666667,0.733891754664443,1,NA,"GO:0045454"
"1638","enu",9,"cell-cell signaling by wnt",0.0677912314892657,22.3333333333333,26.8333333333333,0.00448119971441157,0.107019251944107,NA,"GO:0198738"
"1639","enu",9,"cell-substrate adhesion",0.0221433703216407,19.1666666666667,22.8333333333333,0.437196144225444,0.821221778690453,NA,"GO:0031589"
"1640","enu",9,"cell-substrate junction assembly",-0.485299413272336,6.83333333333333,8.33333333333333,0.485014851416273,0.887710668417858,NA,"GO:0007044"
"1641","enu",9,"cell-substrate junction organization",0.150652470252634,7.5,8.66666666666667,0.27602900365765,0.659494445864685,NA,"GO:0150115"
"1642","enu",9,"cellular carbohydrate metabolic process",0.20471385107962,10,12.6666666666667,0.264663987422581,0.655906403612484,NA,"GO:0044262"
"1643","enu",9,"cellular component disassembly",-0.0297710502682188,20.1666666666667,24.1666666666667,0.35684296926573,0.76139221784506,NA,"GO:0022411"
"1644","enu",9,"cellular lipid catabolic process",-0.101997599939885,6.16666666666667,7.83333333333333,0.420903715447829,0.821221778690453,NA,"GO:0044242"
"1645","enu",9,"cellular metabolic compound salvage",-0.0505317429588186,1.33333333333333,1.16666666666667,0.993443796681307,1,NA,"GO:0043094"
"1646","enu",9,"cellular nitrogen compound catabolic process",-0.163695661166834,14.8333333333333,19.6666666666667,0.0413804205434816,0.283133089627558,NA,"GO:0044270"
"1647","enu",9,"cellular pigment accumulation",-0.193530964250901,0.833333333333333,0.333333333333333,0.657099661093856,1,NA,"GO:0043482"
"1648","enu",9,"cellular pigmentation",0.616862869111533,3.5,2.83333333333333,0.857722421360264,1,NA,"GO:0033059"
"1649","enu",9,"cellular respiration",-0.0961130636063483,7.5,8.33333333333333,0.936845651584632,1,NA,"GO:0045333"
"1650","enu",9,"cellular response to UV",-0.548795383300062,3.5,4.83333333333333,0.114196606147007,0.424620753630593,NA,"GO:0034644"
"1651","enu",9,"cellular response to acid chemical",-0.212368281526249,3.83333333333333,5.66666666666667,0.317442292229423,0.715590251974802,NA,"GO:0071229"
"1652","enu",9,"cellular response to arsenic-containing substance",-0.399643372544917,0.666666666666667,0.833333333333333,0.991114704451941,1,NA,"GO:0071243"
"1653","enu",9,"cellular response to chemical stress",-0.594128675761799,9.83333333333333,16.5,7.91462582852989e-05,0.00789483926395856,"**","GO:0062197"
"1654","enu",9,"cellular response to dsRNA",0.311905336930042,1.16666666666667,1,0.994427788370746,1,NA,"GO:0071359"
"1655","enu",9,"cellular response to external stimulus",0.0291066657966139,11.8333333333333,16,0.0879126990092264,0.362545206187446,NA,"GO:0071496"
"1656","enu",9,"cellular response to extracellular stimulus",-0.138395270155873,8.66666666666667,12.1666666666667,0.00751269926159869,0.149878350268894,NA,"GO:0031668"
"1657","enu",9,"cellular response to fluid shear stress",0.0813008315857815,1.16666666666667,1.5,0.993528234413916,1,NA,"GO:0071498"
"1658","enu",9,"cellular response to heat",-0.279348005747265,2.33333333333333,3.16666666666667,0.876889543789051,1,NA,"GO:0034605"
"1659","enu",9,"cellular response to insulin stimulus",-0.377541825392115,8.33333333333333,10.1666666666667,0.112736387525046,0.424356779457484,NA,"GO:0032869"
"1660","enu",9,"cellular response to ketone",-0.00860699839645612,4,5.16666666666667,0.220189845169685,0.606148041428703,NA,"GO:1901655"
"1661","enu",9,"cellular response to oxygen levels",0.209053165048271,7.83333333333333,9.5,0.63979482102145,1,NA,"GO:0071453"
"1662","enu",9,"cellular response to sterol depletion",-0.219102968863366,0.5,0.5,0.997523058536948,1,NA,"GO:0071501"
"1663","enu",9,"cellular response to topologically incorrect protein",-0.178827372103903,2.83333333333333,4.66666666666667,0.0322331613944974,0.255959835189506,NA,"GO:0035967"
"1664","enu",9,"cellular response to transforming growth factor beta stimulus",0.0573757401544939,13.5,17.3333333333333,0.0148788787220894,0.198123176406987,NA,"GO:0071560"
"1665","enu",9,"cellular senescence",-0.535307959660143,3.66666666666667,5,0.0447823380668343,0.283133089627558,NA,"GO:0090398"
"1666","enu",9,"centromere complex assembly",-0.514681444078919,0.833333333333333,1.16666666666667,0.744715330817153,1,NA,"GO:0034508"
"1667","enu",9,"centrosome localization",-0.231231178260477,1,1.83333333333333,0.818447694583385,1,NA,"GO:0051642"
"1668","enu",9,"chaperone-mediated autophagy",-0.793761606151618,0.166666666666667,0.5,0.994320573398104,1,NA,"GO:0061684"
"1669","enu",9,"chondrocyte differentiation",0.350508291474819,7.83333333333333,8.16666666666667,0.0833519515614253,0.362545206187446,NA,"GO:0002062"
"1670","enu",9,"chromatin remodeling",-0.641188516122727,12.5,17,0.0169471038383793,0.215513703383725,NA,"GO:0006338"
"1671","enu",9,"chromosome localization",-0.56178900288249,2.16666666666667,4,0.147966975753586,0.496124565762023,NA,"GO:0050000"
"1672","enu",9,"chromosome segregation",-0.116172304659094,14.8333333333333,18.8333333333333,0.187116935655436,0.569921048294037,NA,"GO:0007059"
"1673","enu",9,"cilium assembly",-0.336195434497296,11.5,14.1666666666667,0.158264715597401,0.521200222388327,NA,"GO:0060271"
"1674","enu",9,"cilium organization",0.0249695910107419,11.6666666666667,15.5,0.0443106166337369,0.283133089627558,NA,"GO:0044782"
"1675","enu",9,"circadian regulation of gene expression",-0.0679509793134044,2,3.5,0.305411829970926,0.707006018119209,NA,"GO:0032922"
"1676","enu",9,"clathrin-dependent endocytosis",-0.648044328194603,1.66666666666667,2.33333333333333,0.193222604047255,0.573398065357802,NA,"GO:0072583"
"1677","enu",9,"collagen fibril organization",-0.562086659954227,4.16666666666667,5.83333333333333,0.186034472752187,0.569921048294037,NA,"GO:0030199"
"1678","enu",9,"connective tissue development",-0.132326601714071,13.6666666666667,16.5,0.040661371446145,0.283133089627558,NA,"GO:0061448"
"1679","enu",9,"cortical cytoskeleton organization",0.0348815839304085,2.16666666666667,2.33333333333333,0.740146185594585,1,NA,"GO:0030865"
"1680","enu",9,"cytoplasmic translation",-0.440172649499744,4,6.16666666666667,0.213473508809503,0.604084610035401,NA,"GO:0002181"
"1681","enu",9,"defense response to virus",-0.280863218242855,8.83333333333333,11.8333333333333,0.0881375563914341,0.362545206187446,NA,"GO:0051607"
"1682","enu",9,"dephosphorylation",-0.0260567381349823,11.5,16.3333333333333,0.0354747679429412,0.264101914998284,NA,"GO:0016311"
"1683","enu",9,"developmental growth involved in morphogenesis",0.0715849179097685,9.33333333333333,11.8333333333333,0.235314125955225,0.634002819593815,NA,"GO:0060560"
"1684","enu",9,"dicarboxylic acid metabolic process",0.266726919489218,3,3.16666666666667,0.88146412769796,1,NA,"GO:0043648"
"1685","enu",9,"double-strand break repair",-0.104774801787231,14,13.8333333333333,0.291952983445736,0.685230825852051,NA,"GO:0006302"
"1686","enu",9,"embryonic body morphogenesis",0.615554709294304,1.16666666666667,0.5,0.901517975048067,1,NA,"GO:0010172"
"1687","enu",9,"embryonic organ development",-0.326296268746551,16.8333333333333,22.3333333333333,0.00284716361512872,0.107019251944107,NA,"GO:0048568"
"1688","enu",9,"epigenetic regulation of gene expression",-0.376644149742445,4.83333333333333,8,0.0450640605576196,0.283133089627558,NA,"GO:0040029"
"1689","enu",9,"erythrocyte differentiation",-0.463037875154308,4.5,6.66666666666667,0.412819218748026,0.819476956619215,NA,"GO:0030218"
"1690","enu",9,"establishment of mitotic spindle localization",0.153133631035214,1.66666666666667,1.83333333333333,0.844092757901782,1,NA,"GO:0040001"
"1691","enu",9,"establishment of organelle localization",-0.199750349582428,14.1666666666667,19.3333333333333,0.0634874505659294,0.337753237010745,NA,"GO:0051656"
"1692","enu",9,"establishment of protein localization to membrane",-0.298137800389723,7.83333333333333,11.5,0.073138001004767,0.355878809767098,NA,"GO:0090150"
"1693","enu",9,"establishment of protein localization to organelle",-0.0673966871062833,14.1666666666667,19.3333333333333,0.0754290601354441,0.362063765129346,NA,"GO:0072594"
"1694","enu",9,"establishment or maintenance of cell polarity",0.275484736695164,11.6666666666667,13.5,0.787937910374323,1,NA,"GO:0007163"
"1695","enu",9,"establishment or maintenance of epithelial cell apical/basal polarity",0.166999151464852,2.66666666666667,3.33333333333333,0.936794924772078,1,NA,"GO:0045197"
"1696","enu",9,"ether lipid biosynthetic process",-0.0724186254033758,0.166666666666667,0,0.999768678133417,1,NA,"GO:0008611"
"1697","enu",9,"exit from host cell",-0.395953455225937,0.833333333333333,1,0.991327771325025,1,NA,"GO:0035891"
"1698","enu",9,"exosomal secretion",0.652591938153184,1.5,0.666666666666667,0.740133718873474,1,NA,"GO:1990182"
"1699","enu",9,"extracellular matrix assembly",0.277510476786722,3.83333333333333,3.5,0.8190682791627,1,NA,"GO:0085029"
"1700","enu",9,"extracellular vesicle biogenesis",-0.404019058288434,2,1,0.799794459652078,1,NA,"GO:0140112"
"1701","enu",9,"face development",-0.520299315674312,2,3,0.386140923551821,0.786072594373349,NA,"GO:0060324"
"1702","enu",9,"fat cell differentiation",-0.0452554324882549,9.16666666666667,11.8333333333333,0.0697040656195674,0.347649027277592,NA,"GO:0045444"
"1703","enu",9,"fatty acid beta-oxidation",-0.32796579963211,2.33333333333333,2.83333333333333,0.184330143867378,0.569921048294037,NA,"GO:0006635"
"1704","enu",9,"fibroblast migration",-0.236343288341248,3.16666666666667,4.5,0.217827356567772,0.606148041428703,NA,"GO:0010761"
"1705","enu",9,"fibroblast proliferation",0.188090704098428,5.83333333333333,6.33333333333333,0.49960002893264,0.901992812416848,NA,"GO:0048144"
"1706","enu",9,"folic acid metabolic process",0.22750179148398,0.333333333333333,0.5,0.999790316661214,1,NA,"GO:0046655"
"1707","enu",9,"glial cell apoptotic process",-0.897992184280615,0.166666666666667,0.833333333333333,0.911186677476653,1,NA,"GO:0034349"
"1708","enu",9,"glycerol ether biosynthetic process",-0.179564839464755,0.166666666666667,0,0.999768678133417,1,NA,"GO:0046504"
"1709","enu",9,"glycosyl compound biosynthetic process",-0.728984697382712,0.833333333333333,0.833333333333333,0.99862237604956,1,NA,"GO:1901659"
"1710","enu",9,"glycosyl compound metabolic process",-0.123230840882079,2.33333333333333,2.83333333333333,0.764942039095055,1,NA,"GO:1901657"
"1711","enu",9,"glycosylation",-0.279468440366884,6.5,10.1666666666667,0.0139810687182606,0.198123176406987,NA,"GO:0070085"
"1712","enu",9,"heart valve development",0.144629596466367,3.66666666666667,4.5,0.56518614800412,0.984756650889274,NA,"GO:0003170"
"1713","enu",9,"heme metabolic process",-0.280627009720286,1.33333333333333,1.66666666666667,0.77158314113704,1,NA,"GO:0042168"
"1714","enu",9,"heterochromatin formation",-0.503176642048647,2,4.5,0.0607281685940785,0.336535267625518,NA,"GO:0031507"
"1715","enu",9,"heterocycle catabolic process",0.0255015248601931,15.1666666666667,19.6666666666667,0.0773210357478083,0.362545206187446,NA,"GO:0046700"
"1716","enu",9,"histone modification",-0.293588129417223,17.1666666666667,22,0.0357431163155572,0.264101914998284,NA,"GO:0016570"
"1717","enu",9,"immune system development",0.173686162508214,8.16666666666667,8.5,0.284241383011571,0.672721062357751,NA,"GO:0002520"
"1718","enu",9,"in utero embryonic development",0.0643117934504165,16.6666666666667,20.8333333333333,0.102550685657707,0.400663317005943,NA,"GO:0001701"
"1719","enu",9,"inner cell mass cell proliferation",-0.394871539567752,0.5,0.333333333333333,0.965895621780028,1,NA,"GO:0001833"
"1720","enu",9,"inositol phosphate catabolic process",-0.281729277593827,1.16666666666667,0.666666666666667,0.930960200613843,1,NA,"GO:0071545"
"1721","enu",9,"interferon-beta production",-0.605039403854717,1.66666666666667,2.66666666666667,0.323904140044014,0.717987510430899,NA,"GO:0032608"
"1722","enu",9,"intermembrane lipid transfer",-0.698395694453108,1,1.83333333333333,0.273117329932256,0.659494445864685,NA,"GO:0120009"
"1723","enu",9,"intracellular lipid transport",-0.568883138609309,0.666666666666667,2,0.366184203426074,0.768694679280755,NA,"GO:0032365"
"1724","enu",9,"intraciliary transport",-0.541426029601044,1.66666666666667,1.83333333333333,0.99140628593239,1,NA,"GO:0042073"
"1725","enu",9,"iron ion homeostasis",-0.371484934830867,3.16666666666667,3.66666666666667,0.856799276964038,1,NA,"GO:0055072"
"1726","enu",9,"iron-sulfur cluster assembly",0.332636995036904,0.833333333333333,0.833333333333333,0.882148214021015,1,NA,"GO:0016226"
"1727","enu",9,"kinetochore organization",0.127800481594316,0.666666666666667,0.666666666666667,0.965508768572408,1,NA,"GO:0051383"
"1728","enu",9,"lamellipodium assembly",-0.139620283102678,2.5,3.66666666666667,0.114960790754611,0.424620753630593,NA,"GO:0030032"
"1729","enu",9,"lamellipodium morphogenesis",-0.904570598363324,1.5,1.66666666666667,0.915556408698591,1,NA,"GO:0072673"
"1730","enu",9,"lamellipodium organization",-0.523223921116774,4,5.5,0.182094103704283,0.567621463890696,NA,"GO:0097581"
"1731","enu",9,"limb development",-0.315326117121619,8.16666666666667,10.3333333333333,0.120226861353399,0.432166825946002,NA,"GO:0060173"
"1732","enu",9,"lipoprotein catabolic process",-0.439623086272237,0.333333333333333,0.333333333333333,1,1,NA,"GO:0042159"
"1733","enu",9,"lipoprotein metabolic process",0.434131744360655,3.5,5,0.64498238070601,1,NA,"GO:0042157"
"1734","enu",9,"lysosomal lumen acidification",0.0432991129727368,0.833333333333333,0.5,0.954084813813552,1,NA,"GO:0007042"
"1735","enu",9,"lysosomal protein catabolic process",-0.261627235685478,0.333333333333333,0.666666666666667,0.996337279378336,1,NA,"GO:1905146"
"1736","enu",9,"mRNA export from nucleus",-0.231084150052304,1.83333333333333,2.83333333333333,0.350373087025133,0.75160678345714,NA,"GO:0006406"
"1737","enu",9,"macroautophagy",0.259181130511409,13,15,0.890563509872756,1,NA,"GO:0016236"
"1738","enu",9,"macromolecule deacylation",-0.13663054062397,4.16666666666667,6,0.176782316356626,0.555402710443259,NA,"GO:0098732"
"1739","enu",9,"macromolecule glycosylation",0.0931635529398717,6,9.66666666666667,0.0103751934741214,0.179987052007584,NA,"GO:0043413"
"1740","enu",9,"magnesium ion transmembrane transport",0.572841707961343,1.83333333333333,0.5,0.2367579451616,0.634002819593815,NA,"GO:1903830"
"1741","enu",9,"magnesium ion transport",0.495841014135793,2,0.5,0.130303505777706,0.448199127631937,NA,"GO:0015693"
"1742","enu",9,"maintenance of cell number",-0.17948105109656,7.16666666666667,9.66666666666667,0.155859672827483,0.518233412151381,NA,"GO:0098727"
"1743","enu",9,"maintenance of protein location",0.305871606968616,3.16666666666667,4.66666666666667,0.199089216546726,0.58409262795694,NA,"GO:0045185"
"1744","enu",9,"maintenance of protein location in cell",-0.327373754343693,2.33333333333333,3.33333333333333,0.782179740016173,1,NA,"GO:0032507"
"1745","enu",9,"mammary gland epithelial cell proliferation",-0.469822265929987,2,2,0.983857483374093,1,NA,"GO:0033598"
"1746","enu",9,"membrane assembly",-0.0541571255771811,1.66666666666667,3,0.461241902847826,0.852016292760568,NA,"GO:0071709"
"1747","enu",9,"membrane biogenesis",-0.594590525516245,1.83333333333333,3,0.656131511153777,1,NA,"GO:0044091"
"1748","enu",9,"membrane docking",0.146064192276033,3.83333333333333,4.16666666666667,0.363316373157039,0.767001232220416,NA,"GO:0022406"
"1749","enu",9,"membrane fission",0.511699761877855,1.66666666666667,1.66666666666667,0.864944673789202,1,NA,"GO:0090148"
"1750","enu",9,"mesenchymal cell differentiation",-0.24466415189054,12.3333333333333,15.1666666666667,0.0604972715053184,0.336535267625518,NA,"GO:0048762"
"1751","enu",9,"metallo-sulfur cluster assembly",0.280254254854074,0.833333333333333,0.833333333333333,0.882148214021015,1,NA,"GO:0031163"
"1752","enu",9,"methylation",-0.408099279921099,9.16666666666667,13.6666666666667,0.0032676904239097,0.107019251944107,NA,"GO:0032259"
"1753","enu",9,"miRNA processing",-0.437687073149777,2.16666666666667,2.5,0.367971638452692,0.768694679280755,NA,"GO:0035196"
"1754","enu",9,"microtubule cytoskeleton organization involved in mitosis",0.229635949703392,6.66666666666667,7.66666666666667,0.260742962531348,0.652455185302666,NA,"GO:1902850"
"1755","enu",9,"microtubule depolymerization",0.0363631696719571,1.83333333333333,2.33333333333333,0.706220309837973,1,NA,"GO:0007019"
"1756","enu",9,"microtubule organizing center localization",-0.203877311685209,1,1.83333333333333,0.818447694583385,1,NA,"GO:0061842"
"1757","enu",9,"microtubule polymerization",-0.293363470429562,3.83333333333333,3.83333333333333,0.72795546395067,1,NA,"GO:0046785"
"1758","enu",9,"mitochondrial calcium ion homeostasis",-0.89398093925864,0.833333333333333,1.33333333333333,0.8137387478243,1,NA,"GO:0051560"
"1759","enu",9,"mitochondrial calcium ion transmembrane transport",-0.57535139338426,0.333333333333333,0.666666666666667,0.993207834264272,1,NA,"GO:0006851"
"1760","enu",9,"mitochondrial gene expression",-0.144769084842513,5,6.16666666666667,0.126154210342839,0.437700260232981,NA,"GO:0140053"
"1761","enu",9,"mitochondrial genome maintenance",-1.11229503517877,0.833333333333333,1.16666666666667,0.933691133657233,1,NA,"GO:0000002"
"1762","enu",9,"mitochondrial membrane organization",-0.639455232279527,2.5,4.66666666666667,0.0762239505535465,0.362063765129346,NA,"GO:0007006"
"1763","enu",9,"mitochondrial outer membrane permeabilization",-0.0275221689392633,1,1.33333333333333,0.828445134288637,1,NA,"GO:0097345"
"1764","enu",9,"mitochondrial respiratory chain complex assembly",0.231216104467392,3.33333333333333,2.83333333333333,0.941738499952227,1,NA,"GO:0033108"
"1765","enu",9,"mitochondrial transmembrane transport",-0.0386419229629459,3.16666666666667,3,0.903754548364166,1,NA,"GO:1990542"
"1766","enu",9,"mitochondrial transport",-0.324184723502174,4,7.5,0.0231728079696599,0.215513703383725,NA,"GO:0006839"
"1767","enu",9,"mitochondrion distribution",-0.368185586204112,0.5,0.666666666666667,0.969702546931451,1,NA,"GO:0048311"
"1768","enu",9,"mitochondrion localization",-0.612247975398906,1.16666666666667,2,0.219597387841707,0.606148041428703,NA,"GO:0051646"
"1769","enu",9,"mitochondrion morphogenesis",-0.611434185423256,0.5,0.833333333333333,0.775670544771968,1,NA,"GO:0070584"
"1770","enu",9,"mitotic cytokinesis",-0.716389642047647,2.33333333333333,4,0.194006864218805,0.573398065357802,NA,"GO:0000281"
"1771","enu",9,"monosaccharide biosynthetic process",-0.491096173111524,2.5,3.5,0.390276928408258,0.79045936261368,NA,"GO:0046364"
"1772","enu",9,"monosaccharide metabolic process",-0.289150402587274,6.66666666666667,10.5,0.00394552731651955,0.107019251944107,NA,"GO:0005996"
"1773","enu",9,"morphogenesis of an epithelial sheet",-0.247580165338415,2.66666666666667,4,0.572166059716397,0.985983366002939,NA,"GO:0002011"
"1774","enu",9,"movement in host",-0.288462473972036,6,8.16666666666667,0.261636164532397,0.652455185302666,NA,"GO:0044000"
"1775","enu",9,"multicellular organism growth",0.0395416753032233,6.16666666666667,7.83333333333333,0.246365927489954,0.644574360784946,NA,"GO:0035264"
"1776","enu",9,"myeloid cell homeostasis",-0.234328133349792,5.5,8.66666666666667,0.115999153247455,0.424620753630593,NA,"GO:0002262"
"1777","enu",9,"ncRNA processing",0.197173348078696,15.1666666666667,17.1666666666667,0.876557330920432,1,NA,"GO:0034470"
"1778","enu",9,"negative regulation of GTPase activity",-0.10236100542149,2,1.5,0.922178013768215,1,NA,"GO:0034260"
"1779","enu",9,"negative regulation of catabolic process",-0.359720823907066,10,15.3333333333333,0.00111957610067572,0.0638158377385158,NA,"GO:0009895"
"1780","enu",9,"negative regulation of cell projection organization",-0.295683127416346,6.66666666666667,9,0.0674578702060066,0.345072951438418,NA,"GO:0031345"
"1781","enu",9,"negative regulation of defense response to virus",-0.176997432205487,1.33333333333333,1.5,0.975787792329521,1,NA,"GO:0050687"
"1782","enu",9,"negative regulation of growth",0.28279120592088,11.6666666666667,13.1666666666667,0.260972305233576,0.652455185302666,NA,"GO:0045926"
"1783","enu",9,"negative regulation of mitotic nuclear division",-0.833703001954323,1,2.66666666666667,0.248782505371232,0.644574360784946,NA,"GO:0045839"
"1784","enu",9,"negative regulation of phosphorus metabolic process",0.0547848160364963,20.8333333333333,23.8333333333333,0.524600449393592,0.934444550482336,NA,"GO:0010563"
"1785","enu",9,"negative regulation of protein phosphorylation",0.187181058973353,17,19.1666666666667,0.731094432417435,1,NA,"GO:0001933"
"1786","enu",9,"negative regulation of transferase activity",0.0201832982904034,11.6666666666667,14.6666666666667,0.165139247774791,0.531375482759206,NA,"GO:0051348"
"1787","enu",9,"neural tube development",-0.134381778069571,7,9.16666666666667,0.122841625575234,0.433750518624057,NA,"GO:0021915"
"1788","enu",9,"neuron apoptotic process",0.316163190317331,10.5,11,0.906746941708436,1,NA,"GO:0051402"
"1789","enu",9,"neuron death",0.0598805826765445,14.5,15.8333333333333,0.779865075901566,1,NA,"GO:0070997"
"1790","enu",9,"neuron projection organization",-0.483879949507448,3.5,4.33333333333333,0.805973432133852,1,NA,"GO:0106027"
"1791","enu",9,"neurotrophin signaling pathway",-0.382593278194572,1.66666666666667,2,0.960013533938732,1,NA,"GO:0038179"
"1792","enu",9,"non-membrane-bounded organelle assembly",-0.198291548046401,14.3333333333333,17.1666666666667,0.0822618705369315,0.362545206187446,NA,"GO:0140694"
"1793","enu",9,"nonribosomal peptide biosynthetic process",-0.888132090837504,0.166666666666667,0.666666666666667,0.78686826843185,1,NA,"GO:0019184"
"1794","enu",9,"nuclear chromosome segregation",-0.22180346065924,10.6666666666667,14.3333333333333,0.103429377572963,0.400663317005943,NA,"GO:0098813"
"1795","enu",9,"nuclear envelope organization",-0.0555172873744972,2.5,2.16666666666667,0.89510069260745,1,NA,"GO:0006998"
"1796","enu",9,"nuclear transport",0.210531504151366,11.6666666666667,15.6666666666667,0.0880010496556604,0.362545206187446,NA,"GO:0051169"
"1797","enu",9,"nuclear-transcribed mRNA catabolic process",0.0187226542511773,4.66666666666667,5.83333333333333,0.573303611309979,0.985983366002939,NA,"GO:0000956"
"1798","enu",9,"nucleic acid transport",-0.0922268447542113,5.83333333333333,7,0.440454788570819,0.821221778690453,NA,"GO:0050657"
"1799","enu",9,"nucleocytoplasmic transport",-0.151513854150619,11.6666666666667,15.6666666666667,0.0880010496556604,0.362545206187446,NA,"GO:0006913"
"1800","enu",9,"nucleotide catabolic process",-0.369377828690766,3.16666666666667,3,0.799680103835195,1,NA,"GO:0009166"
"1801","enu",9,"nucleus organization",-0.177218701833056,4.16666666666667,6,0.421832060695577,0.821221778690453,NA,"GO:0006997"
"1802","enu",9,"oligosaccharide-lipid intermediate biosynthetic process",0.416785357504043,0.666666666666667,0.5,0.894247390639752,1,NA,"GO:0006490"
"1803","enu",9,"one-carbon metabolic process",0.156801702322849,1.5,0.666666666666667,0.835462629369854,1,NA,"GO:0006730"
"1804","enu",9,"organelle fission",-0.227144296228295,15.1666666666667,20.3333333333333,0.00574183527366161,0.127277348566166,NA,"GO:0048285"
"1805","enu",9,"organelle fusion",-0.333936570910755,3.5,5.83333333333333,0.0185443353327417,0.215513703383725,NA,"GO:0048284"
"1806","enu",9,"organelle inheritance",-0.512758438582032,0.833333333333333,0.333333333333333,0.763405199388044,1,NA,"GO:0048308"
"1807","enu",9,"organelle localization by membrane tethering",0.0847667258390622,3.33333333333333,3.5,0.371213199902537,0.769337788236074,NA,"GO:0140056"
"1808","enu",9,"organophosphate catabolic process",-0.0164956424862546,5.83333333333333,6.16666666666667,0.967837857936842,1,NA,"GO:0046434"
"1809","enu",9,"organophosphate ester transport",-0.174988322895906,5.83333333333333,6.16666666666667,0.342844192759043,0.747512748146766,NA,"GO:0015748"
"1810","enu",9,"ossification",-0.135748819348036,17.3333333333333,24,0.00455971750137798,0.107019251944107,NA,"GO:0001503"
"1811","enu",9,"osteoblast differentiation",0.213610076528693,11.5,14.5,0.274682178013521,0.659494445864685,NA,"GO:0001649"
"1812","enu",9,"oxidative phosphorylation",-0.318665377042159,4.16666666666667,4.66666666666667,0.967172897221921,1,NA,"GO:0006119"
"1813","enu",9,"pentose-phosphate shunt",0.102404399574826,0.5,0.666666666666667,0.981952370813917,1,NA,"GO:0006098"
"1814","enu",9,"peptidyl-lysine modification",-0.542402672913897,12,17,0.0214725188686074,0.215513703383725,NA,"GO:0018205"
"1815","enu",9,"pericardium development",-0.656754060547012,1.16666666666667,1.16666666666667,0.136927305905711,0.46695722270409,NA,"GO:0060039"
"1816","enu",9,"peroxisome organization",-0.361090314859746,2,1.16666666666667,0.823924938336264,1,NA,"GO:0007031"
"1817","enu",9,"phospholipid biosynthetic process",0.0533900277119108,8.5,11.5,0.0434325139752396,0.283133089627558,NA,"GO:0008654"
"1818","enu",9,"pigment accumulation",0.115442012892645,0.833333333333333,0.333333333333333,0.657099661093856,1,NA,"GO:0043476"
"1819","enu",9,"pigmentation",0.157509416806231,4.5,5,0.636198486255023,1,NA,"GO:0043473"
"1820","enu",9,"pinocytosis",-0.62885740490938,1.16666666666667,1.16666666666667,0.999561828006167,1,NA,"GO:0006907"
"1821","enu",9,"placenta development",0.235192386327265,8.16666666666667,7.83333333333333,0.946683161018291,1,NA,"GO:0001890"
"1822","enu",9,"plasma membrane tubulation",-0.576895557049537,1.33333333333333,1.16666666666667,0.996155832781592,1,NA,"GO:0097320"
"1823","enu",9,"platelet-derived growth factor receptor signaling pathway",0.08862340832571,3.33333333333333,4.5,0.736996177591181,1,NA,"GO:0048008"
"1824","enu",9,"polyamine biosynthetic process",-0.401108661648409,0.166666666666667,0.333333333333333,0.955002772020777,1,NA,"GO:0006596"
"1825","enu",9,"polyamine metabolic process",-0.429513708851031,0.166666666666667,0.333333333333333,0.955934566969886,1,NA,"GO:0006595"
"1826","enu",9,"polyol metabolic process",-0.0938750099668317,3.66666666666667,4.16666666666667,0.685511964665715,1,NA,"GO:0019751"
"1827","enu",9,"positive regulation by host of viral process",-1.10070896646431,0.333333333333333,1,0.713549462757455,1,NA,"GO:0044794"
"1828","enu",9,"positive regulation of GTPase activity",-0.307642867521413,8.83333333333333,13.3333333333333,0.0311381602898707,0.255959835189506,NA,"GO:0043547"
"1829","enu",9,"positive regulation of amide metabolic process",-0.373357671202637,4.16666666666667,8.33333333333333,0.00284873831172991,0.107019251944107,NA,"GO:0034250"
"1830","enu",9,"positive regulation of axonogenesis",0.629320547784205,4.33333333333333,4.5,0.999458237640683,1,NA,"GO:0050772"
"1831","enu",9,"positive regulation of cell projection organization",0.0421657770449222,15,18.1666666666667,0.666902919239017,1,NA,"GO:0031346"
"1832","enu",9,"positive regulation of cellular component biogenesis",0.0674023670357281,20.5,25.1666666666667,0.0862883738586427,0.362545206187446,NA,"GO:0044089"
"1833","enu",9,"positive regulation of epithelial to mesenchymal transition",-0.326171754854734,2.66666666666667,4.16666666666667,0.0875591061172494,0.362545206187446,NA,"GO:0010718"
"1834","enu",9,"positive regulation of establishment of protein localization",-0.156088999996203,10.1666666666667,14.5,0.0195774767012244,0.215513703383725,NA,"GO:1904951"
"1835","enu",9,"positive regulation of kinase activity",0.020000191927743,17.1666666666667,21.1666666666667,0.0616230450450335,0.336816369492718,NA,"GO:0033674"
"1836","enu",9,"positive regulation of microtubule polymerization",-0.668070505209257,1.5,1.5,0.836467672006461,1,NA,"GO:0031116"
"1837","enu",9,"positive regulation of nervous system development",-0.0673064233213957,12.3333333333333,13.6666666666667,0.203613096919125,0.59300456693964,NA,"GO:0051962"
"1838","enu",9,"positive regulation of neurogenesis",-0.348726257292248,10.3333333333333,12,0.402358381741581,0.806127218858569,NA,"GO:0050769"
"1839","enu",9,"positive regulation of neuron migration",0.109947813776944,0.666666666666667,0.833333333333333,0.999979412240484,1,NA,"GO:2001224"
"1840","enu",9,"positive regulation of protein localization",-0.311716865215441,15.5,22,0.00145747894326381,0.0726917622952824,NA,"GO:1903829"
"1841","enu",9,"positive regulation of stem cell population maintenance",-0.114311616060545,2.33333333333333,2.16666666666667,0.793394474513941,1,NA,"GO:1902459"
"1842","enu",9,"positive regulation of viral process",-0.255842592093552,2.83333333333333,3,0.97156727140436,1,NA,"GO:0048524"
"1843","enu",9,"postsynapse organization",0.182732164659587,6.83333333333333,9.5,0.250090383490478,0.644574360784946,NA,"GO:0099173"
"1844","enu",9,"proteasome-mediated ubiquitin-dependent protein catabolic process",-0.177673960576907,12.8333333333333,19,0.000711378775416287,0.0473066885651831,"*","GO:0043161"
"1845","enu",9,"protein autophosphorylation",0.0763748475892236,8.83333333333333,12,0.0570406516776291,0.333515598744577,NA,"GO:0046777"
"1846","enu",9,"protein folding",-0.0949227337153045,5.83333333333333,8,0.16104116771727,0.522401836741387,NA,"GO:0006457"
"1847","enu",9,"protein glycosylation",-0.558920905870179,6,9.66666666666667,0.0103751934741214,0.179987052007584,NA,"GO:0006486"
"1848","enu",9,"protein lipidation",0.0808151123884431,2.5,3.5,0.816704670143532,1,NA,"GO:0006497"
"1849","enu",9,"protein localization to nucleus",-0.193047499955812,11,14.8333333333333,0.05734409715673,0.333515598744577,NA,"GO:0034504"
"1850","enu",9,"protein neddylation",0.332894934548051,1.33333333333333,1.5,0.7472852994141,1,NA,"GO:0045116"
"1851","enu",9,"protein polyubiquitination",-0.186189192680244,6.83333333333333,10,0.0231620421566241,0.215513703383725,NA,"GO:0000209"
"1852","enu",9,"protein targeting",-0.33708149348899,9,14.3333333333333,0.00871794879656538,0.165641027134742,NA,"GO:0006605"
"1853","enu",9,"protein transport to vacuole involved in ubiquitin-dependent protein catabolic process via the multivesicular body sorting pathway",0.250116081612271,0.666666666666667,0.333333333333333,0.975860566457495,1,NA,"GO:0043328"
"1854","enu",9,"protein-DNA complex subunit organization",0.0367591770497831,8.83333333333333,8.66666666666667,0.284936991324461,0.672721062357751,NA,"GO:0071824"
"1855","enu",9,"protein-containing complex localization",-0.0157824613064829,5.66666666666667,7.66666666666667,0.244326406831553,0.644574360784946,NA,"GO:0031503"
"1856","enu",9,"proton motive force-driven ATP synthesis",-0.178631494217994,2.33333333333333,2,0.551788846638161,0.969362454741448,NA,"GO:0015986"
"1857","enu",9,"proton transmembrane transport",-0.319592159513362,3,4.5,0.504867169403209,0.905545042191164,NA,"GO:1902600"
"1858","enu",9,"pteridine-containing compound metabolic process",-0.515697921226072,0.666666666666667,1.16666666666667,0.762918447313716,1,NA,"GO:0042558"
"1859","enu",9,"quinone biosynthetic process",-0.493178738233043,0.333333333333333,0.5,0.999917269137241,1,NA,"GO:1901663"
"1860","enu",9,"rRNA metabolic process",0.196727672406087,10,10.6666666666667,0.981236178937169,1,NA,"GO:0016072"
"1861","enu",9,"receptor metabolic process",-0.082254010760135,3.83333333333333,3.16666666666667,0.434730382321291,0.821221778690453,NA,"GO:0043112"
"1862","enu",9,"regulation of ATP metabolic process",0.0273275982736526,2.33333333333333,3.33333333333333,0.245837234531979,0.644574360784946,NA,"GO:1903578"
"1863","enu",9,"regulation of ATP-dependent activity",-0.506944750628662,2.16666666666667,2.5,0.81017037632747,1,NA,"GO:0043462"
"1864","enu",9,"regulation of DNA repair",-0.0742031389037646,9.66666666666667,10.5,0.00451492500289028,0.107019251944107,NA,"GO:0006282"
"1865","enu",9,"regulation of DNA replication",-0.0390393899813069,4.66666666666667,6.83333333333333,0.341129948410845,0.747512748146766,NA,"GO:0006275"
"1866","enu",9,"regulation of G0 to G1 transition",-0.896169979192393,2,2,0.835179954244607,1,NA,"GO:0070316"
"1867","enu",9,"regulation of GTPase activity",0.128976349142458,13,18,0.0235056484626211,0.215513703383725,NA,"GO:0043087"
"1868","enu",9,"regulation of Golgi organization",0.368267048529736,0.666666666666667,0.5,0.98121340492477,1,NA,"GO:1903358"
"1869","enu",9,"regulation of actin filament organization",-0.0299755414898548,12,15,0.0625347743644652,0.337180742857049,NA,"GO:0110053"
"1870","enu",9,"regulation of actin filament-based process",-0.0301828479812019,16.5,21,0.0199902196372651,0.215513703383725,NA,"GO:0032970"
"1871","enu",9,"regulation of anatomical structure size",0.0434288424617298,19.5,24.3333333333333,0.00655199157793248,0.137591823136582,NA,"GO:0090066"
"1872","enu",9,"regulation of apoptotic signaling pathway",-0.0410333308447848,13.8333333333333,18.3333333333333,0.110366319055659,0.423424627915462,NA,"GO:2001233"
"1873","enu",9,"regulation of autophagosome maturation",-1.22497215552803,0.166666666666667,0.666666666666667,0.971949216957824,1,NA,"GO:1901096"
"1874","enu",9,"regulation of autophagy",-0.0221224908152252,11.3333333333333,16.5,0.0135497672585096,0.198123176406987,NA,"GO:0010506"
"1875","enu",9,"regulation of binding",0.313921552320417,13.5,18.3333333333333,0.0292087366498882,0.247963530283093,NA,"GO:0051098"
"1876","enu",9,"regulation of carbohydrate metabolic process",-0.273852429684471,6.16666666666667,8.16666666666667,0.360334516672969,0.764752511449546,NA,"GO:0006109"
"1877","enu",9,"regulation of cell cycle phase transition",0.103426118112041,17.8333333333333,20.5,0.235985891336544,0.634002819593815,NA,"GO:1901987"
"1878","enu",9,"regulation of cell division",0.207987707003487,7.66666666666667,8,0.328361340911504,0.723846270849117,NA,"GO:0051302"
"1879","enu",9,"regulation of cell growth",0.19174395827931,18.3333333333333,22.5,0.112031175181774,0.424356779457484,NA,"GO:0001558"
"1880","enu",9,"regulation of cell morphogenesis",0.0180639874328497,12,14.8333333333333,0.159364479026005,0.521200222388327,NA,"GO:0022604"
"1881","enu",9,"regulation of cell-substrate adhesion",0.324758689374947,13.3333333333333,14.8333333333333,0.349896576842124,0.75160678345714,NA,"GO:0010810"
"1882","enu",9,"regulation of cell-substrate junction assembly",-0.297103873474527,4.5,5.33333333333333,0.211570096023973,0.604084610035401,NA,"GO:0090109"
"1883","enu",9,"regulation of cell-substrate junction organization",-0.34125733184986,5,5.66666666666667,0.312739577467843,0.713046236626683,NA,"GO:0150116"
"1884","enu",9,"regulation of cellular component size",0.12236988464581,14.6666666666667,18.6666666666667,0.0917236745159497,0.368184708396851,NA,"GO:0032535"
"1885","enu",9,"regulation of chromosome organization",-0.427895785262584,7.33333333333333,12.1666666666667,0.0125104839766749,0.198123176406987,NA,"GO:0033044"
"1886","enu",9,"regulation of chromosome segregation",0.0812119858124548,4.66666666666667,5.83333333333333,0.189084705515231,0.571551496216495,NA,"GO:0051983"
"1887","enu",9,"regulation of circadian rhythm",-0.1149483646898,3.83333333333333,4.66666666666667,0.0822607933175891,0.362545206187446,NA,"GO:0042752"
"1888","enu",9,"regulation of cysteine-type endopeptidase activity involved in apoptotic process",0.139511572109711,7,9,0.01928585578249,0.215513703383725,NA,"GO:0043281"
"1889","enu",9,"regulation of cytokinesis",-0.232719108768978,3.66666666666667,4,0.295676722339179,0.689912352124751,NA,"GO:0032465"
"1890","enu",9,"regulation of embryonic development",-0.168299199637086,3,4.16666666666667,0.437118764307521,0.821221778690453,NA,"GO:0045995"
"1891","enu",9,"regulation of establishment of cell polarity",-0.207463052547346,2,1.33333333333333,0.897161290502652,1,NA,"GO:2000114"
"1892","enu",9,"regulation of extracellular matrix organization",0.189535050644344,5.5,4.33333333333333,0.679940306073965,1,NA,"GO:1903053"
"1893","enu",9,"regulation of fibroblast migration",0.157467940815125,2.33333333333333,2.66666666666667,0.227474036961434,0.621658498271316,NA,"GO:0010762"
"1894","enu",9,"regulation of fibroblast proliferation",-0.438749602394227,5.33333333333333,6,0.5510194930963,0.969362454741448,NA,"GO:0048145"
"1895","enu",9,"regulation of focal adhesion assembly",0.241864322558956,4.5,5.33333333333333,0.211570096023973,0.604084610035401,NA,"GO:0051893"
"1896","enu",9,"regulation of generation of precursor metabolites and energy",-0.178858904766906,3.16666666666667,5.5,0.099395909638611,0.392663048968374,NA,"GO:0043467"
"1897","enu",9,"regulation of glucose metabolic process",-0.258573531598615,2.66666666666667,4.5,0.0441385366689415,0.283133089627558,NA,"GO:0010906"
"1898","enu",9,"regulation of interferon-beta production",-0.38722694123462,1.66666666666667,2.66666666666667,0.323904140044014,0.717987510430899,NA,"GO:0032648"
"1899","enu",9,"regulation of intracellular protein transport",-0.305505694911699,7.5,11.1666666666667,0.013381986623276,0.198123176406987,NA,"GO:0033157"
"1900","enu",9,"regulation of intracellular steroid hormone receptor signaling pathway",-0.229925291847629,2.5,3.5,0.499090381413089,0.901992812416848,NA,"GO:0033143"
"1901","enu",9,"regulation of intracellular transport",-0.3183642834791,11.8333333333333,15.8333333333333,0.0230853531159323,0.215513703383725,NA,"GO:0032386"
"1902","enu",9,"regulation of ketone biosynthetic process",0.195585128959799,1.66666666666667,1,0.864056977503315,1,NA,"GO:0010566"
"1903","enu",9,"regulation of ligase activity",-0.327824265204002,1,0.333333333333333,0.272538699133445,0.659494445864685,NA,"GO:0051340"
"1904","enu",9,"regulation of membrane permeability",-0.571786155837974,1.33333333333333,3.16666666666667,0.0237659221776538,0.215513703383725,NA,"GO:0090559"
"1905","enu",9,"regulation of microtubule cytoskeleton organization",0.0929338668122706,5.83333333333333,6.66666666666667,0.438665890831063,0.821221778690453,NA,"GO:0070507"
"1906","enu",9,"regulation of microtubule depolymerization",-0.368466119152085,1,1.5,0.892610706695364,1,NA,"GO:0031114"
"1907","enu",9,"regulation of microtubule-based process",-0.354927963223219,8.5,10.1666666666667,0.374866926512911,0.769337788236074,NA,"GO:0032886"
"1908","enu",9,"regulation of mitochondrial fission",-0.268121916014372,1.33333333333333,1.33333333333333,0.973964351997379,1,NA,"GO:0090140"
"1909","enu",9,"regulation of mitochondrial membrane permeability",-0.571649889758947,1.33333333333333,2.66666666666667,0.124515701192293,0.435804954173026,NA,"GO:0046902"
"1910","enu",9,"regulation of mitochondrial membrane potential",0.00574211355424892,2.16666666666667,2.66666666666667,0.43595006548617,0.821221778690453,NA,"GO:0051881"
"1911","enu",9,"regulation of ncRNA transcription",-0.254873433392788,0.833333333333333,1.16666666666667,0.806920142611895,1,NA,"GO:0140747"
"1912","enu",9,"regulation of neuron apoptotic process",0.287345928417259,9.83333333333333,9.16666666666667,0.952817685009326,1,NA,"GO:0043523"
"1913","enu",9,"regulation of neuron death",0.303161192834837,13.5,14,0.885345889036841,1,NA,"GO:1901214"
"1914","enu",9,"regulation of neuron projection development",0.276587513711744,19,21.6666666666667,0.430068159244505,0.821221778690453,NA,"GO:0010975"
"1915","enu",9,"regulation of pinocytosis",-0.68199309019159,0.666666666666667,0.5,0.999993500522624,1,NA,"GO:0048548"
"1916","enu",9,"regulation of plasma membrane bounded cell projection assembly",-0.386632563256122,5.83333333333333,9.33333333333333,0.0831895941631333,0.362545206187446,NA,"GO:0120032"
"1917","enu",9,"regulation of protein catabolic process",0.039210682060927,12.8333333333333,16.8333333333333,0.0321866137644341,0.255959835189506,NA,"GO:0042176"
"1918","enu",9,"regulation of protein dephosphorylation",0.654997002235469,4.33333333333333,4.33333333333333,0.928256417294103,1,NA,"GO:0035304"
"1919","enu",9,"regulation of protein modification by small protein conjugation or removal",-0.362897289309082,8,11,0.0275488529920086,0.238956355300249,NA,"GO:1903320"
"1920","enu",9,"regulation of protein stability",0.0633591048151765,12.6666666666667,14.5,0.311583621474363,0.713046236626683,NA,"GO:0031647"
"1921","enu",9,"regulation of protein-containing complex assembly",0.0592430090117851,15,19.5,0.0581143356973652,0.333515598744577,NA,"GO:0043254"
"1922","enu",9,"regulation of response to DNA damage stimulus",-0.395612879830332,13,16,0.000615511959197672,0.0473066885651831,"*","GO:2001020"
"1923","enu",9,"regulation of small molecule metabolic process",-0.258133091936343,11.5,14.5,0.460566960340175,0.852016292760568,NA,"GO:0062012"
"1924","enu",9,"regulation of stem cell differentiation",-0.665679317577406,2.5,4.5,0.272734289794951,0.659494445864685,NA,"GO:2000736"
"1925","enu",9,"regulation of steroid hormone biosynthetic process",-0.217543305392092,1,1.16666666666667,0.863656858828975,1,NA,"GO:0090030"
"1926","enu",9,"regulation of supramolecular fiber organization",-0.0119775929021561,15.1666666666667,20,0.00342416172562703,0.107019251944107,NA,"GO:1902903"
"1927","enu",9,"regulation of translational fidelity",-0.733273872107608,0,0.333333333333333,0.99408544458154,1,NA,"GO:0006450"
"1928","enu",9,"regulation of type I interferon-mediated signaling pathway",-0.27494403976495,1,2,0.401625872072125,0.806127218858569,NA,"GO:0060338"
"1929","enu",9,"regulation of ubiquitin-protein transferase activity",0.266598440696816,2.16666666666667,2.33333333333333,0.722436169942004,1,NA,"GO:0051438"
"1930","enu",9,"regulation of vacuole organization",0.427516694337606,2.33333333333333,2.16666666666667,0.999141789937397,1,NA,"GO:0044088"
"1931","enu",9,"release of cytochrome c from mitochondria",-0.465731542660516,1.33333333333333,2.33333333333333,0.551748906999645,0.969362454741448,NA,"GO:0001836"
"1932","enu",9,"renal system development",-0.0167923396720578,14.5,19.5,0.0125891083382485,0.198123176406987,NA,"GO:0072001"
"1933","enu",9,"respiratory system development",-0.462639090253843,8.16666666666667,12.5,2.59356794734616e-05,0.00517416805495559,"**","GO:0060541"
"1934","enu",9,"respiratory tube development",-0.733864644412657,7.66666666666667,11.3333333333333,6.63986142942181e-05,0.00789483926395856,"**","GO:0030323"
"1935","enu",9,"response to UV",-0.261251425844981,4.83333333333333,7.66666666666667,0.0272960560312663,0.238956355300249,NA,"GO:0009411"
"1936","enu",9,"response to acid chemical",-0.195580013127343,5,8.33333333333333,0.0535925766712442,0.323991486239795,NA,"GO:0001101"
"1937","enu",9,"response to amino acid",-0.13297942592361,5,7.33333333333333,0.31642853393504,0.715590251974802,NA,"GO:0043200"
"1938","enu",9,"response to amino acid starvation",-0.0670957525998889,1.66666666666667,2.5,0.374825319921557,0.769337788236074,NA,"GO:1990928"
"1939","enu",9,"response to arsenic-containing substance",0.180055235817218,1.33333333333333,1.5,0.897727586832563,1,NA,"GO:0046685"
"1940","enu",9,"response to endoplasmic reticulum stress",-0.0645336838604686,8,11.6666666666667,0.034783873280638,0.264101914998284,NA,"GO:0034976"
"1941","enu",9,"response to fluid shear stress",-0.446712488922148,2.16666666666667,2.5,0.999260738480984,1,NA,"GO:0034405"
"1942","enu",9,"response to insulin",-0.399424932841654,10.3333333333333,13,0.0478435116196496,0.293685555942157,NA,"GO:0032868"
"1943","enu",9,"response to ionizing radiation",-0.0749217230504114,6.33333333333333,7,0.758206692033334,1,NA,"GO:0010212"
"1944","enu",9,"response to oxidative stress",-0.581283587699567,11.1666666666667,20.5,7.70516440119062e-07,0.000307436059607506,"***","GO:0006979"
"1945","enu",9,"response to oxygen levels",-0.130664689765714,14.5,18.6666666666667,0.0399365041760884,0.283133089627558,NA,"GO:0070482"
"1946","enu",9,"response to reactive oxygen species",-0.237382540630533,6.5,10.3333333333333,0.0148964794290968,0.198123176406987,NA,"GO:0000302"
"1947","enu",9,"response to sterol depletion",-0.513003300036826,0.5,0.833333333333333,0.926535424246037,1,NA,"GO:0006991"
"1948","enu",9,"response to topologically incorrect protein",0.0641231043909934,5.16666666666667,7,0.0711042417604526,0.350254227931119,NA,"GO:0035966"
"1949","enu",9,"response to transforming growth factor beta",0.10769627885071,14,17.6666666666667,0.0219924292632297,0.215513703383725,NA,"GO:0071559"
"1950","enu",9,"response to virus",-0.159411608353358,14.8333333333333,17.3333333333333,0.0864781089521641,0.362545206187446,NA,"GO:0009615"
"1951","enu",9,"rhythmic process",-0.125664976460148,10.6666666666667,12.8333333333333,0.213111367062602,0.604084610035401,NA,"GO:0048511"
"1952","enu",9,"ribonucleoprotein complex assembly",0.120537300405641,6,8,0.347467370787184,0.75160678345714,NA,"GO:0022618"
"1953","enu",9,"ribonucleoprotein complex subunit organization",0.0482977439782509,6.33333333333333,8.33333333333333,0.436078861578255,0.821221778690453,NA,"GO:0071826"
"1954","enu",9,"ribonucleotide metabolic process",0.035816632472591,13.6666666666667,17.5,0.192959779735068,0.573398065357802,NA,"GO:0009259"
"1955","enu",9,"ribose phosphate metabolic process",-0.0819859873340471,14.1666666666667,17.6666666666667,0.259916358375196,0.652455185302666,NA,"GO:0019693"
"1956","enu",9,"ribosomal subunit export from nucleus",0.0394384413445858,0.666666666666667,0.333333333333333,0.839704127535779,1,NA,"GO:0000054"
"1957","enu",9,"ribosome assembly",-0.508115696686176,1.66666666666667,2.16666666666667,0.491936493272957,0.896267857606894,NA,"GO:0042255"
"1958","enu",9,"ribosome biogenesis",0.347658928228514,11.1666666666667,11.5,0.771606249108825,1,NA,"GO:0042254"
"1959","enu",9,"ribosome localization",-0.000548470781264854,0.666666666666667,0.333333333333333,0.839704127535779,1,NA,"GO:0033750"
"1960","enu",9,"roof of mouth development",-0.25593584803185,4,5.83333333333333,0.323875347929961,0.717987510430899,NA,"GO:0060021"
"1961","enu",9,"semaphorin-plexin signaling pathway involved in neuron projection guidance",-0.444356240147974,1.16666666666667,1.16666666666667,0.912123465191959,1,NA,"GO:1902285"
"1962","enu",9,"seminiferous tubule development",0.186147157917798,0.666666666666667,0.5,0.983701563360777,1,NA,"GO:0072520"
"1963","enu",9,"signal peptide processing",0.213554580766048,0.166666666666667,0.166666666666667,0.987802901085075,1,NA,"GO:0006465"
"1964","enu",9,"signal transduction in response to DNA damage",0.21093554505079,8.16666666666667,10,0.0454148314189566,0.283133089627558,NA,"GO:0042770"
"1965","enu",9,"sister chromatid segregation",-0.0532359576806523,8.83333333333333,11.6666666666667,0.122142689709854,0.433750518624057,NA,"GO:0000819"
"1966","enu",9,"small molecule catabolic process",0.110153450324823,12.1666666666667,13.8333333333333,0.849963425097978,1,NA,"GO:0044282"
"1967","enu",9,"smoothened signaling pathway involved in dorsal/ventral neural tube patterning",-0.570500195080141,0.5,0.333333333333333,0.725100904702898,1,NA,"GO:0060831"
"1968","enu",9,"sphingomyelin biosynthetic process",-0.309866483673847,0.333333333333333,0.166666666666667,0.964701842195397,1,NA,"GO:0006686"
"1969","enu",9,"spindle localization",0.0791810024247198,2.16666666666667,2.66666666666667,0.772400949034947,1,NA,"GO:0051653"
"1970","enu",9,"stem cell differentiation",-0.240212581416616,10,13.6666666666667,0.138870497129872,0.469570579278127,NA,"GO:0048863"
"1971","enu",9,"stem cell population maintenance",-0.370330377531225,7.16666666666667,9.66666666666667,0.169162001435565,0.535679671212622,NA,"GO:0019827"
"1972","enu",9,"sterol biosynthetic process",-0.7252623910501,1.5,2.33333333333333,0.553921402709399,0.969362454741448,NA,"GO:0016126"
"1973","enu",9,"stress granule assembly",-0.808157388383101,1,1.33333333333333,0.770832681396816,1,NA,"GO:0034063"
"1974","enu",9,"substantia nigra development",-0.0305396220328126,2,1.83333333333333,0.774944751154624,1,NA,"GO:0021762"
"1975","enu",9,"substrate adhesion-dependent cell spreading",0.541189006699759,8.33333333333333,7.16666666666667,0.434003908246256,0.821221778690453,NA,"GO:0034446"
"1976","enu",9,"sulfur compound metabolic process",-0.0533807925511535,11.3333333333333,12.6666666666667,0.885113012040389,1,NA,"GO:0006790"
"1977","enu",9,"suppression of viral release by host",-0.662741508756289,0.333333333333333,0.666666666666667,0.996222815914807,1,NA,"GO:0044790"
"1978","enu",9,"synaptic vesicle lumen acidification",-0.885685382288447,0.5,0.5,0.998183204210164,1,NA,"GO:0097401"
"1979","enu",9,"telomerase RNA localization to Cajal body",0.00407116132400398,0.666666666666667,0.333333333333333,0.974087353080323,1,NA,"GO:0090671"
"1980","enu",9,"telomere maintenance",-0.385625167953785,6,7.16666666666667,0.786646819210042,1,NA,"GO:0000723"
"1981","enu",9,"telomere organization",-0.201756465795898,6.66666666666667,7.83333333333333,0.728699628955479,1,NA,"GO:0032200"
"1982","enu",9,"toxin transport",-0.0848605459598891,1.66666666666667,1.66666666666667,0.970107963751237,1,NA,"GO:1901998"
"1983","enu",9,"trabecula morphogenesis",-0.50981739934672,2.66666666666667,3.33333333333333,0.220279363426471,0.606148041428703,NA,"GO:0061383"
"1984","enu",9,"tube closure",0.131720711064971,4.33333333333333,5.16666666666667,0.641294301258658,1,NA,"GO:0060606"
"1985","enu",9,"ubiquinone biosynthetic process",-0.343058640792404,0.333333333333333,0.5,0.999917269137241,1,NA,"GO:0006744"
"1986","enu",9,"ubiquinone metabolic process",0.207032826232395,0.5,0.666666666666667,0.999900761118496,1,NA,"GO:0006743"
"1987","enu",9,"vacuolar acidification",-0.0628269468516882,1.5,1.16666666666667,0.860450586397516,1,NA,"GO:0007035"
"1988","enu",9,"vacuolar transport",0.599888563473071,6.83333333333333,8,0.40407379391407,0.806127218858569,NA,"GO:0007034"
"1989","enu",9,"vacuole organization",-0.359264575767065,6.33333333333333,9.83333333333333,0.0585115085516801,0.333515598744577,NA,"GO:0007033"
"1990","enu",9,"vasculogenesis",-0.196310839194576,4.33333333333333,5.16666666666667,0.50610662759055,0.905545042191164,NA,"GO:0001570"
"1991","enu",9,"vesicle localization",-0.185295488634922,7.5,9,0.739050859153845,1,NA,"GO:0051648"
"1992","enu",9,"vesicle organization",0.231800085533492,14.1666666666667,15.8333333333333,0.428662019478089,0.821221778690453,NA,"GO:0016050"
"1993","enu",9,"viral process",-0.1748681578,12.8333333333333,18.3333333333333,0.0206984891900631,0.215513703383725,NA,"GO:0016032"
"1994","enu",9,"viral release from host cell",0.0434417324220903,0.833333333333333,1,0.991327771325025,1,NA,"GO:0019076"
"1995","enu",9,"water-soluble vitamin metabolic process",-0.470078793793119,1.83333333333333,2.66666666666667,0.878397524077275,1,NA,"GO:0006767"
