"","x"
"1",7105
"2",8813
"3",57147
"4",55732
"5",3075
"6",2519
"7",2729
"8",4800
"9",90529
"10",57185
"11",81887
"12",6405
"13",1080
"14",54467
"15",1595
"16",889
"17",5893
"18",572
"19",51056
"20",4267
"21",51384
"22",23072
"23",8379
"24",3927
"25",29916
"26",55365
"27",4074
"28",90293
"29",56603
"30",79007
"31",57679
"32",843
"33",8837
"34",7035
"35",55471
"36",10181
"37",9108
"38",6542
"39",381
"40",23098
"41",26073
"42",23129
"43",204
"44",2288
"45",23028
"46",10180
"47",84254
"48",5965
"49",55610
"50",126393
"51",115703
"52",4706
"53",51364
"54",10165
"55",93655
"56",996
"57",3052
"58",1856
"59",5976
"60",8935
"61",292
"62",55013
"63",5439
"64",56919
"65",3980
"66",79657
"67",6296
"68",81691
"69",57019
"70",56928
"71",80256
"72",51226
"73",5577
"74",10943
"75",1387
"76",9256
"77",6936
"78",84058
"79",54677
"80",55904
"81",57414
"82",25998
"83",7748
"84",23077
"85",26224
"86",5164
"87",3675
"88",7543
"89",3920
"90",3674
"91",51573
"92",55049
"93",9244
"94",114881
"95",26022
"96",9020
"97",54972
"98",163
"99",10127
"100",64847
"101",51330
"102",5898
"103",55971
"104",80853
"105",2115
"106",55750
"107",221
"108",57157
"109",10344
"110",9855
"111",79017
"112",10926
"113",6915
"114",3475
"115",1352
"116",9569
"117",54623
"118",27072
"119",9912
"120",60528
"121",85477
"122",414
"123",8228
"124",8735
"125",79602
"126",51265
"127",57787
"128",8842
"129",115098
"130",5048
"131",9703
"132",8522
"133",79090
"134",54879
"135",113000
"136",64285
"137",55692
"138",9254
"139",8938
"140",115939
"141",9091
"142",57585
"143",7005
"144",55735
"145",2328
"146",29116
"147",5689
"148",6853
"149",3720
"150",6792
"151",728642
"152",65220
"153",9265
"154",6856
"155",1534
"156",9043
"157",1951
"158",10157
"159",55200
"160",51188
"161",84954
"162",4257
"163",1407
"164",4784
"165",6482
"166",64386
"167",9235
"168",5310
"169",23542
"170",9862
"171",23221
"172",54497
"173",7095
"174",6224
"175",7812
"176",9690
"177",5980
"178",10178
"179",10747
"180",199870
"181",29954
"182",51534
"183",9031
"184",10048
"185",51513
"186",83932
"187",51603
"188",8798
"189",7756
"190",7384
"191",83930
"192",928
"193",9918
"194",25900
"195",2696
"196",51533
"197",11188
"198",80199
"199",3423
"200",5646
"201",7752
"202",920
"203",10233
"204",3077
"205",22955
"206",2534
"207",3097
"208",6924
"209",11313
"210",1185
"211",9902
"212",654364
"213",10867
"214",55727
"215",9546
"216",54903
"217",51099
"218",26993
"219",54799
"220",51096
"221",54476
"222",54902
"223",5725
"224",8193
"225",23395
"226",5286
"227",5329
"228",54443
"229",58525
"230",23637
"231",1634
"232",54814
"233",5536
"234",23177
"235",8491
"236",57146
"237",672
"238",2067
"239",7869
"240",51360
"241",4007
"242",4057
"243",2137
"244",60481
"245",57658
"246",55148
"247",11183
"248",30845
"249",5704
"250",23324
"251",57709
"252",5010
"253",51629
"254",9961
"255",51667
"256",5238
"257",112611
"258",1195
"259",55703
"260",23357
"261",9604
"262",1774
"263",1663
"264",50865
"265",9052
"266",10046
"267",10460
"268",23376
"269",23649
"270",23144
"271",823
"272",55
"273",4190
"274",10463
"275",10903
"276",1355
"277",10138
"278",10771
"279",637
"280",9782
"281",29881
"282",64132
"283",727851
"284",23386
"285",55830
"286",27032
"287",92745
"288",10928
"289",22902
"290",1272
"291",6556
"292",25937
"293",8540
"294",63932
"295",477
"296",55622
"297",147948
"298",23187
"299",56981
"300",6591
"301",972
"302",3082
"303",54764
"304",23154
"305",25960
"306",55734
"307",4331
"308",23034
"309",864
"310",4361
"311",58473
"312",1992
"313",6683
"314",9369
"315",114879
"316",9716
"317",1373
"318",2273
"319",51507
"320",57210
"321",9921
"322",55778
"323",64429
"324",57476
"325",6050
"326",4719
"327",9821
"328",23071
"329",211
"330",330
"331",11215
"332",51022
"333",6617
"334",51071
"335",11171
"336",50619
"337",51177
"338",2730
"339",23304
"340",30846
"341",55635
"342",25901
"343",3298
"344",51230
"345",8630
"346",10062
"347",1890
"348",29781
"349",10953
"350",11231
"351",23633
"352",7431
"353",NA
"354",355
"355",8635
"356",960
"357",3755
"358",56895
"359",11119
"360",4285
"361",5583
"362",3459
"363",11285
"364",7444
"365",7133
"366",55591
"367",5452
"368",65980
"369",6642
"370",9519
"371",56938
"372",9774
"373",55334
"374",286
"375",51106
"376",9135
"377",3149
"378",23279
"379",578
"380",4593
"381",22807
"382",2896
"383",51306
"384",57514
"385",55166
"386",6301
"387",8498
"388",5926
"389",7260
"390",10908
"391",8100
"392",56052
"393",55596
"394",10061
"395",54480
"396",2530
"397",55236
"398",9846
"399",535
"400",8554
"401",9497
"402",321
"403",5606
"404",9168
"405",28990
"406",25897
"407",8504
"408",11345
"409",26751
"410",84908
"411",7414
"412",55789
"413",8439
"414",159
"415",7077
"416",5981
"417",55773
"418",8452
"419",26009
"420",9099
"421",27175
"422",51121
"423",54888
"424",54455
"425",4238
"426",84245
"427",4234
"428",175
"429",55300
"430",259282
"431",27430
"432",23644
"433",7204
"434",1462
"435",23274
"436",4481
"437",23517
"438",1767
"439",9765
"440",79567
"441",729
"442",26064
"443",11284
"444",23035
"445",54908
"446",27067
"447",54896
"448",1497
"449",65078
"450",79142
"451",3631
"452",5874
"453",5685
"454",55341
"455",10039
"456",3371
"457",90326
"458",140876
"459",55775
"460",84883
"461",55812
"462",9440
"463",54884
"464",822
"465",1175
"466",7038
"467",54165
"468",23338
"469",54802
"470",9820
"471",1495
"472",5256
"473",54875
"474",3309
"475",1829
"476",54960
"477",8481
"478",22884
"479",64848
"480",56474
"481",51606
"482",5431
"483",56204
"484",7175
"485",23247
"486",84062
"487",57101
"488",57102
"489",6322
"490",55841
"491",395
"492",4134
"493",57120
"494",57646
"495",9734
"496",26262
"497",51491
"498",57545
"499",50484
"500",168850
"501",92017
"502",55173
"503",2978
"504",51773
"505",55187
"506",10659
"507",23196
"508",23518
"509",1298
"510",4254
"511",1161
"512",11174
"513",9563
"514",9341
"515",8863
"516",4052
"517",5954
"518",2006
"519",5982
"520",57492
"521",81037
"522",23327
"523",89801
"524",3074
"525",79810
"526",51528
"527",27122
"528",9603
"529",63933
"530",51474
"531",25875
"532",9498
"533",5601
"534",9564
"535",84067
"536",9709
"537",9454
"538",5888
"539",10721
"540",5291
"541",1535
"542",84321
"543",23593
"544",10198
"545",54477
"546",80143
"547",23223
"548",57600
"549",6307
"550",55761
"551",1112
"552",8574
"553",51154
"554",4826
"555",55850
"556",83714
"557",3909
"558",55745
"559",29945
"560",27095
"561",9967
"562",29085
"563",51742
"564",23596
"565",10806
"566",5798
"567",55733
"568",23095
"569",2296
"570",25771
"571",23224
"572",10079
"573",25884
"574",23201
"575",84957
"576",2581
"577",51602
"578",26099
"579",3757
"580",8454
"581",10827
"582",26999
"583",23118
"584",116254
"585",5610
"586",57602
"587",58508
"588",23369
"589",84545
"590",54969
"591",51663
"592",55609
"593",7185
"594",54542
"595",55540
"596",10758
"597",8908
"598",131566
"599",6646
"600",2155
"601",2665
"602",639
"603",9474
"604",57095
"605",57504
"606",8975
"607",23200
"608",3918
"609",5218
"610",29927
"611",4659
"612",5923
"613",9696
"614",55718
"615",493
"616",9877
"617",55781
"618",54432
"619",55706
"620",84256
"621",64718
"622",6916
"623",64761
"624",5832
"625",6894
"626",5188
"627",4084
"628",5128
"629",548645
"630",6515
"631",5662
"632",9150
"633",8531
"634",65125
"635",55749
"636",11054
"637",55650
"638",10076
"639",9410
"640",1301
"641",79832
"642",51660
"643",30
"644",586
"645",51564
"646",11178
"647",93166
"648",6676
"649",10787
"650",60488
"651",2983
"652",6433
"653",10188
"654",23041
"655",65056
"656",84649
"657",7771
"658",1431
"659",4058
"660",64951
"661",63916
"662",23063
"663",81671
"664",10513
"665",5424
"666",1975
"667",29998
"668",56848
"669",6141
"670",770
"671",79763
"672",11338
"673",29924
"674",55588
"675",57491
"676",105373378
"677",8776
"678",2817
"679",57143
"680",3029
"681",6047
"682",841
"683",22998
"684",55726
"685",51768
"686",53340
"687",8839
"688",10402
"689",50937
"690",6873
"691",28996
"692",23534
"693",8625
"694",54929
"695",9170
"696",5476
"697",10147
"698",6558
"699",28966
"700",2139
"701",1265
"702",10347
"703",9627
"704",11218
"705",53339
"706",55711
"707",1117
"708",22904
"709",5378
"710",10362
"711",10203
"712",6882
"713",23294
"714",8943
"715",7629
"716",9351
"717",4913
"718",54887
"719",2773
"720",3843
"721",4942
"722",10885
"723",5586
"724",57418
"725",9697
"726",9340
"727",55388
"728",1606
"729",2065
"730",91526
"731",3735
"732",23536
"733",10954
"734",55633
"735",4710
"736",23013
"737",4638
"738",55854
"739",6416
"740",55248
"741",9748
"742",123956252
"743",119391
"744",55176
"745",7089
"746",51665
"747",83641
"748",4199
"749",23216
"750",8621
"751",10797
"752",84679
"753",55810
"754",4904
"755",5141
"756",5525
"757",1994
"758",7075
"759",57609
"760",6602
"761",9682
"762",4802
"763",6550
"764",259266
"765",64834
"766",30834
"767",27107
"768",4287
"769",9950
"770",55631
"771",51015
"772",2009
"773",60487
"774",55623
"775",91283
"776",55102
"777",10565
"778",57623
"779",9650
"780",10734
"781",2235
"782",4649
"783",5214
"784",3422
"785",6672
"786",1316
"787",8611
"788",4756
"789",23471
"790",5255
"791",7132
"792",782
"793",7813
"794",9399
"795",5315
"796",54505
"797",30836
"798",79091
"799",7158
"800",7216
"801",51018
"802",387
"803",1659
"804",5590
"805",55699
"806",6857
"807",89795
"808",3421
"809",79641
"810",6093
"811",865
"812",5165
"813",8692
"814",9759
"815",11186
"816",2261
"817",3430
"818",63897
"819",80347
"820",79990
"821",4205
"822",55593
"823",7030
"824",4943
"825",2182
"826",3632
"827",27238
"828",56850
"829",24140
"830",55771
"831",23250
"832",25885
"833",9741
"834",57217
"835",51447
"836",55133
"837",3796
"838",10235
"839",23198
"840",57560
"841",22933
"842",27248
"843",5526
"844",5307
"845",375449
"846",55746
"847",64710
"848",55737
"849",10294
"850",602
"851",8514
"852",10060
"853",51083
"854",29121
"855",139341
"856",6095
"857",1815
"858",7049
"859",54626
"860",483
"861",4734
"862",9488
"863",5597
"864",10681
"865",5873
"866",27440
"867",7353
"868",4040
"869",57661
"870",8518
"871",4925
"872",5217
"873",5774
"874",2255
"875",23446
"876",54916
"877",23293
"878",10640
"879",8218
"880",10272
"881",9993
"882",55658
"883",4335
"884",79364
"885",23210
"886",5423
"887",55062
"888",57704
"889",3340
"890",440
"891",10947
"892",10610
"893",26986
"894",10420
"895",29105
"896",1459
"897",11099
"898",8891
"899",815
"900",6949
"901",998
"902",26031
"903",56852
"904",490
"905",8440
"906",9448
"907",6160
"908",9948
"909",23161
"910",79658
"911",6196
"912",54556
"913",22846
"914",29995
"915",114049
"916",6400
"917",9319
"918",537
"919",6929
"920",28951
"921",26528
"922",53615
"923",6596
"924",9130
"925",60343
"926",29894
"927",79901
"928",5134
"929",55117
"930",51109
"931",5566
"932",22859
"933",87
"934",23503
"935",27330
"936",22905
"937",26469
"938",55679
"939",10290
"940",84708
"941",224
"942",7037
"943",6720
"944",27125
"945",7321
"946",64398
"947",9886
"948",8243
"949",3028
"950",2011
"951",3161
"952",55743
"953",29953
"954",8974
"955",4775
"956",51095
"957",37
"958",6793
"959",23291
"960",1400
"961",2121
"962",51009
"963",54820
"964",10335
"965",79041
"966",8907
"967",5817
"968",7515
"969",949
"970",4171
"971",54456
"972",56666
"973",83642
"974",80216
"975",5151
"976",1183
"977",54475
"978",6389
"979",6605
"980",55876
"981",5927
"982",5523
"983",10979
"984",5743
"985",10644
"986",9175
"987",NA
"988",10129
"989",8301
"990",4905
"991",2736
"992",23332
"993",65993
"994",4854
"995",1207
"996",8463
"997",8726
"998",7251
"999",55421
"1000",489
"1001",771
"1002",11343
"1003",59277
"1004",617
"1005",9891
"1006",54878
"1007",9187
"1008",55205
"1009",8578
"1010",3998
"1011",51495
"1012",23140
"1013",2023
"1014",56005
"1015",57719
"1016",51175
"1017",55160
"1018",6865
"1019",64431
"1020",54962
"1021",6717
"1022",8672
"1023",79023
"1024",10371
"1025",51512
"1026",10512
"1027",55020
"1028",38
"1029",23151
"1030",27332
"1031",55972
"1032",29090
"1033",9462
"1034",9605
"1035",7587
"1036",4140
"1037",5250
"1038",64778
"1039",2355
"1040",285527
"1041",23505
"1042",6624
"1043",60
"1044",55034
"1045",5337
"1046",284403
"1047",1739
"1048",7879
"1049",55973
"1050",25956
"1051",9733
"1052",23016
"1053",22920
"1054",23609
"1055",4175
"1056",25996
"1057",10179
"1058",5939
"1059",11176
"1060",25930
"1061",4292
"1062",7374
"1063",2329
"1064",27252
"1065",8786
"1066",113235
"1067",5362
"1068",10615
"1069",88455
"1070",32
"1071",9618
"1072",55824
"1073",55094
"1074",3385
"1075",22978
"1076",4162
"1077",56949
"1078",9138
"1079",6813
"1080",5609
"1081",8527
"1082",83992
"1083",7155
"1084",56889
"1085",4791
"1086",29089
"1087",4660
"1088",54431
"1089",2975
"1090",3566
"1091",23032
"1092",6626
"1093",56915
"1094",1781
"1095",54518
"1096",4034
"1097",143684
"1098",51548
"1099",10714
"1100",832
"1101",7107
"1102",10003
"1103",79960
"1104",203427
"1105",7319
"1106",2260
"1107",2192
"1108",8516
"1109",4133
"1110",9063
"1111",369
"1112",56922
"1113",2191
"1114",55331
"1115",3093
"1116",5289
"1117",55728
"1118",57103
"1119",7289
"1120",8871
"1121",5527
"1122",NA
"1123",2782
"1124",1906
"1125",8028
"1126",55063
"1127",26281
"1128",4898
"1129",7419
"1130",5108
"1131",57690
"1132",9139
"1133",83737
"1134",58476
"1135",51150
"1136",54472
"1137",51619
"1138",862
"1139",9984
"1140",51661
"1141",114880
"1142",7520
"1143",56925
"1144",8569
"1145",7145
"1146",57455
"1147",56681
"1148",8556
"1149",10411
"1150",29843
"1151",23152
"1152",3991
"1153",2222
"1154",5050
"1155",4983
"1156",3835
"1157",55604
"1158",5236
"1159",1653
"1160",1785
"1161",2037
"1162",22999
"1163",26002
"1164",8417
"1165",11159
"1166",9817
"1167",55510
"1168",5794
"1169",51006
"1170",131544
"1171",5991
"1172",55183
"1173",23011
"1174",8671
"1175",6595
"1176",27244
"1177",11043
"1178",50509
"1179",10847
"1180",9933
"1181",3781
"1182",4850
"1183",5663
"1184",1371
"1185",56650
"1186",5891
"1187",3320
"1188",5933
"1189",22839
"1190",114819
"1191",10403
"1192",23431
"1193",54665
"1194",260425
"1195",2920
"1196",6932
"1197",28962
"1198",57092
"1199",55218
"1200",384
"1201",4208
"1202",79876
"1203",9262
"1204",8555
"1205",22869
"1206",440515
"1207",65094
"1208",11266
"1209",65985
"1210",9812
"1211",56113
"1212",51668
"1213",23239
"1214",5205
"1215",6604
"1216",55100
"1217",58538
"1218",55437
"1219",9689
"1220",114899
"1221",4200
"1222",55322
"1223",905
"1224",57579
"1225",23136
"1226",22837
"1227",1741
"1228",3776
"1229",56256
"1230",7188
"1231",29093
"1232",25929
"1233",4779
"1234",2932
"1235",3693
"1236",23085
"1237",7514
"1238",11342
"1239",79728
"1240",23033
"1241",57226
"1242",594
"1243",7994
"1244",79670
"1245",9706
"1246",3842
"1247",5351
"1248",5026
"1249",3682
"1250",22894
"1251",10464
"1252",81550
"1253",26747
"1254",23047
"1255",5019
"1256",10325
"1257",1540
"1258",10998
"1259",25799
"1260",79891
"1261",55659
"1262",54807
"1263",55663
"1264",9422
"1265",6193
"1266",2195
"1267",91746
"1268",25978
"1269",64744
"1270",10450
"1271",10269
"1272",56910
"1273",84273
"1274",5978
"1275",54434
"1276",2950
"1277",334
"1278",57613
"1279",51729
"1280",8668
"1281",1307
"1282",200081
"1283",8648
"1284",60509
"1285",3797
"1286",10890
"1287",3030
"1288",22924
"1289",790
"1290",966
"1291",3732
"1292",63035
"1293",546
"1294",102157402
"1295",55892
"1296",2122
"1297",9522
"1298",5550
"1299",57531
"1300",81929
"1301",22911
"1302",57590
"1303",5016
"1304",29957
"1305",4216
"1306",29992
"1307",5243
"1308",7760
"1309",231
"1310",8895
"1311",54700
"1312",2017
"1313",4528
"1314",23259
"1315",22996
"1316",2060
"1317",4998
"1318",4258
"1319",10523
"1320",55054
"1321",55230
"1322",55624
"1323",8438
"1324",23139
"1325",3301
"1326",2683
"1327",51510
"1328",4799
"1329",27292
"1330",51194
"1331",27102
"1332",22929
"1333",10573
"1334",80271
"1335",55696
"1336",10959
"1337",56605
"1338",54469
"1339",3294
"1340",55787
"1341",7462
"1342",10075
"1343",9183
"1344",79796
"1345",50507
"1346",8310
"1347",8898
"1348",23645
"1349",51171
"1350",7205
"1351",43
"1352",2512
"1353",51593
"1354",581
"1355",51701
"1356",94005
"1357",9509
"1358",56970
"1359",9489
"1360",5705
"1361",51720
"1362",4313
"1363",54947
"1364",55239
"1365",6452
"1366",8602
"1367",118
"1368",79944
"1369",57544
"1370",51637
"1371",22795
"1372",64395
"1373",10992
"1374",57542
"1375",2778
"1376",10059
"1377",5744
"1378",51290
"1379",6790
"1380",57091
"1381",8544
"1382",28971
"1383",5990
"1384",339175
"1385",29929
"1386",4849
"1387",5775
"1388",8886
"1389",8570
"1390",2767
"1391",55616
"1392",111089941
"1393",1789
"1394",22974
"1395",NA
"1396",81572
"1397",2036
"1398",23348
"1399",55608
"1400",23483
"1401",51161
"1402",57017
"1403",64147
"1404",79822
"1405",54675
"1406",23368
"1407",8455
"1408",54498
"1409",2280
"1410",55968
"1411",83959
"1412",25943
"1413",79175
"1414",57593
"1415",56265
"1416",57506
"1417",9762
"1418",22803
"1419",55857
"1420",8655
"1421",27131
"1422",6128
"1423",8550
"1424",51575
"1425",10741
"1426",51433
"1427",9962
"1428",80024
"1429",29058
"1430",55184
"1431",84678
"1432",55617
"1433",4938
"1434",10985
"1435",6175
"1436",5829
"1437",23409
"1438",55614
"1439",51605
"1440",1114
"1441",5037
"1442",6910
"1443",8315
"1444",10961
"1445",2521
"1446",3476
"1447",53827
"1448",55900
"1449",57655
"1450",9843
"1451",29965
"1452",113540
"1453",23193
"1454",51291
"1455",55285
"1456",332
"1457",8079
"1458",78990
"1459",57062
"1460",7597
"1461",25977
"1462",393
"1463",170961
"1464",55760
"1465",23186
"1466",55668
"1467",8425
"1468",645
"1469",6548
"1470",10558
"1471",10914
"1472",8812
"1473",57060
"1474",83719
"1475",51650
"1476",4708
"1477",10726
"1478",10296
"1479",3383
"1480",29888
"1481",11213
"1482",79594
"1483",7023
"1484",10081
"1485",51324
"1486",51726
"1487",55214
"1488",2323
"1489",9727
"1490",84572
"1491",10795
"1492",2802
"1493",8761
"1494",79603
"1495",57192
"1496",84196
"1497",1947
"1498",128966601
"1499",16
"1500",2734
"1501",24137
"1502",27327
"1503",64857
"1504",57106
"1505",57605
"1506",55763
"1507",54439
"1508",114882
"1509",113878
"1510",54517
"1511",3912
"1512",5172
"1513",1738
"1514",23335
"1515",9352
"1516",368
"1517",54918
"1518",3655
"1519",11069
"1520",51776
"1521",2271
"1522",23231
"1523",55573
"1524",51168
"1525",54890
"1526",22861
"1527",83394
"1528",9552
"1529",23594
"1530",79776
"1531",51530
"1532",26575
"1533",84336
"1534",4345
"1535",151887
"1536",5720
"1537",55012
"1538",54930
"1539",55644
"1540",51310
"1541",55072
"1542",23256
"1543",55632
"1544",25831
"1545",3183
"1546",11198
"1547",9878
"1548",8487
"1549",7051
"1550",26277
"1551",57556
"1552",54822
"1553",7301
"1554",79968
"1555",8773
"1556",26227
"1557",1299
"1558",7430
"1559",4637
"1560",26523
"1561",63967
"1562",117584
"1563",201294
"1564",79157
"1565",1808
"1566",7042
"1567",55105
"1568",10762
"1569",8318
"1570",1312
"1571",51816
"1572",NA
"1573",55862
"1574",9209
"1575",9117
"1576",9942
"1577",10013
"1578",990
"1579",139596
"1580",8697
"1581",8086
"1582",23468
"1583",2327
"1584",51430
"1585",4436
"1586",4214
"1587",1725
"1588",29911
"1589",372
"1590",54566
"1591",55151
"1592",5711
"1593",5742
"1594",23511
"1595",1384
"1596",54187
"1597",55357
"1598",25861
"1599",55280
"1600",57715
"1601",9044
"1602",64376
"1603",25805
"1604",3589
"1605",51322
"1606",1390
"1607",10101
"1608",3096
"1609",2289
"1610",6732
"1611",27154
"1612",55168
"1613",28978
"1614",114327
"1615",3326
"1616",988
"1617",3710
"1618",7738
"1619",1832
"1620",23411
"1621",3189
"1622",80173
"1623",3717
"1624",25
"1625",11332
"1626",51100
"1627",8317
"1628",84144
"1629",5125
"1630",6319
"1631",11018
"1632",3983
"1633",79956
"1634",22931
"1635",8829
"1636",56952
"1637",54873
"1638",23555
"1639",55506
"1640",387680
"1641",23031
"1642",7593
"1643",79629
"1644",4650
"1645",9424
"1646",5714
"1647",54620
"1648",112755
"1649",80270
"1650",9739
"1651",9274
"1652",1153
"1653",513
"1654",255057
"1655",4670
"1656",51257
"1657",4713
"1658",9524
"1659",26517
"1660",997
"1661",4507
"1662",283638
"1663",5434
"1664",5442
"1665",610
"1666",53841
"1667",113177
"1668",8045
"1669",4616
"1670",5064
"1671",8174
"1672",51214
"1673",2872
"1674",421
"1675",27037
"1676",5902
"1677",29801
"1678",84861
"1679",51586
"1680",9342
"1681",1399
"1682",8216
"1683",4320
"1684",6598
"1685",9127
"1686",23786
"1687",100037417
"1688",100037417
"1689",2953
"1690",23523
"1691",83874
"1692",56241
"1693",10291
"1694",2687
"1695",200312
"1696",23541
"1697",23384
"1698",23759
"1699",51733
"1700",29799
"1701",6634
"1702",23481
"1703",5594
"1704",2678
"1705",9647
"1706",339665
"1707",8940
"1708",27128
"1709",8220
"1710",29775
"1711",6576
"1712",157
"1713",50487
"1714",26088
"1715",7290
"1716",23616
"1717",3956
"1718",89781
"1719",113791
"1720",402055
"1721",23598
"1722",11078
"1723",24144
"1724",23464
"1725",129138
"1726",51386
"1727",4809
"1728",85377
"1729",5435
"1730",79879
"1731",9681
"1732",9463
"1733",23331
"1734",23539
"1735",79019
"1736",11015
"1737",10521
"1738",6942
"1739",150274
"1740",25776
"1741",56993
"1742",7494
"1743",51493
"1744",9929
"1745",25793
"1746",9567
"1747",84271
"1748",9609
"1749",7078
"1750",9701
"1751",6305
"1752",25777
"1753",1727
"1754",10126
"1755",91289
"1756",25807
"1757",11252
"1758",25809
"1759",162
"1760",10042
"1761",10043
"1762",4744
"1763",1120
"1764",638
"1765",3162
"1766",27349
"1767",8563
"1768",4174
"1769",410
"1770",706
"1771",23551
"1772",23170
"1773",23492
"1774",5155
"1775",6122
"1776",55954
"1777",23543
"1778",9145
"1779",10454
"1780",84164
"1781",8897
"1782",54471
"1783",150379
"1784",8542
"1785",80339
"1786",4627
"1787",8911
"1788",25813
"1789",25828
"1790",80020
"1791",8664
"1792",23112
"1793",27352
"1794",11020
"1795",23313
"1796",10478
"1797",55007
"1798",79734
"1799",6767
"1800",9978
"1801",2033
"1802",83746
"1803",150356
"1804",5905
"1805",23264
"1806",84844
"1807",50
"1808",171568
"1809",55687
"1810",5372
"1811",27351
"1812",64781
"1813",23774
"1814",9889
"1815",83933
"1816",63874
"1817",23351
"1818",2287
"1819",56948
"1820",55147
"1821",10419
"1822",1690
"1823",11154
"1824",5427
"1825",79609
"1826",6655
"1827",8814
"1828",51199
"1829",5836
"1830",5706
"1831",64841
"1832",80821
"1833",1033
"1834",10175
"1835",10668
"1836",51382
"1837",26499
"1838",5283
"1839",5684
"1840",10490
"1841",26520
"1842",2954
"1843",9786
"1844",283578
"1845",10598
"1846",23002
"1847",9517
"1848",79890
"1849",5641
"1850",8846
"1851",22938
"1852",3705
"1853",51635
"1854",5494
"1855",51804
"1856",145508
"1857",2079
"1858",3091
"1859",9766
"1860",6430
"1861",1983
"1862",6547
"1863",23405
"1864",79038
"1865",4522
"1866",79882
"1867",9894
"1868",22990
"1869",623
"1870",51527
"1871",7443
"1872",5700
"1873",89932
"1874",9252
"1875",55671
"1876",60686
"1877",5693
"1878",7528
"1879",22985
"1880",57820
"1881",9321
"1882",328
"1883",8106
"1884",10278
"1885",394
"1886",51550
"1887",6729
"1888",57680
"1889",5106
"1890",9692
"1891",80344
"1892",5687
"1893",4792
"1894",51016
"1895",5721
"1896",84312
"1897",9985
"1898",10548
"1899",10484
"1900",51292
"1901",5411
"1902",5875
"1903",4776
"1904",5360
"1905",63935
"1906",2937
"1907",26133
"1908",5834
"1909",26090
"1910",10544
"1911",9837
"1912",22981
"1913",958
"1914",55245
"1915",23613
"1916",10110
"1917",51098
"1918",4605
"1919",57446
"1920",55969
"1921",80336
"1922",6789
"1923",57167
"1924",23394
"1925",5203
"1926",1477
"1927",655
"1928",8480
"1929",7165
"1930",80331
"1931",51497
"1932",1522
"1933",24148
"1934",51012
"1935",26164
"1936",5688
"1937",28231
"1938",4923
"1939",55257
"1940",10732
"1941",11083
"1942",54994
"1943",63910
"1944",55738
"1945",1917
"1946",5753
"1947",26205
"1948",54976
"1949",994
"1950",11237
"1951",10139
"1952",79133
"1953",57761
"1954",9770
"1955",1457
"1956",8760
"1957",81502
"1958",9751
"1959",10326
"1960",10483
"1961",55612
"1962",5332
"1963",10398
"1964",9777
"1965",51340
"1966",23509
"1967",25939
"1968",9371
"1969",140699
"1970",10528
"1971",63905
"1972",3420
"1973",22919
"1974",182
"1975",51654
"1976",6640
"1977",9675
"1978",1869
"1979",58490
"1980",11264
"1981",128866
"1982",1471
"1983",79913
"1984",191
"1985",81610
"1986",60625
"1987",116092
"1988",84557
"1989",128869
"1990",7125
"1991",10005
"1992",57136
"1993",9658
"1994",22850
"1995",79863
"1996",9097
"1997",9218
"1998",64863
"1999",9663
"2000",23347
"2001",10627
"2002",79959
"2003",55125
"2004",8731
"2005",4092
"2006",284217
"2007",23253
"2008",11201
"2009",57534
"2010",5932
"2011",8780
"2012",1478
"2013",25878
"2014",5716
"2015",115201
"2016",412
"2017",6907
"2018",10857
"2019",5422
"2020",4281
"2021",79576
"2022",55916
"2023",100101490
"2024",79868
"2025",5634
"2026",56180
"2027",9949
"2028",91851
"2029",64743
"2030",6839
"2031",8406
"2032",331
"2033",10735
"2034",286410
"2035",215
"2036",28952
"2037",5355
"2038",5358
"2039",8260
"2040",2000
"2041",6594
"2042",340554
"2043",5931
"2044",3750
"2045",9016
"2046",2332
"2047",11040
"2048",10389
"2049",7355
"2050",10084
"2051",2010
"2052",6901
"2053",5230
"2054",84061
"2055",6611
"2056",5251
"2057",8266
"2058",83692
"2059",8411
"2060",6102
"2061",9767
"2062",5127
"2063",8237
"2064",27336
"2065",7076
"2066",2245
"2067",5303
"2068",64840
"2069",10916
"2070",5935
"2071",11279
"2072",27286
"2073",94121
"2074",2491
"2075",1821
"2076",51260
"2077",2717
"2078",51566
"2079",56271
"2080",259232
"2081",2259
"2082",54602
"2083",10673
"2084",22862
"2085",81602
"2086",81617
"2087",688
"2088",8428
"2089",54
"2090",5611
"2091",55757
"2092",8874
"2093",2254
"2094",143
"2095",55578
"2096",10240
"2097",10166
"2098",3839
"2099",2321
"2100",28984
"2101",23078
"2102",160851
"2103",84056
"2104",26512
"2105",79758
"2106",84935
"2107",8848
"2108",1203
"2109",10232
"2110",23295
"2111",23361
"2112",8717
"2113",3299
"2114",11151
"2115",5595
"2116",79153
"2117",79767
"2118",5257
"2119",57149
"2120",10204
"2121",9688
"2122",80152
"2123",10725
"2124",83752
"2125",9683
"2126",23568
"2127",51090
"2128",1723
"2129",10664
"2130",65057
"2131",5432
"2132",50855
"2133",55565
"2134",4324
"2135",79650
"2136",80777
"2137",29070
"2138",4832
"2139",65009
"2140",5713
"2141",79918
"2142",55238
"2143",55697
"2144",3038
"2145",79613
"2146",25839
"2147",55512
"2148",84138
"2149",9057
"2150",23659
"2151",79726
"2152",22879
"2153",56942
"2154",8312
"2155",54985
"2156",8131
"2157",23417
"2158",4350
"2159",83693
"2160",9013
"2161",51172
"2162",58189
"2163",23406
"2164",9100
"2165",83716
"2166",7249
"2167",26048
"2168",4833
"2169",4363
"2170",408050
"2171",64788
"2172",2294
"2173",64428
"2174",64779
"2175",1186
"2176",84264
"2177",65990
"2178",8140
"2179",79006
"2180",79791
"2181",10273
"2182",9028
"2183",4682
"2184",7329
"2185",29904
"2186",6650
"2187",9780
"2188",2935
"2189",7727
"2190",23059
"2191",56061
"2192",124454
"2193",6923
"2194",23062
"2195",55313
"2196",57478
"2197",3163
"2198",9093
"2199",100529144
"2200",51283
"2201",6299
"2202",NA
"2203",5934
"2204",23475
"2205",64131
"2206",29108
"2207",23322
"2208",4150
"2209",6810
"2210",10423
"2211",10295
"2212",84148
"2213",23420
"2214",50615
"2215",51760
"2216",9738
"2217",57020
"2218",9810
"2219",400506
"2220",79719
"2221",64799
"2222",114294
"2223",10391
"2224",1445
"2225",8925
"2226",9325
"2227",123263
"2228",51285
"2229",57722
"2230",8766
"2231",1512
"2232",64927
"2233",80381
"2234",2184
"2235",57214
"2236",26015
"2237",30844
"2238",25963
"2239",64397
"2240",22995
"2241",79895
"2242",56986
"2243",2553
"2244",7082
"2245",90427
"2246",23312
"2247",55192
"2248",8669
"2249",80208
"2250",57617
"2251",11339
"2252",7782
"2253",26258
"2254",50804
"2255",23678
"2256",5157
"2257",79848
"2258",51201
"2259",55290
"2260",23087
"2261",79752
"2262",55756
"2263",8767
"2264",4683
"2265",8989
"2266",10404
"2267",1666
"2268",54928
"2269",6422
"2270",55353
"2271",55284
"2272",10940
"2273",79815
"2274",3551
"2275",5327
"2276",6788
"2277",5862
"2278",3646
"2279",9694
"2280",8840
"2281",10397
"2282",51101
"2283",3574
"2284",55156
"2285",7227
"2286",6674
"2287",54108
"2288",64089
"2289",51366
"2290",79792
"2291",7264
"2292",65263
"2293",1936
"2294",6713
"2295",63898
"2296",55174
"2297",90459
"2298",23516
"2299",66036
"2300",23484
"2301",10671
"2302",203069
"2303",2936
"2304",8797
"2305",7993
"2306",5516
"2307",157697
"2308",7991
"2309",9639
"2310",54758
"2311",4173
"2312",54793
"2313",427
"2314",665
"2315",4125
"2316",3783
"2317",4924
"2318",2997
"2319",1891
"2320",3191
"2321",4793
"2322",54938
"2323",3743
"2324",6625
"2325",1209
"2326",5971
"2327",11129
"2328",64130
"2329",284352
"2330",2217
"2331",55011
"2332",23370
"2333",10848
"2334",92960
"2335",2068
"2336",84444
"2337",55111
"2338",10535
"2339",951
"2340",8175
"2341",27120
"2342",4066
"2343",4946
"2344",55621
"2345",8677
"2346",1760
"2347",79735
"2348",259307
"2349",79816
"2350",81576
"2351",53635
"2352",166
"2353",6449
"2354",81857
"2355",6618
"2356",28974
"2357",10469
"2358",729440
"2359",9466
"2360",55723
"2361",7138
"2362",51231
"2363",26017
"2364",22870
"2365",84167
"2366",9441
"2367",93145
"2368",10270
"2369",10994
"2370",79744
"2371",85360
"2372",6795
"2373",10775
"2374",898
"2375",8725
"2376",9141
"2377",84079
"2378",6217
"2379",92609
"2380",2091
"2381",9149
"2382",2821
"2383",208
"2384",23646
"2385",57716
"2386",51588
"2387",9253
"2388",10148
"2389",55702
"2390",1155
"2391",79187
"2392",5438
"2393",25999
"2394",6510
"2395",25865
"2396",333
"2397",58509
"2398",26093
"2399",11100
"2400",51343
"2401",27113
"2402",7040
"2403",22898
"2404",55101
"2405",10226
"2406",51073
"2407",3386
"2408",6223
"2409",29997
"2410",7087
"2411",2109
"2412",29086
"2413",7297
"2414",11140
"2415",8775
"2416",10567
"2417",56917
"2418",5802
"2419",84518
"2420",1954
"2421",10945
"2422",9266
"2423",83743
"2424",2906
"2425",6320
"2426",22900
"2427",3978
"2428",7728
"2429",8605
"2430",9545
"2431",1628
"2432",374882
"2433",828
"2434",64748
"2435",54922
"2436",587
"2437",54531
"2438",57664
"2439",5518
"2440",30000
"2441",51398
"2442",2639
"2443",1777
"2444",79165
"2445",26121
"2446",29844
"2447",3718
"2448",6142
"2449",27106
"2450",5296
"2451",5864
"2452",5143
"2453",51477
"2454",8178
"2455",23373
"2456",1311
"2457",11316
"2458",54555
"2459",2116
"2460",93436
"2461",10430
"2462",25789
"2463",7392
"2464",51599
"2465",79036
"2466",23770
"2467",57794
"2468",7561
"2469",6324
"2470",80714
"2471",2077
"2472",2931
"2473",57130
"2474",64763
"2475",23094
"2476",7639
"2477",23474
"2478",199731
"2479",56006
"2480",23080
"2481",79846
"2482",101927446
"2483",10156
"2484",1021
"2485",9512
"2486",27000
"2487",7980
"2488",10282
"2489",10135
"2490",221830
"2491",5445
"2492",3696
"2493",26959
"2494",11062
"2495",6671
"2496",29062
"2497",8701
"2498",79872
"2499",136319
"2500",401312
"2501",5764
"2502",51678
"2503",1687
"2504",56829
"2505",79989
"2506",4967
"2507",11033
"2508",94239
"2509",858
"2510",857
"2511",4233
"2512",140545
"2513",64327
"2514",7472
"2515",3198
"2516",10049
"2517",3199
"2518",3200
"2519",3955
"2520",3202
"2521",3203
"2522",221927
"2523",23288
"2524",23554
"2525",6742
"2526",79974
"2527",11112
"2528",8887
"2529",2887
"2530",83451
"2531",55033
"2532",84725
"2533",6804
"2534",10392
"2535",2617
"2536",84182
"2537",835
"2538",51142
"2539",3315
"2540",11333
"2541",8896
"2542",26024
"2543",1577
"2544",7586
"2545",8662
"2546",29886
"2547",4521
"2548",6878
"2549",8976
"2550",7965
"2551",7036
"2552",64598
"2553",5118
"2554",26261
"2555",55131
"2556",84132
"2557",3614
"2558",3268
"2559",23658
"2560",5054
"2561",1174
"2562",56913
"2563",8985
"2564",6119
"2565",10467
"2566",24146
"2567",113263
"2568",9678
"2569",4899
"2570",54664
"2571",2146
"2572",95681
"2573",643641
"2574",4232
"2575",57037
"2576",27075
"2577",5919
"2578",196
"2579",54927
"2580",26157
"2581",28959
"2582",2737
"2583",5683
"2584",64983
"2585",55744
"2586",644
"2587",55665
"2588",55069
"2589",6009
"2590",51422
"2591",165
"2592",5425
"2593",2645
"2594",9275
"2595",10652
"2596",26608
"2597",7461
"2598",7458
"2599",3984
"2600",55064
"2601",6505
"2602",2218
"2603",83856
"2604",10927
"2605",54981
"2606",23731
"2607",1955
"2608",9830
"2609",7464
"2610",7046
"2611",10952
"2612",727
"2613",1842
"2614",7091
"2615",22949
"2616",64420
"2617",80709
"2618",1759
"2619",2022
"2620",203
"2621",55664
"2622",55848
"2623",54662
"2624",57589
"2625",23081
"2626",23189
"2627",23413
"2628",7016
"2629",768
"2630",8939
"2631",10488
"2632",9827
"2633",8777
"2634",23586
"2635",8721
"2636",169792
"2637",573
"2638",2889
"2639",56654
"2640",320
"2641",23064
"2642",5730
"2643",20
"2644",6461
"2645",54926
"2646",51104
"2647",51010
"2648",7763
"2649",1855
"2650",9124
"2651",54619
"2652",2625
"2653",3257
"2654",5264
"2655",83937
"2656",23268
"2657",22841
"2658",6387
"2659",10613
"2660",8661
"2661",1787
"2662",79009
"2663",5599
"2664",11196
"2665",11101
"2666",54780
"2667",59338
"2668",219699
"2669",64115
"2670",10367
"2671",5532
"2672",54462
"2673",657
"2674",9562
"2675",59
"2676",3988
"2677",56652
"2678",84445
"2679",81855
"2680",81621
"2681",6468
"2682",10360
"2683",80351
"2684",8729
"2685",57584
"2686",22849
"2687",79176
"2688",79004
"2689",51684
"2690",22852
"2691",91452
"2692",64077
"2693",23185
"2694",23560
"2695",26098
"2696",56647
"2697",55149
"2698",9644
"2699",10531
"2700",79991
"2701",1326
"2702",22943
"2703",253738
"2704",10539
"2705",54906
"2706",7511
"2707",9126
"2708",8036
"2709",7019
"2710",8030
"2711",8453
"2712",219771
"2713",27338
"2714",6158
"2715",57178
"2716",10105
"2717",64081
"2718",81619
"2719",23232
"2720",57532
"2721",28964
"2722",6143
"2723",84961
"2724",7343
"2725",5709
"2726",22794
"2727",51195
"2728",8787
"2729",101929777
"2730",5889
"2731",5414
"2732",9110
"2733",4591
"2734",5023
"2735",79665
"2736",51174
"2737",3837
"2738",9570
"2739",55163
"2740",6198
"2741",NA
"2742",80279
"2743",10951
"2744",9400
"2745",9487
"2746",2584
"2747",57508
"2748",23125
"2749",9969
"2750",3216
"2751",2027
"2752",5216
"2753",26001
"2754",8402
"2755",51655
"2756",10743
"2757",4927
"2758",708
"2759",642
"2760",1362
"2761",9527
"2762",57003
"2763",51003
"2764",1819
"2765",117246
"2766",11216
"2767",6603
"2768",9144
"2769",27077
"2770",55813
"2771",1655
"2772",64149
"2773",9267
"2774",5717
"2775",3959
"2776",6347
"2777",5193
"2778",79132
"2779",2648
"2780",5878
"2781",4669
"2782",3292
"2783",6945
"2784",8506
"2785",51225
"2786",2145
"2787",84687
"2788",1277
"2789",6442
"2790",100885850
"2791",51264
"2792",10493
"2793",55379
"2794",8153
"2795",10014
"2796",8714
"2797",51747
"2798",4355
"2799",64750
"2800",1845
"2801",9343
"2802",9120
"2803",5573
"2804",1949
"2805",7531
"2806",23531
"2807",29098
"2808",1801
"2809",5608
"2810",25979
"2811",26118
"2812",9368
"2813",26151
"2814",54868
"2815",7448
"2816",7126
"2817",90410
"2818",27346
"2819",30850
"2820",5376
"2821",9094
"2822",230
"2823",6830
"2824",83871
"2825",57649
"2826",55161
"2827",2557
"2828",57606
"2829",54940
"2830",23142
"2831",64854
"2832",26511
"2833",57482
"2834",8649
"2835",4790
"2836",374
"2837",4126
"2838",7323
"2839",5602
"2840",1998
"2841",4717
"2842",23158
"2843",27309
"2844",8821
"2845",2549
"2846",11275
"2847",1363
"2848",6164
"2849",7466
"2850",11199
"2851",80273
"2852",54433
"2853",2483
"2854",1182
"2855",51166
"2856",51809
"2857",1665
"2858",6649
"2859",51091
"2860",8532
"2861",23321
"2862",56606
"2863",55294
"2864",55247
"2865",55296
"2866",7468
"2867",152503
"2868",57620
"2869",579
"2870",10227
"2871",2743
"2872",683
"2873",9693
"2874",83891
"2875",55805
"2876",55325
"2877",51274
"2878",51088
"2879",64151
"2880",7358
"2881",1410
"2882",10553
"2883",1075
"2884",91057
"2885",26610
"2886",8882
"2887",23788
"2888",23360
"2889",6309
"2890",3312
"2891",4013
"2892",3338
"2893",54414
"2894",29907
"2895",9404
"2896",23220
"2897",23130
"2898",10938
"2899",5007
"2900",81622
"2901",83480
"2902",28960
"2903",51111
"2904",55572
"2905",55291
"2906",9379
"2907",6484
"2908",1374
"2909",595
"2910",79080
"2911",27339
"2912",79073
"2913",10612
"2914",26973
"2915",2348
"2916",25906
"2917",2352
"2918",24145
"2919",9828
"2920",22897
"2921",50862
"2922",57562
"2923",1982
"2924",374378
"2925",329
"2926",9354
"2927",1656
"2928",867
"2929",5818
"2930",10114
"2931",25758
"2932",26273
"2933",8050
"2934",6506
"2935",29099
"2936",51296
"2937",84680
"2938",4192
"2939",55626
"2940",8567
"2941",114971
"2942",79829
"2943",833
"2944",5002
"2945",975
"2946",54733
"2947",55531
"2948",55553
"2949",10944
"2950",9600
"2951",6207
"2952",9049
"2953",4928
"2954",4728
"2955",10312
"2956",1119
"2957",11234
"2958",2965
"2959",5715
"2960",10536
"2961",8496
"2962",25766
"2963",11108
"2964",9976
"2965",84274
"2966",6404
"2967",23603
"2968",41
"2969",65981
"2970",441631
"2971",83892
"2972",4891
"2973",9761
"2974",4598
"2975",81566
"2976",10645
"2977",51561
"2978",506
"2979",10728
"2980",605
"2981",65117
"2982",8825
"2983",3875
"2984",79611
"2985",23371
"2986",2735
"2987",10988
"2988",4048
"2989",2004
"2990",81029
"2991",55110
"2992",59341
"2993",55846
"2994",2305
"2995",11272
"2996",57097
"2997",10094
"2998",51184
"2999",51699
"3000",10635
"3001",10019
"3002",54682
"3003",80824
"3004",1389
"3005",80724
"3006",217
"3007",1027
"3008",55507
"3009",80018
"3010",83445
"3011",4055
"3012",79676
"3013",8099
"3014",4940
"3015",4939
"3016",397
"3017",2967
"3018",1967
"3019",57696
"3020",81539
"3021",79794
"3022",7421
"3023",5985
"3024",2054
"3025",283383
"3026",22818
"3027",23329
"3028",55832
"3029",5869
"3030",56890
"3031",57122
"3032",4848
"3033",8914
"3034",11052
"3035",11103
"3036",51258
"3037",2597
"3038",4839
"3039",1108
"3040",23074
"3041",50813
"3042",51147
"3043",2784
"3044",83461
"3045",56994
"3046",8078
"3047",7167
"3048",79158
"3049",105369632
"3050",2026
"3051",1822
"3052",113246
"3053",10162
"3054",51559
"3055",64426
"3056",51026
"3057",3945
"3058",5564
"3059",55907
"3060",29915
"3061",6489
"3062",50856
"3063",9847
"3064",11021
"3065",1911
"3066",1337
"3067",55188
"3068",8683
"3069",NA
"3070",26127
"3071",1303
"3072",10384
"3073",51567
"3074",2444
"3075",29940
"3076",51389
"3077",51522
"3078",55003
"3079",2651
"3080",63914
"3081",4739
"3082",387119
"3083",25842
"3084",254394
"3085",8732
"3086",4121
"3087",57515
"3088",51020
"3089",7164
"3090",135114
"3091",135112
"3092",9750
"3093",23328
"3094",10090
"3095",80329
"3096",26271
"3097",54516
"3098",5467
"3099",2178
"3100",1432
"3101",222658
"3102",11329
"3103",6428
"3104",29074
"3105",4172
"3106",9025
"3107",266727
"3108",22858
"3109",26268
"3110",9308
"3111",23195
"3112",55776
"3113",653
"3114",60468
"3115",221662
"3116",10486
"3117",26036
"3118",9532
"3119",51715
"3120",81491
"3121",26235
"3122",892
"3123",1871
"3124",7803
"3125",10973
"3126",11149
"3127",9439
"3128",8936
"3129",7915
"3130",202
"3131",8876
"3132",8875
"3133",55856
"3134",60682
"3135",6206
"3136",81688
"3137",51053
"3138",2070
"3139",8724
"3140",10767
"3141",10475
"3142",5191
"3143",9841
"3144",9896
"3145",64065
"3146",51696
"3147",57211
"3148",9749
"3149",7957
"3150",7922
"3151",5252
"3152",51596
"3153",9444
"3154",90632
"3155",7942
"3156",896
"3157",705
"3158",84498
"3159",6908
"3160",2979
"3161",5961
"3162",23506
"3163",5528
"3164",51069
"3165",5754
"3166",6722
"3167",23113
"3168",10591
"3169",124907782
"3170",55770
"3171",1347
"3172",55754
"3173",2762
"3174",26054
"3175",7422
"3176",8899
"3177",7272
"3178",2030
"3179",11120
"3180",3910
"3181",55603
"3182",57666
"3183",55914
"3184",56133
"3185",23438
"3186",83594
"3187",55722
"3188",4124
"3189",9037
"3190",730
"3191",11044
"3192",2690
"3193",3157
"3194",1611
"3195",10902
"3196",10112
"3197",23530
"3198",10884
"3199",3313
"3200",23107
"3201",5201
"3202",1839
"3203",4015
"3204",10307
"3205",55374
"3206",6678
"3207",3550
"3208",3156
"3209",10087
"3210",23197
"3211",56132
"3212",26167
"3213",56130
"3214",56129
"3215",8622
"3216",57396
"3217",56121
"3218",55819
"3219",54974
"3220",411
"3221",9685
"3222",7060
"3223",57472
"3224",7265
"3225",4437
"3226",5924
"3227",900
"3228",10622
"3229",29102
"3230",1004
"3231",4001
"3232",57561
"3233",64083
"3234",10923
"3235",4883
"3236",83989
"3237",28965
"3238",6897
"3239",4012
"3240",5144
"3241",5810
"3242",55299
"3243",5618
"3244",10723
"3245",10111
"3246",10007
"3247",51294
"3248",6500
"3249",9631
"3250",5515
"3251",2246
"3252",2908
"3253",56951
"3254",23398
"3255",3977
"3256",373
"3257",80006
"3258",10802
"3259",79770
"3260",23548
"3261",5917
"3262",23286
"3263",9555
"3264",10915
"3265",1809
"3266",4090
"3267",1452
"3268",22993
"3269",57222
"3270",5159
"3271",1044
"3272",8992
"3273",662
"3274",8614
"3275",80315
"3276",1627
"3277",23567
"3278",1962
"3279",5067
"3280",10051
"3281",58515
"3282",93973
"3283",55171
"3284",51300
"3285",51185
"3286",604
"3287",10686
"3288",84100
"3289",27031
"3290",51421
"3291",56954
"3292",26355
"3293",4968
"3294",3836
"3295",5096
"3296",7337
"3297",25852
"3298",80321
"3299",5947
"3300",55186
"3301",9616
"3302",7029
"3303",54464
"3304",8850
"3305",11235
"3306",7474
"3307",5210
"3308",1294
"3309",5576
"3310",3280
"3311",7375
"3312",23527
"3313",1894
"3314",2771
"3315",10342
"3316",3373
"3317",11334
"3318",10641
"3319",6152
"3320",11068
"3321",57415
"3322",8087
"3323",868
"3324",56987
"3325",55081
"3326",59345
"3327",84223
"3328",2632
"3329",7372
"3330",22916
"3331",8723
"3332",79669
"3333",54946
"3334",5361
"3335",523
"3336",80325
"3337",50512
"3338",7348
"3339",23276
"3340",22937
"3341",79825
"3342",57501
"3343",79858
"3344",11222
"3345",57088
"3346",51409
"3347",1154
"3348",7867
"3349",93
"3350",57599
"3351",51122
"3352",64689
"3353",9136
"3354",10057
"3355",84836
"3356",10289
"3357",26084
"3358",54800
"3359",25981
"3360",6747
"3361",92999
"3362",7134
"3363",4820
"3364",1181
"3365",27086
"3366",1981
"3367",28972
"3368",6787
"3369",6508
"3370",54891
"3371",1933
"3372",8745
"3373",1716
"3374",55233
"3375",55683
"3376",81562
"3377",6242
"3378",150465
"3379",3552
"3380",6364
"3381",200576
"3382",30818
"3383",51011
"3384",4691
"3385",10120
"3386",80255
"3387",10096
"3388",55240
"3389",57669
"3390",51639
"3391",9540
"3392",51277
"3393",10254
"3394",2820
"3395",1058
"3396",90
"3397",85461
"3398",4358
"3399",2976
"3400",8890
"3401",29959
"3402",64838
"3403",3676
"3404",10213
"3405",9784
"3406",100302652
"3407",5496
"3408",92840
"3409",54760
"3410",10297
"3411",64135
"3412",6209
"3413",25801
"3414",83444
"3415",7841
"3416",64427
"3417",374291
"3418",84759
"3419",79745
"3420",6711
"3421",550
"3422",57142
"3423",27429
"3424",84695
"3425",1796
"3426",2591
"3427",56655
"3428",6869
"3429",55704
"3430",84141
"3431",9801
"3432",10314
"3433",84128
"3434",2202
"3435",55120
"3436",2335
"3437",6772
"3438",2744
"3439",64895
"3440",55825
"3441",25972
"3442",3485
"3443",84173
"3444",3488
"3445",9736
"3446",10575
"3447",2677
"3448",23301
"3449",10190
"3450",80219
"3451",23451
"3452",8869
"3453",9486
"3454",79031
"3455",25843
"3456",3336
"3457",55818
"3458",84812
"3459",51652
"3460",7701
"3461",3554
"3462",8808
"3463",8809
"3464",2274
"3465",79083
"3466",27013
"3467",80146
"3468",10058
"3469",8576
"3470",3069
"3471",5510
"3472",23178
"3473",10494
"3474",3398
"3475",9014
"3476",3241
"3477",4953
"3478",57448
"3479",79954
"3480",55041
"3481",26003
"3482",6801
"3483",10153
"3484",23683
"3485",80067
"3486",25797
"3487",22930
"3488",8604
"3489",151393
"3490",1746
"3491",1615
"3492",6432
"3493",6382
"3494",6509
"3495",6654
"3496",8942
"3497",7456
"3498",4999
"3499",9167
"3500",56902
"3501",5000
"3502",390
"3503",1386
"3504",63892
"3505",22848
"3506",66008
"3507",54980
"3508",7072
"3509",51449
"3510",2034
"3511",1820
"3512",7341
"3513",116444
"3514",25806
"3515",525
"3516",4780
"3517",2956
"3518",65977
"3519",6697
"3520",2043
"3521",117583
"3522",10056
"3523",7840
"3524",607
"3525",5396
"3526",1718
"3527",23341
"3528",79906
"3529",2882
"3530",27101
"3531",6342
"3532",60676
"3533",55103
"3534",9068
"3535",9731
"3536",9917
"3537",127428
"3538",9528
"3539",115353
"3540",49856
"3541",51253
"3542",23463
"3543",6146
"3544",5768
"3545",6814
"3546",148479
"3547",54206
"3548",11315
"3549",57535
"3550",271
"3551",6429
"3552",51102
"3553",3749
"3554",80267
"3555",79084
"3556",515
"3557",5906
"3558",3065
"3559",829
"3560",64766
"3561",127544
"3562",10067
"3563",55223
"3564",55870
"3565",6421
"3566",58480
"3567",54856
"3568",9181
"3569",28956
"3570",4209
"3571",85440
"3572",6723
"3573",26232
"3574",26270
"3575",81563
"3576",54823
"3577",10459
"3578",9829
"3579",3953
"3580",10625
"3581",90231
"3582",9927
"3583",60672
"3584",9887
"3585",4688
"3586",23169
"3587",5321
"3588",1647
"3589",79971
"3590",7799
"3591",5997
"3592",6738
"3593",51377
"3594",10286
"3595",9295
"3596",1491
"3597",79814
"3598",56944
"3599",23207
"3600",1429
"3601",10745
"3602",7709
"3603",965
"3604",339488
"3605",8458
"3606",252839
"3607",54936
"3608",55700
"3609",10352
"3610",127700
"3611",64960
"3612",149371
"3613",8443
"3614",7257
"3615",54955
"3616",64121
"3617",4811
"3618",3964
"3619",4548
"3620",57568
"3621",6018
"3622",127396
"3623",10000
"3624",2117
"3625",34
"3626",81849
"3627",23266
"3628",6390
"3629",4237
"3630",80135
"3631",10765
"3632",6675
"3633",1486
"3634",5999
"3635",59349
"3636",117178
"3637",54680
"3638",5929
"3639",2635
"3640",2633
"3641",100861548
"3642",57576
"3643",653519
"3644",5129
"3645",8934
"3646",11126
"3647",1889
"3648",3155
"3649",2582
"3650",3399
"3651",4179
"3652",9129
"3653",51107
"3654",64175
"3655",6513
"3656",10969
"3657",991
"3658",9048
"3659",9670
"3660",533
"3661",8704
"3662",79033
"3663",8643
"3664",10327
"3665",5052
"3666",8503
"3667",10103
"3668",8548
"3669",10560
"3670",2166
"3671",387338
"3672",50999
"3673",1810
"3674",1266
"3675",23215
"3676",2152
"3677",5825
"3678",8674
"3679",51611
"3680",58155
"3681",7292
"3682",9588
"3683",55157
"3684",3290
"3685",27042
"3686",9890
"3687",11123
"3688",25949
"3689",57035
"3690",23443
"3691",55758
"3692",3925
"3693",56181
"3694",57134
"3695",4751
"3696",6195
"3697",79947
"3698",29937
"3699",25936
"3700",8289
"3701",1063
"3702",6118
"3703",5511
"3704",23673
"3705",54996
"3706",114883
"3707",51060
"3708",57488
"3709",10849
"3710",23184
"3711",5955
"3712",1509
"3713",78989
"3714",10274
"3715",6794
"3716",4297
"3717",11181
"3718",56912
"3719",335
"3720",11133
"3721",6230
"3722",9928
"3723",7139
"3724",83479
"3725",23271
"3726",22926
"3727",55686
"3728",22868
"3729",8828
"3730",1385
"3731",8609
"3732",79630
"3733",9789
"3734",57558
"3735",6785
"3736",27145
"3737",9994
"3738",9324
"3739",90025
"3740",81573
"3741",84251
"3742",23469
"3743",5325
"3744",84085
"3745",7128
"3746",9465
"3747",10981
"3748",6446
"3749",81847
"3750",1490
"3751",6943
"3752",26234
"3753",80306
"3754",9194
"3755",10329
"3756",80264
"3757",8673
"3758",64858
"3759",103910
"3760",2309
"3761",84071
"3762",6185
"3763",60436
"3764",5311
"3765",9429
"3766",8987
"3767",10983
"3768",5918
"3769",64747
"3770",25782
"3771",196483
"3772",5493
"3773",29855
"3774",11278
"3775",7347
"3776",64342
"3777",60526
"3778",57539
"3779",894
"3780",22936
"3781",56171
"3782",57404
"3783",4709
"3784",9330
"3785",23314
"3786",7320
"3787",687
"3788",9414
"3789",9270
"3790",51692
"3791",80235
"3792",205564
"3793",80212
"3794",84886
"3795",55127
"3796",9991
"3797",5887
"3798",23307
"3799",8727
"3800",54942
"3801",89891
"3802",6418
"3803",5524
"3804",2733
"3805",51552
"3806",11064
"3807",22954
"3808",26190
"3809",26147
"3810",10783
"3811",5537
"3812",4702
"3813",81932
"3814",92400
"3815",84263
"3816",79109
"3817",8013
"3818",27130
"3819",79695
"3820",57706
"3821",85365
"3822",1441
"3823",2531
"3824",9525
"3825",148223
"3826",84878
"3827",56252
"3828",26094
"3829",51077
"3830",5228
"3831",83982
"3832",80127
"3833",91754
"3834",97
"3835",112752
"3836",10577
"3837",83544
"3838",64207
"3839",10965
"3840",4053
"3841",9870
"3842",27030
"3843",23093
"3844",55640
"3845",5826
"3846",1743
"3847",57718
"3848",7043
"3849",79696
"3850",81892
"3851",58517
"3852",4329
"3853",8111
"3854",8892
"3855",55051
"3856",51004
"3857",57862
"3858",23433
"3859",10936
"3860",9913
"3861",114818
"3862",1788
"3863",54867
"3864",54454
"3865",2281
"3866",64225
"3867",51646
"3868",25940
"3869",84272
"3870",54812
"3871",25927
"3872",53335
"3873",9419
"3874",4072
"3875",26503
"3876",79627
"3877",55719
"3878",3416
"3879",83401
"3880",3437
"3881",3433
"3882",57678
"3883",51076
"3884",5507
"3885",84795
"3886",4601
"3887",10285
"3888",80007
"3889",3070
"3890",26123
"3891",404636
"3892",60370
"3893",55717
"3894",79591
"3895",30819
"3896",159686
"3897",2805
"3898",10672
"3899",3218
"3900",284058
"3901",3215
"3902",3213
"3903",1843
"3904",79646
"3905",4488
"3906",7010
"3907",10171
"3908",79886
"3909",29126
"3910",348995
"3911",25902
"3912",84918
"3913",80129
"3914",5110
"3915",57480
"3916",80177
"3917",84418
"3918",54853
"3919",64411
"3920",56128
"3921",56126
"3922",56122
"3923",56124
"3924",63931
"3925",91687
"3926",8995
"3927",111240474
"3928",92344
"3929",39
"3930",6950
"3931",399979
"3932",3762
"3933",79684
"3934",51248
"3935",84068
"3936",84955
"3937",56943
"3938",84930
"3939",56243
"3940",84898
"3941",80314
"3942",440073
"3943",84318
"3944",6883
"3945",55068
"3946",9617
"3947",29103
"3948",80209
"3949",51569
"3950",11193
"3951",1997
"3952",4093
"3953",10808
"3954",84078
"3955",29880
"3956",11340
"3957",2107
"3958",7045
"3959",100128966
"3960",64374
"3961",51247
"3962",51780
"3963",1958
"3964",27230
"3965",5357
"3966",22835
"3967",7181
"3968",27340
"3969",7112
"3970",400
"3971",83468
"3972",80298
"3973",8835
"3974",4801
"3975",51019
"3976",317
"3977",1846
"3978",1191
"3979",8795
"3980",10174
"3981",2185
"3982",5533
"3983",64236
"3984",81790
"3985",4879
"3986",29914
"3987",23435
"3988",943
"3989",51123
"3990",10434
"3991",10987
"3992",157506
"3993",8165
"3994",8161
"3995",7706
"3996",59342
"3997",8405
"3998",6909
"3999",10237
"4000",81558
"4001",23397
"4002",23240
"4003",84057
"4004",117854
"4005",64282
"4006",113
"4007",84902
"4008",57616
"4009",55268
"4010",79887
"4011",79912
"4012",3764
"4013",55269
"4014",256051
"4015",1
"4016",65982
"4017",10520
"4018",23024
"4019",89884
"4020",6045
"4021",81627
"4022",26984
"4023",1475
"4024",8702
"4025",80218
"4026",81930
"4027",51029
"4028",9479
"4029",1408
"4030",9409
"4031",91614
"4032",847
"4033",29990
"4034",7750
"4035",2700
"4036",64786
"4037",576
"4038",51538
"4039",2170
"4040",10657
"4041",55116
"4042",9034
"4043",84265
"4044",8743
"4045",51193
"4046",5290
"4047",23244
"4048",80008
"4049",11019
"4050",113452
"4051",7579
"4052",55791
"4053",23155
"4054",29899
"4055",79712
"4056",7852
"4057",84083
"4058",92
"4059",51426
"4060",6144
"4061",219402
"4062",2971
"4063",387496
"4064",5412
"4065",84248
"4066",130916
"4067",4952
"4068",51116
"4069",2331
"4070",57179
"4071",1314
"4072",5930
"4073",29066
"4074",84947
"4075",311
"4076",11155
"4077",54537
"4078",84293
"4079",7755
"4080",79903
"4081",6125
"4082",57489
"4083",5737
"4084",54482
"4085",127495
"4086",25950
"4087",84146
"4088",343099
"4089",79871
"4090",80148
"4091",27241
"4092",5395
"4093",83637
"4094",989
"4095",80820
"4096",55975
"4097",64224
"4098",11335
"4099",3181
"4100",84668
"4101",3204
"4102",3624
"4103",11328
"4104",51251
"4105",10124
"4106",51622
"4107",27434
"4108",29960
"4109",7291
"4110",55234
"4111",152007
"4112",92014
"4113",1211
"4114",8434
"4115",48
"4116",79269
"4117",57670
"4118",8805
"4119",78996
"4120",800
"4121",170685
"4122",5328
"4123",5552
"4124",9469
"4125",80114
"4126",55847
"4127",1959
"4128",11319
"4129",5033
"4130",8034
"4131",11130
"4132",9559
"4133",9904
"4134",11113
"4135",28981
"4136",35
"4137",84329
"4138",79039
"4139",23389
"4140",1031
"4141",26994
"4142",11228
"4143",79365
"4144",8082
"4145",3709
"4146",55297
"4147",64168
"4148",11059
"4149",23597
"4150",10549
"4151",10212
"4152",5585
"4153",79002
"4154",976
"4155",84292
"4156",10755
"4157",57213
"4158",84650
"4159",540
"4160",23091
"4161",57486
"4162",64105
"4163",10133
"4164",80760
"4165",466
"4166",10102
"4167",4327
"4168",5204
"4169",65244
"4170",29095
"4171",3164
"4172",1017
"4173",4035
"4174",60673
"4175",64375
"4176",23583
"4177",10376
"4178",25895
"4179",55709
"4180",1757
"4181",64756
"4182",6491
"4183",55355
"4184",3598
"4185",262
"4186",29078
"4187",85015
"4188",9643
"4189",203447
"4190",139231
"4191",9367
"4192",79828
"4193",79809
"4194",9111
"4195",29994
"4196",206358
"4197",9926
"4198",55509
"4199",50486
"4200",3759
"4201",57826
"4202",5393
"4203",81579
"4204",80776
"4205",79934
"4206",5208
"4207",NA
"4208",23682
"4209",27161
"4210",10608
"4211",1164
"4212",164781
"4213",2181
"4214",79586
"4215",23549
"4216",3623
"4217",23363
"4218",6560
"4219",84080
"4220",116151
"4221",90203
"4222",140686
"4223",79183
"4224",57580
"4225",3787
"4226",57468
"4227",6385
"4228",8202
"4229",51604
"4230",8785
"4231",57727
"4232",9217
"4233",84612
"4234",514
"4235",84181
"4236",5335
"4237",84969
"4238",6431
"4239",10564
"4240",57169
"4241",1434
"4242",387522
"4243",57403
"4244",5740
"4245",6780
"4246",6615
"4247",27304
"4248",8675
"4249",56937
"4250",55905
"4251",55661
"4252",55653
"4253",140825
"4254",4552
"4255",79072
"4256",5184
"4257",23096
"4258",6845
"4259",10617
"4260",55577
"4261",84693
"4262",400961
"4263",11017
"4264",10199
"4265",27189
"4266",10396
"4267",23326
"4268",79177
"4269",7596
"4270",27076
"4271",8239
"4272",55809
"4273",10385
"4274",23408
"4275",57380
"4276",56897
"4277",88745
"4278",NA
"4279",6631
"4280",5269
"4281",57510
"4282",89845
"4283",5190
"4284",4835
"4285",NA
"4286",221443
"4287",57505
"4288",346157
"4289",6204
"4290",4337
"4291",8970
"4292",9477
"4293",6903
"4294",25803
"4295",6954
"4296",9587
"4297",116138
"4298",54210
"4299",4201
"4300",1026
"4301",6659
"4302",2739
"4303",6239
"4304",6745
"4305",83732
"4306",51000
"4307",10799
"4308",6310
"4309",9972
"4310",7913
"4311",9521
"4312",860
"4313",9208
"4314",2069
"4315",745
"4316",79026
"4317",55831
"4318",23019
"4319",NA
"4320",583
"4321",4502
"4322",80262
"4323",2806
"4324",55715
"4325",171425
"4326",84899
"4327",5911
"4328",10257
"4329",1948
"4330",9375
"4331",78995
"4332",3659
"4333",65109
"4334",7737
"4335",23157
"4336",4694
"4337",27109
"4338",652
"4339",5732
"4340",8603
"4341",2868
"4342",6662
"4343",9953
"4344",399512
"4345",51081
"4346",23163
"4347",79637
"4348",79902
"4349",60386
"4350",57409
"4351",30833
"4352",55154
"4353",7270
"4354",9329
"4355",64794
"4356",54776
"4357",79143
"4358",4987
"4359",56731
"4360",79025
"4361",79144
"4362",3553
"4363",5342
"4364",84269
"4365",7849
"4366",51141
"4367",84172
"4368",54520
"4369",23550
"4370",79085
"4371",5623
"4372",2962
"4373",84266
"4374",8192
"4375",8744
"4376",57187
"4377",5469
"4378",9349
"4379",84938
"4380",718
"4381",10045
"4382",9322
"4383",56927
"4384",2354
"4385",80207
"4386",6633
"4387",6253
"4388",24139
"4389",7408
"4390",8189
"4391",56261
"4392",27111
"4393",80025
"4394",284800
"4395",64412
"4396",63908
"4397",1059
"4398",9491
"4399",92675
"4400",10616
"4401",56255
"4402",140901
"4403",6628
"4404",80023
"4405",55317
"4406",6238
"4407",650
"4408",7692
"4409",23767
"4410",8195
"4411",631
"4412",11034
"4413",6629
"4414",92667
"4415",128637
"4416",3704
"4417",84515
"4418",83541
"4419",64949
"4420",56926
"4421",10236
"4422",80818
"4423",4149
"4424",100529261
"4425",64860
"4426",8200
"4427",10893
"4428",63941
"4429",3397
"4430",22913
"4431",83658
"4432",8894
"4433",51614
"4434",140823
"4435",11190
"4436",5326
"4437",101410538
"4438",2925
"4439",8242
"4440",154796
"4441",11070
"4442",5690
"4443",192669
"4444",7389
"4445",6487
"4446",79639
"4447",79654
"4448",3831
"4449",7517
"4450",10426
"4451",2159
"4452",55795
"4453",79414
"4454",79713
"4455",826
"4456",84306
"4457",79171
"4458",10054
"4459",10870
"4460",1340
"4461",7067
"4462",1236
"4463",9572
"4464",83786
"4465",25824
"4466",83596
"4467",3661
"4468",3276
"4469",6237
"4470",58506
"4471",57479
"4472",435
"4473",51119
"4474",6776
"4475",65266
"4476",8678
"4477",10131
"4478",84662
"4479",84081
"4480",22826
"4481",27245
"4482",2537
"4483",171017
"4484",10436
"4485",8409
"4486",2002
"4487",10245
"4488",64430
"4489",22863
"4490",3895
"4491",6495
"4492",9787
"4493",112849
"4494",3306
"4495",22890
"4496",57570
"4497",81537
"4498",26030
"4499",55288
"4500",55112
"4501",286336
"4502",8021
"4503",30848
"4504",8273
"4505",5605
"4506",3188
"4507",51309
"4508",59353
"4509",1678
"4510",55906
"4511",821
"4512",54973
"4513",64768
"4514",83744
"4515",59269
"4516",79717
"4517",1350
"4518",7186
"4519",79575
"4520",5648
"4521",92797
"4522",5908
"4523",117177
"4524",5787
"4525",8445
"4526",8089
"4527",3425
"4528",53834
"4529",84286
"4530",79000
"4531",5300
"4532",54850
"4533",23065
"4534",23352
"4535",50809
"4536",23309
"4537",79939
"4538",58513
"4539",10365
"4540",9002
"4541",10975
"4542",2671
"4543",9143
"4544",9088
"4545",117166
"4546",84219
"4547",63922
"4548",NA
"4549",23499
"4550",6597
"4551",23030
"4552",148022
"4553",84190
"4554",27190
"4555",83460
"4556",79066
"4557",7277
"4558",14
"4559",25953
"4560",55504
"4561",6049
"4562",1892
"4563",10142
"4564",2791
"4565",7979
"4566",3092
"4567",5782
"4568",5447
"4569",10875
"4570",51657
"4571",2770
"4572",NA
"4573",5189
"4574",7978
"4575",8910
"4576",84060
"4577",64921
"4578",163131
"4579",7538
"4580",79644
"4581",65997
"4582",10606
"4583",3791
"4584",5471
"4585",85378
"4586",79924
"4587",85359
"4588",54487
"4589",57168
"4590",23753
"4591",7533
"4592",4248
"4593",135
"4594",468
"4595",53947
"4596",11135
"4597",80833
"4598",2847
"4599",8459
"4600",4357
"4601",7263
"4602",23780
"4603",5880
"4604",3976
"4605",84645
"4606",200316
"4607",26150
"4608",3872
"4609",51234
"4610",7732
"4611",92521
"4612",51200
"4613",9732
"4614",25913
"4615",9296
"4616",51691
"4617",222256
"4618",79706
"4619",7425
"4620",5420
"4621",93986
"4622",57464
"4623",64792
"4624",4289
"4625",4189
"4626",2318
"4627",813
"4628",64753
"4629",6608
"4630",10234
"4631",23008
"4632",4698
"4633",6183
"4634",4430
"4635",10651
"4636",50940
"4637",1123
"4638",NA
"4639",64172
"4640",94101
"4641",8520
"4642",8924
"4643",6638
"4644",56984
"4645",57045
"4646",58504
"4647",440275
"4648",29767
"4649",146057
"4650",80237
"4651",90416
"4652",54617
"4653",79664
"4654",54567
"4655",54629
"4656",3712
"4657",90417
"4658",1854
"4659",79094
"4660",54982
"4661",10776
"4662",54832
"4663",91860
"4664",3671
"4665",56906
"4666",4016
"4667",51554
"4668",25847
"4669",8930
"4670",1315
"4671",5682
"4672",25870
"4673",23022
"4674",60559
"4675",26297
"4676",79733
"4677",1635
"4678",6665
"4679",54478
"4680",84268
"4681",6462
"4682",5338
"4683",968
"4684",84817
"4685",9513
"4686",10749
"4687",9526
"4688",51105
"4689",23639
"4690",904
"4691",83448
"4692",65095
"4693",3609
"4694",57153
"4695",1032
"4696",57509
"4697",25983
"4698",11035
"4699",84932
"4700",599
"4701",84962
"4702",112487
"4703",10038
"4704",25938
"4705",3169
"4706",58533
"4707",55837
"4708",112399
"4709",55320
"4710",4901
"4711",4738
"4712",1603
"4713",7011
"4714",7905
"4715",81533
"4716",84074
"4717",6397
"4718",79651
"4719",9459
"4720",79649
"4721",9070
"4722",80185
"4723",1028
"4724",151648
"4725",1013
"4726",83855
"4727",58986
"4728",83475
"4729",23383
"4730",25759
"4731",79948
"4732",81926
"4733",2593
"4734",8226
"4735",55780
"4736",55274
"4737",158046
"4738",9754
"4739",6303
"4740",54552
"4741",23677
"4742",158747
"4743",57572
"4744",51295
"4745",3949
"4746",84337
"4747",5589
"4748",1264
"4749",8881
"4750",51337
"4751",5819
"4752",348
"4753",10452
"4754",341
"4755",57631
"4756",23039
"4757",147965
"4758",9667
"4759",25873
"4760",148229
"4761",2657
"4762",84705
"4763",684
"4764",376497
"4765",55695
"4766",79709
"4767",79016
"4768",64981
"4769",25796
"4770",51690
"4771",56995
"4772",51429
"4773",84816
"4774",55278
"4775",51250
"4776",83861
"4777",4298
"4778",4301
"4779",81
"4780",4705
"4781",10095
"4782",57688
"4783",23149
"4784",55201
"4785",113730
"4786",7837
"4787",170463
"4788",9518
"4789",54858
"4790",80726
"4791",25804
"4792",3727
"4793",54795
"4794",79230
"4795",157922
"4796",10422
"4797",140685
"4798",85441
"4799",140700
"4800",1289
"4801",25814
"4802",10844
"4803",1571
"4804",375775
"4805",10298
"4806",26152
"4807",64793
"4808",6874
"4809",3911
"4810",9885
"4811",11047
"4812",445
"4813",23404
"4814",10585
"4815",83549
"4816",84929
"4817",27243
"4818",9040
"4819",10155
"4820",84326
"4821",78992
"4822",84971
"4823",1968
"4824",54958
"4825",23211
"4826",4861
"4827",4294
"4828",57470
"4829",83667
"4830",93974
"4831",54797
"4832",9473
"4833",6249
"4834",9026
"4835",57693
"4836",56342
"4837",8666
"4838",83854
"4839",55337
"4840",1786
"4841",79088
"4842",6535
"4843",139728
"4844",1736
"4845",55558
"4846",4354
"4847",55422
"4848",7776
"4849",4037
"4850",91574
"4851",25926
"4852",10277
"4853",54897
"4854",22927
"4855",11046
"4856",5638
"4857",7317
"4858",9104
"4859",85313
"4860",80328
"4861",9590
"4862",23345
"4863",79465
"4864",9113
"4865",54869
"4866",25980
"4867",9584
"4868",84905
"4869",2686
"4870",55902
"4871",60401
"4872",23229
"4873",10882
"4874",2670
"4875",529
"4876",7770
"4877",126299
"4878",7700
"4879",1327
"4880",10328
"4881",23199
"4882",51659
"4883",5119
"4884",6451
"4885",1349
"4886",2161
"4887",80758
"4888",4772
"4889",10487
"4890",5538
"4891",51132
"4892",22
"4893",7187
"4894",93323
"4895",64432
"4896",9467
"4897",26061
"4898",9779
"4899",23473
"4900",23180
"4901",64145
"4902",117248
"4903",6533
"4904",7376
"4905",8572
"4906",11127
"4907",4245
"4908",9945
"4909",7283
"4910",10197
"4911",6155
"4912",29893
"4913",47
"4914",84313
"4915",314
"4916",4695
"4917",54882
"4918",1729
"4919",80762
"4920",7322
"4921",60412
"4922",116983
"4923",54991
"4924",55107
"4925",8500
"4926",79652
"4927",79228
"4928",84231
"4929",4814
"4930",261734
"4931",4131
"4932",3597
"4933",54521
"4934",84240
"4935",3885
"4936",3884
"4937",7153
"4938",10948
"4939",5914
"4940",10656
"4941",9557
"4942",8799
"4943",2330
"4944",10401
"4945",5565
"4946",5160
"4947",64087
"4948",57343
"4949",79149
"4950",7691
"4951",55829
"4952",22856
"4953",6627
"4954",3996
"4955",55145
"4956",85415
"4957",83636
"4958",91442
"4959",55860
"4960",2643
"4961",3958
"4962",79883
"4963",3337
"4964",65249
"4965",84261
"4966",5989
"4967",7568
"4968",90379
"4969",54862
"4970",4148
"4971",6737
"4972",54558
"4973",10489
"4974",10693
"4975",22907
"4976",5894
"4977",5468
"4978",84824
"4979",51478
"4980",55556
"4981",84034
"4982",124907837
"4983",23647
"4984",85363
"4985",10346
"4986",23378
"4987",26515
"4988",23167
"4989",55037
"4990",10989
"4991",51318
"4992",80895
"4993",8864
"4994",10267
"4995",51540
"4996",5901
"4997",5562
"4998",84674
"4999",23108
"5000",23277
"5001",51763
"5002",10514
"5003",6117
"5004",5176
"5005",7326
"5006",60678
"5007",57533
"5008",85013
"5009",51805
"5010",25957
"5011",64208
"5012",23480
"5013",55915
"5014",63979
"5015",2926
"5016",10117
"5017",3512
"5018",26057
"5019",57050
"5020",3691
"5021",23558
"5022",3021
"5023",85451
"5024",91107
"5025",9406
"5026",1984
"5027",23135
"5028",2874
"5029",54739
"5030",1742
"5031",10247
"5032",157680
"5033",4147
"5034",51308
"5035",84105
"5036",6388
"5037",2319
"5038",26284
"5039",54496
"5040",51388
"5041",7014
"5042",27183
"5043",92154
"5044",64773
"5045",22903
"5046",5111
"5047",29107
"5048",10621
"5049",54453
"5050",5786
"5051",7818
"5052",22889
"5053",10763
"5054",9826
"5055",50717
"5056",23208
"5057",3508
"5058",9633
"5059",25974
"5060",1802
"5061",114034
"5062",4678
"5063",4595
"5064",56259
"5065",64900
"5066",140831
"5067",55544
"5068",128434
"5069",51526
"5070",10955
"5071",5509
"5072",8546
"5073",84327
"5074",10207
"5075",93611
"5076",79363
"5077",842
"5078",51164
"5079",9205
"5080",10208
"5081",64328
"5082",51371
"5083",1024
"5084",241
"5085",NA
"5086",10810
"5087",4628
"5088",10400
"5089",6341
"5090",23164
"5091",5287
"5092",25778
"5093",254428
"5094",9911
"5095",57511
"5096",23111
"5097",94240
"5098",7223
"5099",10631
"5100",5994
"5101",7178
"5102",55425
"5103",5983
"5104",90627
"5105",79710
"5106",54885
"5107",79921
"5108",55859
"5109",84923
"5110",201266
"5111",2048
"5112",10250
"5113",55643
"5114",84787
"5115",84330
"5116",23640
"5117",1455
"5118",84250
"5119",55748
"5120",28992
"5121",54663
"5122",10313
"5123",5920
"5124",123811
"5125",84246
"5126",22880
"5127",9215
"5128",653689
"5129",84700
"5130",66035
"5131",114904
"5132",474344
"5133",90956
"5134",23608
"5135",116988
"5136",84626
"5137",57180
"5138",694
"5139",91298
"5140",79572
"5141",80195
"5142",83857
"5143",3845
"5144",10526
"5145",51520
"5146",3612
"5147",85444
"5148",1875
"5149",29080
"5150",23075
"5151",406
"5152",272
"5153",81846
"5154",9645
"5155",22800
"5156",3295
"5157",196441
"5158",51669
"5159",79845
"5160",5977
"5161",4221
"5162",11161
"5163",80017
"5164",8650
"5165",51241
"5166",10001
"5167",1965
"5168",4017
"5169",55140
"5170",9811
"5171",8932
"5172",51124
"5173",92259
"5174",891
"5175",1022
"5176",3656
"5177",8536
"5178",25917
"5179",7428
"5180",8553
"5181",55207
"5182",9695
"5183",10752
"5184",4212
"5185",89978
"5186",79768
"5187",56851
"5188",55119
"5189",10100
"5190",2949
"5191",2947
"5192",84722
"5193",6272
"5194",7482
"5195",10542
"5196",4853
"5197",80263
"5198",10390
"5199",4803
"5200",10717
"5201",8774
"5202",56907
"5203",51535
"5204",51303
"5205",377
"5206",79022
"5207",54407
"5208",NA
"5209",10971
"5210",57498
"5211",29841
"5212",9475
"5213",23175
"5214",285148
"5215",3939
"5216",63982
"5217",3572
"5218",10468
"5219",89796
"5220",79577
"5221",10440
"5222",6210
"5223",4677
"5224",57614
"5225",84893
"5226",84991
"5227",54522
"5228",79746
"5229",3601
"5230",902
"5231",85019
"5232",284252
"5233",91768
"5234",1794
"5235",2012
"5236",6660
"5237",4038
"5238",1643
"5239",53
"5240",8933
"5241",9363
"5242",51634
"5243",143689
"5244",9698
"5245",90853
"5246",8565
"5247",1912
"5248",55143
"5249",29889
"5250",192670
"5251",91408
"5252",23318
"5253",84950
"5254",51444
"5255",55250
"5256",1837
"5257",80206
"5258",25941
"5259",747
"5260",29015
"5261",26519
"5262",9704
"5263",9415
"5264",746
"5265",55858
"5266",9575
"5267",5156
"5268",87769
"5269",1284
"5270",22873
"5271",337867
"5272",55082
"5273",54841
"5274",2073
"5275",7174
"5276",79070
"5277",79587
"5278",9743
"5279",3703
"5280",11095
"5281",2113
"5282",219855
"5283",51014
"5284",324
"5285",124906525
"5286",134430
"5287",26578
"5288",55312
"5289",29979
"5290",60560
"5291",55071
"5292",301
"5293",1514
"5294",23670
"5295",23287
"5296",51280
"5297",29968
"5298",81689
"5299",8728
"5300",79616
"5301",51347
"5302",84749
"5303",23014
"5304",6926
"5305",84900
"5306",5025
"5307",10906
"5308",9988
"5309",79161
"5310",57639
"5311",85025
"5312",948
"5313",50640
"5314",29923
"5315",60561
"5316",6733
"5317",26136
"5318",29969
"5319",25821
"5320",80759
"5321",22832
"5322",10492
"5323",57231
"5324",4907
"5325",55122
"5326",23595
"5327",167691
"5328",6885
"5329",79899
"5330",51317
"5331",55226
"5332",26298
"5333",4076
"5334",517
"5335",85406
"5336",967
"5337",10677
"5338",10220
"5339",3679
"5340",5959
"5341",2647
"5342",1019
"5343",10024
"5344",6302
"5345",2583
"5346",7024
"5347",93058
"5348",23017
"5349",9924
"5350",9700
"5351",3855
"5352",84872
"5353",3178
"5354",NA
"5355",91
"5356",10956
"5357",84946
"5358",9053
"5359",8763
"5360",246269
"5361",57224
"5362",54806
"5363",5570
"5364",6610
"5365",64780
"5366",85021
"5367",8676
"5368",84279
"5369",10505
"5370",10574
"5371",26056
"5372",10322
"5373",84865
"5374",27345
"5375",9958
"5376",2799
"5377",1368
"5378",4193
"5379",79786
"5380",10200
"5381",9764
"5382",1783
"5383",55336
"5384",29109
"5385",92922
"5386",6553
"5387",183
"5388",80003
"5389",3775
"5390",9816
"5391",54583
"5392",22796
"5393",23456
"5394",84284
"5395",27097
"5396",2752
"5397",10228
"5398",6041
"5399",1660
"5400",57710
"5401",9857
"5402",116496
"5403",5279
"5404",3915
"5405",149041
"5406",3431
"5407",65080
"5408",55619
"5409",9654
"5410",57695
"5411",3357
"5412",81618
"5413",5270
"5414",3300
"5415",64114
"5416",1593
"5417",9470
"5418",80210
"5419",51719
"5420",1329
"5421",51455
"5422",80705
"5423",84804
"5424",55654
"5425",9392
"5426",9648
"5427",64965
"5428",79074
"5429",375248
"5430",26122
"5431",50649
"5432",23479
"5433",160428
"5434",84101
"5435",55681
"5436",10970
"5437",10154
"5438",55198
"5439",11137
"5440",55332
"5441",23325
"5442",84102
"5443",50853
"5444",2317
"5445",4752
"5446",51028
"5447",79621
"5448",26586
"5449",9882
"5450",55901
"5451",79866
"5452",23143
"5453",8803
"5454",55213
"5455",29079
"5456",51131
"5457",NA
"5458",83548
"5459",4008
"5460",9445
"5461",10253
"5462",55270
"5463",1910
"5464",1102
"5465",83852
"5466",9805
"5467",79020
"5468",64759
"5469",55501
"5470",10643
"5471",5879
"5472",11014
"5473",11097
"5474",3569
"5475",55146
"5476",28969
"5477",9238
"5478",54606
"5479",3364
"5480",23148
"5481",80099
"5482",28988
"5483",83605
"5484",80727
"5485",91875
"5486",85446
"5487",10588
"5488",11173
"5489",58489
"5490",3658
"5491",53346
"5492",10518
"5493",10241
"5494",55316
"5495",4836
"5496",84073
"5497",6426
"5498",7716
"5499",1101
"5500",51204
"5501",55852
"5502",10238
"5503",80774
"5504",83990
"5505",11143
"5506",64108
"5507",86
"5508",4711
"5509",57129
"5510",6434
"5511",64844
"5512",11227
"5513",10010
"5514",6498
"5515",2058
"5516",3142
"5517",11311
"5518",51133
"5519",26750
"5520",150472
"5521",55627
"5522",55339
"5523",84317
"5524",79595
"5525",274
"5526",92856
"5527",9394
"5528",56886
"5529",2995
"5530",8027
"5531",10006
"5532",10730
"5533",64215
"5534",25934
"5535",56262
"5536",1025
"5537",7295
"5538",4957
"5539",23392
"5540",27348
"5541",51759
"5542",10592
"5543",9314
"5544",1861
"5545",9649
"5546",64855
"5547",27090
"5548",7111
"5549",153090
"5550",6812
"5551",29988
"5552",23452
"5553",55755
"5554",7539
"5555",1318
"5556",1317
"5557",7743
"5558",55014
"5559",9128
"5560",2356
"5561",10868
"5562",9550
"5563",54881
"5564",84253
"5565",54534
"5566",8818
"5567",158427
"5568",9568
"5569",5695
"5570",51531
"5571",10244
"5572",2800
"5573",7507
"5574",4686
"5575",10541
"5576",5082
"5577",11224
"5578",1515
"5579",81873
"5580",5168
"5581",79075
"5582",79139
"5583",4609
"5584",4856
"5585",90865
"5586",90871
"5587",26953
"5588",64425
"5589",9373
"5590",3590
"5591",55833
"5592",54840
"5593",152006
"5594",7094
"5595",25822
"5596",26206
"5597",11258
"5598",971
"5599",51754
"5600",9380
"5601",219
"5602",84681
"5603",84904
"5604",55667
"5605",6194
"5606",10695
"5607",116113
"5608",51645
"5609",89953
"5610",63971
"5611",7746
"5612",5292
"5613",2766
"5614",23070
"5615",7020
"5616",25844
"5617",81853
"5618",55362
"5619",10817
"5620",93643
"5621",63027
"5622",7280
"5623",55227
"5624",2295
"5625",670
"5626",8737
"5627",347733
"5628",84300
"5629",3159
"5630",6941
"5631",10211
"5632",8870
"5633",9656
"5634",84547
"5635",79969
"5636",7172
"5637",255488
"5638",11270
"5639",23787
"5640",57176
"5641",129685
"5642",51439
"5643",132864
"5644",85462
"5645",84709
"5646",9873
"5647",408
"5648",5612
"5649",338699
"5650",10068
"5651",4926
"5652",60492
"5653",54843
"5654",27314
"5655",58487
"5656",2615
"5657",5547
"5658",79731
"5659",55298
"5660",29088
"5661",8836
"5662",23213
"5663",96764
"5664",6386
"5665",4750
"5666",55601
"5667",6653
"5668",84811
"5669",7225
"5670",85016
"5671",84259
"5672",10413
"5673",2542
"5674",5962
"5675",5519
"5676",2230
"5677",64776
"5678",57569
"5679",834
"5680",91801
"5681",5607
"5682",58472
"5683",51496
"5684",79811
"5685",7057
"5686",23005
"5687",51203
"5688",51103
"5689",9493
"5690",22801
"5691",57082
"5692",55142
"5693",23168
"5694",56965
"5695",6176
"5696",54852
"5697",54839
"5698",27229
"5699",55177
"5700",3706
"5701",55075
"5702",4091
"5703",80021
"5704",102
"5705",54816
"5706",80031
"5707",51187
"5708",2644
"5709",8412
"5710",79739
"5711",54874
"5712",56267
"5713",2959
"5714",5876
"5715",54810
"5716",105378858
"5717",10561
"5718",NA
"5719",1629
"5720",8634
"5721",26160
"5722",85465
"5723",3032
"5724",3795
"5725",109
"5726",5495
"5727",87178
"5728",51626
"5729",3973
"5730",80745
"5731",1545
"5732",5861
"5733",10097
"5734",10113
"5735",8884
"5736",9581
"5737",11117
"5738",80204
"5739",51374
"5740",79172
"5741",10128
"5742",1838
"5743",10121
"5744",79847
"5745",26509
"5746",84171
"5747",57559
"5748",84896
"5749",3832
"5750",50624
"5751",10579
"5752",1847
"5753",51063
"5754",403
"5755",55165
"5756",9585
"5757",953
"5758",54536
"5759",51196
"5760",5950
"5761",51163
"5762",23317
"5763",310
"5764",317662
"5765",51008
"5766",22891
"5767",6229
"5768",80312
"5769",1763
"5770",84665
"5771",316
"5772",471
"5773",50485
"5774",580
"5775",6775
"5776",79800
"5777",54529
"5778",29081
"5779",6741
"5780",4664
"5781",65061
"5782",9360
"5783",79675
"5784",57520
"5785",3417
"5786",29789
"5787",9541
"5788",6744
"5789",1134
"5790",150864
"5791",55759
"5792",10152
"5793",3685
"5794",30061
"5795",55032
"5796",84925
"5797",57337
"5798",10063
"5799",83666
"5800",55329
"5801",9101
"5802",9728
"5803",29766
"5804",84888
"5805",26035
"5806",90525
"5807",83464
"5808",81556
"5809",54956
"5810",60490
"5811",8482
"5812",84993
"5813",83478
"5814",10144
"5815",8916
"5816",55008
"5817",57575
"5818",55345
"5819",55435
"5820",51138
"5821",3184
"5822",5593
"5823",153020
"5824",22872
"5825",2250
"5826",84803
"5827",2247
"5828",55212
"5829",84162
"5830",658
"5831",5910
"5832",55132
"5833",8654
"5834",11107
"5835",7222
"5836",27163
"5837",53371
"5838",55589
"5839",9908
"5840",55752
"5841",80144
"5842",950
"5843",901
"5844",246175
"5845",8615
"5846",57619
"5847",306
"5848",27068
"5849",1062
"5850",79807
"5851",57117
"5852",839
"5853",3033
"5854",9061
"5855",10427
"5856",5530
"5857",64116
"5858",2201
"5859",23162
"5860",5998
"5861",83606
"5862",91445
"5863",85352
"5864",2120
"5865",23710
"5866",51067
"5867",121512
"5868",84920
"5869",58516
"5870",121536
"5871",254013
"5872",55500
"5873",85437
"5874",84216
"5875",144165
"5876",51279
"5877",4704
"5878",9746
"5879",10219
"5880",6843
"5881",55080
"5882",5830
"5883",196500
"5884",55089
"5885",347902
"5886",9169
"5887",84298
"5888",NA
"5889",121227
"5890",92979
"5891",83729
"5892",11010
"5893",22822
"5894",55266
"5895",374462
"5896",1848
"5897",282809
"5898",160418
"5899",4060
"5900",6636
"5901",121441
"5902",283431
"5903",114795
"5904",121260
"5905",6996
"5906",84934
"5907",113675
"5908",326625
"5909",51228
"5910",9815
"5911",84260
"5912",84915
"5913",9818
"5914",9107
"5915",283537
"5916",6541
"5917",222484
"5918",6821
"5919",85478
"5920",6895
"5921",94
"5922",79035
"5923",90634
"5924",6601
"5925",675
"5926",54934
"5927",91012
"5928",7786
"5929",11226
"5930",51380
"5931",55716
"5932",60314
"5933",23344
"5934",7009
"5935",283373
"5936",283337
"5937",115825
"5938",144983
"5939",10161
"5940",2098
"5941",5925
"5942",55206
"5943",23067
"5944",65082
"5945",79720
"5946",54509
"5947",8562
"5948",81624
"5949",64062
"5950",10150
"5951",84945
"5952",55647
"5953",79774
"5954",8451
"5955",6751
"5956",64403
"5957",161253
"5958",643866
"5959",4857
"5960",161357
"5961",81542
"5962",122786
"5963",57161
"5964",6252
"5965",145407
"5966",83851
"5967",145389
"5968",122830
"5969",8747
"5970",8816
"5971",376267
"5972",112840
"5973",90141
"5974",8477
"5975",145482
"5976",122953
"5977",10516
"5978",122616
"5979",7453
"5980",91833
"5981",81614
"5982",9990
"5983",4236
"5984",6938
"5985",6652
"5986",10169
"5987",146050
"5988",50506
"5989",256586
"5990",2252
"5991",663
"5992",2958
"5993",6727
"5994",22893
"5995",85455
"5996",146059
"5997",7090
"5998",8125
"5999",54939
"6000",92912
"6001",2108
"6002",597
"6003",10363
"6004",49855
"6005",10099
"6006",80349
"6007",10499
"6008",79661
"6009",4123
"6010",55466
"6011",59274
"6012",7168
"6013",3480
"6014",91947
"6015",80119
"6016",9960
"6017",1583
"6018",585
"6019",5371
"6020",55180
"6021",25989
"6022",5046
"6023",10066
"6024",145864
"6025",5428
"6026",55215
"6027",11057
"6028",90381
"6029",55070
"6030",4240
"6031",374655
"6032",55898
"6033",55784
"6034",5045
"6035",8826
"6036",64784
"6037",79631
"6038",23478
"6039",84656
"6040",5373
"6041",7041
"6042",64755
"6043",79798
"6044",5073
"6045",79068
"6046",7385
"6047",1039
"6048",55114
"6049",9785
"6050",54957
"6051",463
"6052",221184
"6053",84166
"6054",10300
"6055",3801
"6056",283927
"6057",2653
"6058",123920
"6059",1009
"6060",8996
"6061",81631
"6062",8720
"6063",1012
"6064",23174
"6065",57707
"6066",29948
"6067",89941
"6068",54925
"6069",6187
"6070",4716
"6071",5170
"6072",91151
"6073",54849
"6074",22980
"6075",2588
"6076",2622
"6077",55090
"6078",9611
"6079",8533
"6080",79018
"6081",57336
"6082",93649
"6083",8844
"6084",84916
"6085",57610
"6086",1506
"6087",81577
"6088",28987
"6089",5636
"6090",58488
"6091",10040
"6092",55028
"6093",10140
"6094",55275
"6095",9905
"6096",9520
"6097",90506
"6098",90507
"6099",85464
"6100",22901
"6101",10351
"6102",92579
"6103",1213
"6104",54828
"6105",51651
"6106",6760
"6107",6875
"6108",10939
"6109",10650
"6110",3613
"6111",2774
"6112",25800
"6113",55197
"6114",83608
"6115",2589
"6116",64762
"6117",114799
"6118",114876
"6119",2627
"6120",29919
"6121",27043
"6122",4864
"6123",6563
"6124",409
"6125",55135
"6126",50488
"6127",112483
"6128",432
"6129",7157
"6130",55036
"6131",396
"6132",9123
"6133",94015
"6134",10966
"6135",9775
"6136",1453
"6137",51529
"6138",6904
"6139",79672
"6140",26502
"6141",57521
"6142",3607
"6143",201292
"6144",57332
"6145",6398
"6146",114804
"6147",22994
"6148",56270
"6149",8535
"6150",54808
"6151",55520
"6152",4152
"6153",4089
"6154",54877
"6155",201456
"6156",5366
"6157",10609
"6158",115024
"6159",162427
"6160",2064
"6161",84299
"6162",3487
"6163",60681
"6164",10907
"6165",773
"6166",113230
"6167",90378
"6168",23476
"6169",29985
"6170",4782
"6171",91978
"6172",8612
"6173",63977
"6174",5211
"6175",55527
"6176",93343
"6177",6455
"6178",56931
"6179",91039
"6180",90324
"6181",641649
"6182",57677
"6183",23410
"6184",10410
"6185",80162
"6186",1291
"6187",3454
"6188",6647
"6189",1292
"6190",150094
"6191",57410
"6192",757
"6193",351
"6194",9980
"6195",9875
"6196",207
"6197",2014
"6198",10055
"6199",126147
"6200",114783
"6201",79760
"6202",126374
"6203",81794
"6204",57140
"6205",11132
"6206",4542
"6207",105372481
"6208",59283
"6209",126208
"6210",90580
"6211",10498
"6212",115704
"6213",5694
"6214",25888
"6215",112703
"6216",6205
"6217",23521
"6218",90353
"6219",51070
"6220",57333
"6221",80110
"6222",6518
"6223",473
"6224",29943
"6225",1969
"6226",128272
"6227",79180
"6228",5195
"6229",5226
"6230",83442
"6231",10256
"6232",6135
"6233",51042
"6234",127703
"6235",79932
"6236",55194
"6237",10733
"6238",9064
"6239",54707
"6240",23038
"6241",84224
"6242",3339
"6243",23421
"6244",26135
"6245",8915
"6246",3491
"6247",5567
"6248",10026
"6249",113451
"6250",6202
"6251",11004
"6252",5792
"6253",266675
"6254",148932
"6255",8543
"6256",284612
"6257",22823
"6258",126969
"6259",90874
"6260",55917
"6261",85369
"6262",5686
"6263",1952
"6264",8515
"6265",23432
"6266",223
"6267",481
"6268",261726
"6269",29922
"6270",57645
"6271",25874
"6272",8804
"6273",55827
"6274",9095
"6275",7371
"6276",54499
"6277",5451
"6278",4259
"6279",64326
"6280",81607
"6281",51506
"6282",5498
"6283",2212
"6284",83540
"6285",8490
"6286",6391
"6287",5202
"6288",27005
"6289",5546
"6290",51093
"6291",79590
"6292",93183
"6293",81875
"6294",1382
"6295",3068
"6296",27
"6297",9213
"6298",26092
"6299",23179
"6300",127018
"6301",58497
"6302",7286
"6303",10262
"6304",1893
"6305",57592
"6306",80222
"6307",81609
"6308",9869
"6309",54507
"6310",574406
"6311",1513
"6312",5993
"6313",5298
"6314",8394
"6315",81611
"6316",55793
"6317",8416
"6318",8991
"6319",29956
"6320",2029
"6321",100996732
"6322",10500
"6323",65005
"6324",405
"6325",23126
"6326",54964
"6327",51686
"6328",55204
"6329",126626
"6330",3756
"6331",51514
"6332",8444
"6333",1939
"6334",25896
"6335",79805
"6336",9015
"6337",56950
"6338",11221
"6339",7159
"6340",57198
"6341",8751
"6342",10899
"6343",5872
"6344",7170
"6345",23557
"6346",11000
"6347",9898
"6348",27173
"6349",10456
"6350",148327
"6351",1944
"6352",25912
"6353",57459
"6354",3608
"6355",6016
"6356",65123
"6357",57657
"6358",128061
"6359",2590
"6360",79573
"6361",51097
"6362",1130
"6363",645455
"6364",52
"6365",116841
"6366",6726
"6367",4931
"6368",163859
"6369",8560
"6370",23219
"6371",375
"6372",29097
"6373",3707
"6374",2987
"6375",8476
"6376",149111
"6377",79169
"6378",129642
"6379",142
"6380",5664
"6381",29920
"6382",3930
"6383",7483
"6384",2052
"6385",5972
"6386",9580
"6387",55224
"6388",8497
"6389",22874
"6390",127829
"6391",130497
"6392",10130
"6393",388
"6394",245973
"6395",92906
"6396",130589
"6397",79823
"6398",27436
"6399",805
"6400",494143
"6401",6233
"6402",51057
"6403",51542
"6404",55252
"6405",54465
"6406",6637
"6407",4211
"6408",9391
"6409",84874
"6410",23020
"6411",64969
"6412",79998
"6413",51002
"6414",23233
"6415",94097
"6416",113419
"6417",8446
"6418",4867
"6419",128966597
"6420",5899
"6421",80775
"6422",11159
"6423",6574
"6424",129804
"6425",84524
"6426",51601
"6427",151313
"6428",129530
"6429",3899
"6430",23190
"6431",339745
"6432",2840
"6433",5433
"6434",83607
"6435",8502
"6436",79634
"6437",80856
"6438",23671
"6439",83879
"6440",1745
"6441",130507
"6442",493911
"6443",51454
"6444",165215
"6445",3329
"6446",284992
"6447",151194
"6448",65065
"6449",151050
"6450",79582
"6451",100130207
"6452",84236
"6453",57007
"6454",55502
"6455",339768
"6456",51281
"6457",64708
"6458",129563
"6459",2177
"6460",132001
"6461",9686
"6462",5868
"6463",79137
"6464",58190
"6465",9125
"6466",57574
"6467",114790
"6468",29926
"6469",85403
"6470",51143
"6471",27303
"6472",114884
"6473",84892
"6474",729085
"6475",64651
"6476",54977
"6477",2803
"6478",10217
"6479",9922
"6480",23066
"6481",6161
"6482",5793
"6483",54756
"6484",55164
"6485",115286
"6486",9039
"6487",10550
"6488",7110
"6489",26018
"6490",NA
"6491",8994
"6492",285349
"6493",64332
"6494",1295
"6495",91775
"6496",90102
"6497",55347
"6498",29114
"6499",285282
"6500",64422
"6501",91653
"6502",58477
"6503",66000
"6504",116931
"6505",83939
"6506",114885
"6507",7220
"6508",57552
"6509",128966622
"6510",4026
"6511",93109
"6512",9711
"6513",275
"6514",6988
"6515",84276
"6516",90226
"6517",9730
"6518",7873
"6519",55840
"6520",9353
"6521",8893
"6522",1609
"6523",81608
"6524",10861
"6525",55646
"6526",1060
"6527",2044
"6528",10699
"6529",57205
"6530",132299
"6531",79966
"6532",58478
"6533",93587
"6534",57563
"6535",100996939
"6536",93627
"6537",817
"6538",493856
"6539",115265
"6540",92610
"6541",166378
"6542",890
"6543",57721
"6544",54532
"6545",80854
"6546",92345
"6547",55016
"6548",6189
"6549",56034
"6550",84869
"6551",285440
"6552",83853
"6553",4726
"6554",10299
"6555",85409
"6556",6715
"6557",4651
"6558",54491
"6559",6167
"6560",6502
"6561",9180
"6562",10769
"6563",5295
"6564",10184
"6565",23635
"6566",10788
"6567",5921
"6568",54826
"6569",23262
"6570",5066
"6571",55814
"6572",728340
"6573",64924
"6574",689
"6575",64839
"6576",83890
"6577",85480
"6578",25816
"6579",56929
"6580",51397
"6581",9140
"6582",81555
"6583",23092
"6584",9879
"6585",153830
"6586",114898
"6587",81545
"6588",78991
"6589",10318
"6590",10146
"6591",91975
"6592",23138
"6593",55651
"6594",64777
"6595",91272
"6596",26240
"6597",340156
"6598",107080638
"6599",10667
"6600",54438
"6601",54901
"6602",NA
"6603",26045
"6604",153527
"6605",26249
"6606",51473
"6607",81786
"6608",90933
"6609",192286
"6610",54540
"6611",27242
"6612",22838
"6613",4594
"6614",79930
"6615",29777
"6616",107987457
"6617",23500
"6618",5558
"6619",54511
"6620",222663
"6621",50636
"6622",202500
"6623",285855
"6624",4794
"6625",7162
"6626",134728
"6627",55023
"6628",167681
"6629",253714
"6630",10957
"6631",135293
"6632",57038
"6633",221322
"6634",154214
"6635",93663
"6636",58527
"6637",116843
"6638",113115
"6639",154091
"6640",257218
"6641",51390
"6642",6993
"6643",26230
"6644",57583
"6645",9589
"6646",9202
"6647",79624
"6648",2768
"6649",84310
"6650",221935
"6651",NA
"6652",221960
"6653",79034
"6654",57786
"6655",9586
"6656",1956
"6657",113130
"6658",3486
"6659",5814
"6660",NA
"6661",3484
"6662",136853
"6663",4191
"6664",22932
"6665",2631
"6666",908
"6667",5723
"6668",168374
"6669",222255
"6670",64418
"6671",55262
"6672",56996
"6673",64599
"6674",89122
"6675",56257
"6676",84928
"6677",92092
"6678",55281
"6679",11011
"6680",64434
"6681",54892
"6682",357
"6683",51631
"6684",27147
"6685",57393
"6686",30011
"6687",83604
"6688",8573
"6689",7403
"6690",54466
"6691",4478
"6692",55869
"6693",6567
"6694",7569
"6695",56548
"6696",55634
"6697",54539
"6698",7592
"6699",9203
"6700",6872
"6701",4841
"6702",90060
"6703",10682
"6704",8473
"6705",29934
"6706",26548
"6707",93953
"6708",1730
"6709",5631
"6710",139818
"6711",27316
"6712",79648
"6713",9258
"6714",26260
"6715",50814
"6716",7739
"6717",1069
"6718",6134
"6719",55790
"6720",526
"6721",55246
"6722",79618
"6723",2796
"6724",55909
"6725",51312
"6726",91782
"6727",80005
"6728",11212
"6729",11160
"6730",8601
"6731",6867
"6732",51125
"6733",84513
"6734",84296
"6735",54904
"6736",84675
"6737",137872
"6738",28957
"6739",51110
"6740",7013
"6741",6129
"6742",92140
"6743",29967
"6744",9166
"6745",340419
"6746",5440
"6747",8667
"6748",84294
"6749",4715
"6750",83940
"6751",7553
"6752",80728
"6753",55630
"6754",93100
"6755",7436
"6756",50808
"6757",115426
"6758",4781
"6759",123
"6760",54801
"6761",1030
"6762",1029
"6763",203228
"6764",84186
"6765",26267
"6766",10280
"6767",220869
"6768",84131
"6769",414328
"6770",53358
"6771",549
"6772",84641
"6773",84909
"6774",58499
"6775",58493
"6776",7357
"6777",401548
"6778",2040
"6779",2934
"6780",92399
"6781",210
"6782",23245
"6783",114987
"6784",54107
"6785",6836
"6786",26301
"6787",6834
"6788",6835
"6789",6838
"6790",6837
"6791",57109
"6792",6130
"6793",9328
"6794",140459
"6795",80142
"6796",28989
"6797",25792
"6798",114789
"6799",56904
"6800",84895
"6801",9536
"6802",90678
"6803",57720
"6804",286257
"6805",56623
"6806",9919
"6807",92715
"6808",4851
"6809",138151
"6810",254427
"6811",9712
"6812",23412
"6813",22921
"6814",23590
"6815",221061
"6816",80013
"6817",6251
"6818",56288
"6819",6935
"6820",29982
"6821",11128
"6822",26091
"6823",818
"6824",10974
"6825",2746
"6826",27063
"6827",3363
"6828",10556
"6829",118924
"6830",120
"6831",54788
"6832",1979
"6833",6934
"6834",4288
"6835",9118
"6836",282969
"6837",80313
"6838",92170
"6839",196743
"6840",9446
"6841",6877
"6842",23082
"6843",85450
"6844",54805
"6845",22984
"6846",8038
"6847",6001
"6848",84280
"6849",133
"6850",55327
"6851",196294
"6852",27315
"6853",64852
"6854",7761
"6855",7762
"6856",51144
"6857",51074
"6858",25891
"6859",8525
"6860",10480
"6861",85456
"6862",710
"6863",6749
"6864",8501
"6865",5795
"6866",79096
"6867",84364
"6868",10658
"6869",51501
"6870",60494
"6871",143686
"6872",23052
"6873",79780
"6874",283212
"6875",26011
"6876",871
"6877",726
"6878",92105
"6879",5058
"6880",6188
"6881",85463
"6882",54970
"6883",91894
"6884",4863
"6885",472
"6886",60496
"6887",128710
"6888",55004
"6889",283208
"6890",10525
"6891",80332
"6892",57325
"6893",26007
"6894",9219
"6895",51524
"6896",3992
"6897",6094
"6898",256364
"6899",3619
"6900",22917
"6901",NA
"6902",79869
"6903",26229
"6904",9538
"6905",80071
"6906",1111
"6907",105369550
"6908",84623
"6909",51092
"6910",84866
"6911",6876
"6912",57158
"6913",149951
"6914",85449
"6915",128497
"6916",79980
"6917",140710
"6918",149986
"6919",54915
"6920",81928
"6921",220064
"6922",83707
"6923",84304
"6924",83706
"6925",5331
"6926",740
"6927",10435
"6928",2197
"6929",7108
"6930",738
"6931",6911
"6932",5531
"6933",226
"6934",83723
"6935",8479
"6936",9344
"6937",124446
"6938",8091
"6939",4314
"6940",143098
"6941",3688
"6942",1489
"6943",51503
"6944",84159
"6945",55208
"6946",55002
"6947",219854
"6948",114609
"6949",221143
"6950",26524
"6951",10284
"6952",23284
"6953",57536
"6954",220108
"6955",4253
"6956",3176
"6957",116372
"6958",27250
"6959",132851
"6960",7424
"6961",79839
"6962",161835
"6963",1740
"6964",64407
"6965",11098
"6966",54545
"6967",22948
"6968",134145
"6969",1793
"6970",85458
"6971",1737
"6972",120379
"6973",55216
"6974",26521
"6975",3606
"6976",5805
"6977",5305
"6978",51232
"6979",9871
"6980",23457
"6981",196383
"6982",57647
"6983",7316
"6984",3708
"6985",339105
"6986",23657
"6987",25819
"6988",196513
"6989",100874369
"6990",55768
"6991",54995
"6992",55293
"6993",144110
"6994",121053
"6995",90488
"6996",121551
"6997",89910
"6998",288
"6999",253430
"7000",144715
"7001",196463
"7002",9231
"7003",114134
"7004",283464
"7005",5756
"7006",22982
"7007",1977
"7008",9223
"7009",93081
"7010",1456
"7011",153443
"7012",9472
"7013",283635
"7014",51562
"7015",145282
"7016",2132
"7017",129787
"7018",65987
"7019",4718
"7020",10873
"7021",81792
"7022",80224
"7023",140609
"7024",2241
"7025",63894
"7026",57182
"7027",26019
"7028",8872
"7029",132320
"7030",83643
"7031",132321
"7032",55691
"7033",2059
"7034",27034
"7035",29087
"7036",112936
"7037",23310
"7038",143187
"7039",5860
"7040",57700
"7041",121601
"7042",374618
"7043",79691
"7044",105377467
"7045",152485
"7046",1909
"7047",4306
"7048",1646
"7049",10570
"7050",101
"7051",22944
"7052",5281
"7053",150709
"7054",3628
"7055",54842
"7056",8853
"7057",6868
"7058",2313
"7059",80014
"7060",79682
"7061",2180
"7062",291
"7063",196394
"7064",636
"7065",60485
"7066",160857
"7067",387923
"7068",51594
"7069",60558
"7070",26278
"7071",55835
"7072",26272
"7073",64417
"7074",56477
"7075",79668
"7076",2674
"7077",143384
"7078",667
"7079",221336
"7080",7073
"7081",9531
"7082",29970
"7083",23704
"7084",130340
"7085",9910
"7086",91409
"7087",148534
"7088",80097
"7089",130074
"7090",5784
"7091",NA
"7092",4249
"7093",253635
"7094",26353
"7095",79833
"7096",130733
"7097",79596
"7098",120534
"7099",57724
"7100",9050
"7101",498
"7102",115106
"7103",147339
"7104",57405
"7105",5163
"7106",83439
"7107",10618
"7108",127933
"7109",83734
"7110",134359
"7111",6695
"7112",167555
"7113",117143
"7114",143884
"7115",133746
"7116",9456
"7117",7518
"7118",284306
"7119",374928
"7120",284309
"7121",10172
"7122",79723
"7123",64421
"7124",10557
"7125",9397
"7126",116412
"7127",219333
"7128",152137
"7129",814
"7130",678
"7131",255967
"7132",130271
"7133",5213
"7134",114908
"7135",2893
"7136",79925
"7137",4154
"7138",133690
"7139",133686
"7140",23171
"7141",2697
"7142",55676
"7143",53918
"7144",25780
"7145",51128
"7146",160897
"7147",200132
"7148",79819
"7149",10160
"7150",24138
"7151",387700
"7152",53354
"7153",56978
"7154",651
"7155",9987
"7156",3087
"7157",7402
"7158",5796
"7159",9453
"7160",109504726
"7161",153562
"7162",5884
"7163",9412
"7164",5352
"7165",55351
"7166",166647
"7167",285672
"7168",10283
"7169",3140
"7170",6728
"7171",64946
"7172",9425
"7173",23589
"7174",55024
"7175",51061
"7176",1601
"7177",55289
"7178",10018
"7179",64682
"7180",831
"7181",60592
"7182",1047
"7183",1070
"7184",8467
"7185",654
"7186",653489
"7187",283349
"7188",3192
"7189",5903
"7190",25909
"7191",84910
"7192",4929
"7193",130940
"7194",22925
"7195",5937
"7196",6328
"7197",51571
"7198",50807
"7199",22878
"7200",NA
"7201",125476
"7202",79888
"7203",57407
"7204",124402
"7205",26175
"7206",3621
"7207",121793
"7208",113622
"7209",112616
"7210",25827
"7211",7342
"7212",64795
"7213",22934
"7214",286343
"7215",154043
"7216",2960
"7217",10428
"7218",55625
"7219",136895
"7220",221895
"7221",80790
"7222",55022
"7223",9320
"7224",130888
"7225",1054
"7226",79047
"7227",148103
"7228",255231
"7229",163175
"7230",23576
"7231",140890
"7232",1105
"7233",162282
"7234",8526
"7235",9653
"7236",124540
"7237",781
"7238",221302
"7239",9955
"7240",284161
"7241",116150
"7242",5529
"7243",26289
"7244",26256
"7245",55364
"7246",147463
"7247",135154
"7248",7070
"7249",404550
"7250",219899
"7251",56172
"7252",90268
"7253",84959
"7254",54538
"7255",64221
"7256",84897
"7257",4900
"7258",9868
"7259",25890
"7260",284
"7261",26207
"7262",200014
"7263",5578
"7264",79705
"7265",201134
"7266",23461
"7267",55286
"7268",7345
"7269",375056
"7270",84976
"7271",23043
"7272",83648
"7273",252969
"7274",5239
"7275",84033
"7276",91694
"7277",81559
"7278",55740
"7279",126731
"7280",57630
"7281",9184
"7282",129881
"7283",388650
"7284",518
"7285",728239
"7286",27295
"7287",6921
"7288",23643
"7289",NA
"7290",10950
"7291",54149
"7292",4685
"7293",5137
"7294",27342
"7295",54148
"7296",58494
"7297",522
"7298",2551
"7299",9510
"7300",11096
"7301",80746
"7302",146857
"7303",7508
"7304",51244
"7305",201163
"7306",285381
"7307",92106
"7308",30827
"7309",220134
"7310",9989
"7311",147495
"7312",63895
"7313",65258
"7314",NA
"7315",51560
"7316",146956
"7317",2047
"7318",84532
"7319",91369
"7320",7566
"7321",81552
"7322",139322
"7323",27123
"7324",113612
"7325",80028
"7326",150696
"7327",221264
"7328",7071
"7329",51582
"7330",528
"7331",55529
"7332",51633
"7333",23097
"7334",112495
"7335",158219
"7336",55326
"7337",64210
"7338",55361
"7339",83742
"7340",118813
"7341",152992
"7342",81894
"7343",6782
"7344",29761
"7345",65983
"7346",54819
"7347",388272
"7348",4343
"7349",389
"7350",333926
"7351",1622
"7352",6566
"7353",55027
"7354",378108
"7355",84365
"7356",5018
"7357",9056
"7358",23367
"7359",9337
"7360",2890
"7361",133383
"7362",166968
"7363",23165
"7364",342357
"7365",138241
"7366",129831
"7367",9601
"7368",79831
"7369",130535
"7370",285172
"7371",130540
"7372",151254
"7373",65062
"7374",8324
"7375",64798
"7376",56776
"7377",56254
"7378",9844
"7379",1836
"7380",134353
"7381",9443
"7382",10670
"7383",92370
"7384",5922
"7385",55005
"7386",6503
"7387",51643
"7388",7411
"7389",1193
"7390",286097
"7391",137492
"7392",3798
"7393",23362
"7394",138199
"7395",90550
"7396",91748
"7397",145483
"7398",2776
"7399",4325
"7400",132
"7401",3778
"7402",1633
"7403",286148
"7404",137682
"7405",128338
"7406",157657
"7407",123720
"7408",29104
"7409",10069
"7410",10600
"7411",10694
"7412",56911
"7413",100379661
"7414",7074
"7415",57466
"7416",6103
"7417",23552
"7418",84108
"7419",122416
"7420",119392
"7421",118980
"7422",9556
"7423",5097
"7424",153769
"7425",392255
"7426",7381
"7427",51001
"7428",9791
"7429",6156
"7430",159091
"7431",6832
"7432",159090
"7433",1915
"7434",286151
"7435",3098
"7436",219743
"7437",84295
"7438",135228
"7439",9246
"7440",25921
"7441",219541
"7442",60685
"7443",27020
"7444",23522
"7445",142891
"7446",80223
"7447",219970
"7448",10813
"7449",9131
"7450",5603
"7451",9530
"7452",93594
"7453",55093
"7454",29028
"7455",114907
"7456",286053
"7457",115509
"7458",78994
"7459",64319
"7460",391059
"7461",5261
"7462",64645
"7463",163786
"7464",115416
"7465",23355
"7466",2585
"7467",93010
"7468",701
"7469",5147
"7470",1974
"7471",7862
"7472",285367
"7473",9797
"7474",6396
"7475",NA
"7476",9941
"7477",123803
"7478",23057
"7479",9372
"7480",23049
"7481",115548
"7482",11030
"7483",134285
"7484",7079
"7485",3084
"7486",54953
"7487",1376
"7488",55707
"7489",7804
"7490",22976
"7491",23648
"7492",9069
"7493",4323
"7494",8321
"7495",57798
"7496",203328
"7497",NA
"7498",10901
"7499",221481
"7500",11269
"7501",6483
"7502",197258
"7503",146433
"7504",115817
"7505",415
"7506",3815
"7507",132949
"7508",124903710
"7509",55799
"7510",54778
"7511",9133
"7512",4643
"7513",26060
"7514",134265
"7515",1831
"7516",10311
"7517",1859
"7518",3763
"7519",2114
"7520",90139
"7521",150082
"7522",347734
"7523",84187
"7524",4599
"7525",90993
"7526",25966
"7527",257397
"7528",124565
"7529",257169
"7530",445815
"7531",114991
"7532",9162
"7533",203197
"7534",79856
"7535",254048
"7536",673
"7537",84262
"7538",9478
"7539",57728
"7540",84255
"7541",10239
"7542",114793
"7543",150946
"7544",121665
"7545",9364
"7546",127281
"7547",8764
"7548",55229
"7549",64897
"7550",5192
"7551",11079
"7552",6497
"7553",26100
"7554",26119
"7555",116987
"7556",200634
"7557",100310846
"7558",5051
"7559",2134
"7560",9577
"7561",144406
"7562",63875
"7563",57822
"7564",91544
"7565",138639
"7566",4690
"7567",127262
"7568",254050
"7569",195827
"7570",7498
"7571",55113
"7572",26504
"7573",2140
"7574",199221
"7575",11013
"7576",105376156
"7577",22808
"7578",10163
"7579",171586
"7580",55179
"7581",115572
"7582",81035
"7583",388591
"7584",8450
"7585",387509
"7586",64849
"7587",100528062
"7588",54933
"7589",26053
"7590",3017
"7591",995
"7592",8365
"7593",129531
"7594",9669
"7595",158787
"7596",286527
"7597",55571
"7598",23382
"7599",9334
"7600",9825
"7601",90121
"7602",124245
"7603",130617
"7604",81544
"7605",222068
"7606",84919
"7607",26958
"7608",56946
"7609",137964
"7610",9753
"7611",8407
"7612",2005
"7613",56833
"7614",85414
"7615",54935
"7616",115992
"7617",100532736
"7618",50848
"7619",7391
"7620",124044
"7621",4817
"7622",9191
"7623",92822
"7624",10361
"7625",8822
"7626",978
"7627",65018
"7628",8703
"7629",2039
"7630",9507
"7631",64760
"7632",4720
"7633",84134
"7634",4359
"7635",57805
"7636",57685
"7637",56990
"7638",51735
"7639",2035
"7640",54069
"7641",79053
"7642",54461
"7643",56683
"7644",8867
"7645",94104
"7646",3455
"7647",124995
"7648",3460
"7649",2618
"7650",6651
"7651",29980
"7652",9900
"7653",6781
"7654",1465
"7655",516
"7656",1827
"7657",65264
"7658",148523
"7659",11267
"7660",149473
"7661",100506403
"7662",10642
"7663",2695
"7664",873
"7665",874
"7666",70
"7667",23515
"7668",8208
"7669",6493
"7670",3141
"7671",201176
"7672",83440
"7673",5763
"7674",51094
"7675",51706
"7676",5710
"7677",23400
"7678",5692
"7679",7832
"7680",3099
"7681",715
"7682",8659
"7683",57519
"7684",117145
"7685",197131
"7686",267
"7687",112950
"7688",64843
"7689",89970
"7690",60313
"7691",8883
"7692",51249
"7693",1636
"7694",9813
"7695",10417
"7696",84303
"7697",1487
"7698",55282
"7699",51673
"7700",29800
"7701",9114
"7702",57732
"7703",146206
"7704",388284
"7705",9715
"7706",6002
"7707",5681
"7708",7791
"7709",29
"7710",NA
"7711",284348
"7712",150275
"7713",7773
"7714",203260
"7715",7673
"7716",4882
"7717",7638
"7718",353355
"7719",9310
"7720",10020
"7721",2909
"7722",5739
"7723",808
"7724",1676
"7725",79140
"7726",55721
"7727",56063
"7728",55108
"7729",653121
"7730",83858
"7731",29101
"7732",118424
"7733",149076
"7734",27151
"7735",2063
"7736",126549
"7737",131076
"7738",203547
"7739",8997
"7740",148113
"7741",9619
"7742",54020
"7743",10785
"7744",4731
"7745",5316
"7746",102724560
"7747",102724594
"7748",11077
"7749",23076
"7750",8566
"7751",2539
"7752",1476
"7753",8568
"7754",56894
"7755",7109
"7756",139716
"7757",8209
"7758",755
"7759",7617
"7760",81543
"7761",85395
"7762",5900
"7763",84221
"7764",4047
"7765",7410
"7766",8888
"7767",54058
"7768",5116
"7769",23181
"7770",3275
"7771",11093
"7772",11094
"7773",11182
"7774",110116772
"7775",138162
"7776",148206
"7777",26086
"7778",126526
"7779",27433
"7780",30815
"7781",92799
"7782",112724
"7783",10444
"7784",84885
"7785",29941
"7786",57731
"7787",84446
"7788",125965
"7789",147744
"7790",84814
"7791",57551
"7792",9442
"7793",162989
"7794",23387
"7795",196264
"7796",284086
"7797",116238
"7798",9159
"7799",6294
"7800",26097
"7801",51043
"7802",80308
"7803",6464
"7804",55823
"7805",79671
"7806",103
"7807",3570
"7808",55585
"7809",200186
"7810",55129
"7811",2224
"7812",23623
"7813",10712
"7814",79957
"7815",11243
"7816",9673
"7817",4000
"7818",23218
"7819",151903
"7820",5745
"7821",56893
"7822",221908
"7823",54865
"7824",2264
"7825",1551
"7826",112939
"7827",54742
"7828",9592
"7829",84124
"7830",10898
"7831",4061
"7832",51160
"7833",4796
"7834",5731
"7835",84939
"7836",9401
"7837",9684
"7838",84449
"7839",84988
"7840",80228
"7841",54784
"7842",10603
"7843",51149
"7844",8878
"7845",11282
"7846",6132
"7847",9794
"7848",222229
"7849",222235
"7850",222236
"7851",5701
"7852",126321
"7853",150223
"7854",1857
"7855",1173
"7856",55324
"7857",5130
"7858",93099
"7859",199746
"7860",622
"7861",199745
"7862",1346
"7863",84911
"7864",115399
"7865",57125
"7866",93210
"7867",2232
"7868",29115
"7869",51
"7870",5635
"7871",114757
"7872",6427
"7873",84765
"7874",55260
"7875",126133
"7876",3678
"7877",25946
"7878",4356
"7879",162417
"7880",124801
"7881",284361
"7882",126119
"7883",50944
"7884",284069
"7885",80174
"7886",113026
"7887",91010
"7888",29127
"7889",113251
"7890",160622
"7891",125950
"7892",256126
"7893",147841
"7894",117283
"7895",221496
"7896",115950
"7897",400569
"7898",58191
"7899",8741
"7900",26168
"7901",2256
"7902",1973
"7903",6154
"7904",51728
"7905",79622
"7906",197335
"7907",339123
"7908",124093
"7909",90864
"7910",80178
"7911",899
"7912",57465
"7913",51005
"7914",4917
"7915",146439
"7916",124222
"7917",114984
"7918",124220
"7919",7627
"7920",115
"7921",22941
"7922",81570
"7923",10825
"7924",220002
"7925",220004
"7926",51035
"7927",79081
"7928",283237
"7929",10629
"7930",10482
"7931",6811
"7932",283130
"7933",6159
"7934",3699
"7935",84447
"7936",7542
"7937",8986
"7938",4041
"7939",219931
"7940",51727
"7941",65260
"7942",79699
"7943",6512
"7944",54987
"7945",4116
"7946",26027
"7947",25973
"7948",23358
"7949",8613
"7950",79707
"7951",5563
"7952",9903
"7953",10691
"7954",50651
"7955",57190
"7956",205
"7957",3716
"7958",55225
"7959",84328
"7960",116362
"7961",54751
"7962",284723
"7963",22977
"7964",10630
"7965",9249
"7966",9672
"7967",553115
"7968",81493
"7969",5928
"7970",57648
"7971",81629
"7972",255104
"7973",55450
"7974",249
"7975",6339
"7976",54587
"7977",199990
"7978",1953
"7979",9077
"7980",4774
"7981",115209
"7982",114803
"7983",83941
"7984",7398
"7985",8880
"7986",91624
"7987",11080
"7988",64123
"7989",127255
"7990",127253
"7991",51375
"7992",8707
"7993",22854
"7994",284611
"7995",113802
"7996",148423
"7997",126820
"7998",2634
"7999",127002
"8000",284695
"8001",178
"8002",7412
"8003",2135
"8004",148867
"8005",23528
"8006",10092
"8007",84838
"8008",25893
"8009",93185
"8010",4921
"8011",8682
"8012",5824
"8013",23385
"8014",25903
"8015",127943
"8016",126823
"8017",148304
"8018",28982
"8019",467
"8020",64783
"8021",79961
"8022",51278
"8023",25992
"8024",10380
"8025",79762
"8026",148362
"8027",100288142
"8028",51205
"8029",55083
"8030",64216
"8031",163882
"8032",129285
"8033",91461
"8034",165140
"8035",23498
"8036",148789
"8037",574431
"8038",9261
"8039",9214
"8040",824
"8041",128308
"8042",574407
"8043",80232
"8044",5966
"8045",150962
"8046",5194
"8047",84542
"8048",51127
"8049",130132
"8050",27185
"8051",51072
"8052",84661
"8053",129450
"8054",79568
"8055",130814
"8056",26225
"8057",151354
"8058",130162
"8059",NA
"8060",2487
"8061",142679
"8062",112942
"8063",129401
"8064",165055
"8065",150726
"8066",72
"8067",80304
"8068",79677
"8069",90557
"8070",3020
"8071",56997
"8072",151473
"8073",6443
"8074",132671
"8075",3625
"8076",129880
"8077",56916
"8078",10611
"8079",23248
"8080",200539
"8081",1520
"8082",4487
"8083",133015
"8084",114905
"8085",388695
"8086",100534012
"8087",6944
"8088",2071
"8089",284996
"8090",55677
"8091",388962
"8092",10602
"8093",6282
"8094",90957
"8095",9938
"8096",151195
"8097",7855
"8098",54876
"8099",132789
"8100",2560
"8101",152559
"8102",118429
"8103",113510
"8104",51023
"8105",8545
"8106",84142
"8107",151556
"8108",10654
"8109",57326
"8110",9076
"8111",90780
"8112",204851
"8113",1293
"8114",NA
"8115",55249
"8116",84541
"8117",285203
"8118",128240
"8119",56983
"8120",476
"8121",317649
"8122",116064
"8123",11167
"8124",25802
"8125",92703
"8126",92691
"8127",3490
"8128",80128
"8129",200185
"8130",10109
"8131",7203
"8132",84283
"8133",6746
"8134",64320
"8135",27148
"8136",152110
"8137",57650
"8138",57703
"8139",64343
"8140",7048
"8141",55139
"8142",79885
"8143",2199
"8144",79411
"8145",201595
"8146",131474
"8147",23114
"8148",151246
"8149",5274
"8150",23122
"8151",8802
"8152",81788
"8153",5584
"8154",3428
"8155",56648
"8156",200916
"8157",130026
"8158",100507246
"8159",23429
"8160",151987
"8161",29083
"8162",25871
"8163",152185
"8164",57577
"8165",23001
"8166",285521
"8167",5783
"8168",80145
"8169",6314
"8170",9861
"8171",166336
"8172",56999
"8173",152926
"8174",8833
"8175",25976
"8176",57018
"8177",5806
"8178",8820
"8179",7871
"8180",6133
"8181",201895
"8182",11102
"8183",57406
"8184",200844
"8185",54502
"8186",323
"8187",132014
"8188",84818
"8189",78987
"8190",285368
"8191",23350
"8192",64419
"8193",151613
"8194",2921
"8195",441024
"8196",2919
"8197",25898
"8198",2992
"8199",84343
"8200",11073
"8201",6259
"8202",54861
"8203",7349
"8204",130557
"8205",22950
"8206",151056
"8207",57456
"8208",56992
"8209",23160
"8210",51304
"8211",64866
"8212",7123
"8213",54585
"8214",79443
"8215",1230
"8216",83597
"8217",79442
"8218",54859
"8219",151636
"8220",7707
"8221",113444
"8222",9204
"8223",131601
"8224",55689
"8225",80149
"8226",64769
"8227",79753
"8228",7802
"8229",5437
"8230",28999
"8231",94032
"8232",200879
"8233",90407
"8234",6184
"8235",59343
"8236",55764
"8237",5984
"8238",116832
"8239",8314
"8240",7086
"8241",5580
"8242",91869
"8243",51460
"8244",26354
"8245",55193
"8246",57654
"8247",23272
"8248",50650
"8249",7884
"8250",4043
"8251",26043
"8252",165918
"8253",54965
"8254",4241
"8255",64789
"8256",79078
"8257",114625
"8258",51058
"8259",9255
"8260",166929
"8261",23173
"8262",79982
"8263",3015
"8264",150159
"8265",133308
"8266",56898
"8267",10424
"8268",993
"8269",51385
"8270",5364
"8271",79714
"8272",84126
"8273",51246
"8274",10252
"8275",327
"8276",27152
"8277",63891
"8278",22824
"8279",256471
"8280",80167
"8281",84315
"8282",23132
"8283",51368
"8284",1849
"8285",25886
"8286",132160
"8287",80335
"8288",5308
"8289",401152
"8290",8492
"8291",3148
"8292",8819
"8293",9464
"8294",4085
"8295",308
"8296",132332
"8297",79884
"8298",26269
"8299",80817
"8300",140458
"8301",51313
"8302",80155
"8303",3600
"8304",27236
"8305",23379
"8306",64399
"8307",10393
"8308",6059
"8309",54726
"8310",11157
"8311",55751
"8312",90826
"8313",3673
"8314",4338
"8315",10085
"8316",153396
"8317",91942
"8318",133923
"8319",92255
"8320",25836
"8321",91137
"8322",134429
"8323",5229
"8324",2151
"8325",153733
"8326",651746
"8327",134147
"8328",401207
"8329",133619
"8330",2150
"8331",55109
"8332",55255
"8333",4724
"8334",11082
"8335",134266
"8336",153642
"8337",22836
"8338",493869
"8339",81789
"8340",256987
"8341",836
"8342",201973
"8343",51752
"8344",64167
"8345",202333
"8346",57587
"8347",253260
"8348",167153
"8349",57763
"8350",134510
"8351",84135
"8352",7098
"8353",10412
"8354",84340
"8355",133957
"8356",1437
"8357",23176
"8358",134549
"8359",27089
"8360",10559
"8361",2898
"8362",115004
"8363",10370
"8364",153222
"8365",285761
"8366",94081
"8367",154075
"8368",114801
"8369",57107
"8370",134957
"8371",133396
"8372",57057
"8373",221955
"8374",23366
"8375",9263
"8376",29896
"8377",55568
"8378",79685
"8379",6208
"8380",91977
"8381",10466
"8382",154743
"8383",54329
"8384",10569
"8385",6100
"8386",9232
"8387",819
"8388",168667
"8389",285613
"8390",7559
"8391",222962
"8392",26872
"8393",55536
"8394",54468
"8395",222223
"8396",25862
"8397",NA
"8398",94120
"8399",23462
"8400",2171
"8401",1278
"8402",84624
"8403",25798
"8404",22853
"8405",1508
"8406",10395
"8407",107
"8408",157773
"8409",5828
"8410",5885
"8411",90390
"8412",4982
"8413",157869
"8414",5260
"8415",23514
"8416",5001
"8417",54919
"8418",734
"8419",23353
"8420",55074
"8421",115330
"8422",2852
"8423",202915
"8424",4846
"8425",79778
"8426",26173
"8427",1020
"8428",6522
"8429",10922
"8430",83590
"8431",154791
"8432",51808
"8433",501
"8434",221937
"8435",1345
"8436",116039
"8437",7534
"8438",79870
"8439",8323
"8440",115908
"8441",81034
"8442",25879
"8443",94241
"8444",55656
"8445",25962
"8446",2669
"8447",54704
"8448",91147
"8449",9897
"8450",138716
"8451",203259
"8452",6619
"8453",57462
"8454",318
"8455",157378
"8456",11168
"8457",51271
"8458",55335
"8459",19
"8460",4783
"8461",137994
"8462",55798
"8463",2395
"8464",137835
"8465",256691
"8466",57094
"8467",116328
"8468",221656
"8469",138050
"8470",80318
"8471",55582
"8472",84267
"8473",3190
"8474",79987
"8475",203286
"8476",84302
"8477",11244
"8478",6990
"8479",155368
"8480",58526
"8481",158405
"8482",5277
"8483",158131
"8484",55342
"8485",26130
"8486",84270
"8487",538
"8488",195828
"8489",139324
"8490",4712
"8491",65083
"8492",360
"8493",158234
"8494",7415
"8495",84720
"8496",30968
"8497",254065
"8498",26050
"8499",9833
"8500",220213
"8501",94134
"8502",143279
"8503",254170
"8504",203522
"8505",145581
"8506",171546
"8507",7486
"8508",220972
"8509",1073
"8510",10910
"8511",2957
"8512",219654
"8513",283209
"8514",3636
"8515",51084
"8516",221035
"8517",220296
"8518",221150
"8519",221154
"8520",220042
"8521",51585
"8522",63876
"8523",122769
"8524",6166
"8525",55172
"8526",11067
"8527",220979
"8528",7570
"8529",23588
"8530",161436
"8531",9147
"8532",84881
"8533",382
"8534",123016
"8535",83592
"8536",89890
"8537",11164
"8538",51339
"8539",222389
"8540",509
"8541",8559
"8542",83860
"8543",196740
"8544",7417
"8545",118881
"8546",118987
"8547",84858
"8548",23172
"8549",169714
"8550",63877
"8551",64324
"8552",10935
"8553",10495
"8554",27069
"8555",6621
"8556",120939
"8557",23203
"8558",10807
"8559",11092
"8560",7248
"8561",3251
"8562",118426
"8563",138311
"8564",116225
"8565",5979
"8566",9188
"8567",9790
"8568",282974
"8569",57608
"8570",65991
"8571",90809
"8572",64745
"8573",57447
"8574",55701
"8575",26012
"8576",51222
"8577",840
"8578",145376
"8579",55088
"8580",56339
"8581",6297
"8582",142940
"8583",53349
"8584",259217
"8585",NA
"8586",10023
"8587",80019
"8588",144455
"8589",143872
"8590",122961
"8591",29763
"8592",145567
"8593",91252
"8594",5702
"8595",79841
"8596",123036
"8597",53981
"8598",341346
"8599",64112
"8600",122509
"8601",3429
"8602",9317
"8603",389941
"8604",783
"8605",9200
"8606",221079
"8607",56935
"8608",85459
"8609",79101
"8610",25841
"8611",27291
"8612",154810
"8613",5654
"8614",3990
"8615",9702
"8616",255394
"8617",161742
"8618",11245
"8619",83700
"8620",116173
"8621",170689
"8622",84706
"8623",81693
"8624",51762
"8625",121457
"8626",27079
"8627",55662
"8628",4714
"8629",84936
"8630",6692
"8631",2200
"8632",120863
"8633",29117
"8634",1152
"8635",115708
"8636",8945
"8637",27343
"8638",9529
"8639",25911
"8640",55323
"8641",8539
"8642",57567
"8643",79803
"8644",123228
"8645",9221
"8646",221120
"8647",9318
"8648",8879
"8649",10818
"8650",10576
"8651",5092
"8652",25820
"8653",146562
"8654",79827
"8655",1353
"8656",7753
"8657",196951
"8658",252983
"8659",8065
"8660",102724307
"8661",119032
"8662",717
"8663",79156
"8664",119504
"8665",6609
"8666",322
"8667",79933
"8668",25961
"8669",160140
"8670",54765
"8671",3611
"8672",6881
"8673",1200
"8674",8642
"8675",81832
"8676",118490
"8677",1528
"8678",159195
"8679",5896
"8680",119710
"8681",374868
"8682",8495
"8683",51700
"8684",8710
"8685",9710
"8686",5271
"8687",7275
"8688",3419
"8689",143570
"8690",9866
"8691",254225
"8692",6157
"8693",6764
"8694",124359
"8695",222865
"8696",55839
"8697",56672
"8698",23300
"8699",123775
"8700",440026
"8701",114780
"8702",123169
"8703",7702
"8704",54495
"8705",4239
"8706",7465
"8707",5598
"8708",50810
"8709",8509
"8710",4176
"8711",80323
"8712",7551
"8713",7589
"8714",57494
"8715",7084
"8716",23423
"8717",90701
"8718",65084
"8719",115811
"8720",81565
"8721",201161
"8722",6236
"8723",51647
"8724",7184
"8725",10904
"8726",80063
"8727",27018
"8728",9382
"8729",80095
"8730",644353
"8731",567
"8732",9640
"8733",113201
"8734",4837
"8735",164
"8736",162394
"8737",100128252
"8738",127898555
"8739",9665
"8740",113174
"8741",219539
"8742",5479
"8743",84191
"8744",63901
"8745",9768
"8746",374654
"8747",197257
"8748",8800
"8749",124491
"8750",290
"8751",89797
"8752",348094
"8753",92292
"8754",162681
"8755",84516
"8756",54386
"8757",5347
"8758",10845
"8759",9880
"8760",6866
"8761",23306
"8762",4665
"8763",23339
"8764",6778
"8765",219988
"8766",91419
"8767",114794
"8768",6809
"8769",54948
"8770",79837
"8771",54893
"8772",7529
"8773",84419
"8774",6447
"8775",26585
"8776",222950
"8777",81628
"8778",115752
"8779",23582
"8780",4088
"8781",4130
"8782",91433
"8783",64400
"8784",10982
"8785",59271
"8786",4141
"8787",114785
"8788",245812
"8789",2923
"8790",11051
"8791",4824
"8792",150290
"8793",7008
"8794",150365
"8795",124872
"8796",5090
"8797",2793
"8798",5245
"8799",6632
"8800",201191
"8801",138429
"8802",162461
"8803",399665
"8804",80221
"8805",2801
"8806",26995
"8807",51117
"8808",10999
"8809",81605
"8810",51148
"8811",57171
"8812",2021
"8813",51450
"8814",56905
"8815",6668
"8816",10229
"8817",51704
"8818",1398
"8819",26263
"8820",23102
"8821",83473
"8822",84064
"8823",7644
"8824",3481
"8825",257160
"8826",51755
"8827",54920
"8828",51367
"8829",64772
"8830",10632
"8831",125058
"8832",146705
"8833",10449
"8834",6786
"8835",6240
"8836",55128
"8837",64122
"8838",112476
"8839",7571
"8840",126298
"8841",7769
"8842",7733
"8843",28227
"8844",79759
"8845",9726
"8846",79001
"8847",55181
"8848",7171
"8849",4218
"8850",2879
"8851",90007
"8852",55295
"8853",54815
"8854",4597
"8855",81620
"8856",51693
"8857",29123
"8858",124045
"8859",124923
"8860",147011
"8861",6137
"8862",121274
"8863",784
"8864",147015
"8865",90313
"8866",8085
"8867",84940
"8868",121268
"8869",7846
"8870",84790
"8871",162963
"8872",84436
"8873",55762
"8874",29946
"8875",57701
"8876",53916
"8877",148137
"8878",29785
"8879",558
"8880",84807
"8881",147798
"8882",114823
"8883",148170
"8884",116115
"8885",83696
"8886",7705
"8887",284349
"8888",94274
"8889",10653
"8890",64073
"8891",90522
"8892",85300
"8893",1613
"8894",1938
"8895",10036
"8896",80700
"8897",84717
"8898",729359
"8899",55311
"8900",64359
"8901",79850
"8902",51031
"8903",113655
"8904",90990
"8905",124935
"8906",83547
"8907",124997
"8908",63826
"8909",55720
"8910",162514
"8911",374875
"8912",124936
"8913",NA
"8914",55769
"8915",144501
"8916",55611
"8917",283248
"8918",51129
"8919",NA
"8920",51293
"8921",84926
"8922",3489
"8923",148156
"8924",4723
"8925",10263
"8926",254552
"8927",NA
"8928",7001
"8929",7775
"8930",79003
"8931",283987
"8932",3396
"8933",10476
"8934",92162
"8935",6730
"8936",146664
"8937",7083
"8938",137695
"8939",100505501
"8940",147184
"8941",84514
"8942",83986
"8943",90850
"8944",25837
"8945",64223
"8946",1877
"8947",1775
"8948",1632
"8949",21
"8950",54442
"8951",23524
"8952",146434
"8953",197358
"8954",54949
"8955",1642
"8956",55048
"8957",220001
"8958",5866
"8959",7439
"8960",2495
"8961",26580
"8962",5436
"8963",6520
"8964",144097
"8965",89849
"8966",26005
"8967",9881
"8968",199223
"8969",3921
"8970",1499
"8971",54986
"8972",8772
"8973",4054
"8974",10004
"8975",29901
"8976",116071
"8977",7536
"8978",5871
"8979",283234
"8980",51435
"8981",55872
"8982",10980
"8983",5049
"8984",124401
"8985",84309
"8986",57691
"8987",5867
"8988",55209
"8989",114990
"8990",79725
"8991",149603
"8992",84376
"8993",93487
"8994",54541
"8995",3516
"8996",55788
"8997",29063
"8998",125488
"8999",132158
"9000",2786
"9001",92181
"9002",NA
"9003",28511
"9004",7266
"9005",359948
"9006",64943
"9007",440957
"9008",388753
"9009",4247
"9010",648
"9011",57215
"9012",27249
"9013",5162
"9014",54899
"9015",3008
"9016",115294
"9017",200845
"9018",136647
"9019",8309
"9020",3660
"9021",165904
"9022",123099
"9023",732275
"9024",378
"9025",4735
"9026",11259
"9027",84879
"9028",1841
"9029",6890
"9030",84289
"9031",23192
"9032",624
"9033",197259
"9034",55159
"9035",377007
"9036",91949
"9037",51362
"9038",10963
"9039",55806
"9040",11031
"9041",80346
"9042",7148
"9043",649
"9044",11273
"9045",9796
"9046",256309
"9047",661
"9048",2237
"9049",8436
"9050",23255
"9051",2637
"9052",124790
"9053",2339
"9054",347735
"9055",60684
"9056",1281
"9057",3622
"9058",55602
"9059",154007
"9060",79064
"9061",6575
"9062",79089
"9063",6774
"9064",90204
"9065",8754
"9066",2668
"9067",8313
"9068",4725
"9069",90075
"9070",157638
"9071",9122
"9072",3575
"9073",29100
"9074",10768
"9075",134218
"9076",11142
"9077",54910
"9078",26505
"9079",2948
"9080",54790
"9081",79867
"9082",6474
"9083",9677
"9084",10098
"9085",116236
"9086",9925
"9087",54921
"9088",161823
"9089",9836
"9090",6645
"9091",3592
"9092",22847
"9093",53407
"9094",27065
"9095",166793
"9096",85476
"9097",55308
"9098",84913
"9099",54851
"9100",10713
"9101",79155
"9102",388969
"9103",129303
"9104",51255
"9105",10791
"9106",123355
"9107",4144
"9108",57507
"9109",80723
"9110",3635
"9111",3954
"9112",92305
"9113",5480
"9114",10251
"9115",153241
"9116",29091
"9117",79853
"9118",56947
"9119",3965
"9120",221749
"9121",1876
"9122",10116
"9123",54951
"9124",521
"9125",7386
"9126",84179
"9127",5604
"9128",3187
"9129",3667
"9130",4204
"9131",65110
"9132",4920
"9133",367
"9134",207063
"9135",79663
"9136",8623
"9137",293
"9138",113189
"9139",25849
"9140",53944
"9141",55130
"9142",6940
"9143",22809
"9144",7336
"9145",23099
"9146",126129
"9147",23214
"9148",4330
"9149",27301
"9150",197370
"9151",90693
"9152",5865
"9153",10421
"9154",10636
"9155",26000
"9156",10960
"9157",53917
"9158",27166
"9159",7059
"9160",11238
"9161",55974
"9162",1942
"9163",3627
"9164",23117
"9165",79628
"9166",8233
"9167",51068
"9168",154
"9169",8706
"9170",114787
"9171",8988
"9172",7881
"9173",65008
"9174",55276
"9175",11141
"9176",150248
"9177",23251
"9178",9197
"9179",10073
"9180",8738
"9181",25942
"9182",200894
"9183",5747
"9184",5724
"9185",5780
"9186",3576
"9187",6335
"9188",6383
"9189",93380
"9190",83877
"9191",59339
"9192",25932
"9193",83987
"9194",196074
"9195",9839
"9196",5093
"9197",3094
"9198",285605
"9199",9022
"9200",283899
"9201",646
"9202",1677
"9203",27247
"9204",84168
"9205",150468
"9206",123207
"9207",83640
"9208",200558
"9209",124907841
"9210",727851
"9211",23119
"9212",7798
"9213",284004
"9214",699
"9215",83985
"9216",201255
"9217",201254
"9218",10555
"9219",79058
"9220",2194
"9221",7555
"9222",4493
"9223",64118
"9224",2873
"9225",5986
"9226",51181
"9227",7580
"9228",9079
"9229",5881
"9230",3987
"9231",123591
"9232",22871
"9233",202018
"9234",7360
"9235",3185
"9236",686
"9237",55454
"9238",5099
"9239",6091
"9240",57099
"9241",81844
"9242",94056
"9243",8460
"9244",7104
"9245",163590
"9246",4071
"9247",23252
"9248",2990
"9249",8019
"9250",51621
"9251",9758
"9252",23414
"9253",92595
"9254",65988
"9255",79724
"9256",83756
"9257",131616
"9258",10746
"9259",126789
"9260",83443
"9261",7584
"9262",126917
"9263",57555
"9264",1107
"9265",214
"9266",7532
"9267",10477
"9268",116840
"9269",58485
"9270",9196
"9271",327657
"9272",375484
"9273",201931
"9274",197320
"9275",123606
"9276",7324
"9277",220988
"9278",23235
"9279",57484
"9280",9720
"9281",NA
"9282",1140
"9283",84640
"9284",9121
"9285",140838
"9286",147
"9287",56985
"9288",114825
"9289",55031
"9290",10015
"9291",7988
"9292",84140
"9293",8427
"9294",2720
"9295",84520
"9296",10826
"9297",10491
"9298",3316
"9299",23587
"9300",11337
"9301",9482
"9302",983
"9303",7314
"9304",4798
"9305",56980
"9306",10678
"9307",2353
"9308",10972
"9309",6419
"9310",4086
"9311",1469
"9312",285966
"9313",7779
"9314",166614
"9315",91752
"9316",130827
"9317",3856
"9318",136
"9319",4255
"9320",3035
"9321",152518
"9322",160518
"9323",202052
"9324",79697
"9325",202051
"9326",57148
"9327",84305
"9328",4862
"9329",3814
"9330",53343
"9331",5036
"9332",79071
"9333",5209
"9334",79905
"9335",23204
"9336",5272
"9337",57228
"9338",1000
"9339",133418
"9340",9229
"9341",6773
"9342",134492
"9343",26145
"9344",3308
"9345",28991
"9346",6444
"9347",7564
"9348",83787
"9349",80196
"9350",98
"9351",80305
"9352",11016
"9353",100271927
"9354",9306
"9355",347273
"9356",162979
"9357",NA
"9358",5429
"9359",3790
"9360",3799
"9361",2861
"9362",11214
"9363",55038
"9364",79145
"9365",94031
"9366",3344
"9367",84669
"9368",1056
"9369",8493
"9370",93622
"9371",25948
"9372",84864
"9373",51499
"9374",27258
"9375",9778
"9376",9788
"9377",79188
"9378",11236
"9379",6203
"9380",54360
"9381",79042
"9382",2941
"9383",84437
"9384",4696
"9385",126014
"9386",85315
"9387",11162
"9388",NA
"9389",26115
"9390",120526
"9391",90338
"9392",55786
"9393",112464
"9394",3037
"9395",80310
"9396",10761
"9397",1901
"9398",26108
"9399",80131
"9400",5569
"9401",286046
"9402",203062
"9403",9637
"9404",53838
"9405",238
"9406",883
"9407",4534
"9408",55006
"9409",3643
"9410",55669
"9411",100506164
"9412",4902
"9413",27094
"9414",155066
"9415",5581
"9416",84522
"9417",10474
"9418",9655
"9419",29071
"9420",79095
"9421",118812
"9422",79894
"9423",55657
"9424",203245
"9425",64080
"9426",84233
"9427",55863
"9428",81603
"9429",81831
"9430",51282
"9431",3726
"9432",219738
"9433",140738
"9434",79801
"9435",4884
"9436",283742
"9437",90594
"9438",126070
"9439",2548
"9440",124583
"9441",84287
"9442",50515
"9443",51013
"9444",5223
"9445",55636
"9446",157570
"9447",3880
"9448",3866
"9449",541468
"9450",8687
"9451",1184
"9452",8862
"9453",27115
"9454",64979
"9455",51545
"9456",9
"9457",147807
"9458",4163
"9459",57684
"9460",92126
"9461",9533
"9462",171023
"9463",65989
"9464",54811
"9465",24149
"9466",93134
"9467",147179
"9468",84525
"9469",84230
"9470",26156
"9471",55144
"9472",5481
"9473",255631
"9474",2110
"9475",59350
"9476",23566
"9477",5734
"9478",6902
"9479",4135
"9480",598
"9481",5356
"9482",NA
"9483",201514
"9484",22883
"9485",51523
"9486",10782
"9487",5293
"9488",84275
"9489",8507
"9490",80176
"9491",2186
"9492",284307
"9493",57449
"9494",55729
"9495",10287
"9496",6919
"9497",8841
"9498",10243
"9499",57687
"9500",55092
"9501",23261
"9502",151827
"9503",79029
"9504",200172
"9505",83695
"9506",1503
"9507",85442
"9508",92342
"9509",1296
"9510",170394
"9511",163255
"9512",144699
"9513",5394
"9514",148268
"9515",4300
"9516",55138
"9517",6241
"9518",51112
"9519",6227
"9520",55178
"9521",5728
"9522",6201
"9523",246243
"9524",5621
"9525",128209
"9526",146
"9527",84978
"9528",554202
"9529",83660
"9530",51030
"9531",7764
"9532",653464
"9533",7857
"9534",91647
"9535",10465
"9536",83450
"9537",126295
"9538",149840
"9539",221037
"9540",11346
"9541",115196
"9542",83452
"9543",7064
"9544",253152
"9545",3913
"9546",10869
"9547",5859
"9548",94103
"9549",8293
"9550",8462
"9551",131578
"9552",6607
"9553",9451
"9554",126308
"9555",51315
"9556",10201
"9557",54205
"9558",55106
"9559",794
"9560",257019
"9561",6641
"9562",27085
"9563",79736
"9564",28998
"9565",10892
"9566",3669
"9567",154141
"9568",1051
"9569",566
"9570",10605
"9571",375444
"9572",114900
"9573",257194
"9574",7690
"9575",1798
"9576",682
"9577",25988
"9578",253782
"9579",55304
"9580",55352
"9581",112858
"9582",669
"9583",10248
"9584",199857
"9585",8801
"9586",80765
"9587",27254
"9588",3603
"9589",2783
"9590",390191
"9591",390190
"9592",84331
"9593",9854
"9594",9915
"9595",55970
"9596",83886
"9597",51778
"9598",171024
"9599",150353
"9600",10978
"9601",221421
"9602",150678
"9603",54676
"9604",55277
"9605",53342
"9606",9338
"9607",7572
"9608",79694
"9609",142684
"9610",4299
"9611",9158
"9612",57571
"9613",54971
"9614",5499
"9615",3054
"9616",348938
"9617",10125
"9618",118487
"9619",122704
"9620",10924
"9621",27289
"9622",5883
"9623",30008
"9624",729092
"9625",253725
"9626",80194
"9627",64393
"9628",93550
"9629",148203
"9630",91607
"9631",57175
"9632",84750
"9633",55222
"9634",80198
"9635",29942
"9636",221468
"9637",169270
"9638",1072
"9639",23023
"9640",79612
"9641",90288
"9642",80011
"9643",339122
"9644",55871
"9645",167227
"9646",254122
"9647",6169
"9648",5916
"9649",283848
"9650",23491
"9651",54961
"9652",8824
"9653",57546
"9654",6670
"9655",1657
"9656",254042
"9657",285268
"9658",51162
"9659",55191
"9660",1717
"9661",206338
"9662",26960
"9663",84153
"9664",26579
"9665",338692
"9666",116535
"9667",4615
"9668",9943
"9669",23133
"9670",253558
"9671",541471
"9672",NA
"9673",NA
"9674",10524
"9675",344558
"9676",727936
"9677",79877
"9678",93624
"9679",257236
"9680",156
"9681",5970
"9682",132884
"9683",340252
"9684",283450
"9685",55731
"9686",54796
"9687",27235
"9688",3310
"9689",51504
"9690",54674
"9691",22992
"9692",203054
"9693",78988
"9694",64318
"9695",2101
"9696",29984
"9697",150684
"9698",65059
"9699",4580
"9700",54625
"9701",1163
"9702",NA
"9703",22885
"9704",91749
"9705",81839
"9706",2745
"9707",9657
"9708",91683
"9709",2804
"9710",158399
"9711",144195
"9712",56834
"9713",6623
"9714",79812
"9715",653784
"9716",8658
"9717",203523
"9718",49854
"9719",79660
"9720",56977
"9721",4296
"9722",10221
"9723",10089
"9724",84826
"9725",4973
"9726",1605
"9727",64801
"9728",51126
"9729",440574
"9730",254102
"9731",83591
"9732",79102
"9733",26472
"9734",10534
"9735",6599
"9736",147687
"9737",5797
"9738",2286
"9739",7423
"9740",79834
"9741",8793
"9742",4485
"9743",8794
"9744",29925
"9745",92597
"9746",90441
"9747",1464
"9748",257364
"9749",64859
"9750",1106
"9751",29903
"9752",51134
"9753",11163
"9754",5091
"9755",286205
"9756",64802
"9757",78999
"9758",6573
"9759",27129
"9760",9986
"9761",7388
"9762",124905557
"9763",256643
"9764",5707
"9765",26032
"9766",57493
"9767",79703
"9768",9804
"9769",3267
"9770",6777
"9771",924
"9772",1267
"9773",3728
"9774",10209
"9775",284131
"9776",57674
"9777",81033
"9778",162333
"9779",1263
"9780",10276
"9781",23333
"9782",NA
"9783",162466
"9784",163049
"9785",80012
"9786",26996
"9787",84733
"9788",27333
"9789",83759
"9790",84833
"9791",3212
"9792",114897
"9793",115123
"9794",126074
"9795",5936
"9796",152002
"9797",165324
"9798",9973
"9799",84984
"9800",80311
"9801",200933
"9802",2787
"9803",NA
"9804",253512
"9805",947
"9806",8722
"9807",253827
"9808",23592
"9809",283951
"9810",7096
"9811",10333
"9812",345757
"9813",285704
"9814",152877
"9815",284613
"9816",254359
"9817",54931
"9818",348180
"9819",23269
"9820",144577
"9821",54872
"9822",10594
"9823",112
"9824",387849
"9825",5306
"9826",9416
"9827",741
"9828",57659
"9829",8711
"9830",23051
"9831",23612
"9832",162515
"9833",201232
"9834",148979
"9835",127435
"9836",NA
"9837",128439
"9838",219833
"9839",9156
"9840",253959
"9841",NA
"9842",3981
"9843",389524
"9844",488
"9845",55055
"9846",6124
"9847",10302
"9848",400073
"9849",442117
"9850",582
"9851",10260
"9852",257144
"9853",400986
"9854",148808
"9855",246330
"9856",388730
"9857",65003
"9858",53833
"9859",79647
"9860",55167
"9861",162968
"9862",133022
"9863",90806
"9864",124152
"9865",6578
"9866",10781
"9867",3177
"9868",9024
"9869",NA
"9870",11041
"9871",153339
"9872",285590
"9873",55196
"9874",51574
"9875",143282
"9876",9975
"9877",140886
"9878",25855
"9879",6138
"9880",132720
"9881",3265
"9882",6731
"9883",9610
"9884",152815
"9885",9662
"9886",8322
"9887",57124
"9888",5174
"9889",201627
"9890",201626
"9891",11146
"9892",10897
"9893",254263
"9894",126328
"9895",51319
"9896",NA
"9897",81876
"9898",81490
"9899",125988
"9900",285315
"9901",26470
"9902",253982
"9903",253980
"9904",155185
"9905",170506
"9906",NA
"9907",26259
"9908",64837
"9909",1488
"9910",9435
"9911",79683
"9912",545
"9913",125144
"9914",11065
"9915",256356
"9916",80124
"9917",1674
"9918",149420
"9919",7189
"9920",55279
"9921",201158
"9922",56945
"9923",55690
"9924",65108
"9925",80851
"9926",200197
"9927",388403
"9928",5708
"9929",131408
"9930",1466
"9931",55486
"9932",1649
"9933",5095
"9934",10540
"9935",79797
"9936",10106
"9937",9793
"9938",392
"9939",10025
"9940",9776
"9941",23015
"9942",9537
"9943",378708
"9944",22845
"9945",254295
"9946",117144
"9947",9134
"9948",85007
"9949",1474
"9950",162655
"9951",27257
"9952",8815
"9953",56674
"9954",56675
"9955",5771
"9956",57758
"9957",84285
"9958",4087
"9959",8665
"9960",219749
"9961",285598
"9962",1212
"9963",317671
"9964",64770
"9965",9092
"9966",55844
"9967",57804
"9968",23529
"9969",143630
"9970",387787
"9971",10008
"9972",144245
"9973",10589
"9974",7352
"9975",7351
"9976",83638
"9977",80227
"9978",51642
"9979",5870
"9980",8061
"9981",2072
"9982",79783
"9983",11007
"9984",54968
"9985",100128782
"9986",6199
"9987",116028
"9988",146691
"9989",58492
"9990",205251
"9991",128966610
"9992",22877
"9993",NA
"9994",7025
"9995",54998
"9996",158135
"9997",401505
"9998",NA
"9999",55508
"10000",169841
"10001",8607
"10002",4482
"10003",23399
"10004",2118
"10005",375757
"10006",10458
"10007",340481
"10008",79666
"10009",2
"10010",379
"10011",63893
"10012",93129
"10013",340359
"10014",84747
"10015",163259
"10016",84617
"10017",116068
"10018",386724
"10019",126792
"10020",79898
"10021",26471
"10022",153364
"10023",286262
"10024",113829
"10025",9807
"10026",8636
"10027",1479
"10028",7525
"10029",79643
"10030",100874074
"10031",402682
"10032",55254
"10033",55346
"10034",284001
"10035",8877
"10036",664
"10037",339344
"10038",79915
"10039",114926
"10040",342908
"10041",25914
"10042",414149
"10043",29882
"10044",339487
"10045",159371
"10046",7694
"10047",1351
"10048",54993
"10049",79369
"10050",246184
"10051",51379
"10052",6051
"10053",163126
"10054",126272
"10055",9699
"10056",56888
"10057",84277
"10058",283377
"10059",155382
"10060",161198
"10061",161176
"10062",1196
"10063",254531
"10064",28232
"10065",284346
"10066",79446
"10067",112869
"10068",11145
"10069",148252
"10070",653583
"10071",2788
"10072",205717
"10073",124817
"10074",100128398
"10075",84823
"10076",51115
"10077",51320
"10078",220441
"10079",4642
"10080",2300
"10081",9884
"10082",2303
"10083",627
"10084",79635
"10085",197322
"10086",666
"10087",283933
"10088",401466
"10089",375189
"10090",8851
"10091",NA
"10092",344148
"10093",80230
"10094",10409
"10095",374819
"10096",54621
"10097",284207
"10098",157769
"10099",NA
"10100",55884
"10101",6664
"10102",7298
"10103",5827
"10104",170082
"10105",9240
"10106",56892
"10107",284358
"10108",NA
"10109",23141
"10110",2524
"10111",51301
"10112",NA
"10113",51078
"10114",84901
"10115",387758
"10116",23625
"10117",6470
"10118",29952
"10119",9632
"10120",140775
"10121",4524
"10122",147685
"10123",10522
"10124",345778
"10125",283232
"10126",147912
"10127",23403
"10128",54503
"10129",153129
"10130",340485
"10131",84942
"10132",5426
"10133",150368
"10134",391
"10135",64787
"10136",196527
"10137",403341
"10138",440672
"10139",125228
"10140",6888
"10141",8408
"10142",157807
"10143",6197
"10144",374907
"10145",80324
"10146",80205
"10147",347862
"10148",11253
"10149",8325
"10150",7156
"10151",57513
"10152",253461
"10153",286122
"10154",NA
"10155",64925
"10156",221091
"10157",29928
"10158",3090
"10159",8541
"10160",64110
"10161",89766
"10162",100049716
"10163",219285
"10164",441951
"10165",5074
"10166",7050
"10167",125170
"10168",266812
"10169",167359
"10170",203111
"10171",7182
"10172",122970
"10173",284119
"10174",10425
"10175",10009
"10176",79751
"10177",79874
"10178",475
"10179",79718
"10180",401474
"10181",497661
"10182",55367
"10183",126069
"10184",6181
"10185",83903
"10186",3725
"10187",23283
"10188",2629
"10189",28976
"10190",23765
"10191",57104
"10192",57085
"10193",222183
"10194",168451
"10195",54943
"10196",254827
"10197",977
"10198",5441
"10199",56975
"10200",25945
"10201",389289
"10202",9772
"10203",2314
"10204",6666
"10205",10949
"10206",648987
"10207",400728
"10208",105373159
"10209",NA
"10210",66005
"10211",56127
"10212",253639
"10213",9849
"10214",8269
"10215",NA
"10216",374969
"10217",285267
"10218",387856
"10219",1176
"10220",2885
"10221",360023
"10222",7334
"10223",151188
"10224",30832
"10225",158056
"10226",NA
"10227",51272
"10228",6232
"10229",60626
"10230",55272
"10231",140461
"10232",440836
"10233",283417
"10234",285601
"10235",388886
"10236",55929
"10237",92949
"10238",254228
"10239",3615
"10240",259173
"10241",4291
"10242",25915
"10243",205327
"10244",54762
"10245",55620
"10246",NA
"10247",83983
"10248",51027
"10249",124904395
"10250",1662
"10251",728047
"10252",4729
"10253",NA
"10254",55152
"10255",163071
"10256",85460
"10257",254251
"10258",84552
"10259",25970
"10260",57191
"10261",143888
"10262",5339
"10263",285498
"10264",146547
"10265",125919
"10266",63917
"10267",11180
"10268",348654
"10269",282679
"10270",8834
"10271",117608
"10272",26251
"10273",152573
"10274",90637
"10275",389072
"10276",7766
"10277",84792
"10278",79962
"10279",57673
"10280",221294
"10281",NA
"10282",NA
"10283",84987
"10284",157777
"10285",NA
"10286",54681
"10287",196403
"10288",55175
"10289",404217
"10290",788
"10291",9852
"10292",56998
"10293",8225
"10294",2081
"10295",2859
"10296",NA
"10297",349075
"10298",84875
"10299",23512
"10300",63899
"10301",115207
"10302",200895
"10303",54913
"10304",2907
"10305",9377
"10306",151176
"10307",57184
"10308",22882
"10309",1370
"10310",27132
"10311",389336
"10312",4351
"10313",378108
"10314",26873
"10315",339456
"10316",124989
"10317",9242
"10318",81575
"10319",54512
"10320",147991
"10321",6879
"10322",285346
"10323",2304
"10324",5198
"10325",81888
"10326",79415
"10327",79818
"10328",399668
"10329",2580
"10330",51341
"10331",7284
"10332",80010
"10333",80169
"10334",55030
"10335",284029
"10336",6415
"10337",27335
"10338",114932
"10339",112574
"10340",9212
"10341",317761
"10342",93621
"10343",285237
"10344",84314
"10345",23212
"10346",55920
"10347",375759
"10348",220388
"10349",54344
"10350",1537
"10351",5187
"10352",160335
"10353",84667
"10354",2193
"10355",144108
"10356",55095
"10357",284034
"10358",80153
"10359",285343
"10360",2517
"10361",199720
"10362",144348
"10363",811
"10364",9500
"10365",100506127
"10366",143458
"10367",1002
"10368",5886
"10369",90480
"10370",NA
"10371",5781
"10372",727866
"10373",1198
"10374",2624
"10375",10620
"10376",23241
"10377",255520
"10378",1960
"10379",257044
"10380",2262
"10381",64856
"10382",285908
"10383",50628
"10384",541472
"10385",24147
"10386",54813
"10387",10472
"10388",122525
"10389",645212
"10390",81858
"10391",85474
"10392",144132
"10393",79571
"10394",132228
"10395",161882
"10396",201164
"10397",23580
"10398",NA
"10399",100128927
"10400",144811
"10401",84232
"10402",91523
"10403",729614
"10404",9582
"10405",400960
"10406",91663
"10407",727957
"10408",9792
"10409",9495
"10410",126326
"10411",284023
"10412",163732
"10413",84948
"10414",23042
"10415",NA
"10416",7710
"10417",22864
"10418",9378
"10419",22928
"10420",147808
"10421",55017
"10422",79738
"10423",84922
"10424",22827
"10425",284297
"10426",79077
"10427",51333
"10428",NA
"10429",10194
"10430",118672
"10431",122809
"10432",284273
"10433",NA
"10434",197407
"10435",137814
"10436",255043
"10437",1731
"10438",54952
"10439",11336
"10440",NA
"10441",66004
"10442",9282
"10443",81889
"10444",157695
"10445",1104
"10446",8575
"10447",NA
"10448",223082
"10449",125893
"10450",55785
"10451",4947
"10452",124808
"10453",386618
"10454",2535
"10455",166815
"10456",3059
"10457",222166
"10458",23060
"10459",5062
"10460",285331
"10461",90411
"10462",283254
"10463",54494
"10464",2619
"10465",23526
"10466",219960
"10467",51276
"10468",374986
"10469",3753
"10470",124900286
"10471",8204
"10472",168620
"10473",221687
"10474",85453
"10475",8334
"10476",255308
"10477",387640
"10478",8347
"10479",151963
"10480",84622
"10481",84333
"10482",55432
"10483",169200
"10484",NA
"10485",80045
"10486",404201
"10487",120103
"10488",253832
"10489",124961
"10490",79642
"10491",5464
"10492",389362
"10493",79929
"10494",10224
"10495",NA
"10496",64388
"10497",6748
"10498",84698
"10499",126375
"10500",404093
"10501",23513
"10502",23510
"10503",728294
"10504",5021
"10505",55783
"10506",286077
"10507",118442
"10508",137209
"10509",NA
"10510",23760
"10511",90843
"10512",255252
"10513",64928
"10514",283554
"10515",166379
"10516",284406
"10517",1728
"10518",64782
"10519",79147
"10520",126003
"10521",9501
"10522",284439
"10523",124512
"10524",284129
"10525",25994
"10526",1129
"10527",225689
"10528",79813
"10529",NA
"10530",2149
"10531",101928160
"10532",4869
"10533",64219
"10534",55526
"10535",5179
"10536",92815
"10537",155061
"10538",5430
"10539",219902
"10540",23401
"10541",284114
"10542",79692
"10543",341208
"10544",388341
"10545",91351
"10546",79701
"10547",124908102
"10548",23109
"10549",168544
"10550",339500
"10551",55076
"10552",5912
"10553",57621
"10554",84282
"10555",79777
"10556",6448
"10557",NA
"10558",10586
"10559",2187
"10560",29072
"10561",259236
"10562",399664
"10563",51649
"10564",64582
"10565",124907837
"10566",9966
"10567",286128
"10568",7262
"10569",284459
"10570",5324
"10571",286451
"10572",26137
"10573",205428
"10574",90355
"10575",57463
"10576",2827
"10577",6478
"10578",22820
"10579",84967
"10580",768211
"10581",64864
"10582",55343
"10583",10193
"10584",6517
"10585",200205
"10586",1366
"10587",79673
"10588",94039
"10589",134553
"10590",84890
"10591",51287
"10592",5571
"10593",64785
"10594",91050
"10595",64963
"10596",6635
"10597",219790
"10598",55228
"10599",3418
"10600",NA
"10601",91304
"10602",7485
"10603",84629
"10604",161291
"10605",28955
"10606",55505
"10607",375061
"10608",11022
"10609",7562
"10610",9798
"10611",375748
"10612",64975
"10613",64764
"10614",NA
"10615",283989
"10616",7318
"10617",51021
"10618",5890
"10619",23641
"10620",51329
"10621",2131
"10622",6472
"10623",81532
"10624",84439
"10625",10159
"10626",124637
"10627",25825
"10628",7325
"10629",23336
"10630",338322
"10631",55137
"10632",338707
"10633",8905
"10634",65265
"10635",147650
"10636",342945
"10637",3770
"10638",26233
"10639",716
"10640",388323
"10641",100652824
"10642",143879
"10643",54059
"10644",2055
"10645",55344
"10646",11247
"10647",122553
"10648",161779
"10649",55666
"10650",147968
"10651",23265
"10652",3838
"10653",NA
"10654",402415
"10655",633
"10656",79598
"10657",2242
"10658",51218
"10659",90736
"10660",439921
"10661",3985
"10662",84975
"10663",55256
"10664",201965
"10665",6304
"10666",11248
"10667",2049
"10668",114042
"10669",389084
"10670",22906
"10671",83882
"10672",23236
"10673",348235
"10674",4692
"10675",100506380
"10676",50863
"10677",7267
"10678",283870
"10679",492311
"10680",25987
"10681",100272147
"10682",302
"10683",3214
"10684",164091
"10685",5069
"10686",389692
"10687",51335
"10688",6218
"10689",NA
"10690",1397
"10691",55794
"10692",64746
"10693",29035
"10694",NA
"10695",79087
"10696",80781
"10697",8241
"10698",100506504
"10699",2747
"10700",6165
"10701",6000
"10702",83733
"10703",170960
"10704",56849
"10705",28970
"10706",80254
"10707",280664
"10708",6734
"10709",2130
"10710",10473
"10711",221178
"10712",10052
"10713",25904
"10714",9112
"10715",389114
"10716",23705
"10717",162967
"10718",144608
"10719",5831
"10720",84316
"10721",161
"10722",6546
"10723",89874
"10724",18
"10725",1468
"10726",57118
"10727",729540
"10728",145748
"10729",125061
"10730",2621
"10731",10082
"10732",389337
"10733",11251
"10734",285753
"10735",125111
"10736",102723701
"10737",5877
"10738",338773
"10739",2188
"10740",91689
"10741",NA
"10742",10856
"10743",390637
"10744",84536
"10745",754
"10746",51428
"10747",5343
"10748",9802
"10749",147372
"10750",9403
"10751",NA
"10752",9831
"10753",202243
"10754",552900
"10755",54880
"10756",8690
"10757",219621
"10758",158358
"10759",2275
"10760",100128569
"10761",126075
"10762",105376752
"10763",10946
"10764",391712
"10765",NA
"10766",NA
"10767",728340
"10768",140460
"10769",11219
"10770",29933
"10771",4600
"10772",57634
"10773",84206
"10774",NA
"10775",54855
"10776",493753
"10777",51118
"10778",8624
"10779",253143
"10780",253190
"10781",54039
"10782",84193
"10783",388121
"10784",84133
"10785",23194
"10786",128989
"10787",NA
"10788",119559
"10789",84734
"10790",116541
"10791",220929
"10792",56941
"10793",8214
"10794",399949
"10795",348327
"10796",4707
"10797",64410
"10798",55039
"10799",NA
"10800",5678
"10801",2825
"10802",353500
"10803",10189
"10804",359845
"10805",9241
"10806",7378
"10807",84851
"10808",10186
"10809",146223
"10810",23585
"10811",29110
"10812",23466
"10813",10607
"10814",83999
"10815",10293
"10816",11200
"10817",57528
"10818",80139
"10819",148641
"10820",100288332
"10821",90187
"10822",221303
"10823",389677
"10824",286826
"10825",114781
"10826",256281
"10827",2863
"10828",100129543
"10829",55243
"10830",128239
"10831",10766
"10832",6331
"10833",340075
"10834",NA
"10835",130502
"10836",NA
"10837",NA
"10838",5613
"10839",387893
"10840",6525
"10841",283869
"10842",28958
"10843",256933
"10844",256435
"10845",8073
"10846",71
"10847",23258
"10848",56616
"10849",26276
"10850",6899
"10851",55803
"10852",NA
"10853",29796
"10854",54954
"10855",728689
"10856",7122
"10857",8508
"10858",NA
"10859",120356739
"10860",152
"10861",126382
"10862",388581
"10863",79174
"10864",152579
"10865",140739
"10866",54328
"10867",5504
"10868",64061
"10869",643707
"10870",283871
"10871",NA
"10872",11066
"10873",3654
"10874",84319
"10875",5101
"10876",641371
"10877",220323
"10878",220
"10879",8338
"10880",56660
"10881",5463
"10882",80213
"10883",10078
"10884",5587
"10885",254887
"10886",NA
"10887",26576
"10888",6586
"10889",1946
"10890",11187
"10891",1435
"10892",10584
"10893",84517
"10894",8398
"10895",84441
"10896",26039
"10897",3751
"10898",116447
"10899",9276
"10900",80764
"10901",NA
"10902",9735
"10903",2826
"10904",253769
"10905",10587
"10906",4303
"10907",11156
"10908",348013
"10909",5627
"10910",374659
"10911",162239
"10912",51286
"10913",1850
"10914",9021
"10915",84189
"10916",11260
"10917",340061
"10918",5142
"10919",284467
"10920",8303
"10921",124751
"10922",9968
"10923",81931
"10924",10801
"10925",157313
"10926",139285
"10927",9923
"10928",8349
"10929",390059
"10930",5413
"10931",56478
"10932",55328
"10933",25923
"10934",55967
"10935",644538
"10936",7327
"10937",23762
"10938",79135
"10939",51334
"10940",54732
"10941",25880
"10942",93517
"10943",155435
"10944",9823
"10945",90135
"10946",8971
"10947",375287
"10948",6612
"10949",83943
"10950",1188
"10951",3714
"10952",752
"10953",728118
"10954",391356
"10955",146198
"10956",646851
"10957",79050
"10958",11274
"10959",4700
"10960",57537
"10961",80757
"10962",113277
"10963",10572
"10964",140707
"10965",338376
"10966",8694
"10967",6092
"10968",26985
"10969",2157
"10970",377677
"10971",22888
"10972",23764
"10973",2972
"10974",10509
"10975",10519
"10976",7469
"10977",137868
"10978",NA
"10979",23768
"10980",80789
"10981",51065
"10982",149175
"10983",122622
"10984",11124
"10985",131583
"10986",56160
"10987",3297
"10988",387263
"10989",5813
"10990",27124
"10991",114659
"10992",317781
"10993",102723728
"10994",59307
"10995",340371
"10996",10581
"10997",7127
"10998",353274
"10999",267002
"11000",51186
"11001",9230
"11002",10196
"11003",2811
"11004",55015
"11005",285755
"11006",7625
"11007",285600
"11008",283991
"11009",441549
"11010",147111
"11011",123103
"11012",84614
"11013",339230
"11014",54622
"11015",8558
"11016",8651
"11017",6948
"11018",10634
"11019",23545
"11020",283643
"11021",9146
"11022",126282
"11023",5892
"11024",5600
"11025",93349
"11026",51263
"11027",123283
"11028",64754
"11029",25840
"11030",6450
"11031",400451
"11032",374920
"11033",374395
"11034",55010
"11035",246329
"11036",4919
"11037",NA
"11038",4582
"11039",80233
"11040",3665
"11041",26013
"11042",79184
"11043",348487
"11044",256329
"11045",5148
"11046",5592
"11047",7026
"11048",727910
"11049",4045
"11050",113146
"11051",169611
"11052",6667
"11053",64976
"11054",389119
"11055",10336
"11056",89782
"11057",5034
"11058",5719
"11059",5087
"11060",56901
"11061",399694
"11062",NA
"11063",677
"11064",7332
"11065",4908
"11066",54014
"11067",6490
"11068",333929
"11069",79842
"11070",4603
"11071",730094
"11072",4733
"11073",51479
"11074",253943
"11075",79943
"11076",399947
"11077",3434
"11078",159013
"11079",56479
"11080",339366
"11081",10933
"11082",348793
"11083",1762
"11084",79581
"11085",51227
"11086",5833
"11087",10134
"11088",100506084
"11089",NA
"11090",54584
"11091",127602
"11092",440345
"11093",374899
"11094",79896
"11095",140691
"11096",527
"11097",8519
"11098",3916
"11099",84197
"11100",84856
"11101",200942
"11102",54093
"11103",5727
"11104",55599
"11105",10308
"11106",8660
"11107",402573
"11108",23299
"11109",881
"11110",55217
"11111",126520
"11112",22821
"11113",84859
"11114",51079
"11115",84924
"11116",NA
"11117",57711
"11118",342909
"11119",100129196
"11120",64853
"11121",84529
"11122",NA
"11123",54103
"11124",120227
"11125",100130733
"11126",157567
"11127",23396
"11128",10773
"11129",130355
"11130",10623
"11131",51741
"11132",NA
"11133",338657
"11134",283149
"11135",51082
"11136",146909
"11137",84937
"11138",89958
"11139",123264
"11140",64757
"11141",345079
"11142",55330
"11143",388567
"11144",57496
"11145",7565
"11146",55693
"11147",64222
"11148",2558
"11149",5501
"11150",148254
"11151",NA
"11152",153768
"11153",23621
"11154",7058
"11155",6256
"11156",353322
"11157",200035
"11158",NA
"11159",7626
"11160",3858
"11161",101059918
"11162",728621
"11163",55922
"11164",3840
"11165",115560
"11166",110354863
"11167",653140
"11168",6228
"11169",54331
"11170",11118
"11171",3638
"11172",252884
"11173",84065
"11174",151011
"11175",85002
"11176",114826
"11177",23131
"11178",56971
"11179",4771
"11180",221491
"11181",7328
"11182",84981
"11183",100129075
"11184",11104
"11185",116985
"11186",347240
"11187",55615
"11188",80829
"11189",284018
"11190",144233
"11191",90624
"11192",NA
"11193",613
"11194",25794
"11195",139886
"11196",474343
"11197",8372
"11198",147645
"11199",84307
"11200",100101467
"11201",53373
"11202",10614
"11203",105374836
"11204",79955
"11205",23275
"11206",4137
"11207",54821
"11208",200728
"11209",8784
"11210",338761
"11211",349667
"11212",23390
"11213",55893
"11214",5465
"11215",64800
"11216",129080
"11217",388407
"11218",138428
"11219",51259
"11220",91582
"11221",285382
"11222",7003
"11223",5333
"11224",957
"11225",4286
"11226",4673
"11227",152100
"11228",130574
"11229",1645
"11230",55182
"11231",57698
"11232",353139
"11233",730098
"11234",339327
"11235",23270
"11236",4501
"11237",2650
"11238",91404
"11239",23048
"11240",79659
"11241",81557
"11242",4059
"11243",222194
"11244",2057
"11245",51616
"11246",56123
"11247",9863
"11248",338645
"11249",11261
"11250",387763
"11251",389118
"11252",1282
"11253",5757
"11254",51182
"11255",51547
"11256",NA
"11257",9742
"11258",646643
"11259",7874
"11260",342977
"11261",378884
"11262",84069
"11263",28986
"11264",200424
"11265",57335
"11266",9636
"11267",54932
"11268",400566
"11269",387032
"11270",317749
"11271",148398
"11272",400673
"11273",145173
"11274",81848
"11275",51393
"11276",84281
"11277",94107
"11278",79875
"11279",6917
"11280",79840
"11281",2175
"11282",79048
"11283",10507
"11284",10445
"11285",57697
"11286",7621
"11287",64170
"11288",375033
"11289",65243
"11290",347454
"11291",339559
"11292",388335
"11293",3006
"11294",57048
"11295",1978
"11296",550631
"11297",116224
"11298",342979
"11299",401944
"11300",NA
"11301",NA
"11302",50626
"11303",7373
"11304",92737
"11305",339451
"11306",222696
"11307",126432
"11308",NA
"11309",284677
"11310",729967
"11311",NA
"11312",6274
"11313",29978
"11314",353116
"11315",57474
"11316",123904
"11317",10123
"11318",100130519
"11319",115273
"11320",7477
"11321",65998
"11322",653519
"11323",145873
"11324",647024
"11325",6300
"11326",1287
"11327",375790
"11328",4810
"11329",643853
"11330",199777
"11331",376940
"11332",NA
"11333",389541
"11334",5575
"11335",729262
"11336",374383
"11337",123879
"11338",390927
"11339",10383
"11340",119016
"11341",25845
"11342",170622
"11343",123688
"11344",643338
"11345",163087
"11346",57801
"11347",79862
"11348",374872
"11349",401541
"11350",5359
"11351",375341
"11352",84527
"11353",2963
"11354",137392
"11355",54914
"11356",284338
"11357",7784
"11358",343521
"11359",1121
"11360",63915
"11361",389792
"11362",3014
"11363",387755
"11364",284325
"11365",197021
"11366",644815
"11367",10772
"11368",285193
"11369",388115
"11370",4077
"11371",57186
"11372",27158
"11373",154215
"11374",NA
"11375",1201
"11376",653820
"11377",56624
"11378",6613
"11379",340719
"11380",653720
"11381",100529215
"11382",84247
"11383",1806
"11384",140576
"11385",375743
"11386",6006
"11387",29780
"11388",57835
"11389",7390
"11390",51114
"11391",347148
"11392",643155
"11393",340277
"11394",144404
"11395",23029
"11396",10811
"11397",130612
"11398",8326
"11399",399473
"11400",390598
"11401",5549
"11402",147694
"11403",4520
"11404",199953
"11405",387921
"11406",79844
"11407",441168
"11408",NA
"11409",84464
"11410",9045
"11411",147837
"11412",85302
"11413",339287
"11414",120892
"11415",79979
"11416",401494
"11417",257177
"11418",NA
"11419",158293
"11420",257313
"11421",26155
"11422",NA
"11423",25920
"11424",339977
"11425",23036
"11426",283219
"11427",374897
"11428",134637
"11429",163081
"11430",4697
"11431",121642
"11432",51136
"11433",5649
"11434",374393
"11435",347
"11436",3005
"11437",9516
"11438",83862
"11439",196528
"11440",23450
"11441",26280
"11442",388552
"11443",219348
"11444",222698
"11445",1364
"11446",126231
"11447",51155
"11448",84503
"11449",6284
"11450",7581
"11451",54510
"11452",162966
"11453",284697
"11454",NA
"11455",4128
"11456",654433
"11457",145853
"11458",NA
"11459",7259
"11460",55629
"11461",80317
"11462",27341
"11463",132660
"11464",9679
"11465",389558
"11466",23254
"11467",728661
"11468",NA
"11469",100131211
"11470",23708
"11471",84933
"11472",3146
"11473",8510
"11474",400745
"11475",139735
"11476",282991
"11477",440519
"11478",3556
"11479",374879
"11480",23424
"11481",90835
"11482",653319
"11483",12
"11484",8644
"11485",26010
"11486",58500
"11487",151525
"11488",7633
"11489",6275
"11490",25894
"11491",79633
"11492",148213
"11493",36
"11494",83931
"11495",9725
"11496",64218
"11497",646962
"11498",54737
"11499",441191
"11500",NA
"11501",90321
"11502",9901
"11503",63939
"11504",203068
"11505",84458
"11506",6829
"11507",63929
"11508",51427
"11509",5478
"11510",57573
"11511",162962
"11512",284443
"11513",84163
"11514",8464
"11515",60491
"11516",NA
"11517",487
"11518",3376
"11519",9883
"11520",29068
"11521",94027
"11522",54413
"11523",55888
"11524",1604
"11525",147929
"11526",84628
"11527",11091
"11528",9361
"11529",8295
"11530",55190
"11531",647135
"11532",2526
"11533",79754
"11534",80778
"11535",7699
"11536",388324
"11537",342132
"11538",5770
"11539",51466
"11540",2050
"11541",91661
"11542",7678
"11543",2547
"11544",9858
"11545",9819
"11546",124907808
"11547",148266
"11548",100131755
"11549",79693
"11550",27153
"11551",30849
"11552",285971
"11553",100289635
"11554",6399
"11555",731220
"11556",140465
"11557",90576
"11558",6477
"11559",140680
"11560",79711
"11561",9612
"11562",55660
"11563",54834
"11564",85012
"11565",51434
"11566",6536
"11567",60312
"11568",4666
"11569",399687
"11570",54785
"11571",4122
"11572",4311
"11573",729533
"11574",55959
"11575",3048
"11576",3908
"11577",23654
"11578",7516
"11579",4646
"11580",57591
"11581",3066
"11582",158431
"11583",100505555
"11584",4312
"11585",125
"11586",6925
"11587",57001
"11588",3269
"11589",55684
"11590",7695
"11591",23660
"11592",91392
"11593",51399
"11594",NA
"11595",150737
"11596",9895
"11597",100287569
"11598",643836
"11599",112479
"11600",107986346
"11601",7442
"11602",7582
"11603",283970
"11604",57473
"11605",51321
"11606",170959
"11607",389658
"11608",4763
"11609",154807
"11610",147686
"11611",85301
"11612",NA
"11613",2760
"11614",8329
"11615",6273
"11616",388796
"11617",90592
"11618",961
"11619",7088
"11620",55534
"11621",8969
"11622",29966
"11623",8187
"11624",NA
"11625",80345
"11626",89853
"11627",64771
"11628",100
"11629",10865
"11630",160760
"11631",285190
"11632",374354
"11633",140612
"11634",644019
"11635",6334
"11636",3914
"11637",3841
"11638",57730
"11639",23365
"11640",9260
"11641",2316
"11642",57522
"11643",10447
"11644",161424
"11645",57181
"11646",837
"11647",160
"11648",199704
"11649",170384
"11650",644596
"11651",307
"11652",8270
"11653",54554
"11654",100507607
"11655",11152
"11656",51108
"11657",7697
"11658",353088
"11659",388566
"11660",29950
"11661",163227
"11662",541578
"11663",57541
"11664",221785
"11665",309
"11666",126068
"11667",2764
"11668",284266
"11669",147923
"11670",284390
"11671",79830
"11672",7741
"11673",4097
"11674",92714
"11675",3482
"11676",79690
"11677",1778
"11678",5094
"11679",84619
"11680",123096
"11681",80055
"11682",6714
"11683",91120
"11684",400720
"11685",113835
"11686",399909
"11687",203102
"11688",51703
"11689",11194
"11690",27044
"11691",146540
"11692",5718
"11693",158960
"11694",55124
"11695",124905135
"11696",140688
"11697",375791
"11698",6583
"11699",9583
"11700",10438
"11701",23061
"11702",26740
"11703",5265
"11704",25959
"11705",NA
"11706",2961
"11707",25788
"11708",7718
"11709",8831
"11710",128486
"11711",641
"11712",124411
"11713",84301
"11714",6840
"11715",51592
"11716",26020
"11717",57162
"11718",79027
"11719",219927
"11720",91373
"11721",NA
"11722",283807
"11723",136051
"11724",340385
"11725",171392
"11726",6584
"11727",147906
"11728",104
"11729",3064
"11730",728
"11731",79674
"11732",23729
"11733",3652
"11734",4217
"11735",373156
"11736",3182
"11737",50861
"11738",5154
"11739",2996
"11740",1305
"11741",57116
"11742",56125
"11743",89887
"11744",81031
"11745",79788
"11746",84154
"11747",64078
"11748",142678
"11749",4644
"11750",NA
"11751",10533
"11752",26037
"11753",92104
"11754",1991
"11755",57799
"11756",23556
"11757",1288
"11758",57547
"11759",11147
"11760",3201
"11761",10210
"11762",83875
"11763",NA
"11764",955
"11765",5167
"11766",84188
"11767",65250
"11768",284371
"11769",8076
"11770",284370
"11771",91966
"11772",56882
"11773",5055
"11774",1803
"11775",80380
"11776",163059
"11777",NA
"11778",6709
"11779",4828
"11780",55742
"11781",92689
"11782",6120
"11783",10794
"11784",5253
"11785",6231
"11786",5660
"11787",6281
"11788",6168
"11789",114112
"11790",1675
"11791",79892
"11792",197342
"11793",122773
"11794",347344
"11795",6884
"11796",284323
"11797",55210
"11798",79607
"11799",92283
"11800",NA
"11801",NA
"11802",100499483
"11803",23315
"11804",100506658
"11805",255119
"11806",339318
"11807",55924
"11808",51710
"11809",8733
"11810",54557
"11811",388536
"11812",81553
"11813",4641
"11814",NA
"11815",28512
"11816",23303
"11817",128
"11818",85236
"11819",7004
"11820",101930112
"11821",342926
"11822",30001
"11823",55552
"11824",84671
"11825",89848
"11826",58491
"11827",6277
"11828",6136
"11829",7675
"11830",9019
"11831",23230
"11832",4155
"11833",8227
"11834",54898
"11835",440295
"11836",127687
"11837",85028
"11838",55035
"11839",51135
"11840",115948
"11841",28977
"11842",57089
"11843",63925
"11844",147741
"11845",6191
"11846",10793
"11847",7637
"11848",84549
"11849",63934
"11850",140885
"11851",2870
"11852",5557
"11853",54708
"11854",613037
"11855",27233
"11856",7541
"11857",23607
"11858",9814
"11859",65251
"11860",57209
"11861",NA
"11862",54863
"11863",1902
"11864",26275
"11865",27300
"11866",65124
"11867",54989
"11868",79366
"11869",57708
"11870",10905
"11871",258010
"11872",90987
"11873",65992
"11874",7027
"11875",84775
"11876",55713
"11877",51170
"11878",23334
"11879",7789
"11880",83694
"11881",54870
"11882",NA
"11883",642489
"11884",11325
"11885",NA
"11886",6147
"11887",55315
"11888",6815
"11889",59286
"11890",9931
"11891",89894
"11892",54963
"11893",220992
"11894",55153
"11895",7745
"11896",144717
"11897",219844
"11898",79973
"11899",126017
"11900",415116
"11901",439
"11902",444
"11903",200734
"11904",11060
"11905",2673
"11906",7405
"11907",7574
"11908",50618
"11909",NA
"11910",10724
"11911",9747
"11912",7620
"11913",7296
"11914",147949
"11915",374900
"11916",158586
"11917",147657
"11918",84914
"11919",7169
"11920",642946
"11921",83699
"11922",388558
"11923",148741
"11924",51441
"11925",10230
"11926",55319
"11927",51062
"11928",7975
"11929",7594
"11930",11321
"11931",7576
"11932",9358
"11933",118472
"11934",199692
"11935",283518
"11936",11169
"11937",285989
"11938",1500
"11939",7919
"11940",131870
"11941",9874
"11942",987
"11943",339883
"11944",4326
"11945",11177
"11946",10920
"11947",NA
"11948",26112
"11949",4194
"11950",55958
"11951",23054
"11952",27347
"11953",NA
"11954",221477
"11955",801
"11956",9652
"11957",286319
"11958",9060
"11959",10479
"11960",22909
"11961",24
"11962",4541
"11963",55705
"11964",80184
"11965",619518
"11966",4513
"11967",112770
"11968",23116
"11969",28514
"11970",124930
"11971",10455
"11972",10497
"11973",4519
"11974",8861
"11975",9646
"11976",64093
"11977",51734
"11978",22834
"11979",57154
"11980",6526
"11981",NA
"11982",63906
"11983",9578
"11984",5365
"11985",64064
"11986",4736
"11987",23127
"11988",4536
"11989",164284
"11990",91603
"11991",4540
"11992",29883
"11993",25829
"11994",2475
"11995",192683
"11996",25925
"11997",115701
"11998",9860
"11999",4512
"12000",4860
"12001",2710
"12002",22887
"12003",140467
"12004",113402
"12005",283489
"12006",22876
"12007",9824
"12008",3151
"12009",140606
"12010",51465
"12011",57165
"12012",4976
"12013",9909
"12014",11179
"12015",4537
"12016",112970
"12017",51714
"12018",9760
"12019",1066
"12020",9853
"12021",11153
"12022",58505
"12023",91300
"12024",116461
"12025",26046
"12026",146923
"12027",100129792
"12028",2869
"12029",55253
"12030",25853
"12031",150771
"12032",4538
"12033",23137
"12034",4535
"12035",55170
"12036",149345
"12037",85457
"12038",830
"12039",4508
"12040",7150
"12041",9055
"12042",80823
"12043",4215
"12044",3897
"12045",6721
"12046",339448
"12047",221002
"12048",51490
"12049",6170
"12050",9666
"12051",9851
"12052",9937
"12053",79065
"12054",9722
"12055",353
"12056",9737
"12057",9755
"12058",57692
"12059",154467
"12060",4514
"12061",80108
"12062",134548
"12063",84456
"12064",1756
"12065",4668
"12066",23381
"12067",26128
"12068",7052
"12069",54470
"12070",9867
"12071",259230
"12072",170958
"12073",NA
"12074",NA
"12075",64423
"12076",NA
"12077",2812
"12078",NA
"12079",84288
"12080",116228
"12081",23596
"12082",128387
"12083",NA
"12084",NA
"12085",353091
"12086",388722
"12087",389432
"12088",101928673
"12089",387103
"12090",NA
"12091",503542
"12092",619208
"12093",92565
"12094",399818
"12095",8528
"12096",333932
"12097",84852
"12098",206412
"12099",NA
"12100",100505933
"12101",2664
"12102",55251
"12103",54923
"12104",286411
"12105",148418
"12106",26071
"12107",84455
"12108",85026
"12109",440590
"12110",284751
"12111",221424
"12112",124900275
"12113",90196
"12114",3633
"12115",9935
"12116",26146
"12117",53344
"12118",26058
"12119",257407
"12120",55680
"12121",65979
"12122",653308
"12123",414189
"12124",100652748
"12125",84243
"12126",642517
"12127",5540
"12128",9721
"12129",83849
"12130",55219
"12131",57683
"12132",NA
"12133",113523636
"12134",659
"12135",6920
"12136",10471
"12137",6015
"12138",7923
"12139",6257
"12140",339229
"12141",1302
"12142",NA
"12143",6046
"12144",3108
"12145",100507463
"12146",1290
"12147",5696
"12148",6891
"12149",169981
"12150",550643
"12151",1306
"12152",5089
"12153",177
"12154",6048
"12155",10554
"12156",494513
"12157",100507547
"12158",63943
"12159",64978
"12160",643008
"12161",8859
"12162",1797
"12163",6499
"12164",NA
"12165",7936
"12166",400743
"12167",221527
"12168",6392
"12169",10919
"12170",143903
"12171",4758
"12172",50854
"12173",3304
"12174",3303
"12175",3305
"12176",57819
"12177",7407
"12178",80737
"12179",114769
"12180",55777
"12181",4439
"12182",7920
"12183",80741
"12184",1460
"12185",7918
"12186",57827
"12187",728215
"12188",55937
"12189",7917
"12190",7916
"12191",4795
"12192",730051
"12193",4277
"12194",90233
"12195",100507436
"12196",390980
"12197",3107
"12198",54535
"12199",170679
"12200",8449
"12201",221545
"12202",28973
"12203",5514
"12204",23
"12205",80742
"12206",780
"12207",2794
"12208",3133
"12209",56658
"12210",90333
"12211",90317
"12212",80352
"12213",6992
"12214",NA
"12215",80862
"12216",10399
"12217",11138
"12218",147081
"12219",84335
"12220",2550
"12221",399726
"12222",NA
"12223",NA
"12224",5987
"12225",102724642
"12226",100268168
"12227",64901
"12228",100131897
"12229",NA
"12230",NA
"12231",NA
"12232",83538
"12233",116540
"12234",642475
"12235",6311
"12236",1639
"12237",79600
"12238",29902
"12239",3104
"12240",2843
"12241",440145
"12242",7711
"12243",790955
"12244",554251
"12245",401431
"12246",5673
"12247",100289678
"12248",155054
"12249",728568
"12250",56114
"12251",56141
"12252",56144
"12253",10206
"12254",84501
"12255",84912
"12256",79583
"12257",346653
"12258",339453
"12259",643965
"12260",286144
"12261",644096
"12262",138715
"12263",55851
"12264",100131378
"12265",149837
"12266",65986
"12267",201725
"12268",55366
"12269",5699
"12270",NA
"12271",1874
"12272",5150
"12273",100113407
"12274",6643
"12275",100316904
"12276",56953
"12277",84324
"12278",9289
"12279",10527
"12280",54458
"12281",25851
"12282",54809
"12283",255919
"12284",NA
"12285",NA
"12286",317762
"12287",100505767
"12288",57139
"12289",4676
"12290",NA
"12291",7114
"12292",254863
"12293",100144603
"12294",1375
"12295",100506731
"12296",6607
"12297",NA
"12298",3150
"12299",414918
"12300",728689
"12301",51451
"12302",150383
"12303",91750
"12304",102723553
"12305",8110
"12306",105377203
"12307",144363
"12308",100130311
"12309",6453
"12310",162073
"12311",NA
"12312",9946
"12313",285636
"12314",100131094
"12315",503693
"12316",192668
"12317",403313
"12318",542767
"12319",283314
"12320",100131017
"12321",100128788
"12322",752014
"12323",NA
"12324",10921
"12325",57523
"12326",131118
"12327",90861
"12328",728047
"12329",645426
"12330",NA
"12331",57194
"12332",10866
"12333",NA
"12334",253018
"12335",NA
"12336",201475
"12337",3105
"12338",201562
"12339",55779
"12340",348801
"12341",389136
"12342",152098
"12343",23243
"12344",131965
"12345",NA
"12346",440944
"12347",NA
"12348",2878
"12349",1734
"12350",280636
"12351",NA
"12352",23012
"12353",22908
"12354",NA
"12355",7247
"12356",55652
"12357",NA
"12358",163154
"12359",106707243
"12360",NA
"12361",NA
"12362",338799
"12363",64693
"12364",339263
"12365",730755
"12366",441518
"12367",NA
"12368",NA
"12369",727800
"12370",4539
"12371",54627
"12372",339803
"12373",51157
"12374",81856
"12375",23636
"12376",163486
"12377",400798
"12378",375035
"12379",11116
"12380",NA
"12381",22828
"12382",NA
"12383",25790
"12384",9534
"12385",255758
"12386",1427
"12387",1396
"12388",NA
"12389",100526832
"12390",NA
"12391",196792
"12392",286827
"12393",NA
"12394",10962
"12395",9311
"12396",84960
"12397",728489
"12398",NA
"12399",NA
"12400",6827
"12401",NA
"12402",NA
"12403",4893
"12404",NA
"12405",NA
"12406",NA
"12407",51239
"12408",81890
"12409",1147
"12410",83463
"12411",2946
"12412",84342
"12413",NA
"12414",84986
"12415",55559
"12416",3931
"12417",NA
"12418",728643
"12419",79037
"12420",221914
"12421",NA
"12422",NA
"12423",NA
"12424",NA
"12425",6494
"12426",2086
"12427",55333
"12428",402
"12429",NA
"12430",494115
"12431",10011
"12432",375346
"12433",NA
"12434",23234
"12435",NA
"12436",414919
"12437",7416
"12438",221504
"12439",51075
"12440",NA
"12441",100526830
"12442",3073
"12443",4722
"12444",54741
"12445",81606
"12446",113179
"12447",5500
"12448",124907837
"12449",63940
"12450",27040
"12451",51517
"12452",1388
"12453",11277
"12454",NA
"12455",1903
"12456",54978
"12457",NA
"12458",NA
"12459",1192
"12460",23564
"12461",NA
"12462",6235
"12463",102724826
"12464",NA
"12465",534
"12466",7693
"12467",NA
"12468",2968
"12469",51202
"12470",388559
"12471",91664
"12472",NA
"12473",NA
"12474",2013
"12475",147040
"12476",NA
"12477",NA
"12478",NA
"12479",NA
"12480",147699
"12481",1241
"12482",101930071
"12483",56413
"12484",1773
"12485",145553
"12486",1454
"12487",10379
"12488",2592
"12489",3046
"12490",3672
"12491",100130691
"12492",390916
"12493",730087
"12494",30851
"12495",8906
"12496",7643
"12497",55739
"12498",53345
"12499",100271849
"12500",2595
"12501",26140
"12502",29803
"12503",6150
"12504",101060200
"12505",79086
"12506",7106
"12507",8904
"12508",339231
"12509",NA
"12510",57128
"12511",26292
"12512",10195
"12513",NA
"12514",NA
"12515",338069
"12516",NA
"12517",NA
"12518",79729
"12519",401397
"12520",NA
"12521",255809
"12522",NA
"12523",339210
"12524",51024
"12525",283
"12526",619207
"12527",100505854
"12528",255374
"12529",NA
"12530",387104
"12531",100130894
"12532",54492
"12533",79441
"12534",387804
"12535",NA
"12536",644246
"12537",92482
"12538",NA
"12539",101926911
"12540",57412
"12541",100528020
"12542",NA
"12543",NA
"12544",51400
"12545",10809
"12546",55384
"12547",441155
"12548",728130
"12549",64506
"12550",100288842
"12551",23053
"12552",7866
"12553",9189
"12554",NA
"12555",100188893
"12556",221092
"12557",751071
"12558",84820
"12559",654463
"12560",NA
"12561",NA
"12562",4515
"12563",NA
"12564",283551
"12565",285830
"12566",101059953
"12567",125150
"12568",64283
"12569",729920
"12570",101059938
"12571",79680
"12572",11331
"12573",NA
"12574",NA
"12575",678655
"12576",84461
"12577",100506713
"12578",153684
"12579",NA
"12580",137886
"12581",644019
"12582",NA
"12583",55670
"12584",NA
"12585",NA
"12586",101927905
"12587",399715
"12588",60493
"12589",440270
"12590",55449
"12591",157855
"12592",1654
"12593",NA
"12594",64601
"12595",NA
"12596",100132103
"12597",4636
"12598",407975
"12599",55628
"12600",114044
"12601",124904942
"12602",284837
"12603",100526842
"12604",NA
"12605",NA
"12606",NA
"12607",NA
"12608",6248
"12609",729515
"12610",56900
"12611",109286553
"12612",728833
"12613",8718
"12614",NA
"12615",339535
"12616",NA
"12617",NA
"12618",NA
"12619",606495
"12620",284498
"12621",NA
"12622",10437
"12623",147710
"12624",NA
"12625",NA
"12626",100506302
"12627",79741
"12628",96459
"12629",NA
"12630",NA
"12631",51192
"12632",NA
"12633",51025
"12634",NA
"12635",NA
"12636",NA
"12637",NA
"12638",55714
"12639",NA
"12640",29092
"12641",NA
"12642",100505876
"12643",163033
"12644",440400
"12645",NA
"12646",NA
"12647",NA
"12648",55672
"12649",NA
"12650",729852
"12651",648791
"12652",375190
"12653",101928464
"12654",NA
"12655",NA
"12656",NA
"12657",400579
"12658",100125288
"12659",6844
"12660",NA
"12661",NA
"12662",NA
"12663",NA
"12664",NA
"12665",101929145
"12666",750
"12667",441150
"12668",5534
"12669",2189
"12670",9179
"12671",84226
"12672",83895
"12673",1052
"12674",5676
"12675",NA
"12676",63920
"12677",284293
"12678",23467
"12679",221786
"12680",5520
"12681",400713
"12682",10626
"12683",NA
"12684",200765
"12685",NA
"12686",84561
"12687",80830
"12688",3995
"12689",81669
"12690",7311
"12691",9374
"12692",NA
"12693",57232
"12694",388948
"12695",149478
"12696",222234
"12697",NA
"12698",112597
"12699",414236
"12700",NA
"12701",NA
"12702",NA
"12703",100507257
"12704",NA
"12705",100506100
"12706",728190
"12707",NA
"12708",118460
"12709",6293
"12710",NA
"12711",NA
"12712",NA
"12713",284391
"12714",3045
"12715",NA
"12716",NA
"12717",728819
"12718",155400
"12719",NA
"12720",NA
"12721",NA
"12722",NA
"12723",100130417
"12724",642852
"12725",101927356
"12726",NA
"12727",285266
"12728",NA
"12729",10715
"12730",NA
"12731",441307
"12732",3115
"12733",100505783
"12734",114902
"12735",NA
"12736",101927027
"12737",NA
"12738",NA
"12739",NA
"12740",80772
"12741",NA
"12742",NA
"12743",NA
"12744",NA
"12745",NA
"12746",NA
"12747",NA
"12748",NA
"12749",100996485
"12750",NA
"12751",NA
"12752",101927174
"12753",721
"12754",NA
"12755",NA
"12756",NA
"12757",199800
"12758",100506637
"12759",NA
"12760",NA
"12761",342371
"12762",NA
"12763",221710
"12764",NA
"12765",NA
"12766",102724224
"12767",642659
"12768",NA
"12769",NA
"12770",NA
"12771",NA
"12772",100505696
"12773",NA
"12774",100302401
"12775",NA
"12776",NA
"12777",100129845
"12778",NA
"12779",NA
"12780",NA
"12781",NA
"12782",NA
"12783",NA
"12784",148413
"12785",284184
"12786",NA
"12787",NA
"12788",101928283
"12789",NA
"12790",439994
"12791",101927300
"12792",NA
"12793",8552
"12794",NA
"12795",NA
"12796",102723566
"12797",NA
"12798",101927293
"12799",NA
"12800",NA
"12801",NA
"12802",NA
"12803",124900217
"12804",9842
"12805",NA
"12806",NA
"12807",400765
"12808",NA
"12809",NA
"12810",NA
"12811",NA
"12812",NA
"12813",NA
"12814",196993
"12815",100507459
"12816",207107
"12817",NA
"12818",100507540
"12819",100507171
"12820",NA
"12821",554203
"12822",101060691
"12823",NA
"12824",NA
"12825",84627
"12826",NA
"12827",124906859
"12828",348262
"12829",NA
"12830",65010
"12831",100505641
"12832",NA
"12833",138948
"12834",440823
"12835",401264
"12836",NA
"12837",100128071
"12838",2074
"12839",284618
"12840",NA
"12841",NA
"12842",51406
"12843",4909
"12844",150538
"12845",392617
"12846",NA
"12847",101928527
"12848",101927621
"12849",NA
"12850",NA
"12851",NA
"12852",107984921
"12853",NA
"12854",NA
"12855",NA
"12856",NA
"12857",NA
"12858",348751
"12859",440465
"12860",NA
"12861",647310
"12862",100288778
"12863",NA
"12864",NA
"12865",100506834
"12866",NA
"12867",NA
"12868",NA
"12869",NA
"12870",NA
"12871",100506714
"12872",NA
"12873",NA
"12874",100133545
"12875",100506392
"12876",NA
"12877",NA
"12878",79134
"12879",124906933
"12880",NA
"12881",NA
"12882",NA
"12883",NA
"12884",NA
"12885",101927667
"12886",728558
"12887",104355426
"12888",NA
"12889",440498
"12890",NA
"12891",100507564
"12892",100192379
"12893",100170229
"12894",404665
"12895",NA
"12896",112267877
"12897",NA
"12898",NA
"12899",100506797
"12900",NA
"12901",100288413
"12902",NA
"12903",NA
"12904",57291
"12905",101928161
"12906",NA
"12907",100133123
"12908",NA
"12909",NA
"12910",100128590
"12911",100499467
"12912",56967
"12913",102724094
"12914",9277
"12915",100506757
"12916",101927394
"12917",NA
"12918",100131827
"12919",93653
"12920",NA
"12921",NA
"12922",NA
"12923",NA
"12924",105373951
"12925",100144748
"12926",8505
"12927",100505538
"12928",NA
"12929",NA
"12930",NA
"12931",NA
"12932",102723834
"12933",113178
"12934",NA
"12935",440584
"12936",414245
"12937",NA
"12938",NA
"12939",NA
"12940",NA
"12941",NA
"12942",NA
"12943",NA
"12944",NA
"12945",NA
"12946",NA
"12947",729867
"12948",NA
"12949",NA
"12950",NA
"12951",NA
"12952",NA
"12953",NA
"12954",124901333
"12955",NA
"12956",NA
"12957",441072
"12958",NA
"12959",NA
"12960",100507308
"12961",NA
"12962",246721
"12963",NA
"12964",NA
"12965",NA
"12966",NA
"12967",100507057
"12968",100874054
"12969",NA
"12970",NA
"12971",NA
"12972",107986583
"12973",NA
"12974",4509
"12975",NA
"12976",NA
"12977",100506696
"12978",55009
"12979",NA
"12980",91316
"12981",284757
"12982",105374845
"12983",NA
"12984",NA
"12985",NA
"12986",NA
"12987",100128731
"12988",NA
"12989",NA
"12990",NA
"12991",NA
"12992",106614088
"12993",NA
"12994",100131193
"12995",283008
"12996",NA
"12997",643988
"12998",100287049
"12999",101927768
"13000",NA
"13001",109729180
"13002",NA
"13003",389333
"13004",100996709
"13005",NA
"13006",NA
"13007",1719
"13008",401251
"13009",111216280
"13010",NA
"13011",285962
"13012",NA
"13013",400946
"13014",100507336
"13015",643837
"13016",NA
"13017",642345
"13018",NA
"13019",101929760
"13020",NA
"13021",100289373
"13022",NA
"13023",NA
"13024",NA
"13025",NA
"13026",NA
"13027",NA
"13028",101927482
"13029",NA
"13030",6171
"13031",NA
"13032",100507347
"13033",NA
"13034",NA
"13035",NA
"13036",NA
"13037",401288
"13038",NA
"13039",NA
"13040",NA
"13041",NA
"13042",100873952
"13043",643365
"13044",NA
"13045",NA
"13046",NA
"13047",100128640
"13048",NA
"13049",401093
"13050",NA
"13051",NA
"13052",105373853
"13053",NA
"13054",NA
"13055",NA
"13056",100129347
"13057",NA
"13058",NA
"13059",NA
"13060",7503
"13061",NA
"13062",146542
"13063",NA
"13064",100131801
"13065",NA
"13066",122539212
"13067",100874111
"13068",NA
"13069",NA
"13070",100505879
"13071",NA
"13072",NA
"13073",403150
"13074",NA
"13075",NA
"13076",NA
"13077",NA
"13078",NA
"13079",NA
"13080",NA
"13081",100874032
"13082",NA
"13083",NA
"13084",100527964
"13085",100874362
"13086",NA
"13087",NA
"13088",NA
"13089",NA
"13090",100506409
"13091",100506679
"13092",NA
"13093",NA
"13094",NA
"13095",100133220
"13096",NA
"13097",NA
"13098",NA
"13099",NA
"13100",NA
"13101",101927895
"13102",NA
"13103",441459
"13104",NA
"13105",NA
"13106",114796
"13107",NA
"13108",439931
"13109",NA
"13110",NA
"13111",NA
"13112",414208
"13113",NA
"13114",100302692
"13115",NA
"13116",NA
"13117",107984948
"13118",NA
"13119",NA
"13120",NA
"13121",NA
"13122",NA
"13123",NA
"13124",NA
"13125",100873998
"13126",404281
"13127",NA
"13128",NA
"13129",NA
"13130",NA
"13131",NA
"13132",NA
"13133",NA
"13134",NA
"13135",3281
"13136",NA
"13137",105371450
"13138",NA
"13139",414777
"13140",NA
"13141",NA
"13142",NA
"13143",NA
"13144",84657
"13145",102724593
"13146",100996539
"13147",149773
"13148",NA
"13149",100133985
"13150",NA
"13151",NA
"13152",101929147
"13153",3113
"13154",6222
"13155",NA
"13156",NA
"13157",NA
"13158",NA
"13159",8847
"13160",100132215
"13161",NA
"13162",101928489
"13163",NA
"13164",NA
"13165",NA
"13166",378805
"13167",101927541
"13168",NA
"13169",NA
"13170",NA
"13171",101929074
"13172",NA
"13173",100873949
"13174",NA
"13175",5554
"13176",643749
"13177",NA
"13178",100507475
"13179",5672
"13180",6892
"13181",103344932
"13182",100874343
"13183",NA
"13184",NA
"13185",NA
"13186",400761
"13187",NA
"13188",NA
"13189",NA
"13190",101929184
"13191",NA
"13192",51372
"13193",28985
"13194",NA
"13195",101928578
"13196",643529
"13197",NA
"13198",NA
"13199",NA
"13200",NA
"13201",101928386
"13202",NA
"13203",388789
"13204",389813
"13205",NA
"13206",100505771
"13207",NA
"13208",105378753
"13209",NA
"13210",107985200
"13211",NA
"13212",NA
"13213",103344928
"13214",NA
"13215",NA
"13216",NA
"13217",100505683
"13218",NA
"13219",643699
"13220",55853
"13221",NA
"13222",100506930
"13223",NA
"13224",NA
"13225",101926943
"13226",NA
"13227",NA
"13228",100506178
"13229",NA
"13230",101929947
"13231",NA
"13232",NA
"13233",NA
"13234",NA
"13235",NA
"13236",100303755
"13237",NA
"13238",201229
"13239",NA
"13240",NA
"13241",NA
"13242",NA
"13243",NA
"13244",414765
"13245",NA
"13246",285958
"13247",285154
"13248",100506697
"13249",NA
"13250",127814295
"13251",553103
"13252",124900276
"13253",105376752
"13254",NA
"13255",NA
"13256",101927586
"13257",440416
"13258",404266
"13259",NA
"13260",NA
"13261",NA
"13262",NA
"13263",105376070
"13264",NA
"13265",100996842
"13266",NA
"13267",100506235
"13268",440350
"13269",79940
"13270",NA
"13271",2876
"13272",NA
"13273",106480738
"13274",101927880
"13275",NA
"13276",NA
"13277",NA
"13278",NA
"13279",NA
"13280",NA
"13281",NA
"13282",122526782
"13283",NA
"13284",NA
"13285",388564
"13286",101927599
"13287",728192
"13288",730338
"13289",NA
"13290",105378853
"13291",117581
"13292",728431
"13293",NA
"13294",NA
"13295",344065
"13296",101927289
"13297",NA
"13298",8341
"13299",NA
"13300",NA
"13301",100506119
"13302",NA
"13303",105372840
"13304",6234
"13305",101928649
"13306",440567
"13307",NA
"13308",NA
"13309",NA
"13310",NA
"13311",NA
"13312",7726
"13313",NA
"13314",101928820
"13315",NA
"13316",100506054
"13317",NA
"13318",345462
"13319",NA
"13320",NA
"13321",101928000
"13322",NA
"13323",NA
"13324",NA
"13325",NA
"13326",NA
"13327",100506385
"13328",NA
"13329",NA
"13330",NA
"13331",100129484
"13332",728927
"13333",100505881
"13334",390940
"13335",NA
"13336",387841
"13337",NA
"13338",NA
"13339",257415
"13340",102724571
"13341",51275
"13342",8629
"13343",NA
"13344",NA
"13345",NA
"13346",NA
"13347",NA
"13348",NA
"13349",100507495
"13350",100506175
"13351",105378687
"13352",729978
"13353",60674
"13354",3106
"13355",NA
"13356",NA
"13357",NA
"13358",NA
"13359",NA
"13360",NA
"13361",101926907
"13362",NA
"13363",NA
"13364",NA
"13365",114614
"13366",654434
"13367",NA
"13368",NA
"13369",100129060
"13370",126568849
"13371",342918
"13372",NA
"13373",NA
"13374",NA
"13375",NA
"13376",441869
"13377",266655
"13378",64288
"13379",387882
"13380",388588
"13381",51236
"13382",90673
"13383",NA
"13384",NA
"13385",101928153
"13386",NA
"13387",NA
"13388",NA
"13389",NA
"13390",NA
"13391",109729169
"13392",158376
"13393",92249
"13394",100129250
"13395",NA
"13396",NA
"13397",100506749
"13398",100132891
"13399",100507612
"13400",NA
"13401",107984875
"13402",NA
"13403",149775
"13404",NA
"13405",NA
"13406",NA
"13407",NA
"13408",NA
"13409",NA
"13410",NA
"13411",NA
"13412",NA
"13413",NA
"13414",400242
"13415",NA
"13416",90271
"13417",100507582
"13418",NA
"13419",8705
"13420",57000
"13421",101927661
"13422",NA
"13423",645676
"13424",374987
"13425",NA
"13426",284900
"13427",NA
"13428",NA
"13429",NA
"13430",NA
"13431",100874058
"13432",9278
"13433",NA
"13434",100506469
"13435",NA
"13436",NA
"13437",400945
"13438",NA
"13439",NA
"13440",NA
"13441",58486
"13442",NA
"13443",NA
"13444",112935969
"13445",NA
"13446",401491
"13447",NA
"13448",NA
"13449",NA
"13450",NA
"13451",NA
"13452",728658
"13453",NA
"13454",54753
"13455",100306951
"13456",NA
"13457",NA
"13458",NA
"13459",100506881
"13460",NA
"13461",644838
"13462",100506963
"13463",618
"13464",NA
"13465",100506428
"13466",NA
"13467",254128
"13468",112840933
"13469",107984773
"13470",NA
"13471",101927701
"13472",220930
"13473",NA
"13474",79804
"13475",NA
"13476",100131213
"13477",84752
"13478",441094
"13479",NA
"13480",91368
"13481",NA
"13482",150142
"13483",NA
"13484",NA
"13485",101927055
"13486",100289098
"13487",NA
"13488",NA
"13489",NA
"13490",100507034
"13491",84793
"13492",100129842
"13493",5863
"13494",102723446
"13495",387723
"13496",NA
"13497",NA
"13498",100130476
"13499",101927891
"13500",NA
"13501",728978
"13502",NA
"13503",439990
"13504",NA
"13505",102723487
"13506",101927512
"13507",NA
"13508",3833
"13509",339804
"13510",NA
"13511",101929705
"13512",NA
"13513",285550
"13514",NA
"13515",100507516
"13516",NA
"13517",101927497
"13518",NA
"13519",NA
"13520",100506334
"13521",NA
"13522",NA
"13523",NA
"13524",NA
"13525",101928399
"13526",NA
"13527",NA
"13528",112268170
"13529",NA
"13530",474170
"13531",103352539
"13532",105376805
"13533",101927682
"13534",100506215
"13535",90120
"13536",NA
"13537",343171
"13538",NA
"13539",100507127
"13540",NA
"13541",NA
"13542",NA
"13543",NA
"13544",NA
"13545",81567
"13546",127138867
"13547",652968
"13548",7844
"13549",10432
"13550",100134259
"13551",84964
"13552",142686
"13553",NA
"13554",NA
"13555",100506826
"13556",NA
"13557",NA
"13558",NA
"13559",26219
"13560",NA
"13561",NA
"13562",100507062
"13563",4830
"13564",8742
"13565",60489
"13566",54106
"13567",23559
"13568",51373
"13569",51608
"13570",NA
"13571",400793
"13572",158
"13573",NA
"13574",109729161
"13575",280
"13576",58496
"13577",NA
"13578",5698
"13579",NA
"13580",101928085
"13581",5098
"13582",100287482
"13583",NA
"13584",NA
"13585",90639
"13586",100126793
"13587",84129
"13588",NA
"13589",53938
"13590",NA
"13591",NA
"13592",NA
"13593",NA
"13594",2310
"13595",NA
"13596",100048912
"13597",NA
"13598",358
"13599",338872
"13600",NA
"13601",NA
"13602",57461
"13603",10687
"13604",NA
"13605",100506243
"13606",NA
"13607",NA
"13608",56097
"13609",115557
"13610",NA
"13611",NA
"13612",387521
"13613",57665
"13614",100507642
"13615",730091
"13616",100134713
"13617",257068
"13618",4282
"13619",NA
"13620",NA
"13621",221078
"13622",NA
"13623",57002
"13624",NA
"13625",27297
"13626",NA
"13627",NA
"13628",NA
"13629",101927056
"13630",100128025
"13631",101927111
"13632",6173
"13633",57026
"13634",202658
"13635",9936
"13636",80864
"13637",9551
"13638",NA
"13639",NA
"13640",10093
"13641",NA
"13642",11185
"13643",NA
"13644",10552
"13645",8577
"13646",NA
"13647",101927974
"13648",100131434
"13649",539
"13650",80301
"13651",541565
"13652",NA
"13653",23761
"13654",NA
"13655",112817
"13656",5297
"13657",25764
"13658",NA
"13659",NA
"13660",NA
"13661",23600
"13662",51537
"13663",8420
"13664",398
"13665",NA
"13666",NA
"13667",140290
"13668",5670
"13669",NA
"13670",26286
"13671",128977
"13672",NA
"13673",23089
"13674",NA
"13675",NA
"13676",3692
"13677",56098
"13678",NA
"13679",NA
"13680",55052
"13681",348110
"13682",401074
"13683",NA
"13684",NA
"13685",NA
"13686",26063
"13687",NA
"13688",2790
"13689",NA
"13690",1270
"13691",728591
"13692",340526
"13693",NA
"13694",NA
"13695",NA
"13696",9907
"13697",163051
"13698",NA
"13699",NA
"13700",8637
"13701",5680
"13702",5672
"13703",9553
"13704",NA
"13705",57553
"13706",NA
"13707",NA
"13708",692312
"13709",101929054
"13710",NA
"13711",11037
"13712",11230
"13713",NA
"13714",647087
"13715",154881
"13716",1945
"13717",353376
"13718",NA
"13719",NA
"13720",401115
"13721",24142
"13722",8771
"13723",NA
"13724",339894
"13725",3588
"13726",629
"13727",642819
"13728",116143
"13729",4831
"13730",NA
"13731",344595
"13732",100137049
"13733",149465
"13734",100132247
"13735",7268
"13736",100506144
"13737",100137047
"13738",140564
"13739",114794
"13740",NA
"13741",64968
"13742",84450
"13743",95
"13744",9054
"13745",1650
"13746",401232
"13747",147007
"13748",NA
"13749",552891
"13750",NA
"13751",103695433
"13752",NA
"13753",105377105
"13754",5032
"13755",85014
"13756",100289187
"13757",402778
"13758",NA
"13759",NA
"13760",55861
"13761",NA
"13762",NA
"13763",NA
"13764",NA
"13765",NA
"13766",2119
"13767",NA
"13768",10137
"13769",NA
"13770",91179
"13771",NA
"13772",27350
"13773",NA
"13774",NA
"13775",NA
"13776",NA
"13777",642636
"13778",NA
"13779",NA
"13780",7335
"13781",442213
"13782",NA
"13783",NA
"13784",110384692
"13785",NA
"13786",10443
"13787",NA
"13788",100506495
"13789",NA
"13790",729678
"13791",NA
"13792",124900193
"13793",100506020
"13794",NA
"13795",101930370
"13796",NA
"13797",386627
"13798",101929066
"13799",100996419
"13800",NA
"13801",NA
"13802",100507283
"13803",440028
"13804",283131
"13805",728769
"13806",101927204
"13807",497258
"13808",100506660
"13809",283387
"13810",92285
"13811",101927480
"13812",100505648
"13813",NA
"13814",NA
"13815",644873
"13816",NA
"13817",101928725
"13818",NA
"13819",100287015
"13820",100507053
"13821",NA
"13822",286059
"13823",100289388
"13824",101929524
"13825",NA
"13826",283104
"13827",NA
"13828",100507632
"13829",NA
"13830",100506368
"13831",NA
"13832",389641
"13833",NA
"13834",284080
"13835",642924
"13836",NA
"13837",55766
"13838",85001
"13839",503569
"13840",106699570
"13841",100505678
"13842",NA
"13843",390595
"13844",NA
"13845",144481
"13846",192111
"13847",105369147
"13848",283596
"13849",100506211
"13850",NA
"13851",NA
"13852",NA
"13853",440288
"13854",729013
"13855",85364
"13856",NA
"13857",100289274
"13858",100506314
"13859",100505738
"13860",729082
"13861",100131067
"13862",11344
"13863",92935
"13864",NA
"13865",100507266
"13866",NA
"13867",NA
"13868",158880
"13869",257396
"13870",NA
"13871",100505894
"13872",NA
"13873",NA
"13874",NA
"13875",100533182
"13876",NA
"13877",283663
"13878",NA
"13879",100506668
"13880",NA
"13881",285512
"13882",NA
"13883",NA
"13884",NA
"13885",593
"13886",NA
"13887",NA
"13888",NA
"13889",100507602
"13890",NA
"13891",984
"13892",NA
"13893",553158
"13894",NA
"13895",25864
"13896",100289230
"13897",NA
"13898",100131089
"13899",NA
"13900",NA
"13901",100526772
"13902",NA
"13903",100526737
"13904",NA
"13905",124906789
"13906",NA
"13907",283152
"13908",NA
"13909",102467147
"13910",NA
"13911",89
"13912",NA
"13913",100507639
"13914",NA
"13915",646576
"13916",100124412
"13917",342184
"13918",100526740
"13919",NA
"13920",NA
"13921",100507291
"13922",NA
"13923",NA
"13924",101927096
"13925",NA
"13926",148898
"13927",23354
"13928",NA
"13929",NA
"13930",NA
"13931",NA
"13932",NA
"13933",NA
"13934",NA
"13935",105378992
"13936",NA
"13937",100885776
"13938",NA
"13939",NA
"13940",4671
"13941",NA
"13942",388569
"13943",109864269
"13944",NA
"13945",NA
"13946",100129917
"13947",100292680
"13948",NA
"13949",NA
"13950",NA
"13951",100506564
"13952",100506462
"13953",163050
"13954",101926904
"13955",NA
"13956",641700
"13957",105374104
"13958",NA
"13959",222537
"13960",NA
"13961",100526767
"13962",NA
"13963",NA
"13964",10016
"13965",NA
"13966",25907
"13967",100526783
"13968",641364
"13969",124902629
"13970",374887
"13971",NA
"13972",285500
"13973",NA
"13974",NA
"13975",100526693
"13976",NA
"13977",NA
"13978",NA
"13979",NA
"13980",101926926
"13981",NA
"13982",283140
"13983",57604
"13984",255403
"13985",389203
"13986",NA
"13987",105379057
"13988",105377623
"13989",643401
"13990",NA
"13991",101927124
"13992",NA
"13993",NA
"13994",400916
"13995",152756
"13996",1018
"13997",27239
"13998",NA
"13999",NA
"14000",90423
"14001",2738
"14002",NA
"14003",339874
"14004",101928595
"14005",101929071
"14006",NA
"14007",NA
"14008",6414
"14009",105369187
"14010",NA
"14011",NA
"14012",NA
"14013",NA
"14014",NA
"14015",NA
"14016",100505616
"14017",NA
"14018",NA
"14019",NA
"14020",NA
"14021",NA
"14022",NA
"14023",NA
"14024",101929709
"14025",100128494
"14026",641339
"14027",100302736
"14028",25850
"14029",NA
"14030",NA
"14031",85358
"14032",NA
"14033",100526694
"14034",100506827
"14035",152641
"14036",162972
"14037",NA
"14038",NA
"14039",100507487
"14040",NA
"14041",102524628
"14042",NA
"14043",2297
"14044",100526739
"14045",100131366
"14046",NA
"14047",NA
"14048",NA
"14049",100507437
"14050",NA
"14051",NA
"14052",NA
"14053",NA
"14054",NA
"14055",NA
"14056",NA
"14057",26025
"14058",NA
"14059",NA
"14060",NA
"14061",NA
"14062",NA
"14063",100127983
"14064",112441434
"14065",168455
"14066",3206
"14067",399474
"14068",56100
"14069",NA
"14070",NA
"14071",55000
"14072",388610
"14073",56110
"14074",56108
"14075",NA
"14076",NA
"14077",143244
"14078",NA
"14079",NA
"14080",NA
"14081",440138
"14082",100507316
"14083",552889
"14084",5591
"14085",56109
"14086",NA
"14087",NA
"14088",9708
"14089",9724
"14090",NA
"14091",100507156
"14092",56106
"14093",NA
"14094",NA
"14095",56105
"14096",NA
"14097",56103
"14098",NA
"14099",NA
"14100",8641
"14101",137075
"14102",NA
"14103",NA
"14104",339324
"14105",NA
"14106",100507071
"14107",4067
"14108",54984
"14109",100128750
"14110",56099
"14111",NA
"14112",NA
"14113",728888
"14114",56104
"14115",NA
"14116",56112
"14117",NA
"14118",101926978
"14119",101927815
"14120",NA
"14121",100133311
"14122",78998
"14123",441381
"14124",NA
"14125",100133315
"14126",91056
"14127",105376114
"14128",NA
"14129",29082
"14130",NA
"14131",NA
"14132",NA
"14133",90024
"14134",NA
"14135",NA
"14136",54551
"14137",NA
"14138",283106
"14139",NA
"14140",101929427
"14141",NA
"14142",728975
"14143",NA
"14144",NA
"14145",NA
"14146",NA
"14147",NA
"14148",NA
"14149",NA
"14150",NA
"14151",8790
"14152",92312
"14153",1937
"14154",NA
"14155",NA
"14156",100529251
"14157",692247
"14158",5003
"14159",NA
"14160",100287896
"14161",642799
"14162",84769
"14163",NA
"14164",493900
"14165",NA
"14166",101927503
"14167",NA
"14168",100499484
"14169",NA
"14170",NA
"14171",729991
"14172",NA
"14173",NA
"14174",10072
"14175",NA
"14176",404734
"14177",55845
"14178",NA
"14179",57653
"14180",NA
"14181",NA
"14182",84992
"14183",57132
"14184",124902718
"14185",NA
"14186",493861
"14187",NA
"14188",255512
"14189",109703458
"14190",NA
"14191",NA
"14192",NA
"14193",NA
"14194",NA
"14195",NA
"14196",399959
"14197",171391
"14198",23741
"14199",NA
"14200",124902694
"14201",NA
"14202",NA
"14203",NA
"14204",NA
"14205",NA
"14206",NA
"14207",NA
"14208",255480
"14209",56145
"14210",55096
"14211",NA
"14212",NA
"14213",NA
"14214",102724064
"14215",NA
"14216",NA
"14217",NA
"14218",NA
"14219",101928069
"14220",100507144
"14221",81488
"14222",91893
"14223",NA
"14224",NA
"14225",NA
"14226",23642
"14227",NA
"14228",100130776
"14229",NA
"14230",283487
"14231",NA
"14232",103752584
"14233",NA
"14234",493913
"14235",1519
"14236",84334
"14237",10597
"14238",84996
"14239",9668
"14240",112268105
"14241",NA
"14242",7556
"14243",90649
"14244",85027
"14245",NA
"14246",3145
"14247",7768
"14248",NA
"14249",NA
"14250",259290
"14251",373863
"14252",NA
"14253",101928200
"14254",NA
"14255",11232
"14256",100129361
"14257",100506691
"14258",NA
"14259",100996246
"14260",NA
"14261",100009676
"14262",NA
"14263",NA
"14264",NA
"14265",100288695
"14266",59348
"14267",56242
"14268",100130111
"14269",388327
"14270",NA
"14271",105369340
"14272",NA
"14273",96626
"14274",NA
"14275",NA
"14276",NA
"14277",57189
"14278",26065
"14279",283948
"14280",NA
"14281",NA
"14282",NA
"14283",100128191
"14284",NA
"14285",NA
"14286",283459
"14287",105369848
"14288",NA
"14289",NA
"14290",NA
"14291",101926933
"14292",NA
"14293",NA
"14294",100381270
"14295",283335
"14296",100529261
"14297",NA
"14298",NA
"14299",NA
"14300",NA
"14301",NA
"14302",NA
"14303",100529097
"14304",NA
"14305",NA
"14306",90589
"14307",8693
"14308",NA
"14309",NA
"14310",379025
"14311",NA
"14312",NA
"14313",NA
"14314",151534
"14315",255783
"14316",100505978
"14317",10330
"14318",NA
"14319",NA
"14320",NA
"14321",101928062
"14322",NA
"14323",105369758
"14324",1523
"14325",100134934
"14326",NA
"14327",NA
"14328",105369779
"14329",100286844
"14330",NA
"14331",643246
"14332",NA
"14333",NA
"14334",91612
"14335",100506603
"14336",NA
"14337",124944
"14338",NA
"14339",51750
"14340",NA
"14341",NA
"14342",NA
"14343",NA
"14344",147660
"14345",64146
"14346",NA
"14347",283624
"14348",NA
"14349",101929718
"14350",246777
"14351",NA
"14352",NA
"14353",105370496
"14354",NA
"14355",NA
"14356",NA
"14357",NA
"14358",NA
"14359",100529063
"14360",100529257
"14361",NA
"14362",NA
"14363",53840
"14364",NA
"14365",NA
"14366",NA
"14367",NA
"14368",196872
"14369",NA
"14370",100129794
"14371",128653
"14372",100507118
"14373",102724814
"14374",112268124
"14375",NA
"14376",NA
"14377",NA
"14378",NA
"14379",NA
"14380",6038
"14381",NA
"14382",NA
"14383",4157
"14384",NA
"14385",90799
"14386",400236
"14387",NA
"14388",NA
"14389",10381
"14390",NA
"14391",NA
"14392",NA
"14393",NA
"14394",100533496
"14395",100526835
"14396",NA
"14397",NA
"14398",NA
"14399",NA
"14400",NA
"14401",100532726
"14402",NA
"14403",NA
"14404",NA
"14405",NA
"14406",3690
"14407",105370681
"14408",NA
"14409",NA
"14410",NA
"14411",NA
"14412",109729181
"14413",NA
"14414",100533106
"14415",NA
"14416",100505573
"14417",100528021
"14418",NA
"14419",NA
"14420",NA
"14421",NA
"14422",NA
"14423",NA
"14424",NA
"14425",NA
"14426",NA
"14427",145694
"14428",79178
"14429",NA
"14430",101927631
"14431",NA
"14432",26589
"14433",NA
"14434",NA
"14435",101929690
"14436",NA
"14437",NA
"14438",NA
"14439",NA
"14440",NA
"14441",NA
"14442",NA
"14443",NA
"14444",101927751
"14445",NA
"14446",NA
"14447",NA
"14448",NA
"14449",NA
"14450",NA
"14451",NA
"14452",100506686
"14453",NA
"14454",NA
"14455",100131315
"14456",NA
"14457",NA
"14458",NA
"14459",NA
"14460",101929977
"14461",146429
"14462",107984813
"14463",NA
"14464",NA
"14465",NA
"14466",NA
"14467",NA
"14468",NA
"14469",NA
"14470",NA
"14471",115409980
"14472",NA
"14473",NA
"14474",NA
"14475",NA
"14476",NA
"14477",29890
"14478",NA
"14479",NA
"14480",NA
"14481",NA
"14482",NA
"14483",NA
"14484",100507588
"14485",NA
"14486",NA
"14487",3217
"14488",647979
"14489",100506655
"14490",NA
"14491",474170
"14492",NA
"14493",101928736
"14494",101929224
"14495",NA
"14496",NA
"14497",NA
"14498",NA
"14499",NA
"14500",NA
"14501",NA
"14502",NA
"14503",100134229
"14504",NA
"14505",100527963
"14506",119746555
"14507",NA
"14508",NA
"14509",NA
"14510",NA
"14511",124903757
"14512",100526831
"14513",NA
"14514",NA
"14515",NA
"14516",NA
"14517",NA
"14518",NA
"14519",NA
"14520",NA
"14521",642658
"14522",NA
"14523",101929387
"14524",100289092
"14525",NA
"14526",100506581
"14527",NA
"14528",NA
"14529",NA
"14530",NA
"14531",NA
"14532",NA
"14533",101927809
"14534",NA
"14535",NA
"14536",NA
"14537",NA
"14538",NA
"14539",NA
"14540",NA
"14541",103344929
"14542",197187
"14543",NA
"14544",NA
"14545",NA
"14546",NA
"14547",100505915
"14548",NA
"14549",NA
"14550",NA
"14551",NA
"14552",106660606
"14553",101926967
"14554",150967
"14555",NA
"14556",283932
"14557",NA
"14558",NA
"14559",NA
"14560",NA
"14561",100287559
"14562",NA
"14563",NA
"14564",NA
"14565",NA
"14566",NA
"14567",9236
"14568",103344931
"14569",NA
"14570",NA
"14571",NA
"14572",NA
"14573",NA
"14574",644242
"14575",NA
"14576",NA
"14577",NA
"14578",NA
"14579",101927957
"14580",NA
"14581",NA
"14582",NA
"14583",124907837
"14584",NA
"14585",NA
"14586",NA
"14587",NA
"14588",NA
"14589",NA
"14590",NA
"14591",NA
"14592",NA
"14593",101927155
"14594",NA
"14595",100507421
"14596",NA
"14597",NA
"14598",NA
"14599",NA
"14600",107984827
"14601",NA
"14602",100507599
"14603",101928076
"14604",NA
"14605",NA
"14606",100507290
"14607",23246
"14608",NA
"14609",105371374
"14610",NA
"14611",NA
"14612",NA
"14613",105274304
"14614",NA
"14615",NA
"14616",NA
"14617",101927288
"14618",100128881
"14619",NA
"14620",NA
"14621",105370888
"14622",NA
"14623",NA
"14624",NA
"14625",NA
"14626",NA
"14627",112806053
"14628",NA
"14629",NA
"14630",NA
"14631",NA
"14632",NA
"14633",NA
"14634",NA
"14635",NA
"14636",NA
"14637",8139
"14638",NA
"14639",NA
"14640",102724907
"14641",145788
"14642",NA
"14643",NA
"14644",NA
"14645",NA
"14646",NA
"14647",107282092
"14648",NA
"14649",100506083
"14650",NA
"14651",100534599
"14652",NA
"14653",100287616
"14654",NA
"14655",148189
"14656",730183
"14657",100130950
"14658",NA
"14659",NA
"14660",NA
"14661",400627
"14662",56107
"14663",124900372
"14664",NA
"14665",NA
"14666",NA
"14667",283887
"14668",NA
"14669",102724927
"14670",56102
"14671",NA
"14672",NA
"14673",79585
"14674",NA
"14675",NA
"14676",100129781
"14677",124906603
"14678",NA
"14679",NA
"14680",NA
"14681",56111
"14682",NA
"14683",124641
"14684",NA
"14685",NA
"14686",NA
"14687",NA
"14688",6182
"14689",NA
"14690",NA
"14691",NA
"14692",NA
"14693",NA
"14694",92002
"14695",NA
"14696",2969
"14697",10780
"14698",NA
"14699",NA
"14700",100294362
"14701",NA
"14702",105371083
"14703",NA
"14704",NA
"14705",NA
"14706",NA
"14707",NA
"14708",NA
"14709",NA
"14710",NA
"14711",NA
"14712",101101775
"14713",NA
"14714",10929
"14715",728833
"14716",9641
"14717",NA
"14718",NA
"14719",NA
"14720",NA
"14721",NA
"14722",NA
"14723",339290
"14724",112268184
"14725",NA
"14726",NA
"14727",NA
"14728",100287042
"14729",100505576
"14730",200030
"14731",100505797
"14732",NA
"14733",NA
"14734",NA
"14735",728113
"14736",NA
"14737",100131655
"14738",388677
"14739",140735
"14740",56957
"14741",NA
"14742",NA
"14743",NA
"14744",NA
"14745",NA
"14746",NA
"14747",NA
"14748",NA
"14749",102724532
"14750",NA
"14751",NA
"14752",124904048
"14753",100506779
"14754",NA
"14755",653145
"14756",NA
"14757",9939
"14758",NA
"14759",NA
"14760",NA
"14761",100287932
"14762",NA
"14763",105371941
"14764",NA
"14765",441263
"14766",729950
"14767",27246
"14768",110091775
"14769",101929693
"14770",NA
"14771",6139
"14772",92659
"14773",NA
"14774",101929511
"14775",118738
"14776",101927989
"14777",9554
"14778",100861412
"14779",100287082
"14780",NA
"14781",10628
"14782",100128893
"14783",23380
"14784",NA
"14785",NA
"14786",57597
"14787",NA
"14788",NA
"14789",83593
"14790",92335
"14791",NA
"14792",400660
"14793",NA
"14794",NA
"14795",284565
"14796",NA
"14797",NA
"14798",8031
"14799",NA
"14800",54460
"14801",NA
"14802",NA
"14803",NA
"14804",NA
"14805",80022
"14806",NA
"14807",NA
"14808",NA
"14809",NA
"14810",NA
"14811",101927720
"14812",101928063
"14813",NA
"14814",NA
"14815",108783654
"14816",5348
"14817",80755
"14818",101928674
"14819",NA
"14820",NA
"14821",NA
"14822",NA
"14823",NA
"14824",NA
"14825",100505549
"14826",342892
"14827",NA
"14828",102724339
"14829",NA
"14830",100505715
"14831",100885848
"14832",100133957
"14833",NA
"14834",339201
"14835",NA
"14836",147727
"14837",NA
"14838",NA
"14839",NA
"14840",339192
"14841",NA
"14842",NA
"14843",NA
"14844",100507373
"14845",NA
"14846",400684
"14847",108903150
"14848",NA
"14849",NA
"14850",100996660
"14851",NA
"14852",284408
"14853",NA
"14854",NA
"14855",100130522
"14856",NA
"14857",NA
"14858",103689912
"14859",105371795
"14860",101927755
"14861",NA
"14862",728752
"14863",NA
"14864",NA
"14865",NA
"14866",NA
"14867",NA
"14868",400617
"14869",100134938
"14870",647946
"14871",NA
"14872",NA
"14873",NA
"14874",NA
"14875",105371849
"14876",NA
"14877",386758
"14878",100507433
"14879",NA
"14880",NA
"14881",148046
"14882",26974
"14883",NA
"14884",NA
"14885",NA
"14886",NA
"14887",9294
"14888",NA
"14889",NA
"14890",101927151
"14891",NA
"14892",NA
"14893",NA
"14894",NA
"14895",NA
"14896",NA
"14897",NA
"14898",NA
"14899",112812
"14900",7767
"14901",NA
"14902",NA
"14903",NA
"14904",NA
"14905",NA
"14906",NA
"14907",NA
"14908",100287177
"14909",NA
"14910",NA
"14911",NA
"14912",55957
"14913",NA
"14914",NA
"14915",NA
"14916",NA
"14917",4701
"14918",100131691
"14919",105372476
"14920",NA
"14921",100505812
"14922",100506033
"14923",NA
"14924",390937
"14925",149013
"14926",NA
"14927",NA
"14928",NA
"14929",NA
"14930",NA
"14931",NA
"14932",147670
"14933",NA
"14934",NA
"14935",NA
"14936",727866
"14937",NA
"14938",NA
"14939",400550
"14940",644656
"14941",54553
"14942",NA
"14943",NA
"14944",NA
"14945",NA
"14946",NA
"14947",NA
"14948",NA
"14949",NA
"14950",NA
"14951",NA
"14952",NA
"14953",91370
"14954",112268269
"14955",NA
"14956",503538
"14957",NA
"14958",NA
"14959",79160
"14960",NA
"14961",NA
"14962",100289341
"14963",NA
"14964",NA
"14965",NA
"14966",NA
"14967",NA
"14968",NA
"14969",NA
"14970",NA
"14971",115290
"14972",NA
"14973",375196
"14974",122394733
"14975",101669766
"14976",NA
"14977",NA
"14978",100129195
"14979",NA
"14980",79917
"14981",NA
"14982",8517
"14983",100293516
"14984",NA
"14985",NA
"14986",NA
"14987",100507567
"14988",NA
"14989",NA
"14990",NA
"14991",NA
"14992",NA
"14993",100507551
"14994",84548
"14995",NA
"14996",NA
"14997",100505761
"14998",NA
"14999",112268241
"15000",400818
"15001",NA
"15002",NA
"15003",122539214
"15004",NA
"15005",NA
"15006",NA
"15007",112398
"15008",NA
"15009",NA
"15010",NA
"15011",NA
"15012",NA
"15013",NA
"15014",NA
"15015",NA
"15016",NA
"15017",112903833
"15018",NA
"15019",NA
"15020",NA
"15021",NA
"15022",NA
"15023",100996928
"15024",NA
"15025",NA
"15026",NA
"15027",NA
"15028",NA
"15029",NA
"15030",NA
"15031",NA
"15032",101928659
"15033",NA
"15034",NA
"15035",NA
"15036",NA
"15037",101927837
"15038",NA
"15039",NA
"15040",NA
"15041",NA
"15042",NA
"15043",NA
"15044",NA
"15045",NA
"15046",NA
"15047",152217
"15048",NA
"15049",NA
"15050",NA
"15051",152048
"15052",728841
"15053",554313
"15054",NA
"15055",100288198
"15056",NA
"15057",100526820
"15058",NA
"15059",NA
"15060",105369154
"15061",NA
"15062",NA
"15063",25832
"15064",8148
"15065",NA
"15066",101410533
"15067",NA
"15068",NA
"15069",NA
"15070",NA
"15071",100529239
"15072",NA
"15073",NA
"15074",NA
"15075",NA
"15076",8370
"15077",91608
"15078",NA
"15079",NA
"15080",NA
"15081",339929
"15082",NA
"15083",NA
"15084",100527978
"15085",101930085
"15086",101927811
"15087",NA
"15088",NA
"15089",124905564
"15090",140809
"15091",101926940
"15092",NA
"15093",NA
"15094",NA
"15095",NA
"15096",101060226
"15097",100132406
"15098",NA
"15099",NA
"15100",NA
"15101",NA
"15102",NA
"15103",NA
"15104",NA
"15105",128077
"15106",NA
"15107",105377023
"15108",NA
"15109",NA
"15110",NA
"15111",NA
"15112",NA
"15113",NA
"15114",NA
"15115",NA
"15116",NA
"15117",NA
"15118",NA
"15119",729096
"15120",NA
"15121",NA
"15122",NA
"15123",NA
"15124",NA
"15125",6284
"15126",NA
"15127",NA
"15128",101928965
"15129",NA
"15130",NA
"15131",NA
"15132",NA
"15133",NA
"15134",NA
"15135",NA
"15136",NA
"15137",NA
"15138",NA
"15139",NA
"15140",NA
"15141",124901355
"15142",NA
"15143",NA
"15144",284615
"15145",NA
"15146",404672
"15147",NA
"15148",NA
"15149",NA
"15150",NA
"15151",NA
"15152",NA
"15153",NA
"15154",NA
"15155",NA
"15156",NA
"15157",100129461
"15158",NA
"15159",NA
"15160",NA
"15161",NA
"15162",NA
"15163",NA
"15164",NA
"15165",NA
"15166",NA
"15167",NA
"15168",NA
"15169",NA
"15170",105374952
"15171",105379695
"15172",NA
"15173",NA
"15174",101929243
"15175",NA
"15176",NA
"15177",101929704
"15178",11165
"15179",9757
"15180",NA
"15181",NA
"15182",NA
"15183",NA
"15184",NA
"15185",NA
"15186",NA
"15187",NA
"15188",NA
"15189",100101267
"15190",NA
"15191",NA
"15192",642361
"15193",NA
"15194",NA
"15195",NA
"15196",NA
"15197",NA
"15198",NA
"15199",NA
"15200",NA
"15201",NA
"15202",NA
"15203",NA
"15204",NA
"15205",NA
"15206",NA
"15207",NA
"15208",NA
"15209",152687
"15210",127138863
"15211",84740
"15212",NA
"15213",NA
"15214",NA
"15215",NA
"15216",NA
"15217",NA
"15218",NA
"15219",107985216
"15220",NA
"15221",57717
"15222",101928963
"15223",286967
"15224",NA
"15225",100506394
"15226",NA
"15227",NA
"15228",NA
"15229",NA
"15230",NA
"15231",NA
"15232",NA
"15233",101752399
"15234",NA
"15235",NA
"15236",NA
"15237",84989
"15238",NA
"15239",NA
"15240",NA
"15241",NA
"15242",105369201
"15243",NA
"15244",NA
"15245",NA
"15246",NA
"15247",117981787
"15248",NA
"15249",NA
"15250",NA
"15251",NA
"15252",105377540
"15253",NA
"15254",55802
"15255",NA
"15256",NA
"15257",NA
"15258",NA
"15259",127138865
"15260",NA
"15261",NA
"15262",NA
"15263",NA
"15264",NA
"15265",NA
"15266",NA
"15267",NA
"15268",NA
"15269",107986163
"15270",NA
"15271",NA
"15272",NA
"15273",NA
"15274",NA
"15275",NA
"15276",NA
"15277",NA
"15278",NA
"15279",NA
"15280",80039
"15281",NA
"15282",100129550
"15283",NA
"15284",NA
"15285",NA
"15286",NA
"15287",NA
"15288",NA
"15289",NA
"15290",NA
"15291",101060684
"15292",NA
"15293",NA
"15294",NA
"15295",NA
"15296",124905134
"15297",100270804
"15298",NA
"15299",NA
"15300",NA
"15301",NA
"15302",NA
"15303",8926
"15304",NA
"15305",NA
"15306",NA
"15307",NA
"15308",NA
"15309",NA
"15310",NA
"15311",NA
"15312",NA
"15313",440686
"15314",NA
"15315",NA
"15316",NA
"15317",NA
"15318",NA
"15319",NA
"15320",NA
"15321",NA
"15322",NA
"15323",NA
"15324",105375519
"15325",NA
"15326",NA
"15327",25786
"15328",NA
"15329",NA
"15330",NA
"15331",NA
"15332",NA
"15333",NA
"15334",202781
"15335",NA
"15336",NA
"15337",NA
"15338",NA
"15339",NA
"15340",NA
"15341",NA
"15342",NA
"15343",NA
"15344",NA
"15345",NA
"15346",NA
"15347",NA
"15348",NA
"15349",NA
"15350",NA
"15351",NA
"15352",NA
"15353",NA
"15354",NA
"15355",124906603
"15356",NA
"15357",NA
"15358",54883
"15359",NA
"15360",NA
"15361",102723553
"15362",NA
"15363",NA
"15364",100170841
"15365",9326
"15366",NA
"15367",NA
"15368",NA
"15369",NA
"15370",NA
"15371",116435302
"15372",NA
"15373",NA
"15374",23191
"15375",NA
"15376",NA
"15377",NA
"15378",NA
"15379",NA
"15380",NA
"15381",8339
"15382",101927608
"15383",389856
"15384",124904917
"15385",6880
"15386",NA
"15387",NA
"15388",79159
"15389",378706
"15390",NA
"15391",NA
"15392",729438
"15393",NA
"15394",NA
"15395",NA
"15396",256302
"15397",30837
"15398",NA
"15399",NA
"15400",NA
"15401",NA
"15402",NA
"15403",102724219
"15404",26149
"15405",NA
"15406",NA
"15407",NA
"15408",NA
"15409",NA
"15410",NA
"15411",NA
"15412",NA
"15413",NA
"15414",101060376
"15415",81554
"15416",NA
"15417",NA
"15418",124906603
"15419",440804
"15420",105370333
"15421",NA
"15422",NA
"15423",NA
"15424",NA
"15425",NA
"15426",8353
"15427",NA
"15428",NA
"15429",NA
"15430",NA
"15431",NA
"15432",NA
"15433",NA
"15434",NA
"15435",140883
"15436",4302
"15437",57223
"15438",NA
"15439",11276
"15440",79873
"15441",7549
"15442",NA
"15443",NA
"15444",NA
"15445",94059
"15446",NA
"15447",NA
"15448",NA
"15449",NA
"15450",157285
"15451",NA
"15452",NA
"15453",NA
"15454",102724159
"15455",NA
"15456",102724701
"15457",NA
"15458",NA
"15459",NA
"15460",NA
"15461",NA
"15462",26574
"15463",8345
"15464",NA
"15465",NA
"15466",127814297
"15467",400658
"15468",NA
"15469",100652758
"15470",NA
"15471",57636
"15472",114791
"15473",NA
"15474",NA
"15475",127138861
"15476",NA
"15477",102724594
"15478",NA
"15479",124906603
"15480",102724428
"15481",11072
"15482",29128
"15483",84876
"15484",NA
"15485",102724951
"15486",NA
"15487",NA
"15488",NA
"15489",NA
"15490",NA
"15491",NA
"15492",6029
"15493",101929494
"15494",NA
"15495",6871
"15496",NA
"15497",389831
"15498",102723475
"15499",8396
"15500",NA
"15501",NA
"15502",NA
"15503",NA
"15504",56101
"15505",NA
"15506",NA
"15507",NA
"15508",338382
"15509",NA
"15510",NA
"15511",NA
"15512",NA
"15513",NA
"15514",NA
"15515",NA
"15516",NA
"15517",NA
"15518",NA
"15519",653145
"15520",NA
"15521",NA
"15522",NA
"15523",NA
"15524",8367
"15525",6023
"15526",NA
"15527",3012
"15528",NA
"15529",441250
"15530",474384
"15531",284098
"15532",619455
"15533",7703
"15534",127138862
"15535",NA
"15536",NA
"15537",NA
"15538",NA
"15539",NA
"15540",NA
"15541",4082
"15542",NA
"15543",93474
"15544",NA
"15545",NA
"15546",NA
"15547",NA
"15548",NA
"15549",NA
"15550",101929127
"15551",105371267
"15552",NA
"15553",NA
"15554",NA
"15555",NA
"15556",NA
"15557",NA
"15558",NA
"15559",102724488
"15560",NA
"15561",NA
"15562",NA
"15563",NA
"15564",5691
"15565",NA
"15566",NA
"15567",NA
"15568",NA
"15569",NA
"15570",NA
"15571",NA
"15572",284106
"15573",NA
"15574",11056
"15575",NA
"15576",NA
"15577",7554
"15578",NA
"15579",389741
"15580",NA
"15581",29964
"15582",80179
"15583",NA
"15584",79893
"15585",7772
"15586",NA
"15587",NA
"15588",101929140
"15589",NA
"15590",79154
"15591",31
"15592",728229
"15593",10002
"15594",NA
"15595",NA
"15596",101928238
"15597",102288414
"15598",NA
"15599",79922
"15600",NA
"15601",102724117
"15602",105416157
"15603",NA
"15604",NA
"15605",NA
"15606",NA
"15607",NA
"15608",NA
"15609",NA
"15610",378707
"15611",NA
"15612",100289211
"15613",NA
"15614",8357
"15615",NA
"15616",84311
"15617",NA
"15618",NA
"15619",NA
"15620",56656
"15621",NA
"15622",124905527
"15623",NA
"15624",NA
"15625",NA
"15626",105379428
"15627",NA
"15628",NA
"15629",NA
"15630",NA
"15631",NA
"15632",100859930
"15633",NA
"15634",NA
"15635",NA
"15636",NA
"15637",NA
"15638",NA
"15639",NA
"15640",NA
"15641",NA
"15642",NA
"15643",NA
"15644",NA
"15645",NA
"15646",NA
"15647",NA
"15648",NA
"15649",NA
"15650",NA
"15651",NA
"15652",NA
"15653",NA
"15654",NA
"15655",NA
"15656",100130890
"15657",NA
"15658",NA
"15659",NA
"15660",NA
"15661",NA
"15662",NA
"15663",NA
"15664",NA
"15665",NA
"15666",100132967
"15667",NA
"15668",NA
"15669",NA
"15670",NA
"15671",NA
"15672",NA
"15673",NA
"15674",NA
"15675",NA
"15676",NA
"15677",55472
"15678",NA
"15679",NA
"15680",NA
"15681",NA
"15682",NA
"15683",NA
"15684",NA
"15685",NA
"15686",NA
"15687",NA
"15688",NA
"15689",NA
"15690",NA
"15691",NA
"15692",NA
"15693",NA
"15694",NA
"15695",NA
"15696",NA
"15697",NA
"15698",NA
"15699",NA
"15700",NA
"15701",NA
"15702",NA
"15703",NA
"15704",NA
"15705",NA
"15706",NA
"15707",NA
"15708",NA
"15709",NA
"15710",NA
"15711",NA
"15712",55451
"15713",NA
"15714",NA
"15715",NA
"15716",NA
"15717",NA
"15718",NA
"15719",NA
"15720",NA
"15721",NA
"15722",NA
"15723",NA
"15724",NA
"15725",NA
"15726",NA
"15727",NA
"15728",NA
"15729",NA
"15730",NA
"15731",NA
"15732",NA
"15733",NA
"15734",NA
"15735",NA
"15736",100507462
"15737",NA
"15738",NA
"15739",NA
"15740",105379499
"15741",NA
"15742",NA
"15743",NA
"15744",NA
"15745",NA
"15746",NA
"15747",NA
"15748",NA
"15749",102724023
"15750",NA
"15751",NA
"15752",NA
"15753",NA
"15754",NA
"15755",NA
"15756",NA
"15757",NA
"15758",NA
"15759",102724701
"15760",NA
"15761",NA
"15762",NA
"15763",NA
"15764",NA
"15765",NA
"15766",NA
"15767",NA
"15768",NA
"15769",NA
"15770",NA
"15771",NA
"15772",100113386
"15773",NA
"15774",NA
"15775",NA
"15776",NA
"15777",NA
"15778",NA
"15779",NA
"15780",NA
"15781",NA
"15782",NA
"15783",NA
"15784",NA
"15785",NA
"15786",NA
"15787",NA
"15788",NA
"15789",NA
"15790",NA
"15791",NA
"15792",102724200
"15793",NA
"15794",NA
"15795",110806272
"15796",NA
"15797",NA
"15798",NA
"15799",126661
"15800",NA
"15801",NA
"15802",440952
"15803",79447
"15804",283267
"15805",NA
"15806",NA
"15807",NA
"15808",NA
"15809",285463
"15810",9782
"15811",283876
"15812",116828
"15813",NA
"15814",NA
"15815",NA
"15816",NA
"15817",NA
"15818",NA
"15819",102060282
"15820",NA
"15821",724102
"15822",103611157
"15823",NA
"15824",NA
"15825",100506710
"15826",100775107
"15827",NA
"15828",NA
"15829",100862671
"15830",124905092
"15831",NA
"15832",NA
"15833",NA
"15834",NA
"15835",NA
"15836",NA
"15837",NA
"15838",101927825
"15839",641702
"15840",NA
"15841",NA
"15842",105221694
"15843",NA
"15844",NA
"15845",122526780
"15846",NA
"15847",NA
"15848",NA
"15849",NA
"15850",NA
"15851",NA
"15852",NA
"15853",NA
"15854",100505385
"15855",101929130
"15856",100507747
"15857",125050
"15858",NA
"15859",NA
"15860",NA
"15861",NA
"15862",NA
"15863",NA
"15864",NA
"15865",NA
"15866",NA
"15867",NA
"15868",NA
"15869",102724474
"15870",105373780
"15871",102800317
"15872",NA
"15873",101927245
"15874",100421372
"15875",NA
"15876",NA
"15877",NA
"15878",9997
"15879",NA
"15880",388963
"15881",NA
"15882",NA
"15883",NA
"15884",NA
"15885",NA
"15886",NA
"15887",NA
"15888",728743
"15889",100506022
"15890",NA
"15891",107984345
"15892",112163659
"15893",NA
"15894",110599564
"15895",6905
"15896",NA
"15897",NA
"15898",NA
"15899",339829
"15900",NA
"15901",NA
"15902",NA
"15903",NA
"15904",220074
"15905",101928143
"15906",NA
"15907",NA
"15908",254896
"15909",100507547
"15910",NA
"15911",NA
"15912",122513141
"15913",107983993
"15914",NA
"15915",NA
"15916",112694756
"15917",89839
"15918",NA
"15919",NA
"15920",NA
"15921",100506207
"15922",101926888
"15923",NA
"15924",NA
"15925",NA
"15926",NA
"15927",114483834
"15928",643650
"15929",NA
"15930",145783
"15931",NA
"15932",NA
"15933",NA
"15934",55056
"15935",100129518
"15936",548644
"15937",132989
"15938",128706666
"15939",NA
"15940",NA
"15941",NA
"15942",105373429
"15943",NA
"15944",NA
"15945",NA
"15946",NA
"15947",NA
"15948",NA
"15949",NA
"15950",NA
"15951",128706665
"15952",NA
"15953",NA
"15954",NA
"15955",NA
"15956",NA
"15957",285074
"15958",NA
"15959",NA
"15960",NA
"15961",NA
"15962",106865373
"15963",NA
"15964",NA
"15965",NA
"15966",NA
"15967",101929691
"15968",NA
"15969",NA
"15970",NA
"15971",NA
"15972",NA
"15973",NA
"15974",NA
"15975",NA
"15976",NA
"15977",646719
"15978",NA
"15979",NA
"15980",NA
"15981",NA
"15982",NA
"15983",NA
"15984",NA
"15985",100996763
"15986",NA
"15987",NA
"15988",110599588
"15989",NA
"15990",NA
"15991",122526779
"15992",NA
"15993",121725057
"15994",101929796
"15995",NA
"15996",NA
"15997",NA
"15998",NA
"15999",NA
"16000",641776
"16001",113455421
"16002",NA
"16003",124902114
"16004",NA
"16005",NA
"16006",124900388
"16007",NA
"16008",NA
"16009",100996717
"16010",NA
"16011",100528062
"16012",NA
"16013",NA
"16014",114841035
"16015",NA
"16016",NA
"16017",NA
"16018",NA
"16019",NA
"16020",NA
"16021",NA
"16022",NA
"16023",105373289
"16024",NA
"16025",NA
"16026",NA
"16027",NA
"16028",NA
"16029",124902301
"16030",NA
"16031",100630918
"16032",124902026
"16033",NA
"16034",NA
"16035",NA
"16036",NA
"16037",NA
"16038",NA
"16039",NA
"16040",NA
"16041",NA
"16042",101929200
"16043",100289495
"16044",NA
"16045",NA
"16046",NA
"16047",NA
"16048",NA
"16049",NA
"16050",NA
"16051",102725068
"16052",NA
"16053",NA
"16054",NA
"16055",NA
"16056",NA
"16057",NA
"16058",NA
"16059",NA
"16060",NA
"16061",NA
"16062",NA
"16063",124907726
"16064",NA
"16065",NA
"16066",NA
"16067",NA
"16068",NA
"16069",NA
"16070",NA
"16071",124909426
"16072",NA
"16073",101928868
"16074",101927278
"16075",NA
"16076",NA
"16077",NA
"16078",NA
"16079",NA
"16080",NA
"16081",NA
"16082",NA
"16083",NA
"16084",NA
"16085",NA
"16086",NA
"16087",8916
"16088",NA
"16089",NA
"16090",NA
"16091",124902532
"16092",NA
"16093",NA
"16094",NA
"16095",NA
"16096",NA
"16097",NA
"16098",NA
"16099",NA
"16100",NA
"16101",NA
"16102",NA
"16103",NA
"16104",124902204
"16105",NA
"16106",NA
"16107",NA
"16108",NA
"16109",NA
"16110",NA
"16111",NA
"16112",NA
"16113",NA
"16114",NA
"16115",NA
"16116",105369344
"16117",NA
"16118",NA
"16119",NA
"16120",NA
"16121",101929174
"16122",NA
"16123",NA
"16124",NA
"16125",NA
"16126",NA
"16127",NA
"16128",NA
"16129",NA
"16130",NA
"16131",NA
"16132",100129396
"16133",NA
"16134",NA
"16135",NA
"16136",NA
"16137",NA
"16138",115253422
"16139",NA
"16140",NA
"16141",56260
"16142",NA
"16143",NA
"16144",NA
"16145",NA
"16146",NA
"16147",NA
"16148",NA
"16149",NA
"16150",170487
"16151",NA
"16152",NA
"16153",5664
"16154",101927423
"16155",NA
"16156",NA
"16157",NA
"16158",84726
"16159",NA
"16160",NA
"16161",8263
"16162",NA
"16163",105370203
"16164",NA
"16165",NA
"16166",NA
"16167",NA
"16168",NA
"16169",NA
"16170",105377378
"16171",NA
"16172",NA
"16173",NA
"16174",105379548
"16175",NA
"16176",NA
"16177",NA
"16178",NA
"16179",8337
"16180",NA
"16181",NA
"16182",NA
"16183",NA
"16184",NA
"16185",NA
"16186",NA
"16187",NA
"16188",NA
"16189",NA
"16190",114118903
"16191",NA
"16192",NA
"16193",NA
"16194",NA
"16195",112268239
"16196",NA
"16197",NA
"16198",NA
"16199",NA
"16200",NA
"16201",NA
"16202",107985200
"16203",NA
"16204",NA
"16205",NA
"16206",NA
"16207",NA
"16208",388524
"16209",NA
"16210",NA
"16211",NA
"16212",NA
"16213",NA
"16214",NA
"16215",NA
"16216",NA
"16217",124904009
"16218",NA
"16219",NA
"16220",NA
"16221",NA
"16222",NA
"16223",NA
"16224",NA
"16225",NA
"16226",101928092
"16227",NA
"16228",NA
"16229",NA
"16230",124900711
"16231",NA
"16232",NA
"16233",NA
"16234",NA
"16235",NA
"16236",NA
"16237",NA
"16238",NA
"16239",NA
"16240",100294145
"16241",NA
"16242",NA
"16243",NA
"16244",100996255
"16245",NA
"16246",NA
"16247",NA
"16248",NA
"16249",NA
"16250",NA
"16251",NA
"16252",NA
"16253",NA
"16254",NA
"16255",NA
"16256",NA
"16257",NA
"16258",NA
"16259",100310756
"16260",NA
"16261",NA
"16262",NA
"16263",NA
"16264",NA
"16265",NA
"16266",NA
"16267",NA
"16268",NA
"16269",NA
"16270",NA
"16271",NA
"16272",NA
"16273",NA
"16274",NA
"16275",NA
"16276",NA
"16277",NA
"16278",NA
"16279",NA
"16280",NA
"16281",NA
"16282",NA
"16283",NA
"16284",NA
"16285",NA
"16286",NA
"16287",NA
"16288",NA
"16289",NA
"16290",NA
"16291",NA
"16292",NA
"16293",NA
"16294",NA
"16295",NA
"16296",NA
"16297",NA
"16298",NA
"16299",NA
"16300",NA
"16301",NA
"16302",NA
"16303",NA
"16304",NA
"16305",NA
"16306",105374101
"16307",NA
"16308",NA
"16309",NA
"16310",NA
"16311",NA
"16312",NA
"16313",NA
"16314",NA
"16315",NA
"16316",NA
"16317",NA
"16318",NA
"16319",NA
"16320",NA
"16321",NA
"16322",NA
"16323",NA
"16324",NA
"16325",NA
"16326",NA
"16327",NA
"16328",105377294
"16329",NA
"16330",NA
"16331",NA
"16332",NA
"16333",NA
"16334",NA
"16335",NA
"16336",NA
"16337",NA
"16338",NA
"16339",NA
"16340",83737
"16341",107181291
"16342",NA
"16343",109136579
"16344",NA
"16345",NA
"16346",NA
"16347",NA
"16348",NA
"16349",NA
"16350",NA
"16351",NA
"16352",NA
"16353",NA
"16354",NA
"16355",NA
"16356",NA
"16357",NA
"16358",NA
"16359",NA
"16360",NA
"16361",NA
"16362",NA
"16363",NA
"16364",NA
"16365",NA
"16366",NA
"16367",NA
"16368",124900215
"16369",NA
"16370",NA
"16371",NA
"16372",NA
"16373",NA
"16374",NA
"16375",NA
"16376",NA
"16377",57594
"16378",NA
"16379",NA
"16380",348926
"16381",283755
"16382",642280
"16383",NA
"16384",NA
"16385",653381
"16386",NA
"16387",NA
"16388",NA
"16389",NA
"16390",728233
"16391",158160
"16392",NA
"16393",NA
"16394",NA
"16395",387036
"16396",NA
"16397",NA
"16398",NA
"16399",54055
"16400",NA
"16401",106660612
"16402",NA
"16403",NA
"16404",NA
"16405",55592
"16406",NA
"16407",NA
"16408",NA
"16409",NA
"16410",NA
"16411",NA
"16412",NA
"16413",101735302
"16414",NA
"16415",729288
"16416",NA
"16417",NA
"16418",NA
"16419",NA
"16420",29774
"16421",171220
"16422",147947
"16423",NA
"16424",NA
"16425",100130015
"16426",340591
"16427",NA
"16428",100128108
"16429",NA
"16430",255812
"16431",84278
"16432",142913
"16433",NA
"16434",NA
"16435",NA
"16436",NA
"16437",91355
"16438",NA
"16439",NA
"16440",260294
"16441",NA
"16442",NA
"16443",NA
"16444",114819
"16445",107985911
"16446",NA
"16447",NA
"16448",NA
"16449",643180
"16450",344887
"16451",100131998
"16452",103091866
"16453",2970
"16454",NA
"16455",100133091
"16456",727758
"16457",NA
"16458",107987091
"16459",NA
"16460",NA
"16461",54660
"16462",NA
"16463",100132101
"16464",NA
"16465",595135
"16466",NA
"16467",441242
"16468",NA
"16469",NA
"16470",NA
"16471",730013
"16472",100134869
"16473",NA
"16474",NA
"16475",NA
"16476",NA
"16477",NA
"16478",163115
"16479",NA
"16480",NA
"16481",645332
"16482",NA
"16483",NA
"16484",101929780
"16485",730101
"16486",NA
"16487",100887750
"16488",NA
"16489",NA
"16490",NA
"16491",NA
"16492",388165
"16493",100506874
"16494",360132
"16495",91695
"16496",401577
"16497",2749
"16498",NA
"16499",NA
"16500",NA
"16501",286042
"16502",440278
"16503",NA
"16504",NA
"16505",NA
"16506",NA
"16507",107984974
"16508",118433
"16509",NA
"16510",NA
"16511",NA
"16512",399761
"16513",100125556
"16514",84809
"16515",NA
"16516",NA
"16517",NA
"16518",NA
"16519",NA
"16520",286101
"16521",NA
"16522",440248
"16523",84222
"16524",1416
"16525",440434
"16526",284047
"16527",220729
"16528",5387
"16529",102724316
"16530",NA
"16531",3139
"16532",NA
"16533",728411
"16534",54718
"16535",NA
"16536",100505687
"16537",374443
"16538",147166
"16539",NA
"16540",NA
"16541",79970
"16542",NA
"16543",NA
"16544",352954
"16545",NA
"16546",NA
"16547",728448
"16548",NA
"16549",NA
"16550",NA
"16551",NA
"16552",375260
"16553",NA
"16554",2630
"16555",201283
"16556",NA
"16557",100506012
"16558",441212
"16559",NA
"16560",154761
"16561",107985911
"16562",155400
"16563",155370
"16564",101929736
"16565",5382
"16566",100288175
"16567",388692
"16568",NA
"16569",NA
"16570",643733
"16571",NA
"16572",NA
"16573",NA
"16574",NA
"16575",NA
"16576",554206
"16577",NA
"16578",NA
"16579",NA
"16580",NA
"16581",NA
"16582",NA
"16583",NA
"16584",NA
"16585",NA
"16586",440300
"16587",NA
"16588",NA
"16589",NA
"16590",731275
"16591",NA
"16592",NA
"16593",692099
"16594",NA
"16595",652276
"16596",NA
"16597",NA
"16598",NA
"16599",NA
"16600",6648
"16601",NA
"16602",NA
"16603",100506060
"16604",NA
"16605",NA
"16606",595101
"16607",NA
"16608",NA
"16609",NA
"16610",391267
"16611",NA
