"region","sample","obs.mut","sim.mut","sim.mut.normality","log2fc","pvalue"
"ncRNA processing","C1_05_24",0,1,3.7e-24,-1,0.4155
"ribosome biogenesis","C1_05_24",0,1,3.7e-24,-1,0.4454
"rRNA metabolic process","C1_05_24",1,1,3.7e-24,0,1
"proteasome-mediated ubiquitin-dependent protein catabolic process","C1_05_24",1,1,3.7e-24,0,1
"regulation of response to DNA damage stimulus","C1_05_24",0,1,3.7e-24,-1,0.463
"establishment of protein localization to organelle","C1_05_24",1,1,3.7e-24,0,1
"macroautophagy","C1_05_24",1,1,3.7e-24,0,1
"regulation of chromosome organization","C1_05_24",0,1,3.7e-24,-1,0.4895
"Golgi vesicle transport","C1_05_24",0,1,3.7e-24,-1,0.457
"double-strand break repair","C1_05_24",3,1,3.7e-24,1,0.4536
"histone modification","C1_05_24",1,1,3.7e-24,0,1
"sister chromatid segregation","C1_05_24",0,1,3.7e-24,-1,0.4778
"DNA replication","C1_05_24",2,1,3.7e-24,0.584962500721156,0.6332
"chromosome segregation","C1_05_24",3,1,3.7e-24,1,0.4293
"mitochondrial gene expression","C1_05_24",0,0,3.7e-24,0,1
"nucleocytoplasmic transport","C1_05_24",1,1,3.7e-24,0,1
"nuclear transport","C1_05_24",3,1,3.7e-24,1,0.4524
"regulation of DNA repair","C1_05_24",0,0,3.7e-24,0,1
"peptidyl-lysine modification","C1_05_24",0,1,3.7e-24,-1,0.4383
"protein targeting","C1_05_24",0,1,3.7e-24,-1,0.4446
"cytoplasmic translation","C1_05_24",0,0,3.7e-24,0,1
"regulation of autophagy","C1_05_24",1,1,3.7e-24,0,1
"signal transduction in response to DNA damage","C1_05_24",1,0,3.7e-24,1,0.456
"regulation of intracellular transport","C1_05_24",2,1,3.7e-24,0.584962500721156,0.627
"protein localization to nucleus","C1_05_24",0,1,3.7e-24,-1,0.455
"microtubule cytoskeleton organization involved in mitosis","C1_05_24",1,0,3.7e-24,1,0.4261
"telomere maintenance","C1_05_24",2,0,3.7e-24,1.58496250072116,0.1082
"cell cycle checkpoint signaling","C1_05_24",0,0,3.7e-24,0,1
"regulation of protein modification by small protein conjugation or removal","C1_05_24",1,1,3.7e-24,0,1
"cellular respiration","C1_05_24",0,0,3.7e-24,0,1
"cellular component disassembly","C1_05_24",0,1,3.7e-24,-1,0.4097
"nuclear chromosome segregation","C1_05_24",0,1,3.7e-24,-1,0.425
"regulation of protein stability","C1_05_24",1,1,3.7e-24,0,1
"regulation of cell cycle phase transition","C1_05_24",1,1,3.7e-24,0,1
"regulation of protein catabolic process","C1_05_24",0,1,3.7e-24,-1,0.4482
"response to endoplasmic reticulum stress","C1_05_24",0,0,3.7e-24,0,1
"vesicle organization","C1_05_24",0,1,3.7e-24,-1,0.4382
"mitochondrial respiratory chain complex assembly","C1_05_24",0,0,3.7e-24,0,1
"DNA-templated transcription elongation","C1_05_24",1,0,3.7e-24,1,0.3422
"mitochondrial transport","C1_05_24",0,0,3.7e-24,0,1
"establishment of organelle localization","C1_05_24",0,1,3.7e-24,-1,0.4197
"regulation of intracellular protein transport","C1_05_24",0,0,3.7e-24,0,1
"response to UV","C1_05_24",0,0,3.7e-24,0,1
"RNA localization","C1_05_24",0,0,3.7e-24,0,1
"response to topologically incorrect protein","C1_05_24",0,0,3.7e-24,0,1
"organelle fission","C1_05_24",0,1,3.7e-24,-1,0.4188
"non-membrane-bounded organelle assembly","C1_05_24",1,1,3.7e-24,0,1
"protein polyubiquitination","C1_05_24",0,1,3.7e-24,-1,0.4874
"methylation","C1_05_24",1,1,3.7e-24,0,1
"phospholipid biosynthetic process","C1_05_24",0,0,3.7e-24,0,1
"oxidative phosphorylation","C1_05_24",0,0,3.7e-24,0,1
"establishment of protein localization to membrane","C1_05_24",1,1,3.7e-24,0,1
"in utero embryonic development","C1_05_24",1,1,3.7e-24,0,1
"vacuole organization","C1_05_24",0,0,3.7e-24,0,1
"nuclear-transcribed mRNA catabolic process","C1_05_24",0,0,3.7e-24,0,1
"protein folding","C1_05_24",0,0,3.7e-24,0,1
"DNA conformation change","C1_05_24",0,0,3.7e-24,0,1
"regulation of chromosome segregation","C1_05_24",0,0,3.7e-24,0,1
"regulation of apoptotic signaling pathway","C1_05_24",0,1,3.7e-24,-1,0.4232
"cell cycle G2/M phase transition","C1_05_24",0,0,3.7e-24,0,1
"vacuolar transport","C1_05_24",0,0,3.7e-24,0,1
"response to ionizing radiation","C1_05_24",0,0,3.7e-24,0,1
"cellular response to UV","C1_05_24",0,0,3.7e-24,0,1
"regulation of binding","C1_05_24",1,1,3.7e-24,0,1
"nucleic acid transport","C1_05_24",1,0,3.7e-24,1,0.4114
"RNA transport","C1_05_24",0,0,3.7e-24,0,1
"ribonucleoprotein complex subunit organization","C1_05_24",0,1,3.7e-24,-1,0.5162
"regulation of DNA replication","C1_05_24",1,0,3.7e-24,1,0.3501
"ribose phosphate metabolic process","C1_05_24",1,1,3.7e-24,0,1
"proton motive force-driven ATP synthesis","C1_05_24",0,0,3.7e-24,0,1
"ribonucleotide metabolic process","C1_05_24",0,1,3.7e-24,-1,0.4181
"telomere organization","C1_05_24",1,0,3.7e-24,1,0.4553
"cellular response to topologically incorrect protein","C1_05_24",0,0,3.7e-24,0,1
"Golgi organization","C1_05_24",0,0,3.7e-24,0,1
"ribonucleoprotein complex assembly","C1_05_24",0,0,3.7e-24,0,1
"cellular nitrogen compound catabolic process","C1_05_24",1,1,3.7e-24,0,1
"negative regulation of phosphorus metabolic process","C1_05_24",1,1,3.7e-24,0,1
"heterocycle catabolic process","C1_05_24",1,1,3.7e-24,0,1
"mitochondrial membrane organization","C1_05_24",1,0,3.7e-24,1,0.2949
"regulation of protein-containing complex assembly","C1_05_24",2,1,3.7e-24,0.584962500721156,0.6397
"positive regulation of cellular component biogenesis","C1_05_24",1,1,3.7e-24,0,1
"response to oxidative stress","C1_05_24",0,1,3.7e-24,-1,0.4326
"regulation of supramolecular fiber organization","C1_05_24",1,1,3.7e-24,0,1
"positive regulation of protein localization","C1_05_24",0,1,3.7e-24,-1,0.4152
"positive regulation of cell projection organization","C1_05_24",3,1,3.7e-24,1,0.4564
"negative regulation of transferase activity","C1_05_24",0,1,3.7e-24,-1,0.5031
"autophagy of mitochondrion","C1_05_24",0,0,3.7e-24,0,1
"positive regulation of amide metabolic process","C1_05_24",0,0,3.7e-24,0,1
"chromatin remodeling","C1_05_24",0,1,3.7e-24,-1,0.4515
"viral process","C1_05_24",0,1,3.7e-24,-1,0.4137
"macromolecule deacylation","C1_05_24",1,0,3.7e-24,1,0.3095
"mitotic cytokinesis","C1_05_24",0,0,3.7e-24,0,1
"aromatic compound catabolic process","C1_05_24",1,1,3.7e-24,0,1
"vesicle localization","C1_05_24",0,0,3.7e-24,0,1
"establishment or maintenance of cell polarity","C1_05_24",1,0,3.7e-24,1,0.4779
"Wnt signaling pathway","C1_05_24",2,1,3.7e-24,0.584962500721156,0.6373
"cell-cell signaling by wnt","C1_05_24",1,1,3.7e-24,0,1
"ATP metabolic process","C1_05_24",1,1,3.7e-24,0,1
"cellular response to chemical stress","C1_05_24",0,1,3.7e-24,-1,0.453
"regulation of vacuole organization","C1_05_24",0,0,3.7e-24,0,1
"cellular response to external stimulus","C1_05_24",0,1,3.7e-24,-1,0.4433
"negative regulation of protein phosphorylation","C1_05_24",0,1,3.7e-24,-1,0.469
"negative regulation of catabolic process","C1_05_24",0,1,3.7e-24,-1,0.4949
"regulation of microtubule cytoskeleton organization","C1_05_24",0,0,3.7e-24,0,1
"chromosome localization","C1_05_24",0,0,3.7e-24,0,1
"negative regulation of mitotic nuclear division","C1_05_24",1,0,3.7e-24,1,0.1715
"regulation of actin filament organization","C1_05_24",2,1,3.7e-24,0.584962500721156,0.6491
"dephosphorylation","C1_05_24",1,1,3.7e-24,0,1
"glycosylation","C1_05_24",1,0,3.7e-24,1,0.4811
"positive regulation of establishment of protein localization","C1_05_24",1,1,3.7e-24,0,1
"regulation of microtubule-based process","C1_05_24",1,0,3.7e-24,1,0.4832
"cell-substrate junction organization","C1_05_24",0,0,3.7e-24,0,1
"protein-containing complex localization","C1_05_24",0,0,3.7e-24,0,1
"mitochondrial transmembrane transport","C1_05_24",0,0,3.7e-24,0,1
"stem cell population maintenance","C1_05_24",0,0,3.7e-24,0,1
"ribosome assembly","C1_05_24",0,0,3.7e-24,0,1
"intraciliary transport","C1_05_24",0,0,3.7e-24,0,1
"Golgi to plasma membrane protein transport","C1_05_24",0,0,3.7e-24,0,1
"response to amino acid starvation","C1_05_24",0,0,3.7e-24,0,1
"cellular response to extracellular stimulus","C1_05_24",1,0,3.7e-24,1,0.4819
"cell growth","C1_05_24",1,1,3.7e-24,0,1
"protein glycosylation","C1_05_24",0,0,3.7e-24,0,1
"macromolecule glycosylation","C1_05_24",1,0,3.7e-24,1,0.4751
"maintenance of cell number","C1_05_24",1,0,3.7e-24,1,0.3905
"response to reactive oxygen species","C1_05_24",0,0,3.7e-24,0,1
"regulation of cell morphogenesis","C1_05_24",0,0,3.7e-24,0,1
"regulation of cellular component size","C1_05_24",0,1,3.7e-24,-1,0.4454
"cell-substrate junction assembly","C1_05_24",0,0,3.7e-24,0,1
"membrane fission","C1_05_24",0,0,3.7e-24,0,1
"membrane docking","C1_05_24",0,0,3.7e-24,0,1
"fibroblast migration","C1_05_24",1,0,3.7e-24,1,0.1742
"nucleus organization","C1_05_24",0,0,3.7e-24,0,1
"regulation of cell growth","C1_05_24",2,1,3.7e-24,0.584962500721156,0.6428
"fibroblast proliferation","C1_05_24",0,0,3.7e-24,0,1
"cell cycle G1/S phase transition","C1_05_24",0,1,3.7e-24,-1,0.5056
"actin filament organization","C1_05_24",0,1,3.7e-24,-1,0.4214
"response to oxygen levels","C1_05_24",1,1,3.7e-24,0,1
"epigenetic regulation of gene expression","C1_05_24",1,0,3.7e-24,1,0.3505
"organelle fusion","C1_05_24",1,0,3.7e-24,1,0.3718
"lipoprotein metabolic process","C1_05_24",0,0,3.7e-24,0,1
"protein lipidation","C1_05_24",0,0,3.7e-24,0,1
"regulation of plasma membrane bounded cell projection assembly","C1_05_24",0,0,3.7e-24,0,1
"regulation of actin filament-based process","C1_05_24",1,1,3.7e-24,0,1
"regulation of GTPase activity","C1_05_24",0,1,3.7e-24,-1,0.4434
"nuclear envelope organization","C1_05_24",0,0,3.7e-24,0,1
"protein autophosphorylation","C1_05_24",1,0,3.7e-24,1,0.4611
"connective tissue development","C1_05_24",0,1,3.7e-24,-1,0.5197
"cellular response to heat","C1_05_24",0,0,3.7e-24,0,1
"myeloid cell homeostasis","C1_05_24",0,0,3.7e-24,0,1
"regulation of neuron projection development","C1_05_24",2,1,3.7e-24,0.584962500721156,0.6378
"receptor metabolic process","C1_05_24",0,0,3.7e-24,0,1
"maintenance of protein location in cell","C1_05_24",0,0,3.7e-24,0,1
"apoptotic mitochondrial changes","C1_05_24",0,0,3.7e-24,0,1
"response to transforming growth factor beta","C1_05_24",0,1,3.7e-24,-1,0.5153
"neural tube development","C1_05_24",0,0,3.7e-24,0,1
"maintenance of protein location","C1_05_24",1,0,3.7e-24,1,0.2358
"regulation of ubiquitin-protein transferase activity","C1_05_24",1,0,3.7e-24,1,0.1876
"cilium assembly","C1_05_24",2,1,3.7e-24,0.584962500721156,0.6359
"mRNA export from nucleus","C1_05_24",0,0,3.7e-24,0,1
"regulation of cell-substrate junction organization","C1_05_24",0,0,3.7e-24,0,1
"membrane biogenesis","C1_05_24",0,0,3.7e-24,0,1
"cilium organization","C1_05_24",0,1,3.7e-24,-1,0.4492
"platelet-derived growth factor receptor signaling pathway","C1_05_24",0,0,3.7e-24,0,1
"iron-sulfur cluster assembly","C1_05_24",1,0,3.7e-24,1,0.1052
"metallo-sulfur cluster assembly","C1_05_24",0,0,3.7e-24,0,1
"centromere complex assembly","C1_05_24",0,0,3.7e-24,0,1
"cellular response to oxygen levels","C1_05_24",0,0,3.7e-24,0,1
"fatty acid beta-oxidation","C1_05_24",0,0,3.7e-24,0,1
"organelle localization by membrane tethering","C1_05_24",0,0,3.7e-24,0,1
"autophagosome maturation","C1_05_24",0,0,3.7e-24,0,1
"cellular response to transforming growth factor beta stimulus","C1_05_24",1,0,3.7e-24,1,0.4905
"nucleotide catabolic process","C1_05_24",1,0,3.7e-24,1,0.1931
"tube closure","C1_05_24",0,0,3.7e-24,0,1
"regulation of stem cell differentiation","C1_05_24",0,0,3.7e-24,0,1
"substrate adhesion-dependent cell spreading","C1_05_24",1,0,3.7e-24,1,0.253
"chondrocyte differentiation","C1_05_24",0,0,3.7e-24,0,1
"regulation of fibroblast proliferation","C1_05_24",1,0,3.7e-24,1,0.1937
"morphogenesis of an epithelial sheet","C1_05_24",0,0,3.7e-24,0,1
"microtubule polymerization","C1_05_24",0,0,3.7e-24,0,1
"response to virus","C1_05_24",0,1,3.7e-24,-1,0.4305
"membrane assembly","C1_05_24",0,0,3.7e-24,0,1
"COPII vesicle coating","C1_05_24",0,0,3.7e-24,0,1
"erythrocyte differentiation","C1_05_24",0,0,3.7e-24,0,1
"organophosphate catabolic process","C1_05_24",0,0,3.7e-24,0,1
"regulation of embryonic development","C1_05_24",1,0,3.7e-24,1,0.2398
"regulation of focal adhesion assembly","C1_05_24",0,0,3.7e-24,0,1
"regulation of cell-substrate junction assembly","C1_05_24",1,0,3.7e-24,1,0.1759
"regulation of extracellular matrix organization","C1_05_24",0,0,3.7e-24,0,1
"GPI anchor biosynthetic process","C1_05_24",0,0,3.7e-24,0,1
"lamellipodium organization","C1_05_24",0,0,3.7e-24,0,1
"positive regulation of stem cell population maintenance","C1_05_24",0,0,3.7e-24,0,1
"monosaccharide metabolic process","C1_05_24",1,0,3.7e-24,1,0.4689
"U2-type prespliceosome assembly","C1_05_24",0,0,3.7e-24,0,1
"heterochromatin formation","C1_05_24",0,0,3.7e-24,0,1
"peroxisome organization","C1_05_24",0,0,3.7e-24,0,1
"regulation of mitochondrial fission","C1_05_24",1,0,3.7e-24,1,0.1124
"cellular pigmentation","C1_05_24",0,0,3.7e-24,0,1
"regulation of fibroblast migration","C1_05_24",0,0,3.7e-24,0,1
"cellular carbohydrate metabolic process","C1_05_24",0,1,3.7e-24,-1,0.5106
"positive regulation of axonogenesis","C1_05_24",0,0,3.7e-24,0,1
"kinetochore organization","C1_05_24",0,0,3.7e-24,0,1
"stem cell differentiation","C1_05_24",0,0,3.7e-24,0,1
"proton transmembrane transport","C1_05_24",1,0,3.7e-24,1,0.3096
"cellular response to insulin stimulus","C1_05_24",0,0,3.7e-24,0,1
"establishment of mitotic spindle localization","C1_05_24",0,0,3.7e-24,0,1
"cell redox homeostasis","C1_05_24",0,0,3.7e-24,0,1
"stress granule assembly","C1_05_24",0,0,3.7e-24,0,1
"protein neddylation","C1_05_24",0,0,3.7e-24,0,1
"regulation of mitochondrial membrane potential","C1_05_24",0,0,3.7e-24,0,1
"neuron death","C1_05_24",1,1,3.7e-24,0,1
"defense response to virus","C1_05_24",0,1,3.7e-24,-1,0.5137
"sulfur compound metabolic process","C1_05_24",0,1,3.7e-24,-1,0.5003
"NADP metabolic process","C1_05_24",0,0,3.7e-24,0,1
"vacuolar acidification","C1_05_24",0,0,3.7e-24,0,1
"oligosaccharide-lipid intermediate biosynthetic process","C1_05_24",0,0,3.7e-24,0,1
"lysosomal lumen acidification","C1_05_24",0,0,3.7e-24,0,1
"glycosyl compound biosynthetic process","C1_05_24",0,0,3.7e-24,0,1
"heart valve development","C1_05_24",0,0,3.7e-24,0,1
"water-soluble vitamin metabolic process","C1_05_24",0,0,3.7e-24,0,1
"interferon-beta production","C1_05_24",1,0,3.7e-24,1,0.1727
"regulation of interferon-beta production","C1_05_24",0,0,3.7e-24,0,1
"branched-chain amino acid metabolic process","C1_05_24",0,0,3.7e-24,0,1
"regulation of mitochondrial membrane permeability","C1_05_24",0,0,3.7e-24,0,1
"respiratory tube development","C1_05_24",0,0,3.7e-24,0,1
"cellular senescence","C1_05_24",1,0,3.7e-24,1,0.2582
"positive regulation of neurogenesis","C1_05_24",1,0,3.7e-24,1,0.4583
"mitochondrial outer membrane permeabilization","C1_05_24",0,0,3.7e-24,0,1
"immune system development","C1_05_24",0,0,3.7e-24,0,1
"clathrin-dependent endocytosis","C1_05_24",0,0,3.7e-24,0,1
"positive regulation of viral process","C1_05_24",1,0,3.7e-24,1,0.1532
"bone development","C1_05_24",1,0,3.7e-24,1,0.4521
"cell-substrate adhesion","C1_05_24",0,1,3.7e-24,-1,0.4953
"positive regulation of microtubule polymerization","C1_05_24",0,0,3.7e-24,0,1
"pteridine-containing compound metabolic process","C1_05_24",0,0,3.7e-24,0,1
"response to arsenic-containing substance","C1_05_24",0,0,3.7e-24,0,1
"response to insulin","C1_05_24",0,1,3.7e-24,-1,0.524
"ubiquinone metabolic process","C1_05_24",0,0,3.7e-24,0,1
"cellular response to arsenic-containing substance","C1_05_24",0,0,3.7e-24,0,1
"inositol phosphate catabolic process","C1_05_24",0,0,3.7e-24,0,1
"telomerase RNA localization to Cajal body","C1_05_24",0,0,3.7e-24,0,1
"respiratory system development","C1_05_24",1,0,3.7e-24,1,0.4687
"regulation of generation of precursor metabolites and energy","C1_05_24",0,0,3.7e-24,0,1
"mitochondrial calcium ion homeostasis","C1_05_24",0,0,3.7e-24,0,1
"G0 to G1 transition","C1_05_24",0,0,3.7e-24,0,1
"mitochondrial genome maintenance","C1_05_24",0,0,3.7e-24,0,1
"release of cytochrome c from mitochondria","C1_05_24",0,0,3.7e-24,0,1
"cortical cytoskeleton organization","C1_05_24",0,0,3.7e-24,0,1
"response to sterol depletion","C1_05_24",0,0,3.7e-24,0,1
"regulation of ncRNA transcription","C1_05_24",0,0,3.7e-24,0,1
"mesenchymal cell differentiation","C1_05_24",0,0,3.7e-24,0,1
"protein-DNA complex subunit organization","C1_05_24",0,0,3.7e-24,0,1
"response to fluid shear stress","C1_05_24",0,0,3.7e-24,0,1
"collagen fibril organization","C1_05_24",0,0,3.7e-24,0,1
"roof of mouth development","C1_05_24",0,0,3.7e-24,0,1
"regulation of protein dephosphorylation","C1_05_24",0,0,3.7e-24,0,1
"multicellular organism growth","C1_05_24",1,0,3.7e-24,1,0.3453
"miRNA processing","C1_05_24",0,0,3.7e-24,0,1
"small molecule catabolic process","C1_05_24",0,1,3.7e-24,-1,0.476
"regulation of G0 to G1 transition","C1_05_24",0,0,3.7e-24,0,1
"circadian regulation of gene expression","C1_05_24",1,0,3.7e-24,1,0.1906
"regulation of translational fidelity","C1_05_24",1,0,3.7e-24,1,0.0374
"ubiquinone biosynthetic process","C1_05_24",0,0,3.7e-24,0,1
"mitochondrial calcium ion transmembrane transport","C1_05_24",0,0,3.7e-24,0,1
"quinone biosynthetic process","C1_05_24",0,0,3.7e-24,0,1
"viral release from host cell","C1_05_24",0,0,3.7e-24,0,1
"exit from host cell","C1_05_24",1,0,3.7e-24,1,0.0938
"positive regulation of GTPase activity","C1_05_24",0,1,3.7e-24,-1,0.5186
"regulation of cytokinesis","C1_05_24",0,0,3.7e-24,0,1
"mitochondrion localization","C1_05_24",0,0,3.7e-24,0,1
"renal system development","C1_05_24",3,1,3.7e-24,1,0.4849
"regulation of cysteine-type endopeptidase activity involved in apoptotic process","C1_05_24",0,0,3.7e-24,0,1
"regulation of cell-substrate adhesion","C1_05_24",0,0,3.7e-24,0,1
"centrosome localization","C1_05_24",0,0,3.7e-24,0,1
"microtubule organizing center localization","C1_05_24",0,0,3.7e-24,0,1
"pinocytosis","C1_05_24",0,0,3.7e-24,0,1
"lamellipodium assembly","C1_05_24",0,0,3.7e-24,0,1
"cellular response to sterol depletion","C1_05_24",0,0,3.7e-24,0,1
"placenta development","C1_05_24",1,0,3.7e-24,1,0.2859
"rhythmic process","C1_05_24",0,1,3.7e-24,-1,0.4833
"spindle localization","C1_05_24",0,0,3.7e-24,0,1
"carbohydrate derivative catabolic process","C1_05_24",1,0,3.7e-24,1,0.379
"response to amino acid","C1_05_24",2,0,3.7e-24,1.58496250072116,0.0425
"regulation of intracellular steroid hormone receptor signaling pathway","C1_05_24",1,0,3.7e-24,1,0.1909
"regulation of neuron death","C1_05_24",0,1,3.7e-24,-1,0.5134
"ossification","C1_05_24",0,1,3.7e-24,-1,0.4781
"mammary gland epithelial cell proliferation","C1_05_24",0,0,3.7e-24,0,1
"ribosomal subunit export from nucleus","C1_05_24",0,0,3.7e-24,0,1
"ribosome localization","C1_05_24",0,0,3.7e-24,0,1
"protein transport to vacuole involved in ubiquitin-dependent protein catabolic process via the multivesicular body sorting pathway","C1_05_24",0,0,3.7e-24,0,1
"seminiferous tubule development","C1_05_24",0,0,3.7e-24,0,1
"cellular response to acid chemical","C1_05_24",0,0,3.7e-24,0,1
"positive regulation of kinase activity","C1_05_24",0,1,3.7e-24,-1,0.4349
"positive regulation by host of viral process","C1_05_24",0,0,3.7e-24,0,1
"mitochondrion morphogenesis","C1_05_24",0,0,3.7e-24,0,1
"regulation of establishment of cell polarity","C1_05_24",0,0,3.7e-24,0,1
"cellular lipid catabolic process","C1_05_24",0,0,3.7e-24,0,1
"neuron apoptotic process","C1_05_24",1,0,3.7e-24,1,0.4892
"inner cell mass cell proliferation","C1_05_24",0,0,3.7e-24,0,1
"polyamine biosynthetic process","C1_05_24",0,0,3.7e-24,0,1
"folic acid metabolic process","C1_05_24",0,0,3.7e-24,0,1
"organelle inheritance","C1_05_24",0,0,3.7e-24,0,1
"polyol metabolic process","C1_05_24",0,0,3.7e-24,0,1
"regulation of type I interferon-mediated signaling pathway","C1_05_24",0,0,3.7e-24,0,1
"intracellular lipid transport","C1_05_24",0,0,3.7e-24,0,1
"fat cell differentiation","C1_05_24",0,0,3.7e-24,0,1
"iron ion homeostasis","C1_05_24",0,0,3.7e-24,0,1
"negative regulation of cell projection organization","C1_05_24",1,0,3.7e-24,1,0.4103
"dicarboxylic acid metabolic process","C1_05_24",0,0,3.7e-24,0,1
"regulation of anatomical structure size","C1_05_24",0,1,3.7e-24,-1,0.4228
"regulation of small molecule metabolic process","C1_05_24",1,1,3.7e-24,0,1
"pentose-phosphate shunt","C1_05_24",0,0,3.7e-24,0,1
"pericardium development","C1_05_24",0,0,3.7e-24,0,1
"lysosomal protein catabolic process","C1_05_24",0,0,3.7e-24,0,1
"carbohydrate derivative transport","C1_05_24",0,0,3.7e-24,0,1
"alcohol biosynthetic process","C1_05_24",0,0,3.7e-24,0,1
"regulation of membrane permeability","C1_05_24",0,0,3.7e-24,0,1
"signal peptide processing","C1_05_24",0,0,3.7e-24,0,1
"UV-damage excision repair","C1_05_24",0,0,3.7e-24,0,1
"biological process involved in interaction with host","C1_05_24",0,0,3.7e-24,0,1
"body morphogenesis","C1_05_24",1,0,3.7e-24,1,0.1163
"extracellular vesicle biogenesis","C1_05_24",0,0,3.7e-24,0,1
"negative regulation of defense response to virus","C1_05_24",0,0,3.7e-24,0,1
"aminoglycan biosynthetic process","C1_05_24",0,0,3.7e-24,0,1
"sterol biosynthetic process","C1_05_24",1,0,3.7e-24,1,0.1374
"polyamine metabolic process","C1_05_24",0,0,3.7e-24,0,1
"magnesium ion transport","C1_05_24",0,0,3.7e-24,0,1
"lamellipodium morphogenesis","C1_05_24",0,0,3.7e-24,0,1
"positive regulation of neuron migration","C1_05_24",0,0,3.7e-24,0,1
"regulation of glucose metabolic process","C1_05_24",0,0,3.7e-24,0,1
"monosaccharide biosynthetic process","C1_05_24",0,0,3.7e-24,0,1
"response to acid chemical","C1_05_24",0,0,3.7e-24,0,1
"regulation of carbohydrate metabolic process","C1_05_24",0,0,3.7e-24,0,1
"positive regulation of nervous system development","C1_05_24",0,0,3.7e-24,0,1
"regulation of circadian rhythm","C1_05_24",0,0,3.7e-24,0,1
"trabecula morphogenesis","C1_05_24",0,0,3.7e-24,0,1
"pigment accumulation","C1_05_24",0,0,3.7e-24,0,1
"cellular pigment accumulation","C1_05_24",0,0,3.7e-24,0,1
"regulation of pinocytosis","C1_05_24",0,0,3.7e-24,0,1
"regulation of ligase activity","C1_05_24",0,0,3.7e-24,0,1
"smoothened signaling pathway involved in dorsal/ventral neural tube patterning","C1_05_24",0,0,3.7e-24,0,1
"glycosyl compound metabolic process","C1_05_24",0,0,3.7e-24,0,1
"substantia nigra development","C1_05_24",0,0,3.7e-24,0,1
"negative regulation of GTPase activity","C1_05_24",0,0,3.7e-24,0,1
"axon extension","C1_05_24",0,0,3.7e-24,0,1
"positive regulation of epithelial to mesenchymal transition","C1_05_24",0,0,3.7e-24,0,1
"one-carbon metabolic process","C1_05_24",0,0,3.7e-24,0,1
"NADPH regeneration","C1_05_24",1,0,3.7e-24,1,0.0702
"cellular response to dsRNA","C1_05_24",0,0,3.7e-24,0,1
"neuron projection organization","C1_05_24",0,0,3.7e-24,0,1
"postsynapse organization","C1_05_24",0,0,3.7e-24,0,1
"regulation of ketone biosynthetic process","C1_05_24",0,0,3.7e-24,0,1
"mitochondrion distribution","C1_05_24",0,0,3.7e-24,0,1
"regulation of autophagosome maturation","C1_05_24",0,0,3.7e-24,0,1
"magnesium ion transmembrane transport","C1_05_24",0,0,3.7e-24,0,1
"regulation of cell division","C1_05_24",0,0,3.7e-24,0,1
"intermembrane lipid transfer","C1_05_24",0,0,3.7e-24,0,1
"organophosphate ester transport","C1_05_24",0,0,3.7e-24,0,1
"movement in host","C1_05_24",1,0,3.7e-24,1,0.3839
"extracellular matrix assembly","C1_05_24",0,0,3.7e-24,0,1
"cellular metabolic compound salvage","C1_05_24",0,0,3.7e-24,0,1
"regulation of ATP-dependent activity","C1_05_24",1,0,3.7e-24,1,0.2056
"cell migration involved in heart development","C1_05_24",0,0,3.7e-24,0,1
"cellular response to fluid shear stress","C1_05_24",0,0,3.7e-24,0,1
"sphingomyelin biosynthetic process","C1_05_24",0,0,3.7e-24,0,1
"ether lipid biosynthetic process","C1_05_24",0,0,3.7e-24,0,1
"embryonic body morphogenesis","C1_05_24",0,0,3.7e-24,0,1
"amino sugar biosynthetic process","C1_05_24",0,0,3.7e-24,0,1
"glycerol ether biosynthetic process","C1_05_24",0,0,3.7e-24,0,1
"pigmentation","C1_05_24",1,0,3.7e-24,1,0.3001
"cellular response to ketone","C1_05_24",1,0,3.7e-24,1,0.2794
"nonribosomal peptide biosynthetic process","C1_05_24",0,0,3.7e-24,0,1
"glial cell apoptotic process","C1_05_24",0,0,3.7e-24,0,1
"lipoprotein catabolic process","C1_05_24",0,0,3.7e-24,0,1
"suppression of viral release by host","C1_05_24",0,0,3.7e-24,0,1
"chaperone-mediated autophagy","C1_05_24",0,0,3.7e-24,0,1
"regulation of steroid hormone biosynthetic process","C1_05_24",0,0,3.7e-24,0,1
"synaptic vesicle lumen acidification","C1_05_24",0,0,3.7e-24,0,1
"semaphorin-plexin signaling pathway involved in neuron projection guidance","C1_05_24",0,0,3.7e-24,0,1
"regulation of Golgi organization","C1_05_24",0,0,3.7e-24,0,1
"Schwann cell differentiation","C1_05_24",0,0,3.7e-24,0,1
"neurotrophin signaling pathway","C1_05_24",0,0,3.7e-24,0,1
"regulation of microtubule depolymerization","C1_05_24",0,0,3.7e-24,0,1
"basement membrane organization","C1_05_24",0,0,3.7e-24,0,1
"establishment or maintenance of epithelial cell apical/basal polarity","C1_05_24",0,0,3.7e-24,0,1
"face development","C1_05_24",0,0,3.7e-24,0,1
"osteoblast differentiation","C1_05_24",0,0,3.7e-24,0,1
"appendage development","C1_05_24",0,0,3.7e-24,0,1
"limb development","C1_05_24",0,0,3.7e-24,0,1
"regulation of ATP metabolic process","C1_05_24",0,0,3.7e-24,0,1
"developmental growth involved in morphogenesis","C1_05_24",0,0,3.7e-24,0,1
"embryonic organ development","C1_05_24",0,1,3.7e-24,-1,0.4383
"negative regulation of growth","C1_05_24",0,0,3.7e-24,0,1
"microtubule depolymerization","C1_05_24",0,0,3.7e-24,0,1
"heme metabolic process","C1_05_24",0,0,3.7e-24,0,1
"regulation of neuron apoptotic process","C1_05_24",0,0,3.7e-24,0,1
"plasma membrane tubulation","C1_05_24",0,0,3.7e-24,0,1
"exosomal secretion","C1_05_24",0,0,3.7e-24,0,1
"vasculogenesis","C1_05_24",0,0,3.7e-24,0,1
"toxin transport","C1_05_24",0,0,3.7e-24,0,1
"ncRNA processing","C2_05_24",0,1,3.7e-24,-1,0.4768
"ribosome biogenesis","C2_05_24",0,1,3.7e-24,-1,0.5096
"rRNA metabolic process","C2_05_24",1,0,3.7e-24,1,0.4571
"proteasome-mediated ubiquitin-dependent protein catabolic process","C2_05_24",1,1,3.7e-24,0,1
"regulation of response to DNA damage stimulus","C2_05_24",0,0,3.7e-24,0,1
"establishment of protein localization to organelle","C2_05_24",0,1,3.7e-24,-1,0.4483
"macroautophagy","C2_05_24",0,1,3.7e-24,-1,0.5323
"regulation of chromosome organization","C2_05_24",0,0,3.7e-24,0,1
"Golgi vesicle transport","C2_05_24",0,0,3.7e-24,0,1
"double-strand break repair","C2_05_24",2,0,3.7e-24,1.58496250072116,0.1389
"histone modification","C2_05_24",1,1,3.7e-24,0,1
"sister chromatid segregation","C2_05_24",0,0,3.7e-24,0,1
"DNA replication","C2_05_24",0,0,3.7e-24,0,1
"chromosome segregation","C2_05_24",0,1,3.7e-24,-1,0.484
"mitochondrial gene expression","C2_05_24",0,0,3.7e-24,0,1
"nucleocytoplasmic transport","C2_05_24",1,1,3.7e-24,0,1
"nuclear transport","C2_05_24",1,0,3.7e-24,1,0.4756
"regulation of DNA repair","C2_05_24",0,0,3.7e-24,0,1
"peptidyl-lysine modification","C2_05_24",0,1,3.7e-24,-1,0.5161
"protein targeting","C2_05_24",0,1,3.7e-24,-1,0.5214
"cytoplasmic translation","C2_05_24",0,0,3.7e-24,0,1
"regulation of autophagy","C2_05_24",0,0,3.7e-24,0,1
"signal transduction in response to DNA damage","C2_05_24",0,0,3.7e-24,0,1
"regulation of intracellular transport","C2_05_24",0,1,3.7e-24,-1,0.5195
"protein localization to nucleus","C2_05_24",0,0,3.7e-24,0,1
"microtubule cytoskeleton organization involved in mitosis","C2_05_24",2,0,3.7e-24,1.58496250072116,0.0526
"telomere maintenance","C2_05_24",0,0,3.7e-24,0,1
"cell cycle checkpoint signaling","C2_05_24",0,0,3.7e-24,0,1
"regulation of protein modification by small protein conjugation or removal","C2_05_24",0,0,3.7e-24,0,1
"cellular respiration","C2_05_24",0,0,3.7e-24,0,1
"cellular component disassembly","C2_05_24",0,1,3.7e-24,-1,0.4589
"nuclear chromosome segregation","C2_05_24",0,1,3.7e-24,-1,0.5113
"regulation of protein stability","C2_05_24",0,0,3.7e-24,0,1
"regulation of cell cycle phase transition","C2_05_24",2,1,3.7e-24,0.584962500721156,0.6287
"regulation of protein catabolic process","C2_05_24",1,1,3.7e-24,0,1
"response to endoplasmic reticulum stress","C2_05_24",0,0,3.7e-24,0,1
"vesicle organization","C2_05_24",0,1,3.7e-24,-1,0.5198
"mitochondrial respiratory chain complex assembly","C2_05_24",1,0,3.7e-24,1,0.1933
"DNA-templated transcription elongation","C2_05_24",0,0,3.7e-24,0,1
"mitochondrial transport","C2_05_24",0,0,3.7e-24,0,1
"establishment of organelle localization","C2_05_24",0,1,3.7e-24,-1,0.4607
"regulation of intracellular protein transport","C2_05_24",0,0,3.7e-24,0,1
"response to UV","C2_05_24",1,0,3.7e-24,1,0.3174
"RNA localization","C2_05_24",0,0,3.7e-24,0,1
"response to topologically incorrect protein","C2_05_24",0,0,3.7e-24,0,1
"organelle fission","C2_05_24",1,1,3.7e-24,0,1
"non-membrane-bounded organelle assembly","C2_05_24",1,1,3.7e-24,0,1
"protein polyubiquitination","C2_05_24",0,0,3.7e-24,0,1
"methylation","C2_05_24",0,1,3.7e-24,-1,0.5056
"phospholipid biosynthetic process","C2_05_24",0,0,3.7e-24,0,1
"oxidative phosphorylation","C2_05_24",0,0,3.7e-24,0,1
"establishment of protein localization to membrane","C2_05_24",0,0,3.7e-24,0,1
"in utero embryonic development","C2_05_24",0,1,3.7e-24,-1,0.5141
"vacuole organization","C2_05_24",0,0,3.7e-24,0,1
"nuclear-transcribed mRNA catabolic process","C2_05_24",0,0,3.7e-24,0,1
"protein folding","C2_05_24",1,0,3.7e-24,1,0.3481
"DNA conformation change","C2_05_24",0,0,3.7e-24,0,1
"regulation of chromosome segregation","C2_05_24",0,0,3.7e-24,0,1
"regulation of apoptotic signaling pathway","C2_05_24",0,1,3.7e-24,-1,0.5027
"cell cycle G2/M phase transition","C2_05_24",0,0,3.7e-24,0,1
"vacuolar transport","C2_05_24",0,0,3.7e-24,0,1
"response to ionizing radiation","C2_05_24",1,0,3.7e-24,1,0.2502
"cellular response to UV","C2_05_24",0,0,3.7e-24,0,1
"regulation of binding","C2_05_24",1,1,3.7e-24,0,1
"nucleic acid transport","C2_05_24",0,0,3.7e-24,0,1
"RNA transport","C2_05_24",1,0,3.7e-24,1,0.2365
"ribonucleoprotein complex subunit organization","C2_05_24",0,0,3.7e-24,0,1
"regulation of DNA replication","C2_05_24",0,0,3.7e-24,0,1
"ribose phosphate metabolic process","C2_05_24",0,1,3.7e-24,-1,0.4723
"proton motive force-driven ATP synthesis","C2_05_24",0,0,3.7e-24,0,1
"ribonucleotide metabolic process","C2_05_24",1,1,3.7e-24,0,1
"telomere organization","C2_05_24",0,0,3.7e-24,0,1
"cellular response to topologically incorrect protein","C2_05_24",1,0,3.7e-24,1,0.2263
"Golgi organization","C2_05_24",1,0,3.7e-24,1,0.2768
"ribonucleoprotein complex assembly","C2_05_24",0,0,3.7e-24,0,1
"cellular nitrogen compound catabolic process","C2_05_24",1,1,3.7e-24,0,1
"negative regulation of phosphorus metabolic process","C2_05_24",0,1,3.7e-24,-1,0.4717
"heterocycle catabolic process","C2_05_24",0,1,3.7e-24,-1,0.4712
"mitochondrial membrane organization","C2_05_24",0,0,3.7e-24,0,1
"regulation of protein-containing complex assembly","C2_05_24",0,1,3.7e-24,-1,0.52
"positive regulation of cellular component biogenesis","C2_05_24",0,1,3.7e-24,-1,0.4606
"response to oxidative stress","C2_05_24",1,1,3.7e-24,0,1
"regulation of supramolecular fiber organization","C2_05_24",0,1,3.7e-24,-1,0.5131
"positive regulation of protein localization","C2_05_24",0,1,3.7e-24,-1,0.4857
"positive regulation of cell projection organization","C2_05_24",1,0,3.7e-24,1,0.4691
"negative regulation of transferase activity","C2_05_24",0,0,3.7e-24,0,1
"autophagy of mitochondrion","C2_05_24",0,0,3.7e-24,0,1
"positive regulation of amide metabolic process","C2_05_24",0,0,3.7e-24,0,1
"chromatin remodeling","C2_05_24",1,1,3.7e-24,0,1
"viral process","C2_05_24",0,1,3.7e-24,-1,0.4822
"macromolecule deacylation","C2_05_24",0,0,3.7e-24,0,1
"mitotic cytokinesis","C2_05_24",0,0,3.7e-24,0,1
"aromatic compound catabolic process","C2_05_24",1,1,3.7e-24,0,1
"vesicle localization","C2_05_24",0,0,3.7e-24,0,1
"establishment or maintenance of cell polarity","C2_05_24",0,0,3.7e-24,0,1
"Wnt signaling pathway","C2_05_24",0,1,3.7e-24,-1,0.482
"cell-cell signaling by wnt","C2_05_24",0,1,3.7e-24,-1,0.4843
"ATP metabolic process","C2_05_24",1,0,3.7e-24,1,0.3692
"cellular response to chemical stress","C2_05_24",1,0,3.7e-24,1,0.4874
"regulation of vacuole organization","C2_05_24",0,0,3.7e-24,0,1
"cellular response to external stimulus","C2_05_24",0,0,3.7e-24,0,1
"negative regulation of protein phosphorylation","C2_05_24",1,0,3.7e-24,1,0.4693
"negative regulation of catabolic process","C2_05_24",1,0,3.7e-24,1,0.4008
"regulation of microtubule cytoskeleton organization","C2_05_24",0,0,3.7e-24,0,1
"chromosome localization","C2_05_24",0,0,3.7e-24,0,1
"negative regulation of mitotic nuclear division","C2_05_24",0,0,3.7e-24,0,1
"regulation of actin filament organization","C2_05_24",0,0,3.7e-24,0,1
"dephosphorylation","C2_05_24",0,0,3.7e-24,0,1
"glycosylation","C2_05_24",0,0,3.7e-24,0,1
"positive regulation of establishment of protein localization","C2_05_24",0,0,3.7e-24,0,1
"regulation of microtubule-based process","C2_05_24",0,0,3.7e-24,0,1
"cell-substrate junction organization","C2_05_24",0,0,3.7e-24,0,1
"protein-containing complex localization","C2_05_24",0,0,3.7e-24,0,1
"mitochondrial transmembrane transport","C2_05_24",0,0,3.7e-24,0,1
"stem cell population maintenance","C2_05_24",0,0,3.7e-24,0,1
"ribosome assembly","C2_05_24",0,0,3.7e-24,0,1
"intraciliary transport","C2_05_24",0,0,3.7e-24,0,1
"Golgi to plasma membrane protein transport","C2_05_24",0,0,3.7e-24,0,1
"response to amino acid starvation","C2_05_24",0,0,3.7e-24,0,1
"cellular response to extracellular stimulus","C2_05_24",0,0,3.7e-24,0,1
"cell growth","C2_05_24",0,1,3.7e-24,-1,0.4888
"protein glycosylation","C2_05_24",1,0,3.7e-24,1,0.3011
"macromolecule glycosylation","C2_05_24",0,0,3.7e-24,0,1
"maintenance of cell number","C2_05_24",1,0,3.7e-24,1,0.3343
"response to reactive oxygen species","C2_05_24",0,0,3.7e-24,0,1
"regulation of cell morphogenesis","C2_05_24",2,0,3.7e-24,1.58496250072116,0.0777
"regulation of cellular component size","C2_05_24",1,1,3.7e-24,0,1
"cell-substrate junction assembly","C2_05_24",0,0,3.7e-24,0,1
"membrane fission","C2_05_24",0,0,3.7e-24,0,1
"membrane docking","C2_05_24",1,0,3.7e-24,1,0.1675
"fibroblast migration","C2_05_24",0,0,3.7e-24,0,1
"nucleus organization","C2_05_24",0,0,3.7e-24,0,1
"regulation of cell growth","C2_05_24",2,1,3.7e-24,0.584962500721156,0.6395
"fibroblast proliferation","C2_05_24",0,0,3.7e-24,0,1
"cell cycle G1/S phase transition","C2_05_24",0,0,3.7e-24,0,1
"actin filament organization","C2_05_24",0,1,3.7e-24,-1,0.4909
"response to oxygen levels","C2_05_24",0,0,3.7e-24,0,1
"epigenetic regulation of gene expression","C2_05_24",0,0,3.7e-24,0,1
"organelle fusion","C2_05_24",0,0,3.7e-24,0,1
"lipoprotein metabolic process","C2_05_24",1,0,3.7e-24,1,0.2492
"protein lipidation","C2_05_24",1,0,3.7e-24,1,0.1688
"regulation of plasma membrane bounded cell projection assembly","C2_05_24",0,0,3.7e-24,0,1
"regulation of actin filament-based process","C2_05_24",2,0,3.7e-24,1.58496250072116,0.1476
"regulation of GTPase activity","C2_05_24",0,0,3.7e-24,0,1
"nuclear envelope organization","C2_05_24",0,0,3.7e-24,0,1
"protein autophosphorylation","C2_05_24",0,0,3.7e-24,0,1
"connective tissue development","C2_05_24",0,0,3.7e-24,0,1
"cellular response to heat","C2_05_24",0,0,3.7e-24,0,1
"myeloid cell homeostasis","C2_05_24",0,0,3.7e-24,0,1
"regulation of neuron projection development","C2_05_24",1,1,3.7e-24,0,1
"receptor metabolic process","C2_05_24",0,0,3.7e-24,0,1
"maintenance of protein location in cell","C2_05_24",0,0,3.7e-24,0,1
"apoptotic mitochondrial changes","C2_05_24",0,0,3.7e-24,0,1
"response to transforming growth factor beta","C2_05_24",0,0,3.7e-24,0,1
"neural tube development","C2_05_24",0,0,3.7e-24,0,1
"maintenance of protein location","C2_05_24",0,0,3.7e-24,0,1
"regulation of ubiquitin-protein transferase activity","C2_05_24",1,0,3.7e-24,1,0.1206
"cilium assembly","C2_05_24",0,0,3.7e-24,0,1
"mRNA export from nucleus","C2_05_24",0,0,3.7e-24,0,1
"regulation of cell-substrate junction organization","C2_05_24",0,0,3.7e-24,0,1
"membrane biogenesis","C2_05_24",0,0,3.7e-24,0,1
"cilium organization","C2_05_24",0,1,3.7e-24,-1,0.5322
"platelet-derived growth factor receptor signaling pathway","C2_05_24",1,0,3.7e-24,1,0.1339
"iron-sulfur cluster assembly","C2_05_24",0,0,3.7e-24,0,1
"metallo-sulfur cluster assembly","C2_05_24",0,0,3.7e-24,0,1
"centromere complex assembly","C2_05_24",0,0,3.7e-24,0,1
"cellular response to oxygen levels","C2_05_24",0,0,3.7e-24,0,1
"fatty acid beta-oxidation","C2_05_24",0,0,3.7e-24,0,1
"organelle localization by membrane tethering","C2_05_24",0,0,3.7e-24,0,1
"autophagosome maturation","C2_05_24",0,0,3.7e-24,0,1
"cellular response to transforming growth factor beta stimulus","C2_05_24",0,0,3.7e-24,0,1
"nucleotide catabolic process","C2_05_24",0,0,3.7e-24,0,1
"tube closure","C2_05_24",0,0,3.7e-24,0,1
"regulation of stem cell differentiation","C2_05_24",0,0,3.7e-24,0,1
"substrate adhesion-dependent cell spreading","C2_05_24",0,0,3.7e-24,0,1
"chondrocyte differentiation","C2_05_24",0,0,3.7e-24,0,1
"regulation of fibroblast proliferation","C2_05_24",0,0,3.7e-24,0,1
"morphogenesis of an epithelial sheet","C2_05_24",0,0,3.7e-24,0,1
"microtubule polymerization","C2_05_24",0,0,3.7e-24,0,1
"response to virus","C2_05_24",1,1,3.7e-24,0,1
"membrane assembly","C2_05_24",0,0,3.7e-24,0,1
"COPII vesicle coating","C2_05_24",0,0,3.7e-24,0,1
"erythrocyte differentiation","C2_05_24",1,0,3.7e-24,1,0.2431
"organophosphate catabolic process","C2_05_24",2,0,3.7e-24,1.58496250072116,0.0285
"regulation of embryonic development","C2_05_24",0,0,3.7e-24,0,1
"regulation of focal adhesion assembly","C2_05_24",0,0,3.7e-24,0,1
"regulation of cell-substrate junction assembly","C2_05_24",0,0,3.7e-24,0,1
"regulation of extracellular matrix organization","C2_05_24",0,0,3.7e-24,0,1
"GPI anchor biosynthetic process","C2_05_24",0,0,3.7e-24,0,1
"lamellipodium organization","C2_05_24",0,0,3.7e-24,0,1
"positive regulation of stem cell population maintenance","C2_05_24",0,0,3.7e-24,0,1
"monosaccharide metabolic process","C2_05_24",1,0,3.7e-24,1,0.3672
"U2-type prespliceosome assembly","C2_05_24",0,0,3.7e-24,0,1
"heterochromatin formation","C2_05_24",0,0,3.7e-24,0,1
"peroxisome organization","C2_05_24",0,0,3.7e-24,0,1
"regulation of mitochondrial fission","C2_05_24",0,0,3.7e-24,0,1
"cellular pigmentation","C2_05_24",0,0,3.7e-24,0,1
"regulation of fibroblast migration","C2_05_24",1,0,3.7e-24,1,0.0899
"cellular carbohydrate metabolic process","C2_05_24",0,0,3.7e-24,0,1
"positive regulation of axonogenesis","C2_05_24",0,0,3.7e-24,0,1
"kinetochore organization","C2_05_24",2,0,3.7e-24,1.58496250072116,0.0014
"stem cell differentiation","C2_05_24",0,0,3.7e-24,0,1
"proton transmembrane transport","C2_05_24",0,0,3.7e-24,0,1
"cellular response to insulin stimulus","C2_05_24",0,0,3.7e-24,0,1
"establishment of mitotic spindle localization","C2_05_24",0,0,3.7e-24,0,1
"cell redox homeostasis","C2_05_24",0,0,3.7e-24,0,1
"stress granule assembly","C2_05_24",0,0,3.7e-24,0,1
"protein neddylation","C2_05_24",0,0,3.7e-24,0,1
"regulation of mitochondrial membrane potential","C2_05_24",0,0,3.7e-24,0,1
"neuron death","C2_05_24",1,0,3.7e-24,1,0.4653
"defense response to virus","C2_05_24",1,0,3.7e-24,1,0.4069
"sulfur compound metabolic process","C2_05_24",2,0,3.7e-24,1.58496250072116,0.1055
"NADP metabolic process","C2_05_24",0,0,3.7e-24,0,1
"vacuolar acidification","C2_05_24",0,0,3.7e-24,0,1
"oligosaccharide-lipid intermediate biosynthetic process","C2_05_24",0,0,3.7e-24,0,1
"lysosomal lumen acidification","C2_05_24",0,0,3.7e-24,0,1
"glycosyl compound biosynthetic process","C2_05_24",0,0,3.7e-24,0,1
"heart valve development","C2_05_24",0,0,3.7e-24,0,1
"water-soluble vitamin metabolic process","C2_05_24",0,0,3.7e-24,0,1
"interferon-beta production","C2_05_24",0,0,3.7e-24,0,1
"regulation of interferon-beta production","C2_05_24",0,0,3.7e-24,0,1
"branched-chain amino acid metabolic process","C2_05_24",0,0,3.7e-24,0,1
"regulation of mitochondrial membrane permeability","C2_05_24",0,0,3.7e-24,0,1
"respiratory tube development","C2_05_24",1,0,3.7e-24,1,0.2781
"cellular senescence","C2_05_24",0,0,3.7e-24,0,1
"positive regulation of neurogenesis","C2_05_24",0,0,3.7e-24,0,1
"mitochondrial outer membrane permeabilization","C2_05_24",0,0,3.7e-24,0,1
"immune system development","C2_05_24",1,0,3.7e-24,1,0.2988
"clathrin-dependent endocytosis","C2_05_24",0,0,3.7e-24,0,1
"positive regulation of viral process","C2_05_24",0,0,3.7e-24,0,1
"bone development","C2_05_24",0,0,3.7e-24,0,1
"cell-substrate adhesion","C2_05_24",0,0,3.7e-24,0,1
"positive regulation of microtubule polymerization","C2_05_24",0,0,3.7e-24,0,1
"pteridine-containing compound metabolic process","C2_05_24",0,0,3.7e-24,0,1
"response to arsenic-containing substance","C2_05_24",0,0,3.7e-24,0,1
"response to insulin","C2_05_24",0,0,3.7e-24,0,1
"ubiquinone metabolic process","C2_05_24",0,0,3.7e-24,0,1
"cellular response to arsenic-containing substance","C2_05_24",0,0,3.7e-24,0,1
"inositol phosphate catabolic process","C2_05_24",0,0,3.7e-24,0,1
"telomerase RNA localization to Cajal body","C2_05_24",0,0,3.7e-24,0,1
"respiratory system development","C2_05_24",1,0,3.7e-24,1,0.3793
"regulation of generation of precursor metabolites and energy","C2_05_24",0,0,3.7e-24,0,1
"mitochondrial calcium ion homeostasis","C2_05_24",0,0,3.7e-24,0,1
"G0 to G1 transition","C2_05_24",0,0,3.7e-24,0,1
"mitochondrial genome maintenance","C2_05_24",0,0,3.7e-24,0,1
"release of cytochrome c from mitochondria","C2_05_24",0,0,3.7e-24,0,1
"cortical cytoskeleton organization","C2_05_24",0,0,3.7e-24,0,1
"response to sterol depletion","C2_05_24",0,0,3.7e-24,0,1
"regulation of ncRNA transcription","C2_05_24",0,0,3.7e-24,0,1
"mesenchymal cell differentiation","C2_05_24",2,0,3.7e-24,1.58496250072116,0.0739
"protein-DNA complex subunit organization","C2_05_24",1,0,3.7e-24,1,0.3586
"response to fluid shear stress","C2_05_24",0,0,3.7e-24,0,1
"collagen fibril organization","C2_05_24",0,0,3.7e-24,0,1
"roof of mouth development","C2_05_24",0,0,3.7e-24,0,1
"regulation of protein dephosphorylation","C2_05_24",0,0,3.7e-24,0,1
"multicellular organism growth","C2_05_24",1,0,3.7e-24,1,0.2386
"miRNA processing","C2_05_24",0,0,3.7e-24,0,1
"small molecule catabolic process","C2_05_24",0,0,3.7e-24,0,1
"regulation of G0 to G1 transition","C2_05_24",0,0,3.7e-24,0,1
"circadian regulation of gene expression","C2_05_24",0,0,3.7e-24,0,1
"regulation of translational fidelity","C2_05_24",0,0,3.7e-24,0,1
"ubiquinone biosynthetic process","C2_05_24",0,0,3.7e-24,0,1
"mitochondrial calcium ion transmembrane transport","C2_05_24",0,0,3.7e-24,0,1
"quinone biosynthetic process","C2_05_24",0,0,3.7e-24,0,1
"viral release from host cell","C2_05_24",0,0,3.7e-24,0,1
"exit from host cell","C2_05_24",0,0,3.7e-24,0,1
"positive regulation of GTPase activity","C2_05_24",0,0,3.7e-24,0,1
"regulation of cytokinesis","C2_05_24",0,0,3.7e-24,0,1
"mitochondrion localization","C2_05_24",2,0,3.7e-24,1.58496250072116,0.0031
"renal system development","C2_05_24",1,0,3.7e-24,1,0.4335
"regulation of cysteine-type endopeptidase activity involved in apoptotic process","C2_05_24",0,0,3.7e-24,0,1
"regulation of cell-substrate adhesion","C2_05_24",0,0,3.7e-24,0,1
"centrosome localization","C2_05_24",0,0,3.7e-24,0,1
"microtubule organizing center localization","C2_05_24",0,0,3.7e-24,0,1
"pinocytosis","C2_05_24",0,0,3.7e-24,0,1
"lamellipodium assembly","C2_05_24",1,0,3.7e-24,1,0.1258
"cellular response to sterol depletion","C2_05_24",0,0,3.7e-24,0,1
"placenta development","C2_05_24",0,0,3.7e-24,0,1
"rhythmic process","C2_05_24",1,0,3.7e-24,1,0.4247
"spindle localization","C2_05_24",0,0,3.7e-24,0,1
"carbohydrate derivative catabolic process","C2_05_24",0,0,3.7e-24,0,1
"response to amino acid","C2_05_24",0,0,3.7e-24,0,1
"regulation of intracellular steroid hormone receptor signaling pathway","C2_05_24",0,0,3.7e-24,0,1
"regulation of neuron death","C2_05_24",0,0,3.7e-24,0,1
"ossification","C2_05_24",0,0,3.7e-24,0,1
"mammary gland epithelial cell proliferation","C2_05_24",2,0,3.7e-24,1.58496250072116,8e-04
"ribosomal subunit export from nucleus","C2_05_24",0,0,3.7e-24,0,1
"ribosome localization","C2_05_24",0,0,3.7e-24,0,1
"protein transport to vacuole involved in ubiquitin-dependent protein catabolic process via the multivesicular body sorting pathway","C2_05_24",0,0,3.7e-24,0,1
"seminiferous tubule development","C2_05_24",0,0,3.7e-24,0,1
"cellular response to acid chemical","C2_05_24",0,0,3.7e-24,0,1
"positive regulation of kinase activity","C2_05_24",1,1,3.7e-24,0,1
"positive regulation by host of viral process","C2_05_24",0,0,3.7e-24,0,1
"mitochondrion morphogenesis","C2_05_24",0,0,3.7e-24,0,1
"regulation of establishment of cell polarity","C2_05_24",0,0,3.7e-24,0,1
"cellular lipid catabolic process","C2_05_24",0,0,3.7e-24,0,1
"neuron apoptotic process","C2_05_24",0,0,3.7e-24,0,1
"inner cell mass cell proliferation","C2_05_24",0,0,3.7e-24,0,1
"polyamine biosynthetic process","C2_05_24",0,0,3.7e-24,0,1
"folic acid metabolic process","C2_05_24",0,0,3.7e-24,0,1
"organelle inheritance","C2_05_24",0,0,3.7e-24,0,1
"polyol metabolic process","C2_05_24",0,0,3.7e-24,0,1
"regulation of type I interferon-mediated signaling pathway","C2_05_24",1,0,3.7e-24,1,0.0733
"intracellular lipid transport","C2_05_24",0,0,3.7e-24,0,1
"fat cell differentiation","C2_05_24",0,0,3.7e-24,0,1
"iron ion homeostasis","C2_05_24",0,0,3.7e-24,0,1
"negative regulation of cell projection organization","C2_05_24",0,0,3.7e-24,0,1
"dicarboxylic acid metabolic process","C2_05_24",0,0,3.7e-24,0,1
"regulation of anatomical structure size","C2_05_24",1,1,3.7e-24,0,1
"regulation of small molecule metabolic process","C2_05_24",1,0,3.7e-24,1,0.4295
"pentose-phosphate shunt","C2_05_24",0,0,3.7e-24,0,1
"pericardium development","C2_05_24",0,0,3.7e-24,0,1
"lysosomal protein catabolic process","C2_05_24",0,0,3.7e-24,0,1
"carbohydrate derivative transport","C2_05_24",0,0,3.7e-24,0,1
"alcohol biosynthetic process","C2_05_24",0,0,3.7e-24,0,1
"regulation of membrane permeability","C2_05_24",0,0,3.7e-24,0,1
"signal peptide processing","C2_05_24",0,0,3.7e-24,0,1
"UV-damage excision repair","C2_05_24",0,0,3.7e-24,0,1
"biological process involved in interaction with host","C2_05_24",2,0,3.7e-24,1.58496250072116,0.0449
"body morphogenesis","C2_05_24",0,0,3.7e-24,0,1
"extracellular vesicle biogenesis","C2_05_24",0,0,3.7e-24,0,1
"negative regulation of defense response to virus","C2_05_24",0,0,3.7e-24,0,1
"aminoglycan biosynthetic process","C2_05_24",0,0,3.7e-24,0,1
"sterol biosynthetic process","C2_05_24",0,0,3.7e-24,0,1
"polyamine metabolic process","C2_05_24",0,0,3.7e-24,0,1
"magnesium ion transport","C2_05_24",0,0,3.7e-24,0,1
"lamellipodium morphogenesis","C2_05_24",0,0,3.7e-24,0,1
"positive regulation of neuron migration","C2_05_24",0,0,3.7e-24,0,1
"regulation of glucose metabolic process","C2_05_24",0,0,3.7e-24,0,1
"monosaccharide biosynthetic process","C2_05_24",0,0,3.7e-24,0,1
"response to acid chemical","C2_05_24",0,0,3.7e-24,0,1
"regulation of carbohydrate metabolic process","C2_05_24",0,0,3.7e-24,0,1
"positive regulation of nervous system development","C2_05_24",0,0,3.7e-24,0,1
"regulation of circadian rhythm","C2_05_24",0,0,3.7e-24,0,1
"trabecula morphogenesis","C2_05_24",0,0,3.7e-24,0,1
"pigment accumulation","C2_05_24",0,0,3.7e-24,0,1
"cellular pigment accumulation","C2_05_24",1,0,3.7e-24,1,0.0283
"regulation of pinocytosis","C2_05_24",0,0,3.7e-24,0,1
"regulation of ligase activity","C2_05_24",0,0,3.7e-24,0,1
"smoothened signaling pathway involved in dorsal/ventral neural tube patterning","C2_05_24",0,0,3.7e-24,0,1
"glycosyl compound metabolic process","C2_05_24",1,0,3.7e-24,1,0.1477
"substantia nigra development","C2_05_24",0,0,3.7e-24,0,1
"negative regulation of GTPase activity","C2_05_24",0,0,3.7e-24,0,1
"axon extension","C2_05_24",0,0,3.7e-24,0,1
"positive regulation of epithelial to mesenchymal transition","C2_05_24",0,0,3.7e-24,0,1
"one-carbon metabolic process","C2_05_24",0,0,3.7e-24,0,1
"NADPH regeneration","C2_05_24",0,0,3.7e-24,0,1
"cellular response to dsRNA","C2_05_24",0,0,3.7e-24,0,1
"neuron projection organization","C2_05_24",0,0,3.7e-24,0,1
"postsynapse organization","C2_05_24",1,0,3.7e-24,1,0.3041
"regulation of ketone biosynthetic process","C2_05_24",1,0,3.7e-24,1,0.0394
"mitochondrion distribution","C2_05_24",0,0,3.7e-24,0,1
"regulation of autophagosome maturation","C2_05_24",0,0,3.7e-24,0,1
"magnesium ion transmembrane transport","C2_05_24",0,0,3.7e-24,0,1
"regulation of cell division","C2_05_24",0,0,3.7e-24,0,1
"intermembrane lipid transfer","C2_05_24",0,0,3.7e-24,0,1
"organophosphate ester transport","C2_05_24",0,0,3.7e-24,0,1
"movement in host","C2_05_24",0,0,3.7e-24,0,1
"extracellular matrix assembly","C2_05_24",0,0,3.7e-24,0,1
"cellular metabolic compound salvage","C2_05_24",0,0,3.7e-24,0,1
"regulation of ATP-dependent activity","C2_05_24",0,0,3.7e-24,0,1
"cell migration involved in heart development","C2_05_24",0,0,3.7e-24,0,1
"cellular response to fluid shear stress","C2_05_24",0,0,3.7e-24,0,1
"sphingomyelin biosynthetic process","C2_05_24",0,0,3.7e-24,0,1
"ether lipid biosynthetic process","C2_05_24",0,0,3.7e-24,0,1
"embryonic body morphogenesis","C2_05_24",0,0,3.7e-24,0,1
"amino sugar biosynthetic process","C2_05_24",0,0,3.7e-24,0,1
"glycerol ether biosynthetic process","C2_05_24",0,0,3.7e-24,0,1
"pigmentation","C2_05_24",0,0,3.7e-24,0,1
"cellular response to ketone","C2_05_24",0,0,3.7e-24,0,1
"nonribosomal peptide biosynthetic process","C2_05_24",0,0,3.7e-24,0,1
"glial cell apoptotic process","C2_05_24",0,0,3.7e-24,0,1
"lipoprotein catabolic process","C2_05_24",0,0,3.7e-24,0,1
"suppression of viral release by host","C2_05_24",0,0,3.7e-24,0,1
"chaperone-mediated autophagy","C2_05_24",0,0,3.7e-24,0,1
"regulation of steroid hormone biosynthetic process","C2_05_24",0,0,3.7e-24,0,1
"synaptic vesicle lumen acidification","C2_05_24",0,0,3.7e-24,0,1
"semaphorin-plexin signaling pathway involved in neuron projection guidance","C2_05_24",0,0,3.7e-24,0,1
"regulation of Golgi organization","C2_05_24",0,0,3.7e-24,0,1
"Schwann cell differentiation","C2_05_24",0,0,3.7e-24,0,1
"neurotrophin signaling pathway","C2_05_24",1,0,3.7e-24,1,0.0625
"regulation of microtubule depolymerization","C2_05_24",0,0,3.7e-24,0,1
"basement membrane organization","C2_05_24",0,0,3.7e-24,0,1
"establishment or maintenance of epithelial cell apical/basal polarity","C2_05_24",0,0,3.7e-24,0,1
"face development","C2_05_24",0,0,3.7e-24,0,1
"osteoblast differentiation","C2_05_24",1,0,3.7e-24,1,0.3433
"appendage development","C2_05_24",2,0,3.7e-24,1.58496250072116,0.0339
"limb development","C2_05_24",0,0,3.7e-24,0,1
"regulation of ATP metabolic process","C2_05_24",0,0,3.7e-24,0,1
"developmental growth involved in morphogenesis","C2_05_24",0,0,3.7e-24,0,1
"embryonic organ development","C2_05_24",1,1,3.7e-24,0,1
"negative regulation of growth","C2_05_24",1,0,3.7e-24,1,0.3573
"microtubule depolymerization","C2_05_24",0,0,3.7e-24,0,1
"heme metabolic process","C2_05_24",0,0,3.7e-24,0,1
"regulation of neuron apoptotic process","C2_05_24",0,0,3.7e-24,0,1
"plasma membrane tubulation","C2_05_24",0,0,3.7e-24,0,1
"exosomal secretion","C2_05_24",0,0,3.7e-24,0,1
"vasculogenesis","C2_05_24",0,0,3.7e-24,0,1
"toxin transport","C2_05_24",0,0,3.7e-24,0,1
"ncRNA processing","C3_05_24",0,1,3.7e-24,-1,0.43
"ribosome biogenesis","C3_05_24",0,1,3.7e-24,-1,0.4584
"rRNA metabolic process","C3_05_24",0,1,3.7e-24,-1,0.4918
"proteasome-mediated ubiquitin-dependent protein catabolic process","C3_05_24",0,1,3.7e-24,-1,0.415
"regulation of response to DNA damage stimulus","C3_05_24",0,1,3.7e-24,-1,0.4797
"establishment of protein localization to organelle","C3_05_24",1,1,3.7e-24,0,1
"macroautophagy","C3_05_24",0,1,3.7e-24,-1,0.4645
"regulation of chromosome organization","C3_05_24",0,1,3.7e-24,-1,0.5279
"Golgi vesicle transport","C3_05_24",0,1,3.7e-24,-1,0.502
"double-strand break repair","C3_05_24",2,1,3.7e-24,0.584962500721156,0.6229
"histone modification","C3_05_24",0,1,3.7e-24,-1,0.4123
"sister chromatid segregation","C3_05_24",0,1,3.7e-24,-1,0.4976
"DNA replication","C3_05_24",1,1,3.7e-24,0,1
"chromosome segregation","C3_05_24",0,1,3.7e-24,-1,0.4373
"mitochondrial gene expression","C3_05_24",1,0,3.7e-24,1,0.3977
"nucleocytoplasmic transport","C3_05_24",0,1,3.7e-24,-1,0.4684
"nuclear transport","C3_05_24",0,1,3.7e-24,-1,0.508
"regulation of DNA repair","C3_05_24",0,0,3.7e-24,0,1
"peptidyl-lysine modification","C3_05_24",0,1,3.7e-24,-1,0.4584
"protein targeting","C3_05_24",1,1,3.7e-24,0,1
"cytoplasmic translation","C3_05_24",0,0,3.7e-24,0,1
"regulation of autophagy","C3_05_24",0,1,3.7e-24,-1,0.4765
"signal transduction in response to DNA damage","C3_05_24",2,0,3.7e-24,1.58496250072116,0.0955
"regulation of intracellular transport","C3_05_24",1,1,3.7e-24,0,1
"protein localization to nucleus","C3_05_24",1,1,3.7e-24,0,1
"microtubule cytoskeleton organization involved in mitosis","C3_05_24",0,0,3.7e-24,0,1
"telomere maintenance","C3_05_24",0,0,3.7e-24,0,1
"cell cycle checkpoint signaling","C3_05_24",1,0,3.7e-24,1,0.4334
"regulation of protein modification by small protein conjugation or removal","C3_05_24",1,0,3.7e-24,1,0.4948
"cellular respiration","C3_05_24",0,0,3.7e-24,0,1
"cellular component disassembly","C3_05_24",0,1,3.7e-24,-1,0.4235
"nuclear chromosome segregation","C3_05_24",1,1,3.7e-24,0,1
"regulation of protein stability","C3_05_24",0,1,3.7e-24,-1,0.5008
"regulation of cell cycle phase transition","C3_05_24",1,1,3.7e-24,0,1
"regulation of protein catabolic process","C3_05_24",0,1,3.7e-24,-1,0.469
"response to endoplasmic reticulum stress","C3_05_24",0,0,3.7e-24,0,1
"vesicle organization","C3_05_24",1,1,3.7e-24,0,1
"mitochondrial respiratory chain complex assembly","C3_05_24",0,0,3.7e-24,0,1
"DNA-templated transcription elongation","C3_05_24",0,0,3.7e-24,0,1
"mitochondrial transport","C3_05_24",1,0,3.7e-24,1,0.4165
"establishment of organelle localization","C3_05_24",0,1,3.7e-24,-1,0.4277
"regulation of intracellular protein transport","C3_05_24",0,0,3.7e-24,0,1
"response to UV","C3_05_24",1,0,3.7e-24,1,0.3789
"RNA localization","C3_05_24",0,0,3.7e-24,0,1
"response to topologically incorrect protein","C3_05_24",2,0,3.7e-24,1.58496250072116,0.0775
"organelle fission","C3_05_24",2,1,3.7e-24,0.584962500721156,0.6333
"non-membrane-bounded organelle assembly","C3_05_24",0,1,3.7e-24,-1,0.4554
"protein polyubiquitination","C3_05_24",1,1,3.7e-24,0,1
"methylation","C3_05_24",1,1,3.7e-24,0,1
"phospholipid biosynthetic process","C3_05_24",0,0,3.7e-24,0,1
"oxidative phosphorylation","C3_05_24",1,0,3.7e-24,1,0.2904
"establishment of protein localization to membrane","C3_05_24",0,1,3.7e-24,-1,0.5085
"in utero embryonic development","C3_05_24",3,1,3.7e-24,1,0.4504
"vacuole organization","C3_05_24",0,0,3.7e-24,0,1
"nuclear-transcribed mRNA catabolic process","C3_05_24",0,0,3.7e-24,0,1
"protein folding","C3_05_24",0,0,3.7e-24,0,1
"DNA conformation change","C3_05_24",1,0,3.7e-24,1,0.1933
"regulation of chromosome segregation","C3_05_24",0,0,3.7e-24,0,1
"regulation of apoptotic signaling pathway","C3_05_24",1,1,3.7e-24,0,1
"cell cycle G2/M phase transition","C3_05_24",0,0,3.7e-24,0,1
"vacuolar transport","C3_05_24",1,0,3.7e-24,1,0.3309
"response to ionizing radiation","C3_05_24",0,0,3.7e-24,0,1
"cellular response to UV","C3_05_24",0,0,3.7e-24,0,1
"regulation of binding","C3_05_24",0,1,3.7e-24,-1,0.4699
"nucleic acid transport","C3_05_24",0,0,3.7e-24,0,1
"RNA transport","C3_05_24",1,0,3.7e-24,1,0.323
"ribonucleoprotein complex subunit organization","C3_05_24",1,0,3.7e-24,1,0.4622
"regulation of DNA replication","C3_05_24",0,0,3.7e-24,0,1
"ribose phosphate metabolic process","C3_05_24",2,1,3.7e-24,0.584962500721156,0.6289
"proton motive force-driven ATP synthesis","C3_05_24",0,0,3.7e-24,0,1
"ribonucleotide metabolic process","C3_05_24",0,1,3.7e-24,-1,0.4411
"telomere organization","C3_05_24",0,0,3.7e-24,0,1
"cellular response to topologically incorrect protein","C3_05_24",0,0,3.7e-24,0,1
"Golgi organization","C3_05_24",0,0,3.7e-24,0,1
"ribonucleoprotein complex assembly","C3_05_24",1,0,3.7e-24,1,0.4255
"cellular nitrogen compound catabolic process","C3_05_24",1,1,3.7e-24,0,1
"negative regulation of phosphorus metabolic process","C3_05_24",0,1,3.7e-24,-1,0.4271
"heterocycle catabolic process","C3_05_24",0,1,3.7e-24,-1,0.4239
"mitochondrial membrane organization","C3_05_24",0,0,3.7e-24,0,1
"regulation of protein-containing complex assembly","C3_05_24",0,1,3.7e-24,-1,0.4601
"positive regulation of cellular component biogenesis","C3_05_24",0,1,3.7e-24,-1,0.4201
"response to oxidative stress","C3_05_24",0,1,3.7e-24,-1,0.4481
"regulation of supramolecular fiber organization","C3_05_24",1,1,3.7e-24,0,1
"positive regulation of protein localization","C3_05_24",1,1,3.7e-24,0,1
"positive regulation of cell projection organization","C3_05_24",0,1,3.7e-24,-1,0.4928
"negative regulation of transferase activity","C3_05_24",0,0,3.7e-24,0,1
"autophagy of mitochondrion","C3_05_24",1,0,3.7e-24,1,0.2603
"positive regulation of amide metabolic process","C3_05_24",0,0,3.7e-24,0,1
"chromatin remodeling","C3_05_24",1,1,3.7e-24,0,1
"viral process","C3_05_24",0,1,3.7e-24,-1,0.4402
"macromolecule deacylation","C3_05_24",0,0,3.7e-24,0,1
"mitotic cytokinesis","C3_05_24",0,0,3.7e-24,0,1
"aromatic compound catabolic process","C3_05_24",0,1,3.7e-24,-1,0.4363
"vesicle localization","C3_05_24",0,0,3.7e-24,0,1
"establishment or maintenance of cell polarity","C3_05_24",0,0,3.7e-24,0,1
"Wnt signaling pathway","C3_05_24",1,1,3.7e-24,0,1
"cell-cell signaling by wnt","C3_05_24",1,1,3.7e-24,0,1
"ATP metabolic process","C3_05_24",0,0,3.7e-24,0,1
"cellular response to chemical stress","C3_05_24",0,1,3.7e-24,-1,0.5056
"regulation of vacuole organization","C3_05_24",0,0,3.7e-24,0,1
"cellular response to external stimulus","C3_05_24",1,1,3.7e-24,0,1
"negative regulation of protein phosphorylation","C3_05_24",0,1,3.7e-24,-1,0.4909
"negative regulation of catabolic process","C3_05_24",0,1,3.7e-24,-1,0.5204
"regulation of microtubule cytoskeleton organization","C3_05_24",0,0,3.7e-24,0,1
"chromosome localization","C3_05_24",0,0,3.7e-24,0,1
"negative regulation of mitotic nuclear division","C3_05_24",0,0,3.7e-24,0,1
"regulation of actin filament organization","C3_05_24",0,0,3.7e-24,0,1
"dephosphorylation","C3_05_24",2,1,3.7e-24,0.584962500721156,0.639
"glycosylation","C3_05_24",0,0,3.7e-24,0,1
"positive regulation of establishment of protein localization","C3_05_24",0,1,3.7e-24,-1,0.5038
"regulation of microtubule-based process","C3_05_24",0,0,3.7e-24,0,1
"cell-substrate junction organization","C3_05_24",1,0,3.7e-24,1,0.2216
"protein-containing complex localization","C3_05_24",0,0,3.7e-24,0,1
"mitochondrial transmembrane transport","C3_05_24",0,0,3.7e-24,0,1
"stem cell population maintenance","C3_05_24",0,0,3.7e-24,0,1
"ribosome assembly","C3_05_24",0,0,3.7e-24,0,1
"intraciliary transport","C3_05_24",0,0,3.7e-24,0,1
"Golgi to plasma membrane protein transport","C3_05_24",0,0,3.7e-24,0,1
"response to amino acid starvation","C3_05_24",0,0,3.7e-24,0,1
"cellular response to extracellular stimulus","C3_05_24",0,0,3.7e-24,0,1
"cell growth","C3_05_24",1,1,3.7e-24,0,1
"protein glycosylation","C3_05_24",0,0,3.7e-24,0,1
"macromolecule glycosylation","C3_05_24",0,0,3.7e-24,0,1
"maintenance of cell number","C3_05_24",1,0,3.7e-24,1,0.3947
"response to reactive oxygen species","C3_05_24",1,0,3.7e-24,1,0.3644
"regulation of cell morphogenesis","C3_05_24",0,0,3.7e-24,0,1
"regulation of cellular component size","C3_05_24",0,1,3.7e-24,-1,0.4619
"cell-substrate junction assembly","C3_05_24",1,0,3.7e-24,1,0.2124
"membrane fission","C3_05_24",0,0,3.7e-24,0,1
"membrane docking","C3_05_24",0,0,3.7e-24,0,1
"fibroblast migration","C3_05_24",0,0,3.7e-24,0,1
"nucleus organization","C3_05_24",0,0,3.7e-24,0,1
"regulation of cell growth","C3_05_24",2,1,3.7e-24,0.584962500721156,0.6283
"fibroblast proliferation","C3_05_24",0,0,3.7e-24,0,1
"cell cycle G1/S phase transition","C3_05_24",1,1,3.7e-24,0,1
"actin filament organization","C3_05_24",0,1,3.7e-24,-1,0.4467
"response to oxygen levels","C3_05_24",3,1,3.7e-24,1,0.5149
"epigenetic regulation of gene expression","C3_05_24",0,0,3.7e-24,0,1
"organelle fusion","C3_05_24",0,0,3.7e-24,0,1
"lipoprotein metabolic process","C3_05_24",2,0,3.7e-24,1.58496250072116,0.0518
"protein lipidation","C3_05_24",1,0,3.7e-24,1,0.223
"regulation of plasma membrane bounded cell projection assembly","C3_05_24",0,0,3.7e-24,0,1
"regulation of actin filament-based process","C3_05_24",0,1,3.7e-24,-1,0.4638
"regulation of GTPase activity","C3_05_24",0,1,3.7e-24,-1,0.4832
"nuclear envelope organization","C3_05_24",0,0,3.7e-24,0,1
"protein autophosphorylation","C3_05_24",0,0,3.7e-24,0,1
"connective tissue development","C3_05_24",2,0,3.7e-24,1.58496250072116,0.1434
"cellular response to heat","C3_05_24",0,0,3.7e-24,0,1
"myeloid cell homeostasis","C3_05_24",0,0,3.7e-24,0,1
"regulation of neuron projection development","C3_05_24",1,1,3.7e-24,0,1
"receptor metabolic process","C3_05_24",0,0,3.7e-24,0,1
"maintenance of protein location in cell","C3_05_24",0,0,3.7e-24,0,1
"apoptotic mitochondrial changes","C3_05_24",0,0,3.7e-24,0,1
"response to transforming growth factor beta","C3_05_24",0,0,3.7e-24,0,1
"neural tube development","C3_05_24",0,0,3.7e-24,0,1
"maintenance of protein location","C3_05_24",0,0,3.7e-24,0,1
"regulation of ubiquitin-protein transferase activity","C3_05_24",0,0,3.7e-24,0,1
"cilium assembly","C3_05_24",1,1,3.7e-24,0,1
"mRNA export from nucleus","C3_05_24",0,0,3.7e-24,0,1
"regulation of cell-substrate junction organization","C3_05_24",0,0,3.7e-24,0,1
"membrane biogenesis","C3_05_24",0,0,3.7e-24,0,1
"cilium organization","C3_05_24",0,1,3.7e-24,-1,0.4777
"platelet-derived growth factor receptor signaling pathway","C3_05_24",0,0,3.7e-24,0,1
"iron-sulfur cluster assembly","C3_05_24",0,0,3.7e-24,0,1
"metallo-sulfur cluster assembly","C3_05_24",0,0,3.7e-24,0,1
"centromere complex assembly","C3_05_24",0,0,3.7e-24,0,1
"cellular response to oxygen levels","C3_05_24",1,0,3.7e-24,1,0.3225
"fatty acid beta-oxidation","C3_05_24",0,0,3.7e-24,0,1
"organelle localization by membrane tethering","C3_05_24",0,0,3.7e-24,0,1
"autophagosome maturation","C3_05_24",0,0,3.7e-24,0,1
"cellular response to transforming growth factor beta stimulus","C3_05_24",2,0,3.7e-24,1.58496250072116,0.1132
"nucleotide catabolic process","C3_05_24",0,0,3.7e-24,0,1
"tube closure","C3_05_24",0,0,3.7e-24,0,1
"regulation of stem cell differentiation","C3_05_24",0,0,3.7e-24,0,1
"substrate adhesion-dependent cell spreading","C3_05_24",0,0,3.7e-24,0,1
"chondrocyte differentiation","C3_05_24",0,0,3.7e-24,0,1
"regulation of fibroblast proliferation","C3_05_24",0,0,3.7e-24,0,1
"morphogenesis of an epithelial sheet","C3_05_24",1,0,3.7e-24,1,0.1611
"microtubule polymerization","C3_05_24",0,0,3.7e-24,0,1
"response to virus","C3_05_24",0,1,3.7e-24,-1,0.4571
"membrane assembly","C3_05_24",0,0,3.7e-24,0,1
"COPII vesicle coating","C3_05_24",0,0,3.7e-24,0,1
"erythrocyte differentiation","C3_05_24",1,0,3.7e-24,1,0.3097
"organophosphate catabolic process","C3_05_24",0,0,3.7e-24,0,1
"regulation of embryonic development","C3_05_24",0,0,3.7e-24,0,1
"regulation of focal adhesion assembly","C3_05_24",0,0,3.7e-24,0,1
"regulation of cell-substrate junction assembly","C3_05_24",0,0,3.7e-24,0,1
"regulation of extracellular matrix organization","C3_05_24",0,0,3.7e-24,0,1
"GPI anchor biosynthetic process","C3_05_24",0,0,3.7e-24,0,1
"lamellipodium organization","C3_05_24",0,0,3.7e-24,0,1
"positive regulation of stem cell population maintenance","C3_05_24",0,0,3.7e-24,0,1
"monosaccharide metabolic process","C3_05_24",0,0,3.7e-24,0,1
"U2-type prespliceosome assembly","C3_05_24",0,0,3.7e-24,0,1
"heterochromatin formation","C3_05_24",0,0,3.7e-24,0,1
"peroxisome organization","C3_05_24",0,0,3.7e-24,0,1
"regulation of mitochondrial fission","C3_05_24",1,0,3.7e-24,1,0.0652
"cellular pigmentation","C3_05_24",0,0,3.7e-24,0,1
"regulation of fibroblast migration","C3_05_24",0,0,3.7e-24,0,1
"cellular carbohydrate metabolic process","C3_05_24",1,0,3.7e-24,1,0.4796
"positive regulation of axonogenesis","C3_05_24",0,0,3.7e-24,0,1
"kinetochore organization","C3_05_24",0,0,3.7e-24,0,1
"stem cell differentiation","C3_05_24",0,0,3.7e-24,0,1
"proton transmembrane transport","C3_05_24",0,0,3.7e-24,0,1
"cellular response to insulin stimulus","C3_05_24",2,0,3.7e-24,1.58496250072116,0.0795
"establishment of mitotic spindle localization","C3_05_24",0,0,3.7e-24,0,1
"cell redox homeostasis","C3_05_24",0,0,3.7e-24,0,1
"stress granule assembly","C3_05_24",0,0,3.7e-24,0,1
"protein neddylation","C3_05_24",0,0,3.7e-24,0,1
"regulation of mitochondrial membrane potential","C3_05_24",1,0,3.7e-24,1,0.1754
"neuron death","C3_05_24",0,1,3.7e-24,-1,0.5047
"defense response to virus","C3_05_24",0,1,3.7e-24,-1,0.5325
"sulfur compound metabolic process","C3_05_24",1,0,3.7e-24,1,0.492
"NADP metabolic process","C3_05_24",0,0,3.7e-24,0,1
"vacuolar acidification","C3_05_24",0,0,3.7e-24,0,1
"oligosaccharide-lipid intermediate biosynthetic process","C3_05_24",0,0,3.7e-24,0,1
"lysosomal lumen acidification","C3_05_24",0,0,3.7e-24,0,1
"glycosyl compound biosynthetic process","C3_05_24",0,0,3.7e-24,0,1
"heart valve development","C3_05_24",1,0,3.7e-24,1,0.1699
"water-soluble vitamin metabolic process","C3_05_24",0,0,3.7e-24,0,1
"interferon-beta production","C3_05_24",1,0,3.7e-24,1,0.1326
"regulation of interferon-beta production","C3_05_24",0,0,3.7e-24,0,1
"branched-chain amino acid metabolic process","C3_05_24",0,0,3.7e-24,0,1
"regulation of mitochondrial membrane permeability","C3_05_24",0,0,3.7e-24,0,1
"respiratory tube development","C3_05_24",1,0,3.7e-24,1,0.336
"cellular senescence","C3_05_24",1,0,3.7e-24,1,0.2428
"positive regulation of neurogenesis","C3_05_24",1,0,3.7e-24,1,0.4158
"mitochondrial outer membrane permeabilization","C3_05_24",0,0,3.7e-24,0,1
"immune system development","C3_05_24",0,0,3.7e-24,0,1
"clathrin-dependent endocytosis","C3_05_24",0,0,3.7e-24,0,1
"positive regulation of viral process","C3_05_24",0,0,3.7e-24,0,1
"bone development","C3_05_24",1,0,3.7e-24,1,0.4044
"cell-substrate adhesion","C3_05_24",1,1,3.7e-24,0,1
"positive regulation of microtubule polymerization","C3_05_24",0,0,3.7e-24,0,1
"pteridine-containing compound metabolic process","C3_05_24",0,0,3.7e-24,0,1
"response to arsenic-containing substance","C3_05_24",0,0,3.7e-24,0,1
"response to insulin","C3_05_24",0,0,3.7e-24,0,1
"ubiquinone metabolic process","C3_05_24",0,0,3.7e-24,0,1
"cellular response to arsenic-containing substance","C3_05_24",0,0,3.7e-24,0,1
"inositol phosphate catabolic process","C3_05_24",0,0,3.7e-24,0,1
"telomerase RNA localization to Cajal body","C3_05_24",0,0,3.7e-24,0,1
"respiratory system development","C3_05_24",0,0,3.7e-24,0,1
"regulation of generation of precursor metabolites and energy","C3_05_24",0,0,3.7e-24,0,1
"mitochondrial calcium ion homeostasis","C3_05_24",0,0,3.7e-24,0,1
"G0 to G1 transition","C3_05_24",0,0,3.7e-24,0,1
"mitochondrial genome maintenance","C3_05_24",0,0,3.7e-24,0,1
"release of cytochrome c from mitochondria","C3_05_24",0,0,3.7e-24,0,1
"cortical cytoskeleton organization","C3_05_24",0,0,3.7e-24,0,1
"response to sterol depletion","C3_05_24",0,0,3.7e-24,0,1
"regulation of ncRNA transcription","C3_05_24",0,0,3.7e-24,0,1
"mesenchymal cell differentiation","C3_05_24",0,0,3.7e-24,0,1
"protein-DNA complex subunit organization","C3_05_24",1,0,3.7e-24,1,0.4222
"response to fluid shear stress","C3_05_24",1,0,3.7e-24,1,0.1327
"collagen fibril organization","C3_05_24",0,0,3.7e-24,0,1
"roof of mouth development","C3_05_24",2,0,3.7e-24,1.58496250072116,0.021
"regulation of protein dephosphorylation","C3_05_24",0,0,3.7e-24,0,1
"multicellular organism growth","C3_05_24",0,0,3.7e-24,0,1
"miRNA processing","C3_05_24",0,0,3.7e-24,0,1
"small molecule catabolic process","C3_05_24",0,1,3.7e-24,-1,0.5125
"regulation of G0 to G1 transition","C3_05_24",0,0,3.7e-24,0,1
"circadian regulation of gene expression","C3_05_24",0,0,3.7e-24,0,1
"regulation of translational fidelity","C3_05_24",0,0,3.7e-24,0,1
"ubiquinone biosynthetic process","C3_05_24",0,0,3.7e-24,0,1
"mitochondrial calcium ion transmembrane transport","C3_05_24",0,0,3.7e-24,0,1
"quinone biosynthetic process","C3_05_24",0,0,3.7e-24,0,1
"viral release from host cell","C3_05_24",0,0,3.7e-24,0,1
"exit from host cell","C3_05_24",0,0,3.7e-24,0,1
"positive regulation of GTPase activity","C3_05_24",0,0,3.7e-24,0,1
"regulation of cytokinesis","C3_05_24",0,0,3.7e-24,0,1
"mitochondrion localization","C3_05_24",0,0,3.7e-24,0,1
"renal system development","C3_05_24",0,0,3.7e-24,0,1
"regulation of cysteine-type endopeptidase activity involved in apoptotic process","C3_05_24",0,0,3.7e-24,0,1
"regulation of cell-substrate adhesion","C3_05_24",0,0,3.7e-24,0,1
"centrosome localization","C3_05_24",0,0,3.7e-24,0,1
"microtubule organizing center localization","C3_05_24",1,0,3.7e-24,1,0.0766
"pinocytosis","C3_05_24",0,0,3.7e-24,0,1
"lamellipodium assembly","C3_05_24",0,0,3.7e-24,0,1
"cellular response to sterol depletion","C3_05_24",0,0,3.7e-24,0,1
"placenta development","C3_05_24",0,0,3.7e-24,0,1
"rhythmic process","C3_05_24",1,1,3.7e-24,0,1
"spindle localization","C3_05_24",0,0,3.7e-24,0,1
"carbohydrate derivative catabolic process","C3_05_24",0,0,3.7e-24,0,1
"response to amino acid","C3_05_24",1,0,3.7e-24,1,0.2645
"regulation of intracellular steroid hormone receptor signaling pathway","C3_05_24",1,0,3.7e-24,1,0.1627
"regulation of neuron death","C3_05_24",0,1,3.7e-24,-1,0.5216
"ossification","C3_05_24",0,1,3.7e-24,-1,0.496
"mammary gland epithelial cell proliferation","C3_05_24",0,0,3.7e-24,0,1
"ribosomal subunit export from nucleus","C3_05_24",0,0,3.7e-24,0,1
"ribosome localization","C3_05_24",0,0,3.7e-24,0,1
"protein transport to vacuole involved in ubiquitin-dependent protein catabolic process via the multivesicular body sorting pathway","C3_05_24",0,0,3.7e-24,0,1
"seminiferous tubule development","C3_05_24",0,0,3.7e-24,0,1
"cellular response to acid chemical","C3_05_24",0,0,3.7e-24,0,1
"positive regulation of kinase activity","C3_05_24",1,1,3.7e-24,0,1
"positive regulation by host of viral process","C3_05_24",0,0,3.7e-24,0,1
"mitochondrion morphogenesis","C3_05_24",0,0,3.7e-24,0,1
"regulation of establishment of cell polarity","C3_05_24",0,0,3.7e-24,0,1
"cellular lipid catabolic process","C3_05_24",0,0,3.7e-24,0,1
"neuron apoptotic process","C3_05_24",0,0,3.7e-24,0,1
"inner cell mass cell proliferation","C3_05_24",0,0,3.7e-24,0,1
"polyamine biosynthetic process","C3_05_24",1,0,3.7e-24,1,0.0434
"folic acid metabolic process","C3_05_24",0,0,3.7e-24,0,1
"organelle inheritance","C3_05_24",0,0,3.7e-24,0,1
"polyol metabolic process","C3_05_24",0,0,3.7e-24,0,1
"regulation of type I interferon-mediated signaling pathway","C3_05_24",0,0,3.7e-24,0,1
"intracellular lipid transport","C3_05_24",0,0,3.7e-24,0,1
"fat cell differentiation","C3_05_24",1,0,3.7e-24,1,0.4331
"iron ion homeostasis","C3_05_24",0,0,3.7e-24,0,1
"negative regulation of cell projection organization","C3_05_24",0,0,3.7e-24,0,1
"dicarboxylic acid metabolic process","C3_05_24",0,0,3.7e-24,0,1
"regulation of anatomical structure size","C3_05_24",2,1,3.7e-24,0.584962500721156,0.631
"regulation of small molecule metabolic process","C3_05_24",1,0,3.7e-24,1,0.4488
"pentose-phosphate shunt","C3_05_24",0,0,3.7e-24,0,1
"pericardium development","C3_05_24",0,0,3.7e-24,0,1
"lysosomal protein catabolic process","C3_05_24",0,0,3.7e-24,0,1
"carbohydrate derivative transport","C3_05_24",0,0,3.7e-24,0,1
"alcohol biosynthetic process","C3_05_24",2,0,3.7e-24,1.58496250072116,0.0548
"regulation of membrane permeability","C3_05_24",0,0,3.7e-24,0,1
"signal peptide processing","C3_05_24",1,0,3.7e-24,1,0.0473
"UV-damage excision repair","C3_05_24",0,0,3.7e-24,0,1
"biological process involved in interaction with host","C3_05_24",0,0,3.7e-24,0,1
"body morphogenesis","C3_05_24",0,0,3.7e-24,0,1
"extracellular vesicle biogenesis","C3_05_24",0,0,3.7e-24,0,1
"negative regulation of defense response to virus","C3_05_24",0,0,3.7e-24,0,1
"aminoglycan biosynthetic process","C3_05_24",1,0,3.7e-24,1,0.1842
"sterol biosynthetic process","C3_05_24",0,0,3.7e-24,0,1
"polyamine metabolic process","C3_05_24",0,0,3.7e-24,0,1
"magnesium ion transport","C3_05_24",0,0,3.7e-24,0,1
"lamellipodium morphogenesis","C3_05_24",0,0,3.7e-24,0,1
"positive regulation of neuron migration","C3_05_24",0,0,3.7e-24,0,1
"regulation of glucose metabolic process","C3_05_24",1,0,3.7e-24,1,0.1825
"monosaccharide biosynthetic process","C3_05_24",0,0,3.7e-24,0,1
"response to acid chemical","C3_05_24",0,0,3.7e-24,0,1
"regulation of carbohydrate metabolic process","C3_05_24",0,0,3.7e-24,0,1
"positive regulation of nervous system development","C3_05_24",0,0,3.7e-24,0,1
"regulation of circadian rhythm","C3_05_24",0,0,3.7e-24,0,1
"trabecula morphogenesis","C3_05_24",0,0,3.7e-24,0,1
"pigment accumulation","C3_05_24",0,0,3.7e-24,0,1
"cellular pigment accumulation","C3_05_24",0,0,3.7e-24,0,1
"regulation of pinocytosis","C3_05_24",0,0,3.7e-24,0,1
"regulation of ligase activity","C3_05_24",0,0,3.7e-24,0,1
"smoothened signaling pathway involved in dorsal/ventral neural tube patterning","C3_05_24",0,0,3.7e-24,0,1
"glycosyl compound metabolic process","C3_05_24",0,0,3.7e-24,0,1
"substantia nigra development","C3_05_24",0,0,3.7e-24,0,1
"negative regulation of GTPase activity","C3_05_24",0,0,3.7e-24,0,1
"axon extension","C3_05_24",0,0,3.7e-24,0,1
"positive regulation of epithelial to mesenchymal transition","C3_05_24",0,0,3.7e-24,0,1
"one-carbon metabolic process","C3_05_24",0,0,3.7e-24,0,1
"NADPH regeneration","C3_05_24",0,0,3.7e-24,0,1
"cellular response to dsRNA","C3_05_24",0,0,3.7e-24,0,1
"neuron projection organization","C3_05_24",0,0,3.7e-24,0,1
"postsynapse organization","C3_05_24",1,0,3.7e-24,1,0.3798
"regulation of ketone biosynthetic process","C3_05_24",0,0,3.7e-24,0,1
"mitochondrion distribution","C3_05_24",0,0,3.7e-24,0,1
"regulation of autophagosome maturation","C3_05_24",0,0,3.7e-24,0,1
"magnesium ion transmembrane transport","C3_05_24",0,0,3.7e-24,0,1
"regulation of cell division","C3_05_24",0,0,3.7e-24,0,1
"intermembrane lipid transfer","C3_05_24",0,0,3.7e-24,0,1
"organophosphate ester transport","C3_05_24",0,0,3.7e-24,0,1
"movement in host","C3_05_24",0,0,3.7e-24,0,1
"extracellular matrix assembly","C3_05_24",0,0,3.7e-24,0,1
"cellular metabolic compound salvage","C3_05_24",0,0,3.7e-24,0,1
"regulation of ATP-dependent activity","C3_05_24",0,0,3.7e-24,0,1
"cell migration involved in heart development","C3_05_24",0,0,3.7e-24,0,1
"cellular response to fluid shear stress","C3_05_24",0,0,3.7e-24,0,1
"sphingomyelin biosynthetic process","C3_05_24",0,0,3.7e-24,0,1
"ether lipid biosynthetic process","C3_05_24",0,0,3.7e-24,0,1
"embryonic body morphogenesis","C3_05_24",0,0,3.7e-24,0,1
"amino sugar biosynthetic process","C3_05_24",1,0,3.7e-24,1,0.0272
"glycerol ether biosynthetic process","C3_05_24",0,0,3.7e-24,0,1
"pigmentation","C3_05_24",0,0,3.7e-24,0,1
"cellular response to ketone","C3_05_24",1,0,3.7e-24,1,0.2212
"nonribosomal peptide biosynthetic process","C3_05_24",1,0,3.7e-24,1,0.0757
"glial cell apoptotic process","C3_05_24",0,0,3.7e-24,0,1
"lipoprotein catabolic process","C3_05_24",0,0,3.7e-24,0,1
"suppression of viral release by host","C3_05_24",0,0,3.7e-24,0,1
"chaperone-mediated autophagy","C3_05_24",0,0,3.7e-24,0,1
"regulation of steroid hormone biosynthetic process","C3_05_24",0,0,3.7e-24,0,1
"synaptic vesicle lumen acidification","C3_05_24",0,0,3.7e-24,0,1
"semaphorin-plexin signaling pathway involved in neuron projection guidance","C3_05_24",0,0,3.7e-24,0,1
"regulation of Golgi organization","C3_05_24",0,0,3.7e-24,0,1
"Schwann cell differentiation","C3_05_24",0,0,3.7e-24,0,1
"neurotrophin signaling pathway","C3_05_24",0,0,3.7e-24,0,1
"regulation of microtubule depolymerization","C3_05_24",0,0,3.7e-24,0,1
"basement membrane organization","C3_05_24",0,0,3.7e-24,0,1
"establishment or maintenance of epithelial cell apical/basal polarity","C3_05_24",0,0,3.7e-24,0,1
"face development","C3_05_24",0,0,3.7e-24,0,1
"osteoblast differentiation","C3_05_24",1,0,3.7e-24,1,0.414
"appendage development","C3_05_24",0,0,3.7e-24,0,1
"limb development","C3_05_24",1,0,3.7e-24,1,0.305
"regulation of ATP metabolic process","C3_05_24",0,0,3.7e-24,0,1
"developmental growth involved in morphogenesis","C3_05_24",1,0,3.7e-24,1,0.4203
"embryonic organ development","C3_05_24",3,1,3.7e-24,1,0.4616
"negative regulation of growth","C3_05_24",1,0,3.7e-24,1,0.4283
"microtubule depolymerization","C3_05_24",0,0,3.7e-24,0,1
"heme metabolic process","C3_05_24",0,0,3.7e-24,0,1
"regulation of neuron apoptotic process","C3_05_24",1,0,3.7e-24,1,0.3996
"plasma membrane tubulation","C3_05_24",0,0,3.7e-24,0,1
"exosomal secretion","C3_05_24",0,0,3.7e-24,0,1
"vasculogenesis","C3_05_24",0,0,3.7e-24,0,1
"toxin transport","C3_05_24",0,0,3.7e-24,0,1
"ncRNA processing","E1_08_16",5,6,3.7e-24,-0.222392421336448,0.6908
"ribosome biogenesis","E1_08_16",6,5,3.7e-24,0.222392421336448,0.8255
"rRNA metabolic process","E1_08_16",3,4,3.7e-24,-0.321928094887362,0.6376
"proteasome-mediated ubiquitin-dependent protein catabolic process","E1_08_16",8,7,3.7e-24,0.169925001442312,0.854
"regulation of response to DNA damage stimulus","E1_08_16",5,4,3.7e-24,0.263034405833794,0.81
"establishment of protein localization to organelle","E1_08_16",9,7,3.7e-24,0.321928094887362,0.5625
"macroautophagy","E1_08_16",8,5,3.7e-24,0.584962500721156,0.3922
"regulation of chromosome organization","E1_08_16",4,4,3.7e-24,0,1
"Golgi vesicle transport","E1_08_16",9,4,3.7e-24,1,0.1001
"double-strand break repair","E1_08_16",5,5,3.7e-24,0,1
"histone modification","E1_08_16",10,7,3.7e-24,0.459431618637297,0.3644
"sister chromatid segregation","E1_08_16",3,4,3.7e-24,-0.321928094887362,0.635
"DNA replication","E1_08_16",5,5,3.7e-24,0,1
"chromosome segregation","E1_08_16",9,6,3.7e-24,0.514573172829758,0.3182
"mitochondrial gene expression","E1_08_16",1,3,3.7e-24,-1,0.2397
"nucleocytoplasmic transport","E1_08_16",0,5,3.7e-24,-2.58496250072116,0.0091
"nuclear transport","E1_08_16",5,5,3.7e-24,0,1
"regulation of DNA repair","E1_08_16",4,3,3.7e-24,0.321928094887362,0.7761
"peptidyl-lysine modification","E1_08_16",3,5,3.7e-24,-0.584962500721156,0.3184
"protein targeting","E1_08_16",6,5,3.7e-24,0.222392421336448,0.8232
"cytoplasmic translation","E1_08_16",2,2,3.7e-24,0,1
"regulation of autophagy","E1_08_16",6,5,3.7e-24,0.222392421336448,0.8264
"signal transduction in response to DNA damage","E1_08_16",4,3,3.7e-24,0.321928094887362,0.7732
"regulation of intracellular transport","E1_08_16",4,5,3.7e-24,-0.263034405833794,0.6917
"protein localization to nucleus","E1_08_16",1,5,3.7e-24,-1.58496250072116,0.0442
"microtubule cytoskeleton organization involved in mitosis","E1_08_16",2,3,3.7e-24,-0.415037499278844,0.6145
"telomere maintenance","E1_08_16",3,3,3.7e-24,0,1
"cell cycle checkpoint signaling","E1_08_16",2,3,3.7e-24,-0.415037499278844,0.615
"regulation of protein modification by small protein conjugation or removal","E1_08_16",1,4,3.7e-24,-1.32192809488736,0.0805
"cellular respiration","E1_08_16",1,3,3.7e-24,-1,0.2002
"cellular component disassembly","E1_08_16",9,6,3.7e-24,0.514573172829758,0.3258
"nuclear chromosome segregation","E1_08_16",8,5,3.7e-24,0.584962500721156,0.3912
"regulation of protein stability","E1_08_16",9,4,3.7e-24,1,0.1076
"regulation of cell cycle phase transition","E1_08_16",2,6,3.7e-24,-1.22239242133645,0.0394
"regulation of protein catabolic process","E1_08_16",6,5,3.7e-24,0.222392421336448,0.8254
"response to endoplasmic reticulum stress","E1_08_16",2,3,3.7e-24,-0.415037499278844,0.5966
"vesicle organization","E1_08_16",2,5,3.7e-24,-1,0.1225
"mitochondrial respiratory chain complex assembly","E1_08_16",1,2,3.7e-24,-0.584962500721156,0.5612
"DNA-templated transcription elongation","E1_08_16",0,2,3.7e-24,-1.58496250072116,0.1131
"mitochondrial transport","E1_08_16",1,3,3.7e-24,-1,0.2113
"establishment of organelle localization","E1_08_16",4,7,3.7e-24,-0.678071905112638,0.2394
"regulation of intracellular protein transport","E1_08_16",3,3,3.7e-24,0,1
"response to UV","E1_08_16",1,2,3.7e-24,-0.584962500721156,0.5251
"RNA localization","E1_08_16",3,3,3.7e-24,0,1
"response to topologically incorrect protein","E1_08_16",5,2,3.7e-24,1,0.1949
"organelle fission","E1_08_16",4,7,3.7e-24,-0.678071905112638,0.2422
"non-membrane-bounded organelle assembly","E1_08_16",3,5,3.7e-24,-0.584962500721156,0.3208
"protein polyubiquitination","E1_08_16",4,4,3.7e-24,0,1
"methylation","E1_08_16",3,5,3.7e-24,-0.584962500721156,0.3207
"phospholipid biosynthetic process","E1_08_16",4,3,3.7e-24,0.321928094887362,0.7872
"oxidative phosphorylation","E1_08_16",2,2,3.7e-24,0,1
"establishment of protein localization to membrane","E1_08_16",3,4,3.7e-24,-0.321928094887362,0.6484
"in utero embryonic development","E1_08_16",5,5,3.7e-24,0,1
"vacuole organization","E1_08_16",1,3,3.7e-24,-1,0.2274
"nuclear-transcribed mRNA catabolic process","E1_08_16",3,2,3.7e-24,0.415037499278844,0.7336
"protein folding","E1_08_16",2,3,3.7e-24,-0.415037499278844,0.5847
"DNA conformation change","E1_08_16",1,1,3.7e-24,0,1
"regulation of chromosome segregation","E1_08_16",0,2,3.7e-24,-1.58496250072116,0.1686
"regulation of apoptotic signaling pathway","E1_08_16",6,6,3.7e-24,0,1
"cell cycle G2/M phase transition","E1_08_16",1,2,3.7e-24,-0.584962500721156,0.5424
"vacuolar transport","E1_08_16",1,2,3.7e-24,-0.584962500721156,0.5346
"response to ionizing radiation","E1_08_16",5,2,3.7e-24,1,0.1871
"cellular response to UV","E1_08_16",2,1,3.7e-24,0.584962500721156,0.6735
"regulation of binding","E1_08_16",3,5,3.7e-24,-0.584962500721156,0.3229
"nucleic acid transport","E1_08_16",2,3,3.7e-24,-0.415037499278844,0.6361
"RNA transport","E1_08_16",2,2,3.7e-24,0,1
"ribonucleoprotein complex subunit organization","E1_08_16",4,4,3.7e-24,0,1
"regulation of DNA replication","E1_08_16",1,2,3.7e-24,-0.584962500721156,0.5315
"ribose phosphate metabolic process","E1_08_16",4,6,3.7e-24,-0.485426827170242,0.4289
"proton motive force-driven ATP synthesis","E1_08_16",2,1,3.7e-24,0.584962500721156,0.6398
"ribonucleotide metabolic process","E1_08_16",2,6,3.7e-24,-1.22239242133645,0.066
"telomere organization","E1_08_16",2,3,3.7e-24,-0.415037499278844,0.6289
"cellular response to topologically incorrect protein","E1_08_16",0,2,3.7e-24,-1.58496250072116,0.1311
"Golgi organization","E1_08_16",4,2,3.7e-24,0.736965594166206,0.341
"ribonucleoprotein complex assembly","E1_08_16",3,3,3.7e-24,0,1
"cellular nitrogen compound catabolic process","E1_08_16",3,6,3.7e-24,-0.807354922057604,0.1508
"negative regulation of phosphorus metabolic process","E1_08_16",6,6,3.7e-24,0,1
"heterocycle catabolic process","E1_08_16",6,6,3.7e-24,0,1
"mitochondrial membrane organization","E1_08_16",1,2,3.7e-24,-0.584962500721156,0.5851
"regulation of protein-containing complex assembly","E1_08_16",4,5,3.7e-24,-0.263034405833794,0.6741
"positive regulation of cellular component biogenesis","E1_08_16",4,7,3.7e-24,-0.678071905112638,0.2287
"response to oxidative stress","E1_08_16",4,6,3.7e-24,-0.485426827170242,0.4407
"regulation of supramolecular fiber organization","E1_08_16",8,5,3.7e-24,0.584962500721156,0.3927
"positive regulation of protein localization","E1_08_16",6,6,3.7e-24,0,1
"positive regulation of cell projection organization","E1_08_16",1,5,3.7e-24,-1.58496250072116,0.0286
"negative regulation of transferase activity","E1_08_16",4,4,3.7e-24,0,1
"autophagy of mitochondrion","E1_08_16",2,1,3.7e-24,0.584962500721156,0.686
"positive regulation of amide metabolic process","E1_08_16",2,2,3.7e-24,0,1
"chromatin remodeling","E1_08_16",5,5,3.7e-24,0,1
"viral process","E1_08_16",7,6,3.7e-24,0.192645077942396,0.8386
"macromolecule deacylation","E1_08_16",1,2,3.7e-24,-0.584962500721156,0.5898
"mitotic cytokinesis","E1_08_16",2,2,3.7e-24,0,1
"aromatic compound catabolic process","E1_08_16",7,6,3.7e-24,0.192645077942396,0.8394
"vesicle localization","E1_08_16",3,3,3.7e-24,0,1
"establishment or maintenance of cell polarity","E1_08_16",4,3,3.7e-24,0.321928094887362,0.7832
"Wnt signaling pathway","E1_08_16",5,6,3.7e-24,-0.222392421336448,0.712
"cell-cell signaling by wnt","E1_08_16",8,6,3.7e-24,0.362570079384708,0.5419
"ATP metabolic process","E1_08_16",4,3,3.7e-24,0.321928094887362,0.78
"cellular response to chemical stress","E1_08_16",2,5,3.7e-24,-1,0.1563
"regulation of vacuole organization","E1_08_16",1,0,3.7e-24,1,0.4409
"cellular response to external stimulus","E1_08_16",2,5,3.7e-24,-1,0.1281
"negative regulation of protein phosphorylation","E1_08_16",6,5,3.7e-24,0.222392421336448,0.8245
"negative regulation of catabolic process","E1_08_16",1,4,3.7e-24,-1.32192809488736,0.0864
"regulation of microtubule cytoskeleton organization","E1_08_16",0,2,3.7e-24,-1.58496250072116,0.1319
"chromosome localization","E1_08_16",2,1,3.7e-24,0.584962500721156,0.6829
"negative regulation of mitotic nuclear division","E1_08_16",0,1,3.7e-24,-1,0.452
"regulation of actin filament organization","E1_08_16",7,4,3.7e-24,0.678071905112638,0.3636
"dephosphorylation","E1_08_16",4,4,3.7e-24,0,1
"glycosylation","E1_08_16",2,3,3.7e-24,-0.415037499278844,0.584
"positive regulation of establishment of protein localization","E1_08_16",3,4,3.7e-24,-0.321928094887362,0.6371
"regulation of microtubule-based process","E1_08_16",6,3,3.7e-24,0.807354922057604,0.2778
"cell-substrate junction organization","E1_08_16",3,1,3.7e-24,1,0.4199
"protein-containing complex localization","E1_08_16",0,3,3.7e-24,-2,0.0721
"mitochondrial transmembrane transport","E1_08_16",2,1,3.7e-24,0.584962500721156,0.6505
"stem cell population maintenance","E1_08_16",1,2,3.7e-24,-0.584962500721156,0.5334
"ribosome assembly","E1_08_16",0,1,3.7e-24,-1,0.5023
"intraciliary transport","E1_08_16",1,1,3.7e-24,0,1
"Golgi to plasma membrane protein transport","E1_08_16",0,0,3.7e-24,0,1
"response to amino acid starvation","E1_08_16",1,0,3.7e-24,1,0.4821
"cellular response to extracellular stimulus","E1_08_16",2,3,3.7e-24,-0.415037499278844,0.6006
"cell growth","E1_08_16",5,6,3.7e-24,-0.222392421336448,0.6999
"protein glycosylation","E1_08_16",2,3,3.7e-24,-0.415037499278844,0.604
"macromolecule glycosylation","E1_08_16",2,3,3.7e-24,-0.415037499278844,0.598
"maintenance of cell number","E1_08_16",2,3,3.7e-24,-0.415037499278844,0.609
"response to reactive oxygen species","E1_08_16",2,2,3.7e-24,0,1
"regulation of cell morphogenesis","E1_08_16",3,3,3.7e-24,0,1
"regulation of cellular component size","E1_08_16",5,5,3.7e-24,0,1
"cell-substrate junction assembly","E1_08_16",1,1,3.7e-24,0,1
"membrane fission","E1_08_16",0,0,3.7e-24,0,1
"membrane docking","E1_08_16",1,1,3.7e-24,0,1
"fibroblast migration","E1_08_16",0,1,3.7e-24,-1,0.4507
"nucleus organization","E1_08_16",3,2,3.7e-24,0.415037499278844,0.7348
"regulation of cell growth","E1_08_16",11,5,3.7e-24,1,0.1186
"fibroblast proliferation","E1_08_16",1,2,3.7e-24,-0.584962500721156,0.5838
"cell cycle G1/S phase transition","E1_08_16",0,4,3.7e-24,-2.32192809488736,0.0207
"actin filament organization","E1_08_16",7,6,3.7e-24,0.192645077942396,0.8439
"response to oxygen levels","E1_08_16",2,4,3.7e-24,-0.736965594166206,0.2495
"epigenetic regulation of gene expression","E1_08_16",4,2,3.7e-24,0.736965594166206,0.2932
"organelle fusion","E1_08_16",3,2,3.7e-24,0.415037499278844,0.7405
"lipoprotein metabolic process","E1_08_16",1,2,3.7e-24,-0.584962500721156,0.5568
"protein lipidation","E1_08_16",2,1,3.7e-24,0.584962500721156,0.6601
"regulation of plasma membrane bounded cell projection assembly","E1_08_16",0,3,3.7e-24,-2,0.0487
"regulation of actin filament-based process","E1_08_16",8,5,3.7e-24,0.584962500721156,0.4035
"regulation of GTPase activity","E1_08_16",1,5,3.7e-24,-1.58496250072116,0.0477
"nuclear envelope organization","E1_08_16",0,1,3.7e-24,-1,0.4559
"protein autophosphorylation","E1_08_16",2,3,3.7e-24,-0.415037499278844,0.5906
"connective tissue development","E1_08_16",5,3,3.7e-24,0.584962500721156,0.4124
"cellular response to heat","E1_08_16",0,1,3.7e-24,-1,0.4475
"myeloid cell homeostasis","E1_08_16",2,2,3.7e-24,0,1
"regulation of neuron projection development","E1_08_16",4,6,3.7e-24,-0.485426827170242,0.4477
"receptor metabolic process","E1_08_16",0,1,3.7e-24,-1,0.4297
"maintenance of protein location in cell","E1_08_16",1,1,3.7e-24,0,1
"apoptotic mitochondrial changes","E1_08_16",2,1,3.7e-24,0.584962500721156,0.6906
"response to transforming growth factor beta","E1_08_16",2,4,3.7e-24,-0.736965594166206,0.3016
"neural tube development","E1_08_16",0,2,3.7e-24,-1.58496250072116,0.09
"maintenance of protein location","E1_08_16",2,1,3.7e-24,0.584962500721156,0.6529
"regulation of ubiquitin-protein transferase activity","E1_08_16",3,1,3.7e-24,1,0.4262
"cilium assembly","E1_08_16",3,4,3.7e-24,-0.321928094887362,0.6383
"mRNA export from nucleus","E1_08_16",0,1,3.7e-24,-1,0.4227
"regulation of cell-substrate junction organization","E1_08_16",1,1,3.7e-24,0,1
"membrane biogenesis","E1_08_16",0,1,3.7e-24,-1,0.4979
"cilium organization","E1_08_16",7,5,3.7e-24,0.415037499278844,0.5108
"platelet-derived growth factor receptor signaling pathway","E1_08_16",0,1,3.7e-24,-1,0.4644
"iron-sulfur cluster assembly","E1_08_16",0,0,3.7e-24,0,1
"metallo-sulfur cluster assembly","E1_08_16",1,0,3.7e-24,1,0.3619
"centromere complex assembly","E1_08_16",1,0,3.7e-24,1,0.4437
"cellular response to oxygen levels","E1_08_16",2,2,3.7e-24,0,1
"fatty acid beta-oxidation","E1_08_16",0,1,3.7e-24,-1,0.4109
"organelle localization by membrane tethering","E1_08_16",1,1,3.7e-24,0,1
"autophagosome maturation","E1_08_16",0,1,3.7e-24,-1,0.4989
"cellular response to transforming growth factor beta stimulus","E1_08_16",3,3,3.7e-24,0,1
"nucleotide catabolic process","E1_08_16",0,1,3.7e-24,-1,0.4727
"tube closure","E1_08_16",3,1,3.7e-24,1,0.4161
"regulation of stem cell differentiation","E1_08_16",0,1,3.7e-24,-1,0.4215
"substrate adhesion-dependent cell spreading","E1_08_16",2,1,3.7e-24,0.584962500721156,0.6618
"chondrocyte differentiation","E1_08_16",3,2,3.7e-24,0.415037499278844,0.7335
"regulation of fibroblast proliferation","E1_08_16",1,1,3.7e-24,0,1
"morphogenesis of an epithelial sheet","E1_08_16",1,1,3.7e-24,0,1
"microtubule polymerization","E1_08_16",2,1,3.7e-24,0.584962500721156,0.6346
"response to virus","E1_08_16",5,6,3.7e-24,-0.222392421336448,0.7055
"membrane assembly","E1_08_16",0,1,3.7e-24,-1,0.4465
"COPII vesicle coating","E1_08_16",0,0,3.7e-24,0,1
"erythrocyte differentiation","E1_08_16",1,2,3.7e-24,-0.584962500721156,0.5569
"organophosphate catabolic process","E1_08_16",1,2,3.7e-24,-0.584962500721156,0.5437
"regulation of embryonic development","E1_08_16",0,1,3.7e-24,-1,0.4145
"regulation of focal adhesion assembly","E1_08_16",0,1,3.7e-24,-1,0.4664
"regulation of cell-substrate junction assembly","E1_08_16",0,1,3.7e-24,-1,0.4675
"regulation of extracellular matrix organization","E1_08_16",1,1,3.7e-24,0,1
"GPI anchor biosynthetic process","E1_08_16",1,0,3.7e-24,1,0.3783
"lamellipodium organization","E1_08_16",0,1,3.7e-24,-1,0.405
"positive regulation of stem cell population maintenance","E1_08_16",0,0,3.7e-24,0,1
"monosaccharide metabolic process","E1_08_16",4,3,3.7e-24,0.321928094887362,0.7735
"U2-type prespliceosome assembly","E1_08_16",0,0,3.7e-24,0,1
"heterochromatin formation","E1_08_16",0,1,3.7e-24,-1,0.4142
"peroxisome organization","E1_08_16",0,0,3.7e-24,0,1
"regulation of mitochondrial fission","E1_08_16",0,0,3.7e-24,0,1
"cellular pigmentation","E1_08_16",1,1,3.7e-24,0,1
"regulation of fibroblast migration","E1_08_16",0,1,3.7e-24,-1,0.5049
"cellular carbohydrate metabolic process","E1_08_16",6,3,3.7e-24,0.807354922057604,0.2768
"positive regulation of axonogenesis","E1_08_16",1,1,3.7e-24,0,1
"kinetochore organization","E1_08_16",2,0,3.7e-24,1.58496250072116,0.0698
"stem cell differentiation","E1_08_16",0,3,3.7e-24,-2,0.0317
"proton transmembrane transport","E1_08_16",1,2,3.7e-24,-0.584962500721156,0.5426
"cellular response to insulin stimulus","E1_08_16",2,2,3.7e-24,0,1
"establishment of mitotic spindle localization","E1_08_16",1,0,3.7e-24,1,0.4332
"cell redox homeostasis","E1_08_16",2,0,3.7e-24,1.58496250072116,0.0709
"stress granule assembly","E1_08_16",0,0,3.7e-24,0,1
"protein neddylation","E1_08_16",2,0,3.7e-24,1.58496250072116,0.0881
"regulation of mitochondrial membrane potential","E1_08_16",2,1,3.7e-24,0.584962500721156,0.633
"neuron death","E1_08_16",4,5,3.7e-24,-0.263034405833794,0.6887
"defense response to virus","E1_08_16",1,4,3.7e-24,-1.32192809488736,0.0984
"sulfur compound metabolic process","E1_08_16",3,4,3.7e-24,-0.321928094887362,0.664
"NADP metabolic process","E1_08_16",1,1,3.7e-24,0,1
"vacuolar acidification","E1_08_16",0,0,3.7e-24,0,1
"oligosaccharide-lipid intermediate biosynthetic process","E1_08_16",0,0,3.7e-24,0,1
"lysosomal lumen acidification","E1_08_16",1,0,3.7e-24,1,0.3531
"glycosyl compound biosynthetic process","E1_08_16",0,0,3.7e-24,0,1
"heart valve development","E1_08_16",0,1,3.7e-24,-1,0.4213
"water-soluble vitamin metabolic process","E1_08_16",1,1,3.7e-24,0,1
"interferon-beta production","E1_08_16",1,1,3.7e-24,0,1
"regulation of interferon-beta production","E1_08_16",0,1,3.7e-24,-1,0.4478
"branched-chain amino acid metabolic process","E1_08_16",0,0,3.7e-24,0,1
"regulation of mitochondrial membrane permeability","E1_08_16",0,1,3.7e-24,-1,0.4571
"respiratory tube development","E1_08_16",1,2,3.7e-24,-0.584962500721156,0.5262
"cellular senescence","E1_08_16",1,1,3.7e-24,0,1
"positive regulation of neurogenesis","E1_08_16",2,3,3.7e-24,-0.415037499278844,0.5994
"mitochondrial outer membrane permeabilization","E1_08_16",0,0,3.7e-24,0,1
"immune system development","E1_08_16",0,2,3.7e-24,-1.58496250072116,0.0798
"clathrin-dependent endocytosis","E1_08_16",1,0,3.7e-24,1,0.4478
"positive regulation of viral process","E1_08_16",0,1,3.7e-24,-1,0.4918
"bone development","E1_08_16",0,3,3.7e-24,-2,0.0536
"cell-substrate adhesion","E1_08_16",2,4,3.7e-24,-0.736965594166206,0.2633
"positive regulation of microtubule polymerization","E1_08_16",2,0,3.7e-24,1.58496250072116,0.0599
"pteridine-containing compound metabolic process","E1_08_16",1,0,3.7e-24,1,0.4149
"response to arsenic-containing substance","E1_08_16",0,0,3.7e-24,0,1
"response to insulin","E1_08_16",3,4,3.7e-24,-0.321928094887362,0.6553
"ubiquinone metabolic process","E1_08_16",1,0,3.7e-24,1,0.2715
"cellular response to arsenic-containing substance","E1_08_16",0,0,3.7e-24,0,1
"inositol phosphate catabolic process","E1_08_16",0,0,3.7e-24,0,1
"telomerase RNA localization to Cajal body","E1_08_16",1,0,3.7e-24,1,0.2451
"respiratory system development","E1_08_16",3,3,3.7e-24,0,1
"regulation of generation of precursor metabolites and energy","E1_08_16",0,1,3.7e-24,-1,0.4181
"mitochondrial calcium ion homeostasis","E1_08_16",0,0,3.7e-24,0,1
"G0 to G1 transition","E1_08_16",1,1,3.7e-24,0,1
"mitochondrial genome maintenance","E1_08_16",0,0,3.7e-24,0,1
"release of cytochrome c from mitochondria","E1_08_16",1,1,3.7e-24,0,1
"cortical cytoskeleton organization","E1_08_16",1,0,3.7e-24,1,0.4315
"response to sterol depletion","E1_08_16",0,0,3.7e-24,0,1
"regulation of ncRNA transcription","E1_08_16",2,0,3.7e-24,1.58496250072116,0.0829
"mesenchymal cell differentiation","E1_08_16",1,3,3.7e-24,-1,0.2131
"protein-DNA complex subunit organization","E1_08_16",1,3,3.7e-24,-1,0.2259
"response to fluid shear stress","E1_08_16",0,0,3.7e-24,0,1
"collagen fibril organization","E1_08_16",1,1,3.7e-24,0,1
"roof of mouth development","E1_08_16",1,1,3.7e-24,0,1
"regulation of protein dephosphorylation","E1_08_16",2,1,3.7e-24,0.584962500721156,0.6357
"multicellular organism growth","E1_08_16",2,2,3.7e-24,0,1
"miRNA processing","E1_08_16",1,0,3.7e-24,1,0.4843
"small molecule catabolic process","E1_08_16",3,4,3.7e-24,-0.321928094887362,0.6431
"regulation of G0 to G1 transition","E1_08_16",1,1,3.7e-24,0,1
"circadian regulation of gene expression","E1_08_16",2,1,3.7e-24,0.584962500721156,0.6263
"regulation of translational fidelity","E1_08_16",0,0,3.7e-24,0,1
"ubiquinone biosynthetic process","E1_08_16",0,0,3.7e-24,0,1
"mitochondrial calcium ion transmembrane transport","E1_08_16",1,0,3.7e-24,1,0.2289
"quinone biosynthetic process","E1_08_16",0,0,3.7e-24,0,1
"viral release from host cell","E1_08_16",1,0,3.7e-24,1,0.4467
"exit from host cell","E1_08_16",0,0,3.7e-24,0,1
"positive regulation of GTPase activity","E1_08_16",2,3,3.7e-24,-0.415037499278844,0.6004
"regulation of cytokinesis","E1_08_16",1,1,3.7e-24,0,1
"mitochondrion localization","E1_08_16",0,1,3.7e-24,-1,0.4951
"renal system development","E1_08_16",5,4,3.7e-24,0.263034405833794,0.8084
"regulation of cysteine-type endopeptidase activity involved in apoptotic process","E1_08_16",7,3,3.7e-24,1,0.269
"regulation of cell-substrate adhesion","E1_08_16",5,3,3.7e-24,0.584962500721156,0.3746
"centrosome localization","E1_08_16",1,0,3.7e-24,1,0.4062
"microtubule organizing center localization","E1_08_16",1,0,3.7e-24,1,0.3513
"pinocytosis","E1_08_16",0,0,3.7e-24,0,1
"lamellipodium assembly","E1_08_16",2,1,3.7e-24,0.584962500721156,0.6472
"cellular response to sterol depletion","E1_08_16",0,0,3.7e-24,0,1
"placenta development","E1_08_16",1,2,3.7e-24,-0.584962500721156,0.5487
"rhythmic process","E1_08_16",5,4,3.7e-24,0.263034405833794,0.8034
"spindle localization","E1_08_16",0,1,3.7e-24,-1,0.4965
"carbohydrate derivative catabolic process","E1_08_16",1,2,3.7e-24,-0.584962500721156,0.5541
"response to amino acid","E1_08_16",1,1.5,3.7e-24,-0.321928094887362,0.7411
"regulation of intracellular steroid hormone receptor signaling pathway","E1_08_16",1,1,3.7e-24,0,1
"regulation of neuron death","E1_08_16",2,4,3.7e-24,-0.736965594166206,0.289
"ossification","E1_08_16",4,5,3.7e-24,-0.263034405833794,0.6838
"mammary gland epithelial cell proliferation","E1_08_16",1,0,3.7e-24,1,0.3943
"ribosomal subunit export from nucleus","E1_08_16",0,0,3.7e-24,0,1
"ribosome localization","E1_08_16",0,0,3.7e-24,0,1
"protein transport to vacuole involved in ubiquitin-dependent protein catabolic process via the multivesicular body sorting pathway","E1_08_16",0,0,3.7e-24,0,1
"seminiferous tubule development","E1_08_16",0,0,3.7e-24,0,1
"cellular response to acid chemical","E1_08_16",2,1,3.7e-24,0.584962500721156,0.6327
"positive regulation of kinase activity","E1_08_16",4,5,3.7e-24,-0.263034405833794,0.6665
"positive regulation by host of viral process","E1_08_16",0,0,3.7e-24,0,1
"mitochondrion morphogenesis","E1_08_16",0,0,3.7e-24,0,1
"regulation of establishment of cell polarity","E1_08_16",0,0,3.7e-24,0,1
"cellular lipid catabolic process","E1_08_16",1,2,3.7e-24,-0.584962500721156,0.5368
"neuron apoptotic process","E1_08_16",4,3,3.7e-24,0.321928094887362,0.7763
"inner cell mass cell proliferation","E1_08_16",0,0,3.7e-24,0,1
"polyamine biosynthetic process","E1_08_16",0,0,3.7e-24,0,1
"folic acid metabolic process","E1_08_16",0,0,3.7e-24,0,1
"organelle inheritance","E1_08_16",0,0,3.7e-24,0,1
"polyol metabolic process","E1_08_16",0,1,3.7e-24,-1,0.4152
"regulation of type I interferon-mediated signaling pathway","E1_08_16",0,0,3.7e-24,0,1
"intracellular lipid transport","E1_08_16",0,1,3.7e-24,-1,0.5261
"fat cell differentiation","E1_08_16",1,3,3.7e-24,-1,0.2126
"iron ion homeostasis","E1_08_16",1,1,3.7e-24,0,1
"negative regulation of cell projection organization","E1_08_16",1,3,3.7e-24,-1,0.2634
"dicarboxylic acid metabolic process","E1_08_16",1,1,3.7e-24,0,1
"regulation of anatomical structure size","E1_08_16",3,7,3.7e-24,-1,0.1072
"regulation of small molecule metabolic process","E1_08_16",6,4,3.7e-24,0.485426827170242,0.4424
"pentose-phosphate shunt","E1_08_16",0,0,3.7e-24,0,1
"pericardium development","E1_08_16",0,0,3.7e-24,0,1
"lysosomal protein catabolic process","E1_08_16",0,0,3.7e-24,0,1
"carbohydrate derivative transport","E1_08_16",0,1,3.7e-24,-1,0.4629
"alcohol biosynthetic process","E1_08_16",2,2,3.7e-24,0,1
"regulation of membrane permeability","E1_08_16",1,1,3.7e-24,0,1
"signal peptide processing","E1_08_16",2,0,3.7e-24,1.58496250072116,0.0161
"UV-damage excision repair","E1_08_16",0,0,3.7e-24,0,1
"biological process involved in interaction with host","E1_08_16",2,2,3.7e-24,0,1
"body morphogenesis","E1_08_16",0,0,3.7e-24,0,1
"extracellular vesicle biogenesis","E1_08_16",0,0,3.7e-24,0,1
"negative regulation of defense response to virus","E1_08_16",0,0,3.7e-24,0,1
"aminoglycan biosynthetic process","E1_08_16",0,1,3.7e-24,-1,0.4599
"sterol biosynthetic process","E1_08_16",0,1,3.7e-24,-1,0.5195
"polyamine metabolic process","E1_08_16",0,0,3.7e-24,0,1
"magnesium ion transport","E1_08_16",1,0,3.7e-24,1,0.2805
"lamellipodium morphogenesis","E1_08_16",0,0,3.7e-24,0,1
"positive regulation of neuron migration","E1_08_16",1,0,3.7e-24,1,0.219
"regulation of glucose metabolic process","E1_08_16",0,1,3.7e-24,-1,0.4099
"monosaccharide biosynthetic process","E1_08_16",0,1,3.7e-24,-1,0.4235
"response to acid chemical","E1_08_16",2,2,3.7e-24,0,1
"regulation of carbohydrate metabolic process","E1_08_16",1,2,3.7e-24,-0.584962500721156,0.5437
"positive regulation of nervous system development","E1_08_16",2,3,3.7e-24,-0.415037499278844,0.5981
"regulation of circadian rhythm","E1_08_16",2,1,3.7e-24,0.584962500721156,0.6659
"trabecula morphogenesis","E1_08_16",0,1,3.7e-24,-1,0.5279
"pigment accumulation","E1_08_16",0,0,3.7e-24,0,1
"cellular pigment accumulation","E1_08_16",0,0,3.7e-24,0,1
"regulation of pinocytosis","E1_08_16",0,0,3.7e-24,0,1
"regulation of ligase activity","E1_08_16",0,0,3.7e-24,0,1
"smoothened signaling pathway involved in dorsal/ventral neural tube patterning","E1_08_16",0,0,3.7e-24,0,1
"glycosyl compound metabolic process","E1_08_16",2,1,3.7e-24,0.584962500721156,0.6429
"substantia nigra development","E1_08_16",0,1,3.7e-24,-1,0.5228
"negative regulation of GTPase activity","E1_08_16",0,0,3.7e-24,0,1
"axon extension","E1_08_16",0,1,3.7e-24,-1,0.404
"positive regulation of epithelial to mesenchymal transition","E1_08_16",0,1,3.7e-24,-1,0.4587
"one-carbon metabolic process","E1_08_16",0,0,3.7e-24,0,1
"NADPH regeneration","E1_08_16",0,0,3.7e-24,0,1
"cellular response to dsRNA","E1_08_16",0,0,3.7e-24,0,1
"neuron projection organization","E1_08_16",0,1,3.7e-24,-1,0.4176
"postsynapse organization","E1_08_16",0,2,3.7e-24,-1.58496250072116,0.0808
"regulation of ketone biosynthetic process","E1_08_16",0,0,3.7e-24,0,1
"mitochondrion distribution","E1_08_16",0,0,3.7e-24,0,1
"regulation of autophagosome maturation","E1_08_16",0,0,3.7e-24,0,1
"magnesium ion transmembrane transport","E1_08_16",0,0,3.7e-24,0,1
"regulation of cell division","E1_08_16",3,2,3.7e-24,0.415037499278844,0.7528
"intermembrane lipid transfer","E1_08_16",0,1,3.7e-24,-1,0.5189
"organophosphate ester transport","E1_08_16",0,2,3.7e-24,-1.58496250072116,0.1349
"movement in host","E1_08_16",0,2,3.7e-24,-1.58496250072116,0.0933
"extracellular matrix assembly","E1_08_16",0,0,3.7e-24,0,1
"cellular metabolic compound salvage","E1_08_16",0,0,3.7e-24,0,1
"regulation of ATP-dependent activity","E1_08_16",1,1,3.7e-24,0,1
"cell migration involved in heart development","E1_08_16",0,0,3.7e-24,0,1
"cellular response to fluid shear stress","E1_08_16",0,0,3.7e-24,0,1
"sphingomyelin biosynthetic process","E1_08_16",0,0,3.7e-24,0,1
"ether lipid biosynthetic process","E1_08_16",0,0,3.7e-24,0,1
"embryonic body morphogenesis","E1_08_16",0,0,3.7e-24,0,1
"amino sugar biosynthetic process","E1_08_16",0,0,3.7e-24,0,1
"glycerol ether biosynthetic process","E1_08_16",0,0,3.7e-24,0,1
"pigmentation","E1_08_16",2,1,3.7e-24,0.584962500721156,0.6777
"cellular response to ketone","E1_08_16",1,1,3.7e-24,0,1
"nonribosomal peptide biosynthetic process","E1_08_16",0,0,3.7e-24,0,1
"glial cell apoptotic process","E1_08_16",0,0,3.7e-24,0,1
"lipoprotein catabolic process","E1_08_16",0,0,3.7e-24,0,1
"suppression of viral release by host","E1_08_16",0,0,3.7e-24,0,1
"chaperone-mediated autophagy","E1_08_16",0,0,3.7e-24,0,1
"regulation of steroid hormone biosynthetic process","E1_08_16",0,0,3.7e-24,0,1
"synaptic vesicle lumen acidification","E1_08_16",1,0,3.7e-24,1,0.3665
"semaphorin-plexin signaling pathway involved in neuron projection guidance","E1_08_16",0,0,3.7e-24,0,1
"regulation of Golgi organization","E1_08_16",0,0,3.7e-24,0,1
"Schwann cell differentiation","E1_08_16",0,0,3.7e-24,0,1
"neurotrophin signaling pathway","E1_08_16",1,0,3.7e-24,1,0.3295
"regulation of microtubule depolymerization","E1_08_16",0,0,3.7e-24,0,1
"basement membrane organization","E1_08_16",0,0,3.7e-24,0,1
"establishment or maintenance of epithelial cell apical/basal polarity","E1_08_16",1,1,3.7e-24,0,1
"face development","E1_08_16",2,1,3.7e-24,0.584962500721156,0.6365
"osteoblast differentiation","E1_08_16",1,3,3.7e-24,-1,0.2189
"appendage development","E1_08_16",0,2,3.7e-24,-1.58496250072116,0.0968
"limb development","E1_08_16",2,2,3.7e-24,0,1
"regulation of ATP metabolic process","E1_08_16",1,1,3.7e-24,0,1
"developmental growth involved in morphogenesis","E1_08_16",2,3,3.7e-24,-0.415037499278844,0.5924
"embryonic organ development","E1_08_16",7,6,3.7e-24,0.192645077942396,0.8391
"negative regulation of growth","E1_08_16",2,3,3.7e-24,-0.415037499278844,0.5938
"microtubule depolymerization","E1_08_16",1,0,3.7e-24,1,0.408
"heme metabolic process","E1_08_16",0,0,3.7e-24,0,1
"regulation of neuron apoptotic process","E1_08_16",4,3,3.7e-24,0.321928094887362,0.775
"plasma membrane tubulation","E1_08_16",0,0,3.7e-24,0,1
"exosomal secretion","E1_08_16",0,0,3.7e-24,0,1
"vasculogenesis","E1_08_16",0,1,3.7e-24,-1,0.4194
"toxin transport","E1_08_16",0,0,3.7e-24,0,1
"ncRNA processing","E2_06_14",7,7,3.7e-24,0,1
"ribosome biogenesis","E2_06_14",2,5,3.7e-24,-1,0.1104
"rRNA metabolic process","E2_06_14",3,5,3.7e-24,-0.584962500721156,0.3375
"proteasome-mediated ubiquitin-dependent protein catabolic process","E2_06_14",10,7,3.7e-24,0.459431618637297,0.3435
"regulation of response to DNA damage stimulus","E2_06_14",4,5,3.7e-24,-0.263034405833794,0.6779
"establishment of protein localization to organelle","E2_06_14",6,7,3.7e-24,-0.192645077942396,0.7103
"macroautophagy","E2_06_14",4,6,3.7e-24,-0.485426827170242,0.4388
"regulation of chromosome organization","E2_06_14",1,4,3.7e-24,-1.32192809488736,0.0843
"Golgi vesicle transport","E2_06_14",6,5,3.7e-24,0.222392421336448,0.8292
"double-strand break repair","E2_06_14",9,5,3.7e-24,0.736965594166206,0.1864
"histone modification","E2_06_14",12,8,3.7e-24,0.53051471669878,0.3151
"sister chromatid segregation","E2_06_14",4,4,3.7e-24,0,1
"DNA replication","E2_06_14",4,4,3.7e-24,0,1
"chromosome segregation","E2_06_14",6,6,3.7e-24,0,1
"mitochondrial gene expression","E2_06_14",4,3,3.7e-24,0.321928094887362,0.7808
"nucleocytoplasmic transport","E2_06_14",4,5,3.7e-24,-0.263034405833794,0.6815
"nuclear transport","E2_06_14",2,5,3.7e-24,-1,0.1498
"regulation of DNA repair","E2_06_14",2,3,3.7e-24,-0.415037499278844,0.6039
"peptidyl-lysine modification","E2_06_14",3,5,3.7e-24,-0.584962500721156,0.3012
"protein targeting","E2_06_14",9,5,3.7e-24,0.736965594166206,0.1926
"cytoplasmic translation","E2_06_14",4,2,3.7e-24,0.736965594166206,0.3137
"regulation of autophagy","E2_06_14",1,5,3.7e-24,-1.58496250072116,0.0278
"signal transduction in response to DNA damage","E2_06_14",4,3,3.7e-24,0.321928094887362,0.7814
"regulation of intracellular transport","E2_06_14",6,5,3.7e-24,0.222392421336448,0.8251
"protein localization to nucleus","E2_06_14",8,4,3.7e-24,0.84799690655495,0.1501
"microtubule cytoskeleton organization involved in mitosis","E2_06_14",0,2,3.7e-24,-1.58496250072116,0.0795
"telomere maintenance","E2_06_14",4,2,3.7e-24,0.736965594166206,0.3457
"cell cycle checkpoint signaling","E2_06_14",1,3,3.7e-24,-1,0.2065
"regulation of protein modification by small protein conjugation or removal","E2_06_14",4,4,3.7e-24,0,1
"cellular respiration","E2_06_14",3,3,3.7e-24,0,1
"cellular component disassembly","E2_06_14",5,7,3.7e-24,-0.415037499278844,0.4685
"nuclear chromosome segregation","E2_06_14",6,5,3.7e-24,0.222392421336448,0.8259
"regulation of protein stability","E2_06_14",3,5,3.7e-24,-0.584962500721156,0.3241
"regulation of cell cycle phase transition","E2_06_14",4,6,3.7e-24,-0.485426827170242,0.4312
"regulation of protein catabolic process","E2_06_14",4,5,3.7e-24,-0.263034405833794,0.6658
"response to endoplasmic reticulum stress","E2_06_14",2,4,3.7e-24,-0.736965594166206,0.3
"vesicle organization","E2_06_14",7,5,3.7e-24,0.415037499278844,0.5157
"mitochondrial respiratory chain complex assembly","E2_06_14",1,2,3.7e-24,-0.584962500721156,0.5734
"DNA-templated transcription elongation","E2_06_14",1,2,3.7e-24,-0.584962500721156,0.5667
"mitochondrial transport","E2_06_14",2,3,3.7e-24,-0.415037499278844,0.601
"establishment of organelle localization","E2_06_14",7,7,3.7e-24,0,1
"regulation of intracellular protein transport","E2_06_14",2,4,3.7e-24,-0.736965594166206,0.3179
"response to UV","E2_06_14",0,3,3.7e-24,-2,0.0611
"RNA localization","E2_06_14",1,3,3.7e-24,-1,0.2254
"response to topologically incorrect protein","E2_06_14",3,2,3.7e-24,0.415037499278844,0.7434
"organelle fission","E2_06_14",8,7,3.7e-24,0.169925001442312,0.8521
"non-membrane-bounded organelle assembly","E2_06_14",3,6,3.7e-24,-0.807354922057604,0.1522
"protein polyubiquitination","E2_06_14",1,4,3.7e-24,-1.32192809488736,0.0638
"methylation","E2_06_14",2,5,3.7e-24,-1,0.1144
"phospholipid biosynthetic process","E2_06_14",6,4,3.7e-24,0.485426827170242,0.4533
"oxidative phosphorylation","E2_06_14",1,2,3.7e-24,-0.584962500721156,0.5455
"establishment of protein localization to membrane","E2_06_14",7,4,3.7e-24,0.678071905112638,0.3434
"in utero embryonic development","E2_06_14",3,6,3.7e-24,-0.807354922057604,0.1519
"vacuole organization","E2_06_14",1,3,3.7e-24,-1,0.2189
"nuclear-transcribed mRNA catabolic process","E2_06_14",1,2,3.7e-24,-0.584962500721156,0.547
"protein folding","E2_06_14",3,3,3.7e-24,0,1
"DNA conformation change","E2_06_14",1,1,3.7e-24,0,1
"regulation of chromosome segregation","E2_06_14",3,2,3.7e-24,0.415037499278844,0.7307
"regulation of apoptotic signaling pathway","E2_06_14",6,6,3.7e-24,0,1
"cell cycle G2/M phase transition","E2_06_14",1,2,3.7e-24,-0.584962500721156,0.5239
"vacuolar transport","E2_06_14",2,2,3.7e-24,0,1
"response to ionizing radiation","E2_06_14",0,2,3.7e-24,-1.58496250072116,0.1093
"cellular response to UV","E2_06_14",2,1,3.7e-24,0.584962500721156,0.686
"regulation of binding","E2_06_14",7,5,3.7e-24,0.415037499278844,0.5086
"nucleic acid transport","E2_06_14",3,2,3.7e-24,0.415037499278844,0.7366
"RNA transport","E2_06_14",1,2,3.7e-24,-0.584962500721156,0.5373
"ribonucleoprotein complex subunit organization","E2_06_14",8,4,3.7e-24,0.84799690655495,0.1482
"regulation of DNA replication","E2_06_14",2,2,3.7e-24,0,1
"ribose phosphate metabolic process","E2_06_14",6,7,3.7e-24,-0.192645077942396,0.7181
"proton motive force-driven ATP synthesis","E2_06_14",0,1,3.7e-24,-1,0.4178
"ribonucleotide metabolic process","E2_06_14",2,6,3.7e-24,-1.22239242133645,0.0517
"telomere organization","E2_06_14",0,3,3.7e-24,-2,0.0494
"cellular response to topologically incorrect protein","E2_06_14",1,2,3.7e-24,-0.584962500721156,0.539
"Golgi organization","E2_06_14",1,3,3.7e-24,-1,0.2697
"ribonucleoprotein complex assembly","E2_06_14",3,3,3.7e-24,0,1
"cellular nitrogen compound catabolic process","E2_06_14",5,7,3.7e-24,-0.415037499278844,0.4704
"negative regulation of phosphorus metabolic process","E2_06_14",6,6,3.7e-24,0,1
"heterocycle catabolic process","E2_06_14",3,7,3.7e-24,-1,0.1012
"mitochondrial membrane organization","E2_06_14",0,2,3.7e-24,-1.58496250072116,0.1836
"regulation of protein-containing complex assembly","E2_06_14",3,5,3.7e-24,-0.584962500721156,0.3082
"positive regulation of cellular component biogenesis","E2_06_14",4,7,3.7e-24,-0.678071905112638,0.2219
"response to oxidative stress","E2_06_14",6,6,3.7e-24,0,1
"regulation of supramolecular fiber organization","E2_06_14",4,6,3.7e-24,-0.485426827170242,0.4516
"positive regulation of protein localization","E2_06_14",6,6,3.7e-24,0,1
"positive regulation of cell projection organization","E2_06_14",5,5,3.7e-24,0,1
"negative regulation of transferase activity","E2_06_14",3,4,3.7e-24,-0.321928094887362,0.6344
"autophagy of mitochondrion","E2_06_14",0,2,3.7e-24,-1.58496250072116,0.1576
"positive regulation of amide metabolic process","E2_06_14",0,2,3.7e-24,-1.58496250072116,0.0672
"chromatin remodeling","E2_06_14",2,6,3.7e-24,-1.22239242133645,0.0693
"viral process","E2_06_14",9,6,3.7e-24,0.514573172829758,0.3132
"macromolecule deacylation","E2_06_14",3,2,3.7e-24,0.415037499278844,0.7268
"mitotic cytokinesis","E2_06_14",0,2,3.7e-24,-1.58496250072116,0.1825
"aromatic compound catabolic process","E2_06_14",3,7,3.7e-24,-1,0.0941
"vesicle localization","E2_06_14",3,3,3.7e-24,0,1
"establishment or maintenance of cell polarity","E2_06_14",2,3,3.7e-24,-0.415037499278844,0.5928
"Wnt signaling pathway","E2_06_14",6,6,3.7e-24,0,1
"cell-cell signaling by wnt","E2_06_14",6,6,3.7e-24,0,1
"ATP metabolic process","E2_06_14",4,3,3.7e-24,0.321928094887362,0.7807
"cellular response to chemical stress","E2_06_14",1,5,3.7e-24,-1.58496250072116,0.0503
"regulation of vacuole organization","E2_06_14",0,1,3.7e-24,-1,0.5156
"cellular response to external stimulus","E2_06_14",5,5,3.7e-24,0,1
"negative regulation of protein phosphorylation","E2_06_14",6,5,3.7e-24,0.222392421336448,0.8273
"negative regulation of catabolic process","E2_06_14",10,4,3.7e-24,1.13750352374994,0.08
"regulation of microtubule cytoskeleton organization","E2_06_14",5,2,3.7e-24,1,0.1862
"chromosome localization","E2_06_14",3,1,3.7e-24,1,0.4092
"negative regulation of mitotic nuclear division","E2_06_14",1,1,3.7e-24,0,1
"regulation of actin filament organization","E2_06_14",4,4,3.7e-24,0,1
"dephosphorylation","E2_06_14",5,5,3.7e-24,0,1
"glycosylation","E2_06_14",3,3,3.7e-24,0,1
"positive regulation of establishment of protein localization","E2_06_14",4,4,3.7e-24,0,1
"regulation of microtubule-based process","E2_06_14",4,3,3.7e-24,0.321928094887362,0.7724
"cell-substrate junction organization","E2_06_14",3,1,3.7e-24,1,0.4125
"protein-containing complex localization","E2_06_14",3,3,3.7e-24,0,1
"mitochondrial transmembrane transport","E2_06_14",0,1,3.7e-24,-1,0.4135
"stem cell population maintenance","E2_06_14",3,3,3.7e-24,0,1
"ribosome assembly","E2_06_14",1,1,3.7e-24,0,1
"intraciliary transport","E2_06_14",0,1,3.7e-24,-1,0.516
"Golgi to plasma membrane protein transport","E2_06_14",0,0,3.7e-24,0,1
"response to amino acid starvation","E2_06_14",1,1,3.7e-24,0,1
"cellular response to extracellular stimulus","E2_06_14",1,3,3.7e-24,-1,0.2008
"cell growth","E2_06_14",7,6,3.7e-24,0.192645077942396,0.8433
"protein glycosylation","E2_06_14",4,3,3.7e-24,0.321928094887362,0.7752
"macromolecule glycosylation","E2_06_14",3,3,3.7e-24,0,1
"maintenance of cell number","E2_06_14",2,3,3.7e-24,-0.415037499278844,0.6047
"response to reactive oxygen species","E2_06_14",3,3,3.7e-24,0,1
"regulation of cell morphogenesis","E2_06_14",1,4,3.7e-24,-1.32192809488736,0.1014
"regulation of cellular component size","E2_06_14",7,5,3.7e-24,0.415037499278844,0.5206
"cell-substrate junction assembly","E2_06_14",2,1,3.7e-24,0.584962500721156,0.6577
"membrane fission","E2_06_14",1,1,3.7e-24,0,1
"membrane docking","E2_06_14",1,1,3.7e-24,0,1
"fibroblast migration","E2_06_14",0,1,3.7e-24,-1,0.4659
"nucleus organization","E2_06_14",1,2,3.7e-24,-0.584962500721156,0.5265
"regulation of cell growth","E2_06_14",8,6,3.7e-24,0.362570079384708,0.54
"fibroblast proliferation","E2_06_14",3,2,3.7e-24,0.415037499278844,0.7289
"cell cycle G1/S phase transition","E2_06_14",5,4,3.7e-24,0.263034405833794,0.8117
"actin filament organization","E2_06_14",8,7,3.7e-24,0.169925001442312,0.8454
"response to oxygen levels","E2_06_14",4,5,3.7e-24,-0.263034405833794,0.6897
"epigenetic regulation of gene expression","E2_06_14",3,2,3.7e-24,0.415037499278844,0.7351
"organelle fusion","E2_06_14",0,2,3.7e-24,-1.58496250072116,0.0898
"lipoprotein metabolic process","E2_06_14",4,2,3.7e-24,0.736965594166206,0.277
"protein lipidation","E2_06_14",1,1,3.7e-24,0,1
"regulation of plasma membrane bounded cell projection assembly","E2_06_14",1,3,3.7e-24,-1,0.2284
"regulation of actin filament-based process","E2_06_14",2,5,3.7e-24,-1,0.1281
"regulation of GTPase activity","E2_06_14",3,5,3.7e-24,-0.584962500721156,0.3161
"nuclear envelope organization","E2_06_14",1,1,3.7e-24,0,1
"protein autophosphorylation","E2_06_14",4,3,3.7e-24,0.321928094887362,0.7831
"connective tissue development","E2_06_14",6,4,3.7e-24,0.485426827170242,0.4531
"cellular response to heat","E2_06_14",2,1,3.7e-24,0.584962500721156,0.6544
"myeloid cell homeostasis","E2_06_14",2,2,3.7e-24,0,1
"regulation of neuron projection development","E2_06_14",7,6,3.7e-24,0.192645077942396,0.8408
"receptor metabolic process","E2_06_14",0,1,3.7e-24,-1,0.4367
"maintenance of protein location in cell","E2_06_14",2,1,3.7e-24,0.584962500721156,0.627
"apoptotic mitochondrial changes","E2_06_14",2,1,3.7e-24,0.584962500721156,0.6731
"response to transforming growth factor beta","E2_06_14",4,4,3.7e-24,0,1
"neural tube development","E2_06_14",3,2,3.7e-24,0.415037499278844,0.7407
"maintenance of protein location","E2_06_14",3,1,3.7e-24,1,0.4208
"regulation of ubiquitin-protein transferase activity","E2_06_14",1,1,3.7e-24,0,1
"cilium assembly","E2_06_14",7,5,3.7e-24,0.415037499278844,0.499
"mRNA export from nucleus","E2_06_14",1,1,3.7e-24,0,1
"regulation of cell-substrate junction organization","E2_06_14",0,1,3.7e-24,-1,0.4313
"membrane biogenesis","E2_06_14",1,1,3.7e-24,0,1
"cilium organization","E2_06_14",4,5,3.7e-24,-0.263034405833794,0.6751
"platelet-derived growth factor receptor signaling pathway","E2_06_14",2,1,3.7e-24,0.584962500721156,0.6396
"iron-sulfur cluster assembly","E2_06_14",0,0,3.7e-24,0,1
"metallo-sulfur cluster assembly","E2_06_14",0,0,3.7e-24,0,1
"centromere complex assembly","E2_06_14",1,0,3.7e-24,1,0.3636
"cellular response to oxygen levels","E2_06_14",2,2,3.7e-24,0,1
"fatty acid beta-oxidation","E2_06_14",1,1,3.7e-24,0,1
"organelle localization by membrane tethering","E2_06_14",1,1,3.7e-24,0,1
"autophagosome maturation","E2_06_14",1,1,3.7e-24,0,1
"cellular response to transforming growth factor beta stimulus","E2_06_14",1,4,3.7e-24,-1.32192809488736,0.1174
"nucleotide catabolic process","E2_06_14",1,1,3.7e-24,0,1
"tube closure","E2_06_14",0,1,3.7e-24,-1,0.4105
"regulation of stem cell differentiation","E2_06_14",1,1,3.7e-24,0,1
"substrate adhesion-dependent cell spreading","E2_06_14",0,1,3.7e-24,-1,0.4162
"chondrocyte differentiation","E2_06_14",2,2,3.7e-24,0,1
"regulation of fibroblast proliferation","E2_06_14",1,1,3.7e-24,0,1
"morphogenesis of an epithelial sheet","E2_06_14",1,1,3.7e-24,0,1
"microtubule polymerization","E2_06_14",0,1,3.7e-24,-1,0.4098
"response to virus","E2_06_14",5,6,3.7e-24,-0.222392421336448,0.6944
"membrane assembly","E2_06_14",2,1,3.7e-24,0.584962500721156,0.6289
"COPII vesicle coating","E2_06_14",1,0,3.7e-24,1,0.3684
"erythrocyte differentiation","E2_06_14",0,2,3.7e-24,-1.58496250072116,0.1285
"organophosphate catabolic process","E2_06_14",1,2,3.7e-24,-0.584962500721156,0.5422
"regulation of embryonic development","E2_06_14",0,1,3.7e-24,-1,0.4113
"regulation of focal adhesion assembly","E2_06_14",0,1,3.7e-24,-1,0.4335
"regulation of cell-substrate junction assembly","E2_06_14",1,1,3.7e-24,0,1
"regulation of extracellular matrix organization","E2_06_14",3,1,3.7e-24,1,0.4526
"GPI anchor biosynthetic process","E2_06_14",1,0,3.7e-24,1,0.3542
"lamellipodium organization","E2_06_14",2,1,3.7e-24,0.584962500721156,0.6486
"positive regulation of stem cell population maintenance","E2_06_14",0,1,3.7e-24,-1,0.5257
"monosaccharide metabolic process","E2_06_14",2,3,3.7e-24,-0.415037499278844,0.5953
"U2-type prespliceosome assembly","E2_06_14",0,0,3.7e-24,0,1
"heterochromatin formation","E2_06_14",1,1,3.7e-24,0,1
"peroxisome organization","E2_06_14",1,0,3.7e-24,1,0.3839
"regulation of mitochondrial fission","E2_06_14",0,0,3.7e-24,0,1
"cellular pigmentation","E2_06_14",0,1,3.7e-24,-1,0.4401
"regulation of fibroblast migration","E2_06_14",0,1,3.7e-24,-1,0.5102
"cellular carbohydrate metabolic process","E2_06_14",4,4,3.7e-24,0,1
"positive regulation of axonogenesis","E2_06_14",0,1,3.7e-24,-1,0.413
"kinetochore organization","E2_06_14",2,0,3.7e-24,1.58496250072116,0.0845
"stem cell differentiation","E2_06_14",4,3,3.7e-24,0.321928094887362,0.7857
"proton transmembrane transport","E2_06_14",3,2,3.7e-24,0.415037499278844,0.7327
"cellular response to insulin stimulus","E2_06_14",2,3,3.7e-24,-0.415037499278844,0.6208
"establishment of mitotic spindle localization","E2_06_14",2,0,3.7e-24,1.58496250072116,0.1507
"cell redox homeostasis","E2_06_14",0,0,3.7e-24,0,1
"stress granule assembly","E2_06_14",0,0,3.7e-24,0,1
"protein neddylation","E2_06_14",1,0,3.7e-24,1,0.4477
"regulation of mitochondrial membrane potential","E2_06_14",1,1,3.7e-24,0,1
"neuron death","E2_06_14",3,4,3.7e-24,-0.321928094887362,0.6408
"defense response to virus","E2_06_14",7,4,3.7e-24,0.678071905112638,0.3476
"sulfur compound metabolic process","E2_06_14",2,4,3.7e-24,-0.736965594166206,0.2755
"NADP metabolic process","E2_06_14",1,1,3.7e-24,0,1
"vacuolar acidification","E2_06_14",0,0,3.7e-24,0,1
"oligosaccharide-lipid intermediate biosynthetic process","E2_06_14",0,0,3.7e-24,0,1
"lysosomal lumen acidification","E2_06_14",1,0,3.7e-24,1,0.2668
"glycosyl compound biosynthetic process","E2_06_14",0,0,3.7e-24,0,1
"heart valve development","E2_06_14",0,1,3.7e-24,-1,0.4167
"water-soluble vitamin metabolic process","E2_06_14",0,1,3.7e-24,-1,0.4491
"interferon-beta production","E2_06_14",3,1,3.7e-24,1,0.4815
"regulation of interferon-beta production","E2_06_14",4,1,3.7e-24,1.32192809488736,0.0258
"branched-chain amino acid metabolic process","E2_06_14",0,0,3.7e-24,0,1
"regulation of mitochondrial membrane permeability","E2_06_14",3,1,3.7e-24,1,0.4426
"respiratory tube development","E2_06_14",4,2,3.7e-24,0.736965594166206,0.3463
"cellular senescence","E2_06_14",1,1,3.7e-24,0,1
"positive regulation of neurogenesis","E2_06_14",1,3,3.7e-24,-1,0.2125
"mitochondrial outer membrane permeabilization","E2_06_14",0,0,3.7e-24,0,1
"immune system development","E2_06_14",1,2,3.7e-24,-0.584962500721156,0.5354
"clathrin-dependent endocytosis","E2_06_14",0,0,3.7e-24,0,1
"positive regulation of viral process","E2_06_14",2,1,3.7e-24,0.584962500721156,0.6383
"bone development","E2_06_14",0,3,3.7e-24,-2,0.049
"cell-substrate adhesion","E2_06_14",4,4,3.7e-24,0,1
"positive regulation of microtubule polymerization","E2_06_14",1,0,3.7e-24,1,0.3731
"pteridine-containing compound metabolic process","E2_06_14",1,0,3.7e-24,1,0.4616
"response to arsenic-containing substance","E2_06_14",1,0,3.7e-24,1,0.456
"response to insulin","E2_06_14",3,4,3.7e-24,-0.321928094887362,0.6604
"ubiquinone metabolic process","E2_06_14",1,0,3.7e-24,1,0.288
"cellular response to arsenic-containing substance","E2_06_14",0,0,3.7e-24,0,1
"inositol phosphate catabolic process","E2_06_14",0,0,3.7e-24,0,1
"telomerase RNA localization to Cajal body","E2_06_14",0,0,3.7e-24,0,1
"respiratory system development","E2_06_14",3,3,3.7e-24,0,1
"regulation of generation of precursor metabolites and energy","E2_06_14",2,2,3.7e-24,0,1
"mitochondrial calcium ion homeostasis","E2_06_14",0,0,3.7e-24,0,1
"G0 to G1 transition","E2_06_14",0,1,3.7e-24,-1,0.497
"mitochondrial genome maintenance","E2_06_14",1,0,3.7e-24,1,0.3084
"release of cytochrome c from mitochondria","E2_06_14",3,1,3.7e-24,1,0.5033
"cortical cytoskeleton organization","E2_06_14",1,0,3.7e-24,1,0.3943
"response to sterol depletion","E2_06_14",0,0,3.7e-24,0,1
"regulation of ncRNA transcription","E2_06_14",0,0,3.7e-24,0,1
"mesenchymal cell differentiation","E2_06_14",2,3,3.7e-24,-0.415037499278844,0.5907
"protein-DNA complex subunit organization","E2_06_14",2,3,3.7e-24,-0.415037499278844,0.608
"response to fluid shear stress","E2_06_14",0,1,3.7e-24,-1,0.5002
"collagen fibril organization","E2_06_14",1,1,3.7e-24,0,1
"roof of mouth development","E2_06_14",2,1,3.7e-24,0.584962500721156,0.6584
"regulation of protein dephosphorylation","E2_06_14",1,1,3.7e-24,0,1
"multicellular organism growth","E2_06_14",1,2,3.7e-24,-0.584962500721156,0.5403
"miRNA processing","E2_06_14",0,1,3.7e-24,-1,0.5182
"small molecule catabolic process","E2_06_14",6,5,3.7e-24,0.222392421336448,0.8242
"regulation of G0 to G1 transition","E2_06_14",2,1,3.7e-24,0.584962500721156,0.6337
"circadian regulation of gene expression","E2_06_14",0,1,3.7e-24,-1,0.4278
"regulation of translational fidelity","E2_06_14",0,0,3.7e-24,0,1
"ubiquinone biosynthetic process","E2_06_14",0,0,3.7e-24,0,1
"mitochondrial calcium ion transmembrane transport","E2_06_14",0,0,3.7e-24,0,1
"quinone biosynthetic process","E2_06_14",0,0,3.7e-24,0,1
"viral release from host cell","E2_06_14",1,0,3.7e-24,1,0.4116
"exit from host cell","E2_06_14",0,0,3.7e-24,0,1
"positive regulation of GTPase activity","E2_06_14",5,3,3.7e-24,0.584962500721156,0.3956
"regulation of cytokinesis","E2_06_14",1,1,3.7e-24,0,1
"mitochondrion localization","E2_06_14",1,1,3.7e-24,0,1
"renal system development","E2_06_14",7,4,3.7e-24,0.678071905112638,0.3454
"regulation of cysteine-type endopeptidase activity involved in apoptotic process","E2_06_14",3,3,3.7e-24,0,1
"regulation of cell-substrate adhesion","E2_06_14",1,3,3.7e-24,-1,0.2036
"centrosome localization","E2_06_14",0,0,3.7e-24,0,1
"microtubule organizing center localization","E2_06_14",0,0,3.7e-24,0,1
"pinocytosis","E2_06_14",0,0,3.7e-24,0,1
"lamellipodium assembly","E2_06_14",0,1,3.7e-24,-1,0.431
"cellular response to sterol depletion","E2_06_14",0,0,3.7e-24,0,1
"placenta development","E2_06_14",2,2,3.7e-24,0,1
"rhythmic process","E2_06_14",2,4,3.7e-24,-0.736965594166206,0.2585
"spindle localization","E2_06_14",0,1,3.7e-24,-1,0.4984
"carbohydrate derivative catabolic process","E2_06_14",1,2,3.7e-24,-0.584962500721156,0.5378
"response to amino acid","E2_06_14",0,2,3.7e-24,-1.58496250072116,0.1746
"regulation of intracellular steroid hormone receptor signaling pathway","E2_06_14",2,1,3.7e-24,0.584962500721156,0.6416
"regulation of neuron death","E2_06_14",6,4,3.7e-24,0.485426827170242,0.4747
"ossification","E2_06_14",4,5,3.7e-24,-0.263034405833794,0.6748
"mammary gland epithelial cell proliferation","E2_06_14",0,0,3.7e-24,0,1
"ribosomal subunit export from nucleus","E2_06_14",0,0,3.7e-24,0,1
"ribosome localization","E2_06_14",0,0,3.7e-24,0,1
"protein transport to vacuole involved in ubiquitin-dependent protein catabolic process via the multivesicular body sorting pathway","E2_06_14",0,0,3.7e-24,0,1
"seminiferous tubule development","E2_06_14",0,0,3.7e-24,0,1
"cellular response to acid chemical","E2_06_14",0,1,3.7e-24,-1,0.4237
"positive regulation of kinase activity","E2_06_14",3,5,3.7e-24,-0.584962500721156,0.3041
"positive regulation by host of viral process","E2_06_14",0,0,3.7e-24,0,1
"mitochondrion morphogenesis","E2_06_14",0,0,3.7e-24,0,1
"regulation of establishment of cell polarity","E2_06_14",0,0,3.7e-24,0,1
"cellular lipid catabolic process","E2_06_14",2,3,3.7e-24,-0.415037499278844,0.611
"neuron apoptotic process","E2_06_14",5,3,3.7e-24,0.584962500721156,0.4022
"inner cell mass cell proliferation","E2_06_14",0,0,3.7e-24,0,1
"polyamine biosynthetic process","E2_06_14",0,0,3.7e-24,0,1
"folic acid metabolic process","E2_06_14",0,0,3.7e-24,0,1
"organelle inheritance","E2_06_14",0,0,3.7e-24,0,1
"polyol metabolic process","E2_06_14",3,2,3.7e-24,0.415037499278844,0.735
"regulation of type I interferon-mediated signaling pathway","E2_06_14",0,0,3.7e-24,0,1
"intracellular lipid transport","E2_06_14",0,1,3.7e-24,-1,0.5152
"fat cell differentiation","E2_06_14",3,3,3.7e-24,0,1
"iron ion homeostasis","E2_06_14",0,1,3.7e-24,-1,0.4216
"negative regulation of cell projection organization","E2_06_14",2,2,3.7e-24,0,1
"dicarboxylic acid metabolic process","E2_06_14",1,1,3.7e-24,0,1
"regulation of anatomical structure size","E2_06_14",8,6,3.7e-24,0.362570079384708,0.5482
"regulation of small molecule metabolic process","E2_06_14",0,4,3.7e-24,-2.32192809488736,0.0193
"pentose-phosphate shunt","E2_06_14",0,0,3.7e-24,0,1
"pericardium development","E2_06_14",0,0,3.7e-24,0,1
"lysosomal protein catabolic process","E2_06_14",0,0,3.7e-24,0,1
"carbohydrate derivative transport","E2_06_14",3,1,3.7e-24,1,0.4699
"alcohol biosynthetic process","E2_06_14",6,2,3.7e-24,1.22239242133645,0.145
"regulation of membrane permeability","E2_06_14",4,1,3.7e-24,1.32192809488736,0.0342
"signal peptide processing","E2_06_14",0,0,3.7e-24,0,1
"UV-damage excision repair","E2_06_14",0,0,3.7e-24,0,1
"biological process involved in interaction with host","E2_06_14",1,3,3.7e-24,-1,0.2557
"body morphogenesis","E2_06_14",2,1,3.7e-24,0.584962500721156,0.6607
"extracellular vesicle biogenesis","E2_06_14",1,0,3.7e-24,1,0.295
"negative regulation of defense response to virus","E2_06_14",0,1,3.7e-24,-1,0.5183
"aminoglycan biosynthetic process","E2_06_14",2,1,3.7e-24,0.584962500721156,0.6288
"sterol biosynthetic process","E2_06_14",0,1,3.7e-24,-1,0.4914
"polyamine metabolic process","E2_06_14",0,0,3.7e-24,0,1
"magnesium ion transport","E2_06_14",0,0,3.7e-24,0,1
"lamellipodium morphogenesis","E2_06_14",1,0,3.7e-24,1,0.3316
"positive regulation of neuron migration","E2_06_14",1,0,3.7e-24,1,0.2969
"regulation of glucose metabolic process","E2_06_14",1,1,3.7e-24,0,1
"monosaccharide biosynthetic process","E2_06_14",3,1,3.7e-24,1,0.4107
"response to acid chemical","E2_06_14",2,2,3.7e-24,0,1
"regulation of carbohydrate metabolic process","E2_06_14",3,2,3.7e-24,0.415037499278844,0.7456
"positive regulation of nervous system development","E2_06_14",4,3,3.7e-24,0.321928094887362,0.7842
"regulation of circadian rhythm","E2_06_14",4,2,3.7e-24,0.736965594166206,0.278
"trabecula morphogenesis","E2_06_14",1,0,3.7e-24,1,0.4429
"pigment accumulation","E2_06_14",0,0,3.7e-24,0,1
"cellular pigment accumulation","E2_06_14",0,0,3.7e-24,0,1
"regulation of pinocytosis","E2_06_14",0,0,3.7e-24,0,1
"regulation of ligase activity","E2_06_14",0,0,3.7e-24,0,1
"smoothened signaling pathway involved in dorsal/ventral neural tube patterning","E2_06_14",0,0,3.7e-24,0,1
"glycosyl compound metabolic process","E2_06_14",0,1,3.7e-24,-1,0.4074
"substantia nigra development","E2_06_14",1,0,3.7e-24,1,0.4915
"negative regulation of GTPase activity","E2_06_14",0,0,3.7e-24,0,1
"axon extension","E2_06_14",1,1,3.7e-24,0,1
"positive regulation of epithelial to mesenchymal transition","E2_06_14",0,1,3.7e-24,-1,0.439
"one-carbon metabolic process","E2_06_14",0,0,3.7e-24,0,1
"NADPH regeneration","E2_06_14",0,0,3.7e-24,0,1
"cellular response to dsRNA","E2_06_14",1,0,3.7e-24,1,0.2828
"neuron projection organization","E2_06_14",1,2,3.7e-24,-0.584962500721156,0.5788
"postsynapse organization","E2_06_14",1,3,3.7e-24,-1,0.2527
"regulation of ketone biosynthetic process","E2_06_14",0,0,3.7e-24,0,1
"mitochondrion distribution","E2_06_14",0,0,3.7e-24,0,1
"regulation of autophagosome maturation","E2_06_14",1,0,3.7e-24,1,0.2928
"magnesium ion transmembrane transport","E2_06_14",0,0,3.7e-24,0,1
"regulation of cell division","E2_06_14",2,2,3.7e-24,0,1
"intermembrane lipid transfer","E2_06_14",0,1,3.7e-24,-1,0.4876
"organophosphate ester transport","E2_06_14",3,2,3.7e-24,0.415037499278844,0.7242
"movement in host","E2_06_14",2,2,3.7e-24,0,1
"extracellular matrix assembly","E2_06_14",0,0,3.7e-24,0,1
"cellular metabolic compound salvage","E2_06_14",1,0,3.7e-24,1,0.2447
"regulation of ATP-dependent activity","E2_06_14",1,1,3.7e-24,0,1
"cell migration involved in heart development","E2_06_14",0,0,3.7e-24,0,1
"cellular response to fluid shear stress","E2_06_14",0,0,3.7e-24,0,1
"sphingomyelin biosynthetic process","E2_06_14",0,0,3.7e-24,0,1
"ether lipid biosynthetic process","E2_06_14",0,0,3.7e-24,0,1
"embryonic body morphogenesis","E2_06_14",0,0,3.7e-24,0,1
"amino sugar biosynthetic process","E2_06_14",0,0,3.7e-24,0,1
"glycerol ether biosynthetic process","E2_06_14",0,0,3.7e-24,0,1
"pigmentation","E2_06_14",1,1,3.7e-24,0,1
"cellular response to ketone","E2_06_14",1,2,3.7e-24,-0.584962500721156,0.5881
"nonribosomal peptide biosynthetic process","E2_06_14",0,0,3.7e-24,0,1
"glial cell apoptotic process","E2_06_14",0,0,3.7e-24,0,1
"lipoprotein catabolic process","E2_06_14",1,0,3.7e-24,1,0.2381
"suppression of viral release by host","E2_06_14",0,0,3.7e-24,0,1
"chaperone-mediated autophagy","E2_06_14",0,0,3.7e-24,0,1
"regulation of steroid hormone biosynthetic process","E2_06_14",0,0,3.7e-24,0,1
"synaptic vesicle lumen acidification","E2_06_14",0,0,3.7e-24,0,1
"semaphorin-plexin signaling pathway involved in neuron projection guidance","E2_06_14",0,0,3.7e-24,0,1
"regulation of Golgi organization","E2_06_14",0,0,3.7e-24,0,1
"Schwann cell differentiation","E2_06_14",1,0,3.7e-24,1,0.4415
"neurotrophin signaling pathway","E2_06_14",1,0,3.7e-24,1,0.4272
"regulation of microtubule depolymerization","E2_06_14",1,0,3.7e-24,1,0.2934
"basement membrane organization","E2_06_14",3,1,3.7e-24,1,0.5285
"establishment or maintenance of epithelial cell apical/basal polarity","E2_06_14",0,1,3.7e-24,-1,0.5093
"face development","E2_06_14",0,1,3.7e-24,-1,0.4475
"osteoblast differentiation","E2_06_14",3,3,3.7e-24,0,1
"appendage development","E2_06_14",5,2,3.7e-24,1,0.1858
"limb development","E2_06_14",2,2,3.7e-24,0,1
"regulation of ATP metabolic process","E2_06_14",1,1,3.7e-24,0,1
"developmental growth involved in morphogenesis","E2_06_14",1,3,3.7e-24,-1,0.2233
"embryonic organ development","E2_06_14",1,5,3.7e-24,-1.58496250072116,0.0233
"negative regulation of growth","E2_06_14",1,3,3.7e-24,-1,0.2132
"microtubule depolymerization","E2_06_14",0,0,3.7e-24,0,1
"heme metabolic process","E2_06_14",0,1,3.7e-24,-1,0.5308
"regulation of neuron apoptotic process","E2_06_14",3,3,3.7e-24,0,1
"plasma membrane tubulation","E2_06_14",0,0,3.7e-24,0,1
"exosomal secretion","E2_06_14",1,0,3.7e-24,1,0.3409
"vasculogenesis","E2_06_14",2,1,3.7e-24,0.584962500721156,0.6342
"toxin transport","E2_06_14",0,0,3.7e-24,0,1
"ncRNA processing","MMEA9_C1",2,1,3.7e-24,0.584962500721156,0.6319
"ribosome biogenesis","MMEA9_C1",0,1,3.7e-24,-1,0.4687
"rRNA metabolic process","MMEA9_C1",1,1,3.7e-24,0,1
"proteasome-mediated ubiquitin-dependent protein catabolic process","MMEA9_C1",1,1,3.7e-24,0,1
"regulation of response to DNA damage stimulus","MMEA9_C1",0,1,3.7e-24,-1,0.503
"establishment of protein localization to organelle","MMEA9_C1",0,1,3.7e-24,-1,0.4309
"macroautophagy","MMEA9_C1",0,1,3.7e-24,-1,0.4734
"regulation of chromosome organization","MMEA9_C1",0,0,3.7e-24,0,1
"Golgi vesicle transport","MMEA9_C1",0,1,3.7e-24,-1,0.5206
"double-strand break repair","MMEA9_C1",1,1,3.7e-24,0,1
"histone modification","MMEA9_C1",0,1,3.7e-24,-1,0.4254
"sister chromatid segregation","MMEA9_C1",0,0,3.7e-24,0,1
"DNA replication","MMEA9_C1",0,1,3.7e-24,-1,0.5198
"chromosome segregation","MMEA9_C1",0,1,3.7e-24,-1,0.4466
"mitochondrial gene expression","MMEA9_C1",0,0,3.7e-24,0,1
"nucleocytoplasmic transport","MMEA9_C1",2,1,3.7e-24,0.584962500721156,0.6327
"nuclear transport","MMEA9_C1",0,1,3.7e-24,-1,0.4904
"regulation of DNA repair","MMEA9_C1",0,0,3.7e-24,0,1
"peptidyl-lysine modification","MMEA9_C1",0,1,3.7e-24,-1,0.4587
"protein targeting","MMEA9_C1",0,1,3.7e-24,-1,0.4723
"cytoplasmic translation","MMEA9_C1",1,0,3.7e-24,1,0.3188
"regulation of autophagy","MMEA9_C1",0,1,3.7e-24,-1,0.4569
"signal transduction in response to DNA damage","MMEA9_C1",0,0,3.7e-24,0,1
"regulation of intracellular transport","MMEA9_C1",0,1,3.7e-24,-1,0.4896
"protein localization to nucleus","MMEA9_C1",0,1,3.7e-24,-1,0.4881
"microtubule cytoskeleton organization involved in mitosis","MMEA9_C1",1,0,3.7e-24,1,0.3479
"telomere maintenance","MMEA9_C1",0,0,3.7e-24,0,1
"cell cycle checkpoint signaling","MMEA9_C1",0,0,3.7e-24,0,1
"regulation of protein modification by small protein conjugation or removal","MMEA9_C1",0,0,3.7e-24,0,1
"cellular respiration","MMEA9_C1",0,0,3.7e-24,0,1
"cellular component disassembly","MMEA9_C1",0,1,3.7e-24,-1,0.4312
"nuclear chromosome segregation","MMEA9_C1",0,1,3.7e-24,-1,0.4604
"regulation of protein stability","MMEA9_C1",2,1,3.7e-24,0.584962500721156,0.6365
"regulation of cell cycle phase transition","MMEA9_C1",0,1,3.7e-24,-1,0.4301
"regulation of protein catabolic process","MMEA9_C1",0,1,3.7e-24,-1,0.4545
"response to endoplasmic reticulum stress","MMEA9_C1",0,0,3.7e-24,0,1
"vesicle organization","MMEA9_C1",0,1,3.7e-24,-1,0.4578
"mitochondrial respiratory chain complex assembly","MMEA9_C1",0,0,3.7e-24,0,1
"DNA-templated transcription elongation","MMEA9_C1",0,0,3.7e-24,0,1
"mitochondrial transport","MMEA9_C1",1,0,3.7e-24,1,0.4184
"establishment of organelle localization","MMEA9_C1",0,1,3.7e-24,-1,0.4323
"regulation of intracellular protein transport","MMEA9_C1",1,0,3.7e-24,1,0.4499
"response to UV","MMEA9_C1",0,0,3.7e-24,0,1
"RNA localization","MMEA9_C1",0,0,3.7e-24,0,1
"response to topologically incorrect protein","MMEA9_C1",0,0,3.7e-24,0,1
"organelle fission","MMEA9_C1",0,1,3.7e-24,-1,0.4286
"non-membrane-bounded organelle assembly","MMEA9_C1",0,1,3.7e-24,-1,0.4592
"protein polyubiquitination","MMEA9_C1",0,0,3.7e-24,0,1
"methylation","MMEA9_C1",0,1,3.7e-24,-1,0.4754
"phospholipid biosynthetic process","MMEA9_C1",1,0,3.7e-24,1,0.4867
"oxidative phosphorylation","MMEA9_C1",0,0,3.7e-24,0,1
"establishment of protein localization to membrane","MMEA9_C1",1,1,3.7e-24,0,1
"in utero embryonic development","MMEA9_C1",0,1,3.7e-24,-1,0.4483
"vacuole organization","MMEA9_C1",0,0,3.7e-24,0,1
"nuclear-transcribed mRNA catabolic process","MMEA9_C1",0,0,3.7e-24,0,1
"protein folding","MMEA9_C1",0,0,3.7e-24,0,1
"DNA conformation change","MMEA9_C1",0,0,3.7e-24,0,1
"regulation of chromosome segregation","MMEA9_C1",0,0,3.7e-24,0,1
"regulation of apoptotic signaling pathway","MMEA9_C1",1,1,3.7e-24,0,1
"cell cycle G2/M phase transition","MMEA9_C1",0,0,3.7e-24,0,1
"vacuolar transport","MMEA9_C1",0,0,3.7e-24,0,1
"response to ionizing radiation","MMEA9_C1",0,0,3.7e-24,0,1
"cellular response to UV","MMEA9_C1",0,0,3.7e-24,0,1
"regulation of binding","MMEA9_C1",0,1,3.7e-24,-1,0.4764
"nucleic acid transport","MMEA9_C1",1,0,3.7e-24,1,0.3506
"RNA transport","MMEA9_C1",0,0,3.7e-24,0,1
"ribonucleoprotein complex subunit organization","MMEA9_C1",1,0,3.7e-24,1,0.4593
"regulation of DNA replication","MMEA9_C1",0,0,3.7e-24,0,1
"ribose phosphate metabolic process","MMEA9_C1",0,1,3.7e-24,-1,0.4324
"proton motive force-driven ATP synthesis","MMEA9_C1",0,0,3.7e-24,0,1
"ribonucleotide metabolic process","MMEA9_C1",1,1,3.7e-24,0,1
"telomere organization","MMEA9_C1",0,0,3.7e-24,0,1
"cellular response to topologically incorrect protein","MMEA9_C1",0,0,3.7e-24,0,1
"Golgi organization","MMEA9_C1",0,0,3.7e-24,0,1
"ribonucleoprotein complex assembly","MMEA9_C1",0,0,3.7e-24,0,1
"cellular nitrogen compound catabolic process","MMEA9_C1",0,1,3.7e-24,-1,0.4265
"negative regulation of phosphorus metabolic process","MMEA9_C1",0,1,3.7e-24,-1,0.4209
"heterocycle catabolic process","MMEA9_C1",1,1,3.7e-24,0,1
"mitochondrial membrane organization","MMEA9_C1",0,0,3.7e-24,0,1
"regulation of protein-containing complex assembly","MMEA9_C1",1,1,3.7e-24,0,1
"positive regulation of cellular component biogenesis","MMEA9_C1",1,1,3.7e-24,0,1
"response to oxidative stress","MMEA9_C1",1,1,3.7e-24,0,1
"regulation of supramolecular fiber organization","MMEA9_C1",0,1,3.7e-24,-1,0.4765
"positive regulation of protein localization","MMEA9_C1",1,1,3.7e-24,0,1
"positive regulation of cell projection organization","MMEA9_C1",0,1,3.7e-24,-1,0.5048
"negative regulation of transferase activity","MMEA9_C1",0,0,3.7e-24,0,1
"autophagy of mitochondrion","MMEA9_C1",0,0,3.7e-24,0,1
"positive regulation of amide metabolic process","MMEA9_C1",0,0,3.7e-24,0,1
"chromatin remodeling","MMEA9_C1",1,1,3.7e-24,0,1
"viral process","MMEA9_C1",0,1,3.7e-24,-1,0.4506
"macromolecule deacylation","MMEA9_C1",0,0,3.7e-24,0,1
"mitotic cytokinesis","MMEA9_C1",0,0,3.7e-24,0,1
"aromatic compound catabolic process","MMEA9_C1",0,1,3.7e-24,-1,0.4344
"vesicle localization","MMEA9_C1",1,0,3.7e-24,1,0.4099
"establishment or maintenance of cell polarity","MMEA9_C1",1,0,3.7e-24,1,0.4368
"Wnt signaling pathway","MMEA9_C1",1,1,3.7e-24,0,1
"cell-cell signaling by wnt","MMEA9_C1",1,1,3.7e-24,0,1
"ATP metabolic process","MMEA9_C1",1,0,3.7e-24,1,0.4027
"cellular response to chemical stress","MMEA9_C1",0,1,3.7e-24,-1,0.4957
"regulation of vacuole organization","MMEA9_C1",0,0,3.7e-24,0,1
"cellular response to external stimulus","MMEA9_C1",0,1,3.7e-24,-1,0.481
"negative regulation of protein phosphorylation","MMEA9_C1",0,1,3.7e-24,-1,0.4785
"negative regulation of catabolic process","MMEA9_C1",0,0,3.7e-24,0,1
"regulation of microtubule cytoskeleton organization","MMEA9_C1",0,0,3.7e-24,0,1
"chromosome localization","MMEA9_C1",0,0,3.7e-24,0,1
"negative regulation of mitotic nuclear division","MMEA9_C1",0,0,3.7e-24,0,1
"regulation of actin filament organization","MMEA9_C1",0,0,3.7e-24,0,1
"dephosphorylation","MMEA9_C1",0,0,3.7e-24,0,1
"glycosylation","MMEA9_C1",1,0,3.7e-24,1,0.4318
"positive regulation of establishment of protein localization","MMEA9_C1",2,1,3.7e-24,0.584962500721156,0.6463
"regulation of microtubule-based process","MMEA9_C1",0,0,3.7e-24,0,1
"cell-substrate junction organization","MMEA9_C1",0,0,3.7e-24,0,1
"protein-containing complex localization","MMEA9_C1",0,0,3.7e-24,0,1
"mitochondrial transmembrane transport","MMEA9_C1",0,0,3.7e-24,0,1
"stem cell population maintenance","MMEA9_C1",0,0,3.7e-24,0,1
"ribosome assembly","MMEA9_C1",0,0,3.7e-24,0,1
"intraciliary transport","MMEA9_C1",0,0,3.7e-24,0,1
"Golgi to plasma membrane protein transport","MMEA9_C1",0,0,3.7e-24,0,1
"response to amino acid starvation","MMEA9_C1",0,0,3.7e-24,0,1
"cellular response to extracellular stimulus","MMEA9_C1",0,0,3.7e-24,0,1
"cell growth","MMEA9_C1",0,1,3.7e-24,-1,0.4401
"protein glycosylation","MMEA9_C1",0,0,3.7e-24,0,1
"macromolecule glycosylation","MMEA9_C1",0,0,3.7e-24,0,1
"maintenance of cell number","MMEA9_C1",0,0,3.7e-24,0,1
"response to reactive oxygen species","MMEA9_C1",0,0,3.7e-24,0,1
"regulation of cell morphogenesis","MMEA9_C1",0,0,3.7e-24,0,1
"regulation of cellular component size","MMEA9_C1",1,1,3.7e-24,0,1
"cell-substrate junction assembly","MMEA9_C1",0,0,3.7e-24,0,1
"membrane fission","MMEA9_C1",0,0,3.7e-24,0,1
"membrane docking","MMEA9_C1",0,0,3.7e-24,0,1
"fibroblast migration","MMEA9_C1",0,0,3.7e-24,0,1
"nucleus organization","MMEA9_C1",0,0,3.7e-24,0,1
"regulation of cell growth","MMEA9_C1",0,1,3.7e-24,-1,0.46
"fibroblast proliferation","MMEA9_C1",0,0,3.7e-24,0,1
"cell cycle G1/S phase transition","MMEA9_C1",0,0,3.7e-24,0,1
"actin filament organization","MMEA9_C1",1,1,3.7e-24,0,1
"response to oxygen levels","MMEA9_C1",0,1,3.7e-24,-1,0.4963
"epigenetic regulation of gene expression","MMEA9_C1",0,0,3.7e-24,0,1
"organelle fusion","MMEA9_C1",1,0,3.7e-24,1,0.3117
"lipoprotein metabolic process","MMEA9_C1",0,0,3.7e-24,0,1
"protein lipidation","MMEA9_C1",0,0,3.7e-24,0,1
"regulation of plasma membrane bounded cell projection assembly","MMEA9_C1",0,0,3.7e-24,0,1
"regulation of actin filament-based process","MMEA9_C1",0,1,3.7e-24,-1,0.4814
"regulation of GTPase activity","MMEA9_C1",0,1,3.7e-24,-1,0.5115
"nuclear envelope organization","MMEA9_C1",0,0,3.7e-24,0,1
"protein autophosphorylation","MMEA9_C1",0,0,3.7e-24,0,1
"connective tissue development","MMEA9_C1",1,0,3.7e-24,1,0.4893
"cellular response to heat","MMEA9_C1",0,0,3.7e-24,0,1
"myeloid cell homeostasis","MMEA9_C1",0,0,3.7e-24,0,1
"regulation of neuron projection development","MMEA9_C1",1,1,3.7e-24,0,1
"receptor metabolic process","MMEA9_C1",1,0,3.7e-24,1,0.1509
"maintenance of protein location in cell","MMEA9_C1",0,0,3.7e-24,0,1
"apoptotic mitochondrial changes","MMEA9_C1",0,0,3.7e-24,0,1
"response to transforming growth factor beta","MMEA9_C1",1,0,3.7e-24,1,0.4382
"neural tube development","MMEA9_C1",0,0,3.7e-24,0,1
"maintenance of protein location","MMEA9_C1",0,0,3.7e-24,0,1
"regulation of ubiquitin-protein transferase activity","MMEA9_C1",0,0,3.7e-24,0,1
"cilium assembly","MMEA9_C1",1,1,3.7e-24,0,1
"mRNA export from nucleus","MMEA9_C1",0,0,3.7e-24,0,1
"regulation of cell-substrate junction organization","MMEA9_C1",0,0,3.7e-24,0,1
"membrane biogenesis","MMEA9_C1",0,0,3.7e-24,0,1
"cilium organization","MMEA9_C1",0,1,3.7e-24,-1,0.4833
"platelet-derived growth factor receptor signaling pathway","MMEA9_C1",0,0,3.7e-24,0,1
"iron-sulfur cluster assembly","MMEA9_C1",0,0,3.7e-24,0,1
"metallo-sulfur cluster assembly","MMEA9_C1",0,0,3.7e-24,0,1
"centromere complex assembly","MMEA9_C1",0,0,3.7e-24,0,1
"cellular response to oxygen levels","MMEA9_C1",1,0,3.7e-24,1,0.3205
"fatty acid beta-oxidation","MMEA9_C1",0,0,3.7e-24,0,1
"organelle localization by membrane tethering","MMEA9_C1",0,0,3.7e-24,0,1
"autophagosome maturation","MMEA9_C1",0,0,3.7e-24,0,1
"cellular response to transforming growth factor beta stimulus","MMEA9_C1",0,0,3.7e-24,0,1
"nucleotide catabolic process","MMEA9_C1",0,0,3.7e-24,0,1
"tube closure","MMEA9_C1",0,0,3.7e-24,0,1
"regulation of stem cell differentiation","MMEA9_C1",0,0,3.7e-24,0,1
"substrate adhesion-dependent cell spreading","MMEA9_C1",0,0,3.7e-24,0,1
"chondrocyte differentiation","MMEA9_C1",0,0,3.7e-24,0,1
"regulation of fibroblast proliferation","MMEA9_C1",0,0,3.7e-24,0,1
"morphogenesis of an epithelial sheet","MMEA9_C1",0,0,3.7e-24,0,1
"microtubule polymerization","MMEA9_C1",0,0,3.7e-24,0,1
"response to virus","MMEA9_C1",0,1,3.7e-24,-1,0.4614
"membrane assembly","MMEA9_C1",0,0,3.7e-24,0,1
"COPII vesicle coating","MMEA9_C1",0,0,3.7e-24,0,1
"erythrocyte differentiation","MMEA9_C1",0,0,3.7e-24,0,1
"organophosphate catabolic process","MMEA9_C1",0,0,3.7e-24,0,1
"regulation of embryonic development","MMEA9_C1",0,0,3.7e-24,0,1
"regulation of focal adhesion assembly","MMEA9_C1",0,0,3.7e-24,0,1
"regulation of cell-substrate junction assembly","MMEA9_C1",0,0,3.7e-24,0,1
"regulation of extracellular matrix organization","MMEA9_C1",0,0,3.7e-24,0,1
"GPI anchor biosynthetic process","MMEA9_C1",0,0,3.7e-24,0,1
"lamellipodium organization","MMEA9_C1",0,0,3.7e-24,0,1
"positive regulation of stem cell population maintenance","MMEA9_C1",0,0,3.7e-24,0,1
"monosaccharide metabolic process","MMEA9_C1",0,0,3.7e-24,0,1
"U2-type prespliceosome assembly","MMEA9_C1",0,0,3.7e-24,0,1
"heterochromatin formation","MMEA9_C1",0,0,3.7e-24,0,1
"peroxisome organization","MMEA9_C1",0,0,3.7e-24,0,1
"regulation of mitochondrial fission","MMEA9_C1",0,0,3.7e-24,0,1
"cellular pigmentation","MMEA9_C1",0,0,3.7e-24,0,1
"regulation of fibroblast migration","MMEA9_C1",0,0,3.7e-24,0,1
"cellular carbohydrate metabolic process","MMEA9_C1",1,0,3.7e-24,1,0.4855
"positive regulation of axonogenesis","MMEA9_C1",0,0,3.7e-24,0,1
"kinetochore organization","MMEA9_C1",0,0,3.7e-24,0,1
"stem cell differentiation","MMEA9_C1",0,0,3.7e-24,0,1
"proton transmembrane transport","MMEA9_C1",0,0,3.7e-24,0,1
"cellular response to insulin stimulus","MMEA9_C1",0,0,3.7e-24,0,1
"establishment of mitotic spindle localization","MMEA9_C1",0,0,3.7e-24,0,1
"cell redox homeostasis","MMEA9_C1",0,0,3.7e-24,0,1
"stress granule assembly","MMEA9_C1",0,0,3.7e-24,0,1
"protein neddylation","MMEA9_C1",0,0,3.7e-24,0,1
"regulation of mitochondrial membrane potential","MMEA9_C1",1,0,3.7e-24,1,0.1779
"neuron death","MMEA9_C1",0,1,3.7e-24,-1,0.5119
"defense response to virus","MMEA9_C1",0,0,3.7e-24,0,1
"sulfur compound metabolic process","MMEA9_C1",0,0,3.7e-24,0,1
"NADP metabolic process","MMEA9_C1",0,0,3.7e-24,0,1
"vacuolar acidification","MMEA9_C1",0,0,3.7e-24,0,1
"oligosaccharide-lipid intermediate biosynthetic process","MMEA9_C1",0,0,3.7e-24,0,1
"lysosomal lumen acidification","MMEA9_C1",0,0,3.7e-24,0,1
"glycosyl compound biosynthetic process","MMEA9_C1",0,0,3.7e-24,0,1
"heart valve development","MMEA9_C1",0,0,3.7e-24,0,1
"water-soluble vitamin metabolic process","MMEA9_C1",0,0,3.7e-24,0,1
"interferon-beta production","MMEA9_C1",0,0,3.7e-24,0,1
"regulation of interferon-beta production","MMEA9_C1",0,0,3.7e-24,0,1
"branched-chain amino acid metabolic process","MMEA9_C1",0,0,3.7e-24,0,1
"regulation of mitochondrial membrane permeability","MMEA9_C1",0,0,3.7e-24,0,1
"respiratory tube development","MMEA9_C1",0,0,3.7e-24,0,1
"cellular senescence","MMEA9_C1",0,0,3.7e-24,0,1
"positive regulation of neurogenesis","MMEA9_C1",0,0,3.7e-24,0,1
"mitochondrial outer membrane permeabilization","MMEA9_C1",0,0,3.7e-24,0,1
"immune system development","MMEA9_C1",0,0,3.7e-24,0,1
"clathrin-dependent endocytosis","MMEA9_C1",0,0,3.7e-24,0,1
"positive regulation of viral process","MMEA9_C1",0,0,3.7e-24,0,1
"bone development","MMEA9_C1",0,0,3.7e-24,0,1
"cell-substrate adhesion","MMEA9_C1",0,1,3.7e-24,-1,0.5269
"positive regulation of microtubule polymerization","MMEA9_C1",0,0,3.7e-24,0,1
"pteridine-containing compound metabolic process","MMEA9_C1",0,0,3.7e-24,0,1
"response to arsenic-containing substance","MMEA9_C1",0,0,3.7e-24,0,1
"response to insulin","MMEA9_C1",0,0,3.7e-24,0,1
"ubiquinone metabolic process","MMEA9_C1",0,0,3.7e-24,0,1
"cellular response to arsenic-containing substance","MMEA9_C1",0,0,3.7e-24,0,1
"inositol phosphate catabolic process","MMEA9_C1",0,0,3.7e-24,0,1
"telomerase RNA localization to Cajal body","MMEA9_C1",0,0,3.7e-24,0,1
"respiratory system development","MMEA9_C1",1,0,3.7e-24,1,0.4071
"regulation of generation of precursor metabolites and energy","MMEA9_C1",0,0,3.7e-24,0,1
"mitochondrial calcium ion homeostasis","MMEA9_C1",0,0,3.7e-24,0,1
"G0 to G1 transition","MMEA9_C1",0,0,3.7e-24,0,1
"mitochondrial genome maintenance","MMEA9_C1",0,0,3.7e-24,0,1
"release of cytochrome c from mitochondria","MMEA9_C1",0,0,3.7e-24,0,1
"cortical cytoskeleton organization","MMEA9_C1",0,0,3.7e-24,0,1
"response to sterol depletion","MMEA9_C1",0,0,3.7e-24,0,1
"regulation of ncRNA transcription","MMEA9_C1",0,0,3.7e-24,0,1
"mesenchymal cell differentiation","MMEA9_C1",0,0,3.7e-24,0,1
"protein-DNA complex subunit organization","MMEA9_C1",0,0,3.7e-24,0,1
"response to fluid shear stress","MMEA9_C1",0,0,3.7e-24,0,1
"collagen fibril organization","MMEA9_C1",0,0,3.7e-24,0,1
"roof of mouth development","MMEA9_C1",0,0,3.7e-24,0,1
"regulation of protein dephosphorylation","MMEA9_C1",0,0,3.7e-24,0,1
"multicellular organism growth","MMEA9_C1",0,0,3.7e-24,0,1
"miRNA processing","MMEA9_C1",0,0,3.7e-24,0,1
"small molecule catabolic process","MMEA9_C1",0,1,3.7e-24,-1,0.5087
"regulation of G0 to G1 transition","MMEA9_C1",0,0,3.7e-24,0,1
"circadian regulation of gene expression","MMEA9_C1",0,0,3.7e-24,0,1
"regulation of translational fidelity","MMEA9_C1",0,0,3.7e-24,0,1
"ubiquinone biosynthetic process","MMEA9_C1",0,0,3.7e-24,0,1
"mitochondrial calcium ion transmembrane transport","MMEA9_C1",0,0,3.7e-24,0,1
"quinone biosynthetic process","MMEA9_C1",0,0,3.7e-24,0,1
"viral release from host cell","MMEA9_C1",0,0,3.7e-24,0,1
"exit from host cell","MMEA9_C1",0,0,3.7e-24,0,1
"positive regulation of GTPase activity","MMEA9_C1",0,0,3.7e-24,0,1
"regulation of cytokinesis","MMEA9_C1",0,0,3.7e-24,0,1
"mitochondrion localization","MMEA9_C1",0,0,3.7e-24,0,1
"renal system development","MMEA9_C1",0,1,3.7e-24,-1,0.5249
"regulation of cysteine-type endopeptidase activity involved in apoptotic process","MMEA9_C1",0,0,3.7e-24,0,1
"regulation of cell-substrate adhesion","MMEA9_C1",1,0,3.7e-24,1,0.3602
"centrosome localization","MMEA9_C1",0,0,3.7e-24,0,1
"microtubule organizing center localization","MMEA9_C1",0,0,3.7e-24,0,1
"pinocytosis","MMEA9_C1",0,0,3.7e-24,0,1
"lamellipodium assembly","MMEA9_C1",0,0,3.7e-24,0,1
"cellular response to sterol depletion","MMEA9_C1",0,0,3.7e-24,0,1
"placenta development","MMEA9_C1",0,0,3.7e-24,0,1
"rhythmic process","MMEA9_C1",0,0,3.7e-24,0,1
"spindle localization","MMEA9_C1",0,0,3.7e-24,0,1
"carbohydrate derivative catabolic process","MMEA9_C1",0,0,3.7e-24,0,1
"response to amino acid","MMEA9_C1",0,0,3.7e-24,0,1
"regulation of intracellular steroid hormone receptor signaling pathway","MMEA9_C1",0,0,3.7e-24,0,1
"regulation of neuron death","MMEA9_C1",0,1,3.7e-24,-1,0.5306
"ossification","MMEA9_C1",0,1,3.7e-24,-1,0.4969
"mammary gland epithelial cell proliferation","MMEA9_C1",1,0,3.7e-24,1,0.048
"ribosomal subunit export from nucleus","MMEA9_C1",0,0,3.7e-24,0,1
"ribosome localization","MMEA9_C1",0,0,3.7e-24,0,1
"protein transport to vacuole involved in ubiquitin-dependent protein catabolic process via the multivesicular body sorting pathway","MMEA9_C1",0,0,3.7e-24,0,1
"seminiferous tubule development","MMEA9_C1",0,0,3.7e-24,0,1
"cellular response to acid chemical","MMEA9_C1",0,0,3.7e-24,0,1
"positive regulation of kinase activity","MMEA9_C1",1,1,3.7e-24,0,1
"positive regulation by host of viral process","MMEA9_C1",0,0,3.7e-24,0,1
"mitochondrion morphogenesis","MMEA9_C1",0,0,3.7e-24,0,1
"regulation of establishment of cell polarity","MMEA9_C1",0,0,3.7e-24,0,1
"cellular lipid catabolic process","MMEA9_C1",1,0,3.7e-24,1,0.3522
"neuron apoptotic process","MMEA9_C1",0,0,3.7e-24,0,1
"inner cell mass cell proliferation","MMEA9_C1",0,0,3.7e-24,0,1
"polyamine biosynthetic process","MMEA9_C1",0,0,3.7e-24,0,1
"folic acid metabolic process","MMEA9_C1",0,0,3.7e-24,0,1
"organelle inheritance","MMEA9_C1",0,0,3.7e-24,0,1
"polyol metabolic process","MMEA9_C1",0,0,3.7e-24,0,1
"regulation of type I interferon-mediated signaling pathway","MMEA9_C1",0,0,3.7e-24,0,1
"intracellular lipid transport","MMEA9_C1",0,0,3.7e-24,0,1
"fat cell differentiation","MMEA9_C1",0,0,3.7e-24,0,1
"iron ion homeostasis","MMEA9_C1",0,0,3.7e-24,0,1
"negative regulation of cell projection organization","MMEA9_C1",0,0,3.7e-24,0,1
"dicarboxylic acid metabolic process","MMEA9_C1",0,0,3.7e-24,0,1
"regulation of anatomical structure size","MMEA9_C1",0,1,3.7e-24,-1,0.4381
"regulation of small molecule metabolic process","MMEA9_C1",0,0,3.7e-24,0,1
"pentose-phosphate shunt","MMEA9_C1",0,0,3.7e-24,0,1
"pericardium development","MMEA9_C1",0,0,3.7e-24,0,1
"lysosomal protein catabolic process","MMEA9_C1",0,0,3.7e-24,0,1
"carbohydrate derivative transport","MMEA9_C1",0,0,3.7e-24,0,1
"alcohol biosynthetic process","MMEA9_C1",0,0,3.7e-24,0,1
"regulation of membrane permeability","MMEA9_C1",0,0,3.7e-24,0,1
"signal peptide processing","MMEA9_C1",0,0,3.7e-24,0,1
"UV-damage excision repair","MMEA9_C1",0,0,3.7e-24,0,1
"biological process involved in interaction with host","MMEA9_C1",0,0,3.7e-24,0,1
"body morphogenesis","MMEA9_C1",0,0,3.7e-24,0,1
"extracellular vesicle biogenesis","MMEA9_C1",0,0,3.7e-24,0,1
"negative regulation of defense response to virus","MMEA9_C1",1,0,3.7e-24,1,0.1175
"aminoglycan biosynthetic process","MMEA9_C1",1,0,3.7e-24,1,0.1476
"sterol biosynthetic process","MMEA9_C1",0,0,3.7e-24,0,1
"polyamine metabolic process","MMEA9_C1",0,0,3.7e-24,0,1
"magnesium ion transport","MMEA9_C1",0,0,3.7e-24,0,1
"lamellipodium morphogenesis","MMEA9_C1",0,0,3.7e-24,0,1
"positive regulation of neuron migration","MMEA9_C1",0,0,3.7e-24,0,1
"regulation of glucose metabolic process","MMEA9_C1",0,0,3.7e-24,0,1
"monosaccharide biosynthetic process","MMEA9_C1",0,0,3.7e-24,0,1
"response to acid chemical","MMEA9_C1",0,0,3.7e-24,0,1
"regulation of carbohydrate metabolic process","MMEA9_C1",1,0,3.7e-24,1,0.2998
"positive regulation of nervous system development","MMEA9_C1",0,0,3.7e-24,0,1
"regulation of circadian rhythm","MMEA9_C1",0,0,3.7e-24,0,1
"trabecula morphogenesis","MMEA9_C1",0,0,3.7e-24,0,1
"pigment accumulation","MMEA9_C1",0,0,3.7e-24,0,1
"cellular pigment accumulation","MMEA9_C1",0,0,3.7e-24,0,1
"regulation of pinocytosis","MMEA9_C1",0,0,3.7e-24,0,1
"regulation of ligase activity","MMEA9_C1",0,0,3.7e-24,0,1
"smoothened signaling pathway involved in dorsal/ventral neural tube patterning","MMEA9_C1",0,0,3.7e-24,0,1
"glycosyl compound metabolic process","MMEA9_C1",0,0,3.7e-24,0,1
"substantia nigra development","MMEA9_C1",0,0,3.7e-24,0,1
"negative regulation of GTPase activity","MMEA9_C1",0,0,3.7e-24,0,1
"axon extension","MMEA9_C1",0,0,3.7e-24,0,1
"positive regulation of epithelial to mesenchymal transition","MMEA9_C1",0,0,3.7e-24,0,1
"one-carbon metabolic process","MMEA9_C1",0,0,3.7e-24,0,1
"NADPH regeneration","MMEA9_C1",0,0,3.7e-24,0,1
"cellular response to dsRNA","MMEA9_C1",0,0,3.7e-24,0,1
"neuron projection organization","MMEA9_C1",0,0,3.7e-24,0,1
"postsynapse organization","MMEA9_C1",1,0,3.7e-24,1,0.3393
"regulation of ketone biosynthetic process","MMEA9_C1",0,0,3.7e-24,0,1
"mitochondrion distribution","MMEA9_C1",0,0,3.7e-24,0,1
"regulation of autophagosome maturation","MMEA9_C1",0,0,3.7e-24,0,1
"magnesium ion transmembrane transport","MMEA9_C1",0,0,3.7e-24,0,1
"regulation of cell division","MMEA9_C1",0,0,3.7e-24,0,1
"intermembrane lipid transfer","MMEA9_C1",0,0,3.7e-24,0,1
"organophosphate ester transport","MMEA9_C1",0,0,3.7e-24,0,1
"movement in host","MMEA9_C1",0,0,3.7e-24,0,1
"extracellular matrix assembly","MMEA9_C1",0,0,3.7e-24,0,1
"cellular metabolic compound salvage","MMEA9_C1",0,0,3.7e-24,0,1
"regulation of ATP-dependent activity","MMEA9_C1",0,0,3.7e-24,0,1
"cell migration involved in heart development","MMEA9_C1",0,0,3.7e-24,0,1
"cellular response to fluid shear stress","MMEA9_C1",0,0,3.7e-24,0,1
"sphingomyelin biosynthetic process","MMEA9_C1",0,0,3.7e-24,0,1
"ether lipid biosynthetic process","MMEA9_C1",0,0,3.7e-24,0,1
"embryonic body morphogenesis","MMEA9_C1",0,0,3.7e-24,0,1
"amino sugar biosynthetic process","MMEA9_C1",0,0,3.7e-24,0,1
"glycerol ether biosynthetic process","MMEA9_C1",0,0,3.7e-24,0,1
"pigmentation","MMEA9_C1",0,0,3.7e-24,0,1
"cellular response to ketone","MMEA9_C1",0,0,3.7e-24,0,1
"nonribosomal peptide biosynthetic process","MMEA9_C1",0,0,3.7e-24,0,1
"glial cell apoptotic process","MMEA9_C1",0,0,3.7e-24,0,1
"lipoprotein catabolic process","MMEA9_C1",0,0,3.7e-24,0,1
"suppression of viral release by host","MMEA9_C1",0,0,3.7e-24,0,1
"chaperone-mediated autophagy","MMEA9_C1",0,0,3.7e-24,0,1
"regulation of steroid hormone biosynthetic process","MMEA9_C1",0,0,3.7e-24,0,1
"synaptic vesicle lumen acidification","MMEA9_C1",0,0,3.7e-24,0,1
"semaphorin-plexin signaling pathway involved in neuron projection guidance","MMEA9_C1",0,0,3.7e-24,0,1
"regulation of Golgi organization","MMEA9_C1",0,0,3.7e-24,0,1
"Schwann cell differentiation","MMEA9_C1",1,0,3.7e-24,1,0.0987
"neurotrophin signaling pathway","MMEA9_C1",0,0,3.7e-24,0,1
"regulation of microtubule depolymerization","MMEA9_C1",0,0,3.7e-24,0,1
"basement membrane organization","MMEA9_C1",0,0,3.7e-24,0,1
"establishment or maintenance of epithelial cell apical/basal polarity","MMEA9_C1",0,0,3.7e-24,0,1
"face development","MMEA9_C1",0,0,3.7e-24,0,1
"osteoblast differentiation","MMEA9_C1",0,0,3.7e-24,0,1
"appendage development","MMEA9_C1",1,0,3.7e-24,1,0.345
"limb development","MMEA9_C1",0,0,3.7e-24,0,1
"regulation of ATP metabolic process","MMEA9_C1",0,0,3.7e-24,0,1
"developmental growth involved in morphogenesis","MMEA9_C1",0,0,3.7e-24,0,1
"embryonic organ development","MMEA9_C1",0,1,3.7e-24,-1,0.4733
"negative regulation of growth","MMEA9_C1",1,0,3.7e-24,1,0.4172
"microtubule depolymerization","MMEA9_C1",0,0,3.7e-24,0,1
"heme metabolic process","MMEA9_C1",0,0,3.7e-24,0,1
"regulation of neuron apoptotic process","MMEA9_C1",1,0,3.7e-24,1,0.3783
"plasma membrane tubulation","MMEA9_C1",0,0,3.7e-24,0,1
"exosomal secretion","MMEA9_C1",0,0,3.7e-24,0,1
"vasculogenesis","MMEA9_C1",0,0,3.7e-24,0,1
"toxin transport","MMEA9_C1",0,0,3.7e-24,0,1
"ncRNA processing","MMEA9_C2",1,1,3.7e-24,0,1
"ribosome biogenesis","MMEA9_C2",0,0,3.7e-24,0,1
"rRNA metabolic process","MMEA9_C2",1,0,3.7e-24,1,0.4275
"proteasome-mediated ubiquitin-dependent protein catabolic process","MMEA9_C2",0,1,3.7e-24,-1,0.4624
"regulation of response to DNA damage stimulus","MMEA9_C2",0,0,3.7e-24,0,1
"establishment of protein localization to organelle","MMEA9_C2",1,1,3.7e-24,0,1
"macroautophagy","MMEA9_C2",0,0,3.7e-24,0,1
"regulation of chromosome organization","MMEA9_C2",1,0,3.7e-24,1,0.4269
"Golgi vesicle transport","MMEA9_C2",0,0,3.7e-24,0,1
"double-strand break repair","MMEA9_C2",1,0,3.7e-24,1,0.4818
"histone modification","MMEA9_C2",0,1,3.7e-24,-1,0.4771
"sister chromatid segregation","MMEA9_C2",1,0,3.7e-24,1,0.4188
"DNA replication","MMEA9_C2",0,0,3.7e-24,0,1
"chromosome segregation","MMEA9_C2",0,1,3.7e-24,-1,0.4905
"mitochondrial gene expression","MMEA9_C2",0,0,3.7e-24,0,1
"nucleocytoplasmic transport","MMEA9_C2",0,0,3.7e-24,0,1
"nuclear transport","MMEA9_C2",0,0,3.7e-24,0,1
"regulation of DNA repair","MMEA9_C2",0,0,3.7e-24,0,1
"peptidyl-lysine modification","MMEA9_C2",0,0,3.7e-24,0,1
"protein targeting","MMEA9_C2",2,1,3.7e-24,0.584962500721156,0.6547
"cytoplasmic translation","MMEA9_C2",1,0,3.7e-24,1,0.2804
"regulation of autophagy","MMEA9_C2",1,0,3.7e-24,1,0.4955
"signal transduction in response to DNA damage","MMEA9_C2",0,0,3.7e-24,0,1
"regulation of intracellular transport","MMEA9_C2",0,0,3.7e-24,0,1
"protein localization to nucleus","MMEA9_C2",0,0,3.7e-24,0,1
"microtubule cytoskeleton organization involved in mitosis","MMEA9_C2",0,0,3.7e-24,0,1
"telomere maintenance","MMEA9_C2",0,0,3.7e-24,0,1
"cell cycle checkpoint signaling","MMEA9_C2",0,0,3.7e-24,0,1
"regulation of protein modification by small protein conjugation or removal","MMEA9_C2",0,0,3.7e-24,0,1
"cellular respiration","MMEA9_C2",0,0,3.7e-24,0,1
"cellular component disassembly","MMEA9_C2",0,1,3.7e-24,-1,0.4455
"nuclear chromosome segregation","MMEA9_C2",0,1,3.7e-24,-1,0.5025
"regulation of protein stability","MMEA9_C2",0,0,3.7e-24,0,1
"regulation of cell cycle phase transition","MMEA9_C2",0,1,3.7e-24,-1,0.4916
"regulation of protein catabolic process","MMEA9_C2",0,1,3.7e-24,-1,0.5302
"response to endoplasmic reticulum stress","MMEA9_C2",0,0,3.7e-24,0,1
"vesicle organization","MMEA9_C2",2,0,3.7e-24,1.58496250072116,0.1535
"mitochondrial respiratory chain complex assembly","MMEA9_C2",1,0,3.7e-24,1,0.219
"DNA-templated transcription elongation","MMEA9_C2",0,0,3.7e-24,0,1
"mitochondrial transport","MMEA9_C2",1,0,3.7e-24,1,0.3537
"establishment of organelle localization","MMEA9_C2",0,1,3.7e-24,-1,0.4858
"regulation of intracellular protein transport","MMEA9_C2",0,0,3.7e-24,0,1
"response to UV","MMEA9_C2",1,0,3.7e-24,1,0.3175
"RNA localization","MMEA9_C2",1,0,3.7e-24,1,0.335
"response to topologically incorrect protein","MMEA9_C2",1,0,3.7e-24,1,0.2809
"organelle fission","MMEA9_C2",1,1,3.7e-24,0,1
"non-membrane-bounded organelle assembly","MMEA9_C2",1,1,3.7e-24,0,1
"protein polyubiquitination","MMEA9_C2",0,0,3.7e-24,0,1
"methylation","MMEA9_C2",1,0,3.7e-24,1,0.4731
"phospholipid biosynthetic process","MMEA9_C2",1,0,3.7e-24,1,0.3832
"oxidative phosphorylation","MMEA9_C2",0,0,3.7e-24,0,1
"establishment of protein localization to membrane","MMEA9_C2",0,0,3.7e-24,0,1
"in utero embryonic development","MMEA9_C2",0,1,3.7e-24,-1,0.5038
"vacuole organization","MMEA9_C2",0,0,3.7e-24,0,1
"nuclear-transcribed mRNA catabolic process","MMEA9_C2",0,0,3.7e-24,0,1
"protein folding","MMEA9_C2",1,0,3.7e-24,1,0.3719
"DNA conformation change","MMEA9_C2",0,0,3.7e-24,0,1
"regulation of chromosome segregation","MMEA9_C2",0,0,3.7e-24,0,1
"regulation of apoptotic signaling pathway","MMEA9_C2",0,1,3.7e-24,-1,0.5009
"cell cycle G2/M phase transition","MMEA9_C2",0,0,3.7e-24,0,1
"vacuolar transport","MMEA9_C2",0,0,3.7e-24,0,1
"response to ionizing radiation","MMEA9_C2",1,0,3.7e-24,1,0.2161
"cellular response to UV","MMEA9_C2",0,0,3.7e-24,0,1
"regulation of binding","MMEA9_C2",2,0,3.7e-24,1.58496250072116,0.1488
"nucleic acid transport","MMEA9_C2",0,0,3.7e-24,0,1
"RNA transport","MMEA9_C2",0,0,3.7e-24,0,1
"ribonucleoprotein complex subunit organization","MMEA9_C2",0,0,3.7e-24,0,1
"regulation of DNA replication","MMEA9_C2",0,0,3.7e-24,0,1
"ribose phosphate metabolic process","MMEA9_C2",0,1,3.7e-24,-1,0.4794
"proton motive force-driven ATP synthesis","MMEA9_C2",0,0,3.7e-24,0,1
"ribonucleotide metabolic process","MMEA9_C2",0,1,3.7e-24,-1,0.5151
"telomere organization","MMEA9_C2",0,0,3.7e-24,0,1
"cellular response to topologically incorrect protein","MMEA9_C2",0,0,3.7e-24,0,1
"Golgi organization","MMEA9_C2",0,0,3.7e-24,0,1
"ribonucleoprotein complex assembly","MMEA9_C2",1,0,3.7e-24,1,0.3219
"cellular nitrogen compound catabolic process","MMEA9_C2",0,1,3.7e-24,-1,0.4909
"negative regulation of phosphorus metabolic process","MMEA9_C2",0,1,3.7e-24,-1,0.4701
"heterocycle catabolic process","MMEA9_C2",2,1,3.7e-24,0.584962500721156,0.6346
"mitochondrial membrane organization","MMEA9_C2",0,0,3.7e-24,0,1
"regulation of protein-containing complex assembly","MMEA9_C2",0,1,3.7e-24,-1,0.5173
"positive regulation of cellular component biogenesis","MMEA9_C2",1,1,3.7e-24,0,1
"response to oxidative stress","MMEA9_C2",0,1,3.7e-24,-1,0.4982
"regulation of supramolecular fiber organization","MMEA9_C2",1,0,3.7e-24,1,0.4715
"positive regulation of protein localization","MMEA9_C2",1,1,3.7e-24,0,1
"positive regulation of cell projection organization","MMEA9_C2",1,1,3.7e-24,0,1
"negative regulation of transferase activity","MMEA9_C2",0,0,3.7e-24,0,1
"autophagy of mitochondrion","MMEA9_C2",0,0,3.7e-24,0,1
"positive regulation of amide metabolic process","MMEA9_C2",0,0,3.7e-24,0,1
"chromatin remodeling","MMEA9_C2",0,0,3.7e-24,0,1
"viral process","MMEA9_C2",0,1,3.7e-24,-1,0.4864
"macromolecule deacylation","MMEA9_C2",1,0,3.7e-24,1,0.2119
"mitotic cytokinesis","MMEA9_C2",0,0,3.7e-24,0,1
"aromatic compound catabolic process","MMEA9_C2",0,1,3.7e-24,-1,0.4939
"vesicle localization","MMEA9_C2",0,0,3.7e-24,0,1
"establishment or maintenance of cell polarity","MMEA9_C2",0,0,3.7e-24,0,1
"Wnt signaling pathway","MMEA9_C2",0,1,3.7e-24,-1,0.5053
"cell-cell signaling by wnt","MMEA9_C2",2,1,3.7e-24,0.584962500721156,0.6392
"ATP metabolic process","MMEA9_C2",0,0,3.7e-24,0,1
"cellular response to chemical stress","MMEA9_C2",0,0,3.7e-24,0,1
"regulation of vacuole organization","MMEA9_C2",0,0,3.7e-24,0,1
"cellular response to external stimulus","MMEA9_C2",0,0,3.7e-24,0,1
"negative regulation of protein phosphorylation","MMEA9_C2",0,0,3.7e-24,0,1
"negative regulation of catabolic process","MMEA9_C2",0,0,3.7e-24,0,1
"regulation of microtubule cytoskeleton organization","MMEA9_C2",1,0,3.7e-24,1,0.2599
"chromosome localization","MMEA9_C2",0,0,3.7e-24,0,1
"negative regulation of mitotic nuclear division","MMEA9_C2",0,0,3.7e-24,0,1
"regulation of actin filament organization","MMEA9_C2",0,0,3.7e-24,0,1
"dephosphorylation","MMEA9_C2",0,0,3.7e-24,0,1
"glycosylation","MMEA9_C2",0,0,3.7e-24,0,1
"positive regulation of establishment of protein localization","MMEA9_C2",0,0,3.7e-24,0,1
"regulation of microtubule-based process","MMEA9_C2",0,0,3.7e-24,0,1
"cell-substrate junction organization","MMEA9_C2",0,0,3.7e-24,0,1
"protein-containing complex localization","MMEA9_C2",0,0,3.7e-24,0,1
"mitochondrial transmembrane transport","MMEA9_C2",0,0,3.7e-24,0,1
"stem cell population maintenance","MMEA9_C2",0,0,3.7e-24,0,1
"ribosome assembly","MMEA9_C2",0,0,3.7e-24,0,1
"intraciliary transport","MMEA9_C2",0,0,3.7e-24,0,1
"Golgi to plasma membrane protein transport","MMEA9_C2",0,0,3.7e-24,0,1
"response to amino acid starvation","MMEA9_C2",0,0,3.7e-24,0,1
"cellular response to extracellular stimulus","MMEA9_C2",1,0,3.7e-24,1,0.3573
"cell growth","MMEA9_C2",0,1,3.7e-24,-1,0.506
"protein glycosylation","MMEA9_C2",1,0,3.7e-24,1,0.3138
"macromolecule glycosylation","MMEA9_C2",0,0,3.7e-24,0,1
"maintenance of cell number","MMEA9_C2",0,0,3.7e-24,0,1
"response to reactive oxygen species","MMEA9_C2",0,0,3.7e-24,0,1
"regulation of cell morphogenesis","MMEA9_C2",0,0,3.7e-24,0,1
"regulation of cellular component size","MMEA9_C2",1,1,3.7e-24,0,1
"cell-substrate junction assembly","MMEA9_C2",0,0,3.7e-24,0,1
"membrane fission","MMEA9_C2",0,0,3.7e-24,0,1
"membrane docking","MMEA9_C2",0,0,3.7e-24,0,1
"fibroblast migration","MMEA9_C2",0,0,3.7e-24,0,1
"nucleus organization","MMEA9_C2",0,0,3.7e-24,0,1
"regulation of cell growth","MMEA9_C2",0,1,3.7e-24,-1,0.5062
"fibroblast proliferation","MMEA9_C2",0,0,3.7e-24,0,1
"cell cycle G1/S phase transition","MMEA9_C2",0,0,3.7e-24,0,1
"actin filament organization","MMEA9_C2",0,1,3.7e-24,-1,0.4968
"response to oxygen levels","MMEA9_C2",0,0,3.7e-24,0,1
"epigenetic regulation of gene expression","MMEA9_C2",0,0,3.7e-24,0,1
"organelle fusion","MMEA9_C2",0,0,3.7e-24,0,1
"lipoprotein metabolic process","MMEA9_C2",0,0,3.7e-24,0,1
"protein lipidation","MMEA9_C2",0,0,3.7e-24,0,1
"regulation of plasma membrane bounded cell projection assembly","MMEA9_C2",0,0,3.7e-24,0,1
"regulation of actin filament-based process","MMEA9_C2",0,0,3.7e-24,0,1
"regulation of GTPase activity","MMEA9_C2",0,0,3.7e-24,0,1
"nuclear envelope organization","MMEA9_C2",0,0,3.7e-24,0,1
"protein autophosphorylation","MMEA9_C2",0,0,3.7e-24,0,1
"connective tissue development","MMEA9_C2",0,0,3.7e-24,0,1
"cellular response to heat","MMEA9_C2",0,0,3.7e-24,0,1
"myeloid cell homeostasis","MMEA9_C2",0,0,3.7e-24,0,1
"regulation of neuron projection development","MMEA9_C2",2,1,3.7e-24,0.584962500721156,0.661
"receptor metabolic process","MMEA9_C2",0,0,3.7e-24,0,1
"maintenance of protein location in cell","MMEA9_C2",0,0,3.7e-24,0,1
"apoptotic mitochondrial changes","MMEA9_C2",0,0,3.7e-24,0,1
"response to transforming growth factor beta","MMEA9_C2",0,0,3.7e-24,0,1
"neural tube development","MMEA9_C2",1,0,3.7e-24,1,0.3099
"maintenance of protein location","MMEA9_C2",0,0,3.7e-24,0,1
"regulation of ubiquitin-protein transferase activity","MMEA9_C2",0,0,3.7e-24,0,1
"cilium assembly","MMEA9_C2",0,0,3.7e-24,0,1
"mRNA export from nucleus","MMEA9_C2",0,0,3.7e-24,0,1
"regulation of cell-substrate junction organization","MMEA9_C2",0,0,3.7e-24,0,1
"membrane biogenesis","MMEA9_C2",0,0,3.7e-24,0,1
"cilium organization","MMEA9_C2",0,0,3.7e-24,0,1
"platelet-derived growth factor receptor signaling pathway","MMEA9_C2",1,0,3.7e-24,1,0.1168
"iron-sulfur cluster assembly","MMEA9_C2",0,0,3.7e-24,0,1
"metallo-sulfur cluster assembly","MMEA9_C2",0,0,3.7e-24,0,1
"centromere complex assembly","MMEA9_C2",0,0,3.7e-24,0,1
"cellular response to oxygen levels","MMEA9_C2",0,0,3.7e-24,0,1
"fatty acid beta-oxidation","MMEA9_C2",0,0,3.7e-24,0,1
"organelle localization by membrane tethering","MMEA9_C2",0,0,3.7e-24,0,1
"autophagosome maturation","MMEA9_C2",0,0,3.7e-24,0,1
"cellular response to transforming growth factor beta stimulus","MMEA9_C2",0,0,3.7e-24,0,1
"nucleotide catabolic process","MMEA9_C2",0,0,3.7e-24,0,1
"tube closure","MMEA9_C2",0,0,3.7e-24,0,1
"regulation of stem cell differentiation","MMEA9_C2",0,0,3.7e-24,0,1
"substrate adhesion-dependent cell spreading","MMEA9_C2",0,0,3.7e-24,0,1
"chondrocyte differentiation","MMEA9_C2",0,0,3.7e-24,0,1
"regulation of fibroblast proliferation","MMEA9_C2",0,0,3.7e-24,0,1
"morphogenesis of an epithelial sheet","MMEA9_C2",0,0,3.7e-24,0,1
"microtubule polymerization","MMEA9_C2",0,0,3.7e-24,0,1
"response to virus","MMEA9_C2",2,1,3.7e-24,0.584962500721156,0.6454
"membrane assembly","MMEA9_C2",0,0,3.7e-24,0,1
"COPII vesicle coating","MMEA9_C2",0,0,3.7e-24,0,1
"erythrocyte differentiation","MMEA9_C2",1,0,3.7e-24,1,0.239
"organophosphate catabolic process","MMEA9_C2",1,0,3.7e-24,1,0.2285
"regulation of embryonic development","MMEA9_C2",0,0,3.7e-24,0,1
"regulation of focal adhesion assembly","MMEA9_C2",0,0,3.7e-24,0,1
"regulation of cell-substrate junction assembly","MMEA9_C2",0,0,3.7e-24,0,1
"regulation of extracellular matrix organization","MMEA9_C2",0,0,3.7e-24,0,1
"GPI anchor biosynthetic process","MMEA9_C2",0,0,3.7e-24,0,1
"lamellipodium organization","MMEA9_C2",0,0,3.7e-24,0,1
"positive regulation of stem cell population maintenance","MMEA9_C2",0,0,3.7e-24,0,1
"monosaccharide metabolic process","MMEA9_C2",0,0,3.7e-24,0,1
"U2-type prespliceosome assembly","MMEA9_C2",0,0,3.7e-24,0,1
"heterochromatin formation","MMEA9_C2",0,0,3.7e-24,0,1
"peroxisome organization","MMEA9_C2",0,0,3.7e-24,0,1
"regulation of mitochondrial fission","MMEA9_C2",0,0,3.7e-24,0,1
"cellular pigmentation","MMEA9_C2",0,0,3.7e-24,0,1
"regulation of fibroblast migration","MMEA9_C2",0,0,3.7e-24,0,1
"cellular carbohydrate metabolic process","MMEA9_C2",0,0,3.7e-24,0,1
"positive regulation of axonogenesis","MMEA9_C2",0,0,3.7e-24,0,1
"kinetochore organization","MMEA9_C2",0,0,3.7e-24,0,1
"stem cell differentiation","MMEA9_C2",0,0,3.7e-24,0,1
"proton transmembrane transport","MMEA9_C2",0,0,3.7e-24,0,1
"cellular response to insulin stimulus","MMEA9_C2",0,0,3.7e-24,0,1
"establishment of mitotic spindle localization","MMEA9_C2",0,0,3.7e-24,0,1
"cell redox homeostasis","MMEA9_C2",0,0,3.7e-24,0,1
"stress granule assembly","MMEA9_C2",0,0,3.7e-24,0,1
"protein neddylation","MMEA9_C2",0,0,3.7e-24,0,1
"regulation of mitochondrial membrane potential","MMEA9_C2",0,0,3.7e-24,0,1
"neuron death","MMEA9_C2",0,0,3.7e-24,0,1
"defense response to virus","MMEA9_C2",1,0,3.7e-24,1,0.3565
"sulfur compound metabolic process","MMEA9_C2",2,0,3.7e-24,1.58496250072116,0.0962
"NADP metabolic process","MMEA9_C2",0,0,3.7e-24,0,1
"vacuolar acidification","MMEA9_C2",0,0,3.7e-24,0,1
"oligosaccharide-lipid intermediate biosynthetic process","MMEA9_C2",0,0,3.7e-24,0,1
"lysosomal lumen acidification","MMEA9_C2",0,0,3.7e-24,0,1
"glycosyl compound biosynthetic process","MMEA9_C2",0,0,3.7e-24,0,1
"heart valve development","MMEA9_C2",1,0,3.7e-24,1,0.1628
"water-soluble vitamin metabolic process","MMEA9_C2",0,0,3.7e-24,0,1
"interferon-beta production","MMEA9_C2",0,0,3.7e-24,0,1
"regulation of interferon-beta production","MMEA9_C2",0,0,3.7e-24,0,1
"branched-chain amino acid metabolic process","MMEA9_C2",0,0,3.7e-24,0,1
"regulation of mitochondrial membrane permeability","MMEA9_C2",0,0,3.7e-24,0,1
"respiratory tube development","MMEA9_C2",1,0,3.7e-24,1,0.2443
"cellular senescence","MMEA9_C2",1,0,3.7e-24,1,0.1833
"positive regulation of neurogenesis","MMEA9_C2",0,0,3.7e-24,0,1
"mitochondrial outer membrane permeabilization","MMEA9_C2",2,0,3.7e-24,1.58496250072116,0.0019
"immune system development","MMEA9_C2",0,0,3.7e-24,0,1
"clathrin-dependent endocytosis","MMEA9_C2",1,0,3.7e-24,1,0.07
"positive regulation of viral process","MMEA9_C2",0,0,3.7e-24,0,1
"bone development","MMEA9_C2",0,0,3.7e-24,0,1
"cell-substrate adhesion","MMEA9_C2",0,0,3.7e-24,0,1
"positive regulation of microtubule polymerization","MMEA9_C2",0,0,3.7e-24,0,1
"pteridine-containing compound metabolic process","MMEA9_C2",0,0,3.7e-24,0,1
"response to arsenic-containing substance","MMEA9_C2",0,0,3.7e-24,0,1
"response to insulin","MMEA9_C2",0,0,3.7e-24,0,1
"ubiquinone metabolic process","MMEA9_C2",0,0,3.7e-24,0,1
"cellular response to arsenic-containing substance","MMEA9_C2",0,0,3.7e-24,0,1
"inositol phosphate catabolic process","MMEA9_C2",0,0,3.7e-24,0,1
"telomerase RNA localization to Cajal body","MMEA9_C2",0,0,3.7e-24,0,1
"respiratory system development","MMEA9_C2",0,0,3.7e-24,0,1
"regulation of generation of precursor metabolites and energy","MMEA9_C2",0,0,3.7e-24,0,1
"mitochondrial calcium ion homeostasis","MMEA9_C2",0,0,3.7e-24,0,1
"G0 to G1 transition","MMEA9_C2",0,0,3.7e-24,0,1
"mitochondrial genome maintenance","MMEA9_C2",0,0,3.7e-24,0,1
"release of cytochrome c from mitochondria","MMEA9_C2",0,0,3.7e-24,0,1
"cortical cytoskeleton organization","MMEA9_C2",0,0,3.7e-24,0,1
"response to sterol depletion","MMEA9_C2",0,0,3.7e-24,0,1
"regulation of ncRNA transcription","MMEA9_C2",0,0,3.7e-24,0,1
"mesenchymal cell differentiation","MMEA9_C2",0,0,3.7e-24,0,1
"protein-DNA complex subunit organization","MMEA9_C2",0,0,3.7e-24,0,1
"response to fluid shear stress","MMEA9_C2",0,0,3.7e-24,0,1
"collagen fibril organization","MMEA9_C2",1,0,3.7e-24,1,0.1419
"roof of mouth development","MMEA9_C2",0,0,3.7e-24,0,1
"regulation of protein dephosphorylation","MMEA9_C2",0,0,3.7e-24,0,1
"multicellular organism growth","MMEA9_C2",0,0,3.7e-24,0,1
"miRNA processing","MMEA9_C2",0,0,3.7e-24,0,1
"small molecule catabolic process","MMEA9_C2",0,0,3.7e-24,0,1
"regulation of G0 to G1 transition","MMEA9_C2",0,0,3.7e-24,0,1
"circadian regulation of gene expression","MMEA9_C2",0,0,3.7e-24,0,1
"regulation of translational fidelity","MMEA9_C2",0,0,3.7e-24,0,1
"ubiquinone biosynthetic process","MMEA9_C2",0,0,3.7e-24,0,1
"mitochondrial calcium ion transmembrane transport","MMEA9_C2",0,0,3.7e-24,0,1
"quinone biosynthetic process","MMEA9_C2",0,0,3.7e-24,0,1
"viral release from host cell","MMEA9_C2",0,0,3.7e-24,0,1
"exit from host cell","MMEA9_C2",0,0,3.7e-24,0,1
"positive regulation of GTPase activity","MMEA9_C2",1,0,3.7e-24,1,0.3743
"regulation of cytokinesis","MMEA9_C2",0,0,3.7e-24,0,1
"mitochondrion localization","MMEA9_C2",0,0,3.7e-24,0,1
"renal system development","MMEA9_C2",0,0,3.7e-24,0,1
"regulation of cysteine-type endopeptidase activity involved in apoptotic process","MMEA9_C2",1,0,3.7e-24,1,0.3509
"regulation of cell-substrate adhesion","MMEA9_C2",0,0,3.7e-24,0,1
"centrosome localization","MMEA9_C2",0,0,3.7e-24,0,1
"microtubule organizing center localization","MMEA9_C2",0,0,3.7e-24,0,1
"pinocytosis","MMEA9_C2",0,0,3.7e-24,0,1
"lamellipodium assembly","MMEA9_C2",0,0,3.7e-24,0,1
"cellular response to sterol depletion","MMEA9_C2",0,0,3.7e-24,0,1
"placenta development","MMEA9_C2",0,0,3.7e-24,0,1
"rhythmic process","MMEA9_C2",0,0,3.7e-24,0,1
"spindle localization","MMEA9_C2",0,0,3.7e-24,0,1
"carbohydrate derivative catabolic process","MMEA9_C2",0,0,3.7e-24,0,1
"response to amino acid","MMEA9_C2",0,0,3.7e-24,0,1
"regulation of intracellular steroid hormone receptor signaling pathway","MMEA9_C2",0,0,3.7e-24,0,1
"regulation of neuron death","MMEA9_C2",0,0,3.7e-24,0,1
"ossification","MMEA9_C2",0,0,3.7e-24,0,1
"mammary gland epithelial cell proliferation","MMEA9_C2",0,0,3.7e-24,0,1
"ribosomal subunit export from nucleus","MMEA9_C2",0,0,3.7e-24,0,1
"ribosome localization","MMEA9_C2",0,0,3.7e-24,0,1
"protein transport to vacuole involved in ubiquitin-dependent protein catabolic process via the multivesicular body sorting pathway","MMEA9_C2",0,0,3.7e-24,0,1
"seminiferous tubule development","MMEA9_C2",0,0,3.7e-24,0,1
"cellular response to acid chemical","MMEA9_C2",0,0,3.7e-24,0,1
"positive regulation of kinase activity","MMEA9_C2",1,1,3.7e-24,0,1
"positive regulation by host of viral process","MMEA9_C2",0,0,3.7e-24,0,1
"mitochondrion morphogenesis","MMEA9_C2",0,0,3.7e-24,0,1
"regulation of establishment of cell polarity","MMEA9_C2",0,0,3.7e-24,0,1
"cellular lipid catabolic process","MMEA9_C2",0,0,3.7e-24,0,1
"neuron apoptotic process","MMEA9_C2",0,0,3.7e-24,0,1
"inner cell mass cell proliferation","MMEA9_C2",0,0,3.7e-24,0,1
"polyamine biosynthetic process","MMEA9_C2",0,0,3.7e-24,0,1
"folic acid metabolic process","MMEA9_C2",0,0,3.7e-24,0,1
"organelle inheritance","MMEA9_C2",0,0,3.7e-24,0,1
"polyol metabolic process","MMEA9_C2",0,0,3.7e-24,0,1
"regulation of type I interferon-mediated signaling pathway","MMEA9_C2",0,0,3.7e-24,0,1
"intracellular lipid transport","MMEA9_C2",0,0,3.7e-24,0,1
"fat cell differentiation","MMEA9_C2",0,0,3.7e-24,0,1
"iron ion homeostasis","MMEA9_C2",0,0,3.7e-24,0,1
"negative regulation of cell projection organization","MMEA9_C2",0,0,3.7e-24,0,1
"dicarboxylic acid metabolic process","MMEA9_C2",0,0,3.7e-24,0,1
"regulation of anatomical structure size","MMEA9_C2",1,1,3.7e-24,0,1
"regulation of small molecule metabolic process","MMEA9_C2",0,0,3.7e-24,0,1
"pentose-phosphate shunt","MMEA9_C2",0,0,3.7e-24,0,1
"pericardium development","MMEA9_C2",1,0,3.7e-24,1,0.0335
"lysosomal protein catabolic process","MMEA9_C2",0,0,3.7e-24,0,1
"carbohydrate derivative transport","MMEA9_C2",0,0,3.7e-24,0,1
"alcohol biosynthetic process","MMEA9_C2",2,0,3.7e-24,1.58496250072116,0.0265
"regulation of membrane permeability","MMEA9_C2",0,0,3.7e-24,0,1
"signal peptide processing","MMEA9_C2",0,0,3.7e-24,0,1
"UV-damage excision repair","MMEA9_C2",0,0,3.7e-24,0,1
"biological process involved in interaction with host","MMEA9_C2",1,0,3.7e-24,1,0.2607
"body morphogenesis","MMEA9_C2",0,0,3.7e-24,0,1
"extracellular vesicle biogenesis","MMEA9_C2",0,0,3.7e-24,0,1
"negative regulation of defense response to virus","MMEA9_C2",0,0,3.7e-24,0,1
"aminoglycan biosynthetic process","MMEA9_C2",0,0,3.7e-24,0,1
"sterol biosynthetic process","MMEA9_C2",0,0,3.7e-24,0,1
"polyamine metabolic process","MMEA9_C2",0,0,3.7e-24,0,1
"magnesium ion transport","MMEA9_C2",0,0,3.7e-24,0,1
"lamellipodium morphogenesis","MMEA9_C2",1,0,3.7e-24,1,0.042
"positive regulation of neuron migration","MMEA9_C2",0,0,3.7e-24,0,1
"regulation of glucose metabolic process","MMEA9_C2",0,0,3.7e-24,0,1
"monosaccharide biosynthetic process","MMEA9_C2",0,0,3.7e-24,0,1
"response to acid chemical","MMEA9_C2",1,0,3.7e-24,1,0.2165
"regulation of carbohydrate metabolic process","MMEA9_C2",0,0,3.7e-24,0,1
"positive regulation of nervous system development","MMEA9_C2",1,0,3.7e-24,1,0.3484
"regulation of circadian rhythm","MMEA9_C2",0,0,3.7e-24,0,1
"trabecula morphogenesis","MMEA9_C2",0,0,3.7e-24,0,1
"pigment accumulation","MMEA9_C2",0,0,3.7e-24,0,1
"cellular pigment accumulation","MMEA9_C2",0,0,3.7e-24,0,1
"regulation of pinocytosis","MMEA9_C2",0,0,3.7e-24,0,1
"regulation of ligase activity","MMEA9_C2",0,0,3.7e-24,0,1
"smoothened signaling pathway involved in dorsal/ventral neural tube patterning","MMEA9_C2",0,0,3.7e-24,0,1
"glycosyl compound metabolic process","MMEA9_C2",0,0,3.7e-24,0,1
"substantia nigra development","MMEA9_C2",0,0,3.7e-24,0,1
"negative regulation of GTPase activity","MMEA9_C2",0,0,3.7e-24,0,1
"axon extension","MMEA9_C2",0,0,3.7e-24,0,1
"positive regulation of epithelial to mesenchymal transition","MMEA9_C2",0,0,3.7e-24,0,1
"one-carbon metabolic process","MMEA9_C2",0,0,3.7e-24,0,1
"NADPH regeneration","MMEA9_C2",0,0,3.7e-24,0,1
"cellular response to dsRNA","MMEA9_C2",0,0,3.7e-24,0,1
"neuron projection organization","MMEA9_C2",0,0,3.7e-24,0,1
"postsynapse organization","MMEA9_C2",1,0,3.7e-24,1,0.305
"regulation of ketone biosynthetic process","MMEA9_C2",0,0,3.7e-24,0,1
"mitochondrion distribution","MMEA9_C2",0,0,3.7e-24,0,1
"regulation of autophagosome maturation","MMEA9_C2",0,0,3.7e-24,0,1
"magnesium ion transmembrane transport","MMEA9_C2",0,0,3.7e-24,0,1
"regulation of cell division","MMEA9_C2",0,0,3.7e-24,0,1
"intermembrane lipid transfer","MMEA9_C2",0,0,3.7e-24,0,1
"organophosphate ester transport","MMEA9_C2",0,0,3.7e-24,0,1
"movement in host","MMEA9_C2",1,0,3.7e-24,1,0.2914
"extracellular matrix assembly","MMEA9_C2",0,0,3.7e-24,0,1
"cellular metabolic compound salvage","MMEA9_C2",0,0,3.7e-24,0,1
"regulation of ATP-dependent activity","MMEA9_C2",0,0,3.7e-24,0,1
"cell migration involved in heart development","MMEA9_C2",0,0,3.7e-24,0,1
"cellular response to fluid shear stress","MMEA9_C2",0,0,3.7e-24,0,1
"sphingomyelin biosynthetic process","MMEA9_C2",0,0,3.7e-24,0,1
"ether lipid biosynthetic process","MMEA9_C2",0,0,3.7e-24,0,1
"embryonic body morphogenesis","MMEA9_C2",0,0,3.7e-24,0,1
"amino sugar biosynthetic process","MMEA9_C2",0,0,3.7e-24,0,1
"glycerol ether biosynthetic process","MMEA9_C2",0,0,3.7e-24,0,1
"pigmentation","MMEA9_C2",0,0,3.7e-24,0,1
"cellular response to ketone","MMEA9_C2",1,0,3.7e-24,1,0.1938
"nonribosomal peptide biosynthetic process","MMEA9_C2",1,0,3.7e-24,1,0.0537
"glial cell apoptotic process","MMEA9_C2",0,0,3.7e-24,0,1
"lipoprotein catabolic process","MMEA9_C2",0,0,3.7e-24,0,1
"suppression of viral release by host","MMEA9_C2",0,0,3.7e-24,0,1
"chaperone-mediated autophagy","MMEA9_C2",0,0,3.7e-24,0,1
"regulation of steroid hormone biosynthetic process","MMEA9_C2",0,0,3.7e-24,0,1
"synaptic vesicle lumen acidification","MMEA9_C2",0,0,3.7e-24,0,1
"semaphorin-plexin signaling pathway involved in neuron projection guidance","MMEA9_C2",0,0,3.7e-24,0,1
"regulation of Golgi organization","MMEA9_C2",0,0,3.7e-24,0,1
"Schwann cell differentiation","MMEA9_C2",0,0,3.7e-24,0,1
"neurotrophin signaling pathway","MMEA9_C2",0,0,3.7e-24,0,1
"regulation of microtubule depolymerization","MMEA9_C2",0,0,3.7e-24,0,1
"basement membrane organization","MMEA9_C2",0,0,3.7e-24,0,1
"establishment or maintenance of epithelial cell apical/basal polarity","MMEA9_C2",0,0,3.7e-24,0,1
"face development","MMEA9_C2",0,0,3.7e-24,0,1
"osteoblast differentiation","MMEA9_C2",0,0,3.7e-24,0,1
"appendage development","MMEA9_C2",0,0,3.7e-24,0,1
"limb development","MMEA9_C2",0,0,3.7e-24,0,1
"regulation of ATP metabolic process","MMEA9_C2",0,0,3.7e-24,0,1
"developmental growth involved in morphogenesis","MMEA9_C2",0,0,3.7e-24,0,1
"embryonic organ development","MMEA9_C2",0,0,3.7e-24,0,1
"negative regulation of growth","MMEA9_C2",0,0,3.7e-24,0,1
"microtubule depolymerization","MMEA9_C2",0,0,3.7e-24,0,1
"heme metabolic process","MMEA9_C2",0,0,3.7e-24,0,1
"regulation of neuron apoptotic process","MMEA9_C2",2,0,3.7e-24,1.58496250072116,0.0481
"plasma membrane tubulation","MMEA9_C2",0,0,3.7e-24,0,1
"exosomal secretion","MMEA9_C2",0,0,3.7e-24,0,1
"vasculogenesis","MMEA9_C2",0,0,3.7e-24,0,1
"toxin transport","MMEA9_C2",0,0,3.7e-24,0,1
"ncRNA processing","MMEA9_C3",1,1,3.7e-24,0,1
"ribosome biogenesis","MMEA9_C3",0,1,3.7e-24,-1,0.4584
"rRNA metabolic process","MMEA9_C3",0,1,3.7e-24,-1,0.5128
"proteasome-mediated ubiquitin-dependent protein catabolic process","MMEA9_C3",0,1,3.7e-24,-1,0.4225
"regulation of response to DNA damage stimulus","MMEA9_C3",0,1,3.7e-24,-1,0.4785
"establishment of protein localization to organelle","MMEA9_C3",0,1,3.7e-24,-1,0.414
"macroautophagy","MMEA9_C3",0,1,3.7e-24,-1,0.4634
"regulation of chromosome organization","MMEA9_C3",0,1,3.7e-24,-1,0.5281
"Golgi vesicle transport","MMEA9_C3",1,1,3.7e-24,0,1
"double-strand break repair","MMEA9_C3",0,1,3.7e-24,-1,0.4835
"histone modification","MMEA9_C3",0,1,3.7e-24,-1,0.4208
"sister chromatid segregation","MMEA9_C3",1,1,3.7e-24,0,1
"DNA replication","MMEA9_C3",0,1,3.7e-24,-1,0.5165
"chromosome segregation","MMEA9_C3",1,1,3.7e-24,0,1
"mitochondrial gene expression","MMEA9_C3",0,0,3.7e-24,0,1
"nucleocytoplasmic transport","MMEA9_C3",0,1,3.7e-24,-1,0.4658
"nuclear transport","MMEA9_C3",0,1,3.7e-24,-1,0.51
"regulation of DNA repair","MMEA9_C3",1,0,3.7e-24,1,0.4215
"peptidyl-lysine modification","MMEA9_C3",1,1,3.7e-24,0,1
"protein targeting","MMEA9_C3",0,1,3.7e-24,-1,0.4502
"cytoplasmic translation","MMEA9_C3",0,0,3.7e-24,0,1
"regulation of autophagy","MMEA9_C3",0,1,3.7e-24,-1,0.4623
"signal transduction in response to DNA damage","MMEA9_C3",0,0,3.7e-24,0,1
"regulation of intracellular transport","MMEA9_C3",0,1,3.7e-24,-1,0.4769
"protein localization to nucleus","MMEA9_C3",0,1,3.7e-24,-1,0.503
"microtubule cytoskeleton organization involved in mitosis","MMEA9_C3",0,0,3.7e-24,0,1
"telomere maintenance","MMEA9_C3",0,0,3.7e-24,0,1
"cell cycle checkpoint signaling","MMEA9_C3",1,0,3.7e-24,1,0.4538
"regulation of protein modification by small protein conjugation or removal","MMEA9_C3",0,0,3.7e-24,0,1
"cellular respiration","MMEA9_C3",1,0,3.7e-24,1,0.4396
"cellular component disassembly","MMEA9_C3",0,1,3.7e-24,-1,0.425
"nuclear chromosome segregation","MMEA9_C3",0,1,3.7e-24,-1,0.4589
"regulation of protein stability","MMEA9_C3",0,1,3.7e-24,-1,0.484
"regulation of cell cycle phase transition","MMEA9_C3",0,1,3.7e-24,-1,0.4252
"regulation of protein catabolic process","MMEA9_C3",2,1,3.7e-24,0.584962500721156,0.6352
"response to endoplasmic reticulum stress","MMEA9_C3",0,0,3.7e-24,0,1
"vesicle organization","MMEA9_C3",0,1,3.7e-24,-1,0.4568
"mitochondrial respiratory chain complex assembly","MMEA9_C3",0,0,3.7e-24,0,1
"DNA-templated transcription elongation","MMEA9_C3",0,0,3.7e-24,0,1
"mitochondrial transport","MMEA9_C3",0,0,3.7e-24,0,1
"establishment of organelle localization","MMEA9_C3",1,1,3.7e-24,0,1
"regulation of intracellular protein transport","MMEA9_C3",0,0,3.7e-24,0,1
"response to UV","MMEA9_C3",0,0,3.7e-24,0,1
"RNA localization","MMEA9_C3",1,0,3.7e-24,1,0.3895
"response to topologically incorrect protein","MMEA9_C3",0,0,3.7e-24,0,1
"organelle fission","MMEA9_C3",1,1,3.7e-24,0,1
"non-membrane-bounded organelle assembly","MMEA9_C3",0,1,3.7e-24,-1,0.4375
"protein polyubiquitination","MMEA9_C3",0,1,3.7e-24,-1,0.5017
"methylation","MMEA9_C3",0,1,3.7e-24,-1,0.4524
"phospholipid biosynthetic process","MMEA9_C3",1,0,3.7e-24,1,0.4673
"oxidative phosphorylation","MMEA9_C3",0,0,3.7e-24,0,1
"establishment of protein localization to membrane","MMEA9_C3",1,1,3.7e-24,0,1
"in utero embryonic development","MMEA9_C3",1,1,3.7e-24,0,1
"vacuole organization","MMEA9_C3",0,0,3.7e-24,0,1
"nuclear-transcribed mRNA catabolic process","MMEA9_C3",0,0,3.7e-24,0,1
"protein folding","MMEA9_C3",0,0,3.7e-24,0,1
"DNA conformation change","MMEA9_C3",1,0,3.7e-24,1,0.2039
"regulation of chromosome segregation","MMEA9_C3",1,0,3.7e-24,1,0.2685
"regulation of apoptotic signaling pathway","MMEA9_C3",1,1,3.7e-24,0,1
"cell cycle G2/M phase transition","MMEA9_C3",0,0,3.7e-24,0,1
"vacuolar transport","MMEA9_C3",0,0,3.7e-24,0,1
"response to ionizing radiation","MMEA9_C3",0,0,3.7e-24,0,1
"cellular response to UV","MMEA9_C3",0,0,3.7e-24,0,1
"regulation of binding","MMEA9_C3",1,1,3.7e-24,0,1
"nucleic acid transport","MMEA9_C3",1,0,3.7e-24,1,0.3555
"RNA transport","MMEA9_C3",2,0,3.7e-24,1.58496250072116,0.0558
"ribonucleoprotein complex subunit organization","MMEA9_C3",0,1,3.7e-24,-1,0.5337
"regulation of DNA replication","MMEA9_C3",0,0,3.7e-24,0,1
"ribose phosphate metabolic process","MMEA9_C3",0,1,3.7e-24,-1,0.4326
"proton motive force-driven ATP synthesis","MMEA9_C3",0,0,3.7e-24,0,1
"ribonucleotide metabolic process","MMEA9_C3",0,1,3.7e-24,-1,0.4264
"telomere organization","MMEA9_C3",0,0,3.7e-24,0,1
"cellular response to topologically incorrect protein","MMEA9_C3",0,0,3.7e-24,0,1
"Golgi organization","MMEA9_C3",0,0,3.7e-24,0,1
"ribonucleoprotein complex assembly","MMEA9_C3",0,0,3.7e-24,0,1
"cellular nitrogen compound catabolic process","MMEA9_C3",0,1,3.7e-24,-1,0.4103
"negative regulation of phosphorus metabolic process","MMEA9_C3",0,1,3.7e-24,-1,0.4385
"heterocycle catabolic process","MMEA9_C3",0,1,3.7e-24,-1,0.4163
"mitochondrial membrane organization","MMEA9_C3",0,0,3.7e-24,0,1
"regulation of protein-containing complex assembly","MMEA9_C3",0,1,3.7e-24,-1,0.4515
"positive regulation of cellular component biogenesis","MMEA9_C3",2,1,3.7e-24,0.584962500721156,0.6417
"response to oxidative stress","MMEA9_C3",0,1,3.7e-24,-1,0.4511
"regulation of supramolecular fiber organization","MMEA9_C3",2,1,3.7e-24,0.584962500721156,0.6298
"positive regulation of protein localization","MMEA9_C3",3,1,3.7e-24,1,0.4596
"positive regulation of cell projection organization","MMEA9_C3",0,1,3.7e-24,-1,0.4756
"negative regulation of transferase activity","MMEA9_C3",0,0,3.7e-24,0,1
"autophagy of mitochondrion","MMEA9_C3",0,0,3.7e-24,0,1
"positive regulation of amide metabolic process","MMEA9_C3",0,0,3.7e-24,0,1
"chromatin remodeling","MMEA9_C3",0,1,3.7e-24,-1,0.4665
"viral process","MMEA9_C3",1,1,3.7e-24,0,1
"macromolecule deacylation","MMEA9_C3",0,0,3.7e-24,0,1
"mitotic cytokinesis","MMEA9_C3",0,0,3.7e-24,0,1
"aromatic compound catabolic process","MMEA9_C3",0,1,3.7e-24,-1,0.4294
"vesicle localization","MMEA9_C3",0,0,3.7e-24,0,1
"establishment or maintenance of cell polarity","MMEA9_C3",0,0,3.7e-24,0,1
"Wnt signaling pathway","MMEA9_C3",2,1,3.7e-24,0.584962500721156,0.6309
"cell-cell signaling by wnt","MMEA9_C3",1,1,3.7e-24,0,1
"ATP metabolic process","MMEA9_C3",0,0,3.7e-24,0,1
"cellular response to chemical stress","MMEA9_C3",1,1,3.7e-24,0,1
"regulation of vacuole organization","MMEA9_C3",0,0,3.7e-24,0,1
"cellular response to external stimulus","MMEA9_C3",0,1,3.7e-24,-1,0.4671
"negative regulation of protein phosphorylation","MMEA9_C3",0,1,3.7e-24,-1,0.479
"negative regulation of catabolic process","MMEA9_C3",0,1,3.7e-24,-1,0.5129
"regulation of microtubule cytoskeleton organization","MMEA9_C3",0,0,3.7e-24,0,1
"chromosome localization","MMEA9_C3",0,0,3.7e-24,0,1
"negative regulation of mitotic nuclear division","MMEA9_C3",0,0,3.7e-24,0,1
"regulation of actin filament organization","MMEA9_C3",0,0,3.7e-24,0,1
"dephosphorylation","MMEA9_C3",2,1,3.7e-24,0.584962500721156,0.6388
"glycosylation","MMEA9_C3",1,0,3.7e-24,1,0.4556
"positive regulation of establishment of protein localization","MMEA9_C3",0,1,3.7e-24,-1,0.5073
"regulation of microtubule-based process","MMEA9_C3",1,0,3.7e-24,1,0.4023
"cell-substrate junction organization","MMEA9_C3",0,0,3.7e-24,0,1
"protein-containing complex localization","MMEA9_C3",0,0,3.7e-24,0,1
"mitochondrial transmembrane transport","MMEA9_C3",1,0,3.7e-24,1,0.2123
"stem cell population maintenance","MMEA9_C3",0,0,3.7e-24,0,1
"ribosome assembly","MMEA9_C3",0,0,3.7e-24,0,1
"intraciliary transport","MMEA9_C3",0,0,3.7e-24,0,1
"Golgi to plasma membrane protein transport","MMEA9_C3",0,0,3.7e-24,0,1
"response to amino acid starvation","MMEA9_C3",0,0,3.7e-24,0,1
"cellular response to extracellular stimulus","MMEA9_C3",1,0,3.7e-24,1,0.4902
"cell growth","MMEA9_C3",0,1,3.7e-24,-1,0.4347
"protein glycosylation","MMEA9_C3",0,0,3.7e-24,0,1
"macromolecule glycosylation","MMEA9_C3",0,0,3.7e-24,0,1
"maintenance of cell number","MMEA9_C3",0,0,3.7e-24,0,1
"response to reactive oxygen species","MMEA9_C3",0,0,3.7e-24,0,1
"regulation of cell morphogenesis","MMEA9_C3",0,0,3.7e-24,0,1
"regulation of cellular component size","MMEA9_C3",1,1,3.7e-24,0,1
"cell-substrate junction assembly","MMEA9_C3",0,0,3.7e-24,0,1
"membrane fission","MMEA9_C3",0,0,3.7e-24,0,1
"membrane docking","MMEA9_C3",0,0,3.7e-24,0,1
"fibroblast migration","MMEA9_C3",0,0,3.7e-24,0,1
"nucleus organization","MMEA9_C3",0,0,3.7e-24,0,1
"regulation of cell growth","MMEA9_C3",0,1,3.7e-24,-1,0.4463
"fibroblast proliferation","MMEA9_C3",0,0,3.7e-24,0,1
"cell cycle G1/S phase transition","MMEA9_C3",0,0,3.7e-24,0,1
"actin filament organization","MMEA9_C3",1,1,3.7e-24,0,1
"response to oxygen levels","MMEA9_C3",0,1,3.7e-24,-1,0.5008
"epigenetic regulation of gene expression","MMEA9_C3",0,0,3.7e-24,0,1
"organelle fusion","MMEA9_C3",0,0,3.7e-24,0,1
"lipoprotein metabolic process","MMEA9_C3",0,0,3.7e-24,0,1
"protein lipidation","MMEA9_C3",0,0,3.7e-24,0,1
"regulation of plasma membrane bounded cell projection assembly","MMEA9_C3",0,0,3.7e-24,0,1
"regulation of actin filament-based process","MMEA9_C3",1,1,3.7e-24,0,1
"regulation of GTPase activity","MMEA9_C3",0,1,3.7e-24,-1,0.4691
"nuclear envelope organization","MMEA9_C3",0,0,3.7e-24,0,1
"protein autophosphorylation","MMEA9_C3",0,0,3.7e-24,0,1
"connective tissue development","MMEA9_C3",1,0,3.7e-24,1,0.4895
"cellular response to heat","MMEA9_C3",0,0,3.7e-24,0,1
"myeloid cell homeostasis","MMEA9_C3",0,0,3.7e-24,0,1
"regulation of neuron projection development","MMEA9_C3",3,1,3.7e-24,1,0.4457
"receptor metabolic process","MMEA9_C3",0,0,3.7e-24,0,1
"maintenance of protein location in cell","MMEA9_C3",0,0,3.7e-24,0,1
"apoptotic mitochondrial changes","MMEA9_C3",0,0,3.7e-24,0,1
"response to transforming growth factor beta","MMEA9_C3",0,0,3.7e-24,0,1
"neural tube development","MMEA9_C3",0,0,3.7e-24,0,1
"maintenance of protein location","MMEA9_C3",0,0,3.7e-24,0,1
"regulation of ubiquitin-protein transferase activity","MMEA9_C3",0,0,3.7e-24,0,1
"cilium assembly","MMEA9_C3",2,1,3.7e-24,0.584962500721156,0.6457
"mRNA export from nucleus","MMEA9_C3",1,0,3.7e-24,1,0.1521
"regulation of cell-substrate junction organization","MMEA9_C3",0,0,3.7e-24,0,1
"membrane biogenesis","MMEA9_C3",0,0,3.7e-24,0,1
"cilium organization","MMEA9_C3",1,1,3.7e-24,0,1
"platelet-derived growth factor receptor signaling pathway","MMEA9_C3",0,0,3.7e-24,0,1
"iron-sulfur cluster assembly","MMEA9_C3",0,0,3.7e-24,0,1
"metallo-sulfur cluster assembly","MMEA9_C3",0,0,3.7e-24,0,1
"centromere complex assembly","MMEA9_C3",0,0,3.7e-24,0,1
"cellular response to oxygen levels","MMEA9_C3",0,0,3.7e-24,0,1
"fatty acid beta-oxidation","MMEA9_C3",0,0,3.7e-24,0,1
"organelle localization by membrane tethering","MMEA9_C3",0,0,3.7e-24,0,1
"autophagosome maturation","MMEA9_C3",0,0,3.7e-24,0,1
"cellular response to transforming growth factor beta stimulus","MMEA9_C3",0,0,3.7e-24,0,1
"nucleotide catabolic process","MMEA9_C3",1,0,3.7e-24,1,0.1687
"tube closure","MMEA9_C3",0,0,3.7e-24,0,1
"regulation of stem cell differentiation","MMEA9_C3",1,0,3.7e-24,1,0.222
"substrate adhesion-dependent cell spreading","MMEA9_C3",0,0,3.7e-24,0,1
"chondrocyte differentiation","MMEA9_C3",0,0,3.7e-24,0,1
"regulation of fibroblast proliferation","MMEA9_C3",0,0,3.7e-24,0,1
"morphogenesis of an epithelial sheet","MMEA9_C3",0,0,3.7e-24,0,1
"microtubule polymerization","MMEA9_C3",0,0,3.7e-24,0,1
"response to virus","MMEA9_C3",0,1,3.7e-24,-1,0.4361
"membrane assembly","MMEA9_C3",0,0,3.7e-24,0,1
"COPII vesicle coating","MMEA9_C3",0,0,3.7e-24,0,1
"erythrocyte differentiation","MMEA9_C3",0,0,3.7e-24,0,1
"organophosphate catabolic process","MMEA9_C3",0,0,3.7e-24,0,1
"regulation of embryonic development","MMEA9_C3",0,0,3.7e-24,0,1
"regulation of focal adhesion assembly","MMEA9_C3",0,0,3.7e-24,0,1
"regulation of cell-substrate junction assembly","MMEA9_C3",1,0,3.7e-24,1,0.1788
"regulation of extracellular matrix organization","MMEA9_C3",0,0,3.7e-24,0,1
"GPI anchor biosynthetic process","MMEA9_C3",0,0,3.7e-24,0,1
"lamellipodium organization","MMEA9_C3",0,0,3.7e-24,0,1
"positive regulation of stem cell population maintenance","MMEA9_C3",0,0,3.7e-24,0,1
"monosaccharide metabolic process","MMEA9_C3",0,0,3.7e-24,0,1
"U2-type prespliceosome assembly","MMEA9_C3",1,0,3.7e-24,1,0.0783
"heterochromatin formation","MMEA9_C3",1,0,3.7e-24,1,0.2218
"peroxisome organization","MMEA9_C3",0,0,3.7e-24,0,1
"regulation of mitochondrial fission","MMEA9_C3",0,0,3.7e-24,0,1
"cellular pigmentation","MMEA9_C3",0,0,3.7e-24,0,1
"regulation of fibroblast migration","MMEA9_C3",0,0,3.7e-24,0,1
"cellular carbohydrate metabolic process","MMEA9_C3",1,0,3.7e-24,1,0.4967
"positive regulation of axonogenesis","MMEA9_C3",0,0,3.7e-24,0,1
"kinetochore organization","MMEA9_C3",0,0,3.7e-24,0,1
"stem cell differentiation","MMEA9_C3",0,0,3.7e-24,0,1
"proton transmembrane transport","MMEA9_C3",0,0,3.7e-24,0,1
"cellular response to insulin stimulus","MMEA9_C3",0,0,3.7e-24,0,1
"establishment of mitotic spindle localization","MMEA9_C3",0,0,3.7e-24,0,1
"cell redox homeostasis","MMEA9_C3",0,0,3.7e-24,0,1
"stress granule assembly","MMEA9_C3",0,0,3.7e-24,0,1
"protein neddylation","MMEA9_C3",0,0,3.7e-24,0,1
"regulation of mitochondrial membrane potential","MMEA9_C3",0,0,3.7e-24,0,1
"neuron death","MMEA9_C3",1,1,3.7e-24,0,1
"defense response to virus","MMEA9_C3",0,0,3.7e-24,0,1
"sulfur compound metabolic process","MMEA9_C3",0,1,3.7e-24,-1,0.5326
"NADP metabolic process","MMEA9_C3",0,0,3.7e-24,0,1
"vacuolar acidification","MMEA9_C3",0,0,3.7e-24,0,1
"oligosaccharide-lipid intermediate biosynthetic process","MMEA9_C3",0,0,3.7e-24,0,1
"lysosomal lumen acidification","MMEA9_C3",0,0,3.7e-24,0,1
"glycosyl compound biosynthetic process","MMEA9_C3",0,0,3.7e-24,0,1
"heart valve development","MMEA9_C3",0,0,3.7e-24,0,1
"water-soluble vitamin metabolic process","MMEA9_C3",0,0,3.7e-24,0,1
"interferon-beta production","MMEA9_C3",0,0,3.7e-24,0,1
"regulation of interferon-beta production","MMEA9_C3",1,0,3.7e-24,1,0.1609
"branched-chain amino acid metabolic process","MMEA9_C3",0,0,3.7e-24,0,1
"regulation of mitochondrial membrane permeability","MMEA9_C3",0,0,3.7e-24,0,1
"respiratory tube development","MMEA9_C3",0,0,3.7e-24,0,1
"cellular senescence","MMEA9_C3",0,0,3.7e-24,0,1
"positive regulation of neurogenesis","MMEA9_C3",0,0,3.7e-24,0,1
"mitochondrial outer membrane permeabilization","MMEA9_C3",0,0,3.7e-24,0,1
"immune system development","MMEA9_C3",0,0,3.7e-24,0,1
"clathrin-dependent endocytosis","MMEA9_C3",0,0,3.7e-24,0,1
"positive regulation of viral process","MMEA9_C3",0,0,3.7e-24,0,1
"bone development","MMEA9_C3",0,0,3.7e-24,0,1
"cell-substrate adhesion","MMEA9_C3",1,1,3.7e-24,0,1
"positive regulation of microtubule polymerization","MMEA9_C3",0,0,3.7e-24,0,1
"pteridine-containing compound metabolic process","MMEA9_C3",0,0,3.7e-24,0,1
"response to arsenic-containing substance","MMEA9_C3",0,0,3.7e-24,0,1
"response to insulin","MMEA9_C3",0,0,3.7e-24,0,1
"ubiquinone metabolic process","MMEA9_C3",0,0,3.7e-24,0,1
"cellular response to arsenic-containing substance","MMEA9_C3",0,0,3.7e-24,0,1
"inositol phosphate catabolic process","MMEA9_C3",0,0,3.7e-24,0,1
"telomerase RNA localization to Cajal body","MMEA9_C3",1,0,3.7e-24,1,0.0484
"respiratory system development","MMEA9_C3",1,0,3.7e-24,1,0.443
"regulation of generation of precursor metabolites and energy","MMEA9_C3",1,0,3.7e-24,1,0.2337
"mitochondrial calcium ion homeostasis","MMEA9_C3",0,0,3.7e-24,0,1
"G0 to G1 transition","MMEA9_C3",0,0,3.7e-24,0,1
"mitochondrial genome maintenance","MMEA9_C3",0,0,3.7e-24,0,1
"release of cytochrome c from mitochondria","MMEA9_C3",0,0,3.7e-24,0,1
"cortical cytoskeleton organization","MMEA9_C3",1,0,3.7e-24,1,0.0932
"response to sterol depletion","MMEA9_C3",0,0,3.7e-24,0,1
"regulation of ncRNA transcription","MMEA9_C3",0,0,3.7e-24,0,1
"mesenchymal cell differentiation","MMEA9_C3",1,0,3.7e-24,1,0.4539
"protein-DNA complex subunit organization","MMEA9_C3",0,0,3.7e-24,0,1
"response to fluid shear stress","MMEA9_C3",0,0,3.7e-24,0,1
"collagen fibril organization","MMEA9_C3",0,0,3.7e-24,0,1
"roof of mouth development","MMEA9_C3",0,0,3.7e-24,0,1
"regulation of protein dephosphorylation","MMEA9_C3",0,0,3.7e-24,0,1
"multicellular organism growth","MMEA9_C3",2,0,3.7e-24,1.58496250072116,0.0563
"miRNA processing","MMEA9_C3",0,0,3.7e-24,0,1
"small molecule catabolic process","MMEA9_C3",2,1,3.7e-24,0.584962500721156,0.6367
"regulation of G0 to G1 transition","MMEA9_C3",0,0,3.7e-24,0,1
"circadian regulation of gene expression","MMEA9_C3",0,0,3.7e-24,0,1
"regulation of translational fidelity","MMEA9_C3",0,0,3.7e-24,0,1
"ubiquinone biosynthetic process","MMEA9_C3",0,0,3.7e-24,0,1
"mitochondrial calcium ion transmembrane transport","MMEA9_C3",0,0,3.7e-24,0,1
"quinone biosynthetic process","MMEA9_C3",0,0,3.7e-24,0,1
"viral release from host cell","MMEA9_C3",0,0,3.7e-24,0,1
"exit from host cell","MMEA9_C3",0,0,3.7e-24,0,1
"positive regulation of GTPase activity","MMEA9_C3",0,0,3.7e-24,0,1
"regulation of cytokinesis","MMEA9_C3",1,0,3.7e-24,1,0.197
"mitochondrion localization","MMEA9_C3",0,0,3.7e-24,0,1
"renal system development","MMEA9_C3",1,1,3.7e-24,0,1
"regulation of cysteine-type endopeptidase activity involved in apoptotic process","MMEA9_C3",2,0,3.7e-24,1.58496250072116,0.0977
"regulation of cell-substrate adhesion","MMEA9_C3",0,0,3.7e-24,0,1
"centrosome localization","MMEA9_C3",0,0,3.7e-24,0,1
"microtubule organizing center localization","MMEA9_C3",0,0,3.7e-24,0,1
"pinocytosis","MMEA9_C3",0,0,3.7e-24,0,1
"lamellipodium assembly","MMEA9_C3",0,0,3.7e-24,0,1
"cellular response to sterol depletion","MMEA9_C3",0,0,3.7e-24,0,1
"placenta development","MMEA9_C3",0,0,3.7e-24,0,1
"rhythmic process","MMEA9_C3",0,0,3.7e-24,0,1
"spindle localization","MMEA9_C3",0,0,3.7e-24,0,1
"carbohydrate derivative catabolic process","MMEA9_C3",0,0,3.7e-24,0,1
"response to amino acid","MMEA9_C3",0,0,3.7e-24,0,1
"regulation of intracellular steroid hormone receptor signaling pathway","MMEA9_C3",0,0,3.7e-24,0,1
"regulation of neuron death","MMEA9_C3",0,1,3.7e-24,-1,0.5289
"ossification","MMEA9_C3",0,1,3.7e-24,-1,0.4842
"mammary gland epithelial cell proliferation","MMEA9_C3",0,0,3.7e-24,0,1
"ribosomal subunit export from nucleus","MMEA9_C3",0,0,3.7e-24,0,1
"ribosome localization","MMEA9_C3",0,0,3.7e-24,0,1
"protein transport to vacuole involved in ubiquitin-dependent protein catabolic process via the multivesicular body sorting pathway","MMEA9_C3",0,0,3.7e-24,0,1
"seminiferous tubule development","MMEA9_C3",0,0,3.7e-24,0,1
"cellular response to acid chemical","MMEA9_C3",1,0,3.7e-24,1,0.2
"positive regulation of kinase activity","MMEA9_C3",0,1,3.7e-24,-1,0.4633
"positive regulation by host of viral process","MMEA9_C3",0,0,3.7e-24,0,1
"mitochondrion morphogenesis","MMEA9_C3",0,0,3.7e-24,0,1
"regulation of establishment of cell polarity","MMEA9_C3",0,0,3.7e-24,0,1
"cellular lipid catabolic process","MMEA9_C3",1,0,3.7e-24,1,0.3924
"neuron apoptotic process","MMEA9_C3",0,0,3.7e-24,0,1
"inner cell mass cell proliferation","MMEA9_C3",0,0,3.7e-24,0,1
"polyamine biosynthetic process","MMEA9_C3",0,0,3.7e-24,0,1
"folic acid metabolic process","MMEA9_C3",0,0,3.7e-24,0,1
"organelle inheritance","MMEA9_C3",0,0,3.7e-24,0,1
"polyol metabolic process","MMEA9_C3",0,0,3.7e-24,0,1
"regulation of type I interferon-mediated signaling pathway","MMEA9_C3",0,0,3.7e-24,0,1
"intracellular lipid transport","MMEA9_C3",0,0,3.7e-24,0,1
"fat cell differentiation","MMEA9_C3",0,0,3.7e-24,0,1
"iron ion homeostasis","MMEA9_C3",0,0,3.7e-24,0,1
"negative regulation of cell projection organization","MMEA9_C3",0,0,3.7e-24,0,1
"dicarboxylic acid metabolic process","MMEA9_C3",0,0,3.7e-24,0,1
"regulation of anatomical structure size","MMEA9_C3",1,1,3.7e-24,0,1
"regulation of small molecule metabolic process","MMEA9_C3",0,0,3.7e-24,0,1
"pentose-phosphate shunt","MMEA9_C3",0,0,3.7e-24,0,1
"pericardium development","MMEA9_C3",0,0,3.7e-24,0,1
"lysosomal protein catabolic process","MMEA9_C3",0,0,3.7e-24,0,1
"carbohydrate derivative transport","MMEA9_C3",2,0,3.7e-24,1.58496250072116,0.0146
"alcohol biosynthetic process","MMEA9_C3",0,0,3.7e-24,0,1
"regulation of membrane permeability","MMEA9_C3",0,0,3.7e-24,0,1
"signal peptide processing","MMEA9_C3",0,0,3.7e-24,0,1
"UV-damage excision repair","MMEA9_C3",0,0,3.7e-24,0,1
"biological process involved in interaction with host","MMEA9_C3",0,0,3.7e-24,0,1
"body morphogenesis","MMEA9_C3",0,0,3.7e-24,0,1
"extracellular vesicle biogenesis","MMEA9_C3",0,0,3.7e-24,0,1
"negative regulation of defense response to virus","MMEA9_C3",0,0,3.7e-24,0,1
"aminoglycan biosynthetic process","MMEA9_C3",0,0,3.7e-24,0,1
"sterol biosynthetic process","MMEA9_C3",0,0,3.7e-24,0,1
"polyamine metabolic process","MMEA9_C3",0,0,3.7e-24,0,1
"magnesium ion transport","MMEA9_C3",0,0,3.7e-24,0,1
"lamellipodium morphogenesis","MMEA9_C3",0,0,3.7e-24,0,1
"positive regulation of neuron migration","MMEA9_C3",0,0,3.7e-24,0,1
"regulation of glucose metabolic process","MMEA9_C3",1,0,3.7e-24,1,0.2093
"monosaccharide biosynthetic process","MMEA9_C3",0,0,3.7e-24,0,1
"response to acid chemical","MMEA9_C3",1,0,3.7e-24,1,0.2654
"regulation of carbohydrate metabolic process","MMEA9_C3",0,0,3.7e-24,0,1
"positive regulation of nervous system development","MMEA9_C3",1,0,3.7e-24,1,0.4461
"regulation of circadian rhythm","MMEA9_C3",1,0,3.7e-24,1,0.244
"trabecula morphogenesis","MMEA9_C3",0,0,3.7e-24,0,1
"pigment accumulation","MMEA9_C3",0,0,3.7e-24,0,1
"cellular pigment accumulation","MMEA9_C3",0,0,3.7e-24,0,1
"regulation of pinocytosis","MMEA9_C3",0,0,3.7e-24,0,1
"regulation of ligase activity","MMEA9_C3",0,0,3.7e-24,0,1
"smoothened signaling pathway involved in dorsal/ventral neural tube patterning","MMEA9_C3",0,0,3.7e-24,0,1
"glycosyl compound metabolic process","MMEA9_C3",0,0,3.7e-24,0,1
"substantia nigra development","MMEA9_C3",0,0,3.7e-24,0,1
"negative regulation of GTPase activity","MMEA9_C3",0,0,3.7e-24,0,1
"axon extension","MMEA9_C3",0,0,3.7e-24,0,1
"positive regulation of epithelial to mesenchymal transition","MMEA9_C3",0,0,3.7e-24,0,1
"one-carbon metabolic process","MMEA9_C3",0,0,3.7e-24,0,1
"NADPH regeneration","MMEA9_C3",0,0,3.7e-24,0,1
"cellular response to dsRNA","MMEA9_C3",0,0,3.7e-24,0,1
"neuron projection organization","MMEA9_C3",0,0,3.7e-24,0,1
"postsynapse organization","MMEA9_C3",0,0,3.7e-24,0,1
"regulation of ketone biosynthetic process","MMEA9_C3",0,0,3.7e-24,0,1
"mitochondrion distribution","MMEA9_C3",0,0,3.7e-24,0,1
"regulation of autophagosome maturation","MMEA9_C3",0,0,3.7e-24,0,1
"magnesium ion transmembrane transport","MMEA9_C3",0,0,3.7e-24,0,1
"regulation of cell division","MMEA9_C3",0,0,3.7e-24,0,1
"intermembrane lipid transfer","MMEA9_C3",0,0,3.7e-24,0,1
"organophosphate ester transport","MMEA9_C3",0,0,3.7e-24,0,1
"movement in host","MMEA9_C3",1,0,3.7e-24,1,0.322
"extracellular matrix assembly","MMEA9_C3",0,0,3.7e-24,0,1
"cellular metabolic compound salvage","MMEA9_C3",0,0,3.7e-24,0,1
"regulation of ATP-dependent activity","MMEA9_C3",0,0,3.7e-24,0,1
"cell migration involved in heart development","MMEA9_C3",0,0,3.7e-24,0,1
"cellular response to fluid shear stress","MMEA9_C3",0,0,3.7e-24,0,1
"sphingomyelin biosynthetic process","MMEA9_C3",0,0,3.7e-24,0,1
"ether lipid biosynthetic process","MMEA9_C3",0,0,3.7e-24,0,1
"embryonic body morphogenesis","MMEA9_C3",0,0,3.7e-24,0,1
"amino sugar biosynthetic process","MMEA9_C3",0,0,3.7e-24,0,1
"glycerol ether biosynthetic process","MMEA9_C3",0,0,3.7e-24,0,1
"pigmentation","MMEA9_C3",0,0,3.7e-24,0,1
"cellular response to ketone","MMEA9_C3",1,0,3.7e-24,1,0.2574
"nonribosomal peptide biosynthetic process","MMEA9_C3",0,0,3.7e-24,0,1
"glial cell apoptotic process","MMEA9_C3",0,0,3.7e-24,0,1
"lipoprotein catabolic process","MMEA9_C3",0,0,3.7e-24,0,1
"suppression of viral release by host","MMEA9_C3",0,0,3.7e-24,0,1
"chaperone-mediated autophagy","MMEA9_C3",0,0,3.7e-24,0,1
"regulation of steroid hormone biosynthetic process","MMEA9_C3",1,0,3.7e-24,1,0.059
"synaptic vesicle lumen acidification","MMEA9_C3",0,0,3.7e-24,0,1
"semaphorin-plexin signaling pathway involved in neuron projection guidance","MMEA9_C3",0,0,3.7e-24,0,1
"regulation of Golgi organization","MMEA9_C3",0,0,3.7e-24,0,1
"Schwann cell differentiation","MMEA9_C3",0,0,3.7e-24,0,1
"neurotrophin signaling pathway","MMEA9_C3",0,0,3.7e-24,0,1
"regulation of microtubule depolymerization","MMEA9_C3",0,0,3.7e-24,0,1
"basement membrane organization","MMEA9_C3",0,0,3.7e-24,0,1
"establishment or maintenance of epithelial cell apical/basal polarity","MMEA9_C3",0,0,3.7e-24,0,1
"face development","MMEA9_C3",0,0,3.7e-24,0,1
"osteoblast differentiation","MMEA9_C3",0,0,3.7e-24,0,1
"appendage development","MMEA9_C3",0,0,3.7e-24,0,1
"limb development","MMEA9_C3",0,0,3.7e-24,0,1
"regulation of ATP metabolic process","MMEA9_C3",0,0,3.7e-24,0,1
"developmental growth involved in morphogenesis","MMEA9_C3",0,0,3.7e-24,0,1
"embryonic organ development","MMEA9_C3",0,1,3.7e-24,-1,0.4405
"negative regulation of growth","MMEA9_C3",0,0,3.7e-24,0,1
"microtubule depolymerization","MMEA9_C3",0,0,3.7e-24,0,1
"heme metabolic process","MMEA9_C3",0,0,3.7e-24,0,1
"regulation of neuron apoptotic process","MMEA9_C3",0,0,3.7e-24,0,1
"plasma membrane tubulation","MMEA9_C3",0,0,3.7e-24,0,1
"exosomal secretion","MMEA9_C3",0,0,3.7e-24,0,1
"vasculogenesis","MMEA9_C3",0,0,3.7e-24,0,1
"toxin transport","MMEA9_C3",0,0,3.7e-24,0,1
"ncRNA processing","MMEB9_C1",0,1,3.7e-24,-1,0.5026
"ribosome biogenesis","MMEB9_C1",0,0,3.7e-24,0,1
"rRNA metabolic process","MMEB9_C1",1,0,3.7e-24,1,0.3844
"proteasome-mediated ubiquitin-dependent protein catabolic process","MMEB9_C1",0,1,3.7e-24,-1,0.4816
"regulation of response to DNA damage stimulus","MMEB9_C1",0,0,3.7e-24,0,1
"establishment of protein localization to organelle","MMEB9_C1",1,1,3.7e-24,0,1
"macroautophagy","MMEB9_C1",0,0,3.7e-24,0,1
"regulation of chromosome organization","MMEB9_C1",1,0,3.7e-24,1,0.4017
"Golgi vesicle transport","MMEB9_C1",1,0,3.7e-24,1,0.4043
"double-strand break repair","MMEB9_C1",0,0,3.7e-24,0,1
"histone modification","MMEB9_C1",0,1,3.7e-24,-1,0.4668
"sister chromatid segregation","MMEB9_C1",0,0,3.7e-24,0,1
"DNA replication","MMEB9_C1",0,0,3.7e-24,0,1
"chromosome segregation","MMEB9_C1",1,1,3.7e-24,0,1
"mitochondrial gene expression","MMEB9_C1",0,0,3.7e-24,0,1
"nucleocytoplasmic transport","MMEB9_C1",1,0,3.7e-24,1,0.4431
"nuclear transport","MMEB9_C1",0,0,3.7e-24,0,1
"regulation of DNA repair","MMEB9_C1",0,0,3.7e-24,0,1
"peptidyl-lysine modification","MMEB9_C1",0,0,3.7e-24,0,1
"protein targeting","MMEB9_C1",0,0,3.7e-24,0,1
"cytoplasmic translation","MMEB9_C1",0,0,3.7e-24,0,1
"regulation of autophagy","MMEB9_C1",0,0,3.7e-24,0,1
"signal transduction in response to DNA damage","MMEB9_C1",1,0,3.7e-24,1,0.2841
"regulation of intracellular transport","MMEB9_C1",0,0,3.7e-24,0,1
"protein localization to nucleus","MMEB9_C1",1,0,3.7e-24,1,0.4496
"microtubule cytoskeleton organization involved in mitosis","MMEB9_C1",1,0,3.7e-24,1,0.2708
"telomere maintenance","MMEB9_C1",0,0,3.7e-24,0,1
"cell cycle checkpoint signaling","MMEB9_C1",0,0,3.7e-24,0,1
"regulation of protein modification by small protein conjugation or removal","MMEB9_C1",1,0,3.7e-24,1,0.3478
"cellular respiration","MMEB9_C1",0,0,3.7e-24,0,1
"cellular component disassembly","MMEB9_C1",1,1,3.7e-24,0,1
"nuclear chromosome segregation","MMEB9_C1",0,0.5,3.7e-24,-0.584962500721156,0.6485
"regulation of protein stability","MMEB9_C1",0,0,3.7e-24,0,1
"regulation of cell cycle phase transition","MMEB9_C1",0,1,3.7e-24,-1,0.4867
"regulation of protein catabolic process","MMEB9_C1",0,0,3.7e-24,0,1
"response to endoplasmic reticulum stress","MMEB9_C1",2,0,3.7e-24,1.58496250072116,0.07
"vesicle organization","MMEB9_C1",1,0,3.7e-24,1,0.451
"mitochondrial respiratory chain complex assembly","MMEB9_C1",0,0,3.7e-24,0,1
"DNA-templated transcription elongation","MMEB9_C1",0,0,3.7e-24,0,1
"mitochondrial transport","MMEB9_C1",0,0,3.7e-24,0,1
"establishment of organelle localization","MMEB9_C1",0,1,3.7e-24,-1,0.5018
"regulation of intracellular protein transport","MMEB9_C1",0,0,3.7e-24,0,1
"response to UV","MMEB9_C1",1,0,3.7e-24,1,0.2985
"RNA localization","MMEB9_C1",0,0,3.7e-24,0,1
"response to topologically incorrect protein","MMEB9_C1",0,0,3.7e-24,0,1
"organelle fission","MMEB9_C1",1,1,3.7e-24,0,1
"non-membrane-bounded organelle assembly","MMEB9_C1",1,1,3.7e-24,0,1
"protein polyubiquitination","MMEB9_C1",0,0,3.7e-24,0,1
"methylation","MMEB9_C1",1,0,3.7e-24,1,0.4493
"phospholipid biosynthetic process","MMEB9_C1",0,0,3.7e-24,0,1
"oxidative phosphorylation","MMEB9_C1",0,0,3.7e-24,0,1
"establishment of protein localization to membrane","MMEB9_C1",0,0,3.7e-24,0,1
"in utero embryonic development","MMEB9_C1",0,1,3.7e-24,-1,0.5306
"vacuole organization","MMEB9_C1",0,0,3.7e-24,0,1
"nuclear-transcribed mRNA catabolic process","MMEB9_C1",0,0,3.7e-24,0,1
"protein folding","MMEB9_C1",0,0,3.7e-24,0,1
"DNA conformation change","MMEB9_C1",0,0,3.7e-24,0,1
"regulation of chromosome segregation","MMEB9_C1",0,0,3.7e-24,0,1
"regulation of apoptotic signaling pathway","MMEB9_C1",0,1,3.7e-24,-1,0.5298
"cell cycle G2/M phase transition","MMEB9_C1",0,0,3.7e-24,0,1
"vacuolar transport","MMEB9_C1",0,0,3.7e-24,0,1
"response to ionizing radiation","MMEB9_C1",0,0,3.7e-24,0,1
"cellular response to UV","MMEB9_C1",0,0,3.7e-24,0,1
"regulation of binding","MMEB9_C1",0,0,3.7e-24,0,1
"nucleic acid transport","MMEB9_C1",2,0,3.7e-24,1.58496250072116,0.0391
"RNA transport","MMEB9_C1",1,0,3.7e-24,1,0.2302
"ribonucleoprotein complex subunit organization","MMEB9_C1",0,0,3.7e-24,0,1
"regulation of DNA replication","MMEB9_C1",0,0,3.7e-24,0,1
"ribose phosphate metabolic process","MMEB9_C1",2,1,3.7e-24,0.584962500721156,0.6348
"proton motive force-driven ATP synthesis","MMEB9_C1",0,0,3.7e-24,0,1
"ribonucleotide metabolic process","MMEB9_C1",0,0,3.7e-24,0,1
"telomere organization","MMEB9_C1",0,0,3.7e-24,0,1
"cellular response to topologically incorrect protein","MMEB9_C1",0,0,3.7e-24,0,1
"Golgi organization","MMEB9_C1",0,0,3.7e-24,0,1
"ribonucleoprotein complex assembly","MMEB9_C1",0,0,3.7e-24,0,1
"cellular nitrogen compound catabolic process","MMEB9_C1",2,1,3.7e-24,0.584962500721156,0.6419
"negative regulation of phosphorus metabolic process","MMEB9_C1",1,1,3.7e-24,0,1
"heterocycle catabolic process","MMEB9_C1",0,1,3.7e-24,-1,0.4983
"mitochondrial membrane organization","MMEB9_C1",1,0,3.7e-24,1,0.1921
"regulation of protein-containing complex assembly","MMEB9_C1",1,0,3.7e-24,1,0.4937
"positive regulation of cellular component biogenesis","MMEB9_C1",0,1,3.7e-24,-1,0.4787
"response to oxidative stress","MMEB9_C1",0,1,3.7e-24,-1,0.5146
"regulation of supramolecular fiber organization","MMEB9_C1",0,0,3.7e-24,0,1
"positive regulation of protein localization","MMEB9_C1",2,1,3.7e-24,0.584962500721156,0.6493
"positive regulation of cell projection organization","MMEB9_C1",0,0,3.7e-24,0,1
"negative regulation of transferase activity","MMEB9_C1",1,0,3.7e-24,1,0.3867
"autophagy of mitochondrion","MMEB9_C1",0,0,3.7e-24,0,1
"positive regulation of amide metabolic process","MMEB9_C1",0,0,3.7e-24,0,1
"chromatin remodeling","MMEB9_C1",0,0,3.7e-24,0,1
"viral process","MMEB9_C1",1,0,3.7e-24,1,0.4834
"macromolecule deacylation","MMEB9_C1",0,0,3.7e-24,0,1
"mitotic cytokinesis","MMEB9_C1",0,0,3.7e-24,0,1
"aromatic compound catabolic process","MMEB9_C1",1,1,3.7e-24,0,1
"vesicle localization","MMEB9_C1",0,0,3.7e-24,0,1
"establishment or maintenance of cell polarity","MMEB9_C1",0,0,3.7e-24,0,1
"Wnt signaling pathway","MMEB9_C1",2,0,3.7e-24,1.58496250072116,0.1456
"cell-cell signaling by wnt","MMEB9_C1",0,1,3.7e-24,-1,0.527
"ATP metabolic process","MMEB9_C1",0,0,3.7e-24,0,1
"cellular response to chemical stress","MMEB9_C1",0,0,3.7e-24,0,1
"regulation of vacuole organization","MMEB9_C1",0,0,3.7e-24,0,1
"cellular response to external stimulus","MMEB9_C1",2,0,3.7e-24,1.58496250072116,0.1189
"negative regulation of protein phosphorylation","MMEB9_C1",0,0,3.7e-24,0,1
"negative regulation of catabolic process","MMEB9_C1",0,0,3.7e-24,0,1
"regulation of microtubule cytoskeleton organization","MMEB9_C1",0,0,3.7e-24,0,1
"chromosome localization","MMEB9_C1",0,0,3.7e-24,0,1
"negative regulation of mitotic nuclear division","MMEB9_C1",0,0,3.7e-24,0,1
"regulation of actin filament organization","MMEB9_C1",1,0,3.7e-24,1,0.3766
"dephosphorylation","MMEB9_C1",1,0,3.7e-24,1,0.4075
"glycosylation","MMEB9_C1",0,0,3.7e-24,0,1
"positive regulation of establishment of protein localization","MMEB9_C1",0,0,3.7e-24,0,1
"regulation of microtubule-based process","MMEB9_C1",1,0,3.7e-24,1,0.3287
"cell-substrate junction organization","MMEB9_C1",0,0,3.7e-24,0,1
"protein-containing complex localization","MMEB9_C1",0,0,3.7e-24,0,1
"mitochondrial transmembrane transport","MMEB9_C1",0,0,3.7e-24,0,1
"stem cell population maintenance","MMEB9_C1",0,0,3.7e-24,0,1
"ribosome assembly","MMEB9_C1",0,0,3.7e-24,0,1
"intraciliary transport","MMEB9_C1",0,0,3.7e-24,0,1
"Golgi to plasma membrane protein transport","MMEB9_C1",0,0,3.7e-24,0,1
"response to amino acid starvation","MMEB9_C1",0,0,3.7e-24,0,1
"cellular response to extracellular stimulus","MMEB9_C1",0,0,3.7e-24,0,1
"cell growth","MMEB9_C1",1,1,3.7e-24,0,1
"protein glycosylation","MMEB9_C1",2,0,3.7e-24,1.58496250072116,0.0503
"macromolecule glycosylation","MMEB9_C1",0,0,3.7e-24,0,1
"maintenance of cell number","MMEB9_C1",0,0,3.7e-24,0,1
"response to reactive oxygen species","MMEB9_C1",0,0,3.7e-24,0,1
"regulation of cell morphogenesis","MMEB9_C1",0,0,3.7e-24,0,1
"regulation of cellular component size","MMEB9_C1",0,0,3.7e-24,0,1
"cell-substrate junction assembly","MMEB9_C1",0,0,3.7e-24,0,1
"membrane fission","MMEB9_C1",0,0,3.7e-24,0,1
"membrane docking","MMEB9_C1",0,0,3.7e-24,0,1
"fibroblast migration","MMEB9_C1",0,0,3.7e-24,0,1
"nucleus organization","MMEB9_C1",0,0,3.7e-24,0,1
"regulation of cell growth","MMEB9_C1",1,1,3.7e-24,0,1
"fibroblast proliferation","MMEB9_C1",0,0,3.7e-24,0,1
"cell cycle G1/S phase transition","MMEB9_C1",0,0,3.7e-24,0,1
"actin filament organization","MMEB9_C1",1,1,3.7e-24,0,1
"response to oxygen levels","MMEB9_C1",1,0,3.7e-24,1,0.4061
"epigenetic regulation of gene expression","MMEB9_C1",0,0,3.7e-24,0,1
"organelle fusion","MMEB9_C1",0,0,3.7e-24,0,1
"lipoprotein metabolic process","MMEB9_C1",0,0,3.7e-24,0,1
"protein lipidation","MMEB9_C1",0,0,3.7e-24,0,1
"regulation of plasma membrane bounded cell projection assembly","MMEB9_C1",1,0,3.7e-24,1,0.2554
"regulation of actin filament-based process","MMEB9_C1",0,0,3.7e-24,0,1
"regulation of GTPase activity","MMEB9_C1",0,0,3.7e-24,0,1
"nuclear envelope organization","MMEB9_C1",0,0,3.7e-24,0,1
"protein autophosphorylation","MMEB9_C1",0,0,3.7e-24,0,1
"connective tissue development","MMEB9_C1",2,0,3.7e-24,1.58496250072116,0.0717
"cellular response to heat","MMEB9_C1",0,0,3.7e-24,0,1
"myeloid cell homeostasis","MMEB9_C1",0,0,3.7e-24,0,1
"regulation of neuron projection development","MMEB9_C1",0,0,3.7e-24,0,1
"receptor metabolic process","MMEB9_C1",0,0,3.7e-24,0,1
"maintenance of protein location in cell","MMEB9_C1",0,0,3.7e-24,0,1
"apoptotic mitochondrial changes","MMEB9_C1",0,0,3.7e-24,0,1
"response to transforming growth factor beta","MMEB9_C1",1,0,3.7e-24,1,0.3594
"neural tube development","MMEB9_C1",0,0,3.7e-24,0,1
"maintenance of protein location","MMEB9_C1",0,0,3.7e-24,0,1
"regulation of ubiquitin-protein transferase activity","MMEB9_C1",0,0,3.7e-24,0,1
"cilium assembly","MMEB9_C1",0,0,3.7e-24,0,1
"mRNA export from nucleus","MMEB9_C1",0,0,3.7e-24,0,1
"regulation of cell-substrate junction organization","MMEB9_C1",0,0,3.7e-24,0,1
"membrane biogenesis","MMEB9_C1",0,0,3.7e-24,0,1
"cilium organization","MMEB9_C1",0,0,3.7e-24,0,1
"platelet-derived growth factor receptor signaling pathway","MMEB9_C1",0,0,3.7e-24,0,1
"iron-sulfur cluster assembly","MMEB9_C1",0,0,3.7e-24,0,1
"metallo-sulfur cluster assembly","MMEB9_C1",0,0,3.7e-24,0,1
"centromere complex assembly","MMEB9_C1",0,0,3.7e-24,0,1
"cellular response to oxygen levels","MMEB9_C1",0,0,3.7e-24,0,1
"fatty acid beta-oxidation","MMEB9_C1",0,0,3.7e-24,0,1
"organelle localization by membrane tethering","MMEB9_C1",0,0,3.7e-24,0,1
"autophagosome maturation","MMEB9_C1",0,0,3.7e-24,0,1
"cellular response to transforming growth factor beta stimulus","MMEB9_C1",0,0,3.7e-24,0,1
"nucleotide catabolic process","MMEB9_C1",0,0,3.7e-24,0,1
"tube closure","MMEB9_C1",0,0,3.7e-24,0,1
"regulation of stem cell differentiation","MMEB9_C1",0,0,3.7e-24,0,1
"substrate adhesion-dependent cell spreading","MMEB9_C1",0,0,3.7e-24,0,1
"chondrocyte differentiation","MMEB9_C1",0,0,3.7e-24,0,1
"regulation of fibroblast proliferation","MMEB9_C1",0,0,3.7e-24,0,1
"morphogenesis of an epithelial sheet","MMEB9_C1",0,0,3.7e-24,0,1
"microtubule polymerization","MMEB9_C1",0,0,3.7e-24,0,1
"response to virus","MMEB9_C1",0,0,3.7e-24,0,1
"membrane assembly","MMEB9_C1",0,0,3.7e-24,0,1
"COPII vesicle coating","MMEB9_C1",0,0,3.7e-24,0,1
"erythrocyte differentiation","MMEB9_C1",0,0,3.7e-24,0,1
"organophosphate catabolic process","MMEB9_C1",0,0,3.7e-24,0,1
"regulation of embryonic development","MMEB9_C1",0,0,3.7e-24,0,1
"regulation of focal adhesion assembly","MMEB9_C1",0,0,3.7e-24,0,1
"regulation of cell-substrate junction assembly","MMEB9_C1",0,0,3.7e-24,0,1
"regulation of extracellular matrix organization","MMEB9_C1",0,0,3.7e-24,0,1
"GPI anchor biosynthetic process","MMEB9_C1",1,0,3.7e-24,1,0.0512
"lamellipodium organization","MMEB9_C1",0,0,3.7e-24,0,1
"positive regulation of stem cell population maintenance","MMEB9_C1",0,0,3.7e-24,0,1
"monosaccharide metabolic process","MMEB9_C1",0,0,3.7e-24,0,1
"U2-type prespliceosome assembly","MMEB9_C1",0,0,3.7e-24,0,1
"heterochromatin formation","MMEB9_C1",0,0,3.7e-24,0,1
"peroxisome organization","MMEB9_C1",0,0,3.7e-24,0,1
"regulation of mitochondrial fission","MMEB9_C1",0,0,3.7e-24,0,1
"cellular pigmentation","MMEB9_C1",0,0,3.7e-24,0,1
"regulation of fibroblast migration","MMEB9_C1",0,0,3.7e-24,0,1
"cellular carbohydrate metabolic process","MMEB9_C1",0,0,3.7e-24,0,1
"positive regulation of axonogenesis","MMEB9_C1",0,0,3.7e-24,0,1
"kinetochore organization","MMEB9_C1",0,0,3.7e-24,0,1
"stem cell differentiation","MMEB9_C1",1,0,3.7e-24,1,0.3409
"proton transmembrane transport","MMEB9_C1",0,0,3.7e-24,0,1
"cellular response to insulin stimulus","MMEB9_C1",0,0,3.7e-24,0,1
"establishment of mitotic spindle localization","MMEB9_C1",1,0,3.7e-24,1,0.0753
"cell redox homeostasis","MMEB9_C1",0,0,3.7e-24,0,1
"stress granule assembly","MMEB9_C1",0,0,3.7e-24,0,1
"protein neddylation","MMEB9_C1",0,0,3.7e-24,0,1
"regulation of mitochondrial membrane potential","MMEB9_C1",0,0,3.7e-24,0,1
"neuron death","MMEB9_C1",1,0,3.7e-24,1,0.4074
"defense response to virus","MMEB9_C1",0,0,3.7e-24,0,1
"sulfur compound metabolic process","MMEB9_C1",0,0,3.7e-24,0,1
"NADP metabolic process","MMEB9_C1",0,0,3.7e-24,0,1
"vacuolar acidification","MMEB9_C1",0,0,3.7e-24,0,1
"oligosaccharide-lipid intermediate biosynthetic process","MMEB9_C1",0,0,3.7e-24,0,1
"lysosomal lumen acidification","MMEB9_C1",1,0,3.7e-24,1,0.0298
"glycosyl compound biosynthetic process","MMEB9_C1",0,0,3.7e-24,0,1
"heart valve development","MMEB9_C1",0,0,3.7e-24,0,1
"water-soluble vitamin metabolic process","MMEB9_C1",0,0,3.7e-24,0,1
"interferon-beta production","MMEB9_C1",0,0,3.7e-24,0,1
"regulation of interferon-beta production","MMEB9_C1",0,0,3.7e-24,0,1
"branched-chain amino acid metabolic process","MMEB9_C1",0,0,3.7e-24,0,1
"regulation of mitochondrial membrane permeability","MMEB9_C1",0,0,3.7e-24,0,1
"respiratory tube development","MMEB9_C1",0,0,3.7e-24,0,1
"cellular senescence","MMEB9_C1",0,0,3.7e-24,0,1
"positive regulation of neurogenesis","MMEB9_C1",0,0,3.7e-24,0,1
"mitochondrial outer membrane permeabilization","MMEB9_C1",0,0,3.7e-24,0,1
"immune system development","MMEB9_C1",1,0,3.7e-24,1,0.2783
"clathrin-dependent endocytosis","MMEB9_C1",0,0,3.7e-24,0,1
"positive regulation of viral process","MMEB9_C1",0,0,3.7e-24,0,1
"bone development","MMEB9_C1",0,0,3.7e-24,0,1
"cell-substrate adhesion","MMEB9_C1",0,0,3.7e-24,0,1
"positive regulation of microtubule polymerization","MMEB9_C1",0,0,3.7e-24,0,1
"pteridine-containing compound metabolic process","MMEB9_C1",0,0,3.7e-24,0,1
"response to arsenic-containing substance","MMEB9_C1",0,0,3.7e-24,0,1
"response to insulin","MMEB9_C1",0,0,3.7e-24,0,1
"ubiquinone metabolic process","MMEB9_C1",0,0,3.7e-24,0,1
"cellular response to arsenic-containing substance","MMEB9_C1",0,0,3.7e-24,0,1
"inositol phosphate catabolic process","MMEB9_C1",0,0,3.7e-24,0,1
"telomerase RNA localization to Cajal body","MMEB9_C1",0,0,3.7e-24,0,1
"respiratory system development","MMEB9_C1",0,0,3.7e-24,0,1
"regulation of generation of precursor metabolites and energy","MMEB9_C1",1,0,3.7e-24,1,0.1736
"mitochondrial calcium ion homeostasis","MMEB9_C1",0,0,3.7e-24,0,1
"G0 to G1 transition","MMEB9_C1",0,0,3.7e-24,0,1
"mitochondrial genome maintenance","MMEB9_C1",0,0,3.7e-24,0,1
"release of cytochrome c from mitochondria","MMEB9_C1",0,0,3.7e-24,0,1
"cortical cytoskeleton organization","MMEB9_C1",0,0,3.7e-24,0,1
"response to sterol depletion","MMEB9_C1",0,0,3.7e-24,0,1
"regulation of ncRNA transcription","MMEB9_C1",0,0,3.7e-24,0,1
"mesenchymal cell differentiation","MMEB9_C1",0,0,3.7e-24,0,1
"protein-DNA complex subunit organization","MMEB9_C1",0,0,3.7e-24,0,1
"response to fluid shear stress","MMEB9_C1",0,0,3.7e-24,0,1
"collagen fibril organization","MMEB9_C1",0,0,3.7e-24,0,1
"roof of mouth development","MMEB9_C1",0,0,3.7e-24,0,1
"regulation of protein dephosphorylation","MMEB9_C1",0,0,3.7e-24,0,1
"multicellular organism growth","MMEB9_C1",1,0,3.7e-24,1,0.2287
"miRNA processing","MMEB9_C1",0,0,3.7e-24,0,1
"small molecule catabolic process","MMEB9_C1",1,0,3.7e-24,1,0.426
"regulation of G0 to G1 transition","MMEB9_C1",0,0,3.7e-24,0,1
"circadian regulation of gene expression","MMEB9_C1",0,0,3.7e-24,0,1
"regulation of translational fidelity","MMEB9_C1",1,0,3.7e-24,1,0.0328
"ubiquinone biosynthetic process","MMEB9_C1",0,0,3.7e-24,0,1
"mitochondrial calcium ion transmembrane transport","MMEB9_C1",0,0,3.7e-24,0,1
"quinone biosynthetic process","MMEB9_C1",0,0,3.7e-24,0,1
"viral release from host cell","MMEB9_C1",0,0,3.7e-24,0,1
"exit from host cell","MMEB9_C1",0,0,3.7e-24,0,1
"positive regulation of GTPase activity","MMEB9_C1",0,0,3.7e-24,0,1
"regulation of cytokinesis","MMEB9_C1",0,0,3.7e-24,0,1
"mitochondrion localization","MMEB9_C1",1,0,3.7e-24,1,0.1011
"renal system development","MMEB9_C1",0,0,3.7e-24,0,1
"regulation of cysteine-type endopeptidase activity involved in apoptotic process","MMEB9_C1",0,0,3.7e-24,0,1
"regulation of cell-substrate adhesion","MMEB9_C1",0,0,3.7e-24,0,1
"centrosome localization","MMEB9_C1",0,0,3.7e-24,0,1
"microtubule organizing center localization","MMEB9_C1",0,0,3.7e-24,0,1
"pinocytosis","MMEB9_C1",0,0,3.7e-24,0,1
"lamellipodium assembly","MMEB9_C1",0,0,3.7e-24,0,1
"cellular response to sterol depletion","MMEB9_C1",0,0,3.7e-24,0,1
"placenta development","MMEB9_C1",0,0,3.7e-24,0,1
"rhythmic process","MMEB9_C1",0,0,3.7e-24,0,1
"spindle localization","MMEB9_C1",0,0,3.7e-24,0,1
"carbohydrate derivative catabolic process","MMEB9_C1",0,0,3.7e-24,0,1
"response to amino acid","MMEB9_C1",0,0,3.7e-24,0,1
"regulation of intracellular steroid hormone receptor signaling pathway","MMEB9_C1",0,0,3.7e-24,0,1
"regulation of neuron death","MMEB9_C1",0,0,3.7e-24,0,1
"ossification","MMEB9_C1",0,0,3.7e-24,0,1
"mammary gland epithelial cell proliferation","MMEB9_C1",0,0,3.7e-24,0,1
"ribosomal subunit export from nucleus","MMEB9_C1",0,0,3.7e-24,0,1
"ribosome localization","MMEB9_C1",0,0,3.7e-24,0,1
"protein transport to vacuole involved in ubiquitin-dependent protein catabolic process via the multivesicular body sorting pathway","MMEB9_C1",0,0,3.7e-24,0,1
"seminiferous tubule development","MMEB9_C1",0,0,3.7e-24,0,1
"cellular response to acid chemical","MMEB9_C1",0,0,3.7e-24,0,1
"positive regulation of kinase activity","MMEB9_C1",0,0,3.7e-24,0,1
"positive regulation by host of viral process","MMEB9_C1",0,0,3.7e-24,0,1
"mitochondrion morphogenesis","MMEB9_C1",0,0,3.7e-24,0,1
"regulation of establishment of cell polarity","MMEB9_C1",0,0,3.7e-24,0,1
"cellular lipid catabolic process","MMEB9_C1",0,0,3.7e-24,0,1
"neuron apoptotic process","MMEB9_C1",0,0,3.7e-24,0,1
"inner cell mass cell proliferation","MMEB9_C1",0,0,3.7e-24,0,1
"polyamine biosynthetic process","MMEB9_C1",0,0,3.7e-24,0,1
"folic acid metabolic process","MMEB9_C1",0,0,3.7e-24,0,1
"organelle inheritance","MMEB9_C1",0,0,3.7e-24,0,1
"polyol metabolic process","MMEB9_C1",0,0,3.7e-24,0,1
"regulation of type I interferon-mediated signaling pathway","MMEB9_C1",0,0,3.7e-24,0,1
"intracellular lipid transport","MMEB9_C1",0,0,3.7e-24,0,1
"fat cell differentiation","MMEB9_C1",1,0,3.7e-24,1,0.2803
"iron ion homeostasis","MMEB9_C1",1,0,3.7e-24,1,0.1441
"negative regulation of cell projection organization","MMEB9_C1",0,0,3.7e-24,0,1
"dicarboxylic acid metabolic process","MMEB9_C1",0,0,3.7e-24,0,1
"regulation of anatomical structure size","MMEB9_C1",1,1,3.7e-24,0,1
"regulation of small molecule metabolic process","MMEB9_C1",0,0,3.7e-24,0,1
"pentose-phosphate shunt","MMEB9_C1",0,0,3.7e-24,0,1
"pericardium development","MMEB9_C1",0,0,3.7e-24,0,1
"lysosomal protein catabolic process","MMEB9_C1",0,0,3.7e-24,0,1
"carbohydrate derivative transport","MMEB9_C1",0,0,3.7e-24,0,1
"alcohol biosynthetic process","MMEB9_C1",0,0,3.7e-24,0,1
"regulation of membrane permeability","MMEB9_C1",0,0,3.7e-24,0,1
"signal peptide processing","MMEB9_C1",0,0,3.7e-24,0,1
"UV-damage excision repair","MMEB9_C1",0,0,3.7e-24,0,1
"biological process involved in interaction with host","MMEB9_C1",0,0,3.7e-24,0,1
"body morphogenesis","MMEB9_C1",0,0,3.7e-24,0,1
"extracellular vesicle biogenesis","MMEB9_C1",0,0,3.7e-24,0,1
"negative regulation of defense response to virus","MMEB9_C1",1,0,3.7e-24,1,0.0801
"aminoglycan biosynthetic process","MMEB9_C1",1,0,3.7e-24,1,0.1124
"sterol biosynthetic process","MMEB9_C1",0,0,3.7e-24,0,1
"polyamine metabolic process","MMEB9_C1",0,0,3.7e-24,0,1
"magnesium ion transport","MMEB9_C1",1,0,3.7e-24,1,0.0298
"lamellipodium morphogenesis","MMEB9_C1",0,0,3.7e-24,0,1
"positive regulation of neuron migration","MMEB9_C1",0,0,3.7e-24,0,1
"regulation of glucose metabolic process","MMEB9_C1",0,0,3.7e-24,0,1
"monosaccharide biosynthetic process","MMEB9_C1",0,0,3.7e-24,0,1
"response to acid chemical","MMEB9_C1",0,0,3.7e-24,0,1
"regulation of carbohydrate metabolic process","MMEB9_C1",0,0,3.7e-24,0,1
"positive regulation of nervous system development","MMEB9_C1",0,0,3.7e-24,0,1
"regulation of circadian rhythm","MMEB9_C1",0,0,3.7e-24,0,1
"trabecula morphogenesis","MMEB9_C1",0,0,3.7e-24,0,1
"pigment accumulation","MMEB9_C1",0,0,3.7e-24,0,1
"cellular pigment accumulation","MMEB9_C1",0,0,3.7e-24,0,1
"regulation of pinocytosis","MMEB9_C1",0,0,3.7e-24,0,1
"regulation of ligase activity","MMEB9_C1",0,0,3.7e-24,0,1
"smoothened signaling pathway involved in dorsal/ventral neural tube patterning","MMEB9_C1",0,0,3.7e-24,0,1
"glycosyl compound metabolic process","MMEB9_C1",0,0,3.7e-24,0,1
"substantia nigra development","MMEB9_C1",0,0,3.7e-24,0,1
"negative regulation of GTPase activity","MMEB9_C1",0,0,3.7e-24,0,1
"axon extension","MMEB9_C1",0,0,3.7e-24,0,1
"positive regulation of epithelial to mesenchymal transition","MMEB9_C1",0,0,3.7e-24,0,1
"one-carbon metabolic process","MMEB9_C1",0,0,3.7e-24,0,1
"NADPH regeneration","MMEB9_C1",0,0,3.7e-24,0,1
"cellular response to dsRNA","MMEB9_C1",0,0,3.7e-24,0,1
"neuron projection organization","MMEB9_C1",0,0,3.7e-24,0,1
"postsynapse organization","MMEB9_C1",1,0,3.7e-24,1,0.2592
"regulation of ketone biosynthetic process","MMEB9_C1",0,0,3.7e-24,0,1
"mitochondrion distribution","MMEB9_C1",0,0,3.7e-24,0,1
"regulation of autophagosome maturation","MMEB9_C1",0,0,3.7e-24,0,1
"magnesium ion transmembrane transport","MMEB9_C1",0,0,3.7e-24,0,1
"regulation of cell division","MMEB9_C1",0,0,3.7e-24,0,1
"intermembrane lipid transfer","MMEB9_C1",0,0,3.7e-24,0,1
"organophosphate ester transport","MMEB9_C1",0,0,3.7e-24,0,1
"movement in host","MMEB9_C1",0,0,3.7e-24,0,1
"extracellular matrix assembly","MMEB9_C1",0,0,3.7e-24,0,1
"cellular metabolic compound salvage","MMEB9_C1",0,0,3.7e-24,0,1
"regulation of ATP-dependent activity","MMEB9_C1",0,0,3.7e-24,0,1
"cell migration involved in heart development","MMEB9_C1",0,0,3.7e-24,0,1
"cellular response to fluid shear stress","MMEB9_C1",0,0,3.7e-24,0,1
"sphingomyelin biosynthetic process","MMEB9_C1",0,0,3.7e-24,0,1
"ether lipid biosynthetic process","MMEB9_C1",0,0,3.7e-24,0,1
"embryonic body morphogenesis","MMEB9_C1",0,0,3.7e-24,0,1
"amino sugar biosynthetic process","MMEB9_C1",0,0,3.7e-24,0,1
"glycerol ether biosynthetic process","MMEB9_C1",0,0,3.7e-24,0,1
"pigmentation","MMEB9_C1",0,0,3.7e-24,0,1
"cellular response to ketone","MMEB9_C1",0,0,3.7e-24,0,1
"nonribosomal peptide biosynthetic process","MMEB9_C1",0,0,3.7e-24,0,1
"glial cell apoptotic process","MMEB9_C1",0,0,3.7e-24,0,1
"lipoprotein catabolic process","MMEB9_C1",0,0,3.7e-24,0,1
"suppression of viral release by host","MMEB9_C1",0,0,3.7e-24,0,1
"chaperone-mediated autophagy","MMEB9_C1",0,0,3.7e-24,0,1
"regulation of steroid hormone biosynthetic process","MMEB9_C1",0,0,3.7e-24,0,1
"synaptic vesicle lumen acidification","MMEB9_C1",0,0,3.7e-24,0,1
"semaphorin-plexin signaling pathway involved in neuron projection guidance","MMEB9_C1",0,0,3.7e-24,0,1
"regulation of Golgi organization","MMEB9_C1",0,0,3.7e-24,0,1
"Schwann cell differentiation","MMEB9_C1",0,0,3.7e-24,0,1
"neurotrophin signaling pathway","MMEB9_C1",0,0,3.7e-24,0,1
"regulation of microtubule depolymerization","MMEB9_C1",0,0,3.7e-24,0,1
"basement membrane organization","MMEB9_C1",0,0,3.7e-24,0,1
"establishment or maintenance of epithelial cell apical/basal polarity","MMEB9_C1",0,0,3.7e-24,0,1
"face development","MMEB9_C1",0,0,3.7e-24,0,1
"osteoblast differentiation","MMEB9_C1",0,0,3.7e-24,0,1
"appendage development","MMEB9_C1",0,0,3.7e-24,0,1
"limb development","MMEB9_C1",0,0,3.7e-24,0,1
"regulation of ATP metabolic process","MMEB9_C1",0,0,3.7e-24,0,1
"developmental growth involved in morphogenesis","MMEB9_C1",1,0,3.7e-24,1,0.2976
"embryonic organ development","MMEB9_C1",0,1,3.7e-24,-1,0.5279
"negative regulation of growth","MMEB9_C1",0,0,3.7e-24,0,1
"microtubule depolymerization","MMEB9_C1",0,0,3.7e-24,0,1
"heme metabolic process","MMEB9_C1",0,0,3.7e-24,0,1
"regulation of neuron apoptotic process","MMEB9_C1",1,0,3.7e-24,1,0.266
"plasma membrane tubulation","MMEB9_C1",0,0,3.7e-24,0,1
"exosomal secretion","MMEB9_C1",0,0,3.7e-24,0,1
"vasculogenesis","MMEB9_C1",0,0,3.7e-24,0,1
"toxin transport","MMEB9_C1",0,0,3.7e-24,0,1
"ncRNA processing","MMEB9_C2",0,1,3.7e-24,-1,0.442
"ribosome biogenesis","MMEB9_C2",0,1,3.7e-24,-1,0.5115
"rRNA metabolic process","MMEB9_C2",1,1,3.7e-24,0,1
"proteasome-mediated ubiquitin-dependent protein catabolic process","MMEB9_C2",1,1,3.7e-24,0,1
"regulation of response to DNA damage stimulus","MMEB9_C2",0,1,3.7e-24,-1,0.5083
"establishment of protein localization to organelle","MMEB9_C2",0,1,3.7e-24,-1,0.4417
"macroautophagy","MMEB9_C2",0,1,3.7e-24,-1,0.4939
"regulation of chromosome organization","MMEB9_C2",1,0,3.7e-24,1,0.4031
"Golgi vesicle transport","MMEB9_C2",0,1,3.7e-24,-1,0.5162
"double-strand break repair","MMEB9_C2",0,1,3.7e-24,-1,0.4966
"histone modification","MMEB9_C2",0,1,3.7e-24,-1,0.4178
"sister chromatid segregation","MMEB9_C2",2,0,3.7e-24,1.58496250072116,0.1458
"DNA replication","MMEB9_C2",0,1,3.7e-24,-1,0.5236
"chromosome segregation","MMEB9_C2",1,1,3.7e-24,0,1
"mitochondrial gene expression","MMEB9_C2",1,0,3.7e-24,1,0.3227
"nucleocytoplasmic transport","MMEB9_C2",0,1,3.7e-24,-1,0.5117
"nuclear transport","MMEB9_C2",0,0,3.7e-24,0,1
"regulation of DNA repair","MMEB9_C2",1,0,3.7e-24,1,0.3609
"peptidyl-lysine modification","MMEB9_C2",0,1,3.7e-24,-1,0.5087
"protein targeting","MMEB9_C2",1,1,3.7e-24,0,1
"cytoplasmic translation","MMEB9_C2",0,0,3.7e-24,0,1
"regulation of autophagy","MMEB9_C2",0,1,3.7e-24,-1,0.4916
"signal transduction in response to DNA damage","MMEB9_C2",0,0,3.7e-24,0,1
"regulation of intracellular transport","MMEB9_C2",0,1,3.7e-24,-1,0.5296
"protein localization to nucleus","MMEB9_C2",1,1,3.7e-24,0,1
"microtubule cytoskeleton organization involved in mitosis","MMEB9_C2",0,0,3.7e-24,0,1
"telomere maintenance","MMEB9_C2",0,0,3.7e-24,0,1
"cell cycle checkpoint signaling","MMEB9_C2",0,0,3.7e-24,0,1
"regulation of protein modification by small protein conjugation or removal","MMEB9_C2",0,0,3.7e-24,0,1
"cellular respiration","MMEB9_C2",0,0,3.7e-24,0,1
"cellular component disassembly","MMEB9_C2",1,1,3.7e-24,0,1
"nuclear chromosome segregation","MMEB9_C2",0,1,3.7e-24,-1,0.4975
"regulation of protein stability","MMEB9_C2",0,1,3.7e-24,-1,0.5209
"regulation of cell cycle phase transition","MMEB9_C2",0,1,3.7e-24,-1,0.4642
"regulation of protein catabolic process","MMEB9_C2",0,1,3.7e-24,-1,0.5015
"response to endoplasmic reticulum stress","MMEB9_C2",0,0,3.7e-24,0,1
"vesicle organization","MMEB9_C2",0,1,3.7e-24,-1,0.4968
"mitochondrial respiratory chain complex assembly","MMEB9_C2",0,0,3.7e-24,0,1
"DNA-templated transcription elongation","MMEB9_C2",0,0,3.7e-24,0,1
"mitochondrial transport","MMEB9_C2",1,0,3.7e-24,1,0.3853
"establishment of organelle localization","MMEB9_C2",1,1,3.7e-24,0,1
"regulation of intracellular protein transport","MMEB9_C2",0,0,3.7e-24,0,1
"response to UV","MMEB9_C2",0,0,3.7e-24,0,1
"RNA localization","MMEB9_C2",1,0,3.7e-24,1,0.3829
"response to topologically incorrect protein","MMEB9_C2",0,0,3.7e-24,0,1
"organelle fission","MMEB9_C2",1,1,3.7e-24,0,1
"non-membrane-bounded organelle assembly","MMEB9_C2",1,1,3.7e-24,0,1
"protein polyubiquitination","MMEB9_C2",0,0,3.7e-24,0,1
"methylation","MMEB9_C2",0,1,3.7e-24,-1,0.4839
"phospholipid biosynthetic process","MMEB9_C2",0,0,3.7e-24,0,1
"oxidative phosphorylation","MMEB9_C2",0,0,3.7e-24,0,1
"establishment of protein localization to membrane","MMEB9_C2",0,0,3.7e-24,0,1
"in utero embryonic development","MMEB9_C2",0,1,3.7e-24,-1,0.4962
"vacuole organization","MMEB9_C2",0,0,3.7e-24,0,1
"nuclear-transcribed mRNA catabolic process","MMEB9_C2",0,0,3.7e-24,0,1
"protein folding","MMEB9_C2",0,0,3.7e-24,0,1
"DNA conformation change","MMEB9_C2",0,0,3.7e-24,0,1
"regulation of chromosome segregation","MMEB9_C2",0,0,3.7e-24,0,1
"regulation of apoptotic signaling pathway","MMEB9_C2",1,1,3.7e-24,0,1
"cell cycle G2/M phase transition","MMEB9_C2",0,0,3.7e-24,0,1
"vacuolar transport","MMEB9_C2",0,0,3.7e-24,0,1
"response to ionizing radiation","MMEB9_C2",0,0,3.7e-24,0,1
"cellular response to UV","MMEB9_C2",0,0,3.7e-24,0,1
"regulation of binding","MMEB9_C2",0,1,3.7e-24,-1,0.5202
"nucleic acid transport","MMEB9_C2",0,0,3.7e-24,0,1
"RNA transport","MMEB9_C2",0,0,3.7e-24,0,1
"ribonucleoprotein complex subunit organization","MMEB9_C2",0,0,3.7e-24,0,1
"regulation of DNA replication","MMEB9_C2",0,0,3.7e-24,0,1
"ribose phosphate metabolic process","MMEB9_C2",0,1,3.7e-24,-1,0.4654
"proton motive force-driven ATP synthesis","MMEB9_C2",0,0,3.7e-24,0,1
"ribonucleotide metabolic process","MMEB9_C2",0,1,3.7e-24,-1,0.4695
"telomere organization","MMEB9_C2",0,0,3.7e-24,0,1
"cellular response to topologically incorrect protein","MMEB9_C2",0,0,3.7e-24,0,1
"Golgi organization","MMEB9_C2",0,0,3.7e-24,0,1
"ribonucleoprotein complex assembly","MMEB9_C2",0,0,3.7e-24,0,1
"cellular nitrogen compound catabolic process","MMEB9_C2",0,1,3.7e-24,-1,0.4438
"negative regulation of phosphorus metabolic process","MMEB9_C2",0,1,3.7e-24,-1,0.4536
"heterocycle catabolic process","MMEB9_C2",0,1,3.7e-24,-1,0.4343
"mitochondrial membrane organization","MMEB9_C2",0,0,3.7e-24,0,1
"regulation of protein-containing complex assembly","MMEB9_C2",0,1,3.7e-24,-1,0.4919
"positive regulation of cellular component biogenesis","MMEB9_C2",0,1,3.7e-24,-1,0.4378
"response to oxidative stress","MMEB9_C2",2,1,3.7e-24,0.584962500721156,0.6315
"regulation of supramolecular fiber organization","MMEB9_C2",0,1,3.7e-24,-1,0.5157
"positive regulation of protein localization","MMEB9_C2",0,1,3.7e-24,-1,0.4928
"positive regulation of cell projection organization","MMEB9_C2",0,1,3.7e-24,-1,0.4863
"negative regulation of transferase activity","MMEB9_C2",0,0,3.7e-24,0,1
"autophagy of mitochondrion","MMEB9_C2",1,0,3.7e-24,1,0.2301
"positive regulation of amide metabolic process","MMEB9_C2",0,0,3.7e-24,0,1
"chromatin remodeling","MMEB9_C2",1,1,3.7e-24,0,1
"viral process","MMEB9_C2",0,1,3.7e-24,-1,0.4839
"macromolecule deacylation","MMEB9_C2",0,0,3.7e-24,0,1
"mitotic cytokinesis","MMEB9_C2",0,0,3.7e-24,0,1
"aromatic compound catabolic process","MMEB9_C2",0,1,3.7e-24,-1,0.4617
"vesicle localization","MMEB9_C2",0,0,3.7e-24,0,1
"establishment or maintenance of cell polarity","MMEB9_C2",0,0,3.7e-24,0,1
"Wnt signaling pathway","MMEB9_C2",0,1,3.7e-24,-1,0.4704
"cell-cell signaling by wnt","MMEB9_C2",0,1,3.7e-24,-1,0.4825
"ATP metabolic process","MMEB9_C2",0,0,3.7e-24,0,1
"cellular response to chemical stress","MMEB9_C2",0,1,3.7e-24,-1,0.503
"regulation of vacuole organization","MMEB9_C2",0,0,3.7e-24,0,1
"cellular response to external stimulus","MMEB9_C2",0,1,3.7e-24,-1,0.5308
"negative regulation of protein phosphorylation","MMEB9_C2",2,1,3.7e-24,0.584962500721156,0.6512
"negative regulation of catabolic process","MMEB9_C2",0,0,3.7e-24,0,1
"regulation of microtubule cytoskeleton organization","MMEB9_C2",1,0,3.7e-24,1,0.2679
"chromosome localization","MMEB9_C2",0,0,3.7e-24,0,1
"negative regulation of mitotic nuclear division","MMEB9_C2",0,0,3.7e-24,0,1
"regulation of actin filament organization","MMEB9_C2",0,0,3.7e-24,0,1
"dephosphorylation","MMEB9_C2",0,0,3.7e-24,0,1
"glycosylation","MMEB9_C2",0,0,3.7e-24,0,1
"positive regulation of establishment of protein localization","MMEB9_C2",0,0,3.7e-24,0,1
"regulation of microtubule-based process","MMEB9_C2",0,0,3.7e-24,0,1
"cell-substrate junction organization","MMEB9_C2",1,0,3.7e-24,1,0.2105
"protein-containing complex localization","MMEB9_C2",1,0,3.7e-24,1,0.3711
"mitochondrial transmembrane transport","MMEB9_C2",0,0,3.7e-24,0,1
"stem cell population maintenance","MMEB9_C2",0,0,3.7e-24,0,1
"ribosome assembly","MMEB9_C2",0,0,3.7e-24,0,1
"intraciliary transport","MMEB9_C2",0,0,3.7e-24,0,1
"Golgi to plasma membrane protein transport","MMEB9_C2",0,0,3.7e-24,0,1
"response to amino acid starvation","MMEB9_C2",0,0,3.7e-24,0,1
"cellular response to extracellular stimulus","MMEB9_C2",0,0,3.7e-24,0,1
"cell growth","MMEB9_C2",0,1,3.7e-24,-1,0.4561
"protein glycosylation","MMEB9_C2",0,0,3.7e-24,0,1
"macromolecule glycosylation","MMEB9_C2",0,0,3.7e-24,0,1
"maintenance of cell number","MMEB9_C2",0,0,3.7e-24,0,1
"response to reactive oxygen species","MMEB9_C2",1,0,3.7e-24,1,0.3293
"regulation of cell morphogenesis","MMEB9_C2",0,0,3.7e-24,0,1
"regulation of cellular component size","MMEB9_C2",0,1,3.7e-24,-1,0.5249
"cell-substrate junction assembly","MMEB9_C2",0,0,3.7e-24,0,1
"membrane fission","MMEB9_C2",0,0,3.7e-24,0,1
"membrane docking","MMEB9_C2",0,0,3.7e-24,0,1
"fibroblast migration","MMEB9_C2",0,0,3.7e-24,0,1
"nucleus organization","MMEB9_C2",0,0,3.7e-24,0,1
"regulation of cell growth","MMEB9_C2",0,1,3.7e-24,-1,0.4938
"fibroblast proliferation","MMEB9_C2",0,0,3.7e-24,0,1
"cell cycle G1/S phase transition","MMEB9_C2",0,0,3.7e-24,0,1
"actin filament organization","MMEB9_C2",0,1,3.7e-24,-1,0.4609
"response to oxygen levels","MMEB9_C2",1,0,3.7e-24,1,0.4883
"epigenetic regulation of gene expression","MMEB9_C2",0,0,3.7e-24,0,1
"organelle fusion","MMEB9_C2",0,0,3.7e-24,0,1
"lipoprotein metabolic process","MMEB9_C2",0,0,3.7e-24,0,1
"protein lipidation","MMEB9_C2",0,0,3.7e-24,0,1
"regulation of plasma membrane bounded cell projection assembly","MMEB9_C2",0,0,3.7e-24,0,1
"regulation of actin filament-based process","MMEB9_C2",0,1,3.7e-24,-1,0.4874
"regulation of GTPase activity","MMEB9_C2",0,1,3.7e-24,-1,0.516
"nuclear envelope organization","MMEB9_C2",0,0,3.7e-24,0,1
"protein autophosphorylation","MMEB9_C2",0,0,3.7e-24,0,1
"connective tissue development","MMEB9_C2",0,0,3.7e-24,0,1
"cellular response to heat","MMEB9_C2",0,0,3.7e-24,0,1
"myeloid cell homeostasis","MMEB9_C2",1,0,3.7e-24,1,0.3268
"regulation of neuron projection development","MMEB9_C2",2,1,3.7e-24,0.584962500721156,0.6349
"receptor metabolic process","MMEB9_C2",0,0,3.7e-24,0,1
"maintenance of protein location in cell","MMEB9_C2",0,0,3.7e-24,0,1
"apoptotic mitochondrial changes","MMEB9_C2",0,0,3.7e-24,0,1
"response to transforming growth factor beta","MMEB9_C2",2,0,3.7e-24,1.58496250072116,0.1084
"neural tube development","MMEB9_C2",0,0,3.7e-24,0,1
"maintenance of protein location","MMEB9_C2",0,0,3.7e-24,0,1
"regulation of ubiquitin-protein transferase activity","MMEB9_C2",0,0,3.7e-24,0,1
"cilium assembly","MMEB9_C2",0,1,3.7e-24,-1,0.534
"mRNA export from nucleus","MMEB9_C2",0,0,3.7e-24,0,1
"regulation of cell-substrate junction organization","MMEB9_C2",0,0,3.7e-24,0,1
"membrane biogenesis","MMEB9_C2",0,0,3.7e-24,0,1
"cilium organization","MMEB9_C2",0,1,3.7e-24,-1,0.5033
"platelet-derived growth factor receptor signaling pathway","MMEB9_C2",0,0,3.7e-24,0,1
"iron-sulfur cluster assembly","MMEB9_C2",0,0,3.7e-24,0,1
"metallo-sulfur cluster assembly","MMEB9_C2",0,0,3.7e-24,0,1
"centromere complex assembly","MMEB9_C2",0,0,3.7e-24,0,1
"cellular response to oxygen levels","MMEB9_C2",0,0,3.7e-24,0,1
"fatty acid beta-oxidation","MMEB9_C2",0,0,3.7e-24,0,1
"organelle localization by membrane tethering","MMEB9_C2",0,0,3.7e-24,0,1
"autophagosome maturation","MMEB9_C2",0,0,3.7e-24,0,1
"cellular response to transforming growth factor beta stimulus","MMEB9_C2",0,0,3.7e-24,0,1
"nucleotide catabolic process","MMEB9_C2",0,0,3.7e-24,0,1
"tube closure","MMEB9_C2",0,0,3.7e-24,0,1
"regulation of stem cell differentiation","MMEB9_C2",0,0,3.7e-24,0,1
"substrate adhesion-dependent cell spreading","MMEB9_C2",0,0,3.7e-24,0,1
"chondrocyte differentiation","MMEB9_C2",0,0,3.7e-24,0,1
"regulation of fibroblast proliferation","MMEB9_C2",0,0,3.7e-24,0,1
"morphogenesis of an epithelial sheet","MMEB9_C2",0,0,3.7e-24,0,1
"microtubule polymerization","MMEB9_C2",0,0,3.7e-24,0,1
"response to virus","MMEB9_C2",0,1,3.7e-24,-1,0.4829
"membrane assembly","MMEB9_C2",0,0,3.7e-24,0,1
"COPII vesicle coating","MMEB9_C2",0,0,3.7e-24,0,1
"erythrocyte differentiation","MMEB9_C2",1,0,3.7e-24,1,0.2556
"organophosphate catabolic process","MMEB9_C2",2,0,3.7e-24,1.58496250072116,0.0428
"regulation of embryonic development","MMEB9_C2",0,0,3.7e-24,0,1
"regulation of focal adhesion assembly","MMEB9_C2",0,0,3.7e-24,0,1
"regulation of cell-substrate junction assembly","MMEB9_C2",0,0,3.7e-24,0,1
"regulation of extracellular matrix organization","MMEB9_C2",0,0,3.7e-24,0,1
"GPI anchor biosynthetic process","MMEB9_C2",0,0,3.7e-24,0,1
"lamellipodium organization","MMEB9_C2",0,0,3.7e-24,0,1
"positive regulation of stem cell population maintenance","MMEB9_C2",0,0,3.7e-24,0,1
"monosaccharide metabolic process","MMEB9_C2",0,0,3.7e-24,0,1
"U2-type prespliceosome assembly","MMEB9_C2",0,0,3.7e-24,0,1
"heterochromatin formation","MMEB9_C2",0,0,3.7e-24,0,1
"peroxisome organization","MMEB9_C2",0,0,3.7e-24,0,1
"regulation of mitochondrial fission","MMEB9_C2",0,0,3.7e-24,0,1
"cellular pigmentation","MMEB9_C2",0,0,3.7e-24,0,1
"regulation of fibroblast migration","MMEB9_C2",0,0,3.7e-24,0,1
"cellular carbohydrate metabolic process","MMEB9_C2",1,0,3.7e-24,1,0.4113
"positive regulation of axonogenesis","MMEB9_C2",0,0,3.7e-24,0,1
"kinetochore organization","MMEB9_C2",0,0,3.7e-24,0,1
"stem cell differentiation","MMEB9_C2",0,0,3.7e-24,0,1
"proton transmembrane transport","MMEB9_C2",0,0,3.7e-24,0,1
"cellular response to insulin stimulus","MMEB9_C2",1,0,3.7e-24,1,0.3078
"establishment of mitotic spindle localization","MMEB9_C2",0,0,3.7e-24,0,1
"cell redox homeostasis","MMEB9_C2",0,0,3.7e-24,0,1
"stress granule assembly","MMEB9_C2",0,0,3.7e-24,0,1
"protein neddylation","MMEB9_C2",0,0,3.7e-24,0,1
"regulation of mitochondrial membrane potential","MMEB9_C2",0,0,3.7e-24,0,1
"neuron death","MMEB9_C2",0,0,3.7e-24,0,1
"defense response to virus","MMEB9_C2",0,0,3.7e-24,0,1
"sulfur compound metabolic process","MMEB9_C2",0,0,3.7e-24,0,1
"NADP metabolic process","MMEB9_C2",0,0,3.7e-24,0,1
"vacuolar acidification","MMEB9_C2",0,0,3.7e-24,0,1
"oligosaccharide-lipid intermediate biosynthetic process","MMEB9_C2",0,0,3.7e-24,0,1
"lysosomal lumen acidification","MMEB9_C2",0,0,3.7e-24,0,1
"glycosyl compound biosynthetic process","MMEB9_C2",0,0,3.7e-24,0,1
"heart valve development","MMEB9_C2",0,0,3.7e-24,0,1
"water-soluble vitamin metabolic process","MMEB9_C2",0,0,3.7e-24,0,1
"interferon-beta production","MMEB9_C2",0,0,3.7e-24,0,1
"regulation of interferon-beta production","MMEB9_C2",0,0,3.7e-24,0,1
"branched-chain amino acid metabolic process","MMEB9_C2",0,0,3.7e-24,0,1
"regulation of mitochondrial membrane permeability","MMEB9_C2",0,0,3.7e-24,0,1
"respiratory tube development","MMEB9_C2",0,0,3.7e-24,0,1
"cellular senescence","MMEB9_C2",0,0,3.7e-24,0,1
"positive regulation of neurogenesis","MMEB9_C2",0,0,3.7e-24,0,1
"mitochondrial outer membrane permeabilization","MMEB9_C2",0,0,3.7e-24,0,1
"immune system development","MMEB9_C2",0,0,3.7e-24,0,1
"clathrin-dependent endocytosis","MMEB9_C2",0,0,3.7e-24,0,1
"positive regulation of viral process","MMEB9_C2",0,0,3.7e-24,0,1
"bone development","MMEB9_C2",0,0,3.7e-24,0,1
"cell-substrate adhesion","MMEB9_C2",0,0,3.7e-24,0,1
"positive regulation of microtubule polymerization","MMEB9_C2",0,0,3.7e-24,0,1
"pteridine-containing compound metabolic process","MMEB9_C2",0,0,3.7e-24,0,1
"response to arsenic-containing substance","MMEB9_C2",0,0,3.7e-24,0,1
"response to insulin","MMEB9_C2",0,0,3.7e-24,0,1
"ubiquinone metabolic process","MMEB9_C2",0,0,3.7e-24,0,1
"cellular response to arsenic-containing substance","MMEB9_C2",0,0,3.7e-24,0,1
"inositol phosphate catabolic process","MMEB9_C2",0,0,3.7e-24,0,1
"telomerase RNA localization to Cajal body","MMEB9_C2",0,0,3.7e-24,0,1
"respiratory system development","MMEB9_C2",0,0,3.7e-24,0,1
"regulation of generation of precursor metabolites and energy","MMEB9_C2",0,0,3.7e-24,0,1
"mitochondrial calcium ion homeostasis","MMEB9_C2",0,0,3.7e-24,0,1
"G0 to G1 transition","MMEB9_C2",0,0,3.7e-24,0,1
"mitochondrial genome maintenance","MMEB9_C2",0,0,3.7e-24,0,1
"release of cytochrome c from mitochondria","MMEB9_C2",0,0,3.7e-24,0,1
"cortical cytoskeleton organization","MMEB9_C2",0,0,3.7e-24,0,1
"response to sterol depletion","MMEB9_C2",0,0,3.7e-24,0,1
"regulation of ncRNA transcription","MMEB9_C2",0,0,3.7e-24,0,1
"mesenchymal cell differentiation","MMEB9_C2",1,0,3.7e-24,1,0.3783
"protein-DNA complex subunit organization","MMEB9_C2",0,0,3.7e-24,0,1
"response to fluid shear stress","MMEB9_C2",0,0,3.7e-24,0,1
"collagen fibril organization","MMEB9_C2",1,0,3.7e-24,1,0.1485
"roof of mouth development","MMEB9_C2",0,0,3.7e-24,0,1
"regulation of protein dephosphorylation","MMEB9_C2",1,0,3.7e-24,1,0.1392
"multicellular organism growth","MMEB9_C2",0,0,3.7e-24,0,1
"miRNA processing","MMEB9_C2",0,0,3.7e-24,0,1
"small molecule catabolic process","MMEB9_C2",0,0,3.7e-24,0,1
"regulation of G0 to G1 transition","MMEB9_C2",1,0,3.7e-24,1,0.1002
"circadian regulation of gene expression","MMEB9_C2",0,0,3.7e-24,0,1
"regulation of translational fidelity","MMEB9_C2",0,0,3.7e-24,0,1
"ubiquinone biosynthetic process","MMEB9_C2",0,0,3.7e-24,0,1
"mitochondrial calcium ion transmembrane transport","MMEB9_C2",0,0,3.7e-24,0,1
"quinone biosynthetic process","MMEB9_C2",0,0,3.7e-24,0,1
"viral release from host cell","MMEB9_C2",0,0,3.7e-24,0,1
"exit from host cell","MMEB9_C2",0,0,3.7e-24,0,1
"positive regulation of GTPase activity","MMEB9_C2",1,0,3.7e-24,1,0.4117
"regulation of cytokinesis","MMEB9_C2",0,0,3.7e-24,0,1
"mitochondrion localization","MMEB9_C2",0,0,3.7e-24,0,1
"renal system development","MMEB9_C2",0,0,3.7e-24,0,1
"regulation of cysteine-type endopeptidase activity involved in apoptotic process","MMEB9_C2",0,0,3.7e-24,0,1
"regulation of cell-substrate adhesion","MMEB9_C2",0,0,3.7e-24,0,1
"centrosome localization","MMEB9_C2",0,0,3.7e-24,0,1
"microtubule organizing center localization","MMEB9_C2",0,0,3.7e-24,0,1
"pinocytosis","MMEB9_C2",0,0,3.7e-24,0,1
"lamellipodium assembly","MMEB9_C2",0,0,3.7e-24,0,1
"cellular response to sterol depletion","MMEB9_C2",0,0,3.7e-24,0,1
"placenta development","MMEB9_C2",0,0,3.7e-24,0,1
"rhythmic process","MMEB9_C2",0,0,3.7e-24,0,1
"spindle localization","MMEB9_C2",0,0,3.7e-24,0,1
"carbohydrate derivative catabolic process","MMEB9_C2",0,0,3.7e-24,0,1
"response to amino acid","MMEB9_C2",0,0,3.7e-24,0,1
"regulation of intracellular steroid hormone receptor signaling pathway","MMEB9_C2",0,0,3.7e-24,0,1
"regulation of neuron death","MMEB9_C2",0,0,3.7e-24,0,1
"ossification","MMEB9_C2",1,1,3.7e-24,0,1
"mammary gland epithelial cell proliferation","MMEB9_C2",0,0,3.7e-24,0,1
"ribosomal subunit export from nucleus","MMEB9_C2",0,0,3.7e-24,0,1
"ribosome localization","MMEB9_C2",0,0,3.7e-24,0,1
"protein transport to vacuole involved in ubiquitin-dependent protein catabolic process via the multivesicular body sorting pathway","MMEB9_C2",0,0,3.7e-24,0,1
"seminiferous tubule development","MMEB9_C2",0,0,3.7e-24,0,1
"cellular response to acid chemical","MMEB9_C2",0,0,3.7e-24,0,1
"positive regulation of kinase activity","MMEB9_C2",0,1,3.7e-24,-1,0.4926
"positive regulation by host of viral process","MMEB9_C2",0,0,3.7e-24,0,1
"mitochondrion morphogenesis","MMEB9_C2",0,0,3.7e-24,0,1
"regulation of establishment of cell polarity","MMEB9_C2",0,0,3.7e-24,0,1
"cellular lipid catabolic process","MMEB9_C2",0,0,3.7e-24,0,1
"neuron apoptotic process","MMEB9_C2",1,0,3.7e-24,1,0.4422
"inner cell mass cell proliferation","MMEB9_C2",0,0,3.7e-24,0,1
"polyamine biosynthetic process","MMEB9_C2",0,0,3.7e-24,0,1
"folic acid metabolic process","MMEB9_C2",0,0,3.7e-24,0,1
"organelle inheritance","MMEB9_C2",0,0,3.7e-24,0,1
"polyol metabolic process","MMEB9_C2",0,0,3.7e-24,0,1
"regulation of type I interferon-mediated signaling pathway","MMEB9_C2",0,0,3.7e-24,0,1
"intracellular lipid transport","MMEB9_C2",0,0,3.7e-24,0,1
"fat cell differentiation","MMEB9_C2",0,0,3.7e-24,0,1
"iron ion homeostasis","MMEB9_C2",0,0,3.7e-24,0,1
"negative regulation of cell projection organization","MMEB9_C2",0,0,3.7e-24,0,1
"dicarboxylic acid metabolic process","MMEB9_C2",0,0,3.7e-24,0,1
"regulation of anatomical structure size","MMEB9_C2",0,1,3.7e-24,-1,0.4636
"regulation of small molecule metabolic process","MMEB9_C2",0,0,3.7e-24,0,1
"pentose-phosphate shunt","MMEB9_C2",0,0,3.7e-24,0,1
"pericardium development","MMEB9_C2",0,0,3.7e-24,0,1
"lysosomal protein catabolic process","MMEB9_C2",0,0,3.7e-24,0,1
"carbohydrate derivative transport","MMEB9_C2",0,0,3.7e-24,0,1
"alcohol biosynthetic process","MMEB9_C2",0,0,3.7e-24,0,1
"regulation of membrane permeability","MMEB9_C2",0,0,3.7e-24,0,1
"signal peptide processing","MMEB9_C2",0,0,3.7e-24,0,1
"UV-damage excision repair","MMEB9_C2",0,0,3.7e-24,0,1
"biological process involved in interaction with host","MMEB9_C2",0,0,3.7e-24,0,1
"body morphogenesis","MMEB9_C2",0,0,3.7e-24,0,1
"extracellular vesicle biogenesis","MMEB9_C2",0,0,3.7e-24,0,1
"negative regulation of defense response to virus","MMEB9_C2",0,0,3.7e-24,0,1
"aminoglycan biosynthetic process","MMEB9_C2",0,0,3.7e-24,0,1
"sterol biosynthetic process","MMEB9_C2",1,0,3.7e-24,1,0.1171
"polyamine metabolic process","MMEB9_C2",0,0,3.7e-24,0,1
"magnesium ion transport","MMEB9_C2",0,0,3.7e-24,0,1
"lamellipodium morphogenesis","MMEB9_C2",0,0,3.7e-24,0,1
"positive regulation of neuron migration","MMEB9_C2",0,0,3.7e-24,0,1
"regulation of glucose metabolic process","MMEB9_C2",0,0,3.7e-24,0,1
"monosaccharide biosynthetic process","MMEB9_C2",0,0,3.7e-24,0,1
"response to acid chemical","MMEB9_C2",0,0,3.7e-24,0,1
"regulation of carbohydrate metabolic process","MMEB9_C2",0,0,3.7e-24,0,1
"positive regulation of nervous system development","MMEB9_C2",1,0,3.7e-24,1,0.3871
"regulation of circadian rhythm","MMEB9_C2",0,0,3.7e-24,0,1
"trabecula morphogenesis","MMEB9_C2",0,0,3.7e-24,0,1
"pigment accumulation","MMEB9_C2",0,0,3.7e-24,0,1
"cellular pigment accumulation","MMEB9_C2",0,0,3.7e-24,0,1
"regulation of pinocytosis","MMEB9_C2",0,0,3.7e-24,0,1
"regulation of ligase activity","MMEB9_C2",0,0,3.7e-24,0,1
"smoothened signaling pathway involved in dorsal/ventral neural tube patterning","MMEB9_C2",0,0,3.7e-24,0,1
"glycosyl compound metabolic process","MMEB9_C2",0,0,3.7e-24,0,1
"substantia nigra development","MMEB9_C2",0,0,3.7e-24,0,1
"negative regulation of GTPase activity","MMEB9_C2",0,0,3.7e-24,0,1
"axon extension","MMEB9_C2",0,0,3.7e-24,0,1
"positive regulation of epithelial to mesenchymal transition","MMEB9_C2",0,0,3.7e-24,0,1
"one-carbon metabolic process","MMEB9_C2",0,0,3.7e-24,0,1
"NADPH regeneration","MMEB9_C2",0,0,3.7e-24,0,1
"cellular response to dsRNA","MMEB9_C2",0,0,3.7e-24,0,1
"neuron projection organization","MMEB9_C2",0,0,3.7e-24,0,1
"postsynapse organization","MMEB9_C2",0,0,3.7e-24,0,1
"regulation of ketone biosynthetic process","MMEB9_C2",0,0,3.7e-24,0,1
"mitochondrion distribution","MMEB9_C2",0,0,3.7e-24,0,1
"regulation of autophagosome maturation","MMEB9_C2",0,0,3.7e-24,0,1
"magnesium ion transmembrane transport","MMEB9_C2",0,0,3.7e-24,0,1
"regulation of cell division","MMEB9_C2",0,0,3.7e-24,0,1
"intermembrane lipid transfer","MMEB9_C2",0,0,3.7e-24,0,1
"organophosphate ester transport","MMEB9_C2",0,0,3.7e-24,0,1
"movement in host","MMEB9_C2",0,0,3.7e-24,0,1
"extracellular matrix assembly","MMEB9_C2",0,0,3.7e-24,0,1
"cellular metabolic compound salvage","MMEB9_C2",0,0,3.7e-24,0,1
"regulation of ATP-dependent activity","MMEB9_C2",0,0,3.7e-24,0,1
"cell migration involved in heart development","MMEB9_C2",0,0,3.7e-24,0,1
"cellular response to fluid shear stress","MMEB9_C2",0,0,3.7e-24,0,1
"sphingomyelin biosynthetic process","MMEB9_C2",0,0,3.7e-24,0,1
"ether lipid biosynthetic process","MMEB9_C2",0,0,3.7e-24,0,1
"embryonic body morphogenesis","MMEB9_C2",1,0,3.7e-24,1,0.0327
"amino sugar biosynthetic process","MMEB9_C2",0,0,3.7e-24,0,1
"glycerol ether biosynthetic process","MMEB9_C2",0,0,3.7e-24,0,1
"pigmentation","MMEB9_C2",1,0,3.7e-24,1,0.2259
"cellular response to ketone","MMEB9_C2",0,0,3.7e-24,0,1
"nonribosomal peptide biosynthetic process","MMEB9_C2",0,0,3.7e-24,0,1
"glial cell apoptotic process","MMEB9_C2",0,0,3.7e-24,0,1
"lipoprotein catabolic process","MMEB9_C2",0,0,3.7e-24,0,1
"suppression of viral release by host","MMEB9_C2",0,0,3.7e-24,0,1
"chaperone-mediated autophagy","MMEB9_C2",0,0,3.7e-24,0,1
"regulation of steroid hormone biosynthetic process","MMEB9_C2",0,0,3.7e-24,0,1
"synaptic vesicle lumen acidification","MMEB9_C2",0,0,3.7e-24,0,1
"semaphorin-plexin signaling pathway involved in neuron projection guidance","MMEB9_C2",0,0,3.7e-24,0,1
"regulation of Golgi organization","MMEB9_C2",0,0,3.7e-24,0,1
"Schwann cell differentiation","MMEB9_C2",0,0,3.7e-24,0,1
"neurotrophin signaling pathway","MMEB9_C2",0,0,3.7e-24,0,1
"regulation of microtubule depolymerization","MMEB9_C2",0,0,3.7e-24,0,1
"basement membrane organization","MMEB9_C2",0,0,3.7e-24,0,1
"establishment or maintenance of epithelial cell apical/basal polarity","MMEB9_C2",0,0,3.7e-24,0,1
"face development","MMEB9_C2",0,0,3.7e-24,0,1
"osteoblast differentiation","MMEB9_C2",0,0,3.7e-24,0,1
"appendage development","MMEB9_C2",0,0,3.7e-24,0,1
"limb development","MMEB9_C2",0,0,3.7e-24,0,1
"regulation of ATP metabolic process","MMEB9_C2",0,0,3.7e-24,0,1
"developmental growth involved in morphogenesis","MMEB9_C2",0,0,3.7e-24,0,1
"embryonic organ development","MMEB9_C2",0,1,3.7e-24,-1,0.5041
"negative regulation of growth","MMEB9_C2",0,0,3.7e-24,0,1
"microtubule depolymerization","MMEB9_C2",0,0,3.7e-24,0,1
"heme metabolic process","MMEB9_C2",0,0,3.7e-24,0,1
"regulation of neuron apoptotic process","MMEB9_C2",0,0,3.7e-24,0,1
"plasma membrane tubulation","MMEB9_C2",0,0,3.7e-24,0,1
"exosomal secretion","MMEB9_C2",0,0,3.7e-24,0,1
"vasculogenesis","MMEB9_C2",0,0,3.7e-24,0,1
"toxin transport","MMEB9_C2",0,0,3.7e-24,0,1
"ncRNA processing","MMEB9_C3",0,1,3.7e-24,-1,0.4902
"ribosome biogenesis","MMEB9_C3",1,0,3.7e-24,1,0.4745
"rRNA metabolic process","MMEB9_C3",0,0,3.7e-24,0,1
"proteasome-mediated ubiquitin-dependent protein catabolic process","MMEB9_C3",0,1,3.7e-24,-1,0.4686
"regulation of response to DNA damage stimulus","MMEB9_C3",0,0,3.7e-24,0,1
"establishment of protein localization to organelle","MMEB9_C3",1,1,3.7e-24,0,1
"macroautophagy","MMEB9_C3",0,1,3.7e-24,-1,0.5257
"regulation of chromosome organization","MMEB9_C3",0,0,3.7e-24,0,1
"Golgi vesicle transport","MMEB9_C3",0,0,3.7e-24,0,1
"double-strand break repair","MMEB9_C3",0,0,3.7e-24,0,1
"histone modification","MMEB9_C3",0,1,3.7e-24,-1,0.4675
"sister chromatid segregation","MMEB9_C3",0,0,3.7e-24,0,1
"DNA replication","MMEB9_C3",0,0,3.7e-24,0,1
"chromosome segregation","MMEB9_C3",2,1,3.7e-24,0.584962500721156,0.6482
"mitochondrial gene expression","MMEB9_C3",0,0,3.7e-24,0,1
"nucleocytoplasmic transport","MMEB9_C3",0,0,3.7e-24,0,1
"nuclear transport","MMEB9_C3",0,0,3.7e-24,0,1
"regulation of DNA repair","MMEB9_C3",0,0,3.7e-24,0,1
"peptidyl-lysine modification","MMEB9_C3",1,0,3.7e-24,1,0.4871
"protein targeting","MMEB9_C3",1,0,3.7e-24,1,0.4645
"cytoplasmic translation","MMEB9_C3",1,0,3.7e-24,1,0.26
"regulation of autophagy","MMEB9_C3",1,0,3.7e-24,1,0.4789
"signal transduction in response to DNA damage","MMEB9_C3",0,0,3.7e-24,0,1
"regulation of intracellular transport","MMEB9_C3",0,0,3.7e-24,0,1
"protein localization to nucleus","MMEB9_C3",1,0,3.7e-24,1,0.4494
"microtubule cytoskeleton organization involved in mitosis","MMEB9_C3",1,0,3.7e-24,1,0.3042
"telomere maintenance","MMEB9_C3",0,0,3.7e-24,0,1
"cell cycle checkpoint signaling","MMEB9_C3",0,0,3.7e-24,0,1
"regulation of protein modification by small protein conjugation or removal","MMEB9_C3",0,0,3.7e-24,0,1
"cellular respiration","MMEB9_C3",0,0,3.7e-24,0,1
"cellular component disassembly","MMEB9_C3",0,1,3.7e-24,-1,0.4798
"nuclear chromosome segregation","MMEB9_C3",0,1,3.7e-24,-1,0.5252
"regulation of protein stability","MMEB9_C3",0,0,3.7e-24,0,1
"regulation of cell cycle phase transition","MMEB9_C3",0,1,3.7e-24,-1,0.4906
"regulation of protein catabolic process","MMEB9_C3",0,0,3.7e-24,0,1
"response to endoplasmic reticulum stress","MMEB9_C3",0,0,3.7e-24,0,1
"vesicle organization","MMEB9_C3",0,0,3.7e-24,0,1
"mitochondrial respiratory chain complex assembly","MMEB9_C3",1,0,3.7e-24,1,0.2099
"DNA-templated transcription elongation","MMEB9_C3",0,0,3.7e-24,0,1
"mitochondrial transport","MMEB9_C3",0,0,3.7e-24,0,1
"establishment of organelle localization","MMEB9_C3",1,1,3.7e-24,0,1
"regulation of intracellular protein transport","MMEB9_C3",0,0,3.7e-24,0,1
"response to UV","MMEB9_C3",0,0,3.7e-24,0,1
"RNA localization","MMEB9_C3",0,0,3.7e-24,0,1
"response to topologically incorrect protein","MMEB9_C3",0,0,3.7e-24,0,1
"organelle fission","MMEB9_C3",0,1,3.7e-24,-1,0.4621
"non-membrane-bounded organelle assembly","MMEB9_C3",1,0,3.7e-24,1,0.4999
"protein polyubiquitination","MMEB9_C3",0,0,3.7e-24,0,1
"methylation","MMEB9_C3",0,0,3.7e-24,0,1
"phospholipid biosynthetic process","MMEB9_C3",0,0,3.7e-24,0,1
"oxidative phosphorylation","MMEB9_C3",0,0,3.7e-24,0,1
"establishment of protein localization to membrane","MMEB9_C3",0,0,3.7e-24,0,1
"in utero embryonic development","MMEB9_C3",0,1,3.7e-24,-1,0.5216
"vacuole organization","MMEB9_C3",0,0,3.7e-24,0,1
"nuclear-transcribed mRNA catabolic process","MMEB9_C3",0,0,3.7e-24,0,1
"protein folding","MMEB9_C3",0,0,3.7e-24,0,1
"DNA conformation change","MMEB9_C3",0,0,3.7e-24,0,1
"regulation of chromosome segregation","MMEB9_C3",0,0,3.7e-24,0,1
"regulation of apoptotic signaling pathway","MMEB9_C3",1,1,3.7e-24,0,1
"cell cycle G2/M phase transition","MMEB9_C3",0,0,3.7e-24,0,1
"vacuolar transport","MMEB9_C3",0,0,3.7e-24,0,1
"response to ionizing radiation","MMEB9_C3",0,0,3.7e-24,0,1
"cellular response to UV","MMEB9_C3",1,0,3.7e-24,1,0.1772
"regulation of binding","MMEB9_C3",1,0,3.7e-24,1,0.4853
"nucleic acid transport","MMEB9_C3",0,0,3.7e-24,0,1
"RNA transport","MMEB9_C3",0,0,3.7e-24,0,1
"ribonucleoprotein complex subunit organization","MMEB9_C3",1,0,3.7e-24,1,0.3819
"regulation of DNA replication","MMEB9_C3",0,0,3.7e-24,0,1
"ribose phosphate metabolic process","MMEB9_C3",0,1,3.7e-24,-1,0.4798
"proton motive force-driven ATP synthesis","MMEB9_C3",0,0,3.7e-24,0,1
"ribonucleotide metabolic process","MMEB9_C3",0,1,3.7e-24,-1,0.5156
"telomere organization","MMEB9_C3",0,0,3.7e-24,0,1
"cellular response to topologically incorrect protein","MMEB9_C3",0,0,3.7e-24,0,1
"Golgi organization","MMEB9_C3",0,0,3.7e-24,0,1
"ribonucleoprotein complex assembly","MMEB9_C3",0,0,3.7e-24,0,1
"cellular nitrogen compound catabolic process","MMEB9_C3",1,1,3.7e-24,0,1
"negative regulation of phosphorus metabolic process","MMEB9_C3",1,1,3.7e-24,0,1
"heterocycle catabolic process","MMEB9_C3",2,1,3.7e-24,0.584962500721156,0.6357
"mitochondrial membrane organization","MMEB9_C3",0,0,3.7e-24,0,1
"regulation of protein-containing complex assembly","MMEB9_C3",1,0,3.7e-24,1,0.4912
"positive regulation of cellular component biogenesis","MMEB9_C3",1,1,3.7e-24,0,1
"response to oxidative stress","MMEB9_C3",0,1,3.7e-24,-1,0.5094
"regulation of supramolecular fiber organization","MMEB9_C3",0,0,3.7e-24,0,1
"positive regulation of protein localization","MMEB9_C3",1,1,3.7e-24,0,1
"positive regulation of cell projection organization","MMEB9_C3",1,0,3.7e-24,1,0.4578
"negative regulation of transferase activity","MMEB9_C3",0,0,3.7e-24,0,1
"autophagy of mitochondrion","MMEB9_C3",0,0,3.7e-24,0,1
"positive regulation of amide metabolic process","MMEB9_C3",0,0,3.7e-24,0,1
"chromatin remodeling","MMEB9_C3",0,1,3.7e-24,-1,0.5335
"viral process","MMEB9_C3",1,1,3.7e-24,0,1
"macromolecule deacylation","MMEB9_C3",0,0,3.7e-24,0,1
"mitotic cytokinesis","MMEB9_C3",0,0,3.7e-24,0,1
"aromatic compound catabolic process","MMEB9_C3",0,1,3.7e-24,-1,0.478
"vesicle localization","MMEB9_C3",0,0,3.7e-24,0,1
"establishment or maintenance of cell polarity","MMEB9_C3",0,0,3.7e-24,0,1
"Wnt signaling pathway","MMEB9_C3",0,1,3.7e-24,-1,0.5203
"cell-cell signaling by wnt","MMEB9_C3",0,1,3.7e-24,-1,0.5102
"ATP metabolic process","MMEB9_C3",0,0,3.7e-24,0,1
"cellular response to chemical stress","MMEB9_C3",0,0,3.7e-24,0,1
"regulation of vacuole organization","MMEB9_C3",1,0,3.7e-24,1,0.0728
"cellular response to external stimulus","MMEB9_C3",1,0,3.7e-24,1,0.4775
"negative regulation of protein phosphorylation","MMEB9_C3",0,0,3.7e-24,0,1
"negative regulation of catabolic process","MMEB9_C3",1,0,3.7e-24,1,0.4066
"regulation of microtubule cytoskeleton organization","MMEB9_C3",0,0,3.7e-24,0,1
"chromosome localization","MMEB9_C3",0,0,3.7e-24,0,1
"negative regulation of mitotic nuclear division","MMEB9_C3",0,0,3.7e-24,0,1
"regulation of actin filament organization","MMEB9_C3",0,0,3.7e-24,0,1
"dephosphorylation","MMEB9_C3",0,0,3.7e-24,0,1
"glycosylation","MMEB9_C3",0,0,3.7e-24,0,1
"positive regulation of establishment of protein localization","MMEB9_C3",0,0,3.7e-24,0,1
"regulation of microtubule-based process","MMEB9_C3",0,0,3.7e-24,0,1
"cell-substrate junction organization","MMEB9_C3",0,0,3.7e-24,0,1
"protein-containing complex localization","MMEB9_C3",0,0,3.7e-24,0,1
"mitochondrial transmembrane transport","MMEB9_C3",0,0,3.7e-24,0,1
"stem cell population maintenance","MMEB9_C3",0,0,3.7e-24,0,1
"ribosome assembly","MMEB9_C3",0,0,3.7e-24,0,1
"intraciliary transport","MMEB9_C3",0,0,3.7e-24,0,1
"Golgi to plasma membrane protein transport","MMEB9_C3",0,0,3.7e-24,0,1
"response to amino acid starvation","MMEB9_C3",0,0,3.7e-24,0,1
"cellular response to extracellular stimulus","MMEB9_C3",0,0,3.7e-24,0,1
"cell growth","MMEB9_C3",0,1,3.7e-24,-1,0.4923
"protein glycosylation","MMEB9_C3",0,0,3.7e-24,0,1
"macromolecule glycosylation","MMEB9_C3",0,0,3.7e-24,0,1
"maintenance of cell number","MMEB9_C3",0,0,3.7e-24,0,1
"response to reactive oxygen species","MMEB9_C3",0,0,3.7e-24,0,1
"regulation of cell morphogenesis","MMEB9_C3",0,0,3.7e-24,0,1
"regulation of cellular component size","MMEB9_C3",0,0,3.7e-24,0,1
"cell-substrate junction assembly","MMEB9_C3",0,0,3.7e-24,0,1
"membrane fission","MMEB9_C3",0,0,3.7e-24,0,1
"membrane docking","MMEB9_C3",0,0,3.7e-24,0,1
"fibroblast migration","MMEB9_C3",0,0,3.7e-24,0,1
"nucleus organization","MMEB9_C3",0,0,3.7e-24,0,1
"regulation of cell growth","MMEB9_C3",1,1,3.7e-24,0,1
"fibroblast proliferation","MMEB9_C3",0,0,3.7e-24,0,1
"cell cycle G1/S phase transition","MMEB9_C3",0,0,3.7e-24,0,1
"actin filament organization","MMEB9_C3",2,1,3.7e-24,0.584962500721156,0.6447
"response to oxygen levels","MMEB9_C3",0,0,3.7e-24,0,1
"epigenetic regulation of gene expression","MMEB9_C3",0,0,3.7e-24,0,1
"organelle fusion","MMEB9_C3",0,0,3.7e-24,0,1
"lipoprotein metabolic process","MMEB9_C3",0,0,3.7e-24,0,1
"protein lipidation","MMEB9_C3",0,0,3.7e-24,0,1
"regulation of plasma membrane bounded cell projection assembly","MMEB9_C3",0,0,3.7e-24,0,1
"regulation of actin filament-based process","MMEB9_C3",0,0,3.7e-24,0,1
"regulation of GTPase activity","MMEB9_C3",0,0,3.7e-24,0,1
"nuclear envelope organization","MMEB9_C3",0,0,3.7e-24,0,1
"protein autophosphorylation","MMEB9_C3",0,0,3.7e-24,0,1
"connective tissue development","MMEB9_C3",0,0,3.7e-24,0,1
"cellular response to heat","MMEB9_C3",0,0,3.7e-24,0,1
"myeloid cell homeostasis","MMEB9_C3",0,0,3.7e-24,0,1
"regulation of neuron projection development","MMEB9_C3",0,1,3.7e-24,-1,0.5158
"receptor metabolic process","MMEB9_C3",0,0,3.7e-24,0,1
"maintenance of protein location in cell","MMEB9_C3",0,0,3.7e-24,0,1
"apoptotic mitochondrial changes","MMEB9_C3",0,0,3.7e-24,0,1
"response to transforming growth factor beta","MMEB9_C3",0,0,3.7e-24,0,1
"neural tube development","MMEB9_C3",0,0,3.7e-24,0,1
"maintenance of protein location","MMEB9_C3",0,0,3.7e-24,0,1
"regulation of ubiquitin-protein transferase activity","MMEB9_C3",0,0,3.7e-24,0,1
"cilium assembly","MMEB9_C3",0,0,3.7e-24,0,1
"mRNA export from nucleus","MMEB9_C3",0,0,3.7e-24,0,1
"regulation of cell-substrate junction organization","MMEB9_C3",0,0,3.7e-24,0,1
"membrane biogenesis","MMEB9_C3",0,0,3.7e-24,0,1
"cilium organization","MMEB9_C3",0,0,3.7e-24,0,1
"platelet-derived growth factor receptor signaling pathway","MMEB9_C3",0,0,3.7e-24,0,1
"iron-sulfur cluster assembly","MMEB9_C3",0,0,3.7e-24,0,1
"metallo-sulfur cluster assembly","MMEB9_C3",0,0,3.7e-24,0,1
"centromere complex assembly","MMEB9_C3",0,0,3.7e-24,0,1
"cellular response to oxygen levels","MMEB9_C3",0,0,3.7e-24,0,1
"fatty acid beta-oxidation","MMEB9_C3",0,0,3.7e-24,0,1
"organelle localization by membrane tethering","MMEB9_C3",0,0,3.7e-24,0,1
"autophagosome maturation","MMEB9_C3",0,0,3.7e-24,0,1
"cellular response to transforming growth factor beta stimulus","MMEB9_C3",0,0,3.7e-24,0,1
"nucleotide catabolic process","MMEB9_C3",0,0,3.7e-24,0,1
"tube closure","MMEB9_C3",0,0,3.7e-24,0,1
"regulation of stem cell differentiation","MMEB9_C3",0,0,3.7e-24,0,1
"substrate adhesion-dependent cell spreading","MMEB9_C3",0,0,3.7e-24,0,1
"chondrocyte differentiation","MMEB9_C3",0,0,3.7e-24,0,1
"regulation of fibroblast proliferation","MMEB9_C3",0,0,3.7e-24,0,1
"morphogenesis of an epithelial sheet","MMEB9_C3",0,0,3.7e-24,0,1
"microtubule polymerization","MMEB9_C3",0,0,3.7e-24,0,1
"response to virus","MMEB9_C3",0,1,3.7e-24,-1,0.5174
"membrane assembly","MMEB9_C3",0,0,3.7e-24,0,1
"COPII vesicle coating","MMEB9_C3",0,0,3.7e-24,0,1
"erythrocyte differentiation","MMEB9_C3",0,0,3.7e-24,0,1
"organophosphate catabolic process","MMEB9_C3",0,0,3.7e-24,0,1
"regulation of embryonic development","MMEB9_C3",0,0,3.7e-24,0,1
"regulation of focal adhesion assembly","MMEB9_C3",0,0,3.7e-24,0,1
"regulation of cell-substrate junction assembly","MMEB9_C3",0,0,3.7e-24,0,1
"regulation of extracellular matrix organization","MMEB9_C3",0,0,3.7e-24,0,1
"GPI anchor biosynthetic process","MMEB9_C3",0,0,3.7e-24,0,1
"lamellipodium organization","MMEB9_C3",0,0,3.7e-24,0,1
"positive regulation of stem cell population maintenance","MMEB9_C3",0,0,3.7e-24,0,1
"monosaccharide metabolic process","MMEB9_C3",0,0,3.7e-24,0,1
"U2-type prespliceosome assembly","MMEB9_C3",0,0,3.7e-24,0,1
"heterochromatin formation","MMEB9_C3",1,0,3.7e-24,1,0.1575
"peroxisome organization","MMEB9_C3",0,0,3.7e-24,0,1
"regulation of mitochondrial fission","MMEB9_C3",0,0,3.7e-24,0,1
"cellular pigmentation","MMEB9_C3",0,0,3.7e-24,0,1
"regulation of fibroblast migration","MMEB9_C3",0,0,3.7e-24,0,1
"cellular carbohydrate metabolic process","MMEB9_C3",0,0,3.7e-24,0,1
"positive regulation of axonogenesis","MMEB9_C3",0,0,3.7e-24,0,1
"kinetochore organization","MMEB9_C3",0,0,3.7e-24,0,1
"stem cell differentiation","MMEB9_C3",1,0,3.7e-24,1,0.3361
"proton transmembrane transport","MMEB9_C3",0,0,3.7e-24,0,1
"cellular response to insulin stimulus","MMEB9_C3",0,0,3.7e-24,0,1
"establishment of mitotic spindle localization","MMEB9_C3",0,0,3.7e-24,0,1
"cell redox homeostasis","MMEB9_C3",0,0,3.7e-24,0,1
"stress granule assembly","MMEB9_C3",0,0,3.7e-24,0,1
"protein neddylation","MMEB9_C3",0,0,3.7e-24,0,1
"regulation of mitochondrial membrane potential","MMEB9_C3",0,0,3.7e-24,0,1
"neuron death","MMEB9_C3",1,0,3.7e-24,1,0.446
"defense response to virus","MMEB9_C3",0,0,3.7e-24,0,1
"sulfur compound metabolic process","MMEB9_C3",0,0,3.7e-24,0,1
"NADP metabolic process","MMEB9_C3",1,0,3.7e-24,1,0.1129
"vacuolar acidification","MMEB9_C3",0,0,3.7e-24,0,1
"oligosaccharide-lipid intermediate biosynthetic process","MMEB9_C3",0,0,3.7e-24,0,1
"lysosomal lumen acidification","MMEB9_C3",0,0,3.7e-24,0,1
"glycosyl compound biosynthetic process","MMEB9_C3",0,0,3.7e-24,0,1
"heart valve development","MMEB9_C3",0,0,3.7e-24,0,1
"water-soluble vitamin metabolic process","MMEB9_C3",0,0,3.7e-24,0,1
"interferon-beta production","MMEB9_C3",0,0,3.7e-24,0,1
"regulation of interferon-beta production","MMEB9_C3",0,0,3.7e-24,0,1
"branched-chain amino acid metabolic process","MMEB9_C3",0,0,3.7e-24,0,1
"regulation of mitochondrial membrane permeability","MMEB9_C3",0,0,3.7e-24,0,1
"respiratory tube development","MMEB9_C3",0,0,3.7e-24,0,1
"cellular senescence","MMEB9_C3",0,0,3.7e-24,0,1
"positive regulation of neurogenesis","MMEB9_C3",0,0,3.7e-24,0,1
"mitochondrial outer membrane permeabilization","MMEB9_C3",0,0,3.7e-24,0,1
"immune system development","MMEB9_C3",0,0,3.7e-24,0,1
"clathrin-dependent endocytosis","MMEB9_C3",0,0,3.7e-24,0,1
"positive regulation of viral process","MMEB9_C3",0,0,3.7e-24,0,1
"bone development","MMEB9_C3",0,0,3.7e-24,0,1
"cell-substrate adhesion","MMEB9_C3",2,0,3.7e-24,1.58496250072116,0.0926
"positive regulation of microtubule polymerization","MMEB9_C3",0,0,3.7e-24,0,1
"pteridine-containing compound metabolic process","MMEB9_C3",0,0,3.7e-24,0,1
"response to arsenic-containing substance","MMEB9_C3",0,0,3.7e-24,0,1
"response to insulin","MMEB9_C3",0,0,3.7e-24,0,1
"ubiquinone metabolic process","MMEB9_C3",0,0,3.7e-24,0,1
"cellular response to arsenic-containing substance","MMEB9_C3",0,0,3.7e-24,0,1
"inositol phosphate catabolic process","MMEB9_C3",0,0,3.7e-24,0,1
"telomerase RNA localization to Cajal body","MMEB9_C3",0,0,3.7e-24,0,1
"respiratory system development","MMEB9_C3",1,0,3.7e-24,1,0.322
"regulation of generation of precursor metabolites and energy","MMEB9_C3",0,0,3.7e-24,0,1
"mitochondrial calcium ion homeostasis","MMEB9_C3",0,0,3.7e-24,0,1
"G0 to G1 transition","MMEB9_C3",0,0,3.7e-24,0,1
"mitochondrial genome maintenance","MMEB9_C3",0,0,3.7e-24,0,1
"release of cytochrome c from mitochondria","MMEB9_C3",0,0,3.7e-24,0,1
"cortical cytoskeleton organization","MMEB9_C3",0,0,3.7e-24,0,1
"response to sterol depletion","MMEB9_C3",0,0,3.7e-24,0,1
"regulation of ncRNA transcription","MMEB9_C3",0,0,3.7e-24,0,1
"mesenchymal cell differentiation","MMEB9_C3",0,0,3.7e-24,0,1
"protein-DNA complex subunit organization","MMEB9_C3",0,0,3.7e-24,0,1
"response to fluid shear stress","MMEB9_C3",0,0,3.7e-24,0,1
"collagen fibril organization","MMEB9_C3",0,0,3.7e-24,0,1
"roof of mouth development","MMEB9_C3",1,0,3.7e-24,1,0.1527
"regulation of protein dephosphorylation","MMEB9_C3",0,0,3.7e-24,0,1
"multicellular organism growth","MMEB9_C3",0,0,3.7e-24,0,1
"miRNA processing","MMEB9_C3",0,0,3.7e-24,0,1
"small molecule catabolic process","MMEB9_C3",0,0,3.7e-24,0,1
"regulation of G0 to G1 transition","MMEB9_C3",0,0,3.7e-24,0,1
"circadian regulation of gene expression","MMEB9_C3",0,0,3.7e-24,0,1
"regulation of translational fidelity","MMEB9_C3",0,0,3.7e-24,0,1
"ubiquinone biosynthetic process","MMEB9_C3",0,0,3.7e-24,0,1
"mitochondrial calcium ion transmembrane transport","MMEB9_C3",0,0,3.7e-24,0,1
"quinone biosynthetic process","MMEB9_C3",0,0,3.7e-24,0,1
"viral release from host cell","MMEB9_C3",0,0,3.7e-24,0,1
"exit from host cell","MMEB9_C3",0,0,3.7e-24,0,1
"positive regulation of GTPase activity","MMEB9_C3",0,0,3.7e-24,0,1
"regulation of cytokinesis","MMEB9_C3",1,0,3.7e-24,1,0.1321
"mitochondrion localization","MMEB9_C3",0,0,3.7e-24,0,1
"renal system development","MMEB9_C3",0,0,3.7e-24,0,1
"regulation of cysteine-type endopeptidase activity involved in apoptotic process","MMEB9_C3",0,0,3.7e-24,0,1
"regulation of cell-substrate adhesion","MMEB9_C3",0,0,3.7e-24,0,1
"centrosome localization","MMEB9_C3",0,0,3.7e-24,0,1
"microtubule organizing center localization","MMEB9_C3",0,0,3.7e-24,0,1
"pinocytosis","MMEB9_C3",0,0,3.7e-24,0,1
"lamellipodium assembly","MMEB9_C3",0,0,3.7e-24,0,1
"cellular response to sterol depletion","MMEB9_C3",0,0,3.7e-24,0,1
"placenta development","MMEB9_C3",0,0,3.7e-24,0,1
"rhythmic process","MMEB9_C3",0,0,3.7e-24,0,1
"spindle localization","MMEB9_C3",0,0,3.7e-24,0,1
"carbohydrate derivative catabolic process","MMEB9_C3",0,0,3.7e-24,0,1
"response to amino acid","MMEB9_C3",0,0,3.7e-24,0,1
"regulation of intracellular steroid hormone receptor signaling pathway","MMEB9_C3",0,0,3.7e-24,0,1
"regulation of neuron death","MMEB9_C3",0,0,3.7e-24,0,1
"ossification","MMEB9_C3",0,0,3.7e-24,0,1
"mammary gland epithelial cell proliferation","MMEB9_C3",0,0,3.7e-24,0,1
"ribosomal subunit export from nucleus","MMEB9_C3",0,0,3.7e-24,0,1
"ribosome localization","MMEB9_C3",0,0,3.7e-24,0,1
"protein transport to vacuole involved in ubiquitin-dependent protein catabolic process via the multivesicular body sorting pathway","MMEB9_C3",0,0,3.7e-24,0,1
"seminiferous tubule development","MMEB9_C3",0,0,3.7e-24,0,1
"cellular response to acid chemical","MMEB9_C3",1,0,3.7e-24,1,0.1672
"positive regulation of kinase activity","MMEB9_C3",0,0,3.7e-24,0,1
"positive regulation by host of viral process","MMEB9_C3",0,0,3.7e-24,0,1
"mitochondrion morphogenesis","MMEB9_C3",0,0,3.7e-24,0,1
"regulation of establishment of cell polarity","MMEB9_C3",0,0,3.7e-24,0,1
"cellular lipid catabolic process","MMEB9_C3",0,0,3.7e-24,0,1
"neuron apoptotic process","MMEB9_C3",0,0,3.7e-24,0,1
"inner cell mass cell proliferation","MMEB9_C3",0,0,3.7e-24,0,1
"polyamine biosynthetic process","MMEB9_C3",0,0,3.7e-24,0,1
"folic acid metabolic process","MMEB9_C3",0,0,3.7e-24,0,1
"organelle inheritance","MMEB9_C3",0,0,3.7e-24,0,1
"polyol metabolic process","MMEB9_C3",0,0,3.7e-24,0,1
"regulation of type I interferon-mediated signaling pathway","MMEB9_C3",0,0,3.7e-24,0,1
"intracellular lipid transport","MMEB9_C3",0,0,3.7e-24,0,1
"fat cell differentiation","MMEB9_C3",0,0,3.7e-24,0,1
"iron ion homeostasis","MMEB9_C3",0,0,3.7e-24,0,1
"negative regulation of cell projection organization","MMEB9_C3",0,0,3.7e-24,0,1
"dicarboxylic acid metabolic process","MMEB9_C3",0,0,3.7e-24,0,1
"regulation of anatomical structure size","MMEB9_C3",1,1,3.7e-24,0,1
"regulation of small molecule metabolic process","MMEB9_C3",0,0,3.7e-24,0,1
"pentose-phosphate shunt","MMEB9_C3",0,0,3.7e-24,0,1
"pericardium development","MMEB9_C3",0,0,3.7e-24,0,1
"lysosomal protein catabolic process","MMEB9_C3",0,0,3.7e-24,0,1
"carbohydrate derivative transport","MMEB9_C3",0,0,3.7e-24,0,1
"alcohol biosynthetic process","MMEB9_C3",0,0,3.7e-24,0,1
"regulation of membrane permeability","MMEB9_C3",0,0,3.7e-24,0,1
"signal peptide processing","MMEB9_C3",0,0,3.7e-24,0,1
"UV-damage excision repair","MMEB9_C3",0,0,3.7e-24,0,1
"biological process involved in interaction with host","MMEB9_C3",0,0,3.7e-24,0,1
"body morphogenesis","MMEB9_C3",0,0,3.7e-24,0,1
"extracellular vesicle biogenesis","MMEB9_C3",0,0,3.7e-24,0,1
"negative regulation of defense response to virus","MMEB9_C3",0,0,3.7e-24,0,1
"aminoglycan biosynthetic process","MMEB9_C3",0,0,3.7e-24,0,1
"sterol biosynthetic process","MMEB9_C3",0,0,3.7e-24,0,1
"polyamine metabolic process","MMEB9_C3",0,0,3.7e-24,0,1
"magnesium ion transport","MMEB9_C3",0,0,3.7e-24,0,1
"lamellipodium morphogenesis","MMEB9_C3",0,0,3.7e-24,0,1
"positive regulation of neuron migration","MMEB9_C3",0,0,3.7e-24,0,1
"regulation of glucose metabolic process","MMEB9_C3",0,0,3.7e-24,0,1
"monosaccharide biosynthetic process","MMEB9_C3",0,0,3.7e-24,0,1
"response to acid chemical","MMEB9_C3",0,0,3.7e-24,0,1
"regulation of carbohydrate metabolic process","MMEB9_C3",0,0,3.7e-24,0,1
"positive regulation of nervous system development","MMEB9_C3",0,0,3.7e-24,0,1
"regulation of circadian rhythm","MMEB9_C3",0,0,3.7e-24,0,1
"trabecula morphogenesis","MMEB9_C3",0,0,3.7e-24,0,1
"pigment accumulation","MMEB9_C3",0,0,3.7e-24,0,1
"cellular pigment accumulation","MMEB9_C3",0,0,3.7e-24,0,1
"regulation of pinocytosis","MMEB9_C3",0,0,3.7e-24,0,1
"regulation of ligase activity","MMEB9_C3",0,0,3.7e-24,0,1
"smoothened signaling pathway involved in dorsal/ventral neural tube patterning","MMEB9_C3",0,0,3.7e-24,0,1
"glycosyl compound metabolic process","MMEB9_C3",0,0,3.7e-24,0,1
"substantia nigra development","MMEB9_C3",0,0,3.7e-24,0,1
"negative regulation of GTPase activity","MMEB9_C3",0,0,3.7e-24,0,1
"axon extension","MMEB9_C3",0,0,3.7e-24,0,1
"positive regulation of epithelial to mesenchymal transition","MMEB9_C3",1,0,3.7e-24,1,0.1077
"one-carbon metabolic process","MMEB9_C3",0,0,3.7e-24,0,1
"NADPH regeneration","MMEB9_C3",0,0,3.7e-24,0,1
"cellular response to dsRNA","MMEB9_C3",0,0,3.7e-24,0,1
"neuron projection organization","MMEB9_C3",0,0,3.7e-24,0,1
"postsynapse organization","MMEB9_C3",0,0,3.7e-24,0,1
"regulation of ketone biosynthetic process","MMEB9_C3",0,0,3.7e-24,0,1
"mitochondrion distribution","MMEB9_C3",0,0,3.7e-24,0,1
"regulation of autophagosome maturation","MMEB9_C3",0,0,3.7e-24,0,1
"magnesium ion transmembrane transport","MMEB9_C3",0,0,3.7e-24,0,1
"regulation of cell division","MMEB9_C3",0,0,3.7e-24,0,1
"intermembrane lipid transfer","MMEB9_C3",0,0,3.7e-24,0,1
"organophosphate ester transport","MMEB9_C3",0,0,3.7e-24,0,1
"movement in host","MMEB9_C3",0,0,3.7e-24,0,1
"extracellular matrix assembly","MMEB9_C3",0,0,3.7e-24,0,1
"cellular metabolic compound salvage","MMEB9_C3",0,0,3.7e-24,0,1
"regulation of ATP-dependent activity","MMEB9_C3",0,0,3.7e-24,0,1
"cell migration involved in heart development","MMEB9_C3",0,0,3.7e-24,0,1
"cellular response to fluid shear stress","MMEB9_C3",0,0,3.7e-24,0,1
"sphingomyelin biosynthetic process","MMEB9_C3",0,0,3.7e-24,0,1
"ether lipid biosynthetic process","MMEB9_C3",0,0,3.7e-24,0,1
"embryonic body morphogenesis","MMEB9_C3",0,0,3.7e-24,0,1
"amino sugar biosynthetic process","MMEB9_C3",0,0,3.7e-24,0,1
"glycerol ether biosynthetic process","MMEB9_C3",0,0,3.7e-24,0,1
"pigmentation","MMEB9_C3",0,0,3.7e-24,0,1
"cellular response to ketone","MMEB9_C3",0,0,3.7e-24,0,1
"nonribosomal peptide biosynthetic process","MMEB9_C3",0,0,3.7e-24,0,1
"glial cell apoptotic process","MMEB9_C3",0,0,3.7e-24,0,1
"lipoprotein catabolic process","MMEB9_C3",0,0,3.7e-24,0,1
"suppression of viral release by host","MMEB9_C3",0,0,3.7e-24,0,1
"chaperone-mediated autophagy","MMEB9_C3",0,0,3.7e-24,0,1
"regulation of steroid hormone biosynthetic process","MMEB9_C3",0,0,3.7e-24,0,1
"synaptic vesicle lumen acidification","MMEB9_C3",0,0,3.7e-24,0,1
"semaphorin-plexin signaling pathway involved in neuron projection guidance","MMEB9_C3",0,0,3.7e-24,0,1
"regulation of Golgi organization","MMEB9_C3",0,0,3.7e-24,0,1
"Schwann cell differentiation","MMEB9_C3",0,0,3.7e-24,0,1
"neurotrophin signaling pathway","MMEB9_C3",0,0,3.7e-24,0,1
"regulation of microtubule depolymerization","MMEB9_C3",0,0,3.7e-24,0,1
"basement membrane organization","MMEB9_C3",0,0,3.7e-24,0,1
"establishment or maintenance of epithelial cell apical/basal polarity","MMEB9_C3",0,0,3.7e-24,0,1
"face development","MMEB9_C3",0,0,3.7e-24,0,1
"osteoblast differentiation","MMEB9_C3",0,0,3.7e-24,0,1
"appendage development","MMEB9_C3",0,0,3.7e-24,0,1
"limb development","MMEB9_C3",0,0,3.7e-24,0,1
"regulation of ATP metabolic process","MMEB9_C3",0,0,3.7e-24,0,1
"developmental growth involved in morphogenesis","MMEB9_C3",1,0,3.7e-24,1,0.3104
"embryonic organ development","MMEB9_C3",1,1,3.7e-24,0,1
"negative regulation of growth","MMEB9_C3",0,0,3.7e-24,0,1
"microtubule depolymerization","MMEB9_C3",0,0,3.7e-24,0,1
"heme metabolic process","MMEB9_C3",0,0,3.7e-24,0,1
"regulation of neuron apoptotic process","MMEB9_C3",1,0,3.7e-24,1,0.3171
"plasma membrane tubulation","MMEB9_C3",0,0,3.7e-24,0,1
"exosomal secretion","MMEB9_C3",0,0,3.7e-24,0,1
"vasculogenesis","MMEB9_C3",0,0,3.7e-24,0,1
"toxin transport","MMEB9_C3",0,0,3.7e-24,0,1
