"","condition","cycle","region","log2fc.mean.x","log2fc.sd","obs.mut.sum","obs.mut.mean","obs.mut.sd","obs.mut.cv","sim.mut.sum","sim.mut.mean","p_value","p_adjusted","significant_p_adjusted","go.id","observed.variant.required","observed.variant.requirement.met","log2fc.mean.y","log2fc.norm","log2fc.norm.sd"
"1","control","1","actin filament organization",-0.20334166650641,0.112576085752399,2.66666666666667,0.888888888888889,0.192450089729875,0.21650635094611,3,1,0.994780039191209,1,NA,"GO:0007015",85,"FALSE",-0.182568128553075,-0.0207735379533348,0.328529844845214
"2","control","1","alcohol biosynthetic process",0.111111111111111,0.192450089729875,0.333333333333333,0.111111111111111,0.192450089729875,1.73205080756888,0,0,0.999062435133848,1,NA,"GO:0046165",163,"FALSE",-0.410855903866351,0.521967014977462,0.328529844845214
"3","control","1","amino sugar biosynthetic process",0,0,0,0,0,NA,0,0,1,1,NA,"GO:0046349",747,"FALSE",0.0740740740740741,-0.0740740740740741,0.328529844845214
"4","control","1","aminoglycan biosynthetic process",0.111111111111111,0.192450089729875,0.333333333333333,0.111111111111111,0.192450089729875,1.73205080756888,0,0,0.988831051806991,1,NA,"GO:0006023",163,"FALSE",0.102032870450499,0.0090782406606123,0.328529844845214
"5","control","1","apoptotic mitochondrial changes",0.398329166746796,0.43448857247102,1.33333333333333,0.444444444444444,0.509175077217316,1.14564392373896,0,0,0.57460108676721,1,NA,"GO:0008637",38,"FALSE",-0.327039814761396,0.725368981508191,0.328529844845214
"6","control","1","appendage development",0.287218055635684,0.49747626521215,1,0.333333333333333,0.577350269189626,1.73205080756888,0,0,0.762029473523596,1,NA,"GO:0048736",57,"FALSE",-0.182340163072192,0.469558218707876,0.328529844845214
"7","control","1","aromatic compound catabolic process",-0.268337499919872,0.112576085752399,2.33333333333333,0.777777777777778,0.192450089729875,0.247435829652697,3,1,0.99756429416599,1,NA,"GO:0019439",63,"FALSE",-0.167268884032213,-0.101068615887659,0.328529844845214
"8","control","1","ATP metabolic process",0.333333333333333,0.333333333333333,1,0.333333333333333,0.333333333333333,1,0,0,0.996682147933255,1,NA,"GO:0046034",47,"FALSE",-0.223787780931628,0.557121114264962,0.328529844845214
"9","control","1","autophagosome maturation",0.111111111111111,0.192450089729875,0.333333333333333,0.111111111111111,0.192450089729875,1.73205080756888,0,0,0.991151924091813,1,NA,"GO:0097352",163,"FALSE",0.191478703757123,-0.0803675926460117,0.328529844845214
"10","control","1","autophagy of mitochondrion",0,0,0,0,0,NA,0,0,1,1,NA,"GO:0000422",747,"FALSE",-0.268337499919872,0.268337499919872,0.328529844845214
"11","control","1","axon extension",0.333333333333333,0,1,0.333333333333333,0,0,0,0,0.974166807043283,1,NA,"GO:0048675",47,"FALSE",-0.225006944310897,0.55834027764423,0.328529844845214
"12","control","1","basement membrane organization",0,0,0,0,0,NA,0,0,1,1,NA,"GO:0071711",747,"FALSE",0.148148148148148,-0.148148148148148,0.328529844845214
"13","control","1","biological process involved in interaction with host",0.333333333333333,0.333333333333333,1,0.333333333333333,0.333333333333333,1,0,0,0.992557933329476,1,NA,"GO:0051701",47,"FALSE",-0.303253589238503,0.636586922571837,0.328529844845214
"14","control","1","body morphogenesis",0,0,0,0,0,NA,0,0,1,1,NA,"GO:0010171",747,"FALSE",0.280924537063747,-0.280924537063747,0.328529844845214
"15","control","1","bone development",0.333333333333333,0.333333333333333,1.33333333333333,0.444444444444444,0.192450089729875,0.433012701892219,0.333333333333333,0.111111111111111,0.978452516083852,1,NA,"GO:0060348",47,"FALSE",-0.242430326678573,0.575763660011906,0.328529844845214
"16","control","1","branched-chain amino acid metabolic process",0,0,0,0,0,NA,0,0,1,1,NA,"GO:0009081",747,"FALSE",0.24388750002671,-0.24388750002671,0.328529844845214
"17","control","1","carbohydrate derivative catabolic process",0,0,0,0,0,NA,0,0,1,1,NA,"GO:1901136",747,"FALSE",-0.185185185185185,0.185185185185185,0.328529844845214
"18","control","1","carbohydrate derivative transport",0,0,0,0,0,NA,0,0,1,1,NA,"GO:1901264",747,"FALSE",-0.0524087962695868,0.0524087962695868,0.328529844845214
"19","control","1","cell cycle checkpoint signaling",0.222222222222222,0.384900179459751,0.666666666666667,0.222222222222222,0.384900179459751,1.73205080756888,0,0,0.992229166140475,1,NA,"GO:0000075",81,"FALSE",-0.304581137979042,0.526803360201264,0.328529844845214
"20","control","1","cell cycle G1/S phase transition",0.222222222222222,0.384900179459751,2,0.666666666666667,0.333333333333333,0.5,1.33333333333333,0.444444444444444,0.984202741865909,1,NA,"GO:0044843",81,"FALSE",-0.0858074122157625,0.308029634437985,0.328529844845214
"21","control","1","cell cycle G2/M phase transition",0.333333333333333,0.333333333333333,1,0.333333333333333,0.333333333333333,1,0,0,0.969511785430955,1,NA,"GO:0044839",47,"FALSE",-0.247999770855923,0.581333104189256,0.328529844845214
"22","control","1","cell growth",0.0254242989439862,0.141829094725117,4.33333333333333,1.44444444444444,0.384900179459751,0.266469355010597,3,1,0.233409631838209,1,NA,"GO:0016049",451,"FALSE",-0.222888166791876,0.248312465735862,0.328529844845214
"23","control","1","cell migration involved in heart development",0,0,0,0,0,NA,0,0,1,1,NA,"GO:0060973",747,"FALSE",0.111111111111111,-0.111111111111111,0.328529844845214
"24","control","1","cell redox homeostasis",0,0,0,0,0,NA,0,0,1,1,NA,"GO:0045454",747,"FALSE",0.317961574100784,-0.317961574100784,0.328529844845214
"25","control","1","cell-cell signaling by wnt",-0.0461152776976493,0.267162291360244,3,1,0.333333333333333,0.333333333333333,3,1,0.999953771487457,1,NA,"GO:0198738",347,"FALSE",-0.274455478746644,0.228340201048995,0.328529844845214
"26","control","1","cell-substrate adhesion",-0.222222222222222,0.509175077217316,1.33333333333333,0.444444444444444,0.192450089729875,0.433012701892219,2,0.666666666666667,0.997725785666893,1,NA,"GO:0031589",81,"FALSE",-0.298643039296201,0.0764208170739791,0.328529844845214
"27","control","1","cell-substrate junction assembly",0.111111111111111,0.192450089729875,0.333333333333333,0.111111111111111,0.192450089729875,1.73205080756888,0,0,0.999325221009491,1,NA,"GO:0007044",163,"FALSE",-0.17259814804131,0.283709259152421,0.328529844845214
"28","control","1","cell-substrate junction organization",0.222222222222222,0.192450089729875,0.666666666666667,0.222222222222222,0.192450089729875,0.866025403784439,0,0,0.992863419187514,1,NA,"GO:0150115",81,"FALSE",-0.345860070452889,0.568082292675112,0.328529844845214
"29","control","1","cellular carbohydrate metabolic process",0.111111111111111,0.384900179459751,1.33333333333333,0.444444444444444,0.192450089729875,0.433012701892219,1,0.333333333333333,0.999621663224384,1,NA,"GO:0044262",163,"FALSE",-0.350934425645558,0.462045536756669,0.328529844845214
"30","control","1","cellular component disassembly",-0.0922305553952987,0.598826974643377,3.33333333333333,1.11111111111111,0.838870492807861,0.754983443527075,3,1,0.979275468298877,1,NA,"GO:0022411",193,"FALSE",-0.215978959186619,0.123748403791321,0.328529844845214
"31","control","1","cellular lipid catabolic process",0.287218055635684,0.49747626521215,1,0.333333333333333,0.577350269189626,1.73205080756888,0,0,0.902497668782265,1,NA,"GO:0044242",57,"FALSE",-0.220765048874086,0.50798310450977,0.328529844845214
"32","control","1","cellular metabolic compound salvage",0,0,0,0,0,NA,0,0,1,1,NA,"GO:0043094",747,"FALSE",0.444444444444444,-0.444444444444444,0.328529844845214
"33","control","1","cellular nitrogen compound catabolic process",0.194987500240385,0.333333333333333,4.33333333333333,1.44444444444444,0.509175077217316,0.352505822688911,3,1,0.995682489371611,1,NA,"GO:0044270",93,"FALSE",-0.276436757369467,0.471424257609853,0.328529844845214
"34","control","1","cellular pigment accumulation",0,0,0,0,0,NA,0,0,1,1,NA,"GO:0043482",747,"FALSE",0.037037037037037,-0.037037037037037,0.328529844845214
"35","control","1","cellular pigmentation",0,0,0,0,0,NA,0,0,1,1,NA,"GO:0033059",747,"FALSE",0.278139814975072,-0.278139814975072,0.328529844845214
"36","control","1","cellular respiration",1.8521787113294e-17,0.881917103688197,1.66666666666667,0.555555555555556,0.509175077217316,0.916515138991168,1.66666666666667,0.555555555555556,0.940056120503716,1,NA,"GO:0045333",632,"FALSE",-0.316504400752647,0.316504400752647,0.328529844845214
"37","control","1","cellular response to acid chemical",0.222222222222222,0.192450089729875,0.666666666666667,0.222222222222222,0.192450089729875,0.866025403784439,0,0,0.988881185264691,1,NA,"GO:0071229",81,"FALSE",-0.0621508113004681,0.28437303352269,0.328529844845214
"38","control","1","cellular response to arsenic-containing substance",0.111111111111111,0.192450089729875,0.333333333333333,0.111111111111111,0.192450089729875,1.73205080756888,0,0,0.93620818464392,1,NA,"GO:0071243",163,"FALSE",0.24388750002671,-0.132776388915599,0.328529844845214
"39","control","1","cellular response to chemical stress",-0.0461152776976493,0.911193125515563,2.33333333333333,0.777777777777778,0.509175077217316,0.654653670707977,2,0.666666666666667,0.566398273119264,1,NA,"GO:0062197",347,"FALSE",-0.387259602975376,0.341144325277727,0.328529844845214
"40","control","1","cellular response to dsRNA",0.111111111111111,0.192450089729875,0.333333333333333,0.111111111111111,0.192450089729875,1.73205080756888,0,0,0.97621040003656,1,NA,"GO:0071359",163,"FALSE",0.265552777831197,-0.154441666720086,0.328529844845214
"41","control","1","cellular response to external stimulus",-0.222222222222222,0.192450089729875,2,0.666666666666667,0.577350269189626,0.866025403784439,2,0.666666666666667,0.940103325101621,1,NA,"GO:0071496",81,"FALSE",-0.25429328942786,0.032071067205638,0.328529844845214
"42","control","1","cellular response to extracellular stimulus",0.509440277857907,0.776196653939741,2.66666666666667,0.888888888888889,0.509175077217316,0.57282196186948,0.666666666666667,0.222222222222222,0.490362313908405,1,NA,"GO:0031668",26,"FALSE",-0.491947570906951,1.00138784876486,0.328529844845214
"43","control","1","cellular response to fluid shear stress",0,0,0,0,0,NA,0,0,1,1,NA,"GO:0071498",747,"FALSE",0.0740740740740741,-0.0740740740740741,0.328529844845214
"44","control","1","cellular response to heat",0.111111111111111,0.192450089729875,0.333333333333333,0.111111111111111,0.192450089729875,1.73205080756888,0,0,0.993920938305819,1,NA,"GO:0034605",163,"FALSE",0.206850462989673,-0.0957393518785615,0.328529844845214
"45","control","1","cellular response to insulin stimulus",0.620551388969018,0.0798740039774757,2,0.666666666666667,0,0,0,0,0.89225649466714,1,NA,"GO:0032869",21,"FALSE",-0.210585054754434,0.831136443723452,0.328529844845214
"46","control","1","cellular response to ketone",0.111111111111111,0.192450089729875,0.333333333333333,0.111111111111111,0.192450089729875,1.73205080756888,0,0,0.997593016155145,1,NA,"GO:1901655",163,"FALSE",-0.141854629576211,0.252965740687322,0.328529844845214
"47","control","1","cellular response to oxygen levels",0.222222222222222,0.384900179459751,0.666666666666667,0.222222222222222,0.384900179459751,1.73205080756888,0,0,0.989988057425739,1,NA,"GO:0071453",81,"FALSE",-0.108266088998118,0.33048831122034,0.328529844845214
"48","control","1","cellular response to sterol depletion",0,0,0,0,0,NA,0,0,1,1,NA,"GO:0071501",747,"FALSE",0.148148148148148,-0.148148148148148,0.328529844845214
"49","control","1","cellular response to topologically incorrect protein",0.222222222222222,0.192450089729875,0.666666666666667,0.222222222222222,0.192450089729875,0.866025403784439,0,0,0.995914344779196,1,NA,"GO:0035967",81,"FALSE",-0.283709259152422,0.505931481374644,0.328529844845214
"50","control","1","cellular response to transforming growth factor beta stimulus",0.287218055635684,0.541846760760898,1.66666666666667,0.555555555555556,0.192450089729875,0.346410161513775,0.666666666666667,0.222222222222222,0.873053059252502,1,NA,"GO:0071560",57,"FALSE",-0.273234145167991,0.560452200803676,0.328529844845214
"51","control","1","cellular response to UV",0.111111111111111,0.192450089729875,0.333333333333333,0.111111111111111,0.192450089729875,1.73205080756888,0,0,0.997352587400794,1,NA,"GO:0034644",163,"FALSE",-0.336118055422008,0.447229166533119,0.328529844845214
"52","control","1","cellular senescence",0,0,0,0,0,NA,0,0,1,1,NA,"GO:0090398",747,"FALSE",-0.246672222115384,0.246672222115384,0.328529844845214
"53","control","1","centromere complex assembly",0,0,0,0,0,NA,0,0,1,1,NA,"GO:0034508",747,"FALSE",0.037037037037037,-0.037037037037037,0.328529844845214
"54","control","1","centrosome localization",0,0,0,0,0,NA,0,0,1,1,NA,"GO:0051642",747,"FALSE",0.296296296296296,-0.296296296296296,0.328529844845214
"55","control","1","chaperone-mediated autophagy",0,0,0,0,0,NA,0,0,1,1,NA,"GO:0061684",747,"FALSE",0.111111111111111,-0.111111111111111,0.328529844845214
"56","control","1","chondrocyte differentiation",0.111111111111111,0.192450089729875,0.333333333333333,0.111111111111111,0.192450089729875,1.73205080756888,0,0,0.99893063320337,1,NA,"GO:0002062",163,"FALSE",-0.231300462882835,0.342411573993946,0.328529844845214
"57","control","1","chromatin remodeling",-0.0461152776976493,0.342769554690181,2.33333333333333,0.777777777777778,0.192450089729875,0.247435829652697,2.33333333333333,0.777777777777778,0.978288948935003,1,NA,"GO:0006338",347,"FALSE",-0.195355134816852,0.149239857119203,0.328529844845214
"58","control","1","chromosome localization",0.111111111111111,0.192450089729875,0.333333333333333,0.111111111111111,0.192450089729875,1.73205080756888,0,0,0.999385825810986,1,NA,"GO:0050000",163,"FALSE",-0.20334166650641,0.314452777617521,0.328529844845214
"59","control","1","chromosome segregation",-0.268337499919872,0.112576085752399,2.33333333333333,0.777777777777778,0.192450089729875,0.247435829652697,3,1,0.997616408847218,1,NA,"GO:0007059",63,"FALSE",-0.0604355390074949,-0.207901960912377,0.328529844845214
"60","control","1","cilium assembly",0.0649958334134618,0.434488572471019,2.66666666666667,0.888888888888889,0.192450089729875,0.21650635094611,2.33333333333333,0.777777777777778,0.999408408557687,1,NA,"GO:0060271",265,"FALSE",-0.224330955253259,0.289326788666721,0.328529844845214
"61","control","1","cilium organization",0.129991666826924,0.464774183437227,3.33333333333333,1.11111111111111,0.192450089729875,0.173205080756888,2.33333333333333,0.777777777777778,0.822893100882376,1,NA,"GO:0044782",156,"FALSE",-0.575893284619505,0.705884951446428,0.328529844845214
"62","control","1","circadian regulation of gene expression",0,0,0,0,0,NA,0,0,1,1,NA,"GO:0032922",747,"FALSE",0.0803675926460116,-0.0803675926460116,0.328529844845214
"63","control","1","clathrin-dependent endocytosis",0.111111111111111,0.192450089729875,0.333333333333333,0.111111111111111,0.192450089729875,1.73205080756888,0,0,0.977486074227574,1,NA,"GO:0072583",163,"FALSE",0.222222222222222,-0.111111111111111,0.328529844845214
"64","control","1","collagen fibril organization",0.111111111111111,0.192450089729875,0.333333333333333,0.111111111111111,0.192450089729875,1.73205080756888,0,0,0.995999212119145,1,NA,"GO:0030199",163,"FALSE",0.42628796312322,-0.315176852012109,0.328529844845214
"65","control","1","connective tissue development",0.463325000160257,0.851736649116174,2.66666666666667,0.888888888888889,0.384900179459751,0.433012701892219,1,0.333333333333333,0.760619798921567,1,NA,"GO:0061448",28,"FALSE",-0.342281949386347,0.805606949546605,0.328529844845214
"66","control","1","COPII vesicle coating",0,0,0,0,0,NA,0,0,1,1,NA,"GO:0048208",747,"FALSE",0.354998611137821,-0.354998611137821,0.328529844845214
"67","control","1","cortical cytoskeleton organization",0.111111111111111,0.192450089729875,0.333333333333333,0.111111111111111,0.192450089729875,1.73205080756888,0,0,0.992804784701561,1,NA,"GO:0030865",163,"FALSE",0.191478703757123,-0.0803675926460119,0.328529844845214
"68","control","1","cytoplasmic translation",0.111111111111111,0.192450089729875,0.333333333333333,0.111111111111111,0.192450089729875,1.73205080756888,0,0,0.99987633713,1,NA,"GO:0002181",163,"FALSE",0.155959140092541,-0.0448480289814302,0.328529844845214
"69","control","1","defense response to virus",-0.111111111111111,0.693888666488711,1.33333333333333,0.444444444444444,0.192450089729875,0.433012701892219,1.66666666666667,0.555555555555556,0.986617010938879,1,NA,"GO:0051607",163,"FALSE",-0.258643570225941,0.14753245911483,0.328529844845214
"70","control","1","dephosphorylation",0,0.577350269189626,2,0.666666666666667,0,0,2,0.666666666666667,0.995754841019439,1,NA,"GO:0016311",747,"FALSE",-0.355602085483771,0.355602085483771,0.328529844845214
"71","control","1","developmental growth involved in morphogenesis",0.287218055635684,0.267162291360244,1,0.333333333333333,0.333333333333333,1,0,0,0.922323056133838,1,NA,"GO:0060560",57,"FALSE",-0.333997107703603,0.621215163339288,0.328529844845214
"72","control","1","dicarboxylic acid metabolic process",0.111111111111111,0.192450089729875,0.333333333333333,0.111111111111111,0.192450089729875,1.73205080756888,0,0,0.998162960813896,1,NA,"GO:0043648",163,"FALSE",-0.0859370368233612,0.197048147934472,0.328529844845214
"73","control","1","DNA conformation change",0.222222222222222,0.384900179459751,0.666666666666667,0.222222222222222,0.384900179459751,1.73205080756888,0,0,0.941413356860985,1,NA,"GO:0071103",81,"FALSE",-0.0558572927285307,0.278079514950753,0.328529844845214
"74","control","1","DNA replication",-0.0461152776976489,0.598826974643378,2,0.666666666666667,0.333333333333333,0.5,2,0.666666666666667,0.972163992295103,1,NA,"GO:0006260",347,"FALSE",-0.263975004434422,0.217859726736773,0.328529844845214
"75","control","1","DNA-templated transcription elongation",0.222222222222222,0.384900179459751,0.666666666666667,0.222222222222222,0.384900179459751,1.73205080756888,0,0,0.989877401500129,1,NA,"GO:0006354",81,"FALSE",-0.252965740687322,0.475187962909544,0.328529844845214
"76","control","1","double-strand break repair",0.230757288561204,0.669539302590963,3.66666666666667,1.22222222222222,0.693888666488711,0.567727090763491,2,0.666666666666667,0.291643065779486,1,NA,"GO:0006302",74,"FALSE",-0.447892940903389,0.678650229464592,0.328529844845214
"77","control","1","embryonic body morphogenesis",0.111111111111111,0.192450089729875,0.333333333333333,0.111111111111111,0.192450089729875,1.73205080756888,0,0,0.931501264055797,1,NA,"GO:0010172",163,"FALSE",0.132776388915599,-0.0216652778044874,0.328529844845214
"78","control","1","embryonic organ development",-0.20334166650641,0.225152171504797,2.66666666666667,0.888888888888889,0.384900179459751,0.433012701892219,3,1,0.994268308629884,1,NA,"GO:0048568",85,"FALSE",-0.276989976179083,0.0736483096726728,0.328529844845214
"79","control","1","epigenetic regulation of gene expression",0.222222222222222,0.192450089729875,0.666666666666667,0.222222222222222,0.192450089729875,0.866025403784439,0,0,0.999366973519853,1,NA,"GO:0040029",81,"FALSE",-0.372361693481178,0.5945839157034,0.328529844845214
"80","control","1","erythrocyte differentiation",0.111111111111111,0.192450089729875,0.333333333333333,0.111111111111111,0.192450089729875,1.73205080756888,0,0,0.999427408191644,1,NA,"GO:0030218",163,"FALSE",-0.151596644607092,0.262707755718203,0.328529844845214
"81","control","1","establishment of mitotic spindle localization",0.222222222222222,0.192450089729875,0.666666666666667,0.222222222222222,0.192450089729875,0.866025403784439,0,0,0.920104544216637,1,NA,"GO:0040001",81,"FALSE",0.0587023148415244,0.163519907380698,0.328529844845214
"82","control","1","establishment of organelle localization",-0.490559722142094,0.305026175482274,1.66666666666667,0.555555555555556,0.384900179459751,0.692820323027551,3,1,0.973479222838029,1,NA,"GO:0051656",27,"FALSE",-0.249579714452081,-0.240980007690012,0.328529844845214
"83","control","1","establishment of protein localization to membrane",0.0357697883208178,0.942828497665286,2.66666666666667,0.888888888888889,0.693888666488711,0.7806247497998,2,0.666666666666667,0.331735385838431,1,NA,"GO:0090150",385,"FALSE",-0.270992597400948,0.306762385721766,0.328529844845214
"84","control","1","establishment of protein localization to organelle",-0.425563888728632,0.725675917774221,2,0.666666666666667,0.881917103688197,1.3228756555323,3,1,0.94416182346293,1,NA,"GO:0072594",33,"FALSE",-0.447113926812274,0.0215500380836416,0.328529844845214
"85","control","1","establishment or maintenance of cell polarity",0.333333333333333,0.333333333333333,1,0.333333333333333,0.333333333333333,1,0,0,0.984456736159317,1,NA,"GO:0007163",47,"FALSE",-0.308029634437986,0.641362967771319,0.328529844845214
"86","control","1","establishment or maintenance of epithelial cell apical/basal polarity",0.111111111111111,0.192450089729875,0.333333333333333,0.111111111111111,0.192450089729875,1.73205080756888,0,0,0.967886594303923,1,NA,"GO:0045197",163,"FALSE",0.287218055635684,-0.176106944524573,0.328529844845214
"87","control","1","ether lipid biosynthetic process",0,0,0,0,0,NA,0,0,1,1,NA,"GO:0008611",747,"FALSE",0.0740740740740741,-0.0740740740740741,0.328529844845214
"88","control","1","exit from host cell",0,0,0,0,0,NA,0,0,1,1,NA,"GO:0035891",747,"FALSE",0.206850462989673,-0.206850462989673,0.328529844845214
"89","control","1","exosomal secretion",0,0,0,0,0,NA,0,0,1,1,NA,"GO:1990182",747,"FALSE",0.148148148148148,-0.148148148148148,0.328529844845214
"90","control","1","extracellular matrix assembly",0,0,0,0,0,NA,0,0,1,1,NA,"GO:0085029",747,"FALSE",0.296296296296296,-0.296296296296296,0.328529844845214
"91","control","1","extracellular vesicle biogenesis",0,0,0,0,0,NA,0,0,1,1,NA,"GO:0140112",747,"FALSE",0.354998611137821,-0.354998611137821,0.328529844845214
"92","control","1","face development",0,0,0,0,0,NA,0,0,1,1,NA,"GO:0060324",747,"FALSE",0.0216652778044874,-0.0216652778044874,0.328529844845214
"93","control","1","fat cell differentiation",0.333333333333333,0.666666666666667,1.66666666666667,0.555555555555556,0.693888666488711,1.24899959967968,0.333333333333333,0.111111111111111,0.545455304682376,1,NA,"GO:0045444",47,"FALSE",-0.158614237573618,0.491947570906951,0.328529844845214
"94","control","1","fatty acid beta-oxidation",0.111111111111111,0.192450089729875,0.333333333333333,0.111111111111111,0.192450089729875,1.73205080756888,0,0,0.996233830734277,1,NA,"GO:0006635",163,"FALSE",-0.0090782406606123,0.120189351771723,0.328529844845214
"95","control","1","fibroblast migration",0.111111111111111,0.192450089729875,0.333333333333333,0.111111111111111,0.192450089729875,1.73205080756888,0,0,0.98320385248954,1,NA,"GO:0010761",163,"FALSE",0.280924537063747,-0.169813425952635,0.328529844845214
"96","control","1","fibroblast proliferation",0.222222222222222,0.192450089729875,0.666666666666667,0.222222222222222,0.192450089729875,0.866025403784439,0,0,0.99086233087542,1,NA,"GO:0048144",81,"FALSE",-0.252965740687322,0.475187962909544,0.328529844845214
"97","control","1","folic acid metabolic process",0,0,0,0,0,NA,0,0,1,1,NA,"GO:0046655",747,"FALSE",0,0,0.328529844845214
"98","control","1","G0 to G1 transition",0,0,0,0,0,NA,0,0,1,1,NA,"GO:0045023",747,"FALSE",0.22851574079416,-0.22851574079416,0.328529844845214
"99","control","1","glial cell apoptotic process",0,0,0,0,0,NA,0,0,1,1,NA,"GO:0034349",747,"FALSE",0.0740740740740741,-0.0740740740740741,0.328529844845214
"100","control","1","glycerol ether biosynthetic process",0,0,0,0,0,NA,0,0,1,1,NA,"GO:0046504",747,"FALSE",0.0740740740740741,-0.0740740740740741,0.328529844845214
"101","control","1","glycosyl compound biosynthetic process",0,0,0,0,0,NA,0,0,1,1,NA,"GO:1901659",747,"FALSE",0.111111111111111,-0.111111111111111,0.328529844845214
"102","control","1","glycosyl compound metabolic process",0.222222222222222,0.192450089729875,0.666666666666667,0.222222222222222,0.192450089729875,0.866025403784439,0,0,0.973147499943525,1,NA,"GO:1901657",81,"FALSE",0.0279587963764249,0.194263425845797,0.328529844845214
"103","control","1","glycosylation",0.463325000160258,0.43448857247102,2,0.666666666666667,0.577350269189626,0.866025403784439,0.333333333333333,0.111111111111111,0.662371784728851,1,NA,"GO:0070085",28,"FALSE",-0.230081299503566,0.693406299663824,0.328529844845214
"104","control","1","Golgi organization",0.222222222222222,0.384900179459751,0.666666666666667,0.222222222222222,0.384900179459751,1.73205080756888,0,0,0.989315134769635,1,NA,"GO:0007030",81,"FALSE",-0.525475811460725,0.747698033682947,0.328529844845214
"105","control","1","Golgi to plasma membrane protein transport",0.111111111111111,0.192450089729875,0.333333333333333,0.111111111111111,0.192450089729875,1.73205080756888,0,0,0.981847085299642,1,NA,"GO:0043001",163,"FALSE",0.24388750002671,-0.132776388915599,0.328529844845214
"106","control","1","Golgi vesicle transport",-0.0922305553952987,0.0798740039774766,2.33333333333333,0.777777777777778,0.384900179459751,0.494871659305394,2.33333333333333,0.777777777777778,0.989713523756739,1,NA,"GO:0048193",193,"FALSE",-0.246672222115384,0.154441666720086,0.328529844845214
"107","control","1","GPI anchor biosynthetic process",0.222222222222222,0.384900179459751,0.666666666666667,0.222222222222222,0.384900179459751,1.73205080756888,0,0,0.617774960252086,1,NA,"GO:0006506",81,"FALSE",0.169813425952636,0.0524087962695866,0.328529844845214
"108","control","1","heart valve development",0,0,0,0,0,NA,0,0,1,1,NA,"GO:0003170",747,"FALSE",-0.00907824066061199,0.00907824066061199,0.328529844845214
"109","control","1","heme metabolic process",0.111111111111111,0.192450089729875,0.333333333333333,0.111111111111111,0.192450089729875,1.73205080756888,0,0,0.992745612222988,1,NA,"GO:0042168",163,"FALSE",0.111111111111111,0,0.328529844845214
"110","control","1","heterochromatin formation",0.222222222222222,0.192450089729875,0.666666666666667,0.222222222222222,0.192450089729875,0.866025403784439,0,0,0.98726220742136,1,NA,"GO:0031507",81,"FALSE",0.0188805557158124,0.20334166650641,0.328529844845214
"111","control","1","heterocycle catabolic process",-0.333333333333333,0.333333333333333,2,0.666666666666667,0.333333333333333,0.5,3,1,0.994907094860077,1,NA,"GO:0046700",47,"FALSE",-0.261026957287952,-0.0723063760453814,0.328529844845214
"112","control","1","histone modification",-0.0922305553952987,0.267162291360244,3.33333333333333,1.11111111111111,0.509175077217316,0.458257569495584,3,1,0.975991499354372,1,NA,"GO:0016570",193,"FALSE",-0.184267203136252,0.0920366477409534,0.328529844845214
"113","control","1","immune system development",0,0,0,0,0,NA,0,0,1,1,NA,"GO:0002520",747,"FALSE",-0.14686868474456,0.14686868474456,0.328529844845214
"114","control","1","in utero embryonic development",-0.555555555555556,0.192450089729875,1.33333333333333,0.444444444444444,0.192450089729875,0.433012701892219,3,1,0.982656854754047,1,NA,"GO:0001701",25,"FALSE",-0.481981930793955,-0.0735736247616008,0.328529844845214
"115","control","1","inner cell mass cell proliferation",0.111111111111111,0.192450089729875,0.333333333333333,0.111111111111111,0.192450089729875,1.73205080756888,0,0,0.897510948951006,1,NA,"GO:0001833",163,"FALSE",0.185185185185185,-0.0740740740740741,0.328529844845214
"116","control","1","inositol phosphate catabolic process",0.176106944524573,0.305026175482275,0.666666666666667,0.222222222222222,0.384900179459751,1.73205080756888,0,0,0.368877251220626,1,NA,"GO:0071545",105,"FALSE",0.148148148148148,0.0279587963764252,0.328529844845214
"117","control","1","interferon-beta production",0,0,0,0,0,NA,0,0,1,1,NA,"GO:0032608",747,"FALSE",0,0,0.328529844845214
"118","control","1","intermembrane lipid transfer",0,0,0,0,0,NA,0,0,1,1,NA,"GO:0120009",747,"FALSE",0.524812037090456,-0.524812037090456,0.328529844845214
"119","control","1","intracellular lipid transport",0.222222222222222,0.192450089729875,0.666666666666667,0.222222222222222,0.192450089729875,0.866025403784439,0,0,0.936711600255246,1,NA,"GO:0032365",81,"FALSE",0.148148148148148,0.0740740740740741,0.328529844845214
"120","control","1","intraciliary transport",0.222222222222222,0.192450089729875,0.666666666666667,0.222222222222222,0.192450089729875,0.866025403784439,0,0,0.945621450245214,1,NA,"GO:0042073",81,"FALSE",0.271846296403135,-0.0496240741809123,0.328529844845214
"121","control","1","iron ion homeostasis",0.111111111111111,0.192450089729875,0.333333333333333,0.111111111111111,0.192450089729875,1.73205080756888,0,0,0.99609944039643,1,NA,"GO:0055072",163,"FALSE",0.246732522139703,-0.135621411028592,0.328529844845214
"122","control","1","iron-sulfur cluster assembly",0.111111111111111,0.192450089729875,0.333333333333333,0.111111111111111,0.192450089729875,1.73205080756888,0,0,0.95307014336184,1,NA,"GO:0016226",163,"FALSE",0.111111111111111,0,0.328529844845214
"123","control","1","kinetochore organization",0,0,0,0,0,NA,0,0,1,1,NA,"GO:0051383",747,"FALSE",0.111111111111111,-0.111111111111111,0.328529844845214
"124","control","1","lamellipodium assembly",0.222222222222222,0.192450089729875,0.666666666666667,0.222222222222222,0.192450089729875,0.866025403784439,0,0,0.973598180104831,1,NA,"GO:0030032",81,"FALSE",0.102032870450499,0.120189351771723,0.328529844845214
"125","control","1","lamellipodium morphogenesis",0,0,0,0,0,NA,0,0,1,1,NA,"GO:0072673",747,"FALSE",0.24388750002671,-0.24388750002671,0.328529844845214
"126","control","1","lamellipodium organization",0.111111111111111,0.192450089729875,0.333333333333333,0.111111111111111,0.192450089729875,1.73205080756888,0,0,0.999145261406199,1,NA,"GO:0097581",163,"FALSE",-0.252965740687322,0.364076851798433,0.328529844845214
"127","control","1","limb development",0.222222222222222,0.192450089729875,0.666666666666667,0.222222222222222,0.192450089729875,0.866025403784439,0,0,0.998543976959906,1,NA,"GO:0060173",81,"FALSE",-0.302589814868234,0.524812037090456,0.328529844845214
"128","control","1","lipoprotein catabolic process",0.111111111111111,0.192450089729875,0.333333333333333,0.111111111111111,0.192450089729875,1.73205080756888,0,0,0.923162241422568,1,NA,"GO:0042159",163,"FALSE",0.037037037037037,0.0740740740740741,0.328529844845214
"129","control","1","lipoprotein metabolic process",0.287218055635684,0.267162291360244,1,0.333333333333333,0.333333333333333,1,0,0,0.964689662549249,1,NA,"GO:0042157",57,"FALSE",0.0888423589606737,0.198375696675011,0.328529844845214
"130","control","1","lysosomal lumen acidification",0,0,0,0,0,NA,0,0,1,1,NA,"GO:0007042",747,"FALSE",0.037037037037037,-0.037037037037037,0.328529844845214
"131","control","1","lysosomal protein catabolic process",0,0,0,0,0,NA,0,0,1,1,NA,"GO:1905146",747,"FALSE",0.148148148148148,-0.148148148148148,0.328529844845214
"132","control","1","macroautophagy",-0.777777777777778,0.192450089729875,0.666666666666667,0.222222222222222,0.192450089729875,0.866025403784439,3,1,0.944970969580524,1,NA,"GO:0016236",13,"FALSE",-0.420172154495831,-0.357605623281946,0.328529844845214
"133","control","1","macromolecule deacylation",0.444444444444444,0.192450089729875,1.33333333333333,0.444444444444444,0.192450089729875,0.433012701892219,0,0,0.950867884763194,1,NA,"GO:0098732",32,"FALSE",-0.129267592432336,0.57371203687678,0.328529844845214
"134","control","1","macromolecule glycosylation",0.333333333333333,0.577350269189626,1,0.333333333333333,0.577350269189626,1.73205080756888,0,0,0.973159550351122,1,NA,"GO:0043413",47,"FALSE",-0.0156578545383678,0.348991187871701,0.328529844845214
"135","control","1","magnesium ion transmembrane transport",0.222222222222222,0.192450089729875,0.666666666666667,0.222222222222222,0.192450089729875,0.866025403784439,0,0,0.734543415755117,1,NA,"GO:1903830",81,"FALSE",0.111111111111111,0.111111111111111,0.328529844845214
"136","control","1","magnesium ion transport",0,0,0,0,0,NA,0,0,1,1,NA,"GO:0015693",747,"FALSE",0.037037037037037,-0.037037037037037,0.328529844845214
"137","control","1","maintenance of cell number",0.398329166746796,0.351830195114693,1.33333333333333,0.444444444444444,0.384900179459751,0.866025403784439,0,0,0.899767743487688,1,NA,"GO:0098727",38,"FALSE",-0.48220555587607,0.880534722622866,0.328529844845214
"138","control","1","maintenance of protein location",0.111111111111111,0.192450089729875,0.333333333333333,0.111111111111111,0.192450089729875,1.73205080756888,0,0,0.99912931021195,1,NA,"GO:0045185",163,"FALSE",-0.200556944417735,0.311668055528846,0.328529844845214
"139","control","1","maintenance of protein location in cell",0,0,0,0,0,NA,0,0,1,1,NA,"GO:0032507",747,"FALSE",0.191478703757123,-0.191478703757123,0.328529844845214
"140","control","1","mammary gland epithelial cell proliferation",0.111111111111111,0.192450089729875,0.333333333333333,0.111111111111111,0.192450089729875,1.73205080756888,0,0,0.948316203351323,1,NA,"GO:0033598",163,"FALSE",0.191478703757123,-0.0803675926460119,0.328529844845214
"141","control","1","membrane assembly",0.111111111111111,0.192450089729875,0.333333333333333,0.111111111111111,0.192450089729875,1.73205080756888,0,0,0.997397651500538,1,NA,"GO:0071709",163,"FALSE",0.0587023148415244,0.0524087962695867,0.328529844845214
"142","control","1","membrane biogenesis",0.111111111111111,0.192450089729875,0.333333333333333,0.111111111111111,0.192450089729875,1.73205080756888,0,0,0.994390321687008,1,NA,"GO:0044091",163,"FALSE",0.0803675926460116,0.0307435184650996,0.328529844845214
"143","control","1","membrane docking",0,0,0,0,0,NA,0,0,1,1,NA,"GO:0022406",747,"FALSE",-0.38574212960292,0.38574212960292,0.328529844845214
"144","control","1","membrane fission",0.222222222222222,0.192450089729875,0.666666666666667,0.222222222222222,0.192450089729875,0.866025403784439,0,0,0.934533203087178,1,NA,"GO:0090148",81,"FALSE",0.463325000160257,-0.241102777938035,0.328529844845214
"145","control","1","mesenchymal cell differentiation",0.111111111111111,0.192450089729875,0.666666666666667,0.222222222222222,0.192450089729875,0.866025403784439,0.333333333333333,0.111111111111111,0.999992627245525,1,NA,"GO:0048762",163,"FALSE",-0.701643056009618,0.812754167120729,0.328529844845214
"146","control","1","metallo-sulfur cluster assembly",0,0,0,0,0,NA,0,0,1,1,NA,"GO:0031163",747,"FALSE",0.509440277857907,-0.509440277857907,0.328529844845214
"147","control","1","methylation",-0.601670833253205,0.434488572471019,1.33333333333333,0.444444444444444,0.509175077217316,1.14564392373896,3,1,0.964656810679541,1,NA,"GO:0032259",21,"FALSE",-0.160249120866303,-0.441421712386902,0.328529844845214
"148","control","1","microtubule cytoskeleton organization involved in mitosis",0.398329166746796,0.351830195114693,1.33333333333333,0.444444444444444,0.384900179459751,0.866025403784439,0,0,0.908229532847109,1,NA,"GO:1902850",38,"FALSE",-0.136224885374543,0.534554052121338,0.328529844845214
"149","control","1","microtubule depolymerization",0,0,0,0,0,NA,0,0,1,1,NA,"GO:0007019",747,"FALSE",0.259259259259259,-0.259259259259259,0.328529844845214
"150","control","1","microtubule organizing center localization",0,0,0,0,0,NA,0,0,1,1,NA,"GO:0061842",747,"FALSE",0.376663888942308,-0.376663888942308,0.328529844845214
"151","control","1","microtubule polymerization",0.111111111111111,0.192450089729875,0.333333333333333,0.111111111111111,0.192450089729875,1.73205080756888,0,0,0.994184148922138,1,NA,"GO:0046785",163,"FALSE",-0.311668055528846,0.422779166639957,0.328529844845214
"152","control","1","miRNA processing",0,0,0,0,0,NA,0,0,1,1,NA,"GO:0035196",747,"FALSE",0.472403240820869,-0.472403240820869,0.328529844845214
"153","control","1","mitochondrial calcium ion homeostasis",0.111111111111111,0.192450089729875,0.333333333333333,0.111111111111111,0.192450089729875,1.73205080756888,0,0,0.950766086188112,1,NA,"GO:0051560",163,"FALSE",0.24388750002671,-0.132776388915599,0.328529844845214
"154","control","1","mitochondrial calcium ion transmembrane transport",0.111111111111111,0.192450089729875,0.333333333333333,0.111111111111111,0.192450089729875,1.73205080756888,0,0,0.96265803998832,1,NA,"GO:0006851",163,"FALSE",0.24388750002671,-0.132776388915599,0.328529844845214
"155","control","1","mitochondrial gene expression",0.333333333333333,0.333333333333333,1,0.333333333333333,0.333333333333333,1,0,0,0.990771464082366,1,NA,"GO:0140053",47,"FALSE",-0.0405458335203002,0.373879166853633,0.328529844845214
"156","control","1","mitochondrial genome maintenance",0,0,0,0,0,NA,0,0,1,1,NA,"GO:0000002",747,"FALSE",0.206850462989673,-0.206850462989673,0.328529844845214
"157","control","1","mitochondrial membrane organization",0.111111111111111,0.192450089729875,0.333333333333333,0.111111111111111,0.192450089729875,1.73205080756888,0,0,0.999757275047747,1,NA,"GO:0007006",163,"FALSE",-0.107602314627848,0.218713425738959,0.328529844845214
"158","control","1","mitochondrial outer membrane permeabilization",0,0,0,0,0,NA,0,0,1,1,NA,"GO:0097345",747,"FALSE",0.265552777831197,-0.265552777831197,0.328529844845214
"159","control","1","mitochondrial respiratory chain complex assembly",0.222222222222222,0.192450089729875,0.666666666666667,0.222222222222222,0.192450089729875,0.866025403784439,0,0,0.991755984231941,1,NA,"GO:0033108",81,"FALSE",-0.17259814804131,0.394820370263532,0.328529844845214
"160","control","1","mitochondrial transmembrane transport",0.111111111111111,0.192450089729875,0.333333333333333,0.111111111111111,0.192450089729875,1.73205080756888,0,0,0.998860994157535,1,NA,"GO:1990542",163,"FALSE",-0.107602314627848,0.21871342573896,0.328529844845214
"161","control","1","mitochondrial transport",0.176106944524573,0.305026175482275,0.666666666666667,0.222222222222222,0.384900179459751,1.73205080756888,0,0,0.989525106887079,1,NA,"GO:0006839",105,"FALSE",0.08594925151073,0.0901576930138433,0.328529844845214
"162","control","1","mitochondrion distribution",0,0,0,0,0,NA,0,0,1,1,NA,"GO:0048311",747,"FALSE",0.0957393518785615,-0.0957393518785615,0.328529844845214
"163","control","1","mitochondrion localization",0,0,0,0,0,NA,0,0,1,1,NA,"GO:0051646",747,"FALSE",0.265552777831197,-0.265552777831197,0.328529844845214
"164","control","1","mitochondrion morphogenesis",0,0,0,0,0,NA,0,0,1,1,NA,"GO:0070584",747,"FALSE",0.206850462989673,-0.206850462989673,0.328529844845214
"165","control","1","mitotic cytokinesis",0.287218055635684,0.267162291360244,1,0.333333333333333,0.333333333333333,1,0,0,0.806040970314664,1,NA,"GO:0000281",57,"FALSE",-0.31511655198779,0.602334607623474,0.328529844845214
"166","control","1","monosaccharide biosynthetic process",0.333333333333333,0.333333333333333,1.33333333333333,0.444444444444444,0.509175077217316,1.14564392373896,0,0,0.312197119565297,1,NA,"GO:0046364",47,"FALSE",-0.364076851798433,0.697410185131766,0.328529844845214
"167","control","1","monosaccharide metabolic process",0.509440277857907,0.61665146019857,2,0.666666666666667,0.666666666666667,1,0.333333333333333,0.111111111111111,0.717178865342836,1,NA,"GO:0005996",26,"FALSE",0.00903015532366239,0.500410122534244,0.328529844845214
"168","control","1","morphogenesis of an epithelial sheet",0.111111111111111,0.192450089729875,0.333333333333333,0.111111111111111,0.192450089729875,1.73205080756888,0,0,0.996398434340346,1,NA,"GO:0002011",163,"FALSE",0.19777222232906,-0.0866611112179493,0.328529844845214
"169","control","1","movement in host",0.111111111111111,0.192450089729875,0.333333333333333,0.111111111111111,0.192450089729875,1.73205080756888,0,0,0.999887501675955,1,NA,"GO:0044000",163,"FALSE",-0.0928943297655677,0.204005440876679,0.328529844845214
"170","control","1","mRNA export from nucleus",0,0,0,0,0,NA,0,0,1,1,NA,"GO:0006406",747,"FALSE",0.0866611112179492,-0.0866611112179492,0.328529844845214
"171","control","1","multicellular organism growth",0.222222222222222,0.192450089729875,0.666666666666667,0.222222222222222,0.192450089729875,0.866025403784439,0,0,0.997177072291338,1,NA,"GO:0035264",81,"FALSE",-0.0593057891874745,0.281528011409697,0.328529844845214
"172","control","1","myeloid cell homeostasis",0.222222222222222,0.192450089729875,0.666666666666667,0.222222222222222,0.192450089729875,0.866025403784439,0,0,0.9965698990746,1,NA,"GO:0002262",81,"FALSE",-0.0223290521747562,0.244551274396978,0.328529844845214
"173","control","1","NADP metabolic process",0.111111111111111,0.192450089729875,0.333333333333333,0.111111111111111,0.192450089729875,1.73205080756888,0,0,0.980315719395914,1,NA,"GO:0006739",163,"FALSE",0.435366203783833,-0.324255092672722,0.328529844845214
"174","control","1","NADPH regeneration",0,0,0,0,0,NA,0,0,1,1,NA,"GO:0006740",747,"FALSE",0.280924537063747,-0.280924537063747,0.328529844845214
"175","control","1","ncRNA processing",-0.268337499919872,0.24246371435945,2.66666666666667,0.888888888888889,0.384900179459751,0.433012701892219,3,1,0.953970298854772,1,NA,"GO:0034470",63,"FALSE",-0.342534344241968,0.0741968443220963,0.328529844845214
"176","control","1","negative regulation of catabolic process",-0.0461152776976493,0.911193125515563,2.33333333333333,0.777777777777778,0.509175077217316,0.654653670707977,2,0.666666666666667,0.610064440649627,1,NA,"GO:0009895",347,"FALSE",-0.422779166639957,0.376663888942308,0.328529844845214
"177","control","1","negative regulation of cell projection organization",0.398329166746796,0.43448857247102,1.33333333333333,0.444444444444444,0.509175077217316,1.14564392373896,0,0,0.714967918909654,1,NA,"GO:0031345",38,"FALSE",-0.0935581041358369,0.491887270882632,0.328529844845214
"178","control","1","negative regulation of defense response to virus",0,0,0,0,0,NA,0,0,1,1,NA,"GO:0050687",747,"FALSE",0.515733796429845,-0.515733796429845,0.328529844845214
"179","control","1","negative regulation of growth",0.574436111271369,0.0798740039774757,2,0.666666666666667,0,0,0,0,0.856738382797657,1,NA,"GO:0045926",22,"FALSE",-0.298287619407104,0.872723730678473,0.328529844845214
"180","control","1","negative regulation of GTPase activity",0,0,0,0,0,NA,0,0,1,1,NA,"GO:0034260",747,"FALSE",0.132776388915599,-0.132776388915599,0.328529844845214
"181","control","1","negative regulation of mitotic nuclear division",0,0,0,0,0,NA,0,0,1,1,NA,"GO:0045839",747,"FALSE",0.185185185185185,-0.185185185185185,0.328529844845214
"182","control","1","negative regulation of phosphorus metabolic process",0.0649958334134618,0.434488572471019,3.66666666666667,1.22222222222222,0.693888666488711,0.567727090763491,3,1,0.999065553173912,1,NA,"GO:0010563",265,"FALSE",-0.329045522758956,0.394041356172418,0.328529844845214
"183","control","1","negative regulation of protein phosphorylation",-0.111111111111111,0.693888666488711,1.66666666666667,0.555555555555556,0.192450089729875,0.346410161513775,2,0.666666666666667,0.98815058104681,1,NA,"GO:0001933",163,"FALSE",-0.242547736598803,0.131436625487692,0.328529844845214
"184","control","1","negative regulation of transferase activity",-0.222222222222222,0.693888666488711,0.666666666666667,0.222222222222222,0.192450089729875,0.866025403784439,1.33333333333333,0.444444444444444,0.968191903138928,1,NA,"GO:0051348",81,"FALSE",-0.314500862954471,0.0922786407322491,0.328529844845214
"185","control","1","neural tube development",0.398329166746796,0.351830195114693,1.33333333333333,0.444444444444444,0.384900179459751,0.866025403784439,0,0,0.846735981787297,1,NA,"GO:0021915",38,"FALSE",-0.0740740740740745,0.47240324082087,0.328529844845214
"186","control","1","neuron apoptotic process",0.111111111111111,0.192450089729875,0.333333333333333,0.111111111111111,0.192450089729875,1.73205080756888,0,0,0.999915773164405,1,NA,"GO:0051402",163,"FALSE",-0.223610070987079,0.334721182098191,0.328529844845214
"187","control","1","neuron death",-0.138345833092948,0.333333333333334,2.33333333333333,0.777777777777778,0.192450089729875,0.247435829652697,2.33333333333333,0.777777777777778,0.874980281185578,1,NA,"GO:0070997",137,"FALSE",-0.251625977259415,0.113280144166468,0.328529844845214
"188","control","1","neuron projection organization",0.111111111111111,0.192450089729875,0.333333333333333,0.111111111111111,0.192450089729875,1.73205080756888,0,0,0.996270281616188,1,NA,"GO:0106027",163,"FALSE",0.0342523149483625,0.0768587961627486,0.328529844845214
"189","control","1","neurotrophin signaling pathway",0,0,0,0,0,NA,0,0,1,1,NA,"GO:0038179",747,"FALSE",0.185185185185185,-0.185185185185185,0.328529844845214
"190","control","1","non-membrane-bounded organelle assembly",0.0188805557158124,0.167466815566193,3,1,0,0,2.66666666666667,0.888888888888889,0.999376465633038,1,NA,"GO:0140694",526,"FALSE",-0.207100687645909,0.225981243361722,0.328529844845214
"191","control","1","nonribosomal peptide biosynthetic process",0,0,0,0,0,NA,0,0,1,1,NA,"GO:0019184",747,"FALSE",0.037037037037037,-0.037037037037037,0.328529844845214
"192","control","1","nuclear chromosome segregation",-0.333333333333333,0,1.66666666666667,0.555555555555556,0.192450089729875,0.346410161513775,2.66666666666667,0.888888888888889,0.999729823019098,1,NA,"GO:0098813",47,"FALSE",0.00981452974256911,-0.343147863075902,0.328529844845214
"193","control","1","nuclear envelope organization",0,0,0,0,0,NA,0,0,1,1,NA,"GO:0006998",747,"FALSE",0.321470370584047,-0.321470370584047,0.328529844845214
"194","control","1","nuclear transport",-0.333333333333333,0.333333333333333,1.33333333333333,0.444444444444444,0.192450089729875,0.433012701892219,2.33333333333333,0.777777777777778,0.989190567969377,1,NA,"GO:0051169",47,"FALSE",-0.0971965252266984,-0.236136808106635,0.328529844845214
"195","control","1","nuclear-transcribed mRNA catabolic process",0.398329166746796,0.1125760857524,1.33333333333333,0.444444444444444,0.192450089729875,0.433012701892219,0,0,0.917729681680964,1,NA,"GO:0000956",38,"FALSE",-0.210298959448616,0.608628126195412,0.328529844845214
"196","control","1","nucleic acid transport",0.287218055635684,0.267162291360244,1,0.333333333333333,0.333333333333333,1,0,0,0.962793297616553,1,NA,"GO:0050657",57,"FALSE",-0.217256252390823,0.504474308026508,0.328529844845214
"197","control","1","nucleocytoplasmic transport",-0.666666666666667,0.577350269189626,0.333333333333333,0.111111111111111,0.192450089729875,1.73205080756888,2.33333333333333,0.777777777777778,0.907127708809801,1,NA,"GO:0006913",20,"FALSE",-0.174519126639814,-0.492147540026853,0.328529844845214
"198","control","1","nucleotide catabolic process",0.222222222222222,0.192450089729875,0.666666666666667,0.222222222222222,0.192450089729875,0.866025403784439,0,0,0.976891246709612,1,NA,"GO:0009166",81,"FALSE",0.0188805557158128,0.203341666506409,0.328529844845214
"199","control","1","nucleus organization",0,0,0,0,0,NA,0,0,1,1,NA,"GO:0006997",747,"FALSE",-0.260526507975478,0.260526507975478,0.328529844845214
"200","control","1","oligosaccharide-lipid intermediate biosynthetic process",0,0,0,0,0,NA,0,0,1,1,NA,"GO:0006490",747,"FALSE",0.206850462989673,-0.206850462989673,0.328529844845214
"201","control","1","one-carbon metabolic process",0,0,0,0,0,NA,0,0,1,1,NA,"GO:0006730",747,"FALSE",0.24388750002671,-0.24388750002671,0.328529844845214
"202","control","1","organelle fission",-0.601670833253205,0.434488572471019,1.33333333333333,0.444444444444444,0.509175077217316,1.14564392373896,3,1,0.916041823552791,1,NA,"GO:0048285",21,"FALSE",-0.353355853556535,-0.24831497969667,0.328529844845214
"203","control","1","organelle fusion",0.111111111111111,0.192450089729875,0.333333333333333,0.111111111111111,0.192450089729875,1.73205080756888,0,0,0.999019835843267,1,NA,"GO:0048284",163,"FALSE",-0.0866008111936302,0.197711922304741,0.328529844845214
"204","control","1","organelle inheritance",0,0,0,0,0,NA,0,0,1,1,NA,"GO:0048308",747,"FALSE",0.0740740740740741,-0.0740740740740741,0.328529844845214
"205","control","1","organelle localization by membrane tethering",0.111111111111111,0.192450089729875,0.333333333333333,0.111111111111111,0.192450089729875,1.73205080756888,0,0,0.998197166015475,1,NA,"GO:0140056",163,"FALSE",-0.0153717592325498,0.126482870343661,0.328529844845214
"206","control","1","organophosphate catabolic process",0.111111111111111,0.192450089729875,0.333333333333333,0.111111111111111,0.192450089729875,1.73205080756888,0,0,0.999276190451948,1,NA,"GO:0046434",163,"FALSE",-0.225670718681166,0.336781829792277,0.328529844845214
"207","control","1","organophosphate ester transport",0.287218055635684,0.267162291360244,1,0.333333333333333,0.333333333333333,1,0,0,0.876587183259056,1,NA,"GO:0015748",57,"FALSE",-0.231300462882835,0.518518518518519,0.328529844845214
"208","control","1","ossification",-0.20334166650641,0.24246371435945,2.66666666666667,0.888888888888889,0.192450089729875,0.21650635094611,3,1,0.989304721124339,1,NA,"GO:0001503",85,"FALSE",-0.310828741413413,0.107487074907003,0.328529844845214
"209","control","1","osteoblast differentiation",0.398329166746796,0.43448857247102,1.33333333333333,0.444444444444444,0.509175077217316,1.14564392373896,0,0,0.859889061371124,1,NA,"GO:0001649",38,"FALSE",-0.192142478127392,0.590471644874188,0.328529844845214
"210","control","1","oxidative phosphorylation",0.352213889049147,0.61005235096455,1.33333333333333,0.444444444444444,0.769800358919501,1.73205080756888,0,0,0.384799630400702,1,NA,"GO:0006119",42,"FALSE",-0.0928943297655681,0.445108218814715,0.328529844845214
"211","control","1","pentose-phosphate shunt",0,0,0,0,0,NA,0,0,1,1,NA,"GO:0006098",747,"FALSE",0.132776388915599,-0.132776388915599,0.328529844845214
"212","control","1","peptidyl-lysine modification",-0.425563888728632,0.598826974643377,2,0.666666666666667,0.666666666666667,1,3,1,0.939444223764299,1,NA,"GO:0018205",33,"FALSE",-0.243286195880144,-0.182277692848488,0.328529844845214
"213","control","1","pericardium development",0,0,0,0,0,NA,0,0,1,1,NA,"GO:0060039",747,"FALSE",0.222222222222222,-0.222222222222222,0.328529844845214
"214","control","1","peroxisome organization",0,0,0,0,0,NA,0,0,1,1,NA,"GO:0007031",747,"FALSE",0.376663888942308,-0.376663888942308,0.328529844845214
"215","control","1","phospholipid biosynthetic process",0.463325000160257,0.178361836213673,2.33333333333333,0.777777777777778,0.509175077217316,0.654653670707977,0.666666666666667,0.222222222222222,0.874145105811595,1,NA,"GO:0008654",28,"FALSE",-0.0600298635820624,0.52335486374232,0.328529844845214
"216","control","1","pigment accumulation",0.111111111111111,0.192450089729875,0.333333333333333,0.111111111111111,0.192450089729875,1.73205080756888,0,0,0.934822052864622,1,NA,"GO:0043476",163,"FALSE",0,0.111111111111111,0.328529844845214
"217","control","1","pigmentation",0.509440277857907,0.451831914366897,1.66666666666667,0.555555555555556,0.509175077217316,0.916515138991168,0,0,0.363696100928092,1,NA,"GO:0043473",26,"FALSE",-0.453522685105057,0.962962962962963,0.328529844845214
"218","control","1","pinocytosis",0,0,0,0,0,NA,0,0,1,1,NA,"GO:0006907",747,"FALSE",0.037037037037037,-0.037037037037037,0.328529844845214
"219","control","1","placenta development",0.222222222222222,0.192450089729875,0.666666666666667,0.222222222222222,0.192450089729875,0.866025403784439,0,0,0.994931891588341,1,NA,"GO:0001890",81,"FALSE",-0.259259259259259,0.481481481481482,0.328529844845214
"220","control","1","plasma membrane tubulation",0.111111111111111,0.192450089729875,0.333333333333333,0.111111111111111,0.192450089729875,1.73205080756888,0,0,0.942759172816755,1,NA,"GO:0097320",163,"FALSE",0.259259259259259,-0.148148148148148,0.328529844845214
"221","control","1","platelet-derived growth factor receptor signaling pathway",0.222222222222222,0.192450089729875,0.666666666666667,0.222222222222222,0.192450089729875,0.866025403784439,0,0,0.964996166778454,1,NA,"GO:0048008",81,"FALSE",0.271846296403134,-0.0496240741809121,0.328529844845214
"222","control","1","polyamine biosynthetic process",0,0,0,0,0,NA,0,0,1,1,NA,"GO:0006596",747,"FALSE",0.185185185185185,-0.185185185185185,0.328529844845214
"223","control","1","polyamine metabolic process",0,0,0,0,0,NA,0,0,1,1,NA,"GO:0006595",747,"FALSE",0.111111111111111,-0.111111111111111,0.328529844845214
"224","control","1","polyol metabolic process",0.222222222222222,0.192450089729875,0.666666666666667,0.222222222222222,0.192450089729875,0.866025403784439,0,0,0.98755378322624,1,NA,"GO:0019751",81,"FALSE",0.0832126147590052,0.139009607463217,0.328529844845214
"225","control","1","positive regulation by host of viral process",0.111111111111111,0.192450089729875,0.333333333333333,0.111111111111111,0.192450089729875,1.73205080756888,0,0,0.949775643664649,1,NA,"GO:0044794",163,"FALSE",0.185185185185185,-0.0740740740740741,0.328529844845214
"226","control","1","positive regulation of amide metabolic process",0.222222222222222,0.192450089729875,0.666666666666667,0.222222222222222,0.192450089729875,0.866025403784439,0,0,0.999573297094861,1,NA,"GO:0034250",81,"FALSE",-0.327763889155984,0.549986111378206,0.328529844845214
"227","control","1","positive regulation of axonogenesis",0.222222222222222,0.192450089729875,0.666666666666667,0.222222222222222,0.192450089729875,0.866025403784439,0,0,0.971351045288479,1,NA,"GO:0050772",81,"FALSE",0.00629351857193746,0.215928703650285,0.328529844845214
"228","control","1","positive regulation of cell projection organization",-0.268337499919872,0.351830195114692,1.66666666666667,0.555555555555556,0.384900179459751,0.692820323027551,2.33333333333333,0.777777777777778,0.993324922521116,1,NA,"GO:0031346",63,"FALSE",-0.184521410814917,-0.083816089104955,0.328529844845214
"229","control","1","positive regulation of cellular component biogenesis",-0.268337499919872,0.112576085752399,2.33333333333333,0.777777777777778,0.192450089729875,0.247435829652697,3,1,0.997617156987501,1,NA,"GO:0044089",63,"FALSE",-0.371284369396876,0.102946869477005,0.328529844845214
"230","control","1","positive regulation of epithelial to mesenchymal transition",0,0,0,0,0,NA,0,0,1,1,NA,"GO:0010718",747,"FALSE",0.191478703757123,-0.191478703757123,0.328529844845214
"231","control","1","positive regulation of establishment of protein localization",-0.333333333333333,0.666666666666667,1,0.333333333333333,0.333333333333333,1,2,0.666666666666667,0.980445466749686,1,NA,"GO:1904951",47,"FALSE",-0.117332114971361,-0.216001218361972,0.328529844845214
"232","control","1","positive regulation of GTPase activity",0.509440277857907,0.61665146019857,2,0.666666666666667,0.577350269189626,0.866025403784439,0.333333333333333,0.111111111111111,0.779397983936236,1,NA,"GO:0043547",26,"FALSE",-0.271468617338684,0.78090889519659,0.328529844845214
"233","control","1","positive regulation of kinase activity",-0.111111111111111,0.509175077217316,3,1,0.666666666666667,0.666666666666667,3,1,0.99693524410097,1,NA,"GO:0033674",163,"FALSE",-0.330300556787806,0.219189445676695,0.328529844845214
"234","control","1","positive regulation of microtubule polymerization",0,0,0,0,0,NA,0,0,1,1,NA,"GO:0031116",747,"FALSE",0.333333333333333,-0.333333333333333,0.328529844845214
"235","control","1","positive regulation of nervous system development",0.0649958334134623,0.43448857247102,0.666666666666667,0.222222222222222,0.384900179459751,1.73205080756888,0.333333333333333,0.111111111111111,0.9891774836903,1,NA,"GO:0051962",265,"FALSE",-0.26409560448306,0.329091437896523,0.328529844845214
"236","control","1","positive regulation of neurogenesis",0.333333333333333,0.333333333333333,1,0.333333333333333,0.333333333333333,1,0,0,0.978704410794864,1,NA,"GO:0050769",47,"FALSE",-0.226998267421704,0.560331600755037,0.328529844845214
"237","control","1","positive regulation of neuron migration",0.222222222222222,0.192450089729875,0.666666666666667,0.222222222222222,0.192450089729875,0.866025403784439,0,0,0.744905074011429,1,NA,"GO:2001224",81,"FALSE",0.111111111111111,0.111111111111111,0.328529844845214
"238","control","1","positive regulation of protein localization",0.0188805557158124,0.451831914366896,3.66666666666667,1.22222222222222,0.693888666488711,0.567727090763491,3,1,0.994556822554035,1,NA,"GO:1903829",526,"FALSE",-0.0649980036128463,0.0838785593286587,0.328529844845214
"239","control","1","positive regulation of stem cell population maintenance",0,0,0,0,0,NA,0,0,1,1,NA,"GO:1902459",747,"FALSE",0.308883333440172,-0.308883333440172,0.328529844845214
"240","control","1","positive regulation of viral process",0.111111111111111,0.192450089729875,0.333333333333333,0.111111111111111,0.192450089729875,1.73205080756888,0,0,0.990577334049794,1,NA,"GO:0048524",163,"FALSE",0.148148148148148,-0.037037037037037,0.328529844845214
"241","control","1","postsynapse organization",0.509440277857907,0.451831914366897,1.66666666666667,0.555555555555556,0.509175077217316,0.916515138991168,0,0,0.77293196331163,1,NA,"GO:0099173",26,"FALSE",-0.132776388915598,0.642216666773505,0.328529844845214
"242","control","1","proteasome-mediated ubiquitin-dependent protein catabolic process",-0.379448611030983,0.342769554690181,2,0.666666666666667,0.333333333333333,0.5,3,1,0.960055869447351,1,NA,"GO:0043161",39,"FALSE",-0.33734257912907,-0.0421060319019131,0.328529844845214
"243","control","1","protein autophosphorylation",0.287218055635684,0.267162291360244,1,0.333333333333333,0.333333333333333,1,0,0,0.976530665853365,1,NA,"GO:0046777",57,"FALSE",-0.257138311540854,0.544356367176538,0.328529844845214
"244","control","1","protein folding",0.111111111111111,0.384900179459751,0.666666666666667,0.222222222222222,0.192450089729875,0.866025403784439,0.333333333333333,0.111111111111111,0.99933423099802,1,NA,"GO:0006457",163,"FALSE",-0.541571645087864,0.652682756198975,0.328529844845214
"245","control","1","protein glycosylation",0.796658333493591,0.112576085752399,2.66666666666667,0.888888888888889,0.192450089729875,0.21650635094611,0,0,0.613965800605695,1,NA,"GO:0006486",13,"FALSE",-0.0914371564174309,0.888095489911022,0.328529844845214
"246","control","1","protein lipidation",0.333333333333333,0.333333333333333,1,0.333333333333333,0.333333333333333,1,0,0,0.907645493972041,1,NA,"GO:0006497",47,"FALSE",-0.240378703543447,0.57371203687678,0.328529844845214
"247","control","1","protein localization to nucleus",-0.111111111111111,0.693888666488711,1.66666666666667,0.555555555555556,0.192450089729875,0.346410161513775,2,0.666666666666667,0.98848532796931,1,NA,"GO:0034504",163,"FALSE",0.000736289081956745,-0.111847400193068,0.328529844845214
"248","control","1","protein neddylation",0,0,0,0,0,NA,0,0,1,1,NA,"GO:0045116",747,"FALSE",0.206850462989673,-0.206850462989673,0.328529844845214
"249","control","1","protein polyubiquitination",0.509440277857907,0.733133966048353,3,1,0.333333333333333,0.333333333333333,1,0.333333333333333,0.435883884840992,1,NA,"GO:0000209",26,"FALSE",-0.35136019004696,0.860800467904866,0.328529844845214
"250","control","1","protein targeting",0.148872222542736,0.342769554690181,3.33333333333333,1.11111111111111,0.192450089729875,0.173205080756888,2.33333333333333,0.777777777777778,0.983285686984341,1,NA,"GO:0006605",129,"FALSE",-0.428408910841626,0.577281133384362,0.328529844845214
"251","control","1","protein transport to vacuole involved in ubiquitin-dependent protein catabolic process via the multivesicular body sorting pathway",0.222222222222222,0.384900179459751,0.666666666666667,0.222222222222222,0.384900179459751,1.73205080756888,0,0,0.305999641960453,1,NA,"GO:0043328",81,"FALSE",0.111111111111111,0.111111111111111,0.328529844845214
"252","control","1","protein-containing complex localization",0.222222222222222,0.192450089729875,0.666666666666667,0.222222222222222,0.192450089729875,0.866025403784439,0,0,0.998703326005926,1,NA,"GO:0031503",81,"FALSE",-0.0697718786129437,0.291994100835166,0.328529844845214
"253","control","1","protein-DNA complex subunit organization",0.398329166746796,0.351830195114693,1.33333333333333,0.444444444444444,0.384900179459751,0.866025403784439,0,0,0.942838319639297,1,NA,"GO:0071824",38,"FALSE",-0.24932731959646,0.647656486343256,0.328529844845214
"254","control","1","proton motive force-driven ATP synthesis",0,0,0,0,0,NA,0,0,1,1,NA,"GO:0015986",747,"FALSE",-0.290002777724359,0.290002777724359,0.328529844845214
"255","control","1","proton transmembrane transport",0.222222222222222,0.192450089729875,0.666666666666667,0.222222222222222,0.192450089729875,0.866025403784439,0,0,0.995017946458717,1,NA,"GO:1902600",81,"FALSE",-0.512224999946581,0.734447222168803,0.328529844845214
"256","control","1","pteridine-containing compound metabolic process",0,0,0,0,0,NA,0,0,1,1,NA,"GO:0042558",747,"FALSE",0.259259259259259,-0.259259259259259,0.328529844845214
"257","control","1","quinone biosynthetic process",0.111111111111111,0.192450089729875,0.333333333333333,0.111111111111111,0.192450089729875,1.73205080756888,0,0,0.953332148117767,1,NA,"GO:1901663",163,"FALSE",0.185185185185185,-0.0740740740740741,0.328529844845214
"258","control","1","receptor metabolic process",0.111111111111111,0.192450089729875,0.333333333333333,0.111111111111111,0.192450089729875,1.73205080756888,0,0,0.986800172148985,1,NA,"GO:0043112",163,"FALSE",0.336842129816596,-0.225731018705485,0.328529844845214
"259","control","1","regulation of actin filament organization",0.333333333333333,0.577350269189626,1.33333333333333,0.444444444444444,0.384900179459751,0.866025403784439,0.333333333333333,0.111111111111111,0.978241754463804,1,NA,"GO:0110053",47,"FALSE",-0.484990277964744,0.818323611298078,0.328529844845214
"260","control","1","regulation of actin filament-based process",-0.0922305553952982,0.725675917774221,2.33333333333333,0.777777777777778,0.509175077217316,0.654653670707977,2.33333333333333,0.777777777777778,0.948232038123159,1,NA,"GO:0032970",193,"FALSE",-0.206777948277985,0.114547392882687,0.328529844845214
"261","control","1","regulation of anatomical structure size",-0.490559722142094,0.451831914366896,1.66666666666667,0.555555555555556,0.509175077217316,0.916515138991168,3,1,0.958683647643944,1,NA,"GO:0090066",27,"FALSE",-0.301312521664031,-0.189247200478063,0.328529844845214
"262","control","1","regulation of apoptotic signaling pathway",-0.20334166650641,0.434488572471019,2.33333333333333,0.777777777777778,0.693888666488711,0.892142571199771,2.66666666666667,0.888888888888889,0.996107498768379,1,NA,"GO:2001233",85,"FALSE",-0.0710312530405627,-0.132310413465847,0.328529844845214
"263","control","1","regulation of ATP metabolic process",0.111111111111111,0.192450089729875,0.333333333333333,0.111111111111111,0.192450089729875,1.73205080756888,0,0,0.997163985429801,1,NA,"GO:1903578",163,"FALSE",0.0740740740740741,0.037037037037037,0.328529844845214
"264","control","1","regulation of ATP-dependent activity",0.111111111111111,0.192450089729875,0.333333333333333,0.111111111111111,0.192450089729875,1.73205080756888,0,0,0.995253482643118,1,NA,"GO:0043462",163,"FALSE",-0.037037037037037,0.148148148148148,0.328529844845214
"265","control","1","regulation of autophagosome maturation",0,0,0,0,0,NA,0,0,1,1,NA,"GO:1901096",747,"FALSE",0.037037037037037,-0.037037037037037,0.328529844845214
"266","control","1","regulation of autophagy",-0.222222222222222,0.192450089729875,2,0.666666666666667,0.333333333333333,0.5,2.66666666666667,0.888888888888889,0.99994194105677,1,NA,"GO:0010506",81,"FALSE",-0.217684186991608,-0.00453803523061391,0.328529844845214
"267","control","1","regulation of binding",-0.777777777777778,0.192450089729875,0.333333333333333,0.111111111111111,0.192450089729875,1.73205080756888,2.66666666666667,0.888888888888889,0.936314711425983,1,NA,"GO:0051098",13,"FALSE",-0.401602123460574,-0.376175654317203,0.328529844845214
"268","control","1","regulation of carbohydrate metabolic process",0.287218055635684,0.267162291360244,1,0.333333333333333,0.333333333333333,1,0,0,0.911602397352189,1,NA,"GO:0006109",57,"FALSE",0.010595714033068,0.276622341602616,0.328529844845214
"269","control","1","regulation of cell cycle phase transition",-0.490559722142094,0.8823764446719,2,0.666666666666667,1.15470053837925,1.73205080756888,3,1,0.814867896803697,1,NA,"GO:1901987",27,"FALSE",-0.167932658402482,-0.322627063739612,0.328529844845214
"270","control","1","regulation of cell division",0.176106944524573,0.305026175482275,0.666666666666667,0.222222222222222,0.384900179459751,1.73205080756888,0,0,0.968535567451754,1,NA,"GO:0051302",105,"FALSE",-0.089445833306624,0.265552777831197,0.328529844845214
"271","control","1","regulation of cell growth",-0.444444444444444,0.384900179459751,1.66666666666667,0.555555555555556,0.384900179459751,0.692820323027551,3,1,0.985485991132222,1,NA,"GO:0001558",32,"FALSE",-0.485157943421309,0.0407134989768642,0.328529844845214
"272","control","1","regulation of cell morphogenesis",0.0649958334134618,0.24246371435945,1,0.333333333333333,0.333333333333333,1,0.666666666666667,0.222222222222222,0.99960114014843,1,NA,"GO:0022604",265,"FALSE",-0.242430326678573,0.307426160092035,0.328529844845214
"273","control","1","regulation of cell-substrate adhesion",0.111111111111111,0.192450089729875,0.333333333333333,0.111111111111111,0.192450089729875,1.73205080756888,0,0,0.999984519850433,1,NA,"GO:0010810",163,"FALSE",0.131271130230511,-0.0201600191194003,0.328529844845214
"274","control","1","regulation of cell-substrate junction assembly",0.111111111111111,0.192450089729875,0.333333333333333,0.111111111111111,0.192450089729875,1.73205080756888,0,0,0.989344872635201,1,NA,"GO:0090109",163,"FALSE",-0.126482870343661,0.237593981454772,0.328529844845214
"275","control","1","regulation of cell-substrate junction organization",0,0,0,0,0,NA,0,0,1,1,NA,"GO:0150116",747,"FALSE",0.0279587963764249,-0.0279587963764249,0.328529844845214
"276","control","1","regulation of cellular component size",-0.490559722142094,0.616651460198569,1,0.333333333333333,0.333333333333333,1,2.33333333333333,0.777777777777778,0.968169508019948,1,NA,"GO:0032535",27,"FALSE",-0.128165838973297,-0.362393883168797,0.328529844845214
"277","control","1","regulation of chromosome organization",-0.222222222222222,0.509175077217316,1.33333333333333,0.444444444444444,0.192450089729875,0.433012701892219,2,0.666666666666667,0.997493917694113,1,NA,"GO:0033044",81,"FALSE",-0.291330326464897,0.0691081042426747,0.328529844845214
"278","control","1","regulation of chromosome segregation",0.111111111111111,0.192450089729875,0.333333333333333,0.111111111111111,0.192450089729875,1.73205080756888,0,0,0.999711527062045,1,NA,"GO:0051983",163,"FALSE",-0.0188202556914938,0.129931366802605,0.328529844845214
"279","control","1","regulation of circadian rhythm",0.352213889049147,0.305026175482275,1.33333333333333,0.444444444444444,0.384900179459751,0.866025403784439,0,0,0.552663381190166,1,NA,"GO:0042752",42,"FALSE",-0.228455440769841,0.580669329818988,0.328529844845214
"280","control","1","regulation of cysteine-type endopeptidase activity involved in apoptotic process",0.176106944524573,0.305026175482275,0.666666666666667,0.222222222222222,0.384900179459751,1.73205080756888,0,0,0.989367590608898,1,NA,"GO:0043281",105,"FALSE",-0.383621181884514,0.559728126409088,0.328529844845214
"281","control","1","regulation of cytokinesis",0,0,0,0,0,NA,0,0,1,1,NA,"GO:0032465",747,"FALSE",-0.0551935183582616,0.0551935183582616,0.328529844845214
"282","control","1","regulation of DNA repair",0,0.577350269189626,0.666666666666667,0.222222222222222,0.192450089729875,0.866025403784439,0.666666666666667,0.222222222222222,0.997592882086868,1,NA,"GO:0006282",747,"FALSE",-0.266880326571735,0.266880326571735,0.328529844845214
"283","control","1","regulation of DNA replication",0.444444444444444,0.509175077217316,1.33333333333333,0.444444444444444,0.509175077217316,1.14564392373896,0,0,0.932058877280713,1,NA,"GO:0006275",32,"FALSE",-0.272449770749085,0.716894215193529,0.328529844845214
"284","control","1","regulation of embryonic development",0.222222222222222,0.384900179459751,0.666666666666667,0.222222222222222,0.384900179459751,1.73205080756888,0,0,0.92757329786287,1,NA,"GO:0045995",81,"FALSE",-0.15722638880876,0.379448611030982,0.328529844845214
"285","control","1","regulation of establishment of cell polarity",0,0,0,0,0,NA,0,0,1,1,NA,"GO:2000114",747,"FALSE",0.280924537063747,-0.280924537063747,0.328529844845214
"286","control","1","regulation of extracellular matrix organization",0.222222222222222,0.192450089729875,0.666666666666667,0.222222222222222,0.192450089729875,0.866025403784439,0,0,0.946323061223878,1,NA,"GO:1903053",81,"FALSE",0.361292129709759,-0.139069907487536,0.328529844845214
"287","control","1","regulation of fibroblast migration",0.111111111111111,0.192450089729875,0.333333333333333,0.111111111111111,0.192450089729875,1.73205080756888,0,0,0.985158868690452,1,NA,"GO:0010762",163,"FALSE",0.429072685211895,-0.317961574100784,0.328529844845214
"288","control","1","regulation of fibroblast proliferation",0.287218055635684,0.267162291360244,1,0.333333333333333,0.333333333333333,1,0,0,0.670389539554973,1,NA,"GO:0048145",57,"FALSE",0.0803675926460117,0.206850462989673,0.328529844845214
"289","control","1","regulation of focal adhesion assembly",0.222222222222222,0.192450089729875,0.666666666666667,0.222222222222222,0.192450089729875,0.866025403784439,0,0,0.956650720714699,1,NA,"GO:0051893",81,"FALSE",0.308883333440171,-0.0866611112179492,0.328529844845214
"290","control","1","regulation of G0 to G1 transition",0,0,0,0,0,NA,0,0,1,1,NA,"GO:0070316",747,"FALSE",0.280924537063747,-0.280924537063747,0.328529844845214
"291","control","1","regulation of generation of precursor metabolites and energy",0.287218055635684,0.267162291360244,1,0.333333333333333,0.333333333333333,1,0,0,0.901523211193457,1,NA,"GO:0043467",57,"FALSE",-0.373155092459045,0.66037314809473,0.328529844845214
"292","control","1","regulation of glucose metabolic process",0.111111111111111,0.192450089729875,0.333333333333333,0.111111111111111,0.192450089729875,1.73205080756888,0,0,0.996174719751339,1,NA,"GO:0010906",163,"FALSE",-0.290002777724359,0.40111388883547,0.328529844845214
"293","control","1","regulation of Golgi organization",0,0,0,0,0,NA,0,0,1,1,NA,"GO:1903358",747,"FALSE",0.037037037037037,-0.037037037037037,0.328529844845214
"294","control","1","regulation of GTPase activity",-0.333333333333333,0.881917103688197,1,0.333333333333333,0.333333333333333,1,2,0.666666666666667,0.947433418624601,1,NA,"GO:0043087",47,"FALSE",-0.337385304138227,0.00405197080489395,0.328529844845214
"295","control","1","regulation of interferon-beta production",0.222222222222222,0.192450089729875,0.666666666666667,0.222222222222222,0.192450089729875,0.866025403784439,0,0,0.941148781208233,1,NA,"GO:0032648",81,"FALSE",0.154441666720086,0.0677805555021364,0.328529844845214
"296","control","1","regulation of intracellular protein transport",0.333333333333333,0,1.33333333333333,0.444444444444444,0.192450089729875,0.433012701892219,0.333333333333333,0.111111111111111,0.999187405693908,1,NA,"GO:0033157",47,"FALSE",-0.28938708869104,0.622720422024374,0.328529844845214
"297","control","1","regulation of intracellular steroid hormone receptor signaling pathway",0.222222222222222,0.192450089729875,0.666666666666667,0.222222222222222,0.192450089729875,0.866025403784439,0,0,0.972174091001501,1,NA,"GO:0033143",81,"FALSE",-0.0614870369301991,0.283709259152421,0.328529844845214
"298","control","1","regulation of intracellular transport",-0.222222222222222,0.384900179459751,1.33333333333333,0.444444444444444,0.509175077217316,1.14564392373896,2,0.666666666666667,0.999071145880447,1,NA,"GO:0032386",81,"FALSE",-0.24758622114189,0.025363998919668,0.328529844845214
"299","control","1","regulation of ketone biosynthetic process",0.111111111111111,0.192450089729875,0.333333333333333,0.111111111111111,0.192450089729875,1.73205080756888,0,0,0.932140672600859,1,NA,"GO:0010566",163,"FALSE",0.111111111111111,0,0.328529844845214
"300","control","1","regulation of ligase activity",0,0,0,0,0,NA,0,0,1,1,NA,"GO:0051340",747,"FALSE",0.222222222222222,-0.222222222222222,0.328529844845214
"301","control","1","regulation of membrane permeability",0.111111111111111,0.192450089729875,0.333333333333333,0.111111111111111,0.192450089729875,1.73205080756888,0,0,0.992655851250282,1,NA,"GO:0090559",163,"FALSE",0.154441666720086,-0.0433305556089747,0.328529844845214
"302","control","1","regulation of microtubule cytoskeleton organization",0.222222222222222,0.192450089729875,0.666666666666667,0.222222222222222,0.192450089729875,0.866025403784439,0,0,0.998028281683938,1,NA,"GO:0070507",81,"FALSE",-0.151596644607092,0.373818866829314,0.328529844845214
"303","control","1","regulation of microtubule depolymerization",0.111111111111111,0.192450089729875,0.333333333333333,0.111111111111111,0.192450089729875,1.73205080756888,0,0,0.952406940614176,1,NA,"GO:0031114",163,"FALSE",0.259259259259259,-0.148148148148148,0.328529844845214
"304","control","1","regulation of microtubule-based process",0.287218055635684,0.267162291360244,1,0.333333333333333,0.333333333333333,1,0,0,0.983748258274234,1,NA,"GO:0032886",57,"FALSE",-0.399717015511653,0.686935071147337,0.328529844845214
"305","control","1","regulation of mitochondrial fission",0.111111111111111,0.192450089729875,0.333333333333333,0.111111111111111,0.192450089729875,1.73205080756888,0,0,0.965927845630656,1,NA,"GO:0090140",163,"FALSE",0.111111111111111,0,0.328529844845214
"306","control","1","regulation of mitochondrial membrane permeability",0.222222222222222,0.384900179459751,0.666666666666667,0.222222222222222,0.384900179459751,1.73205080756888,0,0,0.836239994003522,1,NA,"GO:0046902",81,"FALSE",0.574436111271369,-0.352213889049146,0.328529844845214
"307","control","1","regulation of mitochondrial membrane potential",0.111111111111111,0.192450089729875,0.333333333333333,0.111111111111111,0.192450089729875,1.73205080756888,0,0,0.989789100732066,1,NA,"GO:0051881",163,"FALSE",0.302589814868234,-0.191478703757123,0.328529844845214
"308","control","1","regulation of ncRNA transcription",0,0,0,0,0,NA,0,0,1,1,NA,"GO:0140747",747,"FALSE",0.037037037037037,-0.037037037037037,0.328529844845214
"309","control","1","regulation of neuron apoptotic process",0.620551388969018,0.267162291360244,2,0.666666666666667,0.333333333333333,0.5,0,0,0.772170266563524,1,NA,"GO:0043523",21,"FALSE",-0.245215048767248,0.865766437736266,0.328529844845214
"310","control","1","regulation of neuron death",0.398329166746796,0.959397112611891,2.33333333333333,0.777777777777778,0.509175077217316,0.654653670707977,1,0.333333333333333,0.788369275381825,1,NA,"GO:1901214",38,"FALSE",-0.292835585149984,0.69116475189678,0.328529844845214
"311","control","1","regulation of neuron projection development",-0.555555555555556,0.509175077217316,1.66666666666667,0.555555555555556,0.693888666488711,1.24899959967968,3,1,0.916502929613379,1,NA,"GO:0010975",25,"FALSE",-0.380778329970905,-0.174777225584651,0.328529844845214
"312","control","1","regulation of pinocytosis",0,0,0,0,0,NA,0,0,1,1,NA,"GO:0048548",747,"FALSE",0.0740740740740741,-0.0740740740740741,0.328529844845214
"313","control","1","regulation of plasma membrane bounded cell projection assembly",0.222222222222222,0.192450089729875,0.666666666666667,0.222222222222222,0.192450089729875,0.866025403784439,0,0,0.999435348861583,1,NA,"GO:0120032",81,"FALSE",-0.414364700349615,0.636586922571837,0.328529844845214
"314","control","1","regulation of protein catabolic process",-0.888888888888889,0.192450089729875,0.333333333333333,0.111111111111111,0.192450089729875,1.73205080756888,3,1,0.867558167682201,1,NA,"GO:0042176",12,"FALSE",-0.436219902786019,-0.45266898610287,0.328529844845214
"315","control","1","regulation of protein dephosphorylation",0,0,0,0,0,NA,0,0,1,1,NA,"GO:0035304",747,"FALSE",-0.178891666613248,0.178891666613248,0.328529844845214
"316","control","1","regulation of protein modification by small protein conjugation or removal",0.333333333333333,0.666666666666667,2,0.666666666666667,0.333333333333333,0.5,1,0.333333333333333,0.949327954122255,1,NA,"GO:1903320",47,"FALSE",-0.303917363608772,0.637250696942105,0.328529844845214
"317","control","1","regulation of protein stability",-0.111111111111111,0.384900179459751,1.33333333333333,0.444444444444444,0.192450089729875,0.433012701892219,1.66666666666667,0.555555555555556,0.999679380772069,1,NA,"GO:0031647",163,"FALSE",-0.276562041578297,0.165450930467186,0.328529844845214
"318","control","1","regulation of protein-containing complex assembly",-0.601670833253205,0.351830195114692,1.66666666666667,0.555555555555556,0.509175077217316,0.916515138991168,3,1,0.805333495818438,1,NA,"GO:0043254",21,"FALSE",-0.202915902105009,-0.398754931148196,0.328529844845214
"319","control","1","regulation of response to DNA damage stimulus",-0.138345833092948,0.462738662502462,3,1,0.577350269189626,0.577350269189626,3,1,0.983899940621832,1,NA,"GO:2001020",137,"FALSE",-0.215264929280016,0.0769190961870676,0.328529844845214
"320","control","1","regulation of small molecule metabolic process",0.222222222222222,0.838870492807861,2.66666666666667,0.888888888888889,0.509175077217316,0.57282196186948,1.66666666666667,0.555555555555556,0.955175636821894,1,NA,"GO:0062012",81,"FALSE",-0.140337156203755,0.362559378425977,0.328529844845214
"321","control","1","regulation of stem cell differentiation",0.111111111111111,0.192450089729875,0.333333333333333,0.111111111111111,0.192450089729875,1.73205080756888,0,0,0.996925966799219,1,NA,"GO:2000736",163,"FALSE",0.293511574207622,-0.182400463096511,0.328529844845214
"322","control","1","regulation of steroid hormone biosynthetic process",0,0,0,0,0,NA,0,0,1,1,NA,"GO:0090030",747,"FALSE",0.169813425952636,-0.169813425952636,0.328529844845214
"323","control","1","regulation of supramolecular fiber organization",-0.15722638880876,0.943238729708939,2,0.666666666666667,0.666666666666667,1,2.33333333333333,0.777777777777778,0.927033413635308,1,NA,"GO:1902903",122,"FALSE",-0.154193612263233,-0.00303277654552711,0.328529844845214
"324","control","1","regulation of translational fidelity",0,0,0,0,0,NA,0,0,1,1,NA,"GO:0006450",747,"FALSE",0.206850462989673,-0.206850462989673,0.328529844845214
"325","control","1","regulation of type I interferon-mediated signaling pathway",0,0,0,0,0,NA,0,0,1,1,NA,"GO:0060338",747,"FALSE",0.302589814868234,-0.302589814868234,0.328529844845214
"326","control","1","regulation of ubiquitin-protein transferase activity",0.111111111111111,0.192450089729875,0.333333333333333,0.111111111111111,0.192450089729875,1.73205080756888,0,0,0.989230464316538,1,NA,"GO:0051438",163,"FALSE",0.339626851905271,-0.22851574079416,0.328529844845214
"327","control","1","regulation of vacuole organization",0,0,0,0,0,NA,0,0,1,1,NA,"GO:0044088",747,"FALSE",0.429072685211895,-0.429072685211895,0.328529844845214
"328","control","1","release of cytochrome c from mitochondria",0,0,0,0,0,NA,0,0,1,1,NA,"GO:0001836",747,"FALSE",0.0433305556089748,-0.0433305556089748,0.328529844845214
"329","control","1","renal system development",-0.111111111111111,0.769800358919501,1.66666666666667,0.555555555555556,0.693888666488711,1.24899959967968,1.66666666666667,0.555555555555556,0.932832654695619,1,NA,"GO:0072001",163,"FALSE",-0.186512733925724,0.0754016228146124,0.328529844845214
"330","control","1","respiratory system development",0.111111111111111,0.192450089729875,0.333333333333333,0.111111111111111,0.192450089729875,1.73205080756888,0,0,0.999333882046163,1,NA,"GO:0060541",163,"FALSE",-0.165511230491505,0.276622341602616,0.328529844845214
"331","control","1","respiratory tube development",0.222222222222222,0.192450089729875,0.666666666666667,0.222222222222222,0.192450089729875,0.866025403784439,0,0,0.999047900828576,1,NA,"GO:0030323",81,"FALSE",-0.280924537063747,0.503146759285969,0.328529844845214
"332","control","1","response to acid chemical",0,0,0,0,0,NA,0,0,1,1,NA,"GO:0001101",747,"FALSE",-0.0677805555021367,0.0677805555021367,0.328529844845214
"333","control","1","response to amino acid",0,0,0,0,0,NA,0,0,1,1,NA,"GO:0043200",747,"FALSE",-0.394820370263532,0.394820370263532,0.328529844845214
"334","control","1","response to amino acid starvation",0.111111111111111,0.192450089729875,0.333333333333333,0.111111111111111,0.192450089729875,1.73205080756888,0,0,0.985929305209949,1,NA,"GO:1990928",163,"FALSE",0.287218055635684,-0.176106944524573,0.328529844845214
"335","control","1","response to arsenic-containing substance",0,0,0,0,0,NA,0,0,1,1,NA,"GO:0046685",747,"FALSE",0.354998611137821,-0.354998611137821,0.328529844845214
"336","control","1","response to endoplasmic reticulum stress",0,1,1.66666666666667,0.555555555555556,0.693888666488711,1.24899959967968,1.33333333333333,0.444444444444444,0.56833162541273,1,NA,"GO:0034976",747,"FALSE",0.00564195888903726,-0.00564195888903726,0.328529844845214
"337","control","1","response to fluid shear stress",0,0,0,0,0,NA,0,0,1,1,NA,"GO:0034405",747,"FALSE",0.392035648174858,-0.392035648174858,0.328529844845214
"338","control","1","response to insulin",0.111111111111111,0.693888666488711,1,0.333333333333333,0.333333333333333,1,0.666666666666667,0.222222222222222,0.984056356000903,1,NA,"GO:0032868",163,"FALSE",-0.259923033629529,0.37103414474064,0.328529844845214
"339","control","1","response to ionizing radiation",0.222222222222222,0.192450089729875,0.666666666666667,0.222222222222222,0.192450089729875,0.866025403784439,0,0,0.998947873518591,1,NA,"GO:0010212",81,"FALSE",0.227912266448209,-0.00569004422598726,0.328529844845214
"340","control","1","response to oxidative stress",-0.268337499919872,0.434488572471019,2.66666666666667,0.888888888888889,0.693888666488711,0.7806247497998,3,1,0.970889624153796,1,NA,"GO:0006979",63,"FALSE",-0.295444767493494,0.0271072675736225,0.328529844845214
"341","control","1","response to oxygen levels",-0.15722638880876,0.167466815566193,1.66666666666667,0.555555555555556,0.509175077217316,0.916515138991168,2,0.666666666666667,0.99962616822145,1,NA,"GO:0070482",122,"FALSE",-0.174103406726397,0.0168770179176366,0.328529844845214
"342","control","1","response to reactive oxygen species",0,0,0,0,0,NA,0,0,1,1,NA,"GO:0000302",747,"FALSE",-0.0572451414933877,0.0572451414933877,0.328529844845214
"343","control","1","response to sterol depletion",0.222222222222222,0.384900179459751,0.666666666666667,0.222222222222222,0.384900179459751,1.73205080756888,0,0,0.331449429870213,1,NA,"GO:0006991",81,"FALSE",0.132776388915599,0.0894458333066237,0.328529844845214
"344","control","1","response to topologically incorrect protein",0.222222222222222,0.384900179459751,0.666666666666667,0.222222222222222,0.384900179459751,1.73205080756888,0,0,0.986953652732297,1,NA,"GO:0035966",81,"FALSE",-0.167632178209911,0.389854400432133,0.328529844845214
"345","control","1","response to transforming growth factor beta",-0.15722638880876,0.776196653939741,0.666666666666667,0.222222222222222,0.384900179459751,1.73205080756888,1,0.333333333333333,0.930263232517672,1,NA,"GO:0071559",122,"FALSE",-0.185909259579774,0.0286828707710137,0.328529844845214
"346","control","1","response to UV",0.222222222222222,0.192450089729875,0.666666666666667,0.222222222222222,0.192450089729875,0.866025403784439,0,0,0.998653063018283,1,NA,"GO:0009411",81,"FALSE",0.00562974420166837,0.216592478020554,0.328529844845214
"347","control","1","response to virus",0.0546503440366302,0.512501926643432,3.66666666666667,1.22222222222222,0.693888666488711,0.567727090763491,2.66666666666667,0.888888888888889,0.357367704277425,1,NA,"GO:0009615",306,"FALSE",-0.457885180590506,0.512535524627136,0.328529844845214
"348","control","1","rhythmic process",0,0.666666666666667,1,0.333333333333333,0.333333333333333,1,1,0.333333333333333,0.992752968742252,1,NA,"GO:0048511",747,"FALSE",-0.267721810886553,0.267721810886553,0.328529844845214
"349","control","1","ribonucleoprotein complex assembly",0.620551388969018,0.541846760760898,2.33333333333333,0.777777777777778,0.384900179459751,0.494871659305394,0.333333333333333,0.111111111111111,0.649300402676006,1,NA,"GO:0022618",21,"FALSE",-0.32558264141326,0.946134030382277,0.328529844845214
"350","control","1","ribonucleoprotein complex subunit organization",0.222222222222222,0.384900179459751,1,0.333333333333333,0.333333333333333,1,0.333333333333333,0.111111111111111,0.991631538362562,1,NA,"GO:0071826",81,"FALSE",-0.337505904186865,0.559728126409088,0.328529844845214
"351","control","1","ribonucleotide metabolic process",-0.490559722142094,0.305026175482274,1.66666666666667,0.555555555555556,0.384900179459751,0.692820323027551,3,1,0.976033854436499,1,NA,"GO:0009259",27,"FALSE",-0.385804599826623,-0.10475512231547,0.328529844845214
"352","control","1","ribose phosphate metabolic process",-0.20334166650641,0.540181708567923,2.66666666666667,0.888888888888889,0.693888666488711,0.7806247497998,3,1,0.995402405315078,1,NA,"GO:0019693",85,"FALSE",-0.40437463086188,0.20103296435547,0.328529844845214
"353","control","1","ribosomal subunit export from nucleus",0,0,0,0,0,NA,0,0,1,1,NA,"GO:0000054",747,"FALSE",0.111111111111111,-0.111111111111111,0.328529844845214
"354","control","1","ribosome assembly",0,0,0,0,0,NA,0,0,1,1,NA,"GO:0042255",747,"FALSE",0.129327892456655,-0.129327892456655,0.328529844845214
"355","control","1","ribosome biogenesis",-0.15722638880876,0.833493731819591,2,0.666666666666667,0.577350269189626,0.866025403784439,2.33333333333333,0.777777777777778,0.935604589452196,1,NA,"GO:0042254",122,"FALSE",-0.356503869822908,0.199277481014147,0.328529844845214
"356","control","1","ribosome localization",0.111111111111111,0.192450089729875,0.333333333333333,0.111111111111111,0.192450089729875,1.73205080756888,0,0,0.893302364773207,1,NA,"GO:0033750",163,"FALSE",0.280924537063747,-0.169813425952636,0.328529844845214
"357","control","1","RNA localization",0.176106944524573,0.451831914366897,1,0.333333333333333,0.333333333333333,1,0.333333333333333,0.111111111111111,0.975542538903521,1,NA,"GO:0006403",105,"FALSE",-0.221428823244355,0.397535767768928,0.328529844845214
"358","control","1","RNA transport",0.398329166746796,0.1125760857524,1.33333333333333,0.444444444444444,0.192450089729875,0.433012701892219,0,0,0.929456891526889,1,NA,"GO:0050658",38,"FALSE",-0.052408796269587,0.450737963016383,0.328529844845214
"359","control","1","roof of mouth development",0.222222222222222,0.192450089729875,0.666666666666667,0.222222222222222,0.192450089729875,0.866025403784439,0,0,0.984664184479453,1,NA,"GO:0060021",81,"FALSE",-0.0677805555021363,0.290002777724359,0.328529844845214
"360","control","1","rRNA metabolic process",-0.222222222222222,0.838870492807861,1,0.333333333333333,0.333333333333333,1,1.66666666666667,0.555555555555556,0.962346050892364,1,NA,"GO:0016072",81,"FALSE",-0.299068803697602,0.0768465814753801,0.328529844845214
"361","control","1","Schwann cell differentiation",0,0,0,0,0,NA,0,0,1,1,NA,"GO:0014037",747,"FALSE",0.487775000053419,-0.487775000053419,0.328529844845214
"362","control","1","semaphorin-plexin signaling pathway involved in neuron projection guidance",0,0,0,0,0,NA,0,0,1,1,NA,"GO:1902285",747,"FALSE",0.111111111111111,-0.111111111111111,0.328529844845214
"363","control","1","seminiferous tubule development",0.111111111111111,0.192450089729875,0.333333333333333,0.111111111111111,0.192450089729875,1.73205080756888,0,0,0.873740680206923,1,NA,"GO:0072520",163,"FALSE",0.265552777831197,-0.154441666720086,0.328529844845214
"364","control","1","signal peptide processing",0.111111111111111,0.192450089729875,0.333333333333333,0.111111111111111,0.192450089729875,1.73205080756888,0,0,0.945070107555195,1,NA,"GO:0006465",163,"FALSE",0.037037037037037,0.0740740740740741,0.328529844845214
"365","control","1","signal transduction in response to DNA damage",0.222222222222222,0.192450089729875,0.666666666666667,0.222222222222222,0.192450089729875,0.866025403784439,0,0,0.999717898261871,1,NA,"GO:0042770",81,"FALSE",-0.199160071093917,0.421382293316139,0.328529844845214
"366","control","1","sister chromatid segregation",0.0649958334134618,0.351830195114692,2.66666666666667,0.888888888888889,0.693888666488711,0.7806247497998,2,0.666666666666667,0.990195010091441,1,NA,"GO:0000819",265,"FALSE",-0.492551045252901,0.557546878666363,0.328529844845214
"367","control","1","small molecule catabolic process",-0.222222222222222,1.07151675122144,1.66666666666667,0.555555555555556,0.693888666488711,1.24899959967968,2,0.666666666666667,0.575372892789813,1,NA,"GO:0044282",81,"FALSE",-0.104081303457217,-0.118140918765005,0.328529844845214
"368","control","1","smoothened signaling pathway involved in dorsal/ventral neural tube patterning",0,0,0,0,0,NA,0,0,1,1,NA,"GO:0060831",747,"FALSE",0.0957393518785615,-0.0957393518785615,0.328529844845214
"369","control","1","sphingomyelin biosynthetic process",0,0,0,0,0,NA,0,0,1,1,NA,"GO:0006686",747,"FALSE",0.111111111111111,-0.111111111111111,0.328529844845214
"370","control","1","spindle localization",0.111111111111111,0.192450089729875,0.333333333333333,0.111111111111111,0.192450089729875,1.73205080756888,0,0,0.995561249141499,1,NA,"GO:0051653",163,"FALSE",0.243887500026709,-0.132776388915598,0.328529844845214
"371","control","1","stem cell differentiation",0.555555555555556,0.192450089729875,1.66666666666667,0.555555555555556,0.192450089729875,0.346410161513775,0,0,0.956508160790784,1,NA,"GO:0048863",25,"FALSE",-0.263431830112791,0.818987385668347,0.328529844845214
"372","control","1","stem cell population maintenance",0.111111111111111,0.192450089729875,0.333333333333333,0.111111111111111,0.192450089729875,1.73205080756888,0,0,0.999977390453033,1,NA,"GO:0019827",163,"FALSE",-0.424106715380496,0.535217826491607,0.328529844845214
"373","control","1","sterol biosynthetic process",0,0,0,0,0,NA,0,0,1,1,NA,"GO:0016126",747,"FALSE",0.302589814868234,-0.302589814868234,0.328529844845214
"374","control","1","stress granule assembly",0,0,0,0,0,NA,0,0,1,1,NA,"GO:0034063",747,"FALSE",0.222222222222222,-0.222222222222222,0.328529844845214
"375","control","1","substantia nigra development",0,0,0,0,0,NA,0,0,1,1,NA,"GO:0021762",747,"FALSE",0.302589814868234,-0.302589814868234,0.328529844845214
"376","control","1","substrate adhesion-dependent cell spreading",0.222222222222222,0.384900179459751,0.666666666666667,0.222222222222222,0.384900179459751,1.73205080756888,0,0,0.959516766313642,1,NA,"GO:0034446",81,"FALSE",-0.15722638880876,0.379448611030983,0.328529844845214
"377","control","1","sulfur compound metabolic process",-0.15722638880876,0.272324093707352,1,0.333333333333333,0.333333333333333,1,1.33333333333333,0.444444444444444,0.995994114563395,1,NA,"GO:0006790",122,"FALSE",-0.224877319703298,0.0676509308945379,0.328529844845214
"378","control","1","suppression of viral release by host",0,0,0,0,0,NA,0,0,1,1,NA,"GO:0044790",747,"FALSE",0.148148148148148,-0.148148148148148,0.328529844845214
"379","control","1","synaptic vesicle lumen acidification",0,0,0,0,0,NA,0,0,1,1,NA,"GO:0097401",747,"FALSE",0.148148148148148,-0.148148148148148,0.328529844845214
"380","control","1","telomerase RNA localization to Cajal body",0,0,0,0,0,NA,0,0,1,1,NA,"GO:0090671",747,"FALSE",0.0740740740740741,-0.0740740740740741,0.328529844845214
"381","control","1","telomere maintenance",0.222222222222222,0.192450089729875,0.666666666666667,0.222222222222222,0.192450089729875,0.866025403784439,0,0,0.998909243516536,1,NA,"GO:0000723",81,"FALSE",0.0587023148415243,0.163519907380698,0.328529844845214
"382","control","1","telomere organization",0.222222222222222,0.192450089729875,0.666666666666667,0.222222222222222,0.192450089729875,0.866025403784439,0,0,0.999655195870064,1,NA,"GO:0032200",81,"FALSE",-0.262768055742523,0.484990277964745,0.328529844845214
"383","control","1","toxin transport",0.333333333333333,0.333333333333333,1,0.333333333333333,0.333333333333333,1,0,0,0.659269826611968,1,NA,"GO:1901998",47,"FALSE",0.185185185185185,0.148148148148148,0.328529844845214
"384","control","1","trabecula morphogenesis",0.111111111111111,0.192450089729875,0.333333333333333,0.111111111111111,0.192450089729875,1.73205080756888,0,0,0.98954739534724,1,NA,"GO:0061383",163,"FALSE",0.317961574100784,-0.206850462989673,0.328529844845214
"385","control","1","tube closure",0.222222222222222,0.192450089729875,0.666666666666667,0.222222222222222,0.192450089729875,0.866025403784439,0,0,0.967972357262971,1,NA,"GO:0060606",81,"FALSE",-0.241042477913716,0.463264700135938,0.328529844845214
"386","control","1","U2-type prespliceosome assembly",0,0,0,0,0,NA,0,0,1,1,NA,"GO:1903241",747,"FALSE",0.222222222222222,-0.222222222222222,0.328529844845214
"387","control","1","ubiquinone biosynthetic process",0,0,0,0,0,NA,0,0,1,1,NA,"GO:0006744",747,"FALSE",0.169813425952636,-0.169813425952636,0.328529844845214
"388","control","1","ubiquinone metabolic process",0,0,0,0,0,NA,0,0,1,1,NA,"GO:0006743",747,"FALSE",0.280924537063747,-0.280924537063747,0.328529844845214
"389","control","1","UV-damage excision repair",0,0,0,0,0,NA,0,0,1,1,NA,"GO:0070914",747,"FALSE",0,0,0.328529844845214
"390","control","1","vacuolar acidification",0,0,0,0,0,NA,0,0,1,1,NA,"GO:0007035",747,"FALSE",0.333333333333333,-0.333333333333333,0.328529844845214
"391","control","1","vacuolar transport",0.398329166746796,0.1125760857524,1.33333333333333,0.444444444444444,0.192450089729875,0.433012701892219,0,0,0.914033276641238,1,NA,"GO:0007034",38,"FALSE",-0.278139814975072,0.676468981721868,0.328529844845214
"392","control","1","vacuole organization",0.222222222222222,0.192450089729875,1,0.333333333333333,0,0,0.333333333333333,0.111111111111111,0.995778833855555,1,NA,"GO:0007033",81,"FALSE",0.0426186959017555,0.179603526320467,0.328529844845214
"393","control","1","vasculogenesis",0.222222222222222,0.192450089729875,0.666666666666667,0.222222222222222,0.192450089729875,0.866025403784439,0,0,0.976794642917854,1,NA,"GO:0001570",81,"FALSE",0.0922908554196176,0.129931366802605,0.328529844845214
"394","control","1","vesicle localization",0.444444444444444,0.384900179459751,1.66666666666667,0.555555555555556,0.509175077217316,0.916515138991168,0.333333333333333,0.111111111111111,0.97261233091151,1,NA,"GO:0051648",32,"FALSE",-0.244611574421298,0.689056018865742,0.328529844845214
"395","control","1","vesicle organization",-0.0922305553952987,0.0798740039774766,3.33333333333333,1.11111111111111,0.192450089729875,0.173205080756888,3,1,0.987398846182951,1,NA,"GO:0016050",193,"FALSE",-0.251638191946784,0.159407636551485,0.328529844845214
"396","control","1","viral process",-0.555555555555556,0.192450089729875,1.33333333333333,0.444444444444444,0.192450089729875,0.433012701892219,3,1,0.982874412015054,1,NA,"GO:0016032",25,"FALSE",-0.168473662524729,-0.387081893030827,0.328529844845214
"397","control","1","viral release from host cell",0,0,0,0,0,NA,0,0,1,1,NA,"GO:0019076",747,"FALSE",0.37037037037037,-0.37037037037037,0.328529844845214
"398","control","1","water-soluble vitamin metabolic process",0,0,0,0,0,NA,0,0,1,1,NA,"GO:0006767",747,"FALSE",0.382957407514246,-0.382957407514246,0.328529844845214
"399","control","1","Wnt signaling pathway",-0.268337499919872,0.7662307004778,2.66666666666667,0.888888888888889,1.01835015443463,1.14564392373896,3,1,0.945637064480503,1,NA,"GO:0016055",63,"FALSE",-0.217258422590207,-0.0510790773296645,0.328529844845214
"400","control","9","actin filament organization",-0.5,0.34960294939005,2.33333333333333,0.388888888888889,0.250924217569694,0.645233702322069,5.33333333333333,0.888888888888889,0.994863881061509,1,NA,"GO:0007015",26,"FALSE",-0.692765115039457,0.192765115039457,0.328529844845214
"401","control","9","alcohol biosynthetic process",0.111111111111111,0.172132593164774,0.666666666666667,0.111111111111111,0.172132593164774,1.54919333848297,0,0,0.999997603972536,1,NA,"GO:0046165",163,"FALSE",-0.43468670960133,0.545797820712441,0.328529844845214
"402","control","9","amino sugar biosynthetic process",0,0,0,0,0,NA,0,0,1,1,NA,"GO:0046349",747,"FALSE",0.0608465608465608,-0.0608465608465608,0.328529844845214
"403","control","9","aminoglycan biosynthetic process",0.166666666666667,0.278886675511358,1,0.166666666666667,0.278886675511358,1.67332005306815,0,0,0.980585439777302,1,NA,"GO:0006023",112,"FALSE",-0.0314178240263784,0.198084490693045,0.328529844845214
"404","control","9","apoptotic mitochondrial changes",0.254720138928953,0.339227366382666,1.66666666666667,0.277777777777778,0.389681731483337,1.40285423334001,0,0,0.900807763132003,1,NA,"GO:0008637",66,"FALSE",-0.44329592916355,0.698016068092504,0.328529844845214
"405","control","9","appendage development",0.166666666666667,0.182574185835055,1,0.166666666666667,0.182574185835055,1.09544511501033,0,0,0.999992730821056,1,NA,"GO:0048736",112,"FALSE",-0.492469363962391,0.659136030629057,0.328529844845214
"406","control","9","aromatic compound catabolic process",-0.666666666666667,0.210818510677892,2,0.333333333333333,0.210818510677892,0.632455532033676,6,1,0.996400982304342,1,NA,"GO:0019439",20,"FALSE",-0.664098606862046,-0.00256805980462083,0.328529844845214
"407","control","9","ATP metabolic process",0.310275694484509,0.271353470708458,2,0.333333333333333,0.298142396999972,0.894427190999916,0,0,0.999051828434127,1,NA,"GO:0046034",49,"FALSE",-0.410611091575475,0.720886786059984,0.328529844845214
"408","control","9","autophagosome maturation",0,0,0,0,0,NA,0,0,1,1,NA,"GO:0097352",747,"FALSE",0.0784779431388635,-0.0784779431388635,0.328529844845214
"409","control","9","autophagy of mitochondrion",0.166666666666667,0.182574185835055,1,0.166666666666667,0.182574185835055,1.09544511501033,0,0,0.999710537308412,1,NA,"GO:0000422",112,"FALSE",-0.149659057457074,0.31632572412374,0.328529844845214
"410","control","9","axon extension",0.166666666666667,0.182574185835055,1,0.166666666666667,0.182574185835055,1.09544511501033,0,0,0.999917760669254,1,NA,"GO:0048675",112,"FALSE",-0.514320561206131,0.680987227872798,0.328529844845214
"411","control","9","basement membrane organization",0.111111111111111,0.172132593164774,0.666666666666667,0.111111111111111,0.172132593164774,1.54919333848297,0,0,0.994991822669269,1,NA,"GO:0071711",163,"FALSE",0.103425231494836,0.0076858796162748,0.328529844845214
"412","control","9","biological process involved in interaction with host",0.111111111111111,0.272165526975909,0.666666666666667,0.111111111111111,0.272165526975909,2.44948974278318,0,0,0.999956181738142,1,NA,"GO:0051701",163,"FALSE",-0.376997997352525,0.488109108463636,0.328529844845214
"413","control","9","body morphogenesis",0.0555555555555556,0.136082763487954,0.333333333333333,0.0555555555555556,0.136082763487954,2.44948974278318,0,0,0.999962517933578,1,NA,"GO:0010171",306,"FALSE",0.232247288386498,-0.176691732830942,0.328529844845214
"414","control","9","bone development",0.222222222222222,0.344265186329548,1.33333333333333,0.222222222222222,0.344265186329548,1.54919333848297,0,0,0.999802498703539,1,NA,"GO:0060348",81,"FALSE",-0.539535485325144,0.761757707547366,0.328529844845214
"415","control","9","branched-chain amino acid metabolic process",0.0555555555555556,0.136082763487954,0.333333333333333,0.0555555555555556,0.136082763487954,2.44948974278318,0,0,0.999691836563513,1,NA,"GO:0009081",306,"FALSE",0.137816765886371,-0.0822612103308151,0.328529844845214
"416","control","9","carbohydrate derivative catabolic process",0,0,0,0,0,NA,0,0,1,1,NA,"GO:1901136",747,"FALSE",-0.338337506584376,0.338337506584376,0.328529844845214
"417","control","9","carbohydrate derivative transport",0.0555555555555556,0.136082763487954,0.333333333333333,0.0555555555555556,0.136082763487954,2.44948974278318,0,0,0.999996902208267,1,NA,"GO:1901264",306,"FALSE",-0.0794736738630057,0.135029229418561,0.328529844845214
"418","control","9","cell cycle checkpoint signaling",0.333333333333333,0.210818510677892,2,0.333333333333333,0.210818510677892,0.632455532033676,0,0,0.999734100552612,1,NA,"GO:0000075",47,"FALSE",-0.68258149835642,1.01591483168975,0.328529844845214
"419","control","9","cell cycle G1/S phase transition",0.310275694484509,0.315643849030693,2,0.333333333333333,0.365148371670111,1.09544511501033,0,0,0.999015497592964,1,NA,"GO:0044843",49,"FALSE",-0.507321314228329,0.817597008712837,0.328529844845214
"420","control","9","cell cycle G2/M phase transition",0.287218055635684,0.410791569065258,2,0.333333333333333,0.516397779494322,1.54919333848297,0,0,0.947969351666246,1,NA,"GO:0044839",57,"FALSE",-0.393335727568936,0.68055378320462,0.328529844845214
"421","control","9","cell growth",-0.634168749959936,0.348172241564343,2.33333333333333,0.388888888888889,0.389681731483337,1.00203873810001,6,1,0.994580387663311,1,NA,"GO:0016049",20,"FALSE",-0.661520525534382,0.0273517755744462,0.328529844845214
"422","control","9","cell migration involved in heart development",0,0,0,0,0,NA,0,0,1,1,NA,"GO:0060973",747,"FALSE",0.0740740740740741,-0.0740740740740741,0.328529844845214
"423","control","9","cell redox homeostasis",0.0555555555555556,0.136082763487954,0.333333333333333,0.0555555555555556,0.136082763487954,2.44948974278318,0,0,0.99998472981609,1,NA,"GO:0045454",306,"FALSE",0.133068783068783,-0.0775132275132275,0.328529844845214
"424","control","9","cell-cell signaling by wnt",-0.634168749959936,0.308586416471229,2.33333333333333,0.388888888888889,0.443053378608375,1.13928011642154,5.66666666666667,0.944444444444444,0.986078456556072,1,NA,"GO:0198738",20,"FALSE",-0.704467157580854,0.0702984076209179,0.328529844845214
"425","control","9","cell-substrate adhesion",-0.0230576388488244,0.526696133656484,2.66666666666667,0.444444444444444,0.272165526975909,0.612372435695795,2.66666666666667,0.444444444444444,0.999289274130433,1,NA,"GO:0031589",451,"FALSE",-0.612218583761734,0.589160944912909,0.328529844845214
"426","control","9","cell-substrate junction assembly",0.0555555555555556,0.136082763487954,0.333333333333333,0.0555555555555556,0.136082763487954,2.44948974278318,0,0,0.999999841369682,1,NA,"GO:0007044",306,"FALSE",-0.328638257236403,0.384193812791959,0.328529844845214
"427","control","9","cell-substrate junction organization",0,0,0,0,0,NA,0,0,1,1,NA,"GO:0150115",747,"FALSE",-0.404249507233733,0.404249507233733,0.328529844845214
"428","control","9","cellular carbohydrate metabolic process",0.333333333333333,0.210818510677892,2,0.333333333333333,0.210818510677892,0.632455532033676,0,0,0.99999060341545,1,NA,"GO:0044262",47,"FALSE",-0.418288966599257,0.75162229993259,0.328529844845214
"429","control","9","cellular component disassembly",-0.411946527737714,0.29845748899556,3.66666666666667,0.611111111111111,0.327730693416725,0.536286589227368,6,1,0.999490936363507,1,NA,"GO:0022411",34,"FALSE",-0.648013394305122,0.236066866567408,0.328529844845214
"430","control","9","cellular lipid catabolic process",0.199164583373398,0.311630601838356,1.33333333333333,0.222222222222222,0.344265186329548,1.54919333848297,0,0,0.999429077312116,1,NA,"GO:0044242",93,"FALSE",-0.361548726957736,0.560713310331134,0.328529844845214
"431","control","9","cellular metabolic compound salvage",0,0,0,0,0,NA,0,0,1,1,NA,"GO:0043094",747,"FALSE",0.037037037037037,-0.037037037037037,0.328529844845214
"432","control","9","cellular nitrogen compound catabolic process",-0.379448611030983,0.318661256484576,4,0.666666666666667,0.365148371670111,0.547722557505166,6,1,0.999545591367725,1,NA,"GO:0044270",39,"FALSE",-0.746628050992722,0.367179439961739,0.328529844845214
"433","control","9","cellular pigment accumulation",0,0,0,0,0,NA,0,0,1,1,NA,"GO:0043482",747,"FALSE",0.0907407407407407,-0.0907407407407407,0.328529844845214
"434","control","9","cellular pigmentation",0.0555555555555556,0.136082763487954,0.333333333333333,0.0555555555555556,0.136082763487954,2.44948974278318,0,0,0.999995149440866,1,NA,"GO:0033059",306,"FALSE",0.0982790410827487,-0.0427234855271932,0.328529844845214
"435","control","9","cellular respiration",0.222222222222222,0.172132593164774,1.66666666666667,0.277777777777778,0.136082763487954,0.489897948556636,0.333333333333333,0.0555555555555556,0.999999612006634,1,NA,"GO:0045333",81,"FALSE",-0.539085324186426,0.761307546408648,0.328529844845214
"436","control","9","cellular response to acid chemical",0.0555555555555556,0.136082763487954,0.333333333333333,0.0555555555555556,0.136082763487954,2.44948974278318,0,0,0.999999489802897,1,NA,"GO:0071229",306,"FALSE",-0.144380786989342,0.199936342544897,0.328529844845214
"437","control","9","cellular response to arsenic-containing substance",0.0555555555555556,0.136082763487954,0.333333333333333,0.0555555555555556,0.136082763487954,2.44948974278318,0,0,0.999156417269708,1,NA,"GO:0071243",306,"FALSE",0.127777777777778,-0.0722222222222222,0.328529844845214
"438","control","9","cellular response to chemical stress",-0.222222222222222,0.688530372659096,1.33333333333333,0.222222222222222,0.272165526975909,1.22474487139159,2.66666666666667,0.444444444444444,0.998628348810891,1,NA,"GO:0062197",81,"FALSE",-0.675060089141804,0.452837866919581,0.328529844845214
"439","control","9","cellular response to dsRNA",0.0555555555555556,0.136082763487954,0.333333333333333,0.0555555555555556,0.136082763487954,2.44948974278318,0,0,0.999960949862836,1,NA,"GO:0071359",306,"FALSE",0.0883458664154712,-0.0327903108599157,0.328529844845214
"440","control","9","cellular response to external stimulus",-0.0555555555555556,0.646930072355984,1.66666666666667,0.277777777777778,0.327730693416725,1.17983049630021,2,0.333333333333333,0.999519109681827,1,NA,"GO:0071496",306,"FALSE",-0.65972014338026,0.604164587824704,0.328529844845214
"441","control","9","cellular response to extracellular stimulus",0.222222222222222,0.172132593164774,1.33333333333333,0.222222222222222,0.172132593164774,0.774596669241483,0,0,0.999999520013409,1,NA,"GO:0031668",81,"FALSE",-0.426060564852437,0.648282787074659,0.328529844845214
"442","control","9","cellular response to fluid shear stress",0,0,0,0,0,NA,0,0,1,1,NA,"GO:0071498",747,"FALSE",0.0775132275132275,-0.0775132275132275,0.328529844845214
"443","control","9","cellular response to heat",0.166666666666667,0.182574185835055,1,0.166666666666667,0.182574185835055,1.09544511501033,0,0,0.9955282060999,1,NA,"GO:0034605",112,"FALSE",0.150157142887668,0.0165095237789985,0.328529844845214
"444","control","9","cellular response to insulin stimulus",0.277777777777778,0.250924217569694,1.66666666666667,0.277777777777778,0.250924217569694,0.903327183250897,0,0,0.999931450355064,1,NA,"GO:0032869",61,"FALSE",-0.493765797213512,0.771543574991289,0.328529844845214
"445","control","9","cellular response to ketone",0,0,0,0,0,NA,0,0,1,1,NA,"GO:1901655",747,"FALSE",-0.347619047619048,0.347619047619048,0.328529844845214
"446","control","9","cellular response to oxygen levels",0.111111111111111,0.172132593164774,0.666666666666667,0.111111111111111,0.172132593164774,1.54919333848297,0,0,0.999999842951311,1,NA,"GO:0071453",163,"FALSE",-0.508522500025184,0.619633611136295,0.328529844845214
"447","control","9","cellular response to sterol depletion",0,0,0,0,0,NA,0,0,1,1,NA,"GO:0071501",747,"FALSE",0.0645363426059474,-0.0645363426059474,0.328529844845214
"448","control","9","cellular response to topologically incorrect protein",0.111111111111111,0.172132593164774,0.666666666666667,0.111111111111111,0.172132593164774,1.54919333848297,0,0,0.999996562680031,1,NA,"GO:0035967",163,"FALSE",-0.501766248007028,0.61287735911814,0.328529844845214
"449","control","9","cellular response to transforming growth factor beta stimulus",0.222222222222222,0.272165526975909,1.33333333333333,0.222222222222222,0.272165526975909,1.22474487139159,0,0,0.999998281257917,1,NA,"GO:0071560",81,"FALSE",-0.395379161482793,0.617601383705015,0.328529844845214
"450","control","9","cellular response to UV",0.111111111111111,0.172132593164774,0.666666666666667,0.111111111111111,0.172132593164774,1.54919333848297,0,0,0.999996285648084,1,NA,"GO:0034644",163,"FALSE",-0.452094510494251,0.563205621605362,0.328529844845214
"451","control","9","cellular senescence",0.0555555555555556,0.136082763487954,0.333333333333333,0.0555555555555556,0.136082763487954,2.44948974278318,0,0,0.999999434449869,1,NA,"GO:0090398",306,"FALSE",-0.202715112367089,0.258270667922644,0.328529844845214
"452","control","9","centromere complex assembly",0,0,0,0,0,NA,0,0,1,1,NA,"GO:0034508",747,"FALSE",0.176984126984127,-0.176984126984127,0.328529844845214
"453","control","9","centrosome localization",0.0555555555555556,0.136082763487954,0.333333333333333,0.0555555555555556,0.136082763487954,2.44948974278318,0,0,0.999784185320807,1,NA,"GO:0051642",306,"FALSE",0.171400727539937,-0.115845171984382,0.328529844845214
"454","control","9","chaperone-mediated autophagy",0.111111111111111,0.172132593164774,0.666666666666667,0.111111111111111,0.172132593164774,1.54919333848297,0,0,0.975520095901624,1,NA,"GO:0061684",163,"FALSE",0.0185185185185185,0.0925925925925926,0.328529844845214
"455","control","9","chondrocyte differentiation",0.0555555555555556,0.136082763487954,0.333333333333333,0.0555555555555556,0.136082763487954,2.44948974278318,0,0,0.999999809910535,1,NA,"GO:0002062",306,"FALSE",-0.275164985607435,0.330720541162991,0.328529844845214
"456","control","9","chromatin remodeling",-0.15722638880876,0.669652477646495,2.66666666666667,0.444444444444444,0.272165526975909,0.612372435695795,3.33333333333333,0.555555555555556,0.988793664152847,1,NA,"GO:0006338",122,"FALSE",-0.611863837348936,0.454637448540176,0.328529844845214
"457","control","9","chromosome localization",0.0555555555555556,0.136082763487954,0.333333333333333,0.0555555555555556,0.136082763487954,2.44948974278318,0,0,0.999999534109801,1,NA,"GO:0050000",306,"FALSE",-0.320597513132885,0.376153068688441,0.328529844845214
"458","control","9","chromosome segregation",-0.800835416626602,0.350873147116619,1.33333333333333,0.222222222222222,0.403686713879666,1.81659021245849,6,1,0.95497448418895,1,NA,"GO:0007059",13,"FALSE",-0.648533210462234,-0.152302206164369,0.328529844845214
"459","control","9","cilium assembly",0.00944027785790645,0.590283356379028,3.33333333333333,0.555555555555556,0.272165526975909,0.489897948556636,3,0.5,0.996414909732264,1,NA,"GO:0060271",632,"FALSE",-0.641912591128476,0.651352868986383,0.328529844845214
"460","control","9","cilium organization",-0.323893055475427,0.355263590304252,2,0.333333333333333,0.298142396999972,0.894427190999916,3.66666666666667,0.611111111111111,0.995528766256646,1,NA,"GO:0044782",48,"FALSE",-0.63546353701109,0.311570481535663,0.328529844845214
"461","control","9","circadian regulation of gene expression",0.222222222222222,0.272165526975909,1.33333333333333,0.222222222222222,0.272165526975909,1.22474487139159,0,0,0.976472580691931,1,NA,"GO:0032922",81,"FALSE",-0.0246966600357396,0.246918882257962,0.328529844845214
"462","control","9","clathrin-dependent endocytosis",0.0555555555555556,0.136082763487954,0.333333333333333,0.0555555555555556,0.136082763487954,2.44948974278318,0,0,0.999975031293978,1,NA,"GO:0072583",306,"FALSE",0.0753829034525083,-0.0198273478969527,0.328529844845214
"463","control","9","collagen fibril organization",0.0555555555555556,0.136082763487954,0.333333333333333,0.0555555555555556,0.136082763487954,2.44948974278318,0,0,0.99999864988388,1,NA,"GO:0030199",306,"FALSE",0.103689781759387,-0.048134226203831,0.328529844845214
"464","control","9","connective tissue development",0.277777777777778,0.327730693416725,1.66666666666667,0.277777777777778,0.327730693416725,1.17983049630021,0,0,0.999903428610404,1,NA,"GO:0061448",61,"FALSE",-0.735180198570238,1.01295797634802,0.328529844845214
"465","control","9","COPII vesicle coating",0.0555555555555556,0.136082763487954,0.333333333333333,0.0555555555555556,0.136082763487954,2.44948974278318,0,0,0.999980709700204,1,NA,"GO:0048208",306,"FALSE",0.203267698453908,-0.147712142898352,0.328529844845214
"466","control","9","cortical cytoskeleton organization",0,0,0,0,0,NA,0,0,1,1,NA,"GO:0030865",747,"FALSE",0.210846560846561,-0.210846560846561,0.328529844845214
"467","control","9","cytoplasmic translation",0.222222222222222,0.172132593164774,1.33333333333333,0.222222222222222,0.172132593164774,0.774596669241483,0,0,0.999994604811034,1,NA,"GO:0002181",81,"FALSE",-0.202540808804286,0.424763031026508,0.328529844845214
"468","control","9","defense response to virus",0.143609027817842,0.410104574065151,1.66666666666667,0.277777777777778,0.389681731483337,1.40285423334001,0.666666666666667,0.111111111111111,0.99945862689968,1,NA,"GO:0051607",129,"FALSE",-0.608510785023397,0.752119812841239,0.328529844845214
"469","control","9","dephosphorylation",-0.0786131944043802,0.2855252185906,2.33333333333333,0.388888888888889,0.389681731483337,1.00203873810001,2.33333333333333,0.388888888888889,0.999391109269524,1,NA,"GO:0016311",241,"FALSE",-0.706283396101002,0.627670201696622,0.328529844845214
"470","control","9","developmental growth involved in morphogenesis",0.111111111111111,0.272165526975909,0.666666666666667,0.111111111111111,0.272165526975909,2.44948974278318,0,0,0.999992455455572,1,NA,"GO:0060560",163,"FALSE",-0.697364484443683,0.808475595554794,0.328529844845214
"471","control","9","dicarboxylic acid metabolic process",0.0555555555555556,0.136082763487954,0.333333333333333,0.0555555555555556,0.136082763487954,2.44948974278318,0,0,0.999996941524592,1,NA,"GO:0043648",306,"FALSE",-0.302489546878879,0.358045102434435,0.328529844845214
"472","control","9","DNA conformation change",0.199164583373398,0.229497685299202,1.33333333333333,0.222222222222222,0.272165526975909,1.22474487139159,0,0,0.984053614793459,1,NA,"GO:0071103",93,"FALSE",-0.269664473217794,0.468829056591192,0.328529844845214
"473","control","9","DNA replication",-0.166666666666667,0.547722557505166,2,0.333333333333333,0.421637021355784,1.26491106406735,2.66666666666667,0.444444444444444,0.995833879227852,1,NA,"GO:0006260",112,"FALSE",-0.665438936947628,0.498772270280961,0.328529844845214
"474","control","9","DNA-templated transcription elongation",0.310275694484509,0.343623559305777,2,0.333333333333333,0.365148371670111,1.09544511501033,0,0,0.960757119768113,1,NA,"GO:0006354",49,"FALSE",-0.649511088029546,0.959786782514055,0.328529844845214
"475","control","9","double-strand break repair",-0.0230576388488247,0.536938270196326,2.66666666666667,0.444444444444444,0.272165526975909,0.612372435695795,2.66666666666667,0.444444444444444,0.999795080843219,1,NA,"GO:0006302",451,"FALSE",-0.576173345006161,0.553115706157336,0.328529844845214
"476","control","9","embryonic body morphogenesis",0,0,0,0,0,NA,0,0,1,1,NA,"GO:0010172",747,"FALSE",0.0747742394351599,-0.0747742394351599,0.328529844845214
"477","control","9","embryonic organ development",-0.467502083293269,0.350873147116619,2,0.333333333333333,0.516397779494322,1.54919333848297,4.66666666666667,0.777777777777778,0.999814727254688,1,NA,"GO:0048568",28,"FALSE",-0.688151545297827,0.220649462004558,0.328529844845214
"478","control","9","epigenetic regulation of gene expression",0.277777777777778,0.136082763487954,1.66666666666667,0.277777777777778,0.136082763487954,0.489897948556636,0,0,0.999975500127303,1,NA,"GO:0040029",61,"FALSE",-0.438693574853926,0.716471352631704,0.328529844845214
"479","control","9","erythrocyte differentiation",0.166666666666667,0.182574185835055,1,0.166666666666667,0.182574185835055,1.09544511501033,0,0,0.999938666057256,1,NA,"GO:0030218",112,"FALSE",-0.430242261824633,0.5969089284913,0.328529844845214
"480","control","9","establishment of mitotic spindle localization",0.111111111111111,0.172132593164774,0.666666666666667,0.111111111111111,0.172132593164774,1.54919333848297,0,0,0.999101380622338,1,NA,"GO:0040001",163,"FALSE",0.132525760595365,-0.0214146494842543,0.328529844845214
"481","control","9","establishment of organelle localization",-0.611111111111111,0.250924217569694,2.33333333333333,0.388888888888889,0.250924217569694,0.645233702322069,6,1,0.997381316223609,1,NA,"GO:0051656",21,"FALSE",-0.690050011343413,0.0789389002323015,0.328529844845214
"482","control","9","establishment of protein localization to membrane",0.120551388969018,0.708731450456947,2.66666666666667,0.444444444444444,0.620632890834175,1.39642400437689,1.66666666666667,0.277777777777778,0.918018768852065,1,NA,"GO:0090150",156,"FALSE",-0.584297518208139,0.704848907177157,0.328529844845214
"483","control","9","establishment of protein localization to organelle",-0.467502083293269,0.40933654834618,3.33333333333333,0.555555555555556,0.455420034042649,0.819756061276768,6,1,0.999217623602726,1,NA,"GO:0072594",28,"FALSE",-0.653073294279694,0.185571210986425,0.328529844845214
"484","control","9","establishment or maintenance of cell polarity",0.333333333333333,0.298142396999972,2,0.333333333333333,0.298142396999972,0.894427190999916,0,0,0.99946565164931,1,NA,"GO:0007163",47,"FALSE",-0.519505379563822,0.852838712897156,0.328529844845214
"485","control","9","establishment or maintenance of epithelial cell apical/basal polarity",0.0555555555555556,0.136082763487954,0.333333333333333,0.0555555555555556,0.136082763487954,2.44948974278318,0,0,0.999995797905519,1,NA,"GO:0045197",306,"FALSE",0.209206352538602,-0.153650796983046,0.328529844845214
"486","control","9","ether lipid biosynthetic process",0,0,0,0,0,NA,0,0,1,1,NA,"GO:0008611",747,"FALSE",0.0925925925925926,-0.0925925925925926,0.328529844845214
"487","control","9","exit from host cell",0.0555555555555556,0.136082763487954,0.333333333333333,0.0555555555555556,0.136082763487954,2.44948974278318,0,0,0.999938322161908,1,NA,"GO:0035891",306,"FALSE",0.113717628980273,-0.0581620734247177,0.328529844845214
"488","control","9","exosomal secretion",0,0,0,0,0,NA,0,0,1,1,NA,"GO:1990182",747,"FALSE",0.167102281763202,-0.167102281763202,0.328529844845214
"489","control","9","extracellular matrix assembly",0,0,0,0,0,NA,0,0,1,1,NA,"GO:0085029",747,"FALSE",0.144444444444444,-0.144444444444444,0.328529844845214
"490","control","9","extracellular vesicle biogenesis",0,0,0,0,0,NA,0,0,1,1,NA,"GO:0140112",747,"FALSE",0.173756617088866,-0.173756617088866,0.328529844845214
"491","control","9","face development",0.0555555555555556,0.136082763487954,0.333333333333333,0.0555555555555556,0.136082763487954,2.44948974278318,0,0,0.999996078691465,1,NA,"GO:0060324",306,"FALSE",0.113913756644282,-0.0583582010887263,0.328529844845214
"492","control","9","fat cell differentiation",0.199164583373398,0.311630601838356,1.33333333333333,0.222222222222222,0.344265186329548,1.54919333848297,0,0,0.999767009312128,1,NA,"GO:0045444",93,"FALSE",-0.658599161752318,0.857763745125716,0.328529844845214
"493","control","9","fatty acid beta-oxidation",0,0,0,0,0,NA,0,0,1,1,NA,"GO:0006635",747,"FALSE",-0.164049007909798,0.164049007909798,0.328529844845214
"494","control","9","fibroblast migration",0.0555555555555556,0.136082763487954,0.333333333333333,0.0555555555555556,0.136082763487954,2.44948974278318,0,0,0.999988727642019,1,NA,"GO:0010761",306,"FALSE",0.119259262591512,-0.0637037070359561,0.328529844845214
"495","control","9","fibroblast proliferation",0.166666666666667,0.182574185835055,1,0.166666666666667,0.182574185835055,1.09544511501033,0,0,0.999909992215756,1,NA,"GO:0048144",112,"FALSE",-0.399273177871324,0.565939844537991,0.328529844845214
"496","control","9","folic acid metabolic process",0,0,0,0,0,NA,0,0,1,1,NA,"GO:0046655",747,"FALSE",0.0703703703703704,-0.0703703703703704,0.328529844845214
"497","control","9","G0 to G1 transition",0.111111111111111,0.172132593164774,0.666666666666667,0.111111111111111,0.172132593164774,1.54919333848297,0,0,0.998193813146208,1,NA,"GO:0045023",163,"FALSE",0.154193819456464,-0.0430827083453527,0.328529844845214
"498","control","9","glial cell apoptotic process",0.111111111111111,0.272165526975909,0.666666666666667,0.111111111111111,0.272165526975909,2.44948974278318,0,0,0.901369306996037,1,NA,"GO:0034349",163,"FALSE",0.14514460980553,-0.0340334986944192,0.328529844845214
"499","control","9","glycerol ether biosynthetic process",0,0,0,0,0,NA,0,0,1,1,NA,"GO:0046504",747,"FALSE",0.0941798941798942,-0.0941798941798942,0.328529844845214
"500","control","9","glycosyl compound biosynthetic process",0,0,0,0,0,NA,0,0,1,1,NA,"GO:1901659",747,"FALSE",0.14973544973545,-0.14973544973545,0.328529844845214
"501","control","9","glycosyl compound metabolic process",0.0555555555555556,0.136082763487954,0.333333333333333,0.0555555555555556,0.136082763487954,2.44948974278318,0,0,0.999997056354407,1,NA,"GO:1901657",306,"FALSE",-0.108532437130583,0.164087992686139,0.328529844845214
"502","control","9","glycosylation",0.222222222222222,0.272165526975909,1.33333333333333,0.222222222222222,0.272165526975909,1.22474487139159,0,0,0.999997033026082,1,NA,"GO:0070085",81,"FALSE",-0.51451874976336,0.736740971985582,0.328529844845214
"503","control","9","Golgi organization",0.166666666666667,0.182574185835055,1,0.166666666666667,0.182574185835055,1.09544511501033,0,0,0.999989286356147,1,NA,"GO:0007030",112,"FALSE",-0.284761436515308,0.451428103181975,0.328529844845214
"504","control","9","Golgi to plasma membrane protein transport",0,0,0,0,0,NA,0,0,1,1,NA,"GO:0043001",747,"FALSE",0.303874768535689,-0.303874768535689,0.328529844845214
"505","control","9","Golgi vesicle transport",-0.189724305515491,0.618753393206903,2.66666666666667,0.444444444444444,0.344265186329548,0.774596669241483,3.33333333333333,0.555555555555556,0.983329805112117,1,NA,"GO:0048193",99,"FALSE",-0.59172955418692,0.402005248671429,0.328529844845214
"506","control","9","GPI anchor biosynthetic process",0,0,0,0,0,NA,0,0,1,1,NA,"GO:0006506",747,"FALSE",0.17010582010582,-0.17010582010582,0.328529844845214
"507","control","9","heart valve development",0.0555555555555556,0.136082763487954,0.333333333333333,0.0555555555555556,0.136082763487954,2.44948974278318,0,0,0.999995515320468,1,NA,"GO:0003170",306,"FALSE",0.103014289077063,-0.0474587335215078,0.328529844845214
"508","control","9","heme metabolic process",0.0555555555555556,0.136082763487954,0.333333333333333,0.0555555555555556,0.136082763487954,2.44948974278318,0,0,0.999941231338462,1,NA,"GO:0042168",306,"FALSE",0.0706349206349206,-0.0150793650793651,0.328529844845214
"509","control","9","heterochromatin formation",0.166666666666667,0.278886675511358,1,0.166666666666667,0.278886675511358,1.67332005306815,0,0,0.99628520459051,1,NA,"GO:0031507",112,"FALSE",-0.153585545592376,0.320252212259043,0.328529844845214
"510","control","9","heterocycle catabolic process",-0.467502083293269,0.40933654834618,3.33333333333333,0.555555555555556,0.455420034042649,0.819756061276768,6,1,0.998672676156221,1,NA,"GO:0046700",28,"FALSE",-0.596729180959982,0.129227097666713,0.328529844845214
"511","control","9","histone modification",-0.546115277697649,0.642970745818126,3.66666666666667,0.611111111111111,1.02016701610116,1.66936420816553,6,1,0.797332577063201,1,NA,"GO:0016570",25,"FALSE",-0.690762297991728,0.144647020294079,0.328529844845214
"512","control","9","immune system development",0.254720138928953,0.211263883077753,1.66666666666667,0.277777777777778,0.250924217569694,0.903327183250897,0,0,0.99818516265968,1,NA,"GO:0002520",66,"FALSE",-0.655237826519436,0.909957965448389,0.328529844845214
"513","control","9","in utero embryonic development",-0.435004166586538,0.470371992339868,2.66666666666667,0.444444444444444,0.272165526975909,0.612372435695795,5,0.833333333333333,0.972974719783036,1,NA,"GO:0001701",33,"FALSE",-0.529593478341197,0.0945893117546585,0.328529844845214
"514","control","9","inner cell mass cell proliferation",0,0,0,0,0,NA,0,0,1,1,NA,"GO:0001833",747,"FALSE",0.0793650793650794,-0.0793650793650794,0.328529844845214
"515","control","9","inositol phosphate catabolic process",0,0,0,0,0,NA,0,0,1,1,NA,"GO:0071545",747,"FALSE",0.037037037037037,-0.037037037037037,0.328529844845214
"516","control","9","interferon-beta production",0.111111111111111,0.172132593164774,0.666666666666667,0.111111111111111,0.172132593164774,1.54919333848297,0,0,0.999038975373191,1,NA,"GO:0032608",163,"FALSE",0.166652744722349,-0.0555416336112383,0.328529844845214
"517","control","9","intermembrane lipid transfer",0,0,0,0,0,NA,0,0,1,1,NA,"GO:0120009",747,"FALSE",0.235275499407879,-0.235275499407879,0.328529844845214
"518","control","9","intracellular lipid transport",0.0555555555555556,0.136082763487954,0.333333333333333,0.0555555555555556,0.136082763487954,2.44948974278318,0,0,0.999958245793634,1,NA,"GO:0032365",306,"FALSE",0.224192232185402,-0.168636676629846,0.328529844845214
"519","control","9","intraciliary transport",0.0555555555555556,0.136082763487954,0.333333333333333,0.0555555555555556,0.136082763487954,2.44948974278318,0,0,0.99998655025748,1,NA,"GO:0042073",306,"FALSE",0.0407407407407407,0.0148148148148148,0.328529844845214
"520","control","9","iron ion homeostasis",0,0,0,0,0,NA,0,0,1,1,NA,"GO:0055072",747,"FALSE",-0.13817598870453,0.13817598870453,0.328529844845214
"521","control","9","iron-sulfur cluster assembly",0.111111111111111,0.172132593164774,0.666666666666667,0.111111111111111,0.172132593164774,1.54919333848297,0,0,0.998648544380304,1,NA,"GO:0016226",163,"FALSE",0.116137566137566,-0.00502645502645503,0.328529844845214
"522","control","9","kinetochore organization",0,0,0,0,0,NA,0,0,1,1,NA,"GO:0051383",747,"FALSE",0.144444444444444,-0.144444444444444,0.328529844845214
"523","control","9","lamellipodium assembly",0.222222222222222,0.172132593164774,1.33333333333333,0.222222222222222,0.172132593164774,0.774596669241483,0,0,0.994580760048578,1,NA,"GO:0030032",81,"FALSE",-0.0769980489284442,0.299220271150666,0.328529844845214
"524","control","9","lamellipodium morphogenesis",0,0,0,0,0,NA,0,0,1,1,NA,"GO:0072673",747,"FALSE",0.0828042328042328,-0.0828042328042328,0.328529844845214
"525","control","9","lamellipodium organization",0.166666666666667,0.278886675511358,1,0.166666666666667,0.278886675511358,1.67332005306815,0,0,0.99481308957782,1,NA,"GO:0097581",112,"FALSE",-0.469869113729904,0.636535780396571,0.328529844845214
"526","control","9","limb development",0.277777777777778,0.327730693416725,1.66666666666667,0.277777777777778,0.327730693416725,1.17983049630021,0,0,0.996831657012484,1,NA,"GO:0060173",61,"FALSE",-0.380706924592109,0.658484702369887,0.328529844845214
"527","control","9","lipoprotein catabolic process",0,0,0,0,0,NA,0,0,1,1,NA,"GO:0042159",747,"FALSE",0.0661375661375661,-0.0661375661375661,0.328529844845214
"528","control","9","lipoprotein metabolic process",0.199164583373398,0.229497685299202,1.33333333333333,0.222222222222222,0.272165526975909,1.22474487139159,0,0,0.994146143700587,1,NA,"GO:0042157",93,"FALSE",-0.35209277919292,0.551257362566318,0.328529844845214
"529","control","9","lysosomal lumen acidification",0,0,0,0,0,NA,0,0,1,1,NA,"GO:0007042",747,"FALSE",0.162962962962963,-0.162962962962963,0.328529844845214
"530","control","9","lysosomal protein catabolic process",0,0,0,0,0,NA,0,0,1,1,NA,"GO:1905146",747,"FALSE",0.174853802923408,-0.174853802923408,0.328529844845214
"531","control","9","macroautophagy",-0.611111111111111,0.389681731483337,0.666666666666667,0.111111111111111,0.172132593164774,1.54919333848297,4.33333333333333,0.722222222222222,0.997177999946004,1,NA,"GO:0016236",21,"FALSE",-0.78161055985088,0.170499448739769,0.328529844845214
"532","control","9","macromolecule deacylation",0.0555555555555556,0.136082763487954,0.333333333333333,0.0555555555555556,0.136082763487954,2.44948974278318,0,0,0.999999869552145,1,NA,"GO:0098732",306,"FALSE",-0.583030985413487,0.638586540969043,0.328529844845214
"533","control","9","macromolecule glycosylation",0.0555555555555556,0.136082763487954,0.333333333333333,0.0555555555555556,0.136082763487954,2.44948974278318,0,0,0.999999999672351,1,NA,"GO:0043413",306,"FALSE",-0.680636106304434,0.736191661859989,0.328529844845214
"534","control","9","magnesium ion transmembrane transport",0,0,0,0,0,NA,0,0,1,1,NA,"GO:1903830",747,"FALSE",0.0722222222222222,-0.0722222222222222,0.328529844845214
"535","control","9","magnesium ion transport",0,0,0,0,0,NA,0,0,1,1,NA,"GO:0015693",747,"FALSE",0.146296296296296,-0.146296296296296,0.328529844845214
"536","control","9","maintenance of cell number",0.222222222222222,0.172132593164774,1.33333333333333,0.222222222222222,0.172132593164774,0.774596669241483,0,0,0.999992540070749,1,NA,"GO:0098727",81,"FALSE",-0.590443598103379,0.812665820325602,0.328529844845214
"537","control","9","maintenance of protein location",0.0555555555555556,0.136082763487954,0.333333333333333,0.0555555555555556,0.136082763487954,2.44948974278318,0,0,0.999999938135429,1,NA,"GO:0045185",306,"FALSE",0.0473405754101802,0.00821498014537534,0.328529844845214
"538","control","9","maintenance of protein location in cell",0.0555555555555556,0.136082763487954,0.333333333333333,0.0555555555555556,0.136082763487954,2.44948974278318,0,0,0.999990952614206,1,NA,"GO:0032507",306,"FALSE",0.170513591313721,-0.114958035758166,0.328529844845214
"539","control","9","mammary gland epithelial cell proliferation",0.111111111111111,0.172132593164774,0.666666666666667,0.111111111111111,0.172132593164774,1.54919333848297,0,0,0.995530649049364,1,NA,"GO:0033598",163,"FALSE",0.143650793650794,-0.0325396825396825,0.328529844845214
"540","control","9","membrane assembly",0.111111111111111,0.172132593164774,0.666666666666667,0.111111111111111,0.172132593164774,1.54919333848297,0,0,0.999828099395692,1,NA,"GO:0071709",163,"FALSE",0.188067394206604,-0.0769562830954927,0.328529844845214
"541","control","9","membrane biogenesis",0,0,0,0,0,NA,0,0,1,1,NA,"GO:0044091",747,"FALSE",0.154615512608682,-0.154615512608682,0.328529844845214
"542","control","9","membrane docking",0.111111111111111,0.172132593164774,0.666666666666667,0.111111111111111,0.172132593164774,1.54919333848297,0,0,0.999866714044861,1,NA,"GO:0022406",163,"FALSE",-0.135464047547314,0.246575158658425,0.328529844845214
"543","control","9","membrane fission",0,0,0,0,0,NA,0,0,1,1,NA,"GO:0090148",747,"FALSE",0.101030357169567,-0.101030357169567,0.328529844845214
"544","control","9","mesenchymal cell differentiation",0.0555555555555556,0.136082763487954,0.333333333333333,0.0555555555555556,0.136082763487954,2.44948974278318,0,0,0.999999999347524,1,NA,"GO:0048762",306,"FALSE",-0.398073891383472,0.453629446939028,0.328529844845214
"545","control","9","metallo-sulfur cluster assembly",0,0,0,0,0,NA,0,0,1,1,NA,"GO:0031163",747,"FALSE",0.0821677248982502,-0.0821677248982502,0.328529844845214
"546","control","9","methylation",-0.555555555555556,0.583730023847275,0.666666666666667,0.111111111111111,0.172132593164774,1.54919333848297,4,0.666666666666667,0.995110623957811,1,NA,"GO:0032259",25,"FALSE",-0.648710093290499,0.0931545377349432,0.328529844845214
"547","control","9","microtubule cytoskeleton organization involved in mitosis",0.287218055635684,0.238957217802444,2,0.333333333333333,0.298142396999972,0.894427190999916,0,0,0.990416118570014,1,NA,"GO:1902850",57,"FALSE",-0.440719374035461,0.727937429671145,0.328529844845214
"548","control","9","microtubule depolymerization",0.111111111111111,0.172132593164774,0.666666666666667,0.111111111111111,0.172132593164774,1.54919333848297,0,0,0.998464540842163,1,NA,"GO:0007019",163,"FALSE",0.222128736789657,-0.111017625678546,0.328529844845214
"549","control","9","microtubule organizing center localization",0.111111111111111,0.172132593164774,0.666666666666667,0.111111111111111,0.172132593164774,1.54919333848297,0,0,0.998233259906373,1,NA,"GO:0061842",163,"FALSE",0.215580621719831,-0.10446951060872,0.328529844845214
"550","control","9","microtubule polymerization",0,0,0,0,0,NA,0,0,1,1,NA,"GO:0046785",747,"FALSE",-0.144803667262604,0.144803667262604,0.328529844845214
"551","control","9","miRNA processing",0,0,0,0,0,NA,0,0,1,1,NA,"GO:0035196",747,"FALSE",0.17962962962963,-0.17962962962963,0.328529844845214
"552","control","9","mitochondrial calcium ion homeostasis",0.0555555555555556,0.136082763487954,0.333333333333333,0.0555555555555556,0.136082763487954,2.44948974278318,0,0,0.999958887600261,1,NA,"GO:0051560",306,"FALSE",0.0925925925925926,-0.037037037037037,0.328529844845214
"553","control","9","mitochondrial calcium ion transmembrane transport",0,0,0,0,0,NA,0,0,1,1,NA,"GO:0006851",747,"FALSE",0.109259259259259,-0.109259259259259,0.328529844845214
"554","control","9","mitochondrial gene expression",0.222222222222222,0.272165526975909,1.33333333333333,0.222222222222222,0.272165526975909,1.22474487139159,0,0,0.999848160064218,1,NA,"GO:0140053",81,"FALSE",-0.506597477088613,0.728819699310835,0.328529844845214
"555","control","9","mitochondrial genome maintenance",0.0555555555555556,0.136082763487954,0.333333333333333,0.0555555555555556,0.136082763487954,2.44948974278318,0,0,0.999815342635156,1,NA,"GO:0000002",306,"FALSE",0.0555555555555556,0,0.328529844845214
"556","control","9","mitochondrial membrane organization",0.0555555555555556,0.136082763487954,0.333333333333333,0.0555555555555556,0.136082763487954,2.44948974278318,0,0,0.999999541401265,1,NA,"GO:0007006",306,"FALSE",-0.282410383540649,0.337965939096205,0.328529844845214
"557","control","9","mitochondrial outer membrane permeabilization",0.0555555555555556,0.136082763487954,0.333333333333333,0.0555555555555556,0.136082763487954,2.44948974278318,0,0,0.999939957588187,1,NA,"GO:0097345",306,"FALSE",0.179086607156212,-0.123531051600656,0.328529844845214
"558","control","9","mitochondrial respiratory chain complex assembly",0.0555555555555556,0.136082763487954,0.333333333333333,0.0555555555555556,0.136082763487954,2.44948974278318,0,0,0.99999994307845,1,NA,"GO:0033108",306,"FALSE",-0.442668968209707,0.498224523765262,0.328529844845214
"559","control","9","mitochondrial transmembrane transport",0.111111111111111,0.172132593164774,0.666666666666667,0.111111111111111,0.172132593164774,1.54919333848297,0,0,0.9999732668152,1,NA,"GO:1990542",163,"FALSE",-0.259894173229675,0.371005284340786,0.328529844845214
"560","control","9","mitochondrial transport",0.277777777777778,0.250924217569694,1.66666666666667,0.277777777777778,0.250924217569694,0.903327183250897,0,0,0.999907797535564,1,NA,"GO:0006839",61,"FALSE",-0.430554851291759,0.708332629069537,0.328529844845214
"561","control","9","mitochondrion distribution",0,0,0,0,0,NA,0,0,1,1,NA,"GO:0048311",747,"FALSE",0.0185185185185185,-0.0185185185185185,0.328529844845214
"562","control","9","mitochondrion localization",0.0555555555555556,0.136082763487954,0.333333333333333,0.0555555555555556,0.136082763487954,2.44948974278318,0,0,0.999988779559914,1,NA,"GO:0051646",306,"FALSE",0.182790310859916,-0.12723475530436,0.328529844845214
"563","control","9","mitochondrion morphogenesis",0,0,0,0,0,NA,0,0,1,1,NA,"GO:0070584",747,"FALSE",0.142049570119175,-0.142049570119175,0.328529844845214
"564","control","9","mitotic cytokinesis",0,0,0,0,0,NA,0,0,1,1,NA,"GO:0000281",747,"FALSE",-0.537144444413919,0.537144444413919,0.328529844845214
"565","control","9","monosaccharide biosynthetic process",0.0880534722622867,0.215686077122914,0.666666666666667,0.111111111111111,0.272165526975909,2.44948974278318,0,0,0.998554587461833,1,NA,"GO:0046364",220,"FALSE",-0.221707043637439,0.309760515899726,0.328529844845214
"566","control","9","monosaccharide metabolic process",0.333333333333333,0.298142396999972,2,0.333333333333333,0.298142396999972,0.894427190999916,0,0,0.999510837455657,1,NA,"GO:0005996",47,"FALSE",-0.694947735157524,1.02828106849086,0.328529844845214
"567","control","9","morphogenesis of an epithelial sheet",0.0555555555555556,0.136082763487954,0.333333333333333,0.0555555555555556,0.136082763487954,2.44948974278318,0,0,0.9999962601903,1,NA,"GO:0002011",306,"FALSE",0.169813425952635,-0.11425787039708,0.328529844845214
"568","control","9","movement in host",0.166666666666667,0.182574185835055,1,0.166666666666667,0.182574185835055,1.09544511501033,0,0,0.999959013934238,1,NA,"GO:0044000",112,"FALSE",-0.229642939156479,0.396309605823146,0.328529844845214
"569","control","9","mRNA export from nucleus",0.111111111111111,0.172132593164774,0.666666666666667,0.111111111111111,0.172132593164774,1.54919333848297,0,0,0.999822414735873,1,NA,"GO:0006406",163,"FALSE",0.0692592625915116,0.0418518485195995,0.328529844845214
"570","control","9","multicellular organism growth",0.166666666666667,0.278886675511358,1,0.166666666666667,0.278886675511358,1.67332005306815,0,0,0.99890581073803,1,NA,"GO:0035264",112,"FALSE",-0.449352741359572,0.616019408026239,0.328529844845214
"571","control","9","myeloid cell homeostasis",0.166666666666667,0.182574185835055,1,0.166666666666667,0.182574185835055,1.09544511501033,0,0,0.999996249959605,1,NA,"GO:0002262",112,"FALSE",-0.443940830223152,0.610607496889819,0.328529844845214
"572","control","9","NADP metabolic process",0.0555555555555556,0.136082763487954,0.333333333333333,0.0555555555555556,0.136082763487954,2.44948974278318,0,0,0.999995436617263,1,NA,"GO:0006739",306,"FALSE",0.279576722908972,-0.224021167353416,0.328529844845214
"573","control","9","NADPH regeneration",0,0,0,0,0,NA,0,0,1,1,NA,"GO:0006740",747,"FALSE",0.101322751322751,-0.101322751322751,0.328529844845214
"574","control","9","ncRNA processing",-0.601670833253205,0.233630358710313,2.66666666666667,0.444444444444444,0.272165526975909,0.612372435695795,6,1,0.987632232221737,1,NA,"GO:0034470",21,"FALSE",-0.578465237276704,-0.0232055959765007,0.328529844845214
"575","control","9","negative regulation of catabolic process",-0.0230576388488247,0.498273046021546,2.33333333333333,0.388888888888889,0.490653381462658,1.26168012376112,2.16666666666667,0.361111111111111,0.999746793292332,1,NA,"GO:0009895",451,"FALSE",-0.340640425146311,0.317582786297487,0.328529844845214
"576","control","9","negative regulation of cell projection organization",0.111111111111111,0.172132593164774,0.666666666666667,0.111111111111111,0.172132593164774,1.54919333848297,0,0,0.999999513062821,1,NA,"GO:0031345",163,"FALSE",-0.334702632295737,0.445813743406848,0.328529844845214
"577","control","9","negative regulation of defense response to virus",0.111111111111111,0.172132593164774,0.666666666666667,0.111111111111111,0.172132593164774,1.54919333848297,0,0,0.995851472553688,1,NA,"GO:0050687",163,"FALSE",0.273492066824316,-0.162380955713205,0.328529844845214
"578","control","9","negative regulation of growth",0.333333333333333,0.298142396999972,2,0.333333333333333,0.298142396999972,0.894427190999916,0,0,0.999333367900702,1,NA,"GO:0045926",47,"FALSE",-0.552658762385647,0.88599209571898,0.328529844845214
"579","control","9","negative regulation of GTPase activity",0.0555555555555556,0.136082763487954,0.333333333333333,0.0555555555555556,0.136082763487954,2.44948974278318,0,0,0.999976689447699,1,NA,"GO:0034260",306,"FALSE",0.133068783068783,-0.0775132275132275,0.328529844845214
"580","control","9","negative regulation of mitotic nuclear division",0,0,0,0,0,NA,0,0,1,1,NA,"GO:0045839",747,"FALSE",0.164814814814815,-0.164814814814815,0.328529844845214
"581","control","9","negative regulation of phosphorus metabolic process",-0.666666666666667,0.210818510677892,2,0.333333333333333,0.210818510677892,0.632455532033676,6,1,0.997429163615228,1,NA,"GO:0010563",20,"FALSE",-0.785359686934916,0.118693020268249,0.328529844845214
"582","control","9","negative regulation of protein phosphorylation",-0.111111111111111,0.403686713879666,1.66666666666667,0.277777777777778,0.250924217569694,0.903327183250897,2.33333333333333,0.388888888888889,0.999998076845002,1,NA,"GO:0001933",163,"FALSE",-0.673015771303807,0.561904660192696,0.328529844845214
"583","control","9","negative regulation of transferase activity",0.222222222222222,0.172132593164774,2,0.333333333333333,0.365148371670111,1.09544511501033,0.333333333333333,0.0555555555555556,0.992453370466472,1,NA,"GO:0051348",81,"FALSE",-0.466214516536719,0.688436738758941,0.328529844845214
"584","control","9","neural tube development",0.365831250040064,0.07960331363496,2.33333333333333,0.388888888888889,0.136082763487954,0.349927106111883,0,0,0.992382570108724,1,NA,"GO:0021915",42,"FALSE",-0.464089196468445,0.829920446508509,0.328529844845214
"585","control","9","neuron apoptotic process",0.111111111111111,0.172132593164774,0.666666666666667,0.111111111111111,0.172132593164774,1.54919333848297,0,0,0.999999995897867,1,NA,"GO:0051402",163,"FALSE",-0.493837814499709,0.60494892561082,0.328529844845214
"586","control","9","neuron death",-0.277777777777778,0.680413817439772,1.33333333333333,0.222222222222222,0.272165526975909,1.22474487139159,3,0.5,0.998263110385435,1,NA,"GO:0070997",61,"FALSE",-0.394334211597526,0.116556433819748,0.328529844845214
"587","control","9","neuron projection organization",0.0555555555555556,0.136082763487954,0.333333333333333,0.0555555555555556,0.136082763487954,2.44948974278318,0,0,0.999998760975001,1,NA,"GO:0106027",306,"FALSE",-0.17686874992941,0.232424305484966,0.328529844845214
"588","control","9","neurotrophin signaling pathway",0,0,0,0,0,NA,0,0,1,1,NA,"GO:0038179",747,"FALSE",0.180673908743514,-0.180673908743514,0.328529844845214
"589","control","9","non-membrane-bounded organelle assembly",-0.666666666666667,0.298142396999972,1,0.166666666666667,0.182574185835055,1.09544511501033,5,0.833333333333333,0.996603939252184,1,NA,"GO:0140694",20,"FALSE",-0.431333604469456,-0.23533306219721,0.328529844845214
"590","control","9","nonribosomal peptide biosynthetic process",0,0,0,0,0,NA,0,0,1,1,NA,"GO:0019184",747,"FALSE",0.0616012268638712,-0.0616012268638712,0.328529844845214
"591","control","9","nuclear chromosome segregation",-0.15722638880876,0.710454269363006,2.66666666666667,0.444444444444444,0.583730023847275,1.31339255365637,3.33333333333333,0.555555555555556,0.98337264539391,1,NA,"GO:0098813",122,"FALSE",-0.521600359463236,0.364373970654477,0.328529844845214
"592","control","9","nuclear envelope organization",0,0,0,0,0,NA,0,0,1,1,NA,"GO:0006998",747,"FALSE",0.025368981508191,-0.025368981508191,0.328529844845214
"593","control","9","nuclear transport",0.0419381945646373,0.469788782916309,4,0.666666666666667,0.210818510677892,0.316227766016838,3.33333333333333,0.555555555555556,0.999523624744643,1,NA,"GO:0051169",347,"FALSE",-0.667221897339865,0.709160091904502,0.328529844845214
"594","control","9","nuclear-transcribed mRNA catabolic process",0.277777777777778,0.389681731483337,1.66666666666667,0.277777777777778,0.389681731483337,1.40285423334001,0,0,0.976903616562424,1,NA,"GO:0000956",61,"FALSE",-0.267689851126183,0.545467628903961,0.328529844845214
"595","control","9","nucleic acid transport",0.222222222222222,0.272165526975909,1.33333333333333,0.222222222222222,0.272165526975909,1.22474487139159,0,0,0.999811356994927,1,NA,"GO:0050657",81,"FALSE",-0.438788348848622,0.661010571070844,0.328529844845214
"596","control","9","nucleocytoplasmic transport",-0.222222222222222,0.688530372659096,1.66666666666667,0.277777777777778,0.327730693416725,1.17983049630021,3,0.5,0.99814708238562,1,NA,"GO:0006913",81,"FALSE",-0.603083662517771,0.380861440295549,0.328529844845214
"597","control","9","nucleotide catabolic process",0.222222222222222,0.172132593164774,1.33333333333333,0.222222222222222,0.172132593164774,0.774596669241483,0,0,0.995681257775391,1,NA,"GO:0009166",81,"FALSE",-0.241655720855591,0.463877943077813,0.328529844845214
"598","control","9","nucleus organization",0,0,0,0,0,NA,0,0,1,1,NA,"GO:0006997",747,"FALSE",-0.422028485461564,0.422028485461564,0.328529844845214
"599","control","9","oligosaccharide-lipid intermediate biosynthetic process",0.0555555555555556,0.136082763487954,0.333333333333333,0.0555555555555556,0.136082763487954,2.44948974278318,0,0,0.999901334799968,1,NA,"GO:0006490",306,"FALSE",0.162419940489545,-0.10686438493399,0.328529844845214
"600","control","9","one-carbon metabolic process",0.0555555555555556,0.136082763487954,0.333333333333333,0.0555555555555556,0.136082763487954,2.44948974278318,0,0,0.999768598785206,1,NA,"GO:0006730",306,"FALSE",0.127777777777778,-0.0722222222222222,0.328529844845214
"601","control","9","organelle fission",-0.490559722142094,0.52437660545411,3.33333333333333,0.555555555555556,0.620632890834175,1.11713920350152,6,1,0.996321761329201,1,NA,"GO:0048285",27,"FALSE",-0.7556374856239,0.265077763481807,0.328529844845214
"602","control","9","organelle fusion",0.111111111111111,0.172132593164774,0.666666666666667,0.111111111111111,0.172132593164774,1.54919333848297,0,0,0.99999910288572,1,NA,"GO:0048284",163,"FALSE",-0.417628122992339,0.52873923410345,0.328529844845214
"603","control","9","organelle inheritance",0,0,0,0,0,NA,0,0,1,1,NA,"GO:0048308",747,"FALSE",0.147883597883598,-0.147883597883598,0.328529844845214
"604","control","9","organelle localization by membrane tethering",0.0555555555555556,0.136082763487954,0.333333333333333,0.0555555555555556,0.136082763487954,2.44948974278318,0,0,0.999993512509082,1,NA,"GO:0140056",306,"FALSE",-0.14234196427236,0.197897519827915,0.328529844845214
"605","control","9","organophosphate catabolic process",0.222222222222222,0.272165526975909,1.33333333333333,0.222222222222222,0.272165526975909,1.22474487139159,0,0,0.998894615712022,1,NA,"GO:0046434",81,"FALSE",-0.328665710971777,0.550887933193999,0.328529844845214
"606","control","9","organophosphate ester transport",0.0555555555555556,0.136082763487954,0.333333333333333,0.0555555555555556,0.136082763487954,2.44948974278318,0,0,0.99999996068535,1,NA,"GO:0015748",306,"FALSE",-0.546087433809015,0.601642989364571,0.328529844845214
"607","control","9","ossification",-0.300835416626602,0.695939428138556,3,0.5,0.586893895388634,1.17378779077727,4.66666666666667,0.777777777777778,0.995600706883051,1,NA,"GO:0001503",54,"FALSE",-0.64559829443093,0.344762877804328,0.328529844845214
"608","control","9","osteoblast differentiation",0.254720138928953,0.211263883077753,1.66666666666667,0.277777777777778,0.250924217569694,0.903327183250897,0,0,0.999389380361063,1,NA,"GO:0001649",66,"FALSE",-0.5370837194403,0.791803858369253,0.328529844845214
"609","control","9","oxidative phosphorylation",0.166666666666667,0.182574185835055,1,0.166666666666667,0.182574185835055,1.09544511501033,0,0,0.999993049334652,1,NA,"GO:0006119",112,"FALSE",-0.236088664271325,0.402755330937991,0.328529844845214
"610","control","9","pentose-phosphate shunt",0,0,0,0,0,NA,0,0,1,1,NA,"GO:0006098",747,"FALSE",0.162419940489545,-0.162419940489545,0.328529844845214
"611","control","9","peptidyl-lysine modification",-0.411946527737714,0.5165797620071,2.66666666666667,0.444444444444444,0.403686713879666,0.908295106229247,5,0.833333333333333,0.998940713947815,1,NA,"GO:0018205",34,"FALSE",-0.63489984267791,0.222953314940196,0.328529844845214
"612","control","9","pericardium development",0,0,0,0,0,NA,0,0,1,1,NA,"GO:0060039",747,"FALSE",0.0793650793650794,-0.0793650793650794,0.328529844845214
"613","control","9","peroxisome organization",0,0,0,0,0,NA,0,0,1,1,NA,"GO:0007031",747,"FALSE",0.155277083346688,-0.155277083346688,0.328529844845214
"614","control","9","phospholipid biosynthetic process",0.310275694484509,0.379572764928354,2.33333333333333,0.388888888888889,0.389681731483337,1.00203873810001,0.333333333333333,0.0555555555555556,0.998785889889681,1,NA,"GO:0008654",49,"FALSE",-0.466309562700945,0.776585257185454,0.328529844845214
"615","control","9","pigment accumulation",0,0,0,0,0,NA,0,0,1,1,NA,"GO:0043476",747,"FALSE",0.037037037037037,-0.037037037037037,0.328529844845214
"616","control","9","pigmentation",0.166666666666667,0.182574185835055,1,0.166666666666667,0.182574185835055,1.09544511501033,0,0,0.999804924297313,1,NA,"GO:0043473",112,"FALSE",-0.261125033055428,0.427791699722095,0.328529844845214
"617","control","9","pinocytosis",0,0,0,0,0,NA,0,0,1,1,NA,"GO:0006907",747,"FALSE",0.142049570119175,-0.142049570119175,0.328529844845214
"618","control","9","placenta development",0.0555555555555556,0.136082763487954,0.333333333333333,0.0555555555555556,0.136082763487954,2.44948974278318,0,0,0.9999999948248,1,NA,"GO:0001890",306,"FALSE",-0.608057056951186,0.663612612506741,0.328529844845214
"619","control","9","plasma membrane tubulation",0.0555555555555556,0.136082763487954,0.333333333333333,0.0555555555555556,0.136082763487954,2.44948974278318,0,0,0.99889496756109,1,NA,"GO:0097320",306,"FALSE",0.184377612447217,-0.128822056891662,0.328529844845214
"620","control","9","platelet-derived growth factor receptor signaling pathway",0,0,0,0,0,NA,0,0,1,1,NA,"GO:0048008",747,"FALSE",0.101995072795203,-0.101995072795203,0.328529844845214
"621","control","9","polyamine biosynthetic process",0,0,0,0,0,NA,0,0,1,1,NA,"GO:0006596",747,"FALSE",0.0775132275132275,-0.0775132275132275,0.328529844845214
"622","control","9","polyamine metabolic process",0,0,0,0,0,NA,0,0,1,1,NA,"GO:0006595",747,"FALSE",0.112698412698413,-0.112698412698413,0.328529844845214
"623","control","9","polyol metabolic process",0.277777777777778,0.250924217569694,1.66666666666667,0.277777777777778,0.250924217569694,0.903327183250897,0,0,0.986330490760916,1,NA,"GO:0019751",61,"FALSE",-0.535345499282725,0.813123277060503,0.328529844845214
"624","control","9","positive regulation by host of viral process",0.0555555555555556,0.136082763487954,0.333333333333333,0.0555555555555556,0.136082763487954,2.44948974278318,0,0,0.999627639163962,1,NA,"GO:0044794",306,"FALSE",0.14973544973545,-0.0941798941798942,0.328529844845214
"625","control","9","positive regulation of amide metabolic process",0.254720138928953,0.339227366382666,1.66666666666667,0.277777777777778,0.389681731483337,1.40285423334001,0,0,0.993155198794108,1,NA,"GO:0034250",66,"FALSE",-0.287681478696177,0.54240161762513,0.328529844845214
"626","control","9","positive regulation of axonogenesis",0.222222222222222,0.172132593164774,1.33333333333333,0.222222222222222,0.172132593164774,0.774596669241483,0,0,0.997232771913699,1,NA,"GO:0050772",81,"FALSE",-0.0883737103041055,0.310595932526328,0.328529844845214
"627","control","9","positive regulation of cell projection organization",-0.388888888888889,0.680413817439772,0.666666666666667,0.111111111111111,0.172132593164774,1.54919333848297,3,0.5,0.996444726938673,1,NA,"GO:0031346",38,"FALSE",-0.672726252720781,0.283837363831892,0.328529844845214
"628","control","9","positive regulation of cellular component biogenesis",-0.523057638848825,0.312638743375369,3,0.5,0.34960294939005,0.699205898780101,6,1,0.998772523961215,1,NA,"GO:0044089",26,"FALSE",-0.802895602406246,0.279837963557421,0.328529844845214
"629","control","9","positive regulation of epithelial to mesenchymal transition",0.111111111111111,0.172132593164774,0.666666666666667,0.111111111111111,0.172132593164774,1.54919333848297,0,0,0.998815212462703,1,NA,"GO:0010718",163,"FALSE",0.117195767195767,-0.00608465608465608,0.328529844845214
"630","control","9","positive regulation of establishment of protein localization",-0.0555555555555556,0.534027326253241,1.66666666666667,0.277777777777778,0.250924217569694,0.903327183250897,2,0.333333333333333,0.999942549800958,1,NA,"GO:1904951",306,"FALSE",-0.524796617749257,0.469241062193701,0.328529844845214
"631","control","9","positive regulation of GTPase activity",0.254720138928953,0.211263883077753,1.66666666666667,0.277777777777778,0.250924217569694,0.903327183250897,0,0,0.999560860870906,1,NA,"GO:0043547",66,"FALSE",-0.581126666978024,0.835846805906977,0.328529844845214
"632","control","9","positive regulation of kinase activity",-0.277777777777778,0.574133808122836,2.66666666666667,0.444444444444444,0.403686713879666,0.908295106229247,4.33333333333333,0.722222222222222,0.999400540423457,1,NA,"GO:0033674",61,"FALSE",-0.583857902506957,0.306080124729179,0.328529844845214
"633","control","9","positive regulation of microtubule polymerization",0,0,0,0,0,NA,0,0,1,1,NA,"GO:0031116",747,"FALSE",0.229100529100529,-0.229100529100529,0.328529844845214
"634","control","9","positive regulation of nervous system development",0.166666666666667,0.182574185835055,1,0.166666666666667,0.182574185835055,1.09544511501033,0,0,0.999999875003225,1,NA,"GO:0051962",112,"FALSE",-0.646437362540994,0.813104029207661,0.328529844845214
"635","control","9","positive regulation of neurogenesis",0.166666666666667,0.278886675511358,1,0.166666666666667,0.278886675511358,1.67332005306815,0,0,0.999951035919482,1,NA,"GO:0050769",112,"FALSE",-0.542133779058379,0.708800445725046,0.328529844845214
"636","control","9","positive regulation of neuron migration",0,0,0,0,0,NA,0,0,1,1,NA,"GO:2001224",747,"FALSE",0.0537037037037037,-0.0537037037037037,0.328529844845214
"637","control","9","positive regulation of protein localization",-0.57861319440438,0.254885454555044,2.66666666666667,0.444444444444444,0.272165526975909,0.612372435695795,6,1,0.997678804829959,1,NA,"GO:1903829",22,"FALSE",-0.812034507077005,0.233421312672625,0.328529844845214
"638","control","9","positive regulation of stem cell population maintenance",0.0555555555555556,0.136082763487954,0.333333333333333,0.0555555555555556,0.136082763487954,2.44948974278318,0,0,0.99999482039473,1,NA,"GO:1902459",306,"FALSE",0.249520634981685,-0.19396507942613,0.328529844845214
"639","control","9","positive regulation of viral process",0.111111111111111,0.172132593164774,0.666666666666667,0.111111111111111,0.172132593164774,1.54919333848297,0,0,0.99946873925909,1,NA,"GO:0048524",163,"FALSE",0.134033498694419,-0.0229223875833081,0.328529844845214
"640","control","9","postsynapse organization",0.166666666666667,0.182574185835055,1,0.166666666666667,0.182574185835055,1.09544511501033,0,0,0.999981875032998,1,NA,"GO:0099173",112,"FALSE",-0.291893631013813,0.45856029768048,0.328529844845214
"641","control","9","proteasome-mediated ubiquitin-dependent protein catabolic process",-0.523057638848825,0.312638743375369,3,0.5,0.34960294939005,0.699205898780101,6,1,0.998164597527531,1,NA,"GO:0043161",26,"FALSE",-0.57730909811347,0.054251459264645,0.328529844845214
"642","control","9","protein autophosphorylation",0.166666666666667,0.182574185835055,1,0.166666666666667,0.182574185835055,1.09544511501033,0,0,0.999999347651998,1,NA,"GO:0046777",112,"FALSE",-0.348018882471638,0.514685549138305,0.328529844845214
"643","control","9","protein folding",0.222222222222222,0.272165526975909,1.33333333333333,0.222222222222222,0.272165526975909,1.22474487139159,0,0,0.999940837403379,1,NA,"GO:0006457",81,"FALSE",-0.393639193441088,0.61586141566331,0.328529844845214
"644","control","9","protein glycosylation",0.231662500080129,0.425581400017195,1.66666666666667,0.277777777777778,0.534027326253241,1.92249837451167,0,0,0.972071765838658,1,NA,"GO:0006486",74,"FALSE",-0.237229213184652,0.468891713264781,0.328529844845214
"645","control","9","protein lipidation",0,0,0,0,0,NA,0,0,1,1,NA,"GO:0006497",747,"FALSE",-0.367331018461284,0.367331018461284,0.328529844845214
"646","control","9","protein localization to nucleus",-0.134168749959936,0.472117297977043,1.33333333333333,0.222222222222222,0.344265186329548,1.54919333848297,2,0.333333333333333,0.999819755384238,1,NA,"GO:0034504",137,"FALSE",-0.669160042370606,0.53499129241067,0.328529844845214
"647","control","9","protein neddylation",0,0,0,0,0,NA,0,0,1,1,NA,"GO:0045116",747,"FALSE",0.178543584682794,-0.178543584682794,0.328529844845214
"648","control","9","protein polyubiquitination",0.564995833413462,0.263572317904183,4,0.666666666666667,0.298142396999972,0.447213595499958,0.333333333333333,0.0555555555555556,0.917005091293614,1,NA,"GO:0000209",22,"FALSE",-0.636097145515036,1.2010929789285,0.328529844845214
"649","control","9","protein targeting",-0.277777777777778,0.490653381462658,1.66666666666667,0.277777777777778,0.327730693416725,1.17983049630021,3.33333333333333,0.555555555555556,0.998974288158074,1,NA,"GO:0006605",61,"FALSE",-0.850747470652297,0.572969692874519,0.328529844845214
"650","control","9","protein transport to vacuole involved in ubiquitin-dependent protein catabolic process via the multivesicular body sorting pathway",0,0,0,0,0,NA,0,0,1,1,NA,"GO:0043328",747,"FALSE",0.0883458664154712,-0.0883458664154712,0.328529844845214
"651","control","9","protein-containing complex localization",0.42138680559562,0.301603926216348,2.66666666666667,0.444444444444444,0.344265186329548,0.774596669241483,0,0,0.980366738614686,1,NA,"GO:0031503",33,"FALSE",-0.55506676168745,0.97645356728307,0.328529844845214
"652","control","9","protein-DNA complex subunit organization",0.111111111111111,0.172132593164774,0.666666666666667,0.111111111111111,0.172132593164774,1.54919333848297,0,0,0.999999992056116,1,NA,"GO:0071824",163,"FALSE",-0.425448968472223,0.536560079583335,0.328529844845214
"653","control","9","proton motive force-driven ATP synthesis",0.166666666666667,0.182574185835055,1,0.166666666666667,0.182574185835055,1.09544511501033,0,0,0.999665969766992,1,NA,"GO:0015986",112,"FALSE",-0.218138591199252,0.384805257865918,0.328529844845214
"654","control","9","proton transmembrane transport",0.333333333333333,0.421637021355784,2,0.333333333333333,0.421637021355784,1.26491106406735,0,0,0.963473814775403,1,NA,"GO:1902600",47,"FALSE",-0.318967104564562,0.652300437897895,0.328529844845214
"655","control","9","pteridine-containing compound metabolic process",0.0555555555555556,0.136082763487954,0.333333333333333,0.0555555555555556,0.136082763487954,2.44948974278318,0,0,0.999888087468201,1,NA,"GO:0042558",306,"FALSE",0.168253968253968,-0.112698412698413,0.328529844845214
"656","control","9","quinone biosynthetic process",0,0,0,0,0,NA,0,0,1,1,NA,"GO:1901663",747,"FALSE",0.0555555555555556,-0.0555555555555556,0.328529844845214
"657","control","9","receptor metabolic process",0.0555555555555556,0.136082763487954,0.333333333333333,0.0555555555555556,0.136082763487954,2.44948974278318,0,0,0.999995436617263,1,NA,"GO:0043112",306,"FALSE",0.00306719579772096,0.0524883597578346,0.328529844845214
"658","control","9","regulation of actin filament organization",0.365831250040064,0.225346692867036,2.33333333333333,0.388888888888889,0.250924217569694,0.645233702322069,0,0,0.998887864257421,1,NA,"GO:0110053",42,"FALSE",-0.642583276982904,1.00841452702297,0.328529844845214
"659","control","9","regulation of actin filament-based process",-0.166666666666667,0.404263040219613,2,0.333333333333333,0.365148371670111,1.09544511501033,2.83333333333333,0.472222222222222,0.999985199240732,1,NA,"GO:0032970",112,"FALSE",-0.750399839949792,0.583733173283125,0.328529844845214
"660","control","9","regulation of anatomical structure size",-0.388888888888889,0.327730693416725,4,0.666666666666667,0.365148371670111,0.547722557505166,6,1,0.998504213002584,1,NA,"GO:0090066",38,"FALSE",-0.537116745516049,0.14822785662716,0.328529844845214
"661","control","9","regulation of apoptotic signaling pathway",-0.5,0.459468291736341,2,0.333333333333333,0.298142396999972,0.894427190999916,5,0.833333333333333,0.999247669778653,1,NA,"GO:2001233",26,"FALSE",-0.745277878818547,0.245277878818547,0.328529844845214
"662","control","9","regulation of ATP metabolic process",0.231662500080129,0.263572317904183,1.66666666666667,0.277777777777778,0.327730693416725,1.17983049630021,0,0,0.881736465783778,1,NA,"GO:1903578",74,"FALSE",0.0491534424856915,0.182509057594437,0.328529844845214
"663","control","9","regulation of ATP-dependent activity",0.0555555555555556,0.136082763487954,0.333333333333333,0.0555555555555556,0.136082763487954,2.44948974278318,0,0,0.999999032885591,1,NA,"GO:0043462",306,"FALSE",-0.0287050859013783,0.0842606414569338,0.328529844845214
"664","control","9","regulation of autophagosome maturation",0.111111111111111,0.172132593164774,0.666666666666667,0.111111111111111,0.172132593164774,1.54919333848297,0,0,0.992003934304874,1,NA,"GO:1901096",163,"FALSE",0.0555555555555556,0.0555555555555556,0.328529844845214
"665","control","9","regulation of autophagy",-0.268337499919871,0.742310080550119,2.33333333333333,0.388888888888889,0.389681731483337,1.00203873810001,3.66666666666667,0.611111111111111,0.980090540690169,1,NA,"GO:0010506",63,"FALSE",-0.676086182919624,0.407748682999753,0.328529844845214
"666","control","9","regulation of binding",-0.388888888888889,0.574133808122836,1,0.166666666666667,0.182574185835055,1.09544511501033,3.33333333333333,0.555555555555556,0.997144652181101,1,NA,"GO:0051098",38,"FALSE",-0.648702933931442,0.259814045042554,0.328529844845214
"667","control","9","regulation of carbohydrate metabolic process",0,0,0,0,0,NA,0,0,1,1,NA,"GO:0006109",747,"FALSE",-0.353133040223825,0.353133040223825,0.328529844845214
"668","control","9","regulation of cell cycle phase transition",-0.411946527737714,0.251154413403687,3.66666666666667,0.611111111111111,0.250924217569694,0.410603265114044,6,1,0.999461328929911,1,NA,"GO:1901987",34,"FALSE",-0.63261982614443,0.220673298406717,0.328529844845214
"669","control","9","regulation of cell division",0.166666666666667,0.182574185835055,1,0.166666666666667,0.182574185835055,1.09544511501033,0,0,0.999990645970616,1,NA,"GO:0051302",112,"FALSE",-0.410109801612485,0.576776468279152,0.328529844845214
"670","control","9","regulation of cell growth",-0.411946527737714,0.211263883077752,3,0.5,0.278886675511359,0.557773351022717,5.33333333333333,0.888888888888889,0.999349665793791,1,NA,"GO:0001558",34,"FALSE",-0.674861571235022,0.262915043497309,0.328529844845214
"671","control","9","regulation of cell morphogenesis",0.333333333333333,0.298142396999972,2,0.333333333333333,0.298142396999972,0.894427190999916,0,0,0.999888326299909,1,NA,"GO:0022604",47,"FALSE",-0.489253536532969,0.822586869866302,0.328529844845214
"672","control","9","regulation of cell-substrate adhesion",0,0,0,0,0,NA,0,0,1,1,NA,"GO:0010810",747,"FALSE",-0.609239994745156,0.609239994745156,0.328529844845214
"673","control","9","regulation of cell-substrate junction assembly",0.0555555555555556,0.136082763487954,0.333333333333333,0.0555555555555556,0.136082763487954,2.44948974278318,0,0,0.999985704794292,1,NA,"GO:0090109",306,"FALSE",0.10305208673236,-0.0474965311768042,0.328529844845214
"674","control","9","regulation of cell-substrate junction organization",0.111111111111111,0.172132593164774,0.666666666666667,0.111111111111111,0.172132593164774,1.54919333848297,0,0,0.999463630615291,1,NA,"GO:0150116",163,"FALSE",0.213874771867941,-0.10276366075683,0.328529844845214
"675","control","9","regulation of cellular component size",0.143609027817842,0.517656777557082,3.33333333333333,0.555555555555556,0.272165526975909,0.489897948556636,2.33333333333333,0.388888888888889,0.988807557096066,1,NA,"GO:0032535",129,"FALSE",-0.703777038278191,0.847386066096033,0.328529844845214
"676","control","9","regulation of chromosome organization",0,0.421637021355784,1.66666666666667,0.277777777777778,0.136082763487954,0.489897948556636,1.66666666666667,0.277777777777778,0.99999677151734,1,NA,"GO:0033044",747,"FALSE",-0.498230475100188,0.498230475100188,0.328529844845214
"677","control","9","regulation of chromosome segregation",0.310275694484509,0.379572764928354,2,0.333333333333333,0.421637021355784,1.26491106406735,0,0,0.929747120906833,1,NA,"GO:0051983",49,"FALSE",-0.380785284298051,0.69106097878256,0.328529844845214
"678","control","9","regulation of circadian rhythm",0.111111111111111,0.172132593164774,0.666666666666667,0.111111111111111,0.172132593164774,1.54919333848297,0,0,0.999974922617187,1,NA,"GO:0042752",163,"FALSE",-0.321761544293664,0.432872655404775,0.328529844845214
"679","control","9","regulation of cysteine-type endopeptidase activity involved in apoptotic process",0.111111111111111,0.172132593164774,0.666666666666667,0.111111111111111,0.172132593164774,1.54919333848297,0,0,0.999999322307326,1,NA,"GO:0043281",163,"FALSE",-0.377212655897633,0.488323767008744,0.328529844845214
"680","control","9","regulation of cytokinesis",0.0555555555555556,0.136082763487954,0.333333333333333,0.0555555555555556,0.136082763487954,2.44948974278318,0,0,0.99999857595795,1,NA,"GO:0032465",306,"FALSE",-0.377855747330459,0.433411302886014,0.328529844845214
"681","control","9","regulation of DNA repair",0.254720138928953,0.211263883077753,1.66666666666667,0.277777777777778,0.250924217569694,0.903327183250897,0,0,0.999626660294821,1,NA,"GO:0006282",66,"FALSE",-0.487533473764496,0.742253612693449,0.328529844845214
"682","control","9","regulation of DNA replication",0.222222222222222,0.172132593164774,1.33333333333333,0.222222222222222,0.172132593164774,0.774596669241483,0,0,0.999968052241876,1,NA,"GO:0006275",81,"FALSE",-0.217965542278439,0.440187764500661,0.328529844845214
"683","control","9","regulation of embryonic development",0.166666666666667,0.278886675511358,1,0.166666666666667,0.278886675511358,1.67332005306815,0,0,0.997878913992145,1,NA,"GO:0045995",112,"FALSE",-0.307107043576389,0.473773710243055,0.328529844845214
"684","control","9","regulation of establishment of cell polarity",0,0,0,0,0,NA,0,0,1,1,NA,"GO:2000114",747,"FALSE",0.134920634920635,-0.134920634920635,0.328529844845214
"685","control","9","regulation of extracellular matrix organization",0.0555555555555556,0.136082763487954,0.333333333333333,0.0555555555555556,0.136082763487954,2.44948974278318,0,0,0.999987690576501,1,NA,"GO:1903053",306,"FALSE",0.272988029127239,-0.217432473571683,0.328529844845214
"686","control","9","regulation of fibroblast migration",0,0,0,0,0,NA,0,0,1,1,NA,"GO:0010762",747,"FALSE",0.203160681230286,-0.203160681230286,0.328529844845214
"687","control","9","regulation of fibroblast proliferation",0.111111111111111,0.272165526975909,0.666666666666667,0.111111111111111,0.272165526975909,2.44948974278318,0,0,0.998157936621181,1,NA,"GO:0048145",163,"FALSE",-0.117609490670151,0.228720601781262,0.328529844845214
"688","control","9","regulation of focal adhesion assembly",0.0555555555555556,0.136082763487954,0.333333333333333,0.0555555555555556,0.136082763487954,2.44948974278318,0,0,0.999968294286609,1,NA,"GO:0051893",306,"FALSE",0.0266805919432362,0.0288749636123194,0.328529844845214
"689","control","9","regulation of G0 to G1 transition",0,0,0,0,0,NA,0,0,1,1,NA,"GO:0070316",747,"FALSE",0.164021164021164,-0.164021164021164,0.328529844845214
"690","control","9","regulation of generation of precursor metabolites and energy",0.111111111111111,0.172132593164774,0.666666666666667,0.111111111111111,0.172132593164774,1.54919333848297,0,0,0.99998545818313,1,NA,"GO:0043467",163,"FALSE",-0.332066269787851,0.443177380898962,0.328529844845214
"691","control","9","regulation of glucose metabolic process",0.111111111111111,0.172132593164774,0.666666666666667,0.111111111111111,0.172132593164774,1.54919333848297,0,0,0.999939751609014,1,NA,"GO:0010906",163,"FALSE",-0.214842658703449,0.32595376981456,0.328529844845214
"692","control","9","regulation of Golgi organization",0,0,0,0,0,NA,0,0,1,1,NA,"GO:1903358",747,"FALSE",0.0775132275132275,-0.0775132275132275,0.328529844845214
"693","control","9","regulation of GTPase activity",0.143609027817842,0.213883887024152,3,0.5,0.408248290463863,0.816496580927726,2,0.333333333333333,0.999999484106215,1,NA,"GO:0043087",129,"FALSE",-0.286549880702703,0.430158908520545,0.328529844845214
"694","control","9","regulation of interferon-beta production",0,0,0,0,0,NA,0,0,1,1,NA,"GO:0032648",747,"FALSE",0.00924533731494212,-0.00924533731494212,0.328529844845214
"695","control","9","regulation of intracellular protein transport",0.365831250040064,0.225346692867036,2.33333333333333,0.388888888888889,0.250924217569694,0.645233702322069,0,0,0.999597263518416,1,NA,"GO:0033157",42,"FALSE",-0.529578688744404,0.895409938784468,0.328529844845214
"696","control","9","regulation of intracellular steroid hormone receptor signaling pathway",0.0555555555555556,0.136082763487954,0.333333333333333,0.0555555555555556,0.136082763487954,2.44948974278318,0,0,0.999996276244651,1,NA,"GO:0033143",306,"FALSE",-0.152516203646469,0.208071759202025,0.328529844845214
"697","control","9","regulation of intracellular transport",-0.333333333333333,0.516397779494322,1,0.166666666666667,0.182574185835055,1.09544511501033,3,0.5,0.999375247583469,1,NA,"GO:0032386",47,"FALSE",-0.505869656625934,0.172536323292601,0.328529844845214
"698","control","9","regulation of ketone biosynthetic process",0.0555555555555556,0.136082763487954,0.333333333333333,0.0555555555555556,0.136082763487954,2.44948974278318,0,0,0.999441819335129,1,NA,"GO:0010566",306,"FALSE",0.133068783068783,-0.0775132275132275,0.328529844845214
"699","control","9","regulation of ligase activity",0,0,0,0,0,NA,0,0,1,1,NA,"GO:0051340",747,"FALSE",0.0793650793650794,-0.0793650793650794,0.328529844845214
"700","control","9","regulation of membrane permeability",0,0,0,0,0,NA,0,0,1,1,NA,"GO:0090559",747,"FALSE",0.113689785091639,-0.113689785091639,0.328529844845214
"701","control","9","regulation of microtubule cytoskeleton organization",0.277777777777778,0.250924217569694,1.66666666666667,0.277777777777778,0.250924217569694,0.903327183250897,0,0,0.999510954198604,1,NA,"GO:0070507",61,"FALSE",-0.267692632182794,0.545470409960572,0.328529844845214
"702","control","9","regulation of microtubule depolymerization",0,0,0,0,0,NA,0,0,1,1,NA,"GO:0031114",747,"FALSE",0.058994708994709,-0.058994708994709,0.328529844845214
"703","control","9","regulation of microtubule-based process",0.277777777777778,0.250924217569694,1.66666666666667,0.277777777777778,0.250924217569694,0.903327183250897,0,0,0.999989344830015,1,NA,"GO:0032886",61,"FALSE",-0.499020716887135,0.776798494664913,0.328529844845214
"704","control","9","regulation of mitochondrial fission",0,0,0,0,0,NA,0,0,1,1,NA,"GO:0090140",747,"FALSE",0.210038988108593,-0.210038988108593,0.328529844845214
"705","control","9","regulation of mitochondrial membrane permeability",0.0555555555555556,0.136082763487954,0.333333333333333,0.0555555555555556,0.136082763487954,2.44948974278318,0,0,0.999992515738939,1,NA,"GO:0046902",306,"FALSE",0.312710757368425,-0.25715520181287,0.328529844845214
"706","control","9","regulation of mitochondrial membrane potential",0,0,0,0,0,NA,0,0,1,1,NA,"GO:0051881",747,"FALSE",0.232407212330777,-0.232407212330777,0.328529844845214
"707","control","9","regulation of ncRNA transcription",0,0,0,0,0,NA,0,0,1,1,NA,"GO:0140747",747,"FALSE",0.096031746031746,-0.096031746031746,0.328529844845214
"708","control","9","regulation of neuron apoptotic process",0.222222222222222,0.272165526975909,1.33333333333333,0.222222222222222,0.272165526975909,1.22474487139159,0,0,0.999986065118981,1,NA,"GO:0043523",81,"FALSE",-0.437700726627481,0.659922948849704,0.328529844845214
"709","control","9","regulation of neuron death",0.333333333333333,0.210818510677892,2.33333333333333,0.388888888888889,0.136082763487954,0.349927106111883,0.333333333333333,0.0555555555555556,0.999940525635337,1,NA,"GO:1901214",47,"FALSE",-0.555789055806942,0.889122389140275,0.328529844845214
"710","control","9","regulation of neuron projection development",-0.634168749959936,0.277091077719032,2,0.333333333333333,0.365148371670111,1.09544511501033,5.66666666666667,0.944444444444444,0.996429061028832,1,NA,"GO:0010975",20,"FALSE",-0.701609160693778,0.0674404107338424,0.328529844845214
"711","control","9","regulation of pinocytosis",0.0555555555555556,0.136082763487954,0.333333333333333,0.0555555555555556,0.136082763487954,2.44948974278318,0,0,0.997942157737472,1,NA,"GO:0048548",306,"FALSE",0.0740740740740741,-0.0185185185185185,0.328529844845214
"712","control","9","regulation of plasma membrane bounded cell projection assembly",0.277777777777778,0.327730693416725,1.66666666666667,0.277777777777778,0.327730693416725,1.17983049630021,0,0,0.999572675239324,1,NA,"GO:0120032",61,"FALSE",-0.49918791591411,0.776965693691888,0.328529844845214
"713","control","9","regulation of protein catabolic process",-0.435004166586538,0.388338812595325,2.33333333333333,0.388888888888889,0.327730693416725,0.842736068785864,4.66666666666667,0.777777777777778,0.993748800091102,1,NA,"GO:0042176",33,"FALSE",-0.651853159641374,0.216848993054836,0.328529844845214
"714","control","9","regulation of protein dephosphorylation",0,0,0,0,0,NA,0,0,1,1,NA,"GO:0035304",747,"FALSE",-0.314035085965481,0.314035085965481,0.328529844845214
"715","control","9","regulation of protein modification by small protein conjugation or removal",0.333333333333333,0.210818510677892,2,0.333333333333333,0.210818510677892,0.632455532033676,0,0,0.99995952416353,1,NA,"GO:1903320",47,"FALSE",-0.483342482038161,0.816675815371494,0.328529844845214
"716","control","9","regulation of protein stability",-0.166666666666667,0.658280588604383,1.33333333333333,0.222222222222222,0.172132593164774,0.774596669241483,2.33333333333333,0.388888888888889,0.998183502159173,1,NA,"GO:0031647",112,"FALSE",-0.579687833575092,0.413021166908425,0.328529844845214
"717","control","9","regulation of protein-containing complex assembly",-0.444444444444444,0.403686713879666,2.66666666666667,0.444444444444444,0.403686713879666,0.908295106229247,5.33333333333333,0.888888888888889,0.999730349678219,1,NA,"GO:0043254",32,"FALSE",-0.426932866004812,-0.017511578439632,0.328529844845214
"718","control","9","regulation of response to DNA damage stimulus",0.0974937501201927,0.299173266182826,4.33333333333333,0.722222222222222,0.574133808122836,0.794954503554696,3.33333333333333,0.555555555555556,0.999999117443845,1,NA,"GO:2001020",193,"FALSE",-0.737474447665216,0.834968197785408,0.328529844845214
"719","control","9","regulation of small molecule metabolic process",-0.0555555555555556,0.534027326253241,1.66666666666667,0.277777777777778,0.389681731483337,1.40285423334001,1.66666666666667,0.277777777777778,0.983253084723801,1,NA,"GO:0062012",306,"FALSE",-0.702208437875779,0.646652882320223,0.328529844845214
"720","control","9","regulation of stem cell differentiation",0.0555555555555556,0.136082763487954,0.333333333333333,0.0555555555555556,0.136082763487954,2.44948974278318,0,0,0.999999750803173,1,NA,"GO:2000736",306,"FALSE",-0.0818518451873472,0.137407400742903,0.328529844845214
"721","control","9","regulation of steroid hormone biosynthetic process",0.0555555555555556,0.136082763487954,0.333333333333333,0.0555555555555556,0.136082763487954,2.44948974278318,0,0,0.999342096916972,1,NA,"GO:0090030",306,"FALSE",0.14973544973545,-0.0941798941798942,0.328529844845214
"722","control","9","regulation of supramolecular fiber organization",-0.245279861071047,0.357571182378048,2,0.333333333333333,0.298142396999972,0.894427190999916,3.33333333333333,0.555555555555556,0.999929597501798,1,NA,"GO:1902903",71,"FALSE",-0.59639499701095,0.351115135939903,0.328529844845214
"723","control","9","regulation of translational fidelity",0,0,0,0,0,NA,0,0,1,1,NA,"GO:0006450",747,"FALSE",0.0793650793650794,-0.0793650793650794,0.328529844845214
"724","control","9","regulation of type I interferon-mediated signaling pathway",0,0,0,0,0,NA,0,0,1,1,NA,"GO:0060338",747,"FALSE",0.22670565477526,-0.22670565477526,0.328529844845214
"725","control","9","regulation of ubiquitin-protein transferase activity",0,0,0,0,0,NA,0,0,1,1,NA,"GO:0051438",747,"FALSE",0.0698412698412698,-0.0698412698412698,0.328529844845214
"726","control","9","regulation of vacuole organization",0.0555555555555556,0.136082763487954,0.333333333333333,0.0555555555555556,0.136082763487954,2.44948974278318,0,0,0.999998682644233,1,NA,"GO:0044088",306,"FALSE",0.180594345255266,-0.12503878969971,0.328529844845214
"727","control","9","release of cytochrome c from mitochondria",0.0555555555555556,0.136082763487954,0.333333333333333,0.0555555555555556,0.136082763487954,2.44948974278318,0,0,0.999991773715279,1,NA,"GO:0001836",306,"FALSE",0.174561408770223,-0.119005853214668,0.328529844845214
"728","control","9","renal system development",0.333333333333333,0.298142396999972,3.33333333333333,0.555555555555556,0.583730023847275,1.0507140429251,1,0.166666666666667,0.99990315340816,1,NA,"GO:0072001",47,"FALSE",-0.47128377120638,0.804617104539713,0.328529844845214
"729","control","9","respiratory system development",0.111111111111111,0.172132593164774,0.666666666666667,0.111111111111111,0.172132593164774,1.54919333848297,0,0,0.99999972902318,1,NA,"GO:0060541",163,"FALSE",-0.622073472488173,0.733184583599284,0.328529844845214
"730","control","9","respiratory tube development",0.222222222222222,0.272165526975909,1.33333333333333,0.222222222222222,0.272165526975909,1.22474487139159,0,0,0.999652121780767,1,NA,"GO:0030323",81,"FALSE",-0.525466451779673,0.747688674001896,0.328529844845214
"731","control","9","response to acid chemical",0.0555555555555556,0.136082763487954,0.333333333333333,0.0555555555555556,0.136082763487954,2.44948974278318,0,0,0.999999850249261,1,NA,"GO:0001101",306,"FALSE",-0.272740181863617,0.328295737419172,0.328529844845214
"732","control","9","response to amino acid",0.222222222222222,0.272165526975909,1.33333333333333,0.222222222222222,0.272165526975909,1.22474487139159,0,0,0.992360705072769,1,NA,"GO:0043200",81,"FALSE",-0.341842793161808,0.56406501538403,0.328529844845214
"733","control","9","response to amino acid starvation",0,0,0,0,0,NA,0,0,1,1,NA,"GO:1990928",747,"FALSE",0.169813425952635,-0.169813425952635,0.328529844845214
"734","control","9","response to arsenic-containing substance",0,0,0,0,0,NA,0,0,1,1,NA,"GO:0046685",747,"FALSE",0.105026455026455,-0.105026455026455,0.328529844845214
"735","control","9","response to endoplasmic reticulum stress",-0.0230576388488247,0.056479449852995,0.666666666666667,0.111111111111111,0.272165526975909,2.44948974278318,0.666666666666667,0.111111111111111,0.999999998465337,1,NA,"GO:0034976",451,"FALSE",-0.419806333238626,0.396748694389801,0.328529844845214
"736","control","9","response to fluid shear stress",0.0555555555555556,0.136082763487954,0.333333333333333,0.0555555555555556,0.136082763487954,2.44948974278318,0,0,0.999970883695437,1,NA,"GO:0034405",306,"FALSE",0.207843022503943,-0.152287466948387,0.328529844845214
"737","control","9","response to insulin",0.42138680559562,0.301603926216348,2.66666666666667,0.444444444444444,0.344265186329548,0.774596669241483,0,0,0.990374296945665,1,NA,"GO:0032868",33,"FALSE",-0.427436609857457,0.848823415453077,0.328529844845214
"738","control","9","response to ionizing radiation",0.277777777777778,0.327730693416725,1.66666666666667,0.277777777777778,0.327730693416725,1.17983049630021,0,0,0.998844090999186,1,NA,"GO:0010212",61,"FALSE",-0.423912196053223,0.701689973831001,0.328529844845214
"739","control","9","response to oxidative stress",-0.5,0.459468291736341,3,0.5,0.505525029603437,1.01105005920687,5.66666666666667,0.944444444444444,0.996485680380601,1,NA,"GO:0006979",26,"FALSE",-0.592262019643342,0.092262019643342,0.328529844845214
"740","control","9","response to oxygen levels",-0.111111111111111,0.544331053951817,1.33333333333333,0.222222222222222,0.403686713879666,1.81659021245849,1.66666666666667,0.277777777777778,0.979934802713802,1,NA,"GO:0070482",163,"FALSE",-0.646233891202569,0.535122780091458,0.328529844845214
"741","control","9","response to reactive oxygen species",0.199164583373398,0.350873147116619,1.33333333333333,0.222222222222222,0.403686713879666,1.81659021245849,0,0,0.994821032279385,1,NA,"GO:0000302",93,"FALSE",-0.3907237656889,0.589888349062298,0.328529844845214
"742","control","9","response to sterol depletion",0,0,0,0,0,NA,0,0,1,1,NA,"GO:0006991",747,"FALSE",0.0888888888888889,-0.0888888888888889,0.328529844845214
"743","control","9","response to topologically incorrect protein",0.0880534722622867,0.215686077122914,0.666666666666667,0.111111111111111,0.272165526975909,2.44948974278318,0,0,0.999674906742976,1,NA,"GO:0035966",220,"FALSE",-0.481033555037458,0.569087027299744,0.328529844845214
"744","control","9","response to transforming growth factor beta",0,0,0,0,0,NA,0,0,1,1,NA,"GO:0071559",747,"FALSE",-0.411275214682429,0.411275214682429,0.328529844845214
"745","control","9","response to UV",0.166666666666667,0.278886675511358,1,0.166666666666667,0.278886675511358,1.67332005306815,0,0,0.999886779397654,1,NA,"GO:0009411",112,"FALSE",-0.450174659517642,0.616841326184309,0.328529844845214
"746","control","9","response to virus",-0.388888888888889,0.490653381462658,1.33333333333333,0.222222222222222,0.172132593164774,0.774596669241483,3.66666666666667,0.611111111111111,0.999584656363321,1,NA,"GO:0009615",38,"FALSE",-0.867429809371479,0.47854092048259,0.328529844845214
"747","control","9","rhythmic process",0.333333333333333,0.298142396999972,2,0.333333333333333,0.298142396999972,0.894427190999916,0,0,0.999837983185662,1,NA,"GO:0048511",47,"FALSE",-0.669672912034911,1.00300624536824,0.328529844845214
"748","control","9","ribonucleoprotein complex assembly",0.222222222222222,0.172132593164774,1.33333333333333,0.222222222222222,0.172132593164774,0.774596669241483,0,0,0.999999079013563,1,NA,"GO:0022618",81,"FALSE",-0.448502279002388,0.67072450122461,0.328529844845214
"749","control","9","ribonucleoprotein complex subunit organization",0.388888888888889,0.327730693416725,2.33333333333333,0.388888888888889,0.327730693416725,0.842736068785864,0,0,0.99891014366565,1,NA,"GO:0071826",38,"FALSE",-0.511573517738847,0.900462406627736,0.328529844845214
"750","control","9","ribonucleotide metabolic process",-0.490559722142094,0.435109177606894,3.33333333333333,0.555555555555556,0.501848435139387,0.903327183250897,6,1,0.998555736858396,1,NA,"GO:0009259",27,"FALSE",-0.702645801521153,0.212086079379059,0.328529844845214
"751","control","9","ribose phosphate metabolic process",-0.411946527737714,0.29845748899556,3.66666666666667,0.611111111111111,0.327730693416725,0.536286589227368,6,1,0.999865701743708,1,NA,"GO:0019693",34,"FALSE",-0.703939963447343,0.29199343570963,0.328529844845214
"752","control","9","ribosomal subunit export from nucleus",0.0555555555555556,0.136082763487954,0.333333333333333,0.0555555555555556,0.136082763487954,2.44948974278318,0,0,0.998913376468024,1,NA,"GO:0000054",306,"FALSE",0.117989417989418,-0.0624338624338624,0.328529844845214
"753","control","9","ribosome assembly",0,0,0,0,0,NA,0,0,1,1,NA,"GO:0042255",747,"FALSE",0.196042496766191,-0.196042496766191,0.328529844845214
"754","control","9","ribosome biogenesis",-0.0230576388488247,0.68270087430675,3,0.5,0.278886675511359,0.557773351022717,3,0.5,0.997593770506358,1,NA,"GO:0042254",451,"FALSE",-0.586019116479802,0.562961477630977,0.328529844845214
"755","control","9","ribosome localization",0.0555555555555556,0.136082763487954,0.333333333333333,0.0555555555555556,0.136082763487954,2.44948974278318,0,0,0.998474578654885,1,NA,"GO:0033750",306,"FALSE",0.0608465608465608,-0.00529100529100529,0.328529844845214
"756","control","9","RNA localization",0.277777777777778,0.250924217569694,1.66666666666667,0.277777777777778,0.250924217569694,0.903327183250897,0,0,0.999883414370792,1,NA,"GO:0006403",61,"FALSE",-0.529280377239394,0.807058155017172,0.328529844845214
"757","control","9","RNA transport",0.310275694484509,0.271353470708458,2,0.333333333333333,0.298142396999972,0.894427190999916,0,0,0.997315887911724,1,NA,"GO:0050658",49,"FALSE",-0.380175043006398,0.690450737490907,0.328529844845214
"758","control","9","roof of mouth development",0.0555555555555556,0.136082763487954,0.333333333333333,0.0555555555555556,0.136082763487954,2.44948974278318,0,0,0.999999800902467,1,NA,"GO:0060021",306,"FALSE",-0.357989414657166,0.413544970212721,0.328529844845214
"759","control","9","rRNA metabolic process",0.0324979167067309,0.397638192272899,1.66666666666667,0.277777777777778,0.250924217569694,0.903327183250897,1.33333333333333,0.222222222222222,0.999992345525932,1,NA,"GO:0016072",385,"FALSE",-0.390194495481531,0.422692412188262,0.328529844845214
"760","control","9","Schwann cell differentiation",0,0,0,0,0,NA,0,0,1,1,NA,"GO:0014037",747,"FALSE",0.148148148148148,-0.148148148148148,0.328529844845214
"761","control","9","semaphorin-plexin signaling pathway involved in neuron projection guidance",0,0,0,0,0,NA,0,0,1,1,NA,"GO:1902285",747,"FALSE",0.184920634920635,-0.184920634920635,0.328529844845214
"762","control","9","seminiferous tubule development",0,0,0,0,0,NA,0,0,1,1,NA,"GO:0072520",747,"FALSE",0.058994708994709,-0.058994708994709,0.328529844845214
"763","control","9","signal peptide processing",0,0,0,0,0,NA,0,0,1,1,NA,"GO:0006465",747,"FALSE",0.0555555555555556,-0.0555555555555556,0.328529844845214
"764","control","9","signal transduction in response to DNA damage",0.310275694484509,0.271353470708458,2,0.333333333333333,0.298142396999972,0.894427190999916,0,0,0.998182295451522,1,NA,"GO:0042770",49,"FALSE",-0.60642881982124,0.916704514305749,0.328529844845214
"765","control","9","sister chromatid segregation",-0.101670833253205,0.314341162810692,1.66666666666667,0.277777777777778,0.327730693416725,1.17983049630021,2,0.333333333333333,0.999928129517511,1,NA,"GO:0000819",180,"FALSE",-0.401446995413997,0.299776162160792,0.328529844845214
"766","control","9","small molecule catabolic process",-0.0786131944043802,0.534135527365829,2.66666666666667,0.444444444444444,0.403686713879666,0.908295106229247,3,0.5,0.999477154720489,1,NA,"GO:0044282",241,"FALSE",-0.601459012743841,0.522845818339461,0.328529844845214
"767","control","9","smoothened signaling pathway involved in dorsal/ventral neural tube patterning",0,0,0,0,0,NA,0,0,1,1,NA,"GO:0060831",747,"FALSE",0.101573379642984,-0.101573379642984,0.328529844845214
"768","control","9","sphingomyelin biosynthetic process",0.0555555555555556,0.136082763487954,0.333333333333333,0.0555555555555556,0.136082763487954,2.44948974278318,0,0,0.998344082431279,1,NA,"GO:0006686",306,"FALSE",0.0775132275132275,-0.021957671957672,0.328529844845214
"769","control","9","spindle localization",0.0555555555555556,0.136082763487954,0.333333333333333,0.0555555555555556,0.136082763487954,2.44948974278318,0,0,0.999992939060645,1,NA,"GO:0051653",306,"FALSE",0.263106183906314,-0.207550628350758,0.328529844845214
"770","control","9","stem cell differentiation",0.388888888888889,0.389681731483337,2.66666666666667,0.444444444444444,0.501848435139387,1.12915897906362,0,0,0.897422249767708,1,NA,"GO:0048863",38,"FALSE",-0.401555230821094,0.790444119709983,0.328529844845214
"771","control","9","stem cell population maintenance",0.310275694484509,0.379572764928354,2,0.333333333333333,0.421637021355784,1.26491106406735,0,0,0.9827593259291,1,NA,"GO:0019827",49,"FALSE",-0.395520263573706,0.705795958058215,0.328529844845214
"772","control","9","sterol biosynthetic process",0.0555555555555556,0.136082763487954,0.333333333333333,0.0555555555555556,0.136082763487954,2.44948974278318,0,0,0.999995534770999,1,NA,"GO:0016126",306,"FALSE",0.27977285057298,-0.224217295017425,0.328529844845214
"773","control","9","stress granule assembly",0.0555555555555556,0.136082763487954,0.333333333333333,0.0555555555555556,0.136082763487954,2.44948974278318,0,0,0.999934900935331,1,NA,"GO:0034063",306,"FALSE",0.153596296326822,-0.098040740771266,0.328529844845214
"774","control","9","substantia nigra development",0.0555555555555556,0.136082763487954,0.333333333333333,0.0555555555555556,0.136082763487954,2.44948974278318,0,0,0.999996308135577,1,NA,"GO:0021762",306,"FALSE",0.037037037037037,0.0185185185185185,0.328529844845214
"775","control","9","substrate adhesion-dependent cell spreading",0.166666666666667,0.182574185835055,1,0.166666666666667,0.182574185835055,1.09544511501033,0,0,0.999852484183055,1,NA,"GO:0034446",112,"FALSE",-0.0339041996953854,0.200570866362052,0.328529844845214
"776","control","9","sulfur compound metabolic process",0.166666666666667,0.505525029603437,2.33333333333333,0.388888888888889,0.327730693416725,0.842736068785864,1.33333333333333,0.222222222222222,0.993744179075328,1,NA,"GO:0006790",112,"FALSE",-0.802069934472792,0.968736601139458,0.328529844845214
"777","control","9","suppression of viral release by host",0,0,0,0,0,NA,0,0,1,1,NA,"GO:0044790",747,"FALSE",0.177777777777778,-0.177777777777778,0.328529844845214
"778","control","9","synaptic vesicle lumen acidification",0.0555555555555556,0.136082763487954,0.333333333333333,0.0555555555555556,0.136082763487954,2.44948974278318,0,0,0.999803541059921,1,NA,"GO:0097401",306,"FALSE",0.0914409061018266,-0.035885350546271,0.328529844845214
"779","control","9","telomerase RNA localization to Cajal body",0,0,0,0,0,NA,0,0,1,1,NA,"GO:0090671",747,"FALSE",0.101322751322751,-0.101322751322751,0.328529844845214
"780","control","9","telomere maintenance",0.222222222222222,0.272165526975909,1.33333333333333,0.222222222222222,0.272165526975909,1.22474487139159,0,0,0.999922701040172,1,NA,"GO:0000723",81,"FALSE",-0.455405123795847,0.677627346018069,0.328529844845214
"781","control","9","telomere organization",0.277777777777778,0.250924217569694,1.66666666666667,0.277777777777778,0.250924217569694,0.903327183250897,0,0,0.999404394931067,1,NA,"GO:0032200",61,"FALSE",-0.399958657642833,0.677736435420611,0.328529844845214
"782","control","9","toxin transport",0,0,0,0,0,NA,0,0,1,1,NA,"GO:1901998",747,"FALSE",0.234391534391534,-0.234391534391534,0.328529844845214
"783","control","9","trabecula morphogenesis",0.111111111111111,0.172132593164774,0.666666666666667,0.111111111111111,0.172132593164774,1.54919333848297,0,0,0.99841648022531,1,NA,"GO:0061383",163,"FALSE",0.180687830687831,-0.0695767195767196,0.328529844845214
"784","control","9","tube closure",0.166666666666667,0.278886675511358,1,0.166666666666667,0.278886675511358,1.67332005306815,0,0,0.995115365068556,1,NA,"GO:0060606",112,"FALSE",-0.288387632248423,0.455054298915089,0.328529844845214
"785","control","9","U2-type prespliceosome assembly",0,0,0,0,0,NA,0,0,1,1,NA,"GO:1903241",747,"FALSE",0.192314120383725,-0.192314120383725,0.328529844845214
"786","control","9","ubiquinone biosynthetic process",0,0,0,0,0,NA,0,0,1,1,NA,"GO:0006744",747,"FALSE",0.096031746031746,-0.096031746031746,0.328529844845214
"787","control","9","ubiquinone metabolic process",0,0,0,0,0,NA,0,0,1,1,NA,"GO:0006743",747,"FALSE",0.15712893519854,-0.15712893519854,0.328529844845214
"788","control","9","UV-damage excision repair",0,0,0,0,0,NA,0,0,1,1,NA,"GO:0070914",747,"FALSE",0,0,0.328529844845214
"789","control","9","vacuolar acidification",0.0555555555555556,0.136082763487954,0.333333333333333,0.0555555555555556,0.136082763487954,2.44948974278318,0,0,0.999975517774042,1,NA,"GO:0007035",306,"FALSE",0.127513227513228,-0.071957671957672,0.328529844845214
"790","control","9","vacuolar transport",0.111111111111111,0.172132593164774,0.666666666666667,0.111111111111111,0.172132593164774,1.54919333848297,0,0,0.999999484484813,1,NA,"GO:0007034",163,"FALSE",-0.318459978255808,0.429571089366919,0.328529844845214
"791","control","9","vacuole organization",0.166666666666667,0.182574185835055,1,0.166666666666667,0.182574185835055,1.09544511501033,0,0,0.999999759919197,1,NA,"GO:0007033",112,"FALSE",-0.531950110834479,0.698616777501145,0.328529844845214
"792","control","9","vasculogenesis",0.166666666666667,0.182574185835055,1,0.166666666666667,0.182574185835055,1.09544511501033,0,0,0.999134291734935,1,NA,"GO:0001570",112,"FALSE",-0.139789947059422,0.306456613726089,0.328529844845214
"793","control","9","vesicle localization",0.143609027817842,0.230864764342429,1,0.166666666666667,0.278886675511358,1.67332005306815,0,0,0.999982415209411,1,NA,"GO:0051648",129,"FALSE",-0.599330509567945,0.742939537385787,0.328529844845214
"794","control","9","vesicle organization",-0.411946527737714,0.421859883879024,2,0.333333333333333,0.365148371670111,1.09544511501033,4.33333333333333,0.722222222222222,0.998829916989732,1,NA,"GO:0016050",34,"FALSE",-0.533986573821779,0.122040046084066,0.328529844845214
"795","control","9","viral process",-0.467502083293269,0.40933654834618,3,0.5,0.34960294939005,0.699205898780101,5.66666666666667,0.944444444444444,0.999679328484186,1,NA,"GO:0016032",28,"FALSE",-0.667541996581452,0.200039913288183,0.328529844845214
"796","control","9","viral release from host cell",0,0,0,0,0,NA,0,0,1,1,NA,"GO:0019076",747,"FALSE",0.131216931216931,-0.131216931216931,0.328529844845214
"797","control","9","water-soluble vitamin metabolic process",0.0555555555555556,0.136082763487954,0.333333333333333,0.0555555555555556,0.136082763487954,2.44948974278318,0,0,0.999986231630187,1,NA,"GO:0006767",306,"FALSE",0.124060152129757,-0.0685045965742014,0.328529844845214
"798","control","9","Wnt signaling pathway",-0.634168749959936,0.308586416471229,2.33333333333333,0.388888888888889,0.327730693416725,0.842736068785864,6,1,0.990038179493148,1,NA,"GO:0016055",20,"FALSE",-0.607867102613049,-0.0263016473468863,0.328529844845214
"799","enu","3","actin filament organization",-0.31273364249661,0.295067774269809,13.75,4.58333333333333,1.23322071557906,0.269066337944523,16.75,5.58333333333333,0.563312893187038,1,NA,"GO:0007015",49,"FALSE",-0.20849516230155,-0.10423848019506,0.328529844845214
"800","enu","3","alcohol biosynthetic process",-0.115734031584366,0.818241728207802,5.5,1.83333333333333,1.36422546197874,0.744122979261132,5.16666666666667,1.72222222222222,0.755627094713244,1,NA,"GO:0046165",163,"FALSE",-0.256820778335986,0.14108674675162,0.328529844845214
"801","enu","3","amino sugar biosynthetic process",0.111111111111111,0.192450089729875,0.333333333333333,0.111111111111111,0.192450089729875,1.73205080756888,0,0,0.99962410993354,1,NA,"GO:0046349",163,"FALSE",0.33473964131388,-0.223628530202769,0.328529844845214
"802","enu","3","aminoglycan biosynthetic process",-0.666666666666667,0.333333333333333,1,0.333333333333333,0.333333333333333,1,3,1,0.963992708144509,1,NA,"GO:0006023",20,"FALSE",-0.337148040712719,-0.329518625953948,0.328529844845214
"803","enu","3","apoptotic mitochondrial changes",0.148562060257211,0.309602403152404,5,1.66666666666667,0.333333333333333,0.2,3.33333333333333,1.11111111111111,0.692023474524499,1,NA,"GO:0008637",129,"FALSE",-0.348389233598898,0.49695129385611,0.328529844845214
"804","enu","3","appendage development",-0.267335069945248,0.413757483554745,5.33333333333333,1.77777777777778,0.838870492807861,0.471864652204422,6.33333333333333,2.11111111111111,0.960799480953795,1,NA,"GO:0048736",63,"FALSE",-0.368002803066457,0.100667733121209,0.328529844845214
"805","enu","3","aromatic compound catabolic process",-0.175987681207993,0.026243941224726,16.6666666666667,5.55555555555556,0.509175077217316,0.0916515138991168,18.5,6.16666666666667,0.952351577896353,1,NA,"GO:0019439",105,"FALSE",-0.191053816519424,0.0150661353114303,0.328529844845214
"806","enu","3","ATP metabolic process",-0.188479056068157,0.285553836300788,8.58333333333333,2.86111111111111,0.987186424662048,0.345036031920716,8.75,2.91666666666667,0.746879304159952,1,NA,"GO:0046034",99,"FALSE",-0.169648895471454,-0.0188301605967022,0.328529844845214
"807","enu","3","autophagosome maturation",-0.333333333333333,0.333333333333333,1.5,0.5,0.166666666666667,0.333333333333333,2.5,0.833333333333333,0.995105346859039,1,NA,"GO:0097352",47,"FALSE",-0.40739317704066,0.0740598437073264,0.328529844845214
"808","enu","3","autophagy of mitochondrion",-0.0990392358907579,0.276477014704237,3.41666666666667,1.13888888888889,0.473853391923111,0.416066392908097,3.33333333333333,1.11111111111111,0.995118335050801,1,NA,"GO:0000422",193,"FALSE",-0.202926129206011,0.103886893315253,0.328529844845214
"809","enu","3","axon extension",-0.324436111271368,0.178698989291155,2.66666666666667,0.888888888888889,0.192450089729875,0.21650635094611,3.66666666666667,1.22222222222222,0.983521500090924,1,NA,"GO:0048675",48,"FALSE",-0.249058034860932,-0.0753780764104357,0.328529844845214
"810","enu","3","basement membrane organization",0.111111111111111,0.192450089729875,0.333333333333333,0.111111111111111,0.192450089729875,1.73205080756888,0,0,0.999991111923697,1,NA,"GO:0071711",163,"FALSE",-0.127629400485552,0.238740511596663,0.328529844845214
"811","enu","3","biological process involved in interaction with host",-0.0419381945646371,0.272854087446932,7.16666666666667,2.38888888888889,0.673575314054563,0.281961759371678,7,2.33333333333333,0.989894672414188,1,NA,"GO:0051701",347,"FALSE",-0.124077675791842,0.082139481227205,0.328529844845214
"812","enu","3","body morphogenesis",0.472222222222222,0.240562612162344,2.08333333333333,0.694444444444444,0.336787657027282,0.484974226119286,0.666666666666667,0.222222222222222,0.991385628201459,1,NA,"GO:0010171",28,"FALSE",-0.0602517297378255,0.532473951960048,0.328529844845214
"813","enu","3","bone development",-0.428631397469027,0.344913163646703,6.58333333333333,2.19444444444444,1.05518999517903,0.48084607375247,8.5,2.83333333333333,0.698836200912483,1,NA,"GO:0060348",33,"FALSE",-0.0841651449660196,-0.344466252503007,0.328529844845214
"814","enu","3","branched-chain amino acid metabolic process",0.326524652837874,0.323174109430072,1.08333333333333,0.361111111111111,0.375770812735241,1.04059609680528,0,0,0.933935732902733,1,NA,"GO:0009081",48,"FALSE",-0.0938620381857071,0.420386691023582,0.328529844845214
"815","enu","3","carbohydrate derivative catabolic process",-0.311361806076391,0.0710791736139988,4.83333333333333,1.61111111111111,0.0962250448649377,0.0597258899161682,6,2,0.932942008677847,1,NA,"GO:1901136",49,"FALSE",-0.179821955041737,-0.131539851034654,0.328529844845214
"816","enu","3","carbohydrate derivative transport",-0.333333333333333,0.333333333333333,2,0.666666666666667,0.333333333333333,0.5,2.75,0.916666666666667,0.994929710488729,1,NA,"GO:1901264",47,"FALSE",-0.272297334818605,-0.0610359985147286,0.328529844845214
"817","enu","3","cell cycle checkpoint signaling",-0.290754864517056,0.679197083264481,7.5,2.5,1.092906420717,0.4371625682868,8.5,2.83333333333333,0.596098555491746,1,NA,"GO:0000075",55,"FALSE",-0.291937609435941,0.00118274491888515,0.328529844845214
"818","enu","3","cell cycle G1/S phase transition",0.0783967126321014,0.126107731277587,12.0833333333333,4.02777777777778,0.867360833110889,0.215344758565462,10.3333333333333,3.44444444444444,0.812567204396622,1,NA,"GO:0044843",241,"FALSE",-0.146340917360493,0.224737629992594,0.328529844845214
"819","enu","3","cell cycle G2/M phase transition",-0.111013892655412,0.269704392991241,6.08333333333333,2.02777777777778,0.554860676539949,0.273629922677235,6.33333333333333,2.11111111111111,0.971510362026592,1,NA,"GO:0044839",163,"FALSE",-0.0176066048317588,-0.0934072878236531,0.328529844845214
"820","enu","3","cell growth",-0.504529795197092,0.212287077629661,13.1666666666667,4.38888888888889,0.0962250448649378,0.0219246937666947,18.25,6.08333333333333,0.20010563431545,1,NA,"GO:0016049",26,"FALSE",-0.223505971967277,-0.281023823229815,0.328529844845214
"821","enu","3","cell migration involved in heart development",0.388888888888889,0.346944333244355,1.16666666666667,0.388888888888889,0.346944333244355,0.892142571199771,0,0,0.923996698581769,1,NA,"GO:0060973",38,"FALSE",-0.14985619330167,0.538745082190559,0.328529844845214
"822","enu","3","cell redox homeostasis",0.231662500080128,0.252009507181642,1.5,0.5,0.166666666666667,0.333333333333333,0.666666666666667,0.222222222222222,0.996073170435275,1,NA,"GO:0045454",74,"FALSE",-0.161940903681031,0.393603403761159,0.328529844845214
"823","enu","3","cell-cell signaling by wnt",-0.481611801559262,0.149160457319108,12.6666666666667,4.22222222222222,0.192450089729875,0.0455802844097073,17,5.66666666666667,0.10990568965574,1,NA,"GO:0198738",27,"FALSE",-0.291967360648993,-0.189644440910269,0.328529844845214
"824","enu","3","cell-substrate adhesion",-0.487255806771138,0.160180882690121,8.5,2.83333333333333,0.440958551844099,0.155632430062623,12.4166666666667,4.13888888888889,0.561159184190457,1,NA,"GO:0031589",27,"FALSE",-0.163560752129979,-0.323695054641159,0.328529844845214
"825","enu","3","cell-substrate junction assembly",0.35012534748264,0.170421072284628,5.5,1.83333333333333,0.288675134594813,0.157459164324443,3.33333333333333,1.11111111111111,0.992968632547085,1,NA,"GO:0007044",42,"FALSE",-0.189002152139981,0.539127499622621,0.328529844845214
"826","enu","3","cell-substrate junction organization",0.429876646916362,0.372924852086696,6.25,2.08333333333333,0.682112730989371,0.327414110874898,3.66666666666667,1.22222222222222,0.888147109226057,1,NA,"GO:0150115",33,"FALSE",-0.0579060207797325,0.487782667696094,0.328529844845214
"827","enu","3","cellular carbohydrate metabolic process",-0.465245822915177,0.354934914568344,7.75,2.58333333333333,0.982485510212633,0.380316971695213,10,3.33333333333333,0.189843451049748,1,NA,"GO:0044262",28,"FALSE",-0.205354162143426,-0.259891660771751,0.328529844845214
"828","enu","3","cellular component disassembly",-0.517747591456152,0.28400638793394,14.4166666666667,4.80555555555556,0.502309481111809,0.104526828439452,19.4166666666667,6.47222222222222,0.0537574169093771,1,NA,"GO:0022411",26,"FALSE",-0.145324649241961,-0.372422942214191,0.328529844845214
"829","enu","3","cellular lipid catabolic process",-0.125038634387554,0.47063821398242,7.75,2.58333333333333,0.845740963757685,0.327383598873943,8.25,2.75,0.935595793768666,1,NA,"GO:0044242",156,"FALSE",-0.108452931937859,-0.0165857024496943,0.328529844845214
"830","enu","3","cellular metabolic compound salvage",0.444444444444444,0.384900179459751,1.66666666666667,0.555555555555556,0.509175077217316,0.916515138991168,0,0,0.761091769220591,1,NA,"GO:0043094",32,"FALSE",0.0278219339889917,0.416622510455453,0.328529844845214
"831","enu","3","cellular nitrogen compound catabolic process",-0.204929702055532,0.156825911491427,17.4166666666667,5.80555555555556,1.13141176968979,0.194884323965706,19.4166666666667,6.47222222222222,0.809160086089246,1,NA,"GO:0044270",85,"FALSE",-0.111845403578766,-0.0930842984767655,0.328529844845214
"832","enu","3","cellular pigment accumulation",0,0,0,0,0,NA,0,0,1,1,NA,"GO:0043482",747,"FALSE",0.00437204866786875,-0.00437204866786875,0.328529844845214
"833","enu","3","cellular pigmentation",-0.0136173609909184,0.313129442373699,3.5,1.16666666666667,0.440958551844098,0.377964473009227,3,1,0.997188729803965,1,NA,"GO:0033059",526,"FALSE",-0.199636812599136,0.186019451608218,0.328529844845214
"834","enu","3","cellular respiration",-0.402217084865019,0.0974400003924548,8.41666666666667,2.80555555555556,0.173472166622178,0.0618316633504792,10.3333333333333,3.44444444444444,0.221272751727265,1,NA,"GO:0045333",34,"FALSE",-0.202759424644374,-0.199457660220645,0.328529844845214
"835","enu","3","cellular response to acid chemical",-0.611111111111111,0.0962250448649376,1.16666666666667,0.388888888888889,0.0962250448649376,0.247435829652697,3,1,0.970653642146475,1,NA,"GO:0071229",21,"FALSE",-0.379603472930264,-0.231507638180847,0.328529844845214
"836","enu","3","cellular response to arsenic-containing substance",0.305555555555556,0.0481125224324688,0.916666666666667,0.305555555555556,0.0481125224324688,0.157459164324443,0,0,0.993966773646753,1,NA,"GO:0071243",54,"FALSE",-0.106479284604587,0.412034840160142,0.328529844845214
"837","enu","3","cellular response to chemical stress",-0.0493989855669457,0.425256212837087,13.75,4.58333333333333,1.79311956594583,0.391226087115455,13.3333333333333,4.44444444444444,0.973628402854836,1,NA,"GO:0062197",347,"FALSE",-0.125612091356921,0.076213105789975,0.328529844845214
"838","enu","3","cellular response to dsRNA",0,0,0,0,0,NA,0,0,1,1,NA,"GO:0071359",747,"FALSE",-0.0465214711061576,0.0465214711061576,0.328529844845214
"839","enu","3","cellular response to external stimulus",-0.429799378141254,0.317207382846772,10,3.33333333333333,0.577350269189626,0.173205080756888,12.6666666666667,4.22222222222222,0.417292144152113,1,NA,"GO:0071496",33,"FALSE",-0.204406980202996,-0.225392397938258,0.328529844845214
"840","enu","3","cellular response to extracellular stimulus",0.0225896837140087,0.479607806681756,10,3.33333333333333,1.20185042515466,0.360555127546399,9,3,0.931245657168857,1,NA,"GO:0031668",451,"FALSE",-0.111272642843469,0.133862326557478,0.328529844845214
"841","enu","3","cellular response to fluid shear stress",0.305555555555556,0.0481125224324688,0.916666666666667,0.305555555555556,0.0481125224324688,0.157459164324443,0,0,0.994605109225905,1,NA,"GO:0071498",54,"FALSE",-0.000559318134735825,0.306114873690291,0.328529844845214
"842","enu","3","cellular response to heat",-0.65722638880876,0.297188204342618,1.16666666666667,0.388888888888889,0.346944333244355,0.892142571199771,3,1,0.935948905741606,1,NA,"GO:0034605",20,"FALSE",-0.245585991997813,-0.411640396810947,0.328529844845214
"843","enu","3","cellular response to insulin stimulus",-0.345767364276671,0.292775669104529,7,2.33333333333333,0.881917103688197,0.377964473009227,8.25,2.75,0.502647953938199,1,NA,"GO:0032869",43,"FALSE",-0.28246280683212,-0.0633045574445509,0.328529844845214
"844","enu","3","cellular response to ketone",0.241743052189675,0.172297370413417,5.25,1.75,0.433012701892219,0.247435829652697,3.33333333333333,1.11111111111111,0.919029100041038,1,NA,"GO:1901655",71,"FALSE",-0.10212266673867,0.343865718928345,0.328529844845214
"845","enu","3","cellular response to oxygen levels",-0.0910404569284977,0.477652532213601,7,2.33333333333333,0.881917103688197,0.377964473009227,6,2,0.437777135783666,1,NA,"GO:0071453",193,"FALSE",-0.195607092499446,0.104566635570948,0.328529844845214
"846","enu","3","cellular response to sterol depletion",0.333333333333333,0.333333333333333,1,0.333333333333333,0.333333333333333,1,0,0,0.93655813994791,1,NA,"GO:0071501",47,"FALSE",0.0226329862246266,0.310700347108707,0.328529844845214
"847","enu","3","cellular response to topologically incorrect protein",-0.0460180592419506,0.437043730232709,5.66666666666667,1.88888888888889,0.192450089729875,0.101885341621699,5.25,1.75,0.850694873219354,1,NA,"GO:0035967",347,"FALSE",-0.0438906763864264,-0.00212738285552418,0.328529844845214
"848","enu","3","cellular response to transforming growth factor beta stimulus",-0.0629105471460325,0.259469667891745,10.9166666666667,3.63888888888889,1.37521042160962,0.377920421205697,10.6666666666667,3.55555555555556,0.959487430051379,1,NA,"GO:0071560",265,"FALSE",-0.221233175293831,0.158322628147799,0.328529844845214
"849","enu","3","cellular response to UV",-0.229030902717681,0.377440896374404,3.41666666666667,1.13888888888889,0.473853391923111,0.416066392908097,4,1.33333333333333,0.993726480634728,1,NA,"GO:0034644",81,"FALSE",-0.104684875837929,-0.124346026879753,0.328529844845214
"850","enu","3","cellular senescence",-0.648872222542737,0.128927126639861,2.16666666666667,0.722222222222222,0.254587538608658,0.352505822688911,4.33333333333333,1.44444444444444,0.831122239837491,1,NA,"GO:0090398",20,"FALSE",-0.276534803916291,-0.372337418626446,0.328529844845214
"851","enu","3","centromere complex assembly",-0.111111111111111,0.192450089729875,0,0,0,NA,0.333333333333333,0.111111111111111,0.999996580804856,1,NA,"GO:0034508",163,"FALSE",-0.210008972334956,0.098897861223845,0.328529844845214
"852","enu","3","centrosome localization",0.659857986171208,0.011792980550638,2.08333333333333,0.694444444444444,0.0481125224324688,0.0692820323027551,0,0,0.849749418756742,1,NA,"GO:0051642",20,"FALSE",-0.182627653585752,0.842485639756959,0.328529844845214
"853","enu","3","chaperone-mediated autophagy",0,0,0,0,0,NA,0,0,1,1,NA,"GO:0061684",747,"FALSE",0.238775114625458,-0.238775114625458,0.328529844845214
"854","enu","3","chondrocyte differentiation",0.188773868978327,0.41130050742281,5.5,1.83333333333333,0.763762615825973,0.416597790450531,4.25,1.41666666666667,0.935733493455731,1,NA,"GO:0002062",99,"FALSE",-0.15044265755938,0.339216526537707,0.328529844845214
"855","enu","3","chromatin remodeling",-0.441042948501084,0.351416307342373,11.75,3.91666666666667,1.80854453451756,0.461756051366185,14.3333333333333,4.77777777777778,0.104880692865507,1,NA,"GO:0006338",32,"FALSE",-0.168777235454385,-0.272265713046699,0.328529844845214
"856","enu","3","chromosome localization",0.436963445940476,0.17564109506654,6.66666666666667,2.22222222222222,0.38490017945975,0.173205080756888,3.33333333333333,1.11111111111111,0.27069763217181,1,NA,"GO:0050000",33,"FALSE",-0.319889165706817,0.756852611647293,0.328529844845214
"857","enu","3","chromosome segregation",-0.282962913958487,0.090981180024558,14.75,4.91666666666667,0.363241578628389,0.0738796431108588,17.9166666666667,5.97222222222222,0.862143449605224,1,NA,"GO:0007059",57,"FALSE",-0.186629871555806,-0.0963330424026811,0.328529844845214
"858","enu","3","cilium assembly",-0.252643433617657,0.315607352057248,12.9166666666667,4.30555555555556,0.66840052308422,0.155241411813109,14.3333333333333,4.77777777777778,0.60411241576035,1,NA,"GO:0060271",66,"FALSE",-0.199583342663269,-0.0530600909543877,0.328529844845214
"859","enu","3","cilium organization",-0.301051615755504,0.260731436933271,11.6666666666667,3.88888888888889,1.01835015443463,0.261861468283191,14,4.66666666666667,0.690487831672339,1,NA,"GO:0044782",54,"FALSE",-0.217623300385407,-0.0834283153700966,0.328529844845214
"860","enu","3","circadian regulation of gene expression",-0.129448611030983,0.606546172578362,2.83333333333333,0.944444444444444,0.917928424547684,0.971924214226959,2.75,0.916666666666667,0.975302461573377,1,NA,"GO:0032922",156,"FALSE",-0.107002165228664,-0.0224464458023191,0.328529844845214
"861","enu","3","clathrin-dependent endocytosis",0.0859649306957803,0.376807617674975,1.41666666666667,0.472222222222222,0.411073571859687,0.87050874040875,0.916666666666667,0.305555555555556,0.999827220050679,1,NA,"GO:0072583",220,"FALSE",-0.231050403131447,0.317015333827227,0.328529844845214
"862","enu","3","collagen fibril organization",-0.562364236051015,0.379141269460487,1.41666666666667,0.472222222222222,0.411073571859687,0.87050874040875,3,1,0.956086242946724,1,NA,"GO:0030199",22,"FALSE",-0.265644863535778,-0.296719372515237,0.328529844845214
"863","enu","3","connective tissue development",-0.339815157161753,0.496729398869535,9.25,3.08333333333333,1.01036297108185,0.327685287918436,10.3333333333333,3.44444444444444,0.409010328645792,1,NA,"GO:0061448",47,"FALSE",-0.215095911565456,-0.124719245596297,0.328529844845214
"864","enu","3","COPII vesicle coating",0.569715972342416,0.409426740790943,1.91666666666667,0.638888888888889,0.529237746757157,0.828372125359028,0,0,0.714416569006657,1,NA,"GO:0048208",22,"FALSE",-0.104763418517486,0.674479390859901,0.328529844845214
"865","enu","3","cortical cytoskeleton organization",-0.25,0.661437827766148,1.41666666666667,0.472222222222222,0.411073571859687,0.87050874040875,2.16666666666667,0.722222222222222,0.937353809035573,1,NA,"GO:0030865",66,"FALSE",-0.310764193785378,0.0607641937853782,0.328529844845214
"866","enu","3","cytoplasmic translation",-0.574436111271368,0.430923519308482,4.58333333333333,1.52777777777778,0.708741712342949,0.463903666260839,7.33333333333333,2.44444444444444,0.582358346456809,1,NA,"GO:0002181",22,"FALSE",0.0465713168101947,-0.621007428081563,0.328529844845214
"867","enu","3","defense response to virus",-0.0118589313905283,0.519121619532946,11.25,3.75,1.24443204358901,0.331848544957068,11,3.66666666666667,0.92653112472217,1,NA,"GO:0051607",526,"FALSE",-0.109927970627836,0.0980690392373074,0.328529844845214
"868","enu","3","dephosphorylation",-0.317769874249847,0.307234292377911,10.5,3.5,0.833333333333333,0.238095238095238,13.3333333333333,4.44444444444444,0.853350753192173,1,NA,"GO:0016311",49,"FALSE",-0.224337645230648,-0.0934322290191995,0.328529844845214
"869","enu","3","developmental growth involved in morphogenesis",-0.44070327268938,0.733064901099805,6.08333333333333,2.02777777777778,1.51916765709726,0.749178570623305,7.58333333333333,2.52777777777778,0.551474473954969,1,NA,"GO:0060560",32,"FALSE",-0.0763559430481723,-0.364347329641208,0.328529844845214
"870","enu","3","dicarboxylic acid metabolic process",0.0283208335737187,0.628453779707063,3.83333333333333,1.27777777777778,0.947706783846221,0.741683569966608,3,1,0.982813840792738,1,NA,"GO:0043648",451,"FALSE",-0.471390801150163,0.499711634723881,0.328529844845214
"871","enu","3","DNA conformation change",0.111111111111111,0.192450089729875,4.25,1.41666666666667,0.220479275922049,0.155632430062623,3.33333333333333,1.11111111111111,0.999360642509775,1,NA,"GO:0071103",163,"FALSE",-0.0552108356735211,0.166321946784632,0.328529844845214
"872","enu","3","DNA replication",-0.61435093896833,0.477126733066121,7.83333333333333,2.61111111111111,1.08440118310795,0.415302580764748,11.8333333333333,3.94444444444444,0.24520713086519,1,NA,"GO:0006260",21,"FALSE",-0.0974681763699622,-0.516882762598367,0.328529844845214
"873","enu","3","DNA-templated transcription elongation",-0.289752434542433,0.128916956393732,5.75,1.91666666666667,0.144337567297406,0.0753065568508207,6,2,0.454919145619696,1,NA,"GO:0006354",57,"FALSE",0.00172578257308934,-0.291478217115522,0.328529844845214
"874","enu","3","double-strand break repair",-0.329479876390593,0.394020573879491,11.5,3.83333333333333,0.763762615825973,0.199242421519819,13.6666666666667,4.55555555555556,0.571496585855959,1,NA,"GO:0006302",48,"FALSE",-0.250423093008412,-0.079056783382181,0.328529844845214
"875","enu","3","embryonic body morphogenesis",0.194444444444444,0.173472166622178,0.583333333333333,0.194444444444444,0.173472166622178,0.892142571199771,0,0,0.993468789012376,1,NA,"GO:0010172",93,"FALSE",0.0723336227686523,0.122110821675792,0.328529844845214
"876","enu","3","embryonic organ development",-0.405740147198267,0.0436253413022594,11.8333333333333,3.94444444444444,0.41943524640393,0.106335696271419,15.8333333333333,5.27777777777778,0.695004034711957,1,NA,"GO:0048568",34,"FALSE",-0.110213070326781,-0.295527076871486,0.328529844845214
"877","enu","3","epigenetic regulation of gene expression",-0.112604603444217,0.0978273461457227,7.58333333333333,2.52777777777778,0.708741712342949,0.280381336751057,7,2.33333333333333,0.464589828369066,1,NA,"GO:0040029",163,"FALSE",-0.19664195677183,0.0840373533276136,0.328529844845214
"878","enu","3","erythrocyte differentiation",-0.148329166746795,0.131368756039247,4.08333333333333,1.36111111111111,0.529237746757157,0.388827732311381,4.66666666666667,1.55555555555556,0.99972262168885,1,NA,"GO:0030218",129,"FALSE",-0.184110186419988,0.0357810196731932,0.328529844845214
"879","enu","3","establishment of mitotic spindle localization",-0.222222222222222,0.384900179459751,0.583333333333333,0.194444444444444,0.173472166622178,0.892142571199771,1.25,0.416666666666667,0.999072557271377,1,NA,"GO:0040001",81,"FALSE",-0.0351175398421699,-0.187104682380052,0.328529844845214
"880","enu","3","establishment of organelle localization",-0.38786927217969,0.258740069740548,14,4.66666666666667,0.881917103688197,0.188982236504614,17.8333333333333,5.94444444444444,0.274275519795134,1,NA,"GO:0051656",38,"FALSE",-0.189140560941092,-0.198728711238598,0.328529844845214
"881","enu","3","establishment of protein localization to membrane",-0.385960310502288,0.141310869211087,8.41666666666667,2.80555555555556,0.173472166622178,0.0618316633504792,11.5,3.83333333333333,0.897204467908656,1,NA,"GO:0090150",38,"FALSE",-0.194912342755635,-0.191047967746653,0.328529844845214
"882","enu","3","establishment of protein localization to organelle",-0.484573053851693,0.514824134017353,15.1666666666667,5.05555555555556,2.27506613660481,0.450013081965786,19.6666666666667,6.55555555555556,0.140629337734222,1,NA,"GO:0072594",27,"FALSE",-0.144179750977281,-0.340393302874411,0.328529844845214
"883","enu","3","establishment or maintenance of cell polarity",-0.351127777457264,0.233756987561024,7,2.33333333333333,0.577350269189626,0.247435829652697,9,3,0.888054508526144,1,NA,"GO:0007163",42,"FALSE",-0.124020040560798,-0.227107736896466,0.328529844845214
"884","enu","3","establishment or maintenance of epithelial cell apical/basal polarity",0.438178819744927,0.598596600855032,2.83333333333333,0.944444444444444,0.63098981620003,0.668106864211797,1,0.333333333333333,0.8484172262409,1,NA,"GO:0045197",33,"FALSE",-0.229710655996207,0.667889475741134,0.328529844845214
"885","enu","3","ether lipid biosynthetic process",0.111111111111111,0.192450089729875,0.333333333333333,0.111111111111111,0.192450089729875,1.73205080756888,0,0,0.996842025841179,1,NA,"GO:0008611",163,"FALSE",0.322591203730413,-0.211480092619302,0.328529844845214
"886","enu","3","exit from host cell",0.0833333333333333,0.144337567297406,0.25,0.0833333333333333,0.144337567297406,1.73205080756888,0,0,0.999969584837272,1,NA,"GO:0035891",220,"FALSE",-0.0124291361904731,0.0957624695238064,0.328529844845214
"887","enu","3","exosomal secretion",0.409857986171208,0.452994295135002,1.33333333333333,0.444444444444444,0.509175077217316,1.14564392373896,0,0,0.412960812775878,1,NA,"GO:1990182",34,"FALSE",-0.266337270775794,0.676195256947002,0.328529844845214
"888","enu","3","extracellular matrix assembly",0.0555555555555556,0.419435246403931,0.5,0.166666666666667,0.288675134594813,1.73205080756888,0.333333333333333,0.111111111111111,0.999291330308256,1,NA,"GO:0085029",306,"FALSE",-0.0991112859743914,0.154666841529947,0.328529844845214
"889","enu","3","extracellular vesicle biogenesis",0,0,0,0,0,NA,0,0,1,1,NA,"GO:0140112",747,"FALSE",-0.168072974647214,0.168072974647214,0.328529844845214
"890","enu","3","face development",0.141520486251336,0.694854067476655,3.08333333333333,1.02777777777778,0.625462791622095,0.608558391848525,2.16666666666667,0.722222222222222,0.874866316246477,1,NA,"GO:0060324",129,"FALSE",-0.277253062671837,0.418773548923173,0.328529844845214
"891","enu","3","fat cell differentiation",-0.26597083982471,0.164817285482118,7.91666666666667,2.63888888888889,0.375770812735241,0.14239736061546,8.75,2.91666666666667,0.741703675324352,1,NA,"GO:0045444",63,"FALSE",-0.158650045271056,-0.107320794553654,0.328529844845214
"892","enu","3","fatty acid beta-oxidation",-0.40722638880876,0.312450544421531,1.91666666666667,0.638888888888889,0.375770812735241,0.588163011237769,3,1,0.98751983810939,1,NA,"GO:0006635",34,"FALSE",-0.213832624580739,-0.193393764228022,0.328529844845214
"893","enu","3","fibroblast migration",-0.444444444444444,0.509175077217316,1.66666666666667,0.555555555555556,0.509175077217316,0.916515138991168,2.75,0.916666666666667,0.975495076778062,1,NA,"GO:0010761",32,"FALSE",-0.0208847895411385,-0.423559654903306,0.328529844845214
"894","enu","3","fibroblast proliferation",-0.090142013828793,0.464161802496795,3.75,1.25,0.433012701892219,0.346410161513775,3.33333333333333,1.11111111111111,0.847696687708008,1,NA,"GO:0048144",193,"FALSE",-0.282866282131614,0.192724268302821,0.328529844845214
"895","enu","3","folic acid metabolic process",0.305555555555556,0.336787657027282,0.916666666666667,0.305555555555556,0.336787657027282,1.1022141502711,0,0,0.948108154108809,1,NA,"GO:0046655",54,"FALSE",0.238698552262344,0.0668570032932113,0.328529844845214
"896","enu","3","G0 to G1 transition",0.463325000160258,0.802502440694425,1.91666666666667,0.638888888888889,0.898816093742413,1.40684258150986,0.25,0.0833333333333333,0.662914230038733,1,NA,"GO:0045023",28,"FALSE",-0.205602785266347,0.668927785426604,0.328529844845214
"897","enu","3","glial cell apoptotic process",0.222222222222222,0.384900179459751,0.666666666666667,0.222222222222222,0.384900179459751,1.73205080756888,0,0,0.977996291813225,1,NA,"GO:0034349",81,"FALSE",0.117404629683049,0.104817592539174,0.328529844845214
"898","enu","3","glycerol ether biosynthetic process",0.0833333333333333,0.144337567297406,0.25,0.0833333333333333,0.144337567297406,1.73205080756888,0,0,0.999687809596256,1,NA,"GO:0046504",220,"FALSE",0.21440167709541,-0.131068343762076,0.328529844845214
"899","enu","3","glycosyl compound biosynthetic process",0.388888888888889,0.0962250448649376,1.16666666666667,0.388888888888889,0.0962250448649376,0.247435829652697,0,0,0.987000103683581,1,NA,"GO:1901659",38,"FALSE",-0.056074930035352,0.444963818924241,0.328529844845214
"900","enu","3","glycosyl compound metabolic process",0.0304093751402248,0.151677194765256,3.66666666666667,1.22222222222222,0.192450089729875,0.157459164324443,3,1,0.995027206803652,1,NA,"GO:1901657",385,"FALSE",0.0430288562955631,-0.0126194811553383,0.328529844845214
"901","enu","3","glycosylation",-0.427962592580662,0.644936123158528,7.83333333333333,2.61111111111111,1.51229528764624,0.57917691867303,9.66666666666667,3.22222222222222,0.321765021725647,1,NA,"GO:0070085",33,"FALSE",0.0091322164436292,-0.437094809024291,0.328529844845214
"902","enu","3","Golgi organization",-0.424561458754008,0.248677654123274,4.25,1.41666666666667,0.220479275922049,0.155632430062623,6,2,0.86906991572961,1,NA,"GO:0007030",33,"FALSE",-0.207106976141307,-0.217454482612702,0.328529844845214
"903","enu","3","Golgi to plasma membrane protein transport",-0.0461152776976493,0.0798740039774766,1.33333333333333,0.444444444444444,0.384900179459751,0.866025403784439,1.33333333333333,0.444444444444444,0.99969145431606,1,NA,"GO:0043001",347,"FALSE",0.0953524460324076,-0.141467723730057,0.328529844845214
"904","enu","3","Golgi vesicle transport",-0.679656934667316,0.347075112960009,9.08333333333333,3.02777777777778,1.1557024479286,0.381699891058986,13.6666666666667,4.55555555555556,0.0466868622154992,1,NA,"GO:0048193",20,"FALSE",-0.218627558709688,-0.461029375957628,0.328529844845214
"905","enu","3","GPI anchor biosynthetic process",0.305555555555556,0.0481125224324688,0.916666666666667,0.305555555555556,0.0481125224324688,0.157459164324443,0,0,0.999488102696813,1,NA,"GO:0006506",54,"FALSE",-0.187119025620206,0.492674581175762,0.328529844845214
"906","enu","3","heart valve development",-0.0529239581931086,0.278175290482772,3.41666666666667,1.13888888888889,0.336787657027282,0.29571599153615,3,1,0.987830704076408,1,NA,"GO:0003170",306,"FALSE",-0.26996450547824,0.217040547285132,0.328529844845214
"907","enu","3","heme metabolic process",0.398329166746795,0.434488572471019,2,0.666666666666667,0.666666666666667,1,0.666666666666667,0.222222222222222,0.981651604057506,1,NA,"GO:0042168",38,"FALSE",-0.201890902591443,0.600220069338238,0.328529844845214
"908","enu","3","heterochromatin formation",0.0933166669871804,0.51382730609961,3.83333333333333,1.27777777777778,0.673575314054563,0.527145897955745,3,1,0.998422707807027,1,NA,"GO:0031507",193,"FALSE",-0.211866823867098,0.305183490854279,0.328529844845214
"909","enu","3","heterocycle catabolic process",-0.305091113540883,0.305071998923371,14.8333333333333,4.94444444444444,0.481125224324688,0.0973062251443189,18.25,6.08333333333333,0.519757329576995,1,NA,"GO:0046700",54,"FALSE",-0.107366875631981,-0.197724237908902,0.328529844845214
"910","enu","3","histone modification",-0.418095564360335,0.355419438021151,15.5,5.16666666666667,1.75594229214212,0.339859798479121,20.3333333333333,6.77777777777778,0.447605551128142,1,NA,"GO:0016570",34,"FALSE",-0.19274540795655,-0.225350156403785,0.328529844845214
"911","enu","3","immune system development",-0.351573614797506,0.558775108560084,5.41666666666667,1.80555555555556,0.834721066739818,0.462307052348207,6.33333333333333,2.11111111111111,0.419404967172036,1,NA,"GO:0002520",42,"FALSE",-0.225864543205579,-0.125709071591927,0.328529844845214
"912","enu","3","in utero embryonic development",-0.255758350262913,0.0542631817325059,13.1666666666667,4.38888888888889,0.917928424547684,0.209148248631118,15.25,5.08333333333333,0.898094884232587,1,NA,"GO:0001701",66,"FALSE",-0.179934379665957,-0.0758239705969561,0.328529844845214
"913","enu","3","inner cell mass cell proliferation",0.222222222222222,0.192450089729875,0.666666666666667,0.222222222222222,0.192450089729875,0.866025403784439,0,0,0.979526197424351,1,NA,"GO:0001833",81,"FALSE",-0.237851562416533,0.460073784638755,0.328529844845214
"914","enu","3","inositol phosphate catabolic process",0,0,0,0,0,NA,0,0,1,1,NA,"GO:0071545",747,"FALSE",-0.262224999946581,0.262224999946581,0.328529844845214
"915","enu","3","interferon-beta production",0,0,1.91666666666667,0.638888888888889,0.60284817817252,0.94358845279177,1.58333333333333,0.527777777777778,0.997748420715126,1,NA,"GO:0032608",747,"FALSE",-0.0980051453607204,0.0980051453607204,0.328529844845214
"916","enu","3","intermembrane lipid transfer",-0.277777777777778,0.751541625470482,0.833333333333333,0.277777777777778,0.254587538608658,0.916515138991168,1.66666666666667,0.555555555555556,0.983101581510355,1,NA,"GO:0120009",61,"FALSE",-0.356914740415745,0.0791369626379667,0.328529844845214
"917","enu","3","intracellular lipid transport",-0.111111111111111,0.192450089729875,1.25,0.416666666666667,0.220479275922049,0.529150262212918,1.58333333333333,0.527777777777778,0.967835407927465,1,NA,"GO:0032365",163,"FALSE",-0.245772351222604,0.134661240111493,0.328529844845214
"918","enu","3","intraciliary transport",-0.194444444444444,0.173472166622178,1,0.333333333333333,0.333333333333333,1,1.58333333333333,0.527777777777778,0.988962875535989,1,NA,"GO:0042073",93,"FALSE",-0.387386955150567,0.192942510706123,0.328529844845214
"919","enu","3","iron ion homeostasis",-0.312364236051015,0.560074410389835,2.5,0.833333333333333,0.726483157256779,0.871779788708135,3,1,0.964232767938214,1,NA,"GO:0055072",49,"FALSE",-0.198518767219745,-0.11384546883127,0.328529844845214
"920","enu","3","iron-sulfur cluster assembly",0.0277777777777778,0.292657048690354,0.333333333333333,0.111111111111111,0.192450089729875,1.73205080756888,0.25,0.0833333333333333,0.99996350468056,1,NA,"GO:0016226",451,"FALSE",-0.134992058489602,0.16276983626738,0.328529844845214
"921","enu","3","kinetochore organization",0.194444444444444,0.173472166622178,0.583333333333333,0.194444444444444,0.173472166622178,0.892142571199771,0,0,0.999049330153511,1,NA,"GO:0051383",93,"FALSE",-0.252988129028748,0.447432573473192,0.328529844845214
"922","enu","3","lamellipodium assembly",-0.546115277697649,0.10535651588937,1.5,0.5,0.166666666666667,0.333333333333333,3,1,0.972093035523468,1,NA,"GO:0030032",25,"FALSE",0.0130249489551389,-0.559140226652788,0.328529844845214
"923","enu","3","lamellipodium morphogenesis",0.194444444444444,0.173472166622178,0.583333333333333,0.194444444444444,0.173472166622178,0.892142571199771,0,0,0.996931699030593,1,NA,"GO:0072673",93,"FALSE",-0.210008972334956,0.4044534167794,0.328529844845214
"924","enu","3","lamellipodium organization",-0.472222222222222,0.411073571859687,1.91666666666667,0.638888888888889,0.60284817817252,0.94358845279177,3,1,0.938719197212901,1,NA,"GO:0097581",28,"FALSE",-0.395202202621413,-0.0770200196008094,0.328529844845214
"925","enu","3","limb development",-0.171929861391561,0.329830268356797,6.5,2.16666666666667,0.440958551844098,0.203519331620353,6.66666666666667,2.22222222222222,0.576511588508148,1,NA,"GO:0060173",105,"FALSE",-0.120127072154679,-0.0518027892368815,0.328529844845214
"926","enu","3","lipoprotein catabolic process",0.0833333333333333,0.144337567297406,0.25,0.0833333333333333,0.144337567297406,1.73205080756888,0,0,0.999943290819375,1,NA,"GO:0042159",220,"FALSE",0.0642996528912932,0.0190336804420401,0.328529844845214
"927","enu","3","lipoprotein metabolic process",-0.793024306156521,0.397731037532636,2.91666666666667,0.972222222222222,0.554860676539949,0.570713838726805,5.75,1.91666666666667,0.228235875650694,1,NA,"GO:0042157",13,"FALSE",-0.194948222748811,-0.59807608340771,0.328529844845214
"928","enu","3","lysosomal lumen acidification",0.326524652837874,0.323174109430072,1.08333333333333,0.361111111111111,0.375770812735241,1.04059609680528,0,0,0.898319298010546,1,NA,"GO:0007042",48,"FALSE",-0.312589410860876,0.63911406369875,0.328529844845214
"929","enu","3","lysosomal protein catabolic process",0.398329166746796,0.351830195114693,1.33333333333333,0.444444444444444,0.384900179459751,0.866025403784439,0,0,0.789087588943572,1,NA,"GO:1905146",38,"FALSE",0.112341922316671,0.285987244430124,0.328529844845214
"930","enu","3","macroautophagy",-0.201983849228022,0.205571334935566,13.9166666666667,4.63888888888889,1.24814677437005,0.269061580103724,15.1666666666667,5.05555555555556,0.731889029901169,1,NA,"GO:0016236",85,"FALSE",-0.0864690233411682,-0.115514825886854,0.328529844845214
"931","enu","3","macromolecule deacylation",-0.132623264189371,0.402678973355419,5.25,1.75,0.794949334514121,0.454256762579498,5.5,1.83333333333333,0.981587403627449,1,NA,"GO:0098732",137,"FALSE",-0.40399786374509,0.271374599555719,0.328529844845214
"932","enu","3","macromolecule glycosylation",-0.691172572830357,0.693164885356749,5.08333333333333,1.69444444444444,1.42481317813691,0.840873351031617,8.5,2.83333333333333,0.2511718181655,1,NA,"GO:0043413",17,"FALSE",-0.169708836932291,-0.521463735898066,0.328529844845214
"933","enu","3","magnesium ion transmembrane transport",0.370551388969018,0.443296124361404,1.25,0.416666666666667,0.520416499866533,1.24899959967968,0,0,0.648838949432392,1,NA,"GO:1903830",39,"FALSE",-0.154079629522792,0.524631018491809,0.328529844845214
"934","enu","3","magnesium ion transport",0.0833333333333333,0.144337567297406,0.25,0.0833333333333333,0.144337567297406,1.73205080756888,0,0,0.999979208304344,1,NA,"GO:0015693",220,"FALSE",-0.0607003471087069,0.14403368044204,0.328529844845214
"935","enu","3","maintenance of cell number",-0.385617017274803,0.599062984707464,6.33333333333333,2.11111111111111,1.64429428743875,0.778876241418355,7.33333333333333,2.44444444444444,0.583200650098286,1,NA,"GO:0098727",38,"FALSE",-0.127716699630867,-0.257900317643936,0.328529844845214
"936","enu","3","maintenance of protein location",0.00381492741002776,0.127310378527427,3.91666666666667,1.30555555555556,0.336787657027282,0.257965013893237,3,1,0.832831313937268,1,NA,"GO:0045185",632,"FALSE",-0.321838940664414,0.325653868074441,0.328529844845214
"937","enu","3","maintenance of protein location in cell",-0.305555555555556,0.336787657027282,2.41666666666667,0.805555555555556,0.502309481111809,0.623556597242246,3,1,0.985909563207529,1,NA,"GO:0032507",54,"FALSE",-0.0292837252586127,-0.276271830296943,0.328529844845214
"938","enu","3","mammary gland epithelial cell proliferation",0.176106944524573,0.305026175482275,0.666666666666667,0.222222222222222,0.384900179459751,1.73205080756888,0,0,0.976941627742902,1,NA,"GO:0033598",105,"FALSE",0.0525456586570197,0.123561285867554,0.328529844845214
"939","enu","3","membrane assembly",-0.304372225507975,0.0686159080681444,2.75,0.916666666666667,0.363241578628389,0.396263540321879,3,1,0.421577283300949,1,NA,"GO:0071709",54,"FALSE",-0.263159595802827,-0.0412126297051479,0.328529844845214
"940","enu","3","membrane biogenesis",-0.518337499919872,0.630277253984485,1.58333333333333,0.527777777777778,0.708741712342948,1.34287903391296,3,1,0.963148791940674,1,NA,"GO:0044091",26,"FALSE",-0.0501518495578534,-0.468185650362018,0.328529844845214
"941","enu","3","membrane docking",-0.223172658759387,0.507619846295255,3,1,0.881917103688197,0.881917103688197,3,1,0.689604039103176,1,NA,"GO:0022406",81,"FALSE",-0.259729852374955,0.0365571936155686,0.328529844845214
"942","enu","3","membrane fission",-0.296115277697649,0.63976042253187,1.16666666666667,0.388888888888889,0.346944333244355,0.892142571199771,1.91666666666667,0.638888888888889,0.948668598407423,1,NA,"GO:0090148",55,"FALSE",-0.149242674467736,-0.146872603229913,0.328529844845214
"943","enu","3","mesenchymal cell differentiation",-0.517154169872291,0.359569134067184,6.25,2.08333333333333,0.877971146071062,0.42142615011411,9.33333333333333,3.11111111111111,0.572023740563823,1,NA,"GO:0048762",26,"FALSE",-0.134356745984582,-0.382797423887709,0.328529844845214
"944","enu","3","metallo-sulfur cluster assembly",0,0,0,0,0,NA,0,0,1,1,NA,"GO:0031163",747,"FALSE",-0.254002190536997,0.254002190536997,0.328529844845214
"945","enu","3","methylation",-0.0757720933985582,0.322404800603584,14.75,4.91666666666667,1.54335493145434,0.313902697922918,14,4.66666666666667,0.38520297091216,1,NA,"GO:0032259",241,"FALSE",-0.105013057475982,0.0292409640774241,0.328529844845214
"946","enu","3","microtubule cytoskeleton organization involved in mitosis",-0.315538889209403,0.47485374488708,5.66666666666667,1.88888888888889,0.838870492807861,0.444107907957103,7,2.33333333333333,0.875596999871913,1,NA,"GO:1902850",49,"FALSE",-0.182011115231347,-0.133527773978056,0.328529844845214
"947","enu","3","microtubule depolymerization",-0.138888888888889,0.473853391923111,0.583333333333333,0.194444444444444,0.173472166622178,0.892142571199771,1,0.333333333333333,0.993288347217729,1,NA,"GO:0007019",137,"FALSE",-0.495166679999759,0.35627779111087,0.328529844845214
"948","enu","3","microtubule organizing center localization",0.215413541726763,0.500319990594934,1.08333333333333,0.361111111111111,0.375770812735241,1.04059609680528,0.333333333333333,0.111111111111111,0.958887082272444,1,NA,"GO:0061842",82,"FALSE",0.0618683804446214,0.153545161282142,0.328529844845214
"949","enu","3","microtubule polymerization",-0.691812847081997,0.274946879015004,1.16666666666667,0.388888888888889,0.346944333244355,0.892142571199771,3,1,0.787208305885717,1,NA,"GO:0046785",17,"FALSE",0.0536934674381349,-0.745506314520132,0.328529844845214
"950","enu","3","miRNA processing",0.111111111111111,0.192450089729875,1,0.333333333333333,0.333333333333333,1,0.666666666666667,0.222222222222222,0.972970657130815,1,NA,"GO:0035196",163,"FALSE",-0.145248331541829,0.25635944265294,0.328529844845214
"951","enu","3","mitochondrial calcium ion homeostasis",0.222222222222222,0.192450089729875,0.666666666666667,0.222222222222222,0.192450089729875,0.866025403784439,0,0,0.999350577488002,1,NA,"GO:0051560",81,"FALSE",-0.18828778825994,0.410510010482162,0.328529844845214
"952","enu","3","mitochondrial calcium ion transmembrane transport",0.453884722302351,0.10535651588937,1.5,0.5,0.166666666666667,0.333333333333333,0,0,0.728259192569723,1,NA,"GO:0006851",31,"FALSE",-0.140629340194311,0.594514062496662,0.328529844845214
"953","enu","3","mitochondrial gene expression",-0.0845487071377826,0.198024854781097,7.83333333333333,2.61111111111111,0.0962250448649375,0.036852144841891,8,2.66666666666667,0.979407163757034,1,NA,"GO:0140053",220,"FALSE",-0.132918514300748,0.0483698071629651,0.328529844845214
"954","enu","3","mitochondrial genome maintenance",0.59277361119124,0.312450544421531,1.91666666666667,0.638888888888889,0.375770812735241,0.588163011237769,0,0,0.868262374281703,1,NA,"GO:0000002",21,"FALSE",-0.533085128713887,1.12585873990513,0.328529844845214
"955","enu","3","mitochondrial membrane organization",0.0324979167067309,0.245353890627037,5.16666666666667,1.72222222222222,0.254587538608658,0.14782502241793,5,1.66666666666667,0.999994639546174,1,NA,"GO:0007006",385,"FALSE",-0.45166925428254,0.484167170989271,0.328529844845214
"956","enu","3","mitochondrial outer membrane permeabilization",0.537218055635684,0.468582002132675,2.08333333333333,0.694444444444444,0.336787657027282,0.484974226119286,0.333333333333333,0.111111111111111,0.888187554815639,1,NA,"GO:0097345",25,"FALSE",-0.154405951914088,0.691624007549773,0.328529844845214
"957","enu","3","mitochondrial respiratory chain complex assembly",-0.340685069624734,0.334486269435891,3.58333333333333,1.19444444444444,0.173472166622178,0.14523251159066,4.91666666666667,1.63888888888889,0.976776360440783,1,NA,"GO:0033108",43,"FALSE",-0.275872867719095,-0.0648122019056393,0.328529844845214
"958","enu","3","mitochondrial transmembrane transport",-0.185004166586538,0.651941097544863,2.91666666666667,0.972222222222222,0.914137926216907,0.940256152680248,3,1,0.985840456624083,1,NA,"GO:1990542",99,"FALSE",-0.130159373578721,-0.0548447930078172,0.328529844845214
"959","enu","3","mitochondrial transport",-0.206923700406021,0.526088283625766,7.66666666666667,2.55555555555556,0.769800358919501,0.301226227403283,8.5,2.83333333333333,0.83956358231843,1,NA,"GO:0006839",85,"FALSE",-0.188911684695484,-0.0180120157105372,0.328529844845214
"960","enu","3","mitochondrion distribution",0.0833333333333333,0.144337567297406,0.25,0.0833333333333333,0.144337567297406,1.73205080756888,0,0,0.999813918070905,1,NA,"GO:0048311",220,"FALSE",-0.0850737846387549,0.168407117972088,0.328529844845214
"961","enu","3","mitochondrion localization",-0.75,0.433012701892219,0.25,0.0833333333333333,0.144337567297406,1.73205080756888,2.5,0.833333333333333,0.926805868365342,1,NA,"GO:0051646",16,"FALSE",-0.280756353624107,-0.469243646375893,0.328529844845214
"962","enu","3","mitochondrion morphogenesis",0.222222222222222,0.384900179459751,0.666666666666667,0.222222222222222,0.384900179459751,1.73205080756888,0,0,0.98434103044453,1,NA,"GO:0070584",81,"FALSE",-0.276846688065813,0.499068910288035,0.328529844845214
"963","enu","3","mitotic cytokinesis",-0.247368402637553,0.406253147171459,2.5,0.833333333333333,0.440958551844098,0.529150262212918,3,1,0.988200671670764,1,NA,"GO:0000281",71,"FALSE",-0.166484808981243,-0.0808835936563104,0.328529844845214
"964","enu","3","monosaccharide biosynthetic process",-0.5,0.5,1.5,0.5,0.5,1,3,1,0.955510133454682,1,NA,"GO:0046364",26,"FALSE",-0.0506106971510082,-0.449389302848992,0.328529844845214
"965","enu","3","monosaccharide metabolic process",-0.148736547488018,0.139511542071262,7.83333333333333,2.61111111111111,0.346944333244355,0.132872297838264,8.75,2.91666666666667,0.995287170476687,1,NA,"GO:0005996",129,"FALSE",-0.293659860095751,0.144923312607732,0.328529844845214
"966","enu","3","morphogenesis of an epithelial sheet",-0.583333333333333,0.220479275922049,1.58333333333333,0.527777777777778,0.411073571859687,0.778876241418355,3,1,0.914344462448714,1,NA,"GO:0002011",22,"FALSE",-0.0457676333098454,-0.537565700023488,0.328529844845214
"967","enu","3","movement in host",-0.296018059241951,0.562602107929192,5.41666666666667,1.80555555555556,0.973015549340944,0.538900919634984,6.33333333333333,2.11111111111111,0.841145555408976,1,NA,"GO:0044000",55,"FALSE",-0.234912451850755,-0.0611056073911957,0.328529844845214
"968","enu","3","mRNA export from nucleus",-0.805555555555556,0.173472166622178,0.583333333333333,0.194444444444444,0.173472166622178,0.892142571199771,3,1,0.912973907620034,1,NA,"GO:0006406",13,"FALSE",-0.0149242269613605,-0.790631328594195,0.328529844845214
"969","enu","3","multicellular organism growth",-0.447619097602833,0.515784635422826,3.75,1.25,0.5464532103585,0.4371625682868,5.5,1.83333333333333,0.879481755658395,1,NA,"GO:0035264",32,"FALSE",-0.160861813157613,-0.286757284445221,0.328529844845214
"970","enu","3","myeloid cell homeostasis",-0.0371208371799851,0.365696942944475,7.16666666666667,2.38888888888889,0.787635937708768,0.329708066947856,6.33333333333333,2.11111111111111,0.892211020463497,1,NA,"GO:0002262",385,"FALSE",-0.0908660876676644,0.0537452504876793,0.328529844845214
"971","enu","3","NADP metabolic process",0,0.333333333333333,0.666666666666667,0.222222222222222,0.384900179459751,1.73205080756888,0.666666666666667,0.222222222222222,0.999894969804569,1,NA,"GO:0006739",747,"FALSE",0.00418480183356764,-0.00418480183356764,0.328529844845214
"972","enu","3","NADPH regeneration",0.0833333333333333,0.144337567297406,0.25,0.0833333333333333,0.144337567297406,1.73205080756888,0,0,0.99997127094301,1,NA,"GO:0006740",220,"FALSE",0.0164193549625681,0.0669139783707652,0.328529844845214
"973","enu","3","ncRNA processing",-0.234585172750279,0.0940973037681143,16.75,5.58333333333333,0.794949334514121,0.142378985286111,19.5,6.5,0.865567539781418,1,NA,"GO:0034470",74,"FALSE",-0.237064120249433,0.00247894749915392,0.328529844845214
"974","enu","3","negative regulation of catabolic process",-0.155655627700548,0.499165741273968,12,4,1.76383420737639,0.440958551844098,12.0833333333333,4.02777777777778,0.486751331062184,1,NA,"GO:0009895",122,"FALSE",-0.160609687074505,0.00495405937395765,0.328529844845214
"975","enu","3","negative regulation of cell projection organization",-0.445530556036327,0.558067918174942,4.5,1.5,0.927960727138337,0.618640484758891,6.33333333333333,2.11111111111111,0.605999264755905,1,NA,"GO:0031345",32,"FALSE",-0.189853370427314,-0.255677185609013,0.328529844845214
"976","enu","3","negative regulation of defense response to virus",0.222222222222222,0.384900179459751,0.666666666666667,0.222222222222222,0.384900179459751,1.73205080756888,0,0,0.996421828824477,1,NA,"GO:0050687",81,"FALSE",-0.195583882956576,0.417806105178798,0.328529844845214
"977","enu","3","negative regulation of growth",-0.344114734088112,0.290076276503668,7.75,2.58333333333333,0.794949334514121,0.307722323037724,9,3,0.421340619986333,1,NA,"GO:0045926",43,"FALSE",-0.0382899172453862,-0.305824816842726,0.328529844845214
"978","enu","3","negative regulation of GTPase activity",0.287218055635684,0.49747626521215,1.33333333333333,0.444444444444444,0.509175077217316,1.14564392373896,0.333333333333333,0.111111111111111,0.937493219593793,1,NA,"GO:0034260",57,"FALSE",-0.0679238273227393,0.355141882958424,0.328529844845214
"979","enu","3","negative regulation of mitotic nuclear division",-0.479030902717681,0.465545541112004,1.66666666666667,0.555555555555556,0.509175077217316,0.916515138991168,3,1,0.979317434249644,1,NA,"GO:0045839",28,"FALSE",-0.408387106347222,-0.0706437963704596,0.328529844845214
"980","enu","3","negative regulation of phosphorus metabolic process",-0.295933167577856,0.16343349693231,14.1666666666667,4.72222222222222,1.25092558324419,0.264901888216417,17,5.66666666666667,0.666213156031915,1,NA,"GO:0010563",55,"FALSE",-0.207066358531891,-0.0888668090459649,0.328529844845214
"981","enu","3","negative regulation of protein phosphorylation",-0.159951691506763,0.457781591116591,12.25,4.08333333333333,1.66458202961985,0.407652741947718,12.0833333333333,4.02777777777778,0.509950332267357,1,NA,"GO:0001933",122,"FALSE",-0.170301200353829,0.010349508847067,0.328529844845214
"982","enu","3","negative regulation of transferase activity",-0.170954149516749,0.383999924629959,10.4166666666667,3.47222222222222,1.63370177250362,0.470506110481044,11,3.66666666666667,0.933806538795271,1,NA,"GO:0051348",105,"FALSE",-0.0825407073644551,-0.0884134421522939,0.328529844845214
"983","enu","3","neural tube development",-0.293929517675444,0.467776563378076,4.91666666666667,1.63888888888889,0.898816093742413,0.548430158893676,6,2,0.954989166637261,1,NA,"GO:0021915",55,"FALSE",-0.228362231104459,-0.0655672865709849,0.328529844845214
"984","enu","3","neuron apoptotic process",-0.617376735810629,0.602526372438709,6,2,1.20185042515466,0.600925212577332,8.75,2.91666666666667,0.362156616533682,1,NA,"GO:0051402",21,"FALSE",-0.16043226215424,-0.456944473656389,0.328529844845214
"985","enu","3","neuron death",-0.622918049064179,0.087808000196243,8.75,2.91666666666667,0.144337567297406,0.0494871659305394,13.6666666666667,4.55555555555556,0.267860378031982,1,NA,"GO:0070997",21,"FALSE",-0.117296984326837,-0.505621064737342,0.328529844845214
"986","enu","3","neuron projection organization",-0.226399305355234,0.0988553885764554,2.66666666666667,0.888888888888889,0.192450089729875,0.21650635094611,3,1,0.985329086787983,1,NA,"GO:0106027",81,"FALSE",-0.176622023156247,-0.0497772821989879,0.328529844845214
"987","enu","3","neurotrophin signaling pathway",0.222222222222222,0.192450089729875,0.666666666666667,0.222222222222222,0.192450089729875,0.866025403784439,0,0,0.999720913186947,1,NA,"GO:0038179",81,"FALSE",-0.157105670234433,0.379327892456655,0.328529844845214
"988","enu","3","non-membrane-bounded organelle assembly",-0.205089604857752,0.252787001774427,14.9166666666667,4.97222222222222,1.57306612608531,0.316370841000397,16.5,5.5,0.894153423559007,1,NA,"GO:0140694",85,"FALSE",-0.201126456963873,-0.00396314789387922,0.328529844845214
"989","enu","3","nonribosomal peptide biosynthetic process",0.305555555555556,0.0481125224324688,0.916666666666667,0.305555555555556,0.0481125224324688,0.157459164324443,0,0,0.977874742241536,1,NA,"GO:0019184",54,"FALSE",-0.0461152776976493,0.351670833253205,0.328529844845214
"990","enu","3","nuclear chromosome segregation",-0.112151997684754,0.430709559431999,14.25,4.75,2.24691146045213,0.473033991674132,14.25,4.75,0.776989156485551,1,NA,"GO:0098813",163,"FALSE",-0.15066279713551,0.0385107994507561,0.328529844845214
"991","enu","3","nuclear envelope organization",-0.154594791446313,0.445724351324796,2.66666666666667,0.888888888888889,0.509175077217316,0.57282196186948,2.75,0.916666666666667,0.976322366691575,1,NA,"GO:0006998",122,"FALSE",-0.0650723957765756,-0.0895223956697379,0.328529844845214
"992","enu","3","nuclear transport",-0.35709682396269,0.629141169041758,12.5,4.16666666666667,2.58736244937667,0.620966987850401,14.3333333333333,4.77777777777778,0.228687123690149,1,NA,"GO:0051169",42,"FALSE",-0.226241066957305,-0.130855757005385,0.328529844845214
"993","enu","3","nuclear-transcribed mRNA catabolic process",-0.242453826797202,0.169973116163217,5.5,1.83333333333333,0.288675134594813,0.157459164324443,6,2,0.810258676675468,1,NA,"GO:0000956",71,"FALSE",-0.190322037561296,-0.0521317892359057,0.328529844845214
"994","enu","3","nucleic acid transport",-0.0573139851559461,0.173393558251692,8.33333333333333,2.77777777777778,0.192450089729875,0.0692820323027551,7,2.33333333333333,0.138054535344497,1,NA,"GO:0050657",306,"FALSE",-0.119705087948468,0.0623911027925224,0.328529844845214
"995","enu","3","nucleocytoplasmic transport",-0.190874246800042,0.400824240536198,13.1666666666667,4.38888888888889,1.66944213347964,0.380379220286499,14.3333333333333,4.77777777777778,0.794984291306354,1,NA,"GO:0006913",93,"FALSE",-0.158804276022264,-0.0320699707777782,0.328529844845214
"996","enu","3","nucleotide catabolic process",-0.45334166650641,0.740953608948479,1.91666666666667,0.638888888888889,0.898816093742413,1.40684258150986,3,1,0.932501863582864,1,NA,"GO:0009166",31,"FALSE",-0.169832364318275,-0.283509302188135,0.328529844845214
"997","enu","3","nucleus organization",-0.407769444604703,0.506339665157091,3.75,1.25,0.939118972465387,0.75129517797231,4.91666666666667,1.63888888888889,0.711708439856596,1,NA,"GO:0006997",34,"FALSE",-0.174317698729776,-0.233451745874927,0.328529844845214
"998","enu","3","oligosaccharide-lipid intermediate biosynthetic process",0.222222222222222,0.192450089729875,0.666666666666667,0.222222222222222,0.192450089729875,0.866025403784439,0,0,0.99834219987172,1,NA,"GO:0006490",81,"FALSE",-0.246813297059092,0.469035519281314,0.328529844845214
"999","enu","3","one-carbon metabolic process",0.111111111111111,0.192450089729875,0.333333333333333,0.111111111111111,0.192450089729875,1.73205080756888,0,0,0.998952223489117,1,NA,"GO:0006730",163,"FALSE",-0.146528415417055,0.257639526528166,0.328529844845214
"1000","enu","3","organelle fission",-0.579891470498039,0.603786860370699,14.6666666666667,4.88888888888889,1.50308325094096,0.307448846783379,19.75,6.58333333333333,0.0613326256740454,1,NA,"GO:0048285",22,"FALSE",-0.153886322544768,-0.426005147953271,0.328529844845214
"1001","enu","3","organelle fusion",-0.1418758735551,0.0745572765031077,6.58333333333333,2.19444444444444,0.173472166622178,0.0790506075746633,6,2,0.487482323119632,1,NA,"GO:0048284",129,"FALSE",-0.271641585323827,0.129765711768727,0.328529844845214
"1002","enu","3","organelle inheritance",0.370551388969018,0.142844353578531,1.25,0.416666666666667,0.220479275922049,0.529150262212918,0,0,0.902411059377132,1,NA,"GO:0048308",39,"FALSE",-0.0109997105646809,0.381551099533699,0.328529844845214
"1003","enu","3","organelle localization by membrane tethering",-0.302923958193108,0.315484744876407,3,1,0.666666666666667,0.666666666666667,3,1,0.367001666314181,1,NA,"GO:0140056",54,"FALSE",-0.114051665620683,-0.188872292572425,0.328529844845214
"1004","enu","3","organophosphate catabolic process",-0.435450003926781,0.0439305441503764,4.5,1.5,0.166666666666667,0.111111111111111,6,2,0.64677849940658,1,NA,"GO:0046434",33,"FALSE",-0.295838459944295,-0.139611543982486,0.328529844845214
"1005","enu","3","organophosphate ester transport",-0.340587851169035,0.224225735970152,4.83333333333333,1.61111111111111,0.346944333244355,0.215344758565462,5.75,1.91666666666667,0.833958087155837,1,NA,"GO:0015748",43,"FALSE",-0.175609027139653,-0.164978824029381,0.328529844845214
"1006","enu","3","ossification",-0.114509779407766,0.0979433505018337,14.0833333333333,4.69444444444444,0.834721066739818,0.17781040474931,14.9166666666667,4.97222222222222,0.970207237886056,1,NA,"GO:0001503",163,"FALSE",-0.1513336863404,0.036823906932634,0.328529844845214
"1007","enu","3","osteoblast differentiation",-0.0958125892949099,0.33829423005348,7.75,2.58333333333333,0.520416499866533,0.201451548335432,8.25,2.75,0.984174078623539,1,NA,"GO:0001649",193,"FALSE",-0.127004057203979,0.0311914679090694,0.328529844845214
"1008","enu","3","oxidative phosphorylation",0.0130743051949771,0.108719115740119,7,2.33333333333333,0.333333333333333,0.142857142857143,6,2,0.772402451286039,1,NA,"GO:0006119",526,"FALSE",-0.250977246233925,0.264051551428902,0.328529844845214
"1009","enu","3","pentose-phosphate shunt",0.333333333333333,0.577350269189626,1.33333333333333,0.444444444444444,0.769800358919501,1.73205080756888,0,0,0.507444459922979,1,NA,"GO:0006098",47,"FALSE",-0.101109318241574,0.434442651574907,0.328529844845214
"1010","enu","3","peptidyl-lysine modification",-0.475589401999093,0.565077322831964,12.8333333333333,4.27777777777778,2.39405126960169,0.559648348738058,16.1666666666667,5.38888888888889,0.169816895625242,1,NA,"GO:0018205",28,"FALSE",-0.23217983408454,-0.243409567914552,0.328529844845214
"1011","enu","3","pericardium development",0.370551388969018,0.443296124361404,1.25,0.416666666666667,0.520416499866533,1.24899959967968,0,0,0.713885847793936,1,NA,"GO:0060039",39,"FALSE",-0.0747702545962429,0.445321643565261,0.328529844845214
"1012","enu","3","peroxisome organization",0.416666666666667,0.220479275922049,1.91666666666667,0.638888888888889,0.60284817817252,0.94358845279177,0.333333333333333,0.111111111111111,0.84226108895163,1,NA,"GO:0007031",34,"FALSE",-0.123083363123844,0.53975002979051,0.328529844845214
"1013","enu","3","phospholipid biosynthetic process",-0.439630342358869,0.319807976294603,8.58333333333333,2.86111111111111,0.728074579004509,0.254472668389925,10.6666666666667,3.55555555555556,0.479945869810071,1,NA,"GO:0008654",33,"FALSE",-0.0723237675026013,-0.367306574856267,0.328529844845214
"1014","enu","3","pigment accumulation",0.194444444444444,0.173472166622178,0.583333333333333,0.194444444444444,0.173472166622178,0.892142571199771,0,0,0.996938473996821,1,NA,"GO:0043476",93,"FALSE",0.183444733879764,0.0109997105646809,0.328529844845214
"1015","enu","3","pigmentation",0.0661791634610421,0.280530675006816,4.33333333333333,1.44444444444444,0.384900179459751,0.266469355010597,3.33333333333333,1.11111111111111,0.746321537309959,1,NA,"GO:0043473",265,"FALSE",-0.116347969614069,0.182527133075111,0.328529844845214
"1016","enu","3","pinocytosis",0.259440277857907,0.264286898902563,0.916666666666667,0.305555555555556,0.336787657027282,1.1022141502711,0,0,0.972034247784746,1,NA,"GO:0006907",66,"FALSE",-0.292548078343757,0.551988356201664,0.328529844845214
"1017","enu","3","placenta development",-0.309680645251108,0.459071908077609,4.58333333333333,1.52777777777778,0.647287788762836,0.423679279917493,5.5,1.83333333333333,0.879566411376071,1,NA,"GO:0001890",54,"FALSE",-0.175833773165954,-0.133846872085154,0.328529844845214
"1018","enu","3","plasma membrane tubulation",0.222222222222222,0.192450089729875,0.666666666666667,0.222222222222222,0.192450089729875,0.866025403784439,0,0,0.996813614894383,1,NA,"GO:0097320",81,"FALSE",-0.0840736700667162,0.306295892288938,0.328529844845214
"1019","enu","3","platelet-derived growth factor receptor signaling pathway",-0.36791979160657,0.28304296869121,1.75,0.583333333333333,0.220479275922049,0.377964473009227,2.75,0.916666666666667,0.995894633494385,1,NA,"GO:0048008",42,"FALSE",0.157702955177855,-0.525622746784425,0.328529844845214
"1020","enu","3","polyamine biosynthetic process",0.111111111111111,0.192450089729875,0.333333333333333,0.111111111111111,0.192450089729875,1.73205080756888,0,0,0.995983550524711,1,NA,"GO:0006596",163,"FALSE",-0.150552373823839,0.26166348493495,0.328529844845214
"1021","enu","3","polyamine metabolic process",0.111111111111111,0.192450089729875,0.333333333333333,0.111111111111111,0.192450089729875,1.73205080756888,0,0,0.999648964846063,1,NA,"GO:0006595",163,"FALSE",0.0293835635726614,0.0817275475384497,0.328529844845214
"1022","enu","3","polyol metabolic process",0.176106944524573,0.305026175482274,4.5,1.5,0.5,0.333333333333333,3,1,0.95363987150343,1,NA,"GO:0019751",105,"FALSE",-0.195509038334546,0.371615982859119,0.328529844845214
"1023","enu","3","positive regulation by host of viral process",0.277777777777778,0.254587538608658,0.833333333333333,0.277777777777778,0.254587538608658,0.916515138991168,0,0,0.962436393549521,1,NA,"GO:0044794",61,"FALSE",-0.341629096728728,0.619406874506506,0.328529844845214
"1024","enu","3","positive regulation of amide metabolic process",-0.215768929030527,0.560220945601708,5.83333333333333,1.94444444444444,0.822147143719375,0.422818531055678,6.33333333333333,2.11111111111111,0.714904230037212,1,NA,"GO:0034250",82,"FALSE",-0.199020405762353,-0.0167485232681739,0.328529844845214
"1025","enu","3","positive regulation of axonogenesis",0.132623264189371,0.459299340409634,4.16666666666667,1.38888888888889,0.673575314054563,0.484974226119286,3,1,0.99322503556123,1,NA,"GO:0050772",137,"FALSE",-0.0237234354976313,0.156346699687002,0.328529844845214
"1026","enu","3","positive regulation of cell projection organization",-0.359067794562844,0.491872585507765,11.9166666666667,3.97222222222222,1.89358077412825,0.476705649430889,14.3333333333333,4.77777777777778,0.611026082406887,1,NA,"GO:0031346",42,"FALSE",-0.083044552279697,-0.276023242283147,0.328529844845214
"1027","enu","3","positive regulation of cellular component biogenesis",-0.237079641801226,0.674202411192581,18.6666666666667,6.22222222222222,3.33888426695927,0.536606400047026,19.0833333333333,6.36111111111111,0.0464031115064776,1,NA,"GO:0044089",74,"FALSE",-0.255198534987784,0.0181188931865583,0.328529844845214
"1028","enu","3","positive regulation of epithelial to mesenchymal transition",-0.222222222222222,0.192450089729875,0.916666666666667,0.305555555555556,0.0481125224324688,0.157459164324443,1.58333333333333,0.527777777777778,0.97773756472498,1,NA,"GO:0010718",81,"FALSE",-0.228832774678802,0.00661055245657943,0.328529844845214
"1029","enu","3","positive regulation of establishment of protein localization",-0.666324460624274,0.19597898465228,7.83333333333333,2.61111111111111,0.346944333244355,0.132872297838264,12.3333333333333,4.11111111111111,0.204523990752217,1,NA,"GO:1904951",20,"FALSE",-0.116029641108706,-0.550294819515568,0.328529844845214
"1030","enu","3","positive regulation of GTPase activity",-0.0787556378783186,0.169474085941483,9.83333333333333,3.27777777777778,0.751541625470482,0.229283885736757,10,3.33333333333333,0.998029954616657,1,NA,"GO:0043547",241,"FALSE",-0.0779004528471992,-0.000855185031119379,0.328529844845214
"1031","enu","3","positive regulation of kinase activity",-0.232838296761721,0.320438967048164,12.3333333333333,4.11111111111111,0.838870492807861,0.204049579331642,14,4.66666666666667,0.683010399601073,1,NA,"GO:0033674",74,"FALSE",-0.196294796496876,-0.0365435002648457,0.328529844845214
"1032","enu","3","positive regulation of microtubule polymerization",0.222222222222222,0.192450089729875,0.666666666666667,0.222222222222222,0.192450089729875,0.866025403784439,0,0,0.999764958605649,1,NA,"GO:0031116",81,"FALSE",-0.117367503376642,0.339589725598864,0.328529844845214
"1033","enu","3","positive regulation of nervous system development",0.0707283282793332,0.405926873201505,11.6666666666667,3.88888888888889,1.64429428743875,0.422818531055678,9.08333333333333,3.02777777777778,0.432988181952391,1,NA,"GO:0051962",241,"FALSE",-0.268845825187233,0.339574153466567,0.328529844845214
"1034","enu","3","positive regulation of neurogenesis",-0.177962592580662,0.151325253464973,7.91666666666667,2.63888888888889,0.60284817817252,0.228447730675902,8.5,2.83333333333333,0.844411702556195,1,NA,"GO:0050769",105,"FALSE",-0.158589350471835,-0.0193732421088276,0.328529844845214
"1035","enu","3","positive regulation of neuron migration",0.277777777777778,0.254587538608658,0.833333333333333,0.277777777777778,0.254587538608658,0.916515138991168,0,0,0.966277210666788,1,NA,"GO:2001224",61,"FALSE",-0.11980885535874,0.397586633136518,0.328529844845214
"1036","enu","3","positive regulation of protein localization",-0.253423014544123,0.297310426331356,16.5,5.5,1.58989866902824,0.289072485277862,18.25,6.08333333333333,0.308543588335143,1,NA,"GO:1903829",66,"FALSE",-0.135268952948204,-0.118154061595919,0.328529844845214
"1037","enu","3","positive regulation of stem cell population maintenance",0.620551388969017,0.342769554690181,2.91666666666667,0.972222222222222,0.292657048690354,0.301018678652935,0.666666666666667,0.222222222222222,0.776052329484966,1,NA,"GO:1902459",21,"FALSE",-0.204794948046704,0.825346337015721,0.328529844845214
"1038","enu","3","positive regulation of viral process",0.0649958334134618,0.112576085752399,2.91666666666667,0.972222222222222,0.625462791622095,0.643333157097012,2.25,0.75,0.997990709477469,1,NA,"GO:0048524",265,"FALSE",0.106613995547408,-0.0416181621339467,0.328529844845214
"1039","enu","3","postsynapse organization",-0.0675302123202091,0.511588523983889,7.16666666666667,2.38888888888889,1.68599898949928,0.705767018860164,6,2,0.173345689772275,1,NA,"GO:0099173",265,"FALSE",-0.0844147890231102,0.0168845767029011,0.328529844845214
"1040","enu","3","proteasome-mediated ubiquitin-dependent protein catabolic process",-0.136262149652747,0.274940770065237,18.9166666666667,6.30555555555556,2.04180838510412,0.323811021426204,20,6.66666666666667,0.899466463065891,1,NA,"GO:0043161",137,"FALSE",-0.130640706568694,-0.00562144308405363,0.328529844845214
"1041","enu","3","protein autophosphorylation",-0.349349398176282,0.40485618014319,6.58333333333333,2.19444444444444,0.834721066739818,0.380379220286499,8.25,2.75,0.670678816848788,1,NA,"GO:0046777",43,"FALSE",-0.110074205431529,-0.239275192744753,0.328529844845214
"1042","enu","3","protein folding",-0.343180991932463,0.31209473945239,7.91666666666667,2.63888888888889,1.21430516635524,0.460157747250408,9.33333333333333,3.11111111111111,0.700778428093804,1,NA,"GO:0006457",43,"FALSE",-0.275338247210847,-0.0678427447216155,0.328529844845214
"1043","enu","3","protein glycosylation",0.175430323626843,0.402183951704557,11.1666666666667,3.72222222222222,0.751541625470482,0.201906705350279,8.5,2.83333333333333,0.463070007394175,1,NA,"GO:0006486",105,"FALSE",-0.206761367341631,0.382191690968474,0.328529844845214
"1044","enu","3","protein lipidation",0.0304093751402248,0.151677194765256,3.66666666666667,1.22222222222222,0.192450089729875,0.157459164324443,3,1,0.994439357901915,1,NA,"GO:0006497",385,"FALSE",-0.222686865349147,0.253096240489372,0.328529844845214
"1045","enu","3","protein localization to nucleus",-0.333729667588424,0.190561428359968,9.83333333333333,3.27777777777778,0.254587538608658,0.077670774490777,12.0833333333333,4.02777777777778,0.549219672250566,1,NA,"GO:0034504",47,"FALSE",-0.0926813035759379,-0.241048364012486,0.328529844845214
"1046","enu","3","protein neddylation",0.0833333333333333,0.144337567297406,0.583333333333333,0.194444444444444,0.173472166622178,0.892142571199771,0.333333333333333,0.111111111111111,0.997234728142859,1,NA,"GO:0045116",220,"FALSE",-0.00751661107694251,0.0908499444102758,0.328529844845214
"1047","enu","3","protein polyubiquitination",-0.252463878550861,0.202205146393364,8.83333333333333,2.94444444444444,0.917928424547684,0.311749276261477,10.5833333333333,3.52777777777778,0.992645218684284,1,NA,"GO:0000209",66,"FALSE",-0.199277056777058,-0.0531868217738028,0.328529844845214
"1048","enu","3","protein targeting",-0.373182986331465,0.500398582164221,11.5833333333333,3.86111111111111,1.90819383284395,0.494208474693398,14.5833333333333,4.86111111111111,0.47453069273568,1,NA,"GO:0006605",39,"FALSE",-0.222925343033458,-0.150257643298007,0.328529844845214
"1049","enu","3","protein transport to vacuole involved in ubiquitin-dependent protein catabolic process via the multivesicular body sorting pathway",0.222222222222222,0.384900179459751,0.666666666666667,0.222222222222222,0.384900179459751,1.73205080756888,0,0,0.9723950912348,1,NA,"GO:0043328",81,"FALSE",0.00704358968525511,0.215178632536967,0.328529844845214
"1050","enu","3","protein-containing complex localization",-0.0613938498332591,0.245297883590984,7.33333333333333,2.44444444444444,0.769800358919501,0.314918328648887,6.66666666666667,2.22222222222222,0.700610608520386,1,NA,"GO:0031503",265,"FALSE",-0.0280806022329035,-0.0333132476003556,0.328529844845214
"1051","enu","3","protein-DNA complex subunit organization",0.108586658166657,0.0993689546049496,10.0833333333333,3.36111111111111,0.529237746757157,0.157459164324443,8.5,2.83333333333333,0.954034392167552,1,NA,"GO:0071824",180,"FALSE",-0.145876744279077,0.254463402445735,0.328529844845214
"1052","enu","3","proton motive force-driven ATP synthesis",-0.0922305553952987,0.534324582720487,3.25,1.08333333333333,0.682112730989371,0.629642520913265,3,1,0.990267166821059,1,NA,"GO:0015986",193,"FALSE",-0.229314059996317,0.137083504601019,0.328529844845214
"1053","enu","3","proton transmembrane transport",-0.507351736291401,0.108423784099705,3.16666666666667,1.05555555555556,0.585314097380708,0.554508092255407,4.66666666666667,1.55555555555556,0.869051687774471,1,NA,"GO:1902600",26,"FALSE",-0.175451314330001,-0.3319004219614,0.328529844845214
"1054","enu","3","pteridine-containing compound metabolic process",0.326524652837874,0.323174109430072,1.08333333333333,0.361111111111111,0.375770812735241,1.04059609680528,0,0,0.976174957389229,1,NA,"GO:0042558",48,"FALSE",-0.255474422598546,0.58199907543642,0.328529844845214
"1055","enu","3","quinone biosynthetic process",0.111111111111111,0.192450089729875,0.333333333333333,0.111111111111111,0.192450089729875,1.73205080756888,0,0,0.998830992552975,1,NA,"GO:1901663",163,"FALSE",-0.35962824076745,0.470739351878561,0.328529844845214
"1056","enu","3","receptor metabolic process",-0.518337499919872,0.630277253984485,1.33333333333333,0.444444444444444,0.769800358919501,1.73205080756888,2.75,0.916666666666667,0.960448176409762,1,NA,"GO:0043112",26,"FALSE",-0.199913723907028,-0.318423776012843,0.328529844845214
"1057","enu","3","regulation of actin filament organization",-0.193093395585277,0.347638426756153,9.33333333333333,3.11111111111111,0.769800358919501,0.247435829652697,9.66666666666667,3.22222222222222,0.492581561394201,1,NA,"GO:0110053",93,"FALSE",-0.238008677331108,0.0449152817458304,0.328529844845214
"1058","enu","3","regulation of actin filament-based process",0.0273857464119078,0.299268436513753,15.75,5.25,1.6393596310755,0.312258977347714,14.5833333333333,4.86111111111111,0.953455517145953,1,NA,"GO:0032970",451,"FALSE",-0.132421203443804,0.159806949855712,0.328529844845214
"1059","enu","3","regulation of anatomical structure size",-0.430939085997824,0.651703790484419,13.6666666666667,4.55555555555556,2.54587538608658,0.55885069450681,16.6666666666667,5.55555555555556,0.0597743398884905,1,NA,"GO:0090066",33,"FALSE",-0.189399555999616,-0.241539529998208,0.328529844845214
"1060","enu","3","regulation of apoptotic signaling pathway",-0.441750645038867,0.265583686811089,11.5,3.83333333333333,0.600925212577331,0.156763098933217,15.5,5.16666666666667,0.355904029115869,1,NA,"GO:2001233",32,"FALSE",-0.163722376849839,-0.278028268189028,0.328529844845214
"1061","enu","3","regulation of ATP metabolic process",-0.86791979160657,0.228769631611705,0.5,0.166666666666667,0.288675134594813,1.73205080756888,3,1,0.816766514391024,1,NA,"GO:1903578",12,"FALSE",0.0141718110503007,-0.882091602656871,0.328529844845214
"1062","enu","3","regulation of ATP-dependent activity",-0.611111111111111,0.0962250448649376,1.16666666666667,0.388888888888889,0.0962250448649376,0.247435829652697,3,1,0.982460560415124,1,NA,"GO:0043462",21,"FALSE",-0.158105482930306,-0.453005628180805,0.328529844845214
"1063","enu","3","regulation of autophagosome maturation",0,0,0,0,0,NA,0,0,1,1,NA,"GO:1901096",747,"FALSE",0.207741609046698,-0.207741609046698,0.328529844845214
"1064","enu","3","regulation of autophagy",-0.261020199981645,0.235135648998457,11.9166666666667,3.97222222222222,0.292657048690354,0.0736759003695996,14.5833333333333,4.86111111111111,0.922148919830131,1,NA,"GO:0010506",63,"FALSE",-0.17351288698824,-0.0875073129934054,0.328529844845214
"1065","enu","3","regulation of binding",-0.395788019420826,0.10501663780989,10.75,3.58333333333333,0.721687836487032,0.201401256694056,14.3333333333333,4.77777777777778,0.727704041289729,1,NA,"GO:0051098",38,"FALSE",-0.10674390156115,-0.289044117859676,0.328529844845214
"1066","enu","3","regulation of carbohydrate metabolic process",-0.0717072954532226,0.423075402303023,6.91666666666667,2.30555555555556,1.04194440741728,0.451927694783399,6,2,0.810669948562558,1,NA,"GO:0006109",241,"FALSE",-0.108612018535345,0.0369047230821224,0.328529844845214
"1067","enu","3","regulation of cell cycle phase transition",-0.279073393013035,0.478281020129708,17.0833333333333,5.69444444444444,2.87751500301781,0.50531970784703,18.8333333333333,6.27777777777778,0.174615115235965,1,NA,"GO:1901987",61,"FALSE",-0.209718306663977,-0.0693550863490581,0.328529844845214
"1068","enu","3","regulation of cell division",-0.0822237589407162,0.62964707886768,6.66666666666667,2.22222222222222,1.17062819476142,0.526782687642637,6,2,0.858067062263511,1,NA,"GO:0051302",220,"FALSE",-0.208926822551658,0.126703063610942,0.328529844845214
"1069","enu","3","regulation of cell growth",-0.579891832614745,0.196621730008534,11.8333333333333,3.94444444444444,0.630989816200031,0.159969249177473,16.0833333333333,5.36111111111111,0.0689789846971994,1,NA,"GO:0001558",22,"FALSE",-0.195381346653814,-0.38451048596093,0.328529844845214
"1070","enu","3","regulation of cell morphogenesis",-0.426889662250151,0.491772617962887,7.5,2.5,0.927960727138337,0.371184290855335,10.3333333333333,3.44444444444444,0.498187152100896,1,NA,"GO:0022604",33,"FALSE",-0.0699339800462235,-0.356955682203928,0.328529844845214
"1071","enu","3","regulation of cell-substrate adhesion",-0.305322662045139,0.289664870114227,7.08333333333333,2.36111111111111,0.625462791622095,0.264901888216417,8.25,2.75,0.567168764071853,1,NA,"GO:0010810",54,"FALSE",-0.210573935259669,-0.0947487267854703,0.328529844845214
"1072","enu","3","regulation of cell-substrate junction assembly",-0.296115277697649,0.473591840778131,1.66666666666667,0.555555555555556,0.693888666488711,1.24899959967968,2.41666666666667,0.805555555555556,0.998334954493902,1,NA,"GO:0090109",55,"FALSE",-0.145804238789444,-0.150311038908206,0.328529844845214
"1073","enu","3","regulation of cell-substrate junction organization",-0.102621269790369,0.270438722821257,3.25,1.08333333333333,0.363241578628389,0.335299918733898,3,1,0.676862265898101,1,NA,"GO:0150116",180,"FALSE",-0.0823241114521555,-0.0202971583382139,0.328529844845214
"1074","enu","3","regulation of cellular component size",-0.0326355020543638,0.24698434363462,14,4.66666666666667,0.666666666666667,0.142857142857143,13.25,4.41666666666667,0.702381913648393,1,NA,"GO:0032535",385,"FALSE",-0.258056878047683,0.225421375993319,0.328529844845214
"1075","enu","3","regulation of chromosome organization",-0.44360440762435,0.597482539739657,8.41666666666667,2.80555555555556,1.50077140658223,0.534928422148123,11.25,3.75,0.307399969218301,1,NA,"GO:0033044",32,"FALSE",-0.281701757302595,-0.161902650321755,0.328529844845214
"1076","enu","3","regulation of chromosome segregation",-0.475396875380611,0.24476685924407,4,1.33333333333333,0.333333333333333,0.25,5.75,1.91666666666667,0.73361333316196,1,NA,"GO:0051983",28,"FALSE",-0.192466560875553,-0.282930314505058,0.328529844845214
"1077","enu","3","regulation of circadian rhythm",0.0581871529180026,0.378291244620387,4.08333333333333,1.36111111111111,0.529237746757157,0.388827732311381,3.33333333333333,1.11111111111111,0.997805676942189,1,NA,"GO:0042752",306,"FALSE",-0.252466359995472,0.310653512913475,0.328529844845214
"1078","enu","3","regulation of cysteine-type endopeptidase activity involved in apoptotic process",-0.355750697930518,0.632771093033171,6.5,2.16666666666667,1.25830573921179,0.580756495020827,7,2.33333333333333,0.514358148606093,1,NA,"GO:0043281",42,"FALSE",-0.358066305461704,0.0023156075311852,0.328529844845214
"1079","enu","3","regulation of cytokinesis",0.175842007257287,0.636022173736727,5.08333333333333,1.69444444444444,1.16765830872132,0.689109821540449,3,1,0.461824876522084,1,NA,"GO:0032465",105,"FALSE",-0.175106018589871,0.350948025847159,0.328529844845214
"1080","enu","3","regulation of DNA repair",-0.429786196879883,0.545754350880982,8.08333333333333,2.69444444444444,1.33420110650254,0.495167420970014,9.66666666666667,3.22222222222222,0.30856956158907,1,NA,"GO:0006282",33,"FALSE",-0.110520599165146,-0.319265597714738,0.328529844845214
"1081","enu","3","regulation of DNA replication",-0.845307990097989,0.44148360548623,2.91666666666667,0.972222222222222,0.708741712342949,0.728991475552747,6,2,0.182212619241576,1,NA,"GO:0006275",13,"FALSE",-0.0978054232459299,-0.747502566852059,0.328529844845214
"1082","enu","3","regulation of embryonic development",-0.337510416466346,0.132129737254249,2.33333333333333,0.777777777777778,0.192450089729875,0.247435829652697,3,1,0.94372393213162,1,NA,"GO:0045995",47,"FALSE",-0.322928350711951,-0.0145820657543947,0.328529844845214
"1083","enu","3","regulation of establishment of cell polarity",0.305555555555556,0.0481125224324688,0.916666666666667,0.305555555555556,0.0481125224324688,0.157459164324443,0,0,0.997567747008454,1,NA,"GO:2000114",54,"FALSE",-0.199299248883936,0.504854804439491,0.328529844845214
"1084","enu","3","regulation of extracellular matrix organization",-0.0183374999198716,0.223059782950738,2.91666666666667,0.972222222222222,0.625462791622095,0.643333157097012,2.5,0.833333333333333,0.998171738249883,1,NA,"GO:1903053",526,"FALSE",-0.521994526376498,0.503657026456626,0.328529844845214
"1085","enu","3","regulation of fibroblast migration",0.277777777777778,0.254587538608658,0.833333333333333,0.277777777777778,0.254587538608658,0.916515138991168,0,0,0.997841476452474,1,NA,"GO:0010762",61,"FALSE",0.0946684801976075,0.18310929758017,0.328529844845214
"1086","enu","3","regulation of fibroblast proliferation",-0.777777777777778,0.192450089729875,0.666666666666667,0.222222222222222,0.192450089729875,0.866025403784439,3,1,0.88306958643538,1,NA,"GO:0048145",13,"FALSE",-0.382609734773986,-0.395168043003792,0.328529844845214
"1087","enu","3","regulation of focal adhesion assembly",-0.0807017359708863,0.264914074425972,2.75,0.916666666666667,0.363241578628389,0.396263540321879,2.75,0.916666666666667,0.999864537322105,1,NA,"GO:0051893",220,"FALSE",-0.044804137445981,-0.0358975985249053,0.328529844845214
"1088","enu","3","regulation of G0 to G1 transition",0.166666666666667,0.288675134594813,2.08333333333333,0.694444444444444,0.336787657027282,0.484974226119286,1.25,0.416666666666667,0.473701537619747,1,NA,"GO:0070316",112,"FALSE",-0.174189021272856,0.340855687939523,0.328529844845214
"1089","enu","3","regulation of generation of precursor metabolites and energy",-0.371094444764959,0.594376408685237,3.58333333333333,1.19444444444444,0.834721066739818,0.698836241921708,4.91666666666667,1.63888888888889,0.91632472725908,1,NA,"GO:0043467",39,"FALSE",-0.0287401334389424,-0.342354311326016,0.328529844845214
"1090","enu","3","regulation of glucose metabolic process",-0.231119444284188,0.576820171081245,2.58333333333333,0.861111111111111,0.728074579004509,0.845505962714913,3,1,0.990899449741162,1,NA,"GO:0010906",74,"FALSE",-0.196364706681907,-0.034754737602281,0.328529844845214
"1091","enu","3","regulation of Golgi organization",0.111111111111111,0.192450089729875,0.333333333333333,0.111111111111111,0.192450089729875,1.73205080756888,0,0,0.998445312966093,1,NA,"GO:1903358",163,"FALSE",-0.280182003453469,0.39129311456458,0.328529844845214
"1092","enu","3","regulation of GTPase activity",-0.371142925082274,0.149141637911162,9.91666666666667,3.30555555555556,0.336787657027282,0.101885341621699,12.4166666666667,4.13888888888889,0.616252143100495,1,NA,"GO:0043087",39,"FALSE",-0.10807256881108,-0.263070356271194,0.328529844845214
"1093","enu","3","regulation of interferon-beta production",-0.0277777777777778,0.292657048690354,1.75,0.583333333333333,0.220479275922049,0.377964473009227,1.83333333333333,0.611111111111111,0.984228012401161,1,NA,"GO:0032648",451,"FALSE",-0.424621385998452,0.396843608220674,0.328529844845214
"1094","enu","3","regulation of intracellular protein transport",-0.544667010382783,0.723104898383257,7.41666666666667,2.47222222222222,1.63370177250362,0.66082318887787,9.66666666666667,3.22222222222222,0.187317112518812,1,NA,"GO:0033157",25,"FALSE",-0.387656340865986,-0.157010669516797,0.328529844845214
"1095","enu","3","regulation of intracellular steroid hormone receptor signaling pathway",-0.518337499919872,0.212215757758648,1.58333333333333,0.527777777777778,0.240562612162344,0.455802844097073,3,1,0.971121123517514,1,NA,"GO:0033143",26,"FALSE",-0.360677176579417,-0.157660323340454,0.328529844845214
"1096","enu","3","regulation of intracellular transport",-0.0953112453970642,0.416150470613971,14.1666666666667,4.72222222222222,1.93170429452375,0.409066791781499,13.6666666666667,4.55555555555556,0.563231951338816,1,NA,"GO:0032386",193,"FALSE",-0.197916030966571,0.102604785569507,0.328529844845214
"1097","enu","3","regulation of ketone biosynthetic process",0.277777777777778,0.254587538608658,0.833333333333333,0.277777777777778,0.254587538608658,0.916515138991168,0,0,0.972344481353707,1,NA,"GO:0010566",61,"FALSE",-0.165441377284767,0.443219155062544,0.328529844845214
"1098","enu","3","regulation of ligase activity",0.277777777777778,0.254587538608658,0.833333333333333,0.277777777777778,0.254587538608658,0.916515138991168,0,0,0.881676277268027,1,NA,"GO:0051340",61,"FALSE",0.0796272559126289,0.198150521865149,0.328529844845214
"1099","enu","3","regulation of membrane permeability",-0.40722638880876,0.312450544421531,1.91666666666667,0.638888888888889,0.375770812735241,0.588163011237769,3,1,0.991610376142161,1,NA,"GO:0090559",34,"FALSE",-0.00174574896138863,-0.405480639847372,0.328529844845214
"1100","enu","3","regulation of microtubule cytoskeleton organization",-0.71441111175214,0.125237256518638,3.33333333333333,1.11111111111111,0.192450089729875,0.173205080756888,6,2,0.432293094467286,1,NA,"GO:0070507",17,"FALSE",-0.250079897119785,-0.464331214632355,0.328529844845214
"1101","enu","3","regulation of microtubule depolymerization",0.398329166746796,0.43448857247102,1.33333333333333,0.444444444444444,0.509175077217316,1.14564392373896,0,0,0.776417728354813,1,NA,"GO:0031114",38,"FALSE",0.0175530069752743,0.380776159771521,0.328529844845214
"1102","enu","3","regulation of microtubule-based process",-0.245715772448995,0.233659774318694,9.08333333333333,3.02777777777778,0.867360833110889,0.28646779809167,9.41666666666667,3.13888888888889,0.535573546375826,1,NA,"GO:0032886",71,"FALSE",-0.104944245226175,-0.14077152722282,0.328529844845214
"1103","enu","3","regulation of mitochondrial fission",0.666666666666667,0.666666666666667,2.33333333333333,0.777777777777778,0.838870492807861,1.07854777646725,0,0,0.470512544695881,1,NA,"GO:0090140",20,"FALSE",-0.17291849058005,0.839585157246717,0.328529844845214
"1104","enu","3","regulation of mitochondrial membrane permeability",-0.330701735970886,0.424394325136237,2,0.666666666666667,0.333333333333333,0.5,2.75,0.916666666666667,0.949912092737826,1,NA,"GO:0046902",47,"FALSE",-0.290057116650895,-0.0406446193199911,0.328529844845214
"1105","enu","3","regulation of mitochondrial membrane potential",-0.0529239581931086,0.35142107212406,3.75,1.25,0.661437827766148,0.529150262212918,3,1,0.949665315388501,1,NA,"GO:0051881",306,"FALSE",-0.463351445214374,0.410427487021266,0.328529844845214
"1106","enu","3","regulation of ncRNA transcription",0.398329166746796,0.43448857247102,1.33333333333333,0.444444444444444,0.509175077217316,1.14564392373896,0,0,0.881138886043102,1,NA,"GO:0140747",38,"FALSE",-0.267594966309594,0.665924133056389,0.328529844845214
"1107","enu","3","regulation of neuron apoptotic process",-0.172292017114545,0.431957152016708,8.16666666666667,2.72222222222222,1.45614915800902,0.534911935595149,8.25,2.75,0.870964062220292,1,NA,"GO:0043523",105,"FALSE",-0.118323027333666,-0.0539689897808786,0.328529844845214
"1108","enu","3","regulation of neuron death",-0.134074786803313,0.132233715642655,10.3333333333333,3.44444444444444,0.38490017945975,0.11174521339154,10.9166666666667,3.63888888888889,0.913703626258725,1,NA,"GO:1901214",137,"FALSE",-0.22894993329637,0.0948751464930571,0.328529844845214
"1109","enu","3","regulation of neuron projection development",-0.227018299692762,0.528212189035152,15.1666666666667,5.05555555555556,1.4174834246859,0.280381336751057,17,5.66666666666667,0.530032976786516,1,NA,"GO:0010975",81,"FALSE",-0.188897987444276,-0.0381203122484861,0.328529844845214
"1110","enu","3","regulation of pinocytosis",0.243191319504541,0.21294563919848,0.833333333333333,0.277777777777778,0.254587538608658,0.916515138991168,0,0,0.911716441245678,1,NA,"GO:0048548",71,"FALSE",-0.00611249997329052,0.249303819477832,0.328529844845214
"1111","enu","3","regulation of plasma membrane bounded cell projection assembly",-0.340800030052092,0.996755482447307,6.75,2.25,1.74602723664641,0.776012105176184,7.33333333333333,2.44444444444444,0.284201861348515,1,NA,"GO:0120032",43,"FALSE",-0.314485686838058,-0.0263143432140344,0.328529844845214
"1112","enu","3","regulation of protein catabolic process",-0.576117272096651,0.0891924629438095,10.5833333333333,3.52777777777778,0.411073571859687,0.116524792023218,15.1666666666667,5.05555555555556,0.237875322641175,1,NA,"GO:0042176",22,"FALSE",-0.239437526956274,-0.336679745140377,0.328529844845214
"1113","enu","3","regulation of protein dephosphorylation",-0.404594791446313,0.239849278152973,2.16666666666667,0.722222222222222,0.254587538608658,0.352505822688911,3,1,0.911283351880015,1,NA,"GO:0035304",34,"FALSE",-0.240426857204507,-0.164167934241807,0.328529844845214
"1114","enu","3","regulation of protein modification by small protein conjugation or removal",-0.279772356187661,0.462330897257617,9.83333333333333,3.27777777777778,1.20569635634504,0.367839566342554,11,3.66666666666667,0.765442850684039,1,NA,"GO:1903320",61,"FALSE",-0.281890545764475,0.00211818957681348,0.328529844845214
"1115","enu","3","regulation of protein stability",-0.430374477694063,0.215669933563467,9.25,3.08333333333333,0.740682868109632,0.240221470738259,13.0833333333333,4.36111111111111,0.794497740414761,1,NA,"GO:0031647",33,"FALSE",-0.221162239902529,-0.209212237791534,0.328529844845214
"1116","enu","3","regulation of protein-containing complex assembly",-0.203012899546456,0.427212726614924,14.8333333333333,4.94444444444444,1.60150392282218,0.32389966978426,16.3333333333333,5.44444444444444,0.827543804075804,1,NA,"GO:0043254",85,"FALSE",-0.137538116410825,-0.0654747831356303,0.328529844845214
"1117","enu","3","regulation of response to DNA damage stimulus",-0.663672913581235,0.665722985344923,9,3,1.76383420737639,0.587944735792131,14,4.66666666666667,0.0967235992779014,1,NA,"GO:2001020",20,"FALSE",-0.135669906711046,-0.528003006870189,0.328529844845214
"1118","enu","3","regulation of small molecule metabolic process",0.0184766880947326,0.421468893124787,13,4.33333333333333,1.20185042515466,0.277350098112615,11.5833333333333,3.86111111111111,0.802630126968896,1,NA,"GO:0062012",526,"FALSE",-0.296491893199467,0.3149685812942,0.328529844845214
"1119","enu","3","regulation of stem cell differentiation",0.077067708633815,0.385634559123404,3.75,1.25,0.463980363569168,0.371184290855335,3,1,0.99789606609847,1,NA,"GO:2000736",241,"FALSE",-0.140520068356807,0.217587776990622,0.328529844845214
"1120","enu","3","regulation of steroid hormone biosynthetic process",0.111111111111111,0.192450089729875,0.333333333333333,0.111111111111111,0.192450089729875,1.73205080756888,0,0,0.995042190181711,1,NA,"GO:0090030",163,"FALSE",-0.14743802068977,0.258549131800881,0.328529844845214
"1121","enu","3","regulation of supramolecular fiber organization",-0.195106763556965,0.109800904301505,12.6666666666667,4.22222222222222,0.384900179459751,0.0911605688194146,14,4.66666666666667,0.745065532369537,1,NA,"GO:1902903",93,"FALSE",-0.155831351409303,-0.0392754121476613,0.328529844845214
"1122","enu","3","regulation of translational fidelity",0,0,0,0,0,NA,0,0,1,1,NA,"GO:0006450",747,"FALSE",-0.159147858712829,0.159147858712829,0.328529844845214
"1123","enu","3","regulation of type I interferon-mediated signaling pathway",0.0209690972823189,0.365238713057551,0.833333333333333,0.277777777777778,0.254587538608658,0.916515138991168,0.666666666666667,0.222222222222222,0.989248451685629,1,NA,"GO:0060338",451,"FALSE",-0.0137939858357755,0.0347630831180944,0.328529844845214
"1124","enu","3","regulation of ubiquitin-protein transferase activity",-0.0931809919324631,0.402983301022203,3.16666666666667,1.05555555555556,0.419435246403931,0.397359707119513,2.75,0.916666666666667,0.698889503362147,1,NA,"GO:0051438",193,"FALSE",-0.364062132588226,0.270881140655763,0.328529844845214
"1125","enu","3","regulation of vacuole organization",-0.370008333173076,0.20112471966695,1.91666666666667,0.638888888888889,0.375770812735241,0.588163011237769,2.75,0.916666666666667,0.978103987351475,1,NA,"GO:0044088",39,"FALSE",-0.147186230577807,-0.22282210259527,0.328529844845214
"1126","enu","3","release of cytochrome c from mitochondria",-0.268337499919872,0.351830195114692,1.58333333333333,0.527777777777778,0.411073571859687,0.778876241418355,2.25,0.75,0.993395965942925,1,NA,"GO:0001836",63,"FALSE",-0.136614031067769,-0.131723468852102,0.328529844845214
"1127","enu","3","renal system development",-0.533513527942726,0.413022365910943,8.41666666666667,2.80555555555556,0.502309481111809,0.179041003168566,10.6666666666667,3.55555555555556,0.0568920604345891,1,NA,"GO:0072001",25,"FALSE",-0.132946431326314,-0.400567096616412,0.328529844845214
"1128","enu","3","respiratory system development",0.0380083067272512,0.467662441522742,8.58333333333333,2.86111111111111,1.21430516635524,0.424417339696978,7,2.33333333333333,0.120046596193154,1,NA,"GO:0060541",385,"FALSE",-0.0923470528181241,0.130355359545375,0.328529844845214
"1129","enu","3","respiratory tube development",-0.373493148616989,0.116232801084819,5.16666666666667,1.72222222222222,0.254587538608658,0.14782502241793,6.33333333333333,2.11111111111111,0.613493863824988,1,NA,"GO:0030323",39,"FALSE",-0.245687908902834,-0.127805239714155,0.328529844845214
"1130","enu","3","response to acid chemical",-0.142425697770262,1.1193368812939,4.5,1.5,1.5,1,4,1.33333333333333,0.404506897552646,1,NA,"GO:0001101",129,"FALSE",-0.158754264353339,0.016328566583077,0.328529844845214
"1131","enu","3","response to amino acid",-0.111111111111111,0.192450089729875,3.25,1.08333333333333,0.363241578628389,0.335299918733898,3.33333333333333,1.11111111111111,0.998001529427327,1,NA,"GO:0043200",163,"FALSE",-0.387145391930189,0.276034280819078,0.328529844845214
"1132","enu","3","response to amino acid starvation",-0.0901420138287922,0.53715655516636,2.66666666666667,0.888888888888889,0.509175077217316,0.57282196186948,2.5,0.833333333333333,0.909101297251448,1,NA,"GO:1990928",193,"FALSE",-0.0332289219632813,-0.0569130918655109,0.328529844845214
"1133","enu","3","response to arsenic-containing substance",0.722765278018164,0.420874431852534,2.58333333333333,0.861111111111111,0.554860676539949,0.644354334046393,0,0,0.430833002621151,1,NA,"GO:0046685",16,"FALSE",-0.0248464589217355,0.7476117369399,0.328529844845214
"1134","enu","3","response to endoplasmic reticulum stress",-0.35083079643311,0.38402736421156,8.91666666666667,2.97222222222222,1.17949298586456,0.396838761599292,11.25,3.75,0.75818193099136,1,NA,"GO:0034976",42,"FALSE",-0.233411702423547,-0.117419094009564,0.328529844845214
"1135","enu","3","response to fluid shear stress",0.308187152918003,0.274946879015005,1.75,0.583333333333333,0.220479275922049,0.377964473009227,0.583333333333333,0.194444444444444,0.705027726734877,1,NA,"GO:0034405",54,"FALSE",-0.32767337985666,0.635860532774664,0.328529844845214
"1136","enu","3","response to insulin",-0.129619585141645,0.440026401053685,9.66666666666667,3.22222222222222,1.57527187541754,0.488877478577856,10,3.33333333333333,0.977735101200336,1,NA,"GO:0032868",156,"FALSE",-0.182616771168809,0.0529971860271633,0.328529844845214
"1137","enu","3","response to ionizing radiation",-0.473308333814104,0.392065825265444,4.08333333333333,1.36111111111111,0.625462791622095,0.459523683640723,6.33333333333333,2.11111111111111,0.868049829402609,1,NA,"GO:0010212",28,"FALSE",-0.207746842119787,-0.265561491694317,0.328529844845214
"1138","enu","3","response to oxidative stress",-0.235470449361253,0.393838207758998,16.25,5.41666666666667,1.88377575924289,0.347773986321764,17.3333333333333,5.77777777777778,0.339068456825749,1,NA,"GO:0006979",74,"FALSE",-0.167841308533979,-0.0676291408272743,0.328529844845214
"1139","enu","3","response to oxygen levels",-0.380840606841477,0.818189154329344,10.0833333333333,3.36111111111111,1.8640110077564,0.554581787431657,11.8333333333333,3.94444444444444,0.21917399712125,1,NA,"GO:0070482",38,"FALSE",-0.143000674569339,-0.237839932272138,0.328529844845214
"1140","enu","3","response to reactive oxygen species",-0.473670489537088,0.44884756604935,5.83333333333333,1.94444444444444,0.481125224324688,0.247435829652697,7.91666666666667,2.63888888888889,0.347821291634118,1,NA,"GO:0000302",28,"FALSE",-0.149790253374694,-0.323880236162394,0.328529844845214
"1141","enu","3","response to sterol depletion",0.287218055635684,0.267162291360244,1,0.333333333333333,0.333333333333333,1,0,0,0.858929961883159,1,NA,"GO:0006991",57,"FALSE",-0.0633222100912191,0.350540265726904,0.328529844845214
"1142","enu","3","response to topologically incorrect protein",-0.43490694813084,0.469891427259889,5.33333333333333,1.77777777777778,1.07151675122144,0.60272817256206,7,2.33333333333333,0.764108815484802,1,NA,"GO:0035966",33,"FALSE",-0.213315657884173,-0.221591290246667,0.328529844845214
"1143","enu","3","response to transforming growth factor beta",-0.201938624209783,0.339766649030973,10,3.33333333333333,0.881917103688197,0.264575131106459,10.6666666666667,3.55555555555556,0.700532610696716,1,NA,"GO:0071559",85,"FALSE",-0.132274012565181,-0.0696646116446018,0.328529844845214
"1144","enu","3","response to UV",-0.294569791927085,0.663682685997484,5.66666666666667,1.88888888888889,1.26197963240006,0.668106864211797,6.33333333333333,2.11111111111111,0.743936481148668,1,NA,"GO:0009411",55,"FALSE",-0.211038604357244,-0.083531187569841,0.328529844845214
"1145","enu","3","response to virus",-0.181076671345458,0.301148059654858,13.25,4.41666666666667,0.845740963757685,0.19148852009608,14.3333333333333,4.77777777777778,0.836375652875239,1,NA,"GO:0009615",99,"FALSE",-0.135607964305646,-0.0454687070398121,0.328529844845214
"1146","enu","3","rhythmic process",-0.182511499577886,0.12416217226814,9.66666666666667,3.22222222222222,0.38490017945975,0.119451779832336,10.9166666666667,3.63888888888889,0.886139003467429,1,NA,"GO:0048511",99,"FALSE",-0.291792557550925,0.10928105797304,0.328529844845214
"1147","enu","3","ribonucleoprotein complex assembly",-0.312809308444489,0.443459918484018,7.33333333333333,2.44444444444444,0.962250448649376,0.393647910811109,8.83333333333333,2.94444444444444,0.697968333371887,1,NA,"GO:0022618",49,"FALSE",-0.138114161173142,-0.174695147271348,0.328529844845214
"1148","enu","3","ribonucleoprotein complex subunit organization",-0.0896441830510908,0.322970361814229,9,3,0.666666666666667,0.222222222222222,9.33333333333333,3.11111111111111,0.989070301797735,1,NA,"GO:0071826",220,"FALSE",-0.0815562738984727,-0.00808790915261813,0.328529844845214
"1149","enu","3","ribonucleotide metabolic process",-0.106502974726457,0.303568813031865,16.5,5.5,1.58989866902824,0.289072485277862,17,5.66666666666667,0.888123162713852,1,NA,"GO:0009259",180,"FALSE",0.0241547712283503,-0.130657745954807,0.328529844845214
"1150","enu","3","ribose phosphate metabolic process",-0.498700081875522,0.405429730723102,12.5833333333333,4.19444444444444,0.834721066739818,0.199006347037307,17.6666666666667,5.88888888888889,0.246136479124828,1,NA,"GO:0019693",27,"FALSE",-0.117325666997565,-0.381374414877957,0.328529844845214
"1151","enu","3","ribosomal subunit export from nucleus",0.194444444444444,0.173472166622178,0.583333333333333,0.194444444444444,0.173472166622178,0.892142571199771,0,0,0.997795959723398,1,NA,"GO:0000054",93,"FALSE",0.068929282520923,0.125515161923521,0.328529844845214
"1152","enu","3","ribosome assembly",-0.111111111111111,0.509175077217316,3.33333333333333,1.11111111111111,0.838870492807861,0.754983443527075,2.75,0.916666666666667,0.882886691038275,1,NA,"GO:0042255",163,"FALSE",-0.239085237807533,0.127974126696422,0.328529844845214
"1153","enu","3","ribosome biogenesis",0.0552319293652831,0.581540459314105,15.75,5.25,1.72199819331432,0.327999655869394,13.6666666666667,4.55555555555556,0.469240290893777,1,NA,"GO:0042254",306,"FALSE",-0.233018206485219,0.288250135850502,0.328529844845214
"1154","enu","3","ribosome localization",0.305555555555556,0.0481125224324688,0.916666666666667,0.305555555555556,0.0481125224324688,0.157459164324443,0,0,0.970772009697749,1,NA,"GO:0033750",54,"FALSE",0.00166388894230801,0.303891666613248,0.328529844845214
"1155","enu","3","RNA localization",0.105485760663233,0.147063688946371,10.0833333333333,3.36111111111111,0.625462791622095,0.186088103292524,8.25,2.75,0.819447988993095,1,NA,"GO:0006403",180,"FALSE",-0.143737498295575,0.249223258958808,0.328529844845214
"1156","enu","3","RNA transport",-0.177193056116455,0.0847462454962113,5.58333333333333,1.86111111111111,0.336787657027282,0.180960532134062,6,2,0.96945147343581,1,NA,"GO:0050658",105,"FALSE",-0.2885387457243,0.111345689607845,0.328529844845214
"1157","enu","3","roof of mouth development",-0.16403506930422,0.311090356447301,2.75,0.916666666666667,0.363241578628389,0.396263540321879,3,1,0.997821916370564,1,NA,"GO:0060021",112,"FALSE",-0.196904582989822,0.0328695136856025,0.328529844845214
"1158","enu","3","rRNA metabolic process",-0.203684959733897,0.106696872407269,9.91666666666667,3.30555555555556,0.0481125224324689,0.0145550488030998,11.5,3.83333333333333,0.965118000985398,1,NA,"GO:0016072",85,"FALSE",-0.0418342605242952,-0.161850699209601,0.328529844845214
"1159","enu","3","Schwann cell differentiation",0.5,0.166666666666667,1.5,0.5,0.166666666666667,0.333333333333333,0,0,0.993184755674991,1,NA,"GO:0014037",26,"FALSE",-0.347192012947218,0.847192012947218,0.328529844845214
"1160","enu","3","semaphorin-plexin signaling pathway involved in neuron projection guidance",0,0,0,0,0,NA,0,0,1,1,NA,"GO:1902285",747,"FALSE",-0.110110996539073,0.110110996539073,0.328529844845214
"1161","enu","3","seminiferous tubule development",0.194444444444444,0.173472166622178,0.583333333333333,0.194444444444444,0.173472166622178,0.892142571199771,0,0,0.997635393247006,1,NA,"GO:0072520",93,"FALSE",-0.136361747761975,0.33080619220642,0.328529844845214
"1162","enu","3","signal peptide processing",0.194444444444444,0.173472166622178,0.583333333333333,0.194444444444444,0.173472166622178,0.892142571199771,0,0,0.993584425996804,1,NA,"GO:0006465",93,"FALSE",0.0549940405439245,0.13945040390052,0.328529844845214
"1163","enu","3","signal transduction in response to DNA damage",-0.0508354166266024,0.441157611726613,7.58333333333333,2.52777777777778,0.647287788762836,0.256069894455627,7.66666666666667,2.55555555555556,0.991104934848954,1,NA,"GO:0042770",306,"FALSE",-0.357905099840796,0.307069683214194,0.328529844845214
"1164","enu","3","sister chromatid segregation",-0.0405217131855723,0.513277800226311,12,4,1.66666666666667,0.416666666666667,11.5,3.83333333333333,0.852231046193721,1,NA,"GO:0000819",347,"FALSE",-0.182188650030266,0.141666936844694,0.328529844845214
"1165","enu","3","small molecule catabolic process",-0.650430889574672,0.318020915751137,8.08333333333333,2.69444444444444,0.958635218152078,0.355782142819328,13.6666666666667,4.55555555555556,0.212960892072304,1,NA,"GO:0044282",20,"FALSE",-0.363067047246672,-0.287363842328,0.328529844845214
"1166","enu","3","smoothened signaling pathway involved in dorsal/ventral neural tube patterning",0.194444444444444,0.173472166622178,0.583333333333333,0.194444444444444,0.173472166622178,0.892142571199771,0,0,0.996994296105263,1,NA,"GO:0060831",93,"FALSE",-0.0414856480680199,0.235930092512464,0.328529844845214
"1167","enu","3","sphingomyelin biosynthetic process",0.222222222222222,0.384900179459751,0.666666666666667,0.222222222222222,0.384900179459751,1.73205080756888,0,0,0.931828695992444,1,NA,"GO:0006686",81,"FALSE",0.33844791561148,-0.116225693389258,0.328529844845214
"1168","enu","3","spindle localization",-0.351670833253205,0.111971474645761,1.33333333333333,0.444444444444444,0.384900179459751,0.866025403784439,2.25,0.75,0.993782233272526,1,NA,"GO:0051653",42,"FALSE",-0.0903964510413039,-0.261274382211901,0.328529844845214
"1169","enu","3","stem cell differentiation",-0.446797923278236,0.652646463201161,7.41666666666667,2.47222222222222,1.32375028416043,0.535449553143544,8.75,2.91666666666667,0.193085186563291,1,NA,"GO:0048863",32,"FALSE",-0.273727445420593,-0.173070477857643,0.328529844845214
"1170","enu","3","stem cell population maintenance",-0.174826396021293,0.375733595787538,6.66666666666667,2.22222222222222,0.693888666488711,0.31224989991992,6.33333333333333,2.11111111111111,0.444647469130565,1,NA,"GO:0019827",105,"FALSE",-0.337353392360868,0.162526996339574,0.328529844845214
"1171","enu","3","sterol biosynthetic process",0.0304093751402251,0.795002227013524,2.58333333333333,0.861111111111111,0.473853391923111,0.550281358362322,2.25,0.75,0.910668210527583,1,NA,"GO:0016126",385,"FALSE",-0.196568209511383,0.226977584651608,0.328529844845214
"1172","enu","3","stress granule assembly",0.194444444444444,0.173472166622178,0.583333333333333,0.194444444444444,0.173472166622178,0.892142571199771,0,0,0.999843586810297,1,NA,"GO:0034063",93,"FALSE",-0.376869492759277,0.571313937203722,0.328529844845214
"1173","enu","3","substantia nigra development",-0.129448611030982,0.284042609187032,1,0.333333333333333,0.333333333333333,1,1.25,0.416666666666667,0.867672835003663,1,NA,"GO:0021762",156,"FALSE",-0.165689121633569,0.0362405106025872,0.328529844845214
"1174","enu","3","substrate adhesion-dependent cell spreading",0,0,3.58333333333333,1.19444444444444,0.173472166622178,0.14523251159066,3,1,0.993086773023358,1,NA,"GO:0034446",747,"FALSE",-0.237565837428483,0.237565837428483,0.328529844845214
"1175","enu","3","sulfur compound metabolic process",-0.776704847447266,0.156589432655801,5.58333333333333,1.86111111111111,0.55486067653995,0.298134094857286,10.6666666666667,3.55555555555556,0.161421211259897,1,NA,"GO:0006790",13,"FALSE",-0.229615596218363,-0.547089251228903,0.328529844845214
"1176","enu","3","suppression of viral release by host",0.111111111111111,0.192450089729875,0.333333333333333,0.111111111111111,0.192450089729875,1.73205080756888,0,0,0.998355510981062,1,NA,"GO:0044790",163,"FALSE",0.0994152200242615,0.0116958910868496,0.328529844845214
"1177","enu","3","synaptic vesicle lumen acidification",0.243191319504541,0.21294563919848,0.833333333333333,0.277777777777778,0.254587538608658,0.916515138991168,0,0,0.928391556979617,1,NA,"GO:0097401",71,"FALSE",-0.0579156250200323,0.301106944524573,0.328529844845214
"1178","enu","3","telomerase RNA localization to Cajal body",0.111111111111111,0.192450089729875,0.333333333333333,0.111111111111111,0.192450089729875,1.73205080756888,0,0,0.999560206888601,1,NA,"GO:0090671",163,"FALSE",-0.273811922518418,0.384923033629529,0.328529844845214
"1179","enu","3","telomere maintenance",0.0233592201782158,0.564903974261124,7.83333333333333,2.61111111111111,1.27293769304329,0.487508052654877,6,2,0.524918083411927,1,NA,"GO:0000723",451,"FALSE",-0.144892691629843,0.168251911808059,0.328529844845214
"1180","enu","3","telomere organization",-0.147191061717453,0.170046097697628,7,2.33333333333333,0.333333333333333,0.142857142857143,7.66666666666667,2.55555555555556,0.986244440158179,1,NA,"GO:0032200",129,"FALSE",-0.224494871049676,0.0773038093322229,0.328529844845214
"1181","enu","3","toxin transport",0.333333333333333,0.333333333333333,1.33333333333333,0.444444444444444,0.384900179459751,0.866025403784439,0.333333333333333,0.111111111111111,0.994756831173215,1,NA,"GO:1901998",47,"FALSE",-0.1532281273975,0.486561460730834,0.328529844845214
"1182","enu","3","trabecula morphogenesis",0.194444444444444,0.502309481111809,0.916666666666667,0.305555555555556,0.336787657027282,1.1022141502711,0.333333333333333,0.111111111111111,0.997018153720788,1,NA,"GO:0061383",93,"FALSE",-0.248523539089509,0.442967983533954,0.328529844845214
"1183","enu","3","tube closure",0.0513784724225433,0.50439540229619,3.83333333333333,1.27777777777778,0.53575837561072,0.419289163521433,3.33333333333333,1.11111111111111,0.998127589240123,1,NA,"GO:0060606",306,"FALSE",-0.0667751967101963,0.11815366913274,0.328529844845214
"1184","enu","3","U2-type prespliceosome assembly",0.326524652837874,0.323174109430072,1.08333333333333,0.361111111111111,0.375770812735241,1.04059609680528,0,0,0.971469144540821,1,NA,"GO:1903241",48,"FALSE",-0.07002411894856,0.396548771786434,0.328529844845214
"1185","enu","3","ubiquinone biosynthetic process",0.194444444444444,0.173472166622178,0.583333333333333,0.194444444444444,0.173472166622178,0.892142571199771,0,0,0.998869055602831,1,NA,"GO:0006744",93,"FALSE",0.131216956208824,0.0632274882356209,0.328529844845214
"1186","enu","3","ubiquinone metabolic process",0.416666666666667,0.520416499866533,1.58333333333333,0.527777777777778,0.708741712342948,1.34287903391296,0,0,0.508865035145845,1,NA,"GO:0006743",34,"FALSE",-0.0974032408208693,0.514069907487536,0.328529844845214
"1187","enu","3","UV-damage excision repair",0.194444444444444,0.173472166622178,0.583333333333333,0.194444444444444,0.173472166622178,0.892142571199771,0,0,0.986867084736237,1,NA,"GO:0070914",93,"FALSE",-0.0326649883691684,0.227109432813613,0.328529844845214
"1188","enu","3","vacuolar acidification",0.305555555555556,0.0481125224324688,0.916666666666667,0.305555555555556,0.0481125224324688,0.157459164324443,0,0,0.999145016121115,1,NA,"GO:0007035",54,"FALSE",-0.0055973380497691,0.311152893605325,0.328529844845214
"1189","enu","3","vacuolar transport",-0.335964930695781,0.169308525363357,5.08333333333333,1.69444444444444,0.0481125224324688,0.028394275533916,6.66666666666667,2.22222222222222,0.924980387851261,1,NA,"GO:0007034",47,"FALSE",-0.0385259916172888,-0.297438939078492,0.328529844845214
"1190","enu","3","vacuole organization",-0.154594791446313,0.563805339565595,8.58333333333333,2.86111111111111,1.37521042160962,0.480656069688799,9.08333333333333,3.02777777777778,0.870245559188876,1,NA,"GO:0007033",122,"FALSE",-0.183667681007274,0.0290728895609608,0.328529844845214
"1191","enu","3","vasculogenesis",-0.472222222222222,0.411073571859687,1.58333333333333,0.527777777777778,0.411073571859687,0.778876241418355,3,1,0.980823459803824,1,NA,"GO:0001570",28,"FALSE",-0.533435923450098,0.0612137012278754,0.328529844845214
"1192","enu","3","vesicle localization",-0.378808336779343,0.133337328524709,6.75,2.25,0.661437827766148,0.293972367896066,7.91666666666667,2.63888888888889,0.279303325168794,1,NA,"GO:0051648",39,"FALSE",-0.340692808049192,-0.0381155287301511,0.328529844845214
"1193","enu","3","vesicle organization",-0.198749669266186,0.309355538838347,14,4.66666666666667,1.52752523165195,0.327326835353989,14.9166666666667,4.97222222222222,0.49532442030457,1,NA,"GO:0016050",93,"FALSE",-0.170914428828588,-0.0278352404375984,0.328529844845214
"1194","enu","3","viral process",-0.18983630805979,0.335548238278922,15.1666666666667,5.05555555555556,1.7821127702606,0.352505822688911,16.6666666666667,5.55555555555556,0.893431417592021,1,NA,"GO:0016032",99,"FALSE",-0.217344059436093,0.027507751376303,0.328529844845214
"1195","enu","3","viral release from host cell",0.437635763948986,0.180657109179237,1.41666666666667,0.472222222222222,0.240562612162344,0.509426708108493,0,0,0.900350936222389,1,NA,"GO:0019076",33,"FALSE",-0.100133788887856,0.537769552836842,0.328529844845214
"1196","enu","3","water-soluble vitamin metabolic process",-0.351670833253205,0.603946603751931,1.83333333333333,0.611111111111111,0.673575314054563,1.1022141502711,2.75,0.916666666666667,0.972401079516895,1,NA,"GO:0006767",42,"FALSE",-0.158089779220704,-0.193581054032501,0.328529844845214
"1197","enu","3","Wnt signaling pathway",-0.274538650166637,0.273183622832665,16,5.33333333333333,1.20185042515466,0.225346954716499,17.9166666666667,5.97222222222222,0.265976051888684,1,NA,"GO:0016055",61,"FALSE",-0.1711731095269,-0.103365540639737,0.328529844845214
"1198","enu","6","actin filament organization",-0.418500141491949,0.266346412293135,27.1833333333333,9.06111111111111,3.29436949511896,0.363572353845134,37.9833333333333,12.6611111111111,0.000633961327150086,0.0715387362070927,NA,"GO:0007015",34,"FALSE",-0.219467511866355,-0.199032629625594,0.328529844845214
"1199","enu","6","alcohol biosynthetic process",-0.32742339907675,0.330525424817085,9.58333333333333,3.19444444444444,1.46802336241376,0.45955513953822,12.1666666666667,4.05555555555556,0.4800333149618,0.999999999999971,NA,"GO:0046165",48,"FALSE",-0.27544455872224,-0.0519788403545103,0.328529844845214
"1200","enu","6","amino sugar biosynthetic process",0.216775277825855,0.356475543655694,0.6,0.2,0.346410161513775,1.73205080756888,0.166666666666667,0.0555555555555556,0.980902195058131,0.999999999999971,NA,"GO:0046349",82,"FALSE",-0.0264947915378888,0.243270069363744,0.328529844845214
"1201","enu","6","aminoglycan biosynthetic process",-0.122273855991835,0.469972748403488,5.58333333333333,1.86111111111111,1.54635173996853,0.830875561774136,5.66666666666667,1.88888888888889,0.968995385670149,0.999999999999971,NA,"GO:0006023",156,"FALSE",-0.445793585608851,0.323519729617016,0.328529844845214
"1202","enu","6","apoptotic mitochondrial changes",0.0986274977415717,0.499437950127927,10.75,3.58333333333333,1.37689263682153,0.384249107950193,9.16666666666667,3.05555555555556,0.630047758155029,0.999999999999971,NA,"GO:0008637",193,"FALSE",-0.296878308437545,0.395505806179117,0.328529844845214
"1203","enu","6","appendage development",-0.145970516037638,0.407797009371706,13.9166666666667,4.63888888888889,2.07554098258029,0.447422008220902,14.8666666666667,4.95555555555556,0.754976921624729,0.999999999999971,NA,"GO:0048736",129,"FALSE",-0.439890657384186,0.293920141346548,0.328529844845214
"1204","enu","6","aromatic compound catabolic process",-0.135611834675931,0.107972431009958,37.1833333333333,12.3944444444444,4.54515411465067,0.366708982804626,42.7666666666667,14.2555555555556,0.684349124436009,0.999999999999971,NA,"GO:0019439",137,"FALSE",-0.223694312639848,0.0880824779639171,0.328529844845214
"1205","enu","6","ATP metabolic process",-0.568988747838944,0.0827072407761632,11.9833333333333,3.99444444444444,1.09928427894059,0.275203296535891,19.4333333333333,6.47777777777778,0.0135864032215789,0.258141661209999,NA,"GO:0046034",22,"FALSE",-0.206838878904254,-0.36214986893469,0.328529844845214
"1206","enu","6","autophagosome maturation",-0.370459514133281,0.251751962932608,3.21666666666667,1.07222222222222,0.515410659715288,0.480693879527211,5.21666666666667,1.73888888888889,0.985879910633233,0.999999999999971,NA,"GO:0097352",39,"FALSE",-0.138001045711869,-0.232458468421412,0.328529844845214
"1207","enu","6","autophagy of mitochondrion",-0.0547918158853076,0.0908962604173836,8.95,2.98333333333333,1.14054080739504,0.382304181249735,9.45,3.15,0.983430201907818,0.999999999999971,NA,"GO:0000422",306,"FALSE",-0.245593048843374,0.190801232958066,0.328529844845214
"1208","enu","6","axon extension",-0.176105879393162,0.369352693283565,8.33333333333333,2.77777777777778,0.947706783846221,0.34117444218464,9.45,3.15,0.593764240113331,0.999999999999971,NA,"GO:0048675",105,"FALSE",-0.087553335182997,-0.0885525442101646,0.328529844845214
"1209","enu","6","basement membrane organization",-0.0583709025894759,0.315101655456781,2.76666666666667,0.922222222222222,0.291229831601804,0.315791383664606,2.91666666666667,0.972222222222222,0.983670757851892,0.999999999999971,NA,"GO:0071711",306,"FALSE",0.0020562941967726,-0.0604271967862485,0.328529844845214
"1210","enu","6","biological process involved in interaction with host",-0.000641199181770369,0.21406296762158,16.75,5.58333333333333,2.18422373701353,0.391204251405408,16.5166666666667,5.50555555555556,0.643846620293799,0.999999999999971,NA,"GO:0051701",632,"FALSE",-0.237731697016964,0.237090497835193,0.328529844845214
"1211","enu","6","body morphogenesis",-0.0880598810136605,0.235865195628344,3.46666666666667,1.15555555555556,0.350132250146416,0.302999062626706,3.5,1.16666666666667,0.728736894951745,0.999999999999971,NA,"GO:0010171",220,"FALSE",-0.130421970447319,0.0423620894336586,0.328529844845214
"1212","enu","6","bone development",-0.306874263645119,0.213441158370647,15.0666666666667,5.02222222222222,2.35615820383129,0.469146545010655,19.0166666666667,6.33888888888889,0.57652365244886,0.999999999999971,NA,"GO:0060348",54,"FALSE",-0.0925495377452642,-0.214324725899854,0.328529844845214
"1213","enu","6","branched-chain amino acid metabolic process",-0.282006494680403,0.200736209732521,1.71666666666667,0.572222222222222,0.286905585192786,0.501388401307781,2.5,0.833333333333333,0.791843132923819,0.999999999999971,NA,"GO:0009081",57,"FALSE",-0.136491757449885,-0.145514737230518,0.328529844845214
"1214","enu","6","carbohydrate derivative catabolic process",-0.340471026218911,0.267238019739319,10.6666666666667,3.55555555555556,0.509175077217316,0.14320549046737,14.45,4.81666666666667,0.373094104836239,0.999999999999971,NA,"GO:1901136",43,"FALSE",-0.29038029015894,-0.0500907360599704,0.328529844845214
"1215","enu","6","carbohydrate derivative transport",-0.132640071628236,0.269743067146801,5.16666666666667,1.72222222222222,0.254587538608658,0.14782502241793,6.16666666666667,2.05555555555556,0.970889333568024,0.999999999999971,NA,"GO:1901264",137,"FALSE",-0.335083520070506,0.20244344844227,0.328529844845214
"1216","enu","6","cell cycle checkpoint signaling",-0.201357197881926,0.419062457165399,16.1166666666667,5.37222222222222,0.256218945724449,0.0476932887594631,19.8,6.6,0.283980112045909,0.999999999999971,NA,"GO:0000075",85,"FALSE",-0.256609727111149,0.0552525292292224,0.328529844845214
"1217","enu","6","cell cycle G1/S phase transition",-0.0954157232530574,0.30158316342955,20.4833333333333,6.82777777777778,0.874060342013914,0.128015347080964,24.2,8.06666666666667,0.695391395146941,0.999999999999971,NA,"GO:0044843",193,"FALSE",-0.143108383022367,0.0476926597693092,0.328529844845214
"1218","enu","6","cell cycle G2/M phase transition",-0.320467126533673,0.324010468187607,12.6666666666667,4.22222222222222,1.49381440663875,0.353798148940757,15.7,5.23333333333333,0.532629584899399,0.999999999999971,NA,"GO:0044839",48,"FALSE",-0.287965375310664,-0.0325017512230089,0.328529844845214
"1219","enu","6","cell growth",-0.343539098367699,0.0393685047419457,30.6166666666667,10.2055555555556,2.95833724569381,0.289875179218773,41.7833333333333,13.9277777777778,0.0224355382095435,0.393695154123141,NA,"GO:0016049",43,"FALSE",-0.205877136992237,-0.137661961375462,0.328529844845214
"1220","enu","6","cell migration involved in heart development",0.532497916706731,0.494136462652531,2.23333333333333,0.744444444444444,0.309719108105919,0.4160405929781,0.866666666666667,0.288888888888889,0.970970825486005,0.999999999999971,NA,"GO:0060973",25,"FALSE",-0.095747237311229,0.62824515401796,0.328529844845214
"1221","enu","6","cell redox homeostasis",-0.359440277857907,0.184887528559364,2.35,0.783333333333333,0.202072594216369,0.257965013893237,3.86666666666667,1.28888888888889,0.958586433928312,0.999999999999971,NA,"GO:0045454",42,"FALSE",0.0352785296484944,-0.394718807506401,0.328529844845214
"1222","enu","6","cell-cell signaling by wnt",-0.155144497405764,0.147080632134877,33.0833333333333,11.0277777777778,1.97964175584409,0.179514113880069,39.5166666666667,13.1722222222222,0.365306169352244,0.999999999999971,NA,"GO:0198738",122,"FALSE",-0.151612732785564,-0.00353176462020033,0.328529844845214
"1223","enu","6","cell-substrate adhesion",-0.0774475912808572,0.142463696586978,25.8833333333333,8.62777777777778,2.88224128324032,0.334065312931911,28.0166666666667,9.33888888888889,0.593936536659925,0.999999999999971,NA,"GO:0031589",241,"FALSE",-0.235818374318985,0.158370783038127,0.328529844845214
"1224","enu","6","cell-substrate junction assembly",-0.108729143582532,0.196310235081965,7.46666666666667,2.48888888888889,0.428606700488576,0.172208049303446,8.83333333333333,2.94444444444444,0.981100191286651,0.999999999999971,NA,"GO:0007044",180,"FALSE",-0.00347237470664927,-0.105256768875883,0.328529844845214
"1225","enu","6","cell-substrate junction organization",-0.192041052996729,0.35855217918525,8.28333333333333,2.76111111111111,0.928908160352987,0.336425490671102,9.2,3.06666666666667,0.538351298860407,0.999999999999971,NA,"GO:0150115",93,"FALSE",-0.0432627793050764,-0.148778273691653,0.328529844845214
"1226","enu","6","cellular carbohydrate metabolic process",-0.151851920430795,0.213015986359776,21.3,7.1,2.97153159162072,0.418525576284609,24.2833333333333,8.09444444444444,0.653478972093168,0.999999999999971,NA,"GO:0044262",122,"FALSE",-0.137000019658762,-0.0148519007720332,0.328529844845214
"1227","enu","6","cellular component disassembly",-0.363844570244774,0.180009124678639,32.95,10.9833333333333,3.19778569221474,0.291148924936092,44.9,14.9666666666667,0.0026280692649175,0.0953272397001892,NA,"GO:0022411",42,"FALSE",-0.226338595984807,-0.137505974259967,0.328529844845214
"1228","enu","6","cellular lipid catabolic process",-0.0921542902584649,0.17461540708695,15.8,5.26666666666667,1.10151410945722,0.209148248631118,18.0333333333333,6.01111111111111,0.83713971843553,0.999999999999971,NA,"GO:0044242",193,"FALSE",-0.206528584705036,0.114374294446571,0.328529844845214
"1229","enu","6","cellular metabolic compound salvage",-0.356808680495459,0.307561327688816,1.23333333333333,0.411111111111111,0.0838870492807861,0.204049579331642,2.5,0.833333333333333,0.998482489381032,0.999999999999971,NA,"GO:0043094",42,"FALSE",-0.352845004498734,-0.00396367599672548,0.328529844845214
"1230","enu","6","cellular nitrogen compound catabolic process",-0.44623912614505,0.140571694043701,29.05,9.68333333333333,3.87631698050267,0.400308121910775,42.1166666666667,14.0388888888889,0.00553889430440048,0.166151349159362,NA,"GO:0044270",32,"FALSE",-0.204793052480125,-0.241446073664925,0.328529844845214
"1231","enu","6","cellular pigment accumulation",0.677050972310364,0.284214631848832,1.88333333333333,0.627777777777778,0.327589399729013,0.521823822577188,0,0,0.794527004752296,0.999999999999971,NA,"GO:0043482",20,"FALSE",-0.309542062572241,0.986593034882605,0.328529844845214
"1232","enu","6","cellular pigmentation",-0.193443439269079,0.254204609317096,4.6,1.53333333333333,0.503322295684717,0.328253671098728,5.86666666666667,1.95555555555556,0.981658545252968,0.999999999999971,NA,"GO:0033059",93,"FALSE",0.0146352190330728,-0.208078658302151,0.328529844845214
"1233","enu","6","cellular respiration",-0.0692422123213532,0.299572703268894,21.5333333333333,7.17777777777778,1.86944238071539,0.260448628892237,23.9333333333333,7.97777777777778,0.485671379021186,0.999999999999971,NA,"GO:0045333",265,"FALSE",-0.214148875888996,0.144906663567643,0.328529844845214
"1234","enu","6","cellular response to acid chemical",-0.4733409400891,0.159172158650549,5.26666666666667,1.75555555555556,0.844151996143226,0.48084607375247,7.91666666666667,2.63888888888889,0.497552266840947,0.999999999999971,NA,"GO:0071229",28,"FALSE",-0.313592612845591,-0.159748327243509,0.328529844845214
"1235","enu","6","cellular response to arsenic-containing substance",0.0150709008103327,0.429513946917691,1.38333333333333,0.461111111111111,0.296429368265647,0.642858870937547,1.23333333333333,0.411111111111111,0.884789628773172,0.999999999999971,NA,"GO:0071243",526,"FALSE",-0.310231385586577,0.32530228639691,0.328529844845214
"1236","enu","6","cellular response to chemical stress",-0.37381045981366,0.112816007314342,21.75,7.25,2.2220486043289,0.306489462666055,29.95,9.98333333333333,0.0336262628212696,0.458303057360046,NA,"GO:0062197",39,"FALSE",-0.192763024429798,-0.181047435383862,0.328529844845214
"1237","enu","6","cellular response to dsRNA",-0.0451712499118584,0.347404987560631,1.51666666666667,0.505555555555556,0.223813745316485,0.442708507219422,1.8,0.6,0.955102764452485,0.999999999999971,NA,"GO:0071359",347,"FALSE",0.0275506955645886,-0.072721945476447,0.328529844845214
"1238","enu","6","cellular response to external stimulus",-0.153381808286351,0.263165030276421,25.1,8.36666666666667,2.60832002126528,0.311751396963978,29.45,9.81666666666667,0.383577611487959,0.999999999999971,NA,"GO:0071496",122,"FALSE",-0.234624844841174,0.0812430365548225,0.328529844845214
"1239","enu","6","cellular response to extracellular stimulus",-0.313223254788574,0.292715230836715,17.6333333333333,5.87777777777778,1.69651058002836,0.288631289607849,22.5833333333333,7.52777777777778,0.121903890776573,0.810660873664208,NA,"GO:0031668",49,"FALSE",-0.14441874060968,-0.168804514178894,0.328529844845214
"1240","enu","6","cellular response to fluid shear stress",0.393408541822918,0.327192763328784,2.38333333333333,0.794444444444445,0.0419435246403931,0.0527960450018934,1.23333333333333,0.411111111111111,0.991970287447465,0.999999999999971,NA,"GO:0071498",38,"FALSE",0.0341940949850705,0.359214446837847,0.328529844845214
"1241","enu","6","cellular response to heat",-0.167506166735538,0.20494606663631,5.36666666666667,1.78888888888889,0.683401080652524,0.38202544881197,5.83333333333333,1.94444444444444,0.872990632501816,0.999999999999971,NA,"GO:0034605",112,"FALSE",-0.281788947626165,0.114282780890627,0.328529844845214
"1242","enu","6","cellular response to insulin stimulus",-0.393680770125334,0.147789425688653,12.8833333333333,4.29444444444444,1.84212538279182,0.42895545782992,17.75,5.91666666666667,0.203662564601937,0.999999999999971,NA,"GO:0032869",38,"FALSE",-0.262873877919428,-0.130806892205906,0.328529844845214
"1243","enu","6","cellular response to ketone",-0.141378331329831,0.219315512617936,7.76666666666667,2.58888888888889,0.083887049280786,0.0324027228981577,9.03333333333333,3.01111111111111,0.792917327130443,0.999999999999971,NA,"GO:1901655",129,"FALSE",-0.0305198327346971,-0.110858498595134,0.328529844845214
"1244","enu","6","cellular response to oxygen levels",-0.476845332777297,0.221678476756568,9.71666666666667,3.23888888888889,1.75010581690662,0.540341418598955,14.5,4.83333333333333,0.36958591468569,0.999999999999971,NA,"GO:0071453",28,"FALSE",-0.197412571001347,-0.27943276177595,0.328529844845214
"1245","enu","6","cellular response to sterol depletion",0.19277361119124,0.136896385660689,1.08333333333333,0.361111111111111,0.42763345328724,1.18421571679543,0.666666666666667,0.222222222222222,0.999777275957203,0.999999999999971,NA,"GO:0071501",93,"FALSE",-0.393465823535753,0.586239434726993,0.328529844845214
"1246","enu","6","cellular response to topologically incorrect protein",-0.267433585556115,0.396163544354689,9.7,3.23333333333333,1.53731367434669,0.475457837426813,11.55,3.85,0.471512681283026,0.999999999999971,NA,"GO:0035967",63,"FALSE",-0.240550676383236,-0.0268829091728786,0.328529844845214
"1247","enu","6","cellular response to transforming growth factor beta stimulus",-0.0764825964309469,0.321998375749128,19.7833333333333,6.59444444444444,0.640384722329158,0.0971097304290214,22.7166666666667,7.57222222222222,0.752380316748991,0.999999999999971,NA,"GO:0071560",241,"FALSE",-0.203668980568527,0.12718638413758,0.328529844845214
"1248","enu","6","cellular response to UV",0.00143786862737412,0.281282448090922,8.66666666666667,2.88888888888889,0.346944333244355,0.120096115353815,9.2,3.06666666666667,0.973715572013295,0.999999999999971,NA,"GO:0034644",632,"FALSE",-0.208139318060968,0.209577186688342,0.328529844845214
"1249","enu","6","cellular senescence",-0.144456182229042,0.208942394950458,8.26666666666667,2.75555555555556,1.34012160863331,0.486334454745959,8.63333333333333,2.87777777777778,0.734892903629718,0.999999999999971,NA,"GO:0090398",129,"FALSE",-0.288051765310723,0.143595583081681,0.328529844845214
"1250","enu","6","centromere complex assembly",-0.0600933696122938,0.0536189853797012,3.16666666666667,1.05555555555556,0.0962250448649377,0.0911605688194146,3.16666666666667,1.05555555555556,0.94395322218048,0.999999999999971,NA,"GO:0034508",265,"FALSE",-0.277336547314658,0.217243177702364,0.328529844845214
"1251","enu","6","centrosome localization",-0.387670661395147,0.333019283685488,1.81666666666667,0.605555555555556,0.491690206592789,0.811965478777082,3,1,0.974784267808904,0.999999999999971,NA,"GO:0051642",38,"FALSE",-0.0285632061389531,-0.359107455256194,0.328529844845214
"1252","enu","6","chaperone-mediated autophagy",0.326524652837875,0.407102240463763,1.45,0.483333333333333,0.275378527364305,0.569748677305459,0.666666666666667,0.222222222222222,0.873521426933869,0.999999999999971,NA,"GO:0061684",48,"FALSE",-0.285350297750688,0.611874950588563,0.328529844845214
"1253","enu","6","chondrocyte differentiation",-0.493388033000366,0.247036253337141,7.16666666666667,2.38888888888889,0.673575314054563,0.281961759371678,11.05,3.68333333333333,0.425696074643046,0.999999999999971,NA,"GO:0002062",27,"FALSE",-0.148104489131029,-0.345283543869337,0.328529844845214
"1254","enu","6","chromatin remodeling",-0.317564070123165,0.148961132888172,26.5666666666667,8.85555555555556,3.60498625877075,0.407087532358052,34.1,11.3666666666667,0.126509255377219,0.822601139096883,NA,"GO:0006338",49,"FALSE",-0.252588936202573,-0.0649751339205916,0.328529844845214
"1255","enu","6","chromosome localization",-0.391833573341567,0.0489544515217925,6.53333333333333,2.17777777777778,0.666944386598174,0.306249973437937,8.66666666666667,2.88888888888889,0.428174160322718,0.999999999999971,NA,"GO:0050000",38,"FALSE",-0.2476210906641,-0.144212482677468,0.328529844845214
"1256","enu","6","chromosome segregation",-0.153205249720991,0.0734286082172304,35.1666666666667,11.7222222222222,3.14613225217061,0.268390429095124,41.1666666666667,13.7222222222222,0.287727777453463,0.999999999999971,NA,"GO:0007059",122,"FALSE",-0.234831902985345,0.0816266532643548,0.328529844845214
"1257","enu","6","cilium assembly",-0.313821079986626,0.164868322465419,23.6,7.86666666666667,1.18462370959446,0.150587759694211,30.4833333333333,10.1611111111111,0.0324261833264298,0.458303057360046,NA,"GO:0060271",49,"FALSE",-0.144145386399885,-0.169675693586741,0.328529844845214
"1258","enu","6","cilium organization",-0.479100539721402,0.0820849048472626,22.1333333333333,7.37777777777778,1.70630638558305,0.231276467925413,32.5666666666667,10.8555555555556,0.000717180312853059,0.0715387362070927,NA,"GO:0044782",28,"FALSE",-0.150033119617288,-0.329067420104114,0.328529844845214
"1259","enu","6","circadian regulation of gene expression",-0.261928366615004,0.142043000791745,5.25,1.75,0.433012701892219,0.247435829652697,6.53333333333333,2.17777777777778,0.836988252702275,0.999999999999971,NA,"GO:0032922",63,"FALSE",-0.315459552601754,0.0535311859867499,0.328529844845214
"1260","enu","6","clathrin-dependent endocytosis",-0.188923786335051,0.154088515003256,3.05,1.01666666666667,0.419324854180304,0.412450676242922,3.53333333333333,1.17777777777778,0.937428754398026,0.999999999999971,NA,"GO:0072583",99,"FALSE",-0.447382735082133,0.258458948747082,0.328529844845214
"1261","enu","6","collagen fibril organization",0.0659231248758007,0.158432725703741,6.16666666666667,2.05555555555556,0.585314097380708,0.28474739872575,5.75,1.91666666666667,0.99711216403958,0.999999999999971,NA,"GO:0030199",265,"FALSE",-0.403381598594888,0.469304723470689,0.328529844845214
"1262","enu","6","connective tissue development",-0.074192021945255,0.142272495325233,21,7,2.17944947177034,0.31134992453862,23.4166666666667,7.80555555555556,0.955969293001336,0.999999999999971,NA,"GO:0061448",241,"FALSE",-0.096384271733417,0.0221922497881619,0.328529844845214
"1263","enu","6","COPII vesicle coating",-0.0554469443963674,0.239590378181812,2.48333333333333,0.827777777777778,0.575020128472168,0.694655188758323,2.5,0.833333333333333,0.999077537960231,0.999999999999971,NA,"GO:0048208",306,"FALSE",-0.195339177922617,0.13989223352625,0.328529844845214
"1264","enu","6","cortical cytoskeleton organization",-0.537126180799948,0.486536491945388,2.35,0.783333333333333,0.407226390762354,0.519863477568962,4.43333333333333,1.47777777777778,0.540213510865932,0.999999999999971,NA,"GO:0030865",25,"FALSE",-0.153640049062875,-0.383486131737074,0.328529844845214
"1265","enu","6","cytoplasmic translation",-0.0806481453086065,0.195969059647599,15.3,5.1,1.38924439894498,0.272400862538231,16.4,5.46666666666667,0.794091684693707,0.999999999999971,NA,"GO:0002181",220,"FALSE",-0.106805242694181,0.0261570973855746,0.328529844845214
"1266","enu","6","defense response to virus",-0.174632129562598,0.0475795488372397,20.9333333333333,6.97777777777778,2.2326698848721,0.319968614074028,25.5833333333333,8.52777777777778,0.947878527881044,0.999999999999971,NA,"GO:0051607",105,"FALSE",-0.283830318977787,0.109198189415189,0.328529844845214
"1267","enu","6","dephosphorylation",0.0689969633889383,0.278578249971075,29.7833333333333,9.92777777777778,3.84477760277689,0.387274744543839,29.0833333333333,9.69444444444444,0.53447922422173,0.999999999999971,NA,"GO:0016311",265,"FALSE",-0.169159511153769,0.238156474542708,0.328529844845214
"1268","enu","6","developmental growth involved in morphogenesis",-0.32464850558151,0.115309278750942,13.4166666666667,4.47222222222222,1.52828274483099,0.341727818719973,17.55,5.85,0.426107684552728,0.999999999999971,NA,"GO:0060560",48,"FALSE",-0.435246757269799,0.110598251688289,0.328529844845214
"1269","enu","6","dicarboxylic acid metabolic process",-0.241730073778584,0.30051190924372,6.15,2.05,1.1651180197731,0.568350253547856,7.71666666666667,2.57222222222222,0.937950100878475,0.999999999999971,NA,"GO:0043648",71,"FALSE",-0.120011924342107,-0.121718149436477,0.328529844845214
"1270","enu","6","DNA conformation change",-0.0289546990739851,0.240291736355454,8.36666666666667,2.78888888888889,0.774835705404939,0.277829535802568,8.63333333333333,2.87777777777778,0.879192006976328,0.999999999999971,NA,"GO:0071103",451,"FALSE",-0.252152017344716,0.223197318270731,0.328529844845214
"1271","enu","6","DNA replication",-0.321906789519809,0.0878868886356333,22.0833333333333,7.36111111111111,2.35751359919097,0.32026599838066,29,9.66666666666667,0.192996672317233,0.987252208392001,NA,"GO:0006260",48,"FALSE",-0.155742536342122,-0.166164253177687,0.328529844845214
"1272","enu","6","DNA-templated transcription elongation",-0.333202704668462,0.0689465042026132,9.75,3.25,1.14564392373896,0.352505822688911,13.0666666666667,4.35555555555556,0.51367881647044,0.999999999999971,NA,"GO:0006354",47,"FALSE",-0.200539582757344,-0.132663121911118,0.328529844845214
"1273","enu","6","double-strand break repair",-0.203252128223741,0.109830060977413,25.15,8.38333333333333,3.12503333315556,0.372767395605037,30.4,10.1333333333333,0.685656114843037,0.999999999999971,NA,"GO:0006302",85,"FALSE",-0.0843539829445483,-0.118898145279193,0.328529844845214
"1274","enu","6","embryonic body morphogenesis",0.261111111111111,0.293604672482751,0.983333333333333,0.327777777777778,0.0751541625470483,0.229283885736757,0.5,0.166666666666667,0.9995360020568,0.999999999999971,NA,"GO:0010172",63,"FALSE",-0.262004573409226,0.523115684520337,0.328529844845214
"1275","enu","6","embryonic organ development",-0.397065762329127,0.424554247376785,27.3666666666667,9.12222222222222,4.58382825610662,0.502490308221189,35.0833333333333,11.6944444444444,0.0235369306676227,0.393695154123141,NA,"GO:0048568",38,"FALSE",-0.149952046985227,-0.247113715343901,0.328529844845214
"1276","enu","6","epigenetic regulation of gene expression",-0.00464482389421713,0.323040820786695,16.1833333333333,5.39444444444444,1.24836930670612,0.231417585177242,16.6833333333333,5.56111111111111,0.446094339082532,0.999999999999971,NA,"GO:0040029",632,"FALSE",-0.211582631961614,0.206937808067397,0.328529844845214
"1277","enu","6","erythrocyte differentiation",-0.177189583801999,0.142885634528483,10.3,3.43333333333333,0.929157324317757,0.270628346888667,11.75,3.91666666666667,0.775614996015093,0.999999999999971,NA,"GO:0030218",105,"FALSE",-0.158099189737919,-0.0190903940640802,0.328529844845214
"1278","enu","6","establishment of mitotic spindle localization",0.103358402829861,0.38524563088959,4.7,1.56666666666667,0.814452781524708,0.519863477568962,3.9,1.3,0.964964739552838,0.999999999999971,NA,"GO:0040001",180,"FALSE",-0.00269302329971363,0.106051426129575,0.328529844845214
"1279","enu","6","establishment of organelle localization",-0.131880068933098,0.326101312096115,35,11.6666666666667,1.52752523165195,0.130930734141595,41.5666666666667,13.8555555555556,0.0379239464815202,0.458303057360046,NA,"GO:0051656",137,"FALSE",-0.160029875963079,0.0281498070299805,0.328529844845214
"1280","enu","6","establishment of protein localization to membrane",-0.274801670956313,0.454025347549099,22.6666666666667,7.55555555555556,3.21599014186807,0.425645754070774,26.9833333333333,8.99444444444445,0.00789502409909948,0.196882163471293,NA,"GO:0090150",61,"FALSE",-0.234262798486696,-0.040538872469617,0.328529844845214
"1281","enu","6","establishment of protein localization to organelle",-0.146393683396401,0.0715747126880384,37.75,12.5833333333333,4.14075274960161,0.329066443676949,44.3333333333333,14.7777777777778,0.745331893437771,0.999999999999971,NA,"GO:0072594",129,"FALSE",-0.225449541996406,0.079055858600005,0.328529844845214
"1282","enu","6","establishment or maintenance of cell polarity",-0.444549122196189,0.261386161374322,13.85,4.61666666666667,2.07143267651482,0.448685778306458,20.4166666666667,6.80555555555556,0.131980380140811,0.835875740891803,NA,"GO:0007163",32,"FALSE",-0.120400639948212,-0.324148482247977,0.328529844845214
"1283","enu","6","establishment or maintenance of epithelial cell apical/basal polarity",-0.0635422224786332,0.235916387023947,4.28333333333333,1.42777777777778,0.352110041722018,0.246614037003748,4.23333333333333,1.41111111111111,0.99370749710654,0.999999999999971,NA,"GO:0045197",265,"FALSE",-0.221650470649916,0.158108248171283,0.328529844845214
"1284","enu","6","ether lipid biosynthetic process",0.240107116382631,0.121761005061513,0.866666666666667,0.288888888888889,0.342106762629792,1.18421571679544,0.166666666666667,0.0555555555555556,0.961622015768752,0.999999999999971,NA,"GO:0008611",71,"FALSE",-0.136179712127022,0.376286828509653,0.328529844845214
"1285","enu","6","exit from host cell",-0.0939530224181165,0.320771545558065,2.26666666666667,0.755555555555556,0.844151996143226,1.11725999489545,2.25,0.75,0.904382643469311,0.999999999999971,NA,"GO:0035891",193,"FALSE",-0.107531670778492,0.0135786483603756,0.328529844845214
"1286","enu","6","exosomal secretion",0.244444444444444,0.40322771803609,1.33333333333333,0.444444444444444,0.509175077217316,1.14564392373896,0.7,0.233333333333333,0.96767032058973,0.999999999999971,NA,"GO:1990182",71,"FALSE",-0.316620575511905,0.56106501995635,0.328529844845214
"1287","enu","6","extracellular matrix assembly",-0.0178111804473822,0.469514811327017,3.53333333333333,1.17777777777778,0.666944386598174,0.566273535790903,3.16666666666667,1.05555555555556,0.987438120431484,0.999999999999971,NA,"GO:0085029",526,"FALSE",-0.279234267341417,0.261423086894034,0.328529844845214
"1288","enu","6","extracellular vesicle biogenesis",0.19277361119124,0.136896385660689,2.66666666666667,0.888888888888889,0.346944333244355,0.3903123748999,2.05,0.683333333333333,0.999995476840292,0.999999999999971,NA,"GO:0140112",93,"FALSE",-0.373257921885395,0.566031533076635,0.328529844845214
"1289","enu","6","face development",-0.181079203218065,0.51639339085756,4.26666666666667,1.42222222222222,0.786223980903755,0.552813736572953,4.6,1.53333333333333,0.733366328428779,0.999999999999971,NA,"GO:0060324",99,"FALSE",-0.331776314165073,0.150697110947008,0.328529844845214
"1290","enu","6","fat cell differentiation",-0.170493935070115,0.185647458718819,16.6333333333333,5.54444444444444,2.02219169696131,0.364723953359755,20.1666666666667,6.72222222222222,0.876491059492267,0.999999999999971,NA,"GO:0045444",105,"FALSE",-0.0755843077505658,-0.094909627319549,0.328529844845214
"1291","enu","6","fatty acid beta-oxidation",-0.0717864239016252,0.454226543320617,6.63333333333333,2.21111111111111,0.516756264632599,0.233708863401678,7.51666666666667,2.50555555555556,0.695227686130096,0.999999999999971,NA,"GO:0006635",241,"FALSE",-0.223220773743764,0.151434349842138,0.328529844845214
"1292","enu","6","fibroblast migration",0.0158130099979431,0.13787723725353,6.18333333333333,2.06111111111111,0.714985107330009,0.346893043987605,5.13333333333333,1.71111111111111,0.65153986237023,0.999999999999971,NA,"GO:0010761",526,"FALSE",-0.325704550382028,0.341517560379971,0.328529844845214
"1293","enu","6","fibroblast proliferation",-0.379725922555942,0.168096685254139,8.2,2.73333333333333,1.0785793124909,0.394602187496669,9.98333333333333,3.32777777777778,0.127822733393501,0.822601139096883,NA,"GO:0048144",39,"FALSE",-0.184457214938743,-0.195268707617198,0.328529844845214
"1294","enu","6","folic acid metabolic process",0.393609027817842,0.417532099804991,1.81666666666667,0.605555555555556,0.182827585243381,0.301917113245951,0.866666666666667,0.288888888888889,0.981901202392936,0.999999999999971,NA,"GO:0046655",38,"FALSE",-0.59318724532384,0.986796273141682,0.328529844845214
"1295","enu","6","G0 to G1 transition",0.192665000032051,0.0978518359293257,3.98333333333333,1.32777777777778,0.54526582032511,0.410660450454057,3.28333333333333,1.09444444444444,0.996326569243514,0.999999999999971,NA,"GO:0045023",93,"FALSE",-0.31126522029149,0.503930220323541,0.328529844845214
"1296","enu","6","glial cell apoptotic process",0.104720138928953,0.242954182795463,1.15,0.383333333333333,0.125830573921179,0.328253671098728,1.06666666666667,0.355555555555556,0.999982142902365,0.999999999999971,NA,"GO:0034349",180,"FALSE",-0.0208915178828986,0.125611656811852,0.328529844845214
"1297","enu","6","glycerol ether biosynthetic process",0.344444444444444,0.214303350244288,0.733333333333333,0.244444444444444,0.214303350244288,0.876695523726632,0,0,0.99994493803229,0.999999999999971,NA,"GO:0046504",43,"FALSE",-0.307518348029639,0.651962792474083,0.328529844845214
"1298","enu","6","glycosyl compound biosynthetic process",0.176324166842949,0.40417290230878,2.21666666666667,0.738888888888889,0.0673575314054564,0.0911605688194146,1.43333333333333,0.477777777777778,0.926032187106022,0.999999999999971,NA,"GO:1901659",105,"FALSE",-0.0594065057790649,0.235730672622014,0.328529844845214
"1299","enu","6","glycosyl compound metabolic process",-0.100010110135059,0.126236602580212,5.95,1.98333333333333,0.652559065015063,0.329021377318519,6.5,2.16666666666667,0.96872656975709,0.999999999999971,NA,"GO:1901657",180,"FALSE",-0.0552342359224607,-0.0447758742125983,0.328529844845214
"1300","enu","6","glycosylation",-0.263178548644961,0.168814064806234,17.4166666666667,5.80555555555556,1.6166093918835,0.27845903400864,22.15,7.38333333333333,0.269982134784871,0.999999999999971,NA,"GO:0070085",63,"FALSE",-0.231196115884991,-0.0319824327599703,0.328529844845214
"1301","enu","6","Golgi organization",-0.254875927979179,0.0730233066071374,11.0166666666667,3.67222222222222,0.960372227219642,0.261523450680084,14.25,4.75,0.797237535900242,0.999999999999971,NA,"GO:0007030",66,"FALSE",-0.166063677984686,-0.0888122499944935,0.328529844845214
"1302","enu","6","Golgi to plasma membrane protein transport",-0.395931528026176,0.502624146133101,2.88333333333333,0.961111111111111,0.782860377315374,0.814536808767442,4.4,1.46666666666667,0.920679919444932,0.999999999999971,NA,"GO:0043001",38,"FALSE",-0.140996695019237,-0.254934833006939,0.328529844845214
"1303","enu","6","Golgi vesicle transport",-0.267866712834051,0.197348593486,25.2833333333333,8.42777777777778,2.98730337955178,0.354459201265208,32.1666666666667,10.7222222222222,0.187626162897569,0.987252208392001,NA,"GO:0048193",63,"FALSE",-0.218496374238094,-0.0493703385959564,0.328529844845214
"1304","enu","6","GPI anchor biosynthetic process",-0.261002499951923,0.240750732208327,1.5,0.5,0.5,1,2.5,0.833333333333333,0.999711489298643,0.999999999999971,NA,"GO:0006506",63,"FALSE",0.019631661682463,-0.280634161634386,0.328529844845214
"1305","enu","6","heart valve development",-0.307751354597406,0.565759948444403,4.86666666666667,1.62222222222222,0.527397523835814,0.325108062638516,6.7,2.23333333333333,0.3079010952389,0.999999999999971,NA,"GO:0003170",54,"FALSE",-0.244758113102388,-0.0629932414950174,0.328529844845214
"1306","enu","6","heme metabolic process",-0.173057638848825,0.414489728450814,2.95,0.983333333333333,0.652559065015063,0.663619388150912,3.33333333333333,1.11111111111111,0.982090361163426,0.999999999999971,NA,"GO:0042168",105,"FALSE",-0.259307500819845,0.0862498619710205,0.328529844845214
"1307","enu","6","heterochromatin formation",0.0703793497269435,0.2602359380101,8.58333333333333,2.86111111111111,1.28109472862224,0.447761264372823,8.1,2.7,0.980047764489511,0.999999999999971,NA,"GO:0031507",241,"FALSE",-0.192655248226801,0.263034597953744,0.328529844845214
"1308","enu","6","heterocycle catabolic process",-0.242607549371657,0.217062802563286,34.8666666666667,11.6222222222222,4.01183434538551,0.345186511553247,42.55,14.1833333333333,0.0636273487226836,0.551785409591351,NA,"GO:0046700",71,"FALSE",-0.167234220266487,-0.0753733291051699,0.328529844845214
"1309","enu","6","histone modification",-0.420657179568019,0.119383302989856,33.55,11.1833333333333,3.64016940997714,0.325499500146987,46.0833333333333,15.3611111111111,0.0022939308073505,0.0915278392132848,NA,"GO:0016570",33,"TRUE",-0.113100870073935,-0.307556309494084,0.328529844845214
"1310","enu","6","immune system development",-0.166102012401101,0.226641706628615,14.2833333333333,4.76111111111111,0.878182044739987,0.184448970890546,16.9166666666667,5.63888888888889,0.687403467394918,0.999999999999971,NA,"GO:0002520",112,"FALSE",-0.309969056296948,0.143867043895847,0.328529844845214
"1311","enu","6","in utero embryonic development",-0.331238034418286,0.305551157004103,28.1666666666667,9.38888888888889,3.77981970959423,0.402584347767433,36.4666666666667,12.1555555555556,0.0330394181896315,0.458303057360046,NA,"GO:0001701",47,"FALSE",-0.148400395296109,-0.182837639122176,0.328529844845214
"1312","enu","6","inner cell mass cell proliferation",0.543717638977031,0.279525811253189,1.85,0.616666666666667,0.375277674973257,0.608558391848524,0.366666666666667,0.122222222222222,0.985279489734141,0.999999999999971,NA,"GO:0001833",25,"FALSE",-0.520869285777854,1.06458692475488,0.328529844845214
"1313","enu","6","inositol phosphate catabolic process",-0.0896156943563032,0.501491676210545,1.38333333333333,0.461111111111111,0.296429368265647,0.642858870937547,1.8,0.6,0.986157075268018,0.999999999999971,NA,"GO:0071545",220,"FALSE",-0.313627583234625,0.224011888878322,0.328529844845214
"1314","enu","6","interferon-beta production",0.0553383332371787,0.512133918238706,5.16666666666667,1.72222222222222,0.855266906574481,0.496606590914215,4.8,1.6,0.986332643662059,0.999999999999971,NA,"GO:0032608",306,"FALSE",-0.0742404307344762,0.129578763971655,0.328529844845214
"1315","enu","6","intermembrane lipid transfer",-0.0147953474185374,0.29445174818543,4.05,1.35,0.606217782649107,0.449050209369709,4.23333333333333,1.41111111111111,0.997764937495234,0.999999999999971,NA,"GO:0120009",526,"FALSE",-0.349385998653992,0.334590651235455,0.328529844845214
"1316","enu","6","intracellular lipid transport",-0.250868889273506,0.529950789635746,3.5,1.16666666666667,0.288675134594813,0.247435829652697,4.6,1.53333333333333,0.867050849419093,0.999999999999971,NA,"GO:0032365",66,"FALSE",-0.153660232029367,-0.097208657244139,0.328529844845214
"1317","enu","6","intraciliary transport",0.0175590606828438,0.403455978107275,4.6,1.53333333333333,0.0577350269189626,0.0376532784254104,4.4,1.46666666666667,0.858149967930305,0.999999999999971,NA,"GO:0042073",526,"FALSE",-0.250966814919313,0.268525875602156,0.328529844845214
"1318","enu","6","iron ion homeostasis",-0.513141321604199,0.174757558374504,4.06666666666667,1.35555555555556,0.834221748653154,0.615409486711343,6.7,2.23333333333333,0.664032754442679,0.999999999999971,NA,"GO:0055072",26,"FALSE",-0.472130345278151,-0.0410109763260476,0.328529844845214
"1319","enu","6","iron-sulfur cluster assembly",-0.115831250040064,0.399843341792208,2.4,0.8,0.519615242270663,0.649519052838329,2.91666666666667,0.972222222222222,0.994911195930219,0.999999999999971,NA,"GO:0016226",163,"FALSE",-0.17990361888617,0.0640723688461056,0.328529844845214
"1320","enu","6","kinetochore organization",0.0158312500400642,0.4531842317993,1.45,0.483333333333333,0.448144321991625,0.92719514894819,1.63333333333333,0.544444444444445,0.999865220304566,0.999999999999971,NA,"GO:0051383",526,"FALSE",-0.0747242475607291,0.0905554976007933,0.328529844845214
"1321","enu","6","lamellipodium assembly",-0.335146321508044,0.385905677625509,4.6,1.53333333333333,0.0577350269189626,0.0376532784254104,6.11666666666667,2.03888888888889,0.669771590592834,0.999999999999971,NA,"GO:0030032",47,"FALSE",-0.116002449018491,-0.219143872489554,0.328529844845214
"1322","enu","6","lamellipodium morphogenesis",0.403049305675749,0.693671977036989,1.98333333333333,0.661111111111111,0.51108091698253,0.773063571906348,0.866666666666667,0.288888888888889,0.685729618429966,0.999999999999971,NA,"GO:0072673",34,"FALSE",-0.241404034897004,0.644453340572753,0.328529844845214
"1323","enu","6","lamellipodium organization",-0.47162610785741,0.197887652203391,5.63333333333333,1.87777777777778,0.919138082561491,0.489481819115587,8.5,2.83333333333333,0.746948795989945,0.999999999999971,NA,"GO:0097581",28,"FALSE",-0.216805589479278,-0.254820518378133,0.328529844845214
"1324","enu","6","limb development",-0.27397252983454,0.223343482402488,12.1833333333333,4.06111111111111,1.11558820226687,0.274700241324265,15.4,5.13333333333333,0.549102609531061,0.999999999999971,NA,"GO:0060173",61,"FALSE",-0.135874587184449,-0.138097942650091,0.328529844845214
"1325","enu","6","lipoprotein catabolic process",0.238888888888889,0.127293769304329,1.08333333333333,0.361111111111111,0.42763345328724,1.18421571679543,0.5,0.166666666666667,0.999993990072016,0.999999999999971,NA,"GO:0042159",74,"FALSE",-0.554958984705853,0.793847873594742,0.328529844845214
"1326","enu","6","lipoprotein metabolic process",-0.390780877867914,0.564605808024524,10.4,3.46666666666667,1.76162803489651,0.508161933143224,13.1833333333333,4.39444444444444,0.0530141627234203,0.514631645048424,NA,"GO:0042157",38,"FALSE",-0.213483700186526,-0.177297177681387,0.328529844845214
"1327","enu","6","lysosomal lumen acidification",0.233441944492522,0.262051297722061,1.96666666666667,0.655555555555556,0.150308325094097,0.229283885736757,1.48333333333333,0.494444444444444,0.989478940404724,0.999999999999971,NA,"GO:0007042",74,"FALSE",-0.119005953995177,0.352447898487698,0.328529844845214
"1328","enu","6","lysosomal protein catabolic process",0.238162083421475,0.477089741271969,1.8,0.6,0.173205080756888,0.288675134594813,1.23333333333333,0.411111111111111,0.983810632373007,0.999999999999971,NA,"GO:1905146",74,"FALSE",-0.42330878167275,0.661470865094225,0.328529844845214
"1329","enu","6","macroautophagy",-0.299136663568056,0.118917881834808,27.3833333333333,9.12777777777778,3.05488376453423,0.334679901166258,34.4166666666667,11.4722222222222,0.0390533933590014,0.458303057360046,NA,"GO:0016236",55,"FALSE",-0.129492420109467,-0.169644243458589,0.328529844845214
"1330","enu","6","macromolecule deacylation",-0.455610109165414,0.235119227718497,8.93333333333333,2.97777777777778,1.28509979436676,0.431563363779881,13.0666666666667,4.35555555555556,0.607106089527381,0.999999999999971,NA,"GO:0098732",31,"FALSE",-0.274231183653655,-0.181378925511759,0.328529844845214
"1331","enu","6","macromolecule glycosylation",-0.415714940893323,0.437684184415726,14.7666666666667,4.92222222222222,3.28909533886571,0.668213499995291,19.3,6.43333333333333,0.0526974000848699,0.514631645048424,NA,"GO:0043413",34,"FALSE",-0.190629538063106,-0.225085402830217,0.328529844845214
"1332","enu","6","magnesium ion transmembrane transport",0.455555555555556,0.171053381314896,2.26666666666667,0.755555555555556,0.359526437496965,0.475843814334219,0.866666666666667,0.288888888888889,0.851574968130252,0.999999999999971,NA,"GO:1903830",31,"FALSE",-0.0338686046221768,0.489424160177732,0.328529844845214
"1333","enu","6","magnesium ion transport",0.177777777777778,0.592858736531293,1.91666666666667,0.638888888888889,0.591216573716466,0.925382463208381,1.26666666666667,0.422222222222222,0.930741930461454,0.999999999999971,NA,"GO:0015693",105,"FALSE",0.0122466730754722,0.165531104702306,0.328529844845214
"1334","enu","6","maintenance of cell number",-0.482611985487826,0.35012543490423,12.1333333333333,4.04444444444444,2.17698398231573,0.538265270352791,17.1333333333333,5.71111111111111,0.251003837342757,0.999999999999971,NA,"GO:0098727",27,"FALSE",-0.168489372581175,-0.314122612906652,0.328529844845214
"1335","enu","6","maintenance of protein location",-0.106530764817084,0.299848585011074,7.95,2.65,1.22167917228706,0.461011008410212,8.3,2.76666666666667,0.918463685044301,0.999999999999971,NA,"GO:0045185",180,"FALSE",-0.393563793383053,0.28703302856597,0.328529844845214
"1336","enu","6","maintenance of protein location in cell",0.00675704672584608,0.272577167398124,6.6,2.2,1.05830052442584,0.481045692920835,6.33333333333333,2.11111111111111,0.979571074395318,0.999999999999971,NA,"GO:0032507",632,"FALSE",-0.0839080910468593,0.0906651377727054,0.328529844845214
"1337","enu","6","mammary gland epithelial cell proliferation",-0.195279861071047,0.0909662573368214,2.05,0.683333333333333,0.388372673257701,0.568350253547856,2.5,0.833333333333333,0.987441017795149,0.999999999999971,NA,"GO:0033598",93,"FALSE",-0.401832254942841,0.206552393871794,0.328529844845214
"1338","enu","6","membrane assembly",0.08821906081105,0.0472500219245319,5.75,1.91666666666667,0.629152869605896,0.328253671098728,5.5,1.83333333333333,0.999428734380946,0.999999999999971,NA,"GO:0071709",220,"FALSE",-0.130146524679595,0.218365585490645,0.328529844845214
"1339","enu","6","membrane biogenesis",-0.225625632633304,0.368420678734098,4.78333333333333,1.59444444444444,1.16623007703994,0.731433497795087,5.33333333333333,1.77777777777778,0.848532121362789,0.999999999999971,NA,"GO:0044091",81,"FALSE",-0.180021223184183,-0.0456044094491212,0.328529844845214
"1340","enu","6","membrane docking",-0.328160588644918,0.325917942730182,5.9,1.96666666666667,0.89628864398325,0.455739988466059,7.88333333333333,2.62777777777778,0.735599992860542,0.999999999999971,NA,"GO:0022406",48,"FALSE",-0.101726456756729,-0.226434131888189,0.328529844845214
"1341","enu","6","membrane fission",0.052499841128433,0.361538600122514,4.68333333333333,1.56111111111111,0.211037999035806,0.135184483368132,4.43333333333333,1.47777777777778,0.928162870498544,0.999999999999971,NA,"GO:0090148",306,"FALSE",-0.207658780466597,0.26015862159503,0.328529844845214
"1342","enu","6","mesenchymal cell differentiation",-0.276371399271088,0.264167226268909,16.0333333333333,5.34444444444444,0.925162648362938,0.173107356242546,21.1166666666667,7.03888888888889,0.204229643177382,0.999999999999971,NA,"GO:0048762",61,"FALSE",-0.196541876835514,-0.0798295224355731,0.328529844845214
"1343","enu","6","metallo-sulfur cluster assembly",-0.0710039947284802,0.206209371671411,2.68333333333333,0.894444444444444,0.38741785270247,0.433137971965494,2.91666666666667,0.972222222222222,0.946375796929415,0.999999999999971,NA,"GO:0031163",241,"FALSE",-0.282160728410759,0.211156733682278,0.328529844845214
"1344","enu","6","methylation",-0.396284336239579,0.17443161224329,23.8166666666667,7.93888888888889,2.99491853596004,0.377246561562496,32.8666666666667,10.9555555555556,0.0580824988649629,0.526702660161823,NA,"GO:0032259",38,"FALSE",-0.174258478584082,-0.222025857655497,0.328529844845214
"1345","enu","6","microtubule cytoskeleton organization involved in mitosis",-0.390538188120134,0.14663329989196,12.7833333333333,4.26111111111111,1.04301024461429,0.24477424254312,17.1333333333333,5.71111111111111,0.0778402634046935,0.575153057379124,NA,"GO:1902850",38,"FALSE",-0.196930672378805,-0.193607515741329,0.328529844845214
"1346","enu","6","microtubule depolymerization",-0.211420208265224,0.196213319061659,2.68333333333333,0.894444444444444,0.38741785270247,0.433137971965494,3.5,1.16666666666667,0.993906974480763,0.999999999999971,NA,"GO:0007019",82,"FALSE",-0.0522024268863232,-0.159217781378901,0.328529844845214
"1347","enu","6","microtubule organizing center localization",0.0103843056436968,0.306823281993669,2.96666666666667,0.988888888888889,0.605835816898471,0.612642960908566,2.91666666666667,0.972222222222222,0.996903430549875,0.999999999999971,NA,"GO:0061842",526,"FALSE",-0.349711457962239,0.360095763605936,0.328529844845214
"1348","enu","6","microtubule polymerization",-0.382085263460959,0.241612316754316,6.13333333333333,2.04444444444444,0.269430125621825,0.131786474488936,7.96666666666667,2.65555555555556,0.434848273075336,0.999999999999971,NA,"GO:0046785",38,"FALSE",-0.234677480762281,-0.147407782698678,0.328529844845214
"1349","enu","6","miRNA processing",-0.325797847370461,0.546366838867963,2.9,0.966666666666667,0.450924975282289,0.466474112360989,4.03333333333333,1.34444444444444,0.693496633232975,0.999999999999971,NA,"GO:0035196",48,"FALSE",-0.280185976458659,-0.0456118709118018,0.328529844845214
"1350","enu","6","mitochondrial calcium ion homeostasis",-0.213199652677617,0.257006079267578,1.73333333333333,0.577777777777778,0.226895309518468,0.392703420320426,2.5,0.833333333333333,0.999857760171717,0.999999999999971,NA,"GO:0051560",82,"FALSE",-0.197308713215045,-0.0158909394625722,0.328529844845214
"1351","enu","6","mitochondrial calcium ion transmembrane transport",0.115831250040064,0.363152444407864,1.31666666666667,0.438888888888889,0.211037999035806,0.48084607375247,1.2,0.4,0.999040229198301,0.999999999999971,NA,"GO:0006851",163,"FALSE",0.0274794146968483,0.0883518353432159,0.328529844845214
"1352","enu","6","mitochondrial gene expression",-0.476020144307566,0.237214930798273,12.3666666666667,4.12222222222222,1.58476543421463,0.384444444957727,17.5333333333333,5.84444444444444,0.188172469146914,0.987252208392001,NA,"GO:0140053",28,"FALSE",-0.264294279965697,-0.211725864341869,0.328529844845214
"1353","enu","6","mitochondrial genome maintenance",-0.101670833253205,0.527260253714837,2.2,0.733333333333333,0.680685928555405,0.928208084393733,2.5,0.833333333333333,0.99486613541597,0.999999999999971,NA,"GO:0000002",180,"FALSE",0.0984139778755413,-0.200084811128746,0.328529844845214
"1354","enu","6","mitochondrial membrane organization",-0.125914378918681,0.210208199914005,11.4,3.8,0.721110255092798,0.189765856603368,12.2,4.06666666666667,0.602952588258908,0.999999999999971,NA,"GO:0007006",156,"FALSE",-0.150467987357306,0.0245536084386247,0.328529844845214
"1355","enu","6","mitochondrial outer membrane permeabilization",-0.0946449304393695,0.203004254237696,3.11666666666667,1.03888888888889,0.250739646586595,0.241353670511161,3.5,1.16666666666667,0.998404040143297,0.999999999999971,NA,"GO:0097345",193,"FALSE",-0.0494823461022188,-0.0451625843371508,0.328529844845214
"1356","enu","6","mitochondrial respiratory chain complex assembly",-0.149070289722405,0.250530140606749,9.2,3.06666666666667,0.513160143944688,0.167334829547181,10.9166666666667,3.63888888888889,0.744418953519067,0.999999999999971,NA,"GO:0033108",129,"FALSE",-0.110516272469433,-0.0385540172529729,0.328529844845214
"1357","enu","6","mitochondrial transmembrane transport",-0.00584015395099947,0.280004287904516,9.45,3.15,1.60234203589621,0.508680011395621,8.83333333333333,2.94444444444444,0.730801805001994,0.999999999999971,NA,"GO:1990542",632,"FALSE",-0.154716317268618,0.148876163317618,0.328529844845214
"1358","enu","6","mitochondrial transport",-0.264387488158052,0.163752281605165,15.25,5.08333333333333,0.877971146071062,0.172715635292668,18.85,6.28333333333333,0.182925208779451,0.987252208392001,NA,"GO:0006839",63,"FALSE",-0.116895202118992,-0.147492286039061,0.328529844845214
"1359","enu","6","mitochondrion distribution",0.372222222222222,0.118243314743293,1.15,0.383333333333333,0.125830573921179,0.328253671098728,0.333333333333333,0.111111111111111,0.999849127593876,0.999999999999971,NA,"GO:0048311",39,"FALSE",-0.480713635955991,0.852935858178213,0.328529844845214
"1360","enu","6","mitochondrion localization",-0.181988333557693,0.190081653637278,4.13333333333333,1.37777777777778,0.760360538263361,0.551874584223407,4.96666666666667,1.65555555555556,0.999288872632466,0.999999999999971,NA,"GO:0051646",99,"FALSE",-0.161862224081165,-0.0201261094765283,0.328529844845214
"1361","enu","6","mitochondrion morphogenesis",-0.0387802777297004,0.668414090596747,0.9,0.3,0.264575131106459,0.881917103688197,1.23333333333333,0.411111111111111,0.983967014005625,0.999999999999971,NA,"GO:0070584",385,"FALSE",-0.367838389655631,0.32905811192593,0.328529844845214
"1362","enu","6","mitotic cytokinesis",-0.234591730777786,0.324769082624781,7.31666666666667,2.43888888888889,1.208802590874,0.495636597624876,8.55,2.85,0.807622938194147,0.999999999999971,NA,"GO:0000281",74,"FALSE",-0.286171185066962,0.0515794542891765,0.328529844845214
"1363","enu","6","monosaccharide biosynthetic process",-0.468718957103167,0.213249821568157,5.13333333333333,1.71111111111111,0.183585684909537,0.107290335336742,8.1,2.7,0.33239071439399,0.999999999999971,NA,"GO:0046364",28,"FALSE",-0.157215701896294,-0.311503255206874,0.328529844845214
"1364","enu","6","monosaccharide metabolic process",-0.231284312667655,0.275950901543907,17.0333333333333,5.67777777777778,1.93515240092733,0.340829189987201,21.2,7.06666666666667,0.408452208230431,0.999999999999971,NA,"GO:0005996",74,"FALSE",-0.232518559405768,0.00123424673811243,0.328529844845214
"1365","enu","6","morphogenesis of an epithelial sheet",-0.196566458657854,0.740094525897488,5.4,1.8,1.58745078663875,0.881917103688197,5.58333333333333,1.86111111111111,0.814480494899867,0.999999999999971,NA,"GO:0002011",93,"FALSE",-0.287919536171977,0.0913530775141235,0.328529844845214
"1366","enu","6","movement in host",-0.17970595639367,0.210479885944452,11.3166666666667,3.77222222222222,0.892924865156534,0.236710568082734,14.0166666666667,4.67222222222222,0.847452844683286,0.999999999999971,NA,"GO:0044000",105,"FALSE",-0.269596270837392,0.0898903144437218,0.328529844845214
"1367","enu","6","mRNA export from nucleus",-0.319802503558189,0.427963756693089,4.75,1.58333333333333,1.18145390656315,0.746181414671464,6.25,2.08333333333333,0.947646465805547,0.999999999999971,NA,"GO:0006406",49,"FALSE",-0.200837653242347,-0.118964850315842,0.328529844845214
"1368","enu","6","multicellular organism growth",-0.19056995124356,0.275444729848166,10.75,3.58333333333333,2.18422373701353,0.609550810329356,12.45,4.15,0.849174441870256,0.999999999999971,NA,"GO:0035264",93,"FALSE",-0.247906685234575,0.0573367339910158,0.328529844845214
"1369","enu","6","myeloid cell homeostasis",-0.330555478055912,0.165359788812173,11.2833333333333,3.76111111111111,0.878182044739987,0.233490056208564,15.3666666666667,5.12222222222222,0.477815451417307,0.999999999999971,NA,"GO:0002262",47,"FALSE",-0.116863331864998,-0.213692146190915,0.328529844845214
"1370","enu","6","NADP metabolic process",-0.0949707639169339,0.482920162029472,3.68333333333333,1.22777777777778,0.960372227219642,0.782203623979799,3.81666666666667,1.27222222222222,0.92403250685853,0.999999999999971,NA,"GO:0006739",193,"FALSE",-0.203637739988661,0.108666976071727,0.328529844845214
"1371","enu","6","NADPH regeneration",-0.111946527737714,0.201067547294346,1.2,0.4,0.529150262212918,1.3228756555323,1.6,0.533333333333333,0.999241666590183,0.999999999999971,NA,"GO:0006740",163,"FALSE",0.153137974268336,-0.26508450200605,0.328529844845214
"1372","enu","6","ncRNA processing",-0.156187467709855,0.0595950475719872,36.6666666666667,12.2222222222222,3.33888426695927,0.27318144002394,43.75,14.5833333333333,0.532063577789033,0.999999999999971,NA,"GO:0034470",122,"FALSE",-0.170799676463801,0.0146122087539462,0.328529844845214
"1373","enu","6","negative regulation of catabolic process",-0.258867028928646,0.220480263106176,23.4833333333333,7.82777777777778,2.60396777018229,0.332657344664878,28.4333333333333,9.47777777777778,0.0664070683024635,0.551785409591351,NA,"GO:0009895",66,"FALSE",-0.264783413046449,0.00591638411780299,0.328529844845214
"1374","enu","6","negative regulation of cell projection organization",-0.22145601683032,0.122827913647101,14.0666666666667,4.68888888888889,1.46868547927629,0.313226760983096,16.6333333333333,5.54444444444444,0.644037814206211,0.999999999999971,NA,"GO:0031345",81,"FALSE",-0.244276768729068,0.0228207518987479,0.328529844845214
"1375","enu","6","negative regulation of defense response to virus",-0.0823893055475427,0.15823462711631,2.88333333333333,0.961111111111111,0.323321878376699,0.336404266519109,3.25,1.08333333333333,0.99947080668694,0.999999999999971,NA,"GO:0050687",220,"FALSE",-0.277712369319992,0.195323063772449,0.328529844845214
"1376","enu","6","negative regulation of growth",-0.140559722142094,0.187396062506123,17.1166666666667,5.70555555555556,1.28520786616767,0.225255516952464,19.8833333333333,6.62777777777778,0.862202117692408,0.999999999999971,NA,"GO:0045926",129,"FALSE",-0.065692805769002,-0.0748669163730918,0.328529844845214
"1377","enu","6","negative regulation of GTPase activity",-0.168228888760683,0.420922857747855,2.95,0.983333333333333,0.652559065015063,0.663619388150912,3.33333333333333,1.11111111111111,0.99270839824776,0.999999999999971,NA,"GO:0034260",112,"FALSE",0.226707312399144,-0.394936201159828,0.328529844845214
"1378","enu","6","negative regulation of mitotic nuclear division",-0.312924028170408,0.223695261020321,3.86666666666667,1.28888888888889,0.342106762629792,0.265427660661046,5,1.66666666666667,0.870657790100075,0.999999999999971,NA,"GO:0045839",49,"FALSE",-0.330280401305375,0.0173563731349672,0.328529844845214
"1379","enu","6","negative regulation of phosphorus metabolic process",-0.419726659363442,0.248942871907223,27.85,9.28333333333333,3.67638862653737,0.39602031883706,39.15,13.05,0.0058298719003285,0.166151349159362,NA,"GO:0010563",34,"FALSE",-0.139532572232237,-0.280194087131205,0.328529844845214
"1380","enu","6","negative regulation of protein phosphorylation",-0.154194818850744,0.282815044590828,24.9666666666667,8.32222222222222,2.90025541659377,0.348495310405125,29.5,9.83333333333333,0.318983140921035,0.999999999999971,NA,"GO:0001933",122,"FALSE",-0.30832877774374,0.154133958892995,0.328529844845214
"1381","enu","6","negative regulation of transferase activity",-0.422626919561479,0.0622902583577021,17.9,5.96666666666667,1.78978583448784,0.299964106338744,25.4666666666667,8.48888888888889,0.0573622932076074,0.526702660161823,NA,"GO:0051348",33,"FALSE",-0.166884314102701,-0.255742605458777,0.328529844845214
"1382","enu","6","neural tube development",-0.00949316684075124,0.154317549402504,13.95,4.65,1.67107749670684,0.359371504668138,14.7833333333333,4.92777777777778,0.983735195593783,0.999999999999971,NA,"GO:0021915",632,"FALSE",-0.171530938830951,0.162037771990199,0.328529844845214
"1383","enu","6","neuron apoptotic process",-0.323344799426601,0.199135502221648,16.8666666666667,5.62222222222222,1.86944238071539,0.332509514356492,20.6333333333333,6.87777777777778,0.283700136473793,0.999999999999971,NA,"GO:0051402",48,"FALSE",-0.371665730582835,0.0483209311562339,0.328529844845214
"1384","enu","6","neuron death",-0.566489456333178,0.328628573938035,21.2166666666667,7.07222222222222,2.69394038813312,0.380918515211281,30.7333333333333,10.2444444444444,0.000363271453327257,0.0715387362070927,NA,"GO:0070997",22,"FALSE",-0.234662422808674,-0.331827033524504,0.328529844845214
"1385","enu","6","neuron projection organization",-0.402357397654496,0.224065653187341,4.71666666666667,1.57222222222222,0.286905585192786,0.182484117790464,7.15,2.38333333333333,0.710131866549648,0.999999999999971,NA,"GO:0106027",34,"FALSE",-0.126498513944218,-0.275858883710277,0.328529844845214
"1386","enu","6","neurotrophin signaling pathway",-0.0543373280618133,0.426504206350741,2.31666666666667,0.772222222222222,0.383816121098131,0.497028070486788,2.5,0.833333333333333,0.978007699347869,0.999999999999971,NA,"GO:0038179",306,"FALSE",-0.200596207778184,0.14625887971637,0.328529844845214
"1387","enu","6","non-membrane-bounded organelle assembly",-0.281029401182248,0.369817841242981,29.6166666666667,9.87222222222222,4.13005021940591,0.418350613108083,36.5166666666667,12.1722222222222,0.0300485064890462,0.458303057360046,NA,"GO:0140694",57,"FALSE",-0.160824044513117,-0.120205356669131,0.328529844845214
"1388","enu","6","nonribosomal peptide biosynthetic process",0.12899600527152,0.158507734203117,1.63333333333333,0.544444444444445,0.471797194345825,0.866566275329067,1.06666666666667,0.355555555555556,0.981605824888762,0.999999999999971,NA,"GO:0019184",156,"FALSE",-0.241478720418384,0.370474725689904,0.328529844845214
"1389","enu","6","nuclear chromosome segregation",-0.247774498583161,0.119284135240766,25.3666666666667,8.45555555555556,1.709559180781,0.202181769080538,33.0333333333333,11.0111111111111,0.333641821465803,0.999999999999971,NA,"GO:0098813",71,"FALSE",-0.279207708589537,0.0314332100063759,0.328529844845214
"1390","enu","6","nuclear envelope organization",0.0781954860910788,0.387384456208428,5.1,1.7,0.818535277187245,0.481491339521909,4.6,1.53333333333333,0.997899379613835,0.999999999999971,NA,"GO:0006998",241,"FALSE",-0.0304953489713173,0.108690835062396,0.328529844845214
"1391","enu","6","nuclear transport",0.014454972769318,0.0906159643970505,31.1833333333333,10.3944444444444,3.54613770073761,0.34115702091543,32.2,10.7333333333333,0.996386382850639,0.999999999999971,NA,"GO:0051169",526,"FALSE",-0.242098127057604,0.256553099826922,0.328529844845214
"1392","enu","6","nuclear-transcribed mRNA catabolic process",0.00839134526107469,0.371692069973775,13.95,4.65,2.65377090194312,0.570703419772714,12.9833333333333,4.32777777777778,0.830659944064545,0.999999999999971,NA,"GO:0000956",632,"FALSE",-0.139644037090472,0.148035382351547,0.328529844845214
"1393","enu","6","nucleic acid transport",-0.177710897761239,0.06849962553235,13.7166666666667,4.57222222222222,1.71968451025612,0.376115688755894,16.5166666666667,5.50555555555556,0.959865353586448,0.999999999999971,NA,"GO:0050657",105,"FALSE",-0.0834274457195767,-0.0942834520416618,0.328529844845214
"1394","enu","6","nucleocytoplasmic transport",-0.197817578673783,0.121725738866281,27.0833333333333,9.02777777777778,1.79182815809668,0.198479426743017,32.2,10.7333333333333,0.0732948037803048,0.551785409591351,NA,"GO:0006913",93,"FALSE",-0.156445908658672,-0.041371670015111,0.328529844845214
"1395","enu","6","nucleotide catabolic process",-0.109109100760379,0.122898701191756,6.4,2.13333333333333,0.55075705472861,0.258167369404036,7,2.33333333333333,0.919483948140381,0.999999999999971,NA,"GO:0009166",180,"FALSE",-0.516729328958316,0.407620228197937,0.328529844845214
"1396","enu","6","nucleus organization",-0.201412248208618,0.282130211134936,10.55,3.51666666666667,0.880814017448254,0.250468440980546,12.2833333333333,4.09444444444444,0.562924628544344,0.999999999999971,NA,"GO:0006997",85,"FALSE",-0.241852672726771,0.0404404245181531,0.328529844845214
"1397","enu","6","oligosaccharide-lipid intermediate biosynthetic process",-0.200835416626602,0.265052294369999,1.26666666666667,0.422222222222222,0.367171369819073,0.869616402203069,2.1,0.7,0.999513075598196,0.999999999999971,NA,"GO:0006490",85,"FALSE",-0.0530521450221411,-0.147783271604461,0.328529844845214
"1398","enu","6","one-carbon metabolic process",-0.0387802777297004,0.173524435863106,1.43333333333333,0.477777777777778,0.429900936047847,0.89979265684433,1.6,0.533333333333333,0.992311891526162,0.999999999999971,NA,"GO:0006730",385,"FALSE",-0.132738427282662,0.0939581495529617,0.328529844845214
"1399","enu","6","organelle fission",-0.440149016711161,0.163210096957988,32.0833333333333,10.6944444444444,3.83906576212572,0.35897757775721,44.7,14.9,0.00019099965289981,0.0715387362070927,NA,"GO:0048285",32,"TRUE",-0.189205164676064,-0.250943852035096,0.328529844845214
"1400","enu","6","organelle fusion",-0.0313147935109395,0.36245520022217,14.0833333333333,4.69444444444444,2.11859055174093,0.451297395637121,13.35,4.45,0.437558203580677,0.999999999999971,NA,"GO:0048284",385,"FALSE",-0.30502711004877,0.27371231653783,0.328529844845214
"1401","enu","6","organelle inheritance",0.0769423611511756,0.0399370019887379,0.9,0.3,0.264575131106459,0.881917103688197,0.9,0.3,0.990451047699019,0.999999999999971,NA,"GO:0048308",241,"FALSE",-0.114530507781235,0.191472868932411,0.328529844845214
"1402","enu","6","organelle localization by membrane tethering",-0.475380139057159,0.235872248609035,4.51666666666667,1.50555555555556,0.713039918886682,0.473605850183036,7.4,2.46666666666667,0.821859036468993,0.999999999999971,NA,"GO:0140056",28,"FALSE",-0.156054571741941,-0.319325567315218,0.328529844845214
"1403","enu","6","organophosphate catabolic process",-0.394753330070595,0.290320563316284,9.35,3.11666666666667,0.436844747402705,0.140164090075734,13.8833333333333,4.62777777777778,0.166999140806348,0.957069476727017,NA,"GO:0046434",38,"FALSE",-0.362722659366534,-0.032030670704061,0.328529844845214
"1404","enu","6","organophosphate ester transport",-0.479716345458886,0.289925999564326,8.65,2.88333333333333,0.982768199187038,0.340844462145793,12.2,4.06666666666667,0.0718045907706238,0.551785409591351,NA,"GO:0015748",28,"FALSE",-0.126248951898523,-0.353467393560362,0.328529844845214
"1405","enu","6","ossification",-0.196961910996768,0.230279129888198,28.8166666666667,9.60555555555556,4.09370564720107,0.426181039037705,34.3833333333333,11.4611111111111,0.572944916341997,0.999999999999971,NA,"GO:0001503",93,"FALSE",-0.223239543110775,0.0262776321140069,0.328529844845214
"1406","enu","6","osteoblast differentiation",-0.18924219388321,0.152212726212434,17.4333333333333,5.81111111111111,2.0347900064553,0.350155068032461,20.4166666666667,6.80555555555556,0.759836689899132,0.999999999999971,NA,"GO:0001649",99,"FALSE",-0.147428547115968,-0.0418136467672421,0.328529844845214
"1407","enu","6","oxidative phosphorylation",-0.243821096598076,0.0436858760946917,11.7166666666667,3.90555555555556,1.21178625422387,0.310272440626312,14.6666666666667,4.88888888888889,0.668849333591439,0.999999999999971,NA,"GO:0006119",71,"FALSE",-0.225741526934426,-0.0180795696636508,0.328529844845214
"1408","enu","6","pentose-phosphate shunt",0.125689236211272,0.10998045795802,1.9,0.633333333333333,0.321455025366432,0.50756056636805,1.48333333333333,0.494444444444444,0.999919074008068,0.999999999999971,NA,"GO:0006098",156,"FALSE",-0.0252560633992076,0.150945299610479,0.328529844845214
"1409","enu","6","peptidyl-lysine modification",-0.0533082345375748,0.100796243999462,35.4833333333333,11.8277777777778,3.82391354698492,0.323299407448232,36.9666666666667,12.3222222222222,0.118156779100456,0.799060251882745,NA,"GO:0018205",306,"FALSE",-0.209770112408109,0.156461877870534,0.328529844845214
"1410","enu","6","pericardium development",0.215831250040064,0.126004753590821,1.08333333333333,0.361111111111111,0.42763345328724,1.18421571679543,0.666666666666667,0.222222222222222,0.999991196874745,0.999999999999971,NA,"GO:0060039",82,"FALSE",-0.474434484326695,0.690265734366759,0.328529844845214
"1411","enu","6","peroxisome organization",-0.22138680559562,0.157975139443105,1.8,0.6,0.529150262212918,0.881917103688197,2.83333333333333,0.944444444444444,0.999943117357428,0.999999999999971,NA,"GO:0007031",81,"FALSE",-0.374545036837632,0.153158231242012,0.328529844845214
"1412","enu","6","phospholipid biosynthetic process",-0.108497385935994,0.263579474705502,21.5166666666667,7.17222222222222,1.72886710926013,0.241050410276393,24.6166666666667,8.20555555555556,0.477243326504643,0.999999999999971,NA,"GO:0008654",180,"FALSE",-0.272394121266684,0.16389673533069,0.328529844845214
"1413","enu","6","pigment accumulation",0.347911458433494,0.348390372483256,1.25,0.416666666666667,0.381881307912987,0.916515138991168,0.333333333333333,0.111111111111111,0.876645902307535,0.999999999999971,NA,"GO:0043476",43,"FALSE",-0.0334705853489396,0.381382043782434,0.328529844845214
"1414","enu","6","pigmentation",-0.392334422430126,0.368600624720171,7.2,2.4,1.21655250605964,0.506896877524852,9.45,3.15,0.606351638983222,0.999999999999971,NA,"GO:0043473",38,"FALSE",-0.210314918609265,-0.182019503820862,0.328529844845214
"1415","enu","6","pinocytosis",-0.13489555542735,0.419970067432753,1.51666666666667,0.505555555555556,0.223813745316485,0.442708507219422,2,0.666666666666667,0.991624432568967,0.999999999999971,NA,"GO:0006907",137,"FALSE",-0.243330750838898,0.108435195411548,0.328529844845214
"1416","enu","6","placenta development",-0.429205711765175,0.317443671908203,8.7,2.9,1.38924439894498,0.479049792739648,12.3333333333333,4.11111111111111,0.374287725449431,0.999999999999971,NA,"GO:0001890",33,"FALSE",-0.191163321608254,-0.238042390156921,0.328529844845214
"1417","enu","6","plasma membrane tubulation",0.227886388936966,0.839481359019219,1.66666666666667,0.555555555555556,0.419435246403931,0.754983443527075,1.2,0.4,0.974977534758982,0.999999999999971,NA,"GO:0097320",81,"FALSE",-0.142857142857143,0.370743531794109,0.328529844845214
"1418","enu","6","platelet-derived growth factor receptor signaling pathway",-0.217410208457533,0.622786038432515,4.86666666666667,1.62222222222222,0.401847584889447,0.247714264657878,5.95,1.98333333333333,0.622851922395771,0.999999999999971,NA,"GO:0048008",82,"FALSE",-0.245724783403561,0.0283145749460279,0.328529844845214
"1419","enu","6","polyamine biosynthetic process",0.0946616667628214,0.428464401645422,1.21666666666667,0.405555555555556,0.344130681465524,0.848541406353347,1.06666666666667,0.355555555555556,0.902928497779049,0.999999999999971,NA,"GO:0006596",193,"FALSE",-0.0493555557387065,0.144017222501528,0.328529844845214
"1420","enu","6","polyamine metabolic process",0.358604861231304,0.137295095893274,2.01666666666667,0.672222222222222,0.462581324181469,0.688137507046814,1.03333333333333,0.344444444444444,0.999955933400704,0.999999999999971,NA,"GO:0006595",42,"FALSE",-0.301757109545107,0.660361970776411,0.328529844845214
"1421","enu","6","polyol metabolic process",-0.0116595105270144,0.41606071540715,8.61666666666667,2.87222222222222,0.583650707314013,0.203205275273738,9.25,3.08333333333333,0.983263626856026,0.999999999999971,NA,"GO:0019751",526,"FALSE",-0.288438757277553,0.276779246750538,0.328529844845214
"1422","enu","6","positive regulation by host of viral process",9.26089355664702e-18,0.360555127546399,0.566666666666667,0.188888888888889,0.200923792444724,1.0637141952956,0.866666666666667,0.288888888888889,0.999742971780222,0.999999999999971,NA,"GO:0044794",632,"FALSE",-0.562067549898544,0.562067549898544,0.328529844845214
"1423","enu","6","positive regulation of amide metabolic process",-0.0763019877726177,0.207751829115755,14.4,4.8,1.12694276695846,0.234779743116347,15.95,5.31666666666667,0.607196894499813,0.999999999999971,NA,"GO:0034250",241,"FALSE",-0.324833065731139,0.248531077958522,0.328529844845214
"1424","enu","6","positive regulation of axonogenesis",-0.206317258469131,0.525732400942353,6.31666666666667,2.10555555555556,0.935463838206797,0.444283617090299,7.63333333333333,2.54444444444444,0.722250949261057,0.999999999999971,NA,"GO:0050772",85,"FALSE",-0.0520350143995033,-0.154282244069628,0.328529844845214
"1425","enu","6","positive regulation of cell projection organization",-0.256238575044447,0.120379688756293,24.6833333333333,8.22777777777778,1.8723376159625,0.227562978307394,31.9166666666667,10.6388888888889,0.370099550198407,0.999999999999971,NA,"GO:0031346",66,"FALSE",-0.260422783626904,0.00418420858245649,0.328529844845214
"1426","enu","6","positive regulation of cellular component biogenesis",-0.231587981617442,0.141394154365246,35.1833333333333,11.7277777777778,2.0446633336929,0.174343628642691,43.5333333333333,14.5111111111111,0.0356389527132805,0.458303057360046,NA,"GO:0044089",74,"FALSE",-0.148772507594589,-0.0828154740228529,0.328529844845214
"1427","enu","6","positive regulation of epithelial to mesenchymal transition",0.0203562465940545,0.195762056110546,5.06666666666667,1.68888888888889,0.416777762966912,0.246776307019882,4.76666666666667,1.58888888888889,0.935065927923098,0.999999999999971,NA,"GO:0010718",451,"FALSE",-0.304904500066518,0.325260746660572,0.328529844845214
"1428","enu","6","positive regulation of establishment of protein localization",-0.339818943664031,0.238294957970464,22.3166666666667,7.43888888888889,3.3145442678751,0.445569804494039,28.7833333333333,9.59444444444444,0.167906925741582,0.957069476727017,NA,"GO:1904951",47,"FALSE",-0.228019483620865,-0.111799460043166,0.328529844845214
"1429","enu","6","positive regulation of GTPase activity",-0.123363791324715,0.212710128899027,18.4,6.13333333333333,2.28108161479008,0.371915480672296,20.9166666666667,6.97222222222222,0.774488667940269,0.999999999999971,NA,"GO:0043547",156,"FALSE",-0.145166877771726,0.0218030864470118,0.328529844845214
"1430","enu","6","positive regulation of kinase activity",-0.426281033005122,0.279574055590673,25.8,8.6,4.00374824383352,0.465552121375991,34.1,11.3666666666667,0.00320778180722189,0.106658745090128,NA,"GO:0033674",33,"FALSE",-0.266089998083594,-0.160191034921528,0.328529844845214
"1431","enu","6","positive regulation of microtubule polymerization",0.215413541726763,0.103502327537539,3.31666666666667,1.10555555555556,0.329280922505276,0.297842040457034,2.5,0.833333333333333,0.999999803783116,0.999999999999971,NA,"GO:0031116",82,"FALSE",-0.112174242319274,0.327587784046037,0.328529844845214
"1432","enu","6","positive regulation of nervous system development",-0.696323933140963,0.184220196198285,13.1833333333333,4.39444444444444,1.24836930670612,0.284078982562708,21.9833333333333,7.32777777777778,0.00147406424345081,0.0915278392132848,NA,"GO:0051962",17,"FALSE",-0.149001486529658,-0.547322446611305,0.328529844845214
"1433","enu","6","positive regulation of neurogenesis",-0.229787153918406,0.0388790659138758,15.7,5.23333333333333,1.75023807904334,0.334440397269429,19.8,6.6,0.756975074056646,0.999999999999971,NA,"GO:0050769",81,"FALSE",-0.392909471695616,0.16312231777721,0.328529844845214
"1434","enu","6","positive regulation of neuron migration",0.0888888888888889,0.447627490632971,1.2,0.4,0.173205080756888,0.433012701892219,1.23333333333333,0.411111111111111,0.996023372673887,0.999999999999971,NA,"GO:2001224",220,"FALSE",-0.372085079673604,0.460973968562493,0.328529844845214
"1435","enu","6","positive regulation of protein localization",-0.208761505881707,0.0990656952292092,33.2833333333333,11.0944444444444,2.48363160028333,0.223862637982473,41.2833333333333,13.7611111111111,0.163188737046439,0.957069476727017,NA,"GO:1903829",85,"FALSE",-0.2380542071714,0.0292927012896937,0.328529844845214
"1436","enu","6","positive regulation of stem cell population maintenance",0.130867324519649,0.292110402175605,6.21666666666667,2.07222222222222,0.77930405799971,0.376071663377876,4.4,1.46666666666667,0.787499994518594,0.999999999999971,NA,"GO:1902459",137,"FALSE",-0.436289466105887,0.567156790625536,0.328529844845214
"1437","enu","6","positive regulation of viral process",-0.458128821844584,0.288103125096563,3.23333333333333,1.07777777777778,0.291229831601803,0.270213245816106,4.8,1.6,0.469843711825677,0.999999999999971,NA,"GO:0048524",31,"FALSE",-0.197375355174032,-0.260753466670552,0.328529844845214
"1438","enu","6","postsynapse organization",-0.254264645457251,0.264055513801718,11.85,3.95,0.926012958872607,0.234433660474078,14.7833333333333,4.92777777777778,0.310715110870329,0.999999999999971,NA,"GO:0099173",66,"FALSE",-0.115928802112445,-0.138335843344806,0.328529844845214
"1439","enu","6","proteasome-mediated ubiquitin-dependent protein catabolic process",-0.327254702878297,0.307117136123229,35.4333333333333,11.8111111111111,3.48908350483386,0.295406881876808,45.8,15.2666666666667,0.0021858879675961,0.0915278392132848,NA,"GO:0043161",48,"FALSE",-0.153968789127519,-0.173285913750777,0.328529844845214
"1440","enu","6","protein autophosphorylation",-0.200931199409525,0.0943774221544005,16.25,5.41666666666667,1.46486631927058,0.270436858942261,20.3,6.76666666666667,0.828281496110961,0.999999999999971,NA,"GO:0046777",85,"FALSE",-0.238554564239738,0.0376233648302131,0.328529844845214
"1441","enu","6","protein folding",-0.23996404636454,0.277879848619789,17.85,5.95,1.98305320150519,0.333286252353814,20.8333333333333,6.94444444444444,0.175608207995016,0.973162152639049,NA,"GO:0006457",74,"FALSE",-0.177613879311045,-0.0623501670534956,0.328529844845214
"1442","enu","6","protein glycosylation",-0.341325168381291,0.249722241355465,14.7,4.9,1.68226038412607,0.343318445740015,20.3,6.76666666666667,0.402861114752225,0.999999999999971,NA,"GO:0006486",43,"FALSE",-0.138094465828421,-0.203230702552871,0.328529844845214
"1443","enu","6","protein lipidation",-0.271588690170854,0.306839749469142,7.78333333333333,2.59444444444444,0.344130681465524,0.132641376153735,9.125,3.04166666666667,0.301848540067585,0.999999999999971,NA,"GO:0006497",61,"FALSE",-0.151747089430029,-0.119841600740824,0.328529844845214
"1444","enu","6","protein localization to nucleus",-0.065784010763682,0.23809750007819,27.6666666666667,9.22222222222222,3.67171369819073,0.398137629924297,29.0333333333333,9.67777777777778,0.704406074840063,0.999999999999971,NA,"GO:0034504",265,"FALSE",-0.152085095218663,0.0863010844549811,0.328529844845214
"1445","enu","6","protein neddylation",-0.157644097122062,0.296992809593932,2.48333333333333,0.827777777777778,0.471502719838194,0.569600601146812,2.91666666666667,0.972222222222222,0.998163983070494,0.999999999999971,NA,"GO:0045116",122,"FALSE",-0.245311048082737,0.0876669509606749,0.328529844845214
"1446","enu","6","protein polyubiquitination",-0.243344194619276,0.457555664559378,18.2833333333333,6.09444444444444,0.227506613660481,0.0373301645021756,24.0666666666667,8.02222222222222,0.0497689817456251,0.514631645048424,NA,"GO:0000209",71,"FALSE",-0.217621416680451,-0.0257227779388259,0.328529844845214
"1447","enu","6","protein targeting",-0.154577886404408,0.080898785286167,28.6166666666667,9.53888888888889,3.01322701385691,0.315888679379292,33.3166666666667,11.1055555555556,0.562660205767484,0.999999999999971,NA,"GO:0006605",122,"FALSE",-0.225671406144427,0.0710935197400186,0.328529844845214
"1448","enu","6","protein transport to vacuole involved in ubiquitin-dependent protein catabolic process via the multivesicular body sorting pathway",0.1,9.81307786677359e-18,0.7,0.233333333333333,0.251661147842358,1.07854777646725,0.7,0.233333333333333,0.999999962537515,0.999999999999971,NA,"GO:0043328",193,"FALSE",0.097457835773215,0.00254216422678505,0.328529844845214
"1449","enu","6","protein-containing complex localization",-0.0881572028860749,0.0437017072589414,13.2666666666667,4.42222222222222,1.34219278849258,0.303510932071186,14.9833333333333,4.99444444444444,0.868323740409372,0.999999999999971,NA,"GO:0031503",220,"FALSE",-0.287531611661011,0.199374408774936,0.328529844845214
"1450","enu","6","protein-DNA complex subunit organization",-0.28802159874775,0.323177050998306,17.1166666666667,5.70555555555556,2.55964045507553,0.448622475086266,21.15,7.05,0.576560651429234,0.999999999999971,NA,"GO:0071824",57,"FALSE",-0.222506179320618,-0.0655154194271319,0.328529844845214
"1451","enu","6","proton motive force-driven ATP synthesis",-0.341433955035562,0.238902133565524,5.73333333333333,1.91111111111111,0.800231448001371,0.418725757675136,7.68333333333333,2.56111111111111,0.87504792504973,0.999999999999971,NA,"GO:0015986",43,"FALSE",-0.382887255078558,0.0414533000429963,0.328529844845214
"1452","enu","6","proton transmembrane transport",-0.130233563399051,0.329067070500572,11.1666666666667,3.72222222222222,1.70239482733828,0.457359804359539,12.0333333333333,4.01111111111111,0.700677180760497,0.999999999999971,NA,"GO:1902600",137,"FALSE",-0.172555436710467,0.0423218733114161,0.328529844845214
"1453","enu","6","pteridine-containing compound metabolic process",-0.130762471272823,0.298805475637083,3.21666666666667,1.07222222222222,0.986905001244538,0.920429534839465,2.91666666666667,0.972222222222222,0.183437066742531,0.987252208392001,NA,"GO:0042558",137,"FALSE",-0.171904552586487,0.0411420813136643,0.328529844845214
"1454","enu","6","quinone biosynthetic process",0.226942361151175,0.171670910785199,1.38333333333333,0.461111111111111,0.296429368265647,0.642858870937547,0.733333333333333,0.244444444444444,0.999939465180996,0.999999999999971,NA,"GO:1901663",81,"FALSE",0.00823314329225451,0.218709217858921,0.328529844845214
"1455","enu","6","receptor metabolic process",-0.441193299089928,0.321985122604496,3.93333333333333,1.31111111111111,0.300616650188193,0.229283885736757,6.03333333333333,2.01111111111111,0.412111691184044,0.999999999999971,NA,"GO:0043112",32,"FALSE",-0.0814485360506027,-0.359744763039325,0.328529844845214
"1456","enu","6","regulation of actin filament organization",-0.191345790693818,0.300721925466252,18.95,6.31666666666667,0.633113997107419,0.100229128829671,22.55,7.51666666666667,0.0834385885438715,0.605309033254631,NA,"GO:0110053",93,"FALSE",-0.141017420414408,-0.05032837027941,0.328529844845214
"1457","enu","6","regulation of actin filament-based process",-0.407162847778634,0.148946072838063,24.1833333333333,8.06111111111111,2.09432655135337,0.259806188313995,31.75,10.5833333333333,0.0358948354782689,0.458303057360046,NA,"GO:0032970",34,"FALSE",-0.321498653618415,-0.0856641941602191,0.328529844845214
"1458","enu","6","regulation of anatomical structure size",-0.17591708814764,0.205335272995259,33.3166666666667,11.1055555555556,2.62045020163697,0.235958497396026,39.6,13.2,0.10786058725644,0.768506684202135,NA,"GO:0090066",105,"FALSE",-0.190487589020778,0.014570500873138,0.328529844845214
"1459","enu","6","regulation of apoptotic signaling pathway",-0.0670699526506528,0.0828614917931933,32.7666666666667,10.9222222222222,3.09593520843296,0.283452867506578,35.1166666666667,11.7055555555556,0.279875670269829,0.999999999999971,NA,"GO:2001233",265,"FALSE",-0.224615128498558,0.157545175847905,0.328529844845214
"1460","enu","6","regulation of ATP metabolic process",-0.103478477807953,0.0465745643915721,5.9,1.96666666666667,0.838649708360608,0.426432055098614,5.91666666666667,1.97222222222222,0.627649886232615,0.999999999999971,NA,"GO:1903578",180,"FALSE",-0.253951511003489,0.150473033195536,0.328529844845214
"1461","enu","6","regulation of ATP-dependent activity",-0.0327500364712689,0.292253360297622,6.06666666666667,2.02222222222222,0.467063323488527,0.230965379747074,6.33333333333333,2.11111111111111,0.980172500824776,0.999999999999971,NA,"GO:0043462",385,"FALSE",-0.310002008224319,0.27725197175305,0.328529844845214
"1462","enu","6","regulation of autophagosome maturation",0.24371763897703,0.196477341657908,1.31666666666667,0.438888888888889,0.211037999035806,0.48084607375247,0.733333333333333,0.244444444444444,0.992660931966022,0.999999999999971,NA,"GO:1901096",71,"FALSE",-0.0548377019044951,0.298555340881526,0.328529844845214
"1463","enu","6","regulation of autophagy",-0.17106383750069,0.221765912668266,28.3333333333333,9.44444444444444,3.40478965467657,0.360507139906931,33.15,11.05,0.440433078911885,0.999999999999971,NA,"GO:0010506",105,"FALSE",-0.221121139041497,0.050057301540807,0.328529844845214
"1464","enu","6","regulation of binding",-0.199631374108343,0.0959884314981167,27.7,9.23333333333333,3.2501282025996,0.351999444324867,32.6166666666667,10.8722222222222,0.374239314226275,0.999999999999971,NA,"GO:0051098",93,"FALSE",-0.165312743349371,-0.0343186307589717,0.328529844845214
"1465","enu","6","regulation of carbohydrate metabolic process",-0.149173473377758,0.324591246036589,12.1333333333333,4.04444444444444,0.675222871299489,0.166950709936687,14.2166666666667,4.73888888888889,0.419744624341256,0.999999999999971,NA,"GO:0006109",129,"FALSE",-0.318375107872874,0.169201634495116,0.328529844845214
"1466","enu","6","regulation of cell cycle phase transition",-0.223954418249861,0.0964095935821127,34.8333333333333,11.6111111111111,4.42948872561726,0.381487067278041,42.4666666666667,14.1555555555556,0.400915790607658,0.999999999999971,NA,"GO:1901987",81,"FALSE",-0.131764735199219,-0.0921896830506427,0.328529844845214
"1467","enu","6","regulation of cell division",-0.348661173914674,0.348088264710876,12.0333333333333,4.01111111111111,1.5812559471415,0.394218934190402,14.6166666666667,4.87222222222222,0.0342557378982327,0.458303057360046,NA,"GO:0051302",43,"FALSE",-0.0485211642326311,-0.300140009682043,0.328529844845214
"1468","enu","6","regulation of cell growth",-0.330040327650335,0.258632550040702,27.2833333333333,9.09444444444444,3.33443037503048,0.366644757181116,36.4,12.1333333333333,0.0541717521103604,0.514631645048424,NA,"GO:0001558",47,"FALSE",-0.206064290684532,-0.123976036965803,0.328529844845214
"1469","enu","6","regulation of cell morphogenesis",0.0603735996465289,0.46021909461649,21.05,7.01666666666667,0.225462487641145,0.0321324210414933,21.8666666666667,7.28888888888889,0.726594327384266,0.999999999999971,NA,"GO:0022604",265,"FALSE",-0.197852410712839,0.258226010359368,0.328529844845214
"1470","enu","6","regulation of cell-substrate adhesion",-0.224476833811281,0.108025069219211,15.6,5.2,2.02977831301844,0.390341983272778,18.65,6.21666666666667,0.550452211981176,0.999999999999971,NA,"GO:0010810",81,"FALSE",-0.174840723512601,-0.0496361102986803,0.328529844845214
"1471","enu","6","regulation of cell-substrate junction assembly",-0.118440767459097,0.501244239520109,5.05,1.68333333333333,1.37870712384224,0.819033934955784,5.33333333333333,1.77777777777778,0.995424094286166,0.999999999999971,NA,"GO:0090109",163,"FALSE",-0.0814299485753275,-0.0370108188837698,0.328529844845214
"1472","enu","6","regulation of cell-substrate junction organization",-0.176467675448299,0.598739788008533,4.83333333333333,1.61111111111111,0.53575837561072,0.33253968141355,5.75,1.91666666666667,0.795873705854874,0.999999999999971,NA,"GO:0150116",105,"FALSE",-0.0782668367008665,-0.0982008387474328,0.328529844845214
"1473","enu","6","regulation of cellular component size",-0.293036876038137,0.219348817523562,25.7833333333333,8.59444444444444,3.27262778094188,0.380784098622844,31.4666666666667,10.4888888888889,0.0486702167839383,0.514631645048424,NA,"GO:0032535",55,"FALSE",-0.17881251754577,-0.114224358492367,0.328529844845214
"1474","enu","6","regulation of chromosome organization",-0.588976062198507,0.417286087119857,17.1666666666667,5.72222222222222,3.63751034108241,0.635681418829936,25.6333333333333,8.54444444444444,0.00210789118627101,0.0915278392132848,NA,"GO:0033044",22,"FALSE",-0.152368500382495,-0.436607561816012,0.328529844845214
"1475","enu","6","regulation of chromosome segregation",-0.202468603124021,0.334941008698476,9.86666666666667,3.28888888888889,0.183585684909537,0.0558199717630348,12.5333333333333,4.17777777777778,0.612849637672763,0.999999999999971,NA,"GO:0051983",85,"FALSE",-0.143951216310191,-0.0585173868138299,0.328529844845214
"1476","enu","6","regulation of circadian rhythm",-0.0915117152133822,0.327732231020752,8.36666666666667,2.78888888888889,0.774835705404939,0.277829535802568,9.4,3.13333333333333,0.89882798430452,0.999999999999971,NA,"GO:0042752",193,"FALSE",-0.188781838048353,0.0972701228349705,0.328529844845214
"1477","enu","6","regulation of cysteine-type endopeptidase activity involved in apoptotic process",-0.147192911461826,0.0462863879944279,14.35,4.78333333333333,1.6327379867368,0.341338951931038,16.8833333333333,5.62777777777778,0.92561546352526,0.999999999999971,NA,"GO:0043281",129,"FALSE",-0.240624033793792,0.0934311223319662,0.328529844845214
"1478","enu","6","regulation of cytokinesis",-0.0797228107389347,0.105654387142359,7.96666666666667,2.65555555555556,0.596595278162613,0.224659309768348,8.13333333333333,2.71111111111111,0.839735475823741,0.999999999999971,NA,"GO:0032465",241,"FALSE",-0.218794583960193,0.139071773221258,0.328529844845214
"1479","enu","6","regulation of DNA repair",-0.0332548140406515,0.375647030613743,21.7833333333333,7.26111111111111,1.04301024461429,0.143643338967539,22.15,7.38333333333333,0.0482682643290365,0.514631645048424,NA,"GO:0006282",385,"FALSE",-0.190963305529062,0.157708491488411,0.328529844845214
"1480","enu","6","regulation of DNA replication",-0.396230026597045,0.298736027055717,9.55,3.18333333333333,0.354729944229879,0.111433490333994,14.0833333333333,4.69444444444444,0.24623302851441,0.999999999999971,NA,"GO:0006275",38,"FALSE",-0.0699019651167799,-0.326328061480265,0.328529844845214
"1481","enu","6","regulation of embryonic development",-0.250112601095307,0.195335809595029,7.35,2.45,0.638357266740185,0.260553986424565,8.63333333333333,2.87777777777778,0.309258497271693,0.999999999999971,NA,"GO:0045995",66,"FALSE",-0.30642145960115,0.0563088585058437,0.328529844845214
"1482","enu","6","regulation of establishment of cell polarity",-0.107117777649572,0.248739314338937,1.85,0.616666666666667,0.375277674973257,0.608558391848524,2.25,0.75,0.998886570384151,0.999999999999971,NA,"GO:2000114",180,"FALSE",-0.517876499609455,0.410758721959883,0.328529844845214
"1483","enu","6","regulation of extracellular matrix organization",-0.224218888952992,0.400124308636457,3.88333333333333,1.29444444444444,0.518098374757078,0.400247671486155,4.96666666666667,1.65555555555556,0.954398935779419,0.999999999999971,NA,"GO:1903053",81,"FALSE",-0.326063140200253,0.101844251247261,0.328529844845214
"1484","enu","6","regulation of fibroblast migration",-0.208496250072116,0.433718063940628,3.01666666666667,1.00555555555556,0.689269608058119,0.685461488676582,3.7,1.23333333333333,0.986093723758034,0.999999999999971,NA,"GO:0010762",85,"FALSE",-0.445344273927315,0.236848023855199,0.328529844845214
"1485","enu","6","regulation of fibroblast proliferation",-0.375182453936073,0.588856590741623,6.6,2.2,1.57162336455017,0.714374256613714,8.41666666666667,2.80555555555556,0.662049773657509,0.999999999999971,NA,"GO:0048145",39,"FALSE",-0.0829742286519273,-0.292208225284145,0.328529844845214
"1486","enu","6","regulation of focal adhesion assembly",-0.344312399657999,0.642345163447828,4.28333333333333,1.42777777777778,0.286905585192786,0.200945546049422,5.78333333333333,1.92777777777778,0.353377814853878,0.999999999999971,NA,"GO:0051893",43,"FALSE",-0.204855846784235,-0.139456552873764,0.328529844845214
"1487","enu","6","regulation of G0 to G1 transition",0.212747046918155,0.10028666079688,4.9,1.63333333333333,0.321455025366432,0.196809199203938,3.7,1.23333333333333,0.992323306638299,0.999999999999971,NA,"GO:0070316",82,"FALSE",-0.40421237862062,0.616959425538774,0.328529844845214
"1488","enu","6","regulation of generation of precursor metabolites and energy",-0.222439718506293,0.540320765840231,9.41666666666667,3.13888888888889,1.08759844169177,0.346491538946051,11.3,3.76666666666667,0.277273809487539,0.999999999999971,NA,"GO:0043467",81,"FALSE",-0.216866867638538,-0.00557285086775439,0.328529844845214
"1489","enu","6","regulation of glucose metabolic process",0.127173548092643,0.165541785228319,9.11666666666667,3.03888888888889,0.721944391005085,0.23756853817352,7.68333333333333,2.56111111111111,0.532597490238162,0.999999999999971,NA,"GO:0010906",156,"FALSE",-0.240853452966391,0.368027001059034,0.328529844845214
"1490","enu","6","regulation of Golgi organization",-0.00555555555555554,0.329280922505277,0.75,0.25,0.25,1,1.06666666666667,0.355555555555556,0.99997444908588,0.999999999999971,NA,"GO:1903358",632,"FALSE",-0.304218898949749,0.298663343394193,0.328529844845214
"1491","enu","6","regulation of GTPase activity",-0.215550730281593,0.250817073653474,24.35,8.11666666666667,2.9224704161605,0.360057956816489,29.2666666666667,9.75555555555555,0.395683757015035,0.999999999999971,NA,"GO:0043087",82,"FALSE",-0.280010449542744,0.0644597192611507,0.328529844845214
"1492","enu","6","regulation of interferon-beta production",-0.284546217207114,0.318122588215352,4.06666666666667,1.35555555555556,0.834221748653154,0.615409486711343,4.81666666666667,1.60555555555556,0.789798684262596,0.999999999999971,NA,"GO:0032648",57,"FALSE",-0.267803134928829,-0.0167430822782854,0.328529844845214
"1493","enu","6","regulation of intracellular protein transport",-0.355970453740759,0.405837065384033,17.1333333333333,5.71111111111111,2.82259402625263,0.494228525997542,21.7333333333333,7.24444444444444,0.0700380449844372,0.551785409591351,NA,"GO:0033157",42,"FALSE",-0.278815473320496,-0.0771549804202625,0.328529844845214
"1494","enu","6","regulation of intracellular steroid hormone receptor signaling pathway",-0.239827573054718,0.374407071949542,4.83333333333333,1.61111111111111,1.05847549351431,0.65698478907785,5.58333333333333,1.86111111111111,0.818089855182775,0.999999999999971,NA,"GO:0033143",74,"FALSE",-0.301771215604079,0.0619436425493609,0.328529844845214
"1495","enu","6","regulation of intracellular transport",-0.188030433328041,0.241258302078539,26.2,8.73333333333333,2.83078316607495,0.324135477031483,31.55,10.5166666666667,0.28481845085204,0.999999999999971,NA,"GO:0032386",99,"FALSE",-0.0965994948521141,-0.0914309384759264,0.328529844845214
"1496","enu","6","regulation of ketone biosynthetic process",0.222330833381411,0.125085464188743,1.51666666666667,0.505555555555556,0.223813745316485,0.442708507219422,0.983333333333333,0.327777777777778,0.999605551826565,0.999999999999971,NA,"GO:0010566",81,"FALSE",-0.4809680007633,0.703298834144711,0.328529844845214
"1497","enu","6","regulation of ligase activity",0.597076041806892,0.171406657569691,1.73333333333333,0.577777777777778,0.226895309518468,0.392703420320426,0,0,0.795438353571966,0.999999999999971,NA,"GO:0051340",21,"FALSE",-0.327950843359853,0.925026885166745,0.328529844845214
"1498","enu","6","regulation of membrane permeability",-0.348232019406511,0.468368165205407,5.01666666666667,1.67222222222222,1.4596739869396,0.872894743020359,6.28333333333333,2.09444444444444,0.800196847613533,0.999999999999971,NA,"GO:0090559",43,"FALSE",-0.104403377491157,-0.243828641915354,0.328529844845214
"1499","enu","6","regulation of microtubule cytoskeleton organization",-0.280329247711363,0.15978775211901,11.6666666666667,3.88888888888889,1.33680104616844,0.343748840443313,14.0833333333333,4.69444444444444,0.569463857174917,0.999999999999971,NA,"GO:0070507",57,"FALSE",-0.262462738350162,-0.0178665093612004,0.328529844845214
"1500","enu","6","regulation of microtubule depolymerization",-0.0450626387526705,0.194450976998984,2.21666666666667,0.738888888888889,0.461378771044324,0.624422396902092,2.25,0.75,0.992550973023829,0.999999999999971,NA,"GO:0031114",347,"FALSE",-0.188773750716785,0.143711111964115,0.328529844845214
"1501","enu","6","regulation of microtubule-based process",-0.547736283533414,0.064598031525182,13.3,4.43333333333333,1.28970280814354,0.290910407851926,21.5333333333333,7.17777777777778,0.0403616516600293,0.460122828924335,NA,"GO:0032886",25,"FALSE",-0.202336719859994,-0.345399563673419,0.328529844845214
"1502","enu","6","regulation of mitochondrial fission",0.233458680815973,0.463593012276884,4.1,1.36666666666667,0.709459888459759,0.519116991555921,2.75,0.916666666666667,0.877061637833027,0.999999999999971,NA,"GO:0090140",74,"FALSE",-0.333005271571479,0.566463952387452,0.328529844845214
"1503","enu","6","regulation of mitochondrial membrane permeability",0.144009999807692,0.0762275557080186,6.65,2.21666666666667,0.88928810479694,0.401182603667792,5.5,1.83333333333333,0.991158334559305,0.999999999999971,NA,"GO:0046902",129,"FALSE",-0.40845754312169,0.552467542929382,0.328529844845214
"1504","enu","6","regulation of mitochondrial membrane potential",-0.34694535070429,0.296786786586986,4.48333333333333,1.49444444444444,1.29425368169945,0.866043355784022,5.86666666666667,1.95555555555556,0.838711010897582,0.999999999999971,NA,"GO:0051881",43,"FALSE",-0.200656298008104,-0.146289052696186,0.328529844845214
"1505","enu","6","regulation of ncRNA transcription",-0.346006666538461,0.26349575916319,1.63333333333333,0.544444444444445,0.471797194345825,0.866566275329067,2.75,0.916666666666667,0.994749110516815,0.999999999999971,NA,"GO:0140747",43,"FALSE",-0.270762096219558,-0.0752445703189034,0.328529844845214
"1506","enu","6","regulation of neuron apoptotic process",-0.184236641533739,0.319302409494709,16.4,5.46666666666667,2.20302821891444,0.402992966874593,18.9833333333333,6.32777777777778,0.457675023151321,0.999999999999971,NA,"GO:0043523",99,"FALSE",-0.228908543433136,0.0446719018993977,0.328529844845214
"1507","enu","6","regulation of neuron death",-0.331404357233634,0.254473770999755,20.0666666666667,6.68888888888889,2.89948909931337,0.433478436774424,25.05,8.35,0.170531335003702,0.95833806572503,NA,"GO:1901214",47,"FALSE",-0.160202202972754,-0.17120215426088,0.328529844845214
"1508","enu","6","regulation of neuron projection development",-0.119017677984922,0.19103972740024,35,11.6666666666667,5.03322295684717,0.4314191105869,38.3333333333333,12.7777777777778,0.356642374290492,0.999999999999971,NA,"GO:0010975",163,"FALSE",-0.212213660072005,0.0931959820870832,0.328529844845214
"1509","enu","6","regulation of pinocytosis",0.166666666666667,0.115470053837925,0.366666666666667,0.122222222222222,0.107151675122144,0.876695523726632,0.166666666666667,0.0555555555555556,0.999999920012516,0.999999999999971,NA,"GO:0048548",112,"FALSE",-0.00788100532997567,0.174547671996642,0.328529844845214
"1510","enu","6","regulation of plasma membrane bounded cell projection assembly",-0.469224131280029,0.0427667951500659,10.8833333333333,3.62777777777778,1.30024926385218,0.358414804737202,16.7166666666667,5.57222222222222,0.228474039407121,0.999999999999971,NA,"GO:0120032",28,"FALSE",-0.270448752183173,-0.198775379096856,0.328529844845214
"1511","enu","6","regulation of protein catabolic process",-0.00585134394310428,0.0821428354025006,32.8166666666667,10.9388888888889,3.217587663199,0.294142092115703,34.6166666666667,11.5388888888889,0.95661775680677,0.999999999999971,NA,"GO:0042176",632,"FALSE",-0.274257024760103,0.268405680816999,0.328529844845214
"1512","enu","6","regulation of protein dephosphorylation",-0.166700210428984,0.402350602331896,6.63333333333333,2.21111111111111,1.46072026880704,0.660627257249414,7.31666666666667,2.43888888888889,0.761357980064504,0.999999999999971,NA,"GO:0035304",112,"FALSE",-0.236502305061253,0.0698020946322689,0.328529844845214
"1513","enu","6","regulation of protein modification by small protein conjugation or removal",-0.170836460748881,0.149559997062907,21.3666666666667,7.12222222222222,2.23117640453375,0.313269697984458,25.15,8.38333333333333,0.270857598989335,0.999999999999971,NA,"GO:1903320",105,"FALSE",-0.210099165288738,0.0392627045398564,0.328529844845214
"1514","enu","6","regulation of protein stability",-0.139554794914383,0.153202829755349,25.5166666666667,8.50555555555555,2.81959085553074,0.331499904634575,29.9166666666667,9.97222222222222,0.779304910798047,0.999999999999971,NA,"GO:0031647",137,"FALSE",-0.21643364480395,0.0768788498895671,0.328529844845214
"1515","enu","6","regulation of protein-containing complex assembly",-0.130552306797731,0.197400448392687,32.7166666666667,10.9055555555556,4.31587294290034,0.395749938727489,36.9666666666667,12.3222222222222,0.603952457076508,0.999999999999971,NA,"GO:0043254",137,"FALSE",-0.208959792135864,0.078407485338133,0.328529844845214
"1516","enu","6","regulation of response to DNA damage stimulus",-0.17269556498011,0.347639168784485,29.0833333333333,9.69444444444444,3.15384832534148,0.325325328688519,33.4833333333333,11.1611111111111,0.0510038982887853,0.514631645048424,NA,"GO:2001020",105,"FALSE",-0.309435829759432,0.136740264779322,0.328529844845214
"1517","enu","6","regulation of small molecule metabolic process",-0.284187590082349,0.269687871004022,20.7166666666667,6.90555555555556,3.34814763602094,0.484848410686861,26.25,8.75,0.307267407102794,0.999999999999971,NA,"GO:0062012",57,"FALSE",-0.241419894057012,-0.0427676960253366,0.328529844845214
"1518","enu","6","regulation of stem cell differentiation",-0.336364549001786,0.289264652790126,5.15,1.71666666666667,0.682519840981442,0.397584373387248,7.26666666666667,2.42222222222222,0.532839785244908,0.999999999999971,NA,"GO:2000736",47,"FALSE",-0.139848469779333,-0.196516079222454,0.328529844845214
"1519","enu","6","regulation of steroid hormone biosynthetic process",0.420969097282319,0.133643044320243,1.4,0.466666666666667,0.0577350269189626,0.123717914826348,0.333333333333333,0.111111111111111,0.988191721364439,0.999999999999971,NA,"GO:0090030",33,"FALSE",-0.199607827664875,0.620576924947193,0.328529844845214
"1520","enu","6","regulation of supramolecular fiber organization",-0.214378434261447,0.272117419992725,29.6666666666667,9.88888888888889,4.83429109284602,0.488860897029373,33.9666666666667,11.3222222222222,0.232596622388789,0.999999999999971,NA,"GO:1902903",82,"FALSE",-0.181413453985086,-0.0329649802763615,0.328529844845214
"1521","enu","6","regulation of translational fidelity",0.104720138928953,0.242954182795463,1.11666666666667,0.372222222222222,0.256218945724449,0.688349406423893,1.03333333333333,0.344444444444444,0.999965315688147,0.999999999999971,NA,"GO:0006450",180,"FALSE",-0.183667509980732,0.288387648909685,0.328529844845214
"1522","enu","6","regulation of type I interferon-mediated signaling pathway",0.292046805723825,0.0904554528872879,4.9,1.63333333333333,0.321455025366432,0.196809199203938,3.53333333333333,1.17777777777778,0.999509021000076,0.999999999999971,NA,"GO:0060338",55,"FALSE",-0.173626134390294,0.465672940114119,0.328529844845214
"1523","enu","6","regulation of ubiquitin-protein transferase activity",0.0495708278677956,0.133638129200357,5.55,1.85,0.626498204307083,0.338647678003829,5.33333333333333,1.77777777777778,0.993883218156876,0.999999999999971,NA,"GO:0051438",347,"FALSE",-0.542654267464131,0.592225095331927,0.328529844845214
"1524","enu","6","regulation of vacuole organization",-0.408130175528428,0.352548153388242,3.13333333333333,1.04444444444444,0.269430125621825,0.257965013893237,4.96666666666667,1.65555555555556,0.621801457790214,0.999999999999971,NA,"GO:0044088",34,"FALSE",-0.325519664096862,-0.0826105114315662,0.328529844845214
"1525","enu","6","release of cytochrome c from mitochondria",-0.503375139153314,0.31698995007953,2.93333333333333,0.977777777777778,0.564046228733203,0.576865461204412,5.16666666666667,1.72222222222222,0.710555347940497,0.999999999999971,NA,"GO:0001836",26,"FALSE",0.0241745001409264,-0.52754963929424,0.328529844845214
"1526","enu","6","renal system development",-0.18969458666524,0.0754201160884125,22.2166666666667,7.40555555555556,2.48195338243743,0.335147493502428,25.3,8.43333333333333,0.151029736350493,0.915728152485787,NA,"GO:0072001",99,"FALSE",-0.202910052478812,0.013215465813572,0.328529844845214
"1527","enu","6","respiratory system development",-0.362065916976738,0.17605718454865,13.5333333333333,4.51111111111111,1.68830399228645,0.374254579570888,17.95,5.98333333333333,0.354619233380842,0.999999999999971,NA,"GO:0060541",42,"FALSE",-0.262698414831492,-0.0993675021452458,0.328529844845214
"1528","enu","6","respiratory tube development",-0.055999054985228,0.276163574087383,14.85,4.95,1.6755596080116,0.338496890507395,15.7666666666667,5.25555555555556,0.912936708089435,0.999999999999971,NA,"GO:0030323",306,"FALSE",-0.274574093996678,0.21857503901145,0.328529844845214
"1529","enu","6","response to acid chemical",-0.209922121842584,0.472631652633865,9.06666666666667,3.02222222222222,1.45538591038533,0.481561514465736,10.3166666666667,3.43888888888889,0.646432220266455,0.999999999999971,NA,"GO:0001101",85,"FALSE",-0.139655592326342,-0.0702665295162419,0.328529844845214
"1530","enu","6","response to amino acid",-0.0728107915888353,0.135158868452108,8.65,2.88333333333333,0.982768199187038,0.340844462145793,9.53333333333333,3.17777777777778,0.994373978881726,0.999999999999971,NA,"GO:0043200",241,"FALSE",-0.225133684597636,0.1523228930088,0.328529844845214
"1531","enu","6","response to amino acid starvation",0.111812078722751,0.566621387408929,5.86666666666667,1.95555555555556,0.734342739638147,0.375516173678598,5.16666666666667,1.72222222222222,0.944729547011771,0.999999999999971,NA,"GO:1990928",163,"FALSE",-0.417769488040874,0.529581566763624,0.328529844845214
"1532","enu","6","response to arsenic-containing substance",-0.338780277729701,0.0917141201080067,1.93333333333333,0.644444444444444,0.171053381314896,0.265427660661046,3.16666666666667,1.05555555555556,0.997849579014087,0.999999999999971,NA,"GO:0046685",47,"FALSE",-0.226886807747918,-0.111893469981782,0.328529844845214
"1533","enu","6","response to endoplasmic reticulum stress",-0.631783471195494,0.547652935765339,17.0333333333333,5.67777777777778,2.95152189242795,0.519837515300422,25.1333333333333,8.37777777777778,0.00724241027795042,0.192648113393481,NA,"GO:0034976",20,"FALSE",-0.219586935706875,-0.412196535488619,0.328529844845214
"1534","enu","6","response to fluid shear stress",-0.0236175020836315,0.0399445168474766,4.1,1.36666666666667,0.321455025366432,0.23521099417056,3.9,1.3,0.99417865117363,0.999999999999971,NA,"GO:0034405",451,"FALSE",-0.371959861718344,0.348342359634713,0.328529844845214
"1535","enu","6","response to insulin",-0.283078328184122,0.165482811965135,17.6166666666667,5.87222222222222,1.8571433658933,0.316259040549473,22.3833333333333,7.46111111111111,0.418069912348576,0.999999999999971,NA,"GO:0032868",57,"FALSE",-0.176871583395267,-0.106206744788855,0.328529844845214
"1536","enu","6","response to ionizing radiation",-0.170127065340842,0.125479511371581,13.6833333333333,4.56111111111111,0.293604672482751,0.0643713045638188,15.25,5.08333333333333,0.553661399485416,0.999999999999971,NA,"GO:0010212",105,"FALSE",-0.209467240456088,0.039340175115246,0.328529844845214
"1537","enu","6","response to oxidative stress",-0.24513359797348,0.224410973573777,31.9666666666667,10.6555555555556,4.58504008625798,0.430295732808361,38.95,12.9833333333333,0.219294322083306,0.999999999999971,NA,"GO:0006979",71,"FALSE",-0.174254991386936,-0.0708786065865439,0.328529844845214
"1538","enu","6","response to oxygen levels",-0.26401310512362,0.167789919497977,22.4666666666667,7.48888888888889,2.89546260616567,0.386634472633398,28.1,9.36666666666667,0.348883567820398,0.999999999999971,NA,"GO:0070482",63,"FALSE",-0.162054248851417,-0.101958856272202,0.328529844845214
"1539","enu","6","response to reactive oxygen species",-0.166338254373109,0.423949366881656,17.65,5.88333333333333,1.90153446808974,0.323206991743299,18.2833333333333,6.09444444444444,0.151473829734491,0.915728152485787,NA,"GO:0000302",112,"FALSE",-0.178655548042842,0.0123172936697328,0.328529844845214
"1540","enu","6","response to sterol depletion",0.000108611159188467,0.49532656946746,1.18333333333333,0.394444444444444,0.182827585243381,0.46350655413815,1.4,0.466666666666667,0.997720290513254,0.999999999999971,NA,"GO:0006991",632,"FALSE",-0.478240806938271,0.47834941809746,0.328529844845214
"1541","enu","6","response to topologically incorrect protein",-0.239118014558021,0.0711957117045172,12.7666666666667,4.25555555555556,1.12365145511969,0.264043422874078,16.1833333333333,5.39444444444444,0.793875176321922,0.999999999999971,NA,"GO:0035966",74,"FALSE",-0.235008368944144,-0.00410964561387639,0.328529844845214
"1542","enu","6","response to transforming growth factor beta",-0.599169151221323,0.268589017103388,15.8166666666667,5.27222222222222,2.09896358904773,0.398117435225071,24.1166666666667,8.03888888888889,0.0112199907828114,0.223838816117088,NA,"GO:0071559",21,"FALSE",-0.112587698291426,-0.486581452929898,0.328529844845214
"1543","enu","6","response to UV",-0.0701288476830204,0.139935206206857,14.45,4.81666666666667,0.935859676091097,0.194296126524103,16.3833333333333,5.46111111111111,0.997722539581091,0.999999999999971,NA,"GO:0009411",241,"FALSE",-0.253579688498791,0.18345084081577,0.328529844845214
"1544","enu","6","response to virus",-0.388273203856628,0.152582089004304,25.0333333333333,8.34444444444444,3.41895587266921,0.409728400186723,33.85,11.2833333333333,0.00945232940615392,0.19903700281773,NA,"GO:0009615",38,"FALSE",-0.203081559898789,-0.185191643957839,0.328529844845214
"1545","enu","6","rhythmic process",-0.191491073130658,0.300269898877971,21.9833333333333,7.32777777777778,1.73848060524552,0.23724526834283,24.5333333333333,8.17777777777778,0.023680911526204,0.393695154123141,NA,"GO:0048511",93,"FALSE",-0.0808301011517808,-0.110660971978877,0.328529844845214
"1546","enu","6","ribonucleoprotein complex assembly",-0.369341299301327,0.327991312971704,15.75,5.25,2.83945417290014,0.54084841388574,20.1833333333333,6.72777777777778,0.191062722249622,0.987252208392001,NA,"GO:0022618",42,"FALSE",-0.170908741864808,-0.19843255743652,0.328529844845214
"1547","enu","6","ribonucleoprotein complex subunit organization",-0.306018163334528,0.317595068447387,16.5833333333333,5.52777777777778,0.708741712342948,0.128214581127368,22.5166666666667,7.50555555555556,0.136382766170094,0.850261307841681,NA,"GO:0071826",54,"FALSE",-0.189757623602734,-0.116260539731794,0.328529844845214
"1548","enu","6","ribonucleotide metabolic process",-0.0566527327499495,0.166400233000848,35.05,11.6833333333333,2.37714815132194,0.2034648916966,39.1833333333333,13.0611111111111,0.644113440724317,0.999999999999971,NA,"GO:0009259",306,"FALSE",-0.257356604829261,0.200703872079312,0.328529844845214
"1549","enu","6","ribose phosphate metabolic process",-0.27162153198814,0.123982497703328,32.6333333333333,10.8777777777778,3.50877207602339,0.322563316488361,41.2833333333333,13.7611111111111,0.300479831296584,0.999999999999971,NA,"GO:0019693",61,"FALSE",-0.105799422024723,-0.165822109963417,0.328529844845214
"1550","enu","6","ribosomal subunit export from nucleus",0.143609027817842,0.139784924905895,0.866666666666667,0.288888888888889,0.342106762629792,1.18421571679544,0.666666666666667,0.222222222222222,0.999971496834809,0.999999999999971,NA,"GO:0000054",129,"FALSE",-0.156930669573321,0.300539697391163,0.328529844845214
"1551","enu","6","ribosome assembly",-0.123735214775143,0.264552567340769,5.31666666666667,1.77222222222222,0.778233993184664,0.439128898975673,5.3,1.76666666666667,0.33448385347065,0.999999999999971,NA,"GO:0042255",156,"FALSE",-0.264126565064271,0.140391350289127,0.328529844845214
"1552","enu","6","ribosome biogenesis",-0.33489768946037,0.101921150552365,24.2166666666667,8.07222222222222,2.46961160539091,0.305939496882563,32.4833333333333,10.8277777777778,0.00947795251512998,0.19903700281773,NA,"GO:0042254",47,"FALSE",-0.177733103654455,-0.157164585805915,0.328529844845214
"1553","enu","6","ribosome localization",0.2612197222703,0.158566431470742,0.9,0.3,0.264575131106459,0.881917103688197,0.166666666666667,0.0555555555555556,0.999480047913122,0.999999999999971,NA,"GO:0033750",63,"FALSE",-0.330946428685898,0.592166150956197,0.328529844845214
"1554","enu","6","RNA localization",-0.0933686208329286,0.301739866622977,17.1166666666667,5.70555555555556,0.832721997983677,0.145949327786818,19.3,6.43333333333333,0.530372038898557,0.999999999999971,NA,"GO:0006403",193,"FALSE",-0.093916977779163,0.000548356946234424,0.328529844845214
"1555","enu","6","RNA transport",-0.176810486895349,0.229514095361068,11.7666666666667,3.92222222222222,0.827535385838464,0.210986358995642,14.6166666666667,4.87222222222222,0.722993756402823,0.999999999999971,NA,"GO:0050658",105,"FALSE",-0.281051969294823,0.104241482399473,0.328529844845214
"1556","enu","6","roof of mouth development",-0.582266523201764,0.735753908277356,4.91666666666667,1.63888888888889,1.19702563480085,0.73038852292933,8.06666666666667,2.68888888888889,0.0730730961250287,0.551785409591351,NA,"GO:0060021",22,"FALSE",-0.0454290280731818,-0.536837495128582,0.328529844845214
"1557","enu","6","rRNA metabolic process",-0.280680555495021,0.0474525897253171,21.8333333333333,7.27777777777778,2.49629354874011,0.343002167002458,27.3,9.1,0.0669176149569717,0.551785409591351,NA,"GO:0016072",57,"FALSE",-0.127972272180965,-0.152708283314056,0.328529844845214
"1558","enu","6","Schwann cell differentiation",0.199456873088645,0.172264357351462,4.21666666666667,1.40555555555556,0.571628602555242,0.406692286402939,3.08333333333333,1.02777777777778,0.686094503809596,0.999999999999971,NA,"GO:0014037",93,"FALSE",-0.416467571402603,0.615924444491248,0.328529844845214
"1559","enu","6","semaphorin-plexin signaling pathway involved in neuron projection guidance",0.277886388936966,0.0672098235404437,1.51666666666667,0.505555555555556,0.223813745316485,0.442708507219422,0.733333333333333,0.244444444444444,0.986803066984154,0.999999999999971,NA,"GO:1902285",61,"FALSE",-0.528231299657548,0.806117688594514,0.328529844845214
"1560","enu","6","seminiferous tubule development",0.0556641667147437,0.400181363103471,1.01666666666667,0.338888888888889,0.229935578739721,0.678498429068029,1.06666666666667,0.355555555555556,0.999830309509127,0.999999999999971,NA,"GO:0072520",306,"FALSE",-0.114967703573582,0.170631870288325,0.328529844845214
"1561","enu","6","signal peptide processing",0.0444444444444444,0.0962250448649376,0,0,0,NA,0.166666666666667,0.0555555555555556,0.999999999999971,0.999999999999971,NA,"GO:0006465",347,"FALSE",-0.0600449061136943,0.104489350558139,0.328529844845214
"1562","enu","6","signal transduction in response to DNA damage",-0.169077054896142,0.160760408485757,15.25,5.08333333333333,1.58771324027147,0.312337030873076,18.2,6.06666666666667,0.847588569477611,0.999999999999971,NA,"GO:0042770",112,"FALSE",-0.254351338483172,0.0852742835870303,0.328529844845214
"1563","enu","6","sister chromatid segregation",-0.362893190578691,0.342279401938813,19.85,6.61666666666667,2.93101233933488,0.44297415707832,26.7,8.9,0.157423443840042,0.937491852122044,NA,"GO:0000819",42,"FALSE",-0.209627361881741,-0.15326582869695,0.328529844845214
"1564","enu","6","small molecule catabolic process",-0.157123485112187,0.222982706591444,26.7166666666667,8.90555555555556,3.78837158410566,0.425394189107311,30.85,10.2833333333333,0.874842301251039,0.999999999999971,NA,"GO:0044282",122,"FALSE",-0.234732847698003,0.0776093625858151,0.328529844845214
"1565","enu","6","smoothened signaling pathway involved in dorsal/ventral neural tube patterning",0.215831250040064,0.126004753590821,0.783333333333333,0.261111111111111,0.0673575314054563,0.257965013893237,0.366666666666667,0.122222222222222,0.999909908334453,0.999999999999971,NA,"GO:0060831",82,"FALSE",-0.161155179475912,0.376986429515976,0.328529844845214
"1566","enu","6","sphingomyelin biosynthetic process",0.254720138928953,0.137778375709731,0.7,0.233333333333333,0.251661147842358,1.07854777646725,0.166666666666667,0.0555555555555556,0.998098854847347,0.999999999999971,NA,"GO:0006686",66,"FALSE",-0.0936567459172769,0.34837688484623,0.328529844845214
"1567","enu","6","spindle localization",-0.486290764173346,0.207117678009353,2.91666666666667,0.972222222222222,0.209717623201965,0.21570955529345,5.16666666666667,1.72222222222222,0.752661997419449,0.999999999999971,NA,"GO:0051653",27,"FALSE",-0.389243027838016,-0.0970477363353299,0.328529844845214
"1568","enu","6","stem cell differentiation",-0.393263950544889,0.327388147694491,13.95,4.65,0.492442890089805,0.105901696793507,20.05,6.68333333333333,0.037640542351258,0.458303057360046,NA,"GO:0048863",38,"FALSE",-0.301421328532153,-0.0918426220127366,0.328529844845214
"1569","enu","6","stem cell population maintenance",-0.0670623664402568,0.105222415149652,15.3,5.1,1.38924439894498,0.272400862538231,16.9166666666667,5.63888888888889,0.882985221889945,0.999999999999971,NA,"GO:0019827",265,"FALSE",-0.224174747844154,0.157112381403897,0.328529844845214
"1570","enu","6","sterol biosynthetic process",-0.0657742726504894,0.426448290477392,4.33333333333333,1.44444444444444,0.41943524640393,0.290378247510413,4.8,1.6,0.943030412969377,0.999999999999971,NA,"GO:0016126",265,"FALSE",-0.240821718280659,0.175047445630169,0.328529844845214
"1571","enu","6","stress granule assembly",-0.317502083293269,0.175481213424182,1.31666666666667,0.438888888888889,0.211037999035806,0.48084607375247,2.5,0.833333333333333,0.998915455605163,0.999999999999971,NA,"GO:0034063",49,"FALSE",-0.111960924538936,-0.205541158754333,0.328529844845214
"1572","enu","6","substantia nigra development",-0.431044305771903,0.0914593522362096,2.46666666666667,0.822222222222222,0.333888426695927,0.406080518954506,4.23333333333333,1.41111111111111,0.916371741827831,0.999999999999971,NA,"GO:0021762",33,"FALSE",-0.349752210098899,-0.0812920956730043,0.328529844845214
"1573","enu","6","substrate adhesion-dependent cell spreading",-0.220054623322727,0.347731012176666,7.18333333333333,2.39444444444444,0.875647908270932,0.36569982247974,8.3,2.76666666666667,0.585828667727808,0.999999999999971,NA,"GO:0034446",81,"FALSE",-0.11609409779183,-0.103960525530897,0.328529844845214
"1574","enu","6","sulfur compound metabolic process",-0.290814467431255,0.325612427250793,19.8333333333333,6.61111111111111,1.98839224090814,0.300765212910475,25.4666666666667,8.48888888888889,0.0688387877776548,0.551785409591351,NA,"GO:0006790",55,"FALSE",-0.163922056437682,-0.126892410993573,0.328529844845214
"1575","enu","6","suppression of viral release by host",0.231662500080128,0.114050610405961,1.03333333333333,0.344444444444444,0.435039376676709,1.26301754519044,0.5,0.166666666666667,0.999993000800991,0.999999999999971,NA,"GO:0044790",74,"FALSE",-0.268005547623453,0.499668047703582,0.328529844845214
"1576","enu","6","synaptic vesicle lumen acidification",0.659857986171208,0.512179552445123,2.73333333333333,0.911111111111111,0.554109228435186,0.608168665355692,0.533333333333333,0.177777777777778,0.313461227111003,0.999999999999971,NA,"GO:0097401",20,"FALSE",0.13477172385675,0.525086262314458,0.328529844845214
"1577","enu","6","telomerase RNA localization to Cajal body",-0.0333333333333333,0.23094010767585,1.48333333333333,0.494444444444444,0.302917908449235,0.612642960908566,1.88333333333333,0.627777777777778,0.999902500183963,0.999999999999971,NA,"GO:0090671",385,"FALSE",0.0952040131317319,-0.128537346465065,0.328529844845214
"1578","enu","6","telomere maintenance",-0.320113119962304,0.331702351631686,12.8666666666667,4.28888888888889,1.99592176793173,0.465370360398589,15.9333333333333,5.31111111111111,0.293469466832902,0.999999999999971,NA,"GO:0000723",48,"FALSE",-0.308090542240633,-0.0120225777216718,0.328529844845214
"1579","enu","6","telomere organization",-0.720069283902098,0.362483762835245,11.3333333333333,3.77777777777778,1.34715062810913,0.356598695675945,17.95,5.98333333333333,0.00105627496689834,0.0842907423584879,NA,"GO:0032200",16,"FALSE",-0.197473307697932,-0.522595976204166,0.328529844845214
"1580","enu","6","toxin transport",-0.353501911435211,0.273697564064228,2.18333333333333,0.727777777777778,0.552854545199864,0.759647466686836,3.33333333333333,1.11111111111111,0.984527151469311,0.999999999999971,NA,"GO:1901998",42,"FALSE",-0.445975335991386,0.0924734245561749,0.328529844845214
"1581","enu","6","trabecula morphogenesis",-0.189197986043002,0.182676614195995,2.95,0.983333333333333,0.225462487641145,0.229283885736757,3.7,1.23333333333333,0.99638340653969,0.999999999999971,NA,"GO:0061383",99,"FALSE",-0.55550071368153,0.366302727638528,0.328529844845214
"1582","enu","6","tube closure",-0.248533642677838,0.0492101779802883,6.7,2.23333333333333,0.750555349946514,0.336069559677543,8.66666666666667,2.88888888888889,0.948474783730068,0.999999999999971,NA,"GO:0060606",71,"FALSE",0.0221937739350505,-0.270727416612889,0.328529844845214
"1583","enu","6","U2-type prespliceosome assembly",0.140267361311433,0.246457876995078,3.36666666666667,1.12222222222222,0.107151675122144,0.0954816907029006,2.5,0.833333333333333,0.922535779563055,0.999999999999971,NA,"GO:1903241",129,"FALSE",-0.0897122513267901,0.229979612638223,0.328529844845214
"1584","enu","6","ubiquinone biosynthetic process",0.200108611159188,0.703902510161334,1.41666666666667,0.472222222222222,0.458964212273842,0.971924214226959,1.03333333333333,0.344444444444444,0.997329683892341,0.999999999999971,NA,"GO:0006744",85,"FALSE",-0.155084227673061,0.355192838832249,0.328529844845214
"1585","enu","6","ubiquinone metabolic process",9.26089355664702e-18,0.360555127546399,1.26666666666667,0.422222222222222,0.367171369819073,0.869616402203069,1.4,0.466666666666667,0.997464677121016,0.999999999999971,NA,"GO:0006743",632,"FALSE",-0.586967109421222,0.586967109421222,0.328529844845214
"1586","enu","6","UV-damage excision repair",0.476942361151176,0.489991034815908,1.2,0.4,0.529150262212918,1.3228756555323,0,0,0.963382809150063,0.999999999999971,NA,"GO:0070914",28,"FALSE",-0.521444695954977,0.998387057106152,0.328529844845214
"1587","enu","6","vacuolar acidification",-0.567502083293269,0.304412703077371,1.23333333333333,0.411111111111111,0.416777762966912,1.01378374775735,3,1,0.936938197146316,0.999999999999971,NA,"GO:0007035",22,"FALSE",0.210690670430271,-0.77819275372354,0.328529844845214
"1588","enu","6","vacuolar transport",-0.243515821803989,0.341118936013025,13.2666666666667,4.42222222222222,0.367171369819074,0.0830287017178809,16.4333333333333,5.47777777777778,0.109870797822335,0.769095584756343,NA,"GO:0007034",71,"FALSE",-0.198705784973432,-0.0448100368305578,0.328529844845214
"1589","enu","6","vacuole organization",-0.3913933732161,0.351876165352982,16.25,5.41666666666667,3.39423530906938,0.626628057058963,20.3333333333333,6.77777777777778,0.0665672754227763,0.551785409591351,NA,"GO:0007033",38,"FALSE",-0.331436715860169,-0.0599566573559315,0.328529844845214
"1590","enu","6","vasculogenesis",-0.340015241546895,0.278791617806798,5.68333333333333,1.89444444444444,1.31659634130052,0.694977540862447,6.98333333333333,2.32777777777778,0.852405304824077,0.999999999999971,NA,"GO:0001570",43,"FALSE",-0.131784211140522,-0.208231030406373,0.328529844845214
"1591","enu","6","vesicle localization",-0.322482735930592,0.169197398099862,15.5,5.16666666666667,1.89296944860009,0.366381183600018,20.05,6.68333333333333,0.32388799365896,0.999999999999971,NA,"GO:0051648",48,"FALSE",-0.166606920911455,-0.155875815019137,0.328529844845214
"1592","enu","6","vesicle organization",-0.214125496745224,0.320474619809052,27.5,9.16666666666667,1.60727512683216,0.175339104745326,34.6666666666667,11.5555555555556,0.116136579915499,0.798939575625589,NA,"GO:0016050",82,"FALSE",-0.24259647062961,0.0284709738843865,0.328529844845214
"1593","enu","6","viral process",-0.328208046789444,0.240421056699181,29.1833333333333,9.72777777777778,1.82500634194738,0.187607733609668,38.5166666666667,12.8388888888889,0.00172057074287695,0.0915278392132848,NA,"GO:0016032",48,"FALSE",-0.220276742232708,-0.107931304556735,0.328529844845214
"1594","enu","6","viral release from host cell",-0.118235297512057,0.327960523509367,2.75,0.916666666666667,0.381881307912987,0.416597790450531,2.75,0.916666666666667,0.832655985790339,0.999999999999971,NA,"GO:0019076",163,"FALSE",-0.13979404961109,0.0215587520990324,0.328529844845214
"1595","enu","6","water-soluble vitamin metabolic process",-0.202848819680824,0.0618725704299106,3.81666666666667,1.27222222222222,0.471502719838194,0.370613491575873,4.8,1.6,0.991965588294583,0.999999999999971,NA,"GO:0006767",85,"FALSE",-0.152389045469752,-0.050459774211072,0.328529844845214
"1596","enu","6","Wnt signaling pathway",-0.415344654317036,0.0570880798639719,28.6166666666667,9.53888888888889,3.01322701385691,0.315888679379292,40.1,13.3666666666667,0.00858839586544069,0.19903700281773,NA,"GO:0016055",34,"FALSE",-0.184079832944858,-0.231264821372178,0.328529844845214
"1597","enu","9","actin filament organization",-0.547949872750407,0.322924005309261,78.4333333333333,13.0722222222222,6.29569223681882,0.481608415906242,110.733333333333,18.4555555555556,8.2670100559188e-06,0.00013743904217965,"***","GO:0007015",25,"TRUE",-0.13981922504435,-0.408130647706056,0.328529844845214
"1598","enu","9","alcohol biosynthetic process",-0.292920798456807,0.23117522386571,28.4166666666667,4.73611111111111,1.5797474012803,0.333553703496133,34.2333333333333,5.70555555555556,0.0979173166890434,0.247272211132458,NA,"GO:0046165",55,"FALSE",-0.325976534494511,0.0330557360377047,0.328529844845214
"1599","enu","9","amino sugar biosynthetic process",-0.0393065972021901,0.231763879727053,1.83333333333333,0.305555555555556,0.305807976544953,1.00082610505621,1.83333333333333,0.305555555555556,0.999875699053427,0.999999999288937,NA,"GO:0046349",385,"FALSE",-0.0368985953517863,-0.00240800185040378,0.328529844845214
"1600","enu","9","aminoglycan biosynthetic process",-0.461420761801899,0.515587159591389,14.5333333333333,2.42222222222222,1.68347084146833,0.695010897853896,18,3,0.27768094842698,0.559805420176435,NA,"GO:0006023",28,"FALSE",-0.295054058323808,-0.16636670347809,0.328529844845214
"1601","enu","9","apoptotic mitochondrial changes",-0.559748235810666,0.256384206728576,21.4333333333333,3.57222222222222,2.08704114495636,0.584241689101313,30.0333333333333,5.00555555555556,0.263839274839119,0.539855746978505,NA,"GO:0008637",25,"FALSE",-0.114814934012518,-0.444933301798148,0.328529844845214
"1602","enu","9","appendage development",-0.556952230602856,0.169292520355226,30.45,5.075,2.28117294390408,0.449492205695385,41.9333333333333,6.98888888888889,0.111796177035984,0.271991918520473,NA,"GO:0048736",25,"TRUE",-0.0686250198467333,-0.488327210756123,0.328529844845214
"1603","enu","9","aromatic compound catabolic process",-0.471749054045018,0.143850363654577,91.0333333333333,15.1722222222222,6.58602617218765,0.434084478576997,125.033333333333,20.8388888888889,1.16183960544836e-08,7.72623337623157e-07,"****","GO:0019439",28,"TRUE",-0.170848024041113,-0.300901030003906,0.328529844845214
"1604","enu","9","ATP metabolic process",-0.272461070941806,0.412991999583623,48.1666666666667,8.02777777777778,2.0505193560729,0.255428016673441,59.35,9.89166666666667,0.000333207872340928,0.00229224036317293,"**","GO:0046034",61,"FALSE",-0.223283364422361,-0.0491777065194448,0.328529844845214
"1605","enu","9","autophagosome maturation",-0.306918574223078,0.369968305558419,13.4333333333333,2.23888888888889,1.08636328416657,0.485224295657527,15.8,2.63333333333333,0.595406017776987,0.999999999288937,NA,"GO:0097352",54,"FALSE",0.0217502374750913,-0.328668811698169,0.328529844845214
"1606","enu","9","autophagy of mitochondrion",-0.364616328347149,0.145616880136039,22.5166666666667,3.75277777777778,1.41736910689671,0.377685328262633,28.95,4.825,0.798286271380883,0.999999999288937,NA,"GO:0000422",42,"FALSE",-0.354220698576092,-0.010395629771057,0.328529844845214
"1607","enu","9","axon extension",-0.568541901780973,0.304681660340154,20.5666666666667,3.42777777777778,1.94883630994575,0.56854219739098,28.4166666666667,4.73611111111111,0.108883058288174,0.26984062271417,NA,"GO:0048675",22,"FALSE",-0.216932263516997,-0.351609638263975,0.328529844845214
"1608","enu","9","basement membrane organization",-0.147965764013088,0.221592699557699,7.8,1.3,0.516397779494322,0.397229061149479,8.61666666666667,1.43611111111111,0.999995844541404,0.999999999288937,NA,"GO:0071711",129,"FALSE",-0.413448654398485,0.265482890385397,0.328529844845214
"1609","enu","9","biological process involved in interaction with host",-0.439224898563836,0.310219770769479,38.3166666666667,6.38611111111111,3.20278380070745,0.501523344173416,50.5666666666667,8.42777777777778,0.0128886773047338,0.04675074767808,"*","GO:0051701",33,"TRUE",-0.160568162018039,-0.278656736545797,0.328529844845214
"1610","enu","9","body morphogenesis",-0.143504967424815,0.217110082955055,11.7166666666667,1.95277777777778,0.442268981335852,0.226481981907406,12.0333333333333,2.00555555555556,0.994807375092167,0.999999999288937,NA,"GO:0010171",129,"FALSE",-0.0725550752452948,-0.0709498921795207,0.328529844845214
"1611","enu","9","bone development",-0.192939924813747,0.153360812040779,50.8,8.46666666666667,3.52420203734122,0.416244335119042,57.5333333333333,9.58888888888889,0.57724460486035,0.999999999288937,NA,"GO:0060348",93,"FALSE",-0.17204761121632,-0.0208923135974264,0.328529844845214
"1612","enu","9","branched-chain amino acid metabolic process",-0.243634844702649,0.208836438895695,5.96666666666667,0.994444444444444,0.746969184747914,0.751142196953209,7.05,1.175,0.997665767572779,0.999999999288937,NA,"GO:0009081",71,"FALSE",-0.199322997344649,-0.0443118473579995,0.328529844845214
"1613","enu","9","carbohydrate derivative catabolic process",-0.304413432568786,0.221189122077623,34.1333333333333,5.68888888888889,2.23026322977223,0.3920384583584,42.8,7.13333333333333,0.277798178433419,0.559805420176435,NA,"GO:1901136",54,"FALSE",-0.178670751316926,-0.12574268125186,0.328529844845214
"1614","enu","9","carbohydrate derivative transport",-0.232466791759669,0.21049043726922,16.85,2.80833333333333,1.12268279877562,0.399768355647106,19.1166666666667,3.18611111111111,0.923041946073303,0.999999999288937,NA,"GO:1901264",74,"FALSE",-0.285174488777836,0.0527076970181662,0.328529844845214
"1615","enu","9","cell cycle checkpoint signaling",-0.44460769062494,0.335250602959785,43.2833333333333,7.21388888888889,3.16895385238071,0.439285093129401,57.7,9.61666666666667,0.00457280817883254,0.0194101113122786,"*","GO:0000075",32,"TRUE",-0.140164470185554,-0.304443220439386,0.328529844845214
"1616","enu","9","cell cycle G1/S phase transition",-0.258487592228464,0.146891504991573,59.9333333333333,9.98888888888889,3.9059309128934,0.391027566363077,72.6333333333333,12.1055555555556,0.159324548781462,0.363259971221733,NA,"GO:0044843",66,"FALSE",-0.131088981441702,-0.127398610786762,0.328529844845214
"1617","enu","9","cell cycle G2/M phase transition",-0.175063032208597,0.256579374930781,41.6833333333333,6.94722222222222,2.89329525064543,0.416467928921374,45.2166666666667,7.53611111111111,0.360433402918804,0.694748443307259,NA,"GO:0044839",105,"FALSE",-0.218184409569024,0.0431213773604271,0.328529844845214
"1618","enu","9","cell growth",-0.57086470082936,0.148489381346492,85.8166666666667,14.3027777777778,7.55851555580905,0.528464866982183,122.6,20.4333333333333,1.69452131492495e-09,2.37365032205673e-07,"****","GO:0016049",22,"TRUE",-0.23648653782581,-0.33437816300355,0.328529844845214
"1619","enu","9","cell migration involved in heart development",0.0169298264029117,0.438675517097456,5.38333333333333,0.897222222222222,0.319794494196693,0.356427300033466,4.56666666666667,0.761111111111111,0.999203373009529,0.999999999288937,NA,"GO:0060973",526,"FALSE",0.0150920925953096,0.00183773380760209,0.328529844845214
"1620","enu","9","cell redox homeostasis",-0.232460383008295,0.400702227165832,9.93333333333333,1.65555555555556,0.8567812288292,0.517518863051195,10.3333333333333,1.72222222222222,0.859453212204367,0.999999999288937,NA,"GO:0045454",74,"FALSE",-0.331984126945118,0.0995237439368229,0.328529844845214
"1621","enu","9","cell-cell signaling by wnt",-0.496122949222093,0.124410360464185,83.2166666666667,13.8694444444444,6.04841959768249,0.436096746478209,116.666666666667,19.4444444444444,3.4482054285564e-08,1.6642528940777e-06,"****","GO:0198738",27,"TRUE",-0.238908154008969,-0.257214795213124,0.328529844845214
"1622","enu","9","cell-substrate adhesion",-0.395522509490812,0.108636687599226,64.9666666666667,10.8277777777778,4.91439683952123,0.453869384871125,84.1,14.0166666666667,0.027921800374894,0.0856984488429439,NA,"GO:0031589",38,"TRUE",-0.19668958518793,-0.198832924302882,0.328529844845214
"1623","enu","9","cell-substrate junction assembly",-0.201518927650612,0.278460968247508,25.5833333333333,4.26388888888889,1.98914880362505,0.466510468602617,27.1333333333333,4.52222222222222,0.645721693525911,0.999999999288937,NA,"GO:0007044",85,"FALSE",-0.340280406484002,0.138761478833391,0.328529844845214
"1624","enu","9","cell-substrate junction organization",-0.53678465049238,0.23300543352039,19.1333333333333,3.18888888888889,1.61268122725501,0.505718851752444,27.3,4.55,0.0723330614329637,0.188713079618084,NA,"GO:0150115",25,"FALSE",-0.162344849035675,-0.374439801456705,0.328529844845214
"1625","enu","9","cellular carbohydrate metabolic process",-0.520791294859793,0.24067074921333,50.3166666666667,8.38611111111111,4.21479427027474,0.502592228320273,71.4333333333333,11.9055555555556,4.90079006015375e-06,9.31150111429213e-05,"****","GO:0044262",26,"TRUE",-0.185969189147086,-0.334822105712707,0.328529844845214
"1626","enu","9","cellular component disassembly",-0.372003428974185,0.198510965745223,100.4,16.7333333333333,7.25564914011451,0.433604530285728,131,21.8333333333333,1.01265246268965e-05,0.00015540320485122,"***","GO:0022411",39,"TRUE",-0.201985585198046,-0.170017843776139,0.328529844845214
"1627","enu","9","cellular lipid catabolic process",-0.466087106567213,0.161732176893398,39.3833333333333,6.56388888888889,3.20313070234361,0.487992828118367,52.4833333333333,8.74722222222222,0.00666786150195585,0.0263413538542612,"*","GO:0044242",28,"TRUE",-0.251921771023829,-0.214165335543385,0.328529844845214
"1628","enu","9","cellular metabolic compound salvage",-0.231244791766828,0.284652434060479,6.26666666666667,1.04444444444444,0.443053378608375,0.424200043348444,7.5,1.25,0.999811142076193,0.999999999288937,NA,"GO:0043094",74,"FALSE",-0.207365800876768,-0.0238789908900598,0.328529844845214
"1629","enu","9","cellular nitrogen compound catabolic process",-0.391813688825648,0.19478355271218,95.2,15.8666666666667,6.21324749583054,0.391591228728815,125.033333333333,20.8388888888889,2.92794632816462e-07,7.30156615586051e-06,"****","GO:0044270",38,"TRUE",-0.168578747142119,-0.223234941683529,0.328529844845214
"1630","enu","9","cellular pigment accumulation",0.11069340279781,0.283387512191453,3.23333333333333,0.538888888888889,0.408475032103373,0.757994904934095,2.16666666666667,0.361111111111111,0.999984892704808,0.999999999288937,NA,"GO:0043482",163,"FALSE",-0.287615487291804,0.398308890089614,0.328529844845214
"1631","enu","9","cellular pigmentation",-0.354326389515247,0.315449138674937,14.1666666666667,2.36111111111111,1.10763344652094,0.469115342055927,17.75,2.95833333333333,0.701605307730993,0.999999999288937,NA,"GO:0033059",42,"FALSE",-0.0128966847106781,-0.341429704804568,0.328529844845214
"1632","enu","9","cellular respiration",-0.320166321090313,0.277708387471914,56.5333333333333,9.42222222222222,3.51388779095284,0.372936204228485,70.5,11.75,0.00250161567636332,0.0118826744627258,"*","GO:0045333",48,"TRUE",-0.193750269884202,-0.126416051206112,0.328529844845214
"1633","enu","9","cellular response to acid chemical",-0.418599393719813,0.555432959250671,19,3.16666666666667,1.70945085399441,0.539826585471919,24.3333333333333,4.05555555555556,0.115728415649349,0.276500825413715,NA,"GO:0071229",34,"FALSE",-0.293426136306765,-0.125173257413049,0.328529844845214
"1634","enu","9","cellular response to arsenic-containing substance",-0.233333333333334,0.469970442490527,4.2,0.7,0.362092683040007,0.517275261485725,5.26666666666667,0.877777777777778,0.96782744432889,0.999999999288937,NA,"GO:0071243",74,"FALSE",-0.309702723671846,0.076369390338512,0.328529844845214
"1635","enu","9","cellular response to chemical stress",-0.342243246756738,0.199813952469391,70.05,11.675,5.14558872563027,0.440735651017582,88.55,14.7583333333333,0.00590371173496703,0.0240365406352229,"*","GO:0062197",43,"TRUE",-0.243393547860008,-0.0988496988967302,0.328529844845214
"1636","enu","9","cellular response to dsRNA",-0.233848612834116,0.44797175577865,4.95,0.825,0.426060767705474,0.516437294188453,5.8,0.966666666666667,0.991267946948232,0.999999999288937,NA,"GO:0071359",74,"FALSE",-0.152865748218888,-0.0809828646152279,0.328529844845214
"1637","enu","9","cellular response to external stimulus",-0.446362024039475,0.158501571876828,66.15,11.025,4.76589445959518,0.432280676607272,88.1833333333333,14.6972222222222,0.00094666382608095,0.00531998403670844,"**","GO:0071496",32,"TRUE",-0.112741945592166,-0.333620078447309,0.328529844845214
"1638","enu","9","cellular response to extracellular stimulus",-0.479803258121245,0.147598241292912,46.9166666666667,7.81944444444444,3.37326773102658,0.431394807520273,65.7833333333333,10.9638888888889,0.00215455844892768,0.0104837661112456,"*","GO:0031668",28,"TRUE",-0.227045777356748,-0.252757480764497,0.328529844845214
"1639","enu","9","cellular response to fluid shear stress",-0.263888888888889,0.340767272206695,3.31666666666667,0.552777777777778,0.333402770545488,0.603140690434049,4.73333333333333,0.788888888888889,0.999933197148473,0.999999999288937,NA,"GO:0071498",63,"FALSE",0.0074595185926191,-0.271348407481508,0.328529844845214
"1640","enu","9","cellular response to heat",-0.3842884220618,0.17730400050248,13.4333333333333,2.23888888888889,0.864205908248637,0.385997676140831,17.8333333333333,2.97222222222222,0.847211547352946,0.999999999288937,NA,"GO:0034605",38,"FALSE",-0.264990569122631,-0.119297852939169,0.328529844845214
"1641","enu","9","cellular response to insulin stimulus",-0.239118702726498,0.144505174409932,45.2666666666667,7.54444444444444,2.70034291375222,0.357924686653461,53.3333333333333,8.88888888888889,0.322360213793666,0.630498653449376,NA,"GO:0032869",74,"FALSE",-0.0995135432313332,-0.139605159495165,0.328529844845214
"1642","enu","9","cellular response to ketone",-0.395235887874669,0.264679230249978,20.6,3.43333333333333,1.56773013550731,0.456620427817664,26.6666666666667,4.44444444444444,0.647275794804862,0.999999999288937,NA,"GO:1901655",38,"FALSE",-0.113357715103244,-0.281878172771425,0.328529844845214
"1643","enu","9","cellular response to oxygen levels",-0.576739285832328,0.33895941131576,30.5333333333333,5.08888888888889,3.22191569423235,0.63312753816793,43.3666666666667,7.22777777777778,0.00634102247278928,0.0255562420873023,"*","GO:0071453",22,"TRUE",-0.210329958468028,-0.3664093273643,0.328529844845214
"1644","enu","9","cellular response to sterol depletion",-0.0202255554914525,0.388859638297156,3.93333333333333,0.655555555555556,0.506257144439756,0.772256661009798,3.33333333333333,0.555555555555556,0.999830083598195,0.999999999288937,NA,"GO:0071501",451,"FALSE",-0.0105366336519081,-0.00968892183954448,0.328529844845214
"1645","enu","9","cellular response to topologically incorrect protein",-0.375578247945544,0.247401433909119,29.0666666666667,4.84444444444444,2.60782298876683,0.538312084837189,34.6833333333333,5.78055555555556,0.339281110661598,0.660356893434037,NA,"GO:0035967",39,"FALSE",-0.111268047031832,-0.264310200913712,0.328529844845214
"1646","enu","9","cellular response to transforming growth factor beta stimulus",-0.480417178270207,0.293604919318017,48.7,8.11666666666667,3.48034161797054,0.428789521721216,67.7666666666667,11.2944444444444,0.000164143131245781,0.00128417861504052,"**","GO:0071560",27,"TRUE",-0.16334042090731,-0.317076757362897,0.328529844845214
"1647","enu","9","cellular response to UV",-0.287046763113654,0.217923025771502,24.35,4.05833333333333,1.79238357749922,0.441655090964899,28.25,4.70833333333333,0.922642054478401,0.999999999288937,NA,"GO:0034644",57,"FALSE",-0.219318559963389,-0.0677282031502653,0.328529844845214
"1648","enu","9","cellular senescence",-0.278839246587608,0.267183940599414,23.1,3.85,1.81153710054933,0.4705291170258,27.6333333333333,4.60555555555556,0.774545087113765,0.999999999288937,NA,"GO:0090398",61,"FALSE",-0.310779850519246,0.0319406039316375,0.328529844845214
"1649","enu","9","centromere complex assembly",-0.109616012099436,0.148826649114337,9.96666666666667,1.66111111111111,0.931048791337947,0.560497600136557,9.25,1.54166666666667,0.994668557658602,0.999999999288937,NA,"GO:0034508",180,"FALSE",-0.180761488183194,0.0711454760837581,0.328529844845214
"1650","enu","9","centrosome localization",-0.39056809030382,0.315960761915739,6.31666666666667,1.05277777777778,0.432102954124319,0.410440800751332,9.08333333333333,1.51388888888889,0.983291174924269,0.999999999288937,NA,"GO:0051642",38,"FALSE",-0.0921593720825331,-0.298408718221287,0.328529844845214
"1651","enu","9","chaperone-mediated autophagy",-0.205973263868857,0.296860859000113,2.7,0.45,0.304594448041618,0.676876551203595,3.7,0.616666666666667,0.997744571019264,0.999999999288937,NA,"GO:0061684",85,"FALSE",-0.66705924418905,0.461085980320193,0.328529844845214
"1652","enu","9","chondrocyte differentiation",-0.444788504583999,0.386902317677595,25.4666666666667,4.24444444444444,2.38343045645153,0.561541207017376,31.5666666666667,5.26111111111111,0.0134723846797489,0.0479953704216054,"*","GO:0002062",32,"FALSE",-0.219050209646793,-0.225738294937206,0.328529844845214
"1653","enu","9","chromatin remodeling",-0.309355544836898,0.126073141686488,80.7666666666667,13.4611111111111,5.54077478203051,0.411613479473995,100.6,16.7666666666667,0.0156116090388615,0.0532395897991943,NA,"GO:0006338",54,"TRUE",-0.318596277707541,0.00924073287064214,0.328529844845214
"1654","enu","9","chromosome localization",-0.401914686281157,0.189915569447682,21.1166666666667,3.51944444444444,1.8988422398535,0.539528971071239,27.0833333333333,4.51388888888889,0.927885183343593,0.999999999288937,NA,"GO:0050000",34,"FALSE",-0.249631014628655,-0.152283671652502,0.328529844845214
"1655","enu","9","chromosome segregation",-0.330509346702856,0.166565905012748,98.7,16.45,7.16856563988455,0.43577906625438,123.1,20.5166666666667,0.00704847642737334,0.0269419699115371,"*","GO:0007059",47,"TRUE",-0.152307034093815,-0.178202312609041,0.328529844845214
"1656","enu","9","cilium assembly",-0.347499369766549,0.258091412048693,68.9,11.4833333333333,4.24937903960358,0.370047521591023,91.05,15.175,0.0018063132261163,0.00923998688744106,"**","GO:0060271",43,"TRUE",-0.12740507701025,-0.220094292756298,0.328529844845214
"1657","enu","9","cilium organization",-0.608828408754993,0.393916490026105,69.2,11.5333333333333,6.11918658356194,0.530565310713463,97.8,16.3,3.75395389641587e-08,1.6642528940777e-06,"****","GO:0044782",21,"TRUE",-0.152990695756597,-0.455837712998396,0.328529844845214
"1658","enu","9","circadian regulation of gene expression",-0.588245490715734,0.490776114386918,12.5333333333333,2.08888888888889,1.2403703150747,0.593794299769805,18.3333333333333,3.05555555555556,0.13685568949528,0.319329942155653,NA,"GO:0032922",22,"FALSE",-0.237885530719215,-0.35035995999652,0.328529844845214
"1659","enu","9","clathrin-dependent endocytosis",-0.353558888824786,0.219208189102383,8.51666666666667,1.41944444444444,0.960348123608579,0.676566192757512,11.0833333333333,1.84722222222222,0.999724292631631,0.999999999288937,NA,"GO:0072583",42,"FALSE",-0.583491162401718,0.229932273576931,0.328529844845214
"1660","enu","9","collagen fibril organization",-0.407395138882135,0.228260283949247,14.5333333333333,2.42222222222222,1.27569879180291,0.526664638817716,18.0833333333333,3.01388888888889,0.540418995236549,0.954102562386651,NA,"GO:0030199",34,"FALSE",-0.424779616886014,0.0173844780038797,0.328529844845214
"1661","enu","9","connective tissue development",-0.320814123882899,0.218302966110765,57.6833333333333,9.61388888888889,4.84779923340555,0.50424955909448,69.65,11.6083333333333,0.173664220470179,0.389281033525852,NA,"GO:0061448",48,"TRUE",-0.27756144983588,-0.0432526740470189,0.328529844845214
"1662","enu","9","COPII vesicle coating",0.0848321692864009,0.191148675369367,7.95,1.325,0.586301969977929,0.442492052813531,6.51666666666667,1.08611111111111,0.999949051845619,0.999999999288937,NA,"GO:0048208",220,"FALSE",-0.35313151984233,0.437963689128731,0.328529844845214
"1663","enu","9","cortical cytoskeleton organization",-0.298638365326048,0.242621744406806,10.3666666666667,1.72777777777778,0.843383836871621,0.488132124234378,12.8666666666667,2.14444444444444,0.995802756200813,0.999999999288937,NA,"GO:0030865",55,"FALSE",-0.135748998632096,-0.162889366693952,0.328529844845214
"1664","enu","9","cytoplasmic translation",-0.485249119114633,0.262295601841769,36.0333333333333,6.00555555555556,1.89389858541894,0.315357766304726,50.0166666666667,8.33611111111111,2.70483304075486e-05,0.000299785662016997,"***","GO:0002181",27,"TRUE",-0.257863046639432,-0.227386072475201,0.328529844845214
"1665","enu","9","defense response to virus",-0.345797497434022,0.14573390995999,57.3666666666667,9.56111111111111,3.81315947544621,0.398819701092572,74,12.3333333333333,0.0603506407646975,0.167221567118849,NA,"GO:0051607",43,"TRUE",-0.154683771050662,-0.19111372638336,0.328529844845214
"1666","enu","9","dephosphorylation",-0.469455409277007,0.188454102428155,62.45,10.4083333333333,5.49629926000719,0.528067182706855,83.6,13.9333333333333,5.76118756762173e-05,0.000560661912068554,"***","GO:0016311",28,"TRUE",-0.125187067286699,-0.344268341990308,0.328529844845214
"1667","enu","9","developmental growth involved in morphogenesis",-0.438093812023064,0.224924062976763,39.5,6.58333333333333,3.50673954296897,0.532669297666173,50.8166666666667,8.46944444444444,0.124192181128088,0.293211125858622,NA,"GO:0060560",33,"TRUE",-0.194137512573974,-0.24395629944909,0.328529844845214
"1668","enu","9","dicarboxylic acid metabolic process",-0.3925704709276,0.201779320275273,16.4166666666667,2.73611111111111,1.34826706333503,0.492767657665596,22.3666666666667,3.72777777777778,0.904717985466398,0.999999999288937,NA,"GO:0043648",38,"FALSE",-0.0440173704659581,-0.348553100461642,0.328529844845214
"1669","enu","9","DNA conformation change",-0.534354871256747,0.168932415350207,18.9166666666667,3.15277777777778,1.71627557573131,0.544369345606408,26.8333333333333,4.47222222222222,0.410787361898519,0.780495987607185,NA,"GO:0071103",25,"FALSE",-0.0359507280594122,-0.498404143197335,0.328529844845214
"1670","enu","9","DNA replication",-0.420151557548994,0.285288067050779,67.2833333333333,11.2138888888889,5.19914968118897,0.463634848954181,85.9,14.3166666666667,0.00708999208198344,0.0269419699115371,"*","GO:0006260",33,"TRUE",-0.0845164413536043,-0.33563511619539,0.328529844845214
"1671","enu","9","DNA-templated transcription elongation",-0.229894502869929,0.1164985172282,35.1666666666667,5.86111111111111,2.97473932876043,0.507538463674766,39.25,6.54166666666667,0.905711464525868,0.999999999288937,NA,"GO:0006354",81,"FALSE",-0.141050628963598,-0.0888438739063309,0.328529844845214
"1672","enu","9","double-strand break repair",-0.223000431410922,0.242673600277827,78.3166666666667,13.0527777777778,5.24320106494186,0.401692356539491,91.3666666666667,15.2277777777778,0.0068803242350598,0.0269142095077339,"*","GO:0006302",81,"FALSE",-0.106963201878087,-0.116037229532835,0.328529844845214
"1673","enu","9","embryonic body morphogenesis",-0.217502083293269,0.22701617046211,1.9,0.316666666666667,0.198606254796883,0.627177646726999,3.06666666666667,0.511111111111111,0.999999811117197,0.999999999288937,NA,"GO:0010172",82,"FALSE",-0.141293038800141,-0.0762090444931278,0.328529844845214
"1674","enu","9","embryonic organ development",-0.488931960925807,0.171034695122385,74.9333333333333,12.4888888888889,5.65416922541496,0.452735970006536,103.716666666667,17.2861111111111,2.04780215820301e-05,0.000243648313383725,"***","GO:0048568",27,"TRUE",-0.289933187463562,-0.198998773462245,0.328529844845214
"1675","enu","9","epigenetic regulation of gene expression",-0.360190534298243,0.217658631033035,37.7166666666667,6.28611111111111,3.26071595182998,0.518717517745822,47.8333333333333,7.97222222222222,0.18243803320405,0.399960303562726,NA,"GO:0040029",42,"FALSE",-0.178479225567272,-0.18171130873097,0.328529844845214
"1676","enu","9","erythrocyte differentiation",-0.288128470309126,0.227005106976433,29.3,4.88333333333333,2.42246431002261,0.496067776796439,34.3166666666667,5.71944444444444,0.259322634525036,0.533349129770563,NA,"GO:0030218",57,"FALSE",-0.304151158904955,0.0160226885958286,0.328529844845214
"1677","enu","9","establishment of mitotic spindle localization",-0.312568479958301,0.202024550171214,10.0166666666667,1.66944444444444,1.00611555922693,0.602664894046081,11.5833333333333,1.93055555555556,0.93254637708063,0.999999999288937,NA,"GO:0040001",49,"FALSE",-0.152250042799927,-0.160318437158374,0.328529844845214
"1678","enu","9","establishment of organelle localization",-0.335427684605201,0.21262148621937,95.7666666666667,15.9611111111111,6.29410364871288,0.394339943184239,121.233333333333,20.2055555555556,5.93801947574833e-05,0.000564111850196092,"***","GO:0051656",47,"TRUE",-0.145549034015237,-0.189878650589964,0.328529844845214
"1679","enu","9","establishment of protein localization to membrane",-0.416987677636372,0.193214047518877,59.5666666666667,9.92777777777778,4.86508726273991,0.490047961551865,77.45,12.9083333333333,0.000173127029053854,0.001328417011394,"**","GO:0090150",34,"TRUE",-0.276989253492302,-0.139998424144071,0.328529844845214
"1680","enu","9","establishment of protein localization to organelle",-0.371842008275291,0.096382059920366,100.95,16.825,7.99154935610806,0.474980645236734,127.6,21.2666666666667,0.00022009223199562,0.00160113334558553,"**","GO:0072594",39,"TRUE",-0.139333045668951,-0.232508962606341,0.328529844845214
"1681","enu","9","establishment or maintenance of cell polarity",-0.476124510299746,0.0927401306614318,45.75,7.625,3.87002368640469,0.507544090020287,61.4666666666667,10.2444444444444,0.0144676692211259,0.0506368422739406,NA,"GO:0007163",28,"TRUE",-0.185548032821371,-0.290576477478375,0.328529844845214
"1682","enu","9","establishment or maintenance of epithelial cell apical/basal polarity",-0.37050812336113,0.24260076662816,9.38333333333333,1.56388888888889,0.954545654962301,0.610366671023851,12.7833333333333,2.13055555555556,0.974070697778146,0.999999999288937,NA,"GO:0045197",39,"FALSE",-0.147122563260706,-0.223385560100424,0.328529844845214
"1683","enu","9","ether lipid biosynthetic process",0.0320802083934297,0.322652517264494,2.9,0.483333333333333,0.449073119510249,0.929116798986723,2.33333333333333,0.388888888888889,0.999999773754366,0.999999999288937,NA,"GO:0008611",385,"FALSE",-0.0105308417634091,0.0426110501568387,0.328529844845214
"1684","enu","9","exit from host cell",0.0328484005125505,0.395588588056726,9.26666666666667,1.54444444444444,0.640023147729541,0.414403476947185,7.46666666666667,1.24444444444444,0.980240839223606,0.999999999288937,NA,"GO:0035891",385,"FALSE",-0.256534676437981,0.289383076950532,0.328529844845214
"1685","enu","9","exosomal secretion",-0.255555555555556,0.172987155862847,3.2,0.533333333333333,0.408248290463863,0.765465544619743,4.56666666666667,0.761111111111111,0.999708628901529,0.999999999288937,NA,"GO:1990182",66,"FALSE",-0.246782594271594,-0.00877296128396141,0.328529844845214
"1686","enu","9","extracellular matrix assembly",-0.317527900178076,0.273896397399674,7.83333333333333,1.30555555555556,0.82607954060575,0.632741775783128,9.58333333333333,1.59722222222222,0.970577076687509,0.999999999288937,NA,"GO:0085029",49,"FALSE",-0.262188976453911,-0.055338923724165,0.328529844845214
"1687","enu","9","extracellular vesicle biogenesis",-0.0580650098110498,0.356565406843477,5.85,0.975,0.234224488709253,0.240230244830003,5.18333333333333,0.863888888888889,0.989193887568673,0.999999999288937,NA,"GO:0140112",306,"FALSE",-0.707547061187267,0.649482051376217,0.328529844845214
"1688","enu","9","face development",-0.087640314715147,0.331918260016431,13.0333333333333,2.17222222222222,1.3408814127144,0.617285560840388,12.7,2.11666666666667,0.981848484818535,0.999999999288937,NA,"GO:0060324",220,"FALSE",-0.223728106852431,0.136087792137284,0.328529844845214
"1689","enu","9","fat cell differentiation",-0.489102053491123,0.234578994421976,44.2833333333333,7.38055555555556,3.37030194273231,0.456646104397302,60.4,10.0666666666667,0.000393369859072969,0.00257302579951007,"**","GO:0045444",27,"TRUE",-0.213069757302302,-0.276032296188821,0.328529844845214
"1690","enu","9","fatty acid beta-oxidation",-0.293962631206335,0.221806569824944,17.7,2.95,1.26381257400859,0.428411042036811,21.6166666666667,3.60277777777778,0.907392263551925,0.999999999288937,NA,"GO:0006635",55,"FALSE",-0.203357424342163,-0.0906052068641727,0.328529844845214
"1691","enu","9","fibroblast migration",-0.334934392665184,0.33196496329946,13.2833333333333,2.21388888888889,1.23695040171233,0.558722891614102,16.3333333333333,2.72222222222222,0.899932864934071,0.999999999288937,NA,"GO:0010761",47,"FALSE",0.020692310908303,-0.355626703573487,0.328529844845214
"1692","enu","9","fibroblast proliferation",-0.379667162670864,0.3344389016076,22.8833333333333,3.81388888888889,1.87321519991302,0.491156206823516,29.3333333333333,4.88888888888889,0.539946576342266,0.954102562386651,NA,"GO:0048144",39,"FALSE",-0.196813999808154,-0.18285316286271,0.328529844845214
"1693","enu","9","folic acid metabolic process",-0.28569340279781,0.362249568948351,2.25,0.375,0.332290033956281,0.88610675721675,3.86666666666667,0.644444444444444,0.999270738738561,0.999999999288937,NA,"GO:0046655",57,"FALSE",-0.0434706790995265,-0.242222723698283,0.328529844845214
"1694","enu","9","G0 to G1 transition",-0.307186860142266,0.327199317251681,9.25,1.54166666666667,0.855943274340589,0.555206448220923,11.3666666666667,1.89444444444444,0.949580239841914,0.999999999288937,NA,"GO:0045023",54,"FALSE",-0.419676448550528,0.112489588408262,0.328529844845214
"1695","enu","9","glial cell apoptotic process",0.0338137153879548,0.417044509996969,4.78333333333333,0.797222222222222,0.554818956123594,0.695940154022626,3.86666666666667,0.644444444444444,0.987201424877519,0.999999999288937,NA,"GO:0034349",385,"FALSE",-0.193588553562131,0.227402268950086,0.328529844845214
"1696","enu","9","glycerol ether biosynthetic process",0.120133680655716,0.298495617179117,4.26666666666667,0.711111111111111,0.622420603296041,0.875278973385057,2.33333333333333,0.388888888888889,0.958887720235127,0.999999999288937,NA,"GO:0046504",156,"FALSE",-0.0124293006956847,0.132562981351401,0.328529844845214
"1697","enu","9","glycosyl compound biosynthetic process",0.0213066831312192,0.322801378636027,6.26666666666667,1.04444444444444,0.583730023847275,0.558890448364413,5.56666666666667,0.927777777777778,0.999901895397173,0.999999999288937,NA,"GO:1901659",451,"FALSE",-0.492213887737374,0.513520570868593,0.328529844845214
"1698","enu","9","glycosyl compound metabolic process",-0.331822780566637,0.234533986254259,16.8833333333333,2.81388888888889,1.18698575610038,0.42183106830813,20.3166666666667,3.38611111111111,0.497380682674116,0.893940956698074,NA,"GO:1901657",47,"FALSE",-0.192102584511195,-0.139720196055442,0.328529844845214
"1699","enu","9","glycosylation",-0.463261218279298,0.14409456914892,46.6833333333333,7.78055555555556,3.11020572143221,0.399740828174079,62.7333333333333,10.4555555555556,0.000230285064928226,0.00164078108761361,"**","GO:0070085",28,"TRUE",-0.101236819200291,-0.362024399079006,0.328529844845214
"1700","enu","9","Golgi organization",-0.516847272600612,0.149092793752567,31.7333333333333,5.28888888888889,2.53873692713231,0.480013284541823,44.0833333333333,7.34722222222222,0.037175873190788,0.110695323903913,NA,"GO:0007030",26,"TRUE",-0.215670477690091,-0.301176794910521,0.328529844845214
"1701","enu","9","Golgi to plasma membrane protein transport",-0.375367953499869,0.260002820017263,8.8,1.46666666666667,0.889444270941756,0.606439275642106,11.5,1.91666666666667,0.955645378077562,0.999999999288937,NA,"GO:0043001",39,"FALSE",0.159696041411612,-0.535063994911481,0.328529844845214
"1702","enu","9","Golgi vesicle transport",-0.536909701727285,0.139414548430142,66.9,11.15,5.79995210708196,0.520175076868337,92.8166666666667,15.4694444444444,5.61591327147554e-06,0.000101852245241761,"***","GO:0048193",25,"TRUE",-0.140450757399087,-0.396458944328198,0.328529844845214
"1703","enu","9","GPI anchor biosynthetic process",-0.248444186657357,0.386641669272431,7.46666666666667,1.24444444444444,1.05022043541485,0.843927135601221,8,1.33333333333333,0.972784515504066,0.999999999288937,NA,"GO:0006506",71,"FALSE",-0.391852525624805,0.143408338967448,0.328529844845214
"1704","enu","9","heart valve development",-0.543145382086673,0.356665341784264,15.8333333333333,2.63888888888889,1.95339211136442,0.74023280009599,21.2,3.53333333333333,0.0874983102325897,0.22379375501797,NA,"GO:0003170",25,"FALSE",-0.230409366921681,-0.312736015164992,0.328529844845214
"1705","enu","9","heme metabolic process",-0.206723214411096,0.186269683004541,8.76666666666667,1.46111111111111,0.748455199183749,0.512250706665684,9.83333333333333,1.63888888888889,0.989156566774691,0.999999999288937,NA,"GO:0042168",85,"FALSE",-0.184811679751544,-0.0219115346595528,0.328529844845214
"1706","enu","9","heterochromatin formation",-0.549098620463378,0.270815291168427,17.5,2.91666666666667,1.71512876095839,0.588044146614306,24.6166666666667,4.10277777777778,0.114849596249156,0.276054150020562,NA,"GO:0031507",25,"FALSE",-0.199380142735405,-0.349718477727973,0.328529844845214
"1707","enu","9","heterocycle catabolic process",-0.491583842940286,0.2754526086105,89.7833333333333,14.9638888888889,6.55634058388152,0.438144163764126,124.7,20.7833333333333,1.44516849003702e-09,2.37365032205673e-07,"****","GO:0046700",27,"TRUE",-0.172206313696238,-0.319377529244047,0.328529844845214
"1708","enu","9","histone modification",-0.409472613148548,0.197847021925419,98.2166666666667,16.3694444444444,6.18205662171369,0.377658303719146,133.816666666667,22.3027777777778,3.49911795155836e-09,3.49037015667946e-07,"****","GO:0016570",34,"TRUE",-0.207165728429043,-0.202306884719504,0.328529844845214
"1709","enu","9","immune system development",-0.447621953391052,0.316754061662369,37.35,6.225,3.10955069994936,0.499526216859335,48.6166666666667,8.10277777777778,0.033751126184366,0.102020449602743,NA,"GO:0002520",32,"TRUE",-0.24810002755454,-0.199521925836512,0.328529844845214
"1710","enu","9","in utero embryonic development",-0.501060551995127,0.157836593258319,77.45,12.9083333333333,5.56969727882744,0.431480744647703,108.583333333333,18.0972222222222,1.25387566576158e-07,4.45758047943287e-06,"****","GO:0001701",26,"TRUE",-0.140336469770463,-0.360724082224664,0.328529844845214
"1711","enu","9","inner cell mass cell proliferation",0.0899958334134619,0.313210623207892,4.01666666666667,0.669444444444444,0.455877257684647,0.680978476209431,3.03333333333333,0.505555555555556,0.999997746848746,0.999999999288937,NA,"GO:0001833",220,"FALSE",-0.320793084317738,0.4107889177312,0.328529844845214
"1712","enu","9","inositol phosphate catabolic process",-0.0897501224002977,0.257932170438549,5.51666666666667,0.919444444444445,0.412366701245744,0.448495505886609,5.4,0.9,0.99977215061266,0.999999999288937,NA,"GO:0071545",220,"FALSE",-0.294908660166488,0.20515853776619,0.328529844845214
"1713","enu","9","interferon-beta production",-0.254694423469287,0.236558252281078,12.45,2.075,1.04369801933105,0.502986997267976,14.8,2.46666666666667,0.999689056096622,0.999999999288937,NA,"GO:0032608",66,"FALSE",-0.373709681823686,0.119015258354399,0.328529844845214
"1714","enu","9","intermembrane lipid transfer",-0.159372993867222,0.347488474668573,12.3166666666667,2.05277777777778,0.797942957211205,0.388713754527786,11.6666666666667,1.94444444444444,0.175101431032781,0.390309893754634,NA,"GO:0120009",122,"FALSE",-0.0957890930932831,-0.0635839007739385,0.328529844845214
"1715","enu","9","intracellular lipid transport",-0.609379563526939,0.176001729467015,7.76666666666667,1.29444444444444,0.836770688531323,0.646432291569263,12.95,2.15833333333333,0.890658289946491,0.999999999288937,NA,"GO:0032365",21,"FALSE",-0.416151012725879,-0.19322855080106,0.328529844845214
"1716","enu","9","intraciliary transport",-0.222166058657416,0.391780522333645,12.7166666666667,2.11944444444444,1.14019572718735,0.537969150442263,13.4333333333333,2.23888888888889,0.928517347818471,0.999999999288937,NA,"GO:0042073",81,"FALSE",-0.461971015603131,0.239804956945715,0.328529844845214
"1717","enu","9","iron ion homeostasis",-0.0820644025167647,0.195573880673785,21.2833333333333,3.54722222222222,1.61177668244521,0.454377138355735,20.1666666666667,3.36111111111111,0.910233566201375,0.999999999288937,NA,"GO:0055072",220,"FALSE",-0.0876016348066731,0.00553723228990839,0.328529844845214
"1718","enu","9","iron-sulfur cluster assembly",-0.275861233511409,0.281801165767147,6.58333333333333,1.09722222222222,0.700033068002002,0.638004821470179,8.08333333333333,1.34722222222222,0.999912060259408,0.999999999288937,NA,"GO:0016226",61,"FALSE",-0.128988241313626,-0.146872992197783,0.328529844845214
"1719","enu","9","kinetochore organization",-0.475080122464401,0.425698473348831,2.93333333333333,0.488888888888889,0.490653381462658,1.00360918935544,5.68333333333333,0.947222222222222,0.820408533236459,0.999999999288937,NA,"GO:0051383",28,"FALSE",-0.231759919093523,-0.243320203370878,0.328529844845214
"1720","enu","9","lamellipodium assembly",-0.583132847338409,0.30277444441957,13.5166666666667,2.25277777777778,1.37033721181105,0.608287788226852,19.4166666666667,3.23611111111111,0.427310937242413,0.796715252148237,NA,"GO:0030032",22,"FALSE",-0.0907557642244776,-0.492377083113931,0.328529844845214
"1721","enu","9","lamellipodium morphogenesis",0.100054305579594,0.28586883345485,4.35,0.725,0.384960315415037,0.53097974540005,3.33333333333333,0.555555555555556,0.999996355864376,0.999999999288937,NA,"GO:0072673",180,"FALSE",-0.280296491991708,0.380350797571302,0.328529844845214
"1722","enu","9","lamellipodium organization",-0.314448787681403,0.21597086121671,21.1333333333333,3.52222222222222,1.82045985236535,0.516849800356093,25.5666666666667,4.26111111111111,0.814623193287866,0.999999999288937,NA,"GO:0097581",49,"FALSE",-0.259798784972315,-0.0546500027090882,0.328529844845214
"1723","enu","9","limb development",-0.40612475555965,0.232558604207602,35.1166666666667,5.85277777777778,2.36080063318139,0.403364132864404,45.3166666666667,7.55277777777778,0.0192210087125878,0.0639098539693544,NA,"GO:0060173",34,"TRUE",-0.196195086005838,-0.209929669553812,0.328529844845214
"1724","enu","9","lipoprotein catabolic process",0.0168580721002366,0.284296050519269,3.78333333333333,0.630555555555556,0.556818010032269,0.883059399170119,3.16666666666667,0.527777777777778,0.999987892127856,0.999999999288937,NA,"GO:0042159",526,"FALSE",-0.339268845921153,0.356126918021389,0.328529844845214
"1725","enu","9","lipoprotein metabolic process",-0.668134891358965,0.264308067706723,23.4666666666667,3.91111111111111,2.20420473607116,0.563575074563648,37.8,6.3,0.00172519513300488,0.00893964750738892,"**","GO:0042157",20,"TRUE",-0.0478098038838637,-0.620325087475101,0.328529844845214
"1726","enu","9","lysosomal lumen acidification",-0.0527952265008583,0.451019937515237,5.33333333333333,0.888888888888889,0.523520843972878,0.588960949469487,5.26666666666667,0.877777777777778,0.999955992136946,0.999999999288937,NA,"GO:0007042",306,"FALSE",-0.177051838739085,0.124256612238227,0.328529844845214
"1727","enu","9","lysosomal protein catabolic process",-0.142310677859699,0.347522809290816,4.4,0.733333333333333,0.405517502019881,0.552978411845293,4.76666666666667,0.794444444444445,0.999868823405782,0.999999999288937,NA,"GO:1905146",129,"FALSE",-0.0487097647605347,-0.0936009130991645,0.328529844845214
"1728","enu","9","macroautophagy",-0.516685690930479,0.277453740465826,71.5,11.9166666666667,6.14161578450203,0.515380345552618,98.2333333333333,16.3722222222222,8.97527873534614e-06,0.000143245448616124,"***","GO:0016236",26,"TRUE",-0.175706857678577,-0.340978833251903,0.328529844845214
"1729","enu","9","macromolecule deacylation",-0.476674067984784,0.197574452503081,27.6666666666667,4.61111111111111,2.34915272354066,0.509454807514843,36.9166666666667,6.15277777777778,0.23394568098587,0.491285930070328,NA,"GO:0098732",28,"FALSE",-0.201288089407773,-0.275385978577012,0.328529844845214
"1730","enu","9","macromolecule glycosylation",-0.633803118279054,0.358494366552355,39.7,6.61666666666667,3.55082150119283,0.536648085822595,58.8166666666667,9.80277777777778,0.000943611793470804,0.00531998403670844,"**","GO:0043413",20,"TRUE",0.0209013718604229,-0.654704490139477,0.328529844845214
"1731","enu","9","magnesium ion transmembrane transport",0.0228313359690934,0.575505600695391,4.75,0.791666666666667,0.515724948225527,0.651442039863823,3.83333333333333,0.638888888888889,0.997536482157351,0.999999999288937,NA,"GO:1903830",451,"FALSE",0.035404542069968,-0.0125732061008747,0.328529844845214
"1732","enu","9","magnesium ion transport",0.0864369445886758,0.270544848819466,5.01666666666667,0.836111111111111,0.442268981335852,0.528959579006334,3.83333333333333,0.638888888888889,0.999541654613879,0.999999999288937,NA,"GO:0015693",220,"FALSE",-0.153422624284513,0.239859568873189,0.328529844845214
"1733","enu","9","maintenance of cell number",-0.429299243749642,0.149770026647416,38.1,6.35,2.74782742463124,0.432728728288384,50.35,8.39166666666667,0.0573573772594347,0.162309173946911,NA,"GO:0098727",33,"TRUE",-0.193573586598052,-0.23572565715159,0.328529844845214
"1734","enu","9","maintenance of protein location",-0.701785954588907,0.211531042744187,15.4666666666667,2.57777777777778,1.36896825166768,0.531065270043498,26.2,4.36666666666667,0.142482292942336,0.328615230543306,NA,"GO:0045185",17,"FALSE",-0.0563385463310138,-0.645447408257893,0.328529844845214
"1735","enu","9","maintenance of protein location in cell",-0.434438419872694,0.329188869171042,12.5666666666667,2.09444444444444,0.737990263912492,0.352356094175726,17.5833333333333,2.93055555555556,0.612168678258874,0.999999999288937,NA,"GO:0032507",33,"FALSE",-0.300026759172874,-0.13441166069982,0.328529844845214
"1736","enu","9","mammary gland epithelial cell proliferation",-0.199053300404229,0.209174666703806,5.76666666666667,0.961111111111111,0.598300060975229,0.622508733962666,6.65,1.10833333333333,0.986625659069832,0.999999999288937,NA,"GO:0033598",93,"FALSE",-0.445230617213917,0.246177316809689,0.328529844845214
"1737","enu","9","membrane assembly",-0.483456125017871,0.315696857724932,11.9,1.98333333333333,0.759751421336099,0.383067943530806,16.7166666666667,2.78611111111111,0.220728518439019,0.473498273425637,NA,"GO:0071709",27,"FALSE",0.0294509206324341,-0.512907045650305,0.328529844845214
"1738","enu","9","membrane biogenesis",-0.294751764067518,0.456793743516689,12.95,2.15833333333333,0.623052521417292,0.288672982896042,15.8333333333333,2.63888888888889,0.462155396292604,0.84587157394839,NA,"GO:0044091",55,"FALSE",-0.173683864814151,-0.121067899253366,0.328529844845214
"1739","enu","9","membrane docking",-0.455785735314054,0.302756718988354,20.2833333333333,3.38055555555556,1.71853997033227,0.508360221297959,25.2666666666667,4.21111111111111,0.111452621750103,0.271991918520473,NA,"GO:0022406",31,"FALSE",-0.218544903279763,-0.237240832034292,0.328529844845214
"1740","enu","9","membrane fission",-0.335859012317542,0.284388571304717,11.1333333333333,1.85555555555556,1.17693890461025,0.634278451586365,13.0333333333333,2.17222222222222,0.927489675139762,0.999999999288937,NA,"GO:0090148",47,"FALSE",-0.0303686544985839,-0.305490357818958,0.328529844845214
"1741","enu","9","mesenchymal cell differentiation",-0.340002939922593,0.110792766933956,49.2333333333333,8.20555555555556,3.5468556758325,0.432250522444041,61.1,10.1833333333333,0.225038300503028,0.480161935297905,NA,"GO:0048762",43,"TRUE",-0.292135909430362,-0.0478670304922303,0.328529844845214
"1742","enu","9","metallo-sulfur cluster assembly",-0.233831164111035,0.211576329382738,6.8,1.13333333333333,0.575422550054402,0.507725779459767,8,1.33333333333333,0.996150881906,0.999999999288937,NA,"GO:0031163",74,"FALSE",-0.170586958706506,-0.0632442054045292,0.328529844845214
"1743","enu","9","methylation",-0.402175279584218,0.17601144001182,73.5666666666667,12.2611111111111,4.4402410678634,0.362140186776354,97.15,16.1916666666667,3.08810541538457e-05,0.00033301461101039,"***","GO:0032259",34,"TRUE",-0.0976729641127101,-0.304502315471508,0.328529844845214
"1744","enu","9","microtubule cytoskeleton organization involved in mitosis",-0.532097298659786,0.322266781843381,35.7166666666667,5.95277777777778,2.98850420903291,0.502035238101655,50.6333333333333,8.43888888888889,0.00339328339353855,0.0152125851013695,"*","GO:1902850",25,"TRUE",-0.236448022383148,-0.295649276276638,0.328529844845214
"1745","enu","9","microtubule depolymerization",-0.226172209621702,0.125032048279556,9.63333333333333,1.60555555555556,0.98667042041328,0.614535209945987,10.5833333333333,1.76388888888889,0.997391304684186,0.999999999288937,NA,"GO:0007019",81,"FALSE",-0.179082679657992,-0.0470895299637107,0.328529844845214
"1746","enu","9","microtubule organizing center localization",-0.360164411515339,0.302987956433598,6.81666666666667,1.13611111111111,0.692051432471016,0.609140625157862,8.83333333333333,1.47222222222222,0.998680006115885,0.999999999288937,NA,"GO:0061842",42,"FALSE",-0.218476584550893,-0.141687826964446,0.328529844845214
"1747","enu","9","microtubule polymerization",-0.434605274830058,0.406448694881779,17.0666666666667,2.84444444444444,0.794891094334219,0.279453900351874,22.65,3.775,0.0610407949515373,0.167967428866644,NA,"GO:0046785",33,"FALSE",-0.344022245471298,-0.0905830293587601,0.328529844845214
"1748","enu","9","miRNA processing",-0.339236802309867,0.367267333126706,10.0666666666667,1.67777777777778,0.864527273952307,0.515281156660315,12.8666666666667,2.14444444444444,0.92506964862431,0.999999999288937,NA,"GO:0035196",47,"FALSE",-0.385527600800909,0.0462907984910412,0.328529844845214
"1749","enu","9","mitochondrial calcium ion homeostasis",-0.0410401041967149,0.446252553981063,7.4,1.23333333333333,0.533333333333333,0.432432432432432,7.25,1.20833333333333,0.999130910637746,0.999999999288937,NA,"GO:0051560",347,"FALSE",-0.40218777944937,0.361147675252655,0.328529844845214
"1750","enu","9","mitochondrial calcium ion transmembrane transport",0.0599122917508017,0.318793168697091,4.65,0.775,0.615877873896729,0.794681127608683,3.66666666666667,0.611111111111111,0.999998881846014,0.999999999288937,NA,"GO:0006851",306,"FALSE",-0.264842221597973,0.324754513348775,0.328529844845214
"1751","enu","9","mitochondrial gene expression",-0.423844260898073,0.307880236331423,40.8833333333333,6.81388888888889,3.9447632891477,0.578929793759956,50.9666666666667,8.49444444444444,0.0816733263584305,0.210242949787186,NA,"GO:0140053",33,"TRUE",-0.240160456285036,-0.183683804613037,0.328529844845214
"1752","enu","9","mitochondrial genome maintenance",-0.0553182127041174,0.513128325658509,8.81666666666667,1.46944444444444,0.867334144674657,0.590246298833415,7.88333333333333,1.31388888888889,0.934893023507543,0.999999999288937,NA,"GO:0000002",306,"FALSE",-0.413496887675132,0.358178674971015,0.328529844845214
"1753","enu","9","mitochondrial membrane organization",-0.248970400037712,0.368110301294773,29.5,4.91666666666667,2.42613089323538,0.493450351166518,33.6833333333333,5.61388888888889,0.231056557779407,0.487786066423192,NA,"GO:0007006",71,"FALSE",-0.218350848777547,-0.0306195512601651,0.328529844845214
"1754","enu","9","mitochondrial outer membrane permeabilization",-0.283056461815401,0.334361340223211,8.23333333333333,1.37222222222222,0.74099532662094,0.539996594298661,9.78333333333333,1.63055555555556,0.952044848555355,0.999999999288937,NA,"GO:0097345",57,"FALSE",-0.00188160773545029,-0.28117485407995,0.328529844845214
"1755","enu","9","mitochondrial respiratory chain complex assembly",-0.486386251279898,0.255889563057113,23.55,3.925,1.32051126462443,0.336435990987115,33.1833333333333,5.53055555555556,0.0203419922227518,0.0665283188268685,NA,"GO:0033108",27,"FALSE",-0.193818579342983,-0.292567671936915,0.328529844845214
"1756","enu","9","mitochondrial transmembrane transport",-0.283638359913148,0.15701705876215,22.3,3.71666666666667,1.47855034108113,0.397816235268464,25.9333333333333,4.32222222222222,0.73341934711078,0.999999999288937,NA,"GO:1990542",57,"FALSE",-0.386351073345224,0.102712713432076,0.328529844845214
"1757","enu","9","mitochondrial transport",-0.398310416021577,0.288142944154693,43.3833333333333,7.23055555555556,3.07824655475351,0.425727529662414,55.55,9.25833333333333,0.000903716050359917,0.00522583629121169,"**","GO:0006839",38,"TRUE",-0.0588058005237088,-0.339504615497868,0.328529844845214
"1758","enu","9","mitochondrion distribution",-0.119444444444445,0.318788466853921,2.95,0.491666666666667,0.216986942771526,0.441329375128527,3.66666666666667,0.611111111111111,0.999994990875626,0.999999999288937,NA,"GO:0048311",163,"FALSE",-0.102042588909621,-0.017401855534824,0.328529844845214
"1759","enu","9","mitochondrion localization",-0.334973280047464,0.467972692182048,12.55,2.09166666666667,1.3384796516114,0.639910590411825,14.9333333333333,2.48888888888889,0.979489270579771,0.999999999288937,NA,"GO:0051646",47,"FALSE",-0.315139839322202,-0.0198334407252619,0.328529844845214
"1760","enu","9","mitochondrion morphogenesis",-0.188362569416399,0.468377717938667,3.33333333333333,0.555555555555556,0.360041149911548,0.648074069840786,4.36666666666667,0.727777777777778,0.999995469306432,0.999999999288937,NA,"GO:0070584",99,"FALSE",-0.326783272823404,0.138420703407005,0.328529844845214
"1761","enu","9","mitotic cytokinesis",-0.41191281438937,0.471467684754785,17.65,2.94166666666667,1.40963943380332,0.479197541236255,23.7833333333333,3.96388888888889,0.0333753302102108,0.101654631708963,NA,"GO:0000281",34,"FALSE",-0.153477555042317,-0.258435259347053,0.328529844845214
"1762","enu","9","monosaccharide biosynthetic process",-0.250831429645012,0.313542517769081,20.35,3.39166666666667,1.35620999684988,0.399865355336574,24.35,4.05833333333333,0.753154420496033,0.999999999288937,NA,"GO:0046364",66,"FALSE",-0.0280565848184139,-0.222774844826598,0.328529844845214
"1763","enu","9","monosaccharide metabolic process",-0.471371769826474,0.407830191813378,46.8,7.8,3.62797770420688,0.46512534669319,63.4,10.5666666666667,0.000478085819317679,0.00298056627980865,"**","GO:0005996",28,"TRUE",-0.202342717391676,-0.269029052434798,0.328529844845214
"1764","enu","9","morphogenesis of an epithelial sheet",-0.501848628330227,0.302909605450867,12.3166666666667,2.05277777777778,1.02363278282501,0.498657377289585,17.8833333333333,2.98055555555556,0.424063875240629,0.79437317474653,NA,"GO:0002011",26,"FALSE",-0.415354676509606,-0.0864939518206206,0.328529844845214
"1765","enu","9","movement in host",-0.423727548374473,0.284768595888055,30.6333333333333,5.10555555555556,1.78704183457425,0.350019075324664,42.0166666666667,7.00277777777778,0.0502896417036713,0.147912654286125,NA,"GO:0044000",33,"FALSE",-0.278155990025506,-0.145571558348967,0.328529844845214
"1766","enu","9","mRNA export from nucleus",-0.342695879277757,0.39066926011549,15.1166666666667,2.51944444444444,1.12053641255064,0.44475535669044,18.5,3.08333333333333,0.510361114587069,0.913157330584039,NA,"GO:0006406",43,"FALSE",-0.125279452977487,-0.21741642630027,0.328529844845214
"1767","enu","9","multicellular organism growth",-0.362274937459335,0.172510565777458,28.4,4.73333333333333,2.18326971917504,0.461254166022896,36.55,6.09166666666667,0.345843222807159,0.669861387864351,NA,"GO:0035264",42,"FALSE",-0.17911111361828,-0.183163823841055,0.328529844845214
"1768","enu","9","myeloid cell homeostasis",-0.322918855816375,0.294357975876195,36.15,6.025,2.70521615484686,0.44899853192479,44.9166666666667,7.48611111111111,0.0507429699826061,0.147912654286125,NA,"GO:0002262",48,"FALSE",-0.0302131421053587,-0.292705713711016,0.328529844845214
"1769","enu","9","NADP metabolic process",-0.173129393151499,0.697415830803419,10.35,1.725,0.779868222486623,0.4520975202821,11.7,1.95,0.812621427299345,0.999999999288937,NA,"GO:0006739",105,"FALSE",-0.542052870290828,0.368923477139329,0.328529844845214
"1770","enu","9","NADPH regeneration",-0.108061805435363,0.219088425125975,4.5,0.75,0.647645307590848,0.863527076787798,4.73333333333333,0.788888888888889,0.999996126214404,0.999999999288937,NA,"GO:0006740",180,"FALSE",-0.363995578678602,0.25593377324324,0.328529844845214
"1771","enu","9","ncRNA processing",-0.521477366881592,0.230381039029506,93.5833333333333,15.5972222222222,7.90752396045596,0.506982836289252,129,21.5,1.78469949026822e-09,2.37365032205673e-07,"****","GO:0034470",26,"TRUE",-0.261977192835526,-0.259500174046066,0.328529844845214
"1772","enu","9","negative regulation of catabolic process",-0.318097859900821,0.138170888578246,69.1333333333333,11.5222222222222,5.05752098547485,0.438936247533979,85.45,14.2416666666667,0.0349484475119909,0.104845342535973,NA,"GO:0009895",49,"TRUE",-0.147629229949137,-0.170468629951684,0.328529844845214
"1773","enu","9","negative regulation of cell projection organization",-0.320585138243254,0.187144308293227,36.8666666666667,6.14444444444444,2.20117813572305,0.358238756265957,47.1666666666667,7.86111111111111,0.0718709612076151,0.188713079618084,NA,"GO:0031345",48,"FALSE",-0.172468178085236,-0.148116960158019,0.328529844845214
"1774","enu","9","negative regulation of defense response to virus",-0.106033978199825,0.458332257611357,9.96666666666667,1.66111111111111,1.03288520749009,0.62180380384019,9.58333333333333,1.59722222222222,0.999580216874759,0.999999999288937,NA,"GO:0050687",180,"FALSE",-0.0765385365354118,-0.0294954416644128,0.328529844845214
"1775","enu","9","negative regulation of growth",-0.369453120603847,0.158173206064947,47.6333333333333,7.93888888888889,4.2679902460925,0.537605489360847,59.65,9.94166666666667,0.657325206198915,0.999999999288937,NA,"GO:0045926",42,"TRUE",-0.0843345355938981,-0.285118585009949,0.328529844845214
"1776","enu","9","negative regulation of GTPase activity",-0.192110191864775,0.433985015301664,9.1,1.51666666666667,0.76412622575651,0.503819489509787,9.75,1.625,0.988360785368551,0.999999999288937,NA,"GO:0034260",93,"FALSE",-0.328559244543824,0.13644905267905,0.328529844845214
"1777","enu","9","negative regulation of mitotic nuclear division",-0.38671836687277,0.246316184543022,12.1333333333333,2.02222222222222,0.841075149678914,0.415916282808254,16,2.66666666666667,0.832387353617459,0.999999999288937,NA,"GO:0045839",38,"FALSE",-0.328926972986399,-0.0577913938863715,0.328529844845214
"1778","enu","9","negative regulation of phosphorus metabolic process",-0.356051160352965,0.184244561157996,90.2,15.0333333333333,6.73316831480957,0.447882593002854,115.333333333333,19.2222222222222,0.000145794055267552,0.00116343656103506,"**","GO:0010563",42,"TRUE",-0.146627328415051,-0.209423831937915,0.328529844845214
"1779","enu","9","negative regulation of protein phosphorylation",-0.478726963517815,0.149071598632001,64.3166666666667,10.7194444444444,5.24786111633076,0.489564654542387,89.6833333333333,14.9472222222222,0.000356761700953076,0.00241267658780131,"**","GO:0001933",28,"TRUE",-0.233313121817581,-0.245413841700234,0.328529844845214
"1780","enu","9","negative regulation of transferase activity",-0.410515865491901,0.280311960635063,57.4,9.56666666666667,4.64279609239471,0.485309696069133,75.7833333333333,12.6305555555556,0.000466891227669185,0.00295697777523817,"**","GO:0051348",34,"TRUE",-0.19213110927022,-0.218384756221682,0.328529844845214
"1781","enu","9","neural tube development",-0.37321465517547,0.233406122728503,34.15,5.69166666666667,2.44503465097009,0.429581490653604,43.6166666666667,7.26944444444444,0.204198026996262,0.445218649024637,NA,"GO:0021915",39,"FALSE",-0.200329905008805,-0.172884750166666,0.328529844845214
"1782","enu","9","neuron apoptotic process",-0.479462823753723,0.267615940274263,46.2666666666667,7.71111111111111,3.9107638734746,0.507159580133594,62.3166666666667,10.3861111111111,0.00188392606155048,0.00951501896909675,"**","GO:0051402",28,"TRUE",-0.110993429139306,-0.368469394614417,0.328529844845214
"1783","enu","9","neuron death",-0.391447086546073,0.12484107597924,67.8333333333333,11.3055555555556,4.71453622871347,0.41701057551274,88.4,14.7333333333333,0.00375084107803758,0.0162672346754021,"*","GO:0070997",38,"TRUE",-0.193332917194215,-0.198114169351858,0.328529844845214
"1784","enu","9","neuron projection organization",-0.112383457966295,0.26042311875947,21.8,3.63333333333333,1.59721980676146,0.439601781677466,21,3.5,0.479874108050184,0.866379045755763,NA,"GO:0106027",163,"FALSE",-0.235274760684615,0.12289130271832,0.328529844845214
"1785","enu","9","neurotrophin signaling pathway",-0.282351736291401,0.486851154133415,6.1,1.01666666666667,0.669576980886689,0.658600309068874,7.58333333333333,1.26388888888889,0.928556522490744,0.999999999288937,NA,"GO:0038179",57,"FALSE",-0.228057500157988,-0.0542942361334129,0.328529844845214
"1786","enu","9","non-membrane-bounded organelle assembly",-0.413913973691675,0.2347470803782,84.3166666666667,14.0527777777778,6.64555337271695,0.472899627234256,109.55,18.2583333333333,2.02056087746016e-05,0.000243648313383725,"***","GO:0140694",34,"TRUE",-0.160419525534277,-0.253494448157398,0.328529844845214
"1787","enu","9","nonribosomal peptide biosynthetic process",0.156410380315591,0.349402806250471,6.35,1.05833333333333,0.624833311105183,0.590393679784425,4.53333333333333,0.755555555555556,0.994109766606342,0.999999999288937,NA,"GO:0019184",122,"FALSE",0.0574976897473504,0.0989126905682402,0.328529844845214
"1788","enu","9","nuclear chromosome segregation",-0.424977852186329,0.171007956850828,75.9,12.65,6.34975940051625,0.501957264862944,97.6333333333333,16.2722222222222,0.00191048913593273,0.00952856456546447,"**","GO:0098813",33,"TRUE",-0.29597972302922,-0.128998129157109,0.328529844845214
"1789","enu","9","nuclear envelope organization",-0.274902509266691,0.401749807331804,12.8,2.13333333333333,0.545690184791497,0.255792274121014,15.7666666666667,2.62777777777778,0.476822529372988,0.86478267827192,NA,"GO:0006998",61,"FALSE",-0.132432170576845,-0.142470338689846,0.328529844845214
"1790","enu","9","nuclear transport",-0.534572524024535,0.225690311325716,70.9833333333333,11.8305555555556,6.74380717289464,0.570033008274729,96.0333333333333,16.0055555555556,2.07620116667836e-05,0.000243648313383725,"***","GO:0051169",25,"TRUE",-0.160074883734614,-0.374497640289921,0.328529844845214
"1791","enu","9","nuclear-transcribed mRNA catabolic process",-0.28732556733324,0.282062918329466,34.0166666666667,5.66944444444444,2.87441620481769,0.507001388404884,38.95,6.49166666666667,0.441383728693531,0.815333832169994,NA,"GO:0000956",57,"FALSE",-0.117142015160754,-0.170183552172486,0.328529844845214
"1792","enu","9","nucleic acid transport",-0.287275264071031,0.273733459418513,37.9666666666667,6.32777777777778,2.09182712974585,0.330578475289071,46.95,7.825,0.138497441179054,0.321281854828154,NA,"GO:0050657",57,"FALSE",-0.0705358572838944,-0.216739406787136,0.328529844845214
"1793","enu","9","nucleocytoplasmic transport",-0.394211085793413,0.185987354285271,73.1,12.1833333333333,5.64382651910721,0.463241574755722,93.7833333333333,15.6305555555556,0.000425814808742839,0.00274032433368376,"**","GO:0006913",38,"TRUE",-0.21081266828923,-0.183398417504182,0.328529844845214
"1794","enu","9","nucleotide catabolic process",-0.33825516037147,0.323580944619948,14.9166666666667,2.48611111111111,1.39085971281821,0.559451951524641,19,3.16666666666667,0.618871560086462,0.999999999288937,NA,"GO:0009166",47,"FALSE",-0.549184229471231,0.210929069099761,0.328529844845214
"1795","enu","9","nucleus organization",-0.37832702891418,0.240768437209444,30.6833333333333,5.11388888888889,3.08293540975816,0.602855376161292,37,6.16666666666667,0.476305278376281,0.86478267827192,NA,"GO:0006997",39,"FALSE",-0.154802887080438,-0.223524141833742,0.328529844845214
"1796","enu","9","oligosaccharide-lipid intermediate biosynthetic process",-0.327151215307826,0.406690147762031,4.31666666666667,0.719444444444444,0.374227599591874,0.520161914490636,6.21666666666667,1.03611111111111,0.978443942900162,0.999999999288937,NA,"GO:0006490",48,"FALSE",-0.0977017589038116,-0.229449456404014,0.328529844845214
"1797","enu","9","one-carbon metabolic process",-0.229030902717682,0.53497476741657,4.2,0.7,0.480740170061865,0.68677167151695,5.11666666666667,0.852777777777778,0.971520220450165,0.999999999288937,NA,"GO:0006730",81,"FALSE",-0.41244590479936,0.183415002081678,0.328529844845214
"1798","enu","9","organelle fission",-0.362499672241079,0.091846361703553,103.95,17.325,7.60755289900183,0.439108392438778,132.283333333333,22.0472222222222,0.000177641868683496,0.0013373416151833,"**","GO:0048285",42,"TRUE",-0.138972969207143,-0.223526703033935,0.328529844845214
"1799","enu","9","organelle fusion",-0.491349339551355,0.2592260296194,30.1,5.01666666666667,2.23296016782904,0.445108339102135,42.2666666666667,7.04444444444444,0.00396112387708747,0.0169944992146011,"*","GO:0048284",27,"TRUE",-0.177434973061744,-0.31391436648961,0.328529844845214
"1800","enu","9","organelle inheritance",-0.0500000000000001,0.473100145128173,3.6,0.6,0.249443825784929,0.415739709641549,3.9,0.65,0.999953539152163,0.999999999288937,NA,"GO:0048308",306,"FALSE",-0.470751697277633,0.420751697277633,0.328529844845214
"1801","enu","9","organelle localization by membrane tethering",-0.250669154190445,0.153747458170665,20.1,3.35,1.67182534973005,0.499052343203,22.65,3.775,0.955533036830404,0.999999999288937,NA,"GO:0140056",66,"FALSE",-0.184765276125493,-0.0659038780649519,0.328529844845214
"1802","enu","9","organophosphate catabolic process",-0.263657355065676,0.267083804718557,34.65,5.775,2.37191319871158,0.410720900209798,41.0333333333333,6.83888888888889,0.311298950944178,0.611863455304074,NA,"GO:0046434",63,"FALSE",-0.166353389252371,-0.0973039658133054,0.328529844845214
"1803","enu","9","organophosphate ester transport",-0.353885338709019,0.247765582428755,29.2833333333333,4.88055555555556,1.49593585225907,0.306509337969986,35.8833333333333,5.98055555555556,0.0130315802930376,0.0468432480803784,"*","GO:0015748",42,"FALSE",-0.358747644555145,0.00486230584612563,0.328529844845214
"1804","enu","9","ossification",-0.454936957736576,0.152103893199846,75.3,12.55,5.26323728010306,0.419381456581917,100.466666666667,16.7444444444444,2.00141148040867e-06,4.20296410885822e-05,"****","GO:0001503",31,"TRUE",-0.198314574242237,-0.256622383494339,0.328529844845214
"1805","enu","9","osteoblast differentiation",-0.480236954026615,0.337523289246032,44.5,7.41666666666667,3.86688217790222,0.521377372301422,60.1666666666667,10.0277777777778,0.0920289415023434,0.233882469168376,NA,"GO:0001649",27,"TRUE",-0.135654629180395,-0.34458232484622,0.328529844845214
"1806","enu","9","oxidative phosphorylation",-0.265988066565158,0.199943458040733,36.6666666666667,6.11111111111111,2.21024550337404,0.361676536915753,44.0166666666667,7.33611111111111,0.298774045118951,0.596054220012308,NA,"GO:0006119",63,"FALSE",-0.320526077640935,0.0545380110757775,0.328529844845214
"1807","enu","9","pentose-phosphate shunt",-0.283639758677465,0.359661660315619,4.16666666666667,0.694444444444444,0.40023141454062,0.576333236938492,5.51666666666667,0.919444444444444,0.970129147515099,0.999999999288937,NA,"GO:0006098",57,"FALSE",0.123942059813582,-0.407581818491048,0.328529844845214
"1808","enu","9","peptidyl-lysine modification",-0.308393513427838,0.127415890218882,88.2,14.7,6.15467302137165,0.418685239549092,109.216666666667,18.2027777777778,0.0233913808439611,0.074665287653924,NA,"GO:0018205",54,"TRUE",-0.274025867630329,-0.0343676457975087,0.328529844845214
"1809","enu","9","pericardium development",0.0263157986812236,0.529980621943668,4.93333333333333,0.822222222222222,0.531942631270481,0.646957254247882,4.2,0.7,0.997653102819877,0.999999999288937,NA,"GO:0060039",451,"FALSE",-0.184021237044,0.210337035725224,0.328529844845214
"1810","enu","9","peroxisome organization",0.0354665673523726,0.424121564882549,9.86666666666667,1.64444444444444,0.422514518707368,0.256934504619345,8.41666666666667,1.40277777777778,0.800570410175982,0.999999999288937,NA,"GO:0007031",385,"FALSE",-0.331424379113153,0.366890946465526,0.328529844845214
"1811","enu","9","phospholipid biosynthetic process",-0.562992256399548,0.254070285293921,50.5333333333333,8.42222222222222,3.98171747793262,0.47276328893659,71.8,11.9666666666667,1.6944349131689e-05,0.000225482574991456,"***","GO:0008654",22,"TRUE",-0.156812731151648,-0.4061795252479,0.328529844845214
"1812","enu","9","pigment accumulation",0.104774444508547,0.414123368256003,2.85,0.475,0.383514449966795,0.807398842035358,2,0.333333333333333,0.998079207225724,0.999999999288937,NA,"GO:0043476",180,"FALSE",0.111458057030662,-0.0066836125221145,0.328529844845214
"1813","enu","9","pigmentation",-0.395504024706503,0.214186955885781,21.25,3.54166666666667,1.46415504643463,0.41340848369919,28,4.66666666666667,0.302197241314439,0.599884076042096,NA,"GO:0043473",38,"FALSE",-0.14998816560769,-0.245515859098813,0.328529844845214
"1814","enu","9","pinocytosis",-0.0961779514389691,0.395441827274292,5.75,0.958333333333333,0.379143772202578,0.395628284037472,5.96666666666667,0.994444444444444,0.999642602168227,0.999999999288937,NA,"GO:0006907",193,"FALSE",-0.512698021157148,0.416520069718179,0.328529844845214
"1815","enu","9","placenta development",-0.334441524914796,0.202650630575385,29.3333333333333,4.88888888888889,2.11520071720725,0.432654692156029,37.2,6.2,0.412982885246551,0.780948678736369,NA,"GO:0001890",47,"FALSE",-0.113838816712551,-0.220602708202245,0.328529844845214
"1816","enu","9","plasma membrane tubulation",-0.00319548609107912,0.376099213364693,6.65,1.10833333333333,0.486912038599718,0.439319132571174,5.68333333333333,0.947222222222222,0.90254156331788,0.999999999288937,NA,"GO:0097320",632,"FALSE",-0.471823998123169,0.46862851203209,0.328529844845214
"1817","enu","9","platelet-derived growth factor receptor signaling pathway",-0.47957022157223,0.211653647387446,12.65,2.10833333333333,1.44275007460675,0.684308335781857,17.1333333333333,2.85555555555556,0.81347746842456,0.999999999288937,NA,"GO:0048008",28,"FALSE",-0.121010542600229,-0.358559678972001,0.328529844845214
"1818","enu","9","polyamine biosynthetic process",-0.0476399305355236,0.280892481608736,3.28333333333333,0.547222222222222,0.380119376960371,0.694634394445348,3.33333333333333,0.555555555555556,0.999995237790097,0.999999999288937,NA,"GO:0006596",347,"FALSE",-0.298899702222121,0.251259771686597,0.328529844845214
"1819","enu","9","polyamine metabolic process",-0.018492048496928,0.415964768996889,4.85,0.808333333333333,0.269516027146604,0.33342188925353,4.23333333333333,0.705555555555556,0.993029091621046,0.999999999288937,NA,"GO:0006595",526,"FALSE",-0.25108042275317,0.232588374256242,0.328529844845214
"1820","enu","9","polyol metabolic process",-0.246643959128566,0.145887861811905,25.3,4.21666666666667,1.98983528073166,0.471897695035176,28.3666666666667,4.72777777777778,0.835787646827903,0.999999999288937,NA,"GO:0019751",71,"FALSE",-0.188708503062565,-0.0579354560660007,0.328529844845214
"1821","enu","9","positive regulation by host of viral process",-0.0726399305355233,0.314616446589693,3.53333333333333,0.588888888888889,0.263874268600843,0.44808838064294,3.73333333333333,0.622222222222222,0.999988056933085,0.999999999288937,NA,"GO:0044794",241,"FALSE",-0.415715319507383,0.34307538897186,0.328529844845214
"1822","enu","9","positive regulation of amide metabolic process",-0.546068846052726,0.238629901154505,33.9666666666667,5.66111111111111,2.89139848260062,0.510747523913751,47.95,7.99166666666667,0.00329773014893797,0.0149522082889347,"*","GO:0034250",25,"TRUE",-0.0683304634133363,-0.477738382639389,0.328529844845214
"1823","enu","9","positive regulation of axonogenesis",-0.442560185297459,0.283449218142789,16.7166666666667,2.78611111111111,1.50666728121915,0.540777887576165,22.5666666666667,3.76111111111111,0.672364706103956,0.999999999288937,NA,"GO:0050772",32,"FALSE",-0.079505026332285,-0.363055158965174,0.328529844845214
"1824","enu","9","positive regulation of cell projection organization",-0.30618670849063,0.0778722915786124,76.3666666666667,12.7277777777778,5.5120238939438,0.433070406333428,92.75,15.4583333333333,0.0768615229399452,0.199141218526222,NA,"GO:0031346",54,"TRUE",-0.0990651923342142,-0.207121516156416,0.328529844845214
"1825","enu","9","positive regulation of cellular component biogenesis",-0.443218281792684,0.0802189780286057,96.7666666666667,16.1277777777778,6.88736094166269,0.427049593351458,129.683333333333,21.6138888888889,1.44568513650272e-08,8.24040527806551e-07,"****","GO:0044089",32,"TRUE",-0.167421648399202,-0.275796633393482,0.328529844845214
"1826","enu","9","positive regulation of epithelial to mesenchymal transition",-0.399604392601081,0.307420817094138,11,1.83333333333333,1.40633487398193,0.76709174944469,13.1833333333333,2.19722222222222,0.873494392037814,0.999999999288937,NA,"GO:0010718",38,"FALSE",-0.477366323079738,0.0777619304786564,0.328529844845214
"1827","enu","9","positive regulation of establishment of protein localization",-0.470000100638221,0.243466839216523,66.15,11.025,5.82650791164351,0.528481443232972,86.0333333333333,14.3388888888889,0.00119359871022394,0.00661452618582434,"**","GO:1904951",28,"TRUE",-0.130619815953526,-0.339380284684695,0.328529844845214
"1828","enu","9","positive regulation of GTPase activity",-0.449093586171207,0.361048550754301,48.4666666666667,8.07777777777778,4.2019395874163,0.520185093352775,62.35,10.3916666666667,0.00657815912160709,0.0262468548952123,"*","GO:0043547",32,"TRUE",-0.283144188808059,-0.165949397363148,0.328529844845214
"1829","enu","9","positive regulation of kinase activity",-0.470448409288069,0.150662182220815,73.9666666666667,12.3277777777778,5.38765736214283,0.437033945554624,100.3,16.7166666666667,3.54214204025856e-05,0.000371924914227148,"***","GO:0033674",28,"TRUE",-0.1664301693123,-0.304018239975769,0.328529844845214
"1830","enu","9","positive regulation of microtubule polymerization",-0.110301511369315,0.303926306010875,7.3,1.21666666666667,0.716085035298028,0.588563042710708,7.58333333333333,1.26388888888889,0.999820582778967,0.999999999288937,NA,"GO:0031116",163,"FALSE",-0.497455203077526,0.387153691708211,0.328529844845214
"1831","enu","9","positive regulation of nervous system development",-0.292385570619915,0.202777685942868,52.3833333333333,8.73055555555556,3.46699384139867,0.397110334999529,63.3,10.55,0.105535087933571,0.263178125534342,NA,"GO:0051962",55,"FALSE",-0.182447385092398,-0.109938185527517,0.328529844845214
"1832","enu","9","positive regulation of neurogenesis",-0.31512736917767,0.171223430082095,46.5,7.75,3.25363045091343,0.419823283988829,57.4166666666667,9.56944444444444,0.173317771537826,0.389281033525852,NA,"GO:0050769",49,"FALSE",-0.325068664257576,0.00994129507990549,0.328529844845214
"1833","enu","9","positive regulation of neuron migration",-0.216248958353365,0.153113800235973,3.2,0.533333333333333,0.459468291736341,0.861503047005639,4.56666666666667,0.761111111111111,0.999999928649923,0.999999999288937,NA,"GO:2001224",82,"FALSE",-0.0982363802243419,-0.118012578129024,0.328529844845214
"1834","enu","9","positive regulation of protein localization",-0.418793021130569,0.0982466626275675,91.0333333333333,15.1722222222222,6.7526263751938,0.445065085146424,120.716666666667,20.1194444444444,9.4803514967244e-05,0.000816413930896603,"***","GO:1903829",34,"TRUE",-0.182981026570623,-0.235811994559946,0.328529844845214
"1835","enu","9","positive regulation of stem cell population maintenance",-0.209381478040826,0.17288770866734,12.1333333333333,2.02222222222222,1.02016701610116,0.504478194775298,12.8166666666667,2.13611111111111,0.875580955055467,0.999999999288937,NA,"GO:1902459",85,"FALSE",-0.220084672154239,0.0107031941134124,0.328529844845214
"1836","enu","9","positive regulation of viral process",-0.369316607031136,0.224112039174412,12.7833333333333,2.13055555555556,1.06980874026189,0.502126657750042,15.8333333333333,2.63888888888889,0.957144700532781,0.999999999288937,NA,"GO:0048524",42,"FALSE",-0.567388851502851,0.198072244471716,0.328529844845214
"1837","enu","9","postsynapse organization",-0.468551045505808,0.356872039946806,35.4166666666667,5.90277777777778,3.60031505823012,0.609935727511925,45.4166666666667,7.56944444444444,0.164881810399947,0.373794558804425,NA,"GO:0099173",28,"TRUE",-0.211816974174037,-0.25673407133177,0.328529844845214
"1838","enu","9","proteasome-mediated ubiquitin-dependent protein catabolic process",-0.409216238431301,0.0864486579437068,100.316666666667,16.7194444444444,7.87796093659511,0.471185568561927,130.666666666667,21.7777777777778,2.68328303984819e-05,0.000299785662016997,"***","GO:0043161",34,"TRUE",-0.176322688966796,-0.232893549464504,0.328529844845214
"1839","enu","9","protein autophosphorylation",-0.514294124518602,0.249275123612976,42.8333333333333,7.13888888888889,3.61235021475965,0.506010146814581,58,9.66666666666667,0.00545981042373208,0.0226923370736364,"*","GO:0046777",26,"TRUE",-0.0322624423733573,-0.482031682145245,0.328529844845214
"1840","enu","9","protein folding",-0.379084728935071,0.14522514544517,46.1333333333333,7.68888888888889,3.85553954527576,0.501443004443379,59.4,9.9,0.110269295425357,0.271589190584677,NA,"GO:0006457",39,"TRUE",-0.258812812181075,-0.120271916753996,0.328529844845214
"1841","enu","9","protein glycosylation",-0.316505707069494,0.168559592272764,48.7333333333333,8.12222222222222,4.11591311141777,0.50674716830041,57.7833333333333,9.63055555555556,0.147985316617136,0.33934563982895,NA,"GO:0006486",49,"FALSE",-0.247498710080817,-0.0690069969886773,0.328529844845214
"1842","enu","9","protein lipidation",-0.537357770770966,0.233383365873828,18.8166666666667,3.13611111111111,1.75310570977041,0.559006249351062,26.5,4.41666666666667,0.306870084545003,0.6061443749181,NA,"GO:0006497",25,"FALSE",-0.269042421617034,-0.268315349153932,0.328529844845214
"1843","enu","9","protein localization to nucleus",-0.443610309442303,0.118915891425455,63.5,10.5833333333333,4.7349175752535,0.447393786638126,86.9333333333333,14.4888888888889,0.0172909654371596,0.0582961063231061,NA,"GO:0034504",32,"TRUE",-0.161594093508699,-0.282016215933605,0.328529844845214
"1844","enu","9","protein neddylation",-0.517436025342339,0.226017171832033,4.98333333333333,0.830555555555556,0.734122050605473,0.883892769959767,8.33333333333333,1.38888888888889,0.985100498576874,0.999999999288937,NA,"GO:0045116",26,"FALSE",-0.233726903260649,-0.28370912208169,0.328529844845214
"1845","enu","9","protein polyubiquitination",-0.476207639830649,0.20882080649751,52.8333333333333,8.80555555555556,3.7924144561753,0.430684291553031,72.3,12.05,1.88547094393454e-05,0.000242678356977381,"***","GO:0000209",28,"TRUE",-0.142015121120137,-0.334192518710512,0.328529844845214
"1846","enu","9","protein targeting",-0.385914579109276,0.137862120243107,76.6666666666667,12.7777777777778,6.02556282909799,0.47156578662506,99.5666666666667,16.5944444444444,0.000539292529694458,0.00331042645150906,"**","GO:0006605",38,"TRUE",-0.139684438962074,-0.246230140147202,0.328529844845214
"1847","enu","9","protein transport to vacuole involved in ubiquitin-dependent protein catabolic process via the multivesicular body sorting pathway",0.0273600694644766,0.193943924759049,4.26666666666667,0.711111111111111,0.457853283956367,0.643856180563641,3.53333333333333,0.588888888888889,0.999967259733705,0.999999999288937,NA,"GO:0043328",451,"FALSE",-0.067306750048444,0.0946668195129205,0.328529844845214
"1848","enu","9","protein-containing complex localization",-0.347699160207739,0.202632094505725,39.05,6.50833333333333,2.87544682518117,0.441810011551524,48.75,8.125,0.452277133212331,0.831606341712996,NA,"GO:0031503",43,"FALSE",0.0120739293302011,-0.35977308953794,0.328529844845214
"1849","enu","9","protein-DNA complex subunit organization",-0.37660842787085,0.327775229548207,49.6333333333333,8.27222222222222,4.46842834247701,0.540172667324286,60.6166666666667,10.1027777777778,0.0218193389069954,0.0702090018055739,NA,"GO:0071824",39,"TRUE",-0.310018574933011,-0.0665898529378394,0.328529844845214
"1850","enu","9","proton motive force-driven ATP synthesis",-0.0915850355191347,0.258517326417117,22.7166666666667,3.78611111111111,1.62311143817692,0.428701480369545,22.9,3.81666666666667,0.717551141926465,0.999999999288937,NA,"GO:0015986",193,"FALSE",-0.135039522066018,0.0434544865468836,0.328529844845214
"1851","enu","9","proton transmembrane transport",-0.517681612768269,0.180365529370859,24.6,4.1,1.7486502731472,0.426500066621268,36.4333333333333,6.07222222222222,0.0531176114473832,0.152474294730258,NA,"GO:1902600",26,"FALSE",-0.3806318626442,-0.137049750124068,0.328529844845214
"1852","enu","9","pteridine-containing compound metabolic process",-0.198635592090927,0.194307227447026,7.83333333333333,1.30555555555556,0.499073215143905,0.38226884564214,8.41666666666667,1.40277777777778,0.999640554606794,0.999999999288937,NA,"GO:0042558",93,"FALSE",-0.295862703620849,0.0972271115299221,0.328529844845214
"1853","enu","9","quinone biosynthetic process",-0.0512531249399037,0.405102433463863,4.33333333333333,0.722222222222222,0.417221852344858,0.577691795554418,4.23333333333333,0.705555555555556,0.99999949967689,0.999999999288937,NA,"GO:1901663",306,"FALSE",-0.183612619171246,0.132359494231343,0.328529844845214
"1854","enu","9","receptor metabolic process",-0.407501526585021,0.277982937451366,14.7833333333333,2.46388888888889,1.38605822655739,0.562548998377293,19.8,3.3,0.43012747605828,0.798236571847692,NA,"GO:0043112",34,"FALSE",-0.39468323078138,-0.0128182958036411,0.328529844845214
"1855","enu","9","regulation of actin filament organization",-0.288894284194205,0.106779076641984,57,9.5,4.18462795372672,0.440487153023866,68.3666666666667,11.3944444444444,0.273977506005757,0.557739922940291,NA,"GO:0110053",57,"TRUE",-0.0689083429048083,-0.219985941289396,0.328529844845214
"1856","enu","9","regulation of actin filament-based process",-0.446061738747647,0.180300768959644,68.9333333333333,11.4888888888889,4.8633169598384,0.423306118361176,95.6666666666667,15.9444444444444,1.55733663199665e-05,0.000221920470059523,"***","GO:0032970",32,"TRUE",-0.192066687703941,-0.253995051043706,0.328529844845214
"1857","enu","9","regulation of anatomical structure size",-0.447342885136328,0.142720323561066,85.3833333333333,14.2305555555556,6.16838189359132,0.433460371206885,115.183333333333,19.1972222222222,1.76119943897083e-07,5.40552750884125e-06,"****","GO:0090066",32,"TRUE",-0.128957581724403,-0.318385303411925,0.328529844845214
"1858","enu","9","regulation of apoptotic signaling pathway",-0.417403003094368,0.216948085830073,79.5333333333333,13.2555555555556,6.49381472091941,0.489893818007332,102.116666666667,17.0194444444444,6.63437720669871e-05,0.000601617387607451,"***","GO:2001233",34,"TRUE",-0.262359155909177,-0.155043847185191,0.328529844845214
"1859","enu","9","regulation of ATP metabolic process",-0.590609518897463,0.320425696093704,13.0166666666667,2.16944444444444,1.55743438123468,0.717895489429558,18.3333333333333,3.05555555555556,0.178870449725101,0.394697754608876,NA,"GO:1903578",21,"FALSE",-0.501804019114515,-0.0888054997829482,0.328529844845214
"1860","enu","9","regulation of ATP-dependent activity",-0.157489569515974,0.320986152489165,16.5166666666667,2.75277777777778,1.33460009268972,0.484819408040665,17.2333333333333,2.87222222222222,0.800785771658934,0.999999999288937,NA,"GO:0043462",122,"FALSE",-0.411057560264017,0.253567990748043,0.328529844845214
"1861","enu","9","regulation of autophagosome maturation",0.00875104164663445,0.342355411207705,4.93333333333333,0.822222222222222,0.268051957373663,0.326009137346347,4.45,0.741666666666667,0.995672261686828,0.999999999288937,NA,"GO:1901096",632,"FALSE",-0.46910233031538,0.477853371962014,0.328529844845214
"1862","enu","9","regulation of autophagy",-0.408076806754618,0.101317360341441,75.8833333333333,12.6472222222222,6.15061348942496,0.486321295012736,98.6833333333333,16.4472222222222,0.00165055663444797,0.00866542233085182,"**","GO:0010506",34,"TRUE",-0.0784742466906489,-0.329602560063969,0.328529844845214
"1863","enu","9","regulation of binding",-0.613788277443271,0.262188706227483,66.4833333333333,11.0805555555556,6.34271600312487,0.572418591407609,96.0333333333333,16.0055555555556,2.29610058881653e-07,6.10762756625196e-06,"****","GO:0051098",21,"TRUE",-0.115983900956217,-0.497804376487054,0.328529844845214
"1864","enu","9","regulation of carbohydrate metabolic process",-0.405317415521282,0.431800857864012,35.7166666666667,5.95277777777778,3.09157307435455,0.519349653181353,42.8666666666667,7.14444444444444,0.0676567051791567,0.183639628343425,NA,"GO:0006109",34,"TRUE",-0.323479657038772,-0.08183775848251,0.328529844845214
"1865","enu","9","regulation of cell cycle phase transition",-0.460443599001329,0.259428439922677,91.5666666666667,15.2611111111111,6.53521798213909,0.428226879062627,126.016666666667,21.0027777777778,2.48170919019854e-06,4.95100983444609e-05,"****","GO:1901987",28,"TRUE",-0.142904126678279,-0.317539472323049,0.328529844845214
"1866","enu","9","regulation of cell division",-0.461136305443468,0.0840232441741627,31.0666666666667,5.17777777777778,2.23026322977223,0.430737533646998,43.7666666666667,7.29444444444444,0.113072314839699,0.27342941588509,NA,"GO:0051302",28,"TRUE",-0.198375626268404,-0.262760679175063,0.328529844845214
"1867","enu","9","regulation of cell growth",-0.491283569018808,0.194177261135879,77.8666666666667,12.9777777777778,6.86154069730267,0.528714608525034,104.283333333333,17.3805555555556,1.07876115440985e-05,0.000159416926151678,"***","GO:0001558",27,"TRUE",-0.186257563761563,-0.305026005257245,0.328529844845214
"1868","enu","9","regulation of cell morphogenesis",-0.450181502826778,0.262089703993338,49.75,8.29166666666667,4.20375163131432,0.506985121364541,64.3333333333333,10.7222222222222,0.000692987705246931,0.00412689693124665,"**","GO:0022604",31,"TRUE",-0.11257862160779,-0.337602881218988,0.328529844845214
"1869","enu","9","regulation of cell-substrate adhesion",-0.554035799557683,0.19536361912887,39.7833333333333,6.63055555555556,3.43155968210548,0.517537279245066,54.5166666666667,9.08611111111111,0.00708947462816707,0.0269419699115371,"*","GO:0010810",25,"TRUE",-0.191398140385336,-0.362637659172347,0.328529844845214
"1870","enu","9","regulation of cell-substrate junction assembly",-0.456858536734032,0.50036498152711,11.7666666666667,1.96111111111111,0.518723504454998,0.264504903121529,17.3333333333333,2.88888888888889,0.122337106170935,0.290550627155972,NA,"GO:0090109",31,"FALSE",-0.190334923855752,-0.26652361287828,0.328529844845214
"1871","enu","9","regulation of cell-substrate junction organization",-0.321528447445124,0.494867879792732,14.85,2.475,0.907606743033567,0.366709795165078,18.55,3.09166666666667,0.257082723646962,0.53148190018206,NA,"GO:0150116",48,"FALSE",-0.325581575846255,0.00405312840113037,0.328529844845214
"1872","enu","9","regulation of cellular component size",-0.462575968787376,0.207957197580375,70.15,11.6916666666667,5.55721502993081,0.475314186451673,92.4666666666667,15.4111111111111,0.00022070760402808,0.00160113334558553,"**","GO:0032535",28,"TRUE",-0.111806112308246,-0.35076985647913,0.328529844845214
"1873","enu","9","regulation of chromosome organization",-0.30934557218978,0.157202636660835,62.3166666666667,10.3861111111111,4.2665418818558,0.41079301349775,75.9166666666667,12.6527777777778,0.026760882756313,0.0827720327113868,NA,"GO:0033044",54,"TRUE",-0.126809367770711,-0.18253620441907,0.328529844845214
"1874","enu","9","regulation of chromosome segregation",-0.43363195759217,0.258225501163112,29.2166666666667,4.86944444444444,2.04858804130137,0.420702621145745,38.2166666666667,6.36944444444444,0.0563319855500464,0.160546158817632,NA,"GO:0051983",33,"FALSE",-0.0687818338046854,-0.364850123787485,0.328529844845214
"1875","enu","9","regulation of circadian rhythm",-0.407187508391697,0.156523428650881,22.1166666666667,3.68611111111111,1.42323640055047,0.386107840390481,27.75,4.625,0.251967995067866,0.525287825623137,NA,"GO:0042752",34,"FALSE",-0.0628577028867528,-0.344329805504945,0.328529844845214
"1876","enu","9","regulation of cysteine-type endopeptidase activity involved in apoptotic process",-0.532959413043258,0.153700635692767,34.3333333333333,5.72222222222222,2.43736348145711,0.425947016176971,51.3166666666667,8.55277777777778,0.00370073238437016,0.0162672346754021,"*","GO:0043281",25,"TRUE",-0.215633322154385,-0.317326090888873,0.328529844845214
"1877","enu","9","regulation of cytokinesis",-0.290635353323536,0.144511274669755,21.05,3.50833333333333,1.62937445392737,0.464429773090937,24.05,4.00833333333333,0.832615044527585,0.999999999288937,NA,"GO:0032465",55,"FALSE",-0.392293785170149,0.101658431846612,0.328529844845214
"1878","enu","9","regulation of DNA repair",-0.493226962429624,0.215386358490631,47.6833333333333,7.94722222222222,3.70660696394765,0.466402833632,65.7833333333333,10.9638888888889,0.0137904088845313,0.0486935676542299,"*","GO:0006282",27,"TRUE",-0.0525302844020923,-0.440696678027532,0.328529844845214
"1879","enu","9","regulation of DNA replication",-0.49725613888029,0.258946220861847,29.75,4.95833333333333,2.1754629137011,0.438748822931315,41.2833333333333,6.88055555555556,0.070298883107305,0.188250029260501,NA,"GO:0006275",27,"TRUE",-0.182815868490555,-0.314440270389735,0.328529844845214
"1880","enu","9","regulation of embryonic development",-0.47260678498244,0.121407505316784,18.9833333333333,3.16388888888889,1.83879237746065,0.581181085062191,25.7666666666667,4.29444444444444,0.658013634996641,0.999999999288937,NA,"GO:0045995",28,"FALSE",-0.393520850619047,-0.0790859343633937,0.328529844845214
"1881","enu","9","regulation of establishment of cell polarity",0.0176676718420325,0.257152197356189,7.63333333333333,1.27222222222222,0.579431394334774,0.455448257555718,6.8,1.13333333333333,0.996569893768009,0.999999999288937,NA,"GO:2000114",526,"FALSE",-0.344486069653049,0.362153741495081,0.328529844845214
"1882","enu","9","regulation of extracellular matrix organization",-0.353154828142976,0.414375029774547,13.0666666666667,2.17777777777778,1.46084703993063,0.670797110172227,15.0666666666667,2.51111111111111,0.73355725259326,0.999999999288937,NA,"GO:1903053",42,"FALSE",-0.550449741327421,0.197294913184446,0.328529844845214
"1883","enu","9","regulation of fibroblast migration",-0.445836548194505,0.433676015920261,8.15,1.35833333333333,1.12909747635495,0.831237405905483,11.0333333333333,1.83888888888889,0.774451470679681,0.999999999288937,NA,"GO:0010762",32,"FALSE",0.0345550050155897,-0.480391553210094,0.328529844845214
"1884","enu","9","regulation of fibroblast proliferation",-0.242021062908961,0.350039204655571,19.2833333333333,3.21388888888889,1.2600889151461,0.392076066942607,24.0833333333333,4.01388888888889,0.844334579396487,0.999999999288937,NA,"GO:0048145",71,"FALSE",-0.331649450899408,0.0896283879904473,0.328529844845214
"1885","enu","9","regulation of focal adhesion assembly",-0.480575777513758,0.358392769369002,12.7833333333333,2.13055555555556,1.29659454241,0.608571102043809,17.4333333333333,2.90555555555556,0.288343631536499,0.578136226045543,NA,"GO:0051893",27,"FALSE",0.0229521203825699,-0.503527897896328,0.328529844845214
"1886","enu","9","regulation of G0 to G1 transition",0.0613853108190628,0.273212910014254,11.4833333333333,1.91388888888889,0.794454156894787,0.415099414342705,10.25,1.70833333333333,0.99999009540449,0.999999999288937,NA,"GO:0070316",265,"FALSE",-0.315520478941572,0.376905789760635,0.328529844845214
"1887","enu","9","regulation of generation of precursor metabolites and energy",-0.593398259147304,0.376707788895864,20.9833333333333,3.49722222222222,1.48662244577979,0.425086640572459,33.5166666666667,5.58611111111111,0.00161086398580516,0.00856979640448348,"**","GO:0043467",21,"FALSE",-0.187574252941672,-0.405824006205632,0.328529844845214
"1888","enu","9","regulation of glucose metabolic process",-0.458968080701386,0.337528701601784,16.0333333333333,2.67222222222222,0.884537962671703,0.331012127403132,23.4833333333333,3.91388888888889,0.179048354847635,0.394697754608876,NA,"GO:0010906",31,"FALSE",-0.07665847468655,-0.382309606014836,0.328529844845214
"1889","enu","9","regulation of Golgi organization",-0.223266493005475,0.385266810162519,2.86666666666667,0.477777777777778,0.2993820796735,0.62661365513058,4.03333333333333,0.672222222222222,0.996969633411712,0.999999999288937,NA,"GO:1903358",81,"FALSE",-0.0424372597409202,-0.180829233264555,0.328529844845214
"1890","enu","9","regulation of GTPase activity",-0.574535509967927,0.326631915622519,61.35,10.225,5.47604632315445,0.535554652631242,86.5666666666667,14.4277777777778,1.74446838449119e-06,3.86690491895548e-05,"****","GO:0043087",22,"TRUE",-0.203717387616516,-0.370818122351412,0.328529844845214
"1891","enu","9","regulation of interferon-beta production",-0.28134113224756,0.303167463790075,13.5833333333333,2.26388888888889,1.01162227616321,0.446851557569024,15.9333333333333,2.65555555555556,0.589646693836974,0.999999999288937,NA,"GO:0032648",57,"FALSE",-0.128160565917697,-0.153180566329863,0.328529844845214
"1892","enu","9","regulation of intracellular protein transport",-0.414421412754969,0.200898529928878,50.8,8.46666666666667,4.50900333899977,0.532559449488162,63.85,10.6416666666667,0.0148481069843077,0.0515164755368589,NA,"GO:0033157",34,"TRUE",-0.0559328325707802,-0.358488580184189,0.328529844845214
"1893","enu","9","regulation of intracellular steroid hormone receptor signaling pathway",-0.497662031449906,0.288202777027218,12.25,2.04166666666667,1.07464464410851,0.526356560379679,17.5,2.91666666666667,0.655459671552495,0.999999999288937,NA,"GO:0033143",27,"FALSE",-0.390149811186062,-0.107512220263844,0.328529844845214
"1894","enu","9","regulation of intracellular transport",-0.348566509417617,0.118535727484567,76.5,12.75,5.91772291041448,0.464135130228587,94.2833333333333,15.7138888888889,0.00583115810412714,0.023985897768523,"*","GO:0032386",43,"TRUE",-0.126848365581451,-0.221718143836166,0.328529844845214
"1895","enu","9","regulation of ketone biosynthetic process",-0.116194652773771,0.376115233007372,3.41666666666667,0.569444444444444,0.29067291022856,0.510449988694057,4.1,0.683333333333333,0.999999935159424,0.999999999288937,NA,"GO:0010566",163,"FALSE",-0.0545423747340087,-0.0616522780397627,0.328529844845214
"1896","enu","9","regulation of ligase activity",0.120969097282319,0.396624140003314,3.1,0.516666666666667,0.261406452355969,0.505947972301875,2.16666666666667,0.361111111111111,0.999929320446194,0.999999999288937,NA,"GO:0051340",156,"FALSE",-0.236355193604339,0.357324290886658,0.328529844845214
"1897","enu","9","regulation of membrane permeability",-0.361543676791684,0.270773821711477,15.45,2.575,1.59491379077366,0.619383996416955,19.6333333333333,3.27222222222222,0.874862989271413,0.999999999288937,NA,"GO:0090559",42,"FALSE",-0.182128544557424,-0.17941513223426,0.328529844845214
"1898","enu","9","regulation of microtubule cytoskeleton organization",-0.50880562722074,0.186717203037796,31.3833333333333,5.23055555555556,2.78488812196322,0.532426831602103,41.6,6.93333333333333,0.131925836846687,0.309637699422519,NA,"GO:0070507",26,"TRUE",-0.352412526153355,-0.156393101067385,0.328529844845214
"1899","enu","9","regulation of microtubule depolymerization",-0.226052638944979,0.453581983634266,6.16666666666667,1.02777777777778,0.636105046065215,0.618913017793182,7.21666666666667,1.20277777777778,0.975815245321291,0.999999999288937,NA,"GO:0031114",81,"FALSE",-0.068254644974227,-0.157797993970752,0.328529844845214
"1900","enu","9","regulation of microtubule-based process",-0.272608175214823,0.16890577957389,54.4666666666667,9.07777777777778,3.75154289247425,0.413266658901692,64.5833333333333,10.7638888888889,0.214378770724184,0.464875703907333,NA,"GO:0032886",61,"FALSE",-0.282678328467772,0.0100701532529484,0.328529844845214
"1901","enu","9","regulation of mitochondrial fission",-0.358021564369239,0.254062454496377,6.4,1.06666666666667,0.408248290463863,0.382732772309872,8.25,1.375,0.97739118868528,0.999999999288937,NA,"GO:0090140",42,"FALSE",-0.533786010424629,0.17576444605539,0.328529844845214
"1902","enu","9","regulation of mitochondrial membrane permeability",-0.319749148786212,0.257717123843245,15.2666666666667,2.54444444444444,0.976767154481596,0.383882287787527,17.25,2.875,0.252770081502863,0.525287825623137,NA,"GO:0046902",49,"FALSE",-0.164479244045094,-0.155269904741118,0.328529844845214
"1903","enu","9","regulation of mitochondrial membrane potential",-0.445722730398201,0.294544266057544,14.2833333333333,2.38055555555556,1.68161353291239,0.706395416392601,17.55,2.925,0.738879035103969,0.999999999288937,NA,"GO:0051881",32,"FALSE",-0.456506822003343,0.0107840916051421,0.328529844845214
"1904","enu","9","regulation of ncRNA transcription",-0.21197234462252,0.302833712640498,6.68333333333333,1.11388888888889,0.675805417973963,0.606708105911787,7.46666666666667,1.24444444444444,0.942929799804283,0.999999999288937,NA,"GO:0140747",82,"FALSE",-0.263805008175339,0.0518326635528188,0.328529844845214
"1905","enu","9","regulation of neuron apoptotic process",-0.365004438410084,0.306840249535779,40.5333333333333,6.75555555555556,2.67844620518577,0.396480523793947,53.55,8.925,0.0173865580261895,0.0582961063231061,NA,"GO:0043523",42,"FALSE",-0.0954595999684313,-0.269544838441652,0.328529844845214
"1906","enu","9","regulation of neuron death",-0.399743631729769,0.216635716504538,57.5166666666667,9.58611111111111,4.72535027116352,0.492937147962582,74.4666666666667,12.4111111111111,0.00154629990941052,0.00833748194398373,"**","GO:1901214",38,"TRUE",-0.0938985502524498,-0.305845081477319,0.328529844845214
"1907","enu","9","regulation of neuron projection development",-0.44570742312826,0.211174782223822,82.6,13.7666666666667,6.45290632196067,0.468734115396659,110.516666666667,18.4194444444444,5.09618489972266e-05,0.000508344443747336,"***","GO:0010975",32,"TRUE",-0.11824166210745,-0.327465761020809,0.328529844845214
"1908","enu","9","regulation of pinocytosis",-0.136528819424412,0.386481388931394,1.75,0.291666666666667,0.164570147151096,0.564240504518043,2.5,0.416666666666667,0.999985691535126,0.999999999288937,NA,"GO:0048548",137,"FALSE",-0.589003833010834,0.452475013586422,0.328529844845214
"1909","enu","9","regulation of plasma membrane bounded cell projection assembly",-0.467325967327412,0.187117306775936,39.5333333333333,6.58888888888889,3.04387667049524,0.461971164156107,50.7333333333333,8.45555555555556,0.00308440104995017,0.0141457013670128,"*","GO:0120032",28,"TRUE",-0.284673958272186,-0.182652009055226,0.328529844845214
"1910","enu","9","regulation of protein catabolic process",-0.458931433566536,0.182314755609848,74.6,12.4333333333333,5.47397884946996,0.440266395399729,101.033333333333,16.8388888888889,7.56410274198894e-07,1.77533940826682e-05,"****","GO:0042176",31,"TRUE",-0.134113753221552,-0.324817680344984,0.328529844845214
"1911","enu","9","regulation of protein dephosphorylation",-0.702400105386867,0.402274503156438,14.6333333333333,2.43888888888889,1.34749424516053,0.552503335145547,23.2666666666667,3.87777777777778,0.00794261507282169,0.0298972020193949,"*","GO:0035304",17,"FALSE",-0.155829860120095,-0.546570245266772,0.328529844845214
"1912","enu","9","regulation of protein modification by small protein conjugation or removal",-0.452787747094095,0.233381072779753,56,9.33333333333333,3.61478445646026,0.387298334620742,73.8666666666667,12.3111111111111,7.20514679840485e-06,0.000124993633589719,"***","GO:1903320",31,"TRUE",-0.327119087949138,-0.125668659144956,0.328529844845214
"1913","enu","9","regulation of protein stability",-0.382065160611408,0.209360850135582,68.45,11.4083333333333,4.94922833491355,0.433825712337199,90.0166666666667,15.0027777777778,0.000145321559290881,0.00116343656103506,"**","GO:0031647",38,"TRUE",-0.133770632873341,-0.248294527738067,0.328529844845214
"1914","enu","9","regulation of protein-containing complex assembly",-0.440362273003593,0.179715152714265,78.5833333333333,13.0972222222222,6.31101696917265,0.481859195949556,106.233333333333,17.7055555555556,9.61690595291738e-05,0.000816413930896603,"***","GO:0043254",32,"TRUE",-0.13147782171026,-0.308884451293333,0.328529844845214
"1915","enu","9","regulation of response to DNA damage stimulus",-0.447799695125914,0.171606884521658,72.7166666666667,12.1194444444444,5.85833135767313,0.483382830337457,97.6166666666667,16.2694444444444,6.43187504628812e-05,0.000596818172899758,"***","GO:2001020",32,"TRUE",-0.224291524179441,-0.223508170946473,0.328529844845214
"1916","enu","9","regulation of small molecule metabolic process",-0.289102640973495,0.160712265437818,66.4666666666667,11.0777777777778,4.64646420729027,0.419440098952984,79.9833333333333,13.3305555555556,0.0695378527159659,0.187470292119395,NA,"GO:0062012",57,"TRUE",-0.249034622725948,-0.0400680182475475,0.328529844845214
"1917","enu","9","regulation of stem cell differentiation",-0.335395324644436,0.213730533177261,18.2833333333333,3.04722222222222,1.35771117312543,0.445556993915364,21.85,3.64166666666667,0.372305048321354,0.714181318654905,NA,"GO:2000736",47,"FALSE",-0.343676901212382,0.00828157656794659,0.328529844845214
"1918","enu","9","regulation of steroid hormone biosynthetic process",-0.0178654860269761,0.333167469352713,3.35,0.558333333333333,0.323822653795424,0.579980872469416,3.16666666666667,0.527777777777778,0.999964404091499,0.999999999288937,NA,"GO:0090030",526,"FALSE",-0.0879481793908277,0.0700826933638516,0.328529844845214
"1919","enu","9","regulation of supramolecular fiber organization",-0.385242417859685,0.125459423732398,76.4166666666667,12.7361111111111,5.76204455097385,0.452417892770029,98.6833333333333,16.4472222222222,0.000369026890197346,0.00245402881981235,"**","GO:1902903",38,"TRUE",-0.0641858292431435,-0.321056588616542,0.328529844845214
"1920","enu","9","regulation of translational fidelity",-0.00937760411658622,0.5188550763408,3.65,0.608333333333333,0.38783587594067,0.637538426203841,3.53333333333333,0.588888888888889,0.999122595386619,0.999999999288937,NA,"GO:0006450",632,"FALSE",-0.18383749993212,0.174459895815534,0.328529844845214
"1921","enu","9","regulation of type I interferon-mediated signaling pathway",-0.565622395883414,0.19371744067656,6.76666666666667,1.12777777777778,0.501294620254692,0.444497692836673,11.5,1.91666666666667,0.833241293140062,0.999999999288937,NA,"GO:0060338",22,"FALSE",-0.1346673175668,-0.430955078316614,0.328529844845214
"1922","enu","9","regulation of ubiquitin-protein transferase activity",-0.393328440329485,0.355583834328021,13.7333333333333,2.28888888888889,1.57785602309895,0.68935457319857,16.9333333333333,2.82222222222222,0.894498141530555,0.999999999288937,NA,"GO:0051438",38,"FALSE",-0.154918454331338,-0.238409985998147,0.328529844845214
"1923","enu","9","regulation of vacuole organization",-0.347914151214444,0.304059324315124,12.6,2.1,1.0760008261046,0.512381345764094,15.0166666666667,2.50277777777778,0.905356340400833,0.999999999288937,NA,"GO:0044088",43,"FALSE",-0.234107088118192,-0.113807063096252,0.328529844845214
"1924","enu","9","release of cytochrome c from mitochondria",-0.43716385148123,0.279918290620155,11,1.83333333333333,0.977525219907679,0.533195574495097,14.9,2.48333333333333,0.757477763954015,0.999999999288937,NA,"GO:0001836",33,"FALSE",-0.421972545325209,-0.0151913061560212,0.328529844845214
"1925","enu","9","renal system development",-0.430904684134698,0.172659205965681,56.5833333333333,9.43055555555556,4.04159507382181,0.428563836988469,75.3666666666667,12.5611111111111,0.0114062066448467,0.0421395967712391,"*","GO:0072001",33,"TRUE",-0.0882409224743461,-0.342663761660352,0.328529844845214
"1926","enu","9","respiratory system development",-0.402843390869604,0.318269720736326,41.9666666666667,6.99444444444444,3.50842900371008,0.501602240403347,52.9333333333333,8.82222222222222,0.0257903718505233,0.0804246915597292,NA,"GO:0060541",34,"TRUE",-0.17765977809464,-0.225183612774964,0.328529844845214
"1927","enu","9","respiratory tube development",-0.267698482539032,0.206388046154014,40.1166666666667,6.68611111111111,3.20902229254863,0.479953479566891,46.75,7.79166666666667,0.531225598715197,0.946245597711445,NA,"GO:0030323",63,"FALSE",-0.344328946586235,0.0766304640472032,0.328529844845214
"1928","enu","9","response to acid chemical",-0.397689818950239,0.270351284071753,26.3333333333333,4.38888888888889,2.15681521040905,0.491426250472949,32.2333333333333,5.37222222222222,0.616401497144745,0.999999999288937,NA,"GO:0001101",38,"FALSE",-0.0571362039732929,-0.340553614976946,0.328529844845214
"1929","enu","9","response to amino acid",-0.420143132515531,0.186436292078651,23.4166666666667,3.90277777777778,2.04152493839142,0.523095357879651,30.1833333333333,5.03055555555556,0.216367257320937,0.466651544167859,NA,"GO:0043200",33,"FALSE",-0.222577680632287,-0.197565451883244,0.328529844845214
"1930","enu","9","response to amino acid starvation",-0.360772992696505,0.431554755838224,12.25,2.04166666666667,1.0590220855949,0.518704694985259,15.5666666666667,2.59444444444444,0.770703342632056,0.999999999288937,NA,"GO:1990928",42,"FALSE",-0.0530884178761207,-0.307684574820385,0.328529844845214
"1931","enu","9","response to arsenic-containing substance",-0.496466928060021,0.303077938391686,5.73333333333333,0.955555555555555,0.62598071204459,0.655096094000152,9.25,1.54166666666667,0.927840619176121,0.999999999288937,NA,"GO:0046685",27,"FALSE",-0.164853614924601,-0.33161331313542,0.328529844845214
"1932","enu","9","response to endoplasmic reticulum stress",-0.349104705319006,0.122061996409893,58.1166666666667,9.68611111111111,3.85991388313071,0.398499856015789,74.5333333333333,12.4222222222222,0.0527606179238365,0.152474294730258,NA,"GO:0034976",43,"TRUE",-0.0145533265954271,-0.334551378723579,0.328529844845214
"1933","enu","9","response to fluid shear stress",-0.281858619044814,0.189875292202293,9.45,1.575,0.646679553136207,0.410590192467433,10.7833333333333,1.79722222222222,0.990530827280516,0.999999999288937,NA,"GO:0034405",57,"FALSE",-0.441225624138714,0.1593670050939,0.328529844845214
"1934","enu","9","response to insulin",-0.342305043147906,0.0900947039396709,51.2333333333333,8.53888888888889,3.46380758168853,0.40565085537016,64.55,10.7583333333333,0.0718924192868328,0.188713079618084,NA,"GO:0032868",43,"TRUE",-0.217832842650728,-0.124472200497178,0.328529844845214
"1935","enu","9","response to ionizing radiation",-0.363752569953808,0.239996019548334,34.7666666666667,5.79444444444444,2.22265273607579,0.383583406034172,45.1333333333333,7.52222222222222,0.0591571474188418,0.166223252254351,NA,"GO:0010212",42,"FALSE",-0.152488328054736,-0.211264241899072,0.328529844845214
"1936","enu","9","response to oxidative stress",-0.343287313934059,0.163217741943089,87.8833333333333,14.6472222222222,6.23841518929881,0.425911145106689,113.233333333333,18.8722222222222,0.00144024280910363,0.00787201206619656,"**","GO:0006979",43,"TRUE",-0.0793868408700764,-0.263900473063982,0.328529844845214
"1937","enu","9","response to oxygen levels",-0.382008666375903,0.112707110250949,66.1333333333333,11.0222222222222,5.7912449886461,0.525415371953779,83.6666666666667,13.9444444444444,0.0723636621091902,0.188713079618084,NA,"GO:0070482",38,"TRUE",-0.189284449747772,-0.192724216628131,0.328529844845214
"1938","enu","9","response to reactive oxygen species",-0.522103894181926,0.313325906892722,38.2833333333333,6.38055555555556,3.06105313516383,0.479747117396159,54.5,9.08333333333333,0.0258004023048755,0.0804246915597292,NA,"GO:0000302",26,"TRUE",-0.139080120352053,-0.383023773829873,0.328529844845214
"1939","enu","9","response to sterol depletion",-0.222848784692174,0.337800274523962,3.33333333333333,0.555555555555556,0.291865011923638,0.525357021462548,4.56666666666667,0.761111111111111,0.999978695739462,0.999999999288937,NA,"GO:0006991",81,"FALSE",-0.314003307265946,0.0911545225737718,0.328529844845214
"1940","enu","9","response to topologically incorrect protein",-0.458567271714291,0.316298839555639,35.65,5.94166666666667,2.92790691260649,0.49277535696042,47.3166666666667,7.88611111111111,0.0119657739622178,0.0438013193662836,"*","GO:0035966",31,"TRUE",-0.144686804210206,-0.313880467504085,0.328529844845214
"1941","enu","9","response to transforming growth factor beta",-0.395511070624794,0.354314551838223,55.2,9.2,4.34511219648009,0.472294803965227,70.0833333333333,11.6805555555556,0.000623645350431365,0.00377021961851689,"**","GO:0071559",38,"TRUE",-0.0119536483454439,-0.38355742227935,0.328529844845214
"1942","enu","9","response to UV",-0.393822486354835,0.230614392083038,36.7333333333333,6.12222222222222,2.1961245326627,0.35871362602476,46.6666666666667,7.77777777777778,0.103483504601774,0.25968502098181,NA,"GO:0009411",38,"FALSE",-0.132148687138173,-0.261673799216662,0.328529844845214
"1943","enu","9","response to virus",-0.386564017375506,0.327485804899322,76.1333333333333,12.6888888888889,4.68859925382443,0.369504319478282,101.183333333333,16.8638888888889,1.25126389588619e-07,4.45758047943287e-06,"****","GO:0009615",38,"TRUE",-0.165158817867722,-0.221405199507783,0.328529844845214
"1944","enu","9","rhythmic process",-0.394250126702582,0.345859257208013,54.35,9.05833333333333,3.08749718848275,0.340846055766265,72.1333333333333,12.0222222222222,1.97946922727099e-07,5.64148729772231e-06,"****","GO:0048511",38,"TRUE",-0.219872157588983,-0.1743779691136,0.328529844845214
"1945","enu","9","ribonucleoprotein complex assembly",-0.531733972989591,0.224667520068942,44.7333333333333,7.45555555555556,3.83589286530191,0.514501278505472,61.2666666666667,10.2111111111111,0.00195061596079175,0.00960858973278897,"**","GO:0022618",25,"TRUE",-0.187484318614085,-0.344249654375506,0.328529844845214
"1946","enu","9","ribonucleoprotein complex subunit organization",-0.466183012597958,0.150401302997595,51.55,8.59166666666667,3.5977423476397,0.418747896912477,68.3,11.3833333333333,0.000771314573150287,0.00452580168657301,"**","GO:0071826",28,"TRUE",-0.122982877965783,-0.343200134632175,0.328529844845214
"1947","enu","9","ribonucleotide metabolic process",-0.493244028663616,0.147551905519578,83.3,13.8833333333333,6.05617224178955,0.436218888964433,117.05,19.5083333333333,6.70571732363826e-09,5.35116242426333e-07,"****","GO:0009259",27,"TRUE",-0.104449582161357,-0.388794446502259,0.328529844845214
"1948","enu","9","ribose phosphate metabolic process",-0.402480055443367,0.142523734894757,92.6,15.4333333333333,6.73630297550354,0.43647751461146,122.366666666667,20.3944444444444,3.85870689773582e-05,0.000394775397999126,"***","GO:0019693",34,"TRUE",-0.160991266977599,-0.241488788465768,0.328529844845214
"1949","enu","9","ribosomal subunit export from nucleus",-0.172639930535523,0.494574797897945,3.31666666666667,0.552777777777778,0.247300237378389,0.447377313850351,4.28333333333333,0.713888888888889,0.989951402995203,0.999999999288937,NA,"GO:0000054",105,"FALSE",-0.388879191078022,0.216239260542499,0.328529844845214
"1950","enu","9","ribosome assembly",-0.339691424008358,0.380269562808046,13.3666666666667,2.22777777777778,0.939365428045661,0.42166029189082,16.6333333333333,2.77222222222222,0.681524422769347,0.999999999288937,NA,"GO:0042255",47,"FALSE",-0.302487897068975,-0.0372035269393829,0.328529844845214
"1951","enu","9","ribosome biogenesis",-0.392153881976219,0.155915942588838,76.4833333333333,12.7472222222222,5.68341071957741,0.445854839626905,96.2666666666667,16.0444444444444,0.000330585832921148,0.00229224036317293,"**","GO:0042254",38,"TRUE",-0.067579281650643,-0.324574600325576,0.328529844845214
"1952","enu","9","ribosome localization",0.0927736111912397,0.254728066734509,3.5,0.583333333333333,0.502770104299945,0.861891607371335,2.66666666666667,0.444444444444444,0.999781447609118,0.999999999288937,NA,"GO:0033750",193,"FALSE",-0.119123291492162,0.211896902683402,0.328529844845214
"1953","enu","9","RNA localization",-0.324211973895608,0.21574936678981,46.3833333333333,7.73055555555556,3.09193245338515,0.399962516427831,56.15,9.35833333333333,0.0205263526930227,0.0665854855651711,NA,"GO:0006403",48,"FALSE",-0.105000364206686,-0.219211609688922,0.328529844845214
"1954","enu","9","RNA transport",-0.446546969580041,0.258045162049382,33.7166666666667,5.61944444444444,1.86608373834577,0.332076196640868,46.5333333333333,7.75555555555556,0.00285037542480938,0.0133331425938216,"*","GO:0050658",32,"TRUE",-0.341694437408482,-0.10485253217156,0.328529844845214
"1955","enu","9","roof of mouth development",-0.500638783584949,0.145194686028999,17.05,2.84166666666667,1.81762207292935,0.639632401030858,22.7333333333333,3.78888888888889,0.543744249858822,0.955744298209999,NA,"GO:0060021",26,"FALSE",-0.301954458054981,-0.198684325529968,0.328529844845214
"1956","enu","9","rRNA metabolic process",-0.409450499690614,0.249624646605288,64.4833333333333,10.7472222222222,5.31737630234505,0.49476750293208,80.8333333333333,13.4722222222222,0.00287381018312947,0.0133331425938216,"*","GO:0016072",34,"TRUE",-0.204250702111965,-0.20519979757865,0.328529844845214
"1957","enu","9","Schwann cell differentiation",-0.638133594726687,0.469486717777232,5.33333333333333,0.888888888888889,0.55444333110554,0.623748747493733,10.1666666666667,1.69444444444444,0.417066406890796,0.784950454478432,NA,"GO:0014037",20,"FALSE",-0.253559190714687,-0.384574404012001,0.328529844845214
"1958","enu","9","semaphorin-plexin signaling pathway involved in neuron projection guidance",-0.00953215269364277,0.198810001771446,3.85,0.641666666666667,0.396337398353137,0.617668672758136,3.45,0.575,0.999996601598005,0.999999999288937,NA,"GO:1902285",632,"FALSE",-0.306251187845313,0.296719035151671,0.328529844845214
"1959","enu","9","seminiferous tubule development",-0.225835416626602,0.388505212301478,2.11666666666667,0.352777777777778,0.245043457974899,0.694611376936723,3.33333333333333,0.555555555555556,0.99996624109667,0.999999999288937,NA,"GO:0072520",81,"FALSE",-0.0360838187325479,-0.189751597894055,0.328529844845214
"1960","enu","9","signal peptide processing",-0.0234753471621259,0.401334369939447,2.4,0.4,0.226077666104176,0.565194165260439,2.33333333333333,0.388888888888889,0.999999043146753,0.999999999288937,NA,"GO:0006465",451,"FALSE",0.148127294057515,-0.171602641219641,0.328529844845214
"1961","enu","9","signal transduction in response to DNA damage",-0.5557008743097,0.208020936038987,38.8666666666667,6.47777777777778,3.58153701745597,0.552895937514644,55.3333333333333,9.22222222222222,0.0198322181047712,0.0653971489570553,NA,"GO:0042770",25,"TRUE",-0.146085368143945,-0.409615506165756,0.328529844845214
"1962","enu","9","sister chromatid segregation",-0.362310108462907,0.153253569753019,63.5,10.5833333333333,5.23529687155689,0.494673720147107,79.1666666666667,13.1944444444444,0.0507870517223037,0.147912654286125,NA,"GO:0000819",42,"TRUE",-0.107730199665475,-0.254579908797432,0.328529844845214
"1963","enu","9","small molecule catabolic process",-0.414033932353108,0.0735153797185065,70.4166666666667,11.7361111111111,5.68341071957741,0.484266948887069,90.8333333333333,15.1388888888889,0.00249652988926112,0.0118826744627258,"*","GO:0044282",34,"TRUE",-0.241064608425273,-0.172969323927835,0.328529844845214
"1964","enu","9","smoothened signaling pathway involved in dorsal/ventral neural tube patterning",0.10019140543357,0.566830667503117,3.45,0.575,0.374722119265285,0.651690642200496,2.5,0.416666666666667,0.993947739236999,0.999999999288937,NA,"GO:0060831",180,"FALSE",-0.172693736720716,0.272885142154286,0.328529844845214
"1965","enu","9","sphingomyelin biosynthetic process",0.0649958334134618,0.216866138953928,2.5,0.416666666666667,0.376386326354541,0.903327183250897,1.83333333333333,0.305555555555556,0.999999999288937,0.999999999288937,NA,"GO:0006686",265,"FALSE",-0.296100982261333,0.361096815674795,0.328529844845214
"1966","enu","9","spindle localization",-0.364139252093355,0.298105127542859,13.6166666666667,2.26944444444444,1.36952614135395,0.603463171220837,15.8,2.63333333333333,0.577844236608813,0.999999999288937,NA,"GO:0051653",42,"FALSE",-0.165021493629821,-0.199117758463534,0.328529844845214
"1967","enu","9","stem cell differentiation",-0.365443174674078,0.234350047377102,46.8,7.8,2.81187956119509,0.360497379640396,60.0333333333333,10.0055555555556,0.0049167774856179,0.0206504654395952,"*","GO:0048863",42,"TRUE",-0.158521480915886,-0.206921693758193,0.328529844845214
"1968","enu","9","stem cell population maintenance",-0.454108085652082,0.360350521934338,35.5833333333333,5.93055555555556,2.51904780658324,0.424757475583123,48.0333333333333,8.00555555555556,0.000118290178600695,0.000983287109618279,"***","GO:0019827",31,"TRUE",-0.295914049737818,-0.158194035914263,0.328529844845214
"1969","enu","9","sterol biosynthetic process",-0.182381038810957,0.233961719794594,13.4,2.23333333333333,0.840634680861233,0.376403588445328,14.6333333333333,2.43888888888889,0.975431952996437,0.999999999288937,NA,"GO:0016126",99,"FALSE",-0.233406827602563,0.0510257887916056,0.328529844845214
"1970","enu","9","stress granule assembly",-0.00476340453684024,0.339134752653957,7.7,1.28333333333333,0.628490254498827,0.489732665843242,6.76666666666667,1.12777777777778,0.996545488293642,0.999999999288937,NA,"GO:0034063",632,"FALSE",-0.212567554195163,0.207804149658323,0.328529844845214
"1971","enu","9","substantia nigra development",-0.313485957488688,0.607390461480162,9.78333333333333,1.63055555555556,0.941064212395654,0.577143298913859,11.2333333333333,1.87222222222222,0.79227373523063,0.999999999288937,NA,"GO:0021762",49,"FALSE",-0.178263709043347,-0.135222248445341,0.328529844845214
"1972","enu","9","substrate adhesion-dependent cell spreading",-0.50965037264105,0.223131618450396,17.7833333333333,2.96388888888889,1.59514599355067,0.53819358732731,25.4166666666667,4.23611111111111,0.641083696971081,0.999999999288937,NA,"GO:0034446",26,"FALSE",-0.20789924555385,-0.301751127087201,0.328529844845214
"1973","enu","9","sulfur compound metabolic process",-0.374635384351536,0.167182850509242,58.0666666666667,9.67777777777778,4.23355205034295,0.437450843319019,75.15,12.525,0.00892705179269849,0.0332887258438009,"*","GO:0006790",39,"TRUE",-0.238149168246674,-0.136486216104861,0.328529844845214
"1974","enu","9","suppression of viral release by host",-0.0790309027176814,0.37721214026724,3.06666666666667,0.511111111111111,0.291865011923638,0.571040240720161,3.33333333333333,0.555555555555556,0.999982485542715,0.999999999288937,NA,"GO:0044790",241,"FALSE",-0.236529239026469,0.157498336308787,0.328529844845214
"1975","enu","9","synaptic vesicle lumen acidification",0.203956476605026,0.671049525178734,4.73333333333333,0.788888888888889,0.472189541352795,0.598550122841571,3.08333333333333,0.513888888888889,0.903500164114156,0.999999999288937,NA,"GO:0097401",85,"FALSE",-0.0329346009816308,0.236891077586657,0.328529844845214
"1976","enu","9","telomerase RNA localization to Cajal body",0.102631597362447,0.38692779272549,5.3,0.883333333333333,0.22973414586817,0.260076391548872,4.03333333333333,0.672222222222222,0.999266166114464,0.999999999288937,NA,"GO:0090671",180,"FALSE",-0.083577580129269,0.186209177491716,0.328529844845214
"1977","enu","9","telomere maintenance",-0.244023718190902,0.215246964796856,41.0666666666667,6.84444444444444,2.43143000142958,0.355241396312763,48.8666666666667,8.14444444444444,0.599292064484816,0.999999999288937,NA,"GO:0000723",71,"FALSE",-0.301855611891187,0.0578318937002854,0.328529844845214
"1978","enu","9","telomere organization",-0.301738272122158,0.250772454560329,41.6666666666667,6.94444444444444,2.21275762258235,0.318637097651858,51.6166666666667,8.60277777777778,0.0653940266035296,0.178713812430194,NA,"GO:0032200",54,"FALSE",-0.17843054567192,-0.123307726450238,0.328529844845214
"1979","enu","9","toxin transport",-0.26716716925435,0.389163492518996,8.5,1.41666666666667,0.345607355888795,0.243958133568561,10.8,1.8,0.980579357294708,0.999999999288937,NA,"GO:1901998",63,"FALSE",-0.174994313151663,-0.0921728561026866,0.328529844845214
"1980","enu","9","trabecula morphogenesis",-0.103776111143163,0.28920680585194,11.6166666666667,1.93611111111111,0.773909029011282,0.399723458312857,11.3666666666667,1.89444444444444,0.998711846727451,0.999999999288937,NA,"GO:0061383",180,"FALSE",0.00448818750722741,-0.10826429865039,0.328529844845214
"1981","enu","9","tube closure",-0.612598173721875,0.227386690325991,16.2666666666667,2.71111111111111,1.22595389919971,0.452196110360547,25.1833333333333,4.19722222222222,0.0599738956152837,0.167221567118849,NA,"GO:0060606",21,"FALSE",-0.247342462265743,-0.365255711456132,0.328529844845214
"1982","enu","9","U2-type prespliceosome assembly",-0.353884722302351,0.236725111610303,5.28333333333333,0.880555555555556,0.543692791796849,0.617442918128914,7.35,1.225,0.999944237611145,0.999999999288937,NA,"GO:1903241",42,"FALSE",-0.461335346021053,0.107450623718702,0.328529844845214
"1983","enu","9","ubiquinone biosynthetic process",0.0814361972003971,0.414138373473007,4.68333333333333,0.780555555555556,0.63512174394334,0.813679102560863,3.33333333333333,0.555555555555556,0.998287365818281,0.999999999288937,NA,"GO:0006744",220,"FALSE",-0.0686460258000461,0.150082223000443,0.328529844845214
"1984","enu","9","ubiquinone metabolic process",-0.0869465277377134,0.339692196002628,4.68333333333333,0.780555555555556,0.608314307160613,0.779335055437084,4.56666666666667,0.761111111111111,0.994575153608197,0.999999999288937,NA,"GO:0006743",220,"FALSE",0.0775653940946232,-0.164511921832337,0.328529844845214
"1985","enu","9","UV-damage excision repair",-0.00444861103098255,0.233546469264033,2.58333333333333,0.430555555555556,0.495582336097496,1.15102994190386,2.33333333333333,0.388888888888889,0.999997749071467,0.999999999288937,NA,"GO:0070914",632,"FALSE",0.181940886904213,-0.186389497935195,0.328529844845214
"1986","enu","9","vacuolar acidification",-0.0913639782639273,0.119466942937355,8.81666666666667,1.46944444444444,0.880051555728834,0.598900869683138,8.33333333333333,1.38888888888889,0.999248378290192,0.999999999288937,NA,"GO:0007035",193,"FALSE",-0.412010862043899,0.320646883779972,0.328529844845214
"1987","enu","9","vacuolar transport",-0.5770881646912,0.344965630756243,34.6333333333333,5.77222222222222,3.39773889956683,0.58863619049281,47.3333333333333,7.88888888888889,0.0154935914834646,0.0532395897991943,NA,"GO:0007034",22,"TRUE",-0.0162083350504993,-0.5608798296407,0.328529844845214
"1988","enu","9","vacuole organization",-0.36015993799449,0.143916430408383,49.05,8.175,3.43420296429899,0.420085989516697,61.6666666666667,10.2777777777778,0.0253908046205706,0.0804042146318068,NA,"GO:0007033",42,"TRUE",-0.126378998588446,-0.233780939406045,0.328529844845214
"1989","enu","9","vasculogenesis",-0.374170928302727,0.334065494532095,17.0666666666667,2.84444444444444,1.11488248840986,0.391950874831592,21.6166666666667,3.60277777777778,0.391590357770386,0.747581592107101,NA,"GO:0001570",39,"FALSE",-0.206661749002008,-0.167509179300718,0.328529844845214
"1990","enu","9","vesicle localization",-0.379316886439815,0.247057291052306,44.5833333333333,7.43055555555556,2.58113705922768,0.347367978064286,58.9833333333333,9.83055555555556,0.00371955586065111,0.0162672346754021,"*","GO:0051648",39,"TRUE",-0.254871659833689,-0.124445226606126,0.328529844845214
"1991","enu","9","vesicle organization",-0.486649237379283,0.211094672115243,74.2833333333333,12.3805555555556,5.4706328769233,0.441872971885211,101.083333333333,16.8472222222222,1.34062570810011e-07,4.45758047943287e-06,"****","GO:0016050",27,"TRUE",-0.129507995306212,-0.357141242073071,0.328529844845214
"1992","enu","9","viral process",-0.431561474593002,0.26078905103363,86.5,14.4166666666667,7.16065639449345,0.496692929097812,111.4,18.5666666666667,9.21944165089645e-05,0.000816413930896603,"***","GO:0016032",33,"TRUE",-0.230730796145325,-0.200830678447677,0.328529844845214
"1993","enu","9","viral release from host cell",-0.0973023446866231,0.553330643341342,7.68333333333333,1.28055555555556,0.683163935642802,0.533490275122362,7.41666666666667,1.23611111111111,0.994166987881727,0.999999999288937,NA,"GO:0019076",193,"FALSE",0.143744769785307,-0.24104711447193,0.328529844845214
"1994","enu","9","water-soluble vitamin metabolic process",-0.385273916953468,0.425932676905919,11.3,1.88333333333333,0.779957263786506,0.414136600240623,14.7666666666667,2.46111111111111,0.230190129945462,0.487786066423192,NA,"GO:0006767",38,"FALSE",-0.156526782566587,-0.228747134386882,0.328529844845214
"1995","enu","9","Wnt signaling pathway",-0.449976549162038,0.178733909800202,91.05,15.175,8.81976158659884,0.581203399446381,118.033333333333,19.6722222222222,1.69535770670267e-05,0.000225482574991456,"***","GO:0016055",32,"TRUE",-0.147541535999952,-0.302435013162086,0.328529844845214
