"","condition","cycle","mean","sd"
"1","control",1,2.5,0.866025403784439
"2","control",9,3.91666666666667,0.917423929634859
"3","enu",3,3.76984126984127,1.86054836315539
"4","enu",6,3.22492753623188,1.19526012017612
"5","enu",9,2.78633107088989,0.844481165238144
